record_id,aow_id,aow_name,sheet_row,source_kind,source_param_ids,effect_id,effect_name,parent_effect_id,link_kind,role,activation_action_id,activation_timing,hand_variant,is_canonical,is_supported,reason,duration_seconds,physical_attack_power,magic_attack_power,fire_attack_power,lightning_attack_power,holy_attack_power,bleed_buildup,frost_buildup,poison_buildup,scarlet_rot_buildup,sleep_buildup,madness_buildup,death_buildup,uses_status_correction,uses_attack_correction
1,100,Lion's Claw,63,attack_param,300300820,6903,AccumuVal [8],0,direct,self_mechanic,,on_hit,,,1,effect targets the attacker/self and is not target buildup,0.0,0.0,0.0,0.0,0.0,0.0,0.0,0.0,0.0,0.0,0.0,0.0,0.0,0,0
2,100,Lion's Claw,64,attack_param,300300821,6903,AccumuVal [8],0,direct,self_mechanic,,on_hit,,,1,effect targets the attacker/self and is not target buildup,0.0,0.0,0.0,0.0,0.0,0.0,0.0,0.0,0.0,0.0,0.0,0.0,0.0,0,0
3,101,Impaling Thrust,946,attack_param,300000010,6903,AccumuVal [8],0,direct,self_mechanic,,on_hit,,,1,effect targets the attacker/self and is not target buildup,0.0,0.0,0.0,0.0,0.0,0.0,0.0,0.0,0.0,0.0,0.0,0.0,0.0,0,0
4,101,Impaling Thrust,947,attack_param,300000011,6903,AccumuVal [8],0,direct,self_mechanic,,on_hit,,,1,effect targets the attacker/self and is not target buildup,0.0,0.0,0.0,0.0,0.0,0.0,0.0,0.0,0.0,0.0,0.0,0.0,0.0,0,0
5,101,Impaling Thrust,1142,attack_param,600000830,6904,AccumuVal [10],0,direct,self_mechanic,,on_hit,,,1,effect targets the attacker/self and is not target buildup,0.0,0.0,0.0,0.0,0.0,0.0,0.0,0.0,0.0,0.0,0.0,0.0,0.0,0,0
6,101,Impaling Thrust,1143,attack_param,600000831,6904,AccumuVal [10],0,direct,self_mechanic,,on_hit,,,1,effect targets the attacker/self and is not target buildup,0.0,0.0,0.0,0.0,0.0,0.0,0.0,0.0,0.0,0.0,0.0,0.0,0.0,0,0
7,101,Impaling Thrust,1144,attack_param,600000832,6904,AccumuVal [10],0,direct,self_mechanic,,on_hit,,,1,effect targets the attacker/self and is not target buildup,0.0,0.0,0.0,0.0,0.0,0.0,0.0,0.0,0.0,0.0,0.0,0.0,0.0,0,0
8,101,Impaling Thrust,1145,attack_param,600000836,6904,AccumuVal [10],0,direct,self_mechanic,,on_hit,,,1,effect targets the attacker/self and is not target buildup,0.0,0.0,0.0,0.0,0.0,0.0,0.0,0.0,0.0,0.0,0.0,0.0,0.0,0,0
9,101,Impaling Thrust,1146,attack_param,600000833,6904,AccumuVal [10],0,direct,self_mechanic,,on_hit,,,1,effect targets the attacker/self and is not target buildup,0.0,0.0,0.0,0.0,0.0,0.0,0.0,0.0,0.0,0.0,0.0,0.0,0.0,0,0
10,101,Impaling Thrust,1147,attack_param,600000834,6904,AccumuVal [10],0,direct,self_mechanic,,on_hit,,,1,effect targets the attacker/self and is not target buildup,0.0,0.0,0.0,0.0,0.0,0.0,0.0,0.0,0.0,0.0,0.0,0.0,0.0,0,0
11,101,Impaling Thrust,1148,attack_param,600000835,6904,AccumuVal [10],0,direct,self_mechanic,,on_hit,,,1,effect targets the attacker/self and is not target buildup,0.0,0.0,0.0,0.0,0.0,0.0,0.0,0.0,0.0,0.0,0.0,0.0,0.0,0,0
12,101,Impaling Thrust,1149,attack_param,600000837,6904,AccumuVal [10],0,direct,self_mechanic,,on_hit,,,1,effect targets the attacker/self and is not target buildup,0.0,0.0,0.0,0.0,0.0,0.0,0.0,0.0,0.0,0.0,0.0,0.0,0.0,0,0
13,101,Impaling Thrust,1844,attack_param,300000010,6903,AccumuVal [8],0,direct,self_mechanic,,on_hit,,,1,effect targets the attacker/self and is not target buildup,0.0,0.0,0.0,0.0,0.0,0.0,0.0,0.0,0.0,0.0,0.0,0.0,0.0,0,0
14,101,Impaling Thrust,1845,attack_param,300000011,6903,AccumuVal [8],0,direct,self_mechanic,,on_hit,,,1,effect targets the attacker/self and is not target buildup,0.0,0.0,0.0,0.0,0.0,0.0,0.0,0.0,0.0,0.0,0.0,0.0,0.0,0,0
15,102,Piercing Fang,958,attack_param,300000050,6903,AccumuVal [8],0,direct,self_mechanic,,on_hit,,,1,effect targets the attacker/self and is not target buildup,0.0,0.0,0.0,0.0,0.0,0.0,0.0,0.0,0.0,0.0,0.0,0.0,0.0,0,0
16,102,Piercing Fang,959,attack_param,300000051,6903,AccumuVal [8],0,direct,self_mechanic,,on_hit,,,1,effect targets the attacker/self and is not target buildup,0.0,0.0,0.0,0.0,0.0,0.0,0.0,0.0,0.0,0.0,0.0,0.0,0.0,0,0
17,103,Spinning Slash,880,attack_param,300000220,6903,AccumuVal [8],0,direct,self_mechanic,,on_hit,,,1,effect targets the attacker/self and is not target buildup,0.0,0.0,0.0,0.0,0.0,0.0,0.0,0.0,0.0,0.0,0.0,0.0,0.0,0,0
18,103,Spinning Slash,881,attack_param,300000221,6903,AccumuVal [8],0,direct,self_mechanic,,on_hit,,,1,effect targets the attacker/self and is not target buildup,0.0,0.0,0.0,0.0,0.0,0.0,0.0,0.0,0.0,0.0,0.0,0.0,0.0,0,0
19,103,Spinning Slash,882,attack_param,300000222,6903,AccumuVal [8],0,direct,self_mechanic,,on_hit,,,1,effect targets the attacker/self and is not target buildup,0.0,0.0,0.0,0.0,0.0,0.0,0.0,0.0,0.0,0.0,0.0,0.0,0.0,0,0
20,103,Spinning Slash,883,attack_param,300000225,6903,AccumuVal [8],0,direct,self_mechanic,,on_hit,,,1,effect targets the attacker/self and is not target buildup,0.0,0.0,0.0,0.0,0.0,0.0,0.0,0.0,0.0,0.0,0.0,0.0,0.0,0,0
21,103,Spinning Slash,884,attack_param,300000226,6903,AccumuVal [8],0,direct,self_mechanic,,on_hit,,,1,effect targets the attacker/self and is not target buildup,0.0,0.0,0.0,0.0,0.0,0.0,0.0,0.0,0.0,0.0,0.0,0.0,0.0,0,0
22,103,Spinning Slash,885,attack_param,300000227,6903,AccumuVal [8],0,direct,self_mechanic,,on_hit,,,1,effect targets the attacker/self and is not target buildup,0.0,0.0,0.0,0.0,0.0,0.0,0.0,0.0,0.0,0.0,0.0,0.0,0.0,0,0
23,103,Spinning Slash,886,attack_param,300000220,6903,AccumuVal [8],0,direct,self_mechanic,,on_hit,,,1,effect targets the attacker/self and is not target buildup,0.0,0.0,0.0,0.0,0.0,0.0,0.0,0.0,0.0,0.0,0.0,0.0,0.0,0,0
24,103,Spinning Slash,887,attack_param,300000221,6903,AccumuVal [8],0,direct,self_mechanic,,on_hit,,,1,effect targets the attacker/self and is not target buildup,0.0,0.0,0.0,0.0,0.0,0.0,0.0,0.0,0.0,0.0,0.0,0.0,0.0,0,0
25,103,Spinning Slash,888,attack_param,300000222,6903,AccumuVal [8],0,direct,self_mechanic,,on_hit,,,1,effect targets the attacker/self and is not target buildup,0.0,0.0,0.0,0.0,0.0,0.0,0.0,0.0,0.0,0.0,0.0,0.0,0.0,0,0
26,103,Spinning Slash,889,attack_param,300000225,6903,AccumuVal [8],0,direct,self_mechanic,,on_hit,,,1,effect targets the attacker/self and is not target buildup,0.0,0.0,0.0,0.0,0.0,0.0,0.0,0.0,0.0,0.0,0.0,0.0,0.0,0,0
27,103,Spinning Slash,890,attack_param,300000226,6903,AccumuVal [8],0,direct,self_mechanic,,on_hit,,,1,effect targets the attacker/self and is not target buildup,0.0,0.0,0.0,0.0,0.0,0.0,0.0,0.0,0.0,0.0,0.0,0.0,0.0,0,0
28,103,Spinning Slash,891,attack_param,300000227,6903,AccumuVal [8],0,direct,self_mechanic,,on_hit,,,1,effect targets the attacker/self and is not target buildup,0.0,0.0,0.0,0.0,0.0,0.0,0.0,0.0,0.0,0.0,0.0,0.0,0.0,0,0
29,103,Spinning Slash,892,attack_param,300000220,6903,AccumuVal [8],0,direct,self_mechanic,,on_hit,,,1,effect targets the attacker/self and is not target buildup,0.0,0.0,0.0,0.0,0.0,0.0,0.0,0.0,0.0,0.0,0.0,0.0,0.0,0,0
30,103,Spinning Slash,893,attack_param,300000221,6903,AccumuVal [8],0,direct,self_mechanic,,on_hit,,,1,effect targets the attacker/self and is not target buildup,0.0,0.0,0.0,0.0,0.0,0.0,0.0,0.0,0.0,0.0,0.0,0.0,0.0,0,0
31,103,Spinning Slash,894,attack_param,300000222,6903,AccumuVal [8],0,direct,self_mechanic,,on_hit,,,1,effect targets the attacker/self and is not target buildup,0.0,0.0,0.0,0.0,0.0,0.0,0.0,0.0,0.0,0.0,0.0,0.0,0.0,0,0
32,103,Spinning Slash,895,attack_param,300000225,6903,AccumuVal [8],0,direct,self_mechanic,,on_hit,,,1,effect targets the attacker/self and is not target buildup,0.0,0.0,0.0,0.0,0.0,0.0,0.0,0.0,0.0,0.0,0.0,0.0,0.0,0,0
33,103,Spinning Slash,896,attack_param,300000226,6903,AccumuVal [8],0,direct,self_mechanic,,on_hit,,,1,effect targets the attacker/self and is not target buildup,0.0,0.0,0.0,0.0,0.0,0.0,0.0,0.0,0.0,0.0,0.0,0.0,0.0,0,0
34,103,Spinning Slash,897,attack_param,300000227,6903,AccumuVal [8],0,direct,self_mechanic,,on_hit,,,1,effect targets the attacker/self and is not target buildup,0.0,0.0,0.0,0.0,0.0,0.0,0.0,0.0,0.0,0.0,0.0,0.0,0.0,0,0
35,103,Spinning Slash,898,attack_param,300000220,6903,AccumuVal [8],0,direct,self_mechanic,,on_hit,,,1,effect targets the attacker/self and is not target buildup,0.0,0.0,0.0,0.0,0.0,0.0,0.0,0.0,0.0,0.0,0.0,0.0,0.0,0,0
36,103,Spinning Slash,899,attack_param,300000221,6903,AccumuVal [8],0,direct,self_mechanic,,on_hit,,,1,effect targets the attacker/self and is not target buildup,0.0,0.0,0.0,0.0,0.0,0.0,0.0,0.0,0.0,0.0,0.0,0.0,0.0,0,0
37,103,Spinning Slash,900,attack_param,300000222,6903,AccumuVal [8],0,direct,self_mechanic,,on_hit,,,1,effect targets the attacker/self and is not target buildup,0.0,0.0,0.0,0.0,0.0,0.0,0.0,0.0,0.0,0.0,0.0,0.0,0.0,0,0
38,103,Spinning Slash,901,attack_param,300000225,6903,AccumuVal [8],0,direct,self_mechanic,,on_hit,,,1,effect targets the attacker/self and is not target buildup,0.0,0.0,0.0,0.0,0.0,0.0,0.0,0.0,0.0,0.0,0.0,0.0,0.0,0,0
39,103,Spinning Slash,902,attack_param,300000226,6903,AccumuVal [8],0,direct,self_mechanic,,on_hit,,,1,effect targets the attacker/self and is not target buildup,0.0,0.0,0.0,0.0,0.0,0.0,0.0,0.0,0.0,0.0,0.0,0.0,0.0,0,0
40,103,Spinning Slash,903,attack_param,300000227,6903,AccumuVal [8],0,direct,self_mechanic,,on_hit,,,1,effect targets the attacker/self and is not target buildup,0.0,0.0,0.0,0.0,0.0,0.0,0.0,0.0,0.0,0.0,0.0,0.0,0.0,0,0
41,103,Spinning Slash,904,attack_param,300000220,6903,AccumuVal [8],0,direct,self_mechanic,,on_hit,,,1,effect targets the attacker/self and is not target buildup,0.0,0.0,0.0,0.0,0.0,0.0,0.0,0.0,0.0,0.0,0.0,0.0,0.0,0,0
42,103,Spinning Slash,905,attack_param,300000221,6903,AccumuVal [8],0,direct,self_mechanic,,on_hit,,,1,effect targets the attacker/self and is not target buildup,0.0,0.0,0.0,0.0,0.0,0.0,0.0,0.0,0.0,0.0,0.0,0.0,0.0,0,0
43,103,Spinning Slash,906,attack_param,300000222,6903,AccumuVal [8],0,direct,self_mechanic,,on_hit,,,1,effect targets the attacker/self and is not target buildup,0.0,0.0,0.0,0.0,0.0,0.0,0.0,0.0,0.0,0.0,0.0,0.0,0.0,0,0
44,103,Spinning Slash,907,attack_param,300000225,6903,AccumuVal [8],0,direct,self_mechanic,,on_hit,,,1,effect targets the attacker/self and is not target buildup,0.0,0.0,0.0,0.0,0.0,0.0,0.0,0.0,0.0,0.0,0.0,0.0,0.0,0,0
45,103,Spinning Slash,908,attack_param,300000226,6903,AccumuVal [8],0,direct,self_mechanic,,on_hit,,,1,effect targets the attacker/self and is not target buildup,0.0,0.0,0.0,0.0,0.0,0.0,0.0,0.0,0.0,0.0,0.0,0.0,0.0,0,0
46,103,Spinning Slash,909,attack_param,300000227,6903,AccumuVal [8],0,direct,self_mechanic,,on_hit,,,1,effect targets the attacker/self and is not target buildup,0.0,0.0,0.0,0.0,0.0,0.0,0.0,0.0,0.0,0.0,0.0,0.0,0.0,0,0
47,103,Spinning Slash,910,attack_param,300000220,6903,AccumuVal [8],0,direct,self_mechanic,,on_hit,,,1,effect targets the attacker/self and is not target buildup,0.0,0.0,0.0,0.0,0.0,0.0,0.0,0.0,0.0,0.0,0.0,0.0,0.0,0,0
48,103,Spinning Slash,911,attack_param,300000221,6903,AccumuVal [8],0,direct,self_mechanic,,on_hit,,,1,effect targets the attacker/self and is not target buildup,0.0,0.0,0.0,0.0,0.0,0.0,0.0,0.0,0.0,0.0,0.0,0.0,0.0,0,0
49,103,Spinning Slash,912,attack_param,300000222,6903,AccumuVal [8],0,direct,self_mechanic,,on_hit,,,1,effect targets the attacker/self and is not target buildup,0.0,0.0,0.0,0.0,0.0,0.0,0.0,0.0,0.0,0.0,0.0,0.0,0.0,0,0
50,103,Spinning Slash,913,attack_param,300000225,6903,AccumuVal [8],0,direct,self_mechanic,,on_hit,,,1,effect targets the attacker/self and is not target buildup,0.0,0.0,0.0,0.0,0.0,0.0,0.0,0.0,0.0,0.0,0.0,0.0,0.0,0,0
51,103,Spinning Slash,914,attack_param,300000226,6903,AccumuVal [8],0,direct,self_mechanic,,on_hit,,,1,effect targets the attacker/self and is not target buildup,0.0,0.0,0.0,0.0,0.0,0.0,0.0,0.0,0.0,0.0,0.0,0.0,0.0,0,0
52,103,Spinning Slash,915,attack_param,300000227,6903,AccumuVal [8],0,direct,self_mechanic,,on_hit,,,1,effect targets the attacker/self and is not target buildup,0.0,0.0,0.0,0.0,0.0,0.0,0.0,0.0,0.0,0.0,0.0,0.0,0.0,0,0
53,103,Spinning Slash,916,attack_param,300000220,6903,AccumuVal [8],0,direct,self_mechanic,,on_hit,,,1,effect targets the attacker/self and is not target buildup,0.0,0.0,0.0,0.0,0.0,0.0,0.0,0.0,0.0,0.0,0.0,0.0,0.0,0,0
54,103,Spinning Slash,917,attack_param,300000221,6903,AccumuVal [8],0,direct,self_mechanic,,on_hit,,,1,effect targets the attacker/self and is not target buildup,0.0,0.0,0.0,0.0,0.0,0.0,0.0,0.0,0.0,0.0,0.0,0.0,0.0,0,0
55,103,Spinning Slash,918,attack_param,300000222,6903,AccumuVal [8],0,direct,self_mechanic,,on_hit,,,1,effect targets the attacker/self and is not target buildup,0.0,0.0,0.0,0.0,0.0,0.0,0.0,0.0,0.0,0.0,0.0,0.0,0.0,0,0
56,103,Spinning Slash,919,attack_param,300000225,6903,AccumuVal [8],0,direct,self_mechanic,,on_hit,,,1,effect targets the attacker/self and is not target buildup,0.0,0.0,0.0,0.0,0.0,0.0,0.0,0.0,0.0,0.0,0.0,0.0,0.0,0,0
57,103,Spinning Slash,920,attack_param,300000226,6903,AccumuVal [8],0,direct,self_mechanic,,on_hit,,,1,effect targets the attacker/self and is not target buildup,0.0,0.0,0.0,0.0,0.0,0.0,0.0,0.0,0.0,0.0,0.0,0.0,0.0,0,0
58,103,Spinning Slash,921,attack_param,300000227,6903,AccumuVal [8],0,direct,self_mechanic,,on_hit,,,1,effect targets the attacker/self and is not target buildup,0.0,0.0,0.0,0.0,0.0,0.0,0.0,0.0,0.0,0.0,0.0,0.0,0.0,0,0
59,103,Spinning Slash,922,attack_param,300000220,6903,AccumuVal [8],0,direct,self_mechanic,,on_hit,,,1,effect targets the attacker/self and is not target buildup,0.0,0.0,0.0,0.0,0.0,0.0,0.0,0.0,0.0,0.0,0.0,0.0,0.0,0,0
60,103,Spinning Slash,923,attack_param,300000221,6903,AccumuVal [8],0,direct,self_mechanic,,on_hit,,,1,effect targets the attacker/self and is not target buildup,0.0,0.0,0.0,0.0,0.0,0.0,0.0,0.0,0.0,0.0,0.0,0.0,0.0,0,0
61,103,Spinning Slash,924,attack_param,300000222,6903,AccumuVal [8],0,direct,self_mechanic,,on_hit,,,1,effect targets the attacker/self and is not target buildup,0.0,0.0,0.0,0.0,0.0,0.0,0.0,0.0,0.0,0.0,0.0,0.0,0.0,0,0
62,103,Spinning Slash,925,attack_param,300000225,6903,AccumuVal [8],0,direct,self_mechanic,,on_hit,,,1,effect targets the attacker/self and is not target buildup,0.0,0.0,0.0,0.0,0.0,0.0,0.0,0.0,0.0,0.0,0.0,0.0,0.0,0,0
63,103,Spinning Slash,926,attack_param,300000226,6903,AccumuVal [8],0,direct,self_mechanic,,on_hit,,,1,effect targets the attacker/self and is not target buildup,0.0,0.0,0.0,0.0,0.0,0.0,0.0,0.0,0.0,0.0,0.0,0.0,0.0,0,0
64,103,Spinning Slash,927,attack_param,300000227,6903,AccumuVal [8],0,direct,self_mechanic,,on_hit,,,1,effect targets the attacker/self and is not target buildup,0.0,0.0,0.0,0.0,0.0,0.0,0.0,0.0,0.0,0.0,0.0,0.0,0.0,0,0
65,103,Spinning Slash,928,attack_param,300000230,6903,AccumuVal [8],0,direct,self_mechanic,,on_hit,,,1,effect targets the attacker/self and is not target buildup,0.0,0.0,0.0,0.0,0.0,0.0,0.0,0.0,0.0,0.0,0.0,0.0,0.0,0,0
66,103,Spinning Slash,929,attack_param,300000231,6903,AccumuVal [8],0,direct,self_mechanic,,on_hit,,,1,effect targets the attacker/self and is not target buildup,0.0,0.0,0.0,0.0,0.0,0.0,0.0,0.0,0.0,0.0,0.0,0.0,0.0,0,0
67,103,Spinning Slash,930,attack_param,300000232,6903,AccumuVal [8],0,direct,self_mechanic,,on_hit,,,1,effect targets the attacker/self and is not target buildup,0.0,0.0,0.0,0.0,0.0,0.0,0.0,0.0,0.0,0.0,0.0,0.0,0.0,0,0
68,103,Spinning Slash,931,attack_param,300000235,6903,AccumuVal [8],0,direct,self_mechanic,,on_hit,,,1,effect targets the attacker/self and is not target buildup,0.0,0.0,0.0,0.0,0.0,0.0,0.0,0.0,0.0,0.0,0.0,0.0,0.0,0,0
69,103,Spinning Slash,932,attack_param,300000236,6903,AccumuVal [8],0,direct,self_mechanic,,on_hit,,,1,effect targets the attacker/self and is not target buildup,0.0,0.0,0.0,0.0,0.0,0.0,0.0,0.0,0.0,0.0,0.0,0.0,0.0,0,0
70,103,Spinning Slash,933,attack_param,300000237,6903,AccumuVal [8],0,direct,self_mechanic,,on_hit,,,1,effect targets the attacker/self and is not target buildup,0.0,0.0,0.0,0.0,0.0,0.0,0.0,0.0,0.0,0.0,0.0,0.0,0.0,0,0
71,103,Spinning Slash,934,attack_param,300000240,6903,AccumuVal [8],0,direct,self_mechanic,,on_hit,,,1,effect targets the attacker/self and is not target buildup,0.0,0.0,0.0,0.0,0.0,0.0,0.0,0.0,0.0,0.0,0.0,0.0,0.0,0,0
72,103,Spinning Slash,935,attack_param,300000241,6903,AccumuVal [8],0,direct,self_mechanic,,on_hit,,,1,effect targets the attacker/self and is not target buildup,0.0,0.0,0.0,0.0,0.0,0.0,0.0,0.0,0.0,0.0,0.0,0.0,0.0,0,0
73,103,Spinning Slash,936,attack_param,300000242,6903,AccumuVal [8],0,direct,self_mechanic,,on_hit,,,1,effect targets the attacker/self and is not target buildup,0.0,0.0,0.0,0.0,0.0,0.0,0.0,0.0,0.0,0.0,0.0,0.0,0.0,0,0
74,103,Spinning Slash,937,attack_param,300000245,6903,AccumuVal [8],0,direct,self_mechanic,,on_hit,,,1,effect targets the attacker/self and is not target buildup,0.0,0.0,0.0,0.0,0.0,0.0,0.0,0.0,0.0,0.0,0.0,0.0,0.0,0,0
75,103,Spinning Slash,938,attack_param,300000246,6903,AccumuVal [8],0,direct,self_mechanic,,on_hit,,,1,effect targets the attacker/self and is not target buildup,0.0,0.0,0.0,0.0,0.0,0.0,0.0,0.0,0.0,0.0,0.0,0.0,0.0,0,0
76,103,Spinning Slash,939,attack_param,300000247,6903,AccumuVal [8],0,direct,self_mechanic,,on_hit,,,1,effect targets the attacker/self and is not target buildup,0.0,0.0,0.0,0.0,0.0,0.0,0.0,0.0,0.0,0.0,0.0,0.0,0.0,0,0
77,103,Spinning Slash,940,attack_param,300000250,6903,AccumuVal [8],0,direct,self_mechanic,,on_hit,,,1,effect targets the attacker/self and is not target buildup,0.0,0.0,0.0,0.0,0.0,0.0,0.0,0.0,0.0,0.0,0.0,0.0,0.0,0,0
78,103,Spinning Slash,941,attack_param,300000251,6903,AccumuVal [8],0,direct,self_mechanic,,on_hit,,,1,effect targets the attacker/self and is not target buildup,0.0,0.0,0.0,0.0,0.0,0.0,0.0,0.0,0.0,0.0,0.0,0.0,0.0,0,0
79,103,Spinning Slash,942,attack_param,300000252,6903,AccumuVal [8],0,direct,self_mechanic,,on_hit,,,1,effect targets the attacker/self and is not target buildup,0.0,0.0,0.0,0.0,0.0,0.0,0.0,0.0,0.0,0.0,0.0,0.0,0.0,0,0
80,103,Spinning Slash,943,attack_param,300000255,6903,AccumuVal [8],0,direct,self_mechanic,,on_hit,,,1,effect targets the attacker/self and is not target buildup,0.0,0.0,0.0,0.0,0.0,0.0,0.0,0.0,0.0,0.0,0.0,0.0,0.0,0,0
81,103,Spinning Slash,944,attack_param,300000256,6903,AccumuVal [8],0,direct,self_mechanic,,on_hit,,,1,effect targets the attacker/self and is not target buildup,0.0,0.0,0.0,0.0,0.0,0.0,0.0,0.0,0.0,0.0,0.0,0.0,0.0,0,0
82,103,Spinning Slash,945,attack_param,300000257,6903,AccumuVal [8],0,direct,self_mechanic,,on_hit,,,1,effect targets the attacker/self and is not target buildup,0.0,0.0,0.0,0.0,0.0,0.0,0.0,0.0,0.0,0.0,0.0,0.0,0.0,0,0
83,103,Spinning Slash,2462,attack_param,300000230,6903,AccumuVal [8],0,direct,self_mechanic,,on_hit,,,1,effect targets the attacker/self and is not target buildup,0.0,0.0,0.0,0.0,0.0,0.0,0.0,0.0,0.0,0.0,0.0,0.0,0.0,0,0
84,103,Spinning Slash,2463,attack_param,300000231,6903,AccumuVal [8],0,direct,self_mechanic,,on_hit,,,1,effect targets the attacker/self and is not target buildup,0.0,0.0,0.0,0.0,0.0,0.0,0.0,0.0,0.0,0.0,0.0,0.0,0.0,0,0
85,103,Spinning Slash,2464,attack_param,300000232,6903,AccumuVal [8],0,direct,self_mechanic,,on_hit,,,1,effect targets the attacker/self and is not target buildup,0.0,0.0,0.0,0.0,0.0,0.0,0.0,0.0,0.0,0.0,0.0,0.0,0.0,0,0
86,103,Spinning Slash,2465,attack_param,30090011,6705,Frostbite - Type 1 - Special 6,0,direct,per_hit_status,,on_hit,,,1,target status payload is attached to this hit by numeric ID,30.0,0.0,0.0,0.0,0.0,0.0,0.0,80.0,0.0,0.0,0.0,0.0,0.0,1,0
87,103,Spinning Slash,2466,attack_param,30090012,6703,Frostbite - Type 1 - Special 4,0,direct,per_hit_status,,on_hit,,,1,target status payload is attached to this hit by numeric ID,30.0,0.0,0.0,0.0,0.0,0.0,0.0,70.0,0.0,0.0,0.0,0.0,0.0,1,0
88,103,Spinning Slash,2466,bullet_target,2726|2727|2728|2729,875,[AoW] Dragon Halberd: Spinning Slash - Bullet Frostbite,0,direct,per_hit_status,,on_hit,,,1,target status payload is attached to this hit by numeric ID,30.0,0.0,0.0,0.0,0.0,0.0,0.0,70.0,0.0,0.0,0.0,0.0,0.0,0,0
89,103,Spinning Slash,2467,attack_param,300000235,6903,AccumuVal [8],0,direct,self_mechanic,,on_hit,,,1,effect targets the attacker/self and is not target buildup,0.0,0.0,0.0,0.0,0.0,0.0,0.0,0.0,0.0,0.0,0.0,0.0,0.0,0,0
90,103,Spinning Slash,2468,attack_param,300000236,6903,AccumuVal [8],0,direct,self_mechanic,,on_hit,,,1,effect targets the attacker/self and is not target buildup,0.0,0.0,0.0,0.0,0.0,0.0,0.0,0.0,0.0,0.0,0.0,0.0,0.0,0,0
91,103,Spinning Slash,2469,attack_param,300000237,6903,AccumuVal [8],0,direct,self_mechanic,,on_hit,,,1,effect targets the attacker/self and is not target buildup,0.0,0.0,0.0,0.0,0.0,0.0,0.0,0.0,0.0,0.0,0.0,0.0,0.0,0,0
92,106,Stamp (Upward Cut),2,attack_param,300000290,6909,AccumuVal [20],0,direct,self_mechanic,,on_hit,,,1,effect targets the attacker/self and is not target buildup,0.0,0.0,0.0,0.0,0.0,0.0,0.0,0.0,0.0,0.0,0.0,0.0,0.0,0,0
93,106,Stamp (Upward Cut),3,attack_param,300000295,6909,AccumuVal [20],0,direct,self_mechanic,,on_hit,,,1,effect targets the attacker/self and is not target buildup,0.0,0.0,0.0,0.0,0.0,0.0,0.0,0.0,0.0,0.0,0.0,0.0,0.0,0,0
94,107,Stamp (Sweep),4,attack_param,300000891,6909,AccumuVal [20],0,direct,self_mechanic,,on_hit,,,1,effect targets the attacker/self and is not target buildup,0.0,0.0,0.0,0.0,0.0,0.0,0.0,0.0,0.0,0.0,0.0,0.0,0.0,0,0
95,107,Stamp (Sweep),5,attack_param,300000892,6909,AccumuVal [20],0,direct,self_mechanic,,on_hit,,,1,effect targets the attacker/self and is not target buildup,0.0,0.0,0.0,0.0,0.0,0.0,0.0,0.0,0.0,0.0,0.0,0.0,0.0,0,0
96,107,Stamp (Sweep),6,attack_param,300000895,6909,AccumuVal [20],0,direct,self_mechanic,,on_hit,,,1,effect targets the attacker/self and is not target buildup,0.0,0.0,0.0,0.0,0.0,0.0,0.0,0.0,0.0,0.0,0.0,0.0,0.0,0,0
97,107,Stamp (Sweep),7,attack_param,300000896,6909,AccumuVal [20],0,direct,self_mechanic,,on_hit,,,1,effect targets the attacker/self and is not target buildup,0.0,0.0,0.0,0.0,0.0,0.0,0.0,0.0,0.0,0.0,0.0,0.0,0.0,0,0
98,108,Blood Tax,1464,attack_param,300000310,1830,[AoW] Blood Tax - HP Restore,0,direct,self_mechanic,,on_hit,,,1,effect targets the attacker/self and is not target buildup,0.029999999329447746,0.0,0.0,0.0,0.0,0.0,0.0,0.0,0.0,0.0,0.0,0.0,0.0,0,0
99,108,Blood Tax,1464,attack_param,300000310,6902,AccumuVal [6],0,direct,self_mechanic,,on_hit,,,1,effect targets the attacker/self and is not target buildup,0.0,0.0,0.0,0.0,0.0,0.0,0.0,0.0,0.0,0.0,0.0,0.0,0.0,0,0
100,108,Blood Tax,1465,attack_param,300000311,1830,[AoW] Blood Tax - HP Restore,0,direct,self_mechanic,,on_hit,,,1,effect targets the attacker/self and is not target buildup,0.029999999329447746,0.0,0.0,0.0,0.0,0.0,0.0,0.0,0.0,0.0,0.0,0.0,0.0,0,0
101,108,Blood Tax,1465,attack_param,300000311,6902,AccumuVal [6],0,direct,self_mechanic,,on_hit,,,1,effect targets the attacker/self and is not target buildup,0.0,0.0,0.0,0.0,0.0,0.0,0.0,0.0,0.0,0.0,0.0,0.0,0.0,0,0
102,108,Blood Tax,1466,attack_param,300000312,1830,[AoW] Blood Tax - HP Restore,0,direct,self_mechanic,,on_hit,,,1,effect targets the attacker/self and is not target buildup,0.029999999329447746,0.0,0.0,0.0,0.0,0.0,0.0,0.0,0.0,0.0,0.0,0.0,0.0,0,0
103,108,Blood Tax,1466,attack_param,300000312,6902,AccumuVal [6],0,direct,self_mechanic,,on_hit,,,1,effect targets the attacker/self and is not target buildup,0.0,0.0,0.0,0.0,0.0,0.0,0.0,0.0,0.0,0.0,0.0,0.0,0.0,0,0
104,108,Blood Tax,1467,attack_param,300000313,1831,[AoW] Blood Tax - HP Restore (Last Hit),0,direct,self_mechanic,,on_hit,,,1,effect targets the attacker/self and is not target buildup,0.029999999329447746,0.0,0.0,0.0,0.0,0.0,0.0,0.0,0.0,0.0,0.0,0.0,0.0,0,0
105,108,Blood Tax,1467,attack_param,300000313,6902,AccumuVal [6],0,direct,self_mechanic,,on_hit,,,1,effect targets the attacker/self and is not target buildup,0.0,0.0,0.0,0.0,0.0,0.0,0.0,0.0,0.0,0.0,0.0,0.0,0.0,0,0
106,108,Blood Tax,1468,attack_param,300000315,6902,AccumuVal [6],0,direct,self_mechanic,,on_hit,,,1,effect targets the attacker/self and is not target buildup,0.0,0.0,0.0,0.0,0.0,0.0,0.0,0.0,0.0,0.0,0.0,0.0,0.0,0,0
107,108,Blood Tax,1469,attack_param,300000316,6902,AccumuVal [6],0,direct,self_mechanic,,on_hit,,,1,effect targets the attacker/self and is not target buildup,0.0,0.0,0.0,0.0,0.0,0.0,0.0,0.0,0.0,0.0,0.0,0.0,0.0,0,0
108,108,Blood Tax,1470,attack_param,300000317,6902,AccumuVal [6],0,direct,self_mechanic,,on_hit,,,1,effect targets the attacker/self and is not target buildup,0.0,0.0,0.0,0.0,0.0,0.0,0.0,0.0,0.0,0.0,0.0,0.0,0.0,0,0
109,108,Blood Tax,1471,attack_param,300000318,6902,AccumuVal [6],0,direct,self_mechanic,,on_hit,,,1,effect targets the attacker/self and is not target buildup,0.0,0.0,0.0,0.0,0.0,0.0,0.0,0.0,0.0,0.0,0.0,0.0,0.0,0,0
110,108,Blood Tax,1472,attack_param,300100310,1830,[AoW] Blood Tax - HP Restore,0,direct,self_mechanic,,on_hit,,,1,effect targets the attacker/self and is not target buildup,0.029999999329447746,0.0,0.0,0.0,0.0,0.0,0.0,0.0,0.0,0.0,0.0,0.0,0.0,0,0
111,108,Blood Tax,1472,attack_param,300100310,6902,AccumuVal [6],0,direct,self_mechanic,,on_hit,,,1,effect targets the attacker/self and is not target buildup,0.0,0.0,0.0,0.0,0.0,0.0,0.0,0.0,0.0,0.0,0.0,0.0,0.0,0,0
112,108,Blood Tax,1473,attack_param,300100311,1830,[AoW] Blood Tax - HP Restore,0,direct,self_mechanic,,on_hit,,,1,effect targets the attacker/self and is not target buildup,0.029999999329447746,0.0,0.0,0.0,0.0,0.0,0.0,0.0,0.0,0.0,0.0,0.0,0.0,0,0
113,108,Blood Tax,1473,attack_param,300100311,6902,AccumuVal [6],0,direct,self_mechanic,,on_hit,,,1,effect targets the attacker/self and is not target buildup,0.0,0.0,0.0,0.0,0.0,0.0,0.0,0.0,0.0,0.0,0.0,0.0,0.0,0,0
114,108,Blood Tax,1474,attack_param,300100312,1830,[AoW] Blood Tax - HP Restore,0,direct,self_mechanic,,on_hit,,,1,effect targets the attacker/self and is not target buildup,0.029999999329447746,0.0,0.0,0.0,0.0,0.0,0.0,0.0,0.0,0.0,0.0,0.0,0.0,0,0
115,108,Blood Tax,1474,attack_param,300100312,6902,AccumuVal [6],0,direct,self_mechanic,,on_hit,,,1,effect targets the attacker/self and is not target buildup,0.0,0.0,0.0,0.0,0.0,0.0,0.0,0.0,0.0,0.0,0.0,0.0,0.0,0,0
116,108,Blood Tax,1475,attack_param,300100313,1831,[AoW] Blood Tax - HP Restore (Last Hit),0,direct,self_mechanic,,on_hit,,,1,effect targets the attacker/self and is not target buildup,0.029999999329447746,0.0,0.0,0.0,0.0,0.0,0.0,0.0,0.0,0.0,0.0,0.0,0.0,0,0
117,108,Blood Tax,1475,attack_param,300100313,6902,AccumuVal [6],0,direct,self_mechanic,,on_hit,,,1,effect targets the attacker/self and is not target buildup,0.0,0.0,0.0,0.0,0.0,0.0,0.0,0.0,0.0,0.0,0.0,0.0,0.0,0,0
118,108,Blood Tax,1476,attack_param,300100315,6902,AccumuVal [6],0,direct,self_mechanic,,on_hit,,,1,effect targets the attacker/self and is not target buildup,0.0,0.0,0.0,0.0,0.0,0.0,0.0,0.0,0.0,0.0,0.0,0.0,0.0,0,0
119,108,Blood Tax,1477,attack_param,300100316,6902,AccumuVal [6],0,direct,self_mechanic,,on_hit,,,1,effect targets the attacker/self and is not target buildup,0.0,0.0,0.0,0.0,0.0,0.0,0.0,0.0,0.0,0.0,0.0,0.0,0.0,0,0
120,108,Blood Tax,1478,attack_param,300100317,6902,AccumuVal [6],0,direct,self_mechanic,,on_hit,,,1,effect targets the attacker/self and is not target buildup,0.0,0.0,0.0,0.0,0.0,0.0,0.0,0.0,0.0,0.0,0.0,0.0,0.0,0,0
121,108,Blood Tax,1479,attack_param,300100318,6902,AccumuVal [6],0,direct,self_mechanic,,on_hit,,,1,effect targets the attacker/self and is not target buildup,0.0,0.0,0.0,0.0,0.0,0.0,0.0,0.0,0.0,0.0,0.0,0.0,0.0,0,0
122,109,Repeating Thrust,960,attack_param,300000530,6902,AccumuVal [6],0,direct,self_mechanic,,on_hit,,,1,effect targets the attacker/self and is not target buildup,0.0,0.0,0.0,0.0,0.0,0.0,0.0,0.0,0.0,0.0,0.0,0.0,0.0,0,0
123,109,Repeating Thrust,961,attack_param,300000531,6902,AccumuVal [6],0,direct,self_mechanic,,on_hit,,,1,effect targets the attacker/self and is not target buildup,0.0,0.0,0.0,0.0,0.0,0.0,0.0,0.0,0.0,0.0,0.0,0.0,0.0,0,0
124,109,Repeating Thrust,962,attack_param,300000532,6902,AccumuVal [6],0,direct,self_mechanic,,on_hit,,,1,effect targets the attacker/self and is not target buildup,0.0,0.0,0.0,0.0,0.0,0.0,0.0,0.0,0.0,0.0,0.0,0.0,0.0,0,0
125,109,Repeating Thrust,963,attack_param,300000533,6902,AccumuVal [6],0,direct,self_mechanic,,on_hit,,,1,effect targets the attacker/self and is not target buildup,0.0,0.0,0.0,0.0,0.0,0.0,0.0,0.0,0.0,0.0,0.0,0.0,0.0,0,0
126,109,Repeating Thrust,964,attack_param,300000535,6902,AccumuVal [6],0,direct,self_mechanic,,on_hit,,,1,effect targets the attacker/self and is not target buildup,0.0,0.0,0.0,0.0,0.0,0.0,0.0,0.0,0.0,0.0,0.0,0.0,0.0,0,0
127,109,Repeating Thrust,965,attack_param,300000536,6902,AccumuVal [6],0,direct,self_mechanic,,on_hit,,,1,effect targets the attacker/self and is not target buildup,0.0,0.0,0.0,0.0,0.0,0.0,0.0,0.0,0.0,0.0,0.0,0.0,0.0,0,0
128,109,Repeating Thrust,966,attack_param,300000537,6902,AccumuVal [6],0,direct,self_mechanic,,on_hit,,,1,effect targets the attacker/self and is not target buildup,0.0,0.0,0.0,0.0,0.0,0.0,0.0,0.0,0.0,0.0,0.0,0.0,0.0,0,0
129,109,Repeating Thrust,967,attack_param,300000538,6902,AccumuVal [6],0,direct,self_mechanic,,on_hit,,,1,effect targets the attacker/self and is not target buildup,0.0,0.0,0.0,0.0,0.0,0.0,0.0,0.0,0.0,0.0,0.0,0.0,0.0,0,0
130,109,Repeating Thrust,968,attack_param,300100530,6902,AccumuVal [6],0,direct,self_mechanic,,on_hit,,,1,effect targets the attacker/self and is not target buildup,0.0,0.0,0.0,0.0,0.0,0.0,0.0,0.0,0.0,0.0,0.0,0.0,0.0,0,0
131,109,Repeating Thrust,969,attack_param,300100531,6902,AccumuVal [6],0,direct,self_mechanic,,on_hit,,,1,effect targets the attacker/self and is not target buildup,0.0,0.0,0.0,0.0,0.0,0.0,0.0,0.0,0.0,0.0,0.0,0.0,0.0,0,0
132,109,Repeating Thrust,970,attack_param,300100532,6902,AccumuVal [6],0,direct,self_mechanic,,on_hit,,,1,effect targets the attacker/self and is not target buildup,0.0,0.0,0.0,0.0,0.0,0.0,0.0,0.0,0.0,0.0,0.0,0.0,0.0,0,0
133,109,Repeating Thrust,971,attack_param,300100533,6902,AccumuVal [6],0,direct,self_mechanic,,on_hit,,,1,effect targets the attacker/self and is not target buildup,0.0,0.0,0.0,0.0,0.0,0.0,0.0,0.0,0.0,0.0,0.0,0.0,0.0,0,0
134,109,Repeating Thrust,972,attack_param,300100535,6902,AccumuVal [6],0,direct,self_mechanic,,on_hit,,,1,effect targets the attacker/self and is not target buildup,0.0,0.0,0.0,0.0,0.0,0.0,0.0,0.0,0.0,0.0,0.0,0.0,0.0,0,0
135,109,Repeating Thrust,973,attack_param,300100536,6902,AccumuVal [6],0,direct,self_mechanic,,on_hit,,,1,effect targets the attacker/self and is not target buildup,0.0,0.0,0.0,0.0,0.0,0.0,0.0,0.0,0.0,0.0,0.0,0.0,0.0,0,0
136,109,Repeating Thrust,974,attack_param,300100537,6902,AccumuVal [6],0,direct,self_mechanic,,on_hit,,,1,effect targets the attacker/self and is not target buildup,0.0,0.0,0.0,0.0,0.0,0.0,0.0,0.0,0.0,0.0,0.0,0.0,0.0,0,0
137,109,Repeating Thrust,975,attack_param,300100538,6902,AccumuVal [6],0,direct,self_mechanic,,on_hit,,,1,effect targets the attacker/self and is not target buildup,0.0,0.0,0.0,0.0,0.0,0.0,0.0,0.0,0.0,0.0,0.0,0.0,0.0,0,0
138,110,Wild Strikes,8,attack_param,301401800,6903,AccumuVal [8],0,direct,self_mechanic,,on_hit,,,1,effect targets the attacker/self and is not target buildup,0.0,0.0,0.0,0.0,0.0,0.0,0.0,0.0,0.0,0.0,0.0,0.0,0.0,0,0
139,110,Wild Strikes,9,attack_param,301401810,6903,AccumuVal [8],0,direct,self_mechanic,,on_hit,,,1,effect targets the attacker/self and is not target buildup,0.0,0.0,0.0,0.0,0.0,0.0,0.0,0.0,0.0,0.0,0.0,0.0,0.0,0,0
140,110,Wild Strikes,10,attack_param,301401801,6906,AccumuVal [14],0,direct,self_mechanic,,on_hit,,,1,effect targets the attacker/self and is not target buildup,0.0,0.0,0.0,0.0,0.0,0.0,0.0,0.0,0.0,0.0,0.0,0.0,0.0,0,0
141,110,Wild Strikes,11,attack_param,301401802,6906,AccumuVal [14],0,direct,self_mechanic,,on_hit,,,1,effect targets the attacker/self and is not target buildup,0.0,0.0,0.0,0.0,0.0,0.0,0.0,0.0,0.0,0.0,0.0,0.0,0.0,0,0
142,110,Wild Strikes,12,attack_param,301401803,6906,AccumuVal [14],0,direct,self_mechanic,,on_hit,,,1,effect targets the attacker/self and is not target buildup,0.0,0.0,0.0,0.0,0.0,0.0,0.0,0.0,0.0,0.0,0.0,0.0,0.0,0,0
143,110,Wild Strikes,13,attack_param,301401804,6906,AccumuVal [14],0,direct,self_mechanic,,on_hit,,,1,effect targets the attacker/self and is not target buildup,0.0,0.0,0.0,0.0,0.0,0.0,0.0,0.0,0.0,0.0,0.0,0.0,0.0,0,0
144,110,Wild Strikes,14,attack_param,301401805,6903,AccumuVal [8],0,direct,self_mechanic,,on_hit,,,1,effect targets the attacker/self and is not target buildup,0.0,0.0,0.0,0.0,0.0,0.0,0.0,0.0,0.0,0.0,0.0,0.0,0.0,0,0
145,110,Wild Strikes,15,attack_param,301401806,6906,AccumuVal [14],0,direct,self_mechanic,,on_hit,,,1,effect targets the attacker/self and is not target buildup,0.0,0.0,0.0,0.0,0.0,0.0,0.0,0.0,0.0,0.0,0.0,0.0,0.0,0,0
146,110,Wild Strikes,16,attack_param,301401807,6906,AccumuVal [14],0,direct,self_mechanic,,on_hit,,,1,effect targets the attacker/self and is not target buildup,0.0,0.0,0.0,0.0,0.0,0.0,0.0,0.0,0.0,0.0,0.0,0.0,0.0,0,0
147,110,Wild Strikes,17,attack_param,301401808,6906,AccumuVal [14],0,direct,self_mechanic,,on_hit,,,1,effect targets the attacker/self and is not target buildup,0.0,0.0,0.0,0.0,0.0,0.0,0.0,0.0,0.0,0.0,0.0,0.0,0.0,0,0
148,110,Wild Strikes,18,attack_param,301401809,6906,AccumuVal [14],0,direct,self_mechanic,,on_hit,,,1,effect targets the attacker/self and is not target buildup,0.0,0.0,0.0,0.0,0.0,0.0,0.0,0.0,0.0,0.0,0.0,0.0,0.0,0,0
149,110,Wild Strikes,19,attack_param,301400800,6903,AccumuVal [8],0,direct,self_mechanic,,on_hit,,,1,effect targets the attacker/self and is not target buildup,0.0,0.0,0.0,0.0,0.0,0.0,0.0,0.0,0.0,0.0,0.0,0.0,0.0,0,0
150,110,Wild Strikes,20,attack_param,301400810,6903,AccumuVal [8],0,direct,self_mechanic,,on_hit,,,1,effect targets the attacker/self and is not target buildup,0.0,0.0,0.0,0.0,0.0,0.0,0.0,0.0,0.0,0.0,0.0,0.0,0.0,0,0
151,110,Wild Strikes,21,attack_param,301400801,6906,AccumuVal [14],0,direct,self_mechanic,,on_hit,,,1,effect targets the attacker/self and is not target buildup,0.0,0.0,0.0,0.0,0.0,0.0,0.0,0.0,0.0,0.0,0.0,0.0,0.0,0,0
152,110,Wild Strikes,22,attack_param,301400802,6906,AccumuVal [14],0,direct,self_mechanic,,on_hit,,,1,effect targets the attacker/self and is not target buildup,0.0,0.0,0.0,0.0,0.0,0.0,0.0,0.0,0.0,0.0,0.0,0.0,0.0,0,0
153,110,Wild Strikes,23,attack_param,301400803,6906,AccumuVal [14],0,direct,self_mechanic,,on_hit,,,1,effect targets the attacker/self and is not target buildup,0.0,0.0,0.0,0.0,0.0,0.0,0.0,0.0,0.0,0.0,0.0,0.0,0.0,0,0
154,110,Wild Strikes,24,attack_param,301400804,6906,AccumuVal [14],0,direct,self_mechanic,,on_hit,,,1,effect targets the attacker/self and is not target buildup,0.0,0.0,0.0,0.0,0.0,0.0,0.0,0.0,0.0,0.0,0.0,0.0,0.0,0,0
155,110,Wild Strikes,25,attack_param,301400805,6903,AccumuVal [8],0,direct,self_mechanic,,on_hit,,,1,effect targets the attacker/self and is not target buildup,0.0,0.0,0.0,0.0,0.0,0.0,0.0,0.0,0.0,0.0,0.0,0.0,0.0,0,0
156,110,Wild Strikes,26,attack_param,301400806,6906,AccumuVal [14],0,direct,self_mechanic,,on_hit,,,1,effect targets the attacker/self and is not target buildup,0.0,0.0,0.0,0.0,0.0,0.0,0.0,0.0,0.0,0.0,0.0,0.0,0.0,0,0
157,110,Wild Strikes,27,attack_param,301400807,6906,AccumuVal [14],0,direct,self_mechanic,,on_hit,,,1,effect targets the attacker/self and is not target buildup,0.0,0.0,0.0,0.0,0.0,0.0,0.0,0.0,0.0,0.0,0.0,0.0,0.0,0,0
158,110,Wild Strikes,28,attack_param,301400808,6906,AccumuVal [14],0,direct,self_mechanic,,on_hit,,,1,effect targets the attacker/self and is not target buildup,0.0,0.0,0.0,0.0,0.0,0.0,0.0,0.0,0.0,0.0,0.0,0.0,0.0,0,0
159,110,Wild Strikes,29,attack_param,301400809,6906,AccumuVal [14],0,direct,self_mechanic,,on_hit,,,1,effect targets the attacker/self and is not target buildup,0.0,0.0,0.0,0.0,0.0,0.0,0.0,0.0,0.0,0.0,0.0,0.0,0.0,0,0
160,110,Wild Strikes,30,attack_param,301400800,6903,AccumuVal [8],0,direct,self_mechanic,,on_hit,,,1,effect targets the attacker/self and is not target buildup,0.0,0.0,0.0,0.0,0.0,0.0,0.0,0.0,0.0,0.0,0.0,0.0,0.0,0,0
161,110,Wild Strikes,31,attack_param,301400810,6903,AccumuVal [8],0,direct,self_mechanic,,on_hit,,,1,effect targets the attacker/self and is not target buildup,0.0,0.0,0.0,0.0,0.0,0.0,0.0,0.0,0.0,0.0,0.0,0.0,0.0,0,0
162,110,Wild Strikes,32,attack_param,301400801,6906,AccumuVal [14],0,direct,self_mechanic,,on_hit,,,1,effect targets the attacker/self and is not target buildup,0.0,0.0,0.0,0.0,0.0,0.0,0.0,0.0,0.0,0.0,0.0,0.0,0.0,0,0
163,110,Wild Strikes,33,attack_param,301400802,6906,AccumuVal [14],0,direct,self_mechanic,,on_hit,,,1,effect targets the attacker/self and is not target buildup,0.0,0.0,0.0,0.0,0.0,0.0,0.0,0.0,0.0,0.0,0.0,0.0,0.0,0,0
164,110,Wild Strikes,34,attack_param,301400803,6906,AccumuVal [14],0,direct,self_mechanic,,on_hit,,,1,effect targets the attacker/self and is not target buildup,0.0,0.0,0.0,0.0,0.0,0.0,0.0,0.0,0.0,0.0,0.0,0.0,0.0,0,0
165,110,Wild Strikes,35,attack_param,301400804,6906,AccumuVal [14],0,direct,self_mechanic,,on_hit,,,1,effect targets the attacker/self and is not target buildup,0.0,0.0,0.0,0.0,0.0,0.0,0.0,0.0,0.0,0.0,0.0,0.0,0.0,0,0
166,110,Wild Strikes,36,attack_param,301400805,6903,AccumuVal [8],0,direct,self_mechanic,,on_hit,,,1,effect targets the attacker/self and is not target buildup,0.0,0.0,0.0,0.0,0.0,0.0,0.0,0.0,0.0,0.0,0.0,0.0,0.0,0,0
167,110,Wild Strikes,37,attack_param,301400806,6906,AccumuVal [14],0,direct,self_mechanic,,on_hit,,,1,effect targets the attacker/self and is not target buildup,0.0,0.0,0.0,0.0,0.0,0.0,0.0,0.0,0.0,0.0,0.0,0.0,0.0,0,0
168,110,Wild Strikes,38,attack_param,301400807,6906,AccumuVal [14],0,direct,self_mechanic,,on_hit,,,1,effect targets the attacker/self and is not target buildup,0.0,0.0,0.0,0.0,0.0,0.0,0.0,0.0,0.0,0.0,0.0,0.0,0.0,0,0
169,110,Wild Strikes,39,attack_param,301400808,6906,AccumuVal [14],0,direct,self_mechanic,,on_hit,,,1,effect targets the attacker/self and is not target buildup,0.0,0.0,0.0,0.0,0.0,0.0,0.0,0.0,0.0,0.0,0.0,0.0,0.0,0,0
170,110,Wild Strikes,40,attack_param,301400809,6906,AccumuVal [14],0,direct,self_mechanic,,on_hit,,,1,effect targets the attacker/self and is not target buildup,0.0,0.0,0.0,0.0,0.0,0.0,0.0,0.0,0.0,0.0,0.0,0.0,0.0,0,0
171,110,Wild Strikes,41,attack_param,301400800,6903,AccumuVal [8],0,direct,self_mechanic,,on_hit,,,1,effect targets the attacker/self and is not target buildup,0.0,0.0,0.0,0.0,0.0,0.0,0.0,0.0,0.0,0.0,0.0,0.0,0.0,0,0
172,110,Wild Strikes,42,attack_param,301400810,6903,AccumuVal [8],0,direct,self_mechanic,,on_hit,,,1,effect targets the attacker/self and is not target buildup,0.0,0.0,0.0,0.0,0.0,0.0,0.0,0.0,0.0,0.0,0.0,0.0,0.0,0,0
173,110,Wild Strikes,43,attack_param,301400801,6906,AccumuVal [14],0,direct,self_mechanic,,on_hit,,,1,effect targets the attacker/self and is not target buildup,0.0,0.0,0.0,0.0,0.0,0.0,0.0,0.0,0.0,0.0,0.0,0.0,0.0,0,0
174,110,Wild Strikes,44,attack_param,301400802,6906,AccumuVal [14],0,direct,self_mechanic,,on_hit,,,1,effect targets the attacker/self and is not target buildup,0.0,0.0,0.0,0.0,0.0,0.0,0.0,0.0,0.0,0.0,0.0,0.0,0.0,0,0
175,110,Wild Strikes,45,attack_param,301400803,6906,AccumuVal [14],0,direct,self_mechanic,,on_hit,,,1,effect targets the attacker/self and is not target buildup,0.0,0.0,0.0,0.0,0.0,0.0,0.0,0.0,0.0,0.0,0.0,0.0,0.0,0,0
176,110,Wild Strikes,46,attack_param,301400804,6906,AccumuVal [14],0,direct,self_mechanic,,on_hit,,,1,effect targets the attacker/self and is not target buildup,0.0,0.0,0.0,0.0,0.0,0.0,0.0,0.0,0.0,0.0,0.0,0.0,0.0,0,0
177,110,Wild Strikes,47,attack_param,301400805,6903,AccumuVal [8],0,direct,self_mechanic,,on_hit,,,1,effect targets the attacker/self and is not target buildup,0.0,0.0,0.0,0.0,0.0,0.0,0.0,0.0,0.0,0.0,0.0,0.0,0.0,0,0
178,110,Wild Strikes,48,attack_param,301400806,6906,AccumuVal [14],0,direct,self_mechanic,,on_hit,,,1,effect targets the attacker/self and is not target buildup,0.0,0.0,0.0,0.0,0.0,0.0,0.0,0.0,0.0,0.0,0.0,0.0,0.0,0,0
179,110,Wild Strikes,49,attack_param,301400807,6906,AccumuVal [14],0,direct,self_mechanic,,on_hit,,,1,effect targets the attacker/self and is not target buildup,0.0,0.0,0.0,0.0,0.0,0.0,0.0,0.0,0.0,0.0,0.0,0.0,0.0,0,0
180,110,Wild Strikes,50,attack_param,301400808,6906,AccumuVal [14],0,direct,self_mechanic,,on_hit,,,1,effect targets the attacker/self and is not target buildup,0.0,0.0,0.0,0.0,0.0,0.0,0.0,0.0,0.0,0.0,0.0,0.0,0.0,0,0
181,110,Wild Strikes,51,attack_param,301400809,6906,AccumuVal [14],0,direct,self_mechanic,,on_hit,,,1,effect targets the attacker/self and is not target buildup,0.0,0.0,0.0,0.0,0.0,0.0,0.0,0.0,0.0,0.0,0.0,0.0,0.0,0,0
182,110,Wild Strikes,52,attack_param,301400800,6903,AccumuVal [8],0,direct,self_mechanic,,on_hit,,,1,effect targets the attacker/self and is not target buildup,0.0,0.0,0.0,0.0,0.0,0.0,0.0,0.0,0.0,0.0,0.0,0.0,0.0,0,0
183,110,Wild Strikes,53,attack_param,301400810,6903,AccumuVal [8],0,direct,self_mechanic,,on_hit,,,1,effect targets the attacker/self and is not target buildup,0.0,0.0,0.0,0.0,0.0,0.0,0.0,0.0,0.0,0.0,0.0,0.0,0.0,0,0
184,110,Wild Strikes,54,attack_param,301400801,6906,AccumuVal [14],0,direct,self_mechanic,,on_hit,,,1,effect targets the attacker/self and is not target buildup,0.0,0.0,0.0,0.0,0.0,0.0,0.0,0.0,0.0,0.0,0.0,0.0,0.0,0,0
185,110,Wild Strikes,55,attack_param,301400802,6906,AccumuVal [14],0,direct,self_mechanic,,on_hit,,,1,effect targets the attacker/self and is not target buildup,0.0,0.0,0.0,0.0,0.0,0.0,0.0,0.0,0.0,0.0,0.0,0.0,0.0,0,0
186,110,Wild Strikes,56,attack_param,301400803,6906,AccumuVal [14],0,direct,self_mechanic,,on_hit,,,1,effect targets the attacker/self and is not target buildup,0.0,0.0,0.0,0.0,0.0,0.0,0.0,0.0,0.0,0.0,0.0,0.0,0.0,0,0
187,110,Wild Strikes,57,attack_param,301400804,6906,AccumuVal [14],0,direct,self_mechanic,,on_hit,,,1,effect targets the attacker/self and is not target buildup,0.0,0.0,0.0,0.0,0.0,0.0,0.0,0.0,0.0,0.0,0.0,0.0,0.0,0,0
188,110,Wild Strikes,58,attack_param,301400805,6903,AccumuVal [8],0,direct,self_mechanic,,on_hit,,,1,effect targets the attacker/self and is not target buildup,0.0,0.0,0.0,0.0,0.0,0.0,0.0,0.0,0.0,0.0,0.0,0.0,0.0,0,0
189,110,Wild Strikes,59,attack_param,301400806,6906,AccumuVal [14],0,direct,self_mechanic,,on_hit,,,1,effect targets the attacker/self and is not target buildup,0.0,0.0,0.0,0.0,0.0,0.0,0.0,0.0,0.0,0.0,0.0,0.0,0.0,0,0
190,110,Wild Strikes,60,attack_param,301400807,6906,AccumuVal [14],0,direct,self_mechanic,,on_hit,,,1,effect targets the attacker/self and is not target buildup,0.0,0.0,0.0,0.0,0.0,0.0,0.0,0.0,0.0,0.0,0.0,0.0,0.0,0,0
191,110,Wild Strikes,61,attack_param,301400808,6906,AccumuVal [14],0,direct,self_mechanic,,on_hit,,,1,effect targets the attacker/self and is not target buildup,0.0,0.0,0.0,0.0,0.0,0.0,0.0,0.0,0.0,0.0,0.0,0.0,0.0,0,0
192,110,Wild Strikes,62,attack_param,301400809,6906,AccumuVal [14],0,direct,self_mechanic,,on_hit,,,1,effect targets the attacker/self and is not target buildup,0.0,0.0,0.0,0.0,0.0,0.0,0.0,0.0,0.0,0.0,0.0,0.0,0.0,0,0
193,111,Spinning Strikes,1164,attack_param,300000910,6903,AccumuVal [8],0,direct,self_mechanic,,on_hit,,,1,effect targets the attacker/self and is not target buildup,0.0,0.0,0.0,0.0,0.0,0.0,0.0,0.0,0.0,0.0,0.0,0.0,0.0,0,0
194,111,Spinning Strikes,1165,attack_param,300000911,6903,AccumuVal [8],0,direct,self_mechanic,,on_hit,,,1,effect targets the attacker/self and is not target buildup,0.0,0.0,0.0,0.0,0.0,0.0,0.0,0.0,0.0,0.0,0.0,0.0,0.0,0,0
195,111,Spinning Strikes,1166,attack_param,300000912,6903,AccumuVal [8],0,direct,self_mechanic,,on_hit,,,1,effect targets the attacker/self and is not target buildup,0.0,0.0,0.0,0.0,0.0,0.0,0.0,0.0,0.0,0.0,0.0,0.0,0.0,0,0
196,111,Spinning Strikes,1167,attack_param,300000913,6903,AccumuVal [8],0,direct,self_mechanic,,on_hit,,,1,effect targets the attacker/self and is not target buildup,0.0,0.0,0.0,0.0,0.0,0.0,0.0,0.0,0.0,0.0,0.0,0.0,0.0,0,0
197,111,Spinning Strikes,1168,attack_param,300000914,6903,AccumuVal [8],0,direct,self_mechanic,,on_hit,,,1,effect targets the attacker/self and is not target buildup,0.0,0.0,0.0,0.0,0.0,0.0,0.0,0.0,0.0,0.0,0.0,0.0,0.0,0,0
198,111,Spinning Strikes,1170,attack_param,300000915,6903,AccumuVal [8],0,direct,self_mechanic,,on_hit,,,1,effect targets the attacker/self and is not target buildup,0.0,0.0,0.0,0.0,0.0,0.0,0.0,0.0,0.0,0.0,0.0,0.0,0.0,0,0
199,111,Spinning Strikes,1171,attack_param,300000916,6903,AccumuVal [8],0,direct,self_mechanic,,on_hit,,,1,effect targets the attacker/self and is not target buildup,0.0,0.0,0.0,0.0,0.0,0.0,0.0,0.0,0.0,0.0,0.0,0.0,0.0,0,0
200,111,Spinning Strikes,1172,attack_param,300000917,6903,AccumuVal [8],0,direct,self_mechanic,,on_hit,,,1,effect targets the attacker/self and is not target buildup,0.0,0.0,0.0,0.0,0.0,0.0,0.0,0.0,0.0,0.0,0.0,0.0,0.0,0,0
201,111,Spinning Strikes,1173,attack_param,300000918,6903,AccumuVal [8],0,direct,self_mechanic,,on_hit,,,1,effect targets the attacker/self and is not target buildup,0.0,0.0,0.0,0.0,0.0,0.0,0.0,0.0,0.0,0.0,0.0,0.0,0.0,0,0
202,111,Spinning Strikes,1174,attack_param,300000919,6903,AccumuVal [8],0,direct,self_mechanic,,on_hit,,,1,effect targets the attacker/self and is not target buildup,0.0,0.0,0.0,0.0,0.0,0.0,0.0,0.0,0.0,0.0,0.0,0.0,0.0,0,0
203,112,Double Slash,976,attack_param,300000170,6903,AccumuVal [8],0,direct,self_mechanic,,on_hit,,,1,effect targets the attacker/self and is not target buildup,0.0,0.0,0.0,0.0,0.0,0.0,0.0,0.0,0.0,0.0,0.0,0.0,0.0,0,0
204,112,Double Slash,977,attack_param,300000171,1665,,0,direct,self_mechanic,,on_hit,,,1,effect targets the attacker/self and is not target buildup,0.0,0.0,0.0,0.0,0.0,0.0,0.0,0.0,0.0,0.0,0.0,0.0,0.0,0,0
205,112,Double Slash,977,attack_param,300000171,1667,,0,direct,self_mechanic,,on_hit,,,1,effect targets the attacker/self and is not target buildup,0.0,0.0,0.0,0.0,0.0,0.0,0.0,0.0,0.0,0.0,0.0,0.0,0.0,0,0
206,112,Double Slash,977,attack_param,300000171,6903,AccumuVal [8],0,direct,self_mechanic,,on_hit,,,1,effect targets the attacker/self and is not target buildup,0.0,0.0,0.0,0.0,0.0,0.0,0.0,0.0,0.0,0.0,0.0,0.0,0.0,0,0
207,112,Double Slash,978,attack_param,300000172,6903,AccumuVal [8],0,direct,self_mechanic,,on_hit,,,1,effect targets the attacker/self and is not target buildup,0.0,0.0,0.0,0.0,0.0,0.0,0.0,0.0,0.0,0.0,0.0,0.0,0.0,0,0
208,112,Double Slash,979,attack_param,300000173,6903,AccumuVal [8],0,direct,self_mechanic,,on_hit,,,1,effect targets the attacker/self and is not target buildup,0.0,0.0,0.0,0.0,0.0,0.0,0.0,0.0,0.0,0.0,0.0,0.0,0.0,0,0
209,112,Double Slash,980,attack_param,300000174,1665,,0,direct,self_mechanic,,on_hit,,,1,effect targets the attacker/self and is not target buildup,0.0,0.0,0.0,0.0,0.0,0.0,0.0,0.0,0.0,0.0,0.0,0.0,0.0,0,0
210,112,Double Slash,980,attack_param,300000174,1667,,0,direct,self_mechanic,,on_hit,,,1,effect targets the attacker/self and is not target buildup,0.0,0.0,0.0,0.0,0.0,0.0,0.0,0.0,0.0,0.0,0.0,0.0,0.0,0,0
211,112,Double Slash,980,attack_param,300000174,6903,AccumuVal [8],0,direct,self_mechanic,,on_hit,,,1,effect targets the attacker/self and is not target buildup,0.0,0.0,0.0,0.0,0.0,0.0,0.0,0.0,0.0,0.0,0.0,0.0,0.0,0,0
212,112,Double Slash,981,attack_param,300000175,1665,,0,direct,self_mechanic,,on_hit,,,1,effect targets the attacker/self and is not target buildup,0.0,0.0,0.0,0.0,0.0,0.0,0.0,0.0,0.0,0.0,0.0,0.0,0.0,0,0
213,112,Double Slash,981,attack_param,300000175,1667,,0,direct,self_mechanic,,on_hit,,,1,effect targets the attacker/self and is not target buildup,0.0,0.0,0.0,0.0,0.0,0.0,0.0,0.0,0.0,0.0,0.0,0.0,0.0,0,0
214,112,Double Slash,981,attack_param,300000175,6903,AccumuVal [8],0,direct,self_mechanic,,on_hit,,,1,effect targets the attacker/self and is not target buildup,0.0,0.0,0.0,0.0,0.0,0.0,0.0,0.0,0.0,0.0,0.0,0.0,0.0,0,0
215,112,Double Slash,982,attack_param,300000176,6903,AccumuVal [8],0,direct,self_mechanic,,on_hit,,,1,effect targets the attacker/self and is not target buildup,0.0,0.0,0.0,0.0,0.0,0.0,0.0,0.0,0.0,0.0,0.0,0.0,0.0,0,0
216,112,Double Slash,983,attack_param,300000177,1665,,0,direct,self_mechanic,,on_hit,,,1,effect targets the attacker/self and is not target buildup,0.0,0.0,0.0,0.0,0.0,0.0,0.0,0.0,0.0,0.0,0.0,0.0,0.0,0,0
217,112,Double Slash,983,attack_param,300000177,1667,,0,direct,self_mechanic,,on_hit,,,1,effect targets the attacker/self and is not target buildup,0.0,0.0,0.0,0.0,0.0,0.0,0.0,0.0,0.0,0.0,0.0,0.0,0.0,0,0
218,112,Double Slash,983,attack_param,300000177,6903,AccumuVal [8],0,direct,self_mechanic,,on_hit,,,1,effect targets the attacker/self and is not target buildup,0.0,0.0,0.0,0.0,0.0,0.0,0.0,0.0,0.0,0.0,0.0,0.0,0.0,0,0
219,112,Double Slash,984,attack_param,300000178,6903,AccumuVal [8],0,direct,self_mechanic,,on_hit,,,1,effect targets the attacker/self and is not target buildup,0.0,0.0,0.0,0.0,0.0,0.0,0.0,0.0,0.0,0.0,0.0,0.0,0.0,0,0
220,112,Double Slash,985,attack_param,300000179,6903,AccumuVal [8],0,direct,self_mechanic,,on_hit,,,1,effect targets the attacker/self and is not target buildup,0.0,0.0,0.0,0.0,0.0,0.0,0.0,0.0,0.0,0.0,0.0,0.0,0.0,0,0
221,112,Double Slash,986,attack_param,300000180,1665,,0,direct,self_mechanic,,on_hit,,,1,effect targets the attacker/self and is not target buildup,0.0,0.0,0.0,0.0,0.0,0.0,0.0,0.0,0.0,0.0,0.0,0.0,0.0,0,0
222,112,Double Slash,986,attack_param,300000180,1667,,0,direct,self_mechanic,,on_hit,,,1,effect targets the attacker/self and is not target buildup,0.0,0.0,0.0,0.0,0.0,0.0,0.0,0.0,0.0,0.0,0.0,0.0,0.0,0,0
223,112,Double Slash,986,attack_param,300000180,6903,AccumuVal [8],0,direct,self_mechanic,,on_hit,,,1,effect targets the attacker/self and is not target buildup,0.0,0.0,0.0,0.0,0.0,0.0,0.0,0.0,0.0,0.0,0.0,0.0,0.0,0,0
224,112,Double Slash,987,attack_param,300000181,1665,,0,direct,self_mechanic,,on_hit,,,1,effect targets the attacker/self and is not target buildup,0.0,0.0,0.0,0.0,0.0,0.0,0.0,0.0,0.0,0.0,0.0,0.0,0.0,0,0
225,112,Double Slash,987,attack_param,300000181,1667,,0,direct,self_mechanic,,on_hit,,,1,effect targets the attacker/self and is not target buildup,0.0,0.0,0.0,0.0,0.0,0.0,0.0,0.0,0.0,0.0,0.0,0.0,0.0,0,0
226,112,Double Slash,987,attack_param,300000181,6903,AccumuVal [8],0,direct,self_mechanic,,on_hit,,,1,effect targets the attacker/self and is not target buildup,0.0,0.0,0.0,0.0,0.0,0.0,0.0,0.0,0.0,0.0,0.0,0.0,0.0,0,0
227,112,Double Slash,988,attack_param,300000185,6903,AccumuVal [8],0,direct,self_mechanic,,on_hit,,,1,effect targets the attacker/self and is not target buildup,0.0,0.0,0.0,0.0,0.0,0.0,0.0,0.0,0.0,0.0,0.0,0.0,0.0,0,0
228,112,Double Slash,989,attack_param,300000186,1665,,0,direct,self_mechanic,,on_hit,,,1,effect targets the attacker/self and is not target buildup,0.0,0.0,0.0,0.0,0.0,0.0,0.0,0.0,0.0,0.0,0.0,0.0,0.0,0,0
229,112,Double Slash,989,attack_param,300000186,1667,,0,direct,self_mechanic,,on_hit,,,1,effect targets the attacker/self and is not target buildup,0.0,0.0,0.0,0.0,0.0,0.0,0.0,0.0,0.0,0.0,0.0,0.0,0.0,0,0
230,112,Double Slash,989,attack_param,300000186,6903,AccumuVal [8],0,direct,self_mechanic,,on_hit,,,1,effect targets the attacker/self and is not target buildup,0.0,0.0,0.0,0.0,0.0,0.0,0.0,0.0,0.0,0.0,0.0,0.0,0.0,0,0
231,112,Double Slash,990,attack_param,300000187,6903,AccumuVal [8],0,direct,self_mechanic,,on_hit,,,1,effect targets the attacker/self and is not target buildup,0.0,0.0,0.0,0.0,0.0,0.0,0.0,0.0,0.0,0.0,0.0,0.0,0.0,0,0
232,112,Double Slash,991,attack_param,300000188,6903,AccumuVal [8],0,direct,self_mechanic,,on_hit,,,1,effect targets the attacker/self and is not target buildup,0.0,0.0,0.0,0.0,0.0,0.0,0.0,0.0,0.0,0.0,0.0,0.0,0.0,0,0
233,112,Double Slash,992,attack_param,300000189,1665,,0,direct,self_mechanic,,on_hit,,,1,effect targets the attacker/self and is not target buildup,0.0,0.0,0.0,0.0,0.0,0.0,0.0,0.0,0.0,0.0,0.0,0.0,0.0,0,0
234,112,Double Slash,992,attack_param,300000189,1667,,0,direct,self_mechanic,,on_hit,,,1,effect targets the attacker/self and is not target buildup,0.0,0.0,0.0,0.0,0.0,0.0,0.0,0.0,0.0,0.0,0.0,0.0,0.0,0,0
235,112,Double Slash,992,attack_param,300000189,6903,AccumuVal [8],0,direct,self_mechanic,,on_hit,,,1,effect targets the attacker/self and is not target buildup,0.0,0.0,0.0,0.0,0.0,0.0,0.0,0.0,0.0,0.0,0.0,0.0,0.0,0,0
236,112,Double Slash,993,attack_param,300000190,1665,,0,direct,self_mechanic,,on_hit,,,1,effect targets the attacker/self and is not target buildup,0.0,0.0,0.0,0.0,0.0,0.0,0.0,0.0,0.0,0.0,0.0,0.0,0.0,0,0
237,112,Double Slash,993,attack_param,300000190,1667,,0,direct,self_mechanic,,on_hit,,,1,effect targets the attacker/self and is not target buildup,0.0,0.0,0.0,0.0,0.0,0.0,0.0,0.0,0.0,0.0,0.0,0.0,0.0,0,0
238,112,Double Slash,993,attack_param,300000190,6903,AccumuVal [8],0,direct,self_mechanic,,on_hit,,,1,effect targets the attacker/self and is not target buildup,0.0,0.0,0.0,0.0,0.0,0.0,0.0,0.0,0.0,0.0,0.0,0.0,0.0,0,0
239,112,Double Slash,994,attack_param,300000191,6903,AccumuVal [8],0,direct,self_mechanic,,on_hit,,,1,effect targets the attacker/self and is not target buildup,0.0,0.0,0.0,0.0,0.0,0.0,0.0,0.0,0.0,0.0,0.0,0.0,0.0,0,0
240,112,Double Slash,995,attack_param,300000192,1665,,0,direct,self_mechanic,,on_hit,,,1,effect targets the attacker/self and is not target buildup,0.0,0.0,0.0,0.0,0.0,0.0,0.0,0.0,0.0,0.0,0.0,0.0,0.0,0,0
241,112,Double Slash,995,attack_param,300000192,1667,,0,direct,self_mechanic,,on_hit,,,1,effect targets the attacker/self and is not target buildup,0.0,0.0,0.0,0.0,0.0,0.0,0.0,0.0,0.0,0.0,0.0,0.0,0.0,0,0
242,112,Double Slash,995,attack_param,300000192,6903,AccumuVal [8],0,direct,self_mechanic,,on_hit,,,1,effect targets the attacker/self and is not target buildup,0.0,0.0,0.0,0.0,0.0,0.0,0.0,0.0,0.0,0.0,0.0,0.0,0.0,0,0
243,112,Double Slash,996,attack_param,300000193,6903,AccumuVal [8],0,direct,self_mechanic,,on_hit,,,1,effect targets the attacker/self and is not target buildup,0.0,0.0,0.0,0.0,0.0,0.0,0.0,0.0,0.0,0.0,0.0,0.0,0.0,0,0
244,112,Double Slash,997,attack_param,300000194,6903,AccumuVal [8],0,direct,self_mechanic,,on_hit,,,1,effect targets the attacker/self and is not target buildup,0.0,0.0,0.0,0.0,0.0,0.0,0.0,0.0,0.0,0.0,0.0,0.0,0.0,0,0
245,112,Double Slash,998,attack_param,300000195,1665,,0,direct,self_mechanic,,on_hit,,,1,effect targets the attacker/self and is not target buildup,0.0,0.0,0.0,0.0,0.0,0.0,0.0,0.0,0.0,0.0,0.0,0.0,0.0,0,0
246,112,Double Slash,998,attack_param,300000195,1667,,0,direct,self_mechanic,,on_hit,,,1,effect targets the attacker/self and is not target buildup,0.0,0.0,0.0,0.0,0.0,0.0,0.0,0.0,0.0,0.0,0.0,0.0,0.0,0,0
247,112,Double Slash,998,attack_param,300000195,6903,AccumuVal [8],0,direct,self_mechanic,,on_hit,,,1,effect targets the attacker/self and is not target buildup,0.0,0.0,0.0,0.0,0.0,0.0,0.0,0.0,0.0,0.0,0.0,0.0,0.0,0,0
248,112,Double Slash,999,attack_param,300000196,1665,,0,direct,self_mechanic,,on_hit,,,1,effect targets the attacker/self and is not target buildup,0.0,0.0,0.0,0.0,0.0,0.0,0.0,0.0,0.0,0.0,0.0,0.0,0.0,0,0
249,112,Double Slash,999,attack_param,300000196,1667,,0,direct,self_mechanic,,on_hit,,,1,effect targets the attacker/self and is not target buildup,0.0,0.0,0.0,0.0,0.0,0.0,0.0,0.0,0.0,0.0,0.0,0.0,0.0,0,0
250,112,Double Slash,999,attack_param,300000196,6903,AccumuVal [8],0,direct,self_mechanic,,on_hit,,,1,effect targets the attacker/self and is not target buildup,0.0,0.0,0.0,0.0,0.0,0.0,0.0,0.0,0.0,0.0,0.0,0.0,0.0,0,0
251,113,Prelate's Charge,1316,attack_param,300000830,6906,AccumuVal [14],0,direct,self_mechanic,,on_hit,,,1,effect targets the attacker/self and is not target buildup,0.0,0.0,0.0,0.0,0.0,0.0,0.0,0.0,0.0,0.0,0.0,0.0,0.0,0,0
252,113,Prelate's Charge,1317,attack_param,30000831,6906,AccumuVal [14],0,direct,self_mechanic,,on_hit,,,1,effect targets the attacker/self and is not target buildup,0.0,0.0,0.0,0.0,0.0,0.0,0.0,0.0,0.0,0.0,0.0,0.0,0.0,0,0
253,113,Prelate's Charge,1318,attack_param,300000832,6906,AccumuVal [14],0,direct,self_mechanic,,on_hit,,,1,effect targets the attacker/self and is not target buildup,0.0,0.0,0.0,0.0,0.0,0.0,0.0,0.0,0.0,0.0,0.0,0.0,0.0,0,0
254,113,Prelate's Charge,1319,attack_param,300000833,6906,AccumuVal [14],0,direct,self_mechanic,,on_hit,,,1,effect targets the attacker/self and is not target buildup,0.0,0.0,0.0,0.0,0.0,0.0,0.0,0.0,0.0,0.0,0.0,0.0,0.0,0,0
255,113,Prelate's Charge,1320,attack_param,30000835,6906,AccumuVal [14],0,direct,self_mechanic,,on_hit,,,1,effect targets the attacker/self and is not target buildup,0.0,0.0,0.0,0.0,0.0,0.0,0.0,0.0,0.0,0.0,0.0,0.0,0.0,0,0
256,113,Prelate's Charge,1321,attack_param,30000836,6906,AccumuVal [14],0,direct,self_mechanic,,on_hit,,,1,effect targets the attacker/self and is not target buildup,0.0,0.0,0.0,0.0,0.0,0.0,0.0,0.0,0.0,0.0,0.0,0.0,0.0,0,0
257,113,Prelate's Charge,1322,attack_param,300000834,6906,AccumuVal [14],0,direct,self_mechanic,,on_hit,,,1,effect targets the attacker/self and is not target buildup,0.0,0.0,0.0,0.0,0.0,0.0,0.0,0.0,0.0,0.0,0.0,0.0,0.0,0,0
258,113,Prelate's Charge,1323,attack_param,300000837,6906,AccumuVal [14],0,direct,self_mechanic,,on_hit,,,1,effect targets the attacker/self and is not target buildup,0.0,0.0,0.0,0.0,0.0,0.0,0.0,0.0,0.0,0.0,0.0,0.0,0.0,0,0
259,113,Prelate's Charge,1324,attack_param,300000838,6906,AccumuVal [14],0,direct,self_mechanic,,on_hit,,,1,effect targets the attacker/self and is not target buildup,0.0,0.0,0.0,0.0,0.0,0.0,0.0,0.0,0.0,0.0,0.0,0.0,0.0,0,0
260,113,Prelate's Charge,1325,attack_param,300000839,6906,AccumuVal [14],0,direct,self_mechanic,,on_hit,,,1,effect targets the attacker/self and is not target buildup,0.0,0.0,0.0,0.0,0.0,0.0,0.0,0.0,0.0,0.0,0.0,0.0,0.0,0,0
261,114,Unsheathe,1096,attack_param,300000560,1665,,0,direct,self_mechanic,,on_hit,,,1,effect targets the attacker/self and is not target buildup,0.0,0.0,0.0,0.0,0.0,0.0,0.0,0.0,0.0,0.0,0.0,0.0,0.0,0,0
262,114,Unsheathe,1096,attack_param,300000560,6906,AccumuVal [14],0,direct,self_mechanic,,on_hit,,,1,effect targets the attacker/self and is not target buildup,0.0,0.0,0.0,0.0,0.0,0.0,0.0,0.0,0.0,0.0,0.0,0.0,0.0,0,0
263,114,Unsheathe,1097,attack_param,300000565,1665,,0,direct,self_mechanic,,on_hit,,,1,effect targets the attacker/self and is not target buildup,0.0,0.0,0.0,0.0,0.0,0.0,0.0,0.0,0.0,0.0,0.0,0.0,0.0,0,0
264,114,Unsheathe,1097,attack_param,300000565,6906,AccumuVal [14],0,direct,self_mechanic,,on_hit,,,1,effect targets the attacker/self and is not target buildup,0.0,0.0,0.0,0.0,0.0,0.0,0.0,0.0,0.0,0.0,0.0,0.0,0.0,0,0
265,114,Unsheathe,1098,attack_param,300000561,1665,,0,direct,self_mechanic,,on_hit,,,1,effect targets the attacker/self and is not target buildup,0.0,0.0,0.0,0.0,0.0,0.0,0.0,0.0,0.0,0.0,0.0,0.0,0.0,0,0
266,114,Unsheathe,1098,attack_param,300000561,6904,AccumuVal [10],0,direct,self_mechanic,,on_hit,,,1,effect targets the attacker/self and is not target buildup,0.0,0.0,0.0,0.0,0.0,0.0,0.0,0.0,0.0,0.0,0.0,0.0,0.0,0,0
267,114,Unsheathe,1099,attack_param,300000566,1665,,0,direct,self_mechanic,,on_hit,,,1,effect targets the attacker/self and is not target buildup,0.0,0.0,0.0,0.0,0.0,0.0,0.0,0.0,0.0,0.0,0.0,0.0,0.0,0,0
268,114,Unsheathe,1099,attack_param,300000566,6904,AccumuVal [10],0,direct,self_mechanic,,on_hit,,,1,effect targets the attacker/self and is not target buildup,0.0,0.0,0.0,0.0,0.0,0.0,0.0,0.0,0.0,0.0,0.0,0.0,0.0,0,0
269,115,Square Off,1138,attack_param,300000700,1665,,0,direct,self_mechanic,,on_hit,,,1,effect targets the attacker/self and is not target buildup,0.0,0.0,0.0,0.0,0.0,0.0,0.0,0.0,0.0,0.0,0.0,0.0,0.0,0,0
270,115,Square Off,1138,attack_param,300000700,1667,,0,direct,self_mechanic,,on_hit,,,1,effect targets the attacker/self and is not target buildup,0.0,0.0,0.0,0.0,0.0,0.0,0.0,0.0,0.0,0.0,0.0,0.0,0.0,0,0
271,115,Square Off,1138,attack_param,300000700,6906,AccumuVal [14],0,direct,self_mechanic,,on_hit,,,1,effect targets the attacker/self and is not target buildup,0.0,0.0,0.0,0.0,0.0,0.0,0.0,0.0,0.0,0.0,0.0,0.0,0.0,0,0
272,115,Square Off,1139,attack_param,300000701,1665,,0,direct,self_mechanic,,on_hit,,,1,effect targets the attacker/self and is not target buildup,0.0,0.0,0.0,0.0,0.0,0.0,0.0,0.0,0.0,0.0,0.0,0.0,0.0,0,0
273,115,Square Off,1139,attack_param,300000701,1667,,0,direct,self_mechanic,,on_hit,,,1,effect targets the attacker/self and is not target buildup,0.0,0.0,0.0,0.0,0.0,0.0,0.0,0.0,0.0,0.0,0.0,0.0,0.0,0,0
274,115,Square Off,1139,attack_param,300000701,6904,AccumuVal [10],0,direct,self_mechanic,,on_hit,,,1,effect targets the attacker/self and is not target buildup,0.0,0.0,0.0,0.0,0.0,0.0,0.0,0.0,0.0,0.0,0.0,0.0,0.0,0,0
275,115,Square Off,1140,attack_param,300000705,1665,,0,direct,self_mechanic,,on_hit,,,1,effect targets the attacker/self and is not target buildup,0.0,0.0,0.0,0.0,0.0,0.0,0.0,0.0,0.0,0.0,0.0,0.0,0.0,0,0
276,115,Square Off,1140,attack_param,300000705,1667,,0,direct,self_mechanic,,on_hit,,,1,effect targets the attacker/self and is not target buildup,0.0,0.0,0.0,0.0,0.0,0.0,0.0,0.0,0.0,0.0,0.0,0.0,0.0,0,0
277,115,Square Off,1140,attack_param,300000705,6906,AccumuVal [14],0,direct,self_mechanic,,on_hit,,,1,effect targets the attacker/self and is not target buildup,0.0,0.0,0.0,0.0,0.0,0.0,0.0,0.0,0.0,0.0,0.0,0.0,0.0,0,0
278,115,Square Off,1141,attack_param,300000706,1665,,0,direct,self_mechanic,,on_hit,,,1,effect targets the attacker/self and is not target buildup,0.0,0.0,0.0,0.0,0.0,0.0,0.0,0.0,0.0,0.0,0.0,0.0,0.0,0,0
279,115,Square Off,1141,attack_param,300000706,1667,,0,direct,self_mechanic,,on_hit,,,1,effect targets the attacker/self and is not target buildup,0.0,0.0,0.0,0.0,0.0,0.0,0.0,0.0,0.0,0.0,0.0,0.0,0.0,0,0
280,115,Square Off,1141,attack_param,300000706,6904,AccumuVal [10],0,direct,self_mechanic,,on_hit,,,1,effect targets the attacker/self and is not target buildup,0.0,0.0,0.0,0.0,0.0,0.0,0.0,0.0,0.0,0.0,0.0,0.0,0.0,0,0
281,118,Loretta's Slash,1273,attack_param,301000441,6903,AccumuVal [8],0,direct,self_mechanic,,on_hit,,,1,effect targets the attacker/self and is not target buildup,0.0,0.0,0.0,0.0,0.0,0.0,0.0,0.0,0.0,0.0,0.0,0.0,0.0,0,0
282,118,Loretta's Slash,1274,attack_param,301000442,6903,AccumuVal [8],0,direct,self_mechanic,,on_hit,,,1,effect targets the attacker/self and is not target buildup,0.0,0.0,0.0,0.0,0.0,0.0,0.0,0.0,0.0,0.0,0.0,0.0,0.0,0,0
283,118,Loretta's Slash,1275,attack_param,301000443,6903,AccumuVal [8],0,direct,self_mechanic,,on_hit,,,1,effect targets the attacker/self and is not target buildup,0.0,0.0,0.0,0.0,0.0,0.0,0.0,0.0,0.0,0.0,0.0,0.0,0.0,0,0
284,118,Loretta's Slash,1276,attack_param,301000444,6903,AccumuVal [8],0,direct,self_mechanic,,on_hit,,,1,effect targets the attacker/self and is not target buildup,0.0,0.0,0.0,0.0,0.0,0.0,0.0,0.0,0.0,0.0,0.0,0.0,0.0,0,0
285,118,Loretta's Slash,1277,attack_param,301600441,6903,AccumuVal [8],0,direct,self_mechanic,,on_hit,,,1,effect targets the attacker/self and is not target buildup,0.0,0.0,0.0,0.0,0.0,0.0,0.0,0.0,0.0,0.0,0.0,0.0,0.0,0,0
286,118,Loretta's Slash,1278,attack_param,301600442,6903,AccumuVal [8],0,direct,self_mechanic,,on_hit,,,1,effect targets the attacker/self and is not target buildup,0.0,0.0,0.0,0.0,0.0,0.0,0.0,0.0,0.0,0.0,0.0,0.0,0.0,0,0
287,118,Loretta's Slash,1279,attack_param,301600443,6903,AccumuVal [8],0,direct,self_mechanic,,on_hit,,,1,effect targets the attacker/self and is not target buildup,0.0,0.0,0.0,0.0,0.0,0.0,0.0,0.0,0.0,0.0,0.0,0.0,0.0,0,0
288,118,Loretta's Slash,1280,attack_param,301600444,6903,AccumuVal [8],0,direct,self_mechanic,,on_hit,,,1,effect targets the attacker/self and is not target buildup,0.0,0.0,0.0,0.0,0.0,0.0,0.0,0.0,0.0,0.0,0.0,0.0,0.0,0,0
289,118,Loretta's Slash,1281,attack_param,301700441,6903,AccumuVal [8],0,direct,self_mechanic,,on_hit,,,1,effect targets the attacker/self and is not target buildup,0.0,0.0,0.0,0.0,0.0,0.0,0.0,0.0,0.0,0.0,0.0,0.0,0.0,0,0
290,118,Loretta's Slash,1282,attack_param,301700442,6903,AccumuVal [8],0,direct,self_mechanic,,on_hit,,,1,effect targets the attacker/self and is not target buildup,0.0,0.0,0.0,0.0,0.0,0.0,0.0,0.0,0.0,0.0,0.0,0.0,0.0,0,0
291,118,Loretta's Slash,1283,attack_param,301700443,6903,AccumuVal [8],0,direct,self_mechanic,,on_hit,,,1,effect targets the attacker/self and is not target buildup,0.0,0.0,0.0,0.0,0.0,0.0,0.0,0.0,0.0,0.0,0.0,0.0,0.0,0,0
292,118,Loretta's Slash,1284,attack_param,301700444,6903,AccumuVal [8],0,direct,self_mechanic,,on_hit,,,1,effect targets the attacker/self and is not target buildup,0.0,0.0,0.0,0.0,0.0,0.0,0.0,0.0,0.0,0.0,0.0,0.0,0.0,0,0
293,118,Loretta's Slash,1285,attack_param,301800441,6903,AccumuVal [8],0,direct,self_mechanic,,on_hit,,,1,effect targets the attacker/self and is not target buildup,0.0,0.0,0.0,0.0,0.0,0.0,0.0,0.0,0.0,0.0,0.0,0.0,0.0,0,0
294,118,Loretta's Slash,1286,attack_param,301800442,6903,AccumuVal [8],0,direct,self_mechanic,,on_hit,,,1,effect targets the attacker/self and is not target buildup,0.0,0.0,0.0,0.0,0.0,0.0,0.0,0.0,0.0,0.0,0.0,0.0,0.0,0,0
295,118,Loretta's Slash,1287,attack_param,301800443,6903,AccumuVal [8],0,direct,self_mechanic,,on_hit,,,1,effect targets the attacker/self and is not target buildup,0.0,0.0,0.0,0.0,0.0,0.0,0.0,0.0,0.0,0.0,0.0,0.0,0.0,0,0
296,118,Loretta's Slash,1288,attack_param,301800444,6903,AccumuVal [8],0,direct,self_mechanic,,on_hit,,,1,effect targets the attacker/self and is not target buildup,0.0,0.0,0.0,0.0,0.0,0.0,0.0,0.0,0.0,0.0,0.0,0.0,0.0,0,0
297,118,Loretta's Slash,1289,attack_param,301900441,6903,AccumuVal [8],0,direct,self_mechanic,,on_hit,,,1,effect targets the attacker/self and is not target buildup,0.0,0.0,0.0,0.0,0.0,0.0,0.0,0.0,0.0,0.0,0.0,0.0,0.0,0,0
298,118,Loretta's Slash,1290,attack_param,301900442,6903,AccumuVal [8],0,direct,self_mechanic,,on_hit,,,1,effect targets the attacker/self and is not target buildup,0.0,0.0,0.0,0.0,0.0,0.0,0.0,0.0,0.0,0.0,0.0,0.0,0.0,0,0
299,118,Loretta's Slash,1291,attack_param,301900443,6903,AccumuVal [8],0,direct,self_mechanic,,on_hit,,,1,effect targets the attacker/self and is not target buildup,0.0,0.0,0.0,0.0,0.0,0.0,0.0,0.0,0.0,0.0,0.0,0.0,0.0,0,0
300,118,Loretta's Slash,1292,attack_param,301900444,6903,AccumuVal [8],0,direct,self_mechanic,,on_hit,,,1,effect targets the attacker/self and is not target buildup,0.0,0.0,0.0,0.0,0.0,0.0,0.0,0.0,0.0,0.0,0.0,0.0,0.0,0,0
301,118,Loretta's Slash,2471,attack_param,301810905,6903,AccumuVal [8],0,direct,self_mechanic,,on_hit,,,1,effect targets the attacker/self and is not target buildup,0.0,0.0,0.0,0.0,0.0,0.0,0.0,0.0,0.0,0.0,0.0,0.0,0.0,0,0
302,118,Loretta's Slash,2472,attack_param,301810906,6903,AccumuVal [8],0,direct,self_mechanic,,on_hit,,,1,effect targets the attacker/self and is not target buildup,0.0,0.0,0.0,0.0,0.0,0.0,0.0,0.0,0.0,0.0,0.0,0.0,0.0,0,0
303,118,Loretta's Slash,2473,attack_param,301810910,6903,AccumuVal [8],0,direct,self_mechanic,,on_hit,,,1,effect targets the attacker/self and is not target buildup,0.0,0.0,0.0,0.0,0.0,0.0,0.0,0.0,0.0,0.0,0.0,0.0,0.0,0,0
304,118,Loretta's Slash,2474,attack_param,301810911,6903,AccumuVal [8],0,direct,self_mechanic,,on_hit,,,1,effect targets the attacker/self and is not target buildup,0.0,0.0,0.0,0.0,0.0,0.0,0.0,0.0,0.0,0.0,0.0,0.0,0.0,0,0
305,119,Poison Moth Flight,1442,attack_param,300000450,1620,[AoW] Poison Moth Flight,0,direct,replacement_or_chained,,on_hit,,,0,conditional replacement semantics are not immediate per-hit buildup,0.0,0.0,0.0,0.0,0.0,0.0,0.0,0.0,0.0,0.0,0.0,0.0,0.0,0,0
306,119,Poison Moth Flight,1442,attack_param,300000450,6904,AccumuVal [10],0,direct,self_mechanic,,on_hit,,,1,effect targets the attacker/self and is not target buildup,0.0,0.0,0.0,0.0,0.0,0.0,0.0,0.0,0.0,0.0,0.0,0.0,0.0,0,0
307,119,Poison Moth Flight,1442,sp_effect_chain,1620,1621,[AoW] Poison Moth Flight [Cycle SpEffect],1620,cycle,replacement_or_chained,,conditional,,,0,conditional child effect is recorded but not treated as immediate hit buildup,0.10000000149011612,0.0,0.0,0.0,0.0,0.0,0.0,0.0,0.0,0.0,0.0,0.0,0.0,0,0
308,119,Poison Moth Flight,1442,sp_effect_chain,1620,1622,[AoW] Poison Moth Flight [Chain SpEffect],1620,replace,replacement_or_chained,,conditional,,,0,conditional child effect is recorded but not treated as immediate hit buildup,30.0,0.0,0.0,0.0,0.0,0.0,0.0,0.0,250.0,0.0,0.0,0.0,0.0,1,0
309,119,Poison Moth Flight,1443,attack_param,300000455,6904,AccumuVal [10],0,direct,self_mechanic,,on_hit,,,1,effect targets the attacker/self and is not target buildup,0.0,0.0,0.0,0.0,0.0,0.0,0.0,0.0,0.0,0.0,0.0,0.0,0.0,0,0
310,120,Spinning Weapon,1245,attack_param,300000540,6902,AccumuVal [6],0,direct,self_mechanic,,on_hit,,,1,effect targets the attacker/self and is not target buildup,0.0,0.0,0.0,0.0,0.0,0.0,0.0,0.0,0.0,0.0,0.0,0.0,0.0,0,0
311,120,Spinning Weapon,1246,attack_param,300000541,6902,AccumuVal [6],0,direct,self_mechanic,,on_hit,,,1,effect targets the attacker/self and is not target buildup,0.0,0.0,0.0,0.0,0.0,0.0,0.0,0.0,0.0,0.0,0.0,0.0,0.0,0,0
312,120,Spinning Weapon,1247,attack_param,300000541,6902,AccumuVal [6],0,direct,self_mechanic,,on_hit,,,1,effect targets the attacker/self and is not target buildup,0.0,0.0,0.0,0.0,0.0,0.0,0.0,0.0,0.0,0.0,0.0,0.0,0.0,0,0
313,120,Spinning Weapon,1248,attack_param,300000541,6902,AccumuVal [6],0,direct,self_mechanic,,on_hit,,,1,effect targets the attacker/self and is not target buildup,0.0,0.0,0.0,0.0,0.0,0.0,0.0,0.0,0.0,0.0,0.0,0.0,0.0,0,0
314,120,Spinning Weapon,1249,attack_param,300000541,6902,AccumuVal [6],0,direct,self_mechanic,,on_hit,,,1,effect targets the attacker/self and is not target buildup,0.0,0.0,0.0,0.0,0.0,0.0,0.0,0.0,0.0,0.0,0.0,0.0,0.0,0,0
315,120,Spinning Weapon,1250,attack_param,300000541,6902,AccumuVal [6],0,direct,self_mechanic,,on_hit,,,1,effect targets the attacker/self and is not target buildup,0.0,0.0,0.0,0.0,0.0,0.0,0.0,0.0,0.0,0.0,0.0,0.0,0.0,0,0
316,120,Spinning Weapon,1251,attack_param,300000542,6902,AccumuVal [6],0,direct,self_mechanic,,on_hit,,,1,effect targets the attacker/self and is not target buildup,0.0,0.0,0.0,0.0,0.0,0.0,0.0,0.0,0.0,0.0,0.0,0.0,0.0,0,0
317,120,Spinning Weapon,1252,attack_param,300000545,6902,AccumuVal [6],0,direct,self_mechanic,,on_hit,,,1,effect targets the attacker/self and is not target buildup,0.0,0.0,0.0,0.0,0.0,0.0,0.0,0.0,0.0,0.0,0.0,0.0,0.0,0,0
318,120,Spinning Weapon,1253,attack_param,300000546,6902,AccumuVal [6],0,direct,self_mechanic,,on_hit,,,1,effect targets the attacker/self and is not target buildup,0.0,0.0,0.0,0.0,0.0,0.0,0.0,0.0,0.0,0.0,0.0,0.0,0.0,0,0
319,120,Spinning Weapon,1254,attack_param,300000546,6902,AccumuVal [6],0,direct,self_mechanic,,on_hit,,,1,effect targets the attacker/self and is not target buildup,0.0,0.0,0.0,0.0,0.0,0.0,0.0,0.0,0.0,0.0,0.0,0.0,0.0,0,0
320,120,Spinning Weapon,1255,attack_param,300000546,6902,AccumuVal [6],0,direct,self_mechanic,,on_hit,,,1,effect targets the attacker/self and is not target buildup,0.0,0.0,0.0,0.0,0.0,0.0,0.0,0.0,0.0,0.0,0.0,0.0,0.0,0,0
321,120,Spinning Weapon,1256,attack_param,300000546,6902,AccumuVal [6],0,direct,self_mechanic,,on_hit,,,1,effect targets the attacker/self and is not target buildup,0.0,0.0,0.0,0.0,0.0,0.0,0.0,0.0,0.0,0.0,0.0,0.0,0.0,0,0
322,120,Spinning Weapon,1257,attack_param,300000546,6902,AccumuVal [6],0,direct,self_mechanic,,on_hit,,,1,effect targets the attacker/self and is not target buildup,0.0,0.0,0.0,0.0,0.0,0.0,0.0,0.0,0.0,0.0,0.0,0.0,0.0,0,0
323,120,Spinning Weapon,1258,attack_param,300000547,6902,AccumuVal [6],0,direct,self_mechanic,,on_hit,,,1,effect targets the attacker/self and is not target buildup,0.0,0.0,0.0,0.0,0.0,0.0,0.0,0.0,0.0,0.0,0.0,0.0,0.0,0,0
324,120,Spinning Weapon,1259,attack_param,300100540,6902,AccumuVal [6],0,direct,self_mechanic,,on_hit,,,1,effect targets the attacker/self and is not target buildup,0.0,0.0,0.0,0.0,0.0,0.0,0.0,0.0,0.0,0.0,0.0,0.0,0.0,0,0
325,120,Spinning Weapon,1260,attack_param,300100541,6902,AccumuVal [6],0,direct,self_mechanic,,on_hit,,,1,effect targets the attacker/self and is not target buildup,0.0,0.0,0.0,0.0,0.0,0.0,0.0,0.0,0.0,0.0,0.0,0.0,0.0,0,0
326,120,Spinning Weapon,1261,attack_param,300100541,6902,AccumuVal [6],0,direct,self_mechanic,,on_hit,,,1,effect targets the attacker/self and is not target buildup,0.0,0.0,0.0,0.0,0.0,0.0,0.0,0.0,0.0,0.0,0.0,0.0,0.0,0,0
327,120,Spinning Weapon,1262,attack_param,300100541,6902,AccumuVal [6],0,direct,self_mechanic,,on_hit,,,1,effect targets the attacker/self and is not target buildup,0.0,0.0,0.0,0.0,0.0,0.0,0.0,0.0,0.0,0.0,0.0,0.0,0.0,0,0
328,120,Spinning Weapon,1263,attack_param,300100541,6902,AccumuVal [6],0,direct,self_mechanic,,on_hit,,,1,effect targets the attacker/self and is not target buildup,0.0,0.0,0.0,0.0,0.0,0.0,0.0,0.0,0.0,0.0,0.0,0.0,0.0,0,0
329,120,Spinning Weapon,1264,attack_param,300100541,6902,AccumuVal [6],0,direct,self_mechanic,,on_hit,,,1,effect targets the attacker/self and is not target buildup,0.0,0.0,0.0,0.0,0.0,0.0,0.0,0.0,0.0,0.0,0.0,0.0,0.0,0,0
330,120,Spinning Weapon,1265,attack_param,300100542,6902,AccumuVal [6],0,direct,self_mechanic,,on_hit,,,1,effect targets the attacker/self and is not target buildup,0.0,0.0,0.0,0.0,0.0,0.0,0.0,0.0,0.0,0.0,0.0,0.0,0.0,0,0
331,120,Spinning Weapon,1266,attack_param,300100545,6902,AccumuVal [6],0,direct,self_mechanic,,on_hit,,,1,effect targets the attacker/self and is not target buildup,0.0,0.0,0.0,0.0,0.0,0.0,0.0,0.0,0.0,0.0,0.0,0.0,0.0,0,0
332,120,Spinning Weapon,1267,attack_param,300100546,6902,AccumuVal [6],0,direct,self_mechanic,,on_hit,,,1,effect targets the attacker/self and is not target buildup,0.0,0.0,0.0,0.0,0.0,0.0,0.0,0.0,0.0,0.0,0.0,0.0,0.0,0,0
333,120,Spinning Weapon,1268,attack_param,300100546,6902,AccumuVal [6],0,direct,self_mechanic,,on_hit,,,1,effect targets the attacker/self and is not target buildup,0.0,0.0,0.0,0.0,0.0,0.0,0.0,0.0,0.0,0.0,0.0,0.0,0.0,0,0
334,120,Spinning Weapon,1269,attack_param,300100546,6902,AccumuVal [6],0,direct,self_mechanic,,on_hit,,,1,effect targets the attacker/self and is not target buildup,0.0,0.0,0.0,0.0,0.0,0.0,0.0,0.0,0.0,0.0,0.0,0.0,0.0,0,0
335,120,Spinning Weapon,1270,attack_param,300100546,6902,AccumuVal [6],0,direct,self_mechanic,,on_hit,,,1,effect targets the attacker/self and is not target buildup,0.0,0.0,0.0,0.0,0.0,0.0,0.0,0.0,0.0,0.0,0.0,0.0,0.0,0,0
336,120,Spinning Weapon,1271,attack_param,300100546,6902,AccumuVal [6],0,direct,self_mechanic,,on_hit,,,1,effect targets the attacker/self and is not target buildup,0.0,0.0,0.0,0.0,0.0,0.0,0.0,0.0,0.0,0.0,0.0,0.0,0.0,0,0
337,120,Spinning Weapon,1272,attack_param,300100547,6902,AccumuVal [6],0,direct,self_mechanic,,on_hit,,,1,effect targets the attacker/self and is not target buildup,0.0,0.0,0.0,0.0,0.0,0.0,0.0,0.0,0.0,0.0,0.0,0.0,0.0,0,0
338,120,Spinning Weapon,2594,attack_param,303309900,6903,AccumuVal [8],0,direct,self_mechanic,,on_hit,,,1,effect targets the attacker/self and is not target buildup,0.0,0.0,0.0,0.0,0.0,0.0,0.0,0.0,0.0,0.0,0.0,0.0,0.0,0,0
339,120,Spinning Weapon,2595,attack_param,303309900,6903,AccumuVal [8],0,direct,self_mechanic,,on_hit,,,1,effect targets the attacker/self and is not target buildup,0.0,0.0,0.0,0.0,0.0,0.0,0.0,0.0,0.0,0.0,0.0,0.0,0.0,0,0
340,120,Spinning Weapon,2596,attack_param,303309900,6903,AccumuVal [8],0,direct,self_mechanic,,on_hit,,,1,effect targets the attacker/self and is not target buildup,0.0,0.0,0.0,0.0,0.0,0.0,0.0,0.0,0.0,0.0,0.0,0.0,0.0,0,0
341,120,Spinning Weapon,2597,attack_param,303309902,6903,AccumuVal [8],0,direct,self_mechanic,,on_hit,,,1,effect targets the attacker/self and is not target buildup,0.0,0.0,0.0,0.0,0.0,0.0,0.0,0.0,0.0,0.0,0.0,0.0,0.0,0,0
342,120,Spinning Weapon,2598,attack_param,303309905,6903,AccumuVal [8],0,direct,self_mechanic,,on_hit,,,1,effect targets the attacker/self and is not target buildup,0.0,0.0,0.0,0.0,0.0,0.0,0.0,0.0,0.0,0.0,0.0,0.0,0.0,0,0
343,120,Spinning Weapon,2599,attack_param,303309905,6903,AccumuVal [8],0,direct,self_mechanic,,on_hit,,,1,effect targets the attacker/self and is not target buildup,0.0,0.0,0.0,0.0,0.0,0.0,0.0,0.0,0.0,0.0,0.0,0.0,0.0,0,0
344,120,Spinning Weapon,2600,attack_param,303309905,6903,AccumuVal [8],0,direct,self_mechanic,,on_hit,,,1,effect targets the attacker/self and is not target buildup,0.0,0.0,0.0,0.0,0.0,0.0,0.0,0.0,0.0,0.0,0.0,0.0,0.0,0,0
345,120,Spinning Weapon,2601,attack_param,303309907,6903,AccumuVal [8],0,direct,self_mechanic,,on_hit,,,1,effect targets the attacker/self and is not target buildup,0.0,0.0,0.0,0.0,0.0,0.0,0.0,0.0,0.0,0.0,0.0,0.0,0.0,0,0
346,122,Storm Assault,1184,attack_param,300000461,6903,AccumuVal [8],0,direct,self_mechanic,,on_hit,,,1,effect targets the attacker/self and is not target buildup,0.0,0.0,0.0,0.0,0.0,0.0,0.0,0.0,0.0,0.0,0.0,0.0,0.0,0,0
347,122,Storm Assault,1185,attack_param,300000462,6903,AccumuVal [8],0,direct,self_mechanic,,on_hit,,,1,effect targets the attacker/self and is not target buildup,0.0,0.0,0.0,0.0,0.0,0.0,0.0,0.0,0.0,0.0,0.0,0.0,0.0,0,0
348,122,Storm Assault,1186,attack_param,300000460,6903,AccumuVal [8],0,direct,self_mechanic,,on_hit,,,1,effect targets the attacker/self and is not target buildup,0.0,0.0,0.0,0.0,0.0,0.0,0.0,0.0,0.0,0.0,0.0,0.0,0.0,0,0
349,122,Storm Assault,1187,attack_param,300000465,6903,AccumuVal [8],0,direct,self_mechanic,,on_hit,,,1,effect targets the attacker/self and is not target buildup,0.0,0.0,0.0,0.0,0.0,0.0,0.0,0.0,0.0,0.0,0.0,0.0,0.0,0,0
350,123,Stormcaller,1188,attack_param,300000640,6903,AccumuVal [8],0,direct,self_mechanic,,on_hit,,,1,effect targets the attacker/self and is not target buildup,0.0,0.0,0.0,0.0,0.0,0.0,0.0,0.0,0.0,0.0,0.0,0.0,0.0,0,0
351,123,Stormcaller,1189,attack_param,300000641,6903,AccumuVal [8],0,direct,self_mechanic,,on_hit,,,1,effect targets the attacker/self and is not target buildup,0.0,0.0,0.0,0.0,0.0,0.0,0.0,0.0,0.0,0.0,0.0,0.0,0.0,0,0
352,123,Stormcaller,1190,attack_param,300000642,6903,AccumuVal [8],0,direct,self_mechanic,,on_hit,,,1,effect targets the attacker/self and is not target buildup,0.0,0.0,0.0,0.0,0.0,0.0,0.0,0.0,0.0,0.0,0.0,0.0,0.0,0,0
353,123,Stormcaller,1191,attack_param,300000643,6903,AccumuVal [8],0,direct,self_mechanic,,on_hit,,,1,effect targets the attacker/self and is not target buildup,0.0,0.0,0.0,0.0,0.0,0.0,0.0,0.0,0.0,0.0,0.0,0.0,0.0,0,0
354,123,Stormcaller,1192,attack_param,300000644,6903,AccumuVal [8],0,direct,self_mechanic,,on_hit,,,1,effect targets the attacker/self and is not target buildup,0.0,0.0,0.0,0.0,0.0,0.0,0.0,0.0,0.0,0.0,0.0,0.0,0.0,0,0
355,123,Stormcaller,1193,attack_param,300000645,6903,AccumuVal [8],0,direct,self_mechanic,,on_hit,,,1,effect targets the attacker/self and is not target buildup,0.0,0.0,0.0,0.0,0.0,0.0,0.0,0.0,0.0,0.0,0.0,0.0,0.0,0,0
356,123,Stormcaller,1194,attack_param,300000649,6903,AccumuVal [8],0,direct,self_mechanic,,on_hit,,,1,effect targets the attacker/self and is not target buildup,0.0,0.0,0.0,0.0,0.0,0.0,0.0,0.0,0.0,0.0,0.0,0.0,0.0,0,0
357,123,Stormcaller,1195,attack_param,300000650,6903,AccumuVal [8],0,direct,self_mechanic,,on_hit,,,1,effect targets the attacker/self and is not target buildup,0.0,0.0,0.0,0.0,0.0,0.0,0.0,0.0,0.0,0.0,0.0,0.0,0.0,0,0
358,123,Stormcaller,1196,attack_param,300000651,6903,AccumuVal [8],0,direct,self_mechanic,,on_hit,,,1,effect targets the attacker/self and is not target buildup,0.0,0.0,0.0,0.0,0.0,0.0,0.0,0.0,0.0,0.0,0.0,0.0,0.0,0,0
359,123,Stormcaller,1197,attack_param,300000652,6903,AccumuVal [8],0,direct,self_mechanic,,on_hit,,,1,effect targets the attacker/self and is not target buildup,0.0,0.0,0.0,0.0,0.0,0.0,0.0,0.0,0.0,0.0,0.0,0.0,0.0,0,0
360,123,Stormcaller,1198,attack_param,300000655,6903,AccumuVal [8],0,direct,self_mechanic,,on_hit,,,1,effect targets the attacker/self and is not target buildup,0.0,0.0,0.0,0.0,0.0,0.0,0.0,0.0,0.0,0.0,0.0,0.0,0.0,0,0
361,123,Stormcaller,1199,attack_param,300000656,6903,AccumuVal [8],0,direct,self_mechanic,,on_hit,,,1,effect targets the attacker/self and is not target buildup,0.0,0.0,0.0,0.0,0.0,0.0,0.0,0.0,0.0,0.0,0.0,0.0,0.0,0,0
362,123,Stormcaller,1200,attack_param,300000657,6903,AccumuVal [8],0,direct,self_mechanic,,on_hit,,,1,effect targets the attacker/self and is not target buildup,0.0,0.0,0.0,0.0,0.0,0.0,0.0,0.0,0.0,0.0,0.0,0.0,0.0,0,0
363,123,Stormcaller,1201,attack_param,300000658,6903,AccumuVal [8],0,direct,self_mechanic,,on_hit,,,1,effect targets the attacker/self and is not target buildup,0.0,0.0,0.0,0.0,0.0,0.0,0.0,0.0,0.0,0.0,0.0,0.0,0.0,0,0
364,123,Stormcaller,1202,attack_param,300000646,6903,AccumuVal [8],0,direct,self_mechanic,,on_hit,,,1,effect targets the attacker/self and is not target buildup,0.0,0.0,0.0,0.0,0.0,0.0,0.0,0.0,0.0,0.0,0.0,0.0,0.0,0,0
365,123,Stormcaller,1203,attack_param,300000647,6903,AccumuVal [8],0,direct,self_mechanic,,on_hit,,,1,effect targets the attacker/self and is not target buildup,0.0,0.0,0.0,0.0,0.0,0.0,0.0,0.0,0.0,0.0,0.0,0.0,0.0,0,0
366,123,Stormcaller,1204,attack_param,300000648,6903,AccumuVal [8],0,direct,self_mechanic,,on_hit,,,1,effect targets the attacker/self and is not target buildup,0.0,0.0,0.0,0.0,0.0,0.0,0.0,0.0,0.0,0.0,0.0,0.0,0.0,0,0
367,123,Stormcaller,1205,attack_param,300000653,6903,AccumuVal [8],0,direct,self_mechanic,,on_hit,,,1,effect targets the attacker/self and is not target buildup,0.0,0.0,0.0,0.0,0.0,0.0,0.0,0.0,0.0,0.0,0.0,0.0,0.0,0,0
368,123,Stormcaller,1206,attack_param,300000654,6903,AccumuVal [8],0,direct,self_mechanic,,on_hit,,,1,effect targets the attacker/self and is not target buildup,0.0,0.0,0.0,0.0,0.0,0.0,0.0,0.0,0.0,0.0,0.0,0.0,0.0,0,0
369,123,Stormcaller,1207,attack_param,300000659,6903,AccumuVal [8],0,direct,self_mechanic,,on_hit,,,1,effect targets the attacker/self and is not target buildup,0.0,0.0,0.0,0.0,0.0,0.0,0.0,0.0,0.0,0.0,0.0,0.0,0.0,0,0
370,123,Stormcaller,1208,attack_param,300000660,6903,AccumuVal [8],0,direct,self_mechanic,,on_hit,,,1,effect targets the attacker/self and is not target buildup,0.0,0.0,0.0,0.0,0.0,0.0,0.0,0.0,0.0,0.0,0.0,0.0,0.0,0,0
371,124,Sword Dance,1000,attack_param,300000470,6903,AccumuVal [8],0,direct,self_mechanic,,on_hit,,,1,effect targets the attacker/self and is not target buildup,0.0,0.0,0.0,0.0,0.0,0.0,0.0,0.0,0.0,0.0,0.0,0.0,0.0,0,0
372,124,Sword Dance,1001,attack_param,300000471,6903,AccumuVal [8],0,direct,self_mechanic,,on_hit,,,1,effect targets the attacker/self and is not target buildup,0.0,0.0,0.0,0.0,0.0,0.0,0.0,0.0,0.0,0.0,0.0,0.0,0.0,0,0
373,124,Sword Dance,1002,attack_param,300000472,6903,AccumuVal [8],0,direct,self_mechanic,,on_hit,,,1,effect targets the attacker/self and is not target buildup,0.0,0.0,0.0,0.0,0.0,0.0,0.0,0.0,0.0,0.0,0.0,0.0,0.0,0,0
374,124,Sword Dance,1003,attack_param,300000475,6903,AccumuVal [8],0,direct,self_mechanic,,on_hit,,,1,effect targets the attacker/self and is not target buildup,0.0,0.0,0.0,0.0,0.0,0.0,0.0,0.0,0.0,0.0,0.0,0.0,0.0,0,0
375,124,Sword Dance,1004,attack_param,300000476,6903,AccumuVal [8],0,direct,self_mechanic,,on_hit,,,1,effect targets the attacker/self and is not target buildup,0.0,0.0,0.0,0.0,0.0,0.0,0.0,0.0,0.0,0.0,0.0,0.0,0.0,0,0
376,124,Sword Dance,1005,attack_param,300000477,6903,AccumuVal [8],0,direct,self_mechanic,,on_hit,,,1,effect targets the attacker/self and is not target buildup,0.0,0.0,0.0,0.0,0.0,0.0,0.0,0.0,0.0,0.0,0.0,0.0,0.0,0,0
377,124,Sword Dance,1006,attack_param,300000470,6903,AccumuVal [8],0,direct,self_mechanic,,on_hit,,,1,effect targets the attacker/self and is not target buildup,0.0,0.0,0.0,0.0,0.0,0.0,0.0,0.0,0.0,0.0,0.0,0.0,0.0,0,0
378,124,Sword Dance,1007,attack_param,300000471,6903,AccumuVal [8],0,direct,self_mechanic,,on_hit,,,1,effect targets the attacker/self and is not target buildup,0.0,0.0,0.0,0.0,0.0,0.0,0.0,0.0,0.0,0.0,0.0,0.0,0.0,0,0
379,124,Sword Dance,1008,attack_param,300000472,6903,AccumuVal [8],0,direct,self_mechanic,,on_hit,,,1,effect targets the attacker/self and is not target buildup,0.0,0.0,0.0,0.0,0.0,0.0,0.0,0.0,0.0,0.0,0.0,0.0,0.0,0,0
380,124,Sword Dance,1009,attack_param,300000475,6903,AccumuVal [8],0,direct,self_mechanic,,on_hit,,,1,effect targets the attacker/self and is not target buildup,0.0,0.0,0.0,0.0,0.0,0.0,0.0,0.0,0.0,0.0,0.0,0.0,0.0,0,0
381,124,Sword Dance,1010,attack_param,300000476,6903,AccumuVal [8],0,direct,self_mechanic,,on_hit,,,1,effect targets the attacker/self and is not target buildup,0.0,0.0,0.0,0.0,0.0,0.0,0.0,0.0,0.0,0.0,0.0,0.0,0.0,0,0
382,124,Sword Dance,1011,attack_param,300000477,6903,AccumuVal [8],0,direct,self_mechanic,,on_hit,,,1,effect targets the attacker/self and is not target buildup,0.0,0.0,0.0,0.0,0.0,0.0,0.0,0.0,0.0,0.0,0.0,0.0,0.0,0,0
383,124,Sword Dance,1012,attack_param,300000470,6903,AccumuVal [8],0,direct,self_mechanic,,on_hit,,,1,effect targets the attacker/self and is not target buildup,0.0,0.0,0.0,0.0,0.0,0.0,0.0,0.0,0.0,0.0,0.0,0.0,0.0,0,0
384,124,Sword Dance,1013,attack_param,300000471,6903,AccumuVal [8],0,direct,self_mechanic,,on_hit,,,1,effect targets the attacker/self and is not target buildup,0.0,0.0,0.0,0.0,0.0,0.0,0.0,0.0,0.0,0.0,0.0,0.0,0.0,0,0
385,124,Sword Dance,1014,attack_param,300000472,6903,AccumuVal [8],0,direct,self_mechanic,,on_hit,,,1,effect targets the attacker/self and is not target buildup,0.0,0.0,0.0,0.0,0.0,0.0,0.0,0.0,0.0,0.0,0.0,0.0,0.0,0,0
386,124,Sword Dance,1015,attack_param,300000475,6903,AccumuVal [8],0,direct,self_mechanic,,on_hit,,,1,effect targets the attacker/self and is not target buildup,0.0,0.0,0.0,0.0,0.0,0.0,0.0,0.0,0.0,0.0,0.0,0.0,0.0,0,0
387,124,Sword Dance,1016,attack_param,300000476,6903,AccumuVal [8],0,direct,self_mechanic,,on_hit,,,1,effect targets the attacker/self and is not target buildup,0.0,0.0,0.0,0.0,0.0,0.0,0.0,0.0,0.0,0.0,0.0,0.0,0.0,0,0
388,124,Sword Dance,1017,attack_param,300000477,6903,AccumuVal [8],0,direct,self_mechanic,,on_hit,,,1,effect targets the attacker/self and is not target buildup,0.0,0.0,0.0,0.0,0.0,0.0,0.0,0.0,0.0,0.0,0.0,0.0,0.0,0,0
389,124,Sword Dance,1018,attack_param,300000470,6903,AccumuVal [8],0,direct,self_mechanic,,on_hit,,,1,effect targets the attacker/self and is not target buildup,0.0,0.0,0.0,0.0,0.0,0.0,0.0,0.0,0.0,0.0,0.0,0.0,0.0,0,0
390,124,Sword Dance,1019,attack_param,300000471,6903,AccumuVal [8],0,direct,self_mechanic,,on_hit,,,1,effect targets the attacker/self and is not target buildup,0.0,0.0,0.0,0.0,0.0,0.0,0.0,0.0,0.0,0.0,0.0,0.0,0.0,0,0
391,124,Sword Dance,1020,attack_param,300000472,6903,AccumuVal [8],0,direct,self_mechanic,,on_hit,,,1,effect targets the attacker/self and is not target buildup,0.0,0.0,0.0,0.0,0.0,0.0,0.0,0.0,0.0,0.0,0.0,0.0,0.0,0,0
392,124,Sword Dance,1021,attack_param,300000475,6903,AccumuVal [8],0,direct,self_mechanic,,on_hit,,,1,effect targets the attacker/self and is not target buildup,0.0,0.0,0.0,0.0,0.0,0.0,0.0,0.0,0.0,0.0,0.0,0.0,0.0,0,0
393,124,Sword Dance,1022,attack_param,300000476,6903,AccumuVal [8],0,direct,self_mechanic,,on_hit,,,1,effect targets the attacker/self and is not target buildup,0.0,0.0,0.0,0.0,0.0,0.0,0.0,0.0,0.0,0.0,0.0,0.0,0.0,0,0
394,124,Sword Dance,1023,attack_param,300000477,6903,AccumuVal [8],0,direct,self_mechanic,,on_hit,,,1,effect targets the attacker/self and is not target buildup,0.0,0.0,0.0,0.0,0.0,0.0,0.0,0.0,0.0,0.0,0.0,0.0,0.0,0,0
395,124,Sword Dance,1024,attack_param,300000470,6903,AccumuVal [8],0,direct,self_mechanic,,on_hit,,,1,effect targets the attacker/self and is not target buildup,0.0,0.0,0.0,0.0,0.0,0.0,0.0,0.0,0.0,0.0,0.0,0.0,0.0,0,0
396,124,Sword Dance,1025,attack_param,300000471,6903,AccumuVal [8],0,direct,self_mechanic,,on_hit,,,1,effect targets the attacker/self and is not target buildup,0.0,0.0,0.0,0.0,0.0,0.0,0.0,0.0,0.0,0.0,0.0,0.0,0.0,0,0
397,124,Sword Dance,1026,attack_param,300000472,6903,AccumuVal [8],0,direct,self_mechanic,,on_hit,,,1,effect targets the attacker/self and is not target buildup,0.0,0.0,0.0,0.0,0.0,0.0,0.0,0.0,0.0,0.0,0.0,0.0,0.0,0,0
398,124,Sword Dance,1027,attack_param,300000475,6903,AccumuVal [8],0,direct,self_mechanic,,on_hit,,,1,effect targets the attacker/self and is not target buildup,0.0,0.0,0.0,0.0,0.0,0.0,0.0,0.0,0.0,0.0,0.0,0.0,0.0,0,0
399,124,Sword Dance,1028,attack_param,300000476,6903,AccumuVal [8],0,direct,self_mechanic,,on_hit,,,1,effect targets the attacker/self and is not target buildup,0.0,0.0,0.0,0.0,0.0,0.0,0.0,0.0,0.0,0.0,0.0,0.0,0.0,0,0
400,124,Sword Dance,1029,attack_param,300000477,6903,AccumuVal [8],0,direct,self_mechanic,,on_hit,,,1,effect targets the attacker/self and is not target buildup,0.0,0.0,0.0,0.0,0.0,0.0,0.0,0.0,0.0,0.0,0.0,0.0,0.0,0,0
401,124,Sword Dance,1030,attack_param,300000470,6903,AccumuVal [8],0,direct,self_mechanic,,on_hit,,,1,effect targets the attacker/self and is not target buildup,0.0,0.0,0.0,0.0,0.0,0.0,0.0,0.0,0.0,0.0,0.0,0.0,0.0,0,0
402,124,Sword Dance,1031,attack_param,300000471,6903,AccumuVal [8],0,direct,self_mechanic,,on_hit,,,1,effect targets the attacker/self and is not target buildup,0.0,0.0,0.0,0.0,0.0,0.0,0.0,0.0,0.0,0.0,0.0,0.0,0.0,0,0
403,124,Sword Dance,1032,attack_param,300000472,6903,AccumuVal [8],0,direct,self_mechanic,,on_hit,,,1,effect targets the attacker/self and is not target buildup,0.0,0.0,0.0,0.0,0.0,0.0,0.0,0.0,0.0,0.0,0.0,0.0,0.0,0,0
404,124,Sword Dance,1033,attack_param,300000475,6903,AccumuVal [8],0,direct,self_mechanic,,on_hit,,,1,effect targets the attacker/self and is not target buildup,0.0,0.0,0.0,0.0,0.0,0.0,0.0,0.0,0.0,0.0,0.0,0.0,0.0,0,0
405,124,Sword Dance,1034,attack_param,300000476,6903,AccumuVal [8],0,direct,self_mechanic,,on_hit,,,1,effect targets the attacker/self and is not target buildup,0.0,0.0,0.0,0.0,0.0,0.0,0.0,0.0,0.0,0.0,0.0,0.0,0.0,0,0
406,124,Sword Dance,1035,attack_param,300000477,6903,AccumuVal [8],0,direct,self_mechanic,,on_hit,,,1,effect targets the attacker/self and is not target buildup,0.0,0.0,0.0,0.0,0.0,0.0,0.0,0.0,0.0,0.0,0.0,0.0,0.0,0,0
407,124,Sword Dance,1036,attack_param,300000470,6903,AccumuVal [8],0,direct,self_mechanic,,on_hit,,,1,effect targets the attacker/self and is not target buildup,0.0,0.0,0.0,0.0,0.0,0.0,0.0,0.0,0.0,0.0,0.0,0.0,0.0,0,0
408,124,Sword Dance,1037,attack_param,300000471,6903,AccumuVal [8],0,direct,self_mechanic,,on_hit,,,1,effect targets the attacker/self and is not target buildup,0.0,0.0,0.0,0.0,0.0,0.0,0.0,0.0,0.0,0.0,0.0,0.0,0.0,0,0
409,124,Sword Dance,1038,attack_param,300000472,6903,AccumuVal [8],0,direct,self_mechanic,,on_hit,,,1,effect targets the attacker/self and is not target buildup,0.0,0.0,0.0,0.0,0.0,0.0,0.0,0.0,0.0,0.0,0.0,0.0,0.0,0,0
410,124,Sword Dance,1039,attack_param,300000475,6903,AccumuVal [8],0,direct,self_mechanic,,on_hit,,,1,effect targets the attacker/self and is not target buildup,0.0,0.0,0.0,0.0,0.0,0.0,0.0,0.0,0.0,0.0,0.0,0.0,0.0,0,0
411,124,Sword Dance,1040,attack_param,300000476,6903,AccumuVal [8],0,direct,self_mechanic,,on_hit,,,1,effect targets the attacker/self and is not target buildup,0.0,0.0,0.0,0.0,0.0,0.0,0.0,0.0,0.0,0.0,0.0,0.0,0.0,0,0
412,124,Sword Dance,1041,attack_param,300000477,6903,AccumuVal [8],0,direct,self_mechanic,,on_hit,,,1,effect targets the attacker/self and is not target buildup,0.0,0.0,0.0,0.0,0.0,0.0,0.0,0.0,0.0,0.0,0.0,0.0,0.0,0,0
413,124,Sword Dance,1042,attack_param,300000470,6903,AccumuVal [8],0,direct,self_mechanic,,on_hit,,,1,effect targets the attacker/self and is not target buildup,0.0,0.0,0.0,0.0,0.0,0.0,0.0,0.0,0.0,0.0,0.0,0.0,0.0,0,0
414,124,Sword Dance,1043,attack_param,300000471,6903,AccumuVal [8],0,direct,self_mechanic,,on_hit,,,1,effect targets the attacker/self and is not target buildup,0.0,0.0,0.0,0.0,0.0,0.0,0.0,0.0,0.0,0.0,0.0,0.0,0.0,0,0
415,124,Sword Dance,1044,attack_param,300000472,6903,AccumuVal [8],0,direct,self_mechanic,,on_hit,,,1,effect targets the attacker/self and is not target buildup,0.0,0.0,0.0,0.0,0.0,0.0,0.0,0.0,0.0,0.0,0.0,0.0,0.0,0,0
416,124,Sword Dance,1045,attack_param,300000475,6903,AccumuVal [8],0,direct,self_mechanic,,on_hit,,,1,effect targets the attacker/self and is not target buildup,0.0,0.0,0.0,0.0,0.0,0.0,0.0,0.0,0.0,0.0,0.0,0.0,0.0,0,0
417,124,Sword Dance,1046,attack_param,300000476,6903,AccumuVal [8],0,direct,self_mechanic,,on_hit,,,1,effect targets the attacker/self and is not target buildup,0.0,0.0,0.0,0.0,0.0,0.0,0.0,0.0,0.0,0.0,0.0,0.0,0.0,0,0
418,124,Sword Dance,1047,attack_param,300000477,6903,AccumuVal [8],0,direct,self_mechanic,,on_hit,,,1,effect targets the attacker/self and is not target buildup,0.0,0.0,0.0,0.0,0.0,0.0,0.0,0.0,0.0,0.0,0.0,0.0,0.0,0,0
419,124,Sword Dance,1048,attack_param,300000480,6903,AccumuVal [8],0,direct,self_mechanic,,on_hit,,,1,effect targets the attacker/self and is not target buildup,0.0,0.0,0.0,0.0,0.0,0.0,0.0,0.0,0.0,0.0,0.0,0.0,0.0,0,0
420,124,Sword Dance,1049,attack_param,300000481,6903,AccumuVal [8],0,direct,self_mechanic,,on_hit,,,1,effect targets the attacker/self and is not target buildup,0.0,0.0,0.0,0.0,0.0,0.0,0.0,0.0,0.0,0.0,0.0,0.0,0.0,0,0
421,124,Sword Dance,1050,attack_param,300000482,6903,AccumuVal [8],0,direct,self_mechanic,,on_hit,,,1,effect targets the attacker/self and is not target buildup,0.0,0.0,0.0,0.0,0.0,0.0,0.0,0.0,0.0,0.0,0.0,0.0,0.0,0,0
422,124,Sword Dance,1051,attack_param,300000485,6903,AccumuVal [8],0,direct,self_mechanic,,on_hit,,,1,effect targets the attacker/self and is not target buildup,0.0,0.0,0.0,0.0,0.0,0.0,0.0,0.0,0.0,0.0,0.0,0.0,0.0,0,0
423,124,Sword Dance,1052,attack_param,300000486,6903,AccumuVal [8],0,direct,self_mechanic,,on_hit,,,1,effect targets the attacker/self and is not target buildup,0.0,0.0,0.0,0.0,0.0,0.0,0.0,0.0,0.0,0.0,0.0,0.0,0.0,0,0
424,124,Sword Dance,1053,attack_param,300000487,6903,AccumuVal [8],0,direct,self_mechanic,,on_hit,,,1,effect targets the attacker/self and is not target buildup,0.0,0.0,0.0,0.0,0.0,0.0,0.0,0.0,0.0,0.0,0.0,0.0,0.0,0,0
425,124,Sword Dance,1054,attack_param,300000480,6903,AccumuVal [8],0,direct,self_mechanic,,on_hit,,,1,effect targets the attacker/self and is not target buildup,0.0,0.0,0.0,0.0,0.0,0.0,0.0,0.0,0.0,0.0,0.0,0.0,0.0,0,0
426,124,Sword Dance,1055,attack_param,300000481,6903,AccumuVal [8],0,direct,self_mechanic,,on_hit,,,1,effect targets the attacker/self and is not target buildup,0.0,0.0,0.0,0.0,0.0,0.0,0.0,0.0,0.0,0.0,0.0,0.0,0.0,0,0
427,124,Sword Dance,1056,attack_param,300000482,6903,AccumuVal [8],0,direct,self_mechanic,,on_hit,,,1,effect targets the attacker/self and is not target buildup,0.0,0.0,0.0,0.0,0.0,0.0,0.0,0.0,0.0,0.0,0.0,0.0,0.0,0,0
428,124,Sword Dance,1057,attack_param,300000485,6903,AccumuVal [8],0,direct,self_mechanic,,on_hit,,,1,effect targets the attacker/self and is not target buildup,0.0,0.0,0.0,0.0,0.0,0.0,0.0,0.0,0.0,0.0,0.0,0.0,0.0,0,0
429,124,Sword Dance,1058,attack_param,300000486,6903,AccumuVal [8],0,direct,self_mechanic,,on_hit,,,1,effect targets the attacker/self and is not target buildup,0.0,0.0,0.0,0.0,0.0,0.0,0.0,0.0,0.0,0.0,0.0,0.0,0.0,0,0
430,124,Sword Dance,1059,attack_param,300000487,6903,AccumuVal [8],0,direct,self_mechanic,,on_hit,,,1,effect targets the attacker/self and is not target buildup,0.0,0.0,0.0,0.0,0.0,0.0,0.0,0.0,0.0,0.0,0.0,0.0,0.0,0,0
431,124,Sword Dance,1060,attack_param,300000480,6903,AccumuVal [8],0,direct,self_mechanic,,on_hit,,,1,effect targets the attacker/self and is not target buildup,0.0,0.0,0.0,0.0,0.0,0.0,0.0,0.0,0.0,0.0,0.0,0.0,0.0,0,0
432,124,Sword Dance,1061,attack_param,300000481,6903,AccumuVal [8],0,direct,self_mechanic,,on_hit,,,1,effect targets the attacker/self and is not target buildup,0.0,0.0,0.0,0.0,0.0,0.0,0.0,0.0,0.0,0.0,0.0,0.0,0.0,0,0
433,124,Sword Dance,1062,attack_param,300000482,6903,AccumuVal [8],0,direct,self_mechanic,,on_hit,,,1,effect targets the attacker/self and is not target buildup,0.0,0.0,0.0,0.0,0.0,0.0,0.0,0.0,0.0,0.0,0.0,0.0,0.0,0,0
434,124,Sword Dance,1063,attack_param,300000485,6903,AccumuVal [8],0,direct,self_mechanic,,on_hit,,,1,effect targets the attacker/self and is not target buildup,0.0,0.0,0.0,0.0,0.0,0.0,0.0,0.0,0.0,0.0,0.0,0.0,0.0,0,0
435,124,Sword Dance,1064,attack_param,300000486,6903,AccumuVal [8],0,direct,self_mechanic,,on_hit,,,1,effect targets the attacker/self and is not target buildup,0.0,0.0,0.0,0.0,0.0,0.0,0.0,0.0,0.0,0.0,0.0,0.0,0.0,0,0
436,124,Sword Dance,1065,attack_param,300000487,6903,AccumuVal [8],0,direct,self_mechanic,,on_hit,,,1,effect targets the attacker/self and is not target buildup,0.0,0.0,0.0,0.0,0.0,0.0,0.0,0.0,0.0,0.0,0.0,0.0,0.0,0,0
437,124,Sword Dance,1066,attack_param,300000480,6903,AccumuVal [8],0,direct,self_mechanic,,on_hit,,,1,effect targets the attacker/self and is not target buildup,0.0,0.0,0.0,0.0,0.0,0.0,0.0,0.0,0.0,0.0,0.0,0.0,0.0,0,0
438,124,Sword Dance,1067,attack_param,300000481,6903,AccumuVal [8],0,direct,self_mechanic,,on_hit,,,1,effect targets the attacker/self and is not target buildup,0.0,0.0,0.0,0.0,0.0,0.0,0.0,0.0,0.0,0.0,0.0,0.0,0.0,0,0
439,124,Sword Dance,1068,attack_param,300000482,6903,AccumuVal [8],0,direct,self_mechanic,,on_hit,,,1,effect targets the attacker/self and is not target buildup,0.0,0.0,0.0,0.0,0.0,0.0,0.0,0.0,0.0,0.0,0.0,0.0,0.0,0,0
440,124,Sword Dance,1069,attack_param,300000485,6903,AccumuVal [8],0,direct,self_mechanic,,on_hit,,,1,effect targets the attacker/self and is not target buildup,0.0,0.0,0.0,0.0,0.0,0.0,0.0,0.0,0.0,0.0,0.0,0.0,0.0,0,0
441,124,Sword Dance,1070,attack_param,300000486,6903,AccumuVal [8],0,direct,self_mechanic,,on_hit,,,1,effect targets the attacker/self and is not target buildup,0.0,0.0,0.0,0.0,0.0,0.0,0.0,0.0,0.0,0.0,0.0,0.0,0.0,0,0
442,124,Sword Dance,1071,attack_param,300000487,6903,AccumuVal [8],0,direct,self_mechanic,,on_hit,,,1,effect targets the attacker/self and is not target buildup,0.0,0.0,0.0,0.0,0.0,0.0,0.0,0.0,0.0,0.0,0.0,0.0,0.0,0,0
443,124,Sword Dance,1072,attack_param,300000490,6903,AccumuVal [8],0,direct,self_mechanic,,on_hit,,,1,effect targets the attacker/self and is not target buildup,0.0,0.0,0.0,0.0,0.0,0.0,0.0,0.0,0.0,0.0,0.0,0.0,0.0,0,0
444,124,Sword Dance,1073,attack_param,300000491,6903,AccumuVal [8],0,direct,self_mechanic,,on_hit,,,1,effect targets the attacker/self and is not target buildup,0.0,0.0,0.0,0.0,0.0,0.0,0.0,0.0,0.0,0.0,0.0,0.0,0.0,0,0
445,124,Sword Dance,1074,attack_param,300000492,6903,AccumuVal [8],0,direct,self_mechanic,,on_hit,,,1,effect targets the attacker/self and is not target buildup,0.0,0.0,0.0,0.0,0.0,0.0,0.0,0.0,0.0,0.0,0.0,0.0,0.0,0,0
446,124,Sword Dance,1075,attack_param,300000495,6903,AccumuVal [8],0,direct,self_mechanic,,on_hit,,,1,effect targets the attacker/self and is not target buildup,0.0,0.0,0.0,0.0,0.0,0.0,0.0,0.0,0.0,0.0,0.0,0.0,0.0,0,0
447,124,Sword Dance,1076,attack_param,300000496,6903,AccumuVal [8],0,direct,self_mechanic,,on_hit,,,1,effect targets the attacker/self and is not target buildup,0.0,0.0,0.0,0.0,0.0,0.0,0.0,0.0,0.0,0.0,0.0,0.0,0.0,0,0
448,124,Sword Dance,1077,attack_param,300000497,6903,AccumuVal [8],0,direct,self_mechanic,,on_hit,,,1,effect targets the attacker/self and is not target buildup,0.0,0.0,0.0,0.0,0.0,0.0,0.0,0.0,0.0,0.0,0.0,0.0,0.0,0,0
449,124,Sword Dance,1078,attack_param,300000490,6903,AccumuVal [8],0,direct,self_mechanic,,on_hit,,,1,effect targets the attacker/self and is not target buildup,0.0,0.0,0.0,0.0,0.0,0.0,0.0,0.0,0.0,0.0,0.0,0.0,0.0,0,0
450,124,Sword Dance,1079,attack_param,300000491,6903,AccumuVal [8],0,direct,self_mechanic,,on_hit,,,1,effect targets the attacker/self and is not target buildup,0.0,0.0,0.0,0.0,0.0,0.0,0.0,0.0,0.0,0.0,0.0,0.0,0.0,0,0
451,124,Sword Dance,1080,attack_param,300000492,6903,AccumuVal [8],0,direct,self_mechanic,,on_hit,,,1,effect targets the attacker/self and is not target buildup,0.0,0.0,0.0,0.0,0.0,0.0,0.0,0.0,0.0,0.0,0.0,0.0,0.0,0,0
452,124,Sword Dance,1081,attack_param,300000495,6903,AccumuVal [8],0,direct,self_mechanic,,on_hit,,,1,effect targets the attacker/self and is not target buildup,0.0,0.0,0.0,0.0,0.0,0.0,0.0,0.0,0.0,0.0,0.0,0.0,0.0,0,0
453,124,Sword Dance,1082,attack_param,300000496,6903,AccumuVal [8],0,direct,self_mechanic,,on_hit,,,1,effect targets the attacker/self and is not target buildup,0.0,0.0,0.0,0.0,0.0,0.0,0.0,0.0,0.0,0.0,0.0,0.0,0.0,0,0
454,124,Sword Dance,1083,attack_param,300000497,6903,AccumuVal [8],0,direct,self_mechanic,,on_hit,,,1,effect targets the attacker/self and is not target buildup,0.0,0.0,0.0,0.0,0.0,0.0,0.0,0.0,0.0,0.0,0.0,0.0,0.0,0,0
455,124,Sword Dance,1084,attack_param,300000490,6903,AccumuVal [8],0,direct,self_mechanic,,on_hit,,,1,effect targets the attacker/self and is not target buildup,0.0,0.0,0.0,0.0,0.0,0.0,0.0,0.0,0.0,0.0,0.0,0.0,0.0,0,0
456,124,Sword Dance,1085,attack_param,300000491,6903,AccumuVal [8],0,direct,self_mechanic,,on_hit,,,1,effect targets the attacker/self and is not target buildup,0.0,0.0,0.0,0.0,0.0,0.0,0.0,0.0,0.0,0.0,0.0,0.0,0.0,0,0
457,124,Sword Dance,1086,attack_param,300000492,6903,AccumuVal [8],0,direct,self_mechanic,,on_hit,,,1,effect targets the attacker/self and is not target buildup,0.0,0.0,0.0,0.0,0.0,0.0,0.0,0.0,0.0,0.0,0.0,0.0,0.0,0,0
458,124,Sword Dance,1087,attack_param,300000495,6903,AccumuVal [8],0,direct,self_mechanic,,on_hit,,,1,effect targets the attacker/self and is not target buildup,0.0,0.0,0.0,0.0,0.0,0.0,0.0,0.0,0.0,0.0,0.0,0.0,0.0,0,0
459,124,Sword Dance,1088,attack_param,300000496,6903,AccumuVal [8],0,direct,self_mechanic,,on_hit,,,1,effect targets the attacker/self and is not target buildup,0.0,0.0,0.0,0.0,0.0,0.0,0.0,0.0,0.0,0.0,0.0,0.0,0.0,0,0
460,124,Sword Dance,1089,attack_param,300000497,6903,AccumuVal [8],0,direct,self_mechanic,,on_hit,,,1,effect targets the attacker/self and is not target buildup,0.0,0.0,0.0,0.0,0.0,0.0,0.0,0.0,0.0,0.0,0.0,0.0,0.0,0,0
461,124,Sword Dance,1090,attack_param,301000490,6903,AccumuVal [8],0,direct,self_mechanic,,on_hit,,,1,effect targets the attacker/self and is not target buildup,0.0,0.0,0.0,0.0,0.0,0.0,0.0,0.0,0.0,0.0,0.0,0.0,0.0,0,0
462,124,Sword Dance,1091,attack_param,301000491,6903,AccumuVal [8],0,direct,self_mechanic,,on_hit,,,1,effect targets the attacker/self and is not target buildup,0.0,0.0,0.0,0.0,0.0,0.0,0.0,0.0,0.0,0.0,0.0,0.0,0.0,0,0
463,124,Sword Dance,1092,attack_param,301000492,6903,AccumuVal [8],0,direct,self_mechanic,,on_hit,,,1,effect targets the attacker/self and is not target buildup,0.0,0.0,0.0,0.0,0.0,0.0,0.0,0.0,0.0,0.0,0.0,0.0,0.0,0,0
464,124,Sword Dance,1093,attack_param,301000495,6903,AccumuVal [8],0,direct,self_mechanic,,on_hit,,,1,effect targets the attacker/self and is not target buildup,0.0,0.0,0.0,0.0,0.0,0.0,0.0,0.0,0.0,0.0,0.0,0.0,0.0,0,0
465,124,Sword Dance,1094,attack_param,301000496,6903,AccumuVal [8],0,direct,self_mechanic,,on_hit,,,1,effect targets the attacker/self and is not target buildup,0.0,0.0,0.0,0.0,0.0,0.0,0.0,0.0,0.0,0.0,0.0,0.0,0.0,0,0
466,124,Sword Dance,1095,attack_param,301000497,6903,AccumuVal [8],0,direct,self_mechanic,,on_hit,,,1,effect targets the attacker/self and is not target buildup,0.0,0.0,0.0,0.0,0.0,0.0,0.0,0.0,0.0,0.0,0.0,0.0,0.0,0,0
467,125,Spinning Chain,2266,attack_param,300000904,1665,,0,direct,self_mechanic,,on_hit,,,1,effect targets the attacker/self and is not target buildup,0.0,0.0,0.0,0.0,0.0,0.0,0.0,0.0,0.0,0.0,0.0,0.0,0.0,0,0
468,125,Spinning Chain,2266,attack_param,300000904,6903,AccumuVal [8],0,direct,self_mechanic,,on_hit,,,1,effect targets the attacker/self and is not target buildup,0.0,0.0,0.0,0.0,0.0,0.0,0.0,0.0,0.0,0.0,0.0,0.0,0.0,0,0
469,125,Spinning Chain,2267,attack_param,300000900,1665,,0,direct,self_mechanic,,on_hit,,,1,effect targets the attacker/self and is not target buildup,0.0,0.0,0.0,0.0,0.0,0.0,0.0,0.0,0.0,0.0,0.0,0.0,0.0,0,0
470,125,Spinning Chain,2267,attack_param,300000900,6903,AccumuVal [8],0,direct,self_mechanic,,on_hit,,,1,effect targets the attacker/self and is not target buildup,0.0,0.0,0.0,0.0,0.0,0.0,0.0,0.0,0.0,0.0,0.0,0.0,0.0,0,0
471,125,Spinning Chain,2268,attack_param,300000901,1665,,0,direct,self_mechanic,,on_hit,,,1,effect targets the attacker/self and is not target buildup,0.0,0.0,0.0,0.0,0.0,0.0,0.0,0.0,0.0,0.0,0.0,0.0,0.0,0,0
472,125,Spinning Chain,2268,attack_param,300000901,6903,AccumuVal [8],0,direct,self_mechanic,,on_hit,,,1,effect targets the attacker/self and is not target buildup,0.0,0.0,0.0,0.0,0.0,0.0,0.0,0.0,0.0,0.0,0.0,0.0,0.0,0,0
473,125,Spinning Chain,2269,attack_param,300000902,1665,,0,direct,self_mechanic,,on_hit,,,1,effect targets the attacker/self and is not target buildup,0.0,0.0,0.0,0.0,0.0,0.0,0.0,0.0,0.0,0.0,0.0,0.0,0.0,0,0
474,125,Spinning Chain,2269,attack_param,300000902,6903,AccumuVal [8],0,direct,self_mechanic,,on_hit,,,1,effect targets the attacker/self and is not target buildup,0.0,0.0,0.0,0.0,0.0,0.0,0.0,0.0,0.0,0.0,0.0,0.0,0.0,0,0
475,125,Spinning Chain,2270,attack_param,300000903,1665,,0,direct,self_mechanic,,on_hit,,,1,effect targets the attacker/self and is not target buildup,0.0,0.0,0.0,0.0,0.0,0.0,0.0,0.0,0.0,0.0,0.0,0.0,0.0,0,0
476,125,Spinning Chain,2270,attack_param,300000903,6903,AccumuVal [8],0,direct,self_mechanic,,on_hit,,,1,effect targets the attacker/self and is not target buildup,0.0,0.0,0.0,0.0,0.0,0.0,0.0,0.0,0.0,0.0,0.0,0.0,0.0,0,0
477,125,Spinning Chain,2271,attack_param,300000909,1665,,0,direct,self_mechanic,,on_hit,,,1,effect targets the attacker/self and is not target buildup,0.0,0.0,0.0,0.0,0.0,0.0,0.0,0.0,0.0,0.0,0.0,0.0,0.0,0,0
478,125,Spinning Chain,2271,attack_param,300000909,6903,AccumuVal [8],0,direct,self_mechanic,,on_hit,,,1,effect targets the attacker/self and is not target buildup,0.0,0.0,0.0,0.0,0.0,0.0,0.0,0.0,0.0,0.0,0.0,0.0,0.0,0,0
479,125,Spinning Chain,2272,attack_param,300000905,1665,,0,direct,self_mechanic,,on_hit,,,1,effect targets the attacker/self and is not target buildup,0.0,0.0,0.0,0.0,0.0,0.0,0.0,0.0,0.0,0.0,0.0,0.0,0.0,0,0
480,125,Spinning Chain,2272,attack_param,300000905,6903,AccumuVal [8],0,direct,self_mechanic,,on_hit,,,1,effect targets the attacker/self and is not target buildup,0.0,0.0,0.0,0.0,0.0,0.0,0.0,0.0,0.0,0.0,0.0,0.0,0.0,0,0
481,125,Spinning Chain,2273,attack_param,300000906,1665,,0,direct,self_mechanic,,on_hit,,,1,effect targets the attacker/self and is not target buildup,0.0,0.0,0.0,0.0,0.0,0.0,0.0,0.0,0.0,0.0,0.0,0.0,0.0,0,0
482,125,Spinning Chain,2273,attack_param,300000906,6903,AccumuVal [8],0,direct,self_mechanic,,on_hit,,,1,effect targets the attacker/self and is not target buildup,0.0,0.0,0.0,0.0,0.0,0.0,0.0,0.0,0.0,0.0,0.0,0.0,0.0,0,0
483,125,Spinning Chain,2274,attack_param,300000907,1665,,0,direct,self_mechanic,,on_hit,,,1,effect targets the attacker/self and is not target buildup,0.0,0.0,0.0,0.0,0.0,0.0,0.0,0.0,0.0,0.0,0.0,0.0,0.0,0,0
484,125,Spinning Chain,2274,attack_param,300000907,6903,AccumuVal [8],0,direct,self_mechanic,,on_hit,,,1,effect targets the attacker/self and is not target buildup,0.0,0.0,0.0,0.0,0.0,0.0,0.0,0.0,0.0,0.0,0.0,0.0,0.0,0,0
485,125,Spinning Chain,2275,attack_param,300000908,1665,,0,direct,self_mechanic,,on_hit,,,1,effect targets the attacker/self and is not target buildup,0.0,0.0,0.0,0.0,0.0,0.0,0.0,0.0,0.0,0.0,0.0,0.0,0.0,0,0
486,125,Spinning Chain,2275,attack_param,300000908,6903,AccumuVal [8],0,direct,self_mechanic,,on_hit,,,1,effect targets the attacker/self and is not target buildup,0.0,0.0,0.0,0.0,0.0,0.0,0.0,0.0,0.0,0.0,0.0,0.0,0.0,0,0
487,200,Glintblade Phalanx,1225,attack_param,300200865,6904,AccumuVal [10],0,direct,self_mechanic,,on_hit,,,1,effect targets the attacker/self and is not target buildup,0.0,0.0,0.0,0.0,0.0,0.0,0.0,0.0,0.0,0.0,0.0,0.0,0.0,0,0
488,200,Glintblade Phalanx,1226,attack_param,300200866,6903,AccumuVal [8],0,direct,self_mechanic,,on_hit,,,1,effect targets the attacker/self and is not target buildup,0.0,0.0,0.0,0.0,0.0,0.0,0.0,0.0,0.0,0.0,0.0,0.0,0.0,0,0
489,201,Sacred Blade,0,sp_effect_cycle,820,821,[AoW] Sacred Blade - Anti-Undead/Holy Buff,820,cycle,persistent_weapon_buff,activation,after_action,right,1,1,active persistent buff is the root effect's numeric cycle child,40.0,0.0,0.0,0.0,0.0,90.0,0.0,0.0,0.0,0.0,0.0,0.0,0.0,0,1
490,201,Sacred Blade,0,sp_effect_cycle,822,823,[AoW] Sacred Blade - Anti-Undead/Holy Buff,822,cycle,persistent_weapon_buff,activation,after_action,left,0,1,active persistent buff is the root effect's numeric cycle child,40.0,0.0,0.0,0.0,0.0,90.0,0.0,0.0,0.0,0.0,0.0,0.0,0.0,0,1
491,201,Sacred Blade,0,verified_script_setup,820,820,[AoW] Sacred Blade,0,direct,persistent_setup,activation,after_action,right,1,1,Skill script applies right-hand SpEffect root; verified cycle edge in regulation,0.0,0.0,0.0,0.0,0.0,0.0,0.0,0.0,0.0,0.0,0.0,0.0,0.0,0,0
492,201,Sacred Blade,0,verified_script_setup,822,822,[AoW] Sacred Blade,0,direct,persistent_setup,activation,after_action,left,0,1,Skill script applies left-hand SpEffect root; verified cycle edge in regulation,0.0,0.0,0.0,0.0,0.0,0.0,0.0,0.0,0.0,0.0,0.0,0.0,0.0,0,0
493,201,Sacred Blade,1386,attack_param,300000166,1665,,0,direct,self_mechanic,,on_hit,,,1,effect targets the attacker/self and is not target buildup,0.0,0.0,0.0,0.0,0.0,0.0,0.0,0.0,0.0,0.0,0.0,0.0,0.0,0,0
494,201,Sacred Blade,1386,attack_param,300000166,1667,,0,direct,self_mechanic,,on_hit,,,1,effect targets the attacker/self and is not target buildup,0.0,0.0,0.0,0.0,0.0,0.0,0.0,0.0,0.0,0.0,0.0,0.0,0.0,0,0
495,201,Sacred Blade,1386,attack_param,300000166,6904,AccumuVal [10],0,direct,self_mechanic,,on_hit,,,1,effect targets the attacker/self and is not target buildup,0.0,0.0,0.0,0.0,0.0,0.0,0.0,0.0,0.0,0.0,0.0,0.0,0.0,0,0
496,201,Sacred Blade,1388,attack_param,300000169,1665,,0,direct,self_mechanic,,on_hit,,,1,effect targets the attacker/self and is not target buildup,0.0,0.0,0.0,0.0,0.0,0.0,0.0,0.0,0.0,0.0,0.0,0.0,0.0,0,0
497,201,Sacred Blade,1388,attack_param,300000169,1667,,0,direct,self_mechanic,,on_hit,,,1,effect targets the attacker/self and is not target buildup,0.0,0.0,0.0,0.0,0.0,0.0,0.0,0.0,0.0,0.0,0.0,0.0,0.0,0,0
498,201,Sacred Blade,1388,attack_param,300000169,6904,AccumuVal [10],0,direct,self_mechanic,,on_hit,,,1,effect targets the attacker/self and is not target buildup,0.0,0.0,0.0,0.0,0.0,0.0,0.0,0.0,0.0,0.0,0.0,0.0,0.0,0,0
499,202,Ice Spear,1480,attack_param,300200077,6903,AccumuVal [8],0,direct,self_mechanic,,on_hit,,,1,effect targets the attacker/self and is not target buildup,0.0,0.0,0.0,0.0,0.0,0.0,0.0,0.0,0.0,0.0,0.0,0.0,0.0,0,0
500,202,Ice Spear,1481,attack_param,300200075,6903,AccumuVal [8],0,direct,self_mechanic,,on_hit,,,1,effect targets the attacker/self and is not target buildup,0.0,0.0,0.0,0.0,0.0,0.0,0.0,0.0,0.0,0.0,0.0,0.0,0.0,0,0
501,202,Ice Spear,1481,bullet_target,2490,1530,[AoW] Ice Spear - Bullet Frostbite,0,direct,per_hit_status,,on_hit,,,1,target status payload is attached to this hit by numeric ID,20.0,0.0,0.0,0.0,0.0,0.0,0.0,160.0,0.0,0.0,0.0,0.0,0.0,0,0
502,202,Ice Spear,1482,attack_param,300200078,6903,AccumuVal [8],0,direct,self_mechanic,,on_hit,,,1,effect targets the attacker/self and is not target buildup,0.0,0.0,0.0,0.0,0.0,0.0,0.0,0.0,0.0,0.0,0.0,0.0,0.0,0,0
503,202,Ice Spear,1483,attack_param,300200076,6903,AccumuVal [8],0,direct,self_mechanic,,on_hit,,,1,effect targets the attacker/self and is not target buildup,0.0,0.0,0.0,0.0,0.0,0.0,0.0,0.0,0.0,0.0,0.0,0.0,0.0,0,0
504,203,Glintstone Pebble,1221,attack_param,300200895,6903,AccumuVal [8],0,direct,self_mechanic,,on_hit,,,1,effect targets the attacker/self and is not target buildup,0.0,0.0,0.0,0.0,0.0,0.0,0.0,0.0,0.0,0.0,0.0,0.0,0.0,0,0
505,203,Glintstone Pebble,1223,attack_param,300200897,1665,,0,direct,self_mechanic,,on_hit,,,1,effect targets the attacker/self and is not target buildup,0.0,0.0,0.0,0.0,0.0,0.0,0.0,0.0,0.0,0.0,0.0,0.0,0.0,0,0
506,203,Glintstone Pebble,1223,attack_param,300200897,1667,,0,direct,self_mechanic,,on_hit,,,1,effect targets the attacker/self and is not target buildup,0.0,0.0,0.0,0.0,0.0,0.0,0.0,0.0,0.0,0.0,0.0,0.0,0.0,0,0
507,203,Glintstone Pebble,1223,attack_param,300200897,6903,AccumuVal [8],0,direct,self_mechanic,,on_hit,,,1,effect targets the attacker/self and is not target buildup,0.0,0.0,0.0,0.0,0.0,0.0,0.0,0.0,0.0,0.0,0.0,0.0,0.0,0,0
508,204,Bloody Slash,1456,attack_param,300000057,1764,[AoW] Bloody Slash - Bullet Bleed,0,direct,per_hit_status,,on_hit,,,1,target status payload is attached to this hit by numeric ID,1.0,0.0,0.0,0.0,0.0,0.0,60.0,0.0,0.0,0.0,0.0,0.0,0.0,0,0
509,204,Bloody Slash,1457,attack_param,300000058,1665,,0,direct,self_mechanic,,on_hit,,,1,effect targets the attacker/self and is not target buildup,0.0,0.0,0.0,0.0,0.0,0.0,0.0,0.0,0.0,0.0,0.0,0.0,0.0,0,0
510,204,Bloody Slash,1457,attack_param,300000058,1667,,0,direct,self_mechanic,,on_hit,,,1,effect targets the attacker/self and is not target buildup,0.0,0.0,0.0,0.0,0.0,0.0,0.0,0.0,0.0,0.0,0.0,0.0,0.0,0,0
511,204,Bloody Slash,1457,attack_param,300000058,6904,AccumuVal [10],0,direct,self_mechanic,,on_hit,,,1,effect targets the attacker/self and is not target buildup,0.0,0.0,0.0,0.0,0.0,0.0,0.0,0.0,0.0,0.0,0.0,0.0,0.0,0,0
512,204,Bloody Slash,1458,attack_param,300000055,1764,[AoW] Bloody Slash - Bullet Bleed,0,direct,per_hit_status,,on_hit,,,1,target status payload is attached to this hit by numeric ID,1.0,0.0,0.0,0.0,0.0,0.0,60.0,0.0,0.0,0.0,0.0,0.0,0.0,0,0
513,204,Bloody Slash,1459,attack_param,300000056,1665,,0,direct,self_mechanic,,on_hit,,,1,effect targets the attacker/self and is not target buildup,0.0,0.0,0.0,0.0,0.0,0.0,0.0,0.0,0.0,0.0,0.0,0.0,0.0,0,0
514,204,Bloody Slash,1459,attack_param,300000056,1667,,0,direct,self_mechanic,,on_hit,,,1,effect targets the attacker/self and is not target buildup,0.0,0.0,0.0,0.0,0.0,0.0,0.0,0.0,0.0,0.0,0.0,0.0,0.0,0,0
515,204,Bloody Slash,1459,attack_param,300000056,6904,AccumuVal [10],0,direct,self_mechanic,,on_hit,,,1,effect targets the attacker/self and is not target buildup,0.0,0.0,0.0,0.0,0.0,0.0,0.0,0.0,0.0,0.0,0.0,0.0,0.0,0,0
516,204,Bloody Slash,1460,attack_param,300000055,1764,[AoW] Bloody Slash - Bullet Bleed,0,direct,per_hit_status,,on_hit,,,1,target status payload is attached to this hit by numeric ID,1.0,0.0,0.0,0.0,0.0,0.0,60.0,0.0,0.0,0.0,0.0,0.0,0.0,0,0
517,204,Bloody Slash,1461,attack_param,300000056,1665,,0,direct,self_mechanic,,on_hit,,,1,effect targets the attacker/self and is not target buildup,0.0,0.0,0.0,0.0,0.0,0.0,0.0,0.0,0.0,0.0,0.0,0.0,0.0,0,0
518,204,Bloody Slash,1461,attack_param,300000056,1667,,0,direct,self_mechanic,,on_hit,,,1,effect targets the attacker/self and is not target buildup,0.0,0.0,0.0,0.0,0.0,0.0,0.0,0.0,0.0,0.0,0.0,0.0,0.0,0,0
519,204,Bloody Slash,1461,attack_param,300000056,6904,AccumuVal [10],0,direct,self_mechanic,,on_hit,,,1,effect targets the attacker/self and is not target buildup,0.0,0.0,0.0,0.0,0.0,0.0,0.0,0.0,0.0,0.0,0.0,0.0,0.0,0,0
520,204,Bloody Slash,1462,attack_param,300000055,1764,[AoW] Bloody Slash - Bullet Bleed,0,direct,per_hit_status,,on_hit,,,1,target status payload is attached to this hit by numeric ID,1.0,0.0,0.0,0.0,0.0,0.0,60.0,0.0,0.0,0.0,0.0,0.0,0.0,0,0
521,204,Bloody Slash,1463,attack_param,300000056,1665,,0,direct,self_mechanic,,on_hit,,,1,effect targets the attacker/self and is not target buildup,0.0,0.0,0.0,0.0,0.0,0.0,0.0,0.0,0.0,0.0,0.0,0.0,0.0,0,0
522,204,Bloody Slash,1463,attack_param,300000056,1667,,0,direct,self_mechanic,,on_hit,,,1,effect targets the attacker/self and is not target buildup,0.0,0.0,0.0,0.0,0.0,0.0,0.0,0.0,0.0,0.0,0.0,0.0,0.0,0,0
523,204,Bloody Slash,1463,attack_param,300000056,6904,AccumuVal [10],0,direct,self_mechanic,,on_hit,,,1,effect targets the attacker/self and is not target buildup,0.0,0.0,0.0,0.0,0.0,0.0,0.0,0.0,0.0,0.0,0.0,0.0,0.0,0,0
524,205,Lifesteal Fist,1508,attack_param,300000025,6902,AccumuVal [6],0,direct,self_mechanic,,on_hit,,,1,effect targets the attacker/self and is not target buildup,0.0,0.0,0.0,0.0,0.0,0.0,0.0,0.0,0.0,0.0,0.0,0.0,0.0,0,0
525,205,Lifesteal Fist,1509,attack_param,300000026,6902,AccumuVal [6],0,direct,self_mechanic,,on_hit,,,1,effect targets the attacker/self and is not target buildup,0.0,0.0,0.0,0.0,0.0,0.0,0.0,0.0,0.0,0.0,0.0,0.0,0.0,0,0
526,205,Lifesteal Fist,1510,attack_param,300000026,6902,AccumuVal [6],0,direct,self_mechanic,,on_hit,,,1,effect targets the attacker/self and is not target buildup,0.0,0.0,0.0,0.0,0.0,0.0,0.0,0.0,0.0,0.0,0.0,0.0,0.0,0,0
527,205,Lifesteal Fist,1511,attack_param,300000026,6902,AccumuVal [6],0,direct,self_mechanic,,on_hit,,,1,effect targets the attacker/self and is not target buildup,0.0,0.0,0.0,0.0,0.0,0.0,0.0,0.0,0.0,0.0,0.0,0.0,0.0,0,0
528,205,Lifesteal Fist,1512,attack_param,300000027,6902,AccumuVal [6],0,direct,self_mechanic,,on_hit,,,1,effect targets the attacker/self and is not target buildup,0.0,0.0,0.0,0.0,0.0,0.0,0.0,0.0,0.0,0.0,0.0,0.0,0.0,0,0
529,205,Lifesteal Fist,1513,attack_param,300000027,6902,AccumuVal [6],0,direct,self_mechanic,,on_hit,,,1,effect targets the attacker/self and is not target buildup,0.0,0.0,0.0,0.0,0.0,0.0,0.0,0.0,0.0,0.0,0.0,0.0,0.0,0,0
530,205,Lifesteal Fist,1514,attack_param,300000028,6902,AccumuVal [6],0,direct,self_mechanic,,on_hit,,,1,effect targets the attacker/self and is not target buildup,0.0,0.0,0.0,0.0,0.0,0.0,0.0,0.0,0.0,0.0,0.0,0.0,0.0,0,0
531,207,Eruption,1310,attack_param,300000040,6906,AccumuVal [14],0,direct,self_mechanic,,on_hit,,,1,effect targets the attacker/self and is not target buildup,0.0,0.0,0.0,0.0,0.0,0.0,0.0,0.0,0.0,0.0,0.0,0.0,0.0,0,0
532,207,Eruption,1311,attack_param,300000043,6906,AccumuVal [14],0,direct,self_mechanic,,on_hit,,,1,effect targets the attacker/self and is not target buildup,0.0,0.0,0.0,0.0,0.0,0.0,0.0,0.0,0.0,0.0,0.0,0.0,0.0,0,0
533,207,Eruption,1314,attack_param,300000045,6906,AccumuVal [14],0,direct,self_mechanic,,on_hit,,,1,effect targets the attacker/self and is not target buildup,0.0,0.0,0.0,0.0,0.0,0.0,0.0,0.0,0.0,0.0,0.0,0.0,0.0,0,0
534,207,Eruption,1315,attack_param,300000046,6906,AccumuVal [14],0,direct,self_mechanic,,on_hit,,,1,effect targets the attacker/self and is not target buildup,0.0,0.0,0.0,0.0,0.0,0.0,0.0,0.0,0.0,0.0,0.0,0.0,0.0,0,0
535,208,Prayerful Strike,1389,attack_param,301200820,1630,[AoW] Prayerful Strike,0,direct,self_mechanic,,on_hit,,,1,effect targets the attacker/self and is not target buildup,0.0,0.0,0.0,0.0,0.0,0.0,0.0,0.0,0.0,0.0,0.0,0.0,0.0,0,0
536,208,Prayerful Strike,1389,attack_param,301200820,6906,AccumuVal [14],0,direct,self_mechanic,,on_hit,,,1,effect targets the attacker/self and is not target buildup,0.0,0.0,0.0,0.0,0.0,0.0,0.0,0.0,0.0,0.0,0.0,0.0,0.0,0,0
537,208,Prayerful Strike,1390,attack_param,301200821,6906,AccumuVal [14],0,direct,self_mechanic,,on_hit,,,1,effect targets the attacker/self and is not target buildup,0.0,0.0,0.0,0.0,0.0,0.0,0.0,0.0,0.0,0.0,0.0,0.0,0.0,0,0
538,209,Gravitas,1293,attack_param,300300852,6903,AccumuVal [8],0,direct,self_mechanic,,on_hit,,,1,effect targets the attacker/self and is not target buildup,0.0,0.0,0.0,0.0,0.0,0.0,0.0,0.0,0.0,0.0,0.0,0.0,0.0,0,0
539,209,Gravitas,1294,attack_param,30300850,470,Gravity - Pull towards Caster,0,direct,visual_or_non_gameplay,,on_hit,,,1,effect has no modeled attack-power or status payload,0.10000000149011612,0.0,0.0,0.0,0.0,0.0,0.0,0.0,0.0,0.0,0.0,0.0,0.0,0,0
540,209,Gravitas,1294,bullet_target,2190,470,Gravity - Pull towards Caster,0,direct,visual_or_non_gameplay,,on_hit,,,1,effect has no modeled attack-power or status payload,0.10000000149011612,0.0,0.0,0.0,0.0,0.0,0.0,0.0,0.0,0.0,0.0,0.0,0.0,0,0
541,209,Gravitas,1295,attack_param,30300851,470,Gravity - Pull towards Caster,0,direct,visual_or_non_gameplay,,on_hit,,,1,effect has no modeled attack-power or status payload,0.10000000149011612,0.0,0.0,0.0,0.0,0.0,0.0,0.0,0.0,0.0,0.0,0.0,0.0,0,0
542,209,Gravitas,1295,bullet_target,2191,470,Gravity - Pull towards Caster,0,direct,visual_or_non_gameplay,,on_hit,,,1,effect has no modeled attack-power or status payload,0.10000000149011612,0.0,0.0,0.0,0.0,0.0,0.0,0.0,0.0,0.0,0.0,0.0,0.0,0,0
543,209,Gravitas,1296,attack_param,30300852,470,Gravity - Pull towards Caster,0,direct,visual_or_non_gameplay,,on_hit,,,1,effect has no modeled attack-power or status payload,0.10000000149011612,0.0,0.0,0.0,0.0,0.0,0.0,0.0,0.0,0.0,0.0,0.0,0.0,0,0
544,209,Gravitas,1296,bullet_target,2192,470,Gravity - Pull towards Caster,0,direct,visual_or_non_gameplay,,on_hit,,,1,effect has no modeled attack-power or status payload,0.10000000149011612,0.0,0.0,0.0,0.0,0.0,0.0,0.0,0.0,0.0,0.0,0.0,0.0,0,0
545,209,Gravitas,1297,attack_param,300300853,6903,AccumuVal [8],0,direct,self_mechanic,,on_hit,,,1,effect targets the attacker/self and is not target buildup,0.0,0.0,0.0,0.0,0.0,0.0,0.0,0.0,0.0,0.0,0.0,0.0,0.0,0,0
546,210,Storm Blade,1177,attack_param,300000407,6902,AccumuVal [6],0,direct,self_mechanic,,on_hit,,,1,effect targets the attacker/self and is not target buildup,0.0,0.0,0.0,0.0,0.0,0.0,0.0,0.0,0.0,0.0,0.0,0.0,0.0,0,0
547,210,Storm Blade,1178,attack_param,300000408,6902,AccumuVal [6],0,direct,self_mechanic,,on_hit,,,1,effect targets the attacker/self and is not target buildup,0.0,0.0,0.0,0.0,0.0,0.0,0.0,0.0,0.0,0.0,0.0,0.0,0.0,0,0
548,210,Storm Blade,1179,attack_param,300000409,6902,AccumuVal [6],0,direct,self_mechanic,,on_hit,,,1,effect targets the attacker/self and is not target buildup,0.0,0.0,0.0,0.0,0.0,0.0,0.0,0.0,0.0,0.0,0.0,0.0,0.0,0,0
549,210,Storm Blade,1181,attack_param,300000411,6902,AccumuVal [6],0,direct,self_mechanic,,on_hit,,,1,effect targets the attacker/self and is not target buildup,0.0,0.0,0.0,0.0,0.0,0.0,0.0,0.0,0.0,0.0,0.0,0.0,0.0,0,0
550,210,Storm Blade,1182,attack_param,300000412,6902,AccumuVal [6],0,direct,self_mechanic,,on_hit,,,1,effect targets the attacker/self and is not target buildup,0.0,0.0,0.0,0.0,0.0,0.0,0.0,0.0,0.0,0.0,0.0,0.0,0.0,0,0
551,210,Storm Blade,1183,attack_param,300000413,6902,AccumuVal [6],0,direct,self_mechanic,,on_hit,,,1,effect targets the attacker/self and is not target buildup,0.0,0.0,0.0,0.0,0.0,0.0,0.0,0.0,0.0,0.0,0.0,0.0,0.0,0,0
552,212,Earthshaker,99,attack_param,300000320,6906,AccumuVal [14],0,direct,self_mechanic,,on_hit,,,1,effect targets the attacker/self and is not target buildup,0.0,0.0,0.0,0.0,0.0,0.0,0.0,0.0,0.0,0.0,0.0,0.0,0.0,0,0
553,212,Earthshaker,100,attack_param,300000321,6906,AccumuVal [14],0,direct,self_mechanic,,on_hit,,,1,effect targets the attacker/self and is not target buildup,0.0,0.0,0.0,0.0,0.0,0.0,0.0,0.0,0.0,0.0,0.0,0.0,0.0,0,0
554,212,Earthshaker,102,attack_param,300000323,6906,AccumuVal [14],0,direct,self_mechanic,,on_hit,,,1,effect targets the attacker/self and is not target buildup,0.0,0.0,0.0,0.0,0.0,0.0,0.0,0.0,0.0,0.0,0.0,0.0,0.0,0,0
555,212,Earthshaker,103,attack_param,300000325,6906,AccumuVal [14],0,direct,self_mechanic,,on_hit,,,1,effect targets the attacker/self and is not target buildup,0.0,0.0,0.0,0.0,0.0,0.0,0.0,0.0,0.0,0.0,0.0,0.0,0.0,0,0
556,212,Earthshaker,104,attack_param,300000326,6906,AccumuVal [14],0,direct,self_mechanic,,on_hit,,,1,effect targets the attacker/self and is not target buildup,0.0,0.0,0.0,0.0,0.0,0.0,0.0,0.0,0.0,0.0,0.0,0.0,0.0,0,0
557,212,Earthshaker,106,attack_param,300000328,6906,AccumuVal [14],0,direct,self_mechanic,,on_hit,,,1,effect targets the attacker/self and is not target buildup,0.0,0.0,0.0,0.0,0.0,0.0,0.0,0.0,0.0,0.0,0.0,0.0,0.0,0,0
558,213,Golden Land,1403,attack_param,300000550,6906,AccumuVal [14],0,direct,self_mechanic,,on_hit,,,1,effect targets the attacker/self and is not target buildup,0.0,0.0,0.0,0.0,0.0,0.0,0.0,0.0,0.0,0.0,0.0,0.0,0.0,0,0
559,213,Golden Land,1404,attack_param,300000551,6906,AccumuVal [14],0,direct,self_mechanic,,on_hit,,,1,effect targets the attacker/self and is not target buildup,0.0,0.0,0.0,0.0,0.0,0.0,0.0,0.0,0.0,0.0,0.0,0.0,0.0,0,0
560,213,Golden Land,1406,attack_param,30000554,6906,AccumuVal [14],0,direct,self_mechanic,,on_hit,,,1,effect targets the attacker/self and is not target buildup,0.0,0.0,0.0,0.0,0.0,0.0,0.0,0.0,0.0,0.0,0.0,0.0,0.0,0,0
561,213,Golden Land,1407,attack_param,300000553,6906,AccumuVal [14],0,direct,self_mechanic,,on_hit,,,1,effect targets the attacker/self and is not target buildup,0.0,0.0,0.0,0.0,0.0,0.0,0.0,0.0,0.0,0.0,0.0,0.0,0.0,0,0
562,213,Golden Land,1408,attack_param,300000555,6906,AccumuVal [14],0,direct,self_mechanic,,on_hit,,,1,effect targets the attacker/self and is not target buildup,0.0,0.0,0.0,0.0,0.0,0.0,0.0,0.0,0.0,0.0,0.0,0.0,0.0,0,0
563,213,Golden Land,1409,attack_param,300000556,6906,AccumuVal [14],0,direct,self_mechanic,,on_hit,,,1,effect targets the attacker/self and is not target buildup,0.0,0.0,0.0,0.0,0.0,0.0,0.0,0.0,0.0,0.0,0.0,0.0,0.0,0,0
564,213,Golden Land,1410,attack_param,300000558,6906,AccumuVal [14],0,direct,self_mechanic,,on_hit,,,1,effect targets the attacker/self and is not target buildup,0.0,0.0,0.0,0.0,0.0,0.0,0.0,0.0,0.0,0.0,0.0,0.0,0.0,0,0
565,214,Flaming Strike,0,sp_effect_cycle,1775,1776,[AoW] Flaming Strike - Fire Buff [Cycle SpEffect],1775,cycle,persistent_weapon_buff,r2,after_action,right,1,1,active persistent buff is the root effect's numeric cycle child,40.0,0.0,0.0,90.0,0.0,0.0,0.0,0.0,0.0,0.0,0.0,0.0,0.0,0,1
566,214,Flaming Strike,0,sp_effect_cycle,1777,1778,[AoW] Flaming Strike - Fire Buff [Cycle SpEffect],1777,cycle,persistent_weapon_buff,r2,after_action,left,0,1,active persistent buff is the root effect's numeric cycle child,40.0,0.0,0.0,90.0,0.0,0.0,0.0,0.0,0.0,0.0,0.0,0.0,0.0,0,1
567,214,Flaming Strike,0,verified_script_setup,1775,1775,[AoW] Flaming Strike,0,direct,persistent_setup,r2,after_action,right,1,1,Follow-up script applies right-hand SpEffect root; verified cycle edge in regulation,0.0,0.0,0.0,0.0,0.0,0.0,0.0,0.0,0.0,0.0,0.0,0.0,0.0,0,0
568,214,Flaming Strike,0,verified_script_setup,1777,1777,[AoW] Flaming Strike,0,direct,persistent_setup,r2,after_action,left,0,1,Follow-up script applies left-hand SpEffect root; verified cycle edge in regulation,0.0,0.0,0.0,0.0,0.0,0.0,0.0,0.0,0.0,0.0,0.0,0.0,0.0,0,0
569,214,Flaming Strike,1306,attack_param,300200825,1665,,0,direct,self_mechanic,,on_hit,,,1,effect targets the attacker/self and is not target buildup,0.0,0.0,0.0,0.0,0.0,0.0,0.0,0.0,0.0,0.0,0.0,0.0,0.0,0,0
570,214,Flaming Strike,1306,attack_param,300200825,1667,,0,direct,self_mechanic,,on_hit,,,1,effect targets the attacker/self and is not target buildup,0.0,0.0,0.0,0.0,0.0,0.0,0.0,0.0,0.0,0.0,0.0,0.0,0.0,0,0
571,214,Flaming Strike,1306,attack_param,300200825,6906,AccumuVal [14],0,direct,self_mechanic,,on_hit,,,1,effect targets the attacker/self and is not target buildup,0.0,0.0,0.0,0.0,0.0,0.0,0.0,0.0,0.0,0.0,0.0,0.0,0.0,0,0
572,214,Flaming Strike,1308,attack_param,300200827,1665,,0,direct,self_mechanic,,on_hit,,,1,effect targets the attacker/self and is not target buildup,0.0,0.0,0.0,0.0,0.0,0.0,0.0,0.0,0.0,0.0,0.0,0.0,0.0,0,0
573,214,Flaming Strike,1308,attack_param,300200827,1667,,0,direct,self_mechanic,,on_hit,,,1,effect targets the attacker/self and is not target buildup,0.0,0.0,0.0,0.0,0.0,0.0,0.0,0.0,0.0,0.0,0.0,0.0,0.0,0,0
574,214,Flaming Strike,1308,attack_param,300200827,6904,AccumuVal [10],0,direct,self_mechanic,,on_hit,,,1,effect targets the attacker/self and is not target buildup,0.0,0.0,0.0,0.0,0.0,0.0,0.0,0.0,0.0,0.0,0.0,0.0,0.0,0,0
575,216,Thunderbolt,1374,attack_param,301600845,1665,,0,direct,self_mechanic,,on_hit,,,1,effect targets the attacker/self and is not target buildup,0.0,0.0,0.0,0.0,0.0,0.0,0.0,0.0,0.0,0.0,0.0,0.0,0.0,0,0
576,216,Thunderbolt,1374,attack_param,301600845,1667,,0,direct,self_mechanic,,on_hit,,,1,effect targets the attacker/self and is not target buildup,0.0,0.0,0.0,0.0,0.0,0.0,0.0,0.0,0.0,0.0,0.0,0.0,0.0,0,0
577,216,Thunderbolt,1374,attack_param,301600845,6903,AccumuVal [8],0,direct,self_mechanic,,on_hit,,,1,effect targets the attacker/self and is not target buildup,0.0,0.0,0.0,0.0,0.0,0.0,0.0,0.0,0.0,0.0,0.0,0.0,0.0,0,0
578,217,Lightning Slash,0,sp_effect_cycle,1675,1676,[AoW] Lightning Slash - Lightning Buff,1675,cycle,persistent_weapon_buff,activation,after_action,right,1,1,active persistent buff is the root effect's numeric cycle child,40.0,0.0,0.0,0.0,85.0,0.0,0.0,0.0,0.0,0.0,0.0,0.0,0.0,0,1
579,217,Lightning Slash,0,sp_effect_cycle,1677,1678,[AoW] Lightning Slash - Lightning Buff,1677,cycle,persistent_weapon_buff,activation,after_action,left,0,1,active persistent buff is the root effect's numeric cycle child,40.0,0.0,0.0,0.0,85.0,0.0,0.0,0.0,0.0,0.0,0.0,0.0,0.0,0,1
580,217,Lightning Slash,0,verified_script_setup,1675,1675,[AoW] Lightning Slash,0,direct,persistent_setup,activation,after_action,right,1,1,Skill script applies right-hand SpEffect root; verified cycle edge in regulation,0.0,0.0,0.0,0.0,0.0,0.0,0.0,0.0,0.0,0.0,0.0,0.0,0.0,0,0
581,217,Lightning Slash,0,verified_script_setup,1677,1677,[AoW] Lightning Slash,0,direct,persistent_setup,activation,after_action,left,0,1,Skill script applies left-hand SpEffect root; verified cycle edge in regulation,0.0,0.0,0.0,0.0,0.0,0.0,0.0,0.0,0.0,0.0,0.0,0.0,0.0,0,0
582,217,Lightning Slash,1376,attack_param,300000370,6904,AccumuVal [10],0,direct,self_mechanic,,on_hit,,,1,effect targets the attacker/self and is not target buildup,0.0,0.0,0.0,0.0,0.0,0.0,0.0,0.0,0.0,0.0,0.0,0.0,0.0,0,0
583,217,Lightning Slash,1379,attack_param,300000372,6904,AccumuVal [10],0,direct,self_mechanic,,on_hit,,,1,effect targets the attacker/self and is not target buildup,0.0,0.0,0.0,0.0,0.0,0.0,0.0,0.0,0.0,0.0,0.0,0.0,0.0,0,0
584,218,Carian Grandeur,1234,attack_param,300200875,1665,,0,direct,self_mechanic,,on_hit,,,1,effect targets the attacker/self and is not target buildup,0.0,0.0,0.0,0.0,0.0,0.0,0.0,0.0,0.0,0.0,0.0,0.0,0.0,0,0
585,218,Carian Grandeur,1234,attack_param,300200875,1667,,0,direct,self_mechanic,,on_hit,,,1,effect targets the attacker/self and is not target buildup,0.0,0.0,0.0,0.0,0.0,0.0,0.0,0.0,0.0,0.0,0.0,0.0,0.0,0,0
586,218,Carian Grandeur,1234,attack_param,300200875,6904,AccumuVal [10],0,direct,self_mechanic,,on_hit,,,1,effect targets the attacker/self and is not target buildup,0.0,0.0,0.0,0.0,0.0,0.0,0.0,0.0,0.0,0.0,0.0,0.0,0.0,0,0
587,218,Carian Grandeur,1235,attack_param,300200876,1665,,0,direct,self_mechanic,,on_hit,,,1,effect targets the attacker/self and is not target buildup,0.0,0.0,0.0,0.0,0.0,0.0,0.0,0.0,0.0,0.0,0.0,0.0,0.0,0,0
588,218,Carian Grandeur,1235,attack_param,300200876,1667,,0,direct,self_mechanic,,on_hit,,,1,effect targets the attacker/self and is not target buildup,0.0,0.0,0.0,0.0,0.0,0.0,0.0,0.0,0.0,0.0,0.0,0.0,0.0,0,0
589,218,Carian Grandeur,1235,attack_param,300200876,6904,AccumuVal [10],0,direct,self_mechanic,,on_hit,,,1,effect targets the attacker/self and is not target buildup,0.0,0.0,0.0,0.0,0.0,0.0,0.0,0.0,0.0,0.0,0.0,0.0,0.0,0,0
590,218,Carian Grandeur,1236,attack_param,300200877,1665,,0,direct,self_mechanic,,on_hit,,,1,effect targets the attacker/self and is not target buildup,0.0,0.0,0.0,0.0,0.0,0.0,0.0,0.0,0.0,0.0,0.0,0.0,0.0,0,0
591,218,Carian Grandeur,1236,attack_param,300200877,1667,,0,direct,self_mechanic,,on_hit,,,1,effect targets the attacker/self and is not target buildup,0.0,0.0,0.0,0.0,0.0,0.0,0.0,0.0,0.0,0.0,0.0,0.0,0.0,0,0
592,218,Carian Grandeur,1236,attack_param,300200877,6906,AccumuVal [14],0,direct,self_mechanic,,on_hit,,,1,effect targets the attacker/self and is not target buildup,0.0,0.0,0.0,0.0,0.0,0.0,0.0,0.0,0.0,0.0,0.0,0.0,0.0,0,0
593,219,Carian Greatsword,1229,attack_param,300200912,1665,,0,direct,self_mechanic,,on_hit,,,1,effect targets the attacker/self and is not target buildup,0.0,0.0,0.0,0.0,0.0,0.0,0.0,0.0,0.0,0.0,0.0,0.0,0.0,0,0
594,219,Carian Greatsword,1229,attack_param,300200912,1667,,0,direct,self_mechanic,,on_hit,,,1,effect targets the attacker/self and is not target buildup,0.0,0.0,0.0,0.0,0.0,0.0,0.0,0.0,0.0,0.0,0.0,0.0,0.0,0,0
595,219,Carian Greatsword,1229,attack_param,300200912,6904,AccumuVal [10],0,direct,self_mechanic,,on_hit,,,1,effect targets the attacker/self and is not target buildup,0.0,0.0,0.0,0.0,0.0,0.0,0.0,0.0,0.0,0.0,0.0,0.0,0.0,0,0
596,219,Carian Greatsword,1230,attack_param,300200913,1665,,0,direct,self_mechanic,,on_hit,,,1,effect targets the attacker/self and is not target buildup,0.0,0.0,0.0,0.0,0.0,0.0,0.0,0.0,0.0,0.0,0.0,0.0,0.0,0,0
597,219,Carian Greatsword,1230,attack_param,300200913,1667,,0,direct,self_mechanic,,on_hit,,,1,effect targets the attacker/self and is not target buildup,0.0,0.0,0.0,0.0,0.0,0.0,0.0,0.0,0.0,0.0,0.0,0.0,0.0,0,0
598,219,Carian Greatsword,1230,attack_param,300200913,6906,AccumuVal [14],0,direct,self_mechanic,,on_hit,,,1,effect targets the attacker/self and is not target buildup,0.0,0.0,0.0,0.0,0.0,0.0,0.0,0.0,0.0,0.0,0.0,0.0,0.0,0,0
599,220,Vacuum Slice,1211,attack_param,300000417,6903,AccumuVal [8],0,direct,self_mechanic,,on_hit,,,1,effect targets the attacker/self and is not target buildup,0.0,0.0,0.0,0.0,0.0,0.0,0.0,0.0,0.0,0.0,0.0,0.0,0.0,0,0
600,220,Vacuum Slice,1213,attack_param,300000416,6903,AccumuVal [8],0,direct,self_mechanic,,on_hit,,,1,effect targets the attacker/self and is not target buildup,0.0,0.0,0.0,0.0,0.0,0.0,0.0,0.0,0.0,0.0,0.0,0.0,0.0,0,0
601,221,Black Flame Tornado,1326,bullet_target,2430,835,[AoW] Black Flame Tornado - HP Burn,0,direct,visual_or_non_gameplay,,on_hit,,,1,effect has no modeled attack-power or status payload,2.0,0.0,0.0,0.0,0.0,0.0,0.0,0.0,0.0,0.0,0.0,0.0,0.0,0,0
602,221,Black Flame Tornado,1327,bullet_target,2431,835,[AoW] Black Flame Tornado - HP Burn,0,direct,visual_or_non_gameplay,,on_hit,,,1,effect has no modeled attack-power or status payload,2.0,0.0,0.0,0.0,0.0,0.0,0.0,0.0,0.0,0.0,0.0,0.0,0.0,0,0
603,221,Black Flame Tornado,1328,attack_param,300000305,6903,AccumuVal [8],0,direct,self_mechanic,,on_hit,,,1,effect targets the attacker/self and is not target buildup,0.0,0.0,0.0,0.0,0.0,0.0,0.0,0.0,0.0,0.0,0.0,0.0,0.0,0,0
604,221,Black Flame Tornado,1329,attack_param,300000306,1665,,0,direct,self_mechanic,,on_hit,,,1,effect targets the attacker/self and is not target buildup,0.0,0.0,0.0,0.0,0.0,0.0,0.0,0.0,0.0,0.0,0.0,0.0,0.0,0,0
605,221,Black Flame Tornado,1329,attack_param,300000306,1667,,0,direct,self_mechanic,,on_hit,,,1,effect targets the attacker/self and is not target buildup,0.0,0.0,0.0,0.0,0.0,0.0,0.0,0.0,0.0,0.0,0.0,0.0,0.0,0,0
606,221,Black Flame Tornado,1329,attack_param,300000306,6904,AccumuVal [10],0,direct,self_mechanic,,on_hit,,,1,effect targets the attacker/self and is not target buildup,0.0,0.0,0.0,0.0,0.0,0.0,0.0,0.0,0.0,0.0,0.0,0.0,0.0,0,0
607,222,Sacred Ring of Light,1391,attack_param,300000570,6903,AccumuVal [8],0,direct,self_mechanic,,on_hit,,,1,effect targets the attacker/self and is not target buildup,0.0,0.0,0.0,0.0,0.0,0.0,0.0,0.0,0.0,0.0,0.0,0.0,0.0,0,0
608,222,Sacred Ring of Light,1392,attack_param,300000571,6903,AccumuVal [8],0,direct,self_mechanic,,on_hit,,,1,effect targets the attacker/self and is not target buildup,0.0,0.0,0.0,0.0,0.0,0.0,0.0,0.0,0.0,0.0,0.0,0.0,0.0,0,0
609,222,Sacred Ring of Light,1393,attack_param,300000572,6903,AccumuVal [8],0,direct,self_mechanic,,on_hit,,,1,effect targets the attacker/self and is not target buildup,0.0,0.0,0.0,0.0,0.0,0.0,0.0,0.0,0.0,0.0,0.0,0.0,0.0,0,0
610,222,Sacred Ring of Light,1394,attack_param,300000575,6903,AccumuVal [8],0,direct,self_mechanic,,on_hit,,,1,effect targets the attacker/self and is not target buildup,0.0,0.0,0.0,0.0,0.0,0.0,0.0,0.0,0.0,0.0,0.0,0.0,0.0,0,0
611,222,Sacred Ring of Light,1395,attack_param,300000576,6903,AccumuVal [8],0,direct,self_mechanic,,on_hit,,,1,effect targets the attacker/self and is not target buildup,0.0,0.0,0.0,0.0,0.0,0.0,0.0,0.0,0.0,0.0,0.0,0.0,0.0,0,0
612,222,Sacred Ring of Light,1396,attack_param,300000577,6903,AccumuVal [8],0,direct,self_mechanic,,on_hit,,,1,effect targets the attacker/self and is not target buildup,0.0,0.0,0.0,0.0,0.0,0.0,0.0,0.0,0.0,0.0,0.0,0.0,0.0,0,0
613,222,Sacred Ring of Light,1397,attack_param,300000580,6903,AccumuVal [8],0,direct,self_mechanic,,on_hit,,,1,effect targets the attacker/self and is not target buildup,0.0,0.0,0.0,0.0,0.0,0.0,0.0,0.0,0.0,0.0,0.0,0.0,0.0,0,0
614,222,Sacred Ring of Light,1398,attack_param,300000581,6903,AccumuVal [8],0,direct,self_mechanic,,on_hit,,,1,effect targets the attacker/self and is not target buildup,0.0,0.0,0.0,0.0,0.0,0.0,0.0,0.0,0.0,0.0,0.0,0.0,0.0,0,0
615,222,Sacred Ring of Light,1399,attack_param,300000582,6903,AccumuVal [8],0,direct,self_mechanic,,on_hit,,,1,effect targets the attacker/self and is not target buildup,0.0,0.0,0.0,0.0,0.0,0.0,0.0,0.0,0.0,0.0,0.0,0.0,0.0,0,0
616,222,Sacred Ring of Light,1400,attack_param,300000573,6903,AccumuVal [8],0,direct,self_mechanic,,on_hit,,,1,effect targets the attacker/self and is not target buildup,0.0,0.0,0.0,0.0,0.0,0.0,0.0,0.0,0.0,0.0,0.0,0.0,0.0,0,0
617,222,Sacred Ring of Light,1401,attack_param,300000578,6903,AccumuVal [8],0,direct,self_mechanic,,on_hit,,,1,effect targets the attacker/self and is not target buildup,0.0,0.0,0.0,0.0,0.0,0.0,0.0,0.0,0.0,0.0,0.0,0.0,0.0,0,0
618,222,Sacred Ring of Light,1402,attack_param,300000583,6903,AccumuVal [8],0,direct,self_mechanic,,on_hit,,,1,effect targets the attacker/self and is not target buildup,0.0,0.0,0.0,0.0,0.0,0.0,0.0,0.0,0.0,0.0,0.0,0.0,0.0,0,0
619,223,Firebreather,2603,attack_param,300000590,6903,AccumuVal [8],0,direct,self_mechanic,,on_hit,,,1,effect targets the attacker/self and is not target buildup,0.0,0.0,0.0,0.0,0.0,0.0,0.0,0.0,0.0,0.0,0.0,0.0,0.0,0,0
620,223,Firebreather,2604,attack_param,300000591,6903,AccumuVal [8],0,direct,self_mechanic,,on_hit,,,1,effect targets the attacker/self and is not target buildup,0.0,0.0,0.0,0.0,0.0,0.0,0.0,0.0,0.0,0.0,0.0,0.0,0.0,0,0
621,224,Blood Blade,1447,attack_param,300000630,6402,Hemorrhage - Type 1 - Special 3,0,direct,per_hit_status,,on_hit,,,1,target status payload is attached to this hit by numeric ID,1.0,0.0,0.0,0.0,0.0,0.0,55.0,0.0,0.0,0.0,0.0,0.0,0.0,1,0
622,224,Blood Blade,1447,attack_param,300000630,6902,AccumuVal [6],0,direct,self_mechanic,,on_hit,,,1,effect targets the attacker/self and is not target buildup,0.0,0.0,0.0,0.0,0.0,0.0,0.0,0.0,0.0,0.0,0.0,0.0,0.0,0,0
623,224,Blood Blade,1448,attack_param,300000631,6902,AccumuVal [6],0,direct,self_mechanic,,on_hit,,,1,effect targets the attacker/self and is not target buildup,0.0,0.0,0.0,0.0,0.0,0.0,0.0,0.0,0.0,0.0,0.0,0.0,0.0,0,0
624,224,Blood Blade,1448,bullet_target,2635,1761,[AoW] Blood Blade - Bullet Bleed,0,direct,per_hit_status,,on_hit,,,1,target status payload is attached to this hit by numeric ID,1.0,0.0,0.0,0.0,0.0,0.0,60.0,0.0,0.0,0.0,0.0,0.0,0.0,0,0
625,224,Blood Blade,1449,attack_param,300000633,6402,Hemorrhage - Type 1 - Special 3,0,direct,per_hit_status,,on_hit,,,1,target status payload is attached to this hit by numeric ID,1.0,0.0,0.0,0.0,0.0,0.0,55.0,0.0,0.0,0.0,0.0,0.0,0.0,1,0
626,224,Blood Blade,1449,attack_param,300000633,6902,AccumuVal [6],0,direct,self_mechanic,,on_hit,,,1,effect targets the attacker/self and is not target buildup,0.0,0.0,0.0,0.0,0.0,0.0,0.0,0.0,0.0,0.0,0.0,0.0,0.0,0,0
627,224,Blood Blade,1450,attack_param,300000634,6902,AccumuVal [6],0,direct,self_mechanic,,on_hit,,,1,effect targets the attacker/self and is not target buildup,0.0,0.0,0.0,0.0,0.0,0.0,0.0,0.0,0.0,0.0,0.0,0.0,0.0,0,0
628,224,Blood Blade,1450,bullet_target,2636,1761,[AoW] Blood Blade - Bullet Bleed,0,direct,per_hit_status,,on_hit,,,1,target status payload is attached to this hit by numeric ID,1.0,0.0,0.0,0.0,0.0,0.0,60.0,0.0,0.0,0.0,0.0,0.0,0.0,0,0
629,224,Blood Blade,1451,attack_param,300000636,6402,Hemorrhage - Type 1 - Special 3,0,direct,per_hit_status,,on_hit,,,1,target status payload is attached to this hit by numeric ID,1.0,0.0,0.0,0.0,0.0,0.0,55.0,0.0,0.0,0.0,0.0,0.0,0.0,1,0
630,224,Blood Blade,1451,attack_param,300000636,6902,AccumuVal [6],0,direct,self_mechanic,,on_hit,,,1,effect targets the attacker/self and is not target buildup,0.0,0.0,0.0,0.0,0.0,0.0,0.0,0.0,0.0,0.0,0.0,0.0,0.0,0,0
631,224,Blood Blade,1452,attack_param,300000637,6902,AccumuVal [6],0,direct,self_mechanic,,on_hit,,,1,effect targets the attacker/self and is not target buildup,0.0,0.0,0.0,0.0,0.0,0.0,0.0,0.0,0.0,0.0,0.0,0.0,0.0,0,0
632,224,Blood Blade,1452,bullet_target,2637,1761,[AoW] Blood Blade - Bullet Bleed,0,direct,per_hit_status,,on_hit,,,1,target status payload is attached to this hit by numeric ID,1.0,0.0,0.0,0.0,0.0,0.0,60.0,0.0,0.0,0.0,0.0,0.0,0.0,0,0
633,224,Blood Blade,1453,attack_param,300000632,6902,AccumuVal [6],0,direct,self_mechanic,,on_hit,,,1,effect targets the attacker/self and is not target buildup,0.0,0.0,0.0,0.0,0.0,0.0,0.0,0.0,0.0,0.0,0.0,0.0,0.0,0,0
634,224,Blood Blade,1454,attack_param,300000635,6902,AccumuVal [6],0,direct,self_mechanic,,on_hit,,,1,effect targets the attacker/self and is not target buildup,0.0,0.0,0.0,0.0,0.0,0.0,0.0,0.0,0.0,0.0,0.0,0.0,0.0,0,0
635,224,Blood Blade,1455,attack_param,300000638,6902,AccumuVal [6],0,direct,self_mechanic,,on_hit,,,1,effect targets the attacker/self and is not target buildup,0.0,0.0,0.0,0.0,0.0,0.0,0.0,0.0,0.0,0.0,0.0,0.0,0.0,0,0
636,225,Phantom Slash,1214,attack_param,301805002,6903,AccumuVal [8],0,direct,self_mechanic,,on_hit,,,1,effect targets the attacker/self and is not target buildup,0.0,0.0,0.0,0.0,0.0,0.0,0.0,0.0,0.0,0.0,0.0,0.0,0.0,0,0
637,225,Phantom Slash,1215,attack_param,301805000,6903,AccumuVal [8],0,direct,self_mechanic,,on_hit,,,1,effect targets the attacker/self and is not target buildup,0.0,0.0,0.0,0.0,0.0,0.0,0.0,0.0,0.0,0.0,0.0,0.0,0.0,0,0
638,225,Phantom Slash,1216,attack_param,301805012,6903,AccumuVal [8],0,direct,self_mechanic,,on_hit,,,1,effect targets the attacker/self and is not target buildup,0.0,0.0,0.0,0.0,0.0,0.0,0.0,0.0,0.0,0.0,0.0,0.0,0.0,0,0
639,225,Phantom Slash,1217,attack_param,301805010,6903,AccumuVal [8],0,direct,self_mechanic,,on_hit,,,1,effect targets the attacker/self and is not target buildup,0.0,0.0,0.0,0.0,0.0,0.0,0.0,0.0,0.0,0.0,0.0,0.0,0.0,0,0
640,225,Phantom Slash,1218,attack_param,301805001,6903,AccumuVal [8],0,direct,self_mechanic,,on_hit,,,1,effect targets the attacker/self and is not target buildup,0.0,0.0,0.0,0.0,0.0,0.0,0.0,0.0,0.0,0.0,0.0,0.0,0.0,0,0
641,225,Phantom Slash,1219,attack_param,301805011,6903,AccumuVal [8],0,direct,self_mechanic,,on_hit,,,1,effect targets the attacker/self and is not target buildup,0.0,0.0,0.0,0.0,0.0,0.0,0.0,0.0,0.0,0.0,0.0,0.0,0.0,0,0
642,226,Spectral Lance,1507,attack_param,300000870,6903,AccumuVal [8],0,direct,self_mechanic,,on_hit,,,1,effect targets the attacker/self and is not target buildup,0.0,0.0,0.0,0.0,0.0,0.0,0.0,0.0,0.0,0.0,0.0,0.0,0.0,0,0
643,227,Chilling Mist,0,sp_effect_attack_occurrence,826,880,[AoW] Chilling Mist [Attack SpEffect],826,attack_occurrence,persistent_on_hit,activation,while_buff_active,right,1,1,on-hit payload is linked by atkOccurrenceSpEffectId and remains distinct,30.0,0.0,0.0,0.0,0.0,0.0,0.0,60.0,0.0,0.0,0.0,0.0,0.0,1,0
644,227,Chilling Mist,0,sp_effect_attack_occurrence,828,880,[AoW] Chilling Mist [Attack SpEffect],828,attack_occurrence,persistent_on_hit,activation,while_buff_active,left,0,1,on-hit payload is linked by atkOccurrenceSpEffectId and remains distinct,30.0,0.0,0.0,0.0,0.0,0.0,0.0,60.0,0.0,0.0,0.0,0.0,0.0,1,0
645,227,Chilling Mist,0,sp_effect_cycle,825,826,[AoW] Chilling Mist [Cycle SpEffect],825,cycle,persistent_weapon_buff,activation,after_action,right,1,1,active persistent buff is the root effect's numeric cycle child,40.0,0.0,0.0,0.0,0.0,0.0,0.0,30.0,0.0,0.0,0.0,0.0,0.0,1,1
646,227,Chilling Mist,0,sp_effect_cycle,827,828,[AoW] Chilling Mist [Cycle SpEffect],827,cycle,persistent_weapon_buff,activation,after_action,left,0,1,active persistent buff is the root effect's numeric cycle child,40.0,0.0,0.0,0.0,0.0,0.0,0.0,30.0,0.0,0.0,0.0,0.0,0.0,1,1
647,227,Chilling Mist,0,verified_script_setup,825,825,[AoW] Chilling Mist,0,direct,persistent_setup,activation,after_action,right,1,1,Skill script applies right-hand SpEffect root; verified cycle and attack-occurrence edges in regulation,0.0,0.0,0.0,0.0,0.0,0.0,0.0,0.0,0.0,0.0,0.0,0.0,0.0,0,0
648,227,Chilling Mist,0,verified_script_setup,827,827,[AoW] Chilling Mist,0,direct,persistent_setup,activation,after_action,left,0,1,Skill script applies left-hand SpEffect root; verified cycle and attack-occurrence edges in regulation,0.0,0.0,0.0,0.0,0.0,0.0,0.0,0.0,0.0,0.0,0.0,0.0,0.0,0,0
649,227,Chilling Mist,1484,attack_param,300000165,1665,,0,direct,self_mechanic,,on_hit,,,1,effect targets the attacker/self and is not target buildup,0.0,0.0,0.0,0.0,0.0,0.0,0.0,0.0,0.0,0.0,0.0,0.0,0.0,0,0
650,227,Chilling Mist,1484,attack_param,300000165,1667,,0,direct,self_mechanic,,on_hit,,,1,effect targets the attacker/self and is not target buildup,0.0,0.0,0.0,0.0,0.0,0.0,0.0,0.0,0.0,0.0,0.0,0.0,0.0,0,0
651,227,Chilling Mist,1484,attack_param,300000165,6904,AccumuVal [10],0,direct,self_mechanic,,on_hit,,,1,effect targets the attacker/self and is not target buildup,0.0,0.0,0.0,0.0,0.0,0.0,0.0,0.0,0.0,0.0,0.0,0.0,0.0,0,0
652,227,Chilling Mist,1485,bullet_target,2410,881,[AoW] Chilling Mist - Bullet (Initial),0,direct,per_hit_status,,on_hit,,,1,target status payload is attached to this hit by numeric ID,30.0,0.0,0.0,0.0,0.0,0.0,0.0,60.0,0.0,0.0,0.0,0.0,0.0,0,1
653,227,Chilling Mist,1486,attack_param,300000169,1665,,0,direct,self_mechanic,,on_hit,,,1,effect targets the attacker/self and is not target buildup,0.0,0.0,0.0,0.0,0.0,0.0,0.0,0.0,0.0,0.0,0.0,0.0,0.0,0,0
654,227,Chilling Mist,1486,attack_param,300000169,1667,,0,direct,self_mechanic,,on_hit,,,1,effect targets the attacker/self and is not target buildup,0.0,0.0,0.0,0.0,0.0,0.0,0.0,0.0,0.0,0.0,0.0,0.0,0.0,0,0
655,227,Chilling Mist,1486,attack_param,300000169,6904,AccumuVal [10],0,direct,self_mechanic,,on_hit,,,1,effect targets the attacker/self and is not target buildup,0.0,0.0,0.0,0.0,0.0,0.0,0.0,0.0,0.0,0.0,0.0,0.0,0.0,0,0
656,228,Poisonous Mist,0,sp_effect_attack_occurrence,831,882,[AoW] Poisonous Mist [Attack SpEffect],831,attack_occurrence,persistent_on_hit,activation,while_buff_active,right,1,1,on-hit payload is linked by atkOccurrenceSpEffectId and remains distinct,40.0,0.0,0.0,0.0,0.0,0.0,0.0,0.0,60.0,0.0,0.0,0.0,0.0,1,0
657,228,Poisonous Mist,0,sp_effect_attack_occurrence,833,882,[AoW] Poisonous Mist [Attack SpEffect],833,attack_occurrence,persistent_on_hit,activation,while_buff_active,left,0,1,on-hit payload is linked by atkOccurrenceSpEffectId and remains distinct,40.0,0.0,0.0,0.0,0.0,0.0,0.0,0.0,60.0,0.0,0.0,0.0,0.0,1,0
658,228,Poisonous Mist,0,sp_effect_cycle,830,831,[AoW] Poisonous Mist [Cycle SpEffect],830,cycle,persistent_weapon_buff,activation,after_action,right,1,1,active persistent buff is the root effect's numeric cycle child,40.0,0.0,0.0,0.0,0.0,0.0,0.0,0.0,30.0,0.0,0.0,0.0,0.0,1,1
659,228,Poisonous Mist,0,sp_effect_cycle,832,833,[AoW] Poisonous Mist [Cycle SpEffect],832,cycle,persistent_weapon_buff,activation,after_action,left,0,1,active persistent buff is the root effect's numeric cycle child,40.0,0.0,0.0,0.0,0.0,0.0,0.0,0.0,30.0,0.0,0.0,0.0,0.0,1,1
660,228,Poisonous Mist,0,verified_script_setup,830,830,[AoW] Poisonous Mist,0,direct,persistent_setup,activation,after_action,right,1,1,Skill script applies right-hand SpEffect root; verified cycle and attack-occurrence edges in regulation,0.0,0.0,0.0,0.0,0.0,0.0,0.0,0.0,0.0,0.0,0.0,0.0,0.0,0,0
661,228,Poisonous Mist,0,verified_script_setup,832,832,[AoW] Poisonous Mist,0,direct,persistent_setup,activation,after_action,left,0,1,Skill script applies left-hand SpEffect root; verified cycle and attack-occurrence edges in regulation,0.0,0.0,0.0,0.0,0.0,0.0,0.0,0.0,0.0,0.0,0.0,0.0,0.0,0,0
662,228,Poisonous Mist,1439,attack_param,300000165,1665,,0,direct,self_mechanic,,on_hit,,,1,effect targets the attacker/self and is not target buildup,0.0,0.0,0.0,0.0,0.0,0.0,0.0,0.0,0.0,0.0,0.0,0.0,0.0,0,0
663,228,Poisonous Mist,1439,attack_param,300000165,1667,,0,direct,self_mechanic,,on_hit,,,1,effect targets the attacker/self and is not target buildup,0.0,0.0,0.0,0.0,0.0,0.0,0.0,0.0,0.0,0.0,0.0,0.0,0.0,0,0
664,228,Poisonous Mist,1439,attack_param,300000165,6904,AccumuVal [10],0,direct,self_mechanic,,on_hit,,,1,effect targets the attacker/self and is not target buildup,0.0,0.0,0.0,0.0,0.0,0.0,0.0,0.0,0.0,0.0,0.0,0.0,0.0,0,0
665,228,Poisonous Mist,1440,bullet_target,2415,883,[AoW] Poisonous Mist - Bullet (Initial),0,direct,per_hit_status,,on_hit,,,1,target status payload is attached to this hit by numeric ID,40.0,0.0,0.0,0.0,0.0,0.0,0.0,0.0,60.0,0.0,0.0,0.0,0.0,0,1
666,228,Poisonous Mist,1441,attack_param,300000169,1665,,0,direct,self_mechanic,,on_hit,,,1,effect targets the attacker/self and is not target buildup,0.0,0.0,0.0,0.0,0.0,0.0,0.0,0.0,0.0,0.0,0.0,0.0,0.0,0,0
667,228,Poisonous Mist,1441,attack_param,300000169,1667,,0,direct,self_mechanic,,on_hit,,,1,effect targets the attacker/self and is not target buildup,0.0,0.0,0.0,0.0,0.0,0.0,0.0,0.0,0.0,0.0,0.0,0.0,0.0,0,0
668,228,Poisonous Mist,1441,attack_param,300000169,6904,AccumuVal [10],0,direct,self_mechanic,,on_hit,,,1,effect targets the attacker/self and is not target buildup,0.0,0.0,0.0,0.0,0.0,0.0,0.0,0.0,0.0,0.0,0.0,0.0,0.0,0,0
669,300,Shield Bash,1536,attack_param,300000670,6906,AccumuVal [14],0,direct,self_mechanic,,on_hit,,,1,effect targets the attacker/self and is not target buildup,0.0,0.0,0.0,0.0,0.0,0.0,0.0,0.0,0.0,0.0,0.0,0.0,0.0,0,0
670,300,Shield Bash,1537,attack_param,300000671,6906,AccumuVal [14],0,direct,self_mechanic,,on_hit,,,1,effect targets the attacker/self and is not target buildup,0.0,0.0,0.0,0.0,0.0,0.0,0.0,0.0,0.0,0.0,0.0,0.0,0.0,0,0
671,300,Shield Bash,1538,attack_param,306100670,6906,AccumuVal [14],0,direct,self_mechanic,,on_hit,,,1,effect targets the attacker/self and is not target buildup,0.0,0.0,0.0,0.0,0.0,0.0,0.0,0.0,0.0,0.0,0.0,0.0,0.0,0,0
672,300,Shield Bash,1539,attack_param,306100671,6906,AccumuVal [14],0,direct,self_mechanic,,on_hit,,,1,effect targets the attacker/self and is not target buildup,0.0,0.0,0.0,0.0,0.0,0.0,0.0,0.0,0.0,0.0,0.0,0.0,0.0,0,0
673,308,Shield Crash,1540,attack_param,300000780,6906,AccumuVal [14],0,direct,self_mechanic,,on_hit,,,1,effect targets the attacker/self and is not target buildup,0.0,0.0,0.0,0.0,0.0,0.0,0.0,0.0,0.0,0.0,0.0,0.0,0.0,0,0
674,308,Shield Crash,1541,attack_param,300000780,6906,AccumuVal [14],0,direct,self_mechanic,,on_hit,,,1,effect targets the attacker/self and is not target buildup,0.0,0.0,0.0,0.0,0.0,0.0,0.0,0.0,0.0,0.0,0.0,0.0,0.0,0,0
675,308,Shield Crash,1542,attack_param,300000780,6906,AccumuVal [14],0,direct,self_mechanic,,on_hit,,,1,effect targets the attacker/self and is not target buildup,0.0,0.0,0.0,0.0,0.0,0.0,0.0,0.0,0.0,0.0,0.0,0.0,0.0,0,0
676,308,Shield Crash,1543,attack_param,300000781,6906,AccumuVal [14],0,direct,self_mechanic,,on_hit,,,1,effect targets the attacker/self and is not target buildup,0.0,0.0,0.0,0.0,0.0,0.0,0.0,0.0,0.0,0.0,0.0,0.0,0.0,0,0
677,308,Shield Crash,1544,attack_param,300000782,6906,AccumuVal [14],0,direct,self_mechanic,,on_hit,,,1,effect targets the attacker/self and is not target buildup,0.0,0.0,0.0,0.0,0.0,0.0,0.0,0.0,0.0,0.0,0.0,0.0,0.0,0,0
678,308,Shield Crash,1545,attack_param,300000783,6906,AccumuVal [14],0,direct,self_mechanic,,on_hit,,,1,effect targets the attacker/self and is not target buildup,0.0,0.0,0.0,0.0,0.0,0.0,0.0,0.0,0.0,0.0,0.0,0.0,0.0,0,0
679,308,Shield Crash,1546,attack_param,300000785,6906,AccumuVal [14],0,direct,self_mechanic,,on_hit,,,1,effect targets the attacker/self and is not target buildup,0.0,0.0,0.0,0.0,0.0,0.0,0.0,0.0,0.0,0.0,0.0,0.0,0.0,0,0
680,308,Shield Crash,1547,attack_param,300000785,6906,AccumuVal [14],0,direct,self_mechanic,,on_hit,,,1,effect targets the attacker/self and is not target buildup,0.0,0.0,0.0,0.0,0.0,0.0,0.0,0.0,0.0,0.0,0.0,0.0,0.0,0,0
681,308,Shield Crash,1548,attack_param,300000785,6906,AccumuVal [14],0,direct,self_mechanic,,on_hit,,,1,effect targets the attacker/self and is not target buildup,0.0,0.0,0.0,0.0,0.0,0.0,0.0,0.0,0.0,0.0,0.0,0.0,0.0,0,0
682,308,Shield Crash,1549,attack_param,300000786,6906,AccumuVal [14],0,direct,self_mechanic,,on_hit,,,1,effect targets the attacker/self and is not target buildup,0.0,0.0,0.0,0.0,0.0,0.0,0.0,0.0,0.0,0.0,0.0,0.0,0.0,0,0
683,308,Shield Crash,1550,attack_param,300000787,6906,AccumuVal [14],0,direct,self_mechanic,,on_hit,,,1,effect targets the attacker/self and is not target buildup,0.0,0.0,0.0,0.0,0.0,0.0,0.0,0.0,0.0,0.0,0.0,0.0,0.0,0,0
684,308,Shield Crash,1551,attack_param,300000788,6906,AccumuVal [14],0,direct,self_mechanic,,on_hit,,,1,effect targets the attacker/self and is not target buildup,0.0,0.0,0.0,0.0,0.0,0.0,0.0,0.0,0.0,0.0,0.0,0.0,0.0,0,0
685,501,Hoarfrost Stomp,1498,bullet_target,2260|2261|2262|2263|2264|2265|2266|2267,1800,[AoW] Hoarfrost Stomp / Divine Beast Frost Stomp (Ice Spikes) - Frostbite,0,direct,per_hit_status,,on_hit,,,1,target status payload is attached to this hit by numeric ID,30.0,0.0,0.0,0.0,0.0,0.0,0.0,70.0,0.0,0.0,0.0,0.0,0.0,0,0
686,501,Hoarfrost Stomp,1499,bullet_target,2269,1801,[AoW] Hoarfrost Stomp / Divine Beast Frost Stomp (Shatter) - Frostbite,0,direct,per_hit_status,,on_hit,,,1,target status payload is attached to this hit by numeric ID,30.0,0.0,0.0,0.0,0.0,0.0,0.0,110.0,0.0,0.0,0.0,0.0,0.0,0,0
687,504,Lightning Ram,1382,attack_param,300000710,6903,AccumuVal [8],0,direct,self_mechanic,,on_hit,,,1,effect targets the attacker/self and is not target buildup,0.0,0.0,0.0,0.0,0.0,0.0,0.0,0.0,0.0,0.0,0.0,0.0,0.0,0,0
688,504,Lightning Ram,1383,attack_param,300000711,6904,AccumuVal [10],0,direct,self_mechanic,,on_hit,,,1,effect targets the attacker/self and is not target buildup,0.0,0.0,0.0,0.0,0.0,0.0,0.0,0.0,0.0,0.0,0.0,0.0,0.0,0,0
689,504,Lightning Ram,1384,attack_param,300000715,6903,AccumuVal [8],0,direct,self_mechanic,,on_hit,,,1,effect targets the attacker/self and is not target buildup,0.0,0.0,0.0,0.0,0.0,0.0,0.0,0.0,0.0,0.0,0.0,0.0,0.0,0,0
690,504,Lightning Ram,1385,attack_param,300000716,6904,AccumuVal [10],0,direct,self_mechanic,,on_hit,,,1,effect targets the attacker/self and is not target buildup,0.0,0.0,0.0,0.0,0.0,0.0,0.0,0.0,0.0,0.0,0.0,0.0,0.0,0,0
691,506,Ground Slam,95,attack_param,300000790,6906,AccumuVal [14],0,direct,self_mechanic,,on_hit,,,1,effect targets the attacker/self and is not target buildup,0.0,0.0,0.0,0.0,0.0,0.0,0.0,0.0,0.0,0.0,0.0,0.0,0.0,0,0
692,506,Ground Slam,96,attack_param,300000791,6906,AccumuVal [14],0,direct,self_mechanic,,on_hit,,,1,effect targets the attacker/self and is not target buildup,0.0,0.0,0.0,0.0,0.0,0.0,0.0,0.0,0.0,0.0,0.0,0.0,0.0,0,0
693,506,Ground Slam,97,attack_param,300000795,6906,AccumuVal [14],0,direct,self_mechanic,,on_hit,,,1,effect targets the attacker/self and is not target buildup,0.0,0.0,0.0,0.0,0.0,0.0,0.0,0.0,0.0,0.0,0.0,0.0,0.0,0,0
694,506,Ground Slam,98,attack_param,300000796,6906,AccumuVal [14],0,direct,self_mechanic,,on_hit,,,1,effect targets the attacker/self and is not target buildup,0.0,0.0,0.0,0.0,0.0,0.0,0.0,0.0,0.0,0.0,0.0,0.0,0.0,0,0
695,507,Golden Slam,1411,attack_param,300000800,6906,AccumuVal [14],0,direct,self_mechanic,,on_hit,,,1,effect targets the attacker/self and is not target buildup,0.0,0.0,0.0,0.0,0.0,0.0,0.0,0.0,0.0,0.0,0.0,0.0,0.0,0,0
696,507,Golden Slam,1412,attack_param,300000801,6906,AccumuVal [14],0,direct,self_mechanic,,on_hit,,,1,effect targets the attacker/self and is not target buildup,0.0,0.0,0.0,0.0,0.0,0.0,0.0,0.0,0.0,0.0,0.0,0.0,0.0,0,0
697,507,Golden Slam,1413,attack_param,300000802,6906,AccumuVal [14],0,direct,self_mechanic,,on_hit,,,1,effect targets the attacker/self and is not target buildup,0.0,0.0,0.0,0.0,0.0,0.0,0.0,0.0,0.0,0.0,0.0,0.0,0.0,0,0
698,507,Golden Slam,1414,attack_param,300000805,6906,AccumuVal [14],0,direct,self_mechanic,,on_hit,,,1,effect targets the attacker/self and is not target buildup,0.0,0.0,0.0,0.0,0.0,0.0,0.0,0.0,0.0,0.0,0.0,0.0,0.0,0,0
699,507,Golden Slam,1415,attack_param,300000806,6906,AccumuVal [14],0,direct,self_mechanic,,on_hit,,,1,effect targets the attacker/self and is not target buildup,0.0,0.0,0.0,0.0,0.0,0.0,0.0,0.0,0.0,0.0,0.0,0.0,0.0,0,0
700,508,Waves of Darkness,1298,attack_param,300000810,6906,AccumuVal [14],0,direct,self_mechanic,,on_hit,,,1,effect targets the attacker/self and is not target buildup,0.0,0.0,0.0,0.0,0.0,0.0,0.0,0.0,0.0,0.0,0.0,0.0,0.0,0,0
701,508,Waves of Darkness,1299,attack_param,300000811,6906,AccumuVal [14],0,direct,self_mechanic,,on_hit,,,1,effect targets the attacker/self and is not target buildup,0.0,0.0,0.0,0.0,0.0,0.0,0.0,0.0,0.0,0.0,0.0,0.0,0.0,0,0
702,508,Waves of Darkness,1300,attack_param,30000812,6906,AccumuVal [14],0,direct,self_mechanic,,on_hit,,,1,effect targets the attacker/self and is not target buildup,0.0,0.0,0.0,0.0,0.0,0.0,0.0,0.0,0.0,0.0,0.0,0.0,0.0,0,0
703,508,Waves of Darkness,1301,attack_param,300000813,6906,AccumuVal [14],0,direct,self_mechanic,,on_hit,,,1,effect targets the attacker/self and is not target buildup,0.0,0.0,0.0,0.0,0.0,0.0,0.0,0.0,0.0,0.0,0.0,0.0,0.0,0,0
704,508,Waves of Darkness,1302,attack_param,300000815,6906,AccumuVal [14],0,direct,self_mechanic,,on_hit,,,1,effect targets the attacker/self and is not target buildup,0.0,0.0,0.0,0.0,0.0,0.0,0.0,0.0,0.0,0.0,0.0,0.0,0.0,0,0
705,508,Waves of Darkness,1303,attack_param,300000816,6906,AccumuVal [14],0,direct,self_mechanic,,on_hit,,,1,effect targets the attacker/self and is not target buildup,0.0,0.0,0.0,0.0,0.0,0.0,0.0,0.0,0.0,0.0,0.0,0.0,0.0,0,0
706,508,Waves of Darkness,1304,attack_param,300000818,6906,AccumuVal [14],0,direct,self_mechanic,,on_hit,,,1,effect targets the attacker/self and is not target buildup,0.0,0.0,0.0,0.0,0.0,0.0,0.0,0.0,0.0,0.0,0.0,0.0,0.0,0,0
707,509,Hoarah Loux's Earthshaker,107,attack_param,300000880,6902,AccumuVal [6],0,direct,self_mechanic,,on_hit,,,1,effect targets the attacker/self and is not target buildup,0.0,0.0,0.0,0.0,0.0,0.0,0.0,0.0,0.0,0.0,0.0,0.0,0.0,0,0
708,509,Hoarah Loux's Earthshaker,108,attack_param,300000881,6902,AccumuVal [6],0,direct,self_mechanic,,on_hit,,,1,effect targets the attacker/self and is not target buildup,0.0,0.0,0.0,0.0,0.0,0.0,0.0,0.0,0.0,0.0,0.0,0.0,0.0,0,0
709,509,Hoarah Loux's Earthshaker,109,attack_param,300000882,6904,AccumuVal [10],0,direct,self_mechanic,,on_hit,,,1,effect targets the attacker/self and is not target buildup,0.0,0.0,0.0,0.0,0.0,0.0,0.0,0.0,0.0,0.0,0.0,0.0,0.0,0,0
710,509,Hoarah Loux's Earthshaker,110,attack_param,300000883,6904,AccumuVal [10],0,direct,self_mechanic,,on_hit,,,1,effect targets the attacker/self and is not target buildup,0.0,0.0,0.0,0.0,0.0,0.0,0.0,0.0,0.0,0.0,0.0,0.0,0.0,0,0
711,509,Hoarah Loux's Earthshaker,111,attack_param,300000884,6904,AccumuVal [10],0,direct,self_mechanic,,on_hit,,,1,effect targets the attacker/self and is not target buildup,0.0,0.0,0.0,0.0,0.0,0.0,0.0,0.0,0.0,0.0,0.0,0.0,0.0,0,0
712,606,Seppuku,0,sp_effect_attack_occurrence,1755,1756,[AoW] Seppuku - Buff [Attack SpEffect],1755,attack_occurrence,persistent_on_hit,activation,while_buff_active,right,1,1,on-hit payload is linked by atkOccurrenceSpEffectId and remains distinct,0.10000000149011612,0.0,0.0,0.0,0.0,0.0,30.0,0.0,0.0,0.0,0.0,0.0,0.0,1,0
713,606,Seppuku,0,sp_effect_attack_occurrence,1758,1759,[AoW] Seppuku - Buff [Attack SpEffect],1758,attack_occurrence,persistent_on_hit,activation,while_buff_active,left,0,1,on-hit payload is linked by atkOccurrenceSpEffectId and remains distinct,0.10000000149011612,0.0,0.0,0.0,0.0,0.0,30.0,0.0,0.0,0.0,0.0,0.0,0.0,1,0
714,606,Seppuku,0,sp_effect_cycle,1754,1755,[AoW] Seppuku - Buff [Cycle SpEffect],1754,cycle,persistent_weapon_buff,activation,after_action,right,1,1,active persistent buff is the root effect's numeric cycle child,60.0,30.0,0.0,0.0,0.0,0.0,0.0,0.0,0.0,0.0,0.0,0.0,0.0,0,1
715,606,Seppuku,0,sp_effect_cycle,1757,1758,[AoW] Seppuku - Buff [Cycle SpEffect],1757,cycle,persistent_weapon_buff,activation,after_action,left,0,1,active persistent buff is the root effect's numeric cycle child,60.0,30.0,0.0,0.0,0.0,0.0,0.0,0.0,0.0,0.0,0.0,0.0,0.0,0,1
716,606,Seppuku,0,verified_script_setup,1754,1754,[AoW] Seppuku - Buff,0,direct,persistent_setup,activation,after_action,right,1,1,Skill script applies right-hand SpEffect root; verified cycle and attack-occurrence edges in regulation,0.0,0.0,0.0,0.0,0.0,0.0,0.0,0.0,0.0,0.0,0.0,0.0,0.0,0,0
717,606,Seppuku,0,verified_script_setup,1757,1757,[AoW] Seppuku - Buff,0,direct,persistent_setup,activation,after_action,left,0,1,Skill script applies left-hand SpEffect root; verified cycle and attack-occurrence edges in regulation,0.0,0.0,0.0,0.0,0.0,0.0,0.0,0.0,0.0,0.0,0.0,0.0,0.0,0,0
718,607,Cragblade,71,attack_param,300000860,6903,AccumuVal [8],0,direct,self_mechanic,,on_hit,,,1,effect targets the attacker/self and is not target buildup,0.0,0.0,0.0,0.0,0.0,0.0,0.0,0.0,0.0,0.0,0.0,0.0,0.0,0,0
719,607,Cragblade,72,attack_param,300000861,6903,AccumuVal [8],0,direct,self_mechanic,,on_hit,,,1,effect targets the attacker/self and is not target buildup,0.0,0.0,0.0,0.0,0.0,0.0,0.0,0.0,0.0,0.0,0.0,0.0,0.0,0,0
720,607,Cragblade,73,attack_param,300000865,6902,AccumuVal [6],0,direct,self_mechanic,,on_hit,,,1,effect targets the attacker/self and is not target buildup,0.0,0.0,0.0,0.0,0.0,0.0,0.0,0.0,0.0,0.0,0.0,0.0,0.0,0,0
721,607,Cragblade,74,attack_param,300000866,6902,AccumuVal [6],0,direct,self_mechanic,,on_hit,,,1,effect targets the attacker/self and is not target buildup,0.0,0.0,0.0,0.0,0.0,0.0,0.0,0.0,0.0,0.0,0.0,0.0,0.0,0,0
722,650,Barbaric Roar,452,attack_param,300000125,6904,AccumuVal [10],0,direct,self_mechanic,,on_hit,,,1,effect targets the attacker/self and is not target buildup,0.0,0.0,0.0,0.0,0.0,0.0,0.0,0.0,0.0,0.0,0.0,0.0,0.0,0,0
723,650,Barbaric Roar,454,attack_param,300200953,6903,AccumuVal [8],0,direct,self_mechanic,,on_hit,,,1,effect targets the attacker/self and is not target buildup,0.0,0.0,0.0,0.0,0.0,0.0,0.0,0.0,0.0,0.0,0.0,0.0,0.0,0,0
724,650,Barbaric Roar,455,attack_param,300200954,6903,AccumuVal [8],0,direct,self_mechanic,,on_hit,,,1,effect targets the attacker/self and is not target buildup,0.0,0.0,0.0,0.0,0.0,0.0,0.0,0.0,0.0,0.0,0.0,0.0,0.0,0,0
725,650,Barbaric Roar,456,attack_param,300200955,6903,AccumuVal [8],0,direct,self_mechanic,,on_hit,,,1,effect targets the attacker/self and is not target buildup,0.0,0.0,0.0,0.0,0.0,0.0,0.0,0.0,0.0,0.0,0.0,0.0,0.0,0,0
726,650,Barbaric Roar,457,attack_param,300200950,6903,AccumuVal [8],0,direct,self_mechanic,,on_hit,,,1,effect targets the attacker/self and is not target buildup,0.0,0.0,0.0,0.0,0.0,0.0,0.0,0.0,0.0,0.0,0.0,0.0,0.0,0,0
727,650,Barbaric Roar,458,attack_param,300200951,6903,AccumuVal [8],0,direct,self_mechanic,,on_hit,,,1,effect targets the attacker/self and is not target buildup,0.0,0.0,0.0,0.0,0.0,0.0,0.0,0.0,0.0,0.0,0.0,0.0,0.0,0,0
728,650,Barbaric Roar,459,attack_param,300200952,6903,AccumuVal [8],0,direct,self_mechanic,,on_hit,,,1,effect targets the attacker/self and is not target buildup,0.0,0.0,0.0,0.0,0.0,0.0,0.0,0.0,0.0,0.0,0.0,0.0,0.0,0,0
729,650,Barbaric Roar,460,attack_param,300200958,6903,AccumuVal [8],0,direct,self_mechanic,,on_hit,,,1,effect targets the attacker/self and is not target buildup,0.0,0.0,0.0,0.0,0.0,0.0,0.0,0.0,0.0,0.0,0.0,0.0,0.0,0,0
730,650,Barbaric Roar,461,attack_param,300200959,6904,AccumuVal [10],0,direct,self_mechanic,,on_hit,,,1,effect targets the attacker/self and is not target buildup,0.0,0.0,0.0,0.0,0.0,0.0,0.0,0.0,0.0,0.0,0.0,0.0,0.0,0,0
731,650,Barbaric Roar,462,attack_param,300200956,6903,AccumuVal [8],0,direct,self_mechanic,,on_hit,,,1,effect targets the attacker/self and is not target buildup,0.0,0.0,0.0,0.0,0.0,0.0,0.0,0.0,0.0,0.0,0.0,0.0,0.0,0,0
732,650,Barbaric Roar,463,attack_param,300200957,6906,AccumuVal [14],0,direct,self_mechanic,,on_hit,,,1,effect targets the attacker/self and is not target buildup,0.0,0.0,0.0,0.0,0.0,0.0,0.0,0.0,0.0,0.0,0.0,0.0,0.0,0,0
733,650,Barbaric Roar,464,attack_param,300200963,6903,AccumuVal [8],0,direct,self_mechanic,,on_hit,,,1,effect targets the attacker/self and is not target buildup,0.0,0.0,0.0,0.0,0.0,0.0,0.0,0.0,0.0,0.0,0.0,0.0,0.0,0,0
734,650,Barbaric Roar,465,attack_param,300200964,6903,AccumuVal [8],0,direct,self_mechanic,,on_hit,,,1,effect targets the attacker/self and is not target buildup,0.0,0.0,0.0,0.0,0.0,0.0,0.0,0.0,0.0,0.0,0.0,0.0,0.0,0,0
735,650,Barbaric Roar,466,attack_param,300200965,6903,AccumuVal [8],0,direct,self_mechanic,,on_hit,,,1,effect targets the attacker/self and is not target buildup,0.0,0.0,0.0,0.0,0.0,0.0,0.0,0.0,0.0,0.0,0.0,0.0,0.0,0,0
736,650,Barbaric Roar,467,attack_param,300200960,6903,AccumuVal [8],0,direct,self_mechanic,,on_hit,,,1,effect targets the attacker/self and is not target buildup,0.0,0.0,0.0,0.0,0.0,0.0,0.0,0.0,0.0,0.0,0.0,0.0,0.0,0,0
737,650,Barbaric Roar,468,attack_param,300200961,6903,AccumuVal [8],0,direct,self_mechanic,,on_hit,,,1,effect targets the attacker/self and is not target buildup,0.0,0.0,0.0,0.0,0.0,0.0,0.0,0.0,0.0,0.0,0.0,0.0,0.0,0,0
738,650,Barbaric Roar,469,attack_param,300200962,6903,AccumuVal [8],0,direct,self_mechanic,,on_hit,,,1,effect targets the attacker/self and is not target buildup,0.0,0.0,0.0,0.0,0.0,0.0,0.0,0.0,0.0,0.0,0.0,0.0,0.0,0,0
739,650,Barbaric Roar,470,attack_param,300200968,6903,AccumuVal [8],0,direct,self_mechanic,,on_hit,,,1,effect targets the attacker/self and is not target buildup,0.0,0.0,0.0,0.0,0.0,0.0,0.0,0.0,0.0,0.0,0.0,0.0,0.0,0,0
740,650,Barbaric Roar,471,attack_param,300200969,6904,AccumuVal [10],0,direct,self_mechanic,,on_hit,,,1,effect targets the attacker/self and is not target buildup,0.0,0.0,0.0,0.0,0.0,0.0,0.0,0.0,0.0,0.0,0.0,0.0,0.0,0,0
741,650,Barbaric Roar,472,attack_param,300200966,6903,AccumuVal [8],0,direct,self_mechanic,,on_hit,,,1,effect targets the attacker/self and is not target buildup,0.0,0.0,0.0,0.0,0.0,0.0,0.0,0.0,0.0,0.0,0.0,0.0,0.0,0,0
742,650,Barbaric Roar,473,attack_param,300200967,6906,AccumuVal [14],0,direct,self_mechanic,,on_hit,,,1,effect targets the attacker/self and is not target buildup,0.0,0.0,0.0,0.0,0.0,0.0,0.0,0.0,0.0,0.0,0.0,0.0,0.0,0,0
743,650,Barbaric Roar,474,attack_param,306700953,6903,AccumuVal [8],0,direct,self_mechanic,,on_hit,,,1,effect targets the attacker/self and is not target buildup,0.0,0.0,0.0,0.0,0.0,0.0,0.0,0.0,0.0,0.0,0.0,0.0,0.0,0,0
744,650,Barbaric Roar,475,attack_param,306700954,6903,AccumuVal [8],0,direct,self_mechanic,,on_hit,,,1,effect targets the attacker/self and is not target buildup,0.0,0.0,0.0,0.0,0.0,0.0,0.0,0.0,0.0,0.0,0.0,0.0,0.0,0,0
745,650,Barbaric Roar,476,attack_param,306700955,6903,AccumuVal [8],0,direct,self_mechanic,,on_hit,,,1,effect targets the attacker/self and is not target buildup,0.0,0.0,0.0,0.0,0.0,0.0,0.0,0.0,0.0,0.0,0.0,0.0,0.0,0,0
746,650,Barbaric Roar,477,attack_param,306700950,6903,AccumuVal [8],0,direct,self_mechanic,,on_hit,,,1,effect targets the attacker/self and is not target buildup,0.0,0.0,0.0,0.0,0.0,0.0,0.0,0.0,0.0,0.0,0.0,0.0,0.0,0,0
747,650,Barbaric Roar,478,attack_param,306700951,6903,AccumuVal [8],0,direct,self_mechanic,,on_hit,,,1,effect targets the attacker/self and is not target buildup,0.0,0.0,0.0,0.0,0.0,0.0,0.0,0.0,0.0,0.0,0.0,0.0,0.0,0,0
748,650,Barbaric Roar,479,attack_param,306700952,6903,AccumuVal [8],0,direct,self_mechanic,,on_hit,,,1,effect targets the attacker/self and is not target buildup,0.0,0.0,0.0,0.0,0.0,0.0,0.0,0.0,0.0,0.0,0.0,0.0,0.0,0,0
749,650,Barbaric Roar,480,attack_param,306700958,6903,AccumuVal [8],0,direct,self_mechanic,,on_hit,,,1,effect targets the attacker/self and is not target buildup,0.0,0.0,0.0,0.0,0.0,0.0,0.0,0.0,0.0,0.0,0.0,0.0,0.0,0,0
750,650,Barbaric Roar,481,attack_param,306700959,6904,AccumuVal [10],0,direct,self_mechanic,,on_hit,,,1,effect targets the attacker/self and is not target buildup,0.0,0.0,0.0,0.0,0.0,0.0,0.0,0.0,0.0,0.0,0.0,0.0,0.0,0,0
751,650,Barbaric Roar,482,attack_param,306700956,6903,AccumuVal [8],0,direct,self_mechanic,,on_hit,,,1,effect targets the attacker/self and is not target buildup,0.0,0.0,0.0,0.0,0.0,0.0,0.0,0.0,0.0,0.0,0.0,0.0,0.0,0,0
752,650,Barbaric Roar,483,attack_param,306700957,6906,AccumuVal [14],0,direct,self_mechanic,,on_hit,,,1,effect targets the attacker/self and is not target buildup,0.0,0.0,0.0,0.0,0.0,0.0,0.0,0.0,0.0,0.0,0.0,0.0,0.0,0,0
753,650,Barbaric Roar,484,attack_param,306700963,6903,AccumuVal [8],0,direct,self_mechanic,,on_hit,,,1,effect targets the attacker/self and is not target buildup,0.0,0.0,0.0,0.0,0.0,0.0,0.0,0.0,0.0,0.0,0.0,0.0,0.0,0,0
754,650,Barbaric Roar,485,attack_param,306700964,6903,AccumuVal [8],0,direct,self_mechanic,,on_hit,,,1,effect targets the attacker/self and is not target buildup,0.0,0.0,0.0,0.0,0.0,0.0,0.0,0.0,0.0,0.0,0.0,0.0,0.0,0,0
755,650,Barbaric Roar,486,attack_param,306700965,6903,AccumuVal [8],0,direct,self_mechanic,,on_hit,,,1,effect targets the attacker/self and is not target buildup,0.0,0.0,0.0,0.0,0.0,0.0,0.0,0.0,0.0,0.0,0.0,0.0,0.0,0,0
756,650,Barbaric Roar,487,attack_param,306700960,6903,AccumuVal [8],0,direct,self_mechanic,,on_hit,,,1,effect targets the attacker/self and is not target buildup,0.0,0.0,0.0,0.0,0.0,0.0,0.0,0.0,0.0,0.0,0.0,0.0,0.0,0,0
757,650,Barbaric Roar,488,attack_param,306700961,6903,AccumuVal [8],0,direct,self_mechanic,,on_hit,,,1,effect targets the attacker/self and is not target buildup,0.0,0.0,0.0,0.0,0.0,0.0,0.0,0.0,0.0,0.0,0.0,0.0,0.0,0,0
758,650,Barbaric Roar,489,attack_param,306700962,6903,AccumuVal [8],0,direct,self_mechanic,,on_hit,,,1,effect targets the attacker/self and is not target buildup,0.0,0.0,0.0,0.0,0.0,0.0,0.0,0.0,0.0,0.0,0.0,0.0,0.0,0,0
759,650,Barbaric Roar,490,attack_param,306700968,6903,AccumuVal [8],0,direct,self_mechanic,,on_hit,,,1,effect targets the attacker/self and is not target buildup,0.0,0.0,0.0,0.0,0.0,0.0,0.0,0.0,0.0,0.0,0.0,0.0,0.0,0,0
760,650,Barbaric Roar,491,attack_param,306700969,6904,AccumuVal [10],0,direct,self_mechanic,,on_hit,,,1,effect targets the attacker/self and is not target buildup,0.0,0.0,0.0,0.0,0.0,0.0,0.0,0.0,0.0,0.0,0.0,0.0,0.0,0,0
761,650,Barbaric Roar,492,attack_param,306700966,6903,AccumuVal [8],0,direct,self_mechanic,,on_hit,,,1,effect targets the attacker/self and is not target buildup,0.0,0.0,0.0,0.0,0.0,0.0,0.0,0.0,0.0,0.0,0.0,0.0,0.0,0,0
762,650,Barbaric Roar,493,attack_param,306700967,6906,AccumuVal [14],0,direct,self_mechanic,,on_hit,,,1,effect targets the attacker/self and is not target buildup,0.0,0.0,0.0,0.0,0.0,0.0,0.0,0.0,0.0,0.0,0.0,0.0,0.0,0,0
763,650,Barbaric Roar,494,attack_param,300300953,6903,AccumuVal [8],0,direct,self_mechanic,,on_hit,,,1,effect targets the attacker/self and is not target buildup,0.0,0.0,0.0,0.0,0.0,0.0,0.0,0.0,0.0,0.0,0.0,0.0,0.0,0,0
764,650,Barbaric Roar,495,attack_param,300300954,6903,AccumuVal [8],0,direct,self_mechanic,,on_hit,,,1,effect targets the attacker/self and is not target buildup,0.0,0.0,0.0,0.0,0.0,0.0,0.0,0.0,0.0,0.0,0.0,0.0,0.0,0,0
765,650,Barbaric Roar,496,attack_param,300300955,6903,AccumuVal [8],0,direct,self_mechanic,,on_hit,,,1,effect targets the attacker/self and is not target buildup,0.0,0.0,0.0,0.0,0.0,0.0,0.0,0.0,0.0,0.0,0.0,0.0,0.0,0,0
766,650,Barbaric Roar,497,attack_param,300300950,6903,AccumuVal [8],0,direct,self_mechanic,,on_hit,,,1,effect targets the attacker/self and is not target buildup,0.0,0.0,0.0,0.0,0.0,0.0,0.0,0.0,0.0,0.0,0.0,0.0,0.0,0,0
767,650,Barbaric Roar,498,attack_param,300300951,6903,AccumuVal [8],0,direct,self_mechanic,,on_hit,,,1,effect targets the attacker/self and is not target buildup,0.0,0.0,0.0,0.0,0.0,0.0,0.0,0.0,0.0,0.0,0.0,0.0,0.0,0,0
768,650,Barbaric Roar,499,attack_param,300300952,6903,AccumuVal [8],0,direct,self_mechanic,,on_hit,,,1,effect targets the attacker/self and is not target buildup,0.0,0.0,0.0,0.0,0.0,0.0,0.0,0.0,0.0,0.0,0.0,0.0,0.0,0,0
769,650,Barbaric Roar,500,attack_param,300300958,6904,AccumuVal [10],0,direct,self_mechanic,,on_hit,,,1,effect targets the attacker/self and is not target buildup,0.0,0.0,0.0,0.0,0.0,0.0,0.0,0.0,0.0,0.0,0.0,0.0,0.0,0,0
770,650,Barbaric Roar,501,attack_param,300300956,6906,AccumuVal [14],0,direct,self_mechanic,,on_hit,,,1,effect targets the attacker/self and is not target buildup,0.0,0.0,0.0,0.0,0.0,0.0,0.0,0.0,0.0,0.0,0.0,0.0,0.0,0,0
771,650,Barbaric Roar,502,attack_param,300300963,6903,AccumuVal [8],0,direct,self_mechanic,,on_hit,,,1,effect targets the attacker/self and is not target buildup,0.0,0.0,0.0,0.0,0.0,0.0,0.0,0.0,0.0,0.0,0.0,0.0,0.0,0,0
772,650,Barbaric Roar,503,attack_param,300300964,6903,AccumuVal [8],0,direct,self_mechanic,,on_hit,,,1,effect targets the attacker/self and is not target buildup,0.0,0.0,0.0,0.0,0.0,0.0,0.0,0.0,0.0,0.0,0.0,0.0,0.0,0,0
773,650,Barbaric Roar,504,attack_param,300300965,6903,AccumuVal [8],0,direct,self_mechanic,,on_hit,,,1,effect targets the attacker/self and is not target buildup,0.0,0.0,0.0,0.0,0.0,0.0,0.0,0.0,0.0,0.0,0.0,0.0,0.0,0,0
774,650,Barbaric Roar,505,attack_param,300300960,6903,AccumuVal [8],0,direct,self_mechanic,,on_hit,,,1,effect targets the attacker/self and is not target buildup,0.0,0.0,0.0,0.0,0.0,0.0,0.0,0.0,0.0,0.0,0.0,0.0,0.0,0,0
775,650,Barbaric Roar,506,attack_param,300300961,6903,AccumuVal [8],0,direct,self_mechanic,,on_hit,,,1,effect targets the attacker/self and is not target buildup,0.0,0.0,0.0,0.0,0.0,0.0,0.0,0.0,0.0,0.0,0.0,0.0,0.0,0,0
776,650,Barbaric Roar,507,attack_param,300300962,6903,AccumuVal [8],0,direct,self_mechanic,,on_hit,,,1,effect targets the attacker/self and is not target buildup,0.0,0.0,0.0,0.0,0.0,0.0,0.0,0.0,0.0,0.0,0.0,0.0,0.0,0,0
777,650,Barbaric Roar,508,attack_param,300300968,6904,AccumuVal [10],0,direct,self_mechanic,,on_hit,,,1,effect targets the attacker/self and is not target buildup,0.0,0.0,0.0,0.0,0.0,0.0,0.0,0.0,0.0,0.0,0.0,0.0,0.0,0,0
778,650,Barbaric Roar,509,attack_param,300300966,6906,AccumuVal [14],0,direct,self_mechanic,,on_hit,,,1,effect targets the attacker/self and is not target buildup,0.0,0.0,0.0,0.0,0.0,0.0,0.0,0.0,0.0,0.0,0.0,0.0,0.0,0,0
779,650,Barbaric Roar,510,attack_param,300400953,6906,AccumuVal [14],0,direct,self_mechanic,,on_hit,,,1,effect targets the attacker/self and is not target buildup,0.0,0.0,0.0,0.0,0.0,0.0,0.0,0.0,0.0,0.0,0.0,0.0,0.0,0,0
780,650,Barbaric Roar,511,attack_param,300400954,6906,AccumuVal [14],0,direct,self_mechanic,,on_hit,,,1,effect targets the attacker/self and is not target buildup,0.0,0.0,0.0,0.0,0.0,0.0,0.0,0.0,0.0,0.0,0.0,0.0,0.0,0,0
781,650,Barbaric Roar,512,attack_param,300400955,6906,AccumuVal [14],0,direct,self_mechanic,,on_hit,,,1,effect targets the attacker/self and is not target buildup,0.0,0.0,0.0,0.0,0.0,0.0,0.0,0.0,0.0,0.0,0.0,0.0,0.0,0,0
782,650,Barbaric Roar,513,attack_param,300400950,6906,AccumuVal [14],0,direct,self_mechanic,,on_hit,,,1,effect targets the attacker/self and is not target buildup,0.0,0.0,0.0,0.0,0.0,0.0,0.0,0.0,0.0,0.0,0.0,0.0,0.0,0,0
783,650,Barbaric Roar,514,attack_param,300400951,6906,AccumuVal [14],0,direct,self_mechanic,,on_hit,,,1,effect targets the attacker/self and is not target buildup,0.0,0.0,0.0,0.0,0.0,0.0,0.0,0.0,0.0,0.0,0.0,0.0,0.0,0,0
784,650,Barbaric Roar,515,attack_param,300400952,6906,AccumuVal [14],0,direct,self_mechanic,,on_hit,,,1,effect targets the attacker/self and is not target buildup,0.0,0.0,0.0,0.0,0.0,0.0,0.0,0.0,0.0,0.0,0.0,0.0,0.0,0,0
785,650,Barbaric Roar,516,attack_param,300400958,6906,AccumuVal [14],0,direct,self_mechanic,,on_hit,,,1,effect targets the attacker/self and is not target buildup,0.0,0.0,0.0,0.0,0.0,0.0,0.0,0.0,0.0,0.0,0.0,0.0,0.0,0,0
786,650,Barbaric Roar,517,attack_param,300400956,6909,AccumuVal [20],0,direct,self_mechanic,,on_hit,,,1,effect targets the attacker/self and is not target buildup,0.0,0.0,0.0,0.0,0.0,0.0,0.0,0.0,0.0,0.0,0.0,0.0,0.0,0,0
787,650,Barbaric Roar,518,attack_param,300400963,6906,AccumuVal [14],0,direct,self_mechanic,,on_hit,,,1,effect targets the attacker/self and is not target buildup,0.0,0.0,0.0,0.0,0.0,0.0,0.0,0.0,0.0,0.0,0.0,0.0,0.0,0,0
788,650,Barbaric Roar,519,attack_param,300400964,6906,AccumuVal [14],0,direct,self_mechanic,,on_hit,,,1,effect targets the attacker/self and is not target buildup,0.0,0.0,0.0,0.0,0.0,0.0,0.0,0.0,0.0,0.0,0.0,0.0,0.0,0,0
789,650,Barbaric Roar,520,attack_param,300400965,6906,AccumuVal [14],0,direct,self_mechanic,,on_hit,,,1,effect targets the attacker/self and is not target buildup,0.0,0.0,0.0,0.0,0.0,0.0,0.0,0.0,0.0,0.0,0.0,0.0,0.0,0,0
790,650,Barbaric Roar,521,attack_param,300400960,6906,AccumuVal [14],0,direct,self_mechanic,,on_hit,,,1,effect targets the attacker/self and is not target buildup,0.0,0.0,0.0,0.0,0.0,0.0,0.0,0.0,0.0,0.0,0.0,0.0,0.0,0,0
791,650,Barbaric Roar,522,attack_param,300400961,6906,AccumuVal [14],0,direct,self_mechanic,,on_hit,,,1,effect targets the attacker/self and is not target buildup,0.0,0.0,0.0,0.0,0.0,0.0,0.0,0.0,0.0,0.0,0.0,0.0,0.0,0,0
792,650,Barbaric Roar,523,attack_param,300400962,6906,AccumuVal [14],0,direct,self_mechanic,,on_hit,,,1,effect targets the attacker/self and is not target buildup,0.0,0.0,0.0,0.0,0.0,0.0,0.0,0.0,0.0,0.0,0.0,0.0,0.0,0,0
793,650,Barbaric Roar,524,attack_param,300400968,6906,AccumuVal [14],0,direct,self_mechanic,,on_hit,,,1,effect targets the attacker/self and is not target buildup,0.0,0.0,0.0,0.0,0.0,0.0,0.0,0.0,0.0,0.0,0.0,0.0,0.0,0,0
794,650,Barbaric Roar,525,attack_param,300400966,6909,AccumuVal [20],0,direct,self_mechanic,,on_hit,,,1,effect targets the attacker/self and is not target buildup,0.0,0.0,0.0,0.0,0.0,0.0,0.0,0.0,0.0,0.0,0.0,0.0,0.0,0,0
795,650,Barbaric Roar,526,attack_param,300700953,6903,AccumuVal [8],0,direct,self_mechanic,,on_hit,,,1,effect targets the attacker/self and is not target buildup,0.0,0.0,0.0,0.0,0.0,0.0,0.0,0.0,0.0,0.0,0.0,0.0,0.0,0,0
796,650,Barbaric Roar,527,attack_param,300700954,6903,AccumuVal [8],0,direct,self_mechanic,,on_hit,,,1,effect targets the attacker/self and is not target buildup,0.0,0.0,0.0,0.0,0.0,0.0,0.0,0.0,0.0,0.0,0.0,0.0,0.0,0,0
797,650,Barbaric Roar,528,attack_param,300700955,6903,AccumuVal [8],0,direct,self_mechanic,,on_hit,,,1,effect targets the attacker/self and is not target buildup,0.0,0.0,0.0,0.0,0.0,0.0,0.0,0.0,0.0,0.0,0.0,0.0,0.0,0,0
798,650,Barbaric Roar,529,attack_param,300700950,6903,AccumuVal [8],0,direct,self_mechanic,,on_hit,,,1,effect targets the attacker/self and is not target buildup,0.0,0.0,0.0,0.0,0.0,0.0,0.0,0.0,0.0,0.0,0.0,0.0,0.0,0,0
799,650,Barbaric Roar,530,attack_param,300700951,6903,AccumuVal [8],0,direct,self_mechanic,,on_hit,,,1,effect targets the attacker/self and is not target buildup,0.0,0.0,0.0,0.0,0.0,0.0,0.0,0.0,0.0,0.0,0.0,0.0,0.0,0,0
800,650,Barbaric Roar,531,attack_param,300700952,6903,AccumuVal [8],0,direct,self_mechanic,,on_hit,,,1,effect targets the attacker/self and is not target buildup,0.0,0.0,0.0,0.0,0.0,0.0,0.0,0.0,0.0,0.0,0.0,0.0,0.0,0,0
801,650,Barbaric Roar,532,attack_param,300700958,6903,AccumuVal [8],0,direct,self_mechanic,,on_hit,,,1,effect targets the attacker/self and is not target buildup,0.0,0.0,0.0,0.0,0.0,0.0,0.0,0.0,0.0,0.0,0.0,0.0,0.0,0,0
802,650,Barbaric Roar,533,attack_param,300700959,6904,AccumuVal [10],0,direct,self_mechanic,,on_hit,,,1,effect targets the attacker/self and is not target buildup,0.0,0.0,0.0,0.0,0.0,0.0,0.0,0.0,0.0,0.0,0.0,0.0,0.0,0,0
803,650,Barbaric Roar,534,attack_param,300700956,6903,AccumuVal [8],0,direct,self_mechanic,,on_hit,,,1,effect targets the attacker/self and is not target buildup,0.0,0.0,0.0,0.0,0.0,0.0,0.0,0.0,0.0,0.0,0.0,0.0,0.0,0,0
804,650,Barbaric Roar,535,attack_param,300700957,6906,AccumuVal [14],0,direct,self_mechanic,,on_hit,,,1,effect targets the attacker/self and is not target buildup,0.0,0.0,0.0,0.0,0.0,0.0,0.0,0.0,0.0,0.0,0.0,0.0,0.0,0,0
805,650,Barbaric Roar,536,attack_param,300700963,6903,AccumuVal [8],0,direct,self_mechanic,,on_hit,,,1,effect targets the attacker/self and is not target buildup,0.0,0.0,0.0,0.0,0.0,0.0,0.0,0.0,0.0,0.0,0.0,0.0,0.0,0,0
806,650,Barbaric Roar,537,attack_param,300700964,6903,AccumuVal [8],0,direct,self_mechanic,,on_hit,,,1,effect targets the attacker/self and is not target buildup,0.0,0.0,0.0,0.0,0.0,0.0,0.0,0.0,0.0,0.0,0.0,0.0,0.0,0,0
807,650,Barbaric Roar,538,attack_param,300700965,6903,AccumuVal [8],0,direct,self_mechanic,,on_hit,,,1,effect targets the attacker/self and is not target buildup,0.0,0.0,0.0,0.0,0.0,0.0,0.0,0.0,0.0,0.0,0.0,0.0,0.0,0,0
808,650,Barbaric Roar,539,attack_param,300700960,6903,AccumuVal [8],0,direct,self_mechanic,,on_hit,,,1,effect targets the attacker/self and is not target buildup,0.0,0.0,0.0,0.0,0.0,0.0,0.0,0.0,0.0,0.0,0.0,0.0,0.0,0,0
809,650,Barbaric Roar,540,attack_param,300700961,6903,AccumuVal [8],0,direct,self_mechanic,,on_hit,,,1,effect targets the attacker/self and is not target buildup,0.0,0.0,0.0,0.0,0.0,0.0,0.0,0.0,0.0,0.0,0.0,0.0,0.0,0,0
810,650,Barbaric Roar,541,attack_param,300700962,6903,AccumuVal [8],0,direct,self_mechanic,,on_hit,,,1,effect targets the attacker/self and is not target buildup,0.0,0.0,0.0,0.0,0.0,0.0,0.0,0.0,0.0,0.0,0.0,0.0,0.0,0,0
811,650,Barbaric Roar,542,attack_param,300700968,6903,AccumuVal [8],0,direct,self_mechanic,,on_hit,,,1,effect targets the attacker/self and is not target buildup,0.0,0.0,0.0,0.0,0.0,0.0,0.0,0.0,0.0,0.0,0.0,0.0,0.0,0,0
812,650,Barbaric Roar,543,attack_param,300700969,6904,AccumuVal [10],0,direct,self_mechanic,,on_hit,,,1,effect targets the attacker/self and is not target buildup,0.0,0.0,0.0,0.0,0.0,0.0,0.0,0.0,0.0,0.0,0.0,0.0,0.0,0,0
813,650,Barbaric Roar,544,attack_param,300700966,6903,AccumuVal [8],0,direct,self_mechanic,,on_hit,,,1,effect targets the attacker/self and is not target buildup,0.0,0.0,0.0,0.0,0.0,0.0,0.0,0.0,0.0,0.0,0.0,0.0,0.0,0,0
814,650,Barbaric Roar,545,attack_param,300700967,6906,AccumuVal [14],0,direct,self_mechanic,,on_hit,,,1,effect targets the attacker/self and is not target buildup,0.0,0.0,0.0,0.0,0.0,0.0,0.0,0.0,0.0,0.0,0.0,0.0,0.0,0,0
815,650,Barbaric Roar,546,attack_param,300800953,6903,AccumuVal [8],0,direct,self_mechanic,,on_hit,,,1,effect targets the attacker/self and is not target buildup,0.0,0.0,0.0,0.0,0.0,0.0,0.0,0.0,0.0,0.0,0.0,0.0,0.0,0,0
816,650,Barbaric Roar,547,attack_param,300800954,6903,AccumuVal [8],0,direct,self_mechanic,,on_hit,,,1,effect targets the attacker/self and is not target buildup,0.0,0.0,0.0,0.0,0.0,0.0,0.0,0.0,0.0,0.0,0.0,0.0,0.0,0,0
817,650,Barbaric Roar,548,attack_param,300800955,6903,AccumuVal [8],0,direct,self_mechanic,,on_hit,,,1,effect targets the attacker/self and is not target buildup,0.0,0.0,0.0,0.0,0.0,0.0,0.0,0.0,0.0,0.0,0.0,0.0,0.0,0,0
818,650,Barbaric Roar,549,attack_param,300800950,6903,AccumuVal [8],0,direct,self_mechanic,,on_hit,,,1,effect targets the attacker/self and is not target buildup,0.0,0.0,0.0,0.0,0.0,0.0,0.0,0.0,0.0,0.0,0.0,0.0,0.0,0,0
819,650,Barbaric Roar,550,attack_param,300800951,6903,AccumuVal [8],0,direct,self_mechanic,,on_hit,,,1,effect targets the attacker/self and is not target buildup,0.0,0.0,0.0,0.0,0.0,0.0,0.0,0.0,0.0,0.0,0.0,0.0,0.0,0,0
820,650,Barbaric Roar,551,attack_param,300800952,6903,AccumuVal [8],0,direct,self_mechanic,,on_hit,,,1,effect targets the attacker/self and is not target buildup,0.0,0.0,0.0,0.0,0.0,0.0,0.0,0.0,0.0,0.0,0.0,0.0,0.0,0,0
821,650,Barbaric Roar,552,attack_param,300800958,6904,AccumuVal [10],0,direct,self_mechanic,,on_hit,,,1,effect targets the attacker/self and is not target buildup,0.0,0.0,0.0,0.0,0.0,0.0,0.0,0.0,0.0,0.0,0.0,0.0,0.0,0,0
822,650,Barbaric Roar,553,attack_param,300800956,6906,AccumuVal [14],0,direct,self_mechanic,,on_hit,,,1,effect targets the attacker/self and is not target buildup,0.0,0.0,0.0,0.0,0.0,0.0,0.0,0.0,0.0,0.0,0.0,0.0,0.0,0,0
823,650,Barbaric Roar,554,attack_param,300800963,6903,AccumuVal [8],0,direct,self_mechanic,,on_hit,,,1,effect targets the attacker/self and is not target buildup,0.0,0.0,0.0,0.0,0.0,0.0,0.0,0.0,0.0,0.0,0.0,0.0,0.0,0,0
824,650,Barbaric Roar,555,attack_param,300800964,6903,AccumuVal [8],0,direct,self_mechanic,,on_hit,,,1,effect targets the attacker/self and is not target buildup,0.0,0.0,0.0,0.0,0.0,0.0,0.0,0.0,0.0,0.0,0.0,0.0,0.0,0,0
825,650,Barbaric Roar,556,attack_param,300800965,6903,AccumuVal [8],0,direct,self_mechanic,,on_hit,,,1,effect targets the attacker/self and is not target buildup,0.0,0.0,0.0,0.0,0.0,0.0,0.0,0.0,0.0,0.0,0.0,0.0,0.0,0,0
826,650,Barbaric Roar,557,attack_param,300800960,6903,AccumuVal [8],0,direct,self_mechanic,,on_hit,,,1,effect targets the attacker/self and is not target buildup,0.0,0.0,0.0,0.0,0.0,0.0,0.0,0.0,0.0,0.0,0.0,0.0,0.0,0,0
827,650,Barbaric Roar,558,attack_param,300800961,6903,AccumuVal [8],0,direct,self_mechanic,,on_hit,,,1,effect targets the attacker/self and is not target buildup,0.0,0.0,0.0,0.0,0.0,0.0,0.0,0.0,0.0,0.0,0.0,0.0,0.0,0,0
828,650,Barbaric Roar,559,attack_param,300800962,6903,AccumuVal [8],0,direct,self_mechanic,,on_hit,,,1,effect targets the attacker/self and is not target buildup,0.0,0.0,0.0,0.0,0.0,0.0,0.0,0.0,0.0,0.0,0.0,0.0,0.0,0,0
829,650,Barbaric Roar,560,attack_param,300800968,6904,AccumuVal [10],0,direct,self_mechanic,,on_hit,,,1,effect targets the attacker/self and is not target buildup,0.0,0.0,0.0,0.0,0.0,0.0,0.0,0.0,0.0,0.0,0.0,0.0,0.0,0,0
830,650,Barbaric Roar,561,attack_param,300800966,6906,AccumuVal [14],0,direct,self_mechanic,,on_hit,,,1,effect targets the attacker/self and is not target buildup,0.0,0.0,0.0,0.0,0.0,0.0,0.0,0.0,0.0,0.0,0.0,0.0,0.0,0,0
831,650,Barbaric Roar,562,attack_param,300900953,6903,AccumuVal [8],0,direct,self_mechanic,,on_hit,,,1,effect targets the attacker/self and is not target buildup,0.0,0.0,0.0,0.0,0.0,0.0,0.0,0.0,0.0,0.0,0.0,0.0,0.0,0,0
832,650,Barbaric Roar,563,attack_param,300900954,6903,AccumuVal [8],0,direct,self_mechanic,,on_hit,,,1,effect targets the attacker/self and is not target buildup,0.0,0.0,0.0,0.0,0.0,0.0,0.0,0.0,0.0,0.0,0.0,0.0,0.0,0,0
833,650,Barbaric Roar,564,attack_param,300900955,6903,AccumuVal [8],0,direct,self_mechanic,,on_hit,,,1,effect targets the attacker/self and is not target buildup,0.0,0.0,0.0,0.0,0.0,0.0,0.0,0.0,0.0,0.0,0.0,0.0,0.0,0,0
834,650,Barbaric Roar,565,attack_param,300900950,6903,AccumuVal [8],0,direct,self_mechanic,,on_hit,,,1,effect targets the attacker/self and is not target buildup,0.0,0.0,0.0,0.0,0.0,0.0,0.0,0.0,0.0,0.0,0.0,0.0,0.0,0,0
835,650,Barbaric Roar,566,attack_param,300900951,6903,AccumuVal [8],0,direct,self_mechanic,,on_hit,,,1,effect targets the attacker/self and is not target buildup,0.0,0.0,0.0,0.0,0.0,0.0,0.0,0.0,0.0,0.0,0.0,0.0,0.0,0,0
836,650,Barbaric Roar,567,attack_param,300900952,6903,AccumuVal [8],0,direct,self_mechanic,,on_hit,,,1,effect targets the attacker/self and is not target buildup,0.0,0.0,0.0,0.0,0.0,0.0,0.0,0.0,0.0,0.0,0.0,0.0,0.0,0,0
837,650,Barbaric Roar,568,attack_param,300900958,6903,AccumuVal [8],0,direct,self_mechanic,,on_hit,,,1,effect targets the attacker/self and is not target buildup,0.0,0.0,0.0,0.0,0.0,0.0,0.0,0.0,0.0,0.0,0.0,0.0,0.0,0,0
838,650,Barbaric Roar,569,attack_param,300900959,6904,AccumuVal [10],0,direct,self_mechanic,,on_hit,,,1,effect targets the attacker/self and is not target buildup,0.0,0.0,0.0,0.0,0.0,0.0,0.0,0.0,0.0,0.0,0.0,0.0,0.0,0,0
839,650,Barbaric Roar,570,attack_param,300900956,6903,AccumuVal [8],0,direct,self_mechanic,,on_hit,,,1,effect targets the attacker/self and is not target buildup,0.0,0.0,0.0,0.0,0.0,0.0,0.0,0.0,0.0,0.0,0.0,0.0,0.0,0,0
840,650,Barbaric Roar,571,attack_param,300900957,6906,AccumuVal [14],0,direct,self_mechanic,,on_hit,,,1,effect targets the attacker/self and is not target buildup,0.0,0.0,0.0,0.0,0.0,0.0,0.0,0.0,0.0,0.0,0.0,0.0,0.0,0,0
841,650,Barbaric Roar,572,attack_param,300900963,6903,AccumuVal [8],0,direct,self_mechanic,,on_hit,,,1,effect targets the attacker/self and is not target buildup,0.0,0.0,0.0,0.0,0.0,0.0,0.0,0.0,0.0,0.0,0.0,0.0,0.0,0,0
842,650,Barbaric Roar,573,attack_param,300900964,6903,AccumuVal [8],0,direct,self_mechanic,,on_hit,,,1,effect targets the attacker/self and is not target buildup,0.0,0.0,0.0,0.0,0.0,0.0,0.0,0.0,0.0,0.0,0.0,0.0,0.0,0,0
843,650,Barbaric Roar,574,attack_param,300900965,6903,AccumuVal [8],0,direct,self_mechanic,,on_hit,,,1,effect targets the attacker/self and is not target buildup,0.0,0.0,0.0,0.0,0.0,0.0,0.0,0.0,0.0,0.0,0.0,0.0,0.0,0,0
844,650,Barbaric Roar,575,attack_param,300900960,6903,AccumuVal [8],0,direct,self_mechanic,,on_hit,,,1,effect targets the attacker/self and is not target buildup,0.0,0.0,0.0,0.0,0.0,0.0,0.0,0.0,0.0,0.0,0.0,0.0,0.0,0,0
845,650,Barbaric Roar,576,attack_param,300900961,6903,AccumuVal [8],0,direct,self_mechanic,,on_hit,,,1,effect targets the attacker/self and is not target buildup,0.0,0.0,0.0,0.0,0.0,0.0,0.0,0.0,0.0,0.0,0.0,0.0,0.0,0,0
846,650,Barbaric Roar,577,attack_param,300900962,6903,AccumuVal [8],0,direct,self_mechanic,,on_hit,,,1,effect targets the attacker/self and is not target buildup,0.0,0.0,0.0,0.0,0.0,0.0,0.0,0.0,0.0,0.0,0.0,0.0,0.0,0,0
847,650,Barbaric Roar,578,attack_param,300900968,6903,AccumuVal [8],0,direct,self_mechanic,,on_hit,,,1,effect targets the attacker/self and is not target buildup,0.0,0.0,0.0,0.0,0.0,0.0,0.0,0.0,0.0,0.0,0.0,0.0,0.0,0,0
848,650,Barbaric Roar,579,attack_param,300900969,6904,AccumuVal [10],0,direct,self_mechanic,,on_hit,,,1,effect targets the attacker/self and is not target buildup,0.0,0.0,0.0,0.0,0.0,0.0,0.0,0.0,0.0,0.0,0.0,0.0,0.0,0,0
849,650,Barbaric Roar,580,attack_param,300900966,6903,AccumuVal [8],0,direct,self_mechanic,,on_hit,,,1,effect targets the attacker/self and is not target buildup,0.0,0.0,0.0,0.0,0.0,0.0,0.0,0.0,0.0,0.0,0.0,0.0,0.0,0,0
850,650,Barbaric Roar,581,attack_param,300900967,6906,AccumuVal [14],0,direct,self_mechanic,,on_hit,,,1,effect targets the attacker/self and is not target buildup,0.0,0.0,0.0,0.0,0.0,0.0,0.0,0.0,0.0,0.0,0.0,0.0,0.0,0,0
851,650,Barbaric Roar,582,attack_param,300000953,6903,AccumuVal [8],0,direct,self_mechanic,,on_hit,,,1,effect targets the attacker/self and is not target buildup,0.0,0.0,0.0,0.0,0.0,0.0,0.0,0.0,0.0,0.0,0.0,0.0,0.0,0,0
852,650,Barbaric Roar,583,attack_param,300000954,6903,AccumuVal [8],0,direct,self_mechanic,,on_hit,,,1,effect targets the attacker/self and is not target buildup,0.0,0.0,0.0,0.0,0.0,0.0,0.0,0.0,0.0,0.0,0.0,0.0,0.0,0,0
853,650,Barbaric Roar,584,attack_param,300000955,6903,AccumuVal [8],0,direct,self_mechanic,,on_hit,,,1,effect targets the attacker/self and is not target buildup,0.0,0.0,0.0,0.0,0.0,0.0,0.0,0.0,0.0,0.0,0.0,0.0,0.0,0,0
854,650,Barbaric Roar,585,attack_param,300000950,6903,AccumuVal [8],0,direct,self_mechanic,,on_hit,,,1,effect targets the attacker/self and is not target buildup,0.0,0.0,0.0,0.0,0.0,0.0,0.0,0.0,0.0,0.0,0.0,0.0,0.0,0,0
855,650,Barbaric Roar,586,attack_param,300000951,6903,AccumuVal [8],0,direct,self_mechanic,,on_hit,,,1,effect targets the attacker/self and is not target buildup,0.0,0.0,0.0,0.0,0.0,0.0,0.0,0.0,0.0,0.0,0.0,0.0,0.0,0,0
856,650,Barbaric Roar,587,attack_param,300000952,6903,AccumuVal [8],0,direct,self_mechanic,,on_hit,,,1,effect targets the attacker/self and is not target buildup,0.0,0.0,0.0,0.0,0.0,0.0,0.0,0.0,0.0,0.0,0.0,0.0,0.0,0,0
857,650,Barbaric Roar,588,attack_param,300000958,6903,AccumuVal [8],0,direct,self_mechanic,,on_hit,,,1,effect targets the attacker/self and is not target buildup,0.0,0.0,0.0,0.0,0.0,0.0,0.0,0.0,0.0,0.0,0.0,0.0,0.0,0,0
858,650,Barbaric Roar,589,attack_param,300000959,6904,AccumuVal [10],0,direct,self_mechanic,,on_hit,,,1,effect targets the attacker/self and is not target buildup,0.0,0.0,0.0,0.0,0.0,0.0,0.0,0.0,0.0,0.0,0.0,0.0,0.0,0,0
859,650,Barbaric Roar,590,attack_param,300000956,6903,AccumuVal [8],0,direct,self_mechanic,,on_hit,,,1,effect targets the attacker/self and is not target buildup,0.0,0.0,0.0,0.0,0.0,0.0,0.0,0.0,0.0,0.0,0.0,0.0,0.0,0,0
860,650,Barbaric Roar,591,attack_param,300000957,6906,AccumuVal [14],0,direct,self_mechanic,,on_hit,,,1,effect targets the attacker/self and is not target buildup,0.0,0.0,0.0,0.0,0.0,0.0,0.0,0.0,0.0,0.0,0.0,0.0,0.0,0,0
861,650,Barbaric Roar,592,attack_param,300000963,6903,AccumuVal [8],0,direct,self_mechanic,,on_hit,,,1,effect targets the attacker/self and is not target buildup,0.0,0.0,0.0,0.0,0.0,0.0,0.0,0.0,0.0,0.0,0.0,0.0,0.0,0,0
862,650,Barbaric Roar,593,attack_param,300000964,6903,AccumuVal [8],0,direct,self_mechanic,,on_hit,,,1,effect targets the attacker/self and is not target buildup,0.0,0.0,0.0,0.0,0.0,0.0,0.0,0.0,0.0,0.0,0.0,0.0,0.0,0,0
863,650,Barbaric Roar,594,attack_param,300000965,6903,AccumuVal [8],0,direct,self_mechanic,,on_hit,,,1,effect targets the attacker/self and is not target buildup,0.0,0.0,0.0,0.0,0.0,0.0,0.0,0.0,0.0,0.0,0.0,0.0,0.0,0,0
864,650,Barbaric Roar,595,attack_param,300000960,6903,AccumuVal [8],0,direct,self_mechanic,,on_hit,,,1,effect targets the attacker/self and is not target buildup,0.0,0.0,0.0,0.0,0.0,0.0,0.0,0.0,0.0,0.0,0.0,0.0,0.0,0,0
865,650,Barbaric Roar,596,attack_param,300000961,6903,AccumuVal [8],0,direct,self_mechanic,,on_hit,,,1,effect targets the attacker/self and is not target buildup,0.0,0.0,0.0,0.0,0.0,0.0,0.0,0.0,0.0,0.0,0.0,0.0,0.0,0,0
866,650,Barbaric Roar,597,attack_param,300000962,6903,AccumuVal [8],0,direct,self_mechanic,,on_hit,,,1,effect targets the attacker/self and is not target buildup,0.0,0.0,0.0,0.0,0.0,0.0,0.0,0.0,0.0,0.0,0.0,0.0,0.0,0,0
867,650,Barbaric Roar,598,attack_param,300000968,6903,AccumuVal [8],0,direct,self_mechanic,,on_hit,,,1,effect targets the attacker/self and is not target buildup,0.0,0.0,0.0,0.0,0.0,0.0,0.0,0.0,0.0,0.0,0.0,0.0,0.0,0,0
868,650,Barbaric Roar,599,attack_param,300000969,6904,AccumuVal [10],0,direct,self_mechanic,,on_hit,,,1,effect targets the attacker/self and is not target buildup,0.0,0.0,0.0,0.0,0.0,0.0,0.0,0.0,0.0,0.0,0.0,0.0,0.0,0,0
869,650,Barbaric Roar,600,attack_param,300000966,6903,AccumuVal [8],0,direct,self_mechanic,,on_hit,,,1,effect targets the attacker/self and is not target buildup,0.0,0.0,0.0,0.0,0.0,0.0,0.0,0.0,0.0,0.0,0.0,0.0,0.0,0,0
870,650,Barbaric Roar,601,attack_param,300000967,6906,AccumuVal [14],0,direct,self_mechanic,,on_hit,,,1,effect targets the attacker/self and is not target buildup,0.0,0.0,0.0,0.0,0.0,0.0,0.0,0.0,0.0,0.0,0.0,0.0,0.0,0,0
871,650,Barbaric Roar,602,attack_param,301000953,6903,AccumuVal [8],0,direct,self_mechanic,,on_hit,,,1,effect targets the attacker/self and is not target buildup,0.0,0.0,0.0,0.0,0.0,0.0,0.0,0.0,0.0,0.0,0.0,0.0,0.0,0,0
872,650,Barbaric Roar,603,attack_param,301000954,6903,AccumuVal [8],0,direct,self_mechanic,,on_hit,,,1,effect targets the attacker/self and is not target buildup,0.0,0.0,0.0,0.0,0.0,0.0,0.0,0.0,0.0,0.0,0.0,0.0,0.0,0,0
873,650,Barbaric Roar,604,attack_param,301000955,6903,AccumuVal [8],0,direct,self_mechanic,,on_hit,,,1,effect targets the attacker/self and is not target buildup,0.0,0.0,0.0,0.0,0.0,0.0,0.0,0.0,0.0,0.0,0.0,0.0,0.0,0,0
874,650,Barbaric Roar,605,attack_param,301000950,6903,AccumuVal [8],0,direct,self_mechanic,,on_hit,,,1,effect targets the attacker/self and is not target buildup,0.0,0.0,0.0,0.0,0.0,0.0,0.0,0.0,0.0,0.0,0.0,0.0,0.0,0,0
875,650,Barbaric Roar,606,attack_param,301000951,6903,AccumuVal [8],0,direct,self_mechanic,,on_hit,,,1,effect targets the attacker/self and is not target buildup,0.0,0.0,0.0,0.0,0.0,0.0,0.0,0.0,0.0,0.0,0.0,0.0,0.0,0,0
876,650,Barbaric Roar,607,attack_param,301000952,6903,AccumuVal [8],0,direct,self_mechanic,,on_hit,,,1,effect targets the attacker/self and is not target buildup,0.0,0.0,0.0,0.0,0.0,0.0,0.0,0.0,0.0,0.0,0.0,0.0,0.0,0,0
877,650,Barbaric Roar,608,attack_param,301000958,6904,AccumuVal [10],0,direct,self_mechanic,,on_hit,,,1,effect targets the attacker/self and is not target buildup,0.0,0.0,0.0,0.0,0.0,0.0,0.0,0.0,0.0,0.0,0.0,0.0,0.0,0,0
878,650,Barbaric Roar,609,attack_param,301000956,6906,AccumuVal [14],0,direct,self_mechanic,,on_hit,,,1,effect targets the attacker/self and is not target buildup,0.0,0.0,0.0,0.0,0.0,0.0,0.0,0.0,0.0,0.0,0.0,0.0,0.0,0,0
879,650,Barbaric Roar,610,attack_param,301000963,6903,AccumuVal [8],0,direct,self_mechanic,,on_hit,,,1,effect targets the attacker/self and is not target buildup,0.0,0.0,0.0,0.0,0.0,0.0,0.0,0.0,0.0,0.0,0.0,0.0,0.0,0,0
880,650,Barbaric Roar,611,attack_param,301000964,6903,AccumuVal [8],0,direct,self_mechanic,,on_hit,,,1,effect targets the attacker/self and is not target buildup,0.0,0.0,0.0,0.0,0.0,0.0,0.0,0.0,0.0,0.0,0.0,0.0,0.0,0,0
881,650,Barbaric Roar,612,attack_param,301000965,6903,AccumuVal [8],0,direct,self_mechanic,,on_hit,,,1,effect targets the attacker/self and is not target buildup,0.0,0.0,0.0,0.0,0.0,0.0,0.0,0.0,0.0,0.0,0.0,0.0,0.0,0,0
882,650,Barbaric Roar,613,attack_param,301000960,6903,AccumuVal [8],0,direct,self_mechanic,,on_hit,,,1,effect targets the attacker/self and is not target buildup,0.0,0.0,0.0,0.0,0.0,0.0,0.0,0.0,0.0,0.0,0.0,0.0,0.0,0,0
883,650,Barbaric Roar,614,attack_param,301000961,6903,AccumuVal [8],0,direct,self_mechanic,,on_hit,,,1,effect targets the attacker/self and is not target buildup,0.0,0.0,0.0,0.0,0.0,0.0,0.0,0.0,0.0,0.0,0.0,0.0,0.0,0,0
884,650,Barbaric Roar,615,attack_param,301000962,6903,AccumuVal [8],0,direct,self_mechanic,,on_hit,,,1,effect targets the attacker/self and is not target buildup,0.0,0.0,0.0,0.0,0.0,0.0,0.0,0.0,0.0,0.0,0.0,0.0,0.0,0,0
885,650,Barbaric Roar,616,attack_param,301000968,6904,AccumuVal [10],0,direct,self_mechanic,,on_hit,,,1,effect targets the attacker/self and is not target buildup,0.0,0.0,0.0,0.0,0.0,0.0,0.0,0.0,0.0,0.0,0.0,0.0,0.0,0,0
886,650,Barbaric Roar,617,attack_param,301000966,6906,AccumuVal [14],0,direct,self_mechanic,,on_hit,,,1,effect targets the attacker/self and is not target buildup,0.0,0.0,0.0,0.0,0.0,0.0,0.0,0.0,0.0,0.0,0.0,0.0,0.0,0,0
887,650,Barbaric Roar,618,attack_param,301400953,6903,AccumuVal [8],0,direct,self_mechanic,,on_hit,,,1,effect targets the attacker/self and is not target buildup,0.0,0.0,0.0,0.0,0.0,0.0,0.0,0.0,0.0,0.0,0.0,0.0,0.0,0,0
888,650,Barbaric Roar,619,attack_param,301400954,6903,AccumuVal [8],0,direct,self_mechanic,,on_hit,,,1,effect targets the attacker/self and is not target buildup,0.0,0.0,0.0,0.0,0.0,0.0,0.0,0.0,0.0,0.0,0.0,0.0,0.0,0,0
889,650,Barbaric Roar,620,attack_param,301400955,6903,AccumuVal [8],0,direct,self_mechanic,,on_hit,,,1,effect targets the attacker/self and is not target buildup,0.0,0.0,0.0,0.0,0.0,0.0,0.0,0.0,0.0,0.0,0.0,0.0,0.0,0,0
890,650,Barbaric Roar,621,attack_param,301400950,6903,AccumuVal [8],0,direct,self_mechanic,,on_hit,,,1,effect targets the attacker/self and is not target buildup,0.0,0.0,0.0,0.0,0.0,0.0,0.0,0.0,0.0,0.0,0.0,0.0,0.0,0,0
891,650,Barbaric Roar,622,attack_param,301400951,6903,AccumuVal [8],0,direct,self_mechanic,,on_hit,,,1,effect targets the attacker/self and is not target buildup,0.0,0.0,0.0,0.0,0.0,0.0,0.0,0.0,0.0,0.0,0.0,0.0,0.0,0,0
892,650,Barbaric Roar,623,attack_param,301400952,6903,AccumuVal [8],0,direct,self_mechanic,,on_hit,,,1,effect targets the attacker/self and is not target buildup,0.0,0.0,0.0,0.0,0.0,0.0,0.0,0.0,0.0,0.0,0.0,0.0,0.0,0,0
893,650,Barbaric Roar,624,attack_param,301400958,6903,AccumuVal [8],0,direct,self_mechanic,,on_hit,,,1,effect targets the attacker/self and is not target buildup,0.0,0.0,0.0,0.0,0.0,0.0,0.0,0.0,0.0,0.0,0.0,0.0,0.0,0,0
894,650,Barbaric Roar,625,attack_param,301400959,6904,AccumuVal [10],0,direct,self_mechanic,,on_hit,,,1,effect targets the attacker/self and is not target buildup,0.0,0.0,0.0,0.0,0.0,0.0,0.0,0.0,0.0,0.0,0.0,0.0,0.0,0,0
895,650,Barbaric Roar,626,attack_param,301400956,6903,AccumuVal [8],0,direct,self_mechanic,,on_hit,,,1,effect targets the attacker/self and is not target buildup,0.0,0.0,0.0,0.0,0.0,0.0,0.0,0.0,0.0,0.0,0.0,0.0,0.0,0,0
896,650,Barbaric Roar,627,attack_param,301400957,6906,AccumuVal [14],0,direct,self_mechanic,,on_hit,,,1,effect targets the attacker/self and is not target buildup,0.0,0.0,0.0,0.0,0.0,0.0,0.0,0.0,0.0,0.0,0.0,0.0,0.0,0,0
897,650,Barbaric Roar,628,attack_param,301400963,6903,AccumuVal [8],0,direct,self_mechanic,,on_hit,,,1,effect targets the attacker/self and is not target buildup,0.0,0.0,0.0,0.0,0.0,0.0,0.0,0.0,0.0,0.0,0.0,0.0,0.0,0,0
898,650,Barbaric Roar,629,attack_param,301400964,6903,AccumuVal [8],0,direct,self_mechanic,,on_hit,,,1,effect targets the attacker/self and is not target buildup,0.0,0.0,0.0,0.0,0.0,0.0,0.0,0.0,0.0,0.0,0.0,0.0,0.0,0,0
899,650,Barbaric Roar,630,attack_param,301400965,6903,AccumuVal [8],0,direct,self_mechanic,,on_hit,,,1,effect targets the attacker/self and is not target buildup,0.0,0.0,0.0,0.0,0.0,0.0,0.0,0.0,0.0,0.0,0.0,0.0,0.0,0,0
900,650,Barbaric Roar,631,attack_param,301400960,6903,AccumuVal [8],0,direct,self_mechanic,,on_hit,,,1,effect targets the attacker/self and is not target buildup,0.0,0.0,0.0,0.0,0.0,0.0,0.0,0.0,0.0,0.0,0.0,0.0,0.0,0,0
901,650,Barbaric Roar,632,attack_param,301400961,6903,AccumuVal [8],0,direct,self_mechanic,,on_hit,,,1,effect targets the attacker/self and is not target buildup,0.0,0.0,0.0,0.0,0.0,0.0,0.0,0.0,0.0,0.0,0.0,0.0,0.0,0,0
902,650,Barbaric Roar,633,attack_param,301400962,6903,AccumuVal [8],0,direct,self_mechanic,,on_hit,,,1,effect targets the attacker/self and is not target buildup,0.0,0.0,0.0,0.0,0.0,0.0,0.0,0.0,0.0,0.0,0.0,0.0,0.0,0,0
903,650,Barbaric Roar,634,attack_param,301400968,6903,AccumuVal [8],0,direct,self_mechanic,,on_hit,,,1,effect targets the attacker/self and is not target buildup,0.0,0.0,0.0,0.0,0.0,0.0,0.0,0.0,0.0,0.0,0.0,0.0,0.0,0,0
904,650,Barbaric Roar,635,attack_param,301400969,6904,AccumuVal [10],0,direct,self_mechanic,,on_hit,,,1,effect targets the attacker/self and is not target buildup,0.0,0.0,0.0,0.0,0.0,0.0,0.0,0.0,0.0,0.0,0.0,0.0,0.0,0,0
905,650,Barbaric Roar,636,attack_param,301400966,6903,AccumuVal [8],0,direct,self_mechanic,,on_hit,,,1,effect targets the attacker/self and is not target buildup,0.0,0.0,0.0,0.0,0.0,0.0,0.0,0.0,0.0,0.0,0.0,0.0,0.0,0,0
906,650,Barbaric Roar,637,attack_param,301400967,6906,AccumuVal [14],0,direct,self_mechanic,,on_hit,,,1,effect targets the attacker/self and is not target buildup,0.0,0.0,0.0,0.0,0.0,0.0,0.0,0.0,0.0,0.0,0.0,0.0,0.0,0,0
907,650,Barbaric Roar,638,attack_param,301500953,6903,AccumuVal [8],0,direct,self_mechanic,,on_hit,,,1,effect targets the attacker/self and is not target buildup,0.0,0.0,0.0,0.0,0.0,0.0,0.0,0.0,0.0,0.0,0.0,0.0,0.0,0,0
908,650,Barbaric Roar,639,attack_param,301500954,6903,AccumuVal [8],0,direct,self_mechanic,,on_hit,,,1,effect targets the attacker/self and is not target buildup,0.0,0.0,0.0,0.0,0.0,0.0,0.0,0.0,0.0,0.0,0.0,0.0,0.0,0,0
909,650,Barbaric Roar,640,attack_param,301500955,6903,AccumuVal [8],0,direct,self_mechanic,,on_hit,,,1,effect targets the attacker/self and is not target buildup,0.0,0.0,0.0,0.0,0.0,0.0,0.0,0.0,0.0,0.0,0.0,0.0,0.0,0,0
910,650,Barbaric Roar,641,attack_param,301500950,6903,AccumuVal [8],0,direct,self_mechanic,,on_hit,,,1,effect targets the attacker/self and is not target buildup,0.0,0.0,0.0,0.0,0.0,0.0,0.0,0.0,0.0,0.0,0.0,0.0,0.0,0,0
911,650,Barbaric Roar,642,attack_param,301500951,6903,AccumuVal [8],0,direct,self_mechanic,,on_hit,,,1,effect targets the attacker/self and is not target buildup,0.0,0.0,0.0,0.0,0.0,0.0,0.0,0.0,0.0,0.0,0.0,0.0,0.0,0,0
912,650,Barbaric Roar,643,attack_param,301500952,6903,AccumuVal [8],0,direct,self_mechanic,,on_hit,,,1,effect targets the attacker/self and is not target buildup,0.0,0.0,0.0,0.0,0.0,0.0,0.0,0.0,0.0,0.0,0.0,0.0,0.0,0,0
913,650,Barbaric Roar,644,attack_param,301500958,6904,AccumuVal [10],0,direct,self_mechanic,,on_hit,,,1,effect targets the attacker/self and is not target buildup,0.0,0.0,0.0,0.0,0.0,0.0,0.0,0.0,0.0,0.0,0.0,0.0,0.0,0,0
914,650,Barbaric Roar,645,attack_param,301500956,6906,AccumuVal [14],0,direct,self_mechanic,,on_hit,,,1,effect targets the attacker/self and is not target buildup,0.0,0.0,0.0,0.0,0.0,0.0,0.0,0.0,0.0,0.0,0.0,0.0,0.0,0,0
915,650,Barbaric Roar,646,attack_param,301500963,6903,AccumuVal [8],0,direct,self_mechanic,,on_hit,,,1,effect targets the attacker/self and is not target buildup,0.0,0.0,0.0,0.0,0.0,0.0,0.0,0.0,0.0,0.0,0.0,0.0,0.0,0,0
916,650,Barbaric Roar,647,attack_param,301500964,6903,AccumuVal [8],0,direct,self_mechanic,,on_hit,,,1,effect targets the attacker/self and is not target buildup,0.0,0.0,0.0,0.0,0.0,0.0,0.0,0.0,0.0,0.0,0.0,0.0,0.0,0,0
917,650,Barbaric Roar,648,attack_param,301500965,6903,AccumuVal [8],0,direct,self_mechanic,,on_hit,,,1,effect targets the attacker/self and is not target buildup,0.0,0.0,0.0,0.0,0.0,0.0,0.0,0.0,0.0,0.0,0.0,0.0,0.0,0,0
918,650,Barbaric Roar,649,attack_param,301500960,6903,AccumuVal [8],0,direct,self_mechanic,,on_hit,,,1,effect targets the attacker/self and is not target buildup,0.0,0.0,0.0,0.0,0.0,0.0,0.0,0.0,0.0,0.0,0.0,0.0,0.0,0,0
919,650,Barbaric Roar,650,attack_param,301500961,6903,AccumuVal [8],0,direct,self_mechanic,,on_hit,,,1,effect targets the attacker/self and is not target buildup,0.0,0.0,0.0,0.0,0.0,0.0,0.0,0.0,0.0,0.0,0.0,0.0,0.0,0,0
920,650,Barbaric Roar,651,attack_param,301500962,6903,AccumuVal [8],0,direct,self_mechanic,,on_hit,,,1,effect targets the attacker/self and is not target buildup,0.0,0.0,0.0,0.0,0.0,0.0,0.0,0.0,0.0,0.0,0.0,0.0,0.0,0,0
921,650,Barbaric Roar,652,attack_param,301500968,6904,AccumuVal [10],0,direct,self_mechanic,,on_hit,,,1,effect targets the attacker/self and is not target buildup,0.0,0.0,0.0,0.0,0.0,0.0,0.0,0.0,0.0,0.0,0.0,0.0,0.0,0,0
922,650,Barbaric Roar,653,attack_param,301500966,6906,AccumuVal [14],0,direct,self_mechanic,,on_hit,,,1,effect targets the attacker/self and is not target buildup,0.0,0.0,0.0,0.0,0.0,0.0,0.0,0.0,0.0,0.0,0.0,0.0,0.0,0,0
923,650,Barbaric Roar,654,attack_param,301100953,6903,AccumuVal [8],0,direct,self_mechanic,,on_hit,,,1,effect targets the attacker/self and is not target buildup,0.0,0.0,0.0,0.0,0.0,0.0,0.0,0.0,0.0,0.0,0.0,0.0,0.0,0,0
924,650,Barbaric Roar,655,attack_param,301100954,6903,AccumuVal [8],0,direct,self_mechanic,,on_hit,,,1,effect targets the attacker/self and is not target buildup,0.0,0.0,0.0,0.0,0.0,0.0,0.0,0.0,0.0,0.0,0.0,0.0,0.0,0,0
925,650,Barbaric Roar,656,attack_param,301100955,6903,AccumuVal [8],0,direct,self_mechanic,,on_hit,,,1,effect targets the attacker/self and is not target buildup,0.0,0.0,0.0,0.0,0.0,0.0,0.0,0.0,0.0,0.0,0.0,0.0,0.0,0,0
926,650,Barbaric Roar,657,attack_param,301100950,6903,AccumuVal [8],0,direct,self_mechanic,,on_hit,,,1,effect targets the attacker/self and is not target buildup,0.0,0.0,0.0,0.0,0.0,0.0,0.0,0.0,0.0,0.0,0.0,0.0,0.0,0,0
927,650,Barbaric Roar,658,attack_param,301100951,6903,AccumuVal [8],0,direct,self_mechanic,,on_hit,,,1,effect targets the attacker/self and is not target buildup,0.0,0.0,0.0,0.0,0.0,0.0,0.0,0.0,0.0,0.0,0.0,0.0,0.0,0,0
928,650,Barbaric Roar,659,attack_param,301100952,6903,AccumuVal [8],0,direct,self_mechanic,,on_hit,,,1,effect targets the attacker/self and is not target buildup,0.0,0.0,0.0,0.0,0.0,0.0,0.0,0.0,0.0,0.0,0.0,0.0,0.0,0,0
929,650,Barbaric Roar,660,attack_param,301100958,6903,AccumuVal [8],0,direct,self_mechanic,,on_hit,,,1,effect targets the attacker/self and is not target buildup,0.0,0.0,0.0,0.0,0.0,0.0,0.0,0.0,0.0,0.0,0.0,0.0,0.0,0,0
930,650,Barbaric Roar,661,attack_param,301100959,6904,AccumuVal [10],0,direct,self_mechanic,,on_hit,,,1,effect targets the attacker/self and is not target buildup,0.0,0.0,0.0,0.0,0.0,0.0,0.0,0.0,0.0,0.0,0.0,0.0,0.0,0,0
931,650,Barbaric Roar,662,attack_param,301100956,6903,AccumuVal [8],0,direct,self_mechanic,,on_hit,,,1,effect targets the attacker/self and is not target buildup,0.0,0.0,0.0,0.0,0.0,0.0,0.0,0.0,0.0,0.0,0.0,0.0,0.0,0,0
932,650,Barbaric Roar,663,attack_param,301100957,6906,AccumuVal [14],0,direct,self_mechanic,,on_hit,,,1,effect targets the attacker/self and is not target buildup,0.0,0.0,0.0,0.0,0.0,0.0,0.0,0.0,0.0,0.0,0.0,0.0,0.0,0,0
933,650,Barbaric Roar,664,attack_param,301100963,6903,AccumuVal [8],0,direct,self_mechanic,,on_hit,,,1,effect targets the attacker/self and is not target buildup,0.0,0.0,0.0,0.0,0.0,0.0,0.0,0.0,0.0,0.0,0.0,0.0,0.0,0,0
934,650,Barbaric Roar,665,attack_param,301100964,6903,AccumuVal [8],0,direct,self_mechanic,,on_hit,,,1,effect targets the attacker/self and is not target buildup,0.0,0.0,0.0,0.0,0.0,0.0,0.0,0.0,0.0,0.0,0.0,0.0,0.0,0,0
935,650,Barbaric Roar,666,attack_param,301100965,6903,AccumuVal [8],0,direct,self_mechanic,,on_hit,,,1,effect targets the attacker/self and is not target buildup,0.0,0.0,0.0,0.0,0.0,0.0,0.0,0.0,0.0,0.0,0.0,0.0,0.0,0,0
936,650,Barbaric Roar,667,attack_param,301100960,6903,AccumuVal [8],0,direct,self_mechanic,,on_hit,,,1,effect targets the attacker/self and is not target buildup,0.0,0.0,0.0,0.0,0.0,0.0,0.0,0.0,0.0,0.0,0.0,0.0,0.0,0,0
937,650,Barbaric Roar,668,attack_param,301100961,6903,AccumuVal [8],0,direct,self_mechanic,,on_hit,,,1,effect targets the attacker/self and is not target buildup,0.0,0.0,0.0,0.0,0.0,0.0,0.0,0.0,0.0,0.0,0.0,0.0,0.0,0,0
938,650,Barbaric Roar,669,attack_param,301100962,6903,AccumuVal [8],0,direct,self_mechanic,,on_hit,,,1,effect targets the attacker/self and is not target buildup,0.0,0.0,0.0,0.0,0.0,0.0,0.0,0.0,0.0,0.0,0.0,0.0,0.0,0,0
939,650,Barbaric Roar,670,attack_param,301100968,6903,AccumuVal [8],0,direct,self_mechanic,,on_hit,,,1,effect targets the attacker/self and is not target buildup,0.0,0.0,0.0,0.0,0.0,0.0,0.0,0.0,0.0,0.0,0.0,0.0,0.0,0,0
940,650,Barbaric Roar,671,attack_param,301100969,6904,AccumuVal [10],0,direct,self_mechanic,,on_hit,,,1,effect targets the attacker/self and is not target buildup,0.0,0.0,0.0,0.0,0.0,0.0,0.0,0.0,0.0,0.0,0.0,0.0,0.0,0,0
941,650,Barbaric Roar,672,attack_param,301100966,6903,AccumuVal [8],0,direct,self_mechanic,,on_hit,,,1,effect targets the attacker/self and is not target buildup,0.0,0.0,0.0,0.0,0.0,0.0,0.0,0.0,0.0,0.0,0.0,0.0,0.0,0,0
942,650,Barbaric Roar,673,attack_param,301100967,6906,AccumuVal [14],0,direct,self_mechanic,,on_hit,,,1,effect targets the attacker/self and is not target buildup,0.0,0.0,0.0,0.0,0.0,0.0,0.0,0.0,0.0,0.0,0.0,0.0,0.0,0,0
943,650,Barbaric Roar,674,attack_param,301300953,6903,AccumuVal [8],0,direct,self_mechanic,,on_hit,,,1,effect targets the attacker/self and is not target buildup,0.0,0.0,0.0,0.0,0.0,0.0,0.0,0.0,0.0,0.0,0.0,0.0,0.0,0,0
944,650,Barbaric Roar,675,attack_param,301300954,6903,AccumuVal [8],0,direct,self_mechanic,,on_hit,,,1,effect targets the attacker/self and is not target buildup,0.0,0.0,0.0,0.0,0.0,0.0,0.0,0.0,0.0,0.0,0.0,0.0,0.0,0,0
945,650,Barbaric Roar,676,attack_param,301300955,6903,AccumuVal [8],0,direct,self_mechanic,,on_hit,,,1,effect targets the attacker/self and is not target buildup,0.0,0.0,0.0,0.0,0.0,0.0,0.0,0.0,0.0,0.0,0.0,0.0,0.0,0,0
946,650,Barbaric Roar,677,attack_param,301300950,6903,AccumuVal [8],0,direct,self_mechanic,,on_hit,,,1,effect targets the attacker/self and is not target buildup,0.0,0.0,0.0,0.0,0.0,0.0,0.0,0.0,0.0,0.0,0.0,0.0,0.0,0,0
947,650,Barbaric Roar,678,attack_param,301300951,6903,AccumuVal [8],0,direct,self_mechanic,,on_hit,,,1,effect targets the attacker/self and is not target buildup,0.0,0.0,0.0,0.0,0.0,0.0,0.0,0.0,0.0,0.0,0.0,0.0,0.0,0,0
948,650,Barbaric Roar,679,attack_param,301300952,6903,AccumuVal [8],0,direct,self_mechanic,,on_hit,,,1,effect targets the attacker/self and is not target buildup,0.0,0.0,0.0,0.0,0.0,0.0,0.0,0.0,0.0,0.0,0.0,0.0,0.0,0,0
949,650,Barbaric Roar,680,attack_param,301300958,6903,AccumuVal [8],0,direct,self_mechanic,,on_hit,,,1,effect targets the attacker/self and is not target buildup,0.0,0.0,0.0,0.0,0.0,0.0,0.0,0.0,0.0,0.0,0.0,0.0,0.0,0,0
950,650,Barbaric Roar,681,attack_param,301300959,6904,AccumuVal [10],0,direct,self_mechanic,,on_hit,,,1,effect targets the attacker/self and is not target buildup,0.0,0.0,0.0,0.0,0.0,0.0,0.0,0.0,0.0,0.0,0.0,0.0,0.0,0,0
951,650,Barbaric Roar,682,attack_param,301300956,6903,AccumuVal [8],0,direct,self_mechanic,,on_hit,,,1,effect targets the attacker/self and is not target buildup,0.0,0.0,0.0,0.0,0.0,0.0,0.0,0.0,0.0,0.0,0.0,0.0,0.0,0,0
952,650,Barbaric Roar,683,attack_param,301300957,6906,AccumuVal [14],0,direct,self_mechanic,,on_hit,,,1,effect targets the attacker/self and is not target buildup,0.0,0.0,0.0,0.0,0.0,0.0,0.0,0.0,0.0,0.0,0.0,0.0,0.0,0,0
953,650,Barbaric Roar,684,attack_param,301300963,6903,AccumuVal [8],0,direct,self_mechanic,,on_hit,,,1,effect targets the attacker/self and is not target buildup,0.0,0.0,0.0,0.0,0.0,0.0,0.0,0.0,0.0,0.0,0.0,0.0,0.0,0,0
954,650,Barbaric Roar,685,attack_param,301300964,6903,AccumuVal [8],0,direct,self_mechanic,,on_hit,,,1,effect targets the attacker/self and is not target buildup,0.0,0.0,0.0,0.0,0.0,0.0,0.0,0.0,0.0,0.0,0.0,0.0,0.0,0,0
955,650,Barbaric Roar,686,attack_param,301300965,6903,AccumuVal [8],0,direct,self_mechanic,,on_hit,,,1,effect targets the attacker/self and is not target buildup,0.0,0.0,0.0,0.0,0.0,0.0,0.0,0.0,0.0,0.0,0.0,0.0,0.0,0,0
956,650,Barbaric Roar,687,attack_param,301300960,6903,AccumuVal [8],0,direct,self_mechanic,,on_hit,,,1,effect targets the attacker/self and is not target buildup,0.0,0.0,0.0,0.0,0.0,0.0,0.0,0.0,0.0,0.0,0.0,0.0,0.0,0,0
957,650,Barbaric Roar,688,attack_param,301300961,6903,AccumuVal [8],0,direct,self_mechanic,,on_hit,,,1,effect targets the attacker/self and is not target buildup,0.0,0.0,0.0,0.0,0.0,0.0,0.0,0.0,0.0,0.0,0.0,0.0,0.0,0,0
958,650,Barbaric Roar,689,attack_param,301300962,6903,AccumuVal [8],0,direct,self_mechanic,,on_hit,,,1,effect targets the attacker/self and is not target buildup,0.0,0.0,0.0,0.0,0.0,0.0,0.0,0.0,0.0,0.0,0.0,0.0,0.0,0,0
959,650,Barbaric Roar,690,attack_param,301300968,6903,AccumuVal [8],0,direct,self_mechanic,,on_hit,,,1,effect targets the attacker/self and is not target buildup,0.0,0.0,0.0,0.0,0.0,0.0,0.0,0.0,0.0,0.0,0.0,0.0,0.0,0,0
960,650,Barbaric Roar,691,attack_param,301300969,6904,AccumuVal [10],0,direct,self_mechanic,,on_hit,,,1,effect targets the attacker/self and is not target buildup,0.0,0.0,0.0,0.0,0.0,0.0,0.0,0.0,0.0,0.0,0.0,0.0,0.0,0,0
961,650,Barbaric Roar,692,attack_param,301300966,6903,AccumuVal [8],0,direct,self_mechanic,,on_hit,,,1,effect targets the attacker/self and is not target buildup,0.0,0.0,0.0,0.0,0.0,0.0,0.0,0.0,0.0,0.0,0.0,0.0,0.0,0,0
962,650,Barbaric Roar,693,attack_param,301300967,6906,AccumuVal [14],0,direct,self_mechanic,,on_hit,,,1,effect targets the attacker/self and is not target buildup,0.0,0.0,0.0,0.0,0.0,0.0,0.0,0.0,0.0,0.0,0.0,0.0,0.0,0,0
963,650,Barbaric Roar,694,attack_param,301200953,6903,AccumuVal [8],0,direct,self_mechanic,,on_hit,,,1,effect targets the attacker/self and is not target buildup,0.0,0.0,0.0,0.0,0.0,0.0,0.0,0.0,0.0,0.0,0.0,0.0,0.0,0,0
964,650,Barbaric Roar,695,attack_param,301200954,6903,AccumuVal [8],0,direct,self_mechanic,,on_hit,,,1,effect targets the attacker/self and is not target buildup,0.0,0.0,0.0,0.0,0.0,0.0,0.0,0.0,0.0,0.0,0.0,0.0,0.0,0,0
965,650,Barbaric Roar,696,attack_param,301200955,6903,AccumuVal [8],0,direct,self_mechanic,,on_hit,,,1,effect targets the attacker/self and is not target buildup,0.0,0.0,0.0,0.0,0.0,0.0,0.0,0.0,0.0,0.0,0.0,0.0,0.0,0,0
966,650,Barbaric Roar,697,attack_param,301200950,6903,AccumuVal [8],0,direct,self_mechanic,,on_hit,,,1,effect targets the attacker/self and is not target buildup,0.0,0.0,0.0,0.0,0.0,0.0,0.0,0.0,0.0,0.0,0.0,0.0,0.0,0,0
967,650,Barbaric Roar,698,attack_param,301200951,6903,AccumuVal [8],0,direct,self_mechanic,,on_hit,,,1,effect targets the attacker/self and is not target buildup,0.0,0.0,0.0,0.0,0.0,0.0,0.0,0.0,0.0,0.0,0.0,0.0,0.0,0,0
968,650,Barbaric Roar,699,attack_param,301200952,6903,AccumuVal [8],0,direct,self_mechanic,,on_hit,,,1,effect targets the attacker/self and is not target buildup,0.0,0.0,0.0,0.0,0.0,0.0,0.0,0.0,0.0,0.0,0.0,0.0,0.0,0,0
969,650,Barbaric Roar,700,attack_param,301200958,6904,AccumuVal [10],0,direct,self_mechanic,,on_hit,,,1,effect targets the attacker/self and is not target buildup,0.0,0.0,0.0,0.0,0.0,0.0,0.0,0.0,0.0,0.0,0.0,0.0,0.0,0,0
970,650,Barbaric Roar,701,attack_param,301200956,6906,AccumuVal [14],0,direct,self_mechanic,,on_hit,,,1,effect targets the attacker/self and is not target buildup,0.0,0.0,0.0,0.0,0.0,0.0,0.0,0.0,0.0,0.0,0.0,0.0,0.0,0,0
971,650,Barbaric Roar,702,attack_param,301200963,6903,AccumuVal [8],0,direct,self_mechanic,,on_hit,,,1,effect targets the attacker/self and is not target buildup,0.0,0.0,0.0,0.0,0.0,0.0,0.0,0.0,0.0,0.0,0.0,0.0,0.0,0,0
972,650,Barbaric Roar,703,attack_param,301200964,6903,AccumuVal [8],0,direct,self_mechanic,,on_hit,,,1,effect targets the attacker/self and is not target buildup,0.0,0.0,0.0,0.0,0.0,0.0,0.0,0.0,0.0,0.0,0.0,0.0,0.0,0,0
973,650,Barbaric Roar,704,attack_param,301200965,6903,AccumuVal [8],0,direct,self_mechanic,,on_hit,,,1,effect targets the attacker/self and is not target buildup,0.0,0.0,0.0,0.0,0.0,0.0,0.0,0.0,0.0,0.0,0.0,0.0,0.0,0,0
974,650,Barbaric Roar,705,attack_param,301200960,6903,AccumuVal [8],0,direct,self_mechanic,,on_hit,,,1,effect targets the attacker/self and is not target buildup,0.0,0.0,0.0,0.0,0.0,0.0,0.0,0.0,0.0,0.0,0.0,0.0,0.0,0,0
975,650,Barbaric Roar,706,attack_param,301200961,6903,AccumuVal [8],0,direct,self_mechanic,,on_hit,,,1,effect targets the attacker/self and is not target buildup,0.0,0.0,0.0,0.0,0.0,0.0,0.0,0.0,0.0,0.0,0.0,0.0,0.0,0,0
976,650,Barbaric Roar,707,attack_param,301200962,6903,AccumuVal [8],0,direct,self_mechanic,,on_hit,,,1,effect targets the attacker/self and is not target buildup,0.0,0.0,0.0,0.0,0.0,0.0,0.0,0.0,0.0,0.0,0.0,0.0,0.0,0,0
977,650,Barbaric Roar,708,attack_param,301200968,6904,AccumuVal [10],0,direct,self_mechanic,,on_hit,,,1,effect targets the attacker/self and is not target buildup,0.0,0.0,0.0,0.0,0.0,0.0,0.0,0.0,0.0,0.0,0.0,0.0,0.0,0,0
978,650,Barbaric Roar,709,attack_param,301200966,6906,AccumuVal [14],0,direct,self_mechanic,,on_hit,,,1,effect targets the attacker/self and is not target buildup,0.0,0.0,0.0,0.0,0.0,0.0,0.0,0.0,0.0,0.0,0.0,0.0,0.0,0,0
979,650,Barbaric Roar,710,attack_param,302300953,6906,AccumuVal [14],0,direct,self_mechanic,,on_hit,,,1,effect targets the attacker/self and is not target buildup,0.0,0.0,0.0,0.0,0.0,0.0,0.0,0.0,0.0,0.0,0.0,0.0,0.0,0,0
980,650,Barbaric Roar,711,attack_param,302300954,6906,AccumuVal [14],0,direct,self_mechanic,,on_hit,,,1,effect targets the attacker/self and is not target buildup,0.0,0.0,0.0,0.0,0.0,0.0,0.0,0.0,0.0,0.0,0.0,0.0,0.0,0,0
981,650,Barbaric Roar,712,attack_param,302300955,6906,AccumuVal [14],0,direct,self_mechanic,,on_hit,,,1,effect targets the attacker/self and is not target buildup,0.0,0.0,0.0,0.0,0.0,0.0,0.0,0.0,0.0,0.0,0.0,0.0,0.0,0,0
982,650,Barbaric Roar,713,attack_param,302300950,6906,AccumuVal [14],0,direct,self_mechanic,,on_hit,,,1,effect targets the attacker/self and is not target buildup,0.0,0.0,0.0,0.0,0.0,0.0,0.0,0.0,0.0,0.0,0.0,0.0,0.0,0,0
983,650,Barbaric Roar,714,attack_param,302300951,6906,AccumuVal [14],0,direct,self_mechanic,,on_hit,,,1,effect targets the attacker/self and is not target buildup,0.0,0.0,0.0,0.0,0.0,0.0,0.0,0.0,0.0,0.0,0.0,0.0,0.0,0,0
984,650,Barbaric Roar,715,attack_param,302300952,6906,AccumuVal [14],0,direct,self_mechanic,,on_hit,,,1,effect targets the attacker/self and is not target buildup,0.0,0.0,0.0,0.0,0.0,0.0,0.0,0.0,0.0,0.0,0.0,0.0,0.0,0,0
985,650,Barbaric Roar,716,attack_param,302300958,6906,AccumuVal [14],0,direct,self_mechanic,,on_hit,,,1,effect targets the attacker/self and is not target buildup,0.0,0.0,0.0,0.0,0.0,0.0,0.0,0.0,0.0,0.0,0.0,0.0,0.0,0,0
986,650,Barbaric Roar,717,attack_param,302300956,6909,AccumuVal [20],0,direct,self_mechanic,,on_hit,,,1,effect targets the attacker/self and is not target buildup,0.0,0.0,0.0,0.0,0.0,0.0,0.0,0.0,0.0,0.0,0.0,0.0,0.0,0,0
987,650,Barbaric Roar,718,attack_param,302300963,6906,AccumuVal [14],0,direct,self_mechanic,,on_hit,,,1,effect targets the attacker/self and is not target buildup,0.0,0.0,0.0,0.0,0.0,0.0,0.0,0.0,0.0,0.0,0.0,0.0,0.0,0,0
988,650,Barbaric Roar,719,attack_param,302300964,6906,AccumuVal [14],0,direct,self_mechanic,,on_hit,,,1,effect targets the attacker/self and is not target buildup,0.0,0.0,0.0,0.0,0.0,0.0,0.0,0.0,0.0,0.0,0.0,0.0,0.0,0,0
989,650,Barbaric Roar,720,attack_param,302300965,6906,AccumuVal [14],0,direct,self_mechanic,,on_hit,,,1,effect targets the attacker/self and is not target buildup,0.0,0.0,0.0,0.0,0.0,0.0,0.0,0.0,0.0,0.0,0.0,0.0,0.0,0,0
990,650,Barbaric Roar,721,attack_param,302300960,6906,AccumuVal [14],0,direct,self_mechanic,,on_hit,,,1,effect targets the attacker/self and is not target buildup,0.0,0.0,0.0,0.0,0.0,0.0,0.0,0.0,0.0,0.0,0.0,0.0,0.0,0,0
991,650,Barbaric Roar,722,attack_param,302300961,6906,AccumuVal [14],0,direct,self_mechanic,,on_hit,,,1,effect targets the attacker/self and is not target buildup,0.0,0.0,0.0,0.0,0.0,0.0,0.0,0.0,0.0,0.0,0.0,0.0,0.0,0,0
992,650,Barbaric Roar,723,attack_param,302300962,6906,AccumuVal [14],0,direct,self_mechanic,,on_hit,,,1,effect targets the attacker/self and is not target buildup,0.0,0.0,0.0,0.0,0.0,0.0,0.0,0.0,0.0,0.0,0.0,0.0,0.0,0,0
993,650,Barbaric Roar,724,attack_param,302300968,6906,AccumuVal [14],0,direct,self_mechanic,,on_hit,,,1,effect targets the attacker/self and is not target buildup,0.0,0.0,0.0,0.0,0.0,0.0,0.0,0.0,0.0,0.0,0.0,0.0,0.0,0,0
994,650,Barbaric Roar,725,attack_param,302300966,6909,AccumuVal [20],0,direct,self_mechanic,,on_hit,,,1,effect targets the attacker/self and is not target buildup,0.0,0.0,0.0,0.0,0.0,0.0,0.0,0.0,0.0,0.0,0.0,0.0,0.0,0,0
995,650,Barbaric Roar,726,attack_param,301600953,6903,AccumuVal [8],0,direct,self_mechanic,,on_hit,,,1,effect targets the attacker/self and is not target buildup,0.0,0.0,0.0,0.0,0.0,0.0,0.0,0.0,0.0,0.0,0.0,0.0,0.0,0,0
996,650,Barbaric Roar,727,attack_param,301600954,6903,AccumuVal [8],0,direct,self_mechanic,,on_hit,,,1,effect targets the attacker/self and is not target buildup,0.0,0.0,0.0,0.0,0.0,0.0,0.0,0.0,0.0,0.0,0.0,0.0,0.0,0,0
997,650,Barbaric Roar,728,attack_param,301600955,6903,AccumuVal [8],0,direct,self_mechanic,,on_hit,,,1,effect targets the attacker/self and is not target buildup,0.0,0.0,0.0,0.0,0.0,0.0,0.0,0.0,0.0,0.0,0.0,0.0,0.0,0,0
998,650,Barbaric Roar,729,attack_param,301600950,6903,AccumuVal [8],0,direct,self_mechanic,,on_hit,,,1,effect targets the attacker/self and is not target buildup,0.0,0.0,0.0,0.0,0.0,0.0,0.0,0.0,0.0,0.0,0.0,0.0,0.0,0,0
999,650,Barbaric Roar,730,attack_param,301600951,6903,AccumuVal [8],0,direct,self_mechanic,,on_hit,,,1,effect targets the attacker/self and is not target buildup,0.0,0.0,0.0,0.0,0.0,0.0,0.0,0.0,0.0,0.0,0.0,0.0,0.0,0,0
1000,650,Barbaric Roar,731,attack_param,301600952,6903,AccumuVal [8],0,direct,self_mechanic,,on_hit,,,1,effect targets the attacker/self and is not target buildup,0.0,0.0,0.0,0.0,0.0,0.0,0.0,0.0,0.0,0.0,0.0,0.0,0.0,0,0
1001,650,Barbaric Roar,732,attack_param,301600958,6904,AccumuVal [10],0,direct,self_mechanic,,on_hit,,,1,effect targets the attacker/self and is not target buildup,0.0,0.0,0.0,0.0,0.0,0.0,0.0,0.0,0.0,0.0,0.0,0.0,0.0,0,0
1002,650,Barbaric Roar,733,attack_param,301600956,6906,AccumuVal [14],0,direct,self_mechanic,,on_hit,,,1,effect targets the attacker/self and is not target buildup,0.0,0.0,0.0,0.0,0.0,0.0,0.0,0.0,0.0,0.0,0.0,0.0,0.0,0,0
1003,650,Barbaric Roar,734,attack_param,301600963,6903,AccumuVal [8],0,direct,self_mechanic,,on_hit,,,1,effect targets the attacker/self and is not target buildup,0.0,0.0,0.0,0.0,0.0,0.0,0.0,0.0,0.0,0.0,0.0,0.0,0.0,0,0
1004,650,Barbaric Roar,735,attack_param,301600964,6903,AccumuVal [8],0,direct,self_mechanic,,on_hit,,,1,effect targets the attacker/self and is not target buildup,0.0,0.0,0.0,0.0,0.0,0.0,0.0,0.0,0.0,0.0,0.0,0.0,0.0,0,0
1005,650,Barbaric Roar,736,attack_param,301600965,6903,AccumuVal [8],0,direct,self_mechanic,,on_hit,,,1,effect targets the attacker/self and is not target buildup,0.0,0.0,0.0,0.0,0.0,0.0,0.0,0.0,0.0,0.0,0.0,0.0,0.0,0,0
1006,650,Barbaric Roar,737,attack_param,301600960,6903,AccumuVal [8],0,direct,self_mechanic,,on_hit,,,1,effect targets the attacker/self and is not target buildup,0.0,0.0,0.0,0.0,0.0,0.0,0.0,0.0,0.0,0.0,0.0,0.0,0.0,0,0
1007,650,Barbaric Roar,738,attack_param,301600961,6903,AccumuVal [8],0,direct,self_mechanic,,on_hit,,,1,effect targets the attacker/self and is not target buildup,0.0,0.0,0.0,0.0,0.0,0.0,0.0,0.0,0.0,0.0,0.0,0.0,0.0,0,0
1008,650,Barbaric Roar,739,attack_param,301600962,6903,AccumuVal [8],0,direct,self_mechanic,,on_hit,,,1,effect targets the attacker/self and is not target buildup,0.0,0.0,0.0,0.0,0.0,0.0,0.0,0.0,0.0,0.0,0.0,0.0,0.0,0,0
1009,650,Barbaric Roar,740,attack_param,301600968,6904,AccumuVal [10],0,direct,self_mechanic,,on_hit,,,1,effect targets the attacker/self and is not target buildup,0.0,0.0,0.0,0.0,0.0,0.0,0.0,0.0,0.0,0.0,0.0,0.0,0.0,0,0
1010,650,Barbaric Roar,741,attack_param,301600966,6906,AccumuVal [14],0,direct,self_mechanic,,on_hit,,,1,effect targets the attacker/self and is not target buildup,0.0,0.0,0.0,0.0,0.0,0.0,0.0,0.0,0.0,0.0,0.0,0.0,0.0,0,0
1011,650,Barbaric Roar,742,attack_param,301700953,6903,AccumuVal [8],0,direct,self_mechanic,,on_hit,,,1,effect targets the attacker/self and is not target buildup,0.0,0.0,0.0,0.0,0.0,0.0,0.0,0.0,0.0,0.0,0.0,0.0,0.0,0,0
1012,650,Barbaric Roar,743,attack_param,301700954,6903,AccumuVal [8],0,direct,self_mechanic,,on_hit,,,1,effect targets the attacker/self and is not target buildup,0.0,0.0,0.0,0.0,0.0,0.0,0.0,0.0,0.0,0.0,0.0,0.0,0.0,0,0
1013,650,Barbaric Roar,744,attack_param,301700955,6903,AccumuVal [8],0,direct,self_mechanic,,on_hit,,,1,effect targets the attacker/self and is not target buildup,0.0,0.0,0.0,0.0,0.0,0.0,0.0,0.0,0.0,0.0,0.0,0.0,0.0,0,0
1014,650,Barbaric Roar,745,attack_param,301700950,6903,AccumuVal [8],0,direct,self_mechanic,,on_hit,,,1,effect targets the attacker/self and is not target buildup,0.0,0.0,0.0,0.0,0.0,0.0,0.0,0.0,0.0,0.0,0.0,0.0,0.0,0,0
1015,650,Barbaric Roar,746,attack_param,301700951,6903,AccumuVal [8],0,direct,self_mechanic,,on_hit,,,1,effect targets the attacker/self and is not target buildup,0.0,0.0,0.0,0.0,0.0,0.0,0.0,0.0,0.0,0.0,0.0,0.0,0.0,0,0
1016,650,Barbaric Roar,747,attack_param,301700952,6903,AccumuVal [8],0,direct,self_mechanic,,on_hit,,,1,effect targets the attacker/self and is not target buildup,0.0,0.0,0.0,0.0,0.0,0.0,0.0,0.0,0.0,0.0,0.0,0.0,0.0,0,0
1017,650,Barbaric Roar,748,attack_param,301700958,6904,AccumuVal [10],0,direct,self_mechanic,,on_hit,,,1,effect targets the attacker/self and is not target buildup,0.0,0.0,0.0,0.0,0.0,0.0,0.0,0.0,0.0,0.0,0.0,0.0,0.0,0,0
1018,650,Barbaric Roar,749,attack_param,301700956,6906,AccumuVal [14],0,direct,self_mechanic,,on_hit,,,1,effect targets the attacker/self and is not target buildup,0.0,0.0,0.0,0.0,0.0,0.0,0.0,0.0,0.0,0.0,0.0,0.0,0.0,0,0
1019,650,Barbaric Roar,750,attack_param,301700963,6903,AccumuVal [8],0,direct,self_mechanic,,on_hit,,,1,effect targets the attacker/self and is not target buildup,0.0,0.0,0.0,0.0,0.0,0.0,0.0,0.0,0.0,0.0,0.0,0.0,0.0,0,0
1020,650,Barbaric Roar,751,attack_param,301700964,6903,AccumuVal [8],0,direct,self_mechanic,,on_hit,,,1,effect targets the attacker/self and is not target buildup,0.0,0.0,0.0,0.0,0.0,0.0,0.0,0.0,0.0,0.0,0.0,0.0,0.0,0,0
1021,650,Barbaric Roar,752,attack_param,301700965,6903,AccumuVal [8],0,direct,self_mechanic,,on_hit,,,1,effect targets the attacker/self and is not target buildup,0.0,0.0,0.0,0.0,0.0,0.0,0.0,0.0,0.0,0.0,0.0,0.0,0.0,0,0
1022,650,Barbaric Roar,753,attack_param,301700960,6903,AccumuVal [8],0,direct,self_mechanic,,on_hit,,,1,effect targets the attacker/self and is not target buildup,0.0,0.0,0.0,0.0,0.0,0.0,0.0,0.0,0.0,0.0,0.0,0.0,0.0,0,0
1023,650,Barbaric Roar,754,attack_param,301700961,6903,AccumuVal [8],0,direct,self_mechanic,,on_hit,,,1,effect targets the attacker/self and is not target buildup,0.0,0.0,0.0,0.0,0.0,0.0,0.0,0.0,0.0,0.0,0.0,0.0,0.0,0,0
1024,650,Barbaric Roar,755,attack_param,301700962,6903,AccumuVal [8],0,direct,self_mechanic,,on_hit,,,1,effect targets the attacker/self and is not target buildup,0.0,0.0,0.0,0.0,0.0,0.0,0.0,0.0,0.0,0.0,0.0,0.0,0.0,0,0
1025,650,Barbaric Roar,756,attack_param,301700968,6904,AccumuVal [10],0,direct,self_mechanic,,on_hit,,,1,effect targets the attacker/self and is not target buildup,0.0,0.0,0.0,0.0,0.0,0.0,0.0,0.0,0.0,0.0,0.0,0.0,0.0,0,0
1026,650,Barbaric Roar,757,attack_param,301700966,6906,AccumuVal [14],0,direct,self_mechanic,,on_hit,,,1,effect targets the attacker/self and is not target buildup,0.0,0.0,0.0,0.0,0.0,0.0,0.0,0.0,0.0,0.0,0.0,0.0,0.0,0,0
1027,650,Barbaric Roar,758,attack_param,301800953,6903,AccumuVal [8],0,direct,self_mechanic,,on_hit,,,1,effect targets the attacker/self and is not target buildup,0.0,0.0,0.0,0.0,0.0,0.0,0.0,0.0,0.0,0.0,0.0,0.0,0.0,0,0
1028,650,Barbaric Roar,759,attack_param,301800954,6903,AccumuVal [8],0,direct,self_mechanic,,on_hit,,,1,effect targets the attacker/self and is not target buildup,0.0,0.0,0.0,0.0,0.0,0.0,0.0,0.0,0.0,0.0,0.0,0.0,0.0,0,0
1029,650,Barbaric Roar,760,attack_param,301800955,6903,AccumuVal [8],0,direct,self_mechanic,,on_hit,,,1,effect targets the attacker/self and is not target buildup,0.0,0.0,0.0,0.0,0.0,0.0,0.0,0.0,0.0,0.0,0.0,0.0,0.0,0,0
1030,650,Barbaric Roar,761,attack_param,301800950,6903,AccumuVal [8],0,direct,self_mechanic,,on_hit,,,1,effect targets the attacker/self and is not target buildup,0.0,0.0,0.0,0.0,0.0,0.0,0.0,0.0,0.0,0.0,0.0,0.0,0.0,0,0
1031,650,Barbaric Roar,762,attack_param,301800951,6903,AccumuVal [8],0,direct,self_mechanic,,on_hit,,,1,effect targets the attacker/self and is not target buildup,0.0,0.0,0.0,0.0,0.0,0.0,0.0,0.0,0.0,0.0,0.0,0.0,0.0,0,0
1032,650,Barbaric Roar,763,attack_param,301800952,6903,AccumuVal [8],0,direct,self_mechanic,,on_hit,,,1,effect targets the attacker/self and is not target buildup,0.0,0.0,0.0,0.0,0.0,0.0,0.0,0.0,0.0,0.0,0.0,0.0,0.0,0,0
1033,650,Barbaric Roar,764,attack_param,301800958,6904,AccumuVal [10],0,direct,self_mechanic,,on_hit,,,1,effect targets the attacker/self and is not target buildup,0.0,0.0,0.0,0.0,0.0,0.0,0.0,0.0,0.0,0.0,0.0,0.0,0.0,0,0
1034,650,Barbaric Roar,765,attack_param,301800956,6906,AccumuVal [14],0,direct,self_mechanic,,on_hit,,,1,effect targets the attacker/self and is not target buildup,0.0,0.0,0.0,0.0,0.0,0.0,0.0,0.0,0.0,0.0,0.0,0.0,0.0,0,0
1035,650,Barbaric Roar,766,attack_param,301800963,6903,AccumuVal [8],0,direct,self_mechanic,,on_hit,,,1,effect targets the attacker/self and is not target buildup,0.0,0.0,0.0,0.0,0.0,0.0,0.0,0.0,0.0,0.0,0.0,0.0,0.0,0,0
1036,650,Barbaric Roar,767,attack_param,301800964,6903,AccumuVal [8],0,direct,self_mechanic,,on_hit,,,1,effect targets the attacker/self and is not target buildup,0.0,0.0,0.0,0.0,0.0,0.0,0.0,0.0,0.0,0.0,0.0,0.0,0.0,0,0
1037,650,Barbaric Roar,768,attack_param,301800965,6903,AccumuVal [8],0,direct,self_mechanic,,on_hit,,,1,effect targets the attacker/self and is not target buildup,0.0,0.0,0.0,0.0,0.0,0.0,0.0,0.0,0.0,0.0,0.0,0.0,0.0,0,0
1038,650,Barbaric Roar,769,attack_param,301800960,6903,AccumuVal [8],0,direct,self_mechanic,,on_hit,,,1,effect targets the attacker/self and is not target buildup,0.0,0.0,0.0,0.0,0.0,0.0,0.0,0.0,0.0,0.0,0.0,0.0,0.0,0,0
1039,650,Barbaric Roar,770,attack_param,301800961,6903,AccumuVal [8],0,direct,self_mechanic,,on_hit,,,1,effect targets the attacker/self and is not target buildup,0.0,0.0,0.0,0.0,0.0,0.0,0.0,0.0,0.0,0.0,0.0,0.0,0.0,0,0
1040,650,Barbaric Roar,771,attack_param,301800962,6903,AccumuVal [8],0,direct,self_mechanic,,on_hit,,,1,effect targets the attacker/self and is not target buildup,0.0,0.0,0.0,0.0,0.0,0.0,0.0,0.0,0.0,0.0,0.0,0.0,0.0,0,0
1041,650,Barbaric Roar,772,attack_param,301800968,6904,AccumuVal [10],0,direct,self_mechanic,,on_hit,,,1,effect targets the attacker/self and is not target buildup,0.0,0.0,0.0,0.0,0.0,0.0,0.0,0.0,0.0,0.0,0.0,0.0,0.0,0,0
1042,650,Barbaric Roar,773,attack_param,301800966,6906,AccumuVal [14],0,direct,self_mechanic,,on_hit,,,1,effect targets the attacker/self and is not target buildup,0.0,0.0,0.0,0.0,0.0,0.0,0.0,0.0,0.0,0.0,0.0,0.0,0.0,0,0
1043,650,Barbaric Roar,774,attack_param,301900953,6903,AccumuVal [8],0,direct,self_mechanic,,on_hit,,,1,effect targets the attacker/self and is not target buildup,0.0,0.0,0.0,0.0,0.0,0.0,0.0,0.0,0.0,0.0,0.0,0.0,0.0,0,0
1044,650,Barbaric Roar,775,attack_param,301900954,6903,AccumuVal [8],0,direct,self_mechanic,,on_hit,,,1,effect targets the attacker/self and is not target buildup,0.0,0.0,0.0,0.0,0.0,0.0,0.0,0.0,0.0,0.0,0.0,0.0,0.0,0,0
1045,650,Barbaric Roar,776,attack_param,301900955,6903,AccumuVal [8],0,direct,self_mechanic,,on_hit,,,1,effect targets the attacker/self and is not target buildup,0.0,0.0,0.0,0.0,0.0,0.0,0.0,0.0,0.0,0.0,0.0,0.0,0.0,0,0
1046,650,Barbaric Roar,777,attack_param,301900950,6903,AccumuVal [8],0,direct,self_mechanic,,on_hit,,,1,effect targets the attacker/self and is not target buildup,0.0,0.0,0.0,0.0,0.0,0.0,0.0,0.0,0.0,0.0,0.0,0.0,0.0,0,0
1047,650,Barbaric Roar,778,attack_param,301900951,6903,AccumuVal [8],0,direct,self_mechanic,,on_hit,,,1,effect targets the attacker/self and is not target buildup,0.0,0.0,0.0,0.0,0.0,0.0,0.0,0.0,0.0,0.0,0.0,0.0,0.0,0,0
1048,650,Barbaric Roar,779,attack_param,301900952,6903,AccumuVal [8],0,direct,self_mechanic,,on_hit,,,1,effect targets the attacker/self and is not target buildup,0.0,0.0,0.0,0.0,0.0,0.0,0.0,0.0,0.0,0.0,0.0,0.0,0.0,0,0
1049,650,Barbaric Roar,780,attack_param,301900958,6904,AccumuVal [10],0,direct,self_mechanic,,on_hit,,,1,effect targets the attacker/self and is not target buildup,0.0,0.0,0.0,0.0,0.0,0.0,0.0,0.0,0.0,0.0,0.0,0.0,0.0,0,0
1050,650,Barbaric Roar,781,attack_param,301900956,6906,AccumuVal [14],0,direct,self_mechanic,,on_hit,,,1,effect targets the attacker/self and is not target buildup,0.0,0.0,0.0,0.0,0.0,0.0,0.0,0.0,0.0,0.0,0.0,0.0,0.0,0,0
1051,650,Barbaric Roar,782,attack_param,301900963,6903,AccumuVal [8],0,direct,self_mechanic,,on_hit,,,1,effect targets the attacker/self and is not target buildup,0.0,0.0,0.0,0.0,0.0,0.0,0.0,0.0,0.0,0.0,0.0,0.0,0.0,0,0
1052,650,Barbaric Roar,783,attack_param,301900964,6903,AccumuVal [8],0,direct,self_mechanic,,on_hit,,,1,effect targets the attacker/self and is not target buildup,0.0,0.0,0.0,0.0,0.0,0.0,0.0,0.0,0.0,0.0,0.0,0.0,0.0,0,0
1053,650,Barbaric Roar,784,attack_param,301900965,6903,AccumuVal [8],0,direct,self_mechanic,,on_hit,,,1,effect targets the attacker/self and is not target buildup,0.0,0.0,0.0,0.0,0.0,0.0,0.0,0.0,0.0,0.0,0.0,0.0,0.0,0,0
1054,650,Barbaric Roar,785,attack_param,301900960,6903,AccumuVal [8],0,direct,self_mechanic,,on_hit,,,1,effect targets the attacker/self and is not target buildup,0.0,0.0,0.0,0.0,0.0,0.0,0.0,0.0,0.0,0.0,0.0,0.0,0.0,0,0
1055,650,Barbaric Roar,786,attack_param,301900961,6903,AccumuVal [8],0,direct,self_mechanic,,on_hit,,,1,effect targets the attacker/self and is not target buildup,0.0,0.0,0.0,0.0,0.0,0.0,0.0,0.0,0.0,0.0,0.0,0.0,0.0,0,0
1056,650,Barbaric Roar,787,attack_param,301900962,6903,AccumuVal [8],0,direct,self_mechanic,,on_hit,,,1,effect targets the attacker/self and is not target buildup,0.0,0.0,0.0,0.0,0.0,0.0,0.0,0.0,0.0,0.0,0.0,0.0,0.0,0,0
1057,650,Barbaric Roar,788,attack_param,301900968,6904,AccumuVal [10],0,direct,self_mechanic,,on_hit,,,1,effect targets the attacker/self and is not target buildup,0.0,0.0,0.0,0.0,0.0,0.0,0.0,0.0,0.0,0.0,0.0,0.0,0.0,0,0
1058,650,Barbaric Roar,789,attack_param,301900966,6906,AccumuVal [14],0,direct,self_mechanic,,on_hit,,,1,effect targets the attacker/self and is not target buildup,0.0,0.0,0.0,0.0,0.0,0.0,0.0,0.0,0.0,0.0,0.0,0.0,0.0,0,0
1059,650,Barbaric Roar,790,attack_param,302100953,6902,AccumuVal [6],0,direct,self_mechanic,,on_hit,,,1,effect targets the attacker/self and is not target buildup,0.0,0.0,0.0,0.0,0.0,0.0,0.0,0.0,0.0,0.0,0.0,0.0,0.0,0,0
1060,650,Barbaric Roar,791,attack_param,302100954,6902,AccumuVal [6],0,direct,self_mechanic,,on_hit,,,1,effect targets the attacker/self and is not target buildup,0.0,0.0,0.0,0.0,0.0,0.0,0.0,0.0,0.0,0.0,0.0,0.0,0.0,0,0
1061,650,Barbaric Roar,792,attack_param,302100955,6902,AccumuVal [6],0,direct,self_mechanic,,on_hit,,,1,effect targets the attacker/self and is not target buildup,0.0,0.0,0.0,0.0,0.0,0.0,0.0,0.0,0.0,0.0,0.0,0.0,0.0,0,0
1062,650,Barbaric Roar,793,attack_param,302100950,6902,AccumuVal [6],0,direct,self_mechanic,,on_hit,,,1,effect targets the attacker/self and is not target buildup,0.0,0.0,0.0,0.0,0.0,0.0,0.0,0.0,0.0,0.0,0.0,0.0,0.0,0,0
1063,650,Barbaric Roar,794,attack_param,302100951,6902,AccumuVal [6],0,direct,self_mechanic,,on_hit,,,1,effect targets the attacker/self and is not target buildup,0.0,0.0,0.0,0.0,0.0,0.0,0.0,0.0,0.0,0.0,0.0,0.0,0.0,0,0
1064,650,Barbaric Roar,795,attack_param,302100952,6902,AccumuVal [6],0,direct,self_mechanic,,on_hit,,,1,effect targets the attacker/self and is not target buildup,0.0,0.0,0.0,0.0,0.0,0.0,0.0,0.0,0.0,0.0,0.0,0.0,0.0,0,0
1065,650,Barbaric Roar,796,attack_param,302100958,6902,AccumuVal [6],0,direct,self_mechanic,,on_hit,,,1,effect targets the attacker/self and is not target buildup,0.0,0.0,0.0,0.0,0.0,0.0,0.0,0.0,0.0,0.0,0.0,0.0,0.0,0,0
1066,650,Barbaric Roar,797,attack_param,302100959,6904,AccumuVal [10],0,direct,self_mechanic,,on_hit,,,1,effect targets the attacker/self and is not target buildup,0.0,0.0,0.0,0.0,0.0,0.0,0.0,0.0,0.0,0.0,0.0,0.0,0.0,0,0
1067,650,Barbaric Roar,798,attack_param,302100956,6902,AccumuVal [6],0,direct,self_mechanic,,on_hit,,,1,effect targets the attacker/self and is not target buildup,0.0,0.0,0.0,0.0,0.0,0.0,0.0,0.0,0.0,0.0,0.0,0.0,0.0,0,0
1068,650,Barbaric Roar,799,attack_param,302100957,6906,AccumuVal [14],0,direct,self_mechanic,,on_hit,,,1,effect targets the attacker/self and is not target buildup,0.0,0.0,0.0,0.0,0.0,0.0,0.0,0.0,0.0,0.0,0.0,0.0,0.0,0,0
1069,650,Barbaric Roar,800,attack_param,302100963,6902,AccumuVal [6],0,direct,self_mechanic,,on_hit,,,1,effect targets the attacker/self and is not target buildup,0.0,0.0,0.0,0.0,0.0,0.0,0.0,0.0,0.0,0.0,0.0,0.0,0.0,0,0
1070,650,Barbaric Roar,801,attack_param,302100964,6902,AccumuVal [6],0,direct,self_mechanic,,on_hit,,,1,effect targets the attacker/self and is not target buildup,0.0,0.0,0.0,0.0,0.0,0.0,0.0,0.0,0.0,0.0,0.0,0.0,0.0,0,0
1071,650,Barbaric Roar,802,attack_param,302100965,6902,AccumuVal [6],0,direct,self_mechanic,,on_hit,,,1,effect targets the attacker/self and is not target buildup,0.0,0.0,0.0,0.0,0.0,0.0,0.0,0.0,0.0,0.0,0.0,0.0,0.0,0,0
1072,650,Barbaric Roar,803,attack_param,302100960,6902,AccumuVal [6],0,direct,self_mechanic,,on_hit,,,1,effect targets the attacker/self and is not target buildup,0.0,0.0,0.0,0.0,0.0,0.0,0.0,0.0,0.0,0.0,0.0,0.0,0.0,0,0
1073,650,Barbaric Roar,804,attack_param,302100961,6902,AccumuVal [6],0,direct,self_mechanic,,on_hit,,,1,effect targets the attacker/self and is not target buildup,0.0,0.0,0.0,0.0,0.0,0.0,0.0,0.0,0.0,0.0,0.0,0.0,0.0,0,0
1074,650,Barbaric Roar,805,attack_param,302100962,6902,AccumuVal [6],0,direct,self_mechanic,,on_hit,,,1,effect targets the attacker/self and is not target buildup,0.0,0.0,0.0,0.0,0.0,0.0,0.0,0.0,0.0,0.0,0.0,0.0,0.0,0,0
1075,650,Barbaric Roar,806,attack_param,302100968,6902,AccumuVal [6],0,direct,self_mechanic,,on_hit,,,1,effect targets the attacker/self and is not target buildup,0.0,0.0,0.0,0.0,0.0,0.0,0.0,0.0,0.0,0.0,0.0,0.0,0.0,0,0
1076,650,Barbaric Roar,807,attack_param,302100969,6904,AccumuVal [10],0,direct,self_mechanic,,on_hit,,,1,effect targets the attacker/self and is not target buildup,0.0,0.0,0.0,0.0,0.0,0.0,0.0,0.0,0.0,0.0,0.0,0.0,0.0,0,0
1077,650,Barbaric Roar,808,attack_param,302100966,6902,AccumuVal [6],0,direct,self_mechanic,,on_hit,,,1,effect targets the attacker/self and is not target buildup,0.0,0.0,0.0,0.0,0.0,0.0,0.0,0.0,0.0,0.0,0.0,0.0,0.0,0,0
1078,650,Barbaric Roar,809,attack_param,302100967,6906,AccumuVal [14],0,direct,self_mechanic,,on_hit,,,1,effect targets the attacker/self and is not target buildup,0.0,0.0,0.0,0.0,0.0,0.0,0.0,0.0,0.0,0.0,0.0,0.0,0.0,0,0
1079,650,Barbaric Roar,810,attack_param,306300953,6902,AccumuVal [6],0,direct,self_mechanic,,on_hit,,,1,effect targets the attacker/self and is not target buildup,0.0,0.0,0.0,0.0,0.0,0.0,0.0,0.0,0.0,0.0,0.0,0.0,0.0,0,0
1080,650,Barbaric Roar,811,attack_param,306300954,6902,AccumuVal [6],0,direct,self_mechanic,,on_hit,,,1,effect targets the attacker/self and is not target buildup,0.0,0.0,0.0,0.0,0.0,0.0,0.0,0.0,0.0,0.0,0.0,0.0,0.0,0,0
1081,650,Barbaric Roar,812,attack_param,306300955,6902,AccumuVal [6],0,direct,self_mechanic,,on_hit,,,1,effect targets the attacker/self and is not target buildup,0.0,0.0,0.0,0.0,0.0,0.0,0.0,0.0,0.0,0.0,0.0,0.0,0.0,0,0
1082,650,Barbaric Roar,813,attack_param,306300950,6902,AccumuVal [6],0,direct,self_mechanic,,on_hit,,,1,effect targets the attacker/self and is not target buildup,0.0,0.0,0.0,0.0,0.0,0.0,0.0,0.0,0.0,0.0,0.0,0.0,0.0,0,0
1083,650,Barbaric Roar,814,attack_param,306300951,6902,AccumuVal [6],0,direct,self_mechanic,,on_hit,,,1,effect targets the attacker/self and is not target buildup,0.0,0.0,0.0,0.0,0.0,0.0,0.0,0.0,0.0,0.0,0.0,0.0,0.0,0,0
1084,650,Barbaric Roar,815,attack_param,306300952,6902,AccumuVal [6],0,direct,self_mechanic,,on_hit,,,1,effect targets the attacker/self and is not target buildup,0.0,0.0,0.0,0.0,0.0,0.0,0.0,0.0,0.0,0.0,0.0,0.0,0.0,0,0
1085,650,Barbaric Roar,816,attack_param,306300958,6902,AccumuVal [6],0,direct,self_mechanic,,on_hit,,,1,effect targets the attacker/self and is not target buildup,0.0,0.0,0.0,0.0,0.0,0.0,0.0,0.0,0.0,0.0,0.0,0.0,0.0,0,0
1086,650,Barbaric Roar,817,attack_param,306300959,6904,AccumuVal [10],0,direct,self_mechanic,,on_hit,,,1,effect targets the attacker/self and is not target buildup,0.0,0.0,0.0,0.0,0.0,0.0,0.0,0.0,0.0,0.0,0.0,0.0,0.0,0,0
1087,650,Barbaric Roar,818,attack_param,306300956,6902,AccumuVal [6],0,direct,self_mechanic,,on_hit,,,1,effect targets the attacker/self and is not target buildup,0.0,0.0,0.0,0.0,0.0,0.0,0.0,0.0,0.0,0.0,0.0,0.0,0.0,0,0
1088,650,Barbaric Roar,819,attack_param,306300957,6906,AccumuVal [14],0,direct,self_mechanic,,on_hit,,,1,effect targets the attacker/self and is not target buildup,0.0,0.0,0.0,0.0,0.0,0.0,0.0,0.0,0.0,0.0,0.0,0.0,0.0,0,0
1089,650,Barbaric Roar,820,attack_param,306300963,6902,AccumuVal [6],0,direct,self_mechanic,,on_hit,,,1,effect targets the attacker/self and is not target buildup,0.0,0.0,0.0,0.0,0.0,0.0,0.0,0.0,0.0,0.0,0.0,0.0,0.0,0,0
1090,650,Barbaric Roar,821,attack_param,306300964,6902,AccumuVal [6],0,direct,self_mechanic,,on_hit,,,1,effect targets the attacker/self and is not target buildup,0.0,0.0,0.0,0.0,0.0,0.0,0.0,0.0,0.0,0.0,0.0,0.0,0.0,0,0
1091,650,Barbaric Roar,822,attack_param,306300965,6902,AccumuVal [6],0,direct,self_mechanic,,on_hit,,,1,effect targets the attacker/self and is not target buildup,0.0,0.0,0.0,0.0,0.0,0.0,0.0,0.0,0.0,0.0,0.0,0.0,0.0,0,0
1092,650,Barbaric Roar,823,attack_param,306300960,6902,AccumuVal [6],0,direct,self_mechanic,,on_hit,,,1,effect targets the attacker/self and is not target buildup,0.0,0.0,0.0,0.0,0.0,0.0,0.0,0.0,0.0,0.0,0.0,0.0,0.0,0,0
1093,650,Barbaric Roar,824,attack_param,306300961,6902,AccumuVal [6],0,direct,self_mechanic,,on_hit,,,1,effect targets the attacker/self and is not target buildup,0.0,0.0,0.0,0.0,0.0,0.0,0.0,0.0,0.0,0.0,0.0,0.0,0.0,0,0
1094,650,Barbaric Roar,825,attack_param,306300962,6902,AccumuVal [6],0,direct,self_mechanic,,on_hit,,,1,effect targets the attacker/self and is not target buildup,0.0,0.0,0.0,0.0,0.0,0.0,0.0,0.0,0.0,0.0,0.0,0.0,0.0,0,0
1095,650,Barbaric Roar,826,attack_param,306300968,6902,AccumuVal [6],0,direct,self_mechanic,,on_hit,,,1,effect targets the attacker/self and is not target buildup,0.0,0.0,0.0,0.0,0.0,0.0,0.0,0.0,0.0,0.0,0.0,0.0,0.0,0,0
1096,650,Barbaric Roar,827,attack_param,306300969,6904,AccumuVal [10],0,direct,self_mechanic,,on_hit,,,1,effect targets the attacker/self and is not target buildup,0.0,0.0,0.0,0.0,0.0,0.0,0.0,0.0,0.0,0.0,0.0,0.0,0.0,0,0
1097,650,Barbaric Roar,828,attack_param,306300966,6902,AccumuVal [6],0,direct,self_mechanic,,on_hit,,,1,effect targets the attacker/self and is not target buildup,0.0,0.0,0.0,0.0,0.0,0.0,0.0,0.0,0.0,0.0,0.0,0.0,0.0,0,0
1098,650,Barbaric Roar,829,attack_param,306300967,6906,AccumuVal [14],0,direct,self_mechanic,,on_hit,,,1,effect targets the attacker/self and is not target buildup,0.0,0.0,0.0,0.0,0.0,0.0,0.0,0.0,0.0,0.0,0.0,0.0,0.0,0,0
1099,650,Barbaric Roar,830,attack_param,302200953,6902,AccumuVal [6],0,direct,self_mechanic,,on_hit,,,1,effect targets the attacker/self and is not target buildup,0.0,0.0,0.0,0.0,0.0,0.0,0.0,0.0,0.0,0.0,0.0,0.0,0.0,0,0
1100,650,Barbaric Roar,831,attack_param,302200954,6902,AccumuVal [6],0,direct,self_mechanic,,on_hit,,,1,effect targets the attacker/self and is not target buildup,0.0,0.0,0.0,0.0,0.0,0.0,0.0,0.0,0.0,0.0,0.0,0.0,0.0,0,0
1101,650,Barbaric Roar,832,attack_param,302200955,6902,AccumuVal [6],0,direct,self_mechanic,,on_hit,,,1,effect targets the attacker/self and is not target buildup,0.0,0.0,0.0,0.0,0.0,0.0,0.0,0.0,0.0,0.0,0.0,0.0,0.0,0,0
1102,650,Barbaric Roar,833,attack_param,302200950,6902,AccumuVal [6],0,direct,self_mechanic,,on_hit,,,1,effect targets the attacker/self and is not target buildup,0.0,0.0,0.0,0.0,0.0,0.0,0.0,0.0,0.0,0.0,0.0,0.0,0.0,0,0
1103,650,Barbaric Roar,834,attack_param,302200951,6902,AccumuVal [6],0,direct,self_mechanic,,on_hit,,,1,effect targets the attacker/self and is not target buildup,0.0,0.0,0.0,0.0,0.0,0.0,0.0,0.0,0.0,0.0,0.0,0.0,0.0,0,0
1104,650,Barbaric Roar,835,attack_param,302200952,6902,AccumuVal [6],0,direct,self_mechanic,,on_hit,,,1,effect targets the attacker/self and is not target buildup,0.0,0.0,0.0,0.0,0.0,0.0,0.0,0.0,0.0,0.0,0.0,0.0,0.0,0,0
1105,650,Barbaric Roar,836,attack_param,302200958,6902,AccumuVal [6],0,direct,self_mechanic,,on_hit,,,1,effect targets the attacker/self and is not target buildup,0.0,0.0,0.0,0.0,0.0,0.0,0.0,0.0,0.0,0.0,0.0,0.0,0.0,0,0
1106,650,Barbaric Roar,837,attack_param,302200959,6904,AccumuVal [10],0,direct,self_mechanic,,on_hit,,,1,effect targets the attacker/self and is not target buildup,0.0,0.0,0.0,0.0,0.0,0.0,0.0,0.0,0.0,0.0,0.0,0.0,0.0,0,0
1107,650,Barbaric Roar,838,attack_param,302200956,6902,AccumuVal [6],0,direct,self_mechanic,,on_hit,,,1,effect targets the attacker/self and is not target buildup,0.0,0.0,0.0,0.0,0.0,0.0,0.0,0.0,0.0,0.0,0.0,0.0,0.0,0,0
1108,650,Barbaric Roar,839,attack_param,302200957,6906,AccumuVal [14],0,direct,self_mechanic,,on_hit,,,1,effect targets the attacker/self and is not target buildup,0.0,0.0,0.0,0.0,0.0,0.0,0.0,0.0,0.0,0.0,0.0,0.0,0.0,0,0
1109,650,Barbaric Roar,840,attack_param,302200963,6902,AccumuVal [6],0,direct,self_mechanic,,on_hit,,,1,effect targets the attacker/self and is not target buildup,0.0,0.0,0.0,0.0,0.0,0.0,0.0,0.0,0.0,0.0,0.0,0.0,0.0,0,0
1110,650,Barbaric Roar,841,attack_param,302200964,6902,AccumuVal [6],0,direct,self_mechanic,,on_hit,,,1,effect targets the attacker/self and is not target buildup,0.0,0.0,0.0,0.0,0.0,0.0,0.0,0.0,0.0,0.0,0.0,0.0,0.0,0,0
1111,650,Barbaric Roar,842,attack_param,302200965,6902,AccumuVal [6],0,direct,self_mechanic,,on_hit,,,1,effect targets the attacker/self and is not target buildup,0.0,0.0,0.0,0.0,0.0,0.0,0.0,0.0,0.0,0.0,0.0,0.0,0.0,0,0
1112,650,Barbaric Roar,843,attack_param,302200960,6902,AccumuVal [6],0,direct,self_mechanic,,on_hit,,,1,effect targets the attacker/self and is not target buildup,0.0,0.0,0.0,0.0,0.0,0.0,0.0,0.0,0.0,0.0,0.0,0.0,0.0,0,0
1113,650,Barbaric Roar,844,attack_param,302200961,6902,AccumuVal [6],0,direct,self_mechanic,,on_hit,,,1,effect targets the attacker/self and is not target buildup,0.0,0.0,0.0,0.0,0.0,0.0,0.0,0.0,0.0,0.0,0.0,0.0,0.0,0,0
1114,650,Barbaric Roar,845,attack_param,302200962,6902,AccumuVal [6],0,direct,self_mechanic,,on_hit,,,1,effect targets the attacker/self and is not target buildup,0.0,0.0,0.0,0.0,0.0,0.0,0.0,0.0,0.0,0.0,0.0,0.0,0.0,0,0
1115,650,Barbaric Roar,846,attack_param,302200968,6902,AccumuVal [6],0,direct,self_mechanic,,on_hit,,,1,effect targets the attacker/self and is not target buildup,0.0,0.0,0.0,0.0,0.0,0.0,0.0,0.0,0.0,0.0,0.0,0.0,0.0,0,0
1116,650,Barbaric Roar,847,attack_param,302200969,6904,AccumuVal [10],0,direct,self_mechanic,,on_hit,,,1,effect targets the attacker/self and is not target buildup,0.0,0.0,0.0,0.0,0.0,0.0,0.0,0.0,0.0,0.0,0.0,0.0,0.0,0,0
1117,650,Barbaric Roar,848,attack_param,302200966,6902,AccumuVal [6],0,direct,self_mechanic,,on_hit,,,1,effect targets the attacker/self and is not target buildup,0.0,0.0,0.0,0.0,0.0,0.0,0.0,0.0,0.0,0.0,0.0,0.0,0.0,0,0
1118,650,Barbaric Roar,849,attack_param,302200967,6906,AccumuVal [14],0,direct,self_mechanic,,on_hit,,,1,effect targets the attacker/self and is not target buildup,0.0,0.0,0.0,0.0,0.0,0.0,0.0,0.0,0.0,0.0,0.0,0.0,0.0,0,0
1119,650,Barbaric Roar,850,attack_param,306800953,6902,AccumuVal [6],0,direct,self_mechanic,,on_hit,,,1,effect targets the attacker/self and is not target buildup,0.0,0.0,0.0,0.0,0.0,0.0,0.0,0.0,0.0,0.0,0.0,0.0,0.0,0,0
1120,650,Barbaric Roar,851,attack_param,306800954,6902,AccumuVal [6],0,direct,self_mechanic,,on_hit,,,1,effect targets the attacker/self and is not target buildup,0.0,0.0,0.0,0.0,0.0,0.0,0.0,0.0,0.0,0.0,0.0,0.0,0.0,0,0
1121,650,Barbaric Roar,852,attack_param,306800955,6902,AccumuVal [6],0,direct,self_mechanic,,on_hit,,,1,effect targets the attacker/self and is not target buildup,0.0,0.0,0.0,0.0,0.0,0.0,0.0,0.0,0.0,0.0,0.0,0.0,0.0,0,0
1122,650,Barbaric Roar,853,attack_param,306800950,6902,AccumuVal [6],0,direct,self_mechanic,,on_hit,,,1,effect targets the attacker/self and is not target buildup,0.0,0.0,0.0,0.0,0.0,0.0,0.0,0.0,0.0,0.0,0.0,0.0,0.0,0,0
1123,650,Barbaric Roar,854,attack_param,306800951,6902,AccumuVal [6],0,direct,self_mechanic,,on_hit,,,1,effect targets the attacker/self and is not target buildup,0.0,0.0,0.0,0.0,0.0,0.0,0.0,0.0,0.0,0.0,0.0,0.0,0.0,0,0
1124,650,Barbaric Roar,855,attack_param,306800952,6902,AccumuVal [6],0,direct,self_mechanic,,on_hit,,,1,effect targets the attacker/self and is not target buildup,0.0,0.0,0.0,0.0,0.0,0.0,0.0,0.0,0.0,0.0,0.0,0.0,0.0,0,0
1125,650,Barbaric Roar,856,attack_param,306800958,6902,AccumuVal [6],0,direct,self_mechanic,,on_hit,,,1,effect targets the attacker/self and is not target buildup,0.0,0.0,0.0,0.0,0.0,0.0,0.0,0.0,0.0,0.0,0.0,0.0,0.0,0,0
1126,650,Barbaric Roar,857,attack_param,306800959,6904,AccumuVal [10],0,direct,self_mechanic,,on_hit,,,1,effect targets the attacker/self and is not target buildup,0.0,0.0,0.0,0.0,0.0,0.0,0.0,0.0,0.0,0.0,0.0,0.0,0.0,0,0
1127,650,Barbaric Roar,858,attack_param,306800956,6902,AccumuVal [6],0,direct,self_mechanic,,on_hit,,,1,effect targets the attacker/self and is not target buildup,0.0,0.0,0.0,0.0,0.0,0.0,0.0,0.0,0.0,0.0,0.0,0.0,0.0,0,0
1128,650,Barbaric Roar,859,attack_param,306800957,6906,AccumuVal [14],0,direct,self_mechanic,,on_hit,,,1,effect targets the attacker/self and is not target buildup,0.0,0.0,0.0,0.0,0.0,0.0,0.0,0.0,0.0,0.0,0.0,0.0,0.0,0,0
1129,650,Barbaric Roar,860,attack_param,306800963,6902,AccumuVal [6],0,direct,self_mechanic,,on_hit,,,1,effect targets the attacker/self and is not target buildup,0.0,0.0,0.0,0.0,0.0,0.0,0.0,0.0,0.0,0.0,0.0,0.0,0.0,0,0
1130,650,Barbaric Roar,861,attack_param,306800964,6902,AccumuVal [6],0,direct,self_mechanic,,on_hit,,,1,effect targets the attacker/self and is not target buildup,0.0,0.0,0.0,0.0,0.0,0.0,0.0,0.0,0.0,0.0,0.0,0.0,0.0,0,0
1131,650,Barbaric Roar,862,attack_param,306800965,6902,AccumuVal [6],0,direct,self_mechanic,,on_hit,,,1,effect targets the attacker/self and is not target buildup,0.0,0.0,0.0,0.0,0.0,0.0,0.0,0.0,0.0,0.0,0.0,0.0,0.0,0,0
1132,650,Barbaric Roar,863,attack_param,306800960,6902,AccumuVal [6],0,direct,self_mechanic,,on_hit,,,1,effect targets the attacker/self and is not target buildup,0.0,0.0,0.0,0.0,0.0,0.0,0.0,0.0,0.0,0.0,0.0,0.0,0.0,0,0
1133,650,Barbaric Roar,864,attack_param,306800961,6902,AccumuVal [6],0,direct,self_mechanic,,on_hit,,,1,effect targets the attacker/self and is not target buildup,0.0,0.0,0.0,0.0,0.0,0.0,0.0,0.0,0.0,0.0,0.0,0.0,0.0,0,0
1134,650,Barbaric Roar,865,attack_param,306800962,6902,AccumuVal [6],0,direct,self_mechanic,,on_hit,,,1,effect targets the attacker/self and is not target buildup,0.0,0.0,0.0,0.0,0.0,0.0,0.0,0.0,0.0,0.0,0.0,0.0,0.0,0,0
1135,650,Barbaric Roar,866,attack_param,306800968,6902,AccumuVal [6],0,direct,self_mechanic,,on_hit,,,1,effect targets the attacker/self and is not target buildup,0.0,0.0,0.0,0.0,0.0,0.0,0.0,0.0,0.0,0.0,0.0,0.0,0.0,0,0
1136,650,Barbaric Roar,867,attack_param,306800969,6904,AccumuVal [10],0,direct,self_mechanic,,on_hit,,,1,effect targets the attacker/self and is not target buildup,0.0,0.0,0.0,0.0,0.0,0.0,0.0,0.0,0.0,0.0,0.0,0.0,0.0,0,0
1137,650,Barbaric Roar,868,attack_param,306800966,6902,AccumuVal [6],0,direct,self_mechanic,,on_hit,,,1,effect targets the attacker/self and is not target buildup,0.0,0.0,0.0,0.0,0.0,0.0,0.0,0.0,0.0,0.0,0.0,0.0,0.0,0,0
1138,650,Barbaric Roar,869,attack_param,306800967,6906,AccumuVal [14],0,direct,self_mechanic,,on_hit,,,1,effect targets the attacker/self and is not target buildup,0.0,0.0,0.0,0.0,0.0,0.0,0.0,0.0,0.0,0.0,0.0,0.0,0.0,0,0
1139,651,War Cry,112,attack_param,300000120,6904,AccumuVal [10],0,direct,self_mechanic,,on_hit,,,1,effect targets the attacker/self and is not target buildup,0.0,0.0,0.0,0.0,0.0,0.0,0.0,0.0,0.0,0.0,0.0,0.0,0.0,0,0
1140,651,War Cry,114,attack_param,300200981,6906,AccumuVal [14],0,direct,self_mechanic,,on_hit,,,1,effect targets the attacker/self and is not target buildup,0.0,0.0,0.0,0.0,0.0,0.0,0.0,0.0,0.0,0.0,0.0,0.0,0.0,0,0
1141,651,War Cry,117,attack_param,300200980,6906,AccumuVal [14],0,direct,self_mechanic,,on_hit,,,1,effect targets the attacker/self and is not target buildup,0.0,0.0,0.0,0.0,0.0,0.0,0.0,0.0,0.0,0.0,0.0,0.0,0.0,0,0
1142,651,War Cry,118,attack_param,300200985,6906,AccumuVal [14],0,direct,self_mechanic,,on_hit,,,1,effect targets the attacker/self and is not target buildup,0.0,0.0,0.0,0.0,0.0,0.0,0.0,0.0,0.0,0.0,0.0,0.0,0.0,0,0
1143,651,War Cry,120,attack_param,300200984,6906,AccumuVal [14],0,direct,self_mechanic,,on_hit,,,1,effect targets the attacker/self and is not target buildup,0.0,0.0,0.0,0.0,0.0,0.0,0.0,0.0,0.0,0.0,0.0,0.0,0.0,0,0
1144,651,War Cry,121,attack_param,300200988,6906,AccumuVal [14],0,direct,self_mechanic,,on_hit,,,1,effect targets the attacker/self and is not target buildup,0.0,0.0,0.0,0.0,0.0,0.0,0.0,0.0,0.0,0.0,0.0,0.0,0.0,0,0
1145,651,War Cry,124,attack_param,300200987,6906,AccumuVal [14],0,direct,self_mechanic,,on_hit,,,1,effect targets the attacker/self and is not target buildup,0.0,0.0,0.0,0.0,0.0,0.0,0.0,0.0,0.0,0.0,0.0,0.0,0.0,0,0
1146,651,War Cry,125,attack_param,300200992,6906,AccumuVal [14],0,direct,self_mechanic,,on_hit,,,1,effect targets the attacker/self and is not target buildup,0.0,0.0,0.0,0.0,0.0,0.0,0.0,0.0,0.0,0.0,0.0,0.0,0.0,0,0
1147,651,War Cry,127,attack_param,300200991,6906,AccumuVal [14],0,direct,self_mechanic,,on_hit,,,1,effect targets the attacker/self and is not target buildup,0.0,0.0,0.0,0.0,0.0,0.0,0.0,0.0,0.0,0.0,0.0,0.0,0.0,0,0
1148,651,War Cry,128,attack_param,306700981,6906,AccumuVal [14],0,direct,self_mechanic,,on_hit,,,1,effect targets the attacker/self and is not target buildup,0.0,0.0,0.0,0.0,0.0,0.0,0.0,0.0,0.0,0.0,0.0,0.0,0.0,0,0
1149,651,War Cry,131,attack_param,306700980,6906,AccumuVal [14],0,direct,self_mechanic,,on_hit,,,1,effect targets the attacker/self and is not target buildup,0.0,0.0,0.0,0.0,0.0,0.0,0.0,0.0,0.0,0.0,0.0,0.0,0.0,0,0
1150,651,War Cry,132,attack_param,306700985,6906,AccumuVal [14],0,direct,self_mechanic,,on_hit,,,1,effect targets the attacker/self and is not target buildup,0.0,0.0,0.0,0.0,0.0,0.0,0.0,0.0,0.0,0.0,0.0,0.0,0.0,0,0
1151,651,War Cry,134,attack_param,306700984,6906,AccumuVal [14],0,direct,self_mechanic,,on_hit,,,1,effect targets the attacker/self and is not target buildup,0.0,0.0,0.0,0.0,0.0,0.0,0.0,0.0,0.0,0.0,0.0,0.0,0.0,0,0
1152,651,War Cry,135,attack_param,306700988,6906,AccumuVal [14],0,direct,self_mechanic,,on_hit,,,1,effect targets the attacker/self and is not target buildup,0.0,0.0,0.0,0.0,0.0,0.0,0.0,0.0,0.0,0.0,0.0,0.0,0.0,0,0
1153,651,War Cry,138,attack_param,306700987,6906,AccumuVal [14],0,direct,self_mechanic,,on_hit,,,1,effect targets the attacker/self and is not target buildup,0.0,0.0,0.0,0.0,0.0,0.0,0.0,0.0,0.0,0.0,0.0,0.0,0.0,0,0
1154,651,War Cry,139,attack_param,306700992,6906,AccumuVal [14],0,direct,self_mechanic,,on_hit,,,1,effect targets the attacker/self and is not target buildup,0.0,0.0,0.0,0.0,0.0,0.0,0.0,0.0,0.0,0.0,0.0,0.0,0.0,0,0
1155,651,War Cry,141,attack_param,306700991,6906,AccumuVal [14],0,direct,self_mechanic,,on_hit,,,1,effect targets the attacker/self and is not target buildup,0.0,0.0,0.0,0.0,0.0,0.0,0.0,0.0,0.0,0.0,0.0,0.0,0.0,0,0
1156,651,War Cry,142,attack_param,300300981,6906,AccumuVal [14],0,direct,self_mechanic,,on_hit,,,1,effect targets the attacker/self and is not target buildup,0.0,0.0,0.0,0.0,0.0,0.0,0.0,0.0,0.0,0.0,0.0,0.0,0.0,0,0
1157,651,War Cry,145,attack_param,300300980,6906,AccumuVal [14],0,direct,self_mechanic,,on_hit,,,1,effect targets the attacker/self and is not target buildup,0.0,0.0,0.0,0.0,0.0,0.0,0.0,0.0,0.0,0.0,0.0,0.0,0.0,0,0
1158,651,War Cry,146,attack_param,300300985,6906,AccumuVal [14],0,direct,self_mechanic,,on_hit,,,1,effect targets the attacker/self and is not target buildup,0.0,0.0,0.0,0.0,0.0,0.0,0.0,0.0,0.0,0.0,0.0,0.0,0.0,0,0
1159,651,War Cry,148,attack_param,300300984,6906,AccumuVal [14],0,direct,self_mechanic,,on_hit,,,1,effect targets the attacker/self and is not target buildup,0.0,0.0,0.0,0.0,0.0,0.0,0.0,0.0,0.0,0.0,0.0,0.0,0.0,0,0
1160,651,War Cry,149,attack_param,300300988,6906,AccumuVal [14],0,direct,self_mechanic,,on_hit,,,1,effect targets the attacker/self and is not target buildup,0.0,0.0,0.0,0.0,0.0,0.0,0.0,0.0,0.0,0.0,0.0,0.0,0.0,0,0
1161,651,War Cry,152,attack_param,300300987,6906,AccumuVal [14],0,direct,self_mechanic,,on_hit,,,1,effect targets the attacker/self and is not target buildup,0.0,0.0,0.0,0.0,0.0,0.0,0.0,0.0,0.0,0.0,0.0,0.0,0.0,0,0
1162,651,War Cry,153,attack_param,300300992,6906,AccumuVal [14],0,direct,self_mechanic,,on_hit,,,1,effect targets the attacker/self and is not target buildup,0.0,0.0,0.0,0.0,0.0,0.0,0.0,0.0,0.0,0.0,0.0,0.0,0.0,0,0
1163,651,War Cry,155,attack_param,300300991,6906,AccumuVal [14],0,direct,self_mechanic,,on_hit,,,1,effect targets the attacker/self and is not target buildup,0.0,0.0,0.0,0.0,0.0,0.0,0.0,0.0,0.0,0.0,0.0,0.0,0.0,0,0
1164,651,War Cry,156,attack_param,300400981,6906,AccumuVal [14],0,direct,self_mechanic,,on_hit,,,1,effect targets the attacker/self and is not target buildup,0.0,0.0,0.0,0.0,0.0,0.0,0.0,0.0,0.0,0.0,0.0,0.0,0.0,0,0
1165,651,War Cry,159,attack_param,300400980,6906,AccumuVal [14],0,direct,self_mechanic,,on_hit,,,1,effect targets the attacker/self and is not target buildup,0.0,0.0,0.0,0.0,0.0,0.0,0.0,0.0,0.0,0.0,0.0,0.0,0.0,0,0
1166,651,War Cry,160,attack_param,300400985,6906,AccumuVal [14],0,direct,self_mechanic,,on_hit,,,1,effect targets the attacker/self and is not target buildup,0.0,0.0,0.0,0.0,0.0,0.0,0.0,0.0,0.0,0.0,0.0,0.0,0.0,0,0
1167,651,War Cry,162,attack_param,300400984,6906,AccumuVal [14],0,direct,self_mechanic,,on_hit,,,1,effect targets the attacker/self and is not target buildup,0.0,0.0,0.0,0.0,0.0,0.0,0.0,0.0,0.0,0.0,0.0,0.0,0.0,0,0
1168,651,War Cry,163,attack_param,300400988,6906,AccumuVal [14],0,direct,self_mechanic,,on_hit,,,1,effect targets the attacker/self and is not target buildup,0.0,0.0,0.0,0.0,0.0,0.0,0.0,0.0,0.0,0.0,0.0,0.0,0.0,0,0
1169,651,War Cry,166,attack_param,300400987,6906,AccumuVal [14],0,direct,self_mechanic,,on_hit,,,1,effect targets the attacker/self and is not target buildup,0.0,0.0,0.0,0.0,0.0,0.0,0.0,0.0,0.0,0.0,0.0,0.0,0.0,0,0
1170,651,War Cry,167,attack_param,300400992,6906,AccumuVal [14],0,direct,self_mechanic,,on_hit,,,1,effect targets the attacker/self and is not target buildup,0.0,0.0,0.0,0.0,0.0,0.0,0.0,0.0,0.0,0.0,0.0,0.0,0.0,0,0
1171,651,War Cry,169,attack_param,300400991,6906,AccumuVal [14],0,direct,self_mechanic,,on_hit,,,1,effect targets the attacker/self and is not target buildup,0.0,0.0,0.0,0.0,0.0,0.0,0.0,0.0,0.0,0.0,0.0,0.0,0.0,0,0
1172,651,War Cry,170,attack_param,300700981,6906,AccumuVal [14],0,direct,self_mechanic,,on_hit,,,1,effect targets the attacker/self and is not target buildup,0.0,0.0,0.0,0.0,0.0,0.0,0.0,0.0,0.0,0.0,0.0,0.0,0.0,0,0
1173,651,War Cry,173,attack_param,300700980,6906,AccumuVal [14],0,direct,self_mechanic,,on_hit,,,1,effect targets the attacker/self and is not target buildup,0.0,0.0,0.0,0.0,0.0,0.0,0.0,0.0,0.0,0.0,0.0,0.0,0.0,0,0
1174,651,War Cry,174,attack_param,300700985,6906,AccumuVal [14],0,direct,self_mechanic,,on_hit,,,1,effect targets the attacker/self and is not target buildup,0.0,0.0,0.0,0.0,0.0,0.0,0.0,0.0,0.0,0.0,0.0,0.0,0.0,0,0
1175,651,War Cry,176,attack_param,300700984,6906,AccumuVal [14],0,direct,self_mechanic,,on_hit,,,1,effect targets the attacker/self and is not target buildup,0.0,0.0,0.0,0.0,0.0,0.0,0.0,0.0,0.0,0.0,0.0,0.0,0.0,0,0
1176,651,War Cry,177,attack_param,300700988,6906,AccumuVal [14],0,direct,self_mechanic,,on_hit,,,1,effect targets the attacker/self and is not target buildup,0.0,0.0,0.0,0.0,0.0,0.0,0.0,0.0,0.0,0.0,0.0,0.0,0.0,0,0
1177,651,War Cry,180,attack_param,300700987,6906,AccumuVal [14],0,direct,self_mechanic,,on_hit,,,1,effect targets the attacker/self and is not target buildup,0.0,0.0,0.0,0.0,0.0,0.0,0.0,0.0,0.0,0.0,0.0,0.0,0.0,0,0
1178,651,War Cry,181,attack_param,300700992,6906,AccumuVal [14],0,direct,self_mechanic,,on_hit,,,1,effect targets the attacker/self and is not target buildup,0.0,0.0,0.0,0.0,0.0,0.0,0.0,0.0,0.0,0.0,0.0,0.0,0.0,0,0
1179,651,War Cry,183,attack_param,300700991,6906,AccumuVal [14],0,direct,self_mechanic,,on_hit,,,1,effect targets the attacker/self and is not target buildup,0.0,0.0,0.0,0.0,0.0,0.0,0.0,0.0,0.0,0.0,0.0,0.0,0.0,0,0
1180,651,War Cry,184,attack_param,300800981,6906,AccumuVal [14],0,direct,self_mechanic,,on_hit,,,1,effect targets the attacker/self and is not target buildup,0.0,0.0,0.0,0.0,0.0,0.0,0.0,0.0,0.0,0.0,0.0,0.0,0.0,0,0
1181,651,War Cry,187,attack_param,300800980,6906,AccumuVal [14],0,direct,self_mechanic,,on_hit,,,1,effect targets the attacker/self and is not target buildup,0.0,0.0,0.0,0.0,0.0,0.0,0.0,0.0,0.0,0.0,0.0,0.0,0.0,0,0
1182,651,War Cry,188,attack_param,300800985,6906,AccumuVal [14],0,direct,self_mechanic,,on_hit,,,1,effect targets the attacker/self and is not target buildup,0.0,0.0,0.0,0.0,0.0,0.0,0.0,0.0,0.0,0.0,0.0,0.0,0.0,0,0
1183,651,War Cry,190,attack_param,300800984,6906,AccumuVal [14],0,direct,self_mechanic,,on_hit,,,1,effect targets the attacker/self and is not target buildup,0.0,0.0,0.0,0.0,0.0,0.0,0.0,0.0,0.0,0.0,0.0,0.0,0.0,0,0
1184,651,War Cry,191,attack_param,300800988,6906,AccumuVal [14],0,direct,self_mechanic,,on_hit,,,1,effect targets the attacker/self and is not target buildup,0.0,0.0,0.0,0.0,0.0,0.0,0.0,0.0,0.0,0.0,0.0,0.0,0.0,0,0
1185,651,War Cry,194,attack_param,300800987,6906,AccumuVal [14],0,direct,self_mechanic,,on_hit,,,1,effect targets the attacker/self and is not target buildup,0.0,0.0,0.0,0.0,0.0,0.0,0.0,0.0,0.0,0.0,0.0,0.0,0.0,0,0
1186,651,War Cry,195,attack_param,300800992,6906,AccumuVal [14],0,direct,self_mechanic,,on_hit,,,1,effect targets the attacker/self and is not target buildup,0.0,0.0,0.0,0.0,0.0,0.0,0.0,0.0,0.0,0.0,0.0,0.0,0.0,0,0
1187,651,War Cry,197,attack_param,300800991,6906,AccumuVal [14],0,direct,self_mechanic,,on_hit,,,1,effect targets the attacker/self and is not target buildup,0.0,0.0,0.0,0.0,0.0,0.0,0.0,0.0,0.0,0.0,0.0,0.0,0.0,0,0
1188,651,War Cry,198,attack_param,300900981,6906,AccumuVal [14],0,direct,self_mechanic,,on_hit,,,1,effect targets the attacker/self and is not target buildup,0.0,0.0,0.0,0.0,0.0,0.0,0.0,0.0,0.0,0.0,0.0,0.0,0.0,0,0
1189,651,War Cry,201,attack_param,300900980,6906,AccumuVal [14],0,direct,self_mechanic,,on_hit,,,1,effect targets the attacker/self and is not target buildup,0.0,0.0,0.0,0.0,0.0,0.0,0.0,0.0,0.0,0.0,0.0,0.0,0.0,0,0
1190,651,War Cry,202,attack_param,300900985,6906,AccumuVal [14],0,direct,self_mechanic,,on_hit,,,1,effect targets the attacker/self and is not target buildup,0.0,0.0,0.0,0.0,0.0,0.0,0.0,0.0,0.0,0.0,0.0,0.0,0.0,0,0
1191,651,War Cry,204,attack_param,300900984,6906,AccumuVal [14],0,direct,self_mechanic,,on_hit,,,1,effect targets the attacker/self and is not target buildup,0.0,0.0,0.0,0.0,0.0,0.0,0.0,0.0,0.0,0.0,0.0,0.0,0.0,0,0
1192,651,War Cry,205,attack_param,300900988,6906,AccumuVal [14],0,direct,self_mechanic,,on_hit,,,1,effect targets the attacker/self and is not target buildup,0.0,0.0,0.0,0.0,0.0,0.0,0.0,0.0,0.0,0.0,0.0,0.0,0.0,0,0
1193,651,War Cry,208,attack_param,300900987,6906,AccumuVal [14],0,direct,self_mechanic,,on_hit,,,1,effect targets the attacker/self and is not target buildup,0.0,0.0,0.0,0.0,0.0,0.0,0.0,0.0,0.0,0.0,0.0,0.0,0.0,0,0
1194,651,War Cry,209,attack_param,300900992,6906,AccumuVal [14],0,direct,self_mechanic,,on_hit,,,1,effect targets the attacker/self and is not target buildup,0.0,0.0,0.0,0.0,0.0,0.0,0.0,0.0,0.0,0.0,0.0,0.0,0.0,0,0
1195,651,War Cry,211,attack_param,300900991,6906,AccumuVal [14],0,direct,self_mechanic,,on_hit,,,1,effect targets the attacker/self and is not target buildup,0.0,0.0,0.0,0.0,0.0,0.0,0.0,0.0,0.0,0.0,0.0,0.0,0.0,0,0
1196,651,War Cry,212,attack_param,300000981,6906,AccumuVal [14],0,direct,self_mechanic,,on_hit,,,1,effect targets the attacker/self and is not target buildup,0.0,0.0,0.0,0.0,0.0,0.0,0.0,0.0,0.0,0.0,0.0,0.0,0.0,0,0
1197,651,War Cry,215,attack_param,300000980,6906,AccumuVal [14],0,direct,self_mechanic,,on_hit,,,1,effect targets the attacker/self and is not target buildup,0.0,0.0,0.0,0.0,0.0,0.0,0.0,0.0,0.0,0.0,0.0,0.0,0.0,0,0
1198,651,War Cry,216,attack_param,300000985,6906,AccumuVal [14],0,direct,self_mechanic,,on_hit,,,1,effect targets the attacker/self and is not target buildup,0.0,0.0,0.0,0.0,0.0,0.0,0.0,0.0,0.0,0.0,0.0,0.0,0.0,0,0
1199,651,War Cry,218,attack_param,300000984,6906,AccumuVal [14],0,direct,self_mechanic,,on_hit,,,1,effect targets the attacker/self and is not target buildup,0.0,0.0,0.0,0.0,0.0,0.0,0.0,0.0,0.0,0.0,0.0,0.0,0.0,0,0
1200,651,War Cry,219,attack_param,300000988,6906,AccumuVal [14],0,direct,self_mechanic,,on_hit,,,1,effect targets the attacker/self and is not target buildup,0.0,0.0,0.0,0.0,0.0,0.0,0.0,0.0,0.0,0.0,0.0,0.0,0.0,0,0
1201,651,War Cry,222,attack_param,300000987,6906,AccumuVal [14],0,direct,self_mechanic,,on_hit,,,1,effect targets the attacker/self and is not target buildup,0.0,0.0,0.0,0.0,0.0,0.0,0.0,0.0,0.0,0.0,0.0,0.0,0.0,0,0
1202,651,War Cry,223,attack_param,300000992,6906,AccumuVal [14],0,direct,self_mechanic,,on_hit,,,1,effect targets the attacker/self and is not target buildup,0.0,0.0,0.0,0.0,0.0,0.0,0.0,0.0,0.0,0.0,0.0,0.0,0.0,0,0
1203,651,War Cry,225,attack_param,300000991,6906,AccumuVal [14],0,direct,self_mechanic,,on_hit,,,1,effect targets the attacker/self and is not target buildup,0.0,0.0,0.0,0.0,0.0,0.0,0.0,0.0,0.0,0.0,0.0,0.0,0.0,0,0
1204,651,War Cry,226,attack_param,301000981,6906,AccumuVal [14],0,direct,self_mechanic,,on_hit,,,1,effect targets the attacker/self and is not target buildup,0.0,0.0,0.0,0.0,0.0,0.0,0.0,0.0,0.0,0.0,0.0,0.0,0.0,0,0
1205,651,War Cry,229,attack_param,301000980,6906,AccumuVal [14],0,direct,self_mechanic,,on_hit,,,1,effect targets the attacker/self and is not target buildup,0.0,0.0,0.0,0.0,0.0,0.0,0.0,0.0,0.0,0.0,0.0,0.0,0.0,0,0
1206,651,War Cry,230,attack_param,301000985,6906,AccumuVal [14],0,direct,self_mechanic,,on_hit,,,1,effect targets the attacker/self and is not target buildup,0.0,0.0,0.0,0.0,0.0,0.0,0.0,0.0,0.0,0.0,0.0,0.0,0.0,0,0
1207,651,War Cry,232,attack_param,301000984,6906,AccumuVal [14],0,direct,self_mechanic,,on_hit,,,1,effect targets the attacker/self and is not target buildup,0.0,0.0,0.0,0.0,0.0,0.0,0.0,0.0,0.0,0.0,0.0,0.0,0.0,0,0
1208,651,War Cry,233,attack_param,301000988,6906,AccumuVal [14],0,direct,self_mechanic,,on_hit,,,1,effect targets the attacker/self and is not target buildup,0.0,0.0,0.0,0.0,0.0,0.0,0.0,0.0,0.0,0.0,0.0,0.0,0.0,0,0
1209,651,War Cry,236,attack_param,301000987,6906,AccumuVal [14],0,direct,self_mechanic,,on_hit,,,1,effect targets the attacker/self and is not target buildup,0.0,0.0,0.0,0.0,0.0,0.0,0.0,0.0,0.0,0.0,0.0,0.0,0.0,0,0
1210,651,War Cry,237,attack_param,301000992,6906,AccumuVal [14],0,direct,self_mechanic,,on_hit,,,1,effect targets the attacker/self and is not target buildup,0.0,0.0,0.0,0.0,0.0,0.0,0.0,0.0,0.0,0.0,0.0,0.0,0.0,0,0
1211,651,War Cry,239,attack_param,301000991,6906,AccumuVal [14],0,direct,self_mechanic,,on_hit,,,1,effect targets the attacker/self and is not target buildup,0.0,0.0,0.0,0.0,0.0,0.0,0.0,0.0,0.0,0.0,0.0,0.0,0.0,0,0
1212,651,War Cry,240,attack_param,301400981,6906,AccumuVal [14],0,direct,self_mechanic,,on_hit,,,1,effect targets the attacker/self and is not target buildup,0.0,0.0,0.0,0.0,0.0,0.0,0.0,0.0,0.0,0.0,0.0,0.0,0.0,0,0
1213,651,War Cry,243,attack_param,301400980,6906,AccumuVal [14],0,direct,self_mechanic,,on_hit,,,1,effect targets the attacker/self and is not target buildup,0.0,0.0,0.0,0.0,0.0,0.0,0.0,0.0,0.0,0.0,0.0,0.0,0.0,0,0
1214,651,War Cry,244,attack_param,301400985,6906,AccumuVal [14],0,direct,self_mechanic,,on_hit,,,1,effect targets the attacker/self and is not target buildup,0.0,0.0,0.0,0.0,0.0,0.0,0.0,0.0,0.0,0.0,0.0,0.0,0.0,0,0
1215,651,War Cry,246,attack_param,301400984,6906,AccumuVal [14],0,direct,self_mechanic,,on_hit,,,1,effect targets the attacker/self and is not target buildup,0.0,0.0,0.0,0.0,0.0,0.0,0.0,0.0,0.0,0.0,0.0,0.0,0.0,0,0
1216,651,War Cry,247,attack_param,301400988,6906,AccumuVal [14],0,direct,self_mechanic,,on_hit,,,1,effect targets the attacker/self and is not target buildup,0.0,0.0,0.0,0.0,0.0,0.0,0.0,0.0,0.0,0.0,0.0,0.0,0.0,0,0
1217,651,War Cry,250,attack_param,301400987,6906,AccumuVal [14],0,direct,self_mechanic,,on_hit,,,1,effect targets the attacker/self and is not target buildup,0.0,0.0,0.0,0.0,0.0,0.0,0.0,0.0,0.0,0.0,0.0,0.0,0.0,0,0
1218,651,War Cry,251,attack_param,301400992,6906,AccumuVal [14],0,direct,self_mechanic,,on_hit,,,1,effect targets the attacker/self and is not target buildup,0.0,0.0,0.0,0.0,0.0,0.0,0.0,0.0,0.0,0.0,0.0,0.0,0.0,0,0
1219,651,War Cry,253,attack_param,301400991,6906,AccumuVal [14],0,direct,self_mechanic,,on_hit,,,1,effect targets the attacker/self and is not target buildup,0.0,0.0,0.0,0.0,0.0,0.0,0.0,0.0,0.0,0.0,0.0,0.0,0.0,0,0
1220,651,War Cry,254,attack_param,301500981,6906,AccumuVal [14],0,direct,self_mechanic,,on_hit,,,1,effect targets the attacker/self and is not target buildup,0.0,0.0,0.0,0.0,0.0,0.0,0.0,0.0,0.0,0.0,0.0,0.0,0.0,0,0
1221,651,War Cry,257,attack_param,301500980,6906,AccumuVal [14],0,direct,self_mechanic,,on_hit,,,1,effect targets the attacker/self and is not target buildup,0.0,0.0,0.0,0.0,0.0,0.0,0.0,0.0,0.0,0.0,0.0,0.0,0.0,0,0
1222,651,War Cry,258,attack_param,301500985,6906,AccumuVal [14],0,direct,self_mechanic,,on_hit,,,1,effect targets the attacker/self and is not target buildup,0.0,0.0,0.0,0.0,0.0,0.0,0.0,0.0,0.0,0.0,0.0,0.0,0.0,0,0
1223,651,War Cry,260,attack_param,301500984,6906,AccumuVal [14],0,direct,self_mechanic,,on_hit,,,1,effect targets the attacker/self and is not target buildup,0.0,0.0,0.0,0.0,0.0,0.0,0.0,0.0,0.0,0.0,0.0,0.0,0.0,0,0
1224,651,War Cry,261,attack_param,301500988,6906,AccumuVal [14],0,direct,self_mechanic,,on_hit,,,1,effect targets the attacker/self and is not target buildup,0.0,0.0,0.0,0.0,0.0,0.0,0.0,0.0,0.0,0.0,0.0,0.0,0.0,0,0
1225,651,War Cry,264,attack_param,301500987,6906,AccumuVal [14],0,direct,self_mechanic,,on_hit,,,1,effect targets the attacker/self and is not target buildup,0.0,0.0,0.0,0.0,0.0,0.0,0.0,0.0,0.0,0.0,0.0,0.0,0.0,0,0
1226,651,War Cry,265,attack_param,301500992,6906,AccumuVal [14],0,direct,self_mechanic,,on_hit,,,1,effect targets the attacker/self and is not target buildup,0.0,0.0,0.0,0.0,0.0,0.0,0.0,0.0,0.0,0.0,0.0,0.0,0.0,0,0
1227,651,War Cry,267,attack_param,301500991,6906,AccumuVal [14],0,direct,self_mechanic,,on_hit,,,1,effect targets the attacker/self and is not target buildup,0.0,0.0,0.0,0.0,0.0,0.0,0.0,0.0,0.0,0.0,0.0,0.0,0.0,0,0
1228,651,War Cry,268,attack_param,301100981,6906,AccumuVal [14],0,direct,self_mechanic,,on_hit,,,1,effect targets the attacker/self and is not target buildup,0.0,0.0,0.0,0.0,0.0,0.0,0.0,0.0,0.0,0.0,0.0,0.0,0.0,0,0
1229,651,War Cry,271,attack_param,301100980,6906,AccumuVal [14],0,direct,self_mechanic,,on_hit,,,1,effect targets the attacker/self and is not target buildup,0.0,0.0,0.0,0.0,0.0,0.0,0.0,0.0,0.0,0.0,0.0,0.0,0.0,0,0
1230,651,War Cry,272,attack_param,301100985,6906,AccumuVal [14],0,direct,self_mechanic,,on_hit,,,1,effect targets the attacker/self and is not target buildup,0.0,0.0,0.0,0.0,0.0,0.0,0.0,0.0,0.0,0.0,0.0,0.0,0.0,0,0
1231,651,War Cry,274,attack_param,301100984,6906,AccumuVal [14],0,direct,self_mechanic,,on_hit,,,1,effect targets the attacker/self and is not target buildup,0.0,0.0,0.0,0.0,0.0,0.0,0.0,0.0,0.0,0.0,0.0,0.0,0.0,0,0
1232,651,War Cry,275,attack_param,301100988,6906,AccumuVal [14],0,direct,self_mechanic,,on_hit,,,1,effect targets the attacker/self and is not target buildup,0.0,0.0,0.0,0.0,0.0,0.0,0.0,0.0,0.0,0.0,0.0,0.0,0.0,0,0
1233,651,War Cry,278,attack_param,301100987,6906,AccumuVal [14],0,direct,self_mechanic,,on_hit,,,1,effect targets the attacker/self and is not target buildup,0.0,0.0,0.0,0.0,0.0,0.0,0.0,0.0,0.0,0.0,0.0,0.0,0.0,0,0
1234,651,War Cry,279,attack_param,301100992,6906,AccumuVal [14],0,direct,self_mechanic,,on_hit,,,1,effect targets the attacker/self and is not target buildup,0.0,0.0,0.0,0.0,0.0,0.0,0.0,0.0,0.0,0.0,0.0,0.0,0.0,0,0
1235,651,War Cry,281,attack_param,301100991,6906,AccumuVal [14],0,direct,self_mechanic,,on_hit,,,1,effect targets the attacker/self and is not target buildup,0.0,0.0,0.0,0.0,0.0,0.0,0.0,0.0,0.0,0.0,0.0,0.0,0.0,0,0
1236,651,War Cry,282,attack_param,301300981,6906,AccumuVal [14],0,direct,self_mechanic,,on_hit,,,1,effect targets the attacker/self and is not target buildup,0.0,0.0,0.0,0.0,0.0,0.0,0.0,0.0,0.0,0.0,0.0,0.0,0.0,0,0
1237,651,War Cry,285,attack_param,301300980,6906,AccumuVal [14],0,direct,self_mechanic,,on_hit,,,1,effect targets the attacker/self and is not target buildup,0.0,0.0,0.0,0.0,0.0,0.0,0.0,0.0,0.0,0.0,0.0,0.0,0.0,0,0
1238,651,War Cry,286,attack_param,301300985,6906,AccumuVal [14],0,direct,self_mechanic,,on_hit,,,1,effect targets the attacker/self and is not target buildup,0.0,0.0,0.0,0.0,0.0,0.0,0.0,0.0,0.0,0.0,0.0,0.0,0.0,0,0
1239,651,War Cry,288,attack_param,301300984,6906,AccumuVal [14],0,direct,self_mechanic,,on_hit,,,1,effect targets the attacker/self and is not target buildup,0.0,0.0,0.0,0.0,0.0,0.0,0.0,0.0,0.0,0.0,0.0,0.0,0.0,0,0
1240,651,War Cry,289,attack_param,301300988,6906,AccumuVal [14],0,direct,self_mechanic,,on_hit,,,1,effect targets the attacker/self and is not target buildup,0.0,0.0,0.0,0.0,0.0,0.0,0.0,0.0,0.0,0.0,0.0,0.0,0.0,0,0
1241,651,War Cry,292,attack_param,301300987,6906,AccumuVal [14],0,direct,self_mechanic,,on_hit,,,1,effect targets the attacker/self and is not target buildup,0.0,0.0,0.0,0.0,0.0,0.0,0.0,0.0,0.0,0.0,0.0,0.0,0.0,0,0
1242,651,War Cry,293,attack_param,301300992,6906,AccumuVal [14],0,direct,self_mechanic,,on_hit,,,1,effect targets the attacker/self and is not target buildup,0.0,0.0,0.0,0.0,0.0,0.0,0.0,0.0,0.0,0.0,0.0,0.0,0.0,0,0
1243,651,War Cry,295,attack_param,301300991,6906,AccumuVal [14],0,direct,self_mechanic,,on_hit,,,1,effect targets the attacker/self and is not target buildup,0.0,0.0,0.0,0.0,0.0,0.0,0.0,0.0,0.0,0.0,0.0,0.0,0.0,0,0
1244,651,War Cry,296,attack_param,301200981,6906,AccumuVal [14],0,direct,self_mechanic,,on_hit,,,1,effect targets the attacker/self and is not target buildup,0.0,0.0,0.0,0.0,0.0,0.0,0.0,0.0,0.0,0.0,0.0,0.0,0.0,0,0
1245,651,War Cry,299,attack_param,301200980,6906,AccumuVal [14],0,direct,self_mechanic,,on_hit,,,1,effect targets the attacker/self and is not target buildup,0.0,0.0,0.0,0.0,0.0,0.0,0.0,0.0,0.0,0.0,0.0,0.0,0.0,0,0
1246,651,War Cry,300,attack_param,301200985,6906,AccumuVal [14],0,direct,self_mechanic,,on_hit,,,1,effect targets the attacker/self and is not target buildup,0.0,0.0,0.0,0.0,0.0,0.0,0.0,0.0,0.0,0.0,0.0,0.0,0.0,0,0
1247,651,War Cry,302,attack_param,301200984,6906,AccumuVal [14],0,direct,self_mechanic,,on_hit,,,1,effect targets the attacker/self and is not target buildup,0.0,0.0,0.0,0.0,0.0,0.0,0.0,0.0,0.0,0.0,0.0,0.0,0.0,0,0
1248,651,War Cry,303,attack_param,301200988,6906,AccumuVal [14],0,direct,self_mechanic,,on_hit,,,1,effect targets the attacker/self and is not target buildup,0.0,0.0,0.0,0.0,0.0,0.0,0.0,0.0,0.0,0.0,0.0,0.0,0.0,0,0
1249,651,War Cry,306,attack_param,301200987,6906,AccumuVal [14],0,direct,self_mechanic,,on_hit,,,1,effect targets the attacker/self and is not target buildup,0.0,0.0,0.0,0.0,0.0,0.0,0.0,0.0,0.0,0.0,0.0,0.0,0.0,0,0
1250,651,War Cry,307,attack_param,301200992,6906,AccumuVal [14],0,direct,self_mechanic,,on_hit,,,1,effect targets the attacker/self and is not target buildup,0.0,0.0,0.0,0.0,0.0,0.0,0.0,0.0,0.0,0.0,0.0,0.0,0.0,0,0
1251,651,War Cry,309,attack_param,301200991,6906,AccumuVal [14],0,direct,self_mechanic,,on_hit,,,1,effect targets the attacker/self and is not target buildup,0.0,0.0,0.0,0.0,0.0,0.0,0.0,0.0,0.0,0.0,0.0,0.0,0.0,0,0
1252,651,War Cry,310,attack_param,302300981,6906,AccumuVal [14],0,direct,self_mechanic,,on_hit,,,1,effect targets the attacker/self and is not target buildup,0.0,0.0,0.0,0.0,0.0,0.0,0.0,0.0,0.0,0.0,0.0,0.0,0.0,0,0
1253,651,War Cry,313,attack_param,302300980,6906,AccumuVal [14],0,direct,self_mechanic,,on_hit,,,1,effect targets the attacker/self and is not target buildup,0.0,0.0,0.0,0.0,0.0,0.0,0.0,0.0,0.0,0.0,0.0,0.0,0.0,0,0
1254,651,War Cry,314,attack_param,302300985,6906,AccumuVal [14],0,direct,self_mechanic,,on_hit,,,1,effect targets the attacker/self and is not target buildup,0.0,0.0,0.0,0.0,0.0,0.0,0.0,0.0,0.0,0.0,0.0,0.0,0.0,0,0
1255,651,War Cry,316,attack_param,302300984,6906,AccumuVal [14],0,direct,self_mechanic,,on_hit,,,1,effect targets the attacker/self and is not target buildup,0.0,0.0,0.0,0.0,0.0,0.0,0.0,0.0,0.0,0.0,0.0,0.0,0.0,0,0
1256,651,War Cry,317,attack_param,302300988,6906,AccumuVal [14],0,direct,self_mechanic,,on_hit,,,1,effect targets the attacker/self and is not target buildup,0.0,0.0,0.0,0.0,0.0,0.0,0.0,0.0,0.0,0.0,0.0,0.0,0.0,0,0
1257,651,War Cry,320,attack_param,302300987,6906,AccumuVal [14],0,direct,self_mechanic,,on_hit,,,1,effect targets the attacker/self and is not target buildup,0.0,0.0,0.0,0.0,0.0,0.0,0.0,0.0,0.0,0.0,0.0,0.0,0.0,0,0
1258,651,War Cry,321,attack_param,302300992,6906,AccumuVal [14],0,direct,self_mechanic,,on_hit,,,1,effect targets the attacker/self and is not target buildup,0.0,0.0,0.0,0.0,0.0,0.0,0.0,0.0,0.0,0.0,0.0,0.0,0.0,0,0
1259,651,War Cry,323,attack_param,302300991,6906,AccumuVal [14],0,direct,self_mechanic,,on_hit,,,1,effect targets the attacker/self and is not target buildup,0.0,0.0,0.0,0.0,0.0,0.0,0.0,0.0,0.0,0.0,0.0,0.0,0.0,0,0
1260,651,War Cry,324,attack_param,301600981,6906,AccumuVal [14],0,direct,self_mechanic,,on_hit,,,1,effect targets the attacker/self and is not target buildup,0.0,0.0,0.0,0.0,0.0,0.0,0.0,0.0,0.0,0.0,0.0,0.0,0.0,0,0
1261,651,War Cry,327,attack_param,301600980,6906,AccumuVal [14],0,direct,self_mechanic,,on_hit,,,1,effect targets the attacker/self and is not target buildup,0.0,0.0,0.0,0.0,0.0,0.0,0.0,0.0,0.0,0.0,0.0,0.0,0.0,0,0
1262,651,War Cry,328,attack_param,301600985,6906,AccumuVal [14],0,direct,self_mechanic,,on_hit,,,1,effect targets the attacker/self and is not target buildup,0.0,0.0,0.0,0.0,0.0,0.0,0.0,0.0,0.0,0.0,0.0,0.0,0.0,0,0
1263,651,War Cry,330,attack_param,301600984,6906,AccumuVal [14],0,direct,self_mechanic,,on_hit,,,1,effect targets the attacker/self and is not target buildup,0.0,0.0,0.0,0.0,0.0,0.0,0.0,0.0,0.0,0.0,0.0,0.0,0.0,0,0
1264,651,War Cry,331,attack_param,301600988,6906,AccumuVal [14],0,direct,self_mechanic,,on_hit,,,1,effect targets the attacker/self and is not target buildup,0.0,0.0,0.0,0.0,0.0,0.0,0.0,0.0,0.0,0.0,0.0,0.0,0.0,0,0
1265,651,War Cry,334,attack_param,301600987,6906,AccumuVal [14],0,direct,self_mechanic,,on_hit,,,1,effect targets the attacker/self and is not target buildup,0.0,0.0,0.0,0.0,0.0,0.0,0.0,0.0,0.0,0.0,0.0,0.0,0.0,0,0
1266,651,War Cry,335,attack_param,301600992,6906,AccumuVal [14],0,direct,self_mechanic,,on_hit,,,1,effect targets the attacker/self and is not target buildup,0.0,0.0,0.0,0.0,0.0,0.0,0.0,0.0,0.0,0.0,0.0,0.0,0.0,0,0
1267,651,War Cry,337,attack_param,301600991,6906,AccumuVal [14],0,direct,self_mechanic,,on_hit,,,1,effect targets the attacker/self and is not target buildup,0.0,0.0,0.0,0.0,0.0,0.0,0.0,0.0,0.0,0.0,0.0,0.0,0.0,0,0
1268,651,War Cry,338,attack_param,301700981,6906,AccumuVal [14],0,direct,self_mechanic,,on_hit,,,1,effect targets the attacker/self and is not target buildup,0.0,0.0,0.0,0.0,0.0,0.0,0.0,0.0,0.0,0.0,0.0,0.0,0.0,0,0
1269,651,War Cry,341,attack_param,301700980,6906,AccumuVal [14],0,direct,self_mechanic,,on_hit,,,1,effect targets the attacker/self and is not target buildup,0.0,0.0,0.0,0.0,0.0,0.0,0.0,0.0,0.0,0.0,0.0,0.0,0.0,0,0
1270,651,War Cry,342,attack_param,301700985,6906,AccumuVal [14],0,direct,self_mechanic,,on_hit,,,1,effect targets the attacker/self and is not target buildup,0.0,0.0,0.0,0.0,0.0,0.0,0.0,0.0,0.0,0.0,0.0,0.0,0.0,0,0
1271,651,War Cry,344,attack_param,301700984,6906,AccumuVal [14],0,direct,self_mechanic,,on_hit,,,1,effect targets the attacker/self and is not target buildup,0.0,0.0,0.0,0.0,0.0,0.0,0.0,0.0,0.0,0.0,0.0,0.0,0.0,0,0
1272,651,War Cry,345,attack_param,301700988,6906,AccumuVal [14],0,direct,self_mechanic,,on_hit,,,1,effect targets the attacker/self and is not target buildup,0.0,0.0,0.0,0.0,0.0,0.0,0.0,0.0,0.0,0.0,0.0,0.0,0.0,0,0
1273,651,War Cry,348,attack_param,301700987,6906,AccumuVal [14],0,direct,self_mechanic,,on_hit,,,1,effect targets the attacker/self and is not target buildup,0.0,0.0,0.0,0.0,0.0,0.0,0.0,0.0,0.0,0.0,0.0,0.0,0.0,0,0
1274,651,War Cry,349,attack_param,301700992,6906,AccumuVal [14],0,direct,self_mechanic,,on_hit,,,1,effect targets the attacker/self and is not target buildup,0.0,0.0,0.0,0.0,0.0,0.0,0.0,0.0,0.0,0.0,0.0,0.0,0.0,0,0
1275,651,War Cry,351,attack_param,301700991,6906,AccumuVal [14],0,direct,self_mechanic,,on_hit,,,1,effect targets the attacker/self and is not target buildup,0.0,0.0,0.0,0.0,0.0,0.0,0.0,0.0,0.0,0.0,0.0,0.0,0.0,0,0
1276,651,War Cry,352,attack_param,301800981,6906,AccumuVal [14],0,direct,self_mechanic,,on_hit,,,1,effect targets the attacker/self and is not target buildup,0.0,0.0,0.0,0.0,0.0,0.0,0.0,0.0,0.0,0.0,0.0,0.0,0.0,0,0
1277,651,War Cry,355,attack_param,301800980,6906,AccumuVal [14],0,direct,self_mechanic,,on_hit,,,1,effect targets the attacker/self and is not target buildup,0.0,0.0,0.0,0.0,0.0,0.0,0.0,0.0,0.0,0.0,0.0,0.0,0.0,0,0
1278,651,War Cry,356,attack_param,301800985,6906,AccumuVal [14],0,direct,self_mechanic,,on_hit,,,1,effect targets the attacker/self and is not target buildup,0.0,0.0,0.0,0.0,0.0,0.0,0.0,0.0,0.0,0.0,0.0,0.0,0.0,0,0
1279,651,War Cry,358,attack_param,301800984,6906,AccumuVal [14],0,direct,self_mechanic,,on_hit,,,1,effect targets the attacker/self and is not target buildup,0.0,0.0,0.0,0.0,0.0,0.0,0.0,0.0,0.0,0.0,0.0,0.0,0.0,0,0
1280,651,War Cry,359,attack_param,301800988,6906,AccumuVal [14],0,direct,self_mechanic,,on_hit,,,1,effect targets the attacker/self and is not target buildup,0.0,0.0,0.0,0.0,0.0,0.0,0.0,0.0,0.0,0.0,0.0,0.0,0.0,0,0
1281,651,War Cry,362,attack_param,301800987,6906,AccumuVal [14],0,direct,self_mechanic,,on_hit,,,1,effect targets the attacker/self and is not target buildup,0.0,0.0,0.0,0.0,0.0,0.0,0.0,0.0,0.0,0.0,0.0,0.0,0.0,0,0
1282,651,War Cry,363,attack_param,301800992,6906,AccumuVal [14],0,direct,self_mechanic,,on_hit,,,1,effect targets the attacker/self and is not target buildup,0.0,0.0,0.0,0.0,0.0,0.0,0.0,0.0,0.0,0.0,0.0,0.0,0.0,0,0
1283,651,War Cry,365,attack_param,301800991,6906,AccumuVal [14],0,direct,self_mechanic,,on_hit,,,1,effect targets the attacker/self and is not target buildup,0.0,0.0,0.0,0.0,0.0,0.0,0.0,0.0,0.0,0.0,0.0,0.0,0.0,0,0
1284,651,War Cry,366,attack_param,301900981,6906,AccumuVal [14],0,direct,self_mechanic,,on_hit,,,1,effect targets the attacker/self and is not target buildup,0.0,0.0,0.0,0.0,0.0,0.0,0.0,0.0,0.0,0.0,0.0,0.0,0.0,0,0
1285,651,War Cry,369,attack_param,301900980,6906,AccumuVal [14],0,direct,self_mechanic,,on_hit,,,1,effect targets the attacker/self and is not target buildup,0.0,0.0,0.0,0.0,0.0,0.0,0.0,0.0,0.0,0.0,0.0,0.0,0.0,0,0
1286,651,War Cry,370,attack_param,301900985,6906,AccumuVal [14],0,direct,self_mechanic,,on_hit,,,1,effect targets the attacker/self and is not target buildup,0.0,0.0,0.0,0.0,0.0,0.0,0.0,0.0,0.0,0.0,0.0,0.0,0.0,0,0
1287,651,War Cry,372,attack_param,301900984,6906,AccumuVal [14],0,direct,self_mechanic,,on_hit,,,1,effect targets the attacker/self and is not target buildup,0.0,0.0,0.0,0.0,0.0,0.0,0.0,0.0,0.0,0.0,0.0,0.0,0.0,0,0
1288,651,War Cry,373,attack_param,301900988,6906,AccumuVal [14],0,direct,self_mechanic,,on_hit,,,1,effect targets the attacker/self and is not target buildup,0.0,0.0,0.0,0.0,0.0,0.0,0.0,0.0,0.0,0.0,0.0,0.0,0.0,0,0
1289,651,War Cry,376,attack_param,301900987,6906,AccumuVal [14],0,direct,self_mechanic,,on_hit,,,1,effect targets the attacker/self and is not target buildup,0.0,0.0,0.0,0.0,0.0,0.0,0.0,0.0,0.0,0.0,0.0,0.0,0.0,0,0
1290,651,War Cry,377,attack_param,301900992,6906,AccumuVal [14],0,direct,self_mechanic,,on_hit,,,1,effect targets the attacker/self and is not target buildup,0.0,0.0,0.0,0.0,0.0,0.0,0.0,0.0,0.0,0.0,0.0,0.0,0.0,0,0
1291,651,War Cry,379,attack_param,301900991,6906,AccumuVal [14],0,direct,self_mechanic,,on_hit,,,1,effect targets the attacker/self and is not target buildup,0.0,0.0,0.0,0.0,0.0,0.0,0.0,0.0,0.0,0.0,0.0,0.0,0.0,0,0
1292,651,War Cry,380,attack_param,302100981,6906,AccumuVal [14],0,direct,self_mechanic,,on_hit,,,1,effect targets the attacker/self and is not target buildup,0.0,0.0,0.0,0.0,0.0,0.0,0.0,0.0,0.0,0.0,0.0,0.0,0.0,0,0
1293,651,War Cry,383,attack_param,302100980,6906,AccumuVal [14],0,direct,self_mechanic,,on_hit,,,1,effect targets the attacker/self and is not target buildup,0.0,0.0,0.0,0.0,0.0,0.0,0.0,0.0,0.0,0.0,0.0,0.0,0.0,0,0
1294,651,War Cry,384,attack_param,302100985,6906,AccumuVal [14],0,direct,self_mechanic,,on_hit,,,1,effect targets the attacker/self and is not target buildup,0.0,0.0,0.0,0.0,0.0,0.0,0.0,0.0,0.0,0.0,0.0,0.0,0.0,0,0
1295,651,War Cry,386,attack_param,302100984,6906,AccumuVal [14],0,direct,self_mechanic,,on_hit,,,1,effect targets the attacker/self and is not target buildup,0.0,0.0,0.0,0.0,0.0,0.0,0.0,0.0,0.0,0.0,0.0,0.0,0.0,0,0
1296,651,War Cry,387,attack_param,302100989,6906,AccumuVal [14],0,direct,self_mechanic,,on_hit,,,1,effect targets the attacker/self and is not target buildup,0.0,0.0,0.0,0.0,0.0,0.0,0.0,0.0,0.0,0.0,0.0,0.0,0.0,0,0
1297,651,War Cry,388,attack_param,302100990,6906,AccumuVal [14],0,direct,self_mechanic,,on_hit,,,1,effect targets the attacker/self and is not target buildup,0.0,0.0,0.0,0.0,0.0,0.0,0.0,0.0,0.0,0.0,0.0,0.0,0.0,0,0
1298,651,War Cry,391,attack_param,302100987,6906,AccumuVal [14],0,direct,self_mechanic,,on_hit,,,1,effect targets the attacker/self and is not target buildup,0.0,0.0,0.0,0.0,0.0,0.0,0.0,0.0,0.0,0.0,0.0,0.0,0.0,0,0
1299,651,War Cry,392,attack_param,302100988,6906,AccumuVal [14],0,direct,self_mechanic,,on_hit,,,1,effect targets the attacker/self and is not target buildup,0.0,0.0,0.0,0.0,0.0,0.0,0.0,0.0,0.0,0.0,0.0,0.0,0.0,0,0
1300,651,War Cry,393,attack_param,302100995,6906,AccumuVal [14],0,direct,self_mechanic,,on_hit,,,1,effect targets the attacker/self and is not target buildup,0.0,0.0,0.0,0.0,0.0,0.0,0.0,0.0,0.0,0.0,0.0,0.0,0.0,0,0
1301,651,War Cry,394,attack_param,302100996,6906,AccumuVal [14],0,direct,self_mechanic,,on_hit,,,1,effect targets the attacker/self and is not target buildup,0.0,0.0,0.0,0.0,0.0,0.0,0.0,0.0,0.0,0.0,0.0,0.0,0.0,0,0
1302,651,War Cry,396,attack_param,302100993,6906,AccumuVal [14],0,direct,self_mechanic,,on_hit,,,1,effect targets the attacker/self and is not target buildup,0.0,0.0,0.0,0.0,0.0,0.0,0.0,0.0,0.0,0.0,0.0,0.0,0.0,0,0
1303,651,War Cry,397,attack_param,302100994,6906,AccumuVal [14],0,direct,self_mechanic,,on_hit,,,1,effect targets the attacker/self and is not target buildup,0.0,0.0,0.0,0.0,0.0,0.0,0.0,0.0,0.0,0.0,0.0,0.0,0.0,0,0
1304,651,War Cry,398,attack_param,306300981,6906,AccumuVal [14],0,direct,self_mechanic,,on_hit,,,1,effect targets the attacker/self and is not target buildup,0.0,0.0,0.0,0.0,0.0,0.0,0.0,0.0,0.0,0.0,0.0,0.0,0.0,0,0
1305,651,War Cry,401,attack_param,306300980,6906,AccumuVal [14],0,direct,self_mechanic,,on_hit,,,1,effect targets the attacker/self and is not target buildup,0.0,0.0,0.0,0.0,0.0,0.0,0.0,0.0,0.0,0.0,0.0,0.0,0.0,0,0
1306,651,War Cry,402,attack_param,306300985,6906,AccumuVal [14],0,direct,self_mechanic,,on_hit,,,1,effect targets the attacker/self and is not target buildup,0.0,0.0,0.0,0.0,0.0,0.0,0.0,0.0,0.0,0.0,0.0,0.0,0.0,0,0
1307,651,War Cry,404,attack_param,306300984,6906,AccumuVal [14],0,direct,self_mechanic,,on_hit,,,1,effect targets the attacker/self and is not target buildup,0.0,0.0,0.0,0.0,0.0,0.0,0.0,0.0,0.0,0.0,0.0,0.0,0.0,0,0
1308,651,War Cry,405,attack_param,306300989,6906,AccumuVal [14],0,direct,self_mechanic,,on_hit,,,1,effect targets the attacker/self and is not target buildup,0.0,0.0,0.0,0.0,0.0,0.0,0.0,0.0,0.0,0.0,0.0,0.0,0.0,0,0
1309,651,War Cry,406,attack_param,306300990,6906,AccumuVal [14],0,direct,self_mechanic,,on_hit,,,1,effect targets the attacker/self and is not target buildup,0.0,0.0,0.0,0.0,0.0,0.0,0.0,0.0,0.0,0.0,0.0,0.0,0.0,0,0
1310,651,War Cry,409,attack_param,306300987,6906,AccumuVal [14],0,direct,self_mechanic,,on_hit,,,1,effect targets the attacker/self and is not target buildup,0.0,0.0,0.0,0.0,0.0,0.0,0.0,0.0,0.0,0.0,0.0,0.0,0.0,0,0
1311,651,War Cry,410,attack_param,306300988,6906,AccumuVal [14],0,direct,self_mechanic,,on_hit,,,1,effect targets the attacker/self and is not target buildup,0.0,0.0,0.0,0.0,0.0,0.0,0.0,0.0,0.0,0.0,0.0,0.0,0.0,0,0
1312,651,War Cry,411,attack_param,306300995,6906,AccumuVal [14],0,direct,self_mechanic,,on_hit,,,1,effect targets the attacker/self and is not target buildup,0.0,0.0,0.0,0.0,0.0,0.0,0.0,0.0,0.0,0.0,0.0,0.0,0.0,0,0
1313,651,War Cry,412,attack_param,306300996,6906,AccumuVal [14],0,direct,self_mechanic,,on_hit,,,1,effect targets the attacker/self and is not target buildup,0.0,0.0,0.0,0.0,0.0,0.0,0.0,0.0,0.0,0.0,0.0,0.0,0.0,0,0
1314,651,War Cry,414,attack_param,306300993,6906,AccumuVal [14],0,direct,self_mechanic,,on_hit,,,1,effect targets the attacker/self and is not target buildup,0.0,0.0,0.0,0.0,0.0,0.0,0.0,0.0,0.0,0.0,0.0,0.0,0.0,0,0
1315,651,War Cry,415,attack_param,306300994,6906,AccumuVal [14],0,direct,self_mechanic,,on_hit,,,1,effect targets the attacker/self and is not target buildup,0.0,0.0,0.0,0.0,0.0,0.0,0.0,0.0,0.0,0.0,0.0,0.0,0.0,0,0
1316,651,War Cry,416,attack_param,302200981,6906,AccumuVal [14],0,direct,self_mechanic,,on_hit,,,1,effect targets the attacker/self and is not target buildup,0.0,0.0,0.0,0.0,0.0,0.0,0.0,0.0,0.0,0.0,0.0,0.0,0.0,0,0
1317,651,War Cry,419,attack_param,302200980,6906,AccumuVal [14],0,direct,self_mechanic,,on_hit,,,1,effect targets the attacker/self and is not target buildup,0.0,0.0,0.0,0.0,0.0,0.0,0.0,0.0,0.0,0.0,0.0,0.0,0.0,0,0
1318,651,War Cry,420,attack_param,302200985,6906,AccumuVal [14],0,direct,self_mechanic,,on_hit,,,1,effect targets the attacker/self and is not target buildup,0.0,0.0,0.0,0.0,0.0,0.0,0.0,0.0,0.0,0.0,0.0,0.0,0.0,0,0
1319,651,War Cry,422,attack_param,302200984,6906,AccumuVal [14],0,direct,self_mechanic,,on_hit,,,1,effect targets the attacker/self and is not target buildup,0.0,0.0,0.0,0.0,0.0,0.0,0.0,0.0,0.0,0.0,0.0,0.0,0.0,0,0
1320,651,War Cry,423,attack_param,302200989,6906,AccumuVal [14],0,direct,self_mechanic,,on_hit,,,1,effect targets the attacker/self and is not target buildup,0.0,0.0,0.0,0.0,0.0,0.0,0.0,0.0,0.0,0.0,0.0,0.0,0.0,0,0
1321,651,War Cry,424,attack_param,302200990,6906,AccumuVal [14],0,direct,self_mechanic,,on_hit,,,1,effect targets the attacker/self and is not target buildup,0.0,0.0,0.0,0.0,0.0,0.0,0.0,0.0,0.0,0.0,0.0,0.0,0.0,0,0
1322,651,War Cry,427,attack_param,302200987,6906,AccumuVal [14],0,direct,self_mechanic,,on_hit,,,1,effect targets the attacker/self and is not target buildup,0.0,0.0,0.0,0.0,0.0,0.0,0.0,0.0,0.0,0.0,0.0,0.0,0.0,0,0
1323,651,War Cry,428,attack_param,302200988,6906,AccumuVal [14],0,direct,self_mechanic,,on_hit,,,1,effect targets the attacker/self and is not target buildup,0.0,0.0,0.0,0.0,0.0,0.0,0.0,0.0,0.0,0.0,0.0,0.0,0.0,0,0
1324,651,War Cry,429,attack_param,302200995,6906,AccumuVal [14],0,direct,self_mechanic,,on_hit,,,1,effect targets the attacker/self and is not target buildup,0.0,0.0,0.0,0.0,0.0,0.0,0.0,0.0,0.0,0.0,0.0,0.0,0.0,0,0
1325,651,War Cry,430,attack_param,302200996,6906,AccumuVal [14],0,direct,self_mechanic,,on_hit,,,1,effect targets the attacker/self and is not target buildup,0.0,0.0,0.0,0.0,0.0,0.0,0.0,0.0,0.0,0.0,0.0,0.0,0.0,0,0
1326,651,War Cry,432,attack_param,302200993,6906,AccumuVal [14],0,direct,self_mechanic,,on_hit,,,1,effect targets the attacker/self and is not target buildup,0.0,0.0,0.0,0.0,0.0,0.0,0.0,0.0,0.0,0.0,0.0,0.0,0.0,0,0
1327,651,War Cry,433,attack_param,302200994,6906,AccumuVal [14],0,direct,self_mechanic,,on_hit,,,1,effect targets the attacker/self and is not target buildup,0.0,0.0,0.0,0.0,0.0,0.0,0.0,0.0,0.0,0.0,0.0,0.0,0.0,0,0
1328,651,War Cry,434,attack_param,306800981,6906,AccumuVal [14],0,direct,self_mechanic,,on_hit,,,1,effect targets the attacker/self and is not target buildup,0.0,0.0,0.0,0.0,0.0,0.0,0.0,0.0,0.0,0.0,0.0,0.0,0.0,0,0
1329,651,War Cry,437,attack_param,306800980,6906,AccumuVal [14],0,direct,self_mechanic,,on_hit,,,1,effect targets the attacker/self and is not target buildup,0.0,0.0,0.0,0.0,0.0,0.0,0.0,0.0,0.0,0.0,0.0,0.0,0.0,0,0
1330,651,War Cry,438,attack_param,306800985,6906,AccumuVal [14],0,direct,self_mechanic,,on_hit,,,1,effect targets the attacker/self and is not target buildup,0.0,0.0,0.0,0.0,0.0,0.0,0.0,0.0,0.0,0.0,0.0,0.0,0.0,0,0
1331,651,War Cry,440,attack_param,306800984,6906,AccumuVal [14],0,direct,self_mechanic,,on_hit,,,1,effect targets the attacker/self and is not target buildup,0.0,0.0,0.0,0.0,0.0,0.0,0.0,0.0,0.0,0.0,0.0,0.0,0.0,0,0
1332,651,War Cry,441,attack_param,306800989,6906,AccumuVal [14],0,direct,self_mechanic,,on_hit,,,1,effect targets the attacker/self and is not target buildup,0.0,0.0,0.0,0.0,0.0,0.0,0.0,0.0,0.0,0.0,0.0,0.0,0.0,0,0
1333,651,War Cry,442,attack_param,306800990,6906,AccumuVal [14],0,direct,self_mechanic,,on_hit,,,1,effect targets the attacker/self and is not target buildup,0.0,0.0,0.0,0.0,0.0,0.0,0.0,0.0,0.0,0.0,0.0,0.0,0.0,0,0
1334,651,War Cry,445,attack_param,306800987,6906,AccumuVal [14],0,direct,self_mechanic,,on_hit,,,1,effect targets the attacker/self and is not target buildup,0.0,0.0,0.0,0.0,0.0,0.0,0.0,0.0,0.0,0.0,0.0,0.0,0.0,0,0
1335,651,War Cry,446,attack_param,306800988,6906,AccumuVal [14],0,direct,self_mechanic,,on_hit,,,1,effect targets the attacker/self and is not target buildup,0.0,0.0,0.0,0.0,0.0,0.0,0.0,0.0,0.0,0.0,0.0,0.0,0.0,0,0
1336,651,War Cry,447,attack_param,306800995,6906,AccumuVal [14],0,direct,self_mechanic,,on_hit,,,1,effect targets the attacker/self and is not target buildup,0.0,0.0,0.0,0.0,0.0,0.0,0.0,0.0,0.0,0.0,0.0,0.0,0.0,0,0
1337,651,War Cry,448,attack_param,306800996,6906,AccumuVal [14],0,direct,self_mechanic,,on_hit,,,1,effect targets the attacker/self and is not target buildup,0.0,0.0,0.0,0.0,0.0,0.0,0.0,0.0,0.0,0.0,0.0,0.0,0.0,0,0
1338,651,War Cry,450,attack_param,306800993,6906,AccumuVal [14],0,direct,self_mechanic,,on_hit,,,1,effect targets the attacker/self and is not target buildup,0.0,0.0,0.0,0.0,0.0,0.0,0.0,0.0,0.0,0.0,0.0,0.0,0.0,0,0
1339,651,War Cry,451,attack_param,306800994,6906,AccumuVal [14],0,direct,self_mechanic,,on_hit,,,1,effect targets the attacker/self and is not target buildup,0.0,0.0,0.0,0.0,0.0,0.0,0.0,0.0,0.0,0.0,0.0,0.0,0.0,0,0
1340,652,Beast's Roar,1108,attack_param,300000840,6904,AccumuVal [10],0,direct,self_mechanic,,on_hit,,,1,effect targets the attacker/self and is not target buildup,0.0,0.0,0.0,0.0,0.0,0.0,0.0,0.0,0.0,0.0,0.0,0.0,0.0,0,0
1341,652,Beast's Roar,1109,attack_param,30000841,6904,AccumuVal [10],0,direct,self_mechanic,,on_hit,,,1,effect targets the attacker/self and is not target buildup,0.0,0.0,0.0,0.0,0.0,0.0,0.0,0.0,0.0,0.0,0.0,0.0,0.0,0,0
1342,652,Beast's Roar,1110,attack_param,30000842,6904,AccumuVal [10],0,direct,self_mechanic,,on_hit,,,1,effect targets the attacker/self and is not target buildup,0.0,0.0,0.0,0.0,0.0,0.0,0.0,0.0,0.0,0.0,0.0,0.0,0.0,0,0
1343,652,Beast's Roar,1111,attack_param,300000845,6904,AccumuVal [10],0,direct,self_mechanic,,on_hit,,,1,effect targets the attacker/self and is not target buildup,0.0,0.0,0.0,0.0,0.0,0.0,0.0,0.0,0.0,0.0,0.0,0.0,0.0,0,0
1344,653,Troll's Roar,872,attack_param,300000850,6904,AccumuVal [10],0,direct,self_mechanic,,on_hit,,,1,effect targets the attacker/self and is not target buildup,0.0,0.0,0.0,0.0,0.0,0.0,0.0,0.0,0.0,0.0,0.0,0.0,0.0,0,0
1345,653,Troll's Roar,873,attack_param,300000854,6904,AccumuVal [10],0,direct,self_mechanic,,on_hit,,,1,effect targets the attacker/self and is not target buildup,0.0,0.0,0.0,0.0,0.0,0.0,0.0,0.0,0.0,0.0,0.0,0.0,0.0,0,0
1346,653,Troll's Roar,874,attack_param,300000852,6906,AccumuVal [14],0,direct,self_mechanic,,on_hit,,,1,effect targets the attacker/self and is not target buildup,0.0,0.0,0.0,0.0,0.0,0.0,0.0,0.0,0.0,0.0,0.0,0.0,0.0,0,0
1347,653,Troll's Roar,875,attack_param,300000851,6904,AccumuVal [10],0,direct,self_mechanic,,on_hit,,,1,effect targets the attacker/self and is not target buildup,0.0,0.0,0.0,0.0,0.0,0.0,0.0,0.0,0.0,0.0,0.0,0.0,0.0,0,0
1348,653,Troll's Roar,876,attack_param,300000853,6906,AccumuVal [14],0,direct,self_mechanic,,on_hit,,,1,effect targets the attacker/self and is not target buildup,0.0,0.0,0.0,0.0,0.0,0.0,0.0,0.0,0.0,0.0,0.0,0.0,0.0,0,0
1349,653,Troll's Roar,877,attack_param,300000855,6906,AccumuVal [14],0,direct,self_mechanic,,on_hit,,,1,effect targets the attacker/self and is not target buildup,0.0,0.0,0.0,0.0,0.0,0.0,0.0,0.0,0.0,0.0,0.0,0.0,0.0,0,0
1350,653,Troll's Roar,878,attack_param,300000857,6906,AccumuVal [14],0,direct,self_mechanic,,on_hit,,,1,effect targets the attacker/self and is not target buildup,0.0,0.0,0.0,0.0,0.0,0.0,0.0,0.0,0.0,0.0,0.0,0.0,0.0,0,0
1351,653,Troll's Roar,879,attack_param,300000856,6906,AccumuVal [14],0,direct,self_mechanic,,on_hit,,,1,effect targets the attacker/self and is not target buildup,0.0,0.0,0.0,0.0,0.0,0.0,0.0,0.0,0.0,0.0,0.0,0.0,0.0,0,0
1352,654,Braggart's Roar,870,attack_param,300000130,6904,AccumuVal [10],0,direct,self_mechanic,,on_hit,,,1,effect targets the attacker/self and is not target buildup,0.0,0.0,0.0,0.0,0.0,0.0,0.0,0.0,0.0,0.0,0.0,0.0,0.0,0,0
1353,1000,Surge of Faith,2292,attack_param,301217900,6904,AccumuVal [10],0,direct,self_mechanic,,on_hit,,,1,effect targets the attacker/self and is not target buildup,0.0,0.0,0.0,0.0,0.0,0.0,0.0,0.0,0.0,0.0,0.0,0.0,0.0,0,0
1354,1000,Surge of Faith,2293,attack_param,301217901,6904,AccumuVal [10],0,direct,self_mechanic,,on_hit,,,1,effect targets the attacker/self and is not target buildup,0.0,0.0,0.0,0.0,0.0,0.0,0.0,0.0,0.0,0.0,0.0,0.0,0.0,0,0
1355,1000,Surge of Faith,2294,attack_param,301217902,6904,AccumuVal [10],0,direct,self_mechanic,,on_hit,,,1,effect targets the attacker/self and is not target buildup,0.0,0.0,0.0,0.0,0.0,0.0,0.0,0.0,0.0,0.0,0.0,0.0,0.0,0,0
1356,1000,Surge of Faith,2295,attack_param,301217905,6904,AccumuVal [10],0,direct,self_mechanic,,on_hit,,,1,effect targets the attacker/self and is not target buildup,0.0,0.0,0.0,0.0,0.0,0.0,0.0,0.0,0.0,0.0,0.0,0.0,0.0,0,0
1357,1000,Surge of Faith,2296,attack_param,301217910,6904,AccumuVal [10],0,direct,self_mechanic,,on_hit,,,1,effect targets the attacker/self and is not target buildup,0.0,0.0,0.0,0.0,0.0,0.0,0.0,0.0,0.0,0.0,0.0,0.0,0.0,0,0
1358,1000,Surge of Faith,2297,attack_param,301217911,6904,AccumuVal [10],0,direct,self_mechanic,,on_hit,,,1,effect targets the attacker/self and is not target buildup,0.0,0.0,0.0,0.0,0.0,0.0,0.0,0.0,0.0,0.0,0.0,0.0,0.0,0,0
1359,1000,Surge of Faith,2298,attack_param,301217912,6904,AccumuVal [10],0,direct,self_mechanic,,on_hit,,,1,effect targets the attacker/self and is not target buildup,0.0,0.0,0.0,0.0,0.0,0.0,0.0,0.0,0.0,0.0,0.0,0.0,0.0,0,0
1360,1000,Surge of Faith,2299,attack_param,301217913,6904,AccumuVal [10],0,direct,self_mechanic,,on_hit,,,1,effect targets the attacker/self and is not target buildup,0.0,0.0,0.0,0.0,0.0,0.0,0.0,0.0,0.0,0.0,0.0,0.0,0.0,0,0
1361,1000,Surge of Faith,2300,attack_param,301217914,6904,AccumuVal [10],0,direct,self_mechanic,,on_hit,,,1,effect targets the attacker/self and is not target buildup,0.0,0.0,0.0,0.0,0.0,0.0,0.0,0.0,0.0,0.0,0.0,0.0,0.0,0,0
1362,1000,Surge of Faith,2301,attack_param,301217920,6904,AccumuVal [10],0,direct,self_mechanic,,on_hit,,,1,effect targets the attacker/self and is not target buildup,0.0,0.0,0.0,0.0,0.0,0.0,0.0,0.0,0.0,0.0,0.0,0.0,0.0,0,0
1363,1000,Surge of Faith,2302,attack_param,301217921,6904,AccumuVal [10],0,direct,self_mechanic,,on_hit,,,1,effect targets the attacker/self and is not target buildup,0.0,0.0,0.0,0.0,0.0,0.0,0.0,0.0,0.0,0.0,0.0,0.0,0.0,0,0
1364,1000,Surge of Faith,2303,attack_param,301217922,6904,AccumuVal [10],0,direct,self_mechanic,,on_hit,,,1,effect targets the attacker/self and is not target buildup,0.0,0.0,0.0,0.0,0.0,0.0,0.0,0.0,0.0,0.0,0.0,0.0,0.0,0,0
1365,1000,Surge of Faith,2304,attack_param,301217925,6904,AccumuVal [10],0,direct,self_mechanic,,on_hit,,,1,effect targets the attacker/self and is not target buildup,0.0,0.0,0.0,0.0,0.0,0.0,0.0,0.0,0.0,0.0,0.0,0.0,0.0,0,0
1366,1000,Surge of Faith,2305,attack_param,301217930,6904,AccumuVal [10],0,direct,self_mechanic,,on_hit,,,1,effect targets the attacker/self and is not target buildup,0.0,0.0,0.0,0.0,0.0,0.0,0.0,0.0,0.0,0.0,0.0,0.0,0.0,0,0
1367,1001,Flame Spit,2629,attack_param,303215900,6903,AccumuVal [8],0,direct,self_mechanic,,on_hit,,,1,effect targets the attacker/self and is not target buildup,0.0,0.0,0.0,0.0,0.0,0.0,0.0,0.0,0.0,0.0,0.0,0.0,0.0,0,0
1368,1001,Flame Spit,2630,attack_param,303215901,6903,AccumuVal [8],0,direct,self_mechanic,,on_hit,,,1,effect targets the attacker/self and is not target buildup,0.0,0.0,0.0,0.0,0.0,0.0,0.0,0.0,0.0,0.0,0.0,0.0,0.0,0,0
1369,1002,Tongues of Fire,2628,attack_param,303216900,6903,AccumuVal [8],0,direct,self_mechanic,,on_hit,,,1,effect targets the attacker/self and is not target buildup,0.0,0.0,0.0,0.0,0.0,0.0,0.0,0.0,0.0,0.0,0.0,0.0,0.0,0,0
1370,1003,Oracular Bubble,2246,attack_param,301110900,6903,AccumuVal [8],0,direct,self_mechanic,,on_hit,,,1,effect targets the attacker/self and is not target buildup,0.0,0.0,0.0,0.0,0.0,0.0,0.0,0.0,0.0,0.0,0.0,0.0,0.0,0,0
1371,1003,Oracular Bubble,2247,attack_param,301110901,6903,AccumuVal [8],0,direct,self_mechanic,,on_hit,,,1,effect targets the attacker/self and is not target buildup,0.0,0.0,0.0,0.0,0.0,0.0,0.0,0.0,0.0,0.0,0.0,0.0,0.0,0,0
1372,1004,Bubble Shower,2289,attack_param,301216900,6903,AccumuVal [8],0,direct,self_mechanic,,on_hit,,,1,effect targets the attacker/self and is not target buildup,0.0,0.0,0.0,0.0,0.0,0.0,0.0,0.0,0.0,0.0,0.0,0.0,0.0,0,0
1373,1004,Bubble Shower,2290,attack_param,301216901,6903,AccumuVal [8],0,direct,self_mechanic,,on_hit,,,1,effect targets the attacker/self and is not target buildup,0.0,0.0,0.0,0.0,0.0,0.0,0.0,0.0,0.0,0.0,0.0,0.0,0.0,0,0
1374,1004,Bubble Shower,2291,attack_param,301216902,6903,AccumuVal [8],0,direct,self_mechanic,,on_hit,,,1,effect targets the attacker/self and is not target buildup,0.0,0.0,0.0,0.0,0.0,0.0,0.0,0.0,0.0,0.0,0.0,0.0,0.0,0,0
1375,1005,Great Oracular Bubble,2319,attack_param,302306900,6903,AccumuVal [8],0,direct,self_mechanic,,on_hit,,,1,effect targets the attacker/self and is not target buildup,0.0,0.0,0.0,0.0,0.0,0.0,0.0,0.0,0.0,0.0,0.0,0.0,0.0,0,0
1376,1005,Great Oracular Bubble,2320,attack_param,302306901,6903,AccumuVal [8],0,direct,self_mechanic,,on_hit,,,1,effect targets the attacker/self and is not target buildup,0.0,0.0,0.0,0.0,0.0,0.0,0.0,0.0,0.0,0.0,0.0,0.0,0.0,0,0
1377,1006,Sea of Magma,2519,attack_param,302003900,6903,AccumuVal [8],0,direct,self_mechanic,,on_hit,,,1,effect targets the attacker/self and is not target buildup,0.0,0.0,0.0,0.0,0.0,0.0,0.0,0.0,0.0,0.0,0.0,0.0,0.0,0,0
1378,1006,Sea of Magma,2520,attack_param,302003901,6903,AccumuVal [8],0,direct,self_mechanic,,on_hit,,,1,effect targets the attacker/self and is not target buildup,0.0,0.0,0.0,0.0,0.0,0.0,0.0,0.0,0.0,0.0,0.0,0.0,0.0,0,0
1379,1006,Sea of Magma,2521,attack_param,302003902,6903,AccumuVal [8],0,direct,self_mechanic,,on_hit,,,1,effect targets the attacker/self and is not target buildup,0.0,0.0,0.0,0.0,0.0,0.0,0.0,0.0,0.0,0.0,0.0,0.0,0.0,0,0
1380,1006,Sea of Magma,2522,attack_param,302003903,6903,AccumuVal [8],0,direct,self_mechanic,,on_hit,,,1,effect targets the attacker/self and is not target buildup,0.0,0.0,0.0,0.0,0.0,0.0,0.0,0.0,0.0,0.0,0.0,0.0,0.0,0,0
1381,1006,Sea of Magma,2523,attack_param,302003904,6903,AccumuVal [8],0,direct,self_mechanic,,on_hit,,,1,effect targets the attacker/self and is not target buildup,0.0,0.0,0.0,0.0,0.0,0.0,0.0,0.0,0.0,0.0,0.0,0.0,0.0,0,0
1382,1006,Sea of Magma,2524,attack_param,302003905,6903,AccumuVal [8],0,direct,self_mechanic,,on_hit,,,1,effect targets the attacker/self and is not target buildup,0.0,0.0,0.0,0.0,0.0,0.0,0.0,0.0,0.0,0.0,0.0,0.0,0.0,0,0
1383,1006,Sea of Magma,2525,attack_param,302003906,6903,AccumuVal [8],0,direct,self_mechanic,,on_hit,,,1,effect targets the attacker/self and is not target buildup,0.0,0.0,0.0,0.0,0.0,0.0,0.0,0.0,0.0,0.0,0.0,0.0,0.0,0,0
1384,1006,Sea of Magma,2526,attack_param,302003910,6903,AccumuVal [8],0,direct,self_mechanic,,on_hit,,,1,effect targets the attacker/self and is not target buildup,0.0,0.0,0.0,0.0,0.0,0.0,0.0,0.0,0.0,0.0,0.0,0.0,0.0,0,0
1385,1006,Sea of Magma,2527,attack_param,302003911,6903,AccumuVal [8],0,direct,self_mechanic,,on_hit,,,1,effect targets the attacker/self and is not target buildup,0.0,0.0,0.0,0.0,0.0,0.0,0.0,0.0,0.0,0.0,0.0,0.0,0.0,0,0
1386,1006,Sea of Magma,2528,attack_param,302003912,6903,AccumuVal [8],0,direct,self_mechanic,,on_hit,,,1,effect targets the attacker/self and is not target buildup,0.0,0.0,0.0,0.0,0.0,0.0,0.0,0.0,0.0,0.0,0.0,0.0,0.0,0,0
1387,1006,Sea of Magma,2529,attack_param,302003913,6903,AccumuVal [8],0,direct,self_mechanic,,on_hit,,,1,effect targets the attacker/self and is not target buildup,0.0,0.0,0.0,0.0,0.0,0.0,0.0,0.0,0.0,0.0,0.0,0.0,0.0,0,0
1388,1006,Sea of Magma,2530,attack_param,302003914,6903,AccumuVal [8],0,direct,self_mechanic,,on_hit,,,1,effect targets the attacker/self and is not target buildup,0.0,0.0,0.0,0.0,0.0,0.0,0.0,0.0,0.0,0.0,0.0,0.0,0.0,0,0
1389,1007,Viper Bite,2609,attack_param,303020900,1785,[AoW] Coil Shield: Viper Bite - Poison,0,direct,per_hit_status,,on_hit,,,1,target status payload is attached to this hit by numeric ID,30.0,0.0,0.0,0.0,0.0,0.0,0.0,0.0,250.0,0.0,0.0,0.0,0.0,0,0
1390,1007,Viper Bite,2609,attack_param,303020900,6904,AccumuVal [10],0,direct,self_mechanic,,on_hit,,,1,effect targets the attacker/self and is not target buildup,0.0,0.0,0.0,0.0,0.0,0.0,0.0,0.0,0.0,0.0,0.0,0.0,0.0,0,0
1391,1007,Viper Bite,2610,attack_param,303020901,6904,AccumuVal [10],0,direct,self_mechanic,,on_hit,,,1,effect targets the attacker/self and is not target buildup,0.0,0.0,0.0,0.0,0.0,0.0,0.0,0.0,0.0,0.0,0.0,0.0,0.0,0,0
1392,1008,Moonlight Greatsword,1757,attack_param,301003,1665,,0,direct,self_mechanic,,on_hit,,,1,effect targets the attacker/self and is not target buildup,0.0,0.0,0.0,0.0,0.0,0.0,0.0,0.0,0.0,0.0,0.0,0.0,0.0,0,0
1393,1008,Moonlight Greatsword,1757,attack_param,301003,6904,AccumuVal [10],0,direct,self_mechanic,,on_hit,,,1,effect targets the attacker/self and is not target buildup,0.0,0.0,0.0,0.0,0.0,0.0,0.0,0.0,0.0,0.0,0.0,0.0,0.0,0,0
1394,1008,Moonlight Greatsword,1758,attack_param,301004,1665,,0,direct,self_mechanic,,on_hit,,,1,effect targets the attacker/self and is not target buildup,0.0,0.0,0.0,0.0,0.0,0.0,0.0,0.0,0.0,0.0,0.0,0.0,0.0,0,0
1395,1008,Moonlight Greatsword,1758,attack_param,301004,6906,AccumuVal [14],0,direct,self_mechanic,,on_hit,,,1,effect targets the attacker/self and is not target buildup,0.0,0.0,0.0,0.0,0.0,0.0,0.0,0.0,0.0,0.0,0.0,0.0,0.0,0,0
1396,1008,Moonlight Greatsword,1759,attack_param,301005,1665,,0,direct,self_mechanic,,on_hit,,,1,effect targets the attacker/self and is not target buildup,0.0,0.0,0.0,0.0,0.0,0.0,0.0,0.0,0.0,0.0,0.0,0.0,0.0,0,0
1397,1008,Moonlight Greatsword,1759,attack_param,301005,6904,AccumuVal [10],0,direct,self_mechanic,,on_hit,,,1,effect targets the attacker/self and is not target buildup,0.0,0.0,0.0,0.0,0.0,0.0,0.0,0.0,0.0,0.0,0.0,0.0,0.0,0,0
1398,1008,Moonlight Greatsword,1760,attack_param,301006,1665,,0,direct,self_mechanic,,on_hit,,,1,effect targets the attacker/self and is not target buildup,0.0,0.0,0.0,0.0,0.0,0.0,0.0,0.0,0.0,0.0,0.0,0.0,0.0,0,0
1399,1008,Moonlight Greatsword,1760,attack_param,301006,6906,AccumuVal [14],0,direct,self_mechanic,,on_hit,,,1,effect targets the attacker/self and is not target buildup,0.0,0.0,0.0,0.0,0.0,0.0,0.0,0.0,0.0,0.0,0.0,0.0,0.0,0,0
1400,1008,Moonlight Greatsword,1761,attack_param,301007,1665,,0,direct,self_mechanic,,on_hit,,,1,effect targets the attacker/self and is not target buildup,0.0,0.0,0.0,0.0,0.0,0.0,0.0,0.0,0.0,0.0,0.0,0.0,0.0,0,0
1401,1008,Moonlight Greatsword,1761,attack_param,301007,1667,,0,direct,self_mechanic,,on_hit,,,1,effect targets the attacker/self and is not target buildup,0.0,0.0,0.0,0.0,0.0,0.0,0.0,0.0,0.0,0.0,0.0,0.0,0.0,0,0
1402,1008,Moonlight Greatsword,1761,attack_param,301007,6904,AccumuVal [10],0,direct,self_mechanic,,on_hit,,,1,effect targets the attacker/self and is not target buildup,0.0,0.0,0.0,0.0,0.0,0.0,0.0,0.0,0.0,0.0,0.0,0.0,0.0,0,0
1403,1008,Moonlight Greatsword,1762,attack_param,301008,1665,,0,direct,self_mechanic,,on_hit,,,1,effect targets the attacker/self and is not target buildup,0.0,0.0,0.0,0.0,0.0,0.0,0.0,0.0,0.0,0.0,0.0,0.0,0.0,0,0
1404,1008,Moonlight Greatsword,1762,attack_param,301008,1667,,0,direct,self_mechanic,,on_hit,,,1,effect targets the attacker/self and is not target buildup,0.0,0.0,0.0,0.0,0.0,0.0,0.0,0.0,0.0,0.0,0.0,0.0,0.0,0,0
1405,1008,Moonlight Greatsword,1762,attack_param,301008,6906,AccumuVal [14],0,direct,self_mechanic,,on_hit,,,1,effect targets the attacker/self and is not target buildup,0.0,0.0,0.0,0.0,0.0,0.0,0.0,0.0,0.0,0.0,0.0,0.0,0.0,0,0
1406,1008,Moonlight Greatsword,1763,attack_param,301009,1665,,0,direct,self_mechanic,,on_hit,,,1,effect targets the attacker/self and is not target buildup,0.0,0.0,0.0,0.0,0.0,0.0,0.0,0.0,0.0,0.0,0.0,0.0,0.0,0,0
1407,1008,Moonlight Greatsword,1763,attack_param,301009,1667,,0,direct,self_mechanic,,on_hit,,,1,effect targets the attacker/self and is not target buildup,0.0,0.0,0.0,0.0,0.0,0.0,0.0,0.0,0.0,0.0,0.0,0.0,0.0,0,0
1408,1008,Moonlight Greatsword,1763,attack_param,301009,6904,AccumuVal [10],0,direct,self_mechanic,,on_hit,,,1,effect targets the attacker/self and is not target buildup,0.0,0.0,0.0,0.0,0.0,0.0,0.0,0.0,0.0,0.0,0.0,0.0,0.0,0,0
1409,1008,Moonlight Greatsword,1764,attack_param,301010,1665,,0,direct,self_mechanic,,on_hit,,,1,effect targets the attacker/self and is not target buildup,0.0,0.0,0.0,0.0,0.0,0.0,0.0,0.0,0.0,0.0,0.0,0.0,0.0,0,0
1410,1008,Moonlight Greatsword,1764,attack_param,301010,1667,,0,direct,self_mechanic,,on_hit,,,1,effect targets the attacker/self and is not target buildup,0.0,0.0,0.0,0.0,0.0,0.0,0.0,0.0,0.0,0.0,0.0,0.0,0.0,0,0
1411,1008,Moonlight Greatsword,1764,attack_param,301010,6906,AccumuVal [14],0,direct,self_mechanic,,on_hit,,,1,effect targets the attacker/self and is not target buildup,0.0,0.0,0.0,0.0,0.0,0.0,0.0,0.0,0.0,0.0,0.0,0.0,0.0,0,0
1412,1009,Siluria's Woe,2412,attack_param,301702915,6903,AccumuVal [8],0,direct,self_mechanic,,on_hit,,,1,effect targets the attacker/self and is not target buildup,0.0,0.0,0.0,0.0,0.0,0.0,0.0,0.0,0.0,0.0,0.0,0.0,0.0,0,0
1413,1009,Siluria's Woe,2413,attack_param,301702920,6903,AccumuVal [8],0,direct,self_mechanic,,on_hit,,,1,effect targets the attacker/self and is not target buildup,0.0,0.0,0.0,0.0,0.0,0.0,0.0,0.0,0.0,0.0,0.0,0.0,0.0,0,0
1414,1009,Siluria's Woe,2414,attack_param,301702900,6903,AccumuVal [8],0,direct,self_mechanic,,on_hit,,,1,effect targets the attacker/self and is not target buildup,0.0,0.0,0.0,0.0,0.0,0.0,0.0,0.0,0.0,0.0,0.0,0.0,0.0,0,0
1415,1009,Siluria's Woe,2415,attack_param,301702905,6903,AccumuVal [8],0,direct,self_mechanic,,on_hit,,,1,effect targets the attacker/self and is not target buildup,0.0,0.0,0.0,0.0,0.0,0.0,0.0,0.0,0.0,0.0,0.0,0.0,0.0,0,0
1416,1009,Siluria's Woe,2416,attack_param,301702910,6903,AccumuVal [8],0,direct,self_mechanic,,on_hit,,,1,effect targets the attacker/self and is not target buildup,0.0,0.0,0.0,0.0,0.0,0.0,0.0,0.0,0.0,0.0,0.0,0.0,0.0,0,0
1417,1009,Siluria's Woe,2417,attack_param,301702925,6903,AccumuVal [8],0,direct,self_mechanic,,on_hit,,,1,effect targets the attacker/self and is not target buildup,0.0,0.0,0.0,0.0,0.0,0.0,0.0,0.0,0.0,0.0,0.0,0.0,0.0,0,0
1418,1009,Siluria's Woe,2418,attack_param,301702930,6903,AccumuVal [8],0,direct,self_mechanic,,on_hit,,,1,effect targets the attacker/self and is not target buildup,0.0,0.0,0.0,0.0,0.0,0.0,0.0,0.0,0.0,0.0,0.0,0.0,0.0,0,0
1419,1010,Rallying Standard,2475,bullet_target,2710,1768,[AoW] Commander's Standard: Rallying Standard - Bullet,0,direct,replacement_or_chained,,on_hit,,,0,effect delegates through a conditional SpEffect chain,30.0,0.0,0.0,0.0,0.0,0.0,0.0,0.0,0.0,0.0,0.0,0.0,0.0,0,1
1420,1010,Rallying Standard,2475,sp_effect_chain,1768,1769,[AoW] Commander's Standard: Rallying Standard [Cycle SpEffect],1768,cycle,replacement_or_chained,,conditional,,,0,conditional child effect is recorded but not treated as immediate hit buildup,0.10000000149011612,0.0,0.0,0.0,0.0,0.0,0.0,0.0,0.0,0.0,0.0,0.0,0.0,0,0
1421,1011,Bear Witness!,2569,attack_param,302106900,6906,AccumuVal [14],0,direct,self_mechanic,,on_hit,,,1,effect targets the attacker/self and is not target buildup,0.0,0.0,0.0,0.0,0.0,0.0,0.0,0.0,0.0,0.0,0.0,0.0,0.0,0,0
1422,1011,Bear Witness!,2570,attack_param,302106901,6906,AccumuVal [14],0,direct,self_mechanic,,on_hit,,,1,effect targets the attacker/self and is not target buildup,0.0,0.0,0.0,0.0,0.0,0.0,0.0,0.0,0.0,0.0,0.0,0.0,0.0,0,0
1423,1011,Bear Witness!,2571,attack_param,302106902,6906,AccumuVal [14],0,direct,self_mechanic,,on_hit,,,1,effect targets the attacker/self and is not target buildup,0.0,0.0,0.0,0.0,0.0,0.0,0.0,0.0,0.0,0.0,0.0,0.0,0.0,0,0
1424,1011,Bear Witness!,2572,attack_param,302106903,6906,AccumuVal [14],0,direct,self_mechanic,,on_hit,,,1,effect targets the attacker/self and is not target buildup,0.0,0.0,0.0,0.0,0.0,0.0,0.0,0.0,0.0,0.0,0.0,0.0,0.0,0,0
1425,1011,Bear Witness!,2573,attack_param,302106904,6906,AccumuVal [14],0,direct,self_mechanic,,on_hit,,,1,effect targets the attacker/self and is not target buildup,0.0,0.0,0.0,0.0,0.0,0.0,0.0,0.0,0.0,0.0,0.0,0.0,0.0,0,0
1426,1011,Bear Witness!,2574,attack_param,302106905,6906,AccumuVal [14],0,direct,self_mechanic,,on_hit,,,1,effect targets the attacker/self and is not target buildup,0.0,0.0,0.0,0.0,0.0,0.0,0.0,0.0,0.0,0.0,0.0,0.0,0.0,0,0
1427,1011,Bear Witness!,2575,attack_param,302106906,6906,AccumuVal [14],0,direct,self_mechanic,,on_hit,,,1,effect targets the attacker/self and is not target buildup,0.0,0.0,0.0,0.0,0.0,0.0,0.0,0.0,0.0,0.0,0.0,0.0,0.0,0,0
1428,1011,Bear Witness!,2576,attack_param,302106910,6906,AccumuVal [14],0,direct,self_mechanic,,on_hit,,,1,effect targets the attacker/self and is not target buildup,0.0,0.0,0.0,0.0,0.0,0.0,0.0,0.0,0.0,0.0,0.0,0.0,0.0,0,0
1429,1012,Eochaid's Dancing Blade,1691,attack_param,300307001,6906,AccumuVal [14],0,direct,self_mechanic,,on_hit,,,1,effect targets the attacker/self and is not target buildup,0.0,0.0,0.0,0.0,0.0,0.0,0.0,0.0,0.0,0.0,0.0,0.0,0.0,0,0
1430,1012,Eochaid's Dancing Blade,1692,attack_param,300307000,6906,AccumuVal [14],0,direct,self_mechanic,,on_hit,,,1,effect targets the attacker/self and is not target buildup,0.0,0.0,0.0,0.0,0.0,0.0,0.0,0.0,0.0,0.0,0.0,0.0,0.0,0,0
1431,1012,Eochaid's Dancing Blade,1693,attack_param,300307000,6906,AccumuVal [14],0,direct,self_mechanic,,on_hit,,,1,effect targets the attacker/self and is not target buildup,0.0,0.0,0.0,0.0,0.0,0.0,0.0,0.0,0.0,0.0,0.0,0.0,0.0,0,0
1432,1012,Eochaid's Dancing Blade,1694,attack_param,300307000,6906,AccumuVal [14],0,direct,self_mechanic,,on_hit,,,1,effect targets the attacker/self and is not target buildup,0.0,0.0,0.0,0.0,0.0,0.0,0.0,0.0,0.0,0.0,0.0,0.0,0.0,0,0
1433,1012,Eochaid's Dancing Blade,1695,attack_param,300307000,6906,AccumuVal [14],0,direct,self_mechanic,,on_hit,,,1,effect targets the attacker/self and is not target buildup,0.0,0.0,0.0,0.0,0.0,0.0,0.0,0.0,0.0,0.0,0.0,0.0,0.0,0,0
1434,1012,Eochaid's Dancing Blade,1696,attack_param,300307000,6906,AccumuVal [14],0,direct,self_mechanic,,on_hit,,,1,effect targets the attacker/self and is not target buildup,0.0,0.0,0.0,0.0,0.0,0.0,0.0,0.0,0.0,0.0,0.0,0.0,0.0,0,0
1435,1012,Eochaid's Dancing Blade,1697,attack_param,300307000,6906,AccumuVal [14],0,direct,self_mechanic,,on_hit,,,1,effect targets the attacker/self and is not target buildup,0.0,0.0,0.0,0.0,0.0,0.0,0.0,0.0,0.0,0.0,0.0,0.0,0.0,0,0
1436,1012,Eochaid's Dancing Blade,1698,attack_param,300307002,6906,AccumuVal [14],0,direct,self_mechanic,,on_hit,,,1,effect targets the attacker/self and is not target buildup,0.0,0.0,0.0,0.0,0.0,0.0,0.0,0.0,0.0,0.0,0.0,0.0,0.0,0,0
1437,1012,Eochaid's Dancing Blade,1699,attack_param,300307003,1665,,0,direct,self_mechanic,,on_hit,,,1,effect targets the attacker/self and is not target buildup,0.0,0.0,0.0,0.0,0.0,0.0,0.0,0.0,0.0,0.0,0.0,0.0,0.0,0,0
1438,1012,Eochaid's Dancing Blade,1699,attack_param,300307003,6904,AccumuVal [10],0,direct,self_mechanic,,on_hit,,,1,effect targets the attacker/self and is not target buildup,0.0,0.0,0.0,0.0,0.0,0.0,0.0,0.0,0.0,0.0,0.0,0.0,0.0,0,0
1439,1012,Eochaid's Dancing Blade,1700,attack_param,300307006,6906,AccumuVal [14],0,direct,self_mechanic,,on_hit,,,1,effect targets the attacker/self and is not target buildup,0.0,0.0,0.0,0.0,0.0,0.0,0.0,0.0,0.0,0.0,0.0,0.0,0.0,0,0
1440,1012,Eochaid's Dancing Blade,1701,attack_param,300307005,6906,AccumuVal [14],0,direct,self_mechanic,,on_hit,,,1,effect targets the attacker/self and is not target buildup,0.0,0.0,0.0,0.0,0.0,0.0,0.0,0.0,0.0,0.0,0.0,0.0,0.0,0,0
1441,1012,Eochaid's Dancing Blade,1702,attack_param,300307005,6906,AccumuVal [14],0,direct,self_mechanic,,on_hit,,,1,effect targets the attacker/self and is not target buildup,0.0,0.0,0.0,0.0,0.0,0.0,0.0,0.0,0.0,0.0,0.0,0.0,0.0,0,0
1442,1012,Eochaid's Dancing Blade,1703,attack_param,300307005,6906,AccumuVal [14],0,direct,self_mechanic,,on_hit,,,1,effect targets the attacker/self and is not target buildup,0.0,0.0,0.0,0.0,0.0,0.0,0.0,0.0,0.0,0.0,0.0,0.0,0.0,0,0
1443,1012,Eochaid's Dancing Blade,1704,attack_param,300307005,6906,AccumuVal [14],0,direct,self_mechanic,,on_hit,,,1,effect targets the attacker/self and is not target buildup,0.0,0.0,0.0,0.0,0.0,0.0,0.0,0.0,0.0,0.0,0.0,0.0,0.0,0,0
1444,1012,Eochaid's Dancing Blade,1705,attack_param,300307005,6906,AccumuVal [14],0,direct,self_mechanic,,on_hit,,,1,effect targets the attacker/self and is not target buildup,0.0,0.0,0.0,0.0,0.0,0.0,0.0,0.0,0.0,0.0,0.0,0.0,0.0,0,0
1445,1012,Eochaid's Dancing Blade,1706,attack_param,300307005,6906,AccumuVal [14],0,direct,self_mechanic,,on_hit,,,1,effect targets the attacker/self and is not target buildup,0.0,0.0,0.0,0.0,0.0,0.0,0.0,0.0,0.0,0.0,0.0,0.0,0.0,0,0
1446,1012,Eochaid's Dancing Blade,1707,attack_param,300307005,6906,AccumuVal [14],0,direct,self_mechanic,,on_hit,,,1,effect targets the attacker/self and is not target buildup,0.0,0.0,0.0,0.0,0.0,0.0,0.0,0.0,0.0,0.0,0.0,0.0,0.0,0,0
1447,1012,Eochaid's Dancing Blade,1708,attack_param,300307005,6906,AccumuVal [14],0,direct,self_mechanic,,on_hit,,,1,effect targets the attacker/self and is not target buildup,0.0,0.0,0.0,0.0,0.0,0.0,0.0,0.0,0.0,0.0,0.0,0.0,0.0,0,0
1448,1012,Eochaid's Dancing Blade,1709,attack_param,300307005,6906,AccumuVal [14],0,direct,self_mechanic,,on_hit,,,1,effect targets the attacker/self and is not target buildup,0.0,0.0,0.0,0.0,0.0,0.0,0.0,0.0,0.0,0.0,0.0,0.0,0.0,0,0
1449,1012,Eochaid's Dancing Blade,1710,attack_param,300307007,6906,AccumuVal [14],0,direct,self_mechanic,,on_hit,,,1,effect targets the attacker/self and is not target buildup,0.0,0.0,0.0,0.0,0.0,0.0,0.0,0.0,0.0,0.0,0.0,0.0,0.0,0,0
1450,1012,Eochaid's Dancing Blade,1711,attack_param,300307008,1665,,0,direct,self_mechanic,,on_hit,,,1,effect targets the attacker/self and is not target buildup,0.0,0.0,0.0,0.0,0.0,0.0,0.0,0.0,0.0,0.0,0.0,0.0,0.0,0,0
1451,1012,Eochaid's Dancing Blade,1711,attack_param,300307008,6904,AccumuVal [10],0,direct,self_mechanic,,on_hit,,,1,effect targets the attacker/self and is not target buildup,0.0,0.0,0.0,0.0,0.0,0.0,0.0,0.0,0.0,0.0,0.0,0.0,0.0,0,0
1452,1014,Taker's Flames,1744,attack_param,300314906,6903,AccumuVal [8],0,direct,self_mechanic,,on_hit,,,1,effect targets the attacker/self and is not target buildup,0.0,0.0,0.0,0.0,0.0,0.0,0.0,0.0,0.0,0.0,0.0,0.0,0.0,0,0
1453,1014,Taker's Flames,1745,attack_param,300314902,6904,AccumuVal [10],0,direct,self_mechanic,,on_hit,,,1,effect targets the attacker/self and is not target buildup,0.0,0.0,0.0,0.0,0.0,0.0,0.0,0.0,0.0,0.0,0.0,0.0,0.0,0,0
1454,1014,Taker's Flames,1745,bullet_target,2030|2031|2032|2033|4150|4151|4152|4153|4154|4155|4156|4157|4158|4159,1565,[AoW] Blasphemous Blade: Taker's Flames - HP Restore,0,direct,self_mechanic,,on_hit,,,1,effect targets the attacker/self and is not target buildup,0.0,0.0,0.0,0.0,0.0,0.0,0.0,0.0,0.0,0.0,0.0,0.0,0.0,0,0
1455,1014,Taker's Flames,1746,attack_param,300314905,6903,AccumuVal [8],0,direct,self_mechanic,,on_hit,,,1,effect targets the attacker/self and is not target buildup,0.0,0.0,0.0,0.0,0.0,0.0,0.0,0.0,0.0,0.0,0.0,0.0,0.0,0,0
1456,1015,Shriek of Milos,1672,attack_param,303401100,6904,AccumuVal [10],0,direct,self_mechanic,,on_hit,,,1,effect targets the attacker/self and is not target buildup,0.0,0.0,0.0,0.0,0.0,0.0,0.0,0.0,0.0,0.0,0.0,0.0,0.0,0,0
1457,1015,Shriek of Milos,1672,bullet_target,2960,1855,[AoW] Sword of Milos: Shriek of Milos - Bullet,0,direct,visual_or_non_gameplay,,on_hit,,,1,effect has no modeled attack-power or status payload,30.0,0.0,0.0,0.0,0.0,0.0,0.0,0.0,0.0,0.0,0.0,0.0,0.0,0,0
1458,1015,Shriek of Milos,1672,bullet_target,2961,1856,,0,direct,visual_or_non_gameplay,,on_hit,,,1,effect has no modeled attack-power or status payload,30.0,0.0,0.0,0.0,0.0,0.0,0.0,0.0,0.0,0.0,0.0,0.0,0.0,0,0
1459,1015,Shriek of Milos,1673,attack_param,303401101,6904,AccumuVal [10],0,direct,self_mechanic,,on_hit,,,1,effect targets the attacker/self and is not target buildup,0.0,0.0,0.0,0.0,0.0,0.0,0.0,0.0,0.0,0.0,0.0,0.0,0.0,0,0
1460,1015,Shriek of Milos,1675,attack_param,302400953,6903,AccumuVal [8],0,direct,self_mechanic,,on_hit,,,1,effect targets the attacker/self and is not target buildup,0.0,0.0,0.0,0.0,0.0,0.0,0.0,0.0,0.0,0.0,0.0,0.0,0.0,0,0
1461,1015,Shriek of Milos,1676,attack_param,302400954,6903,AccumuVal [8],0,direct,self_mechanic,,on_hit,,,1,effect targets the attacker/self and is not target buildup,0.0,0.0,0.0,0.0,0.0,0.0,0.0,0.0,0.0,0.0,0.0,0.0,0.0,0,0
1462,1015,Shriek of Milos,1677,attack_param,302400955,6903,AccumuVal [8],0,direct,self_mechanic,,on_hit,,,1,effect targets the attacker/self and is not target buildup,0.0,0.0,0.0,0.0,0.0,0.0,0.0,0.0,0.0,0.0,0.0,0.0,0.0,0,0
1463,1015,Shriek of Milos,1678,attack_param,302400950,6903,AccumuVal [8],0,direct,self_mechanic,,on_hit,,,1,effect targets the attacker/self and is not target buildup,0.0,0.0,0.0,0.0,0.0,0.0,0.0,0.0,0.0,0.0,0.0,0.0,0.0,0,0
1464,1015,Shriek of Milos,1679,attack_param,302400951,6903,AccumuVal [8],0,direct,self_mechanic,,on_hit,,,1,effect targets the attacker/self and is not target buildup,0.0,0.0,0.0,0.0,0.0,0.0,0.0,0.0,0.0,0.0,0.0,0.0,0.0,0,0
1465,1015,Shriek of Milos,1680,attack_param,302400952,6903,AccumuVal [8],0,direct,self_mechanic,,on_hit,,,1,effect targets the attacker/self and is not target buildup,0.0,0.0,0.0,0.0,0.0,0.0,0.0,0.0,0.0,0.0,0.0,0.0,0.0,0,0
1466,1015,Shriek of Milos,1681,attack_param,302400958,6904,AccumuVal [10],0,direct,self_mechanic,,on_hit,,,1,effect targets the attacker/self and is not target buildup,0.0,0.0,0.0,0.0,0.0,0.0,0.0,0.0,0.0,0.0,0.0,0.0,0.0,0,0
1467,1015,Shriek of Milos,1682,attack_param,302400956,6906,AccumuVal [14],0,direct,self_mechanic,,on_hit,,,1,effect targets the attacker/self and is not target buildup,0.0,0.0,0.0,0.0,0.0,0.0,0.0,0.0,0.0,0.0,0.0,0.0,0.0,0,0
1468,1015,Shriek of Milos,1683,attack_param,302400963,6903,AccumuVal [8],0,direct,self_mechanic,,on_hit,,,1,effect targets the attacker/self and is not target buildup,0.0,0.0,0.0,0.0,0.0,0.0,0.0,0.0,0.0,0.0,0.0,0.0,0.0,0,0
1469,1015,Shriek of Milos,1684,attack_param,302400964,6903,AccumuVal [8],0,direct,self_mechanic,,on_hit,,,1,effect targets the attacker/self and is not target buildup,0.0,0.0,0.0,0.0,0.0,0.0,0.0,0.0,0.0,0.0,0.0,0.0,0.0,0,0
1470,1015,Shriek of Milos,1685,attack_param,302400965,6903,AccumuVal [8],0,direct,self_mechanic,,on_hit,,,1,effect targets the attacker/self and is not target buildup,0.0,0.0,0.0,0.0,0.0,0.0,0.0,0.0,0.0,0.0,0.0,0.0,0.0,0,0
1471,1015,Shriek of Milos,1686,attack_param,302400960,6903,AccumuVal [8],0,direct,self_mechanic,,on_hit,,,1,effect targets the attacker/self and is not target buildup,0.0,0.0,0.0,0.0,0.0,0.0,0.0,0.0,0.0,0.0,0.0,0.0,0.0,0,0
1472,1015,Shriek of Milos,1687,attack_param,302400961,6903,AccumuVal [8],0,direct,self_mechanic,,on_hit,,,1,effect targets the attacker/self and is not target buildup,0.0,0.0,0.0,0.0,0.0,0.0,0.0,0.0,0.0,0.0,0.0,0.0,0.0,0,0
1473,1015,Shriek of Milos,1688,attack_param,302400962,6903,AccumuVal [8],0,direct,self_mechanic,,on_hit,,,1,effect targets the attacker/self and is not target buildup,0.0,0.0,0.0,0.0,0.0,0.0,0.0,0.0,0.0,0.0,0.0,0.0,0.0,0,0
1474,1015,Shriek of Milos,1689,attack_param,302400968,6904,AccumuVal [10],0,direct,self_mechanic,,on_hit,,,1,effect targets the attacker/self and is not target buildup,0.0,0.0,0.0,0.0,0.0,0.0,0.0,0.0,0.0,0.0,0.0,0.0,0.0,0,0
1475,1015,Shriek of Milos,1690,attack_param,302400966,6906,AccumuVal [14],0,direct,self_mechanic,,on_hit,,,1,effect targets the attacker/self and is not target buildup,0.0,0.0,0.0,0.0,0.0,0.0,0.0,0.0,0.0,0.0,0.0,0.0,0.0,0,0
1476,1016,Reduvia Blood Blade,1577,attack_param,300104900,6402,Hemorrhage - Type 1 - Special 3,0,direct,per_hit_status,,on_hit,,,1,target status payload is attached to this hit by numeric ID,1.0,0.0,0.0,0.0,0.0,0.0,55.0,0.0,0.0,0.0,0.0,0.0,0.0,1,0
1477,1016,Reduvia Blood Blade,1577,attack_param,300104900,6902,AccumuVal [6],0,direct,self_mechanic,,on_hit,,,1,effect targets the attacker/self and is not target buildup,0.0,0.0,0.0,0.0,0.0,0.0,0.0,0.0,0.0,0.0,0.0,0.0,0.0,0,0
1478,1016,Reduvia Blood Blade,1578,attack_param,300104901,6902,AccumuVal [6],0,direct,self_mechanic,,on_hit,,,1,effect targets the attacker/self and is not target buildup,0.0,0.0,0.0,0.0,0.0,0.0,0.0,0.0,0.0,0.0,0.0,0.0,0.0,0,0
1479,1016,Reduvia Blood Blade,1578,bullet_target,2715,870,[AoW] Reduvia: Reduvia Blood Blade - Bullet Bleed,0,direct,per_hit_status,,on_hit,,,1,target status payload is attached to this hit by numeric ID,1.0,0.0,0.0,0.0,0.0,0.0,90.0,0.0,0.0,0.0,0.0,0.0,0.0,0,0
1480,1016,Reduvia Blood Blade,1579,attack_param,300104905,6402,Hemorrhage - Type 1 - Special 3,0,direct,per_hit_status,,on_hit,,,1,target status payload is attached to this hit by numeric ID,1.0,0.0,0.0,0.0,0.0,0.0,55.0,0.0,0.0,0.0,0.0,0.0,0.0,1,0
1481,1016,Reduvia Blood Blade,1579,attack_param,300104905,6902,AccumuVal [6],0,direct,self_mechanic,,on_hit,,,1,effect targets the attacker/self and is not target buildup,0.0,0.0,0.0,0.0,0.0,0.0,0.0,0.0,0.0,0.0,0.0,0.0,0.0,0,0
1482,1016,Reduvia Blood Blade,1580,attack_param,300104906,6902,AccumuVal [6],0,direct,self_mechanic,,on_hit,,,1,effect targets the attacker/self and is not target buildup,0.0,0.0,0.0,0.0,0.0,0.0,0.0,0.0,0.0,0.0,0.0,0.0,0.0,0,0
1483,1016,Reduvia Blood Blade,1580,bullet_target,2716,870,[AoW] Reduvia: Reduvia Blood Blade - Bullet Bleed,0,direct,per_hit_status,,on_hit,,,1,target status payload is attached to this hit by numeric ID,1.0,0.0,0.0,0.0,0.0,0.0,90.0,0.0,0.0,0.0,0.0,0.0,0.0,0,0
1484,1016,Reduvia Blood Blade,1581,attack_param,300104910,6402,Hemorrhage - Type 1 - Special 3,0,direct,per_hit_status,,on_hit,,,1,target status payload is attached to this hit by numeric ID,1.0,0.0,0.0,0.0,0.0,0.0,55.0,0.0,0.0,0.0,0.0,0.0,0.0,1,0
1485,1016,Reduvia Blood Blade,1581,attack_param,300104910,6902,AccumuVal [6],0,direct,self_mechanic,,on_hit,,,1,effect targets the attacker/self and is not target buildup,0.0,0.0,0.0,0.0,0.0,0.0,0.0,0.0,0.0,0.0,0.0,0.0,0.0,0,0
1486,1016,Reduvia Blood Blade,1582,attack_param,300104911,6902,AccumuVal [6],0,direct,self_mechanic,,on_hit,,,1,effect targets the attacker/self and is not target buildup,0.0,0.0,0.0,0.0,0.0,0.0,0.0,0.0,0.0,0.0,0.0,0.0,0.0,0,0
1487,1016,Reduvia Blood Blade,1582,bullet_target,2717,870,[AoW] Reduvia: Reduvia Blood Blade - Bullet Bleed,0,direct,per_hit_status,,on_hit,,,1,target status payload is attached to this hit by numeric ID,1.0,0.0,0.0,0.0,0.0,0.0,90.0,0.0,0.0,0.0,0.0,0.0,0.0,0,0
1488,1016,Reduvia Blood Blade,1583,attack_param,300104902,6902,AccumuVal [6],0,direct,self_mechanic,,on_hit,,,1,effect targets the attacker/self and is not target buildup,0.0,0.0,0.0,0.0,0.0,0.0,0.0,0.0,0.0,0.0,0.0,0.0,0.0,0,0
1489,1016,Reduvia Blood Blade,1584,attack_param,300104907,6902,AccumuVal [6],0,direct,self_mechanic,,on_hit,,,1,effect targets the attacker/self and is not target buildup,0.0,0.0,0.0,0.0,0.0,0.0,0.0,0.0,0.0,0.0,0.0,0.0,0.0,0,0
1490,1016,Reduvia Blood Blade,1585,attack_param,300104912,6902,AccumuVal [6],0,direct,self_mechanic,,on_hit,,,1,effect targets the attacker/self and is not target buildup,0.0,0.0,0.0,0.0,0.0,0.0,0.0,0.0,0.0,0.0,0.0,0.0,0.0,0,0
1491,1017,Glintstone Dart,1571,attack_param,300107901,6903,AccumuVal [8],0,direct,self_mechanic,,on_hit,,,1,effect targets the attacker/self and is not target buildup,0.0,0.0,0.0,0.0,0.0,0.0,0.0,0.0,0.0,0.0,0.0,0.0,0.0,0,0
1492,1017,Glintstone Dart,1572,attack_param,300107900,6903,AccumuVal [8],0,direct,self_mechanic,,on_hit,,,1,effect targets the attacker/self and is not target buildup,0.0,0.0,0.0,0.0,0.0,0.0,0.0,0.0,0.0,0.0,0.0,0.0,0.0,0,0
1493,1017,Glintstone Dart,1573,attack_param,300107910,6903,AccumuVal [8],0,direct,self_mechanic,,on_hit,,,1,effect targets the attacker/self and is not target buildup,0.0,0.0,0.0,0.0,0.0,0.0,0.0,0.0,0.0,0.0,0.0,0.0,0.0,0,0
1494,1017,Glintstone Dart,1574,attack_param,300107906,6903,AccumuVal [8],0,direct,self_mechanic,,on_hit,,,1,effect targets the attacker/self and is not target buildup,0.0,0.0,0.0,0.0,0.0,0.0,0.0,0.0,0.0,0.0,0.0,0.0,0.0,0,0
1495,1017,Glintstone Dart,1575,attack_param,300107905,6903,AccumuVal [8],0,direct,self_mechanic,,on_hit,,,1,effect targets the attacker/self and is not target buildup,0.0,0.0,0.0,0.0,0.0,0.0,0.0,0.0,0.0,0.0,0.0,0.0,0.0,0,0
1496,1017,Glintstone Dart,1576,attack_param,300107911,6903,AccumuVal [8],0,direct,self_mechanic,,on_hit,,,1,effect targets the attacker/self and is not target buildup,0.0,0.0,0.0,0.0,0.0,0.0,0.0,0.0,0.0,0.0,0.0,0.0,0.0,0,0
1497,1018,Flowing Form,1873,attack_param,300702900,1665,,0,direct,self_mechanic,,on_hit,,,1,effect targets the attacker/self and is not target buildup,0.0,0.0,0.0,0.0,0.0,0.0,0.0,0.0,0.0,0.0,0.0,0.0,0.0,0,0
1498,1018,Flowing Form,1873,attack_param,300702900,6906,AccumuVal [14],0,direct,self_mechanic,,on_hit,,,1,effect targets the attacker/self and is not target buildup,0.0,0.0,0.0,0.0,0.0,0.0,0.0,0.0,0.0,0.0,0.0,0.0,0.0,0,0
1499,1018,Flowing Form,1874,attack_param,300702901,1665,,0,direct,self_mechanic,,on_hit,,,1,effect targets the attacker/self and is not target buildup,0.0,0.0,0.0,0.0,0.0,0.0,0.0,0.0,0.0,0.0,0.0,0.0,0.0,0,0
1500,1018,Flowing Form,1874,attack_param,300702901,6906,AccumuVal [14],0,direct,self_mechanic,,on_hit,,,1,effect targets the attacker/self and is not target buildup,0.0,0.0,0.0,0.0,0.0,0.0,0.0,0.0,0.0,0.0,0.0,0.0,0.0,0,0
1501,1019,Night-and-Flame Stance,1627,attack_param,300214910,6903,AccumuVal [8],0,direct,self_mechanic,,on_hit,,,1,effect targets the attacker/self and is not target buildup,0.0,0.0,0.0,0.0,0.0,0.0,0.0,0.0,0.0,0.0,0.0,0.0,0.0,0,0
1502,1019,Night-and-Flame Stance,1628,attack_param,300214909,6903,AccumuVal [8],0,direct,self_mechanic,,on_hit,,,1,effect targets the attacker/self and is not target buildup,0.0,0.0,0.0,0.0,0.0,0.0,0.0,0.0,0.0,0.0,0.0,0.0,0.0,0,0
1503,1019,Night-and-Flame Stance,1629,attack_param,300214905,6903,AccumuVal [8],0,direct,self_mechanic,,on_hit,,,1,effect targets the attacker/self and is not target buildup,0.0,0.0,0.0,0.0,0.0,0.0,0.0,0.0,0.0,0.0,0.0,0.0,0.0,0,0
1504,1019,Night-and-Flame Stance,1630,attack_param,300214907,6903,AccumuVal [8],0,direct,self_mechanic,,on_hit,,,1,effect targets the attacker/self and is not target buildup,0.0,0.0,0.0,0.0,0.0,0.0,0.0,0.0,0.0,0.0,0.0,0.0,0.0,0,0
1505,1019,Night-and-Flame Stance,1631,attack_param,300214906,6903,AccumuVal [8],0,direct,self_mechanic,,on_hit,,,1,effect targets the attacker/self and is not target buildup,0.0,0.0,0.0,0.0,0.0,0.0,0.0,0.0,0.0,0.0,0.0,0.0,0.0,0,0
1506,1019,Night-and-Flame Stance,1632,attack_param,300214908,6903,AccumuVal [8],0,direct,self_mechanic,,on_hit,,,1,effect targets the attacker/self and is not target buildup,0.0,0.0,0.0,0.0,0.0,0.0,0.0,0.0,0.0,0.0,0.0,0.0,0.0,0,0
1507,1019,Night-and-Flame Stance,1633,attack_param,300214910,6903,AccumuVal [8],0,direct,self_mechanic,,on_hit,,,1,effect targets the attacker/self and is not target buildup,0.0,0.0,0.0,0.0,0.0,0.0,0.0,0.0,0.0,0.0,0.0,0.0,0.0,0,0
1508,1019,Night-and-Flame Stance,1635,attack_param,300214930,6903,AccumuVal [8],0,direct,self_mechanic,,on_hit,,,1,effect targets the attacker/self and is not target buildup,0.0,0.0,0.0,0.0,0.0,0.0,0.0,0.0,0.0,0.0,0.0,0.0,0.0,0,0
1509,1019,Night-and-Flame Stance,1636,attack_param,300214925,6903,AccumuVal [8],0,direct,self_mechanic,,on_hit,,,1,effect targets the attacker/self and is not target buildup,0.0,0.0,0.0,0.0,0.0,0.0,0.0,0.0,0.0,0.0,0.0,0.0,0.0,0,0
1510,1019,Night-and-Flame Stance,1637,attack_param,300214926,6903,AccumuVal [8],0,direct,self_mechanic,,on_hit,,,1,effect targets the attacker/self and is not target buildup,0.0,0.0,0.0,0.0,0.0,0.0,0.0,0.0,0.0,0.0,0.0,0.0,0.0,0,0
1511,1019,Night-and-Flame Stance,1638,attack_param,300214930,6903,AccumuVal [8],0,direct,self_mechanic,,on_hit,,,1,effect targets the attacker/self and is not target buildup,0.0,0.0,0.0,0.0,0.0,0.0,0.0,0.0,0.0,0.0,0.0,0.0,0.0,0,0
1512,1020,Wave of Gold,1772,attack_param,300310905,6904,AccumuVal [10],0,direct,self_mechanic,,on_hit,,,1,effect targets the attacker/self and is not target buildup,0.0,0.0,0.0,0.0,0.0,0.0,0.0,0.0,0.0,0.0,0.0,0.0,0.0,0,0
1513,1020,Wave of Gold,1773,attack_param,300310906,6904,AccumuVal [10],0,direct,self_mechanic,,on_hit,,,1,effect targets the attacker/self and is not target buildup,0.0,0.0,0.0,0.0,0.0,0.0,0.0,0.0,0.0,0.0,0.0,0.0,0.0,0,0
1514,1020,Wave of Gold,1774,attack_param,300310907,6904,AccumuVal [10],0,direct,self_mechanic,,on_hit,,,1,effect targets the attacker/self and is not target buildup,0.0,0.0,0.0,0.0,0.0,0.0,0.0,0.0,0.0,0.0,0.0,0.0,0.0,0,0
1515,1020,Wave of Gold,1775,attack_param,300310908,6904,AccumuVal [10],0,direct,self_mechanic,,on_hit,,,1,effect targets the attacker/self and is not target buildup,0.0,0.0,0.0,0.0,0.0,0.0,0.0,0.0,0.0,0.0,0.0,0.0,0.0,0,0
1516,1020,Wave of Gold,1776,attack_param,300310901,6903,AccumuVal [8],0,direct,self_mechanic,,on_hit,,,1,effect targets the attacker/self and is not target buildup,0.0,0.0,0.0,0.0,0.0,0.0,0.0,0.0,0.0,0.0,0.0,0.0,0.0,0,0
1517,1021,Ruinous Ghostflame,1743,attack_param,303401400,1665,,0,direct,self_mechanic,,on_hit,,,1,effect targets the attacker/self and is not target buildup,0.0,0.0,0.0,0.0,0.0,0.0,0.0,0.0,0.0,0.0,0.0,0.0,0.0,0,0
1518,1021,Ruinous Ghostflame,1743,attack_param,303401400,6903,AccumuVal [8],0,direct,self_mechanic,,on_hit,,,1,effect targets the attacker/self and is not target buildup,0.0,0.0,0.0,0.0,0.0,0.0,0.0,0.0,0.0,0.0,0.0,0.0,0.0,0,0
1519,1022,Establish Order,1747,attack_param,300317900,6903,AccumuVal [8],0,direct,self_mechanic,,on_hit,,,1,effect targets the attacker/self and is not target buildup,0.0,0.0,0.0,0.0,0.0,0.0,0.0,0.0,0.0,0.0,0.0,0.0,0.0,0,0
1520,1022,Establish Order,1748,attack_param,300317905,6904,AccumuVal [10],0,direct,self_mechanic,,on_hit,,,1,effect targets the attacker/self and is not target buildup,0.0,0.0,0.0,0.0,0.0,0.0,0.0,0.0,0.0,0.0,0.0,0.0,0.0,0,0
1521,1022,Establish Order,1749,attack_param,300317906,6904,AccumuVal [10],0,direct,self_mechanic,,on_hit,,,1,effect targets the attacker/self and is not target buildup,0.0,0.0,0.0,0.0,0.0,0.0,0.0,0.0,0.0,0.0,0.0,0.0,0.0,0,0
1522,1022,Establish Order,1750,attack_param,300317910,6903,AccumuVal [8],0,direct,self_mechanic,,on_hit,,,1,effect targets the attacker/self and is not target buildup,0.0,0.0,0.0,0.0,0.0,0.0,0.0,0.0,0.0,0.0,0.0,0.0,0.0,0,0
1523,1022,Establish Order,1751,attack_param,300317911,6903,AccumuVal [8],0,direct,self_mechanic,,on_hit,,,1,effect targets the attacker/self and is not target buildup,0.0,0.0,0.0,0.0,0.0,0.0,0.0,0.0,0.0,0.0,0.0,0.0,0.0,0,0
1524,1022,Establish Order,1753,attack_param,300317915,6904,AccumuVal [10],0,direct,self_mechanic,,on_hit,,,1,effect targets the attacker/self and is not target buildup,0.0,0.0,0.0,0.0,0.0,0.0,0.0,0.0,0.0,0.0,0.0,0.0,0.0,0,0
1525,1022,Establish Order,1754,attack_param,300317916,6904,AccumuVal [10],0,direct,self_mechanic,,on_hit,,,1,effect targets the attacker/self and is not target buildup,0.0,0.0,0.0,0.0,0.0,0.0,0.0,0.0,0.0,0.0,0.0,0.0,0.0,0,0
1526,1023,Mists of Slumber,1600,attack_param,300208910,6903,AccumuVal [8],0,direct,self_mechanic,,on_hit,,,1,effect targets the attacker/self and is not target buildup,0.0,0.0,0.0,0.0,0.0,0.0,0.0,0.0,0.0,0.0,0.0,0.0,0.0,0,0
1527,1023,Mists of Slumber,1601,attack_param,300208912,6903,AccumuVal [8],0,direct,self_mechanic,,on_hit,,,1,effect targets the attacker/self and is not target buildup,0.0,0.0,0.0,0.0,0.0,0.0,0.0,0.0,0.0,0.0,0.0,0.0,0.0,0,0
1528,1024,Spearcall Ritual,2395,attack_param,301612900,6903,AccumuVal [8],0,direct,self_mechanic,,on_hit,,,1,effect targets the attacker/self and is not target buildup,0.0,0.0,0.0,0.0,0.0,0.0,0.0,0.0,0.0,0.0,0.0,0.0,0.0,0,0
1529,1024,Spearcall Ritual,2396,attack_param,301612905,6903,AccumuVal [8],0,direct,self_mechanic,,on_hit,,,1,effect targets the attacker/self and is not target buildup,0.0,0.0,0.0,0.0,0.0,0.0,0.0,0.0,0.0,0.0,0.0,0.0,0.0,0,0
1530,1024,Spearcall Ritual,2397,attack_param,301612910,6903,AccumuVal [8],0,direct,self_mechanic,,on_hit,,,1,effect targets the attacker/self and is not target buildup,0.0,0.0,0.0,0.0,0.0,0.0,0.0,0.0,0.0,0.0,0.0,0.0,0.0,0,0
1531,1024,Spearcall Ritual,2398,attack_param,301612911,6903,AccumuVal [8],0,direct,self_mechanic,,on_hit,,,1,effect targets the attacker/self and is not target buildup,0.0,0.0,0.0,0.0,0.0,0.0,0.0,0.0,0.0,0.0,0.0,0.0,0.0,0,0
1532,1024,Spearcall Ritual,2399,attack_param,301612915,6903,AccumuVal [8],0,direct,self_mechanic,,on_hit,,,1,effect targets the attacker/self and is not target buildup,0.0,0.0,0.0,0.0,0.0,0.0,0.0,0.0,0.0,0.0,0.0,0.0,0.0,0,0
1533,1025,Wolf's Assault,1780,attack_param,300406905,1575,[AoW] Royal Greatsword: Wolf's Assault - Frostbite,0,direct,per_hit_status,,on_hit,,,1,target status payload is attached to this hit by numeric ID,30.0,0.0,0.0,0.0,0.0,0.0,0.0,100.0,0.0,0.0,0.0,0.0,0.0,0,0
1534,1025,Wolf's Assault,1780,attack_param,300406905,6906,AccumuVal [14],0,direct,self_mechanic,,on_hit,,,1,effect targets the attacker/self and is not target buildup,0.0,0.0,0.0,0.0,0.0,0.0,0.0,0.0,0.0,0.0,0.0,0.0,0.0,0,0
1535,1025,Wolf's Assault,1781,attack_param,300406910,6906,AccumuVal [14],0,direct,self_mechanic,,on_hit,,,1,effect targets the attacker/self and is not target buildup,0.0,0.0,0.0,0.0,0.0,0.0,0.0,0.0,0.0,0.0,0.0,0.0,0.0,0,0
1536,1025,Wolf's Assault,1781,bullet_target,2195,1576,[AoW] Royal Greatsword: Wolf's Assault - Bullet Frostbite,0,direct,per_hit_status,,on_hit,,,1,target status payload is attached to this hit by numeric ID,30.0,0.0,0.0,0.0,0.0,0.0,0.0,60.0,0.0,0.0,0.0,0.0,0.0,0,0
1537,1025,Wolf's Assault,1783,attack_param,300406915,6906,AccumuVal [14],0,direct,self_mechanic,,on_hit,,,1,effect targets the attacker/self and is not target buildup,0.0,0.0,0.0,0.0,0.0,0.0,0.0,0.0,0.0,0.0,0.0,0.0,0.0,0,0
1538,1026,Thundercloud Form,1855,attack_param,303401202,1665,,0,direct,self_mechanic,,on_hit,,,1,effect targets the attacker/self and is not target buildup,0.0,0.0,0.0,0.0,0.0,0.0,0.0,0.0,0.0,0.0,0.0,0.0,0.0,0,0
1539,1026,Thundercloud Form,1855,attack_param,303401202,6906,AccumuVal [14],0,direct,self_mechanic,,on_hit,,,1,effect targets the attacker/self and is not target buildup,0.0,0.0,0.0,0.0,0.0,0.0,0.0,0.0,0.0,0.0,0.0,0.0,0.0,0,0
1540,1026,Thundercloud Form,1857,attack_param,303401200,1665,,0,direct,self_mechanic,,on_hit,,,1,effect targets the attacker/self and is not target buildup,0.0,0.0,0.0,0.0,0.0,0.0,0.0,0.0,0.0,0.0,0.0,0.0,0.0,0,0
1541,1026,Thundercloud Form,1857,attack_param,303401200,6906,AccumuVal [14],0,direct,self_mechanic,,on_hit,,,1,effect targets the attacker/self and is not target buildup,0.0,0.0,0.0,0.0,0.0,0.0,0.0,0.0,0.0,0.0,0.0,0.0,0.0,0,0
1542,1027,Cursed-Blood Slice,1973,attack_param,300810905,6903,AccumuVal [8],0,direct,self_mechanic,,on_hit,,,1,effect targets the attacker/self and is not target buildup,0.0,0.0,0.0,0.0,0.0,0.0,0.0,0.0,0.0,0.0,0.0,0.0,0.0,0,0
1543,1027,Cursed-Blood Slice,1974,attack_param,300810906,6903,AccumuVal [8],0,direct,self_mechanic,,on_hit,,,1,effect targets the attacker/self and is not target buildup,0.0,0.0,0.0,0.0,0.0,0.0,0.0,0.0,0.0,0.0,0.0,0.0,0.0,0,0
1544,1027,Cursed-Blood Slice,1975,attack_param,300810908,6903,AccumuVal [8],0,direct,self_mechanic,,on_hit,,,1,effect targets the attacker/self and is not target buildup,0.0,0.0,0.0,0.0,0.0,0.0,0.0,0.0,0.0,0.0,0.0,0.0,0.0,0,0
1545,1027,Cursed-Blood Slice,1976,attack_param,300810900,6903,AccumuVal [8],0,direct,self_mechanic,,on_hit,,,1,effect targets the attacker/self and is not target buildup,0.0,0.0,0.0,0.0,0.0,0.0,0.0,0.0,0.0,0.0,0.0,0.0,0.0,0,0
1546,1027,Cursed-Blood Slice,1977,attack_param,300810907,6903,AccumuVal [8],0,direct,self_mechanic,,on_hit,,,1,effect targets the attacker/self and is not target buildup,0.0,0.0,0.0,0.0,0.0,0.0,0.0,0.0,0.0,0.0,0.0,0.0,0.0,0,0
1547,1027,Cursed-Blood Slice,1978,attack_param,300810910,6903,AccumuVal [8],0,direct,self_mechanic,,on_hit,,,1,effect targets the attacker/self and is not target buildup,0.0,0.0,0.0,0.0,0.0,0.0,0.0,0.0,0.0,0.0,0.0,0.0,0.0,0,0
1548,1027,Cursed-Blood Slice,1979,attack_param,300810911,6903,AccumuVal [8],0,direct,self_mechanic,,on_hit,,,1,effect targets the attacker/self and is not target buildup,0.0,0.0,0.0,0.0,0.0,0.0,0.0,0.0,0.0,0.0,0.0,0.0,0.0,0,0
1549,1028,Waterfowl Dance,2043,attack_param,300900205,6903,AccumuVal [8],0,direct,self_mechanic,,on_hit,,,1,effect targets the attacker/self and is not target buildup,0.0,0.0,0.0,0.0,0.0,0.0,0.0,0.0,0.0,0.0,0.0,0.0,0.0,0,0
1550,1028,Waterfowl Dance,2044,attack_param,300900206,6903,AccumuVal [8],0,direct,self_mechanic,,on_hit,,,1,effect targets the attacker/self and is not target buildup,0.0,0.0,0.0,0.0,0.0,0.0,0.0,0.0,0.0,0.0,0.0,0.0,0.0,0,0
1551,1028,Waterfowl Dance,2045,attack_param,300900207,6903,AccumuVal [8],0,direct,self_mechanic,,on_hit,,,1,effect targets the attacker/self and is not target buildup,0.0,0.0,0.0,0.0,0.0,0.0,0.0,0.0,0.0,0.0,0.0,0.0,0.0,0,0
1552,1028,Waterfowl Dance,2046,attack_param,300900208,6903,AccumuVal [8],0,direct,self_mechanic,,on_hit,,,1,effect targets the attacker/self and is not target buildup,0.0,0.0,0.0,0.0,0.0,0.0,0.0,0.0,0.0,0.0,0.0,0.0,0.0,0,0
1553,1028,Waterfowl Dance,2047,attack_param,300900209,6903,AccumuVal [8],0,direct,self_mechanic,,on_hit,,,1,effect targets the attacker/self and is not target buildup,0.0,0.0,0.0,0.0,0.0,0.0,0.0,0.0,0.0,0.0,0.0,0.0,0.0,0,0
1554,1028,Waterfowl Dance,2048,attack_param,300900210,6903,AccumuVal [8],0,direct,self_mechanic,,on_hit,,,1,effect targets the attacker/self and is not target buildup,0.0,0.0,0.0,0.0,0.0,0.0,0.0,0.0,0.0,0.0,0.0,0.0,0.0,0,0
1555,1028,Waterfowl Dance,2049,attack_param,300900211,6903,AccumuVal [8],0,direct,self_mechanic,,on_hit,,,1,effect targets the attacker/self and is not target buildup,0.0,0.0,0.0,0.0,0.0,0.0,0.0,0.0,0.0,0.0,0.0,0.0,0.0,0,0
1556,1028,Waterfowl Dance,2050,attack_param,300900212,6903,AccumuVal [8],0,direct,self_mechanic,,on_hit,,,1,effect targets the attacker/self and is not target buildup,0.0,0.0,0.0,0.0,0.0,0.0,0.0,0.0,0.0,0.0,0.0,0.0,0.0,0,0
1557,1028,Waterfowl Dance,2051,attack_param,300900213,6903,AccumuVal [8],0,direct,self_mechanic,,on_hit,,,1,effect targets the attacker/self and is not target buildup,0.0,0.0,0.0,0.0,0.0,0.0,0.0,0.0,0.0,0.0,0.0,0.0,0.0,0,0
1558,1028,Waterfowl Dance,2052,attack_param,300900201,6903,AccumuVal [8],0,direct,self_mechanic,,on_hit,,,1,effect targets the attacker/self and is not target buildup,0.0,0.0,0.0,0.0,0.0,0.0,0.0,0.0,0.0,0.0,0.0,0.0,0.0,0,0
1559,1028,Waterfowl Dance,2053,attack_param,300900214,6903,AccumuVal [8],0,direct,self_mechanic,,on_hit,,,1,effect targets the attacker/self and is not target buildup,0.0,0.0,0.0,0.0,0.0,0.0,0.0,0.0,0.0,0.0,0.0,0.0,0.0,0,0
1560,1028,Waterfowl Dance,2054,attack_param,300900215,6903,AccumuVal [8],0,direct,self_mechanic,,on_hit,,,1,effect targets the attacker/self and is not target buildup,0.0,0.0,0.0,0.0,0.0,0.0,0.0,0.0,0.0,0.0,0.0,0.0,0.0,0,0
1561,1028,Waterfowl Dance,2055,attack_param,300900216,6903,AccumuVal [8],0,direct,self_mechanic,,on_hit,,,1,effect targets the attacker/self and is not target buildup,0.0,0.0,0.0,0.0,0.0,0.0,0.0,0.0,0.0,0.0,0.0,0.0,0.0,0,0
1562,1028,Waterfowl Dance,2056,attack_param,300900217,6903,AccumuVal [8],0,direct,self_mechanic,,on_hit,,,1,effect targets the attacker/self and is not target buildup,0.0,0.0,0.0,0.0,0.0,0.0,0.0,0.0,0.0,0.0,0.0,0.0,0.0,0,0
1563,1028,Waterfowl Dance,2057,attack_param,300900218,6903,AccumuVal [8],0,direct,self_mechanic,,on_hit,,,1,effect targets the attacker/self and is not target buildup,0.0,0.0,0.0,0.0,0.0,0.0,0.0,0.0,0.0,0.0,0.0,0.0,0.0,0,0
1564,1028,Waterfowl Dance,2058,attack_param,300900219,6903,AccumuVal [8],0,direct,self_mechanic,,on_hit,,,1,effect targets the attacker/self and is not target buildup,0.0,0.0,0.0,0.0,0.0,0.0,0.0,0.0,0.0,0.0,0.0,0.0,0.0,0,0
1565,1028,Waterfowl Dance,2059,attack_param,300900220,6903,AccumuVal [8],0,direct,self_mechanic,,on_hit,,,1,effect targets the attacker/self and is not target buildup,0.0,0.0,0.0,0.0,0.0,0.0,0.0,0.0,0.0,0.0,0.0,0.0,0.0,0,0
1566,1028,Waterfowl Dance,2060,attack_param,300900221,6903,AccumuVal [8],0,direct,self_mechanic,,on_hit,,,1,effect targets the attacker/self and is not target buildup,0.0,0.0,0.0,0.0,0.0,0.0,0.0,0.0,0.0,0.0,0.0,0.0,0.0,0,0
1567,1028,Waterfowl Dance,2061,attack_param,300900222,6903,AccumuVal [8],0,direct,self_mechanic,,on_hit,,,1,effect targets the attacker/self and is not target buildup,0.0,0.0,0.0,0.0,0.0,0.0,0.0,0.0,0.0,0.0,0.0,0.0,0.0,0,0
1568,1029,Gold Breaker,2260,attack_param,301115901,6903,AccumuVal [8],0,direct,self_mechanic,,on_hit,,,1,effect targets the attacker/self and is not target buildup,0.0,0.0,0.0,0.0,0.0,0.0,0.0,0.0,0.0,0.0,0.0,0.0,0.0,0,0
1569,1029,Gold Breaker,2261,attack_param,301115910,6903,AccumuVal [8],0,direct,self_mechanic,,on_hit,,,1,effect targets the attacker/self and is not target buildup,0.0,0.0,0.0,0.0,0.0,0.0,0.0,0.0,0.0,0.0,0.0,0.0,0.0,0,0
1570,1029,Gold Breaker,2265,attack_param,301115915,6903,AccumuVal [8],0,direct,self_mechanic,,on_hit,,,1,effect targets the attacker/self and is not target buildup,0.0,0.0,0.0,0.0,0.0,0.0,0.0,0.0,0.0,0.0,0.0,0.0,0.0,0,0
1571,1030,I Command Thee Kneel!,2214,attack_param,301504900,6904,AccumuVal [10],0,direct,self_mechanic,,on_hit,,,1,effect targets the attacker/self and is not target buildup,0.0,0.0,0.0,0.0,0.0,0.0,0.0,0.0,0.0,0.0,0.0,0.0,0.0,0,0
1572,1030,I Command Thee Kneel!,2215,attack_param,301504905,6904,AccumuVal [10],0,direct,self_mechanic,,on_hit,,,1,effect targets the attacker/self and is not target buildup,0.0,0.0,0.0,0.0,0.0,0.0,0.0,0.0,0.0,0.0,0.0,0.0,0.0,0,0
1573,1030,I Command Thee Kneel!,2219,attack_param,301504910,6904,AccumuVal [10],0,direct,self_mechanic,,on_hit,,,1,effect targets the attacker/self and is not target buildup,0.0,0.0,0.0,0.0,0.0,0.0,0.0,0.0,0.0,0.0,0.0,0.0,0.0,0,0
1574,1030,I Command Thee Kneel!,2220,attack_param,301504915,6904,AccumuVal [10],0,direct,self_mechanic,,on_hit,,,1,effect targets the attacker/self and is not target buildup,0.0,0.0,0.0,0.0,0.0,0.0,0.0,0.0,0.0,0.0,0.0,0.0,0.0,0,0
1575,1030,I Command Thee Kneel!,2224,attack_param,301504920,6904,AccumuVal [10],0,direct,self_mechanic,,on_hit,,,1,effect targets the attacker/self and is not target buildup,0.0,0.0,0.0,0.0,0.0,0.0,0.0,0.0,0.0,0.0,0.0,0.0,0.0,0,0
1576,1030,I Command Thee Kneel!,2225,attack_param,301504925,6904,AccumuVal [10],0,direct,self_mechanic,,on_hit,,,1,effect targets the attacker/self and is not target buildup,0.0,0.0,0.0,0.0,0.0,0.0,0.0,0.0,0.0,0.0,0.0,0.0,0.0,0,0
1577,1030,I Command Thee Kneel!,2229,attack_param,301504930,6904,AccumuVal [10],0,direct,self_mechanic,,on_hit,,,1,effect targets the attacker/self and is not target buildup,0.0,0.0,0.0,0.0,0.0,0.0,0.0,0.0,0.0,0.0,0.0,0.0,0.0,0,0
1578,1030,I Command Thee Kneel!,2230,attack_param,301504935,6904,AccumuVal [10],0,direct,self_mechanic,,on_hit,,,1,effect targets the attacker/self and is not target buildup,0.0,0.0,0.0,0.0,0.0,0.0,0.0,0.0,0.0,0.0,0.0,0.0,0.0,0,0
1579,1030,I Command Thee Kneel!,2231,attack_param,301504940,6904,AccumuVal [10],0,direct,self_mechanic,,on_hit,,,1,effect targets the attacker/self and is not target buildup,0.0,0.0,0.0,0.0,0.0,0.0,0.0,0.0,0.0,0.0,0.0,0.0,0.0,0,0
1580,1031,Regal Roar,2350,attack_param,302305905,6906,AccumuVal [14],0,direct,self_mechanic,,on_hit,,,1,effect targets the attacker/self and is not target buildup,0.0,0.0,0.0,0.0,0.0,0.0,0.0,0.0,0.0,0.0,0.0,0.0,0.0,0,0
1581,1031,Regal Roar,2353,attack_param,302305908,6906,AccumuVal [14],0,direct,self_mechanic,,on_hit,,,1,effect targets the attacker/self and is not target buildup,0.0,0.0,0.0,0.0,0.0,0.0,0.0,0.0,0.0,0.0,0.0,0.0,0.0,0,0
1582,1031,Regal Roar,2357,attack_param,302305927,6906,AccumuVal [14],0,direct,self_mechanic,,on_hit,,,1,effect targets the attacker/self and is not target buildup,0.0,0.0,0.0,0.0,0.0,0.0,0.0,0.0,0.0,0.0,0.0,0.0,0.0,0,0
1583,1031,Regal Roar,2359,attack_param,302305930,6906,AccumuVal [14],0,direct,self_mechanic,,on_hit,,,1,effect targets the attacker/self and is not target buildup,0.0,0.0,0.0,0.0,0.0,0.0,0.0,0.0,0.0,0.0,0.0,0.0,0.0,0,0
1584,1031,Regal Roar,2362,attack_param,302305917,6906,AccumuVal [14],0,direct,self_mechanic,,on_hit,,,1,effect targets the attacker/self and is not target buildup,0.0,0.0,0.0,0.0,0.0,0.0,0.0,0.0,0.0,0.0,0.0,0.0,0.0,0,0
1585,1031,Regal Roar,2364,attack_param,302305920,6906,AccumuVal [14],0,direct,self_mechanic,,on_hit,,,1,effect targets the attacker/self and is not target buildup,0.0,0.0,0.0,0.0,0.0,0.0,0.0,0.0,0.0,0.0,0.0,0.0,0.0,0,0
1586,1031,Regal Roar,2365,attack_param,302305940,6906,AccumuVal [14],0,direct,self_mechanic,,on_hit,,,1,effect targets the attacker/self and is not target buildup,0.0,0.0,0.0,0.0,0.0,0.0,0.0,0.0,0.0,0.0,0.0,0.0,0.0,0,0
1587,1031,Regal Roar,2369,attack_param,302305938,6906,AccumuVal [14],0,direct,self_mechanic,,on_hit,,,1,effect targets the attacker/self and is not target buildup,0.0,0.0,0.0,0.0,0.0,0.0,0.0,0.0,0.0,0.0,0.0,0.0,0.0,0,0
1588,1031,Regal Roar,2370,attack_param,302305900,6906,AccumuVal [14],0,direct,self_mechanic,,on_hit,,,1,effect targets the attacker/self and is not target buildup,0.0,0.0,0.0,0.0,0.0,0.0,0.0,0.0,0.0,0.0,0.0,0.0,0.0,0,0
1589,1031,Regal Roar,2371,attack_param,302305910,6906,AccumuVal [14],0,direct,self_mechanic,,on_hit,,,1,effect targets the attacker/self and is not target buildup,0.0,0.0,0.0,0.0,0.0,0.0,0.0,0.0,0.0,0.0,0.0,0.0,0.0,0,0
1590,1032,Starcaller Cry,1791,attack_param,300405900,470,Gravity - Pull towards Caster,0,direct,visual_or_non_gameplay,,on_hit,,,1,effect has no modeled attack-power or status payload,0.10000000149011612,0.0,0.0,0.0,0.0,0.0,0.0,0.0,0.0,0.0,0.0,0.0,0.0,0,0
1591,1032,Starcaller Cry,1791,attack_param,300405900,1859,[AoW] Starscourge Greatsword: Starcaller Cry,0,direct,self_mechanic,,on_hit,,,1,effect targets the attacker/self and is not target buildup,2.5,0.0,0.0,0.0,0.0,0.0,0.0,0.0,0.0,0.0,0.0,0.0,0.0,0,0
1592,1032,Starcaller Cry,1791,attack_param,300405900,6909,AccumuVal [20],0,direct,self_mechanic,,on_hit,,,1,effect targets the attacker/self and is not target buildup,0.0,0.0,0.0,0.0,0.0,0.0,0.0,0.0,0.0,0.0,0.0,0.0,0.0,0,0
1593,1032,Starcaller Cry,1792,attack_param,300405901,470,Gravity - Pull towards Caster,0,direct,visual_or_non_gameplay,,on_hit,,,1,effect has no modeled attack-power or status payload,0.10000000149011612,0.0,0.0,0.0,0.0,0.0,0.0,0.0,0.0,0.0,0.0,0.0,0.0,0,0
1594,1032,Starcaller Cry,1792,attack_param,300405901,1859,[AoW] Starscourge Greatsword: Starcaller Cry,0,direct,self_mechanic,,on_hit,,,1,effect targets the attacker/self and is not target buildup,2.5,0.0,0.0,0.0,0.0,0.0,0.0,0.0,0.0,0.0,0.0,0.0,0.0,0,0
1595,1032,Starcaller Cry,1792,attack_param,300405901,6909,AccumuVal [20],0,direct,self_mechanic,,on_hit,,,1,effect targets the attacker/self and is not target buildup,0.0,0.0,0.0,0.0,0.0,0.0,0.0,0.0,0.0,0.0,0.0,0.0,0.0,0,0
1596,1032,Starcaller Cry,1793,attack_param,300405902,470,Gravity - Pull towards Caster,0,direct,visual_or_non_gameplay,,on_hit,,,1,effect has no modeled attack-power or status payload,0.10000000149011612,0.0,0.0,0.0,0.0,0.0,0.0,0.0,0.0,0.0,0.0,0.0,0.0,0,0
1597,1032,Starcaller Cry,1793,attack_param,300405902,1859,[AoW] Starscourge Greatsword: Starcaller Cry,0,direct,self_mechanic,,on_hit,,,1,effect targets the attacker/self and is not target buildup,2.5,0.0,0.0,0.0,0.0,0.0,0.0,0.0,0.0,0.0,0.0,0.0,0.0,0,0
1598,1032,Starcaller Cry,1793,attack_param,300405902,6909,AccumuVal [20],0,direct,self_mechanic,,on_hit,,,1,effect targets the attacker/self and is not target buildup,0.0,0.0,0.0,0.0,0.0,0.0,0.0,0.0,0.0,0.0,0.0,0.0,0.0,0,0
1599,1032,Starcaller Cry,1794,attack_param,300405903,470,Gravity - Pull towards Caster,0,direct,visual_or_non_gameplay,,on_hit,,,1,effect has no modeled attack-power or status payload,0.10000000149011612,0.0,0.0,0.0,0.0,0.0,0.0,0.0,0.0,0.0,0.0,0.0,0.0,0,0
1600,1032,Starcaller Cry,1794,attack_param,300405903,1859,[AoW] Starscourge Greatsword: Starcaller Cry,0,direct,self_mechanic,,on_hit,,,1,effect targets the attacker/self and is not target buildup,2.5,0.0,0.0,0.0,0.0,0.0,0.0,0.0,0.0,0.0,0.0,0.0,0.0,0,0
1601,1032,Starcaller Cry,1794,attack_param,300405903,6909,AccumuVal [20],0,direct,self_mechanic,,on_hit,,,1,effect targets the attacker/self and is not target buildup,0.0,0.0,0.0,0.0,0.0,0.0,0.0,0.0,0.0,0.0,0.0,0.0,0.0,0,0
1602,1032,Starcaller Cry,1795,attack_param,300405904,470,Gravity - Pull towards Caster,0,direct,visual_or_non_gameplay,,on_hit,,,1,effect has no modeled attack-power or status payload,0.10000000149011612,0.0,0.0,0.0,0.0,0.0,0.0,0.0,0.0,0.0,0.0,0.0,0.0,0,0
1603,1032,Starcaller Cry,1795,attack_param,300405904,1859,[AoW] Starscourge Greatsword: Starcaller Cry,0,direct,self_mechanic,,on_hit,,,1,effect targets the attacker/self and is not target buildup,2.5,0.0,0.0,0.0,0.0,0.0,0.0,0.0,0.0,0.0,0.0,0.0,0.0,0,0
1604,1032,Starcaller Cry,1795,attack_param,300405904,6909,AccumuVal [20],0,direct,self_mechanic,,on_hit,,,1,effect targets the attacker/self and is not target buildup,0.0,0.0,0.0,0.0,0.0,0.0,0.0,0.0,0.0,0.0,0.0,0.0,0.0,0,0
1605,1032,Starcaller Cry,1796,attack_param,300405910,6909,AccumuVal [20],0,direct,self_mechanic,,on_hit,,,1,effect targets the attacker/self and is not target buildup,0.0,0.0,0.0,0.0,0.0,0.0,0.0,0.0,0.0,0.0,0.0,0.0,0.0,0,0
1606,1032,Starcaller Cry,1797,attack_param,300405911,6909,AccumuVal [20],0,direct,self_mechanic,,on_hit,,,1,effect targets the attacker/self and is not target buildup,0.0,0.0,0.0,0.0,0.0,0.0,0.0,0.0,0.0,0.0,0.0,0.0,0.0,0,0
1607,1032,Starcaller Cry,1798,attack_param,300405915,6909,AccumuVal [20],0,direct,self_mechanic,,on_hit,,,1,effect targets the attacker/self and is not target buildup,0.0,0.0,0.0,0.0,0.0,0.0,0.0,0.0,0.0,0.0,0.0,0.0,0.0,0,0
1608,1032,Starcaller Cry,1799,attack_param,300405920,6909,AccumuVal [20],0,direct,self_mechanic,,on_hit,,,1,effect targets the attacker/self and is not target buildup,0.0,0.0,0.0,0.0,0.0,0.0,0.0,0.0,0.0,0.0,0.0,0.0,0.0,0,0
1609,1032,Starcaller Cry,1800,attack_param,300405921,6909,AccumuVal [20],0,direct,self_mechanic,,on_hit,,,1,effect targets the attacker/self and is not target buildup,0.0,0.0,0.0,0.0,0.0,0.0,0.0,0.0,0.0,0.0,0.0,0.0,0.0,0,0
1610,1033,Wave of Destruction,1784,attack_param,303400600,6906,AccumuVal [14],0,direct,self_mechanic,,on_hit,,,1,effect targets the attacker/self and is not target buildup,0.0,0.0,0.0,0.0,0.0,0.0,0.0,0.0,0.0,0.0,0.0,0.0,0.0,0,0
1611,1033,Wave of Destruction,1786,attack_param,303400601,6906,AccumuVal [14],0,direct,self_mechanic,,on_hit,,,1,effect targets the attacker/self and is not target buildup,0.0,0.0,0.0,0.0,0.0,0.0,0.0,0.0,0.0,0.0,0.0,0.0,0.0,0,0
1612,1034,Bloodboon Ritual,2433,attack_param,301711907,6903,AccumuVal [8],0,direct,self_mechanic,,on_hit,,,1,effect targets the attacker/self and is not target buildup,0.0,0.0,0.0,0.0,0.0,0.0,0.0,0.0,0.0,0.0,0.0,0.0,0.0,0,0
1613,1034,Bloodboon Ritual,2433,bullet_target,2335,1625,[AoW] Mohgwyn's Sacred Spear: Bloodboon Ritual - Hemorrhage,0,direct,per_hit_status,,on_hit,,,1,target status payload is attached to this hit by numeric ID,1.0,0.0,0.0,0.0,0.0,0.0,60.0,0.0,0.0,0.0,0.0,0.0,0.0,1,0
1614,1034,Bloodboon Ritual,2434,attack_param,301711905,6903,AccumuVal [8],0,direct,self_mechanic,,on_hit,,,1,effect targets the attacker/self and is not target buildup,0.0,0.0,0.0,0.0,0.0,0.0,0.0,0.0,0.0,0.0,0.0,0.0,0.0,0,0
1615,1034,Bloodboon Ritual,2434,bullet_target,2341,1625,[AoW] Mohgwyn's Sacred Spear: Bloodboon Ritual - Hemorrhage,0,direct,per_hit_status,,on_hit,,,1,target status payload is attached to this hit by numeric ID,1.0,0.0,0.0,0.0,0.0,0.0,60.0,0.0,0.0,0.0,0.0,0.0,0.0,1,0
1616,1034,Bloodboon Ritual,2435,attack_param,301711906,6903,AccumuVal [8],0,direct,self_mechanic,,on_hit,,,1,effect targets the attacker/self and is not target buildup,0.0,0.0,0.0,0.0,0.0,0.0,0.0,0.0,0.0,0.0,0.0,0.0,0.0,0,0
1617,1034,Bloodboon Ritual,2435,bullet_target,2336,1625,[AoW] Mohgwyn's Sacred Spear: Bloodboon Ritual - Hemorrhage,0,direct,per_hit_status,,on_hit,,,1,target status payload is attached to this hit by numeric ID,1.0,0.0,0.0,0.0,0.0,0.0,60.0,0.0,0.0,0.0,0.0,0.0,0.0,1,0
1618,1034,Bloodboon Ritual,2437,attack_param,301711917,6903,AccumuVal [8],0,direct,self_mechanic,,on_hit,,,1,effect targets the attacker/self and is not target buildup,0.0,0.0,0.0,0.0,0.0,0.0,0.0,0.0,0.0,0.0,0.0,0.0,0.0,0,0
1619,1034,Bloodboon Ritual,2437,bullet_target,2337,1625,[AoW] Mohgwyn's Sacred Spear: Bloodboon Ritual - Hemorrhage,0,direct,per_hit_status,,on_hit,,,1,target status payload is attached to this hit by numeric ID,1.0,0.0,0.0,0.0,0.0,0.0,60.0,0.0,0.0,0.0,0.0,0.0,0.0,1,0
1620,1034,Bloodboon Ritual,2438,attack_param,301711915,6903,AccumuVal [8],0,direct,self_mechanic,,on_hit,,,1,effect targets the attacker/self and is not target buildup,0.0,0.0,0.0,0.0,0.0,0.0,0.0,0.0,0.0,0.0,0.0,0.0,0.0,0,0
1621,1034,Bloodboon Ritual,2438,bullet_target,2342,1625,[AoW] Mohgwyn's Sacred Spear: Bloodboon Ritual - Hemorrhage,0,direct,per_hit_status,,on_hit,,,1,target status payload is attached to this hit by numeric ID,1.0,0.0,0.0,0.0,0.0,0.0,60.0,0.0,0.0,0.0,0.0,0.0,0.0,1,0
1622,1034,Bloodboon Ritual,2439,attack_param,301711916,6903,AccumuVal [8],0,direct,self_mechanic,,on_hit,,,1,effect targets the attacker/self and is not target buildup,0.0,0.0,0.0,0.0,0.0,0.0,0.0,0.0,0.0,0.0,0.0,0.0,0.0,0,0
1623,1034,Bloodboon Ritual,2439,bullet_target,2338,1625,[AoW] Mohgwyn's Sacred Spear: Bloodboon Ritual - Hemorrhage,0,direct,per_hit_status,,on_hit,,,1,target status payload is attached to this hit by numeric ID,1.0,0.0,0.0,0.0,0.0,0.0,60.0,0.0,0.0,0.0,0.0,0.0,0.0,1,0
1624,1034,Bloodboon Ritual,2441,attack_param,301711927,6903,AccumuVal [8],0,direct,self_mechanic,,on_hit,,,1,effect targets the attacker/self and is not target buildup,0.0,0.0,0.0,0.0,0.0,0.0,0.0,0.0,0.0,0.0,0.0,0.0,0.0,0,0
1625,1034,Bloodboon Ritual,2441,bullet_target,2339,1625,[AoW] Mohgwyn's Sacred Spear: Bloodboon Ritual - Hemorrhage,0,direct,per_hit_status,,on_hit,,,1,target status payload is attached to this hit by numeric ID,1.0,0.0,0.0,0.0,0.0,0.0,60.0,0.0,0.0,0.0,0.0,0.0,0.0,1,0
1626,1034,Bloodboon Ritual,2442,attack_param,301711925,6903,AccumuVal [8],0,direct,self_mechanic,,on_hit,,,1,effect targets the attacker/self and is not target buildup,0.0,0.0,0.0,0.0,0.0,0.0,0.0,0.0,0.0,0.0,0.0,0.0,0.0,0,0
1627,1034,Bloodboon Ritual,2442,bullet_target,2343,1625,[AoW] Mohgwyn's Sacred Spear: Bloodboon Ritual - Hemorrhage,0,direct,per_hit_status,,on_hit,,,1,target status payload is attached to this hit by numeric ID,1.0,0.0,0.0,0.0,0.0,0.0,60.0,0.0,0.0,0.0,0.0,0.0,0.0,1,0
1628,1034,Bloodboon Ritual,2443,attack_param,301711926,6903,AccumuVal [8],0,direct,self_mechanic,,on_hit,,,1,effect targets the attacker/self and is not target buildup,0.0,0.0,0.0,0.0,0.0,0.0,0.0,0.0,0.0,0.0,0.0,0.0,0.0,0,0
1629,1034,Bloodboon Ritual,2443,bullet_target,2340,1625,[AoW] Mohgwyn's Sacred Spear: Bloodboon Ritual - Hemorrhage,0,direct,per_hit_status,,on_hit,,,1,target status payload is attached to this hit by numeric ID,1.0,0.0,0.0,0.0,0.0,0.0,60.0,0.0,0.0,0.0,0.0,0.0,0.0,1,0
1630,1034,Bloodboon Ritual,2444,attack_param,301711935,6903,AccumuVal [8],0,direct,self_mechanic,,on_hit,,,1,effect targets the attacker/self and is not target buildup,0.0,0.0,0.0,0.0,0.0,0.0,0.0,0.0,0.0,0.0,0.0,0.0,0.0,0,0
1631,1034,Bloodboon Ritual,2445,attack_param,301711940,6903,AccumuVal [8],0,direct,self_mechanic,,on_hit,,,1,effect targets the attacker/self and is not target buildup,0.0,0.0,0.0,0.0,0.0,0.0,0.0,0.0,0.0,0.0,0.0,0.0,0.0,0,0
1632,1034,Bloodboon Ritual,2446,attack_param,301711945,6903,AccumuVal [8],0,direct,self_mechanic,,on_hit,,,1,effect targets the attacker/self and is not target buildup,0.0,0.0,0.0,0.0,0.0,0.0,0.0,0.0,0.0,0.0,0.0,0.0,0.0,0,0
1633,1035,Flowing Form,2248,attack_param,301112900,6903,AccumuVal [8],0,direct,self_mechanic,,on_hit,,,1,effect targets the attacker/self and is not target buildup,0.0,0.0,0.0,0.0,0.0,0.0,0.0,0.0,0.0,0.0,0.0,0.0,0.0,0,0
1634,1035,Flowing Form,2249,attack_param,301112901,6903,AccumuVal [8],0,direct,self_mechanic,,on_hit,,,1,effect targets the attacker/self and is not target buildup,0.0,0.0,0.0,0.0,0.0,0.0,0.0,0.0,0.0,0.0,0.0,0.0,0.0,0,0
1635,1035,Flowing Form,2250,attack_param,301112905,6903,AccumuVal [8],0,direct,self_mechanic,,on_hit,,,1,effect targets the attacker/self and is not target buildup,0.0,0.0,0.0,0.0,0.0,0.0,0.0,0.0,0.0,0.0,0.0,0.0,0.0,0,0
1636,1035,Flowing Form,2251,attack_param,301112906,6903,AccumuVal [8],0,direct,self_mechanic,,on_hit,,,1,effect targets the attacker/self and is not target buildup,0.0,0.0,0.0,0.0,0.0,0.0,0.0,0.0,0.0,0.0,0.0,0.0,0.0,0,0
1637,1036,Blade of Death,1588,attack_param,300101900,6903,AccumuVal [8],0,direct,self_mechanic,,on_hit,,,1,effect targets the attacker/self and is not target buildup,0.0,0.0,0.0,0.0,0.0,0.0,0.0,0.0,0.0,0.0,0.0,0.0,0.0,0,0
1638,1036,Blade of Death,1588,bullet_target,2580,6845,[AoW] Black Knife: Blade of Death - Bullet,0,direct,visual_or_non_gameplay,,on_hit,,,1,effect has no modeled attack-power or status payload,5.0,0.0,0.0,0.0,0.0,0.0,0.0,0.0,0.0,0.0,0.0,0.0,0.0,0,0
1639,1036,Blade of Death,1588,bullet_target,2580,6865,,0,direct,visual_or_non_gameplay,,on_hit,,,1,effect has no modeled attack-power or status payload,45.0,0.0,0.0,0.0,0.0,0.0,0.0,0.0,0.0,0.0,0.0,0.0,0.0,0,0
1640,1036,Blade of Death,1589,attack_param,300101905,6903,AccumuVal [8],0,direct,self_mechanic,,on_hit,,,1,effect targets the attacker/self and is not target buildup,0.0,0.0,0.0,0.0,0.0,0.0,0.0,0.0,0.0,0.0,0.0,0.0,0.0,0,0
1641,1037,Blade of Gold,1586,attack_param,300116900,6903,AccumuVal [8],0,direct,self_mechanic,,on_hit,,,1,effect targets the attacker/self and is not target buildup,0.0,0.0,0.0,0.0,0.0,0.0,0.0,0.0,0.0,0.0,0.0,0.0,0.0,0,0
1642,1037,Blade of Gold,1587,attack_param,300116905,6903,AccumuVal [8],0,direct,self_mechanic,,on_hit,,,1,effect targets the attacker/self and is not target buildup,0.0,0.0,0.0,0.0,0.0,0.0,0.0,0.0,0.0,0.0,0.0,0.0,0.0,0,0
1643,1038,Destined Death,1837,attack_param,300408900,6850,[AoW] Maliketh's Black Blade: Destined Death & Black Blade - DoT,0,direct,visual_or_non_gameplay,,on_hit,,,1,effect has no modeled attack-power or status payload,2.0,0.0,0.0,0.0,0.0,0.0,0.0,0.0,0.0,0.0,0.0,0.0,0.0,0,0
1644,1038,Destined Death,1837,attack_param,300408900,6906,AccumuVal [14],0,direct,self_mechanic,,on_hit,,,1,effect targets the attacker/self and is not target buildup,0.0,0.0,0.0,0.0,0.0,0.0,0.0,0.0,0.0,0.0,0.0,0.0,0.0,0,0
1645,1038,Destined Death,1838,attack_param,300408901,6850,[AoW] Maliketh's Black Blade: Destined Death & Black Blade - DoT,0,direct,visual_or_non_gameplay,,on_hit,,,1,effect has no modeled attack-power or status payload,2.0,0.0,0.0,0.0,0.0,0.0,0.0,0.0,0.0,0.0,0.0,0.0,0.0,0,0
1646,1038,Destined Death,1838,attack_param,300408901,6906,AccumuVal [14],0,direct,self_mechanic,,on_hit,,,1,effect targets the attacker/self and is not target buildup,0.0,0.0,0.0,0.0,0.0,0.0,0.0,0.0,0.0,0.0,0.0,0.0,0.0,0,0
1647,1038,Destined Death,1839,attack_param,300408905,6906,AccumuVal [14],0,direct,self_mechanic,,on_hit,,,1,effect targets the attacker/self and is not target buildup,0.0,0.0,0.0,0.0,0.0,0.0,0.0,0.0,0.0,0.0,0.0,0.0,0.0,0,0
1648,1038,Destined Death,1839,bullet_target,2320,6850,[AoW] Maliketh's Black Blade: Destined Death & Black Blade - DoT,0,direct,visual_or_non_gameplay,,on_hit,,,1,effect has no modeled attack-power or status payload,2.0,0.0,0.0,0.0,0.0,0.0,0.0,0.0,0.0,0.0,0.0,0.0,0.0,0,0
1649,1038,Destined Death,1839,bullet_target,2320,6865,,0,direct,visual_or_non_gameplay,,on_hit,,,1,effect has no modeled attack-power or status payload,45.0,0.0,0.0,0.0,0.0,0.0,0.0,0.0,0.0,0.0,0.0,0.0,0.0,0,0
1650,1038,Destined Death,1840,attack_param,300408906,6906,AccumuVal [14],0,direct,self_mechanic,,on_hit,,,1,effect targets the attacker/self and is not target buildup,0.0,0.0,0.0,0.0,0.0,0.0,0.0,0.0,0.0,0.0,0.0,0.0,0.0,0,0
1651,1038,Destined Death,1840,bullet_target,2321,6850,[AoW] Maliketh's Black Blade: Destined Death & Black Blade - DoT,0,direct,visual_or_non_gameplay,,on_hit,,,1,effect has no modeled attack-power or status payload,2.0,0.0,0.0,0.0,0.0,0.0,0.0,0.0,0.0,0.0,0.0,0.0,0.0,0,0
1652,1038,Destined Death,1840,bullet_target,2321,6865,,0,direct,visual_or_non_gameplay,,on_hit,,,1,effect has no modeled attack-power or status payload,45.0,0.0,0.0,0.0,0.0,0.0,0.0,0.0,0.0,0.0,0.0,0.0,0.0,0,0
1653,1038,Destined Death,1841,attack_param,300408907,6906,AccumuVal [14],0,direct,self_mechanic,,on_hit,,,1,effect targets the attacker/self and is not target buildup,0.0,0.0,0.0,0.0,0.0,0.0,0.0,0.0,0.0,0.0,0.0,0.0,0.0,0,0
1654,1038,Destined Death,1841,bullet_target,2322,6850,[AoW] Maliketh's Black Blade: Destined Death & Black Blade - DoT,0,direct,visual_or_non_gameplay,,on_hit,,,1,effect has no modeled attack-power or status payload,2.0,0.0,0.0,0.0,0.0,0.0,0.0,0.0,0.0,0.0,0.0,0.0,0.0,0,0
1655,1038,Destined Death,1841,bullet_target,2322,6865,,0,direct,visual_or_non_gameplay,,on_hit,,,1,effect has no modeled attack-power or status payload,45.0,0.0,0.0,0.0,0.0,0.0,0.0,0.0,0.0,0.0,0.0,0.0,0.0,0,0
1656,1038,Destined Death,1842,attack_param,300408910,6906,AccumuVal [14],0,direct,self_mechanic,,on_hit,,,1,effect targets the attacker/self and is not target buildup,0.0,0.0,0.0,0.0,0.0,0.0,0.0,0.0,0.0,0.0,0.0,0.0,0.0,0,0
1657,1038,Destined Death,1843,attack_param,300408911,6906,AccumuVal [14],0,direct,self_mechanic,,on_hit,,,1,effect targets the attacker/self and is not target buildup,0.0,0.0,0.0,0.0,0.0,0.0,0.0,0.0,0.0,0.0,0.0,0.0,0.0,0,0
1658,1040,Alabaster Lords' Pull,1727,attack_param,303400700,6903,AccumuVal [8],0,direct,self_mechanic,,on_hit,,,1,effect targets the attacker/self and is not target buildup,0.0,0.0,0.0,0.0,0.0,0.0,0.0,0.0,0.0,0.0,0.0,0.0,0.0,0,0
1659,1040,Alabaster Lords' Pull,1728,attack_param,303400705,470,Gravity - Pull towards Caster,0,direct,visual_or_non_gameplay,,on_hit,,,1,effect has no modeled attack-power or status payload,0.10000000149011612,0.0,0.0,0.0,0.0,0.0,0.0,0.0,0.0,0.0,0.0,0.0,0.0,0,0
1660,1040,Alabaster Lords' Pull,1728,bullet_target,2990,470,Gravity - Pull towards Caster,0,direct,visual_or_non_gameplay,,on_hit,,,1,effect has no modeled attack-power or status payload,0.10000000149011612,0.0,0.0,0.0,0.0,0.0,0.0,0.0,0.0,0.0,0.0,0.0,0.0,0,0
1661,1040,Alabaster Lords' Pull,1729,attack_param,303400706,470,Gravity - Pull towards Caster,0,direct,visual_or_non_gameplay,,on_hit,,,1,effect has no modeled attack-power or status payload,0.10000000149011612,0.0,0.0,0.0,0.0,0.0,0.0,0.0,0.0,0.0,0.0,0.0,0.0,0,0
1662,1040,Alabaster Lords' Pull,1729,bullet_target,2991,470,Gravity - Pull towards Caster,0,direct,visual_or_non_gameplay,,on_hit,,,1,effect has no modeled attack-power or status payload,0.10000000149011612,0.0,0.0,0.0,0.0,0.0,0.0,0.0,0.0,0.0,0.0,0.0,0.0,0,0
1663,1040,Alabaster Lords' Pull,1730,attack_param,303400707,470,Gravity - Pull towards Caster,0,direct,visual_or_non_gameplay,,on_hit,,,1,effect has no modeled attack-power or status payload,0.10000000149011612,0.0,0.0,0.0,0.0,0.0,0.0,0.0,0.0,0.0,0.0,0.0,0.0,0,0
1664,1040,Alabaster Lords' Pull,1730,bullet_target,2992,470,Gravity - Pull towards Caster,0,direct,visual_or_non_gameplay,,on_hit,,,1,effect has no modeled attack-power or status payload,0.10000000149011612,0.0,0.0,0.0,0.0,0.0,0.0,0.0,0.0,0.0,0.0,0.0,0.0,0,0
1665,1040,Alabaster Lords' Pull,1731,attack_param,303400702,6903,AccumuVal [8],0,direct,self_mechanic,,on_hit,,,1,effect targets the attacker/self and is not target buildup,0.0,0.0,0.0,0.0,0.0,0.0,0.0,0.0,0.0,0.0,0.0,0.0,0.0,0,0
1666,1041,Onyx Lords' Repulsion,1938,attack_param,303400800,6903,AccumuVal [8],0,direct,self_mechanic,,on_hit,,,1,effect targets the attacker/self and is not target buildup,0.0,0.0,0.0,0.0,0.0,0.0,0.0,0.0,0.0,0.0,0.0,0.0,0.0,0,0
1667,1041,Onyx Lords' Repulsion,1939,bullet_target,3000,470,Gravity - Pull towards Caster,0,direct,visual_or_non_gameplay,,on_hit,,,1,effect has no modeled attack-power or status payload,0.10000000149011612,0.0,0.0,0.0,0.0,0.0,0.0,0.0,0.0,0.0,0.0,0.0,0.0,0,0
1668,1041,Onyx Lords' Repulsion,1940,bullet_target,3001,470,Gravity - Pull towards Caster,0,direct,visual_or_non_gameplay,,on_hit,,,1,effect has no modeled attack-power or status payload,0.10000000149011612,0.0,0.0,0.0,0.0,0.0,0.0,0.0,0.0,0.0,0.0,0.0,0.0,0,0
1669,1041,Onyx Lords' Repulsion,1941,bullet_target,3002,470,Gravity - Pull towards Caster,0,direct,visual_or_non_gameplay,,on_hit,,,1,effect has no modeled attack-power or status payload,0.10000000149011612,0.0,0.0,0.0,0.0,0.0,0.0,0.0,0.0,0.0,0.0,0.0,0.0,0,0
1670,1041,Onyx Lords' Repulsion,1942,attack_param,303400801,6903,AccumuVal [8],0,direct,self_mechanic,,on_hit,,,1,effect targets the attacker/self and is not target buildup,0.0,0.0,0.0,0.0,0.0,0.0,0.0,0.0,0.0,0.0,0.0,0.0,0.0,0,0
1671,1043,Ice Lightning Sword,2027,attack_param,300900100,6703,Frostbite - Type 1 - Special 4,0,direct,per_hit_status,,on_hit,,,1,target status payload is attached to this hit by numeric ID,30.0,0.0,0.0,0.0,0.0,0.0,0.0,70.0,0.0,0.0,0.0,0.0,0.0,1,0
1672,1043,Ice Lightning Sword,2027,attack_param,300900100,6903,AccumuVal [8],0,direct,self_mechanic,,on_hit,,,1,effect targets the attacker/self and is not target buildup,0.0,0.0,0.0,0.0,0.0,0.0,0.0,0.0,0.0,0.0,0.0,0.0,0.0,0,0
1673,1043,Ice Lightning Sword,2028,attack_param,30090011,6705,Frostbite - Type 1 - Special 6,0,direct,per_hit_status,,on_hit,,,1,target status payload is attached to this hit by numeric ID,30.0,0.0,0.0,0.0,0.0,0.0,0.0,80.0,0.0,0.0,0.0,0.0,0.0,1,0
1674,1043,Ice Lightning Sword,2029,attack_param,30090012,6703,Frostbite - Type 1 - Special 4,0,direct,per_hit_status,,on_hit,,,1,target status payload is attached to this hit by numeric ID,30.0,0.0,0.0,0.0,0.0,0.0,0.0,70.0,0.0,0.0,0.0,0.0,0.0,1,0
1675,1043,Ice Lightning Sword,2029,bullet_target,2726|2727|2728|2729,875,[AoW] Dragon Halberd: Spinning Slash - Bullet Frostbite,0,direct,per_hit_status,,on_hit,,,1,target status payload is attached to this hit by numeric ID,30.0,0.0,0.0,0.0,0.0,0.0,0.0,70.0,0.0,0.0,0.0,0.0,0.0,0,0
1676,1043,Ice Lightning Sword,2030,attack_param,300900113,6903,AccumuVal [8],0,direct,self_mechanic,,on_hit,,,1,effect targets the attacker/self and is not target buildup,0.0,0.0,0.0,0.0,0.0,0.0,0.0,0.0,0.0,0.0,0.0,0.0,0.0,0,0
1677,1044,Regal Beastclaw,2306,attack_param,303400400,6906,AccumuVal [14],0,direct,self_mechanic,,on_hit,,,1,effect targets the attacker/self and is not target buildup,0.0,0.0,0.0,0.0,0.0,0.0,0.0,0.0,0.0,0.0,0.0,0.0,0.0,0,0
1678,1044,Regal Beastclaw,2308,attack_param,303400401,6906,AccumuVal [14],0,direct,self_mechanic,,on_hit,,,1,effect targets the attacker/self and is not target buildup,0.0,0.0,0.0,0.0,0.0,0.0,0.0,0.0,0.0,0.0,0.0,0.0,0.0,0,0
1679,1045,Flame Dance,2531,attack_param,302006900,6903,AccumuVal [8],0,direct,self_mechanic,,on_hit,,,1,effect targets the attacker/self and is not target buildup,0.0,0.0,0.0,0.0,0.0,0.0,0.0,0.0,0.0,0.0,0.0,0.0,0.0,0,0
1680,1045,Flame Dance,2532,attack_param,302006901,6903,AccumuVal [8],0,direct,self_mechanic,,on_hit,,,1,effect targets the attacker/self and is not target buildup,0.0,0.0,0.0,0.0,0.0,0.0,0.0,0.0,0.0,0.0,0.0,0.0,0.0,0,0
1681,1045,Flame Dance,2533,attack_param,302006902,6903,AccumuVal [8],0,direct,self_mechanic,,on_hit,,,1,effect targets the attacker/self and is not target buildup,0.0,0.0,0.0,0.0,0.0,0.0,0.0,0.0,0.0,0.0,0.0,0.0,0.0,0,0
1682,1045,Flame Dance,2534,attack_param,302006903,6903,AccumuVal [8],0,direct,self_mechanic,,on_hit,,,1,effect targets the attacker/self and is not target buildup,0.0,0.0,0.0,0.0,0.0,0.0,0.0,0.0,0.0,0.0,0.0,0.0,0.0,0,0
1683,1045,Flame Dance,2535,attack_param,302006904,6903,AccumuVal [8],0,direct,self_mechanic,,on_hit,,,1,effect targets the attacker/self and is not target buildup,0.0,0.0,0.0,0.0,0.0,0.0,0.0,0.0,0.0,0.0,0.0,0.0,0.0,0,0
1684,1045,Flame Dance,2536,attack_param,302006910,6903,AccumuVal [8],0,direct,self_mechanic,,on_hit,,,1,effect targets the attacker/self and is not target buildup,0.0,0.0,0.0,0.0,0.0,0.0,0.0,0.0,0.0,0.0,0.0,0.0,0.0,0,0
1685,1045,Flame Dance,2537,attack_param,302006911,6903,AccumuVal [8],0,direct,self_mechanic,,on_hit,,,1,effect targets the attacker/self and is not target buildup,0.0,0.0,0.0,0.0,0.0,0.0,0.0,0.0,0.0,0.0,0.0,0.0,0.0,0,0
1686,1045,Flame Dance,2538,attack_param,302006912,6903,AccumuVal [8],0,direct,self_mechanic,,on_hit,,,1,effect targets the attacker/self and is not target buildup,0.0,0.0,0.0,0.0,0.0,0.0,0.0,0.0,0.0,0.0,0.0,0.0,0.0,0,0
1687,1045,Flame Dance,2539,attack_param,302006913,6903,AccumuVal [8],0,direct,self_mechanic,,on_hit,,,1,effect targets the attacker/self and is not target buildup,0.0,0.0,0.0,0.0,0.0,0.0,0.0,0.0,0.0,0.0,0.0,0.0,0.0,0,0
1688,1045,Flame Dance,2540,attack_param,302006914,6903,AccumuVal [8],0,direct,self_mechanic,,on_hit,,,1,effect targets the attacker/self and is not target buildup,0.0,0.0,0.0,0.0,0.0,0.0,0.0,0.0,0.0,0.0,0.0,0.0,0.0,0,0
1689,1046,Claw Flick,2252,attack_param,301113900,6903,AccumuVal [8],0,direct,self_mechanic,,on_hit,,,1,effect targets the attacker/self and is not target buildup,0.0,0.0,0.0,0.0,0.0,0.0,0.0,0.0,0.0,0.0,0.0,0.0,0.0,0,0
1690,1046,Claw Flick,2253,attack_param,301113901,6906,AccumuVal [14],0,direct,self_mechanic,,on_hit,,,1,effect targets the attacker/self and is not target buildup,0.0,0.0,0.0,0.0,0.0,0.0,0.0,0.0,0.0,0.0,0.0,0.0,0.0,0,0
1691,1047,Nebula,2286,attack_param,303400900,6903,AccumuVal [8],0,direct,self_mechanic,,on_hit,,,1,effect targets the attacker/self and is not target buildup,0.0,0.0,0.0,0.0,0.0,0.0,0.0,0.0,0.0,0.0,0.0,0.0,0.0,0,0
1692,1047,Nebula,2287,attack_param,303400901,6903,AccumuVal [8],0,direct,self_mechanic,,on_hit,,,1,effect targets the attacker/self and is not target buildup,0.0,0.0,0.0,0.0,0.0,0.0,0.0,0.0,0.0,0.0,0.0,0.0,0.0,0,0
1693,1047,Nebula,2288,attack_param,303400905,6903,AccumuVal [8],0,direct,self_mechanic,,on_hit,,,1,effect targets the attacker/self and is not target buildup,0.0,0.0,0.0,0.0,0.0,0.0,0.0,0.0,0.0,0.0,0.0,0.0,0.0,0,0
1694,1048,Ghostflame Ignition,1732,attack_param,303401300,6903,AccumuVal [8],0,direct,self_mechanic,,on_hit,,,1,effect targets the attacker/self and is not target buildup,0.0,0.0,0.0,0.0,0.0,0.0,0.0,0.0,0.0,0.0,0.0,0.0,0.0,0,0
1695,1048,Ghostflame Ignition,1733,attack_param,303401303,6903,AccumuVal [8],0,direct,self_mechanic,,on_hit,,,1,effect targets the attacker/self and is not target buildup,0.0,0.0,0.0,0.0,0.0,0.0,0.0,0.0,0.0,0.0,0.0,0.0,0.0,0,0
1696,1048,Ghostflame Ignition,1733,bullet_shooter,2290,17655,,0,direct,self_buff,,on_hit,,,1,applies to the projectile shooter rather than the target hit,4.0,0.0,0.0,0.0,0.0,0.0,0.0,0.0,0.0,0.0,0.0,0.0,0.0,0,0
1697,1048,Ghostflame Ignition,1733,bullet_target,2290,6700,,0,direct,per_hit_status,,on_hit,,,1,target status payload is attached to this hit by numeric ID,30.0,0.0,0.0,0.0,0.0,0.0,0.0,55.0,0.0,0.0,0.0,0.0,0.0,1,0
1698,1048,Ghostflame Ignition,1734,attack_param,303401304,6903,AccumuVal [8],0,direct,self_mechanic,,on_hit,,,1,effect targets the attacker/self and is not target buildup,0.0,0.0,0.0,0.0,0.0,0.0,0.0,0.0,0.0,0.0,0.0,0.0,0.0,0,0
1699,1048,Ghostflame Ignition,1734,bullet_target,2291,6700,,0,direct,per_hit_status,,on_hit,,,1,target status payload is attached to this hit by numeric ID,30.0,0.0,0.0,0.0,0.0,0.0,0.0,55.0,0.0,0.0,0.0,0.0,0.0,1,0
1700,1048,Ghostflame Ignition,1735,attack_param,303401301,6903,AccumuVal [8],0,direct,self_mechanic,,on_hit,,,1,effect targets the attacker/self and is not target buildup,0.0,0.0,0.0,0.0,0.0,0.0,0.0,0.0,0.0,0.0,0.0,0.0,0.0,0,0
1701,1048,Ghostflame Ignition,1736,attack_param,303401310,6903,AccumuVal [8],0,direct,self_mechanic,,on_hit,,,1,effect targets the attacker/self and is not target buildup,0.0,0.0,0.0,0.0,0.0,0.0,0.0,0.0,0.0,0.0,0.0,0.0,0.0,0,0
1702,1048,Ghostflame Ignition,1737,attack_param,303401305,6903,AccumuVal [8],0,direct,self_mechanic,,on_hit,,,1,effect targets the attacker/self and is not target buildup,0.0,0.0,0.0,0.0,0.0,0.0,0.0,0.0,0.0,0.0,0.0,0.0,0.0,0,0
1703,1048,Ghostflame Ignition,1737,bullet_target,2294,6702,Frostbite - Type 1 - Special 3,0,direct,per_hit_status,,on_hit,,,1,target status payload is attached to this hit by numeric ID,30.0,0.0,0.0,0.0,0.0,0.0,0.0,65.0,0.0,0.0,0.0,0.0,0.0,1,0
1704,1048,Ghostflame Ignition,1738,attack_param,303401302,6903,AccumuVal [8],0,direct,self_mechanic,,on_hit,,,1,effect targets the attacker/self and is not target buildup,0.0,0.0,0.0,0.0,0.0,0.0,0.0,0.0,0.0,0.0,0.0,0.0,0.0,0,0
1705,1048,Ghostflame Ignition,1739,attack_param,303401306,6903,AccumuVal [8],0,direct,self_mechanic,,on_hit,,,1,effect targets the attacker/self and is not target buildup,0.0,0.0,0.0,0.0,0.0,0.0,0.0,0.0,0.0,0.0,0.0,0.0,0.0,0,0
1706,1048,Ghostflame Ignition,1739,bullet_target,2295,6705,Frostbite - Type 1 - Special 6,0,direct,per_hit_status,,on_hit,,,1,target status payload is attached to this hit by numeric ID,30.0,0.0,0.0,0.0,0.0,0.0,0.0,80.0,0.0,0.0,0.0,0.0,0.0,1,0
1707,1048,Ghostflame Ignition,1740,attack_param,303401307,6903,AccumuVal [8],0,direct,self_mechanic,,on_hit,,,1,effect targets the attacker/self and is not target buildup,0.0,0.0,0.0,0.0,0.0,0.0,0.0,0.0,0.0,0.0,0.0,0.0,0.0,0,0
1708,1048,Ghostflame Ignition,1741,attack_param,303401308,6903,AccumuVal [8],0,direct,self_mechanic,,on_hit,,,1,effect targets the attacker/self and is not target buildup,0.0,0.0,0.0,0.0,0.0,0.0,0.0,0.0,0.0,0.0,0.0,0.0,0.0,0,0
1709,1048,Ghostflame Ignition,1742,attack_param,303401309,6903,AccumuVal [8],0,direct,self_mechanic,,on_hit,,,1,effect targets the attacker/self and is not target buildup,0.0,0.0,0.0,0.0,0.0,0.0,0.0,0.0,0.0,0.0,0.0,0.0,0.0,0,0
1710,1050,Frenzyflame Thrust,2420,attack_param,301705900,6903,AccumuVal [8],0,direct,self_mechanic,,on_hit,,,1,effect targets the attacker/self and is not target buildup,0.0,0.0,0.0,0.0,0.0,0.0,0.0,0.0,0.0,0.0,0.0,0.0,0.0,0,0
1711,1050,Frenzyflame Thrust,2421,attack_param,301705902,6903,AccumuVal [8],0,direct,self_mechanic,,on_hit,,,1,effect targets the attacker/self and is not target buildup,0.0,0.0,0.0,0.0,0.0,0.0,0.0,0.0,0.0,0.0,0.0,0.0,0.0,0,0
1712,1050,Frenzyflame Thrust,2422,attack_param,301705907,6903,AccumuVal [8],0,direct,self_mechanic,,on_hit,,,1,effect targets the attacker/self and is not target buildup,0.0,0.0,0.0,0.0,0.0,0.0,0.0,0.0,0.0,0.0,0.0,0.0,0.0,0,0
1713,1050,Frenzyflame Thrust,2423,attack_param,301705925,6903,AccumuVal [8],0,direct,self_mechanic,,on_hit,,,1,effect targets the attacker/self and is not target buildup,0.0,0.0,0.0,0.0,0.0,0.0,0.0,0.0,0.0,0.0,0.0,0.0,0.0,0,0
1714,1051,Miquella's Ring of Light,2488,attack_param,301902900,6903,AccumuVal [8],0,direct,self_mechanic,,on_hit,,,1,effect targets the attacker/self and is not target buildup,0.0,0.0,0.0,0.0,0.0,0.0,0.0,0.0,0.0,0.0,0.0,0.0,0.0,0,0
1715,1051,Miquella's Ring of Light,2489,attack_param,301902901,6903,AccumuVal [8],0,direct,self_mechanic,,on_hit,,,1,effect targets the attacker/self and is not target buildup,0.0,0.0,0.0,0.0,0.0,0.0,0.0,0.0,0.0,0.0,0.0,0.0,0.0,0,0
1716,1051,Miquella's Ring of Light,2490,attack_param,301902902,6903,AccumuVal [8],0,direct,self_mechanic,,on_hit,,,1,effect targets the attacker/self and is not target buildup,0.0,0.0,0.0,0.0,0.0,0.0,0.0,0.0,0.0,0.0,0.0,0.0,0.0,0,0
1717,1051,Miquella's Ring of Light,2491,attack_param,301902910,6903,AccumuVal [8],0,direct,self_mechanic,,on_hit,,,1,effect targets the attacker/self and is not target buildup,0.0,0.0,0.0,0.0,0.0,0.0,0.0,0.0,0.0,0.0,0.0,0.0,0.0,0,0
1718,1051,Miquella's Ring of Light,2492,attack_param,301902911,6903,AccumuVal [8],0,direct,self_mechanic,,on_hit,,,1,effect targets the attacker/self and is not target buildup,0.0,0.0,0.0,0.0,0.0,0.0,0.0,0.0,0.0,0.0,0.0,0.0,0.0,0,0
1719,1051,Miquella's Ring of Light,2493,attack_param,301902912,6903,AccumuVal [8],0,direct,self_mechanic,,on_hit,,,1,effect targets the attacker/self and is not target buildup,0.0,0.0,0.0,0.0,0.0,0.0,0.0,0.0,0.0,0.0,0.0,0.0,0.0,0,0
1720,1051,Miquella's Ring of Light,2494,attack_param,301902920,6903,AccumuVal [8],0,direct,self_mechanic,,on_hit,,,1,effect targets the attacker/self and is not target buildup,0.0,0.0,0.0,0.0,0.0,0.0,0.0,0.0,0.0,0.0,0.0,0.0,0.0,0,0
1721,1051,Miquella's Ring of Light,2495,attack_param,301902921,6903,AccumuVal [8],0,direct,self_mechanic,,on_hit,,,1,effect targets the attacker/self and is not target buildup,0.0,0.0,0.0,0.0,0.0,0.0,0.0,0.0,0.0,0.0,0.0,0.0,0.0,0,0
1722,1051,Miquella's Ring of Light,2496,attack_param,301902922,6903,AccumuVal [8],0,direct,self_mechanic,,on_hit,,,1,effect targets the attacker/self and is not target buildup,0.0,0.0,0.0,0.0,0.0,0.0,0.0,0.0,0.0,0.0,0.0,0.0,0.0,0,0
1723,1051,Miquella's Ring of Light,2497,attack_param,301902905,6903,AccumuVal [8],0,direct,self_mechanic,,on_hit,,,1,effect targets the attacker/self and is not target buildup,0.0,0.0,0.0,0.0,0.0,0.0,0.0,0.0,0.0,0.0,0.0,0.0,0.0,0,0
1724,1051,Miquella's Ring of Light,2498,attack_param,301902915,6903,AccumuVal [8],0,direct,self_mechanic,,on_hit,,,1,effect targets the attacker/self and is not target buildup,0.0,0.0,0.0,0.0,0.0,0.0,0.0,0.0,0.0,0.0,0.0,0.0,0.0,0,0
1725,1051,Miquella's Ring of Light,2499,attack_param,301902925,6903,AccumuVal [8],0,direct,self_mechanic,,on_hit,,,1,effect targets the attacker/self and is not target buildup,0.0,0.0,0.0,0.0,0.0,0.0,0.0,0.0,0.0,0.0,0.0,0.0,0.0,0,0
1726,1052,Golden Tempering,1590,attack_param,303401000,1665,,0,direct,self_mechanic,,on_hit,,,1,effect targets the attacker/self and is not target buildup,0.0,0.0,0.0,0.0,0.0,0.0,0.0,0.0,0.0,0.0,0.0,0.0,0.0,0,0
1727,1052,Golden Tempering,1590,attack_param,303401000,6903,AccumuVal [8],0,direct,self_mechanic,,on_hit,,,1,effect targets the attacker/self and is not target buildup,0.0,0.0,0.0,0.0,0.0,0.0,0.0,0.0,0.0,0.0,0.0,0.0,0.0,0,0
1728,1052,Golden Tempering,1591,attack_param,303401001,1667,,0,direct,self_mechanic,,on_hit,,,1,effect targets the attacker/self and is not target buildup,0.0,0.0,0.0,0.0,0.0,0.0,0.0,0.0,0.0,0.0,0.0,0.0,0.0,0,0
1729,1052,Golden Tempering,1591,attack_param,303401001,6903,AccumuVal [8],0,direct,self_mechanic,,on_hit,,,1,effect targets the attacker/self and is not target buildup,0.0,0.0,0.0,0.0,0.0,0.0,0.0,0.0,0.0,0.0,0.0,0.0,0.0,0,0
1730,1052,Golden Tempering,1592,attack_param,303401005,1665,,0,direct,self_mechanic,,on_hit,,,1,effect targets the attacker/self and is not target buildup,0.0,0.0,0.0,0.0,0.0,0.0,0.0,0.0,0.0,0.0,0.0,0.0,0.0,0,0
1731,1052,Golden Tempering,1592,attack_param,303401005,6903,AccumuVal [8],0,direct,self_mechanic,,on_hit,,,1,effect targets the attacker/self and is not target buildup,0.0,0.0,0.0,0.0,0.0,0.0,0.0,0.0,0.0,0.0,0.0,0.0,0.0,0,0
1732,1052,Golden Tempering,1593,attack_param,303401006,1667,,0,direct,self_mechanic,,on_hit,,,1,effect targets the attacker/self and is not target buildup,0.0,0.0,0.0,0.0,0.0,0.0,0.0,0.0,0.0,0.0,0.0,0.0,0.0,0,0
1733,1052,Golden Tempering,1593,attack_param,303401006,6903,AccumuVal [8],0,direct,self_mechanic,,on_hit,,,1,effect targets the attacker/self and is not target buildup,0.0,0.0,0.0,0.0,0.0,0.0,0.0,0.0,0.0,0.0,0.0,0.0,0.0,0,0
1734,1052,Golden Tempering,1594,attack_param,303401000,1665,,0,direct,self_mechanic,,on_hit,,,1,effect targets the attacker/self and is not target buildup,0.0,0.0,0.0,0.0,0.0,0.0,0.0,0.0,0.0,0.0,0.0,0.0,0.0,0,0
1735,1052,Golden Tempering,1594,attack_param,303401000,6903,AccumuVal [8],0,direct,self_mechanic,,on_hit,,,1,effect targets the attacker/self and is not target buildup,0.0,0.0,0.0,0.0,0.0,0.0,0.0,0.0,0.0,0.0,0.0,0.0,0.0,0,0
1736,1052,Golden Tempering,1595,attack_param,303401001,1667,,0,direct,self_mechanic,,on_hit,,,1,effect targets the attacker/self and is not target buildup,0.0,0.0,0.0,0.0,0.0,0.0,0.0,0.0,0.0,0.0,0.0,0.0,0.0,0,0
1737,1052,Golden Tempering,1595,attack_param,303401001,6903,AccumuVal [8],0,direct,self_mechanic,,on_hit,,,1,effect targets the attacker/self and is not target buildup,0.0,0.0,0.0,0.0,0.0,0.0,0.0,0.0,0.0,0.0,0.0,0.0,0.0,0,0
1738,1052,Golden Tempering,1596,attack_param,303401005,1665,,0,direct,self_mechanic,,on_hit,,,1,effect targets the attacker/self and is not target buildup,0.0,0.0,0.0,0.0,0.0,0.0,0.0,0.0,0.0,0.0,0.0,0.0,0.0,0,0
1739,1052,Golden Tempering,1596,attack_param,303401005,6903,AccumuVal [8],0,direct,self_mechanic,,on_hit,,,1,effect targets the attacker/self and is not target buildup,0.0,0.0,0.0,0.0,0.0,0.0,0.0,0.0,0.0,0.0,0.0,0.0,0.0,0,0
1740,1052,Golden Tempering,1597,attack_param,303401006,1667,,0,direct,self_mechanic,,on_hit,,,1,effect targets the attacker/self and is not target buildup,0.0,0.0,0.0,0.0,0.0,0.0,0.0,0.0,0.0,0.0,0.0,0.0,0.0,0,0
1741,1052,Golden Tempering,1597,attack_param,303401006,6903,AccumuVal [8],0,direct,self_mechanic,,on_hit,,,1,effect targets the attacker/self and is not target buildup,0.0,0.0,0.0,0.0,0.0,0.0,0.0,0.0,0.0,0.0,0.0,0.0,0.0,0,0
1742,1052,Golden Tempering,1598,attack_param,303401007,1665,,0,direct,self_mechanic,,on_hit,,,1,effect targets the attacker/self and is not target buildup,0.0,0.0,0.0,0.0,0.0,0.0,0.0,0.0,0.0,0.0,0.0,0.0,0.0,0,0
1743,1052,Golden Tempering,1598,attack_param,303401007,6903,AccumuVal [8],0,direct,self_mechanic,,on_hit,,,1,effect targets the attacker/self and is not target buildup,0.0,0.0,0.0,0.0,0.0,0.0,0.0,0.0,0.0,0.0,0.0,0.0,0.0,0,0
1744,1052,Golden Tempering,1599,attack_param,303401008,1667,,0,direct,self_mechanic,,on_hit,,,1,effect targets the attacker/self and is not target buildup,0.0,0.0,0.0,0.0,0.0,0.0,0.0,0.0,0.0,0.0,0.0,0.0,0.0,0,0
1745,1052,Golden Tempering,1599,attack_param,303401008,6903,AccumuVal [8],0,direct,self_mechanic,,on_hit,,,1,effect targets the attacker/self and is not target buildup,0.0,0.0,0.0,0.0,0.0,0.0,0.0,0.0,0.0,0.0,0.0,0.0,0.0,0,0
1746,1054,Unblockable Blade,1625,attack_param,303400200,1665,,0,direct,self_mechanic,,on_hit,,,1,effect targets the attacker/self and is not target buildup,0.0,0.0,0.0,0.0,0.0,0.0,0.0,0.0,0.0,0.0,0.0,0.0,0.0,0,0
1747,1054,Unblockable Blade,1625,attack_param,303400200,1667,,0,direct,self_mechanic,,on_hit,,,1,effect targets the attacker/self and is not target buildup,0.0,0.0,0.0,0.0,0.0,0.0,0.0,0.0,0.0,0.0,0.0,0.0,0.0,0,0
1748,1054,Unblockable Blade,1625,attack_param,303400200,6906,AccumuVal [14],0,direct,self_mechanic,,on_hit,,,1,effect targets the attacker/self and is not target buildup,0.0,0.0,0.0,0.0,0.0,0.0,0.0,0.0,0.0,0.0,0.0,0.0,0.0,0,0
1749,1054,Unblockable Blade,1626,attack_param,303400201,1665,,0,direct,self_mechanic,,on_hit,,,1,effect targets the attacker/self and is not target buildup,0.0,0.0,0.0,0.0,0.0,0.0,0.0,0.0,0.0,0.0,0.0,0.0,0.0,0,0
1750,1054,Unblockable Blade,1626,attack_param,303400201,1667,,0,direct,self_mechanic,,on_hit,,,1,effect targets the attacker/self and is not target buildup,0.0,0.0,0.0,0.0,0.0,0.0,0.0,0.0,0.0,0.0,0.0,0.0,0.0,0,0
1751,1054,Unblockable Blade,1626,attack_param,303400201,6904,AccumuVal [10],0,direct,self_mechanic,,on_hit,,,1,effect targets the attacker/self and is not target buildup,0.0,0.0,0.0,0.0,0.0,0.0,0.0,0.0,0.0,0.0,0.0,0.0,0.0,0,0
1752,1055,Eochaid's Dancing Blade,1604,attack_param,300208921,6906,AccumuVal [14],0,direct,self_mechanic,,on_hit,,,1,effect targets the attacker/self and is not target buildup,0.0,0.0,0.0,0.0,0.0,0.0,0.0,0.0,0.0,0.0,0.0,0.0,0.0,0,0
1753,1055,Eochaid's Dancing Blade,1605,attack_param,300208920,6906,AccumuVal [14],0,direct,self_mechanic,,on_hit,,,1,effect targets the attacker/self and is not target buildup,0.0,0.0,0.0,0.0,0.0,0.0,0.0,0.0,0.0,0.0,0.0,0.0,0.0,0,0
1754,1055,Eochaid's Dancing Blade,1606,attack_param,300208920,6906,AccumuVal [14],0,direct,self_mechanic,,on_hit,,,1,effect targets the attacker/self and is not target buildup,0.0,0.0,0.0,0.0,0.0,0.0,0.0,0.0,0.0,0.0,0.0,0.0,0.0,0,0
1755,1055,Eochaid's Dancing Blade,1607,attack_param,300208920,6906,AccumuVal [14],0,direct,self_mechanic,,on_hit,,,1,effect targets the attacker/self and is not target buildup,0.0,0.0,0.0,0.0,0.0,0.0,0.0,0.0,0.0,0.0,0.0,0.0,0.0,0,0
1756,1055,Eochaid's Dancing Blade,1608,attack_param,300208920,6906,AccumuVal [14],0,direct,self_mechanic,,on_hit,,,1,effect targets the attacker/self and is not target buildup,0.0,0.0,0.0,0.0,0.0,0.0,0.0,0.0,0.0,0.0,0.0,0.0,0.0,0,0
1757,1055,Eochaid's Dancing Blade,1609,attack_param,300208920,6906,AccumuVal [14],0,direct,self_mechanic,,on_hit,,,1,effect targets the attacker/self and is not target buildup,0.0,0.0,0.0,0.0,0.0,0.0,0.0,0.0,0.0,0.0,0.0,0.0,0.0,0,0
1758,1055,Eochaid's Dancing Blade,1610,attack_param,300208920,6906,AccumuVal [14],0,direct,self_mechanic,,on_hit,,,1,effect targets the attacker/self and is not target buildup,0.0,0.0,0.0,0.0,0.0,0.0,0.0,0.0,0.0,0.0,0.0,0.0,0.0,0,0
1759,1055,Eochaid's Dancing Blade,1611,attack_param,300208922,6906,AccumuVal [14],0,direct,self_mechanic,,on_hit,,,1,effect targets the attacker/self and is not target buildup,0.0,0.0,0.0,0.0,0.0,0.0,0.0,0.0,0.0,0.0,0.0,0.0,0.0,0,0
1760,1055,Eochaid's Dancing Blade,1612,attack_param,300208923,1665,,0,direct,self_mechanic,,on_hit,,,1,effect targets the attacker/self and is not target buildup,0.0,0.0,0.0,0.0,0.0,0.0,0.0,0.0,0.0,0.0,0.0,0.0,0.0,0,0
1761,1055,Eochaid's Dancing Blade,1612,attack_param,300208923,6904,AccumuVal [10],0,direct,self_mechanic,,on_hit,,,1,effect targets the attacker/self and is not target buildup,0.0,0.0,0.0,0.0,0.0,0.0,0.0,0.0,0.0,0.0,0.0,0.0,0.0,0,0
1762,1055,Eochaid's Dancing Blade,1613,attack_param,300208925,6906,AccumuVal [14],0,direct,self_mechanic,,on_hit,,,1,effect targets the attacker/self and is not target buildup,0.0,0.0,0.0,0.0,0.0,0.0,0.0,0.0,0.0,0.0,0.0,0.0,0.0,0,0
1763,1055,Eochaid's Dancing Blade,1614,attack_param,300208924,6906,AccumuVal [14],0,direct,self_mechanic,,on_hit,,,1,effect targets the attacker/self and is not target buildup,0.0,0.0,0.0,0.0,0.0,0.0,0.0,0.0,0.0,0.0,0.0,0.0,0.0,0,0
1764,1055,Eochaid's Dancing Blade,1615,attack_param,300208924,6906,AccumuVal [14],0,direct,self_mechanic,,on_hit,,,1,effect targets the attacker/self and is not target buildup,0.0,0.0,0.0,0.0,0.0,0.0,0.0,0.0,0.0,0.0,0.0,0.0,0.0,0,0
1765,1055,Eochaid's Dancing Blade,1616,attack_param,300208924,6906,AccumuVal [14],0,direct,self_mechanic,,on_hit,,,1,effect targets the attacker/self and is not target buildup,0.0,0.0,0.0,0.0,0.0,0.0,0.0,0.0,0.0,0.0,0.0,0.0,0.0,0,0
1766,1055,Eochaid's Dancing Blade,1617,attack_param,300208924,6906,AccumuVal [14],0,direct,self_mechanic,,on_hit,,,1,effect targets the attacker/self and is not target buildup,0.0,0.0,0.0,0.0,0.0,0.0,0.0,0.0,0.0,0.0,0.0,0.0,0.0,0,0
1767,1055,Eochaid's Dancing Blade,1618,attack_param,300208924,6906,AccumuVal [14],0,direct,self_mechanic,,on_hit,,,1,effect targets the attacker/self and is not target buildup,0.0,0.0,0.0,0.0,0.0,0.0,0.0,0.0,0.0,0.0,0.0,0.0,0.0,0,0
1768,1055,Eochaid's Dancing Blade,1619,attack_param,300208924,6906,AccumuVal [14],0,direct,self_mechanic,,on_hit,,,1,effect targets the attacker/self and is not target buildup,0.0,0.0,0.0,0.0,0.0,0.0,0.0,0.0,0.0,0.0,0.0,0.0,0.0,0,0
1769,1055,Eochaid's Dancing Blade,1620,attack_param,300208924,6906,AccumuVal [14],0,direct,self_mechanic,,on_hit,,,1,effect targets the attacker/self and is not target buildup,0.0,0.0,0.0,0.0,0.0,0.0,0.0,0.0,0.0,0.0,0.0,0.0,0.0,0,0
1770,1055,Eochaid's Dancing Blade,1621,attack_param,300208924,6906,AccumuVal [14],0,direct,self_mechanic,,on_hit,,,1,effect targets the attacker/self and is not target buildup,0.0,0.0,0.0,0.0,0.0,0.0,0.0,0.0,0.0,0.0,0.0,0.0,0.0,0,0
1771,1055,Eochaid's Dancing Blade,1622,attack_param,300208924,6906,AccumuVal [14],0,direct,self_mechanic,,on_hit,,,1,effect targets the attacker/self and is not target buildup,0.0,0.0,0.0,0.0,0.0,0.0,0.0,0.0,0.0,0.0,0.0,0.0,0.0,0,0
1772,1055,Eochaid's Dancing Blade,1623,attack_param,300208926,6906,AccumuVal [14],0,direct,self_mechanic,,on_hit,,,1,effect targets the attacker/self and is not target buildup,0.0,0.0,0.0,0.0,0.0,0.0,0.0,0.0,0.0,0.0,0.0,0.0,0.0,0,0
1773,1055,Eochaid's Dancing Blade,1624,attack_param,300208927,1665,,0,direct,self_mechanic,,on_hit,,,1,effect targets the attacker/self and is not target buildup,0.0,0.0,0.0,0.0,0.0,0.0,0.0,0.0,0.0,0.0,0.0,0.0,0.0,0,0
1774,1055,Eochaid's Dancing Blade,1624,attack_param,300208927,6904,AccumuVal [10],0,direct,self_mechanic,,on_hit,,,1,effect targets the attacker/self and is not target buildup,0.0,0.0,0.0,0.0,0.0,0.0,0.0,0.0,0.0,0.0,0.0,0.0,0.0,0,0
1775,1165,Loretta's Slash,2471,attack_param,301810905,6903,AccumuVal [8],0,direct,self_mechanic,,on_hit,,,1,effect targets the attacker/self and is not target buildup,0.0,0.0,0.0,0.0,0.0,0.0,0.0,0.0,0.0,0.0,0.0,0.0,0.0,0,0
1776,1165,Loretta's Slash,2472,attack_param,301810906,6903,AccumuVal [8],0,direct,self_mechanic,,on_hit,,,1,effect targets the attacker/self and is not target buildup,0.0,0.0,0.0,0.0,0.0,0.0,0.0,0.0,0.0,0.0,0.0,0.0,0.0,0,0
1777,1165,Loretta's Slash,2473,attack_param,301810910,6903,AccumuVal [8],0,direct,self_mechanic,,on_hit,,,1,effect targets the attacker/self and is not target buildup,0.0,0.0,0.0,0.0,0.0,0.0,0.0,0.0,0.0,0.0,0.0,0.0,0.0,0,0
1778,1165,Loretta's Slash,2474,attack_param,301810911,6903,AccumuVal [8],0,direct,self_mechanic,,on_hit,,,1,effect targets the attacker/self and is not target buildup,0.0,0.0,0.0,0.0,0.0,0.0,0.0,0.0,0.0,0.0,0.0,0.0,0.0,0,0
1779,1166,Spinning Slash,2462,attack_param,300000230,6903,AccumuVal [8],0,direct,self_mechanic,,on_hit,,,1,effect targets the attacker/self and is not target buildup,0.0,0.0,0.0,0.0,0.0,0.0,0.0,0.0,0.0,0.0,0.0,0.0,0.0,0,0
1780,1166,Spinning Slash,2463,attack_param,300000231,6903,AccumuVal [8],0,direct,self_mechanic,,on_hit,,,1,effect targets the attacker/self and is not target buildup,0.0,0.0,0.0,0.0,0.0,0.0,0.0,0.0,0.0,0.0,0.0,0.0,0.0,0,0
1781,1166,Spinning Slash,2464,attack_param,300000232,6903,AccumuVal [8],0,direct,self_mechanic,,on_hit,,,1,effect targets the attacker/self and is not target buildup,0.0,0.0,0.0,0.0,0.0,0.0,0.0,0.0,0.0,0.0,0.0,0.0,0.0,0,0
1782,1166,Spinning Slash,2465,attack_param,30090011,6705,Frostbite - Type 1 - Special 6,0,direct,per_hit_status,,on_hit,,,1,target status payload is attached to this hit by numeric ID,30.0,0.0,0.0,0.0,0.0,0.0,0.0,80.0,0.0,0.0,0.0,0.0,0.0,1,0
1783,1166,Spinning Slash,2466,attack_param,30090012,6703,Frostbite - Type 1 - Special 4,0,direct,per_hit_status,,on_hit,,,1,target status payload is attached to this hit by numeric ID,30.0,0.0,0.0,0.0,0.0,0.0,0.0,70.0,0.0,0.0,0.0,0.0,0.0,1,0
1784,1166,Spinning Slash,2466,bullet_target,2726|2727|2728|2729,875,[AoW] Dragon Halberd: Spinning Slash - Bullet Frostbite,0,direct,per_hit_status,,on_hit,,,1,target status payload is attached to this hit by numeric ID,30.0,0.0,0.0,0.0,0.0,0.0,0.0,70.0,0.0,0.0,0.0,0.0,0.0,0,0
1785,1166,Spinning Slash,2467,attack_param,300000235,6903,AccumuVal [8],0,direct,self_mechanic,,on_hit,,,1,effect targets the attacker/self and is not target buildup,0.0,0.0,0.0,0.0,0.0,0.0,0.0,0.0,0.0,0.0,0.0,0.0,0.0,0,0
1786,1166,Spinning Slash,2468,attack_param,300000236,6903,AccumuVal [8],0,direct,self_mechanic,,on_hit,,,1,effect targets the attacker/self and is not target buildup,0.0,0.0,0.0,0.0,0.0,0.0,0.0,0.0,0.0,0.0,0.0,0.0,0.0,0,0
1787,1166,Spinning Slash,2469,attack_param,300000237,6903,AccumuVal [8],0,direct,self_mechanic,,on_hit,,,1,effect targets the attacker/self and is not target buildup,0.0,0.0,0.0,0.0,0.0,0.0,0.0,0.0,0.0,0.0,0.0,0.0,0.0,0,0
1788,1167,Corpse Wax Cutter,1669,attack_param,303401702,6903,AccumuVal [8],0,direct,self_mechanic,,on_hit,,,1,effect targets the attacker/self and is not target buildup,0.0,0.0,0.0,0.0,0.0,0.0,0.0,0.0,0.0,0.0,0.0,0.0,0.0,0,0
1789,1167,Corpse Wax Cutter,1670,bullet_target,3060,860,[AoW] Gargoyle's Blackblade: Corpse Wax Cutter - Bullet,0,direct,visual_or_non_gameplay,,on_hit,,,1,effect has no modeled attack-power or status payload,2.0,0.0,0.0,0.0,0.0,0.0,0.0,0.0,0.0,0.0,0.0,0.0,0.0,0,0
1790,1167,Corpse Wax Cutter,1671,attack_param,303401701,6903,AccumuVal [8],0,direct,self_mechanic,,on_hit,,,1,effect targets the attacker/self and is not target buildup,0.0,0.0,0.0,0.0,0.0,0.0,0.0,0.0,0.0,0.0,0.0,0.0,0.0,0,0
1791,1168,Zamor Ice Storm,1943,attack_param,303401604,6903,AccumuVal [8],0,direct,self_mechanic,,on_hit,,,1,effect targets the attacker/self and is not target buildup,0.0,0.0,0.0,0.0,0.0,0.0,0.0,0.0,0.0,0.0,0.0,0.0,0.0,0,0
1792,1168,Zamor Ice Storm,1944,bullet_target,3055,1441000,[AoW / Sorcery] Zamor Ice Storm - Frostbite,0,direct,per_hit_status,,on_hit,,,1,target status payload is attached to this hit by numeric ID,30.0,0.0,0.0,0.0,0.0,0.0,0.0,80.0,0.0,0.0,0.0,0.0,0.0,0,0
1793,1168,Zamor Ice Storm,1945,bullet_target,3057,1441000,[AoW / Sorcery] Zamor Ice Storm - Frostbite,0,direct,per_hit_status,,on_hit,,,1,target status payload is attached to this hit by numeric ID,30.0,0.0,0.0,0.0,0.0,0.0,0.0,80.0,0.0,0.0,0.0,0.0,0.0,0,0
1794,1168,Zamor Ice Storm,1946,attack_param,303401605,6903,AccumuVal [8],0,direct,self_mechanic,,on_hit,,,1,effect targets the attacker/self and is not target buildup,0.0,0.0,0.0,0.0,0.0,0.0,0.0,0.0,0.0,0.0,0.0,0.0,0.0,0,0
1795,1170,The Queen's Black Flame,1831,attack_param,300800301,6903,AccumuVal [8],0,direct,self_mechanic,,on_hit,,,1,effect targets the attacker/self and is not target buildup,0.0,0.0,0.0,0.0,0.0,0.0,0.0,0.0,0.0,0.0,0.0,0.0,0.0,0,0
1796,1170,The Queen's Black Flame,1832,attack_param,300800300,855,[AoW] Godslayer's Greatsword: The Queen's Black Flame,0,direct,visual_or_non_gameplay,,on_hit,,,1,effect has no modeled attack-power or status payload,2.0,0.0,0.0,0.0,0.0,0.0,0.0,0.0,0.0,0.0,0.0,0.0,0.0,0,0
1797,1170,The Queen's Black Flame,1832,attack_param,300800300,6903,AccumuVal [8],0,direct,self_mechanic,,on_hit,,,1,effect targets the attacker/self and is not target buildup,0.0,0.0,0.0,0.0,0.0,0.0,0.0,0.0,0.0,0.0,0.0,0.0,0.0,0,0
1798,1170,The Queen's Black Flame,1833,attack_param,300800305,855,[AoW] Godslayer's Greatsword: The Queen's Black Flame,0,direct,visual_or_non_gameplay,,on_hit,,,1,effect has no modeled attack-power or status payload,2.0,0.0,0.0,0.0,0.0,0.0,0.0,0.0,0.0,0.0,0.0,0.0,0.0,0,0
1799,1170,The Queen's Black Flame,1833,attack_param,300800305,6903,AccumuVal [8],0,direct,self_mechanic,,on_hit,,,1,effect targets the attacker/self and is not target buildup,0.0,0.0,0.0,0.0,0.0,0.0,0.0,0.0,0.0,0.0,0.0,0.0,0.0,0,0
1800,1170,The Queen's Black Flame,1834,attack_param,300800301,6903,AccumuVal [8],0,direct,self_mechanic,,on_hit,,,1,effect targets the attacker/self and is not target buildup,0.0,0.0,0.0,0.0,0.0,0.0,0.0,0.0,0.0,0.0,0.0,0.0,0.0,0,0
1801,1170,The Queen's Black Flame,1835,attack_param,300800310,6903,AccumuVal [8],0,direct,self_mechanic,,on_hit,,,1,effect targets the attacker/self and is not target buildup,0.0,0.0,0.0,0.0,0.0,0.0,0.0,0.0,0.0,0.0,0.0,0.0,0.0,0,0
1802,1170,The Queen's Black Flame,1836,attack_param,300800315,6903,AccumuVal [8],0,direct,self_mechanic,,on_hit,,,1,effect targets the attacker/self and is not target buildup,0.0,0.0,0.0,0.0,0.0,0.0,0.0,0.0,0.0,0.0,0.0,0.0,0.0,0,0
1803,1171,Dynast's Finesse,1847,attack_param,300602901,6904,AccumuVal [10],0,direct,self_mechanic,,on_hit,,,1,effect targets the attacker/self and is not target buildup,0.0,0.0,0.0,0.0,0.0,0.0,0.0,0.0,0.0,0.0,0.0,0.0,0.0,0,0
1804,1171,Dynast's Finesse,1848,attack_param,300602902,6903,AccumuVal [8],0,direct,self_mechanic,,on_hit,,,1,effect targets the attacker/self and is not target buildup,0.0,0.0,0.0,0.0,0.0,0.0,0.0,0.0,0.0,0.0,0.0,0.0,0.0,0,0
1805,1171,Dynast's Finesse,1849,attack_param,300602903,6903,AccumuVal [8],0,direct,self_mechanic,,on_hit,,,1,effect targets the attacker/self and is not target buildup,0.0,0.0,0.0,0.0,0.0,0.0,0.0,0.0,0.0,0.0,0.0,0.0,0.0,0,0
1806,1171,Dynast's Finesse,1851,attack_param,300602906,6903,AccumuVal [8],0,direct,self_mechanic,,on_hit,,,1,effect targets the attacker/self and is not target buildup,0.0,0.0,0.0,0.0,0.0,0.0,0.0,0.0,0.0,0.0,0.0,0.0,0.0,0,0
1807,1171,Dynast's Finesse,1852,attack_param,300602907,6903,AccumuVal [8],0,direct,self_mechanic,,on_hit,,,1,effect targets the attacker/self and is not target buildup,0.0,0.0,0.0,0.0,0.0,0.0,0.0,0.0,0.0,0.0,0.0,0.0,0.0,0,0
1808,1171,Dynast's Finesse,1853,attack_param,300602908,6903,AccumuVal [8],0,direct,self_mechanic,,on_hit,,,1,effect targets the attacker/self and is not target buildup,0.0,0.0,0.0,0.0,0.0,0.0,0.0,0.0,0.0,0.0,0.0,0.0,0.0,0,0
1809,1172,Magma Shower,1858,attack_param,303400500,6903,AccumuVal [8],0,direct,self_mechanic,,on_hit,,,1,effect targets the attacker/self and is not target buildup,0.0,0.0,0.0,0.0,0.0,0.0,0.0,0.0,0.0,0.0,0.0,0.0,0.0,0,0
1810,1172,Magma Shower,1859,attack_param,303400501,6903,AccumuVal [8],0,direct,self_mechanic,,on_hit,,,1,effect targets the attacker/self and is not target buildup,0.0,0.0,0.0,0.0,0.0,0.0,0.0,0.0,0.0,0.0,0.0,0.0,0.0,0,0
1811,1172,Magma Shower,1860,attack_param,303400502,6903,AccumuVal [8],0,direct,self_mechanic,,on_hit,,,1,effect targets the attacker/self and is not target buildup,0.0,0.0,0.0,0.0,0.0,0.0,0.0,0.0,0.0,0.0,0.0,0.0,0.0,0,0
1812,1172,Magma Shower,1861,attack_param,303400506,6903,AccumuVal [8],0,direct,self_mechanic,,on_hit,,,1,effect targets the attacker/self and is not target buildup,0.0,0.0,0.0,0.0,0.0,0.0,0.0,0.0,0.0,0.0,0.0,0.0,0.0,0,0
1813,1172,Magma Shower,1862,attack_param,303400507,6903,AccumuVal [8],0,direct,self_mechanic,,on_hit,,,1,effect targets the attacker/self and is not target buildup,0.0,0.0,0.0,0.0,0.0,0.0,0.0,0.0,0.0,0.0,0.0,0.0,0.0,0,0
1814,1172,Magma Shower,1863,attack_param,303400503,6903,AccumuVal [8],0,direct,self_mechanic,,on_hit,,,1,effect targets the attacker/self and is not target buildup,0.0,0.0,0.0,0.0,0.0,0.0,0.0,0.0,0.0,0.0,0.0,0.0,0.0,0,0
1815,1172,Magma Shower,1864,attack_param,303400504,6903,AccumuVal [8],0,direct,self_mechanic,,on_hit,,,1,effect targets the attacker/self and is not target buildup,0.0,0.0,0.0,0.0,0.0,0.0,0.0,0.0,0.0,0.0,0.0,0.0,0.0,0,0
1816,1172,Magma Shower,1865,attack_param,303400505,6903,AccumuVal [8],0,direct,self_mechanic,,on_hit,,,1,effect targets the attacker/self and is not target buildup,0.0,0.0,0.0,0.0,0.0,0.0,0.0,0.0,0.0,0.0,0.0,0.0,0.0,0,0
1817,1173,Nebula,1877,attack_param,300707902,6903,AccumuVal [8],0,direct,self_mechanic,,on_hit,,,1,effect targets the attacker/self and is not target buildup,0.0,0.0,0.0,0.0,0.0,0.0,0.0,0.0,0.0,0.0,0.0,0.0,0.0,0,0
1818,1173,Nebula,1878,attack_param,300707905,6903,AccumuVal [8],0,direct,self_mechanic,,on_hit,,,1,effect targets the attacker/self and is not target buildup,0.0,0.0,0.0,0.0,0.0,0.0,0.0,0.0,0.0,0.0,0.0,0.0,0.0,0,0
1819,1174,Death Flare,1932,attack_param,300710901,6903,AccumuVal [8],0,direct,self_mechanic,,on_hit,,,1,effect targets the attacker/self and is not target buildup,0.0,0.0,0.0,0.0,0.0,0.0,0.0,0.0,0.0,0.0,0.0,0.0,0.0,0,0
1820,1174,Death Flare,1932,bullet_target,2146,1789,[AoW] Eclipse Shotel: Death Flare - Bullet,0,direct,replacement_or_chained,,on_hit,,,0,conditional replacement semantics are not immediate per-hit buildup,0.10000000149011612,0.0,0.0,0.0,0.0,0.0,0.0,0.0,0.0,0.0,0.0,0.0,70.0,0,0
1821,1174,Death Flare,1932,sp_effect_chain,1789,70,Death Blight Effect,1789,replace,replacement_or_chained,,conditional,,,0,conditional child effect is recorded but not treated as immediate hit buildup,-1.0,0.0,0.0,0.0,0.0,0.0,0.0,0.0,0.0,0.0,0.0,0.0,0.0,0,0
1822,1174,Death Flare,1933,attack_param,300710905,6903,AccumuVal [8],0,direct,self_mechanic,,on_hit,,,1,effect targets the attacker/self and is not target buildup,0.0,0.0,0.0,0.0,0.0,0.0,0.0,0.0,0.0,0.0,0.0,0.0,0.0,0,0
1823,1175,Bloodhound's Finesse,1934,attack_param,300804900,6904,AccumuVal [10],0,direct,self_mechanic,,on_hit,,,1,effect targets the attacker/self and is not target buildup,0.0,0.0,0.0,0.0,0.0,0.0,0.0,0.0,0.0,0.0,0.0,0.0,0.0,0,0
1824,1175,Bloodhound's Finesse,1935,attack_param,300804901,6904,AccumuVal [10],0,direct,self_mechanic,,on_hit,,,1,effect targets the attacker/self and is not target buildup,0.0,0.0,0.0,0.0,0.0,0.0,0.0,0.0,0.0,0.0,0.0,0.0,0.0,0,0
1825,1175,Bloodhound's Finesse,1936,attack_param,300804905,6904,AccumuVal [10],0,direct,self_mechanic,,on_hit,,,1,effect targets the attacker/self and is not target buildup,0.0,0.0,0.0,0.0,0.0,0.0,0.0,0.0,0.0,0.0,0.0,0.0,0.0,0,0
1826,1175,Bloodhound's Finesse,1937,attack_param,300804906,6904,AccumuVal [10],0,direct,self_mechanic,,on_hit,,,1,effect targets the attacker/self and is not target buildup,0.0,0.0,0.0,0.0,0.0,0.0,0.0,0.0,0.0,0.0,0.0,0.0,0.0,0,0
1827,1176,Magma Guillotine,1947,attack_param,300729000,6904,AccumuVal [10],0,direct,self_mechanic,,on_hit,,,1,effect targets the attacker/self and is not target buildup,0.0,0.0,0.0,0.0,0.0,0.0,0.0,0.0,0.0,0.0,0.0,0.0,0.0,0,0
1828,1176,Magma Guillotine,1950,attack_param,300729003,6903,AccumuVal [8],0,direct,self_mechanic,,on_hit,,,1,effect targets the attacker/self and is not target buildup,0.0,0.0,0.0,0.0,0.0,0.0,0.0,0.0,0.0,0.0,0.0,0.0,0.0,0,0
1829,1176,Magma Guillotine,1951,attack_param,300729004,6906,AccumuVal [14],0,direct,self_mechanic,,on_hit,,,1,effect targets the attacker/self and is not target buildup,0.0,0.0,0.0,0.0,0.0,0.0,0.0,0.0,0.0,0.0,0.0,0.0,0.0,0,0
1830,1176,Magma Guillotine,1952,attack_param,300729005,1665,,0,direct,self_mechanic,,on_hit,,,1,effect targets the attacker/self and is not target buildup,0.0,0.0,0.0,0.0,0.0,0.0,0.0,0.0,0.0,0.0,0.0,0.0,0.0,0,0
1831,1176,Magma Guillotine,1952,attack_param,300729005,1667,,0,direct,self_mechanic,,on_hit,,,1,effect targets the attacker/self and is not target buildup,0.0,0.0,0.0,0.0,0.0,0.0,0.0,0.0,0.0,0.0,0.0,0.0,0.0,0,0
1832,1176,Magma Guillotine,1952,attack_param,300729005,6903,AccumuVal [8],0,direct,self_mechanic,,on_hit,,,1,effect targets the attacker/self and is not target buildup,0.0,0.0,0.0,0.0,0.0,0.0,0.0,0.0,0.0,0.0,0.0,0.0,0.0,0,0
1833,1176,Magma Guillotine,1953,attack_param,300729006,1665,,0,direct,self_mechanic,,on_hit,,,1,effect targets the attacker/self and is not target buildup,0.0,0.0,0.0,0.0,0.0,0.0,0.0,0.0,0.0,0.0,0.0,0.0,0.0,0,0
1834,1176,Magma Guillotine,1953,attack_param,300729006,1667,,0,direct,self_mechanic,,on_hit,,,1,effect targets the attacker/self and is not target buildup,0.0,0.0,0.0,0.0,0.0,0.0,0.0,0.0,0.0,0.0,0.0,0.0,0.0,0,0
1835,1176,Magma Guillotine,1953,attack_param,300729006,6903,AccumuVal [8],0,direct,self_mechanic,,on_hit,,,1,effect targets the attacker/self and is not target buildup,0.0,0.0,0.0,0.0,0.0,0.0,0.0,0.0,0.0,0.0,0.0,0.0,0.0,0,0
1836,1176,Magma Guillotine,1954,attack_param,300729007,1665,,0,direct,self_mechanic,,on_hit,,,1,effect targets the attacker/self and is not target buildup,0.0,0.0,0.0,0.0,0.0,0.0,0.0,0.0,0.0,0.0,0.0,0.0,0.0,0,0
1837,1176,Magma Guillotine,1954,attack_param,300729007,1667,,0,direct,self_mechanic,,on_hit,,,1,effect targets the attacker/self and is not target buildup,0.0,0.0,0.0,0.0,0.0,0.0,0.0,0.0,0.0,0.0,0.0,0.0,0.0,0,0
1838,1176,Magma Guillotine,1954,attack_param,300729007,6904,AccumuVal [10],0,direct,self_mechanic,,on_hit,,,1,effect targets the attacker/self and is not target buildup,0.0,0.0,0.0,0.0,0.0,0.0,0.0,0.0,0.0,0.0,0.0,0.0,0.0,0,0
1839,1177,Corpse Piler,2008,attack_param,303400300,6400,Hemorrhage - Type 1 - Special 1,0,direct,per_hit_status,,on_hit,,,1,target status payload is attached to this hit by numeric ID,1.0,0.0,0.0,0.0,0.0,0.0,45.0,0.0,0.0,0.0,0.0,0.0,0.0,1,0
1840,1177,Corpse Piler,2008,attack_param,303400300,6903,AccumuVal [8],0,direct,self_mechanic,,on_hit,,,1,effect targets the attacker/self and is not target buildup,0.0,0.0,0.0,0.0,0.0,0.0,0.0,0.0,0.0,0.0,0.0,0.0,0.0,0,0
1841,1177,Corpse Piler,2009,attack_param,303400320,6400,Hemorrhage - Type 1 - Special 1,0,direct,per_hit_status,,on_hit,,,1,target status payload is attached to this hit by numeric ID,1.0,0.0,0.0,0.0,0.0,0.0,45.0,0.0,0.0,0.0,0.0,0.0,0.0,1,0
1842,1177,Corpse Piler,2009,attack_param,303400320,6903,AccumuVal [8],0,direct,self_mechanic,,on_hit,,,1,effect targets the attacker/self and is not target buildup,0.0,0.0,0.0,0.0,0.0,0.0,0.0,0.0,0.0,0.0,0.0,0.0,0.0,0,0
1843,1177,Corpse Piler,2010,attack_param,303400301,1665,,0,direct,self_mechanic,,on_hit,,,1,effect targets the attacker/self and is not target buildup,0.0,0.0,0.0,0.0,0.0,0.0,0.0,0.0,0.0,0.0,0.0,0.0,0.0,0,0
1844,1177,Corpse Piler,2010,attack_param,303400301,1667,,0,direct,self_mechanic,,on_hit,,,1,effect targets the attacker/self and is not target buildup,0.0,0.0,0.0,0.0,0.0,0.0,0.0,0.0,0.0,0.0,0.0,0.0,0.0,0,0
1845,1177,Corpse Piler,2010,attack_param,303400301,6400,Hemorrhage - Type 1 - Special 1,0,direct,per_hit_status,,on_hit,,,1,target status payload is attached to this hit by numeric ID,1.0,0.0,0.0,0.0,0.0,0.0,45.0,0.0,0.0,0.0,0.0,0.0,0.0,1,0
1846,1177,Corpse Piler,2010,attack_param,303400301,6903,AccumuVal [8],0,direct,self_mechanic,,on_hit,,,1,effect targets the attacker/self and is not target buildup,0.0,0.0,0.0,0.0,0.0,0.0,0.0,0.0,0.0,0.0,0.0,0.0,0.0,0,0
1847,1177,Corpse Piler,2011,attack_param,303400321,1665,,0,direct,self_mechanic,,on_hit,,,1,effect targets the attacker/self and is not target buildup,0.0,0.0,0.0,0.0,0.0,0.0,0.0,0.0,0.0,0.0,0.0,0.0,0.0,0,0
1848,1177,Corpse Piler,2011,attack_param,303400321,1667,,0,direct,self_mechanic,,on_hit,,,1,effect targets the attacker/self and is not target buildup,0.0,0.0,0.0,0.0,0.0,0.0,0.0,0.0,0.0,0.0,0.0,0.0,0.0,0,0
1849,1177,Corpse Piler,2011,attack_param,303400321,6400,Hemorrhage - Type 1 - Special 1,0,direct,per_hit_status,,on_hit,,,1,target status payload is attached to this hit by numeric ID,1.0,0.0,0.0,0.0,0.0,0.0,45.0,0.0,0.0,0.0,0.0,0.0,0.0,1,0
1850,1177,Corpse Piler,2011,attack_param,303400321,6903,AccumuVal [8],0,direct,self_mechanic,,on_hit,,,1,effect targets the attacker/self and is not target buildup,0.0,0.0,0.0,0.0,0.0,0.0,0.0,0.0,0.0,0.0,0.0,0.0,0.0,0,0
1851,1177,Corpse Piler,2012,attack_param,303400302,6400,Hemorrhage - Type 1 - Special 1,0,direct,per_hit_status,,on_hit,,,1,target status payload is attached to this hit by numeric ID,1.0,0.0,0.0,0.0,0.0,0.0,45.0,0.0,0.0,0.0,0.0,0.0,0.0,1,0
1852,1177,Corpse Piler,2012,attack_param,303400302,6903,AccumuVal [8],0,direct,self_mechanic,,on_hit,,,1,effect targets the attacker/self and is not target buildup,0.0,0.0,0.0,0.0,0.0,0.0,0.0,0.0,0.0,0.0,0.0,0.0,0.0,0,0
1853,1177,Corpse Piler,2013,attack_param,303400322,6400,Hemorrhage - Type 1 - Special 1,0,direct,per_hit_status,,on_hit,,,1,target status payload is attached to this hit by numeric ID,1.0,0.0,0.0,0.0,0.0,0.0,45.0,0.0,0.0,0.0,0.0,0.0,0.0,1,0
1854,1177,Corpse Piler,2013,attack_param,303400322,6903,AccumuVal [8],0,direct,self_mechanic,,on_hit,,,1,effect targets the attacker/self and is not target buildup,0.0,0.0,0.0,0.0,0.0,0.0,0.0,0.0,0.0,0.0,0.0,0.0,0.0,0,0
1855,1177,Corpse Piler,2014,attack_param,303400303,6400,Hemorrhage - Type 1 - Special 1,0,direct,per_hit_status,,on_hit,,,1,target status payload is attached to this hit by numeric ID,1.0,0.0,0.0,0.0,0.0,0.0,45.0,0.0,0.0,0.0,0.0,0.0,0.0,1,0
1856,1177,Corpse Piler,2014,attack_param,303400303,6903,AccumuVal [8],0,direct,self_mechanic,,on_hit,,,1,effect targets the attacker/self and is not target buildup,0.0,0.0,0.0,0.0,0.0,0.0,0.0,0.0,0.0,0.0,0.0,0.0,0.0,0,0
1857,1177,Corpse Piler,2015,attack_param,303400323,6400,Hemorrhage - Type 1 - Special 1,0,direct,per_hit_status,,on_hit,,,1,target status payload is attached to this hit by numeric ID,1.0,0.0,0.0,0.0,0.0,0.0,45.0,0.0,0.0,0.0,0.0,0.0,0.0,1,0
1858,1177,Corpse Piler,2015,attack_param,303400323,6903,AccumuVal [8],0,direct,self_mechanic,,on_hit,,,1,effect targets the attacker/self and is not target buildup,0.0,0.0,0.0,0.0,0.0,0.0,0.0,0.0,0.0,0.0,0.0,0.0,0.0,0,0
1859,1177,Corpse Piler,2016,attack_param,303400304,1665,,0,direct,self_mechanic,,on_hit,,,1,effect targets the attacker/self and is not target buildup,0.0,0.0,0.0,0.0,0.0,0.0,0.0,0.0,0.0,0.0,0.0,0.0,0.0,0,0
1860,1177,Corpse Piler,2016,attack_param,303400304,1667,,0,direct,self_mechanic,,on_hit,,,1,effect targets the attacker/self and is not target buildup,0.0,0.0,0.0,0.0,0.0,0.0,0.0,0.0,0.0,0.0,0.0,0.0,0.0,0,0
1861,1177,Corpse Piler,2016,attack_param,303400304,6400,Hemorrhage - Type 1 - Special 1,0,direct,per_hit_status,,on_hit,,,1,target status payload is attached to this hit by numeric ID,1.0,0.0,0.0,0.0,0.0,0.0,45.0,0.0,0.0,0.0,0.0,0.0,0.0,1,0
1862,1177,Corpse Piler,2016,attack_param,303400304,6903,AccumuVal [8],0,direct,self_mechanic,,on_hit,,,1,effect targets the attacker/self and is not target buildup,0.0,0.0,0.0,0.0,0.0,0.0,0.0,0.0,0.0,0.0,0.0,0.0,0.0,0,0
1863,1177,Corpse Piler,2017,attack_param,303400324,1665,,0,direct,self_mechanic,,on_hit,,,1,effect targets the attacker/self and is not target buildup,0.0,0.0,0.0,0.0,0.0,0.0,0.0,0.0,0.0,0.0,0.0,0.0,0.0,0,0
1864,1177,Corpse Piler,2017,attack_param,303400324,1667,,0,direct,self_mechanic,,on_hit,,,1,effect targets the attacker/self and is not target buildup,0.0,0.0,0.0,0.0,0.0,0.0,0.0,0.0,0.0,0.0,0.0,0.0,0.0,0,0
1865,1177,Corpse Piler,2017,attack_param,303400324,6400,Hemorrhage - Type 1 - Special 1,0,direct,per_hit_status,,on_hit,,,1,target status payload is attached to this hit by numeric ID,1.0,0.0,0.0,0.0,0.0,0.0,45.0,0.0,0.0,0.0,0.0,0.0,0.0,1,0
1866,1177,Corpse Piler,2017,attack_param,303400324,6903,AccumuVal [8],0,direct,self_mechanic,,on_hit,,,1,effect targets the attacker/self and is not target buildup,0.0,0.0,0.0,0.0,0.0,0.0,0.0,0.0,0.0,0.0,0.0,0.0,0.0,0,0
1867,1177,Corpse Piler,2018,attack_param,303400305,1665,,0,direct,self_mechanic,,on_hit,,,1,effect targets the attacker/self and is not target buildup,0.0,0.0,0.0,0.0,0.0,0.0,0.0,0.0,0.0,0.0,0.0,0.0,0.0,0,0
1868,1177,Corpse Piler,2018,attack_param,303400305,1667,,0,direct,self_mechanic,,on_hit,,,1,effect targets the attacker/self and is not target buildup,0.0,0.0,0.0,0.0,0.0,0.0,0.0,0.0,0.0,0.0,0.0,0.0,0.0,0,0
1869,1177,Corpse Piler,2018,attack_param,303400305,6401,Hemorrhage - Type 1 - Special 2,0,direct,per_hit_status,,on_hit,,,1,target status payload is attached to this hit by numeric ID,1.0,0.0,0.0,0.0,0.0,0.0,50.0,0.0,0.0,0.0,0.0,0.0,0.0,1,0
1870,1177,Corpse Piler,2018,attack_param,303400305,6903,AccumuVal [8],0,direct,self_mechanic,,on_hit,,,1,effect targets the attacker/self and is not target buildup,0.0,0.0,0.0,0.0,0.0,0.0,0.0,0.0,0.0,0.0,0.0,0.0,0.0,0,0
1871,1177,Corpse Piler,2019,attack_param,303400325,1665,,0,direct,self_mechanic,,on_hit,,,1,effect targets the attacker/self and is not target buildup,0.0,0.0,0.0,0.0,0.0,0.0,0.0,0.0,0.0,0.0,0.0,0.0,0.0,0,0
1872,1177,Corpse Piler,2019,attack_param,303400325,1667,,0,direct,self_mechanic,,on_hit,,,1,effect targets the attacker/self and is not target buildup,0.0,0.0,0.0,0.0,0.0,0.0,0.0,0.0,0.0,0.0,0.0,0.0,0.0,0,0
1873,1177,Corpse Piler,2019,attack_param,303400325,6401,Hemorrhage - Type 1 - Special 2,0,direct,per_hit_status,,on_hit,,,1,target status payload is attached to this hit by numeric ID,1.0,0.0,0.0,0.0,0.0,0.0,50.0,0.0,0.0,0.0,0.0,0.0,0.0,1,0
1874,1177,Corpse Piler,2019,attack_param,303400325,6903,AccumuVal [8],0,direct,self_mechanic,,on_hit,,,1,effect targets the attacker/self and is not target buildup,0.0,0.0,0.0,0.0,0.0,0.0,0.0,0.0,0.0,0.0,0.0,0.0,0.0,0,0
1875,1177,Corpse Piler,2020,attack_param,303400310,6903,AccumuVal [8],0,direct,self_mechanic,,on_hit,,,1,effect targets the attacker/self and is not target buildup,0.0,0.0,0.0,0.0,0.0,0.0,0.0,0.0,0.0,0.0,0.0,0.0,0.0,0,0
1876,1177,Corpse Piler,2021,attack_param,303400311,1665,,0,direct,self_mechanic,,on_hit,,,1,effect targets the attacker/self and is not target buildup,0.0,0.0,0.0,0.0,0.0,0.0,0.0,0.0,0.0,0.0,0.0,0.0,0.0,0,0
1877,1177,Corpse Piler,2021,attack_param,303400311,1667,,0,direct,self_mechanic,,on_hit,,,1,effect targets the attacker/self and is not target buildup,0.0,0.0,0.0,0.0,0.0,0.0,0.0,0.0,0.0,0.0,0.0,0.0,0.0,0,0
1878,1177,Corpse Piler,2021,attack_param,303400311,6903,AccumuVal [8],0,direct,self_mechanic,,on_hit,,,1,effect targets the attacker/self and is not target buildup,0.0,0.0,0.0,0.0,0.0,0.0,0.0,0.0,0.0,0.0,0.0,0.0,0.0,0,0
1879,1177,Corpse Piler,2022,attack_param,303400312,6903,AccumuVal [8],0,direct,self_mechanic,,on_hit,,,1,effect targets the attacker/self and is not target buildup,0.0,0.0,0.0,0.0,0.0,0.0,0.0,0.0,0.0,0.0,0.0,0.0,0.0,0,0
1880,1177,Corpse Piler,2023,attack_param,303400313,6903,AccumuVal [8],0,direct,self_mechanic,,on_hit,,,1,effect targets the attacker/self and is not target buildup,0.0,0.0,0.0,0.0,0.0,0.0,0.0,0.0,0.0,0.0,0.0,0.0,0.0,0,0
1881,1177,Corpse Piler,2024,attack_param,303400314,1665,,0,direct,self_mechanic,,on_hit,,,1,effect targets the attacker/self and is not target buildup,0.0,0.0,0.0,0.0,0.0,0.0,0.0,0.0,0.0,0.0,0.0,0.0,0.0,0,0
1882,1177,Corpse Piler,2024,attack_param,303400314,1667,,0,direct,self_mechanic,,on_hit,,,1,effect targets the attacker/self and is not target buildup,0.0,0.0,0.0,0.0,0.0,0.0,0.0,0.0,0.0,0.0,0.0,0.0,0.0,0,0
1883,1177,Corpse Piler,2024,attack_param,303400314,6903,AccumuVal [8],0,direct,self_mechanic,,on_hit,,,1,effect targets the attacker/self and is not target buildup,0.0,0.0,0.0,0.0,0.0,0.0,0.0,0.0,0.0,0.0,0.0,0.0,0.0,0,0
1884,1177,Corpse Piler,2025,attack_param,303400315,1665,,0,direct,self_mechanic,,on_hit,,,1,effect targets the attacker/self and is not target buildup,0.0,0.0,0.0,0.0,0.0,0.0,0.0,0.0,0.0,0.0,0.0,0.0,0.0,0,0
1885,1177,Corpse Piler,2025,attack_param,303400315,1667,,0,direct,self_mechanic,,on_hit,,,1,effect targets the attacker/self and is not target buildup,0.0,0.0,0.0,0.0,0.0,0.0,0.0,0.0,0.0,0.0,0.0,0.0,0.0,0,0
1886,1177,Corpse Piler,2025,attack_param,303400315,6903,AccumuVal [8],0,direct,self_mechanic,,on_hit,,,1,effect targets the attacker/self and is not target buildup,0.0,0.0,0.0,0.0,0.0,0.0,0.0,0.0,0.0,0.0,0.0,0.0,0.0,0,0
1887,1178,Transient Moonlight,1990,attack_param,303400101,1665,,0,direct,self_mechanic,,on_hit,,,1,effect targets the attacker/self and is not target buildup,0.0,0.0,0.0,0.0,0.0,0.0,0.0,0.0,0.0,0.0,0.0,0.0,0.0,0,0
1888,1178,Transient Moonlight,1990,attack_param,303400101,6906,AccumuVal [14],0,direct,self_mechanic,,on_hit,,,1,effect targets the attacker/self and is not target buildup,0.0,0.0,0.0,0.0,0.0,0.0,0.0,0.0,0.0,0.0,0.0,0.0,0.0,0,0
1889,1178,Transient Moonlight,1992,attack_param,303400106,1665,,0,direct,self_mechanic,,on_hit,,,1,effect targets the attacker/self and is not target buildup,0.0,0.0,0.0,0.0,0.0,0.0,0.0,0.0,0.0,0.0,0.0,0.0,0.0,0,0
1890,1178,Transient Moonlight,1992,attack_param,303400106,6906,AccumuVal [14],0,direct,self_mechanic,,on_hit,,,1,effect targets the attacker/self and is not target buildup,0.0,0.0,0.0,0.0,0.0,0.0,0.0,0.0,0.0,0.0,0.0,0.0,0.0,0,0
1891,1178,Transient Moonlight,1994,attack_param,300000561,1665,,0,direct,self_mechanic,,on_hit,,,1,effect targets the attacker/self and is not target buildup,0.0,0.0,0.0,0.0,0.0,0.0,0.0,0.0,0.0,0.0,0.0,0.0,0.0,0,0
1892,1178,Transient Moonlight,1994,attack_param,300000561,6904,AccumuVal [10],0,direct,self_mechanic,,on_hit,,,1,effect targets the attacker/self and is not target buildup,0.0,0.0,0.0,0.0,0.0,0.0,0.0,0.0,0.0,0.0,0.0,0.0,0.0,0,0
1893,1178,Transient Moonlight,1995,attack_param,300000566,1665,,0,direct,self_mechanic,,on_hit,,,1,effect targets the attacker/self and is not target buildup,0.0,0.0,0.0,0.0,0.0,0.0,0.0,0.0,0.0,0.0,0.0,0.0,0.0,0,0
1894,1178,Transient Moonlight,1995,attack_param,300000566,6904,AccumuVal [10],0,direct,self_mechanic,,on_hit,,,1,effect targets the attacker/self and is not target buildup,0.0,0.0,0.0,0.0,0.0,0.0,0.0,0.0,0.0,0.0,0.0,0.0,0.0,0,0
1895,1179,Bloodblade Dance,2079,attack_param,301005906,6402,Hemorrhage - Type 1 - Special 3,0,direct,per_hit_status,,on_hit,,,1,target status payload is attached to this hit by numeric ID,1.0,0.0,0.0,0.0,0.0,0.0,55.0,0.0,0.0,0.0,0.0,0.0,0.0,1,0
1896,1179,Bloodblade Dance,2079,attack_param,301005906,6903,AccumuVal [8],0,direct,self_mechanic,,on_hit,,,1,effect targets the attacker/self and is not target buildup,0.0,0.0,0.0,0.0,0.0,0.0,0.0,0.0,0.0,0.0,0.0,0.0,0.0,0,0
1897,1179,Bloodblade Dance,2080,attack_param,301005905,6402,Hemorrhage - Type 1 - Special 3,0,direct,per_hit_status,,on_hit,,,1,target status payload is attached to this hit by numeric ID,1.0,0.0,0.0,0.0,0.0,0.0,55.0,0.0,0.0,0.0,0.0,0.0,0.0,1,0
1898,1179,Bloodblade Dance,2080,attack_param,301005905,6903,AccumuVal [8],0,direct,self_mechanic,,on_hit,,,1,effect targets the attacker/self and is not target buildup,0.0,0.0,0.0,0.0,0.0,0.0,0.0,0.0,0.0,0.0,0.0,0.0,0.0,0,0
1899,1179,Bloodblade Dance,2081,attack_param,301005910,6903,AccumuVal [8],0,direct,self_mechanic,,on_hit,,,1,effect targets the attacker/self and is not target buildup,0.0,0.0,0.0,0.0,0.0,0.0,0.0,0.0,0.0,0.0,0.0,0.0,0.0,0,0
1900,1179,Bloodblade Dance,2082,attack_param,301005900,6402,Hemorrhage - Type 1 - Special 3,0,direct,per_hit_status,,on_hit,,,1,target status payload is attached to this hit by numeric ID,1.0,0.0,0.0,0.0,0.0,0.0,55.0,0.0,0.0,0.0,0.0,0.0,0.0,1,0
1901,1179,Bloodblade Dance,2082,attack_param,301005900,6903,AccumuVal [8],0,direct,self_mechanic,,on_hit,,,1,effect targets the attacker/self and is not target buildup,0.0,0.0,0.0,0.0,0.0,0.0,0.0,0.0,0.0,0.0,0.0,0.0,0.0,0,0
1902,1179,Bloodblade Dance,2083,attack_param,301005901,6402,Hemorrhage - Type 1 - Special 3,0,direct,per_hit_status,,on_hit,,,1,target status payload is attached to this hit by numeric ID,1.0,0.0,0.0,0.0,0.0,0.0,55.0,0.0,0.0,0.0,0.0,0.0,0.0,1,0
1903,1179,Bloodblade Dance,2083,attack_param,301005901,6903,AccumuVal [8],0,direct,self_mechanic,,on_hit,,,1,effect targets the attacker/self and is not target buildup,0.0,0.0,0.0,0.0,0.0,0.0,0.0,0.0,0.0,0.0,0.0,0.0,0.0,0,0
1904,1179,Bloodblade Dance,2084,attack_param,301005910,6903,AccumuVal [8],0,direct,self_mechanic,,on_hit,,,1,effect targets the attacker/self and is not target buildup,0.0,0.0,0.0,0.0,0.0,0.0,0.0,0.0,0.0,0.0,0.0,0.0,0.0,0,0
1905,1179,Bloodblade Dance,2085,attack_param,301005902,6402,Hemorrhage - Type 1 - Special 3,0,direct,per_hit_status,,on_hit,,,1,target status payload is attached to this hit by numeric ID,1.0,0.0,0.0,0.0,0.0,0.0,55.0,0.0,0.0,0.0,0.0,0.0,0.0,1,0
1906,1179,Bloodblade Dance,2085,attack_param,301005902,6903,AccumuVal [8],0,direct,self_mechanic,,on_hit,,,1,effect targets the attacker/self and is not target buildup,0.0,0.0,0.0,0.0,0.0,0.0,0.0,0.0,0.0,0.0,0.0,0.0,0.0,0,0
1907,1179,Bloodblade Dance,2086,attack_param,301005903,6402,Hemorrhage - Type 1 - Special 3,0,direct,per_hit_status,,on_hit,,,1,target status payload is attached to this hit by numeric ID,1.0,0.0,0.0,0.0,0.0,0.0,55.0,0.0,0.0,0.0,0.0,0.0,0.0,1,0
1908,1179,Bloodblade Dance,2086,attack_param,301005903,6903,AccumuVal [8],0,direct,self_mechanic,,on_hit,,,1,effect targets the attacker/self and is not target buildup,0.0,0.0,0.0,0.0,0.0,0.0,0.0,0.0,0.0,0.0,0.0,0.0,0.0,0,0
1909,1179,Bloodblade Dance,2087,attack_param,301005904,6402,Hemorrhage - Type 1 - Special 3,0,direct,per_hit_status,,on_hit,,,1,target status payload is attached to this hit by numeric ID,1.0,0.0,0.0,0.0,0.0,0.0,55.0,0.0,0.0,0.0,0.0,0.0,0.0,1,0
1910,1179,Bloodblade Dance,2087,attack_param,301005904,6903,AccumuVal [8],0,direct,self_mechanic,,on_hit,,,1,effect targets the attacker/self and is not target buildup,0.0,0.0,0.0,0.0,0.0,0.0,0.0,0.0,0.0,0.0,0.0,0.0,0.0,0,0
1911,1179,Bloodblade Dance,2088,attack_param,301005910,6903,AccumuVal [8],0,direct,self_mechanic,,on_hit,,,1,effect targets the attacker/self and is not target buildup,0.0,0.0,0.0,0.0,0.0,0.0,0.0,0.0,0.0,0.0,0.0,0.0,0.0,0,0
1912,1179,Bloodblade Dance,2089,attack_param,301005920,6402,Hemorrhage - Type 1 - Special 3,0,direct,per_hit_status,,on_hit,,,1,target status payload is attached to this hit by numeric ID,1.0,0.0,0.0,0.0,0.0,0.0,55.0,0.0,0.0,0.0,0.0,0.0,0.0,1,0
1913,1179,Bloodblade Dance,2089,attack_param,301005920,6903,AccumuVal [8],0,direct,self_mechanic,,on_hit,,,1,effect targets the attacker/self and is not target buildup,0.0,0.0,0.0,0.0,0.0,0.0,0.0,0.0,0.0,0.0,0.0,0.0,0.0,0,0
1914,1179,Bloodblade Dance,2090,attack_param,301005921,6402,Hemorrhage - Type 1 - Special 3,0,direct,per_hit_status,,on_hit,,,1,target status payload is attached to this hit by numeric ID,1.0,0.0,0.0,0.0,0.0,0.0,55.0,0.0,0.0,0.0,0.0,0.0,0.0,1,0
1915,1179,Bloodblade Dance,2090,attack_param,301005921,6903,AccumuVal [8],0,direct,self_mechanic,,on_hit,,,1,effect targets the attacker/self and is not target buildup,0.0,0.0,0.0,0.0,0.0,0.0,0.0,0.0,0.0,0.0,0.0,0.0,0.0,0,0
1916,1179,Bloodblade Dance,2091,attack_param,301005920,6402,Hemorrhage - Type 1 - Special 3,0,direct,per_hit_status,,on_hit,,,1,target status payload is attached to this hit by numeric ID,1.0,0.0,0.0,0.0,0.0,0.0,55.0,0.0,0.0,0.0,0.0,0.0,0.0,1,0
1917,1179,Bloodblade Dance,2091,attack_param,301005920,6903,AccumuVal [8],0,direct,self_mechanic,,on_hit,,,1,effect targets the attacker/self and is not target buildup,0.0,0.0,0.0,0.0,0.0,0.0,0.0,0.0,0.0,0.0,0.0,0.0,0.0,0,0
1918,1179,Bloodblade Dance,2092,attack_param,301005921,6402,Hemorrhage - Type 1 - Special 3,0,direct,per_hit_status,,on_hit,,,1,target status payload is attached to this hit by numeric ID,1.0,0.0,0.0,0.0,0.0,0.0,55.0,0.0,0.0,0.0,0.0,0.0,0.0,1,0
1919,1179,Bloodblade Dance,2092,attack_param,301005921,6903,AccumuVal [8],0,direct,self_mechanic,,on_hit,,,1,effect targets the attacker/self and is not target buildup,0.0,0.0,0.0,0.0,0.0,0.0,0.0,0.0,0.0,0.0,0.0,0.0,0.0,0,0
1920,1179,Bloodblade Dance,2093,attack_param,301005910,6903,AccumuVal [8],0,direct,self_mechanic,,on_hit,,,1,effect targets the attacker/self and is not target buildup,0.0,0.0,0.0,0.0,0.0,0.0,0.0,0.0,0.0,0.0,0.0,0.0,0.0,0,0
1921,1179,Bloodblade Dance,2094,attack_param,301005915,6903,AccumuVal [8],0,direct,self_mechanic,,on_hit,,,1,effect targets the attacker/self and is not target buildup,0.0,0.0,0.0,0.0,0.0,0.0,0.0,0.0,0.0,0.0,0.0,0.0,0.0,0,0
1922,1179,Bloodblade Dance,2095,attack_param,301005916,6903,AccumuVal [8],0,direct,self_mechanic,,on_hit,,,1,effect targets the attacker/self and is not target buildup,0.0,0.0,0.0,0.0,0.0,0.0,0.0,0.0,0.0,0.0,0.0,0.0,0.0,0,0
1923,1179,Bloodblade Dance,2096,attack_param,301005910,6903,AccumuVal [8],0,direct,self_mechanic,,on_hit,,,1,effect targets the attacker/self and is not target buildup,0.0,0.0,0.0,0.0,0.0,0.0,0.0,0.0,0.0,0.0,0.0,0.0,0.0,0,0
1924,1179,Bloodblade Dance,2097,attack_param,301005917,6903,AccumuVal [8],0,direct,self_mechanic,,on_hit,,,1,effect targets the attacker/self and is not target buildup,0.0,0.0,0.0,0.0,0.0,0.0,0.0,0.0,0.0,0.0,0.0,0.0,0.0,0,0
1925,1179,Bloodblade Dance,2098,attack_param,301005918,6903,AccumuVal [8],0,direct,self_mechanic,,on_hit,,,1,effect targets the attacker/self and is not target buildup,0.0,0.0,0.0,0.0,0.0,0.0,0.0,0.0,0.0,0.0,0.0,0.0,0.0,0,0
1926,1179,Bloodblade Dance,2099,attack_param,301005919,6903,AccumuVal [8],0,direct,self_mechanic,,on_hit,,,1,effect targets the attacker/self and is not target buildup,0.0,0.0,0.0,0.0,0.0,0.0,0.0,0.0,0.0,0.0,0.0,0.0,0.0,0,0
1927,1179,Bloodblade Dance,2100,attack_param,301005910,6903,AccumuVal [8],0,direct,self_mechanic,,on_hit,,,1,effect targets the attacker/self and is not target buildup,0.0,0.0,0.0,0.0,0.0,0.0,0.0,0.0,0.0,0.0,0.0,0.0,0.0,0,0
1928,1179,Bloodblade Dance,2101,attack_param,301005925,6903,AccumuVal [8],0,direct,self_mechanic,,on_hit,,,1,effect targets the attacker/self and is not target buildup,0.0,0.0,0.0,0.0,0.0,0.0,0.0,0.0,0.0,0.0,0.0,0.0,0.0,0,0
1929,1179,Bloodblade Dance,2102,attack_param,301005926,6903,AccumuVal [8],0,direct,self_mechanic,,on_hit,,,1,effect targets the attacker/self and is not target buildup,0.0,0.0,0.0,0.0,0.0,0.0,0.0,0.0,0.0,0.0,0.0,0.0,0.0,0,0
1930,1182,Knowledge Above All,2254,attack_param,303401400,1665,,0,direct,self_mechanic,,on_hit,,,1,effect targets the attacker/self and is not target buildup,0.0,0.0,0.0,0.0,0.0,0.0,0.0,0.0,0.0,0.0,0.0,0.0,0.0,0,0
1931,1182,Knowledge Above All,2254,attack_param,303401400,6903,AccumuVal [8],0,direct,self_mechanic,,on_hit,,,1,effect targets the attacker/self and is not target buildup,0.0,0.0,0.0,0.0,0.0,0.0,0.0,0.0,0.0,0.0,0.0,0.0,0.0,0,0
1932,1183,Devourer of Worlds,2309,bullet_target,2116,1896,[AoW] Devourer's Scepter: Devourer of Worlds - Bullet,0,direct,self_mechanic,,on_hit,,,1,effect targets the attacker/self and is not target buildup,0.0,0.0,0.0,0.0,0.0,0.0,0.0,0.0,0.0,0.0,0.0,0.0,0.0,0,0
1933,1183,Devourer of Worlds,2310,attack_param,301202901,1665,,0,direct,self_mechanic,,on_hit,,,1,effect targets the attacker/self and is not target buildup,0.0,0.0,0.0,0.0,0.0,0.0,0.0,0.0,0.0,0.0,0.0,0.0,0.0,0,0
1934,1183,Devourer of Worlds,2310,attack_param,301202901,6903,AccumuVal [8],0,direct,self_mechanic,,on_hit,,,1,effect targets the attacker/self and is not target buildup,0.0,0.0,0.0,0.0,0.0,0.0,0.0,0.0,0.0,0.0,0.0,0.0,0.0,0,0
1935,1184,Familal Rancor,2276,attack_param,301302900,6903,AccumuVal [8],0,direct,self_mechanic,,on_hit,,,1,effect targets the attacker/self and is not target buildup,0.0,0.0,0.0,0.0,0.0,0.0,0.0,0.0,0.0,0.0,0.0,0.0,0.0,0,0
1936,1184,Familal Rancor,2277,attack_param,301302901,6903,AccumuVal [8],0,direct,self_mechanic,,on_hit,,,1,effect targets the attacker/self and is not target buildup,0.0,0.0,0.0,0.0,0.0,0.0,0.0,0.0,0.0,0.0,0.0,0.0,0.0,0,0
1937,1184,Familal Rancor,2278,attack_param,301302902,6903,AccumuVal [8],0,direct,self_mechanic,,on_hit,,,1,effect targets the attacker/self and is not target buildup,0.0,0.0,0.0,0.0,0.0,0.0,0.0,0.0,0.0,0.0,0.0,0.0,0.0,0,0
1938,1184,Familal Rancor,2279,attack_param,301302903,6903,AccumuVal [8],0,direct,self_mechanic,,on_hit,,,1,effect targets the attacker/self and is not target buildup,0.0,0.0,0.0,0.0,0.0,0.0,0.0,0.0,0.0,0.0,0.0,0.0,0.0,0,0
1939,1184,Familal Rancor,2280,attack_param,301302904,6903,AccumuVal [8],0,direct,self_mechanic,,on_hit,,,1,effect targets the attacker/self and is not target buildup,0.0,0.0,0.0,0.0,0.0,0.0,0.0,0.0,0.0,0.0,0.0,0.0,0.0,0,0
1940,1184,Familal Rancor,2281,attack_param,301302905,6903,AccumuVal [8],0,direct,self_mechanic,,on_hit,,,1,effect targets the attacker/self and is not target buildup,0.0,0.0,0.0,0.0,0.0,0.0,0.0,0.0,0.0,0.0,0.0,0.0,0.0,0,0
1941,1185,Rosus's Summons,2190,attack_param,301412902,6903,AccumuVal [8],0,direct,self_mechanic,,on_hit,,,1,effect targets the attacker/self and is not target buildup,0.0,0.0,0.0,0.0,0.0,0.0,0.0,0.0,0.0,0.0,0.0,0.0,0.0,0,0
1942,1185,Rosus's Summons,2191,attack_param,301412903,6903,AccumuVal [8],0,direct,self_mechanic,,on_hit,,,1,effect targets the attacker/self and is not target buildup,0.0,0.0,0.0,0.0,0.0,0.0,0.0,0.0,0.0,0.0,0.0,0.0,0.0,0,0
1943,1185,Rosus's Summons,2192,attack_param,301412904,6903,AccumuVal [8],0,direct,self_mechanic,,on_hit,,,1,effect targets the attacker/self and is not target buildup,0.0,0.0,0.0,0.0,0.0,0.0,0.0,0.0,0.0,0.0,0.0,0.0,0.0,0,0
1944,1185,Rosus's Summons,2193,attack_param,301412940,6904,AccumuVal [10],0,direct,self_mechanic,,on_hit,,,1,effect targets the attacker/self and is not target buildup,0.0,0.0,0.0,0.0,0.0,0.0,0.0,0.0,0.0,0.0,0.0,0.0,0.0,0,0
1945,1185,Rosus's Summons,2194,attack_param,301412945,6904,AccumuVal [10],0,direct,self_mechanic,,on_hit,,,1,effect targets the attacker/self and is not target buildup,0.0,0.0,0.0,0.0,0.0,0.0,0.0,0.0,0.0,0.0,0.0,0.0,0.0,0,0
1946,1186,Thunderstorm,2169,attack_param,301414900,6903,AccumuVal [8],0,direct,self_mechanic,,on_hit,,,1,effect targets the attacker/self and is not target buildup,0.0,0.0,0.0,0.0,0.0,0.0,0.0,0.0,0.0,0.0,0.0,0.0,0.0,0,0
1947,1186,Thunderstorm,2170,attack_param,301414901,6903,AccumuVal [8],0,direct,self_mechanic,,on_hit,,,1,effect targets the attacker/self and is not target buildup,0.0,0.0,0.0,0.0,0.0,0.0,0.0,0.0,0.0,0.0,0.0,0.0,0.0,0,0
1948,1186,Thunderstorm,2171,attack_param,301414902,6903,AccumuVal [8],0,direct,self_mechanic,,on_hit,,,1,effect targets the attacker/self and is not target buildup,0.0,0.0,0.0,0.0,0.0,0.0,0.0,0.0,0.0,0.0,0.0,0.0,0.0,0,0
1949,1186,Thunderstorm,2172,attack_param,301414905,6903,AccumuVal [8],0,direct,self_mechanic,,on_hit,,,1,effect targets the attacker/self and is not target buildup,0.0,0.0,0.0,0.0,0.0,0.0,0.0,0.0,0.0,0.0,0.0,0.0,0.0,0,0
1950,1186,Thunderstorm,2173,attack_param,301414906,6903,AccumuVal [8],0,direct,self_mechanic,,on_hit,,,1,effect targets the attacker/self and is not target buildup,0.0,0.0,0.0,0.0,0.0,0.0,0.0,0.0,0.0,0.0,0.0,0.0,0.0,0,0
1951,1186,Thunderstorm,2174,attack_param,301414907,6903,AccumuVal [8],0,direct,self_mechanic,,on_hit,,,1,effect targets the attacker/self and is not target buildup,0.0,0.0,0.0,0.0,0.0,0.0,0.0,0.0,0.0,0.0,0.0,0.0,0.0,0,0
1952,1186,Thunderstorm,2175,attack_param,301414915,6903,AccumuVal [8],0,direct,self_mechanic,,on_hit,,,1,effect targets the attacker/self and is not target buildup,0.0,0.0,0.0,0.0,0.0,0.0,0.0,0.0,0.0,0.0,0.0,0.0,0.0,0,0
1953,1186,Thunderstorm,2176,attack_param,301414916,6903,AccumuVal [8],0,direct,self_mechanic,,on_hit,,,1,effect targets the attacker/self and is not target buildup,0.0,0.0,0.0,0.0,0.0,0.0,0.0,0.0,0.0,0.0,0.0,0.0,0.0,0,0
1954,1186,Thunderstorm,2177,attack_param,301414920,6903,AccumuVal [8],0,direct,self_mechanic,,on_hit,,,1,effect targets the attacker/self and is not target buildup,0.0,0.0,0.0,0.0,0.0,0.0,0.0,0.0,0.0,0.0,0.0,0.0,0.0,0,0
1955,1186,Thunderstorm,2178,attack_param,301414921,6903,AccumuVal [8],0,direct,self_mechanic,,on_hit,,,1,effect targets the attacker/self and is not target buildup,0.0,0.0,0.0,0.0,0.0,0.0,0.0,0.0,0.0,0.0,0.0,0.0,0.0,0,0
1956,1186,Thunderstorm,2179,attack_param,301414930,6903,AccumuVal [8],0,direct,self_mechanic,,on_hit,,,1,effect targets the attacker/self and is not target buildup,0.0,0.0,0.0,0.0,0.0,0.0,0.0,0.0,0.0,0.0,0.0,0.0,0.0,0,0
1957,1186,Thunderstorm,2180,attack_param,301414931,6903,AccumuVal [8],0,direct,self_mechanic,,on_hit,,,1,effect targets the attacker/self and is not target buildup,0.0,0.0,0.0,0.0,0.0,0.0,0.0,0.0,0.0,0.0,0.0,0.0,0.0,0,0
1958,1186,Thunderstorm,2181,attack_param,301414935,6903,AccumuVal [8],0,direct,self_mechanic,,on_hit,,,1,effect targets the attacker/self and is not target buildup,0.0,0.0,0.0,0.0,0.0,0.0,0.0,0.0,0.0,0.0,0.0,0.0,0.0,0,0
1959,1186,Thunderstorm,2182,attack_param,301414936,6903,AccumuVal [8],0,direct,self_mechanic,,on_hit,,,1,effect targets the attacker/self and is not target buildup,0.0,0.0,0.0,0.0,0.0,0.0,0.0,0.0,0.0,0.0,0.0,0.0,0.0,0,0
1960,1186,Thunderstorm,2183,attack_param,301414910,6903,AccumuVal [8],0,direct,self_mechanic,,on_hit,,,1,effect targets the attacker/self and is not target buildup,0.0,0.0,0.0,0.0,0.0,0.0,0.0,0.0,0.0,0.0,0.0,0.0,0.0,0,0
1961,1186,Thunderstorm,2184,attack_param,301414911,6903,AccumuVal [8],0,direct,self_mechanic,,on_hit,,,1,effect targets the attacker/self and is not target buildup,0.0,0.0,0.0,0.0,0.0,0.0,0.0,0.0,0.0,0.0,0.0,0.0,0.0,0,0
1962,1186,Thunderstorm,2185,attack_param,301414912,6903,AccumuVal [8],0,direct,self_mechanic,,on_hit,,,1,effect targets the attacker/self and is not target buildup,0.0,0.0,0.0,0.0,0.0,0.0,0.0,0.0,0.0,0.0,0.0,0.0,0.0,0,0
1963,1186,Thunderstorm,2186,attack_param,301414925,6903,AccumuVal [8],0,direct,self_mechanic,,on_hit,,,1,effect targets the attacker/self and is not target buildup,0.0,0.0,0.0,0.0,0.0,0.0,0.0,0.0,0.0,0.0,0.0,0.0,0.0,0,0
1964,1186,Thunderstorm,2187,attack_param,301414926,6903,AccumuVal [8],0,direct,self_mechanic,,on_hit,,,1,effect targets the attacker/self and is not target buildup,0.0,0.0,0.0,0.0,0.0,0.0,0.0,0.0,0.0,0.0,0.0,0.0,0.0,0,0
1965,1186,Thunderstorm,2188,attack_param,301414940,6903,AccumuVal [8],0,direct,self_mechanic,,on_hit,,,1,effect targets the attacker/self and is not target buildup,0.0,0.0,0.0,0.0,0.0,0.0,0.0,0.0,0.0,0.0,0.0,0.0,0.0,0,0
1966,1186,Thunderstorm,2189,attack_param,301414941,6903,AccumuVal [8],0,direct,self_mechanic,,on_hit,,,1,effect targets the attacker/self and is not target buildup,0.0,0.0,0.0,0.0,0.0,0.0,0.0,0.0,0.0,0.0,0.0,0.0,0.0,0,0
1967,1187,Sacred Phalanx,2392,attack_param,301604900,6903,AccumuVal [8],0,direct,self_mechanic,,on_hit,,,1,effect targets the attacker/self and is not target buildup,0.0,0.0,0.0,0.0,0.0,0.0,0.0,0.0,0.0,0.0,0.0,0.0,0.0,0,0
1968,1187,Sacred Phalanx,2393,attack_param,301604902,6902,AccumuVal [6],0,direct,self_mechanic,,on_hit,,,1,effect targets the attacker/self and is not target buildup,0.0,0.0,0.0,0.0,0.0,0.0,0.0,0.0,0.0,0.0,0.0,0.0,0.0,0,0
1969,1187,Sacred Phalanx,2394,attack_param,301604905,6903,AccumuVal [8],0,direct,self_mechanic,,on_hit,,,1,effect targets the attacker/self and is not target buildup,0.0,0.0,0.0,0.0,0.0,0.0,0.0,0.0,0.0,0.0,0.0,0.0,0.0,0,0
1970,1188,Great-Serpent Hunt,2403,attack_param,301703950,6903,AccumuVal [8],0,direct,self_mechanic,,on_hit,,,1,effect targets the attacker/self and is not target buildup,0.0,0.0,0.0,0.0,0.0,0.0,0.0,0.0,0.0,0.0,0.0,0.0,0.0,0,0
1971,1188,Great-Serpent Hunt,2404,attack_param,301703951,6903,AccumuVal [8],0,direct,self_mechanic,,on_hit,,,1,effect targets the attacker/self and is not target buildup,0.0,0.0,0.0,0.0,0.0,0.0,0.0,0.0,0.0,0.0,0.0,0.0,0.0,0,0
1972,1188,Great-Serpent Hunt,2405,attack_param,301703970,6903,AccumuVal [8],0,direct,self_mechanic,,on_hit,,,1,effect targets the attacker/self and is not target buildup,0.0,0.0,0.0,0.0,0.0,0.0,0.0,0.0,0.0,0.0,0.0,0.0,0.0,0,0
1973,1188,Great-Serpent Hunt,2406,attack_param,301703971,6903,AccumuVal [8],0,direct,self_mechanic,,on_hit,,,1,effect targets the attacker/self and is not target buildup,0.0,0.0,0.0,0.0,0.0,0.0,0.0,0.0,0.0,0.0,0.0,0.0,0.0,0,0
1974,1188,Great-Serpent Hunt,2407,attack_param,301703900,1750,Serpent-Hunter ?,0,direct,visual_or_non_gameplay,,on_hit,,,1,effect has no modeled attack-power or status payload,0.0,0.0,0.0,0.0,0.0,0.0,0.0,0.0,0.0,0.0,0.0,0.0,0.0,0,0
1975,1188,Great-Serpent Hunt,2407,attack_param,301703900,1931,Serpent-Hunter ?,0,direct,visual_or_non_gameplay,,on_hit,,,1,effect has no modeled attack-power or status payload,0.0,0.0,0.0,0.0,0.0,0.0,0.0,0.0,0.0,0.0,0.0,0.0,0.0,0,0
1976,1188,Great-Serpent Hunt,2407,attack_param,301703900,6903,AccumuVal [8],0,direct,self_mechanic,,on_hit,,,1,effect targets the attacker/self and is not target buildup,0.0,0.0,0.0,0.0,0.0,0.0,0.0,0.0,0.0,0.0,0.0,0.0,0.0,0,0
1977,1188,Great-Serpent Hunt,2408,attack_param,301703901,1751,Serpent-Hunter ?,0,direct,visual_or_non_gameplay,,on_hit,,,1,effect has no modeled attack-power or status payload,0.0,0.0,0.0,0.0,0.0,0.0,0.0,0.0,0.0,0.0,0.0,0.0,0.0,0,0
1978,1188,Great-Serpent Hunt,2408,attack_param,301703901,1932,Serpent-Hunter ?,0,direct,visual_or_non_gameplay,,on_hit,,,1,effect has no modeled attack-power or status payload,0.0,0.0,0.0,0.0,0.0,0.0,0.0,0.0,0.0,0.0,0.0,0.0,0.0,0,0
1979,1188,Great-Serpent Hunt,2408,attack_param,301703901,6903,AccumuVal [8],0,direct,self_mechanic,,on_hit,,,1,effect targets the attacker/self and is not target buildup,0.0,0.0,0.0,0.0,0.0,0.0,0.0,0.0,0.0,0.0,0.0,0.0,0.0,0,0
1980,1188,Great-Serpent Hunt,2409,attack_param,301703905,1931,Serpent-Hunter ?,0,direct,visual_or_non_gameplay,,on_hit,,,1,effect has no modeled attack-power or status payload,0.0,0.0,0.0,0.0,0.0,0.0,0.0,0.0,0.0,0.0,0.0,0.0,0.0,0,0
1981,1188,Great-Serpent Hunt,2409,attack_param,301703905,6903,AccumuVal [8],0,direct,self_mechanic,,on_hit,,,1,effect targets the attacker/self and is not target buildup,0.0,0.0,0.0,0.0,0.0,0.0,0.0,0.0,0.0,0.0,0.0,0.0,0.0,0,0
1982,1188,Great-Serpent Hunt,2410,attack_param,301703955,6903,AccumuVal [8],0,direct,self_mechanic,,on_hit,,,1,effect targets the attacker/self and is not target buildup,0.0,0.0,0.0,0.0,0.0,0.0,0.0,0.0,0.0,0.0,0.0,0.0,0.0,0,0
1983,1188,Great-Serpent Hunt,2411,attack_param,301703975,6903,AccumuVal [8],0,direct,self_mechanic,,on_hit,,,1,effect targets the attacker/self and is not target buildup,0.0,0.0,0.0,0.0,0.0,0.0,0.0,0.0,0.0,0.0,0.0,0.0,0.0,0,0
1984,1189,Angel's Wings,2500,attack_param,301906900,1555,[AoW] Winged Scythe: Angel's Wings,0,direct,visual_or_non_gameplay,,on_hit,,,1,effect has no modeled attack-power or status payload,20.0,0.0,0.0,0.0,0.0,0.0,0.0,0.0,0.0,0.0,0.0,0.0,0.0,0,0
1985,1189,Angel's Wings,2500,attack_param,301906900,6903,AccumuVal [8],0,direct,self_mechanic,,on_hit,,,1,effect targets the attacker/self and is not target buildup,0.0,0.0,0.0,0.0,0.0,0.0,0.0,0.0,0.0,0.0,0.0,0.0,0.0,0,0
1986,1189,Angel's Wings,2501,attack_param,301906901,1555,[AoW] Winged Scythe: Angel's Wings,0,direct,visual_or_non_gameplay,,on_hit,,,1,effect has no modeled attack-power or status payload,20.0,0.0,0.0,0.0,0.0,0.0,0.0,0.0,0.0,0.0,0.0,0.0,0.0,0,0
1987,1189,Angel's Wings,2501,attack_param,301906901,6903,AccumuVal [8],0,direct,self_mechanic,,on_hit,,,1,effect targets the attacker/self and is not target buildup,0.0,0.0,0.0,0.0,0.0,0.0,0.0,0.0,0.0,0.0,0.0,0.0,0.0,0,0
1988,1189,Angel's Wings,2503,attack_param,301906905,6903,AccumuVal [8],0,direct,self_mechanic,,on_hit,,,1,effect targets the attacker/self and is not target buildup,0.0,0.0,0.0,0.0,0.0,0.0,0.0,0.0,0.0,0.0,0.0,0.0,0.0,0,0
1989,1189,Angel's Wings,2504,attack_param,301906906,6903,AccumuVal [8],0,direct,self_mechanic,,on_hit,,,1,effect targets the attacker/self and is not target buildup,0.0,0.0,0.0,0.0,0.0,0.0,0.0,0.0,0.0,0.0,0.0,0.0,0.0,0,0
1990,1190,Storm Kick,2541,attack_param,302112900,6903,AccumuVal [8],0,direct,self_mechanic,,on_hit,,,1,effect targets the attacker/self and is not target buildup,0.0,0.0,0.0,0.0,0.0,0.0,0.0,0.0,0.0,0.0,0.0,0.0,0.0,0,0
1991,1190,Storm Kick,2542,attack_param,302112901,6902,AccumuVal [6],0,direct,self_mechanic,,on_hit,,,1,effect targets the attacker/self and is not target buildup,0.0,0.0,0.0,0.0,0.0,0.0,0.0,0.0,0.0,0.0,0.0,0.0,0.0,0,0
1992,1190,Storm Kick,2544,attack_param,302112903,6906,AccumuVal [14],0,direct,self_mechanic,,on_hit,,,1,effect targets the attacker/self and is not target buildup,0.0,0.0,0.0,0.0,0.0,0.0,0.0,0.0,0.0,0.0,0.0,0.0,0.0,0,0
1993,1190,Storm Kick,2545,attack_param,302112904,6903,AccumuVal [8],0,direct,self_mechanic,,on_hit,,,1,effect targets the attacker/self and is not target buildup,0.0,0.0,0.0,0.0,0.0,0.0,0.0,0.0,0.0,0.0,0.0,0.0,0.0,0,0
1994,1190,Storm Kick,2546,attack_param,302112905,6903,AccumuVal [8],0,direct,self_mechanic,,on_hit,,,1,effect targets the attacker/self and is not target buildup,0.0,0.0,0.0,0.0,0.0,0.0,0.0,0.0,0.0,0.0,0.0,0.0,0.0,0,0
1995,1190,Storm Kick,2547,attack_param,302112906,6902,AccumuVal [6],0,direct,self_mechanic,,on_hit,,,1,effect targets the attacker/self and is not target buildup,0.0,0.0,0.0,0.0,0.0,0.0,0.0,0.0,0.0,0.0,0.0,0.0,0.0,0,0
1996,1190,Storm Kick,2549,attack_param,302112908,6906,AccumuVal [14],0,direct,self_mechanic,,on_hit,,,1,effect targets the attacker/self and is not target buildup,0.0,0.0,0.0,0.0,0.0,0.0,0.0,0.0,0.0,0.0,0.0,0.0,0.0,0,0
1997,1190,Storm Kick,2550,attack_param,302112909,6903,AccumuVal [8],0,direct,self_mechanic,,on_hit,,,1,effect targets the attacker/self and is not target buildup,0.0,0.0,0.0,0.0,0.0,0.0,0.0,0.0,0.0,0.0,0.0,0.0,0.0,0,0
1998,1190,Storm Kick,2551,attack_param,302112910,6903,AccumuVal [8],0,direct,self_mechanic,,on_hit,,,1,effect targets the attacker/self and is not target buildup,0.0,0.0,0.0,0.0,0.0,0.0,0.0,0.0,0.0,0.0,0.0,0.0,0.0,0,0
1999,1190,Storm Kick,2552,attack_param,302112911,6902,AccumuVal [6],0,direct,self_mechanic,,on_hit,,,1,effect targets the attacker/self and is not target buildup,0.0,0.0,0.0,0.0,0.0,0.0,0.0,0.0,0.0,0.0,0.0,0.0,0.0,0,0
2000,1190,Storm Kick,2554,attack_param,302112913,6906,AccumuVal [14],0,direct,self_mechanic,,on_hit,,,1,effect targets the attacker/self and is not target buildup,0.0,0.0,0.0,0.0,0.0,0.0,0.0,0.0,0.0,0.0,0.0,0.0,0.0,0,0
2001,1190,Storm Kick,2555,attack_param,302112914,6903,AccumuVal [8],0,direct,self_mechanic,,on_hit,,,1,effect targets the attacker/self and is not target buildup,0.0,0.0,0.0,0.0,0.0,0.0,0.0,0.0,0.0,0.0,0.0,0.0,0.0,0,0
2002,1190,Storm Kick,2556,attack_param,302112915,6903,AccumuVal [8],0,direct,self_mechanic,,on_hit,,,1,effect targets the attacker/self and is not target buildup,0.0,0.0,0.0,0.0,0.0,0.0,0.0,0.0,0.0,0.0,0.0,0.0,0.0,0,0
2003,1190,Storm Kick,2557,attack_param,302112916,6902,AccumuVal [6],0,direct,self_mechanic,,on_hit,,,1,effect targets the attacker/self and is not target buildup,0.0,0.0,0.0,0.0,0.0,0.0,0.0,0.0,0.0,0.0,0.0,0.0,0.0,0,0
2004,1190,Storm Kick,2559,attack_param,302112918,6906,AccumuVal [14],0,direct,self_mechanic,,on_hit,,,1,effect targets the attacker/self and is not target buildup,0.0,0.0,0.0,0.0,0.0,0.0,0.0,0.0,0.0,0.0,0.0,0.0,0.0,0,0
2005,1190,Storm Kick,2560,attack_param,302112919,6903,AccumuVal [8],0,direct,self_mechanic,,on_hit,,,1,effect targets the attacker/self and is not target buildup,0.0,0.0,0.0,0.0,0.0,0.0,0.0,0.0,0.0,0.0,0.0,0.0,0.0,0,0
2006,1191,Unblockable Blade,2561,attack_param,302113900,6906,AccumuVal [14],0,direct,self_mechanic,,on_hit,,,1,effect targets the attacker/self and is not target buildup,0.0,0.0,0.0,0.0,0.0,0.0,0.0,0.0,0.0,0.0,0.0,0.0,0.0,0,0
2007,1191,Unblockable Blade,2562,attack_param,302113905,6906,AccumuVal [14],0,direct,self_mechanic,,on_hit,,,1,effect targets the attacker/self and is not target buildup,0.0,0.0,0.0,0.0,0.0,0.0,0.0,0.0,0.0,0.0,0.0,0.0,0.0,0,0
2008,1192,Sorcery of the Crozier,2312,attack_param,302301901,6902,AccumuVal [6],0,direct,self_mechanic,,on_hit,,,1,effect targets the attacker/self and is not target buildup,0.0,0.0,0.0,0.0,0.0,0.0,0.0,0.0,0.0,0.0,0.0,0.0,0.0,0,0
2009,1193,Erdtree Slam,2314,attack_param,302307900,6906,AccumuVal [14],0,direct,self_mechanic,,on_hit,,,1,effect targets the attacker/self and is not target buildup,0.0,0.0,0.0,0.0,0.0,0.0,0.0,0.0,0.0,0.0,0.0,0.0,0.0,0,0
2010,1193,Erdtree Slam,2315,attack_param,302307901,6906,AccumuVal [14],0,direct,self_mechanic,,on_hit,,,1,effect targets the attacker/self and is not target buildup,0.0,0.0,0.0,0.0,0.0,0.0,0.0,0.0,0.0,0.0,0.0,0.0,0.0,0,0
2011,1193,Erdtree Slam,2316,attack_param,302307902,6906,AccumuVal [14],0,direct,self_mechanic,,on_hit,,,1,effect targets the attacker/self and is not target buildup,0.0,0.0,0.0,0.0,0.0,0.0,0.0,0.0,0.0,0.0,0.0,0.0,0.0,0,0
2012,1193,Erdtree Slam,2317,attack_param,302307905,6906,AccumuVal [14],0,direct,self_mechanic,,on_hit,,,1,effect targets the attacker/self and is not target buildup,0.0,0.0,0.0,0.0,0.0,0.0,0.0,0.0,0.0,0.0,0.0,0.0,0.0,0,0
2013,1193,Erdtree Slam,2318,attack_param,302307906,6906,AccumuVal [14],0,direct,self_mechanic,,on_hit,,,1,effect targets the attacker/self and is not target buildup,0.0,0.0,0.0,0.0,0.0,0.0,0.0,0.0,0.0,0.0,0.0,0.0,0.0,0,0
2014,1194,Gravity Bolt,2330,attack_param,302308905,6903,AccumuVal [8],0,direct,self_mechanic,,on_hit,,,1,effect targets the attacker/self and is not target buildup,0.0,0.0,0.0,0.0,0.0,0.0,0.0,0.0,0.0,0.0,0.0,0.0,0.0,0,0
2015,1194,Gravity Bolt,2334,attack_param,302308909,6903,AccumuVal [8],0,direct,self_mechanic,,on_hit,,,1,effect targets the attacker/self and is not target buildup,0.0,0.0,0.0,0.0,0.0,0.0,0.0,0.0,0.0,0.0,0.0,0.0,0.0,0,0
2016,1194,Gravity Bolt,2335,attack_param,302308915,6906,AccumuVal [14],0,direct,self_mechanic,,on_hit,,,1,effect targets the attacker/self and is not target buildup,0.0,0.0,0.0,0.0,0.0,0.0,0.0,0.0,0.0,0.0,0.0,0.0,0.0,0,0
2017,1194,Gravity Bolt,2337,attack_param,302308925,6906,AccumuVal [14],0,direct,self_mechanic,,on_hit,,,1,effect targets the attacker/self and is not target buildup,0.0,0.0,0.0,0.0,0.0,0.0,0.0,0.0,0.0,0.0,0.0,0.0,0.0,0,0
2018,1196,Golden Retaliation,2625,bullet_target,2841,1525,[AoW] Erdtree Greatshield: Golden Retaliation - Bullet,0,direct,visual_or_non_gameplay,,on_hit,,,1,effect has no modeled attack-power or status payload,0.10000000149011612,0.0,0.0,0.0,0.0,0.0,0.0,0.0,0.0,0.0,0.0,0.0,0.0,0,0
2019,1196,Golden Retaliation,2625,bullet_target,2841,1526,,0,direct,visual_or_non_gameplay,,on_hit,,,1,effect has no modeled attack-power or status payload,1.0,0.0,0.0,0.0,0.0,0.0,0.0,0.0,0.0,0.0,0.0,0.0,0.0,0,0
2020,1196,Golden Retaliation,2626,attack_param,303208905,6903,AccumuVal [8],0,direct,self_mechanic,,on_hit,,,1,effect targets the attacker/self and is not target buildup,0.0,0.0,0.0,0.0,0.0,0.0,0.0,0.0,0.0,0.0,0.0,0.0,0.0,0,0
2021,1196,Golden Retaliation,2627,attack_param,303208906,6903,AccumuVal [8],0,direct,self_mechanic,,on_hit,,,1,effect targets the attacker/self and is not target buildup,0.0,0.0,0.0,0.0,0.0,0.0,0.0,0.0,0.0,0.0,0.0,0.0,0.0,0,0
2022,1198,Ordovis's Vortex,1719,attack_param,300306910,6906,AccumuVal [14],0,direct,self_mechanic,,on_hit,,,1,effect targets the attacker/self and is not target buildup,0.0,0.0,0.0,0.0,0.0,0.0,0.0,0.0,0.0,0.0,0.0,0.0,0.0,0,0
2023,1198,Ordovis's Vortex,1720,attack_param,300306915,6904,AccumuVal [10],0,direct,self_mechanic,,on_hit,,,1,effect targets the attacker/self and is not target buildup,0.0,0.0,0.0,0.0,0.0,0.0,0.0,0.0,0.0,0.0,0.0,0.0,0.0,0,0
2024,1198,Ordovis's Vortex,1721,attack_param,300306900,6906,AccumuVal [14],0,direct,self_mechanic,,on_hit,,,1,effect targets the attacker/self and is not target buildup,0.0,0.0,0.0,0.0,0.0,0.0,0.0,0.0,0.0,0.0,0.0,0.0,0.0,0,0
2025,1198,Ordovis's Vortex,1722,attack_param,300306905,6904,AccumuVal [10],0,direct,self_mechanic,,on_hit,,,1,effect targets the attacker/self and is not target buildup,0.0,0.0,0.0,0.0,0.0,0.0,0.0,0.0,0.0,0.0,0.0,0.0,0.0,0,0
2026,1198,Ordovis's Vortex,1723,attack_param,300306906,6904,AccumuVal [10],0,direct,self_mechanic,,on_hit,,,1,effect targets the attacker/self and is not target buildup,0.0,0.0,0.0,0.0,0.0,0.0,0.0,0.0,0.0,0.0,0.0,0.0,0.0,0,0
2027,1198,Ordovis's Vortex,1724,attack_param,300306907,6904,AccumuVal [10],0,direct,self_mechanic,,on_hit,,,1,effect targets the attacker/self and is not target buildup,0.0,0.0,0.0,0.0,0.0,0.0,0.0,0.0,0.0,0.0,0.0,0.0,0.0,0,0
2028,1198,Ordovis's Vortex,1725,attack_param,300306925,6906,AccumuVal [14],0,direct,self_mechanic,,on_hit,,,1,effect targets the attacker/self and is not target buildup,0.0,0.0,0.0,0.0,0.0,0.0,0.0,0.0,0.0,0.0,0.0,0.0,0.0,0,0
2029,1198,Ordovis's Vortex,1726,attack_param,300306920,6906,AccumuVal [14],0,direct,self_mechanic,,on_hit,,,1,effect targets the attacker/self and is not target buildup,0.0,0.0,0.0,0.0,0.0,0.0,0.0,0.0,0.0,0.0,0.0,0.0,0.0,0,0
2030,1199,Spinning Weapon,2594,attack_param,303309900,6903,AccumuVal [8],0,direct,self_mechanic,,on_hit,,,1,effect targets the attacker/self and is not target buildup,0.0,0.0,0.0,0.0,0.0,0.0,0.0,0.0,0.0,0.0,0.0,0.0,0.0,0,0
2031,1199,Spinning Weapon,2595,attack_param,303309900,6903,AccumuVal [8],0,direct,self_mechanic,,on_hit,,,1,effect targets the attacker/self and is not target buildup,0.0,0.0,0.0,0.0,0.0,0.0,0.0,0.0,0.0,0.0,0.0,0.0,0.0,0,0
2032,1199,Spinning Weapon,2596,attack_param,303309900,6903,AccumuVal [8],0,direct,self_mechanic,,on_hit,,,1,effect targets the attacker/self and is not target buildup,0.0,0.0,0.0,0.0,0.0,0.0,0.0,0.0,0.0,0.0,0.0,0.0,0.0,0,0
2033,1199,Spinning Weapon,2597,attack_param,303309902,6903,AccumuVal [8],0,direct,self_mechanic,,on_hit,,,1,effect targets the attacker/self and is not target buildup,0.0,0.0,0.0,0.0,0.0,0.0,0.0,0.0,0.0,0.0,0.0,0.0,0.0,0,0
2034,1199,Spinning Weapon,2598,attack_param,303309905,6903,AccumuVal [8],0,direct,self_mechanic,,on_hit,,,1,effect targets the attacker/self and is not target buildup,0.0,0.0,0.0,0.0,0.0,0.0,0.0,0.0,0.0,0.0,0.0,0.0,0.0,0,0
2035,1199,Spinning Weapon,2599,attack_param,303309905,6903,AccumuVal [8],0,direct,self_mechanic,,on_hit,,,1,effect targets the attacker/self and is not target buildup,0.0,0.0,0.0,0.0,0.0,0.0,0.0,0.0,0.0,0.0,0.0,0.0,0.0,0,0
2036,1199,Spinning Weapon,2600,attack_param,303309905,6903,AccumuVal [8],0,direct,self_mechanic,,on_hit,,,1,effect targets the attacker/self and is not target buildup,0.0,0.0,0.0,0.0,0.0,0.0,0.0,0.0,0.0,0.0,0.0,0.0,0.0,0,0
2037,1199,Spinning Weapon,2601,attack_param,303309907,6903,AccumuVal [8],0,direct,self_mechanic,,on_hit,,,1,effect targets the attacker/self and is not target buildup,0.0,0.0,0.0,0.0,0.0,0.0,0.0,0.0,0.0,0.0,0.0,0.0,0.0,0,0
2038,2000,Dryleaf Whirlwind,1521,attack_param,600000130,1665,,0,direct,self_mechanic,,on_hit,,,1,effect targets the attacker/self and is not target buildup,0.0,0.0,0.0,0.0,0.0,0.0,0.0,0.0,0.0,0.0,0.0,0.0,0.0,0,0
2039,2000,Dryleaf Whirlwind,1521,attack_param,600000130,6904,AccumuVal [10],0,direct,self_mechanic,,on_hit,,,1,effect targets the attacker/self and is not target buildup,0.0,0.0,0.0,0.0,0.0,0.0,0.0,0.0,0.0,0.0,0.0,0.0,0.0,0,0
2040,2000,Dryleaf Whirlwind,1522,attack_param,600000131,1665,,0,direct,self_mechanic,,on_hit,,,1,effect targets the attacker/self and is not target buildup,0.0,0.0,0.0,0.0,0.0,0.0,0.0,0.0,0.0,0.0,0.0,0.0,0.0,0,0
2041,2000,Dryleaf Whirlwind,1522,attack_param,600000131,6904,AccumuVal [10],0,direct,self_mechanic,,on_hit,,,1,effect targets the attacker/self and is not target buildup,0.0,0.0,0.0,0.0,0.0,0.0,0.0,0.0,0.0,0.0,0.0,0.0,0.0,0,0
2042,2000,Dryleaf Whirlwind,1523,attack_param,600000132,1665,,0,direct,self_mechanic,,on_hit,,,1,effect targets the attacker/self and is not target buildup,0.0,0.0,0.0,0.0,0.0,0.0,0.0,0.0,0.0,0.0,0.0,0.0,0.0,0,0
2043,2000,Dryleaf Whirlwind,1523,attack_param,600000132,6904,AccumuVal [10],0,direct,self_mechanic,,on_hit,,,1,effect targets the attacker/self and is not target buildup,0.0,0.0,0.0,0.0,0.0,0.0,0.0,0.0,0.0,0.0,0.0,0.0,0.0,0,0
2044,2000,Dryleaf Whirlwind,1524,attack_param,600000133,1665,,0,direct,self_mechanic,,on_hit,,,1,effect targets the attacker/self and is not target buildup,0.0,0.0,0.0,0.0,0.0,0.0,0.0,0.0,0.0,0.0,0.0,0.0,0.0,0,0
2045,2000,Dryleaf Whirlwind,1524,attack_param,600000133,6904,AccumuVal [10],0,direct,self_mechanic,,on_hit,,,1,effect targets the attacker/self and is not target buildup,0.0,0.0,0.0,0.0,0.0,0.0,0.0,0.0,0.0,0.0,0.0,0.0,0.0,0,0
2046,2000,Dryleaf Whirlwind,1525,attack_param,600000134,1665,,0,direct,self_mechanic,,on_hit,,,1,effect targets the attacker/self and is not target buildup,0.0,0.0,0.0,0.0,0.0,0.0,0.0,0.0,0.0,0.0,0.0,0.0,0.0,0,0
2047,2000,Dryleaf Whirlwind,1525,attack_param,600000134,6904,AccumuVal [10],0,direct,self_mechanic,,on_hit,,,1,effect targets the attacker/self and is not target buildup,0.0,0.0,0.0,0.0,0.0,0.0,0.0,0.0,0.0,0.0,0.0,0.0,0.0,0,0
2048,2000,Dryleaf Whirlwind,1526,attack_param,600000135,1665,,0,direct,self_mechanic,,on_hit,,,1,effect targets the attacker/self and is not target buildup,0.0,0.0,0.0,0.0,0.0,0.0,0.0,0.0,0.0,0.0,0.0,0.0,0.0,0,0
2049,2000,Dryleaf Whirlwind,1526,attack_param,600000135,6904,AccumuVal [10],0,direct,self_mechanic,,on_hit,,,1,effect targets the attacker/self and is not target buildup,0.0,0.0,0.0,0.0,0.0,0.0,0.0,0.0,0.0,0.0,0.0,0.0,0.0,0,0
2050,2000,Dryleaf Whirlwind,1527,attack_param,600000136,1665,,0,direct,self_mechanic,,on_hit,,,1,effect targets the attacker/self and is not target buildup,0.0,0.0,0.0,0.0,0.0,0.0,0.0,0.0,0.0,0.0,0.0,0.0,0.0,0,0
2051,2000,Dryleaf Whirlwind,1527,attack_param,600000136,6904,AccumuVal [10],0,direct,self_mechanic,,on_hit,,,1,effect targets the attacker/self and is not target buildup,0.0,0.0,0.0,0.0,0.0,0.0,0.0,0.0,0.0,0.0,0.0,0.0,0.0,0,0
2052,2000,Dryleaf Whirlwind,1528,attack_param,600000137,1665,,0,direct,self_mechanic,,on_hit,,,1,effect targets the attacker/self and is not target buildup,0.0,0.0,0.0,0.0,0.0,0.0,0.0,0.0,0.0,0.0,0.0,0.0,0.0,0,0
2053,2000,Dryleaf Whirlwind,1528,attack_param,600000137,6904,AccumuVal [10],0,direct,self_mechanic,,on_hit,,,1,effect targets the attacker/self and is not target buildup,0.0,0.0,0.0,0.0,0.0,0.0,0.0,0.0,0.0,0.0,0.0,0.0,0.0,0,0
2054,2001,Aspects of the Crucible: Wings,1416,attack_param,600000150,1665,,0,direct,self_mechanic,,on_hit,,,1,effect targets the attacker/self and is not target buildup,0.0,0.0,0.0,0.0,0.0,0.0,0.0,0.0,0.0,0.0,0.0,0.0,0.0,0,0
2055,2001,Aspects of the Crucible: Wings,1416,attack_param,600000150,6904,AccumuVal [10],0,direct,self_mechanic,,on_hit,,,1,effect targets the attacker/self and is not target buildup,0.0,0.0,0.0,0.0,0.0,0.0,0.0,0.0,0.0,0.0,0.0,0.0,0.0,0,0
2056,2001,Aspects of the Crucible: Wings,1417,attack_param,600000151,1665,,0,direct,self_mechanic,,on_hit,,,1,effect targets the attacker/self and is not target buildup,0.0,0.0,0.0,0.0,0.0,0.0,0.0,0.0,0.0,0.0,0.0,0.0,0.0,0,0
2057,2001,Aspects of the Crucible: Wings,1417,attack_param,600000151,6904,AccumuVal [10],0,direct,self_mechanic,,on_hit,,,1,effect targets the attacker/self and is not target buildup,0.0,0.0,0.0,0.0,0.0,0.0,0.0,0.0,0.0,0.0,0.0,0.0,0.0,0,0
2058,2001,Aspects of the Crucible: Wings,1418,attack_param,600000151,1665,,0,direct,self_mechanic,,on_hit,,,1,effect targets the attacker/self and is not target buildup,0.0,0.0,0.0,0.0,0.0,0.0,0.0,0.0,0.0,0.0,0.0,0.0,0.0,0,0
2059,2001,Aspects of the Crucible: Wings,1418,attack_param,600000151,6904,AccumuVal [10],0,direct,self_mechanic,,on_hit,,,1,effect targets the attacker/self and is not target buildup,0.0,0.0,0.0,0.0,0.0,0.0,0.0,0.0,0.0,0.0,0.0,0.0,0.0,0,0
2060,2001,Aspects of the Crucible: Wings,1419,attack_param,600000152,1665,,0,direct,self_mechanic,,on_hit,,,1,effect targets the attacker/self and is not target buildup,0.0,0.0,0.0,0.0,0.0,0.0,0.0,0.0,0.0,0.0,0.0,0.0,0.0,0,0
2061,2001,Aspects of the Crucible: Wings,1419,attack_param,600000152,6904,AccumuVal [10],0,direct,self_mechanic,,on_hit,,,1,effect targets the attacker/self and is not target buildup,0.0,0.0,0.0,0.0,0.0,0.0,0.0,0.0,0.0,0.0,0.0,0.0,0.0,0,0
2062,2001,Aspects of the Crucible: Wings,1420,attack_param,600000152,1665,,0,direct,self_mechanic,,on_hit,,,1,effect targets the attacker/self and is not target buildup,0.0,0.0,0.0,0.0,0.0,0.0,0.0,0.0,0.0,0.0,0.0,0.0,0.0,0,0
2063,2001,Aspects of the Crucible: Wings,1420,attack_param,600000152,6904,AccumuVal [10],0,direct,self_mechanic,,on_hit,,,1,effect targets the attacker/self and is not target buildup,0.0,0.0,0.0,0.0,0.0,0.0,0.0,0.0,0.0,0.0,0.0,0.0,0.0,0,0
2064,2001,Aspects of the Crucible: Wings,1421,attack_param,600000152,1665,,0,direct,self_mechanic,,on_hit,,,1,effect targets the attacker/self and is not target buildup,0.0,0.0,0.0,0.0,0.0,0.0,0.0,0.0,0.0,0.0,0.0,0.0,0.0,0,0
2065,2001,Aspects of the Crucible: Wings,1421,attack_param,600000152,6904,AccumuVal [10],0,direct,self_mechanic,,on_hit,,,1,effect targets the attacker/self and is not target buildup,0.0,0.0,0.0,0.0,0.0,0.0,0.0,0.0,0.0,0.0,0.0,0.0,0.0,0,0
2066,2001,Aspects of the Crucible: Wings,1422,attack_param,600000152,1665,,0,direct,self_mechanic,,on_hit,,,1,effect targets the attacker/self and is not target buildup,0.0,0.0,0.0,0.0,0.0,0.0,0.0,0.0,0.0,0.0,0.0,0.0,0.0,0,0
2067,2001,Aspects of the Crucible: Wings,1422,attack_param,600000152,6904,AccumuVal [10],0,direct,self_mechanic,,on_hit,,,1,effect targets the attacker/self and is not target buildup,0.0,0.0,0.0,0.0,0.0,0.0,0.0,0.0,0.0,0.0,0.0,0.0,0.0,0,0
2068,2001,Aspects of the Crucible: Wings,1423,attack_param,600000152,1665,,0,direct,self_mechanic,,on_hit,,,1,effect targets the attacker/self and is not target buildup,0.0,0.0,0.0,0.0,0.0,0.0,0.0,0.0,0.0,0.0,0.0,0.0,0.0,0,0
2069,2001,Aspects of the Crucible: Wings,1423,attack_param,600000152,6904,AccumuVal [10],0,direct,self_mechanic,,on_hit,,,1,effect targets the attacker/self and is not target buildup,0.0,0.0,0.0,0.0,0.0,0.0,0.0,0.0,0.0,0.0,0.0,0.0,0.0,0,0
2070,2001,Aspects of the Crucible: Wings,1424,attack_param,600000152,1665,,0,direct,self_mechanic,,on_hit,,,1,effect targets the attacker/self and is not target buildup,0.0,0.0,0.0,0.0,0.0,0.0,0.0,0.0,0.0,0.0,0.0,0.0,0.0,0,0
2071,2001,Aspects of the Crucible: Wings,1424,attack_param,600000152,6904,AccumuVal [10],0,direct,self_mechanic,,on_hit,,,1,effect targets the attacker/self and is not target buildup,0.0,0.0,0.0,0.0,0.0,0.0,0.0,0.0,0.0,0.0,0.0,0.0,0.0,0,0
2072,2001,Aspects of the Crucible: Wings,1425,attack_param,600000153,1665,,0,direct,self_mechanic,,on_hit,,,1,effect targets the attacker/self and is not target buildup,0.0,0.0,0.0,0.0,0.0,0.0,0.0,0.0,0.0,0.0,0.0,0.0,0.0,0,0
2073,2001,Aspects of the Crucible: Wings,1425,attack_param,600000153,6904,AccumuVal [10],0,direct,self_mechanic,,on_hit,,,1,effect targets the attacker/self and is not target buildup,0.0,0.0,0.0,0.0,0.0,0.0,0.0,0.0,0.0,0.0,0.0,0.0,0.0,0,0
2074,2001,Aspects of the Crucible: Wings,1426,attack_param,600000153,1665,,0,direct,self_mechanic,,on_hit,,,1,effect targets the attacker/self and is not target buildup,0.0,0.0,0.0,0.0,0.0,0.0,0.0,0.0,0.0,0.0,0.0,0.0,0.0,0,0
2075,2001,Aspects of the Crucible: Wings,1426,attack_param,600000153,6904,AccumuVal [10],0,direct,self_mechanic,,on_hit,,,1,effect targets the attacker/self and is not target buildup,0.0,0.0,0.0,0.0,0.0,0.0,0.0,0.0,0.0,0.0,0.0,0.0,0.0,0,0
2076,2001,Aspects of the Crucible: Wings,1427,attack_param,600000153,1665,,0,direct,self_mechanic,,on_hit,,,1,effect targets the attacker/self and is not target buildup,0.0,0.0,0.0,0.0,0.0,0.0,0.0,0.0,0.0,0.0,0.0,0.0,0.0,0,0
2077,2001,Aspects of the Crucible: Wings,1427,attack_param,600000153,6904,AccumuVal [10],0,direct,self_mechanic,,on_hit,,,1,effect targets the attacker/self and is not target buildup,0.0,0.0,0.0,0.0,0.0,0.0,0.0,0.0,0.0,0.0,0.0,0.0,0.0,0,0
2078,2001,Aspects of the Crucible: Wings,1428,attack_param,600000153,1665,,0,direct,self_mechanic,,on_hit,,,1,effect targets the attacker/self and is not target buildup,0.0,0.0,0.0,0.0,0.0,0.0,0.0,0.0,0.0,0.0,0.0,0.0,0.0,0,0
2079,2001,Aspects of the Crucible: Wings,1428,attack_param,600000153,6904,AccumuVal [10],0,direct,self_mechanic,,on_hit,,,1,effect targets the attacker/self and is not target buildup,0.0,0.0,0.0,0.0,0.0,0.0,0.0,0.0,0.0,0.0,0.0,0.0,0.0,0,0
2080,2001,Aspects of the Crucible: Wings,1429,attack_param,600000153,1665,,0,direct,self_mechanic,,on_hit,,,1,effect targets the attacker/self and is not target buildup,0.0,0.0,0.0,0.0,0.0,0.0,0.0,0.0,0.0,0.0,0.0,0.0,0.0,0,0
2081,2001,Aspects of the Crucible: Wings,1429,attack_param,600000153,6904,AccumuVal [10],0,direct,self_mechanic,,on_hit,,,1,effect targets the attacker/self and is not target buildup,0.0,0.0,0.0,0.0,0.0,0.0,0.0,0.0,0.0,0.0,0.0,0.0,0.0,0,0
2082,2001,Aspects of the Crucible: Wings,1430,attack_param,600000153,1665,,0,direct,self_mechanic,,on_hit,,,1,effect targets the attacker/self and is not target buildup,0.0,0.0,0.0,0.0,0.0,0.0,0.0,0.0,0.0,0.0,0.0,0.0,0.0,0,0
2083,2001,Aspects of the Crucible: Wings,1430,attack_param,600000153,6904,AccumuVal [10],0,direct,self_mechanic,,on_hit,,,1,effect targets the attacker/self and is not target buildup,0.0,0.0,0.0,0.0,0.0,0.0,0.0,0.0,0.0,0.0,0.0,0.0,0.0,0,0
2084,2001,Aspects of the Crucible: Wings,1431,attack_param,600000160,1665,,0,direct,self_mechanic,,on_hit,,,1,effect targets the attacker/self and is not target buildup,0.0,0.0,0.0,0.0,0.0,0.0,0.0,0.0,0.0,0.0,0.0,0.0,0.0,0,0
2085,2001,Aspects of the Crucible: Wings,1431,attack_param,600000160,6904,AccumuVal [10],0,direct,self_mechanic,,on_hit,,,1,effect targets the attacker/self and is not target buildup,0.0,0.0,0.0,0.0,0.0,0.0,0.0,0.0,0.0,0.0,0.0,0.0,0.0,0,0
2086,2001,Aspects of the Crucible: Wings,1432,attack_param,600000161,1665,,0,direct,self_mechanic,,on_hit,,,1,effect targets the attacker/self and is not target buildup,0.0,0.0,0.0,0.0,0.0,0.0,0.0,0.0,0.0,0.0,0.0,0.0,0.0,0,0
2087,2001,Aspects of the Crucible: Wings,1432,attack_param,600000161,6904,AccumuVal [10],0,direct,self_mechanic,,on_hit,,,1,effect targets the attacker/self and is not target buildup,0.0,0.0,0.0,0.0,0.0,0.0,0.0,0.0,0.0,0.0,0.0,0.0,0.0,0,0
2088,2001,Aspects of the Crucible: Wings,1433,attack_param,600000162,1665,,0,direct,self_mechanic,,on_hit,,,1,effect targets the attacker/self and is not target buildup,0.0,0.0,0.0,0.0,0.0,0.0,0.0,0.0,0.0,0.0,0.0,0.0,0.0,0,0
2089,2001,Aspects of the Crucible: Wings,1433,attack_param,600000162,6904,AccumuVal [10],0,direct,self_mechanic,,on_hit,,,1,effect targets the attacker/self and is not target buildup,0.0,0.0,0.0,0.0,0.0,0.0,0.0,0.0,0.0,0.0,0.0,0.0,0.0,0,0
2090,2001,Aspects of the Crucible: Wings,1434,attack_param,600000163,1665,,0,direct,self_mechanic,,on_hit,,,1,effect targets the attacker/self and is not target buildup,0.0,0.0,0.0,0.0,0.0,0.0,0.0,0.0,0.0,0.0,0.0,0.0,0.0,0,0
2091,2001,Aspects of the Crucible: Wings,1434,attack_param,600000163,6904,AccumuVal [10],0,direct,self_mechanic,,on_hit,,,1,effect targets the attacker/self and is not target buildup,0.0,0.0,0.0,0.0,0.0,0.0,0.0,0.0,0.0,0.0,0.0,0.0,0.0,0,0
2092,2001,Aspects of the Crucible: Wings,1435,attack_param,600000164,1665,,0,direct,self_mechanic,,on_hit,,,1,effect targets the attacker/self and is not target buildup,0.0,0.0,0.0,0.0,0.0,0.0,0.0,0.0,0.0,0.0,0.0,0.0,0.0,0,0
2093,2001,Aspects of the Crucible: Wings,1435,attack_param,600000164,6904,AccumuVal [10],0,direct,self_mechanic,,on_hit,,,1,effect targets the attacker/self and is not target buildup,0.0,0.0,0.0,0.0,0.0,0.0,0.0,0.0,0.0,0.0,0.0,0.0,0.0,0,0
2094,2001,Aspects of the Crucible: Wings,1436,attack_param,600000165,1665,,0,direct,self_mechanic,,on_hit,,,1,effect targets the attacker/self and is not target buildup,0.0,0.0,0.0,0.0,0.0,0.0,0.0,0.0,0.0,0.0,0.0,0.0,0.0,0,0
2095,2001,Aspects of the Crucible: Wings,1436,attack_param,600000165,6904,AccumuVal [10],0,direct,self_mechanic,,on_hit,,,1,effect targets the attacker/self and is not target buildup,0.0,0.0,0.0,0.0,0.0,0.0,0.0,0.0,0.0,0.0,0.0,0.0,0.0,0,0
2096,2001,Aspects of the Crucible: Wings,1437,attack_param,600000166,1665,,0,direct,self_mechanic,,on_hit,,,1,effect targets the attacker/self and is not target buildup,0.0,0.0,0.0,0.0,0.0,0.0,0.0,0.0,0.0,0.0,0.0,0.0,0.0,0,0
2097,2001,Aspects of the Crucible: Wings,1437,attack_param,600000166,6904,AccumuVal [10],0,direct,self_mechanic,,on_hit,,,1,effect targets the attacker/self and is not target buildup,0.0,0.0,0.0,0.0,0.0,0.0,0.0,0.0,0.0,0.0,0.0,0.0,0.0,0,0
2098,2001,Aspects of the Crucible: Wings,1438,attack_param,600000167,1665,,0,direct,self_mechanic,,on_hit,,,1,effect targets the attacker/self and is not target buildup,0.0,0.0,0.0,0.0,0.0,0.0,0.0,0.0,0.0,0.0,0.0,0.0,0.0,0,0
2099,2001,Aspects of the Crucible: Wings,1438,attack_param,600000167,6904,AccumuVal [10],0,direct,self_mechanic,,on_hit,,,1,effect targets the attacker/self and is not target buildup,0.0,0.0,0.0,0.0,0.0,0.0,0.0,0.0,0.0,0.0,0.0,0.0,0.0,0,0
2100,4000,Spinning Gravity Thrust,75,attack_param,600000010,1667,,0,direct,self_mechanic,,on_hit,,,1,effect targets the attacker/self and is not target buildup,0.0,0.0,0.0,0.0,0.0,0.0,0.0,0.0,0.0,0.0,0.0,0.0,0.0,0,0
2101,4000,Spinning Gravity Thrust,75,attack_param,600000010,6904,AccumuVal [10],0,direct,self_mechanic,,on_hit,,,1,effect targets the attacker/self and is not target buildup,0.0,0.0,0.0,0.0,0.0,0.0,0.0,0.0,0.0,0.0,0.0,0.0,0.0,0,0
2102,4000,Spinning Gravity Thrust,76,attack_param,600000010,1667,,0,direct,self_mechanic,,on_hit,,,1,effect targets the attacker/self and is not target buildup,0.0,0.0,0.0,0.0,0.0,0.0,0.0,0.0,0.0,0.0,0.0,0.0,0.0,0,0
2103,4000,Spinning Gravity Thrust,76,attack_param,600000010,6904,AccumuVal [10],0,direct,self_mechanic,,on_hit,,,1,effect targets the attacker/self and is not target buildup,0.0,0.0,0.0,0.0,0.0,0.0,0.0,0.0,0.0,0.0,0.0,0.0,0.0,0,0
2104,4000,Spinning Gravity Thrust,77,attack_param,600000010,1667,,0,direct,self_mechanic,,on_hit,,,1,effect targets the attacker/self and is not target buildup,0.0,0.0,0.0,0.0,0.0,0.0,0.0,0.0,0.0,0.0,0.0,0.0,0.0,0,0
2105,4000,Spinning Gravity Thrust,77,attack_param,600000010,6904,AccumuVal [10],0,direct,self_mechanic,,on_hit,,,1,effect targets the attacker/self and is not target buildup,0.0,0.0,0.0,0.0,0.0,0.0,0.0,0.0,0.0,0.0,0.0,0.0,0.0,0,0
2106,4000,Spinning Gravity Thrust,78,attack_param,600000010,1667,,0,direct,self_mechanic,,on_hit,,,1,effect targets the attacker/self and is not target buildup,0.0,0.0,0.0,0.0,0.0,0.0,0.0,0.0,0.0,0.0,0.0,0.0,0.0,0,0
2107,4000,Spinning Gravity Thrust,78,attack_param,600000010,6904,AccumuVal [10],0,direct,self_mechanic,,on_hit,,,1,effect targets the attacker/self and is not target buildup,0.0,0.0,0.0,0.0,0.0,0.0,0.0,0.0,0.0,0.0,0.0,0.0,0.0,0,0
2108,4000,Spinning Gravity Thrust,79,attack_param,600000011,1667,,0,direct,self_mechanic,,on_hit,,,1,effect targets the attacker/self and is not target buildup,0.0,0.0,0.0,0.0,0.0,0.0,0.0,0.0,0.0,0.0,0.0,0.0,0.0,0,0
2109,4000,Spinning Gravity Thrust,79,attack_param,600000011,6904,AccumuVal [10],0,direct,self_mechanic,,on_hit,,,1,effect targets the attacker/self and is not target buildup,0.0,0.0,0.0,0.0,0.0,0.0,0.0,0.0,0.0,0.0,0.0,0.0,0.0,0,0
2110,4000,Spinning Gravity Thrust,80,attack_param,600000012,1667,,0,direct,self_mechanic,,on_hit,,,1,effect targets the attacker/self and is not target buildup,0.0,0.0,0.0,0.0,0.0,0.0,0.0,0.0,0.0,0.0,0.0,0.0,0.0,0,0
2111,4000,Spinning Gravity Thrust,80,attack_param,600000012,6904,AccumuVal [10],0,direct,self_mechanic,,on_hit,,,1,effect targets the attacker/self and is not target buildup,0.0,0.0,0.0,0.0,0.0,0.0,0.0,0.0,0.0,0.0,0.0,0.0,0.0,0,0
2112,4000,Spinning Gravity Thrust,81,attack_param,600000012,1667,,0,direct,self_mechanic,,on_hit,,,1,effect targets the attacker/self and is not target buildup,0.0,0.0,0.0,0.0,0.0,0.0,0.0,0.0,0.0,0.0,0.0,0.0,0.0,0,0
2113,4000,Spinning Gravity Thrust,81,attack_param,600000012,6904,AccumuVal [10],0,direct,self_mechanic,,on_hit,,,1,effect targets the attacker/self and is not target buildup,0.0,0.0,0.0,0.0,0.0,0.0,0.0,0.0,0.0,0.0,0.0,0.0,0.0,0,0
2114,4000,Spinning Gravity Thrust,82,attack_param,600000012,1667,,0,direct,self_mechanic,,on_hit,,,1,effect targets the attacker/self and is not target buildup,0.0,0.0,0.0,0.0,0.0,0.0,0.0,0.0,0.0,0.0,0.0,0.0,0.0,0,0
2115,4000,Spinning Gravity Thrust,82,attack_param,600000012,6904,AccumuVal [10],0,direct,self_mechanic,,on_hit,,,1,effect targets the attacker/self and is not target buildup,0.0,0.0,0.0,0.0,0.0,0.0,0.0,0.0,0.0,0.0,0.0,0.0,0.0,0,0
2116,4000,Spinning Gravity Thrust,83,attack_param,600000013,1667,,0,direct,self_mechanic,,on_hit,,,1,effect targets the attacker/self and is not target buildup,0.0,0.0,0.0,0.0,0.0,0.0,0.0,0.0,0.0,0.0,0.0,0.0,0.0,0,0
2117,4000,Spinning Gravity Thrust,83,attack_param,600000013,6904,AccumuVal [10],0,direct,self_mechanic,,on_hit,,,1,effect targets the attacker/self and is not target buildup,0.0,0.0,0.0,0.0,0.0,0.0,0.0,0.0,0.0,0.0,0.0,0.0,0.0,0,0
2118,4000,Spinning Gravity Thrust,84,attack_param,600000015,1667,,0,direct,self_mechanic,,on_hit,,,1,effect targets the attacker/self and is not target buildup,0.0,0.0,0.0,0.0,0.0,0.0,0.0,0.0,0.0,0.0,0.0,0.0,0.0,0,0
2119,4000,Spinning Gravity Thrust,84,attack_param,600000015,6904,AccumuVal [10],0,direct,self_mechanic,,on_hit,,,1,effect targets the attacker/self and is not target buildup,0.0,0.0,0.0,0.0,0.0,0.0,0.0,0.0,0.0,0.0,0.0,0.0,0.0,0,0
2120,4000,Spinning Gravity Thrust,85,attack_param,600000015,1667,,0,direct,self_mechanic,,on_hit,,,1,effect targets the attacker/self and is not target buildup,0.0,0.0,0.0,0.0,0.0,0.0,0.0,0.0,0.0,0.0,0.0,0.0,0.0,0,0
2121,4000,Spinning Gravity Thrust,85,attack_param,600000015,6904,AccumuVal [10],0,direct,self_mechanic,,on_hit,,,1,effect targets the attacker/self and is not target buildup,0.0,0.0,0.0,0.0,0.0,0.0,0.0,0.0,0.0,0.0,0.0,0.0,0.0,0,0
2122,4000,Spinning Gravity Thrust,86,attack_param,600000015,1667,,0,direct,self_mechanic,,on_hit,,,1,effect targets the attacker/self and is not target buildup,0.0,0.0,0.0,0.0,0.0,0.0,0.0,0.0,0.0,0.0,0.0,0.0,0.0,0,0
2123,4000,Spinning Gravity Thrust,86,attack_param,600000015,6904,AccumuVal [10],0,direct,self_mechanic,,on_hit,,,1,effect targets the attacker/self and is not target buildup,0.0,0.0,0.0,0.0,0.0,0.0,0.0,0.0,0.0,0.0,0.0,0.0,0.0,0,0
2124,4000,Spinning Gravity Thrust,87,attack_param,600000015,1667,,0,direct,self_mechanic,,on_hit,,,1,effect targets the attacker/self and is not target buildup,0.0,0.0,0.0,0.0,0.0,0.0,0.0,0.0,0.0,0.0,0.0,0.0,0.0,0,0
2125,4000,Spinning Gravity Thrust,87,attack_param,600000015,6904,AccumuVal [10],0,direct,self_mechanic,,on_hit,,,1,effect targets the attacker/self and is not target buildup,0.0,0.0,0.0,0.0,0.0,0.0,0.0,0.0,0.0,0.0,0.0,0.0,0.0,0,0
2126,4000,Spinning Gravity Thrust,88,attack_param,600000016,1667,,0,direct,self_mechanic,,on_hit,,,1,effect targets the attacker/self and is not target buildup,0.0,0.0,0.0,0.0,0.0,0.0,0.0,0.0,0.0,0.0,0.0,0.0,0.0,0,0
2127,4000,Spinning Gravity Thrust,88,attack_param,600000016,6904,AccumuVal [10],0,direct,self_mechanic,,on_hit,,,1,effect targets the attacker/self and is not target buildup,0.0,0.0,0.0,0.0,0.0,0.0,0.0,0.0,0.0,0.0,0.0,0.0,0.0,0,0
2128,4000,Spinning Gravity Thrust,89,attack_param,600000017,1667,,0,direct,self_mechanic,,on_hit,,,1,effect targets the attacker/self and is not target buildup,0.0,0.0,0.0,0.0,0.0,0.0,0.0,0.0,0.0,0.0,0.0,0.0,0.0,0,0
2129,4000,Spinning Gravity Thrust,89,attack_param,600000017,6904,AccumuVal [10],0,direct,self_mechanic,,on_hit,,,1,effect targets the attacker/self and is not target buildup,0.0,0.0,0.0,0.0,0.0,0.0,0.0,0.0,0.0,0.0,0.0,0.0,0.0,0,0
2130,4000,Spinning Gravity Thrust,90,attack_param,600000017,1667,,0,direct,self_mechanic,,on_hit,,,1,effect targets the attacker/self and is not target buildup,0.0,0.0,0.0,0.0,0.0,0.0,0.0,0.0,0.0,0.0,0.0,0.0,0.0,0,0
2131,4000,Spinning Gravity Thrust,90,attack_param,600000017,6904,AccumuVal [10],0,direct,self_mechanic,,on_hit,,,1,effect targets the attacker/self and is not target buildup,0.0,0.0,0.0,0.0,0.0,0.0,0.0,0.0,0.0,0.0,0.0,0.0,0.0,0,0
2132,4000,Spinning Gravity Thrust,91,attack_param,600000017,1667,,0,direct,self_mechanic,,on_hit,,,1,effect targets the attacker/self and is not target buildup,0.0,0.0,0.0,0.0,0.0,0.0,0.0,0.0,0.0,0.0,0.0,0.0,0.0,0,0
2133,4000,Spinning Gravity Thrust,91,attack_param,600000017,6904,AccumuVal [10],0,direct,self_mechanic,,on_hit,,,1,effect targets the attacker/self and is not target buildup,0.0,0.0,0.0,0.0,0.0,0.0,0.0,0.0,0.0,0.0,0.0,0.0,0.0,0,0
2134,4000,Spinning Gravity Thrust,92,attack_param,600000018,1667,,0,direct,self_mechanic,,on_hit,,,1,effect targets the attacker/self and is not target buildup,0.0,0.0,0.0,0.0,0.0,0.0,0.0,0.0,0.0,0.0,0.0,0.0,0.0,0,0
2135,4000,Spinning Gravity Thrust,92,attack_param,600000018,6904,AccumuVal [10],0,direct,self_mechanic,,on_hit,,,1,effect targets the attacker/self and is not target buildup,0.0,0.0,0.0,0.0,0.0,0.0,0.0,0.0,0.0,0.0,0.0,0.0,0.0,0,0
2136,4010,Palm Blast,1517,attack_param,600000001,1667,,0,direct,self_mechanic,,on_hit,,,1,effect targets the attacker/self and is not target buildup,0.0,0.0,0.0,0.0,0.0,0.0,0.0,0.0,0.0,0.0,0.0,0.0,0.0,0,0
2137,4010,Palm Blast,1517,attack_param,600000001,6904,AccumuVal [10],0,direct,self_mechanic,,on_hit,,,1,effect targets the attacker/self and is not target buildup,0.0,0.0,0.0,0.0,0.0,0.0,0.0,0.0,0.0,0.0,0.0,0.0,0.0,0,0
2138,4010,Palm Blast,1518,attack_param,600000006,1667,,0,direct,self_mechanic,,on_hit,,,1,effect targets the attacker/self and is not target buildup,0.0,0.0,0.0,0.0,0.0,0.0,0.0,0.0,0.0,0.0,0.0,0.0,0.0,0,0
2139,4010,Palm Blast,1518,attack_param,600000006,6904,AccumuVal [10],0,direct,self_mechanic,,on_hit,,,1,effect targets the attacker/self and is not target buildup,0.0,0.0,0.0,0.0,0.0,0.0,0.0,0.0,0.0,0.0,0.0,0.0,0.0,0,0
2140,4010,Palm Blast,1519,attack_param,600000002,1665,,0,direct,self_mechanic,,on_hit,,,1,effect targets the attacker/self and is not target buildup,0.0,0.0,0.0,0.0,0.0,0.0,0.0,0.0,0.0,0.0,0.0,0.0,0.0,0,0
2141,4010,Palm Blast,1519,attack_param,600000002,6902,AccumuVal [6],0,direct,self_mechanic,,on_hit,,,1,effect targets the attacker/self and is not target buildup,0.0,0.0,0.0,0.0,0.0,0.0,0.0,0.0,0.0,0.0,0.0,0.0,0.0,0,0
2142,4010,Palm Blast,1520,attack_param,600000007,1665,,0,direct,self_mechanic,,on_hit,,,1,effect targets the attacker/self and is not target buildup,0.0,0.0,0.0,0.0,0.0,0.0,0.0,0.0,0.0,0.0,0.0,0.0,0.0,0,0
2143,4010,Palm Blast,1520,attack_param,600000007,6904,AccumuVal [10],0,direct,self_mechanic,,on_hit,,,1,effect targets the attacker/self and is not target buildup,0.0,0.0,0.0,0.0,0.0,0.0,0.0,0.0,0.0,0.0,0.0,0.0,0.0,0,0
2144,4020,Piercing Throw,1130,attack_param,600000050,1665,,0,direct,self_mechanic,,on_hit,,,1,effect targets the attacker/self and is not target buildup,0.0,0.0,0.0,0.0,0.0,0.0,0.0,0.0,0.0,0.0,0.0,0.0,0.0,0,0
2145,4020,Piercing Throw,1130,attack_param,600000050,6902,AccumuVal [6],0,direct,self_mechanic,,on_hit,,,1,effect targets the attacker/self and is not target buildup,0.0,0.0,0.0,0.0,0.0,0.0,0.0,0.0,0.0,0.0,0.0,0.0,0.0,0,0
2146,4020,Piercing Throw,1131,attack_param,600000052,1665,,0,direct,self_mechanic,,on_hit,,,1,effect targets the attacker/self and is not target buildup,0.0,0.0,0.0,0.0,0.0,0.0,0.0,0.0,0.0,0.0,0.0,0.0,0.0,0,0
2147,4020,Piercing Throw,1131,attack_param,600000052,6902,AccumuVal [6],0,direct,self_mechanic,,on_hit,,,1,effect targets the attacker/self and is not target buildup,0.0,0.0,0.0,0.0,0.0,0.0,0.0,0.0,0.0,0.0,0.0,0.0,0.0,0,0
2148,4020,Piercing Throw,1137,attack_param,600000129,1665,,0,direct,self_mechanic,,on_hit,,,1,effect targets the attacker/self and is not target buildup,0.0,0.0,0.0,0.0,0.0,0.0,0.0,0.0,0.0,0.0,0.0,0.0,0.0,0,0
2149,4020,Piercing Throw,1137,attack_param,600000129,6902,AccumuVal [6],0,direct,self_mechanic,,on_hit,,,1,effect targets the attacker/self and is not target buildup,0.0,0.0,0.0,0.0,0.0,0.0,0.0,0.0,0.0,0.0,0.0,0.0,0.0,0,0
2150,4030,Scattershot Throw,1137,attack_param,600000129,1665,,0,direct,self_mechanic,,on_hit,,,1,effect targets the attacker/self and is not target buildup,0.0,0.0,0.0,0.0,0.0,0.0,0.0,0.0,0.0,0.0,0.0,0.0,0.0,0,0
2151,4030,Scattershot Throw,1137,attack_param,600000129,6902,AccumuVal [6],0,direct,self_mechanic,,on_hit,,,1,effect targets the attacker/self and is not target buildup,0.0,0.0,0.0,0.0,0.0,0.0,0.0,0.0,0.0,0.0,0.0,0.0,0.0,0,0
2152,4030,Scattershot Throw,2582,attack_param,600001009,1665,,0,direct,self_mechanic,,on_hit,,,1,effect targets the attacker/self and is not target buildup,0.0,0.0,0.0,0.0,0.0,0.0,0.0,0.0,0.0,0.0,0.0,0.0,0.0,0,0
2153,4030,Scattershot Throw,2582,attack_param,600001009,6902,AccumuVal [6],0,direct,self_mechanic,,on_hit,,,1,effect targets the attacker/self and is not target buildup,0.0,0.0,0.0,0.0,0.0,0.0,0.0,0.0,0.0,0.0,0.0,0.0,0.0,0,0
2154,4040,Wall of Sparks,1529,bullet_shooter,200002900,20000970,,0,direct,self_buff,,on_hit,,,1,applies to the projectile shooter rather than the target hit,2.0,0.0,0.0,0.0,0.0,0.0,0.0,0.0,0.0,0.0,0.0,0.0,0.0,0,0
2155,4040,Wall of Sparks,1529,bullet_shooter,200002930,20000971,,0,direct,self_buff,,on_hit,,,1,applies to the projectile shooter rather than the target hit,2.0,0.0,0.0,0.0,0.0,0.0,0.0,0.0,0.0,0.0,0.0,0.0,0.0,0,0
2156,4040,Wall of Sparks,1529,bullet_shooter,200002960,20000972,,0,direct,self_buff,,on_hit,,,1,applies to the projectile shooter rather than the target hit,2.0,0.0,0.0,0.0,0.0,0.0,0.0,0.0,0.0,0.0,0.0,0.0,0.0,0,0
2157,4040,Wall of Sparks,1529,bullet_shooter,200002990,20000973,,0,direct,self_buff,,on_hit,,,1,applies to the projectile shooter rather than the target hit,2.0,0.0,0.0,0.0,0.0,0.0,0.0,0.0,0.0,0.0,0.0,0.0,0.0,0,0
2158,4040,Wall of Sparks,1531,attack_param,600000020,1667,,0,direct,self_mechanic,,on_hit,,,1,effect targets the attacker/self and is not target buildup,0.0,0.0,0.0,0.0,0.0,0.0,0.0,0.0,0.0,0.0,0.0,0.0,0.0,0,0
2159,4040,Wall of Sparks,1531,attack_param,600000020,6902,AccumuVal [6],0,direct,self_mechanic,,on_hit,,,1,effect targets the attacker/self and is not target buildup,0.0,0.0,0.0,0.0,0.0,0.0,0.0,0.0,0.0,0.0,0.0,0.0,0.0,0,0
2160,4040,Wall of Sparks,1532,attack_param,600000021,1667,,0,direct,self_mechanic,,on_hit,,,1,effect targets the attacker/self and is not target buildup,0.0,0.0,0.0,0.0,0.0,0.0,0.0,0.0,0.0,0.0,0.0,0.0,0.0,0,0
2161,4040,Wall of Sparks,1532,attack_param,600000021,6902,AccumuVal [6],0,direct,self_mechanic,,on_hit,,,1,effect targets the attacker/self and is not target buildup,0.0,0.0,0.0,0.0,0.0,0.0,0.0,0.0,0.0,0.0,0.0,0.0,0.0,0,0
2162,4050,Rolling Sparks,1533,bullet_shooter,200003030,20000970,,0,direct,self_buff,,on_hit,,,1,applies to the projectile shooter rather than the target hit,2.0,0.0,0.0,0.0,0.0,0.0,0.0,0.0,0.0,0.0,0.0,0.0,0.0,0,0
2163,4050,Rolling Sparks,1533,bullet_shooter,200003040,20000971,,0,direct,self_buff,,on_hit,,,1,applies to the projectile shooter rather than the target hit,2.0,0.0,0.0,0.0,0.0,0.0,0.0,0.0,0.0,0.0,0.0,0.0,0.0,0,0
2164,4050,Rolling Sparks,1533,bullet_shooter,200003050,20000972,,0,direct,self_buff,,on_hit,,,1,applies to the projectile shooter rather than the target hit,2.0,0.0,0.0,0.0,0.0,0.0,0.0,0.0,0.0,0.0,0.0,0.0,0.0,0,0
2165,4050,Rolling Sparks,1533,bullet_shooter,200003060,20000973,,0,direct,self_buff,,on_hit,,,1,applies to the projectile shooter rather than the target hit,2.0,0.0,0.0,0.0,0.0,0.0,0.0,0.0,0.0,0.0,0.0,0.0,0.0,0,0
2166,4050,Rolling Sparks,1535,attack_param,600000030,1667,,0,direct,self_mechanic,,on_hit,,,1,effect targets the attacker/self and is not target buildup,0.0,0.0,0.0,0.0,0.0,0.0,0.0,0.0,0.0,0.0,0.0,0.0,0.0,0,0
2167,4050,Rolling Sparks,1535,attack_param,600000030,6902,AccumuVal [6],0,direct,self_mechanic,,on_hit,,,1,effect targets the attacker/self and is not target buildup,0.0,0.0,0.0,0.0,0.0,0.0,0.0,0.0,0.0,0.0,0.0,0.0,0.0,0,0
2168,4060,Raging Beast,1124,attack_param,600000080,1665,,0,direct,self_mechanic,,on_hit,,,1,effect targets the attacker/self and is not target buildup,0.0,0.0,0.0,0.0,0.0,0.0,0.0,0.0,0.0,0.0,0.0,0.0,0.0,0,0
2169,4060,Raging Beast,1124,attack_param,600000080,6904,AccumuVal [10],0,direct,self_mechanic,,on_hit,,,1,effect targets the attacker/self and is not target buildup,0.0,0.0,0.0,0.0,0.0,0.0,0.0,0.0,0.0,0.0,0.0,0.0,0.0,0,0
2170,4060,Raging Beast,1125,attack_param,600000082,1667,,0,direct,self_mechanic,,on_hit,,,1,effect targets the attacker/self and is not target buildup,0.0,0.0,0.0,0.0,0.0,0.0,0.0,0.0,0.0,0.0,0.0,0.0,0.0,0,0
2171,4060,Raging Beast,1125,attack_param,600000082,6904,AccumuVal [10],0,direct,self_mechanic,,on_hit,,,1,effect targets the attacker/self and is not target buildup,0.0,0.0,0.0,0.0,0.0,0.0,0.0,0.0,0.0,0.0,0.0,0.0,0.0,0,0
2172,4060,Raging Beast,1126,attack_param,600000083,1665,,0,direct,self_mechanic,,on_hit,,,1,effect targets the attacker/self and is not target buildup,0.0,0.0,0.0,0.0,0.0,0.0,0.0,0.0,0.0,0.0,0.0,0.0,0.0,0,0
2173,4060,Raging Beast,1126,attack_param,600000083,6904,AccumuVal [10],0,direct,self_mechanic,,on_hit,,,1,effect targets the attacker/self and is not target buildup,0.0,0.0,0.0,0.0,0.0,0.0,0.0,0.0,0.0,0.0,0.0,0.0,0.0,0,0
2174,4060,Raging Beast,1127,attack_param,600000090,1665,,0,direct,self_mechanic,,on_hit,,,1,effect targets the attacker/self and is not target buildup,0.0,0.0,0.0,0.0,0.0,0.0,0.0,0.0,0.0,0.0,0.0,0.0,0.0,0,0
2175,4060,Raging Beast,1127,attack_param,600000090,6904,AccumuVal [10],0,direct,self_mechanic,,on_hit,,,1,effect targets the attacker/self and is not target buildup,0.0,0.0,0.0,0.0,0.0,0.0,0.0,0.0,0.0,0.0,0.0,0.0,0.0,0,0
2176,4060,Raging Beast,1128,attack_param,600000092,1667,,0,direct,self_mechanic,,on_hit,,,1,effect targets the attacker/self and is not target buildup,0.0,0.0,0.0,0.0,0.0,0.0,0.0,0.0,0.0,0.0,0.0,0.0,0.0,0,0
2177,4060,Raging Beast,1128,attack_param,600000092,6904,AccumuVal [10],0,direct,self_mechanic,,on_hit,,,1,effect targets the attacker/self and is not target buildup,0.0,0.0,0.0,0.0,0.0,0.0,0.0,0.0,0.0,0.0,0.0,0.0,0.0,0,0
2178,4060,Raging Beast,1129,attack_param,600000093,1665,,0,direct,self_mechanic,,on_hit,,,1,effect targets the attacker/self and is not target buildup,0.0,0.0,0.0,0.0,0.0,0.0,0.0,0.0,0.0,0.0,0.0,0.0,0.0,0,0
2179,4060,Raging Beast,1129,attack_param,600000093,6904,AccumuVal [10],0,direct,self_mechanic,,on_hit,,,1,effect targets the attacker/self and is not target buildup,0.0,0.0,0.0,0.0,0.0,0.0,0.0,0.0,0.0,0.0,0.0,0.0,0.0,0,0
2180,4070,Savage Claws,1112,attack_param,700000290,1665,,0,direct,self_mechanic,,on_hit,,,1,effect targets the attacker/self and is not target buildup,0.0,0.0,0.0,0.0,0.0,0.0,0.0,0.0,0.0,0.0,0.0,0.0,0.0,0,0
2181,4070,Savage Claws,1112,attack_param,700000290,6904,AccumuVal [10],0,direct,self_mechanic,,on_hit,,,1,effect targets the attacker/self and is not target buildup,0.0,0.0,0.0,0.0,0.0,0.0,0.0,0.0,0.0,0.0,0.0,0.0,0.0,0,0
2182,4070,Savage Claws,1113,attack_param,700000291,1665,,0,direct,self_mechanic,,on_hit,,,1,effect targets the attacker/self and is not target buildup,0.0,0.0,0.0,0.0,0.0,0.0,0.0,0.0,0.0,0.0,0.0,0.0,0.0,0,0
2183,4070,Savage Claws,1113,attack_param,700000291,6904,AccumuVal [10],0,direct,self_mechanic,,on_hit,,,1,effect targets the attacker/self and is not target buildup,0.0,0.0,0.0,0.0,0.0,0.0,0.0,0.0,0.0,0.0,0.0,0.0,0.0,0,0
2184,4070,Savage Claws,1114,attack_param,700000292,1665,,0,direct,self_mechanic,,on_hit,,,1,effect targets the attacker/self and is not target buildup,0.0,0.0,0.0,0.0,0.0,0.0,0.0,0.0,0.0,0.0,0.0,0.0,0.0,0,0
2185,4070,Savage Claws,1114,attack_param,700000292,6904,AccumuVal [10],0,direct,self_mechanic,,on_hit,,,1,effect targets the attacker/self and is not target buildup,0.0,0.0,0.0,0.0,0.0,0.0,0.0,0.0,0.0,0.0,0.0,0.0,0.0,0,0
2186,4070,Savage Claws,1115,attack_param,700000293,1665,,0,direct,self_mechanic,,on_hit,,,1,effect targets the attacker/self and is not target buildup,0.0,0.0,0.0,0.0,0.0,0.0,0.0,0.0,0.0,0.0,0.0,0.0,0.0,0,0
2187,4070,Savage Claws,1115,attack_param,700000293,6904,AccumuVal [10],0,direct,self_mechanic,,on_hit,,,1,effect targets the attacker/self and is not target buildup,0.0,0.0,0.0,0.0,0.0,0.0,0.0,0.0,0.0,0.0,0.0,0.0,0.0,0,0
2188,4070,Savage Claws,1116,attack_param,700000294,1665,,0,direct,self_mechanic,,on_hit,,,1,effect targets the attacker/self and is not target buildup,0.0,0.0,0.0,0.0,0.0,0.0,0.0,0.0,0.0,0.0,0.0,0.0,0.0,0,0
2189,4070,Savage Claws,1116,attack_param,700000294,6904,AccumuVal [10],0,direct,self_mechanic,,on_hit,,,1,effect targets the attacker/self and is not target buildup,0.0,0.0,0.0,0.0,0.0,0.0,0.0,0.0,0.0,0.0,0.0,0.0,0.0,0,0
2190,4070,Savage Claws,1117,attack_param,700000295,1665,,0,direct,self_mechanic,,on_hit,,,1,effect targets the attacker/self and is not target buildup,0.0,0.0,0.0,0.0,0.0,0.0,0.0,0.0,0.0,0.0,0.0,0.0,0.0,0,0
2191,4070,Savage Claws,1117,attack_param,700000295,6904,AccumuVal [10],0,direct,self_mechanic,,on_hit,,,1,effect targets the attacker/self and is not target buildup,0.0,0.0,0.0,0.0,0.0,0.0,0.0,0.0,0.0,0.0,0.0,0.0,0.0,0,0
2192,4070,Savage Claws,1118,attack_param,700000296,1665,,0,direct,self_mechanic,,on_hit,,,1,effect targets the attacker/self and is not target buildup,0.0,0.0,0.0,0.0,0.0,0.0,0.0,0.0,0.0,0.0,0.0,0.0,0.0,0,0
2193,4070,Savage Claws,1118,attack_param,700000296,6904,AccumuVal [10],0,direct,self_mechanic,,on_hit,,,1,effect targets the attacker/self and is not target buildup,0.0,0.0,0.0,0.0,0.0,0.0,0.0,0.0,0.0,0.0,0.0,0.0,0.0,0,0
2194,4070,Savage Claws,1119,attack_param,700000297,1665,,0,direct,self_mechanic,,on_hit,,,1,effect targets the attacker/self and is not target buildup,0.0,0.0,0.0,0.0,0.0,0.0,0.0,0.0,0.0,0.0,0.0,0.0,0.0,0,0
2195,4070,Savage Claws,1119,attack_param,700000297,6904,AccumuVal [10],0,direct,self_mechanic,,on_hit,,,1,effect targets the attacker/self and is not target buildup,0.0,0.0,0.0,0.0,0.0,0.0,0.0,0.0,0.0,0.0,0.0,0.0,0.0,0,0
2196,4070,Savage Claws,1120,attack_param,700000298,1665,,0,direct,self_mechanic,,on_hit,,,1,effect targets the attacker/self and is not target buildup,0.0,0.0,0.0,0.0,0.0,0.0,0.0,0.0,0.0,0.0,0.0,0.0,0.0,0,0
2197,4070,Savage Claws,1120,attack_param,700000298,6904,AccumuVal [10],0,direct,self_mechanic,,on_hit,,,1,effect targets the attacker/self and is not target buildup,0.0,0.0,0.0,0.0,0.0,0.0,0.0,0.0,0.0,0.0,0.0,0.0,0.0,0,0
2198,4070,Savage Claws,1121,attack_param,700000299,1665,,0,direct,self_mechanic,,on_hit,,,1,effect targets the attacker/self and is not target buildup,0.0,0.0,0.0,0.0,0.0,0.0,0.0,0.0,0.0,0.0,0.0,0.0,0.0,0,0
2199,4070,Savage Claws,1121,attack_param,700000299,6904,AccumuVal [10],0,direct,self_mechanic,,on_hit,,,1,effect targets the attacker/self and is not target buildup,0.0,0.0,0.0,0.0,0.0,0.0,0.0,0.0,0.0,0.0,0.0,0.0,0.0,0,0
2200,4070,Savage Claws,1122,attack_param,700000300,1665,,0,direct,self_mechanic,,on_hit,,,1,effect targets the attacker/self and is not target buildup,0.0,0.0,0.0,0.0,0.0,0.0,0.0,0.0,0.0,0.0,0.0,0.0,0.0,0,0
2201,4070,Savage Claws,1122,attack_param,700000300,6904,AccumuVal [10],0,direct,self_mechanic,,on_hit,,,1,effect targets the attacker/self and is not target buildup,0.0,0.0,0.0,0.0,0.0,0.0,0.0,0.0,0.0,0.0,0.0,0.0,0.0,0,0
2202,4070,Savage Claws,1123,attack_param,700000301,1665,,0,direct,self_mechanic,,on_hit,,,1,effect targets the attacker/self and is not target buildup,0.0,0.0,0.0,0.0,0.0,0.0,0.0,0.0,0.0,0.0,0.0,0.0,0.0,0,0
2203,4070,Savage Claws,1123,attack_param,700000301,6904,AccumuVal [10],0,direct,self_mechanic,,on_hit,,,1,effect targets the attacker/self and is not target buildup,0.0,0.0,0.0,0.0,0.0,0.0,0.0,0.0,0.0,0.0,0.0,0.0,0.0,0,0
2204,4070,Savage Claws,1124,attack_param,600000080,1665,,0,direct,self_mechanic,,on_hit,,,1,effect targets the attacker/self and is not target buildup,0.0,0.0,0.0,0.0,0.0,0.0,0.0,0.0,0.0,0.0,0.0,0.0,0.0,0,0
2205,4070,Savage Claws,1124,attack_param,600000080,6904,AccumuVal [10],0,direct,self_mechanic,,on_hit,,,1,effect targets the attacker/self and is not target buildup,0.0,0.0,0.0,0.0,0.0,0.0,0.0,0.0,0.0,0.0,0.0,0.0,0.0,0,0
2206,4070,Savage Claws,1125,attack_param,600000082,1667,,0,direct,self_mechanic,,on_hit,,,1,effect targets the attacker/self and is not target buildup,0.0,0.0,0.0,0.0,0.0,0.0,0.0,0.0,0.0,0.0,0.0,0.0,0.0,0,0
2207,4070,Savage Claws,1125,attack_param,600000082,6904,AccumuVal [10],0,direct,self_mechanic,,on_hit,,,1,effect targets the attacker/self and is not target buildup,0.0,0.0,0.0,0.0,0.0,0.0,0.0,0.0,0.0,0.0,0.0,0.0,0.0,0,0
2208,4070,Savage Claws,1126,attack_param,600000083,1665,,0,direct,self_mechanic,,on_hit,,,1,effect targets the attacker/self and is not target buildup,0.0,0.0,0.0,0.0,0.0,0.0,0.0,0.0,0.0,0.0,0.0,0.0,0.0,0,0
2209,4070,Savage Claws,1126,attack_param,600000083,6904,AccumuVal [10],0,direct,self_mechanic,,on_hit,,,1,effect targets the attacker/self and is not target buildup,0.0,0.0,0.0,0.0,0.0,0.0,0.0,0.0,0.0,0.0,0.0,0.0,0.0,0,0
2210,4070,Savage Claws,1127,attack_param,600000090,1665,,0,direct,self_mechanic,,on_hit,,,1,effect targets the attacker/self and is not target buildup,0.0,0.0,0.0,0.0,0.0,0.0,0.0,0.0,0.0,0.0,0.0,0.0,0.0,0,0
2211,4070,Savage Claws,1127,attack_param,600000090,6904,AccumuVal [10],0,direct,self_mechanic,,on_hit,,,1,effect targets the attacker/self and is not target buildup,0.0,0.0,0.0,0.0,0.0,0.0,0.0,0.0,0.0,0.0,0.0,0.0,0.0,0,0
2212,4070,Savage Claws,1128,attack_param,600000092,1667,,0,direct,self_mechanic,,on_hit,,,1,effect targets the attacker/self and is not target buildup,0.0,0.0,0.0,0.0,0.0,0.0,0.0,0.0,0.0,0.0,0.0,0.0,0.0,0,0
2213,4070,Savage Claws,1128,attack_param,600000092,6904,AccumuVal [10],0,direct,self_mechanic,,on_hit,,,1,effect targets the attacker/self and is not target buildup,0.0,0.0,0.0,0.0,0.0,0.0,0.0,0.0,0.0,0.0,0.0,0.0,0.0,0,0
2214,4070,Savage Claws,1129,attack_param,600000093,1665,,0,direct,self_mechanic,,on_hit,,,1,effect targets the attacker/self and is not target buildup,0.0,0.0,0.0,0.0,0.0,0.0,0.0,0.0,0.0,0.0,0.0,0.0,0.0,0,0
2215,4070,Savage Claws,1129,attack_param,600000093,6904,AccumuVal [10],0,direct,self_mechanic,,on_hit,,,1,effect targets the attacker/self and is not target buildup,0.0,0.0,0.0,0.0,0.0,0.0,0.0,0.0,0.0,0.0,0.0,0.0,0.0,0,0
2216,4080,Red Bear Hunt,2583,attack_param,600000640,1665,,0,direct,self_mechanic,,on_hit,,,1,effect targets the attacker/self and is not target buildup,0.0,0.0,0.0,0.0,0.0,0.0,0.0,0.0,0.0,0.0,0.0,0.0,0.0,0,0
2217,4080,Red Bear Hunt,2583,attack_param,600000640,6904,AccumuVal [10],0,direct,self_mechanic,,on_hit,,,1,effect targets the attacker/self and is not target buildup,0.0,0.0,0.0,0.0,0.0,0.0,0.0,0.0,0.0,0.0,0.0,0.0,0.0,0,0
2218,4080,Red Bear Hunt,2585,attack_param,600000642,1665,,0,direct,self_mechanic,,on_hit,,,1,effect targets the attacker/self and is not target buildup,0.0,0.0,0.0,0.0,0.0,0.0,0.0,0.0,0.0,0.0,0.0,0.0,0.0,0,0
2219,4080,Red Bear Hunt,2585,attack_param,600000642,6904,AccumuVal [10],0,direct,self_mechanic,,on_hit,,,1,effect targets the attacker/self and is not target buildup,0.0,0.0,0.0,0.0,0.0,0.0,0.0,0.0,0.0,0.0,0.0,0.0,0.0,0,0
2220,4080,Red Bear Hunt,2587,attack_param,600000644,1665,,0,direct,self_mechanic,,on_hit,,,1,effect targets the attacker/self and is not target buildup,0.0,0.0,0.0,0.0,0.0,0.0,0.0,0.0,0.0,0.0,0.0,0.0,0.0,0,0
2221,4080,Red Bear Hunt,2587,attack_param,600000644,6904,AccumuVal [10],0,direct,self_mechanic,,on_hit,,,1,effect targets the attacker/self and is not target buildup,0.0,0.0,0.0,0.0,0.0,0.0,0.0,0.0,0.0,0.0,0.0,0.0,0.0,0,0
2222,4080,Red Bear Hunt,2588,attack_param,600000645,1665,,0,direct,self_mechanic,,on_hit,,,1,effect targets the attacker/self and is not target buildup,0.0,0.0,0.0,0.0,0.0,0.0,0.0,0.0,0.0,0.0,0.0,0.0,0.0,0,0
2223,4080,Red Bear Hunt,2588,attack_param,600000645,6904,AccumuVal [10],0,direct,self_mechanic,,on_hit,,,1,effect targets the attacker/self and is not target buildup,0.0,0.0,0.0,0.0,0.0,0.0,0.0,0.0,0.0,0.0,0.0,0.0,0.0,0,0
2224,4080,Red Bear Hunt,2590,attack_param,600000647,1665,,0,direct,self_mechanic,,on_hit,,,1,effect targets the attacker/self and is not target buildup,0.0,0.0,0.0,0.0,0.0,0.0,0.0,0.0,0.0,0.0,0.0,0.0,0.0,0,0
2225,4080,Red Bear Hunt,2590,attack_param,600000647,6904,AccumuVal [10],0,direct,self_mechanic,,on_hit,,,1,effect targets the attacker/self and is not target buildup,0.0,0.0,0.0,0.0,0.0,0.0,0.0,0.0,0.0,0.0,0.0,0.0,0.0,0,0
2226,4080,Red Bear Hunt,2591,attack_param,600000648,1665,,0,direct,self_mechanic,,on_hit,,,1,effect targets the attacker/self and is not target buildup,0.0,0.0,0.0,0.0,0.0,0.0,0.0,0.0,0.0,0.0,0.0,0.0,0.0,0,0
2227,4080,Red Bear Hunt,2591,attack_param,600000648,6904,AccumuVal [10],0,direct,self_mechanic,,on_hit,,,1,effect targets the attacker/self and is not target buildup,0.0,0.0,0.0,0.0,0.0,0.0,0.0,0.0,0.0,0.0,0.0,0.0,0.0,0,0
2228,4080,Red Bear Hunt,2592,attack_param,600000649,1665,,0,direct,self_mechanic,,on_hit,,,1,effect targets the attacker/self and is not target buildup,0.0,0.0,0.0,0.0,0.0,0.0,0.0,0.0,0.0,0.0,0.0,0.0,0.0,0,0
2229,4080,Red Bear Hunt,2592,attack_param,600000649,6904,AccumuVal [10],0,direct,self_mechanic,,on_hit,,,1,effect targets the attacker/self and is not target buildup,0.0,0.0,0.0,0.0,0.0,0.0,0.0,0.0,0.0,0.0,0.0,0.0,0.0,0,0
2230,4080,Red Bear Hunt,2593,attack_param,600000650,1665,,0,direct,self_mechanic,,on_hit,,,1,effect targets the attacker/self and is not target buildup,0.0,0.0,0.0,0.0,0.0,0.0,0.0,0.0,0.0,0.0,0.0,0.0,0.0,0,0
2231,4080,Red Bear Hunt,2593,attack_param,600000650,6904,AccumuVal [10],0,direct,self_mechanic,,on_hit,,,1,effect targets the attacker/self and is not target buildup,0.0,0.0,0.0,0.0,0.0,0.0,0.0,0.0,0.0,0.0,0.0,0.0,0.0,0,0
2232,4090,Blind Spot,948,attack_param,600000180,1665,,0,direct,self_mechanic,,on_hit,,,1,effect targets the attacker/self and is not target buildup,0.0,0.0,0.0,0.0,0.0,0.0,0.0,0.0,0.0,0.0,0.0,0.0,0.0,0,0
2233,4090,Blind Spot,948,attack_param,600000180,1667,,0,direct,self_mechanic,,on_hit,,,1,effect targets the attacker/self and is not target buildup,0.0,0.0,0.0,0.0,0.0,0.0,0.0,0.0,0.0,0.0,0.0,0.0,0.0,0,0
2234,4090,Blind Spot,948,attack_param,600000180,6904,AccumuVal [10],0,direct,self_mechanic,,on_hit,,,1,effect targets the attacker/self and is not target buildup,0.0,0.0,0.0,0.0,0.0,0.0,0.0,0.0,0.0,0.0,0.0,0.0,0.0,0,0
2235,4090,Blind Spot,949,attack_param,600000181,1665,,0,direct,self_mechanic,,on_hit,,,1,effect targets the attacker/self and is not target buildup,0.0,0.0,0.0,0.0,0.0,0.0,0.0,0.0,0.0,0.0,0.0,0.0,0.0,0,0
2236,4090,Blind Spot,949,attack_param,600000181,1667,,0,direct,self_mechanic,,on_hit,,,1,effect targets the attacker/self and is not target buildup,0.0,0.0,0.0,0.0,0.0,0.0,0.0,0.0,0.0,0.0,0.0,0.0,0.0,0,0
2237,4090,Blind Spot,949,attack_param,600000181,6904,AccumuVal [10],0,direct,self_mechanic,,on_hit,,,1,effect targets the attacker/self and is not target buildup,0.0,0.0,0.0,0.0,0.0,0.0,0.0,0.0,0.0,0.0,0.0,0.0,0.0,0,0
2238,4090,Blind Spot,950,attack_param,600000182,1665,,0,direct,self_mechanic,,on_hit,,,1,effect targets the attacker/self and is not target buildup,0.0,0.0,0.0,0.0,0.0,0.0,0.0,0.0,0.0,0.0,0.0,0.0,0.0,0,0
2239,4090,Blind Spot,950,attack_param,600000182,1667,,0,direct,self_mechanic,,on_hit,,,1,effect targets the attacker/self and is not target buildup,0.0,0.0,0.0,0.0,0.0,0.0,0.0,0.0,0.0,0.0,0.0,0.0,0.0,0,0
2240,4090,Blind Spot,950,attack_param,600000182,6904,AccumuVal [10],0,direct,self_mechanic,,on_hit,,,1,effect targets the attacker/self and is not target buildup,0.0,0.0,0.0,0.0,0.0,0.0,0.0,0.0,0.0,0.0,0.0,0.0,0.0,0,0
2241,4090,Blind Spot,951,attack_param,600000183,1665,,0,direct,self_mechanic,,on_hit,,,1,effect targets the attacker/self and is not target buildup,0.0,0.0,0.0,0.0,0.0,0.0,0.0,0.0,0.0,0.0,0.0,0.0,0.0,0,0
2242,4090,Blind Spot,951,attack_param,600000183,1667,,0,direct,self_mechanic,,on_hit,,,1,effect targets the attacker/self and is not target buildup,0.0,0.0,0.0,0.0,0.0,0.0,0.0,0.0,0.0,0.0,0.0,0.0,0.0,0,0
2243,4090,Blind Spot,951,attack_param,600000183,6904,AccumuVal [10],0,direct,self_mechanic,,on_hit,,,1,effect targets the attacker/self and is not target buildup,0.0,0.0,0.0,0.0,0.0,0.0,0.0,0.0,0.0,0.0,0.0,0.0,0.0,0,0
2244,4100,Swift Slash,952,attack_param,600000075,6902,AccumuVal [6],0,direct,self_mechanic,,on_hit,,,1,effect targets the attacker/self and is not target buildup,0.0,0.0,0.0,0.0,0.0,0.0,0.0,0.0,0.0,0.0,0.0,0.0,0.0,0,0
2245,4100,Swift Slash,953,attack_param,600000079,6902,AccumuVal [6],0,direct,self_mechanic,,on_hit,,,1,effect targets the attacker/self and is not target buildup,0.0,0.0,0.0,0.0,0.0,0.0,0.0,0.0,0.0,0.0,0.0,0.0,0.0,0,0
2246,4100,Swift Slash,954,attack_param,600000070,6902,AccumuVal [6],0,direct,self_mechanic,,on_hit,,,1,effect targets the attacker/self and is not target buildup,0.0,0.0,0.0,0.0,0.0,0.0,0.0,0.0,0.0,0.0,0.0,0.0,0.0,0,0
2247,4100,Swift Slash,955,attack_param,600000074,6902,AccumuVal [6],0,direct,self_mechanic,,on_hit,,,1,effect targets the attacker/self and is not target buildup,0.0,0.0,0.0,0.0,0.0,0.0,0.0,0.0,0.0,0.0,0.0,0.0,0.0,0,0
2248,4100,Swift Slash,956,attack_param,600000077,6902,AccumuVal [6],0,direct,self_mechanic,,on_hit,,,1,effect targets the attacker/self and is not target buildup,0.0,0.0,0.0,0.0,0.0,0.0,0.0,0.0,0.0,0.0,0.0,0.0,0.0,0,0
2249,4100,Swift Slash,957,attack_param,600000072,6902,AccumuVal [6],0,direct,self_mechanic,,on_hit,,,1,effect targets the attacker/self and is not target buildup,0.0,0.0,0.0,0.0,0.0,0.0,0.0,0.0,0.0,0.0,0.0,0.0,0.0,0,0
2250,4110,Overhead Stance,1100,attack_param,600000060,1667,,0,direct,self_mechanic,,on_hit,,,1,effect targets the attacker/self and is not target buildup,0.0,0.0,0.0,0.0,0.0,0.0,0.0,0.0,0.0,0.0,0.0,0.0,0.0,0,0
2251,4110,Overhead Stance,1100,attack_param,600000060,6906,AccumuVal [14],0,direct,self_mechanic,,on_hit,,,1,effect targets the attacker/self and is not target buildup,0.0,0.0,0.0,0.0,0.0,0.0,0.0,0.0,0.0,0.0,0.0,0.0,0.0,0,0
2252,4110,Overhead Stance,1101,attack_param,600000061,1667,,0,direct,self_mechanic,,on_hit,,,1,effect targets the attacker/self and is not target buildup,0.0,0.0,0.0,0.0,0.0,0.0,0.0,0.0,0.0,0.0,0.0,0.0,0.0,0,0
2253,4110,Overhead Stance,1101,attack_param,600000061,6906,AccumuVal [14],0,direct,self_mechanic,,on_hit,,,1,effect targets the attacker/self and is not target buildup,0.0,0.0,0.0,0.0,0.0,0.0,0.0,0.0,0.0,0.0,0.0,0.0,0.0,0,0
2254,4110,Overhead Stance,1102,attack_param,600000062,1667,,0,direct,self_mechanic,,on_hit,,,1,effect targets the attacker/self and is not target buildup,0.0,0.0,0.0,0.0,0.0,0.0,0.0,0.0,0.0,0.0,0.0,0.0,0.0,0,0
2255,4110,Overhead Stance,1102,attack_param,600000062,6906,AccumuVal [14],0,direct,self_mechanic,,on_hit,,,1,effect targets the attacker/self and is not target buildup,0.0,0.0,0.0,0.0,0.0,0.0,0.0,0.0,0.0,0.0,0.0,0.0,0.0,0,0
2256,4110,Overhead Stance,1103,attack_param,600000063,1667,,0,direct,self_mechanic,,on_hit,,,1,effect targets the attacker/self and is not target buildup,0.0,0.0,0.0,0.0,0.0,0.0,0.0,0.0,0.0,0.0,0.0,0.0,0.0,0,0
2257,4110,Overhead Stance,1103,attack_param,600000063,6906,AccumuVal [14],0,direct,self_mechanic,,on_hit,,,1,effect targets the attacker/self and is not target buildup,0.0,0.0,0.0,0.0,0.0,0.0,0.0,0.0,0.0,0.0,0.0,0.0,0.0,0,0
2258,4110,Overhead Stance,1104,attack_param,600000064,1667,,0,direct,self_mechanic,,on_hit,,,1,effect targets the attacker/self and is not target buildup,0.0,0.0,0.0,0.0,0.0,0.0,0.0,0.0,0.0,0.0,0.0,0.0,0.0,0,0
2259,4110,Overhead Stance,1104,attack_param,600000064,6904,AccumuVal [10],0,direct,self_mechanic,,on_hit,,,1,effect targets the attacker/self and is not target buildup,0.0,0.0,0.0,0.0,0.0,0.0,0.0,0.0,0.0,0.0,0.0,0.0,0.0,0,0
2260,4110,Overhead Stance,1105,attack_param,600000065,1667,,0,direct,self_mechanic,,on_hit,,,1,effect targets the attacker/self and is not target buildup,0.0,0.0,0.0,0.0,0.0,0.0,0.0,0.0,0.0,0.0,0.0,0.0,0.0,0,0
2261,4110,Overhead Stance,1105,attack_param,600000065,6904,AccumuVal [10],0,direct,self_mechanic,,on_hit,,,1,effect targets the attacker/self and is not target buildup,0.0,0.0,0.0,0.0,0.0,0.0,0.0,0.0,0.0,0.0,0.0,0.0,0.0,0,0
2262,4110,Overhead Stance,1106,attack_param,600000066,1667,,0,direct,self_mechanic,,on_hit,,,1,effect targets the attacker/self and is not target buildup,0.0,0.0,0.0,0.0,0.0,0.0,0.0,0.0,0.0,0.0,0.0,0.0,0.0,0,0
2263,4110,Overhead Stance,1106,attack_param,600000066,6904,AccumuVal [10],0,direct,self_mechanic,,on_hit,,,1,effect targets the attacker/self and is not target buildup,0.0,0.0,0.0,0.0,0.0,0.0,0.0,0.0,0.0,0.0,0.0,0.0,0.0,0,0
2264,4110,Overhead Stance,1107,attack_param,600000067,1667,,0,direct,self_mechanic,,on_hit,,,1,effect targets the attacker/self and is not target buildup,0.0,0.0,0.0,0.0,0.0,0.0,0.0,0.0,0.0,0.0,0.0,0.0,0.0,0,0
2265,4110,Overhead Stance,1107,attack_param,600000067,6904,AccumuVal [10],0,direct,self_mechanic,,on_hit,,,1,effect targets the attacker/self and is not target buildup,0.0,0.0,0.0,0.0,0.0,0.0,0.0,0.0,0.0,0.0,0.0,0.0,0.0,0,0
2266,4120,Wing Stance,1142,attack_param,600000830,6904,AccumuVal [10],0,direct,self_mechanic,,on_hit,,,1,effect targets the attacker/self and is not target buildup,0.0,0.0,0.0,0.0,0.0,0.0,0.0,0.0,0.0,0.0,0.0,0.0,0.0,0,0
2267,4120,Wing Stance,1143,attack_param,600000831,6904,AccumuVal [10],0,direct,self_mechanic,,on_hit,,,1,effect targets the attacker/self and is not target buildup,0.0,0.0,0.0,0.0,0.0,0.0,0.0,0.0,0.0,0.0,0.0,0.0,0.0,0,0
2268,4120,Wing Stance,1144,attack_param,600000832,6904,AccumuVal [10],0,direct,self_mechanic,,on_hit,,,1,effect targets the attacker/self and is not target buildup,0.0,0.0,0.0,0.0,0.0,0.0,0.0,0.0,0.0,0.0,0.0,0.0,0.0,0,0
2269,4120,Wing Stance,1145,attack_param,600000836,6904,AccumuVal [10],0,direct,self_mechanic,,on_hit,,,1,effect targets the attacker/self and is not target buildup,0.0,0.0,0.0,0.0,0.0,0.0,0.0,0.0,0.0,0.0,0.0,0.0,0.0,0,0
2270,4120,Wing Stance,1146,attack_param,600000833,6904,AccumuVal [10],0,direct,self_mechanic,,on_hit,,,1,effect targets the attacker/self and is not target buildup,0.0,0.0,0.0,0.0,0.0,0.0,0.0,0.0,0.0,0.0,0.0,0.0,0.0,0,0
2271,4120,Wing Stance,1147,attack_param,600000834,6904,AccumuVal [10],0,direct,self_mechanic,,on_hit,,,1,effect targets the attacker/self and is not target buildup,0.0,0.0,0.0,0.0,0.0,0.0,0.0,0.0,0.0,0.0,0.0,0.0,0.0,0,0
2272,4120,Wing Stance,1148,attack_param,600000835,6904,AccumuVal [10],0,direct,self_mechanic,,on_hit,,,1,effect targets the attacker/self and is not target buildup,0.0,0.0,0.0,0.0,0.0,0.0,0.0,0.0,0.0,0.0,0.0,0.0,0.0,0,0
2273,4120,Wing Stance,1149,attack_param,600000837,6904,AccumuVal [10],0,direct,self_mechanic,,on_hit,,,1,effect targets the attacker/self and is not target buildup,0.0,0.0,0.0,0.0,0.0,0.0,0.0,0.0,0.0,0.0,0.0,0.0,0.0,0,0
2274,4130,Blinkbolt,1380,attack_param,600000210,6904,AccumuVal [10],0,direct,self_mechanic,,on_hit,,,1,effect targets the attacker/self and is not target buildup,0.0,0.0,0.0,0.0,0.0,0.0,0.0,0.0,0.0,0.0,0.0,0.0,0.0,0,0
2275,4130,Blinkbolt,1381,attack_param,600000211,6904,AccumuVal [10],0,direct,self_mechanic,,on_hit,,,1,effect targets the attacker/self and is not target buildup,0.0,0.0,0.0,0.0,0.0,0.0,0.0,0.0,0.0,0.0,0.0,0.0,0.0,0,0
2276,4140,Flame Skewer,0,sp_effect_cycle,20000890,20000891,[AoW] Flame Skewer - Fire Buff [Cycle SpEffect],20000890,cycle,persistent_weapon_buff,activation,after_action,right,1,1,active persistent buff is the root effect's numeric cycle child,15.0,0.0,0.0,95.0,0.0,0.0,0.0,0.0,0.0,0.0,0.0,0.0,0.0,0,1
2277,4140,Flame Skewer,0,sp_effect_cycle,20000895,20000896,[AoW] Flame Skewer - Fire Buff [Cycle SpEffect],20000895,cycle,persistent_weapon_buff,activation,after_action,left,0,1,active persistent buff is the root effect's numeric cycle child,15.0,0.0,0.0,95.0,0.0,0.0,0.0,0.0,0.0,0.0,0.0,0.0,0.0,0,1
2278,4140,Flame Skewer,0,verified_script_setup,20000890,20000890,[AoW] Flame Skewer,0,direct,persistent_setup,activation,after_action,right,1,1,Skill script applies right-hand SpEffect root; verified cycle edge in regulation,0.0,0.0,0.0,0.0,0.0,0.0,0.0,0.0,0.0,0.0,0.0,0.0,0.0,0,0
2279,4140,Flame Skewer,0,verified_script_setup,20000895,20000895,[AoW] Flame Skewer,0,direct,persistent_setup,activation,after_action,left,0,1,Skill script applies left-hand SpEffect root; verified cycle edge in regulation,0.0,0.0,0.0,0.0,0.0,0.0,0.0,0.0,0.0,0.0,0.0,0.0,0.0,0,0
2280,4140,Flame Skewer,1331,attack_param,600000102,1667,,0,direct,self_mechanic,,on_hit,,,1,effect targets the attacker/self and is not target buildup,0.0,0.0,0.0,0.0,0.0,0.0,0.0,0.0,0.0,0.0,0.0,0.0,0.0,0,0
2281,4140,Flame Skewer,1331,attack_param,600000102,6904,AccumuVal [10],0,direct,self_mechanic,,on_hit,,,1,effect targets the attacker/self and is not target buildup,0.0,0.0,0.0,0.0,0.0,0.0,0.0,0.0,0.0,0.0,0.0,0.0,0.0,0,0
2282,4140,Flame Skewer,1333,attack_param,600000103,1665,,0,direct,self_mechanic,,on_hit,,,1,effect targets the attacker/self and is not target buildup,0.0,0.0,0.0,0.0,0.0,0.0,0.0,0.0,0.0,0.0,0.0,0.0,0.0,0,0
2283,4140,Flame Skewer,1333,attack_param,600000103,6904,AccumuVal [10],0,direct,self_mechanic,,on_hit,,,1,effect targets the attacker/self and is not target buildup,0.0,0.0,0.0,0.0,0.0,0.0,0.0,0.0,0.0,0.0,0.0,0.0,0.0,0,0
2284,4140,Flame Skewer,1335,attack_param,600000102,1667,,0,direct,self_mechanic,,on_hit,,,1,effect targets the attacker/self and is not target buildup,0.0,0.0,0.0,0.0,0.0,0.0,0.0,0.0,0.0,0.0,0.0,0.0,0.0,0,0
2285,4140,Flame Skewer,1335,attack_param,600000102,6904,AccumuVal [10],0,direct,self_mechanic,,on_hit,,,1,effect targets the attacker/self and is not target buildup,0.0,0.0,0.0,0.0,0.0,0.0,0.0,0.0,0.0,0.0,0.0,0.0,0.0,0,0
2286,4140,Flame Skewer,1337,attack_param,600000103,1665,,0,direct,self_mechanic,,on_hit,,,1,effect targets the attacker/self and is not target buildup,0.0,0.0,0.0,0.0,0.0,0.0,0.0,0.0,0.0,0.0,0.0,0.0,0.0,0,0
2287,4140,Flame Skewer,1337,attack_param,600000103,6904,AccumuVal [10],0,direct,self_mechanic,,on_hit,,,1,effect targets the attacker/self and is not target buildup,0.0,0.0,0.0,0.0,0.0,0.0,0.0,0.0,0.0,0.0,0.0,0.0,0.0,0,0
2288,4140,Flame Skewer,1339,attack_param,600000102,1667,,0,direct,self_mechanic,,on_hit,,,1,effect targets the attacker/self and is not target buildup,0.0,0.0,0.0,0.0,0.0,0.0,0.0,0.0,0.0,0.0,0.0,0.0,0.0,0,0
2289,4140,Flame Skewer,1339,attack_param,600000102,6904,AccumuVal [10],0,direct,self_mechanic,,on_hit,,,1,effect targets the attacker/self and is not target buildup,0.0,0.0,0.0,0.0,0.0,0.0,0.0,0.0,0.0,0.0,0.0,0.0,0.0,0,0
2290,4140,Flame Skewer,1341,attack_param,600000103,1665,,0,direct,self_mechanic,,on_hit,,,1,effect targets the attacker/self and is not target buildup,0.0,0.0,0.0,0.0,0.0,0.0,0.0,0.0,0.0,0.0,0.0,0.0,0.0,0,0
2291,4140,Flame Skewer,1341,attack_param,600000103,6904,AccumuVal [10],0,direct,self_mechanic,,on_hit,,,1,effect targets the attacker/self and is not target buildup,0.0,0.0,0.0,0.0,0.0,0.0,0.0,0.0,0.0,0.0,0.0,0.0,0.0,0,0
2292,4140,Flame Skewer,1343,attack_param,600000102,1667,,0,direct,self_mechanic,,on_hit,,,1,effect targets the attacker/self and is not target buildup,0.0,0.0,0.0,0.0,0.0,0.0,0.0,0.0,0.0,0.0,0.0,0.0,0.0,0,0
2293,4140,Flame Skewer,1343,attack_param,600000102,6904,AccumuVal [10],0,direct,self_mechanic,,on_hit,,,1,effect targets the attacker/self and is not target buildup,0.0,0.0,0.0,0.0,0.0,0.0,0.0,0.0,0.0,0.0,0.0,0.0,0.0,0,0
2294,4140,Flame Skewer,1345,attack_param,600000103,1665,,0,direct,self_mechanic,,on_hit,,,1,effect targets the attacker/self and is not target buildup,0.0,0.0,0.0,0.0,0.0,0.0,0.0,0.0,0.0,0.0,0.0,0.0,0.0,0,0
2295,4140,Flame Skewer,1345,attack_param,600000103,6904,AccumuVal [10],0,direct,self_mechanic,,on_hit,,,1,effect targets the attacker/self and is not target buildup,0.0,0.0,0.0,0.0,0.0,0.0,0.0,0.0,0.0,0.0,0.0,0.0,0.0,0,0
2296,4140,Flame Skewer,1347,attack_param,600000102,1667,,0,direct,self_mechanic,,on_hit,,,1,effect targets the attacker/self and is not target buildup,0.0,0.0,0.0,0.0,0.0,0.0,0.0,0.0,0.0,0.0,0.0,0.0,0.0,0,0
2297,4140,Flame Skewer,1347,attack_param,600000102,6904,AccumuVal [10],0,direct,self_mechanic,,on_hit,,,1,effect targets the attacker/self and is not target buildup,0.0,0.0,0.0,0.0,0.0,0.0,0.0,0.0,0.0,0.0,0.0,0.0,0.0,0,0
2298,4140,Flame Skewer,1349,attack_param,600000103,1665,,0,direct,self_mechanic,,on_hit,,,1,effect targets the attacker/self and is not target buildup,0.0,0.0,0.0,0.0,0.0,0.0,0.0,0.0,0.0,0.0,0.0,0.0,0.0,0,0
2299,4140,Flame Skewer,1349,attack_param,600000103,6904,AccumuVal [10],0,direct,self_mechanic,,on_hit,,,1,effect targets the attacker/self and is not target buildup,0.0,0.0,0.0,0.0,0.0,0.0,0.0,0.0,0.0,0.0,0.0,0.0,0.0,0,0
2300,4140,Flame Skewer,1351,attack_param,600000102,1667,,0,direct,self_mechanic,,on_hit,,,1,effect targets the attacker/self and is not target buildup,0.0,0.0,0.0,0.0,0.0,0.0,0.0,0.0,0.0,0.0,0.0,0.0,0.0,0,0
2301,4140,Flame Skewer,1351,attack_param,600000102,6904,AccumuVal [10],0,direct,self_mechanic,,on_hit,,,1,effect targets the attacker/self and is not target buildup,0.0,0.0,0.0,0.0,0.0,0.0,0.0,0.0,0.0,0.0,0.0,0.0,0.0,0,0
2302,4140,Flame Skewer,1353,attack_param,600000103,1665,,0,direct,self_mechanic,,on_hit,,,1,effect targets the attacker/self and is not target buildup,0.0,0.0,0.0,0.0,0.0,0.0,0.0,0.0,0.0,0.0,0.0,0.0,0.0,0,0
2303,4140,Flame Skewer,1353,attack_param,600000103,6904,AccumuVal [10],0,direct,self_mechanic,,on_hit,,,1,effect targets the attacker/self and is not target buildup,0.0,0.0,0.0,0.0,0.0,0.0,0.0,0.0,0.0,0.0,0.0,0.0,0.0,0,0
2304,4140,Flame Skewer,1355,attack_param,600000102,1667,,0,direct,self_mechanic,,on_hit,,,1,effect targets the attacker/self and is not target buildup,0.0,0.0,0.0,0.0,0.0,0.0,0.0,0.0,0.0,0.0,0.0,0.0,0.0,0,0
2305,4140,Flame Skewer,1355,attack_param,600000102,6904,AccumuVal [10],0,direct,self_mechanic,,on_hit,,,1,effect targets the attacker/self and is not target buildup,0.0,0.0,0.0,0.0,0.0,0.0,0.0,0.0,0.0,0.0,0.0,0.0,0.0,0,0
2306,4140,Flame Skewer,1357,attack_param,600000103,1665,,0,direct,self_mechanic,,on_hit,,,1,effect targets the attacker/self and is not target buildup,0.0,0.0,0.0,0.0,0.0,0.0,0.0,0.0,0.0,0.0,0.0,0.0,0.0,0,0
2307,4140,Flame Skewer,1357,attack_param,600000103,6904,AccumuVal [10],0,direct,self_mechanic,,on_hit,,,1,effect targets the attacker/self and is not target buildup,0.0,0.0,0.0,0.0,0.0,0.0,0.0,0.0,0.0,0.0,0.0,0.0,0.0,0,0
2308,4140,Flame Skewer,1359,attack_param,600000102,1667,,0,direct,self_mechanic,,on_hit,,,1,effect targets the attacker/self and is not target buildup,0.0,0.0,0.0,0.0,0.0,0.0,0.0,0.0,0.0,0.0,0.0,0.0,0.0,0,0
2309,4140,Flame Skewer,1359,attack_param,600000102,6904,AccumuVal [10],0,direct,self_mechanic,,on_hit,,,1,effect targets the attacker/self and is not target buildup,0.0,0.0,0.0,0.0,0.0,0.0,0.0,0.0,0.0,0.0,0.0,0.0,0.0,0,0
2310,4140,Flame Skewer,1361,attack_param,600000103,1665,,0,direct,self_mechanic,,on_hit,,,1,effect targets the attacker/self and is not target buildup,0.0,0.0,0.0,0.0,0.0,0.0,0.0,0.0,0.0,0.0,0.0,0.0,0.0,0,0
2311,4140,Flame Skewer,1361,attack_param,600000103,6904,AccumuVal [10],0,direct,self_mechanic,,on_hit,,,1,effect targets the attacker/self and is not target buildup,0.0,0.0,0.0,0.0,0.0,0.0,0.0,0.0,0.0,0.0,0.0,0.0,0.0,0,0
2312,4140,Flame Skewer,1363,attack_param,600000102,1667,,0,direct,self_mechanic,,on_hit,,,1,effect targets the attacker/self and is not target buildup,0.0,0.0,0.0,0.0,0.0,0.0,0.0,0.0,0.0,0.0,0.0,0.0,0.0,0,0
2313,4140,Flame Skewer,1363,attack_param,600000102,6904,AccumuVal [10],0,direct,self_mechanic,,on_hit,,,1,effect targets the attacker/self and is not target buildup,0.0,0.0,0.0,0.0,0.0,0.0,0.0,0.0,0.0,0.0,0.0,0.0,0.0,0,0
2314,4140,Flame Skewer,1365,attack_param,600000103,1665,,0,direct,self_mechanic,,on_hit,,,1,effect targets the attacker/self and is not target buildup,0.0,0.0,0.0,0.0,0.0,0.0,0.0,0.0,0.0,0.0,0.0,0.0,0.0,0,0
2315,4140,Flame Skewer,1365,attack_param,600000103,6904,AccumuVal [10],0,direct,self_mechanic,,on_hit,,,1,effect targets the attacker/self and is not target buildup,0.0,0.0,0.0,0.0,0.0,0.0,0.0,0.0,0.0,0.0,0.0,0.0,0.0,0,0
2316,4150,Savage Lion's Claw,65,attack_param,600000140,1667,,0,direct,self_mechanic,,on_hit,,,1,effect targets the attacker/self and is not target buildup,0.0,0.0,0.0,0.0,0.0,0.0,0.0,0.0,0.0,0.0,0.0,0.0,0.0,0,0
2317,4150,Savage Lion's Claw,65,attack_param,600000140,6904,AccumuVal [10],0,direct,self_mechanic,,on_hit,,,1,effect targets the attacker/self and is not target buildup,0.0,0.0,0.0,0.0,0.0,0.0,0.0,0.0,0.0,0.0,0.0,0.0,0.0,0,0
2318,4150,Savage Lion's Claw,66,attack_param,600000141,1667,,0,direct,self_mechanic,,on_hit,,,1,effect targets the attacker/self and is not target buildup,0.0,0.0,0.0,0.0,0.0,0.0,0.0,0.0,0.0,0.0,0.0,0.0,0.0,0,0
2319,4150,Savage Lion's Claw,66,attack_param,600000141,6904,AccumuVal [10],0,direct,self_mechanic,,on_hit,,,1,effect targets the attacker/self and is not target buildup,0.0,0.0,0.0,0.0,0.0,0.0,0.0,0.0,0.0,0.0,0.0,0.0,0.0,0,0
2320,4150,Savage Lion's Claw,67,attack_param,600000142,1667,,0,direct,self_mechanic,,on_hit,,,1,effect targets the attacker/self and is not target buildup,0.0,0.0,0.0,0.0,0.0,0.0,0.0,0.0,0.0,0.0,0.0,0.0,0.0,0,0
2321,4150,Savage Lion's Claw,67,attack_param,600000142,6904,AccumuVal [10],0,direct,self_mechanic,,on_hit,,,1,effect targets the attacker/self and is not target buildup,0.0,0.0,0.0,0.0,0.0,0.0,0.0,0.0,0.0,0.0,0.0,0.0,0.0,0,0
2322,4150,Savage Lion's Claw,68,attack_param,600000143,1667,,0,direct,self_mechanic,,on_hit,,,1,effect targets the attacker/self and is not target buildup,0.0,0.0,0.0,0.0,0.0,0.0,0.0,0.0,0.0,0.0,0.0,0.0,0.0,0,0
2323,4150,Savage Lion's Claw,68,attack_param,600000143,6904,AccumuVal [10],0,direct,self_mechanic,,on_hit,,,1,effect targets the attacker/self and is not target buildup,0.0,0.0,0.0,0.0,0.0,0.0,0.0,0.0,0.0,0.0,0.0,0.0,0.0,0,0
2324,4150,Savage Lion's Claw,69,attack_param,600000144,1667,,0,direct,self_mechanic,,on_hit,,,1,effect targets the attacker/self and is not target buildup,0.0,0.0,0.0,0.0,0.0,0.0,0.0,0.0,0.0,0.0,0.0,0.0,0.0,0,0
2325,4150,Savage Lion's Claw,69,attack_param,600000144,6904,AccumuVal [10],0,direct,self_mechanic,,on_hit,,,1,effect targets the attacker/self and is not target buildup,0.0,0.0,0.0,0.0,0.0,0.0,0.0,0.0,0.0,0.0,0.0,0.0,0.0,0,0
2326,4150,Savage Lion's Claw,70,attack_param,600000145,1667,,0,direct,self_mechanic,,on_hit,,,1,effect targets the attacker/self and is not target buildup,0.0,0.0,0.0,0.0,0.0,0.0,0.0,0.0,0.0,0.0,0.0,0.0,0.0,0,0
2327,4150,Savage Lion's Claw,70,attack_param,600000145,6904,AccumuVal [10],0,direct,self_mechanic,,on_hit,,,1,effect targets the attacker/self and is not target buildup,0.0,0.0,0.0,0.0,0.0,0.0,0.0,0.0,0.0,0.0,0.0,0.0,0.0,0,0
2328,4160,Divine Beast Frost Stomp,1501,bullet_target,200002370|200002371|200002372|200002373|200002374|200002375|200002376|200002377,1800,[AoW] Hoarfrost Stomp / Divine Beast Frost Stomp (Ice Spikes) - Frostbite,0,direct,per_hit_status,,on_hit,,,1,target status payload is attached to this hit by numeric ID,30.0,0.0,0.0,0.0,0.0,0.0,0.0,70.0,0.0,0.0,0.0,0.0,0.0,0,0
2329,4160,Divine Beast Frost Stomp,1502,bullet_target,200002378,1800,[AoW] Hoarfrost Stomp / Divine Beast Frost Stomp (Ice Spikes) - Frostbite,0,direct,per_hit_status,,on_hit,,,1,target status payload is attached to this hit by numeric ID,30.0,0.0,0.0,0.0,0.0,0.0,0.0,70.0,0.0,0.0,0.0,0.0,0.0,0,0
2330,4160,Divine Beast Frost Stomp,1503,bullet_target,200002380|200002381|200002382|200002383|200002384|200002385|200002386|200002387|200002392|200002393,1800,[AoW] Hoarfrost Stomp / Divine Beast Frost Stomp (Ice Spikes) - Frostbite,0,direct,per_hit_status,,on_hit,,,1,target status payload is attached to this hit by numeric ID,30.0,0.0,0.0,0.0,0.0,0.0,0.0,70.0,0.0,0.0,0.0,0.0,0.0,0,0
2331,4160,Divine Beast Frost Stomp,1504,bullet_target,200002388,1800,[AoW] Hoarfrost Stomp / Divine Beast Frost Stomp (Ice Spikes) - Frostbite,0,direct,per_hit_status,,on_hit,,,1,target status payload is attached to this hit by numeric ID,30.0,0.0,0.0,0.0,0.0,0.0,0.0,70.0,0.0,0.0,0.0,0.0,0.0,0,0
2332,4170,Flame Spear,0,sp_effect_cycle,20000960,20000961,[AoW] Flame Spear - Fire Buff [Cycle SpEffect],20000960,cycle,persistent_weapon_buff,activation,after_action,right,1,1,active persistent buff is the root effect's numeric cycle child,40.0,0.0,0.0,95.0,0.0,0.0,0.0,0.0,0.0,0.0,0.0,0.0,0.0,0,1
2333,4170,Flame Spear,0,sp_effect_cycle,20000965,20000966,[AoW] Flame Spear - Fire Buff [Cycle SpEffect],20000965,cycle,persistent_weapon_buff,activation,after_action,left,0,1,active persistent buff is the root effect's numeric cycle child,40.0,0.0,0.0,95.0,0.0,0.0,0.0,0.0,0.0,0.0,0.0,0.0,0.0,0,1
2334,4170,Flame Spear,0,verified_script_setup,20000960,20000960,[AoW] Flame Spear,0,direct,persistent_setup,activation,after_action,right,1,1,Skill script applies right-hand SpEffect root; verified cycle edge in regulation,0.0,0.0,0.0,0.0,0.0,0.0,0.0,0.0,0.0,0.0,0.0,0.0,0.0,0,0
2335,4170,Flame Spear,0,verified_script_setup,20000965,20000965,[AoW] Flame Spear,0,direct,persistent_setup,activation,after_action,left,0,1,Skill script applies left-hand SpEffect root; verified cycle edge in regulation,0.0,0.0,0.0,0.0,0.0,0.0,0.0,0.0,0.0,0.0,0.0,0.0,0.0,0,0
2336,4170,Flame Spear,1367,attack_param,600000192,1667,,0,direct,self_mechanic,,on_hit,,,1,effect targets the attacker/self and is not target buildup,0.0,0.0,0.0,0.0,0.0,0.0,0.0,0.0,0.0,0.0,0.0,0.0,0.0,0,0
2337,4170,Flame Spear,1367,attack_param,600000192,6904,AccumuVal [10],0,direct,self_mechanic,,on_hit,,,1,effect targets the attacker/self and is not target buildup,0.0,0.0,0.0,0.0,0.0,0.0,0.0,0.0,0.0,0.0,0.0,0.0,0.0,0,0
2338,4170,Flame Spear,1369,attack_param,600000197,1667,,0,direct,self_mechanic,,on_hit,,,1,effect targets the attacker/self and is not target buildup,0.0,0.0,0.0,0.0,0.0,0.0,0.0,0.0,0.0,0.0,0.0,0.0,0.0,0,0
2339,4170,Flame Spear,1369,attack_param,600000197,6904,AccumuVal [10],0,direct,self_mechanic,,on_hit,,,1,effect targets the attacker/self and is not target buildup,0.0,0.0,0.0,0.0,0.0,0.0,0.0,0.0,0.0,0.0,0.0,0.0,0.0,0,0
2340,4180,Carian Sovereignty,1240,attack_param,700000026,1665,,0,direct,self_mechanic,,on_hit,,,1,effect targets the attacker/self and is not target buildup,0.0,0.0,0.0,0.0,0.0,0.0,0.0,0.0,0.0,0.0,0.0,0.0,0.0,0,0
2341,4180,Carian Sovereignty,1240,attack_param,700000026,1667,,0,direct,self_mechanic,,on_hit,,,1,effect targets the attacker/self and is not target buildup,0.0,0.0,0.0,0.0,0.0,0.0,0.0,0.0,0.0,0.0,0.0,0.0,0.0,0,0
2342,4180,Carian Sovereignty,1240,attack_param,700000026,6904,AccumuVal [10],0,direct,self_mechanic,,on_hit,,,1,effect targets the attacker/self and is not target buildup,0.0,0.0,0.0,0.0,0.0,0.0,0.0,0.0,0.0,0.0,0.0,0.0,0.0,0,0
2343,4180,Carian Sovereignty,1242,attack_param,700000025,1665,,0,direct,self_mechanic,,on_hit,,,1,effect targets the attacker/self and is not target buildup,0.0,0.0,0.0,0.0,0.0,0.0,0.0,0.0,0.0,0.0,0.0,0.0,0.0,0,0
2344,4180,Carian Sovereignty,1242,attack_param,700000025,1667,,0,direct,self_mechanic,,on_hit,,,1,effect targets the attacker/self and is not target buildup,0.0,0.0,0.0,0.0,0.0,0.0,0.0,0.0,0.0,0.0,0.0,0.0,0.0,0,0
2345,4180,Carian Sovereignty,1242,attack_param,700000025,6904,AccumuVal [10],0,direct,self_mechanic,,on_hit,,,1,effect targets the attacker/self and is not target buildup,0.0,0.0,0.0,0.0,0.0,0.0,0.0,0.0,0.0,0.0,0.0,0.0,0.0,0,0
2346,4180,Carian Sovereignty,1243,attack_param,700000025,1665,,0,direct,self_mechanic,,on_hit,,,1,effect targets the attacker/self and is not target buildup,0.0,0.0,0.0,0.0,0.0,0.0,0.0,0.0,0.0,0.0,0.0,0.0,0.0,0,0
2347,4180,Carian Sovereignty,1243,attack_param,700000025,1667,,0,direct,self_mechanic,,on_hit,,,1,effect targets the attacker/self and is not target buildup,0.0,0.0,0.0,0.0,0.0,0.0,0.0,0.0,0.0,0.0,0.0,0.0,0.0,0,0
2348,4180,Carian Sovereignty,1243,attack_param,700000025,6904,AccumuVal [10],0,direct,self_mechanic,,on_hit,,,1,effect targets the attacker/self and is not target buildup,0.0,0.0,0.0,0.0,0.0,0.0,0.0,0.0,0.0,0.0,0.0,0.0,0.0,0,0
2349,4180,Carian Sovereignty,1244,attack_param,700000024,1665,,0,direct,self_mechanic,,on_hit,,,1,effect targets the attacker/self and is not target buildup,0.0,0.0,0.0,0.0,0.0,0.0,0.0,0.0,0.0,0.0,0.0,0.0,0.0,0,0
2350,4180,Carian Sovereignty,1244,attack_param,700000024,1667,,0,direct,self_mechanic,,on_hit,,,1,effect targets the attacker/self and is not target buildup,0.0,0.0,0.0,0.0,0.0,0.0,0.0,0.0,0.0,0.0,0.0,0.0,0.0,0,0
2351,4180,Carian Sovereignty,1244,attack_param,700000024,6904,AccumuVal [10],0,direct,self_mechanic,,on_hit,,,1,effect targets the attacker/self and is not target buildup,0.0,0.0,0.0,0.0,0.0,0.0,0.0,0.0,0.0,0.0,0.0,0.0,0.0,0,0
2352,4190,Shriek of Sorrow,1515,attack_param,300000120,6904,AccumuVal [10],0,direct,self_mechanic,,on_hit,,,1,effect targets the attacker/self and is not target buildup,0.0,0.0,0.0,0.0,0.0,0.0,0.0,0.0,0.0,0.0,0.0,0.0,0.0,0,0
2353,4220,Ghostflame Call,1487,attack_param,700000000,6903,AccumuVal [8],0,direct,self_mechanic,,on_hit,,,1,effect targets the attacker/self and is not target buildup,0.0,0.0,0.0,0.0,0.0,0.0,0.0,0.0,0.0,0.0,0.0,0.0,0.0,0,0
2354,4220,Ghostflame Call,1488,attack_param,700000003,6903,AccumuVal [8],0,direct,self_mechanic,,on_hit,,,1,effect targets the attacker/self and is not target buildup,0.0,0.0,0.0,0.0,0.0,0.0,0.0,0.0,0.0,0.0,0.0,0.0,0.0,0,0
2355,4220,Ghostflame Call,1488,bullet_shooter,200002590,17655,,0,direct,self_buff,,on_hit,,,1,applies to the projectile shooter rather than the target hit,4.0,0.0,0.0,0.0,0.0,0.0,0.0,0.0,0.0,0.0,0.0,0.0,0.0,0,0
2356,4220,Ghostflame Call,1488,bullet_target,200002590,20001090,[AoW] Ghostflame Call - Frost,0,direct,per_hit_status,,on_hit,,,1,target status payload is attached to this hit by numeric ID,30.0,0.0,0.0,0.0,0.0,0.0,0.0,20.0,0.0,0.0,0.0,0.0,0.0,0,0
2357,4220,Ghostflame Call,1489,attack_param,700000004,6903,AccumuVal [8],0,direct,self_mechanic,,on_hit,,,1,effect targets the attacker/self and is not target buildup,0.0,0.0,0.0,0.0,0.0,0.0,0.0,0.0,0.0,0.0,0.0,0.0,0.0,0,0
2358,4220,Ghostflame Call,1489,bullet_target,200002591,20001090,[AoW] Ghostflame Call - Frost,0,direct,per_hit_status,,on_hit,,,1,target status payload is attached to this hit by numeric ID,30.0,0.0,0.0,0.0,0.0,0.0,0.0,20.0,0.0,0.0,0.0,0.0,0.0,0,0
2359,4220,Ghostflame Call,1490,attack_param,700000001,6903,AccumuVal [8],0,direct,self_mechanic,,on_hit,,,1,effect targets the attacker/self and is not target buildup,0.0,0.0,0.0,0.0,0.0,0.0,0.0,0.0,0.0,0.0,0.0,0.0,0.0,0,0
2360,4220,Ghostflame Call,1491,attack_param,700000010,6903,AccumuVal [8],0,direct,self_mechanic,,on_hit,,,1,effect targets the attacker/self and is not target buildup,0.0,0.0,0.0,0.0,0.0,0.0,0.0,0.0,0.0,0.0,0.0,0.0,0.0,0,0
2361,4220,Ghostflame Call,1491,bullet_target,200002596|200002597|200002598|200002599|200002600|200002601|200002602|200002603|200002604|200002605|200002606|200002607|200002608|200002609|200002610|200002611,20001091,[AoW] Ghostflame Call R1 - Frost,0,direct,per_hit_status,,on_hit,,,1,target status payload is attached to this hit by numeric ID,30.0,0.0,0.0,0.0,0.0,0.0,0.0,20.0,0.0,0.0,0.0,0.0,0.0,0,0
2362,4220,Ghostflame Call,1492,attack_param,700000005,6903,AccumuVal [8],0,direct,self_mechanic,,on_hit,,,1,effect targets the attacker/self and is not target buildup,0.0,0.0,0.0,0.0,0.0,0.0,0.0,0.0,0.0,0.0,0.0,0.0,0.0,0,0
2363,4220,Ghostflame Call,1492,bullet_target,200002594,20001091,[AoW] Ghostflame Call R1 - Frost,0,direct,per_hit_status,,on_hit,,,1,target status payload is attached to this hit by numeric ID,30.0,0.0,0.0,0.0,0.0,0.0,0.0,20.0,0.0,0.0,0.0,0.0,0.0,0,0
2364,4220,Ghostflame Call,1493,attack_param,700000002,6903,AccumuVal [8],0,direct,self_mechanic,,on_hit,,,1,effect targets the attacker/self and is not target buildup,0.0,0.0,0.0,0.0,0.0,0.0,0.0,0.0,0.0,0.0,0.0,0.0,0.0,0,0
2365,4220,Ghostflame Call,1494,attack_param,700000006,6903,AccumuVal [8],0,direct,self_mechanic,,on_hit,,,1,effect targets the attacker/self and is not target buildup,0.0,0.0,0.0,0.0,0.0,0.0,0.0,0.0,0.0,0.0,0.0,0.0,0.0,0,0
2366,4220,Ghostflame Call,1494,bullet_target,200002595,20001092,[AoW] Ghostflame Call R2 - Frost,0,direct,per_hit_status,,on_hit,,,1,target status payload is attached to this hit by numeric ID,30.0,0.0,0.0,0.0,0.0,0.0,0.0,80.0,0.0,0.0,0.0,0.0,0.0,0,0
2367,4220,Ghostflame Call,1495,attack_param,700000007,6903,AccumuVal [8],0,direct,self_mechanic,,on_hit,,,1,effect targets the attacker/self and is not target buildup,0.0,0.0,0.0,0.0,0.0,0.0,0.0,0.0,0.0,0.0,0.0,0.0,0.0,0,0
2368,4220,Ghostflame Call,1496,attack_param,700000008,6903,AccumuVal [8],0,direct,self_mechanic,,on_hit,,,1,effect targets the attacker/self and is not target buildup,0.0,0.0,0.0,0.0,0.0,0.0,0.0,0.0,0.0,0.0,0.0,0.0,0.0,0,0
2369,4220,Ghostflame Call,1497,attack_param,700000009,6903,AccumuVal [8],0,direct,self_mechanic,,on_hit,,,1,effect targets the attacker/self and is not target buildup,0.0,0.0,0.0,0.0,0.0,0.0,0.0,0.0,0.0,0.0,0.0,0.0,0.0,0,0
2370,5000,Dragonwound Slash,2062,attack_param,600000520,1667,,0,direct,self_mechanic,,on_hit,,,1,effect targets the attacker/self and is not target buildup,0.0,0.0,0.0,0.0,0.0,0.0,0.0,0.0,0.0,0.0,0.0,0.0,0.0,0,0
2371,5000,Dragonwound Slash,2062,attack_param,600000520,6904,AccumuVal [10],0,direct,self_mechanic,,on_hit,,,1,effect targets the attacker/self and is not target buildup,0.0,0.0,0.0,0.0,0.0,0.0,0.0,0.0,0.0,0.0,0.0,0.0,0.0,0,0
2372,5000,Dragonwound Slash,2063,attack_param,600000522,1667,,0,direct,self_mechanic,,on_hit,,,1,effect targets the attacker/self and is not target buildup,0.0,0.0,0.0,0.0,0.0,0.0,0.0,0.0,0.0,0.0,0.0,0.0,0.0,0,0
2373,5000,Dragonwound Slash,2063,attack_param,600000522,6904,AccumuVal [10],0,direct,self_mechanic,,on_hit,,,1,effect targets the attacker/self and is not target buildup,0.0,0.0,0.0,0.0,0.0,0.0,0.0,0.0,0.0,0.0,0.0,0.0,0.0,0,0
2374,5000,Dragonwound Slash,2065,attack_param,600000524,1667,,0,direct,self_mechanic,,on_hit,,,1,effect targets the attacker/self and is not target buildup,0.0,0.0,0.0,0.0,0.0,0.0,0.0,0.0,0.0,0.0,0.0,0.0,0.0,0,0
2375,5000,Dragonwound Slash,2065,attack_param,600000524,6904,AccumuVal [10],0,direct,self_mechanic,,on_hit,,,1,effect targets the attacker/self and is not target buildup,0.0,0.0,0.0,0.0,0.0,0.0,0.0,0.0,0.0,0.0,0.0,0.0,0.0,0,0
2376,5000,Dragonwound Slash,2066,attack_param,600000525,1667,,0,direct,self_mechanic,,on_hit,,,1,effect targets the attacker/self and is not target buildup,0.0,0.0,0.0,0.0,0.0,0.0,0.0,0.0,0.0,0.0,0.0,0.0,0.0,0,0
2377,5000,Dragonwound Slash,2066,attack_param,600000525,6904,AccumuVal [10],0,direct,self_mechanic,,on_hit,,,1,effect targets the attacker/self and is not target buildup,0.0,0.0,0.0,0.0,0.0,0.0,0.0,0.0,0.0,0.0,0.0,0.0,0.0,0,0
2378,5010,Needle Piercer,1641,attack_param,600000500,1665,,0,direct,self_mechanic,,on_hit,,,1,effect targets the attacker/self and is not target buildup,0.0,0.0,0.0,0.0,0.0,0.0,0.0,0.0,0.0,0.0,0.0,0.0,0.0,0,0
2379,5010,Needle Piercer,1641,attack_param,600000500,6904,AccumuVal [10],0,direct,self_mechanic,,on_hit,,,1,effect targets the attacker/self and is not target buildup,0.0,0.0,0.0,0.0,0.0,0.0,0.0,0.0,0.0,0.0,0.0,0.0,0.0,0,0
2380,5010,Needle Piercer,1642,bullet_target,200003306,503041,,0,direct,self_mechanic,,on_hit,,,1,effect targets the attacker/self and is not target buildup,0.10000000149011612,0.0,0.0,0.0,0.0,0.0,0.0,0.0,0.0,0.0,0.0,0.0,0.0,0,0
2381,5010,Needle Piercer,1642,bullet_target,200003276,20001070,,0,direct,visual_or_non_gameplay,,on_hit,,,1,effect has no modeled attack-power or status payload,0.0,0.0,0.0,0.0,0.0,0.0,0.0,0.0,0.0,0.0,0.0,0.0,0.0,0,0
2382,5010,Needle Piercer,1642,bullet_target,200003276,20001071,,0,direct,visual_or_non_gameplay,,on_hit,,,1,effect has no modeled attack-power or status payload,0.0,0.0,0.0,0.0,0.0,0.0,0.0,0.0,-99999.0,0.0,0.0,0.0,0.0,0,0
2383,5010,Needle Piercer,1642,bullet_target,200003276,20001072,,0,direct,visual_or_non_gameplay,,on_hit,,,1,effect has no modeled attack-power or status payload,0.0,0.0,0.0,0.0,0.0,0.0,0.0,0.0,0.0,0.0,0.0,0.0,0.0,0,0
2384,5010,Needle Piercer,1642,bullet_target,200003276,20001073,,0,direct,visual_or_non_gameplay,,on_hit,,,1,effect has no modeled attack-power or status payload,0.0,0.0,0.0,0.0,0.0,0.0,0.0,0.0,0.0,-99999.0,0.0,0.0,0.0,0,0
2385,5010,Needle Piercer,1642,bullet_target,200003286,20001074,,0,direct,visual_or_non_gameplay,,on_hit,,,1,effect has no modeled attack-power or status payload,0.0,0.0,0.0,0.0,0.0,0.0,0.0,0.0,0.0,0.0,0.0,0.0,0.0,0,0
2386,5010,Needle Piercer,1642,bullet_target,200003286,20001075,,0,direct,visual_or_non_gameplay,,on_hit,,,1,effect has no modeled attack-power or status payload,0.0,0.0,0.0,0.0,0.0,0.0,-99999.0,0.0,0.0,0.0,0.0,0.0,0.0,0,0
2387,5010,Needle Piercer,1642,bullet_target,200003286,20001076,,0,direct,visual_or_non_gameplay,,on_hit,,,1,effect has no modeled attack-power or status payload,0.0,0.0,0.0,0.0,0.0,0.0,0.0,0.0,0.0,0.0,0.0,0.0,0.0,0,0
2388,5010,Needle Piercer,1642,bullet_target,200003286,20001077,,0,direct,visual_or_non_gameplay,,on_hit,,,1,effect has no modeled attack-power or status payload,0.0,0.0,0.0,0.0,0.0,0.0,0.0,-99999.0,0.0,0.0,0.0,0.0,0.0,0,0
2389,5010,Needle Piercer,1642,bullet_target,200003296,20001078,,0,direct,visual_or_non_gameplay,,on_hit,,,1,effect has no modeled attack-power or status payload,0.0,0.0,0.0,0.0,0.0,0.0,0.0,0.0,0.0,0.0,0.0,0.0,0.0,0,0
2390,5010,Needle Piercer,1642,bullet_target,200003296,20001079,,0,direct,visual_or_non_gameplay,,on_hit,,,1,effect has no modeled attack-power or status payload,0.0,0.0,0.0,0.0,0.0,0.0,0.0,0.0,0.0,0.0,-99999.0,0.0,0.0,0,0
2391,5010,Needle Piercer,1642,bullet_target,200003296,20001080,,0,direct,visual_or_non_gameplay,,on_hit,,,1,effect has no modeled attack-power or status payload,0.0,0.0,0.0,0.0,0.0,0.0,0.0,0.0,0.0,0.0,0.0,0.0,0.0,0,0
2392,5010,Needle Piercer,1642,bullet_target,200003296,20001081,,0,direct,visual_or_non_gameplay,,on_hit,,,1,effect has no modeled attack-power or status payload,0.0,0.0,0.0,0.0,0.0,0.0,0.0,0.0,0.0,0.0,0.0,-99999.0,0.0,0,0
2393,5010,Needle Piercer,1642,bullet_target,200003306,20001082,,0,direct,visual_or_non_gameplay,,on_hit,,,1,effect has no modeled attack-power or status payload,0.0,0.0,0.0,0.0,0.0,0.0,0.0,0.0,0.0,0.0,0.0,0.0,0.0,0,0
2394,5010,Needle Piercer,1642,bullet_target,200003306,20001083,,0,direct,visual_or_non_gameplay,,on_hit,,,1,effect has no modeled attack-power or status payload,0.0,0.0,0.0,0.0,0.0,0.0,0.0,0.0,0.0,0.0,0.0,0.0,-99999.0,0,0
2395,5010,Needle Piercer,1642,bullet_target,200003306,20001084,,0,direct,visual_or_non_gameplay,,on_hit,,,1,effect has no modeled attack-power or status payload,1.0,0.0,0.0,0.0,0.0,0.0,0.0,0.0,0.0,0.0,0.0,0.0,0.0,0,0
2396,5010,Needle Piercer,1643,attack_param,600000502,1665,,0,direct,self_mechanic,,on_hit,,,1,effect targets the attacker/self and is not target buildup,0.0,0.0,0.0,0.0,0.0,0.0,0.0,0.0,0.0,0.0,0.0,0.0,0.0,0,0
2397,5010,Needle Piercer,1643,attack_param,600000502,6904,AccumuVal [10],0,direct,self_mechanic,,on_hit,,,1,effect targets the attacker/self and is not target buildup,0.0,0.0,0.0,0.0,0.0,0.0,0.0,0.0,0.0,0.0,0.0,0.0,0.0,0,0
2398,5020,Light,1639,attack_param,600000880,6903,AccumuVal [8],0,direct,self_mechanic,,on_hit,,,1,effect targets the attacker/self and is not target buildup,0.0,0.0,0.0,0.0,0.0,0.0,0.0,0.0,0.0,0.0,0.0,0.0,0.0,0,0
2399,5030,Darkness,1640,attack_param,600000890,6903,AccumuVal [8],0,direct,self_mechanic,,on_hit,,,1,effect targets the attacker/self and is not target buildup,0.0,0.0,0.0,0.0,0.0,0.0,0.0,0.0,0.0,0.0,0.0,0.0,0.0,0,0
2400,5030,Darkness,1640,bullet_target,200002420|200002425,20000990,[AoW] Sword of Darkness: Darkness - Holy Negation Debuff,0,direct,visual_or_non_gameplay,,on_hit,,,1,effect has no modeled attack-power or status payload,60.0,0.0,0.0,0.0,0.0,0.0,0.0,0.0,0.0,0.0,0.0,0.0,0.0,0,0
2401,5040,Onze's Line of Stars,2031,attack_param,700000330,1665,,0,direct,self_mechanic,,on_hit,,,1,effect targets the attacker/self and is not target buildup,0.0,0.0,0.0,0.0,0.0,0.0,0.0,0.0,0.0,0.0,0.0,0.0,0.0,0,0
2402,5040,Onze's Line of Stars,2031,attack_param,700000330,1667,,0,direct,self_mechanic,,on_hit,,,1,effect targets the attacker/self and is not target buildup,0.0,0.0,0.0,0.0,0.0,0.0,0.0,0.0,0.0,0.0,0.0,0.0,0.0,0,0
2403,5040,Onze's Line of Stars,2031,attack_param,700000330,6903,AccumuVal [8],0,direct,self_mechanic,,on_hit,,,1,effect targets the attacker/self and is not target buildup,0.0,0.0,0.0,0.0,0.0,0.0,0.0,0.0,0.0,0.0,0.0,0.0,0.0,0,0
2404,5040,Onze's Line of Stars,2032,attack_param,700000331,1665,,0,direct,self_mechanic,,on_hit,,,1,effect targets the attacker/self and is not target buildup,0.0,0.0,0.0,0.0,0.0,0.0,0.0,0.0,0.0,0.0,0.0,0.0,0.0,0,0
2405,5040,Onze's Line of Stars,2032,attack_param,700000331,1667,,0,direct,self_mechanic,,on_hit,,,1,effect targets the attacker/self and is not target buildup,0.0,0.0,0.0,0.0,0.0,0.0,0.0,0.0,0.0,0.0,0.0,0.0,0.0,0,0
2406,5040,Onze's Line of Stars,2032,attack_param,700000331,6903,AccumuVal [8],0,direct,self_mechanic,,on_hit,,,1,effect targets the attacker/self and is not target buildup,0.0,0.0,0.0,0.0,0.0,0.0,0.0,0.0,0.0,0.0,0.0,0.0,0.0,0,0
2407,5040,Onze's Line of Stars,2033,attack_param,700000332,1665,,0,direct,self_mechanic,,on_hit,,,1,effect targets the attacker/self and is not target buildup,0.0,0.0,0.0,0.0,0.0,0.0,0.0,0.0,0.0,0.0,0.0,0.0,0.0,0,0
2408,5040,Onze's Line of Stars,2033,attack_param,700000332,1667,,0,direct,self_mechanic,,on_hit,,,1,effect targets the attacker/self and is not target buildup,0.0,0.0,0.0,0.0,0.0,0.0,0.0,0.0,0.0,0.0,0.0,0.0,0.0,0,0
2409,5040,Onze's Line of Stars,2033,attack_param,700000332,6903,AccumuVal [8],0,direct,self_mechanic,,on_hit,,,1,effect targets the attacker/self and is not target buildup,0.0,0.0,0.0,0.0,0.0,0.0,0.0,0.0,0.0,0.0,0.0,0.0,0.0,0,0
2410,5040,Onze's Line of Stars,2034,attack_param,700000333,1665,,0,direct,self_mechanic,,on_hit,,,1,effect targets the attacker/self and is not target buildup,0.0,0.0,0.0,0.0,0.0,0.0,0.0,0.0,0.0,0.0,0.0,0.0,0.0,0,0
2411,5040,Onze's Line of Stars,2034,attack_param,700000333,1667,,0,direct,self_mechanic,,on_hit,,,1,effect targets the attacker/self and is not target buildup,0.0,0.0,0.0,0.0,0.0,0.0,0.0,0.0,0.0,0.0,0.0,0.0,0.0,0,0
2412,5040,Onze's Line of Stars,2034,attack_param,700000333,6903,AccumuVal [8],0,direct,self_mechanic,,on_hit,,,1,effect targets the attacker/self and is not target buildup,0.0,0.0,0.0,0.0,0.0,0.0,0.0,0.0,0.0,0.0,0.0,0.0,0.0,0,0
2413,5040,Onze's Line of Stars,2035,attack_param,700000334,1665,,0,direct,self_mechanic,,on_hit,,,1,effect targets the attacker/self and is not target buildup,0.0,0.0,0.0,0.0,0.0,0.0,0.0,0.0,0.0,0.0,0.0,0.0,0.0,0,0
2414,5040,Onze's Line of Stars,2035,attack_param,700000334,1667,,0,direct,self_mechanic,,on_hit,,,1,effect targets the attacker/self and is not target buildup,0.0,0.0,0.0,0.0,0.0,0.0,0.0,0.0,0.0,0.0,0.0,0.0,0.0,0,0
2415,5040,Onze's Line of Stars,2035,attack_param,700000334,6903,AccumuVal [8],0,direct,self_mechanic,,on_hit,,,1,effect targets the attacker/self and is not target buildup,0.0,0.0,0.0,0.0,0.0,0.0,0.0,0.0,0.0,0.0,0.0,0.0,0.0,0,0
2416,5040,Onze's Line of Stars,2036,attack_param,700000335,1665,,0,direct,self_mechanic,,on_hit,,,1,effect targets the attacker/self and is not target buildup,0.0,0.0,0.0,0.0,0.0,0.0,0.0,0.0,0.0,0.0,0.0,0.0,0.0,0,0
2417,5040,Onze's Line of Stars,2036,attack_param,700000335,1667,,0,direct,self_mechanic,,on_hit,,,1,effect targets the attacker/self and is not target buildup,0.0,0.0,0.0,0.0,0.0,0.0,0.0,0.0,0.0,0.0,0.0,0.0,0.0,0,0
2418,5040,Onze's Line of Stars,2036,attack_param,700000335,6903,AccumuVal [8],0,direct,self_mechanic,,on_hit,,,1,effect targets the attacker/self and is not target buildup,0.0,0.0,0.0,0.0,0.0,0.0,0.0,0.0,0.0,0.0,0.0,0.0,0.0,0,0
2419,5040,Onze's Line of Stars,2037,attack_param,700000336,1665,,0,direct,self_mechanic,,on_hit,,,1,effect targets the attacker/self and is not target buildup,0.0,0.0,0.0,0.0,0.0,0.0,0.0,0.0,0.0,0.0,0.0,0.0,0.0,0,0
2420,5040,Onze's Line of Stars,2037,attack_param,700000336,1667,,0,direct,self_mechanic,,on_hit,,,1,effect targets the attacker/self and is not target buildup,0.0,0.0,0.0,0.0,0.0,0.0,0.0,0.0,0.0,0.0,0.0,0.0,0.0,0,0
2421,5040,Onze's Line of Stars,2037,attack_param,700000336,6903,AccumuVal [8],0,direct,self_mechanic,,on_hit,,,1,effect targets the attacker/self and is not target buildup,0.0,0.0,0.0,0.0,0.0,0.0,0.0,0.0,0.0,0.0,0.0,0.0,0.0,0,0
2422,5040,Onze's Line of Stars,2038,attack_param,700000337,1665,,0,direct,self_mechanic,,on_hit,,,1,effect targets the attacker/self and is not target buildup,0.0,0.0,0.0,0.0,0.0,0.0,0.0,0.0,0.0,0.0,0.0,0.0,0.0,0,0
2423,5040,Onze's Line of Stars,2038,attack_param,700000337,1667,,0,direct,self_mechanic,,on_hit,,,1,effect targets the attacker/self and is not target buildup,0.0,0.0,0.0,0.0,0.0,0.0,0.0,0.0,0.0,0.0,0.0,0.0,0.0,0,0
2424,5040,Onze's Line of Stars,2038,attack_param,700000337,6903,AccumuVal [8],0,direct,self_mechanic,,on_hit,,,1,effect targets the attacker/self and is not target buildup,0.0,0.0,0.0,0.0,0.0,0.0,0.0,0.0,0.0,0.0,0.0,0.0,0.0,0,0
2425,5040,Onze's Line of Stars,2039,attack_param,700000338,1665,,0,direct,self_mechanic,,on_hit,,,1,effect targets the attacker/self and is not target buildup,0.0,0.0,0.0,0.0,0.0,0.0,0.0,0.0,0.0,0.0,0.0,0.0,0.0,0,0
2426,5040,Onze's Line of Stars,2039,attack_param,700000338,1667,,0,direct,self_mechanic,,on_hit,,,1,effect targets the attacker/self and is not target buildup,0.0,0.0,0.0,0.0,0.0,0.0,0.0,0.0,0.0,0.0,0.0,0.0,0.0,0,0
2427,5040,Onze's Line of Stars,2039,attack_param,700000338,6903,AccumuVal [8],0,direct,self_mechanic,,on_hit,,,1,effect targets the attacker/self and is not target buildup,0.0,0.0,0.0,0.0,0.0,0.0,0.0,0.0,0.0,0.0,0.0,0.0,0.0,0,0
2428,5040,Onze's Line of Stars,2040,attack_param,700000339,1665,,0,direct,self_mechanic,,on_hit,,,1,effect targets the attacker/self and is not target buildup,0.0,0.0,0.0,0.0,0.0,0.0,0.0,0.0,0.0,0.0,0.0,0.0,0.0,0,0
2429,5040,Onze's Line of Stars,2040,attack_param,700000339,1667,,0,direct,self_mechanic,,on_hit,,,1,effect targets the attacker/self and is not target buildup,0.0,0.0,0.0,0.0,0.0,0.0,0.0,0.0,0.0,0.0,0.0,0.0,0.0,0,0
2430,5040,Onze's Line of Stars,2040,attack_param,700000339,6903,AccumuVal [8],0,direct,self_mechanic,,on_hit,,,1,effect targets the attacker/self and is not target buildup,0.0,0.0,0.0,0.0,0.0,0.0,0.0,0.0,0.0,0.0,0.0,0.0,0.0,0,0
2431,5040,Onze's Line of Stars,2041,attack_param,700000340,1665,,0,direct,self_mechanic,,on_hit,,,1,effect targets the attacker/self and is not target buildup,0.0,0.0,0.0,0.0,0.0,0.0,0.0,0.0,0.0,0.0,0.0,0.0,0.0,0,0
2432,5040,Onze's Line of Stars,2041,attack_param,700000340,1667,,0,direct,self_mechanic,,on_hit,,,1,effect targets the attacker/self and is not target buildup,0.0,0.0,0.0,0.0,0.0,0.0,0.0,0.0,0.0,0.0,0.0,0.0,0.0,0,0
2433,5040,Onze's Line of Stars,2041,attack_param,700000340,6903,AccumuVal [8],0,direct,self_mechanic,,on_hit,,,1,effect targets the attacker/self and is not target buildup,0.0,0.0,0.0,0.0,0.0,0.0,0.0,0.0,0.0,0.0,0.0,0.0,0.0,0,0
2434,5040,Onze's Line of Stars,2042,attack_param,700000341,1665,,0,direct,self_mechanic,,on_hit,,,1,effect targets the attacker/self and is not target buildup,0.0,0.0,0.0,0.0,0.0,0.0,0.0,0.0,0.0,0.0,0.0,0.0,0.0,0,0
2435,5040,Onze's Line of Stars,2042,attack_param,700000341,1667,,0,direct,self_mechanic,,on_hit,,,1,effect targets the attacker/self and is not target buildup,0.0,0.0,0.0,0.0,0.0,0.0,0.0,0.0,0.0,0.0,0.0,0.0,0.0,0,0
2436,5040,Onze's Line of Stars,2042,attack_param,700000341,6903,AccumuVal [8],0,direct,self_mechanic,,on_hit,,,1,effect targets the attacker/self and is not target buildup,0.0,0.0,0.0,0.0,0.0,0.0,0.0,0.0,0.0,0.0,0.0,0.0,0.0,0,0
2437,5050,The Poison Flower Blooms Twice,1444,attack_param,600000110,6904,AccumuVal [10],0,direct,self_mechanic,,on_hit,,,1,effect targets the attacker/self and is not target buildup,0.0,0.0,0.0,0.0,0.0,0.0,0.0,0.0,0.0,0.0,0.0,0.0,0.0,0,0
2438,5050,The Poison Flower Blooms Twice,1444,attack_param,600000110,20000860,[AoW] The Poison Flower Blooms Twice,0,direct,replacement_or_chained,,on_hit,,,0,conditional replacement semantics are not immediate per-hit buildup,0.0,0.0,0.0,0.0,0.0,0.0,0.0,0.0,0.0,0.0,0.0,0.0,0.0,0,0
2439,5050,The Poison Flower Blooms Twice,1444,sp_effect_chain,20000860,20000861,[AoW] The Poison Flower Blooms Twice [Cycle SpEffect],20000860,cycle,replacement_or_chained,,conditional,,,0,conditional child effect is recorded but not treated as immediate hit buildup,0.10000000149011612,0.0,0.0,0.0,0.0,0.0,0.0,0.0,0.0,0.0,0.0,0.0,0.0,0,0
2440,5050,The Poison Flower Blooms Twice,1444,sp_effect_chain,20000860,20000862,[AoW] The Poison Flower Blooms Twice [Replace SpEffect],20000860,replace,replacement_or_chained,,conditional,,,0,conditional child effect is recorded but not treated as immediate hit buildup,90.0,0.0,0.0,0.0,0.0,0.0,0.0,0.0,0.0,160.0,0.0,0.0,0.0,0,0
2441,5050,The Poison Flower Blooms Twice,1445,attack_param,600000111,6904,AccumuVal [10],0,direct,self_mechanic,,on_hit,,,1,effect targets the attacker/self and is not target buildup,0.0,0.0,0.0,0.0,0.0,0.0,0.0,0.0,0.0,0.0,0.0,0.0,0.0,0,0
2442,5050,The Poison Flower Blooms Twice,1446,attack_param,600000112,6904,AccumuVal [10],0,direct,self_mechanic,,on_hit,,,1,effect targets the attacker/self and is not target buildup,0.0,0.0,0.0,0.0,0.0,0.0,0.0,0.0,0.0,0.0,0.0,0.0,0.0,0,0
2443,5080,Spinning Guillotine,2232,attack_param,700000250,1667,,0,direct,self_mechanic,,on_hit,,,1,effect targets the attacker/self and is not target buildup,0.0,0.0,0.0,0.0,0.0,0.0,0.0,0.0,0.0,0.0,0.0,0.0,0.0,0,0
2444,5080,Spinning Guillotine,2232,attack_param,700000250,6906,AccumuVal [14],0,direct,self_mechanic,,on_hit,,,1,effect targets the attacker/self and is not target buildup,0.0,0.0,0.0,0.0,0.0,0.0,0.0,0.0,0.0,0.0,0.0,0.0,0.0,0,0
2445,5080,Spinning Guillotine,2233,attack_param,700000251,1667,,0,direct,self_mechanic,,on_hit,,,1,effect targets the attacker/self and is not target buildup,0.0,0.0,0.0,0.0,0.0,0.0,0.0,0.0,0.0,0.0,0.0,0.0,0.0,0,0
2446,5080,Spinning Guillotine,2233,attack_param,700000251,6906,AccumuVal [14],0,direct,self_mechanic,,on_hit,,,1,effect targets the attacker/self and is not target buildup,0.0,0.0,0.0,0.0,0.0,0.0,0.0,0.0,0.0,0.0,0.0,0.0,0.0,0,0
2447,5080,Spinning Guillotine,2234,attack_param,700000252,1667,,0,direct,self_mechanic,,on_hit,,,1,effect targets the attacker/self and is not target buildup,0.0,0.0,0.0,0.0,0.0,0.0,0.0,0.0,0.0,0.0,0.0,0.0,0.0,0,0
2448,5080,Spinning Guillotine,2234,attack_param,700000252,6906,AccumuVal [14],0,direct,self_mechanic,,on_hit,,,1,effect targets the attacker/self and is not target buildup,0.0,0.0,0.0,0.0,0.0,0.0,0.0,0.0,0.0,0.0,0.0,0.0,0.0,0,0
2449,5080,Spinning Guillotine,2235,attack_param,700000253,1667,,0,direct,self_mechanic,,on_hit,,,1,effect targets the attacker/self and is not target buildup,0.0,0.0,0.0,0.0,0.0,0.0,0.0,0.0,0.0,0.0,0.0,0.0,0.0,0,0
2450,5080,Spinning Guillotine,2235,attack_param,700000253,6906,AccumuVal [14],0,direct,self_mechanic,,on_hit,,,1,effect targets the attacker/self and is not target buildup,0.0,0.0,0.0,0.0,0.0,0.0,0.0,0.0,0.0,0.0,0.0,0.0,0.0,0,0
2451,5080,Spinning Guillotine,2236,attack_param,700000254,1667,,0,direct,self_mechanic,,on_hit,,,1,effect targets the attacker/self and is not target buildup,0.0,0.0,0.0,0.0,0.0,0.0,0.0,0.0,0.0,0.0,0.0,0.0,0.0,0,0
2452,5080,Spinning Guillotine,2236,attack_param,700000254,6906,AccumuVal [14],0,direct,self_mechanic,,on_hit,,,1,effect targets the attacker/self and is not target buildup,0.0,0.0,0.0,0.0,0.0,0.0,0.0,0.0,0.0,0.0,0.0,0.0,0.0,0,0
2453,5080,Spinning Guillotine,2237,attack_param,700000255,1667,,0,direct,self_mechanic,,on_hit,,,1,effect targets the attacker/self and is not target buildup,0.0,0.0,0.0,0.0,0.0,0.0,0.0,0.0,0.0,0.0,0.0,0.0,0.0,0,0
2454,5080,Spinning Guillotine,2237,attack_param,700000255,6906,AccumuVal [14],0,direct,self_mechanic,,on_hit,,,1,effect targets the attacker/self and is not target buildup,0.0,0.0,0.0,0.0,0.0,0.0,0.0,0.0,0.0,0.0,0.0,0.0,0.0,0,0
2455,5080,Spinning Guillotine,2238,attack_param,700000256,1667,,0,direct,self_mechanic,,on_hit,,,1,effect targets the attacker/self and is not target buildup,0.0,0.0,0.0,0.0,0.0,0.0,0.0,0.0,0.0,0.0,0.0,0.0,0.0,0,0
2456,5080,Spinning Guillotine,2238,attack_param,700000256,6906,AccumuVal [14],0,direct,self_mechanic,,on_hit,,,1,effect targets the attacker/self and is not target buildup,0.0,0.0,0.0,0.0,0.0,0.0,0.0,0.0,0.0,0.0,0.0,0.0,0.0,0,0
2457,5080,Spinning Guillotine,2239,attack_param,700000257,1667,,0,direct,self_mechanic,,on_hit,,,1,effect targets the attacker/self and is not target buildup,0.0,0.0,0.0,0.0,0.0,0.0,0.0,0.0,0.0,0.0,0.0,0.0,0.0,0,0
2458,5080,Spinning Guillotine,2239,attack_param,700000257,6906,AccumuVal [14],0,direct,self_mechanic,,on_hit,,,1,effect targets the attacker/self and is not target buildup,0.0,0.0,0.0,0.0,0.0,0.0,0.0,0.0,0.0,0.0,0.0,0.0,0.0,0,0
2459,5080,Spinning Guillotine,2240,attack_param,700000258,1667,,0,direct,self_mechanic,,on_hit,,,1,effect targets the attacker/self and is not target buildup,0.0,0.0,0.0,0.0,0.0,0.0,0.0,0.0,0.0,0.0,0.0,0.0,0.0,0,0
2460,5080,Spinning Guillotine,2240,attack_param,700000258,6906,AccumuVal [14],0,direct,self_mechanic,,on_hit,,,1,effect targets the attacker/self and is not target buildup,0.0,0.0,0.0,0.0,0.0,0.0,0.0,0.0,0.0,0.0,0.0,0.0,0.0,0,0
2461,5080,Spinning Guillotine,2241,attack_param,700000259,1667,,0,direct,self_mechanic,,on_hit,,,1,effect targets the attacker/self and is not target buildup,0.0,0.0,0.0,0.0,0.0,0.0,0.0,0.0,0.0,0.0,0.0,0.0,0.0,0,0
2462,5080,Spinning Guillotine,2241,attack_param,700000259,6906,AccumuVal [14],0,direct,self_mechanic,,on_hit,,,1,effect targets the attacker/self and is not target buildup,0.0,0.0,0.0,0.0,0.0,0.0,0.0,0.0,0.0,0.0,0.0,0.0,0.0,0,0
2463,5080,Spinning Guillotine,2242,attack_param,700000260,1667,,0,direct,self_mechanic,,on_hit,,,1,effect targets the attacker/self and is not target buildup,0.0,0.0,0.0,0.0,0.0,0.0,0.0,0.0,0.0,0.0,0.0,0.0,0.0,0,0
2464,5080,Spinning Guillotine,2242,attack_param,700000260,6906,AccumuVal [14],0,direct,self_mechanic,,on_hit,,,1,effect targets the attacker/self and is not target buildup,0.0,0.0,0.0,0.0,0.0,0.0,0.0,0.0,0.0,0.0,0.0,0.0,0.0,0,0
2465,5080,Spinning Guillotine,2243,attack_param,700000261,1667,,0,direct,self_mechanic,,on_hit,,,1,effect targets the attacker/self and is not target buildup,0.0,0.0,0.0,0.0,0.0,0.0,0.0,0.0,0.0,0.0,0.0,0.0,0.0,0,0
2466,5080,Spinning Guillotine,2243,attack_param,700000261,6906,AccumuVal [14],0,direct,self_mechanic,,on_hit,,,1,effect targets the attacker/self and is not target buildup,0.0,0.0,0.0,0.0,0.0,0.0,0.0,0.0,0.0,0.0,0.0,0.0,0.0,0,0
2467,5080,Spinning Guillotine,2244,attack_param,700000262,1667,,0,direct,self_mechanic,,on_hit,,,1,effect targets the attacker/self and is not target buildup,0.0,0.0,0.0,0.0,0.0,0.0,0.0,0.0,0.0,0.0,0.0,0.0,0.0,0,0
2468,5080,Spinning Guillotine,2244,attack_param,700000262,6906,AccumuVal [14],0,direct,self_mechanic,,on_hit,,,1,effect targets the attacker/self and is not target buildup,0.0,0.0,0.0,0.0,0.0,0.0,0.0,0.0,0.0,0.0,0.0,0.0,0.0,0,0
2469,5080,Spinning Guillotine,2245,attack_param,700000263,1667,,0,direct,self_mechanic,,on_hit,,,1,effect targets the attacker/self and is not target buildup,0.0,0.0,0.0,0.0,0.0,0.0,0.0,0.0,0.0,0.0,0.0,0.0,0.0,0,0
2470,5080,Spinning Guillotine,2245,attack_param,700000263,6906,AccumuVal [14],0,direct,self_mechanic,,on_hit,,,1,effect targets the attacker/self and is not target buildup,0.0,0.0,0.0,0.0,0.0,0.0,0.0,0.0,0.0,0.0,0.0,0.0,0.0,0,0
2471,5090,Unending Dance,1901,attack_param,600000670,1667,,0,direct,self_mechanic,,on_hit,,,1,effect targets the attacker/self and is not target buildup,0.0,0.0,0.0,0.0,0.0,0.0,0.0,0.0,0.0,0.0,0.0,0.0,0.0,0,0
2472,5090,Unending Dance,1901,attack_param,600000670,6904,AccumuVal [10],0,direct,self_mechanic,,on_hit,,,1,effect targets the attacker/self and is not target buildup,0.0,0.0,0.0,0.0,0.0,0.0,0.0,0.0,0.0,0.0,0.0,0.0,0.0,0,0
2473,5090,Unending Dance,1902,attack_param,600000677,1667,,0,direct,self_mechanic,,on_hit,,,1,effect targets the attacker/self and is not target buildup,0.0,0.0,0.0,0.0,0.0,0.0,0.0,0.0,0.0,0.0,0.0,0.0,0.0,0,0
2474,5090,Unending Dance,1902,attack_param,600000677,6904,AccumuVal [10],0,direct,self_mechanic,,on_hit,,,1,effect targets the attacker/self and is not target buildup,0.0,0.0,0.0,0.0,0.0,0.0,0.0,0.0,0.0,0.0,0.0,0.0,0.0,0,0
2475,5090,Unending Dance,1903,attack_param,600000671,1667,,0,direct,self_mechanic,,on_hit,,,1,effect targets the attacker/self and is not target buildup,0.0,0.0,0.0,0.0,0.0,0.0,0.0,0.0,0.0,0.0,0.0,0.0,0.0,0,0
2476,5090,Unending Dance,1903,attack_param,600000671,6904,AccumuVal [10],0,direct,self_mechanic,,on_hit,,,1,effect targets the attacker/self and is not target buildup,0.0,0.0,0.0,0.0,0.0,0.0,0.0,0.0,0.0,0.0,0.0,0.0,0.0,0,0
2477,5090,Unending Dance,1904,attack_param,600000672,1667,,0,direct,self_mechanic,,on_hit,,,1,effect targets the attacker/self and is not target buildup,0.0,0.0,0.0,0.0,0.0,0.0,0.0,0.0,0.0,0.0,0.0,0.0,0.0,0,0
2478,5090,Unending Dance,1904,attack_param,600000672,6904,AccumuVal [10],0,direct,self_mechanic,,on_hit,,,1,effect targets the attacker/self and is not target buildup,0.0,0.0,0.0,0.0,0.0,0.0,0.0,0.0,0.0,0.0,0.0,0.0,0.0,0,0
2479,5090,Unending Dance,1905,attack_param,600000678,1667,,0,direct,self_mechanic,,on_hit,,,1,effect targets the attacker/self and is not target buildup,0.0,0.0,0.0,0.0,0.0,0.0,0.0,0.0,0.0,0.0,0.0,0.0,0.0,0,0
2480,5090,Unending Dance,1905,attack_param,600000678,6904,AccumuVal [10],0,direct,self_mechanic,,on_hit,,,1,effect targets the attacker/self and is not target buildup,0.0,0.0,0.0,0.0,0.0,0.0,0.0,0.0,0.0,0.0,0.0,0.0,0.0,0,0
2481,5090,Unending Dance,1906,attack_param,600000673,1667,,0,direct,self_mechanic,,on_hit,,,1,effect targets the attacker/self and is not target buildup,0.0,0.0,0.0,0.0,0.0,0.0,0.0,0.0,0.0,0.0,0.0,0.0,0.0,0,0
2482,5090,Unending Dance,1906,attack_param,600000673,6904,AccumuVal [10],0,direct,self_mechanic,,on_hit,,,1,effect targets the attacker/self and is not target buildup,0.0,0.0,0.0,0.0,0.0,0.0,0.0,0.0,0.0,0.0,0.0,0.0,0.0,0,0
2483,5090,Unending Dance,1907,attack_param,600000679,1667,,0,direct,self_mechanic,,on_hit,,,1,effect targets the attacker/self and is not target buildup,0.0,0.0,0.0,0.0,0.0,0.0,0.0,0.0,0.0,0.0,0.0,0.0,0.0,0,0
2484,5090,Unending Dance,1907,attack_param,600000679,6904,AccumuVal [10],0,direct,self_mechanic,,on_hit,,,1,effect targets the attacker/self and is not target buildup,0.0,0.0,0.0,0.0,0.0,0.0,0.0,0.0,0.0,0.0,0.0,0.0,0.0,0,0
2485,5090,Unending Dance,1908,attack_param,600000674,1667,,0,direct,self_mechanic,,on_hit,,,1,effect targets the attacker/self and is not target buildup,0.0,0.0,0.0,0.0,0.0,0.0,0.0,0.0,0.0,0.0,0.0,0.0,0.0,0,0
2486,5090,Unending Dance,1908,attack_param,600000674,6904,AccumuVal [10],0,direct,self_mechanic,,on_hit,,,1,effect targets the attacker/self and is not target buildup,0.0,0.0,0.0,0.0,0.0,0.0,0.0,0.0,0.0,0.0,0.0,0.0,0.0,0,0
2487,5090,Unending Dance,1909,attack_param,600000680,1667,,0,direct,self_mechanic,,on_hit,,,1,effect targets the attacker/self and is not target buildup,0.0,0.0,0.0,0.0,0.0,0.0,0.0,0.0,0.0,0.0,0.0,0.0,0.0,0,0
2488,5090,Unending Dance,1909,attack_param,600000680,6904,AccumuVal [10],0,direct,self_mechanic,,on_hit,,,1,effect targets the attacker/self and is not target buildup,0.0,0.0,0.0,0.0,0.0,0.0,0.0,0.0,0.0,0.0,0.0,0.0,0.0,0,0
2489,5090,Unending Dance,1910,attack_param,600000675,1667,,0,direct,self_mechanic,,on_hit,,,1,effect targets the attacker/self and is not target buildup,0.0,0.0,0.0,0.0,0.0,0.0,0.0,0.0,0.0,0.0,0.0,0.0,0.0,0,0
2490,5090,Unending Dance,1910,attack_param,600000675,6904,AccumuVal [10],0,direct,self_mechanic,,on_hit,,,1,effect targets the attacker/self and is not target buildup,0.0,0.0,0.0,0.0,0.0,0.0,0.0,0.0,0.0,0.0,0.0,0.0,0.0,0,0
2491,5090,Unending Dance,1911,attack_param,600000681,1667,,0,direct,self_mechanic,,on_hit,,,1,effect targets the attacker/self and is not target buildup,0.0,0.0,0.0,0.0,0.0,0.0,0.0,0.0,0.0,0.0,0.0,0.0,0.0,0,0
2492,5090,Unending Dance,1911,attack_param,600000681,6904,AccumuVal [10],0,direct,self_mechanic,,on_hit,,,1,effect targets the attacker/self and is not target buildup,0.0,0.0,0.0,0.0,0.0,0.0,0.0,0.0,0.0,0.0,0.0,0.0,0.0,0,0
2493,5090,Unending Dance,1912,attack_param,600000682,1667,,0,direct,self_mechanic,,on_hit,,,1,effect targets the attacker/self and is not target buildup,0.0,0.0,0.0,0.0,0.0,0.0,0.0,0.0,0.0,0.0,0.0,0.0,0.0,0,0
2494,5090,Unending Dance,1912,attack_param,600000682,6904,AccumuVal [10],0,direct,self_mechanic,,on_hit,,,1,effect targets the attacker/self and is not target buildup,0.0,0.0,0.0,0.0,0.0,0.0,0.0,0.0,0.0,0.0,0.0,0.0,0.0,0,0
2495,5090,Unending Dance,1913,attack_param,600000676,1667,,0,direct,self_mechanic,,on_hit,,,1,effect targets the attacker/self and is not target buildup,0.0,0.0,0.0,0.0,0.0,0.0,0.0,0.0,0.0,0.0,0.0,0.0,0.0,0,0
2496,5090,Unending Dance,1913,attack_param,600000676,6904,AccumuVal [10],0,direct,self_mechanic,,on_hit,,,1,effect targets the attacker/self and is not target buildup,0.0,0.0,0.0,0.0,0.0,0.0,0.0,0.0,0.0,0.0,0.0,0.0,0.0,0,0
2497,5090,Unending Dance,1914,attack_param,600000683,1667,,0,direct,self_mechanic,,on_hit,,,1,effect targets the attacker/self and is not target buildup,0.0,0.0,0.0,0.0,0.0,0.0,0.0,0.0,0.0,0.0,0.0,0.0,0.0,0,0
2498,5090,Unending Dance,1914,attack_param,600000683,6904,AccumuVal [10],0,direct,self_mechanic,,on_hit,,,1,effect targets the attacker/self and is not target buildup,0.0,0.0,0.0,0.0,0.0,0.0,0.0,0.0,0.0,0.0,0.0,0.0,0.0,0,0
2499,5090,Unending Dance,1915,attack_param,600000690,1667,,0,direct,self_mechanic,,on_hit,,,1,effect targets the attacker/self and is not target buildup,0.0,0.0,0.0,0.0,0.0,0.0,0.0,0.0,0.0,0.0,0.0,0.0,0.0,0,0
2500,5090,Unending Dance,1915,attack_param,600000690,6904,AccumuVal [10],0,direct,self_mechanic,,on_hit,,,1,effect targets the attacker/self and is not target buildup,0.0,0.0,0.0,0.0,0.0,0.0,0.0,0.0,0.0,0.0,0.0,0.0,0.0,0,0
2501,5090,Unending Dance,1916,attack_param,600000684,1667,,0,direct,self_mechanic,,on_hit,,,1,effect targets the attacker/self and is not target buildup,0.0,0.0,0.0,0.0,0.0,0.0,0.0,0.0,0.0,0.0,0.0,0.0,0.0,0,0
2502,5090,Unending Dance,1916,attack_param,600000684,6904,AccumuVal [10],0,direct,self_mechanic,,on_hit,,,1,effect targets the attacker/self and is not target buildup,0.0,0.0,0.0,0.0,0.0,0.0,0.0,0.0,0.0,0.0,0.0,0.0,0.0,0,0
2503,5090,Unending Dance,1917,attack_param,600000685,1667,,0,direct,self_mechanic,,on_hit,,,1,effect targets the attacker/self and is not target buildup,0.0,0.0,0.0,0.0,0.0,0.0,0.0,0.0,0.0,0.0,0.0,0.0,0.0,0,0
2504,5090,Unending Dance,1917,attack_param,600000685,6904,AccumuVal [10],0,direct,self_mechanic,,on_hit,,,1,effect targets the attacker/self and is not target buildup,0.0,0.0,0.0,0.0,0.0,0.0,0.0,0.0,0.0,0.0,0.0,0.0,0.0,0,0
2505,5090,Unending Dance,1918,attack_param,600000691,1667,,0,direct,self_mechanic,,on_hit,,,1,effect targets the attacker/self and is not target buildup,0.0,0.0,0.0,0.0,0.0,0.0,0.0,0.0,0.0,0.0,0.0,0.0,0.0,0,0
2506,5090,Unending Dance,1918,attack_param,600000691,6904,AccumuVal [10],0,direct,self_mechanic,,on_hit,,,1,effect targets the attacker/self and is not target buildup,0.0,0.0,0.0,0.0,0.0,0.0,0.0,0.0,0.0,0.0,0.0,0.0,0.0,0,0
2507,5090,Unending Dance,1919,attack_param,600000686,1667,,0,direct,self_mechanic,,on_hit,,,1,effect targets the attacker/self and is not target buildup,0.0,0.0,0.0,0.0,0.0,0.0,0.0,0.0,0.0,0.0,0.0,0.0,0.0,0,0
2508,5090,Unending Dance,1919,attack_param,600000686,6904,AccumuVal [10],0,direct,self_mechanic,,on_hit,,,1,effect targets the attacker/self and is not target buildup,0.0,0.0,0.0,0.0,0.0,0.0,0.0,0.0,0.0,0.0,0.0,0.0,0.0,0,0
2509,5090,Unending Dance,1920,attack_param,600000692,1667,,0,direct,self_mechanic,,on_hit,,,1,effect targets the attacker/self and is not target buildup,0.0,0.0,0.0,0.0,0.0,0.0,0.0,0.0,0.0,0.0,0.0,0.0,0.0,0,0
2510,5090,Unending Dance,1920,attack_param,600000692,6904,AccumuVal [10],0,direct,self_mechanic,,on_hit,,,1,effect targets the attacker/self and is not target buildup,0.0,0.0,0.0,0.0,0.0,0.0,0.0,0.0,0.0,0.0,0.0,0.0,0.0,0,0
2511,5090,Unending Dance,1921,attack_param,600000687,1667,,0,direct,self_mechanic,,on_hit,,,1,effect targets the attacker/self and is not target buildup,0.0,0.0,0.0,0.0,0.0,0.0,0.0,0.0,0.0,0.0,0.0,0.0,0.0,0,0
2512,5090,Unending Dance,1921,attack_param,600000687,6904,AccumuVal [10],0,direct,self_mechanic,,on_hit,,,1,effect targets the attacker/self and is not target buildup,0.0,0.0,0.0,0.0,0.0,0.0,0.0,0.0,0.0,0.0,0.0,0.0,0.0,0,0
2513,5090,Unending Dance,1922,attack_param,600000693,1667,,0,direct,self_mechanic,,on_hit,,,1,effect targets the attacker/self and is not target buildup,0.0,0.0,0.0,0.0,0.0,0.0,0.0,0.0,0.0,0.0,0.0,0.0,0.0,0,0
2514,5090,Unending Dance,1922,attack_param,600000693,6904,AccumuVal [10],0,direct,self_mechanic,,on_hit,,,1,effect targets the attacker/self and is not target buildup,0.0,0.0,0.0,0.0,0.0,0.0,0.0,0.0,0.0,0.0,0.0,0.0,0.0,0,0
2515,5090,Unending Dance,1923,attack_param,600000688,1667,,0,direct,self_mechanic,,on_hit,,,1,effect targets the attacker/self and is not target buildup,0.0,0.0,0.0,0.0,0.0,0.0,0.0,0.0,0.0,0.0,0.0,0.0,0.0,0,0
2516,5090,Unending Dance,1923,attack_param,600000688,6904,AccumuVal [10],0,direct,self_mechanic,,on_hit,,,1,effect targets the attacker/self and is not target buildup,0.0,0.0,0.0,0.0,0.0,0.0,0.0,0.0,0.0,0.0,0.0,0.0,0.0,0,0
2517,5090,Unending Dance,1924,attack_param,600000694,1667,,0,direct,self_mechanic,,on_hit,,,1,effect targets the attacker/self and is not target buildup,0.0,0.0,0.0,0.0,0.0,0.0,0.0,0.0,0.0,0.0,0.0,0.0,0.0,0,0
2518,5090,Unending Dance,1924,attack_param,600000694,6904,AccumuVal [10],0,direct,self_mechanic,,on_hit,,,1,effect targets the attacker/self and is not target buildup,0.0,0.0,0.0,0.0,0.0,0.0,0.0,0.0,0.0,0.0,0.0,0.0,0.0,0,0
2519,5090,Unending Dance,1925,attack_param,600000695,1667,,0,direct,self_mechanic,,on_hit,,,1,effect targets the attacker/self and is not target buildup,0.0,0.0,0.0,0.0,0.0,0.0,0.0,0.0,0.0,0.0,0.0,0.0,0.0,0,0
2520,5090,Unending Dance,1925,attack_param,600000695,6904,AccumuVal [10],0,direct,self_mechanic,,on_hit,,,1,effect targets the attacker/self and is not target buildup,0.0,0.0,0.0,0.0,0.0,0.0,0.0,0.0,0.0,0.0,0.0,0.0,0.0,0,0
2521,5090,Unending Dance,1926,attack_param,600000689,1667,,0,direct,self_mechanic,,on_hit,,,1,effect targets the attacker/self and is not target buildup,0.0,0.0,0.0,0.0,0.0,0.0,0.0,0.0,0.0,0.0,0.0,0.0,0.0,0,0
2522,5090,Unending Dance,1926,attack_param,600000689,6904,AccumuVal [10],0,direct,self_mechanic,,on_hit,,,1,effect targets the attacker/self and is not target buildup,0.0,0.0,0.0,0.0,0.0,0.0,0.0,0.0,0.0,0.0,0.0,0.0,0.0,0,0
2523,5100,Revenger's Blade,1879,attack_param,600000612,1665,,0,direct,self_mechanic,,on_hit,,,1,effect targets the attacker/self and is not target buildup,0.0,0.0,0.0,0.0,0.0,0.0,0.0,0.0,0.0,0.0,0.0,0.0,0.0,0,0
2524,5100,Revenger's Blade,1879,attack_param,600000612,6904,AccumuVal [10],0,direct,self_mechanic,,on_hit,,,1,effect targets the attacker/self and is not target buildup,0.0,0.0,0.0,0.0,0.0,0.0,0.0,0.0,0.0,0.0,0.0,0.0,0.0,0,0
2525,5100,Revenger's Blade,1880,attack_param,600000613,1665,,0,direct,self_mechanic,,on_hit,,,1,effect targets the attacker/self and is not target buildup,0.0,0.0,0.0,0.0,0.0,0.0,0.0,0.0,0.0,0.0,0.0,0.0,0.0,0,0
2526,5100,Revenger's Blade,1880,attack_param,600000613,6904,AccumuVal [10],0,direct,self_mechanic,,on_hit,,,1,effect targets the attacker/self and is not target buildup,0.0,0.0,0.0,0.0,0.0,0.0,0.0,0.0,0.0,0.0,0.0,0.0,0.0,0,0
2527,5100,Revenger's Blade,1881,attack_param,600000610,1665,,0,direct,self_mechanic,,on_hit,,,1,effect targets the attacker/self and is not target buildup,0.0,0.0,0.0,0.0,0.0,0.0,0.0,0.0,0.0,0.0,0.0,0.0,0.0,0,0
2528,5100,Revenger's Blade,1881,attack_param,600000610,6904,AccumuVal [10],0,direct,self_mechanic,,on_hit,,,1,effect targets the attacker/self and is not target buildup,0.0,0.0,0.0,0.0,0.0,0.0,0.0,0.0,0.0,0.0,0.0,0.0,0.0,0,0
2529,5100,Revenger's Blade,1882,attack_param,600000611,1665,,0,direct,self_mechanic,,on_hit,,,1,effect targets the attacker/self and is not target buildup,0.0,0.0,0.0,0.0,0.0,0.0,0.0,0.0,0.0,0.0,0.0,0.0,0.0,0,0
2530,5100,Revenger's Blade,1882,attack_param,600000611,6904,AccumuVal [10],0,direct,self_mechanic,,on_hit,,,1,effect targets the attacker/self and is not target buildup,0.0,0.0,0.0,0.0,0.0,0.0,0.0,0.0,0.0,0.0,0.0,0.0,0.0,0,0
2531,5100,Revenger's Blade,1883,attack_param,600000614,1665,,0,direct,self_mechanic,,on_hit,,,1,effect targets the attacker/self and is not target buildup,0.0,0.0,0.0,0.0,0.0,0.0,0.0,0.0,0.0,0.0,0.0,0.0,0.0,0,0
2532,5100,Revenger's Blade,1883,attack_param,600000614,6904,AccumuVal [10],0,direct,self_mechanic,,on_hit,,,1,effect targets the attacker/self and is not target buildup,0.0,0.0,0.0,0.0,0.0,0.0,0.0,0.0,0.0,0.0,0.0,0.0,0.0,0,0
2533,5100,Revenger's Blade,1884,attack_param,600000615,1665,,0,direct,self_mechanic,,on_hit,,,1,effect targets the attacker/self and is not target buildup,0.0,0.0,0.0,0.0,0.0,0.0,0.0,0.0,0.0,0.0,0.0,0.0,0.0,0,0
2534,5100,Revenger's Blade,1884,attack_param,600000615,6904,AccumuVal [10],0,direct,self_mechanic,,on_hit,,,1,effect targets the attacker/self and is not target buildup,0.0,0.0,0.0,0.0,0.0,0.0,0.0,0.0,0.0,0.0,0.0,0.0,0.0,0,0
2535,5100,Revenger's Blade,1885,attack_param,600000616,1665,,0,direct,self_mechanic,,on_hit,,,1,effect targets the attacker/self and is not target buildup,0.0,0.0,0.0,0.0,0.0,0.0,0.0,0.0,0.0,0.0,0.0,0.0,0.0,0,0
2536,5100,Revenger's Blade,1885,attack_param,600000616,6904,AccumuVal [10],0,direct,self_mechanic,,on_hit,,,1,effect targets the attacker/self and is not target buildup,0.0,0.0,0.0,0.0,0.0,0.0,0.0,0.0,0.0,0.0,0.0,0.0,0.0,0,0
2537,5100,Revenger's Blade,1886,attack_param,600000617,1665,,0,direct,self_mechanic,,on_hit,,,1,effect targets the attacker/self and is not target buildup,0.0,0.0,0.0,0.0,0.0,0.0,0.0,0.0,0.0,0.0,0.0,0.0,0.0,0,0
2538,5100,Revenger's Blade,1886,attack_param,600000617,6904,AccumuVal [10],0,direct,self_mechanic,,on_hit,,,1,effect targets the attacker/self and is not target buildup,0.0,0.0,0.0,0.0,0.0,0.0,0.0,0.0,0.0,0.0,0.0,0.0,0.0,0,0
2539,5100,Revenger's Blade,1887,attack_param,600000618,1665,,0,direct,self_mechanic,,on_hit,,,1,effect targets the attacker/self and is not target buildup,0.0,0.0,0.0,0.0,0.0,0.0,0.0,0.0,0.0,0.0,0.0,0.0,0.0,0,0
2540,5100,Revenger's Blade,1887,attack_param,600000618,6904,AccumuVal [10],0,direct,self_mechanic,,on_hit,,,1,effect targets the attacker/self and is not target buildup,0.0,0.0,0.0,0.0,0.0,0.0,0.0,0.0,0.0,0.0,0.0,0.0,0.0,0,0
2541,5100,Revenger's Blade,1888,attack_param,600000619,1665,,0,direct,self_mechanic,,on_hit,,,1,effect targets the attacker/self and is not target buildup,0.0,0.0,0.0,0.0,0.0,0.0,0.0,0.0,0.0,0.0,0.0,0.0,0.0,0,0
2542,5100,Revenger's Blade,1888,attack_param,600000619,6904,AccumuVal [10],0,direct,self_mechanic,,on_hit,,,1,effect targets the attacker/self and is not target buildup,0.0,0.0,0.0,0.0,0.0,0.0,0.0,0.0,0.0,0.0,0.0,0.0,0.0,0,0
2543,5100,Revenger's Blade,1889,attack_param,600000620,1665,,0,direct,self_mechanic,,on_hit,,,1,effect targets the attacker/self and is not target buildup,0.0,0.0,0.0,0.0,0.0,0.0,0.0,0.0,0.0,0.0,0.0,0.0,0.0,0,0
2544,5100,Revenger's Blade,1889,attack_param,600000620,6904,AccumuVal [10],0,direct,self_mechanic,,on_hit,,,1,effect targets the attacker/self and is not target buildup,0.0,0.0,0.0,0.0,0.0,0.0,0.0,0.0,0.0,0.0,0.0,0.0,0.0,0,0
2545,5100,Revenger's Blade,1890,attack_param,600000623,1665,,0,direct,self_mechanic,,on_hit,,,1,effect targets the attacker/self and is not target buildup,0.0,0.0,0.0,0.0,0.0,0.0,0.0,0.0,0.0,0.0,0.0,0.0,0.0,0,0
2546,5100,Revenger's Blade,1890,attack_param,600000623,6904,AccumuVal [10],0,direct,self_mechanic,,on_hit,,,1,effect targets the attacker/self and is not target buildup,0.0,0.0,0.0,0.0,0.0,0.0,0.0,0.0,0.0,0.0,0.0,0.0,0.0,0,0
2547,5100,Revenger's Blade,1891,attack_param,600000624,1665,,0,direct,self_mechanic,,on_hit,,,1,effect targets the attacker/self and is not target buildup,0.0,0.0,0.0,0.0,0.0,0.0,0.0,0.0,0.0,0.0,0.0,0.0,0.0,0,0
2548,5100,Revenger's Blade,1891,attack_param,600000624,6904,AccumuVal [10],0,direct,self_mechanic,,on_hit,,,1,effect targets the attacker/self and is not target buildup,0.0,0.0,0.0,0.0,0.0,0.0,0.0,0.0,0.0,0.0,0.0,0.0,0.0,0,0
2549,5100,Revenger's Blade,1892,attack_param,600000621,1665,,0,direct,self_mechanic,,on_hit,,,1,effect targets the attacker/self and is not target buildup,0.0,0.0,0.0,0.0,0.0,0.0,0.0,0.0,0.0,0.0,0.0,0.0,0.0,0,0
2550,5100,Revenger's Blade,1892,attack_param,600000621,6904,AccumuVal [10],0,direct,self_mechanic,,on_hit,,,1,effect targets the attacker/self and is not target buildup,0.0,0.0,0.0,0.0,0.0,0.0,0.0,0.0,0.0,0.0,0.0,0.0,0.0,0,0
2551,5100,Revenger's Blade,1893,attack_param,600000622,1665,,0,direct,self_mechanic,,on_hit,,,1,effect targets the attacker/self and is not target buildup,0.0,0.0,0.0,0.0,0.0,0.0,0.0,0.0,0.0,0.0,0.0,0.0,0.0,0,0
2552,5100,Revenger's Blade,1893,attack_param,600000622,6904,AccumuVal [10],0,direct,self_mechanic,,on_hit,,,1,effect targets the attacker/self and is not target buildup,0.0,0.0,0.0,0.0,0.0,0.0,0.0,0.0,0.0,0.0,0.0,0.0,0.0,0,0
2553,5100,Revenger's Blade,1894,attack_param,600000625,1665,,0,direct,self_mechanic,,on_hit,,,1,effect targets the attacker/self and is not target buildup,0.0,0.0,0.0,0.0,0.0,0.0,0.0,0.0,0.0,0.0,0.0,0.0,0.0,0,0
2554,5100,Revenger's Blade,1894,attack_param,600000625,6904,AccumuVal [10],0,direct,self_mechanic,,on_hit,,,1,effect targets the attacker/self and is not target buildup,0.0,0.0,0.0,0.0,0.0,0.0,0.0,0.0,0.0,0.0,0.0,0.0,0.0,0,0
2555,5100,Revenger's Blade,1895,attack_param,600000626,1665,,0,direct,self_mechanic,,on_hit,,,1,effect targets the attacker/self and is not target buildup,0.0,0.0,0.0,0.0,0.0,0.0,0.0,0.0,0.0,0.0,0.0,0.0,0.0,0,0
2556,5100,Revenger's Blade,1895,attack_param,600000626,6904,AccumuVal [10],0,direct,self_mechanic,,on_hit,,,1,effect targets the attacker/self and is not target buildup,0.0,0.0,0.0,0.0,0.0,0.0,0.0,0.0,0.0,0.0,0.0,0.0,0.0,0,0
2557,5100,Revenger's Blade,1896,attack_param,600000627,1665,,0,direct,self_mechanic,,on_hit,,,1,effect targets the attacker/self and is not target buildup,0.0,0.0,0.0,0.0,0.0,0.0,0.0,0.0,0.0,0.0,0.0,0.0,0.0,0,0
2558,5100,Revenger's Blade,1896,attack_param,600000627,6904,AccumuVal [10],0,direct,self_mechanic,,on_hit,,,1,effect targets the attacker/self and is not target buildup,0.0,0.0,0.0,0.0,0.0,0.0,0.0,0.0,0.0,0.0,0.0,0.0,0.0,0,0
2559,5100,Revenger's Blade,1897,attack_param,600000628,1665,,0,direct,self_mechanic,,on_hit,,,1,effect targets the attacker/self and is not target buildup,0.0,0.0,0.0,0.0,0.0,0.0,0.0,0.0,0.0,0.0,0.0,0.0,0.0,0,0
2560,5100,Revenger's Blade,1897,attack_param,600000628,6904,AccumuVal [10],0,direct,self_mechanic,,on_hit,,,1,effect targets the attacker/self and is not target buildup,0.0,0.0,0.0,0.0,0.0,0.0,0.0,0.0,0.0,0.0,0.0,0.0,0.0,0,0
2561,5100,Revenger's Blade,1898,attack_param,600000629,1665,,0,direct,self_mechanic,,on_hit,,,1,effect targets the attacker/self and is not target buildup,0.0,0.0,0.0,0.0,0.0,0.0,0.0,0.0,0.0,0.0,0.0,0.0,0.0,0,0
2562,5100,Revenger's Blade,1898,attack_param,600000629,6904,AccumuVal [10],0,direct,self_mechanic,,on_hit,,,1,effect targets the attacker/self and is not target buildup,0.0,0.0,0.0,0.0,0.0,0.0,0.0,0.0,0.0,0.0,0.0,0.0,0.0,0,0
2563,5100,Revenger's Blade,1899,attack_param,600000630,1665,,0,direct,self_mechanic,,on_hit,,,1,effect targets the attacker/self and is not target buildup,0.0,0.0,0.0,0.0,0.0,0.0,0.0,0.0,0.0,0.0,0.0,0.0,0.0,0,0
2564,5100,Revenger's Blade,1899,attack_param,600000630,6904,AccumuVal [10],0,direct,self_mechanic,,on_hit,,,1,effect targets the attacker/self and is not target buildup,0.0,0.0,0.0,0.0,0.0,0.0,0.0,0.0,0.0,0.0,0.0,0.0,0.0,0,0
2565,5100,Revenger's Blade,1900,attack_param,600000631,1665,,0,direct,self_mechanic,,on_hit,,,1,effect targets the attacker/self and is not target buildup,0.0,0.0,0.0,0.0,0.0,0.0,0.0,0.0,0.0,0.0,0.0,0.0,0.0,0,0
2566,5100,Revenger's Blade,1900,attack_param,600000631,6904,AccumuVal [10],0,direct,self_mechanic,,on_hit,,,1,effect targets the attacker/self and is not target buildup,0.0,0.0,0.0,0.0,0.0,0.0,0.0,0.0,0.0,0.0,0.0,0.0,0.0,0,0
2567,5110,Mists of Eternal Sleep,1602,attack_param,700000401,6903,AccumuVal [8],0,direct,self_mechanic,,on_hit,,,1,effect targets the attacker/self and is not target buildup,0.0,0.0,0.0,0.0,0.0,0.0,0.0,0.0,0.0,0.0,0.0,0.0,0.0,0,0
2568,5110,Mists of Eternal Sleep,1603,attack_param,700000402,6903,AccumuVal [8],0,direct,self_mechanic,,on_hit,,,1,effect targets the attacker/self and is not target buildup,0.0,0.0,0.0,0.0,0.0,0.0,0.0,0.0,0.0,0.0,0.0,0.0,0.0,0,0
2569,5120,Dynastic Sickleplay,2505,attack_param,600000711,1667,,0,direct,self_mechanic,,on_hit,,,1,effect targets the attacker/self and is not target buildup,0.0,0.0,0.0,0.0,0.0,0.0,0.0,0.0,0.0,0.0,0.0,0.0,0.0,0,0
2570,5120,Dynastic Sickleplay,2505,attack_param,600000711,6904,AccumuVal [10],0,direct,self_mechanic,,on_hit,,,1,effect targets the attacker/self and is not target buildup,0.0,0.0,0.0,0.0,0.0,0.0,0.0,0.0,0.0,0.0,0.0,0.0,0.0,0,0
2571,5120,Dynastic Sickleplay,2506,attack_param,600000712,1667,,0,direct,self_mechanic,,on_hit,,,1,effect targets the attacker/self and is not target buildup,0.0,0.0,0.0,0.0,0.0,0.0,0.0,0.0,0.0,0.0,0.0,0.0,0.0,0,0
2572,5120,Dynastic Sickleplay,2506,attack_param,600000712,6904,AccumuVal [10],0,direct,self_mechanic,,on_hit,,,1,effect targets the attacker/self and is not target buildup,0.0,0.0,0.0,0.0,0.0,0.0,0.0,0.0,0.0,0.0,0.0,0.0,0.0,0,0
2573,5120,Dynastic Sickleplay,2507,attack_param,600000713,1667,,0,direct,self_mechanic,,on_hit,,,1,effect targets the attacker/self and is not target buildup,0.0,0.0,0.0,0.0,0.0,0.0,0.0,0.0,0.0,0.0,0.0,0.0,0.0,0,0
2574,5120,Dynastic Sickleplay,2507,attack_param,600000713,6904,AccumuVal [10],0,direct,self_mechanic,,on_hit,,,1,effect targets the attacker/self and is not target buildup,0.0,0.0,0.0,0.0,0.0,0.0,0.0,0.0,0.0,0.0,0.0,0.0,0.0,0,0
2575,5120,Dynastic Sickleplay,2508,attack_param,600000714,1667,,0,direct,self_mechanic,,on_hit,,,1,effect targets the attacker/self and is not target buildup,0.0,0.0,0.0,0.0,0.0,0.0,0.0,0.0,0.0,0.0,0.0,0.0,0.0,0,0
2576,5120,Dynastic Sickleplay,2508,attack_param,600000714,6904,AccumuVal [10],0,direct,self_mechanic,,on_hit,,,1,effect targets the attacker/self and is not target buildup,0.0,0.0,0.0,0.0,0.0,0.0,0.0,0.0,0.0,0.0,0.0,0.0,0.0,0,0
2577,5120,Dynastic Sickleplay,2509,attack_param,600000716,1667,,0,direct,self_mechanic,,on_hit,,,1,effect targets the attacker/self and is not target buildup,0.0,0.0,0.0,0.0,0.0,0.0,0.0,0.0,0.0,0.0,0.0,0.0,0.0,0,0
2578,5120,Dynastic Sickleplay,2509,attack_param,600000716,6904,AccumuVal [10],0,direct,self_mechanic,,on_hit,,,1,effect targets the attacker/self and is not target buildup,0.0,0.0,0.0,0.0,0.0,0.0,0.0,0.0,0.0,0.0,0.0,0.0,0.0,0,0
2579,5120,Dynastic Sickleplay,2510,attack_param,600000717,1667,,0,direct,self_mechanic,,on_hit,,,1,effect targets the attacker/self and is not target buildup,0.0,0.0,0.0,0.0,0.0,0.0,0.0,0.0,0.0,0.0,0.0,0.0,0.0,0,0
2580,5120,Dynastic Sickleplay,2510,attack_param,600000717,6904,AccumuVal [10],0,direct,self_mechanic,,on_hit,,,1,effect targets the attacker/self and is not target buildup,0.0,0.0,0.0,0.0,0.0,0.0,0.0,0.0,0.0,0.0,0.0,0.0,0.0,0,0
2581,5120,Dynastic Sickleplay,2511,attack_param,600000718,1667,,0,direct,self_mechanic,,on_hit,,,1,effect targets the attacker/self and is not target buildup,0.0,0.0,0.0,0.0,0.0,0.0,0.0,0.0,0.0,0.0,0.0,0.0,0.0,0,0
2582,5120,Dynastic Sickleplay,2511,attack_param,600000718,6904,AccumuVal [10],0,direct,self_mechanic,,on_hit,,,1,effect targets the attacker/self and is not target buildup,0.0,0.0,0.0,0.0,0.0,0.0,0.0,0.0,0.0,0.0,0.0,0.0,0.0,0,0
2583,5120,Dynastic Sickleplay,2512,attack_param,600000719,1667,,0,direct,self_mechanic,,on_hit,,,1,effect targets the attacker/self and is not target buildup,0.0,0.0,0.0,0.0,0.0,0.0,0.0,0.0,0.0,0.0,0.0,0.0,0.0,0,0
2584,5120,Dynastic Sickleplay,2512,attack_param,600000719,6904,AccumuVal [10],0,direct,self_mechanic,,on_hit,,,1,effect targets the attacker/self and is not target buildup,0.0,0.0,0.0,0.0,0.0,0.0,0.0,0.0,0.0,0.0,0.0,0.0,0.0,0,0
2585,5130,Blinkbolt: Twinaxe,2195,attack_param,600000750,6904,AccumuVal [10],0,direct,self_mechanic,,on_hit,,,1,effect targets the attacker/self and is not target buildup,0.0,0.0,0.0,0.0,0.0,0.0,0.0,0.0,0.0,0.0,0.0,0.0,0.0,0,0
2586,5130,Blinkbolt: Twinaxe,2196,attack_param,700000311,1667,,0,direct,self_mechanic,,on_hit,,,1,effect targets the attacker/self and is not target buildup,0.0,0.0,0.0,0.0,0.0,0.0,0.0,0.0,0.0,0.0,0.0,0.0,0.0,0,0
2587,5130,Blinkbolt: Twinaxe,2196,attack_param,700000311,6904,AccumuVal [10],0,direct,self_mechanic,,on_hit,,,1,effect targets the attacker/self and is not target buildup,0.0,0.0,0.0,0.0,0.0,0.0,0.0,0.0,0.0,0.0,0.0,0.0,0.0,0,0
2588,5130,Blinkbolt: Twinaxe,2197,attack_param,700000312,1667,,0,direct,self_mechanic,,on_hit,,,1,effect targets the attacker/self and is not target buildup,0.0,0.0,0.0,0.0,0.0,0.0,0.0,0.0,0.0,0.0,0.0,0.0,0.0,0,0
2589,5130,Blinkbolt: Twinaxe,2197,attack_param,700000312,6904,AccumuVal [10],0,direct,self_mechanic,,on_hit,,,1,effect targets the attacker/self and is not target buildup,0.0,0.0,0.0,0.0,0.0,0.0,0.0,0.0,0.0,0.0,0.0,0.0,0.0,0,0
2590,5130,Blinkbolt: Twinaxe,2198,attack_param,700000313,1667,,0,direct,self_mechanic,,on_hit,,,1,effect targets the attacker/self and is not target buildup,0.0,0.0,0.0,0.0,0.0,0.0,0.0,0.0,0.0,0.0,0.0,0.0,0.0,0,0
2591,5130,Blinkbolt: Twinaxe,2198,attack_param,700000313,6904,AccumuVal [10],0,direct,self_mechanic,,on_hit,,,1,effect targets the attacker/self and is not target buildup,0.0,0.0,0.0,0.0,0.0,0.0,0.0,0.0,0.0,0.0,0.0,0.0,0.0,0,0
2592,5130,Blinkbolt: Twinaxe,2199,attack_param,700000314,1667,,0,direct,self_mechanic,,on_hit,,,1,effect targets the attacker/self and is not target buildup,0.0,0.0,0.0,0.0,0.0,0.0,0.0,0.0,0.0,0.0,0.0,0.0,0.0,0,0
2593,5130,Blinkbolt: Twinaxe,2199,attack_param,700000314,6904,AccumuVal [10],0,direct,self_mechanic,,on_hit,,,1,effect targets the attacker/self and is not target buildup,0.0,0.0,0.0,0.0,0.0,0.0,0.0,0.0,0.0,0.0,0.0,0.0,0.0,0,0
2594,5130,Blinkbolt: Twinaxe,2200,attack_param,700000315,1667,,0,direct,self_mechanic,,on_hit,,,1,effect targets the attacker/self and is not target buildup,0.0,0.0,0.0,0.0,0.0,0.0,0.0,0.0,0.0,0.0,0.0,0.0,0.0,0,0
2595,5130,Blinkbolt: Twinaxe,2200,attack_param,700000315,6904,AccumuVal [10],0,direct,self_mechanic,,on_hit,,,1,effect targets the attacker/self and is not target buildup,0.0,0.0,0.0,0.0,0.0,0.0,0.0,0.0,0.0,0.0,0.0,0.0,0.0,0,0
2596,5130,Blinkbolt: Twinaxe,2201,attack_param,700000316,1667,,0,direct,self_mechanic,,on_hit,,,1,effect targets the attacker/self and is not target buildup,0.0,0.0,0.0,0.0,0.0,0.0,0.0,0.0,0.0,0.0,0.0,0.0,0.0,0,0
2597,5130,Blinkbolt: Twinaxe,2201,attack_param,700000316,6904,AccumuVal [10],0,direct,self_mechanic,,on_hit,,,1,effect targets the attacker/self and is not target buildup,0.0,0.0,0.0,0.0,0.0,0.0,0.0,0.0,0.0,0.0,0.0,0.0,0.0,0,0
2598,5130,Blinkbolt: Twinaxe,2202,attack_param,700000317,1667,,0,direct,self_mechanic,,on_hit,,,1,effect targets the attacker/self and is not target buildup,0.0,0.0,0.0,0.0,0.0,0.0,0.0,0.0,0.0,0.0,0.0,0.0,0.0,0,0
2599,5130,Blinkbolt: Twinaxe,2202,attack_param,700000317,6904,AccumuVal [10],0,direct,self_mechanic,,on_hit,,,1,effect targets the attacker/self and is not target buildup,0.0,0.0,0.0,0.0,0.0,0.0,0.0,0.0,0.0,0.0,0.0,0.0,0.0,0,0
2600,5130,Blinkbolt: Twinaxe,2203,attack_param,700000318,1667,,0,direct,self_mechanic,,on_hit,,,1,effect targets the attacker/self and is not target buildup,0.0,0.0,0.0,0.0,0.0,0.0,0.0,0.0,0.0,0.0,0.0,0.0,0.0,0,0
2601,5130,Blinkbolt: Twinaxe,2203,attack_param,700000318,6904,AccumuVal [10],0,direct,self_mechanic,,on_hit,,,1,effect targets the attacker/self and is not target buildup,0.0,0.0,0.0,0.0,0.0,0.0,0.0,0.0,0.0,0.0,0.0,0.0,0.0,0,0
2602,5130,Blinkbolt: Twinaxe,2204,attack_param,700000319,1667,,0,direct,self_mechanic,,on_hit,,,1,effect targets the attacker/self and is not target buildup,0.0,0.0,0.0,0.0,0.0,0.0,0.0,0.0,0.0,0.0,0.0,0.0,0.0,0,0
2603,5130,Blinkbolt: Twinaxe,2204,attack_param,700000319,6904,AccumuVal [10],0,direct,self_mechanic,,on_hit,,,1,effect targets the attacker/self and is not target buildup,0.0,0.0,0.0,0.0,0.0,0.0,0.0,0.0,0.0,0.0,0.0,0.0,0.0,0,0
2604,5130,Blinkbolt: Twinaxe,2205,attack_param,700000320,1667,,0,direct,self_mechanic,,on_hit,,,1,effect targets the attacker/self and is not target buildup,0.0,0.0,0.0,0.0,0.0,0.0,0.0,0.0,0.0,0.0,0.0,0.0,0.0,0,0
2605,5130,Blinkbolt: Twinaxe,2205,attack_param,700000320,6904,AccumuVal [10],0,direct,self_mechanic,,on_hit,,,1,effect targets the attacker/self and is not target buildup,0.0,0.0,0.0,0.0,0.0,0.0,0.0,0.0,0.0,0.0,0.0,0.0,0.0,0,0
2606,5130,Blinkbolt: Twinaxe,2206,attack_param,700000321,1667,,0,direct,self_mechanic,,on_hit,,,1,effect targets the attacker/self and is not target buildup,0.0,0.0,0.0,0.0,0.0,0.0,0.0,0.0,0.0,0.0,0.0,0.0,0.0,0,0
2607,5130,Blinkbolt: Twinaxe,2206,attack_param,700000321,6904,AccumuVal [10],0,direct,self_mechanic,,on_hit,,,1,effect targets the attacker/self and is not target buildup,0.0,0.0,0.0,0.0,0.0,0.0,0.0,0.0,0.0,0.0,0.0,0.0,0.0,0,0
2608,5130,Blinkbolt: Twinaxe,2207,attack_param,700000322,1667,,0,direct,self_mechanic,,on_hit,,,1,effect targets the attacker/self and is not target buildup,0.0,0.0,0.0,0.0,0.0,0.0,0.0,0.0,0.0,0.0,0.0,0.0,0.0,0,0
2609,5130,Blinkbolt: Twinaxe,2207,attack_param,700000322,6904,AccumuVal [10],0,direct,self_mechanic,,on_hit,,,1,effect targets the attacker/self and is not target buildup,0.0,0.0,0.0,0.0,0.0,0.0,0.0,0.0,0.0,0.0,0.0,0.0,0.0,0,0
2610,5130,Blinkbolt: Twinaxe,2208,attack_param,700000323,1667,,0,direct,self_mechanic,,on_hit,,,1,effect targets the attacker/self and is not target buildup,0.0,0.0,0.0,0.0,0.0,0.0,0.0,0.0,0.0,0.0,0.0,0.0,0.0,0,0
2611,5130,Blinkbolt: Twinaxe,2208,attack_param,700000323,6904,AccumuVal [10],0,direct,self_mechanic,,on_hit,,,1,effect targets the attacker/self and is not target buildup,0.0,0.0,0.0,0.0,0.0,0.0,0.0,0.0,0.0,0.0,0.0,0.0,0.0,0,0
2612,5140,Blinkbolt: Long-hafted Axe,2209,attack_param,600000750,6904,AccumuVal [10],0,direct,self_mechanic,,on_hit,,,1,effect targets the attacker/self and is not target buildup,0.0,0.0,0.0,0.0,0.0,0.0,0.0,0.0,0.0,0.0,0.0,0.0,0.0,0,0
2613,5140,Blinkbolt: Long-hafted Axe,2210,attack_param,600000751,1667,,0,direct,self_mechanic,,on_hit,,,1,effect targets the attacker/self and is not target buildup,0.0,0.0,0.0,0.0,0.0,0.0,0.0,0.0,0.0,0.0,0.0,0.0,0.0,0,0
2614,5140,Blinkbolt: Long-hafted Axe,2210,attack_param,600000751,6904,AccumuVal [10],0,direct,self_mechanic,,on_hit,,,1,effect targets the attacker/self and is not target buildup,0.0,0.0,0.0,0.0,0.0,0.0,0.0,0.0,0.0,0.0,0.0,0.0,0.0,0,0
2615,5140,Blinkbolt: Long-hafted Axe,2211,attack_param,600000752,6904,AccumuVal [10],0,direct,self_mechanic,,on_hit,,,1,effect targets the attacker/self and is not target buildup,0.0,0.0,0.0,0.0,0.0,0.0,0.0,0.0,0.0,0.0,0.0,0.0,0.0,0,0
2616,5140,Blinkbolt: Long-hafted Axe,2212,attack_param,600000753,6904,AccumuVal [10],0,direct,self_mechanic,,on_hit,,,1,effect targets the attacker/self and is not target buildup,0.0,0.0,0.0,0.0,0.0,0.0,0.0,0.0,0.0,0.0,0.0,0.0,0.0,0,0
2617,5140,Blinkbolt: Long-hafted Axe,2213,attack_param,600000754,1667,,0,direct,self_mechanic,,on_hit,,,1,effect targets the attacker/self and is not target buildup,0.0,0.0,0.0,0.0,0.0,0.0,0.0,0.0,0.0,0.0,0.0,0.0,0.0,0,0
2618,5140,Blinkbolt: Long-hafted Axe,2213,attack_param,600000754,6904,AccumuVal [10],0,direct,self_mechanic,,on_hit,,,1,effect targets the attacker/self and is not target buildup,0.0,0.0,0.0,0.0,0.0,0.0,0.0,0.0,0.0,0.0,0.0,0.0,0.0,0,0
2619,5150,Promised Consort,1805,attack_param,700000100,6904,AccumuVal [10],0,direct,self_mechanic,,on_hit,,,1,effect targets the attacker/self and is not target buildup,0.0,0.0,0.0,0.0,0.0,0.0,0.0,0.0,0.0,0.0,0.0,0.0,0.0,0,0
2620,5150,Promised Consort,1807,attack_param,700000101,6904,AccumuVal [10],0,direct,self_mechanic,,on_hit,,,1,effect targets the attacker/self and is not target buildup,0.0,0.0,0.0,0.0,0.0,0.0,0.0,0.0,0.0,0.0,0.0,0.0,0.0,0,0
2621,5150,Promised Consort,1809,attack_param,700000102,6904,AccumuVal [10],0,direct,self_mechanic,,on_hit,,,1,effect targets the attacker/self and is not target buildup,0.0,0.0,0.0,0.0,0.0,0.0,0.0,0.0,0.0,0.0,0.0,0.0,0.0,0,0
2622,5150,Promised Consort,1811,attack_param,700000103,6904,AccumuVal [10],0,direct,self_mechanic,,on_hit,,,1,effect targets the attacker/self and is not target buildup,0.0,0.0,0.0,0.0,0.0,0.0,0.0,0.0,0.0,0.0,0.0,0.0,0.0,0,0
2623,5150,Promised Consort,1813,attack_param,700000104,6904,AccumuVal [10],0,direct,self_mechanic,,on_hit,,,1,effect targets the attacker/self and is not target buildup,0.0,0.0,0.0,0.0,0.0,0.0,0.0,0.0,0.0,0.0,0.0,0.0,0.0,0,0
2624,5150,Promised Consort,1815,attack_param,700000105,6904,AccumuVal [10],0,direct,self_mechanic,,on_hit,,,1,effect targets the attacker/self and is not target buildup,0.0,0.0,0.0,0.0,0.0,0.0,0.0,0.0,0.0,0.0,0.0,0.0,0.0,0,0
2625,5150,Promised Consort,1816,attack_param,700000106,6904,AccumuVal [10],0,direct,self_mechanic,,on_hit,,,1,effect targets the attacker/self and is not target buildup,0.0,0.0,0.0,0.0,0.0,0.0,0.0,0.0,0.0,0.0,0.0,0.0,0.0,0,0
2626,5150,Promised Consort,1818,attack_param,700000110,6904,AccumuVal [10],0,direct,self_mechanic,,on_hit,,,1,effect targets the attacker/self and is not target buildup,0.0,0.0,0.0,0.0,0.0,0.0,0.0,0.0,0.0,0.0,0.0,0.0,0.0,0,0
2627,5150,Promised Consort,1819,attack_param,700000111,6904,AccumuVal [10],0,direct,self_mechanic,,on_hit,,,1,effect targets the attacker/self and is not target buildup,0.0,0.0,0.0,0.0,0.0,0.0,0.0,0.0,0.0,0.0,0.0,0.0,0.0,0,0
2628,5150,Promised Consort,1820,attack_param,700000112,6904,AccumuVal [10],0,direct,self_mechanic,,on_hit,,,1,effect targets the attacker/self and is not target buildup,0.0,0.0,0.0,0.0,0.0,0.0,0.0,0.0,0.0,0.0,0.0,0.0,0.0,0,0
2629,5150,Promised Consort,1821,attack_param,700000113,6904,AccumuVal [10],0,direct,self_mechanic,,on_hit,,,1,effect targets the attacker/self and is not target buildup,0.0,0.0,0.0,0.0,0.0,0.0,0.0,0.0,0.0,0.0,0.0,0.0,0.0,0,0
2630,5150,Promised Consort,1822,attack_param,700000114,6904,AccumuVal [10],0,direct,self_mechanic,,on_hit,,,1,effect targets the attacker/self and is not target buildup,0.0,0.0,0.0,0.0,0.0,0.0,0.0,0.0,0.0,0.0,0.0,0.0,0.0,0,0
2631,5150,Promised Consort,1823,attack_param,700000115,6904,AccumuVal [10],0,direct,self_mechanic,,on_hit,,,1,effect targets the attacker/self and is not target buildup,0.0,0.0,0.0,0.0,0.0,0.0,0.0,0.0,0.0,0.0,0.0,0.0,0.0,0,0
2632,5150,Promised Consort,1824,attack_param,700000116,6904,AccumuVal [10],0,direct,self_mechanic,,on_hit,,,1,effect targets the attacker/self and is not target buildup,0.0,0.0,0.0,0.0,0.0,0.0,0.0,0.0,0.0,0.0,0.0,0.0,0.0,0,0
2633,5170,Moon-and-Fire Stance,1644,attack_param,700000155,1665,,0,direct,self_mechanic,,on_hit,,,1,effect targets the attacker/self and is not target buildup,0.0,0.0,0.0,0.0,0.0,0.0,0.0,0.0,0.0,0.0,0.0,0.0,0.0,0,0
2634,5170,Moon-and-Fire Stance,1645,attack_param,700000156,1665,,0,direct,self_mechanic,,on_hit,,,1,effect targets the attacker/self and is not target buildup,0.0,0.0,0.0,0.0,0.0,0.0,0.0,0.0,0.0,0.0,0.0,0.0,0.0,0,0
2635,5170,Moon-and-Fire Stance,1646,attack_param,700000157,1665,,0,direct,self_mechanic,,on_hit,,,1,effect targets the attacker/self and is not target buildup,0.0,0.0,0.0,0.0,0.0,0.0,0.0,0.0,0.0,0.0,0.0,0.0,0.0,0,0
2636,5170,Moon-and-Fire Stance,1647,attack_param,700000158,1665,,0,direct,self_mechanic,,on_hit,,,1,effect targets the attacker/self and is not target buildup,0.0,0.0,0.0,0.0,0.0,0.0,0.0,0.0,0.0,0.0,0.0,0.0,0.0,0,0
2637,5170,Moon-and-Fire Stance,1648,attack_param,700000159,1665,,0,direct,self_mechanic,,on_hit,,,1,effect targets the attacker/self and is not target buildup,0.0,0.0,0.0,0.0,0.0,0.0,0.0,0.0,0.0,0.0,0.0,0.0,0.0,0,0
2638,5170,Moon-and-Fire Stance,1654,attack_param,700000175,1665,,0,direct,self_mechanic,,on_hit,,,1,effect targets the attacker/self and is not target buildup,0.0,0.0,0.0,0.0,0.0,0.0,0.0,0.0,0.0,0.0,0.0,0.0,0.0,0,0
2639,5170,Moon-and-Fire Stance,1655,attack_param,700000176,1665,,0,direct,self_mechanic,,on_hit,,,1,effect targets the attacker/self and is not target buildup,0.0,0.0,0.0,0.0,0.0,0.0,0.0,0.0,0.0,0.0,0.0,0.0,0.0,0,0
2640,5170,Moon-and-Fire Stance,1656,attack_param,700000177,1665,,0,direct,self_mechanic,,on_hit,,,1,effect targets the attacker/self and is not target buildup,0.0,0.0,0.0,0.0,0.0,0.0,0.0,0.0,0.0,0.0,0.0,0.0,0.0,0,0
2641,5170,Moon-and-Fire Stance,1661,attack_param,700000160,1665,,0,direct,self_mechanic,,on_hit,,,1,effect targets the attacker/self and is not target buildup,0.0,0.0,0.0,0.0,0.0,0.0,0.0,0.0,0.0,0.0,0.0,0.0,0.0,0,0
2642,5170,Moon-and-Fire Stance,1662,attack_param,700000161,1665,,0,direct,self_mechanic,,on_hit,,,1,effect targets the attacker/self and is not target buildup,0.0,0.0,0.0,0.0,0.0,0.0,0.0,0.0,0.0,0.0,0.0,0.0,0.0,0,0
2643,5170,Moon-and-Fire Stance,1663,attack_param,700000162,1665,,0,direct,self_mechanic,,on_hit,,,1,effect targets the attacker/self and is not target buildup,0.0,0.0,0.0,0.0,0.0,0.0,0.0,0.0,0.0,0.0,0.0,0.0,0.0,0,0
2644,5170,Moon-and-Fire Stance,1664,attack_param,700000163,1665,,0,direct,self_mechanic,,on_hit,,,1,effect targets the attacker/self and is not target buildup,0.0,0.0,0.0,0.0,0.0,0.0,0.0,0.0,0.0,0.0,0.0,0.0,0.0,0,0
2645,5170,Moon-and-Fire Stance,1665,attack_param,700000164,1665,,0,direct,self_mechanic,,on_hit,,,1,effect targets the attacker/self and is not target buildup,0.0,0.0,0.0,0.0,0.0,0.0,0.0,0.0,0.0,0.0,0.0,0.0,0.0,0,0
2646,5170,Moon-and-Fire Stance,1666,attack_param,700000180,1665,,0,direct,self_mechanic,,on_hit,,,1,effect targets the attacker/self and is not target buildup,0.0,0.0,0.0,0.0,0.0,0.0,0.0,0.0,0.0,0.0,0.0,0.0,0.0,0,0
2647,5170,Moon-and-Fire Stance,1667,attack_param,700000181,1665,,0,direct,self_mechanic,,on_hit,,,1,effect targets the attacker/self and is not target buildup,0.0,0.0,0.0,0.0,0.0,0.0,0.0,0.0,0.0,0.0,0.0,0.0,0.0,0,0
2648,5170,Moon-and-Fire Stance,1668,attack_param,700000182,1665,,0,direct,self_mechanic,,on_hit,,,1,effect targets the attacker/self and is not target buildup,0.0,0.0,0.0,0.0,0.0,0.0,0.0,0.0,0.0,0.0,0.0,0.0,0.0,0,0
2649,5180,Devonia's Vortex,2344,attack_param,600000842,6904,AccumuVal [10],0,direct,self_mechanic,,on_hit,,,1,effect targets the attacker/self and is not target buildup,0.0,0.0,0.0,0.0,0.0,0.0,0.0,0.0,0.0,0.0,0.0,0.0,0.0,0,0
2650,5180,Devonia's Vortex,2347,attack_param,600000845,6904,AccumuVal [10],0,direct,self_mechanic,,on_hit,,,1,effect targets the attacker/self and is not target buildup,0.0,0.0,0.0,0.0,0.0,0.0,0.0,0.0,0.0,0.0,0.0,0.0,0.0,0,0
2651,5190,Messmer's Assault,2447,attack_param,600000940,1665,,0,direct,self_mechanic,,on_hit,,,1,effect targets the attacker/self and is not target buildup,0.0,0.0,0.0,0.0,0.0,0.0,0.0,0.0,0.0,0.0,0.0,0.0,0.0,0,0
2652,5190,Messmer's Assault,2447,attack_param,600000940,1667,,0,direct,self_mechanic,,on_hit,,,1,effect targets the attacker/self and is not target buildup,0.0,0.0,0.0,0.0,0.0,0.0,0.0,0.0,0.0,0.0,0.0,0.0,0.0,0,0
2653,5190,Messmer's Assault,2447,attack_param,600000940,6903,AccumuVal [8],0,direct,self_mechanic,,on_hit,,,1,effect targets the attacker/self and is not target buildup,0.0,0.0,0.0,0.0,0.0,0.0,0.0,0.0,0.0,0.0,0.0,0.0,0.0,0,0
2654,5190,Messmer's Assault,2448,attack_param,600000941,1665,,0,direct,self_mechanic,,on_hit,,,1,effect targets the attacker/self and is not target buildup,0.0,0.0,0.0,0.0,0.0,0.0,0.0,0.0,0.0,0.0,0.0,0.0,0.0,0,0
2655,5190,Messmer's Assault,2448,attack_param,600000941,1667,,0,direct,self_mechanic,,on_hit,,,1,effect targets the attacker/self and is not target buildup,0.0,0.0,0.0,0.0,0.0,0.0,0.0,0.0,0.0,0.0,0.0,0.0,0.0,0,0
2656,5190,Messmer's Assault,2448,attack_param,600000941,6903,AccumuVal [8],0,direct,self_mechanic,,on_hit,,,1,effect targets the attacker/self and is not target buildup,0.0,0.0,0.0,0.0,0.0,0.0,0.0,0.0,0.0,0.0,0.0,0.0,0.0,0,0
2657,5190,Messmer's Assault,2449,attack_param,600000942,1665,,0,direct,self_mechanic,,on_hit,,,1,effect targets the attacker/self and is not target buildup,0.0,0.0,0.0,0.0,0.0,0.0,0.0,0.0,0.0,0.0,0.0,0.0,0.0,0,0
2658,5190,Messmer's Assault,2449,attack_param,600000942,1667,,0,direct,self_mechanic,,on_hit,,,1,effect targets the attacker/self and is not target buildup,0.0,0.0,0.0,0.0,0.0,0.0,0.0,0.0,0.0,0.0,0.0,0.0,0.0,0,0
2659,5190,Messmer's Assault,2449,attack_param,600000942,6903,AccumuVal [8],0,direct,self_mechanic,,on_hit,,,1,effect targets the attacker/self and is not target buildup,0.0,0.0,0.0,0.0,0.0,0.0,0.0,0.0,0.0,0.0,0.0,0.0,0.0,0,0
2660,5190,Messmer's Assault,2450,attack_param,600000943,1665,,0,direct,self_mechanic,,on_hit,,,1,effect targets the attacker/self and is not target buildup,0.0,0.0,0.0,0.0,0.0,0.0,0.0,0.0,0.0,0.0,0.0,0.0,0.0,0,0
2661,5190,Messmer's Assault,2450,attack_param,600000943,1667,,0,direct,self_mechanic,,on_hit,,,1,effect targets the attacker/self and is not target buildup,0.0,0.0,0.0,0.0,0.0,0.0,0.0,0.0,0.0,0.0,0.0,0.0,0.0,0,0
2662,5190,Messmer's Assault,2450,attack_param,600000943,6903,AccumuVal [8],0,direct,self_mechanic,,on_hit,,,1,effect targets the attacker/self and is not target buildup,0.0,0.0,0.0,0.0,0.0,0.0,0.0,0.0,0.0,0.0,0.0,0.0,0.0,0,0
2663,5190,Messmer's Assault,2451,attack_param,600000944,1665,,0,direct,self_mechanic,,on_hit,,,1,effect targets the attacker/self and is not target buildup,0.0,0.0,0.0,0.0,0.0,0.0,0.0,0.0,0.0,0.0,0.0,0.0,0.0,0,0
2664,5190,Messmer's Assault,2451,attack_param,600000944,1667,,0,direct,self_mechanic,,on_hit,,,1,effect targets the attacker/self and is not target buildup,0.0,0.0,0.0,0.0,0.0,0.0,0.0,0.0,0.0,0.0,0.0,0.0,0.0,0,0
2665,5190,Messmer's Assault,2451,attack_param,600000944,6903,AccumuVal [8],0,direct,self_mechanic,,on_hit,,,1,effect targets the attacker/self and is not target buildup,0.0,0.0,0.0,0.0,0.0,0.0,0.0,0.0,0.0,0.0,0.0,0.0,0.0,0,0
2666,5190,Messmer's Assault,2452,attack_param,600000945,1665,,0,direct,self_mechanic,,on_hit,,,1,effect targets the attacker/self and is not target buildup,0.0,0.0,0.0,0.0,0.0,0.0,0.0,0.0,0.0,0.0,0.0,0.0,0.0,0,0
2667,5190,Messmer's Assault,2452,attack_param,600000945,1667,,0,direct,self_mechanic,,on_hit,,,1,effect targets the attacker/self and is not target buildup,0.0,0.0,0.0,0.0,0.0,0.0,0.0,0.0,0.0,0.0,0.0,0.0,0.0,0,0
2668,5190,Messmer's Assault,2452,attack_param,600000945,6903,AccumuVal [8],0,direct,self_mechanic,,on_hit,,,1,effect targets the attacker/self and is not target buildup,0.0,0.0,0.0,0.0,0.0,0.0,0.0,0.0,0.0,0.0,0.0,0.0,0.0,0,0
2669,5190,Messmer's Assault,2453,attack_param,600000946,1665,,0,direct,self_mechanic,,on_hit,,,1,effect targets the attacker/self and is not target buildup,0.0,0.0,0.0,0.0,0.0,0.0,0.0,0.0,0.0,0.0,0.0,0.0,0.0,0,0
2670,5190,Messmer's Assault,2453,attack_param,600000946,1667,,0,direct,self_mechanic,,on_hit,,,1,effect targets the attacker/self and is not target buildup,0.0,0.0,0.0,0.0,0.0,0.0,0.0,0.0,0.0,0.0,0.0,0.0,0.0,0,0
2671,5190,Messmer's Assault,2453,attack_param,600000946,6903,AccumuVal [8],0,direct,self_mechanic,,on_hit,,,1,effect targets the attacker/self and is not target buildup,0.0,0.0,0.0,0.0,0.0,0.0,0.0,0.0,0.0,0.0,0.0,0.0,0.0,0,0
2672,5190,Messmer's Assault,2454,attack_param,600000947,1665,,0,direct,self_mechanic,,on_hit,,,1,effect targets the attacker/self and is not target buildup,0.0,0.0,0.0,0.0,0.0,0.0,0.0,0.0,0.0,0.0,0.0,0.0,0.0,0,0
2673,5190,Messmer's Assault,2454,attack_param,600000947,1667,,0,direct,self_mechanic,,on_hit,,,1,effect targets the attacker/self and is not target buildup,0.0,0.0,0.0,0.0,0.0,0.0,0.0,0.0,0.0,0.0,0.0,0.0,0.0,0,0
2674,5190,Messmer's Assault,2454,attack_param,600000947,6903,AccumuVal [8],0,direct,self_mechanic,,on_hit,,,1,effect targets the attacker/self and is not target buildup,0.0,0.0,0.0,0.0,0.0,0.0,0.0,0.0,0.0,0.0,0.0,0.0,0.0,0,0
2675,5190,Messmer's Assault,2455,attack_param,600000948,1665,,0,direct,self_mechanic,,on_hit,,,1,effect targets the attacker/self and is not target buildup,0.0,0.0,0.0,0.0,0.0,0.0,0.0,0.0,0.0,0.0,0.0,0.0,0.0,0,0
2676,5190,Messmer's Assault,2455,attack_param,600000948,1667,,0,direct,self_mechanic,,on_hit,,,1,effect targets the attacker/self and is not target buildup,0.0,0.0,0.0,0.0,0.0,0.0,0.0,0.0,0.0,0.0,0.0,0.0,0.0,0,0
2677,5190,Messmer's Assault,2455,attack_param,600000948,6903,AccumuVal [8],0,direct,self_mechanic,,on_hit,,,1,effect targets the attacker/self and is not target buildup,0.0,0.0,0.0,0.0,0.0,0.0,0.0,0.0,0.0,0.0,0.0,0.0,0.0,0,0
2678,5190,Messmer's Assault,2456,attack_param,600000950,1665,,0,direct,self_mechanic,,on_hit,,,1,effect targets the attacker/self and is not target buildup,0.0,0.0,0.0,0.0,0.0,0.0,0.0,0.0,0.0,0.0,0.0,0.0,0.0,0,0
2679,5190,Messmer's Assault,2456,attack_param,600000950,1667,,0,direct,self_mechanic,,on_hit,,,1,effect targets the attacker/self and is not target buildup,0.0,0.0,0.0,0.0,0.0,0.0,0.0,0.0,0.0,0.0,0.0,0.0,0.0,0,0
2680,5190,Messmer's Assault,2456,attack_param,600000950,6903,AccumuVal [8],0,direct,self_mechanic,,on_hit,,,1,effect targets the attacker/self and is not target buildup,0.0,0.0,0.0,0.0,0.0,0.0,0.0,0.0,0.0,0.0,0.0,0.0,0.0,0,0
2681,5190,Messmer's Assault,2457,attack_param,600000951,1665,,0,direct,self_mechanic,,on_hit,,,1,effect targets the attacker/self and is not target buildup,0.0,0.0,0.0,0.0,0.0,0.0,0.0,0.0,0.0,0.0,0.0,0.0,0.0,0,0
2682,5190,Messmer's Assault,2457,attack_param,600000951,1667,,0,direct,self_mechanic,,on_hit,,,1,effect targets the attacker/self and is not target buildup,0.0,0.0,0.0,0.0,0.0,0.0,0.0,0.0,0.0,0.0,0.0,0.0,0.0,0,0
2683,5190,Messmer's Assault,2457,attack_param,600000951,6903,AccumuVal [8],0,direct,self_mechanic,,on_hit,,,1,effect targets the attacker/self and is not target buildup,0.0,0.0,0.0,0.0,0.0,0.0,0.0,0.0,0.0,0.0,0.0,0.0,0.0,0,0
2684,5190,Messmer's Assault,2458,attack_param,600000953,1665,,0,direct,self_mechanic,,on_hit,,,1,effect targets the attacker/self and is not target buildup,0.0,0.0,0.0,0.0,0.0,0.0,0.0,0.0,0.0,0.0,0.0,0.0,0.0,0,0
2685,5190,Messmer's Assault,2458,attack_param,600000953,1667,,0,direct,self_mechanic,,on_hit,,,1,effect targets the attacker/self and is not target buildup,0.0,0.0,0.0,0.0,0.0,0.0,0.0,0.0,0.0,0.0,0.0,0.0,0.0,0,0
2686,5190,Messmer's Assault,2458,attack_param,600000953,6903,AccumuVal [8],0,direct,self_mechanic,,on_hit,,,1,effect targets the attacker/self and is not target buildup,0.0,0.0,0.0,0.0,0.0,0.0,0.0,0.0,0.0,0.0,0.0,0.0,0.0,0,0
2687,5190,Messmer's Assault,2459,attack_param,600000954,1665,,0,direct,self_mechanic,,on_hit,,,1,effect targets the attacker/self and is not target buildup,0.0,0.0,0.0,0.0,0.0,0.0,0.0,0.0,0.0,0.0,0.0,0.0,0.0,0,0
2688,5190,Messmer's Assault,2459,attack_param,600000954,1667,,0,direct,self_mechanic,,on_hit,,,1,effect targets the attacker/self and is not target buildup,0.0,0.0,0.0,0.0,0.0,0.0,0.0,0.0,0.0,0.0,0.0,0.0,0.0,0,0
2689,5190,Messmer's Assault,2459,attack_param,600000954,6903,AccumuVal [8],0,direct,self_mechanic,,on_hit,,,1,effect targets the attacker/self and is not target buildup,0.0,0.0,0.0,0.0,0.0,0.0,0.0,0.0,0.0,0.0,0.0,0.0,0.0,0,0
2690,5190,Messmer's Assault,2460,attack_param,600000955,1665,,0,direct,self_mechanic,,on_hit,,,1,effect targets the attacker/self and is not target buildup,0.0,0.0,0.0,0.0,0.0,0.0,0.0,0.0,0.0,0.0,0.0,0.0,0.0,0,0
2691,5190,Messmer's Assault,2460,attack_param,600000955,1667,,0,direct,self_mechanic,,on_hit,,,1,effect targets the attacker/self and is not target buildup,0.0,0.0,0.0,0.0,0.0,0.0,0.0,0.0,0.0,0.0,0.0,0.0,0.0,0,0
2692,5190,Messmer's Assault,2460,attack_param,600000955,6903,AccumuVal [8],0,direct,self_mechanic,,on_hit,,,1,effect targets the attacker/self and is not target buildup,0.0,0.0,0.0,0.0,0.0,0.0,0.0,0.0,0.0,0.0,0.0,0.0,0.0,0,0
2693,5190,Messmer's Assault,2461,attack_param,600000956,1665,,0,direct,self_mechanic,,on_hit,,,1,effect targets the attacker/self and is not target buildup,0.0,0.0,0.0,0.0,0.0,0.0,0.0,0.0,0.0,0.0,0.0,0.0,0.0,0,0
2694,5190,Messmer's Assault,2461,attack_param,600000956,1667,,0,direct,self_mechanic,,on_hit,,,1,effect targets the attacker/self and is not target buildup,0.0,0.0,0.0,0.0,0.0,0.0,0.0,0.0,0.0,0.0,0.0,0.0,0.0,0,0
2695,5190,Messmer's Assault,2461,attack_param,600000956,6903,AccumuVal [8],0,direct,self_mechanic,,on_hit,,,1,effect targets the attacker/self and is not target buildup,0.0,0.0,0.0,0.0,0.0,0.0,0.0,0.0,0.0,0.0,0.0,0.0,0.0,0,0
2696,5210,Sleep Evermore,2567,attack_param,700000410,6906,AccumuVal [14],0,direct,self_mechanic,,on_hit,,,1,effect targets the attacker/self and is not target buildup,0.0,0.0,0.0,0.0,0.0,0.0,0.0,0.0,0.0,0.0,0.0,0.0,0.0,0,0
2697,5210,Sleep Evermore,2567,attack_param,700000410,20001040,[AoW] Thiollier's Hidden Needle: Sleep Evermore,0,direct,replacement_or_chained,,on_hit,,,0,conditional replacement semantics are not immediate per-hit buildup,0.0,0.0,0.0,0.0,0.0,0.0,0.0,0.0,0.0,0.0,0.0,0.0,0.0,0,0
2698,5210,Sleep Evermore,2567,attack_param,700000410,20001044,[AoW] Thiollier's Hidden Needle: Sleep Evermore,0,direct,replacement_or_chained,,on_hit,,,0,effect delegates through a conditional SpEffect chain,0.0,0.0,0.0,0.0,0.0,0.0,0.0,0.0,0.0,0.0,0.0,0.0,0.0,0,0
2699,5210,Sleep Evermore,2567,sp_effect_chain,20001040,20001041,[AoW] Thiollier's Hidden Needle: Sleep Evermore [Cycle SpEffect],20001040,cycle,replacement_or_chained,,conditional,,,0,conditional child effect is recorded but not treated as immediate hit buildup,0.10000000149011612,0.0,0.0,0.0,0.0,0.0,0.0,0.0,0.0,0.0,0.0,0.0,0.0,0,0
2700,5210,Sleep Evermore,2567,sp_effect_chain,20001040,20001042,[AoW] Thiollier's Hidden Needle: Sleep Evermore [Replace SpEffect],20001040,replace,replacement_or_chained,,conditional,,,0,conditional child effect is recorded but not treated as immediate hit buildup,10.0,0.0,0.0,0.0,0.0,0.0,0.0,0.0,0.0,0.0,55.0,0.0,0.0,1,0
2701,5210,Sleep Evermore,2567,sp_effect_chain,20001044,20001045,[AoW] Thiollier's Hidden Needle: Sleep Evermore [Cycle SpEffect],20001044,cycle,replacement_or_chained,,conditional,,,0,conditional child effect is recorded but not treated as immediate hit buildup,0.10000000149011612,0.0,0.0,0.0,0.0,0.0,0.0,0.0,0.0,0.0,0.0,0.0,0.0,0,0
2702,5210,Sleep Evermore,2568,attack_param,700000415,6906,AccumuVal [14],0,direct,self_mechanic,,on_hit,,,1,effect targets the attacker/self and is not target buildup,0.0,0.0,0.0,0.0,0.0,0.0,0.0,0.0,0.0,0.0,0.0,0.0,0.0,0,0
2703,5230,Moore's Charge,2631,attack_param,700000190,6906,AccumuVal [14],0,direct,self_mechanic,,on_hit,,,1,effect targets the attacker/self and is not target buildup,0.0,0.0,0.0,0.0,0.0,0.0,0.0,0.0,0.0,0.0,0.0,0.0,0.0,0,0
2704,5230,Moore's Charge,2632,attack_param,700000190,6906,AccumuVal [14],0,direct,self_mechanic,,on_hit,,,1,effect targets the attacker/self and is not target buildup,0.0,0.0,0.0,0.0,0.0,0.0,0.0,0.0,0.0,0.0,0.0,0.0,0.0,0,0
2705,5230,Moore's Charge,2633,attack_param,700000190,6906,AccumuVal [14],0,direct,self_mechanic,,on_hit,,,1,effect targets the attacker/self and is not target buildup,0.0,0.0,0.0,0.0,0.0,0.0,0.0,0.0,0.0,0.0,0.0,0.0,0.0,0,0
2706,5230,Moore's Charge,2634,attack_param,700000191,6906,AccumuVal [14],0,direct,self_mechanic,,on_hit,,,1,effect targets the attacker/self and is not target buildup,0.0,0.0,0.0,0.0,0.0,0.0,0.0,0.0,0.0,0.0,0.0,0.0,0.0,0,0
2707,5230,Moore's Charge,2635,attack_param,700000192,6906,AccumuVal [14],0,direct,self_mechanic,,on_hit,,,1,effect targets the attacker/self and is not target buildup,0.0,0.0,0.0,0.0,0.0,0.0,0.0,0.0,0.0,0.0,0.0,0.0,0.0,0,0
2708,5230,Moore's Charge,2636,attack_param,700000198,6906,AccumuVal [14],0,direct,self_mechanic,,on_hit,,,1,effect targets the attacker/self and is not target buildup,0.0,0.0,0.0,0.0,0.0,0.0,0.0,0.0,0.0,0.0,0.0,0.0,0.0,0,0
2709,5230,Moore's Charge,2637,attack_param,700000193,6906,AccumuVal [14],0,direct,self_mechanic,,on_hit,,,1,effect targets the attacker/self and is not target buildup,0.0,0.0,0.0,0.0,0.0,0.0,0.0,0.0,0.0,0.0,0.0,0.0,0.0,0,0
2710,5230,Moore's Charge,2638,attack_param,700000198,6906,AccumuVal [14],0,direct,self_mechanic,,on_hit,,,1,effect targets the attacker/self and is not target buildup,0.0,0.0,0.0,0.0,0.0,0.0,0.0,0.0,0.0,0.0,0.0,0.0,0.0,0,0
2711,5230,Moore's Charge,2639,attack_param,700000194,6906,AccumuVal [14],0,direct,self_mechanic,,on_hit,,,1,effect targets the attacker/self and is not target buildup,0.0,0.0,0.0,0.0,0.0,0.0,0.0,0.0,0.0,0.0,0.0,0.0,0.0,0,0
2712,5230,Moore's Charge,2640,attack_param,700000194,6906,AccumuVal [14],0,direct,self_mechanic,,on_hit,,,1,effect targets the attacker/self and is not target buildup,0.0,0.0,0.0,0.0,0.0,0.0,0.0,0.0,0.0,0.0,0.0,0.0,0.0,0,0
2713,5230,Moore's Charge,2641,attack_param,700000194,6906,AccumuVal [14],0,direct,self_mechanic,,on_hit,,,1,effect targets the attacker/self and is not target buildup,0.0,0.0,0.0,0.0,0.0,0.0,0.0,0.0,0.0,0.0,0.0,0.0,0.0,0,0
2714,5230,Moore's Charge,2642,attack_param,700000195,6906,AccumuVal [14],0,direct,self_mechanic,,on_hit,,,1,effect targets the attacker/self and is not target buildup,0.0,0.0,0.0,0.0,0.0,0.0,0.0,0.0,0.0,0.0,0.0,0.0,0.0,0,0
2715,5230,Moore's Charge,2643,attack_param,700000196,6906,AccumuVal [14],0,direct,self_mechanic,,on_hit,,,1,effect targets the attacker/self and is not target buildup,0.0,0.0,0.0,0.0,0.0,0.0,0.0,0.0,0.0,0.0,0.0,0.0,0.0,0,0
2716,5230,Moore's Charge,2644,attack_param,700000197,6906,AccumuVal [14],0,direct,self_mechanic,,on_hit,,,1,effect targets the attacker/self and is not target buildup,0.0,0.0,0.0,0.0,0.0,0.0,0.0,0.0,0.0,0.0,0.0,0.0,0.0,0,0
2717,5240,White Light Charge,1787,attack_param,600000530,6904,AccumuVal [10],0,direct,self_mechanic,,on_hit,,,1,effect targets the attacker/self and is not target buildup,0.0,0.0,0.0,0.0,0.0,0.0,0.0,0.0,0.0,0.0,0.0,0.0,0.0,0,0
2718,5240,White Light Charge,1788,attack_param,600000535,6904,AccumuVal [10],0,direct,self_mechanic,,on_hit,,,1,effect targets the attacker/self and is not target buildup,0.0,0.0,0.0,0.0,0.0,0.0,0.0,0.0,0.0,0.0,0.0,0.0,0.0,0,0
2719,5240,White Light Charge,1789,attack_param,600000531,6904,AccumuVal [10],0,direct,self_mechanic,,on_hit,,,1,effect targets the attacker/self and is not target buildup,0.0,0.0,0.0,0.0,0.0,0.0,0.0,0.0,0.0,0.0,0.0,0.0,0.0,0,0
2720,5240,White Light Charge,1790,attack_param,600000536,6904,AccumuVal [10],0,direct,self_mechanic,,on_hit,,,1,effect targets the attacker/self and is not target buildup,0.0,0.0,0.0,0.0,0.0,0.0,0.0,0.0,0.0,0.0,0.0,0.0,0.0,0,0
2721,5250,Rancor Slash,1866,attack_param,700000030,6903,AccumuVal [8],0,direct,self_mechanic,,on_hit,,,1,effect targets the attacker/self and is not target buildup,0.0,0.0,0.0,0.0,0.0,0.0,0.0,0.0,0.0,0.0,0.0,0.0,0.0,0,0
2722,5250,Rancor Slash,1867,attack_param,700000031,6903,AccumuVal [8],0,direct,self_mechanic,,on_hit,,,1,effect targets the attacker/self and is not target buildup,0.0,0.0,0.0,0.0,0.0,0.0,0.0,0.0,0.0,0.0,0.0,0.0,0.0,0,0
2723,5250,Rancor Slash,1868,attack_param,700000032,6903,AccumuVal [8],0,direct,self_mechanic,,on_hit,,,1,effect targets the attacker/self and is not target buildup,0.0,0.0,0.0,0.0,0.0,0.0,0.0,0.0,0.0,0.0,0.0,0.0,0.0,0,0
2724,5250,Rancor Slash,1869,bullet_target,200002550|200002551|200002552|200002553,107800,,0,direct,per_hit_status,,on_hit,,,1,target status payload is attached to this hit by numeric ID,30.0,0.0,0.0,0.0,0.0,0.0,0.0,30.0,0.0,0.0,0.0,0.0,0.0,1,0
2725,5250,Rancor Slash,1870,attack_param,700000036,6903,AccumuVal [8],0,direct,self_mechanic,,on_hit,,,1,effect targets the attacker/self and is not target buildup,0.0,0.0,0.0,0.0,0.0,0.0,0.0,0.0,0.0,0.0,0.0,0.0,0.0,0,0
2726,5250,Rancor Slash,1871,attack_param,700000037,6903,AccumuVal [8],0,direct,self_mechanic,,on_hit,,,1,effect targets the attacker/self and is not target buildup,0.0,0.0,0.0,0.0,0.0,0.0,0.0,0.0,0.0,0.0,0.0,0.0,0.0,0,0
2727,5250,Rancor Slash,1872,attack_param,700000038,6903,AccumuVal [8],0,direct,self_mechanic,,on_hit,,,1,effect targets the attacker/self and is not target buildup,0.0,0.0,0.0,0.0,0.0,0.0,0.0,0.0,0.0,0.0,0.0,0.0,0.0,0,0
2728,5260,Witching Hour Slash,1996,attack_param,700000270,6903,AccumuVal [8],0,direct,self_mechanic,,on_hit,,,1,effect targets the attacker/self and is not target buildup,0.0,0.0,0.0,0.0,0.0,0.0,0.0,0.0,0.0,0.0,0.0,0.0,0.0,0,0
2729,5260,Witching Hour Slash,1997,attack_param,700000271,6903,AccumuVal [8],0,direct,self_mechanic,,on_hit,,,1,effect targets the attacker/self and is not target buildup,0.0,0.0,0.0,0.0,0.0,0.0,0.0,0.0,0.0,0.0,0.0,0.0,0.0,0,0
2730,5260,Witching Hour Slash,1998,attack_param,700000272,6903,AccumuVal [8],0,direct,self_mechanic,,on_hit,,,1,effect targets the attacker/self and is not target buildup,0.0,0.0,0.0,0.0,0.0,0.0,0.0,0.0,0.0,0.0,0.0,0.0,0.0,0,0
2731,5260,Witching Hour Slash,1999,attack_param,700000273,6903,AccumuVal [8],0,direct,self_mechanic,,on_hit,,,1,effect targets the attacker/self and is not target buildup,0.0,0.0,0.0,0.0,0.0,0.0,0.0,0.0,0.0,0.0,0.0,0.0,0.0,0,0
2732,5260,Witching Hour Slash,2000,attack_param,700000274,6903,AccumuVal [8],0,direct,self_mechanic,,on_hit,,,1,effect targets the attacker/self and is not target buildup,0.0,0.0,0.0,0.0,0.0,0.0,0.0,0.0,0.0,0.0,0.0,0.0,0.0,0,0
2733,5260,Witching Hour Slash,2001,attack_param,700000275,6903,AccumuVal [8],0,direct,self_mechanic,,on_hit,,,1,effect targets the attacker/self and is not target buildup,0.0,0.0,0.0,0.0,0.0,0.0,0.0,0.0,0.0,0.0,0.0,0.0,0.0,0,0
2734,5260,Witching Hour Slash,2002,attack_param,700000276,6903,AccumuVal [8],0,direct,self_mechanic,,on_hit,,,1,effect targets the attacker/self and is not target buildup,0.0,0.0,0.0,0.0,0.0,0.0,0.0,0.0,0.0,0.0,0.0,0.0,0.0,0,0
2735,5260,Witching Hour Slash,2003,attack_param,700000277,6903,AccumuVal [8],0,direct,self_mechanic,,on_hit,,,1,effect targets the attacker/self and is not target buildup,0.0,0.0,0.0,0.0,0.0,0.0,0.0,0.0,0.0,0.0,0.0,0.0,0.0,0,0
2736,5260,Witching Hour Slash,2004,attack_param,700000278,6903,AccumuVal [8],0,direct,self_mechanic,,on_hit,,,1,effect targets the attacker/self and is not target buildup,0.0,0.0,0.0,0.0,0.0,0.0,0.0,0.0,0.0,0.0,0.0,0.0,0.0,0,0
2737,5260,Witching Hour Slash,2005,attack_param,700000279,6903,AccumuVal [8],0,direct,self_mechanic,,on_hit,,,1,effect targets the attacker/self and is not target buildup,0.0,0.0,0.0,0.0,0.0,0.0,0.0,0.0,0.0,0.0,0.0,0.0,0.0,0,0
2738,5260,Witching Hour Slash,2006,attack_param,700000280,6903,AccumuVal [8],0,direct,self_mechanic,,on_hit,,,1,effect targets the attacker/self and is not target buildup,0.0,0.0,0.0,0.0,0.0,0.0,0.0,0.0,0.0,0.0,0.0,0.0,0.0,0,0
2739,5260,Witching Hour Slash,2007,attack_param,700000281,6903,AccumuVal [8],0,direct,self_mechanic,,on_hit,,,1,effect targets the attacker/self and is not target buildup,0.0,0.0,0.0,0.0,0.0,0.0,0.0,0.0,0.0,0.0,0.0,0.0,0.0,0,0
2740,5270,Euporia Vortex,2103,attack_param,600000790,6900,AccumuVal [2],0,direct,self_mechanic,,on_hit,,,1,effect targets the attacker/self and is not target buildup,0.0,0.0,0.0,0.0,0.0,0.0,0.0,0.0,0.0,0.0,0.0,0.0,0.0,0,0
2741,5270,Euporia Vortex,2104,attack_param,600000790,6900,AccumuVal [2],0,direct,self_mechanic,,on_hit,,,1,effect targets the attacker/self and is not target buildup,0.0,0.0,0.0,0.0,0.0,0.0,0.0,0.0,0.0,0.0,0.0,0.0,0.0,0,0
2742,5270,Euporia Vortex,2105,attack_param,600000790,6900,AccumuVal [2],0,direct,self_mechanic,,on_hit,,,1,effect targets the attacker/self and is not target buildup,0.0,0.0,0.0,0.0,0.0,0.0,0.0,0.0,0.0,0.0,0.0,0.0,0.0,0,0
2743,5270,Euporia Vortex,2106,attack_param,600000790,6900,AccumuVal [2],0,direct,self_mechanic,,on_hit,,,1,effect targets the attacker/self and is not target buildup,0.0,0.0,0.0,0.0,0.0,0.0,0.0,0.0,0.0,0.0,0.0,0.0,0.0,0,0
2744,5270,Euporia Vortex,2107,attack_param,600000790,6900,AccumuVal [2],0,direct,self_mechanic,,on_hit,,,1,effect targets the attacker/self and is not target buildup,0.0,0.0,0.0,0.0,0.0,0.0,0.0,0.0,0.0,0.0,0.0,0.0,0.0,0,0
2745,5270,Euporia Vortex,2108,attack_param,600000801,6903,AccumuVal [8],0,direct,self_mechanic,,on_hit,,,1,effect targets the attacker/self and is not target buildup,0.0,0.0,0.0,0.0,0.0,0.0,0.0,0.0,0.0,0.0,0.0,0.0,0.0,0,0
2746,5270,Euporia Vortex,2109,attack_param,600000792,6900,AccumuVal [2],0,direct,self_mechanic,,on_hit,,,1,effect targets the attacker/self and is not target buildup,0.0,0.0,0.0,0.0,0.0,0.0,0.0,0.0,0.0,0.0,0.0,0.0,0.0,0,0
2747,5270,Euporia Vortex,2110,attack_param,600000802,6903,AccumuVal [8],0,direct,self_mechanic,,on_hit,,,1,effect targets the attacker/self and is not target buildup,0.0,0.0,0.0,0.0,0.0,0.0,0.0,0.0,0.0,0.0,0.0,0.0,0.0,0,0
2748,5270,Euporia Vortex,2111,attack_param,600000801,6903,AccumuVal [8],0,direct,self_mechanic,,on_hit,,,1,effect targets the attacker/self and is not target buildup,0.0,0.0,0.0,0.0,0.0,0.0,0.0,0.0,0.0,0.0,0.0,0.0,0.0,0,0
2749,5270,Euporia Vortex,2112,attack_param,600000792,6900,AccumuVal [2],0,direct,self_mechanic,,on_hit,,,1,effect targets the attacker/self and is not target buildup,0.0,0.0,0.0,0.0,0.0,0.0,0.0,0.0,0.0,0.0,0.0,0.0,0.0,0,0
2750,5270,Euporia Vortex,2113,attack_param,600000802,6903,AccumuVal [8],0,direct,self_mechanic,,on_hit,,,1,effect targets the attacker/self and is not target buildup,0.0,0.0,0.0,0.0,0.0,0.0,0.0,0.0,0.0,0.0,0.0,0.0,0.0,0,0
2751,5270,Euporia Vortex,2114,attack_param,600000801,6903,AccumuVal [8],0,direct,self_mechanic,,on_hit,,,1,effect targets the attacker/self and is not target buildup,0.0,0.0,0.0,0.0,0.0,0.0,0.0,0.0,0.0,0.0,0.0,0.0,0.0,0,0
2752,5270,Euporia Vortex,2115,attack_param,600000802,6903,AccumuVal [8],0,direct,self_mechanic,,on_hit,,,1,effect targets the attacker/self and is not target buildup,0.0,0.0,0.0,0.0,0.0,0.0,0.0,0.0,0.0,0.0,0.0,0.0,0.0,0,0
2753,5270,Euporia Vortex,2116,attack_param,600000792,6900,AccumuVal [2],0,direct,self_mechanic,,on_hit,,,1,effect targets the attacker/self and is not target buildup,0.0,0.0,0.0,0.0,0.0,0.0,0.0,0.0,0.0,0.0,0.0,0.0,0.0,0,0
2754,5270,Euporia Vortex,2117,attack_param,600000801,6903,AccumuVal [8],0,direct,self_mechanic,,on_hit,,,1,effect targets the attacker/self and is not target buildup,0.0,0.0,0.0,0.0,0.0,0.0,0.0,0.0,0.0,0.0,0.0,0.0,0.0,0,0
2755,5270,Euporia Vortex,2118,attack_param,600000802,6903,AccumuVal [8],0,direct,self_mechanic,,on_hit,,,1,effect targets the attacker/self and is not target buildup,0.0,0.0,0.0,0.0,0.0,0.0,0.0,0.0,0.0,0.0,0.0,0.0,0.0,0,0
2756,5270,Euporia Vortex,2119,attack_param,600000792,6900,AccumuVal [2],0,direct,self_mechanic,,on_hit,,,1,effect targets the attacker/self and is not target buildup,0.0,0.0,0.0,0.0,0.0,0.0,0.0,0.0,0.0,0.0,0.0,0.0,0.0,0,0
2757,5270,Euporia Vortex,2120,attack_param,600000803,6903,AccumuVal [8],0,direct,self_mechanic,,on_hit,,,1,effect targets the attacker/self and is not target buildup,0.0,0.0,0.0,0.0,0.0,0.0,0.0,0.0,0.0,0.0,0.0,0.0,0.0,0,0
2758,5270,Euporia Vortex,2121,attack_param,600000792,6900,AccumuVal [2],0,direct,self_mechanic,,on_hit,,,1,effect targets the attacker/self and is not target buildup,0.0,0.0,0.0,0.0,0.0,0.0,0.0,0.0,0.0,0.0,0.0,0.0,0.0,0,0
2759,5270,Euporia Vortex,2122,attack_param,600000793,6900,AccumuVal [2],0,direct,self_mechanic,,on_hit,,,1,effect targets the attacker/self and is not target buildup,0.0,0.0,0.0,0.0,0.0,0.0,0.0,0.0,0.0,0.0,0.0,0.0,0.0,0,0
2760,5270,Euporia Vortex,2123,attack_param,600000811,6903,AccumuVal [8],0,direct,self_mechanic,,on_hit,,,1,effect targets the attacker/self and is not target buildup,0.0,0.0,0.0,0.0,0.0,0.0,0.0,0.0,0.0,0.0,0.0,0.0,0.0,0,0
2761,5270,Euporia Vortex,2124,attack_param,600000812,6903,AccumuVal [8],0,direct,self_mechanic,,on_hit,,,1,effect targets the attacker/self and is not target buildup,0.0,0.0,0.0,0.0,0.0,0.0,0.0,0.0,0.0,0.0,0.0,0.0,0.0,0,0
2762,5270,Euporia Vortex,2125,attack_param,600000811,6903,AccumuVal [8],0,direct,self_mechanic,,on_hit,,,1,effect targets the attacker/self and is not target buildup,0.0,0.0,0.0,0.0,0.0,0.0,0.0,0.0,0.0,0.0,0.0,0.0,0.0,0,0
2763,5270,Euporia Vortex,2126,attack_param,600000793,6900,AccumuVal [2],0,direct,self_mechanic,,on_hit,,,1,effect targets the attacker/self and is not target buildup,0.0,0.0,0.0,0.0,0.0,0.0,0.0,0.0,0.0,0.0,0.0,0.0,0.0,0,0
2764,5270,Euporia Vortex,2127,attack_param,600000812,6903,AccumuVal [8],0,direct,self_mechanic,,on_hit,,,1,effect targets the attacker/self and is not target buildup,0.0,0.0,0.0,0.0,0.0,0.0,0.0,0.0,0.0,0.0,0.0,0.0,0.0,0,0
2765,5270,Euporia Vortex,2128,attack_param,600000811,6903,AccumuVal [8],0,direct,self_mechanic,,on_hit,,,1,effect targets the attacker/self and is not target buildup,0.0,0.0,0.0,0.0,0.0,0.0,0.0,0.0,0.0,0.0,0.0,0.0,0.0,0,0
2766,5270,Euporia Vortex,2129,attack_param,600000793,6900,AccumuVal [2],0,direct,self_mechanic,,on_hit,,,1,effect targets the attacker/self and is not target buildup,0.0,0.0,0.0,0.0,0.0,0.0,0.0,0.0,0.0,0.0,0.0,0.0,0.0,0,0
2767,5270,Euporia Vortex,2130,attack_param,600000812,6903,AccumuVal [8],0,direct,self_mechanic,,on_hit,,,1,effect targets the attacker/self and is not target buildup,0.0,0.0,0.0,0.0,0.0,0.0,0.0,0.0,0.0,0.0,0.0,0.0,0.0,0,0
2768,5270,Euporia Vortex,2131,attack_param,600000811,6903,AccumuVal [8],0,direct,self_mechanic,,on_hit,,,1,effect targets the attacker/self and is not target buildup,0.0,0.0,0.0,0.0,0.0,0.0,0.0,0.0,0.0,0.0,0.0,0.0,0.0,0,0
2769,5270,Euporia Vortex,2132,attack_param,600000793,6900,AccumuVal [2],0,direct,self_mechanic,,on_hit,,,1,effect targets the attacker/self and is not target buildup,0.0,0.0,0.0,0.0,0.0,0.0,0.0,0.0,0.0,0.0,0.0,0.0,0.0,0,0
2770,5270,Euporia Vortex,2133,attack_param,600000812,6903,AccumuVal [8],0,direct,self_mechanic,,on_hit,,,1,effect targets the attacker/self and is not target buildup,0.0,0.0,0.0,0.0,0.0,0.0,0.0,0.0,0.0,0.0,0.0,0.0,0.0,0,0
2771,5270,Euporia Vortex,2134,attack_param,600000811,6903,AccumuVal [8],0,direct,self_mechanic,,on_hit,,,1,effect targets the attacker/self and is not target buildup,0.0,0.0,0.0,0.0,0.0,0.0,0.0,0.0,0.0,0.0,0.0,0.0,0.0,0,0
2772,5270,Euporia Vortex,2135,attack_param,600000812,6903,AccumuVal [8],0,direct,self_mechanic,,on_hit,,,1,effect targets the attacker/self and is not target buildup,0.0,0.0,0.0,0.0,0.0,0.0,0.0,0.0,0.0,0.0,0.0,0.0,0.0,0,0
2773,5270,Euporia Vortex,2136,attack_param,600000793,6900,AccumuVal [2],0,direct,self_mechanic,,on_hit,,,1,effect targets the attacker/self and is not target buildup,0.0,0.0,0.0,0.0,0.0,0.0,0.0,0.0,0.0,0.0,0.0,0.0,0.0,0,0
2774,5270,Euporia Vortex,2137,attack_param,600000811,6903,AccumuVal [8],0,direct,self_mechanic,,on_hit,,,1,effect targets the attacker/self and is not target buildup,0.0,0.0,0.0,0.0,0.0,0.0,0.0,0.0,0.0,0.0,0.0,0.0,0.0,0,0
2775,5270,Euporia Vortex,2138,attack_param,600000812,6903,AccumuVal [8],0,direct,self_mechanic,,on_hit,,,1,effect targets the attacker/self and is not target buildup,0.0,0.0,0.0,0.0,0.0,0.0,0.0,0.0,0.0,0.0,0.0,0.0,0.0,0,0
2776,5270,Euporia Vortex,2139,attack_param,600000793,6900,AccumuVal [2],0,direct,self_mechanic,,on_hit,,,1,effect targets the attacker/self and is not target buildup,0.0,0.0,0.0,0.0,0.0,0.0,0.0,0.0,0.0,0.0,0.0,0.0,0.0,0,0
2777,5270,Euporia Vortex,2140,attack_param,600000811,6903,AccumuVal [8],0,direct,self_mechanic,,on_hit,,,1,effect targets the attacker/self and is not target buildup,0.0,0.0,0.0,0.0,0.0,0.0,0.0,0.0,0.0,0.0,0.0,0.0,0.0,0,0
2778,5270,Euporia Vortex,2141,attack_param,600000812,6903,AccumuVal [8],0,direct,self_mechanic,,on_hit,,,1,effect targets the attacker/self and is not target buildup,0.0,0.0,0.0,0.0,0.0,0.0,0.0,0.0,0.0,0.0,0.0,0.0,0.0,0,0
2779,5270,Euporia Vortex,2142,attack_param,600000793,6900,AccumuVal [2],0,direct,self_mechanic,,on_hit,,,1,effect targets the attacker/self and is not target buildup,0.0,0.0,0.0,0.0,0.0,0.0,0.0,0.0,0.0,0.0,0.0,0.0,0.0,0,0
2780,5270,Euporia Vortex,2143,attack_param,600000811,6903,AccumuVal [8],0,direct,self_mechanic,,on_hit,,,1,effect targets the attacker/self and is not target buildup,0.0,0.0,0.0,0.0,0.0,0.0,0.0,0.0,0.0,0.0,0.0,0.0,0.0,0,0
2781,5270,Euporia Vortex,2144,attack_param,600000812,6903,AccumuVal [8],0,direct,self_mechanic,,on_hit,,,1,effect targets the attacker/self and is not target buildup,0.0,0.0,0.0,0.0,0.0,0.0,0.0,0.0,0.0,0.0,0.0,0.0,0.0,0,0
2782,5270,Euporia Vortex,2145,attack_param,600000811,6903,AccumuVal [8],0,direct,self_mechanic,,on_hit,,,1,effect targets the attacker/self and is not target buildup,0.0,0.0,0.0,0.0,0.0,0.0,0.0,0.0,0.0,0.0,0.0,0.0,0.0,0,0
2783,5270,Euporia Vortex,2146,attack_param,600000793,6900,AccumuVal [2],0,direct,self_mechanic,,on_hit,,,1,effect targets the attacker/self and is not target buildup,0.0,0.0,0.0,0.0,0.0,0.0,0.0,0.0,0.0,0.0,0.0,0.0,0.0,0,0
2784,5270,Euporia Vortex,2147,attack_param,600000812,6903,AccumuVal [8],0,direct,self_mechanic,,on_hit,,,1,effect targets the attacker/self and is not target buildup,0.0,0.0,0.0,0.0,0.0,0.0,0.0,0.0,0.0,0.0,0.0,0.0,0.0,0,0
2785,5270,Euporia Vortex,2148,attack_param,600000811,6903,AccumuVal [8],0,direct,self_mechanic,,on_hit,,,1,effect targets the attacker/self and is not target buildup,0.0,0.0,0.0,0.0,0.0,0.0,0.0,0.0,0.0,0.0,0.0,0.0,0.0,0,0
2786,5270,Euporia Vortex,2149,attack_param,600000793,6900,AccumuVal [2],0,direct,self_mechanic,,on_hit,,,1,effect targets the attacker/self and is not target buildup,0.0,0.0,0.0,0.0,0.0,0.0,0.0,0.0,0.0,0.0,0.0,0.0,0.0,0,0
2787,5270,Euporia Vortex,2150,attack_param,600000812,6903,AccumuVal [8],0,direct,self_mechanic,,on_hit,,,1,effect targets the attacker/self and is not target buildup,0.0,0.0,0.0,0.0,0.0,0.0,0.0,0.0,0.0,0.0,0.0,0.0,0.0,0,0
2788,5270,Euporia Vortex,2151,attack_param,600000811,6903,AccumuVal [8],0,direct,self_mechanic,,on_hit,,,1,effect targets the attacker/self and is not target buildup,0.0,0.0,0.0,0.0,0.0,0.0,0.0,0.0,0.0,0.0,0.0,0.0,0.0,0,0
2789,5270,Euporia Vortex,2152,attack_param,600000793,6900,AccumuVal [2],0,direct,self_mechanic,,on_hit,,,1,effect targets the attacker/self and is not target buildup,0.0,0.0,0.0,0.0,0.0,0.0,0.0,0.0,0.0,0.0,0.0,0.0,0.0,0,0
2790,5270,Euporia Vortex,2153,attack_param,600000812,6903,AccumuVal [8],0,direct,self_mechanic,,on_hit,,,1,effect targets the attacker/self and is not target buildup,0.0,0.0,0.0,0.0,0.0,0.0,0.0,0.0,0.0,0.0,0.0,0.0,0.0,0,0
2791,5270,Euporia Vortex,2154,attack_param,600000811,6903,AccumuVal [8],0,direct,self_mechanic,,on_hit,,,1,effect targets the attacker/self and is not target buildup,0.0,0.0,0.0,0.0,0.0,0.0,0.0,0.0,0.0,0.0,0.0,0.0,0.0,0,0
2792,5270,Euporia Vortex,2155,attack_param,600000812,6903,AccumuVal [8],0,direct,self_mechanic,,on_hit,,,1,effect targets the attacker/self and is not target buildup,0.0,0.0,0.0,0.0,0.0,0.0,0.0,0.0,0.0,0.0,0.0,0.0,0.0,0,0
2793,5270,Euporia Vortex,2156,attack_param,600000793,6900,AccumuVal [2],0,direct,self_mechanic,,on_hit,,,1,effect targets the attacker/self and is not target buildup,0.0,0.0,0.0,0.0,0.0,0.0,0.0,0.0,0.0,0.0,0.0,0.0,0.0,0,0
2794,5270,Euporia Vortex,2157,attack_param,600000811,6903,AccumuVal [8],0,direct,self_mechanic,,on_hit,,,1,effect targets the attacker/self and is not target buildup,0.0,0.0,0.0,0.0,0.0,0.0,0.0,0.0,0.0,0.0,0.0,0.0,0.0,0,0
2795,5270,Euporia Vortex,2158,attack_param,600000812,6903,AccumuVal [8],0,direct,self_mechanic,,on_hit,,,1,effect targets the attacker/self and is not target buildup,0.0,0.0,0.0,0.0,0.0,0.0,0.0,0.0,0.0,0.0,0.0,0.0,0.0,0,0
2796,5270,Euporia Vortex,2159,attack_param,600000813,6903,AccumuVal [8],0,direct,self_mechanic,,on_hit,,,1,effect targets the attacker/self and is not target buildup,0.0,0.0,0.0,0.0,0.0,0.0,0.0,0.0,0.0,0.0,0.0,0.0,0.0,0,0
2797,5270,Euporia Vortex,2160,attack_param,600000793,6900,AccumuVal [2],0,direct,self_mechanic,,on_hit,,,1,effect targets the attacker/self and is not target buildup,0.0,0.0,0.0,0.0,0.0,0.0,0.0,0.0,0.0,0.0,0.0,0.0,0.0,0,0
2798,5270,Euporia Vortex,2161,attack_param,600000793,6900,AccumuVal [2],0,direct,self_mechanic,,on_hit,,,1,effect targets the attacker/self and is not target buildup,0.0,0.0,0.0,0.0,0.0,0.0,0.0,0.0,0.0,0.0,0.0,0.0,0.0,0,0
2799,5270,Euporia Vortex,2162,attack_param,600000793,6900,AccumuVal [2],0,direct,self_mechanic,,on_hit,,,1,effect targets the attacker/self and is not target buildup,0.0,0.0,0.0,0.0,0.0,0.0,0.0,0.0,0.0,0.0,0.0,0.0,0.0,0,0
2800,5270,Euporia Vortex,2163,attack_param,600000793,6900,AccumuVal [2],0,direct,self_mechanic,,on_hit,,,1,effect targets the attacker/self and is not target buildup,0.0,0.0,0.0,0.0,0.0,0.0,0.0,0.0,0.0,0.0,0.0,0.0,0.0,0,0
2801,5270,Euporia Vortex,2164,attack_param,600000793,6900,AccumuVal [2],0,direct,self_mechanic,,on_hit,,,1,effect targets the attacker/self and is not target buildup,0.0,0.0,0.0,0.0,0.0,0.0,0.0,0.0,0.0,0.0,0.0,0.0,0.0,0,0
2802,5280,Smithing Art Spears,2338,attack_param,600000760,1667,,0,direct,self_mechanic,,on_hit,,,1,effect targets the attacker/self and is not target buildup,0.0,0.0,0.0,0.0,0.0,0.0,0.0,0.0,0.0,0.0,0.0,0.0,0.0,0,0
2803,5280,Smithing Art Spears,2338,attack_param,600000760,6904,AccumuVal [10],0,direct,self_mechanic,,on_hit,,,1,effect targets the attacker/self and is not target buildup,0.0,0.0,0.0,0.0,0.0,0.0,0.0,0.0,0.0,0.0,0.0,0.0,0.0,0,0
2804,5280,Smithing Art Spears,2339,attack_param,600000761,1667,,0,direct,self_mechanic,,on_hit,,,1,effect targets the attacker/self and is not target buildup,0.0,0.0,0.0,0.0,0.0,0.0,0.0,0.0,0.0,0.0,0.0,0.0,0.0,0,0
2805,5280,Smithing Art Spears,2339,attack_param,600000761,6904,AccumuVal [10],0,direct,self_mechanic,,on_hit,,,1,effect targets the attacker/self and is not target buildup,0.0,0.0,0.0,0.0,0.0,0.0,0.0,0.0,0.0,0.0,0.0,0.0,0.0,0,0
2806,5280,Smithing Art Spears,2340,attack_param,600000762,1667,,0,direct,self_mechanic,,on_hit,,,1,effect targets the attacker/self and is not target buildup,0.0,0.0,0.0,0.0,0.0,0.0,0.0,0.0,0.0,0.0,0.0,0.0,0.0,0,0
2807,5280,Smithing Art Spears,2340,attack_param,600000762,6904,AccumuVal [10],0,direct,self_mechanic,,on_hit,,,1,effect targets the attacker/self and is not target buildup,0.0,0.0,0.0,0.0,0.0,0.0,0.0,0.0,0.0,0.0,0.0,0.0,0.0,0,0
2808,5280,Smithing Art Spears,2341,attack_param,600000763,1667,,0,direct,self_mechanic,,on_hit,,,1,effect targets the attacker/self and is not target buildup,0.0,0.0,0.0,0.0,0.0,0.0,0.0,0.0,0.0,0.0,0.0,0.0,0.0,0,0
2809,5280,Smithing Art Spears,2341,attack_param,600000763,6904,AccumuVal [10],0,direct,self_mechanic,,on_hit,,,1,effect targets the attacker/self and is not target buildup,0.0,0.0,0.0,0.0,0.0,0.0,0.0,0.0,0.0,0.0,0.0,0.0,0.0,0,0
2810,5290,Rancor Slash,2476,attack_param,700000040,6903,AccumuVal [8],0,direct,self_mechanic,,on_hit,,,1,effect targets the attacker/self and is not target buildup,0.0,0.0,0.0,0.0,0.0,0.0,0.0,0.0,0.0,0.0,0.0,0.0,0.0,0,0
2811,5290,Rancor Slash,2477,attack_param,700000041,6903,AccumuVal [8],0,direct,self_mechanic,,on_hit,,,1,effect targets the attacker/self and is not target buildup,0.0,0.0,0.0,0.0,0.0,0.0,0.0,0.0,0.0,0.0,0.0,0.0,0.0,0,0
2812,5290,Rancor Slash,2478,attack_param,700000042,6903,AccumuVal [8],0,direct,self_mechanic,,on_hit,,,1,effect targets the attacker/self and is not target buildup,0.0,0.0,0.0,0.0,0.0,0.0,0.0,0.0,0.0,0.0,0.0,0.0,0.0,0,0
2813,5290,Rancor Slash,2479,bullet_target,200002560|200002561|200002562|200002563,107800,,0,direct,per_hit_status,,on_hit,,,1,target status payload is attached to this hit by numeric ID,30.0,0.0,0.0,0.0,0.0,0.0,0.0,30.0,0.0,0.0,0.0,0.0,0.0,1,0
2814,5290,Rancor Slash,2480,attack_param,700000046,6903,AccumuVal [8],0,direct,self_mechanic,,on_hit,,,1,effect targets the attacker/self and is not target buildup,0.0,0.0,0.0,0.0,0.0,0.0,0.0,0.0,0.0,0.0,0.0,0.0,0.0,0,0
2815,5290,Rancor Slash,2481,attack_param,700000047,6903,AccumuVal [8],0,direct,self_mechanic,,on_hit,,,1,effect targets the attacker/self and is not target buildup,0.0,0.0,0.0,0.0,0.0,0.0,0.0,0.0,0.0,0.0,0.0,0.0,0.0,0,0
2816,5290,Rancor Slash,2482,attack_param,700000048,6903,AccumuVal [8],0,direct,self_mechanic,,on_hit,,,1,effect targets the attacker/self and is not target buildup,0.0,0.0,0.0,0.0,0.0,0.0,0.0,0.0,0.0,0.0,0.0,0.0,0.0,0,0
2817,5300,Romina's Purification,2483,attack_param,600000580,1665,,0,direct,self_mechanic,,on_hit,,,1,effect targets the attacker/self and is not target buildup,0.0,0.0,0.0,0.0,0.0,0.0,0.0,0.0,0.0,0.0,0.0,0.0,0.0,0,0
2818,5300,Romina's Purification,2483,attack_param,600000580,6906,AccumuVal [14],0,direct,self_mechanic,,on_hit,,,1,effect targets the attacker/self and is not target buildup,0.0,0.0,0.0,0.0,0.0,0.0,0.0,0.0,0.0,0.0,0.0,0.0,0.0,0,0
2819,5300,Romina's Purification,2484,attack_param,600000581,1667,,0,direct,self_mechanic,,on_hit,,,1,effect targets the attacker/self and is not target buildup,0.0,0.0,0.0,0.0,0.0,0.0,0.0,0.0,0.0,0.0,0.0,0.0,0.0,0,0
2820,5300,Romina's Purification,2484,attack_param,600000581,6904,AccumuVal [10],0,direct,self_mechanic,,on_hit,,,1,effect targets the attacker/self and is not target buildup,0.0,0.0,0.0,0.0,0.0,0.0,0.0,0.0,0.0,0.0,0.0,0.0,0.0,0,0
2821,5300,Romina's Purification,2485,attack_param,600000582,1667,,0,direct,self_mechanic,,on_hit,,,1,effect targets the attacker/self and is not target buildup,0.0,0.0,0.0,0.0,0.0,0.0,0.0,0.0,0.0,0.0,0.0,0.0,0.0,0,0
2822,5300,Romina's Purification,2485,attack_param,600000582,6904,AccumuVal [10],0,direct,self_mechanic,,on_hit,,,1,effect targets the attacker/self and is not target buildup,0.0,0.0,0.0,0.0,0.0,0.0,0.0,0.0,0.0,0.0,0.0,0.0,0.0,0,0
2823,5300,Romina's Purification,2486,attack_param,600000583,1665,,0,direct,self_mechanic,,on_hit,,,1,effect targets the attacker/self and is not target buildup,0.0,0.0,0.0,0.0,0.0,0.0,0.0,0.0,0.0,0.0,0.0,0.0,0.0,0,0
2824,5300,Romina's Purification,2486,attack_param,600000583,6906,AccumuVal [14],0,direct,self_mechanic,,on_hit,,,1,effect targets the attacker/self and is not target buildup,0.0,0.0,0.0,0.0,0.0,0.0,0.0,0.0,0.0,0.0,0.0,0.0,0.0,0,0
2825,5300,Romina's Purification,2487,attack_param,600000584,1667,,0,direct,self_mechanic,,on_hit,,,1,effect targets the attacker/self and is not target buildup,0.0,0.0,0.0,0.0,0.0,0.0,0.0,0.0,0.0,0.0,0.0,0.0,0.0,0,0
2826,5300,Romina's Purification,2487,attack_param,600000584,6904,AccumuVal [10],0,direct,self_mechanic,,on_hit,,,1,effect targets the attacker/self and is not target buildup,0.0,0.0,0.0,0.0,0.0,0.0,0.0,0.0,0.0,0.0,0.0,0.0,0.0,0,0
2827,5310,Poison Spear-Hand Strike,2563,attack_param,600000700,6904,AccumuVal [10],0,direct,self_mechanic,,on_hit,,,1,effect targets the attacker/self and is not target buildup,0.0,0.0,0.0,0.0,0.0,0.0,0.0,0.0,0.0,0.0,0.0,0.0,0.0,0,0
2828,5310,Poison Spear-Hand Strike,2563,attack_param,600000700,20000820,[AoW] Poisoned Hand: Poison Spear-Hand Strike - Poison,0,direct,per_hit_status,,on_hit,,,1,target status payload is attached to this hit by numeric ID,30.0,0.0,0.0,0.0,0.0,0.0,0.0,0.0,155.0,0.0,0.0,0.0,0.0,0,0
2829,5310,Poison Spear-Hand Strike,2564,attack_param,600000701,6904,AccumuVal [10],0,direct,self_mechanic,,on_hit,,,1,effect targets the attacker/self and is not target buildup,0.0,0.0,0.0,0.0,0.0,0.0,0.0,0.0,0.0,0.0,0.0,0.0,0.0,0,0
2830,5320,Madding Spear-Hand Strike,2565,attack_param,600000702,6904,AccumuVal [10],0,direct,self_mechanic,,on_hit,,,1,effect targets the attacker/self and is not target buildup,0.0,0.0,0.0,0.0,0.0,0.0,0.0,0.0,0.0,0.0,0.0,0.0,0.0,0,0
2831,5320,Madding Spear-Hand Strike,2565,attack_param,600000702,20000821,[AoW] Madding Hand: Madding Spear-Hand Strike - Madness,0,direct,per_hit_status,,on_hit,,,1,target status payload is attached to this hit by numeric ID,1.0,0.0,0.0,0.0,0.0,0.0,0.0,0.0,0.0,0.0,0.0,250.0,0.0,0,0
2832,5320,Madding Spear-Hand Strike,2566,attack_param,600000703,6904,AccumuVal [10],0,direct,self_mechanic,,on_hit,,,1,effect targets the attacker/self and is not target buildup,0.0,0.0,0.0,0.0,0.0,0.0,0.0,0.0,0.0,0.0,0.0,0.0,0.0,0,0
2833,5330,Feeble Lord's Frenzied Flame,2608,bullet_shooter,10731110,1731101,,0,direct,self_buff,,on_hit,,,1,applies to the projectile shooter rather than the target hit,1.0,0.0,0.0,0.0,0.0,0.0,0.0,0.0,0.0,0.0,0.0,3.0,0.0,0,0
2834,5330,Feeble Lord's Frenzied Flame,2608,bullet_shooter,200002580,20000802,[AoW] Nanaya's Torch: Feeble Lord's Frenzied Flame - Self-Madness,0,direct,self_buff,,on_hit,,,1,applies to the projectile shooter rather than the target hit,1.0,0.0,0.0,0.0,0.0,0.0,0.0,0.0,0.0,0.0,0.0,3.0,0.0,0,0
2835,5350,Deadly Dance,1980,attack_param,600000570,1667,,0,direct,self_mechanic,,on_hit,,,1,effect targets the attacker/self and is not target buildup,0.0,0.0,0.0,0.0,0.0,0.0,0.0,0.0,0.0,0.0,0.0,0.0,0.0,0,0
2836,5350,Deadly Dance,1980,attack_param,600000570,6906,AccumuVal [14],0,direct,self_mechanic,,on_hit,,,1,effect targets the attacker/self and is not target buildup,0.0,0.0,0.0,0.0,0.0,0.0,0.0,0.0,0.0,0.0,0.0,0.0,0.0,0,0
2837,5350,Deadly Dance,1981,attack_param,600000571,1667,,0,direct,self_mechanic,,on_hit,,,1,effect targets the attacker/self and is not target buildup,0.0,0.0,0.0,0.0,0.0,0.0,0.0,0.0,0.0,0.0,0.0,0.0,0.0,0,0
2838,5350,Deadly Dance,1981,attack_param,600000571,6906,AccumuVal [14],0,direct,self_mechanic,,on_hit,,,1,effect targets the attacker/self and is not target buildup,0.0,0.0,0.0,0.0,0.0,0.0,0.0,0.0,0.0,0.0,0.0,0.0,0.0,0,0
2839,5350,Deadly Dance,1982,attack_param,600000570,1667,,0,direct,self_mechanic,,on_hit,,,1,effect targets the attacker/self and is not target buildup,0.0,0.0,0.0,0.0,0.0,0.0,0.0,0.0,0.0,0.0,0.0,0.0,0.0,0,0
2840,5350,Deadly Dance,1982,attack_param,600000570,6906,AccumuVal [14],0,direct,self_mechanic,,on_hit,,,1,effect targets the attacker/self and is not target buildup,0.0,0.0,0.0,0.0,0.0,0.0,0.0,0.0,0.0,0.0,0.0,0.0,0.0,0,0
2841,5350,Deadly Dance,1983,attack_param,600000571,1667,,0,direct,self_mechanic,,on_hit,,,1,effect targets the attacker/self and is not target buildup,0.0,0.0,0.0,0.0,0.0,0.0,0.0,0.0,0.0,0.0,0.0,0.0,0.0,0,0
2842,5350,Deadly Dance,1983,attack_param,600000571,6906,AccumuVal [14],0,direct,self_mechanic,,on_hit,,,1,effect targets the attacker/self and is not target buildup,0.0,0.0,0.0,0.0,0.0,0.0,0.0,0.0,0.0,0.0,0.0,0.0,0.0,0,0
2843,5350,Deadly Dance,1984,attack_param,600000572,1667,,0,direct,self_mechanic,,on_hit,,,1,effect targets the attacker/self and is not target buildup,0.0,0.0,0.0,0.0,0.0,0.0,0.0,0.0,0.0,0.0,0.0,0.0,0.0,0,0
2844,5350,Deadly Dance,1984,attack_param,600000572,6906,AccumuVal [14],0,direct,self_mechanic,,on_hit,,,1,effect targets the attacker/self and is not target buildup,0.0,0.0,0.0,0.0,0.0,0.0,0.0,0.0,0.0,0.0,0.0,0.0,0.0,0,0
2845,5350,Deadly Dance,1985,attack_param,600000573,1667,,0,direct,self_mechanic,,on_hit,,,1,effect targets the attacker/self and is not target buildup,0.0,0.0,0.0,0.0,0.0,0.0,0.0,0.0,0.0,0.0,0.0,0.0,0.0,0,0
2846,5350,Deadly Dance,1985,attack_param,600000573,6906,AccumuVal [14],0,direct,self_mechanic,,on_hit,,,1,effect targets the attacker/self and is not target buildup,0.0,0.0,0.0,0.0,0.0,0.0,0.0,0.0,0.0,0.0,0.0,0.0,0.0,0,0
2847,5350,Deadly Dance,1986,attack_param,600000574,1667,,0,direct,self_mechanic,,on_hit,,,1,effect targets the attacker/self and is not target buildup,0.0,0.0,0.0,0.0,0.0,0.0,0.0,0.0,0.0,0.0,0.0,0.0,0.0,0,0
2848,5350,Deadly Dance,1986,attack_param,600000574,6906,AccumuVal [14],0,direct,self_mechanic,,on_hit,,,1,effect targets the attacker/self and is not target buildup,0.0,0.0,0.0,0.0,0.0,0.0,0.0,0.0,0.0,0.0,0.0,0.0,0.0,0,0
2849,5350,Deadly Dance,1987,attack_param,600000573,1667,,0,direct,self_mechanic,,on_hit,,,1,effect targets the attacker/self and is not target buildup,0.0,0.0,0.0,0.0,0.0,0.0,0.0,0.0,0.0,0.0,0.0,0.0,0.0,0,0
2850,5350,Deadly Dance,1987,attack_param,600000573,6906,AccumuVal [14],0,direct,self_mechanic,,on_hit,,,1,effect targets the attacker/self and is not target buildup,0.0,0.0,0.0,0.0,0.0,0.0,0.0,0.0,0.0,0.0,0.0,0.0,0.0,0,0
2851,5350,Deadly Dance,1988,attack_param,600000574,1667,,0,direct,self_mechanic,,on_hit,,,1,effect targets the attacker/self and is not target buildup,0.0,0.0,0.0,0.0,0.0,0.0,0.0,0.0,0.0,0.0,0.0,0.0,0.0,0,0
2852,5350,Deadly Dance,1988,attack_param,600000574,6906,AccumuVal [14],0,direct,self_mechanic,,on_hit,,,1,effect targets the attacker/self and is not target buildup,0.0,0.0,0.0,0.0,0.0,0.0,0.0,0.0,0.0,0.0,0.0,0.0,0.0,0,0
2853,5350,Deadly Dance,1989,attack_param,600000575,1667,,0,direct,self_mechanic,,on_hit,,,1,effect targets the attacker/self and is not target buildup,0.0,0.0,0.0,0.0,0.0,0.0,0.0,0.0,0.0,0.0,0.0,0.0,0.0,0,0
2854,5350,Deadly Dance,1989,attack_param,600000575,6906,AccumuVal [14],0,direct,self_mechanic,,on_hit,,,1,effect targets the attacker/self and is not target buildup,0.0,0.0,0.0,0.0,0.0,0.0,0.0,0.0,0.0,0.0,0.0,0.0,0.0,0,0
2855,5370,Discus Hurl,2611,attack_param,600000770,1667,,0,direct,self_mechanic,,on_hit,,,1,effect targets the attacker/self and is not target buildup,0.0,0.0,0.0,0.0,0.0,0.0,0.0,0.0,0.0,0.0,0.0,0.0,0.0,0,0
2856,5370,Discus Hurl,2611,attack_param,600000770,6904,AccumuVal [10],0,direct,self_mechanic,,on_hit,,,1,effect targets the attacker/self and is not target buildup,0.0,0.0,0.0,0.0,0.0,0.0,0.0,0.0,0.0,0.0,0.0,0.0,0.0,0,0
2857,5370,Discus Hurl,2612,attack_param,600000772,1667,,0,direct,self_mechanic,,on_hit,,,1,effect targets the attacker/self and is not target buildup,0.0,0.0,0.0,0.0,0.0,0.0,0.0,0.0,0.0,0.0,0.0,0.0,0.0,0,0
2858,5370,Discus Hurl,2612,attack_param,600000772,6904,AccumuVal [10],0,direct,self_mechanic,,on_hit,,,1,effect targets the attacker/self and is not target buildup,0.0,0.0,0.0,0.0,0.0,0.0,0.0,0.0,0.0,0.0,0.0,0.0,0.0,0,0
2859,5370,Discus Hurl,2613,attack_param,600000771,1667,,0,direct,self_mechanic,,on_hit,,,1,effect targets the attacker/self and is not target buildup,0.0,0.0,0.0,0.0,0.0,0.0,0.0,0.0,0.0,0.0,0.0,0.0,0.0,0,0
2860,5370,Discus Hurl,2613,attack_param,600000771,6904,AccumuVal [10],0,direct,self_mechanic,,on_hit,,,1,effect targets the attacker/self and is not target buildup,0.0,0.0,0.0,0.0,0.0,0.0,0.0,0.0,0.0,0.0,0.0,0.0,0.0,0,0
2861,5380,Flower Dragonbolt,2255,bullet_target,200002780|200002781|200002782|200002783,20000951,[AoW] Flowerstone Gavel: Flower Dragonbolt - Bullet,0,direct,visual_or_non_gameplay,,on_hit,,,1,effect has no modeled attack-power or status payload,20.0,0.0,0.0,0.0,0.0,0.0,0.0,0.0,0.0,0.0,0.0,0.0,0.0,0,0
2862,5380,Flower Dragonbolt,2256,bullet_target,200002790|200002791|200002792|200002793,20000950,[AoW] Flowerstone Gavel: Flower Dragonbolt Charged - Bullet,0,direct,visual_or_non_gameplay,,on_hit,,,1,effect has no modeled attack-power or status payload,20.0,0.0,0.0,0.0,0.0,0.0,0.0,0.0,0.0,0.0,0.0,0.0,0.0,0,0
2863,5380,Flower Dragonbolt,2258,attack_param,600000662,1665,,0,direct,self_mechanic,,on_hit,,,1,effect targets the attacker/self and is not target buildup,0.0,0.0,0.0,0.0,0.0,0.0,0.0,0.0,0.0,0.0,0.0,0.0,0.0,0,0
2864,5380,Flower Dragonbolt,2258,attack_param,600000662,6903,AccumuVal [8],0,direct,self_mechanic,,on_hit,,,1,effect targets the attacker/self and is not target buildup,0.0,0.0,0.0,0.0,0.0,0.0,0.0,0.0,0.0,0.0,0.0,0.0,0.0,0,0
2865,5380,Flower Dragonbolt,2259,attack_param,600000662,1665,,0,direct,self_mechanic,,on_hit,,,1,effect targets the attacker/self and is not target buildup,0.0,0.0,0.0,0.0,0.0,0.0,0.0,0.0,0.0,0.0,0.0,0.0,0.0,0,0
2866,5380,Flower Dragonbolt,2259,attack_param,600000662,6903,AccumuVal [8],0,direct,self_mechanic,,on_hit,,,1,effect targets the attacker/self and is not target buildup,0.0,0.0,0.0,0.0,0.0,0.0,0.0,0.0,0.0,0.0,0.0,0.0,0.0,0,0
2867,5390,Kowtower's Resentment,2386,attack_param,600000962,6904,AccumuVal [10],0,direct,self_mechanic,,on_hit,,,1,effect targets the attacker/self and is not target buildup,0.0,0.0,0.0,0.0,0.0,0.0,0.0,0.0,0.0,0.0,0.0,0.0,0.0,0,0
2868,5390,Kowtower's Resentment,2388,attack_param,600000964,6904,AccumuVal [10],0,direct,self_mechanic,,on_hit,,,1,effect targets the attacker/self and is not target buildup,0.0,0.0,0.0,0.0,0.0,0.0,0.0,0.0,0.0,0.0,0.0,0.0,0.0,0,0
2869,5390,Kowtower's Resentment,2390,attack_param,600000966,6904,AccumuVal [10],0,direct,self_mechanic,,on_hit,,,1,effect targets the attacker/self and is not target buildup,0.0,0.0,0.0,0.0,0.0,0.0,0.0,0.0,0.0,0.0,0.0,0.0,0.0,0,0
2870,5390,Kowtower's Resentment,2391,attack_param,600000967,6904,AccumuVal [10],0,direct,self_mechanic,,on_hit,,,1,effect targets the attacker/self and is not target buildup,0.0,0.0,0.0,0.0,0.0,0.0,0.0,0.0,0.0,0.0,0.0,0.0,0.0,0,0
2871,5420,Painful Strike,2513,attack_param,600000600,1665,,0,direct,self_mechanic,,on_hit,,,1,effect targets the attacker/self and is not target buildup,0.0,0.0,0.0,0.0,0.0,0.0,0.0,0.0,0.0,0.0,0.0,0.0,0.0,0,0
2872,5420,Painful Strike,2513,attack_param,600000600,6904,AccumuVal [10],0,direct,self_mechanic,,on_hit,,,1,effect targets the attacker/self and is not target buildup,0.0,0.0,0.0,0.0,0.0,0.0,0.0,0.0,0.0,0.0,0.0,0.0,0.0,0,0
2873,5420,Painful Strike,2513,attack_param,600000600,20001000,[AoW] Painful Strike - Stamina Regen Penalty,0,direct,self_mechanic,,on_hit,,,1,effect targets the attacker/self and is not target buildup,30.0,0.0,0.0,0.0,0.0,0.0,0.0,0.0,0.0,0.0,0.0,0.0,0.0,0,0
2874,5420,Painful Strike,2514,attack_param,600000600,1665,,0,direct,self_mechanic,,on_hit,,,1,effect targets the attacker/self and is not target buildup,0.0,0.0,0.0,0.0,0.0,0.0,0.0,0.0,0.0,0.0,0.0,0.0,0.0,0,0
2875,5420,Painful Strike,2514,attack_param,600000600,6904,AccumuVal [10],0,direct,self_mechanic,,on_hit,,,1,effect targets the attacker/self and is not target buildup,0.0,0.0,0.0,0.0,0.0,0.0,0.0,0.0,0.0,0.0,0.0,0.0,0.0,0,0
2876,5420,Painful Strike,2514,attack_param,600000600,20001000,[AoW] Painful Strike - Stamina Regen Penalty,0,direct,self_mechanic,,on_hit,,,1,effect targets the attacker/self and is not target buildup,30.0,0.0,0.0,0.0,0.0,0.0,0.0,0.0,0.0,0.0,0.0,0.0,0.0,0,0
2877,5420,Painful Strike,2515,attack_param,600000601,1665,,0,direct,self_mechanic,,on_hit,,,1,effect targets the attacker/self and is not target buildup,0.0,0.0,0.0,0.0,0.0,0.0,0.0,0.0,0.0,0.0,0.0,0.0,0.0,0,0
2878,5420,Painful Strike,2515,attack_param,600000601,6904,AccumuVal [10],0,direct,self_mechanic,,on_hit,,,1,effect targets the attacker/self and is not target buildup,0.0,0.0,0.0,0.0,0.0,0.0,0.0,0.0,0.0,0.0,0.0,0.0,0.0,0,0
2879,5420,Painful Strike,2515,attack_param,600000601,20001000,[AoW] Painful Strike - Stamina Regen Penalty,0,direct,self_mechanic,,on_hit,,,1,effect targets the attacker/self and is not target buildup,30.0,0.0,0.0,0.0,0.0,0.0,0.0,0.0,0.0,0.0,0.0,0.0,0.0,0,0
2880,5420,Painful Strike,2516,attack_param,600000602,1665,,0,direct,self_mechanic,,on_hit,,,1,effect targets the attacker/self and is not target buildup,0.0,0.0,0.0,0.0,0.0,0.0,0.0,0.0,0.0,0.0,0.0,0.0,0.0,0,0
2881,5420,Painful Strike,2516,attack_param,600000602,6904,AccumuVal [10],0,direct,self_mechanic,,on_hit,,,1,effect targets the attacker/self and is not target buildup,0.0,0.0,0.0,0.0,0.0,0.0,0.0,0.0,0.0,0.0,0.0,0.0,0.0,0,0
2882,5420,Painful Strike,2517,attack_param,600000602,1665,,0,direct,self_mechanic,,on_hit,,,1,effect targets the attacker/self and is not target buildup,0.0,0.0,0.0,0.0,0.0,0.0,0.0,0.0,0.0,0.0,0.0,0.0,0.0,0,0
2883,5420,Painful Strike,2517,attack_param,600000602,6904,AccumuVal [10],0,direct,self_mechanic,,on_hit,,,1,effect targets the attacker/self and is not target buildup,0.0,0.0,0.0,0.0,0.0,0.0,0.0,0.0,0.0,0.0,0.0,0.0,0.0,0,0
2884,5420,Painful Strike,2518,attack_param,600000603,1665,,0,direct,self_mechanic,,on_hit,,,1,effect targets the attacker/self and is not target buildup,0.0,0.0,0.0,0.0,0.0,0.0,0.0,0.0,0.0,0.0,0.0,0.0,0.0,0,0
2885,5420,Painful Strike,2518,attack_param,600000603,6904,AccumuVal [10],0,direct,self_mechanic,,on_hit,,,1,effect targets the attacker/self and is not target buildup,0.0,0.0,0.0,0.0,0.0,0.0,0.0,0.0,0.0,0.0,0.0,0.0,0.0,0,0
2886,5430,Solitary Moon Slash,1713,attack_param,600000821,6904,AccumuVal [10],0,direct,self_mechanic,,on_hit,,,1,effect targets the attacker/self and is not target buildup,0.0,0.0,0.0,0.0,0.0,0.0,0.0,0.0,0.0,0.0,0.0,0.0,0.0,0,0
2887,5430,Solitary Moon Slash,1715,attack_param,600000823,6904,AccumuVal [10],0,direct,self_mechanic,,on_hit,,,1,effect targets the attacker/self and is not target buildup,0.0,0.0,0.0,0.0,0.0,0.0,0.0,0.0,0.0,0.0,0.0,0.0,0.0,0,0
2888,5430,Solitary Moon Slash,1716,attack_param,600000825,6904,AccumuVal [10],0,direct,self_mechanic,,on_hit,,,1,effect targets the attacker/self and is not target buildup,0.0,0.0,0.0,0.0,0.0,0.0,0.0,0.0,0.0,0.0,0.0,0.0,0.0,0,0
2889,5430,Solitary Moon Slash,1718,attack_param,600000828,6904,AccumuVal [10],0,direct,self_mechanic,,on_hit,,,1,effect targets the attacker/self and is not target buildup,0.0,0.0,0.0,0.0,0.0,0.0,0.0,0.0,0.0,0.0,0.0,0.0,0.0,0,0
2890,5440,Revenge of the Night,2615,attack_param,600000972,6903,AccumuVal [8],0,direct,self_mechanic,,on_hit,,,1,effect targets the attacker/self and is not target buildup,0.0,0.0,0.0,0.0,0.0,0.0,0.0,0.0,0.0,0.0,0.0,0.0,0.0,0,0
2891,5440,Revenge of the Night,2616,attack_param,600000974,1665,,0,direct,self_mechanic,,on_hit,,,1,effect targets the attacker/self and is not target buildup,0.0,0.0,0.0,0.0,0.0,0.0,0.0,0.0,0.0,0.0,0.0,0.0,0.0,0,0
2892,5440,Revenge of the Night,2616,attack_param,600000974,6902,AccumuVal [6],0,direct,self_mechanic,,on_hit,,,1,effect targets the attacker/self and is not target buildup,0.0,0.0,0.0,0.0,0.0,0.0,0.0,0.0,0.0,0.0,0.0,0.0,0.0,0,0
2893,5440,Revenge of the Night,2617,attack_param,600000975,1667,,0,direct,self_mechanic,,on_hit,,,1,effect targets the attacker/self and is not target buildup,0.0,0.0,0.0,0.0,0.0,0.0,0.0,0.0,0.0,0.0,0.0,0.0,0.0,0,0
2894,5440,Revenge of the Night,2617,attack_param,600000975,6903,AccumuVal [8],0,direct,self_mechanic,,on_hit,,,1,effect targets the attacker/self and is not target buildup,0.0,0.0,0.0,0.0,0.0,0.0,0.0,0.0,0.0,0.0,0.0,0.0,0.0,0,0
2895,5450,Weed Cutter,2067,attack_param,600000900,1665,,0,direct,self_mechanic,,on_hit,,,1,effect targets the attacker/self and is not target buildup,0.0,0.0,0.0,0.0,0.0,0.0,0.0,0.0,0.0,0.0,0.0,0.0,0.0,0,0
2896,5450,Weed Cutter,2067,attack_param,600000900,1667,,0,direct,self_mechanic,,on_hit,,,1,effect targets the attacker/self and is not target buildup,0.0,0.0,0.0,0.0,0.0,0.0,0.0,0.0,0.0,0.0,0.0,0.0,0.0,0,0
2897,5450,Weed Cutter,2067,attack_param,600000900,6903,AccumuVal [8],0,direct,self_mechanic,,on_hit,,,1,effect targets the attacker/self and is not target buildup,0.0,0.0,0.0,0.0,0.0,0.0,0.0,0.0,0.0,0.0,0.0,0.0,0.0,0,0
2898,5450,Weed Cutter,2068,attack_param,600000901,1665,,0,direct,self_mechanic,,on_hit,,,1,effect targets the attacker/self and is not target buildup,0.0,0.0,0.0,0.0,0.0,0.0,0.0,0.0,0.0,0.0,0.0,0.0,0.0,0,0
2899,5450,Weed Cutter,2068,attack_param,600000901,1667,,0,direct,self_mechanic,,on_hit,,,1,effect targets the attacker/self and is not target buildup,0.0,0.0,0.0,0.0,0.0,0.0,0.0,0.0,0.0,0.0,0.0,0.0,0.0,0,0
2900,5450,Weed Cutter,2068,attack_param,600000901,6903,AccumuVal [8],0,direct,self_mechanic,,on_hit,,,1,effect targets the attacker/self and is not target buildup,0.0,0.0,0.0,0.0,0.0,0.0,0.0,0.0,0.0,0.0,0.0,0.0,0.0,0,0
2901,5450,Weed Cutter,2069,attack_param,600000902,1665,,0,direct,self_mechanic,,on_hit,,,1,effect targets the attacker/self and is not target buildup,0.0,0.0,0.0,0.0,0.0,0.0,0.0,0.0,0.0,0.0,0.0,0.0,0.0,0,0
2902,5450,Weed Cutter,2069,attack_param,600000902,1667,,0,direct,self_mechanic,,on_hit,,,1,effect targets the attacker/self and is not target buildup,0.0,0.0,0.0,0.0,0.0,0.0,0.0,0.0,0.0,0.0,0.0,0.0,0.0,0,0
2903,5450,Weed Cutter,2069,attack_param,600000902,6903,AccumuVal [8],0,direct,self_mechanic,,on_hit,,,1,effect targets the attacker/self and is not target buildup,0.0,0.0,0.0,0.0,0.0,0.0,0.0,0.0,0.0,0.0,0.0,0.0,0.0,0,0
2904,5450,Weed Cutter,2070,attack_param,600000903,1665,,0,direct,self_mechanic,,on_hit,,,1,effect targets the attacker/self and is not target buildup,0.0,0.0,0.0,0.0,0.0,0.0,0.0,0.0,0.0,0.0,0.0,0.0,0.0,0,0
2905,5450,Weed Cutter,2070,attack_param,600000903,1667,,0,direct,self_mechanic,,on_hit,,,1,effect targets the attacker/self and is not target buildup,0.0,0.0,0.0,0.0,0.0,0.0,0.0,0.0,0.0,0.0,0.0,0.0,0.0,0,0
2906,5450,Weed Cutter,2070,attack_param,600000903,6903,AccumuVal [8],0,direct,self_mechanic,,on_hit,,,1,effect targets the attacker/self and is not target buildup,0.0,0.0,0.0,0.0,0.0,0.0,0.0,0.0,0.0,0.0,0.0,0.0,0.0,0,0
2907,5450,Weed Cutter,2071,attack_param,600000904,1665,,0,direct,self_mechanic,,on_hit,,,1,effect targets the attacker/self and is not target buildup,0.0,0.0,0.0,0.0,0.0,0.0,0.0,0.0,0.0,0.0,0.0,0.0,0.0,0,0
2908,5450,Weed Cutter,2071,attack_param,600000904,1667,,0,direct,self_mechanic,,on_hit,,,1,effect targets the attacker/self and is not target buildup,0.0,0.0,0.0,0.0,0.0,0.0,0.0,0.0,0.0,0.0,0.0,0.0,0.0,0,0
2909,5450,Weed Cutter,2071,attack_param,600000904,6903,AccumuVal [8],0,direct,self_mechanic,,on_hit,,,1,effect targets the attacker/self and is not target buildup,0.0,0.0,0.0,0.0,0.0,0.0,0.0,0.0,0.0,0.0,0.0,0.0,0.0,0,0
2910,5450,Weed Cutter,2072,attack_param,600000905,1665,,0,direct,self_mechanic,,on_hit,,,1,effect targets the attacker/self and is not target buildup,0.0,0.0,0.0,0.0,0.0,0.0,0.0,0.0,0.0,0.0,0.0,0.0,0.0,0,0
2911,5450,Weed Cutter,2072,attack_param,600000905,1667,,0,direct,self_mechanic,,on_hit,,,1,effect targets the attacker/self and is not target buildup,0.0,0.0,0.0,0.0,0.0,0.0,0.0,0.0,0.0,0.0,0.0,0.0,0.0,0,0
2912,5450,Weed Cutter,2072,attack_param,600000905,6903,AccumuVal [8],0,direct,self_mechanic,,on_hit,,,1,effect targets the attacker/self and is not target buildup,0.0,0.0,0.0,0.0,0.0,0.0,0.0,0.0,0.0,0.0,0.0,0.0,0.0,0,0
2913,5450,Weed Cutter,2073,attack_param,600000910,1665,,0,direct,self_mechanic,,on_hit,,,1,effect targets the attacker/self and is not target buildup,0.0,0.0,0.0,0.0,0.0,0.0,0.0,0.0,0.0,0.0,0.0,0.0,0.0,0,0
2914,5450,Weed Cutter,2073,attack_param,600000910,1667,,0,direct,self_mechanic,,on_hit,,,1,effect targets the attacker/self and is not target buildup,0.0,0.0,0.0,0.0,0.0,0.0,0.0,0.0,0.0,0.0,0.0,0.0,0.0,0,0
2915,5450,Weed Cutter,2073,attack_param,600000910,6903,AccumuVal [8],0,direct,self_mechanic,,on_hit,,,1,effect targets the attacker/self and is not target buildup,0.0,0.0,0.0,0.0,0.0,0.0,0.0,0.0,0.0,0.0,0.0,0.0,0.0,0,0
2916,5450,Weed Cutter,2074,attack_param,600000911,1665,,0,direct,self_mechanic,,on_hit,,,1,effect targets the attacker/self and is not target buildup,0.0,0.0,0.0,0.0,0.0,0.0,0.0,0.0,0.0,0.0,0.0,0.0,0.0,0,0
2917,5450,Weed Cutter,2074,attack_param,600000911,1667,,0,direct,self_mechanic,,on_hit,,,1,effect targets the attacker/self and is not target buildup,0.0,0.0,0.0,0.0,0.0,0.0,0.0,0.0,0.0,0.0,0.0,0.0,0.0,0,0
2918,5450,Weed Cutter,2074,attack_param,600000911,6903,AccumuVal [8],0,direct,self_mechanic,,on_hit,,,1,effect targets the attacker/self and is not target buildup,0.0,0.0,0.0,0.0,0.0,0.0,0.0,0.0,0.0,0.0,0.0,0.0,0.0,0,0
2919,5450,Weed Cutter,2075,attack_param,600000912,1665,,0,direct,self_mechanic,,on_hit,,,1,effect targets the attacker/self and is not target buildup,0.0,0.0,0.0,0.0,0.0,0.0,0.0,0.0,0.0,0.0,0.0,0.0,0.0,0,0
2920,5450,Weed Cutter,2075,attack_param,600000912,1667,,0,direct,self_mechanic,,on_hit,,,1,effect targets the attacker/self and is not target buildup,0.0,0.0,0.0,0.0,0.0,0.0,0.0,0.0,0.0,0.0,0.0,0.0,0.0,0,0
2921,5450,Weed Cutter,2075,attack_param,600000912,6903,AccumuVal [8],0,direct,self_mechanic,,on_hit,,,1,effect targets the attacker/self and is not target buildup,0.0,0.0,0.0,0.0,0.0,0.0,0.0,0.0,0.0,0.0,0.0,0.0,0.0,0,0
2922,5450,Weed Cutter,2076,attack_param,600000913,1665,,0,direct,self_mechanic,,on_hit,,,1,effect targets the attacker/self and is not target buildup,0.0,0.0,0.0,0.0,0.0,0.0,0.0,0.0,0.0,0.0,0.0,0.0,0.0,0,0
2923,5450,Weed Cutter,2076,attack_param,600000913,1667,,0,direct,self_mechanic,,on_hit,,,1,effect targets the attacker/self and is not target buildup,0.0,0.0,0.0,0.0,0.0,0.0,0.0,0.0,0.0,0.0,0.0,0.0,0.0,0,0
2924,5450,Weed Cutter,2076,attack_param,600000913,6903,AccumuVal [8],0,direct,self_mechanic,,on_hit,,,1,effect targets the attacker/self and is not target buildup,0.0,0.0,0.0,0.0,0.0,0.0,0.0,0.0,0.0,0.0,0.0,0.0,0.0,0,0
2925,5450,Weed Cutter,2077,attack_param,600000914,1665,,0,direct,self_mechanic,,on_hit,,,1,effect targets the attacker/self and is not target buildup,0.0,0.0,0.0,0.0,0.0,0.0,0.0,0.0,0.0,0.0,0.0,0.0,0.0,0,0
2926,5450,Weed Cutter,2077,attack_param,600000914,1667,,0,direct,self_mechanic,,on_hit,,,1,effect targets the attacker/self and is not target buildup,0.0,0.0,0.0,0.0,0.0,0.0,0.0,0.0,0.0,0.0,0.0,0.0,0.0,0,0
2927,5450,Weed Cutter,2077,attack_param,600000914,6903,AccumuVal [8],0,direct,self_mechanic,,on_hit,,,1,effect targets the attacker/self and is not target buildup,0.0,0.0,0.0,0.0,0.0,0.0,0.0,0.0,0.0,0.0,0.0,0.0,0.0,0,0
2928,5450,Weed Cutter,2078,attack_param,600000915,1665,,0,direct,self_mechanic,,on_hit,,,1,effect targets the attacker/self and is not target buildup,0.0,0.0,0.0,0.0,0.0,0.0,0.0,0.0,0.0,0.0,0.0,0.0,0.0,0,0
2929,5450,Weed Cutter,2078,attack_param,600000915,1667,,0,direct,self_mechanic,,on_hit,,,1,effect targets the attacker/self and is not target buildup,0.0,0.0,0.0,0.0,0.0,0.0,0.0,0.0,0.0,0.0,0.0,0.0,0.0,0,0
2930,5450,Weed Cutter,2078,attack_param,600000915,6903,AccumuVal [8],0,direct,self_mechanic,,on_hit,,,1,effect targets the attacker/self and is not target buildup,0.0,0.0,0.0,0.0,0.0,0.0,0.0,0.0,0.0,0.0,0.0,0.0,0.0,0,0
2931,5480,Roaring Bash,2618,attack_param,700000350,6906,AccumuVal [14],0,direct,self_mechanic,,on_hit,,,1,effect targets the attacker/self and is not target buildup,0.0,0.0,0.0,0.0,0.0,0.0,0.0,0.0,0.0,0.0,0.0,0.0,0.0,0,0
2932,5480,Roaring Bash,2619,attack_param,700000352,6906,AccumuVal [14],0,direct,self_mechanic,,on_hit,,,1,effect targets the attacker/self and is not target buildup,0.0,0.0,0.0,0.0,0.0,0.0,0.0,0.0,0.0,0.0,0.0,0.0,0.0,0,0
2933,5480,Roaring Bash,2620,attack_param,700000351,6906,AccumuVal [14],0,direct,self_mechanic,,on_hit,,,1,effect targets the attacker/self and is not target buildup,0.0,0.0,0.0,0.0,0.0,0.0,0.0,0.0,0.0,0.0,0.0,0.0,0.0,0,0
2934,5480,Roaring Bash,2621,attack_param,700000355,6906,AccumuVal [14],0,direct,self_mechanic,,on_hit,,,1,effect targets the attacker/self and is not target buildup,0.0,0.0,0.0,0.0,0.0,0.0,0.0,0.0,0.0,0.0,0.0,0.0,0.0,0,0
2935,5480,Roaring Bash,2622,attack_param,700000357,6906,AccumuVal [14],0,direct,self_mechanic,,on_hit,,,1,effect targets the attacker/self and is not target buildup,0.0,0.0,0.0,0.0,0.0,0.0,0.0,0.0,0.0,0.0,0.0,0.0,0.0,0,0
2936,5480,Roaring Bash,2623,attack_param,700000356,6906,AccumuVal [14],0,direct,self_mechanic,,on_hit,,,1,effect targets the attacker/self and is not target buildup,0.0,0.0,0.0,0.0,0.0,0.0,0.0,0.0,0.0,0.0,0.0,0.0,0.0,0,0
2937,5500,Flare- O Serpent,2282,attack_param,701320360,1665,,0,direct,self_mechanic,,on_hit,,,1,effect targets the attacker/self and is not target buildup,0.0,0.0,0.0,0.0,0.0,0.0,0.0,0.0,0.0,0.0,0.0,0.0,0.0,0,0
2938,5500,Flare- O Serpent,2282,attack_param,701320360,1667,,0,direct,self_mechanic,,on_hit,,,1,effect targets the attacker/self and is not target buildup,0.0,0.0,0.0,0.0,0.0,0.0,0.0,0.0,0.0,0.0,0.0,0.0,0.0,0,0
2939,5500,Flare- O Serpent,2282,attack_param,701320360,6903,AccumuVal [8],0,direct,self_mechanic,,on_hit,,,1,effect targets the attacker/self and is not target buildup,0.0,0.0,0.0,0.0,0.0,0.0,0.0,0.0,0.0,0.0,0.0,0.0,0.0,0,0
2940,5500,Flare- O Serpent,2282,bullet_shooter,200002800,20000853,"[AoW] Flare, O Serpent - Bullet Buff Removal",0,direct,self_buff,,on_hit,,,1,applies to the projectile shooter rather than the target hit,0.10000000149011612,0.0,0.0,0.0,0.0,0.0,0.0,0.0,0.0,0.0,0.0,0.0,0.0,0,0
2941,5500,Flare- O Serpent,2282,bullet_shooter,200002802,20000858,"[AoW] Flare, O Serpent - Bullet Buff Removal",0,direct,self_buff,,on_hit,,,1,applies to the projectile shooter rather than the target hit,0.10000000149011612,0.0,0.0,0.0,0.0,0.0,0.0,0.0,0.0,0.0,0.0,0.0,0.0,0,0
2942,5500,Flare- O Serpent,2283,attack_param,701320361,1665,,0,direct,self_mechanic,,on_hit,,,1,effect targets the attacker/self and is not target buildup,0.0,0.0,0.0,0.0,0.0,0.0,0.0,0.0,0.0,0.0,0.0,0.0,0.0,0,0
2943,5500,Flare- O Serpent,2283,attack_param,701320361,1667,,0,direct,self_mechanic,,on_hit,,,1,effect targets the attacker/self and is not target buildup,0.0,0.0,0.0,0.0,0.0,0.0,0.0,0.0,0.0,0.0,0.0,0.0,0.0,0,0
2944,5500,Flare- O Serpent,2283,attack_param,701320361,6903,AccumuVal [8],0,direct,self_mechanic,,on_hit,,,1,effect targets the attacker/self and is not target buildup,0.0,0.0,0.0,0.0,0.0,0.0,0.0,0.0,0.0,0.0,0.0,0.0,0.0,0,0
2945,5500,Flare- O Serpent,2283,bullet_shooter,200002801,20000853,"[AoW] Flare, O Serpent - Bullet Buff Removal",0,direct,self_buff,,on_hit,,,1,applies to the projectile shooter rather than the target hit,0.10000000149011612,0.0,0.0,0.0,0.0,0.0,0.0,0.0,0.0,0.0,0.0,0.0,0.0,0,0
2946,5500,Flare- O Serpent,2283,bullet_shooter,200002803,20000858,"[AoW] Flare, O Serpent - Bullet Buff Removal",0,direct,self_buff,,on_hit,,,1,applies to the projectile shooter rather than the target hit,0.10000000149011612,0.0,0.0,0.0,0.0,0.0,0.0,0.0,0.0,0.0,0.0,0.0,0.0,0,0
2947,5500,Flare- O Serpent,2284,attack_param,701320360,1665,,0,direct,self_mechanic,,on_hit,,,1,effect targets the attacker/self and is not target buildup,0.0,0.0,0.0,0.0,0.0,0.0,0.0,0.0,0.0,0.0,0.0,0.0,0.0,0,0
2948,5500,Flare- O Serpent,2284,attack_param,701320360,1667,,0,direct,self_mechanic,,on_hit,,,1,effect targets the attacker/self and is not target buildup,0.0,0.0,0.0,0.0,0.0,0.0,0.0,0.0,0.0,0.0,0.0,0.0,0.0,0,0
2949,5500,Flare- O Serpent,2284,attack_param,701320360,6903,AccumuVal [8],0,direct,self_mechanic,,on_hit,,,1,effect targets the attacker/self and is not target buildup,0.0,0.0,0.0,0.0,0.0,0.0,0.0,0.0,0.0,0.0,0.0,0.0,0.0,0,0
2950,5500,Flare- O Serpent,2284,bullet_shooter,200002800,20000853,"[AoW] Flare, O Serpent - Bullet Buff Removal",0,direct,self_buff,,on_hit,,,1,applies to the projectile shooter rather than the target hit,0.10000000149011612,0.0,0.0,0.0,0.0,0.0,0.0,0.0,0.0,0.0,0.0,0.0,0.0,0,0
2951,5500,Flare- O Serpent,2284,bullet_shooter,200002802,20000858,"[AoW] Flare, O Serpent - Bullet Buff Removal",0,direct,self_buff,,on_hit,,,1,applies to the projectile shooter rather than the target hit,0.10000000149011612,0.0,0.0,0.0,0.0,0.0,0.0,0.0,0.0,0.0,0.0,0.0,0.0,0,0
2952,5500,Flare- O Serpent,2285,attack_param,701320360,1665,,0,direct,self_mechanic,,on_hit,,,1,effect targets the attacker/self and is not target buildup,0.0,0.0,0.0,0.0,0.0,0.0,0.0,0.0,0.0,0.0,0.0,0.0,0.0,0,0
2953,5500,Flare- O Serpent,2285,attack_param,701320360,1667,,0,direct,self_mechanic,,on_hit,,,1,effect targets the attacker/self and is not target buildup,0.0,0.0,0.0,0.0,0.0,0.0,0.0,0.0,0.0,0.0,0.0,0.0,0.0,0,0
2954,5500,Flare- O Serpent,2285,attack_param,701320360,6903,AccumuVal [8],0,direct,self_mechanic,,on_hit,,,1,effect targets the attacker/self and is not target buildup,0.0,0.0,0.0,0.0,0.0,0.0,0.0,0.0,0.0,0.0,0.0,0.0,0.0,0,0
2955,5500,Flare- O Serpent,2285,bullet_shooter,200002800,20000853,"[AoW] Flare, O Serpent - Bullet Buff Removal",0,direct,self_buff,,on_hit,,,1,applies to the projectile shooter rather than the target hit,0.10000000149011612,0.0,0.0,0.0,0.0,0.0,0.0,0.0,0.0,0.0,0.0,0.0,0.0,0,0
2956,5500,Flare- O Serpent,2285,bullet_shooter,200002802,20000858,"[AoW] Flare, O Serpent - Bullet Buff Removal",0,direct,self_buff,,on_hit,,,1,applies to the projectile shooter rather than the target hit,0.10000000149011612,0.0,0.0,0.0,0.0,0.0,0.0,0.0,0.0,0.0,0.0,0.0,0.0,0,0
2957,5510,Scattershot (Claws),2582,attack_param,600001009,1665,,0,direct,self_mechanic,,on_hit,,,1,effect targets the attacker/self and is not target buildup,0.0,0.0,0.0,0.0,0.0,0.0,0.0,0.0,0.0,0.0,0.0,0.0,0.0,0,0
2958,5510,Scattershot (Claws),2582,attack_param,600001009,6902,AccumuVal [6],0,direct,self_mechanic,,on_hit,,,1,effect targets the attacker/self and is not target buildup,0.0,0.0,0.0,0.0,0.0,0.0,0.0,0.0,0.0,0.0,0.0,0.0,0.0,0,0
2959,5530,Horn Calling,1927,attack_param,300300852,6903,AccumuVal [8],0,direct,self_mechanic,,on_hit,,,1,effect targets the attacker/self and is not target buildup,0.0,0.0,0.0,0.0,0.0,0.0,0.0,0.0,0.0,0.0,0.0,0.0,0.0,0,0
2960,5530,Horn Calling,1930,attack_param,300300853,6903,AccumuVal [8],0,direct,self_mechanic,,on_hit,,,1,effect targets the attacker/self and is not target buildup,0.0,0.0,0.0,0.0,0.0,0.0,0.0,0.0,0.0,0.0,0.0,0.0,0.0,0,0
2961,5540,Horn Calling: Storm,1955,attack_param,700000370,6903,AccumuVal [8],0,direct,self_mechanic,,on_hit,,,1,effect targets the attacker/self and is not target buildup,0.0,0.0,0.0,0.0,0.0,0.0,0.0,0.0,0.0,0.0,0.0,0.0,0.0,0,0
2962,5540,Horn Calling: Storm,1956,attack_param,700000373,6903,AccumuVal [8],0,direct,self_mechanic,,on_hit,,,1,effect targets the attacker/self and is not target buildup,0.0,0.0,0.0,0.0,0.0,0.0,0.0,0.0,0.0,0.0,0.0,0.0,0.0,0,0
2963,5540,Horn Calling: Storm,1957,attack_param,700000371,6903,AccumuVal [8],0,direct,self_mechanic,,on_hit,,,1,effect targets the attacker/self and is not target buildup,0.0,0.0,0.0,0.0,0.0,0.0,0.0,0.0,0.0,0.0,0.0,0.0,0.0,0,0
2964,5540,Horn Calling: Storm,1958,attack_param,700000374,6903,AccumuVal [8],0,direct,self_mechanic,,on_hit,,,1,effect targets the attacker/self and is not target buildup,0.0,0.0,0.0,0.0,0.0,0.0,0.0,0.0,0.0,0.0,0.0,0.0,0.0,0,0
2965,5540,Horn Calling: Storm,1959,attack_param,700000379,6903,AccumuVal [8],0,direct,self_mechanic,,on_hit,,,1,effect targets the attacker/self and is not target buildup,0.0,0.0,0.0,0.0,0.0,0.0,0.0,0.0,0.0,0.0,0.0,0.0,0.0,0,0
2966,5540,Horn Calling: Storm,1960,attack_param,700000381,6903,AccumuVal [8],0,direct,self_mechanic,,on_hit,,,1,effect targets the attacker/self and is not target buildup,0.0,0.0,0.0,0.0,0.0,0.0,0.0,0.0,0.0,0.0,0.0,0.0,0.0,0,0
2967,5540,Horn Calling: Storm,1961,attack_param,700000380,6903,AccumuVal [8],0,direct,self_mechanic,,on_hit,,,1,effect targets the attacker/self and is not target buildup,0.0,0.0,0.0,0.0,0.0,0.0,0.0,0.0,0.0,0.0,0.0,0.0,0.0,0,0
2968,5540,Horn Calling: Storm,1962,attack_param,700000382,6903,AccumuVal [8],0,direct,self_mechanic,,on_hit,,,1,effect targets the attacker/self and is not target buildup,0.0,0.0,0.0,0.0,0.0,0.0,0.0,0.0,0.0,0.0,0.0,0.0,0.0,0,0
2969,5540,Horn Calling: Storm,1963,attack_param,700000385,6903,AccumuVal [8],0,direct,self_mechanic,,on_hit,,,1,effect targets the attacker/self and is not target buildup,0.0,0.0,0.0,0.0,0.0,0.0,0.0,0.0,0.0,0.0,0.0,0.0,0.0,0,0
2970,5540,Horn Calling: Storm,1964,attack_param,700000387,6903,AccumuVal [8],0,direct,self_mechanic,,on_hit,,,1,effect targets the attacker/self and is not target buildup,0.0,0.0,0.0,0.0,0.0,0.0,0.0,0.0,0.0,0.0,0.0,0.0,0.0,0,0
2971,5540,Horn Calling: Storm,1965,attack_param,700000386,6903,AccumuVal [8],0,direct,self_mechanic,,on_hit,,,1,effect targets the attacker/self and is not target buildup,0.0,0.0,0.0,0.0,0.0,0.0,0.0,0.0,0.0,0.0,0.0,0.0,0.0,0,0
2972,5540,Horn Calling: Storm,1966,attack_param,700000388,6903,AccumuVal [8],0,direct,self_mechanic,,on_hit,,,1,effect targets the attacker/self and is not target buildup,0.0,0.0,0.0,0.0,0.0,0.0,0.0,0.0,0.0,0.0,0.0,0.0,0.0,0,0
2973,5540,Horn Calling: Storm,1967,attack_param,700000376,6903,AccumuVal [8],0,direct,self_mechanic,,on_hit,,,1,effect targets the attacker/self and is not target buildup,0.0,0.0,0.0,0.0,0.0,0.0,0.0,0.0,0.0,0.0,0.0,0.0,0.0,0,0
2974,5540,Horn Calling: Storm,1968,attack_param,700000377,6903,AccumuVal [8],0,direct,self_mechanic,,on_hit,,,1,effect targets the attacker/self and is not target buildup,0.0,0.0,0.0,0.0,0.0,0.0,0.0,0.0,0.0,0.0,0.0,0.0,0.0,0,0
2975,5540,Horn Calling: Storm,1969,attack_param,700000383,6903,AccumuVal [8],0,direct,self_mechanic,,on_hit,,,1,effect targets the attacker/self and is not target buildup,0.0,0.0,0.0,0.0,0.0,0.0,0.0,0.0,0.0,0.0,0.0,0.0,0.0,0,0
2976,5540,Horn Calling: Storm,1970,attack_param,700000384,6903,AccumuVal [8],0,direct,self_mechanic,,on_hit,,,1,effect targets the attacker/self and is not target buildup,0.0,0.0,0.0,0.0,0.0,0.0,0.0,0.0,0.0,0.0,0.0,0.0,0.0,0,0
2977,5540,Horn Calling: Storm,1971,attack_param,700000389,6903,AccumuVal [8],0,direct,self_mechanic,,on_hit,,,1,effect targets the attacker/self and is not target buildup,0.0,0.0,0.0,0.0,0.0,0.0,0.0,0.0,0.0,0.0,0.0,0.0,0.0,0,0
2978,5540,Horn Calling: Storm,1972,attack_param,700000390,6903,AccumuVal [8],0,direct,self_mechanic,,on_hit,,,1,effect targets the attacker/self and is not target buildup,0.0,0.0,0.0,0.0,0.0,0.0,0.0,0.0,0.0,0.0,0.0,0.0,0.0,0,0
2979,5550,Tremendous Phalanx,1778,attack_param,700000050,6904,AccumuVal [10],0,direct,self_mechanic,,on_hit,,,1,effect targets the attacker/self and is not target buildup,0.0,0.0,0.0,0.0,0.0,0.0,0.0,0.0,0.0,0.0,0.0,0.0,0.0,0,0
2980,5550,Tremendous Phalanx,1779,attack_param,700000051,6903,AccumuVal [8],0,direct,self_mechanic,,on_hit,,,1,effect targets the attacker/self and is not target buildup,0.0,0.0,0.0,0.0,0.0,0.0,0.0,0.0,0.0,0.0,0.0,0.0,0.0,0,0
2981,5560,Bloodfiends' Bloodboon,2426,attack_param,700000206,6903,AccumuVal [8],0,direct,self_mechanic,,on_hit,,,1,effect targets the attacker/self and is not target buildup,0.0,0.0,0.0,0.0,0.0,0.0,0.0,0.0,0.0,0.0,0.0,0.0,0.0,0,0
2982,5560,Bloodfiends' Bloodboon,2427,attack_param,700000206,6903,AccumuVal [8],0,direct,self_mechanic,,on_hit,,,1,effect targets the attacker/self and is not target buildup,0.0,0.0,0.0,0.0,0.0,0.0,0.0,0.0,0.0,0.0,0.0,0.0,0.0,0,0
2983,5560,Bloodfiends' Bloodboon,2428,attack_param,700000226,6903,AccumuVal [8],0,direct,self_mechanic,,on_hit,,,1,effect targets the attacker/self and is not target buildup,0.0,0.0,0.0,0.0,0.0,0.0,0.0,0.0,0.0,0.0,0.0,0.0,0.0,0,0
2984,5570,Dragonform Flame,2166,attack_param,700000420,6903,AccumuVal [8],0,direct,self_mechanic,,on_hit,,,1,effect targets the attacker/self and is not target buildup,0.0,0.0,0.0,0.0,0.0,0.0,0.0,0.0,0.0,0.0,0.0,0.0,0.0,0,0
2985,5570,Dragonform Flame,2167,attack_param,700000421,6903,AccumuVal [8],0,direct,self_mechanic,,on_hit,,,1,effect targets the attacker/self and is not target buildup,0.0,0.0,0.0,0.0,0.0,0.0,0.0,0.0,0.0,0.0,0.0,0.0,0.0,0,0
2986,5580,Lightspeed Slash,1825,attack_param,700000070,6903,AccumuVal [8],0,direct,self_mechanic,,on_hit,,,1,effect targets the attacker/self and is not target buildup,0.0,0.0,0.0,0.0,0.0,0.0,0.0,0.0,0.0,0.0,0.0,0.0,0.0,0,0
2987,5580,Lightspeed Slash,1828,attack_param,700000075,6903,AccumuVal [8],0,direct,self_mechanic,,on_hit,,,1,effect targets the attacker/self and is not target buildup,0.0,0.0,0.0,0.0,0.0,0.0,0.0,0.0,0.0,0.0,0.0,0.0,0.0,0,0
2988,5590,Impaling Thrust,1844,attack_param,300000010,6903,AccumuVal [8],0,direct,self_mechanic,,on_hit,,,1,effect targets the attacker/self and is not target buildup,0.0,0.0,0.0,0.0,0.0,0.0,0.0,0.0,0.0,0.0,0.0,0.0,0.0,0,0
2989,5590,Impaling Thrust,1845,attack_param,300000011,6903,AccumuVal [8],0,direct,self_mechanic,,on_hit,,,1,effect targets the attacker/self and is not target buildup,0.0,0.0,0.0,0.0,0.0,0.0,0.0,0.0,0.0,0.0,0.0,0.0,0.0,0,0
2990,8000,Shield Strike,1556,attack_param,3000400,1667,,0,direct,self_mechanic,,on_hit,,,1,effect targets the attacker/self and is not target buildup,0.0,0.0,0.0,0.0,0.0,0.0,0.0,0.0,0.0,0.0,0.0,0.0,0.0,0,0
2991,8000,Shield Strike,1556,attack_param,3000400,6903,AccumuVal [8],0,direct,self_mechanic,,on_hit,,,1,effect targets the attacker/self and is not target buildup,0.0,0.0,0.0,0.0,0.0,0.0,0.0,0.0,0.0,0.0,0.0,0.0,0.0,0,0
2992,8000,Shield Strike,1557,attack_param,3000410,1667,,0,direct,self_mechanic,,on_hit,,,1,effect targets the attacker/self and is not target buildup,0.0,0.0,0.0,0.0,0.0,0.0,0.0,0.0,0.0,0.0,0.0,0.0,0.0,0,0
2993,8000,Shield Strike,1557,attack_param,3000410,6903,AccumuVal [8],0,direct,self_mechanic,,on_hit,,,1,effect targets the attacker/self and is not target buildup,0.0,0.0,0.0,0.0,0.0,0.0,0.0,0.0,0.0,0.0,0.0,0.0,0.0,0,0
2994,8000,Shield Strike,1558,attack_param,3000420,1667,,0,direct,self_mechanic,,on_hit,,,1,effect targets the attacker/self and is not target buildup,0.0,0.0,0.0,0.0,0.0,0.0,0.0,0.0,0.0,0.0,0.0,0.0,0.0,0,0
2995,8000,Shield Strike,1558,attack_param,3000420,6903,AccumuVal [8],0,direct,self_mechanic,,on_hit,,,1,effect targets the attacker/self and is not target buildup,0.0,0.0,0.0,0.0,0.0,0.0,0.0,0.0,0.0,0.0,0.0,0.0,0.0,0,0
2996,8000,Shield Strike,1559,attack_param,3000430,1667,,0,direct,self_mechanic,,on_hit,,,1,effect targets the attacker/self and is not target buildup,0.0,0.0,0.0,0.0,0.0,0.0,0.0,0.0,0.0,0.0,0.0,0.0,0.0,0,0
2997,8000,Shield Strike,1559,attack_param,3000430,6903,AccumuVal [8],0,direct,self_mechanic,,on_hit,,,1,effect targets the attacker/self and is not target buildup,0.0,0.0,0.0,0.0,0.0,0.0,0.0,0.0,0.0,0.0,0.0,0.0,0.0,0,0
2998,8000,Shield Strike,1560,attack_param,3100400,1667,,0,direct,self_mechanic,,on_hit,,,1,effect targets the attacker/self and is not target buildup,0.0,0.0,0.0,0.0,0.0,0.0,0.0,0.0,0.0,0.0,0.0,0.0,0.0,0,0
2999,8000,Shield Strike,1560,attack_param,3100400,6903,AccumuVal [8],0,direct,self_mechanic,,on_hit,,,1,effect targets the attacker/self and is not target buildup,0.0,0.0,0.0,0.0,0.0,0.0,0.0,0.0,0.0,0.0,0.0,0.0,0.0,0,0
3000,8000,Shield Strike,1561,attack_param,3100410,1667,,0,direct,self_mechanic,,on_hit,,,1,effect targets the attacker/self and is not target buildup,0.0,0.0,0.0,0.0,0.0,0.0,0.0,0.0,0.0,0.0,0.0,0.0,0.0,0,0
3001,8000,Shield Strike,1561,attack_param,3100410,6903,AccumuVal [8],0,direct,self_mechanic,,on_hit,,,1,effect targets the attacker/self and is not target buildup,0.0,0.0,0.0,0.0,0.0,0.0,0.0,0.0,0.0,0.0,0.0,0.0,0.0,0,0
3002,8000,Shield Strike,1562,attack_param,3100420,1667,,0,direct,self_mechanic,,on_hit,,,1,effect targets the attacker/self and is not target buildup,0.0,0.0,0.0,0.0,0.0,0.0,0.0,0.0,0.0,0.0,0.0,0.0,0.0,0,0
3003,8000,Shield Strike,1562,attack_param,3100420,6903,AccumuVal [8],0,direct,self_mechanic,,on_hit,,,1,effect targets the attacker/self and is not target buildup,0.0,0.0,0.0,0.0,0.0,0.0,0.0,0.0,0.0,0.0,0.0,0.0,0.0,0,0
3004,8000,Shield Strike,1563,attack_param,3100430,1667,,0,direct,self_mechanic,,on_hit,,,1,effect targets the attacker/self and is not target buildup,0.0,0.0,0.0,0.0,0.0,0.0,0.0,0.0,0.0,0.0,0.0,0.0,0.0,0,0
3005,8000,Shield Strike,1563,attack_param,3100430,6903,AccumuVal [8],0,direct,self_mechanic,,on_hit,,,1,effect targets the attacker/self and is not target buildup,0.0,0.0,0.0,0.0,0.0,0.0,0.0,0.0,0.0,0.0,0.0,0.0,0.0,0,0
3006,8000,Shield Strike,1564,attack_param,3200400,1667,,0,direct,self_mechanic,,on_hit,,,1,effect targets the attacker/self and is not target buildup,0.0,0.0,0.0,0.0,0.0,0.0,0.0,0.0,0.0,0.0,0.0,0.0,0.0,0,0
3007,8000,Shield Strike,1564,attack_param,3200400,6903,AccumuVal [8],0,direct,self_mechanic,,on_hit,,,1,effect targets the attacker/self and is not target buildup,0.0,0.0,0.0,0.0,0.0,0.0,0.0,0.0,0.0,0.0,0.0,0.0,0.0,0,0
3008,8000,Shield Strike,1564,bullet_target,3200402,26007,,0,direct,per_hit_status,,on_hit,,,1,target status payload is attached to this hit by numeric ID,1.0,0.0,0.0,0.0,0.0,0.0,0.0,0.0,0.0,0.0,0.0,80.0,0.0,0,0
3009,8000,Shield Strike,1565,attack_param,3200410,1667,,0,direct,self_mechanic,,on_hit,,,1,effect targets the attacker/self and is not target buildup,0.0,0.0,0.0,0.0,0.0,0.0,0.0,0.0,0.0,0.0,0.0,0.0,0.0,0,0
3010,8000,Shield Strike,1565,attack_param,3200410,6903,AccumuVal [8],0,direct,self_mechanic,,on_hit,,,1,effect targets the attacker/self and is not target buildup,0.0,0.0,0.0,0.0,0.0,0.0,0.0,0.0,0.0,0.0,0.0,0.0,0.0,0,0
3011,8000,Shield Strike,1565,bullet_target,3200412,26007,,0,direct,per_hit_status,,on_hit,,,1,target status payload is attached to this hit by numeric ID,1.0,0.0,0.0,0.0,0.0,0.0,0.0,0.0,0.0,0.0,0.0,80.0,0.0,0,0
3012,8000,Shield Strike,1566,attack_param,3200420,1667,,0,direct,self_mechanic,,on_hit,,,1,effect targets the attacker/self and is not target buildup,0.0,0.0,0.0,0.0,0.0,0.0,0.0,0.0,0.0,0.0,0.0,0.0,0.0,0,0
3013,8000,Shield Strike,1566,attack_param,3200420,6903,AccumuVal [8],0,direct,self_mechanic,,on_hit,,,1,effect targets the attacker/self and is not target buildup,0.0,0.0,0.0,0.0,0.0,0.0,0.0,0.0,0.0,0.0,0.0,0.0,0.0,0,0
3014,8000,Shield Strike,1567,attack_param,6100400,1667,,0,direct,self_mechanic,,on_hit,,,1,effect targets the attacker/self and is not target buildup,0.0,0.0,0.0,0.0,0.0,0.0,0.0,0.0,0.0,0.0,0.0,0.0,0.0,0,0
3015,8000,Shield Strike,1567,attack_param,6100400,6903,AccumuVal [8],0,direct,self_mechanic,,on_hit,,,1,effect targets the attacker/self and is not target buildup,0.0,0.0,0.0,0.0,0.0,0.0,0.0,0.0,0.0,0.0,0.0,0.0,0.0,0,0
3016,8000,Shield Strike,1568,attack_param,6100410,1667,,0,direct,self_mechanic,,on_hit,,,1,effect targets the attacker/self and is not target buildup,0.0,0.0,0.0,0.0,0.0,0.0,0.0,0.0,0.0,0.0,0.0,0.0,0.0,0,0
3017,8000,Shield Strike,1568,attack_param,6100410,6903,AccumuVal [8],0,direct,self_mechanic,,on_hit,,,1,effect targets the attacker/self and is not target buildup,0.0,0.0,0.0,0.0,0.0,0.0,0.0,0.0,0.0,0.0,0.0,0.0,0.0,0,0
3018,8000,Shield Strike,1569,attack_param,6100420,1667,,0,direct,self_mechanic,,on_hit,,,1,effect targets the attacker/self and is not target buildup,0.0,0.0,0.0,0.0,0.0,0.0,0.0,0.0,0.0,0.0,0.0,0.0,0.0,0,0
3019,8000,Shield Strike,1569,attack_param,6100420,6903,AccumuVal [8],0,direct,self_mechanic,,on_hit,,,1,effect targets the attacker/self and is not target buildup,0.0,0.0,0.0,0.0,0.0,0.0,0.0,0.0,0.0,0.0,0.0,0.0,0.0,0,0
3020,8000,Shield Strike,1570,attack_param,6100430,1667,,0,direct,self_mechanic,,on_hit,,,1,effect targets the attacker/self and is not target buildup,0.0,0.0,0.0,0.0,0.0,0.0,0.0,0.0,0.0,0.0,0.0,0.0,0.0,0,0
3021,8000,Shield Strike,1570,attack_param,6100430,6903,AccumuVal [8],0,direct,self_mechanic,,on_hit,,,1,effect targets the attacker/self and is not target buildup,0.0,0.0,0.0,0.0,0.0,0.0,0.0,0.0,0.0,0.0,0.0,0.0,0.0,0,0
