aow_id,sheet_row,atk_id,atk_effect_count,bullet_source_count,effect_record_count,supported_target_effect_count,status,reason
100,63,300300820,1,0,1,0,resolved,numeric AtkParam/Bullet/SpEffect graph resolved
100,64,300300821,1,0,1,0,resolved,numeric AtkParam/Bullet/SpEffect graph resolved
101,946,300000010,1,0,1,0,resolved,numeric AtkParam/Bullet/SpEffect graph resolved
101,947,300000011,1,0,1,0,resolved,numeric AtkParam/Bullet/SpEffect graph resolved
101,1142,600000830,1,0,1,0,resolved,numeric AtkParam/Bullet/SpEffect graph resolved
101,1143,600000831,1,0,1,0,resolved,numeric AtkParam/Bullet/SpEffect graph resolved
101,1144,600000832,1,0,1,0,resolved,numeric AtkParam/Bullet/SpEffect graph resolved
101,1145,600000836,1,0,1,0,resolved,numeric AtkParam/Bullet/SpEffect graph resolved
101,1146,600000833,1,0,1,0,resolved,numeric AtkParam/Bullet/SpEffect graph resolved
101,1147,600000834,1,0,1,0,resolved,numeric AtkParam/Bullet/SpEffect graph resolved
101,1148,600000835,1,0,1,0,resolved,numeric AtkParam/Bullet/SpEffect graph resolved
101,1149,600000837,1,0,1,0,resolved,numeric AtkParam/Bullet/SpEffect graph resolved
101,1844,300000010,1,0,1,0,resolved,numeric AtkParam/Bullet/SpEffect graph resolved
101,1845,300000011,1,0,1,0,resolved,numeric AtkParam/Bullet/SpEffect graph resolved
102,958,300000050,1,0,1,0,resolved,numeric AtkParam/Bullet/SpEffect graph resolved
102,959,300000051,1,0,1,0,resolved,numeric AtkParam/Bullet/SpEffect graph resolved
103,880,300000220,1,0,1,0,resolved,numeric AtkParam/Bullet/SpEffect graph resolved
103,881,300000221,1,0,1,0,resolved,numeric AtkParam/Bullet/SpEffect graph resolved
103,882,300000222,1,0,1,0,resolved,numeric AtkParam/Bullet/SpEffect graph resolved
103,883,300000225,1,0,1,0,resolved,numeric AtkParam/Bullet/SpEffect graph resolved
103,884,300000226,1,0,1,0,resolved,numeric AtkParam/Bullet/SpEffect graph resolved
103,885,300000227,1,0,1,0,resolved,numeric AtkParam/Bullet/SpEffect graph resolved
103,886,300000220,1,0,1,0,resolved,numeric AtkParam/Bullet/SpEffect graph resolved
103,887,300000221,1,0,1,0,resolved,numeric AtkParam/Bullet/SpEffect graph resolved
103,888,300000222,1,0,1,0,resolved,numeric AtkParam/Bullet/SpEffect graph resolved
103,889,300000225,1,0,1,0,resolved,numeric AtkParam/Bullet/SpEffect graph resolved
103,890,300000226,1,0,1,0,resolved,numeric AtkParam/Bullet/SpEffect graph resolved
103,891,300000227,1,0,1,0,resolved,numeric AtkParam/Bullet/SpEffect graph resolved
103,892,300000220,1,0,1,0,resolved,numeric AtkParam/Bullet/SpEffect graph resolved
103,893,300000221,1,0,1,0,resolved,numeric AtkParam/Bullet/SpEffect graph resolved
103,894,300000222,1,0,1,0,resolved,numeric AtkParam/Bullet/SpEffect graph resolved
103,895,300000225,1,0,1,0,resolved,numeric AtkParam/Bullet/SpEffect graph resolved
103,896,300000226,1,0,1,0,resolved,numeric AtkParam/Bullet/SpEffect graph resolved
103,897,300000227,1,0,1,0,resolved,numeric AtkParam/Bullet/SpEffect graph resolved
103,898,300000220,1,0,1,0,resolved,numeric AtkParam/Bullet/SpEffect graph resolved
103,899,300000221,1,0,1,0,resolved,numeric AtkParam/Bullet/SpEffect graph resolved
103,900,300000222,1,0,1,0,resolved,numeric AtkParam/Bullet/SpEffect graph resolved
103,901,300000225,1,0,1,0,resolved,numeric AtkParam/Bullet/SpEffect graph resolved
103,902,300000226,1,0,1,0,resolved,numeric AtkParam/Bullet/SpEffect graph resolved
103,903,300000227,1,0,1,0,resolved,numeric AtkParam/Bullet/SpEffect graph resolved
103,904,300000220,1,0,1,0,resolved,numeric AtkParam/Bullet/SpEffect graph resolved
103,905,300000221,1,0,1,0,resolved,numeric AtkParam/Bullet/SpEffect graph resolved
103,906,300000222,1,0,1,0,resolved,numeric AtkParam/Bullet/SpEffect graph resolved
103,907,300000225,1,0,1,0,resolved,numeric AtkParam/Bullet/SpEffect graph resolved
103,908,300000226,1,0,1,0,resolved,numeric AtkParam/Bullet/SpEffect graph resolved
103,909,300000227,1,0,1,0,resolved,numeric AtkParam/Bullet/SpEffect graph resolved
103,910,300000220,1,0,1,0,resolved,numeric AtkParam/Bullet/SpEffect graph resolved
103,911,300000221,1,0,1,0,resolved,numeric AtkParam/Bullet/SpEffect graph resolved
103,912,300000222,1,0,1,0,resolved,numeric AtkParam/Bullet/SpEffect graph resolved
103,913,300000225,1,0,1,0,resolved,numeric AtkParam/Bullet/SpEffect graph resolved
103,914,300000226,1,0,1,0,resolved,numeric AtkParam/Bullet/SpEffect graph resolved
103,915,300000227,1,0,1,0,resolved,numeric AtkParam/Bullet/SpEffect graph resolved
103,916,300000220,1,0,1,0,resolved,numeric AtkParam/Bullet/SpEffect graph resolved
103,917,300000221,1,0,1,0,resolved,numeric AtkParam/Bullet/SpEffect graph resolved
103,918,300000222,1,0,1,0,resolved,numeric AtkParam/Bullet/SpEffect graph resolved
103,919,300000225,1,0,1,0,resolved,numeric AtkParam/Bullet/SpEffect graph resolved
103,920,300000226,1,0,1,0,resolved,numeric AtkParam/Bullet/SpEffect graph resolved
103,921,300000227,1,0,1,0,resolved,numeric AtkParam/Bullet/SpEffect graph resolved
103,922,300000220,1,0,1,0,resolved,numeric AtkParam/Bullet/SpEffect graph resolved
103,923,300000221,1,0,1,0,resolved,numeric AtkParam/Bullet/SpEffect graph resolved
103,924,300000222,1,0,1,0,resolved,numeric AtkParam/Bullet/SpEffect graph resolved
103,925,300000225,1,0,1,0,resolved,numeric AtkParam/Bullet/SpEffect graph resolved
103,926,300000226,1,0,1,0,resolved,numeric AtkParam/Bullet/SpEffect graph resolved
103,927,300000227,1,0,1,0,resolved,numeric AtkParam/Bullet/SpEffect graph resolved
103,928,300000230,1,0,1,0,resolved,numeric AtkParam/Bullet/SpEffect graph resolved
103,929,300000231,1,0,1,0,resolved,numeric AtkParam/Bullet/SpEffect graph resolved
103,930,300000232,1,0,1,0,resolved,numeric AtkParam/Bullet/SpEffect graph resolved
103,931,300000235,1,0,1,0,resolved,numeric AtkParam/Bullet/SpEffect graph resolved
103,932,300000236,1,0,1,0,resolved,numeric AtkParam/Bullet/SpEffect graph resolved
103,933,300000237,1,0,1,0,resolved,numeric AtkParam/Bullet/SpEffect graph resolved
103,934,300000240,1,0,1,0,resolved,numeric AtkParam/Bullet/SpEffect graph resolved
103,935,300000241,1,0,1,0,resolved,numeric AtkParam/Bullet/SpEffect graph resolved
103,936,300000242,1,0,1,0,resolved,numeric AtkParam/Bullet/SpEffect graph resolved
103,937,300000245,1,0,1,0,resolved,numeric AtkParam/Bullet/SpEffect graph resolved
103,938,300000246,1,0,1,0,resolved,numeric AtkParam/Bullet/SpEffect graph resolved
103,939,300000247,1,0,1,0,resolved,numeric AtkParam/Bullet/SpEffect graph resolved
103,940,300000250,1,0,1,0,resolved,numeric AtkParam/Bullet/SpEffect graph resolved
103,941,300000251,1,0,1,0,resolved,numeric AtkParam/Bullet/SpEffect graph resolved
103,942,300000252,1,0,1,0,resolved,numeric AtkParam/Bullet/SpEffect graph resolved
103,943,300000255,1,0,1,0,resolved,numeric AtkParam/Bullet/SpEffect graph resolved
103,944,300000256,1,0,1,0,resolved,numeric AtkParam/Bullet/SpEffect graph resolved
103,945,300000257,1,0,1,0,resolved,numeric AtkParam/Bullet/SpEffect graph resolved
103,2462,300000230,1,0,1,0,resolved,numeric AtkParam/Bullet/SpEffect graph resolved
103,2463,300000231,1,0,1,0,resolved,numeric AtkParam/Bullet/SpEffect graph resolved
103,2464,300000232,1,0,1,0,resolved,numeric AtkParam/Bullet/SpEffect graph resolved
103,2465,30090011,1,4,1,1,resolved,numeric AtkParam/Bullet/SpEffect graph resolved
103,2466,30090012,1,4,2,2,resolved,numeric AtkParam/Bullet/SpEffect graph resolved
103,2467,300000235,1,0,1,0,resolved,numeric AtkParam/Bullet/SpEffect graph resolved
103,2468,300000236,1,0,1,0,resolved,numeric AtkParam/Bullet/SpEffect graph resolved
103,2469,300000237,1,0,1,0,resolved,numeric AtkParam/Bullet/SpEffect graph resolved
105,1150,301701900,0,0,0,0,no_effects,no target or shooter SpEffect is attached
105,1151,301701901,0,0,0,0,no_effects,no target or shooter SpEffect is attached
105,1152,301701902,0,0,0,0,no_effects,no target or shooter SpEffect is attached
105,1153,301701903,0,0,0,0,no_effects,no target or shooter SpEffect is attached
105,1154,301701904,0,0,0,0,no_effects,no target or shooter SpEffect is attached
105,1155,301701903,0,0,0,0,no_effects,no target or shooter SpEffect is attached
105,1156,301701905,0,0,0,0,no_effects,no target or shooter SpEffect is attached
105,1157,301701906,0,0,0,0,no_effects,no target or shooter SpEffect is attached
105,1158,301701907,0,0,0,0,no_effects,no target or shooter SpEffect is attached
105,1159,301701908,0,0,0,0,no_effects,no target or shooter SpEffect is attached
105,1160,301701909,0,0,0,0,no_effects,no target or shooter SpEffect is attached
105,1161,301701910,0,0,0,0,no_effects,no target or shooter SpEffect is attached
105,1162,301701909,0,0,0,0,no_effects,no target or shooter SpEffect is attached
105,1163,301701911,0,0,0,0,no_effects,no target or shooter SpEffect is attached
106,2,300000290,1,0,1,0,resolved,numeric AtkParam/Bullet/SpEffect graph resolved
106,3,300000295,1,0,1,0,resolved,numeric AtkParam/Bullet/SpEffect graph resolved
107,4,300000891,1,0,1,0,resolved,numeric AtkParam/Bullet/SpEffect graph resolved
107,5,300000892,1,0,1,0,resolved,numeric AtkParam/Bullet/SpEffect graph resolved
107,6,300000895,1,0,1,0,resolved,numeric AtkParam/Bullet/SpEffect graph resolved
107,7,300000896,1,0,1,0,resolved,numeric AtkParam/Bullet/SpEffect graph resolved
108,1464,300000310,2,0,2,0,resolved,numeric AtkParam/Bullet/SpEffect graph resolved
108,1465,300000311,2,0,2,0,resolved,numeric AtkParam/Bullet/SpEffect graph resolved
108,1466,300000312,2,0,2,0,resolved,numeric AtkParam/Bullet/SpEffect graph resolved
108,1467,300000313,2,0,2,0,resolved,numeric AtkParam/Bullet/SpEffect graph resolved
108,1468,300000315,1,0,1,0,resolved,numeric AtkParam/Bullet/SpEffect graph resolved
108,1469,300000316,1,0,1,0,resolved,numeric AtkParam/Bullet/SpEffect graph resolved
108,1470,300000317,1,0,1,0,resolved,numeric AtkParam/Bullet/SpEffect graph resolved
108,1471,300000318,1,0,1,0,resolved,numeric AtkParam/Bullet/SpEffect graph resolved
108,1472,300100310,2,0,2,0,resolved,numeric AtkParam/Bullet/SpEffect graph resolved
108,1473,300100311,2,0,2,0,resolved,numeric AtkParam/Bullet/SpEffect graph resolved
108,1474,300100312,2,0,2,0,resolved,numeric AtkParam/Bullet/SpEffect graph resolved
108,1475,300100313,2,0,2,0,resolved,numeric AtkParam/Bullet/SpEffect graph resolved
108,1476,300100315,1,0,1,0,resolved,numeric AtkParam/Bullet/SpEffect graph resolved
108,1477,300100316,1,0,1,0,resolved,numeric AtkParam/Bullet/SpEffect graph resolved
108,1478,300100317,1,0,1,0,resolved,numeric AtkParam/Bullet/SpEffect graph resolved
108,1479,300100318,1,0,1,0,resolved,numeric AtkParam/Bullet/SpEffect graph resolved
109,960,300000530,1,0,1,0,resolved,numeric AtkParam/Bullet/SpEffect graph resolved
109,961,300000531,1,0,1,0,resolved,numeric AtkParam/Bullet/SpEffect graph resolved
109,962,300000532,1,0,1,0,resolved,numeric AtkParam/Bullet/SpEffect graph resolved
109,963,300000533,1,0,1,0,resolved,numeric AtkParam/Bullet/SpEffect graph resolved
109,964,300000535,1,0,1,0,resolved,numeric AtkParam/Bullet/SpEffect graph resolved
109,965,300000536,1,0,1,0,resolved,numeric AtkParam/Bullet/SpEffect graph resolved
109,966,300000537,1,0,1,0,resolved,numeric AtkParam/Bullet/SpEffect graph resolved
109,967,300000538,1,0,1,0,resolved,numeric AtkParam/Bullet/SpEffect graph resolved
109,968,300100530,1,0,1,0,resolved,numeric AtkParam/Bullet/SpEffect graph resolved
109,969,300100531,1,0,1,0,resolved,numeric AtkParam/Bullet/SpEffect graph resolved
109,970,300100532,1,0,1,0,resolved,numeric AtkParam/Bullet/SpEffect graph resolved
109,971,300100533,1,0,1,0,resolved,numeric AtkParam/Bullet/SpEffect graph resolved
109,972,300100535,1,0,1,0,resolved,numeric AtkParam/Bullet/SpEffect graph resolved
109,973,300100536,1,0,1,0,resolved,numeric AtkParam/Bullet/SpEffect graph resolved
109,974,300100537,1,0,1,0,resolved,numeric AtkParam/Bullet/SpEffect graph resolved
109,975,300100538,1,0,1,0,resolved,numeric AtkParam/Bullet/SpEffect graph resolved
110,8,301401800,1,0,1,0,resolved,numeric AtkParam/Bullet/SpEffect graph resolved
110,9,301401810,1,0,1,0,resolved,numeric AtkParam/Bullet/SpEffect graph resolved
110,10,301401801,1,0,1,0,resolved,numeric AtkParam/Bullet/SpEffect graph resolved
110,11,301401802,1,0,1,0,resolved,numeric AtkParam/Bullet/SpEffect graph resolved
110,12,301401803,1,0,1,0,resolved,numeric AtkParam/Bullet/SpEffect graph resolved
110,13,301401804,1,0,1,0,resolved,numeric AtkParam/Bullet/SpEffect graph resolved
110,14,301401805,1,0,1,0,resolved,numeric AtkParam/Bullet/SpEffect graph resolved
110,15,301401806,1,0,1,0,resolved,numeric AtkParam/Bullet/SpEffect graph resolved
110,16,301401807,1,0,1,0,resolved,numeric AtkParam/Bullet/SpEffect graph resolved
110,17,301401808,1,0,1,0,resolved,numeric AtkParam/Bullet/SpEffect graph resolved
110,18,301401809,1,0,1,0,resolved,numeric AtkParam/Bullet/SpEffect graph resolved
110,19,301400800,1,0,1,0,resolved,numeric AtkParam/Bullet/SpEffect graph resolved
110,20,301400810,1,0,1,0,resolved,numeric AtkParam/Bullet/SpEffect graph resolved
110,21,301400801,1,0,1,0,resolved,numeric AtkParam/Bullet/SpEffect graph resolved
110,22,301400802,1,0,1,0,resolved,numeric AtkParam/Bullet/SpEffect graph resolved
110,23,301400803,1,0,1,0,resolved,numeric AtkParam/Bullet/SpEffect graph resolved
110,24,301400804,1,0,1,0,resolved,numeric AtkParam/Bullet/SpEffect graph resolved
110,25,301400805,1,0,1,0,resolved,numeric AtkParam/Bullet/SpEffect graph resolved
110,26,301400806,1,0,1,0,resolved,numeric AtkParam/Bullet/SpEffect graph resolved
110,27,301400807,1,0,1,0,resolved,numeric AtkParam/Bullet/SpEffect graph resolved
110,28,301400808,1,0,1,0,resolved,numeric AtkParam/Bullet/SpEffect graph resolved
110,29,301400809,1,0,1,0,resolved,numeric AtkParam/Bullet/SpEffect graph resolved
110,30,301400800,1,0,1,0,resolved,numeric AtkParam/Bullet/SpEffect graph resolved
110,31,301400810,1,0,1,0,resolved,numeric AtkParam/Bullet/SpEffect graph resolved
110,32,301400801,1,0,1,0,resolved,numeric AtkParam/Bullet/SpEffect graph resolved
110,33,301400802,1,0,1,0,resolved,numeric AtkParam/Bullet/SpEffect graph resolved
110,34,301400803,1,0,1,0,resolved,numeric AtkParam/Bullet/SpEffect graph resolved
110,35,301400804,1,0,1,0,resolved,numeric AtkParam/Bullet/SpEffect graph resolved
110,36,301400805,1,0,1,0,resolved,numeric AtkParam/Bullet/SpEffect graph resolved
110,37,301400806,1,0,1,0,resolved,numeric AtkParam/Bullet/SpEffect graph resolved
110,38,301400807,1,0,1,0,resolved,numeric AtkParam/Bullet/SpEffect graph resolved
110,39,301400808,1,0,1,0,resolved,numeric AtkParam/Bullet/SpEffect graph resolved
110,40,301400809,1,0,1,0,resolved,numeric AtkParam/Bullet/SpEffect graph resolved
110,41,301400800,1,0,1,0,resolved,numeric AtkParam/Bullet/SpEffect graph resolved
110,42,301400810,1,0,1,0,resolved,numeric AtkParam/Bullet/SpEffect graph resolved
110,43,301400801,1,0,1,0,resolved,numeric AtkParam/Bullet/SpEffect graph resolved
110,44,301400802,1,0,1,0,resolved,numeric AtkParam/Bullet/SpEffect graph resolved
110,45,301400803,1,0,1,0,resolved,numeric AtkParam/Bullet/SpEffect graph resolved
110,46,301400804,1,0,1,0,resolved,numeric AtkParam/Bullet/SpEffect graph resolved
110,47,301400805,1,0,1,0,resolved,numeric AtkParam/Bullet/SpEffect graph resolved
110,48,301400806,1,0,1,0,resolved,numeric AtkParam/Bullet/SpEffect graph resolved
110,49,301400807,1,0,1,0,resolved,numeric AtkParam/Bullet/SpEffect graph resolved
110,50,301400808,1,0,1,0,resolved,numeric AtkParam/Bullet/SpEffect graph resolved
110,51,301400809,1,0,1,0,resolved,numeric AtkParam/Bullet/SpEffect graph resolved
110,52,301400800,1,0,1,0,resolved,numeric AtkParam/Bullet/SpEffect graph resolved
110,53,301400810,1,0,1,0,resolved,numeric AtkParam/Bullet/SpEffect graph resolved
110,54,301400801,1,0,1,0,resolved,numeric AtkParam/Bullet/SpEffect graph resolved
110,55,301400802,1,0,1,0,resolved,numeric AtkParam/Bullet/SpEffect graph resolved
110,56,301400803,1,0,1,0,resolved,numeric AtkParam/Bullet/SpEffect graph resolved
110,57,301400804,1,0,1,0,resolved,numeric AtkParam/Bullet/SpEffect graph resolved
110,58,301400805,1,0,1,0,resolved,numeric AtkParam/Bullet/SpEffect graph resolved
110,59,301400806,1,0,1,0,resolved,numeric AtkParam/Bullet/SpEffect graph resolved
110,60,301400807,1,0,1,0,resolved,numeric AtkParam/Bullet/SpEffect graph resolved
110,61,301400808,1,0,1,0,resolved,numeric AtkParam/Bullet/SpEffect graph resolved
110,62,301400809,1,0,1,0,resolved,numeric AtkParam/Bullet/SpEffect graph resolved
111,1164,300000910,1,0,1,0,resolved,numeric AtkParam/Bullet/SpEffect graph resolved
111,1165,300000911,1,0,1,0,resolved,numeric AtkParam/Bullet/SpEffect graph resolved
111,1166,300000912,1,0,1,0,resolved,numeric AtkParam/Bullet/SpEffect graph resolved
111,1167,300000913,1,0,1,0,resolved,numeric AtkParam/Bullet/SpEffect graph resolved
111,1168,300000914,1,0,1,0,resolved,numeric AtkParam/Bullet/SpEffect graph resolved
111,1169,300000920,0,1,0,0,no_effects,no target or shooter SpEffect is attached
111,1170,300000915,1,0,1,0,resolved,numeric AtkParam/Bullet/SpEffect graph resolved
111,1171,300000916,1,0,1,0,resolved,numeric AtkParam/Bullet/SpEffect graph resolved
111,1172,300000917,1,0,1,0,resolved,numeric AtkParam/Bullet/SpEffect graph resolved
111,1173,300000918,1,0,1,0,resolved,numeric AtkParam/Bullet/SpEffect graph resolved
111,1174,300000919,1,0,1,0,resolved,numeric AtkParam/Bullet/SpEffect graph resolved
112,976,300000170,1,0,1,0,resolved,numeric AtkParam/Bullet/SpEffect graph resolved
112,977,300000171,3,0,3,0,resolved,numeric AtkParam/Bullet/SpEffect graph resolved
112,978,300000172,1,0,1,0,resolved,numeric AtkParam/Bullet/SpEffect graph resolved
112,979,300000173,1,0,1,0,resolved,numeric AtkParam/Bullet/SpEffect graph resolved
112,980,300000174,3,0,3,0,resolved,numeric AtkParam/Bullet/SpEffect graph resolved
112,981,300000175,3,0,3,0,resolved,numeric AtkParam/Bullet/SpEffect graph resolved
112,982,300000176,1,0,1,0,resolved,numeric AtkParam/Bullet/SpEffect graph resolved
112,983,300000177,3,0,3,0,resolved,numeric AtkParam/Bullet/SpEffect graph resolved
112,984,300000178,1,0,1,0,resolved,numeric AtkParam/Bullet/SpEffect graph resolved
112,985,300000179,1,0,1,0,resolved,numeric AtkParam/Bullet/SpEffect graph resolved
112,986,300000180,3,0,3,0,resolved,numeric AtkParam/Bullet/SpEffect graph resolved
112,987,300000181,3,0,3,0,resolved,numeric AtkParam/Bullet/SpEffect graph resolved
112,988,300000185,1,0,1,0,resolved,numeric AtkParam/Bullet/SpEffect graph resolved
112,989,300000186,3,0,3,0,resolved,numeric AtkParam/Bullet/SpEffect graph resolved
112,990,300000187,1,0,1,0,resolved,numeric AtkParam/Bullet/SpEffect graph resolved
112,991,300000188,1,0,1,0,resolved,numeric AtkParam/Bullet/SpEffect graph resolved
112,992,300000189,3,0,3,0,resolved,numeric AtkParam/Bullet/SpEffect graph resolved
112,993,300000190,3,0,3,0,resolved,numeric AtkParam/Bullet/SpEffect graph resolved
112,994,300000191,1,0,1,0,resolved,numeric AtkParam/Bullet/SpEffect graph resolved
112,995,300000192,3,0,3,0,resolved,numeric AtkParam/Bullet/SpEffect graph resolved
112,996,300000193,1,0,1,0,resolved,numeric AtkParam/Bullet/SpEffect graph resolved
112,997,300000194,1,0,1,0,resolved,numeric AtkParam/Bullet/SpEffect graph resolved
112,998,300000195,3,0,3,0,resolved,numeric AtkParam/Bullet/SpEffect graph resolved
112,999,300000196,3,0,3,0,resolved,numeric AtkParam/Bullet/SpEffect graph resolved
113,1316,300000830,1,0,1,0,resolved,numeric AtkParam/Bullet/SpEffect graph resolved
113,1317,30000831,1,1,1,0,resolved,numeric AtkParam/Bullet/SpEffect graph resolved
113,1318,300000832,1,0,1,0,resolved,numeric AtkParam/Bullet/SpEffect graph resolved
113,1319,300000833,1,0,1,0,resolved,numeric AtkParam/Bullet/SpEffect graph resolved
113,1320,30000835,1,1,1,0,resolved,numeric AtkParam/Bullet/SpEffect graph resolved
113,1321,30000836,1,1,1,0,resolved,numeric AtkParam/Bullet/SpEffect graph resolved
113,1322,300000834,1,0,1,0,resolved,numeric AtkParam/Bullet/SpEffect graph resolved
113,1323,300000837,1,0,1,0,resolved,numeric AtkParam/Bullet/SpEffect graph resolved
113,1324,300000838,1,0,1,0,resolved,numeric AtkParam/Bullet/SpEffect graph resolved
113,1325,300000839,1,0,1,0,resolved,numeric AtkParam/Bullet/SpEffect graph resolved
114,1096,300000560,2,0,2,0,resolved,numeric AtkParam/Bullet/SpEffect graph resolved
114,1097,300000565,2,0,2,0,resolved,numeric AtkParam/Bullet/SpEffect graph resolved
114,1098,300000561,2,0,2,0,resolved,numeric AtkParam/Bullet/SpEffect graph resolved
114,1099,300000566,2,0,2,0,resolved,numeric AtkParam/Bullet/SpEffect graph resolved
115,1138,300000700,3,0,3,0,resolved,numeric AtkParam/Bullet/SpEffect graph resolved
115,1139,300000701,3,0,3,0,resolved,numeric AtkParam/Bullet/SpEffect graph resolved
115,1140,300000705,3,0,3,0,resolved,numeric AtkParam/Bullet/SpEffect graph resolved
115,1141,300000706,3,0,3,0,resolved,numeric AtkParam/Bullet/SpEffect graph resolved
116,1175,301700910,0,0,0,0,no_effects,no target or shooter SpEffect is attached
116,1176,301700915,0,0,0,0,no_effects,no target or shooter SpEffect is attached
118,1273,301000441,1,0,1,0,resolved,numeric AtkParam/Bullet/SpEffect graph resolved
118,1274,301000442,1,0,1,0,resolved,numeric AtkParam/Bullet/SpEffect graph resolved
118,1275,301000443,1,0,1,0,resolved,numeric AtkParam/Bullet/SpEffect graph resolved
118,1276,301000444,1,0,1,0,resolved,numeric AtkParam/Bullet/SpEffect graph resolved
118,1277,301600441,1,0,1,0,resolved,numeric AtkParam/Bullet/SpEffect graph resolved
118,1278,301600442,1,0,1,0,resolved,numeric AtkParam/Bullet/SpEffect graph resolved
118,1279,301600443,1,0,1,0,resolved,numeric AtkParam/Bullet/SpEffect graph resolved
118,1280,301600444,1,0,1,0,resolved,numeric AtkParam/Bullet/SpEffect graph resolved
118,1281,301700441,1,0,1,0,resolved,numeric AtkParam/Bullet/SpEffect graph resolved
118,1282,301700442,1,0,1,0,resolved,numeric AtkParam/Bullet/SpEffect graph resolved
118,1283,301700443,1,0,1,0,resolved,numeric AtkParam/Bullet/SpEffect graph resolved
118,1284,301700444,1,0,1,0,resolved,numeric AtkParam/Bullet/SpEffect graph resolved
118,1285,301800441,1,0,1,0,resolved,numeric AtkParam/Bullet/SpEffect graph resolved
118,1286,301800442,1,0,1,0,resolved,numeric AtkParam/Bullet/SpEffect graph resolved
118,1287,301800443,1,0,1,0,resolved,numeric AtkParam/Bullet/SpEffect graph resolved
118,1288,301800444,1,0,1,0,resolved,numeric AtkParam/Bullet/SpEffect graph resolved
118,1289,301900441,1,0,1,0,resolved,numeric AtkParam/Bullet/SpEffect graph resolved
118,1290,301900442,1,0,1,0,resolved,numeric AtkParam/Bullet/SpEffect graph resolved
118,1291,301900443,1,0,1,0,resolved,numeric AtkParam/Bullet/SpEffect graph resolved
118,1292,301900444,1,0,1,0,resolved,numeric AtkParam/Bullet/SpEffect graph resolved
118,2470,301810900,0,0,0,0,no_effects,no target or shooter SpEffect is attached
118,2471,301810905,1,0,1,0,resolved,numeric AtkParam/Bullet/SpEffect graph resolved
118,2472,301810906,1,0,1,0,resolved,numeric AtkParam/Bullet/SpEffect graph resolved
118,2473,301810910,1,0,1,0,resolved,numeric AtkParam/Bullet/SpEffect graph resolved
118,2474,301810911,1,0,1,0,resolved,numeric AtkParam/Bullet/SpEffect graph resolved
119,1442,300000450,2,0,4,0,resolved,numeric AtkParam/Bullet/SpEffect graph resolved
119,1443,300000455,1,0,1,0,resolved,numeric AtkParam/Bullet/SpEffect graph resolved
120,1245,300000540,1,0,1,0,resolved,numeric AtkParam/Bullet/SpEffect graph resolved
120,1246,300000541,1,0,1,0,resolved,numeric AtkParam/Bullet/SpEffect graph resolved
120,1247,300000541,1,0,1,0,resolved,numeric AtkParam/Bullet/SpEffect graph resolved
120,1248,300000541,1,0,1,0,resolved,numeric AtkParam/Bullet/SpEffect graph resolved
120,1249,300000541,1,0,1,0,resolved,numeric AtkParam/Bullet/SpEffect graph resolved
120,1250,300000541,1,0,1,0,resolved,numeric AtkParam/Bullet/SpEffect graph resolved
120,1251,300000542,1,0,1,0,resolved,numeric AtkParam/Bullet/SpEffect graph resolved
120,1252,300000545,1,0,1,0,resolved,numeric AtkParam/Bullet/SpEffect graph resolved
120,1253,300000546,1,0,1,0,resolved,numeric AtkParam/Bullet/SpEffect graph resolved
120,1254,300000546,1,0,1,0,resolved,numeric AtkParam/Bullet/SpEffect graph resolved
120,1255,300000546,1,0,1,0,resolved,numeric AtkParam/Bullet/SpEffect graph resolved
120,1256,300000546,1,0,1,0,resolved,numeric AtkParam/Bullet/SpEffect graph resolved
120,1257,300000546,1,0,1,0,resolved,numeric AtkParam/Bullet/SpEffect graph resolved
120,1258,300000547,1,0,1,0,resolved,numeric AtkParam/Bullet/SpEffect graph resolved
120,1259,300100540,1,0,1,0,resolved,numeric AtkParam/Bullet/SpEffect graph resolved
120,1260,300100541,1,0,1,0,resolved,numeric AtkParam/Bullet/SpEffect graph resolved
120,1261,300100541,1,0,1,0,resolved,numeric AtkParam/Bullet/SpEffect graph resolved
120,1262,300100541,1,0,1,0,resolved,numeric AtkParam/Bullet/SpEffect graph resolved
120,1263,300100541,1,0,1,0,resolved,numeric AtkParam/Bullet/SpEffect graph resolved
120,1264,300100541,1,0,1,0,resolved,numeric AtkParam/Bullet/SpEffect graph resolved
120,1265,300100542,1,0,1,0,resolved,numeric AtkParam/Bullet/SpEffect graph resolved
120,1266,300100545,1,0,1,0,resolved,numeric AtkParam/Bullet/SpEffect graph resolved
120,1267,300100546,1,0,1,0,resolved,numeric AtkParam/Bullet/SpEffect graph resolved
120,1268,300100546,1,0,1,0,resolved,numeric AtkParam/Bullet/SpEffect graph resolved
120,1269,300100546,1,0,1,0,resolved,numeric AtkParam/Bullet/SpEffect graph resolved
120,1270,300100546,1,0,1,0,resolved,numeric AtkParam/Bullet/SpEffect graph resolved
120,1271,300100546,1,0,1,0,resolved,numeric AtkParam/Bullet/SpEffect graph resolved
120,1272,300100547,1,0,1,0,resolved,numeric AtkParam/Bullet/SpEffect graph resolved
120,2594,303309900,1,0,1,0,resolved,numeric AtkParam/Bullet/SpEffect graph resolved
120,2595,303309900,1,0,1,0,resolved,numeric AtkParam/Bullet/SpEffect graph resolved
120,2596,303309900,1,0,1,0,resolved,numeric AtkParam/Bullet/SpEffect graph resolved
120,2597,303309902,1,0,1,0,resolved,numeric AtkParam/Bullet/SpEffect graph resolved
120,2598,303309905,1,0,1,0,resolved,numeric AtkParam/Bullet/SpEffect graph resolved
120,2599,303309905,1,0,1,0,resolved,numeric AtkParam/Bullet/SpEffect graph resolved
120,2600,303309905,1,0,1,0,resolved,numeric AtkParam/Bullet/SpEffect graph resolved
120,2601,303309907,1,0,1,0,resolved,numeric AtkParam/Bullet/SpEffect graph resolved
122,1184,300000461,1,1,1,0,resolved,numeric AtkParam/Bullet/SpEffect graph resolved
122,1185,300000462,1,1,1,0,resolved,numeric AtkParam/Bullet/SpEffect graph resolved
122,1186,300000460,1,0,1,0,resolved,numeric AtkParam/Bullet/SpEffect graph resolved
122,1187,300000465,1,0,1,0,resolved,numeric AtkParam/Bullet/SpEffect graph resolved
123,1188,300000640,1,0,1,0,resolved,numeric AtkParam/Bullet/SpEffect graph resolved
123,1189,300000641,1,0,1,0,resolved,numeric AtkParam/Bullet/SpEffect graph resolved
123,1190,300000642,1,0,1,0,resolved,numeric AtkParam/Bullet/SpEffect graph resolved
123,1191,300000643,1,1,1,0,resolved,numeric AtkParam/Bullet/SpEffect graph resolved
123,1192,300000644,1,1,1,0,resolved,numeric AtkParam/Bullet/SpEffect graph resolved
123,1193,300000645,1,1,1,0,resolved,numeric AtkParam/Bullet/SpEffect graph resolved
123,1194,300000649,1,0,1,0,resolved,numeric AtkParam/Bullet/SpEffect graph resolved
123,1195,300000650,1,0,1,0,resolved,numeric AtkParam/Bullet/SpEffect graph resolved
123,1196,300000651,1,1,1,0,resolved,numeric AtkParam/Bullet/SpEffect graph resolved
123,1197,300000652,1,1,1,0,resolved,numeric AtkParam/Bullet/SpEffect graph resolved
123,1198,300000655,1,0,1,0,resolved,numeric AtkParam/Bullet/SpEffect graph resolved
123,1199,300000656,1,0,1,0,resolved,numeric AtkParam/Bullet/SpEffect graph resolved
123,1200,300000657,1,1,1,0,resolved,numeric AtkParam/Bullet/SpEffect graph resolved
123,1201,300000658,1,1,1,0,resolved,numeric AtkParam/Bullet/SpEffect graph resolved
123,1202,300000646,1,0,1,0,resolved,numeric AtkParam/Bullet/SpEffect graph resolved
123,1203,300000647,1,0,1,0,resolved,numeric AtkParam/Bullet/SpEffect graph resolved
123,1204,300000648,1,0,1,0,resolved,numeric AtkParam/Bullet/SpEffect graph resolved
123,1205,300000653,1,0,1,0,resolved,numeric AtkParam/Bullet/SpEffect graph resolved
123,1206,300000654,1,0,1,0,resolved,numeric AtkParam/Bullet/SpEffect graph resolved
123,1207,300000659,1,0,1,0,resolved,numeric AtkParam/Bullet/SpEffect graph resolved
123,1208,300000660,1,0,1,0,resolved,numeric AtkParam/Bullet/SpEffect graph resolved
124,1000,300000470,1,0,1,0,resolved,numeric AtkParam/Bullet/SpEffect graph resolved
124,1001,300000471,1,0,1,0,resolved,numeric AtkParam/Bullet/SpEffect graph resolved
124,1002,300000472,1,0,1,0,resolved,numeric AtkParam/Bullet/SpEffect graph resolved
124,1003,300000475,1,0,1,0,resolved,numeric AtkParam/Bullet/SpEffect graph resolved
124,1004,300000476,1,0,1,0,resolved,numeric AtkParam/Bullet/SpEffect graph resolved
124,1005,300000477,1,0,1,0,resolved,numeric AtkParam/Bullet/SpEffect graph resolved
124,1006,300000470,1,0,1,0,resolved,numeric AtkParam/Bullet/SpEffect graph resolved
124,1007,300000471,1,0,1,0,resolved,numeric AtkParam/Bullet/SpEffect graph resolved
124,1008,300000472,1,0,1,0,resolved,numeric AtkParam/Bullet/SpEffect graph resolved
124,1009,300000475,1,0,1,0,resolved,numeric AtkParam/Bullet/SpEffect graph resolved
124,1010,300000476,1,0,1,0,resolved,numeric AtkParam/Bullet/SpEffect graph resolved
124,1011,300000477,1,0,1,0,resolved,numeric AtkParam/Bullet/SpEffect graph resolved
124,1012,300000470,1,0,1,0,resolved,numeric AtkParam/Bullet/SpEffect graph resolved
124,1013,300000471,1,0,1,0,resolved,numeric AtkParam/Bullet/SpEffect graph resolved
124,1014,300000472,1,0,1,0,resolved,numeric AtkParam/Bullet/SpEffect graph resolved
124,1015,300000475,1,0,1,0,resolved,numeric AtkParam/Bullet/SpEffect graph resolved
124,1016,300000476,1,0,1,0,resolved,numeric AtkParam/Bullet/SpEffect graph resolved
124,1017,300000477,1,0,1,0,resolved,numeric AtkParam/Bullet/SpEffect graph resolved
124,1018,300000470,1,0,1,0,resolved,numeric AtkParam/Bullet/SpEffect graph resolved
124,1019,300000471,1,0,1,0,resolved,numeric AtkParam/Bullet/SpEffect graph resolved
124,1020,300000472,1,0,1,0,resolved,numeric AtkParam/Bullet/SpEffect graph resolved
124,1021,300000475,1,0,1,0,resolved,numeric AtkParam/Bullet/SpEffect graph resolved
124,1022,300000476,1,0,1,0,resolved,numeric AtkParam/Bullet/SpEffect graph resolved
124,1023,300000477,1,0,1,0,resolved,numeric AtkParam/Bullet/SpEffect graph resolved
124,1024,300000470,1,0,1,0,resolved,numeric AtkParam/Bullet/SpEffect graph resolved
124,1025,300000471,1,0,1,0,resolved,numeric AtkParam/Bullet/SpEffect graph resolved
124,1026,300000472,1,0,1,0,resolved,numeric AtkParam/Bullet/SpEffect graph resolved
124,1027,300000475,1,0,1,0,resolved,numeric AtkParam/Bullet/SpEffect graph resolved
124,1028,300000476,1,0,1,0,resolved,numeric AtkParam/Bullet/SpEffect graph resolved
124,1029,300000477,1,0,1,0,resolved,numeric AtkParam/Bullet/SpEffect graph resolved
124,1030,300000470,1,0,1,0,resolved,numeric AtkParam/Bullet/SpEffect graph resolved
124,1031,300000471,1,0,1,0,resolved,numeric AtkParam/Bullet/SpEffect graph resolved
124,1032,300000472,1,0,1,0,resolved,numeric AtkParam/Bullet/SpEffect graph resolved
124,1033,300000475,1,0,1,0,resolved,numeric AtkParam/Bullet/SpEffect graph resolved
124,1034,300000476,1,0,1,0,resolved,numeric AtkParam/Bullet/SpEffect graph resolved
124,1035,300000477,1,0,1,0,resolved,numeric AtkParam/Bullet/SpEffect graph resolved
124,1036,300000470,1,0,1,0,resolved,numeric AtkParam/Bullet/SpEffect graph resolved
124,1037,300000471,1,0,1,0,resolved,numeric AtkParam/Bullet/SpEffect graph resolved
124,1038,300000472,1,0,1,0,resolved,numeric AtkParam/Bullet/SpEffect graph resolved
124,1039,300000475,1,0,1,0,resolved,numeric AtkParam/Bullet/SpEffect graph resolved
124,1040,300000476,1,0,1,0,resolved,numeric AtkParam/Bullet/SpEffect graph resolved
124,1041,300000477,1,0,1,0,resolved,numeric AtkParam/Bullet/SpEffect graph resolved
124,1042,300000470,1,0,1,0,resolved,numeric AtkParam/Bullet/SpEffect graph resolved
124,1043,300000471,1,0,1,0,resolved,numeric AtkParam/Bullet/SpEffect graph resolved
124,1044,300000472,1,0,1,0,resolved,numeric AtkParam/Bullet/SpEffect graph resolved
124,1045,300000475,1,0,1,0,resolved,numeric AtkParam/Bullet/SpEffect graph resolved
124,1046,300000476,1,0,1,0,resolved,numeric AtkParam/Bullet/SpEffect graph resolved
124,1047,300000477,1,0,1,0,resolved,numeric AtkParam/Bullet/SpEffect graph resolved
124,1048,300000480,1,0,1,0,resolved,numeric AtkParam/Bullet/SpEffect graph resolved
124,1049,300000481,1,0,1,0,resolved,numeric AtkParam/Bullet/SpEffect graph resolved
124,1050,300000482,1,0,1,0,resolved,numeric AtkParam/Bullet/SpEffect graph resolved
124,1051,300000485,1,0,1,0,resolved,numeric AtkParam/Bullet/SpEffect graph resolved
124,1052,300000486,1,0,1,0,resolved,numeric AtkParam/Bullet/SpEffect graph resolved
124,1053,300000487,1,0,1,0,resolved,numeric AtkParam/Bullet/SpEffect graph resolved
124,1054,300000480,1,0,1,0,resolved,numeric AtkParam/Bullet/SpEffect graph resolved
124,1055,300000481,1,0,1,0,resolved,numeric AtkParam/Bullet/SpEffect graph resolved
124,1056,300000482,1,0,1,0,resolved,numeric AtkParam/Bullet/SpEffect graph resolved
124,1057,300000485,1,0,1,0,resolved,numeric AtkParam/Bullet/SpEffect graph resolved
124,1058,300000486,1,0,1,0,resolved,numeric AtkParam/Bullet/SpEffect graph resolved
124,1059,300000487,1,0,1,0,resolved,numeric AtkParam/Bullet/SpEffect graph resolved
124,1060,300000480,1,0,1,0,resolved,numeric AtkParam/Bullet/SpEffect graph resolved
124,1061,300000481,1,0,1,0,resolved,numeric AtkParam/Bullet/SpEffect graph resolved
124,1062,300000482,1,0,1,0,resolved,numeric AtkParam/Bullet/SpEffect graph resolved
124,1063,300000485,1,0,1,0,resolved,numeric AtkParam/Bullet/SpEffect graph resolved
124,1064,300000486,1,0,1,0,resolved,numeric AtkParam/Bullet/SpEffect graph resolved
124,1065,300000487,1,0,1,0,resolved,numeric AtkParam/Bullet/SpEffect graph resolved
124,1066,300000480,1,0,1,0,resolved,numeric AtkParam/Bullet/SpEffect graph resolved
124,1067,300000481,1,0,1,0,resolved,numeric AtkParam/Bullet/SpEffect graph resolved
124,1068,300000482,1,0,1,0,resolved,numeric AtkParam/Bullet/SpEffect graph resolved
124,1069,300000485,1,0,1,0,resolved,numeric AtkParam/Bullet/SpEffect graph resolved
124,1070,300000486,1,0,1,0,resolved,numeric AtkParam/Bullet/SpEffect graph resolved
124,1071,300000487,1,0,1,0,resolved,numeric AtkParam/Bullet/SpEffect graph resolved
124,1072,300000490,1,0,1,0,resolved,numeric AtkParam/Bullet/SpEffect graph resolved
124,1073,300000491,1,0,1,0,resolved,numeric AtkParam/Bullet/SpEffect graph resolved
124,1074,300000492,1,0,1,0,resolved,numeric AtkParam/Bullet/SpEffect graph resolved
124,1075,300000495,1,0,1,0,resolved,numeric AtkParam/Bullet/SpEffect graph resolved
124,1076,300000496,1,0,1,0,resolved,numeric AtkParam/Bullet/SpEffect graph resolved
124,1077,300000497,1,0,1,0,resolved,numeric AtkParam/Bullet/SpEffect graph resolved
124,1078,300000490,1,0,1,0,resolved,numeric AtkParam/Bullet/SpEffect graph resolved
124,1079,300000491,1,0,1,0,resolved,numeric AtkParam/Bullet/SpEffect graph resolved
124,1080,300000492,1,0,1,0,resolved,numeric AtkParam/Bullet/SpEffect graph resolved
124,1081,300000495,1,0,1,0,resolved,numeric AtkParam/Bullet/SpEffect graph resolved
124,1082,300000496,1,0,1,0,resolved,numeric AtkParam/Bullet/SpEffect graph resolved
124,1083,300000497,1,0,1,0,resolved,numeric AtkParam/Bullet/SpEffect graph resolved
124,1084,300000490,1,0,1,0,resolved,numeric AtkParam/Bullet/SpEffect graph resolved
124,1085,300000491,1,0,1,0,resolved,numeric AtkParam/Bullet/SpEffect graph resolved
124,1086,300000492,1,0,1,0,resolved,numeric AtkParam/Bullet/SpEffect graph resolved
124,1087,300000495,1,0,1,0,resolved,numeric AtkParam/Bullet/SpEffect graph resolved
124,1088,300000496,1,0,1,0,resolved,numeric AtkParam/Bullet/SpEffect graph resolved
124,1089,300000497,1,0,1,0,resolved,numeric AtkParam/Bullet/SpEffect graph resolved
124,1090,301000490,1,0,1,0,resolved,numeric AtkParam/Bullet/SpEffect graph resolved
124,1091,301000491,1,0,1,0,resolved,numeric AtkParam/Bullet/SpEffect graph resolved
124,1092,301000492,1,0,1,0,resolved,numeric AtkParam/Bullet/SpEffect graph resolved
124,1093,301000495,1,0,1,0,resolved,numeric AtkParam/Bullet/SpEffect graph resolved
124,1094,301000496,1,0,1,0,resolved,numeric AtkParam/Bullet/SpEffect graph resolved
124,1095,301000497,1,0,1,0,resolved,numeric AtkParam/Bullet/SpEffect graph resolved
125,2266,300000904,2,0,2,0,resolved,numeric AtkParam/Bullet/SpEffect graph resolved
125,2267,300000900,2,0,2,0,resolved,numeric AtkParam/Bullet/SpEffect graph resolved
125,2268,300000901,2,0,2,0,resolved,numeric AtkParam/Bullet/SpEffect graph resolved
125,2269,300000902,2,0,2,0,resolved,numeric AtkParam/Bullet/SpEffect graph resolved
125,2270,300000903,2,0,2,0,resolved,numeric AtkParam/Bullet/SpEffect graph resolved
125,2271,300000909,2,0,2,0,resolved,numeric AtkParam/Bullet/SpEffect graph resolved
125,2272,300000905,2,0,2,0,resolved,numeric AtkParam/Bullet/SpEffect graph resolved
125,2273,300000906,2,0,2,0,resolved,numeric AtkParam/Bullet/SpEffect graph resolved
125,2274,300000907,2,0,2,0,resolved,numeric AtkParam/Bullet/SpEffect graph resolved
125,2275,300000908,2,0,2,0,resolved,numeric AtkParam/Bullet/SpEffect graph resolved
200,1224,300200867,0,2,0,0,no_effects,no target or shooter SpEffect is attached
200,1225,300200865,1,0,1,0,resolved,numeric AtkParam/Bullet/SpEffect graph resolved
200,1226,300200866,1,0,1,0,resolved,numeric AtkParam/Bullet/SpEffect graph resolved
201,1386,300000166,3,0,3,0,resolved,numeric AtkParam/Bullet/SpEffect graph resolved
201,1387,300000160,0,1,0,0,no_effects,no target or shooter SpEffect is attached
201,1388,300000169,3,0,3,0,resolved,numeric AtkParam/Bullet/SpEffect graph resolved
202,1480,300200077,1,0,1,0,resolved,numeric AtkParam/Bullet/SpEffect graph resolved
202,1481,300200075,1,1,2,1,resolved,numeric AtkParam/Bullet/SpEffect graph resolved
202,1482,300200078,1,0,1,0,resolved,numeric AtkParam/Bullet/SpEffect graph resolved
202,1483,300200076,1,0,1,0,resolved,numeric AtkParam/Bullet/SpEffect graph resolved
203,1220,300200890,0,1,0,0,no_effects,no target or shooter SpEffect is attached
203,1221,300200895,1,0,1,0,resolved,numeric AtkParam/Bullet/SpEffect graph resolved
203,1222,300200896,0,0,0,0,no_effects,no target or shooter SpEffect is attached
203,1223,300200897,3,0,3,0,resolved,numeric AtkParam/Bullet/SpEffect graph resolved
204,1456,300000057,1,0,1,1,resolved,numeric AtkParam/Bullet/SpEffect graph resolved
204,1457,300000058,3,0,3,0,resolved,numeric AtkParam/Bullet/SpEffect graph resolved
204,1458,300000055,1,0,1,1,resolved,numeric AtkParam/Bullet/SpEffect graph resolved
204,1459,300000056,3,0,3,0,resolved,numeric AtkParam/Bullet/SpEffect graph resolved
204,1460,300000055,1,0,1,1,resolved,numeric AtkParam/Bullet/SpEffect graph resolved
204,1461,300000056,3,0,3,0,resolved,numeric AtkParam/Bullet/SpEffect graph resolved
204,1462,300000055,1,0,1,1,resolved,numeric AtkParam/Bullet/SpEffect graph resolved
204,1463,300000056,3,0,3,0,resolved,numeric AtkParam/Bullet/SpEffect graph resolved
205,1508,300000025,1,0,1,0,resolved,numeric AtkParam/Bullet/SpEffect graph resolved
205,1509,300000026,1,0,1,0,resolved,numeric AtkParam/Bullet/SpEffect graph resolved
205,1510,300000026,1,0,1,0,resolved,numeric AtkParam/Bullet/SpEffect graph resolved
205,1511,300000026,1,0,1,0,resolved,numeric AtkParam/Bullet/SpEffect graph resolved
205,1512,300000027,1,0,1,0,resolved,numeric AtkParam/Bullet/SpEffect graph resolved
205,1513,300000027,1,0,1,0,resolved,numeric AtkParam/Bullet/SpEffect graph resolved
205,1514,300000028,1,0,1,0,resolved,numeric AtkParam/Bullet/SpEffect graph resolved
207,1310,300000040,1,0,1,0,resolved,numeric AtkParam/Bullet/SpEffect graph resolved
207,1311,300000043,1,0,1,0,resolved,numeric AtkParam/Bullet/SpEffect graph resolved
207,1312,30000041,0,1,0,0,no_effects,no target or shooter SpEffect is attached
207,1313,30000042,0,2,0,0,no_effects,no target or shooter SpEffect is attached
207,1314,300000045,1,0,1,0,resolved,numeric AtkParam/Bullet/SpEffect graph resolved
207,1315,300000046,1,0,1,0,resolved,numeric AtkParam/Bullet/SpEffect graph resolved
208,1389,301200820,2,0,2,0,resolved,numeric AtkParam/Bullet/SpEffect graph resolved
208,1390,301200821,1,0,1,0,resolved,numeric AtkParam/Bullet/SpEffect graph resolved
209,1293,300300852,1,0,1,0,resolved,numeric AtkParam/Bullet/SpEffect graph resolved
209,1294,30300850,1,1,2,0,resolved,numeric AtkParam/Bullet/SpEffect graph resolved
209,1295,30300851,1,1,2,0,resolved,numeric AtkParam/Bullet/SpEffect graph resolved
209,1296,30300852,1,1,2,0,resolved,numeric AtkParam/Bullet/SpEffect graph resolved
209,1297,300300853,1,0,1,0,resolved,numeric AtkParam/Bullet/SpEffect graph resolved
210,1177,300000407,1,0,1,0,resolved,numeric AtkParam/Bullet/SpEffect graph resolved
210,1178,300000408,1,0,1,0,resolved,numeric AtkParam/Bullet/SpEffect graph resolved
210,1179,300000409,1,0,1,0,resolved,numeric AtkParam/Bullet/SpEffect graph resolved
210,1180,300000410,0,1,0,0,no_effects,no target or shooter SpEffect is attached
210,1181,300000411,1,0,1,0,resolved,numeric AtkParam/Bullet/SpEffect graph resolved
210,1182,300000412,1,0,1,0,resolved,numeric AtkParam/Bullet/SpEffect graph resolved
210,1183,300000413,1,0,1,0,resolved,numeric AtkParam/Bullet/SpEffect graph resolved
212,99,300000320,1,0,1,0,resolved,numeric AtkParam/Bullet/SpEffect graph resolved
212,100,300000321,1,0,1,0,resolved,numeric AtkParam/Bullet/SpEffect graph resolved
212,101,300000322,0,0,0,0,no_effects,no target or shooter SpEffect is attached
212,102,300000323,1,0,1,0,resolved,numeric AtkParam/Bullet/SpEffect graph resolved
212,103,300000325,1,0,1,0,resolved,numeric AtkParam/Bullet/SpEffect graph resolved
212,104,300000326,1,0,1,0,resolved,numeric AtkParam/Bullet/SpEffect graph resolved
212,105,300000327,0,0,0,0,no_effects,no target or shooter SpEffect is attached
212,106,300000328,1,0,1,0,resolved,numeric AtkParam/Bullet/SpEffect graph resolved
213,1403,300000550,1,0,1,0,resolved,numeric AtkParam/Bullet/SpEffect graph resolved
213,1404,300000551,1,0,1,0,resolved,numeric AtkParam/Bullet/SpEffect graph resolved
213,1405,30000552,0,1,0,0,no_effects,no target or shooter SpEffect is attached
213,1406,30000554,1,1,1,0,resolved,numeric AtkParam/Bullet/SpEffect graph resolved
213,1407,300000553,1,0,1,0,resolved,numeric AtkParam/Bullet/SpEffect graph resolved
213,1408,300000555,1,0,1,0,resolved,numeric AtkParam/Bullet/SpEffect graph resolved
213,1409,300000556,1,0,1,0,resolved,numeric AtkParam/Bullet/SpEffect graph resolved
213,1410,300000558,1,0,1,0,resolved,numeric AtkParam/Bullet/SpEffect graph resolved
214,1305,300200821,0,2,0,0,no_effects,no target or shooter SpEffect is attached
214,1306,300200825,3,0,3,0,resolved,numeric AtkParam/Bullet/SpEffect graph resolved
214,1307,300200826,0,0,0,0,no_effects,no target or shooter SpEffect is attached
214,1308,300200827,3,0,3,0,resolved,numeric AtkParam/Bullet/SpEffect graph resolved
216,1372,301600840,0,4,0,0,no_effects,no target or shooter SpEffect is attached
216,1373,301600849,0,4,0,0,no_effects,no target or shooter SpEffect is attached
216,1374,301600845,3,0,3,0,resolved,numeric AtkParam/Bullet/SpEffect graph resolved
217,1375,300000373,0,0,0,0,no_effects,no target or shooter SpEffect is attached
217,1376,300000370,1,0,1,0,resolved,numeric AtkParam/Bullet/SpEffect graph resolved
217,1377,300000371,0,1,0,0,no_effects,no target or shooter SpEffect is attached
217,1378,301600849,0,4,0,0,no_effects,no target or shooter SpEffect is attached
217,1379,300000372,1,0,1,0,resolved,numeric AtkParam/Bullet/SpEffect graph resolved
218,1231,300200870,0,0,0,0,no_effects,no target or shooter SpEffect is attached
218,1232,300200871,0,0,0,0,no_effects,no target or shooter SpEffect is attached
218,1233,300200872,0,0,0,0,no_effects,no target or shooter SpEffect is attached
218,1234,300200875,3,0,3,0,resolved,numeric AtkParam/Bullet/SpEffect graph resolved
218,1235,300200876,3,0,3,0,resolved,numeric AtkParam/Bullet/SpEffect graph resolved
218,1236,300200877,3,0,3,0,resolved,numeric AtkParam/Bullet/SpEffect graph resolved
219,1227,300200910,0,0,0,0,no_effects,no target or shooter SpEffect is attached
219,1228,300200911,0,0,0,0,no_effects,no target or shooter SpEffect is attached
219,1229,300200912,3,0,3,0,resolved,numeric AtkParam/Bullet/SpEffect graph resolved
219,1230,300200913,3,0,3,0,resolved,numeric AtkParam/Bullet/SpEffect graph resolved
220,1211,300000417,1,0,1,0,resolved,numeric AtkParam/Bullet/SpEffect graph resolved
220,1212,300000415,0,1,0,0,no_effects,no target or shooter SpEffect is attached
220,1213,300000416,1,0,1,0,resolved,numeric AtkParam/Bullet/SpEffect graph resolved
221,1326,300000300,0,1,1,0,resolved,numeric AtkParam/Bullet/SpEffect graph resolved
221,1327,300000301,0,1,1,0,resolved,numeric AtkParam/Bullet/SpEffect graph resolved
221,1328,300000305,1,0,1,0,resolved,numeric AtkParam/Bullet/SpEffect graph resolved
221,1329,300000306,3,0,3,0,resolved,numeric AtkParam/Bullet/SpEffect graph resolved
222,1391,300000570,1,0,1,0,resolved,numeric AtkParam/Bullet/SpEffect graph resolved
222,1392,300000571,1,1,1,0,resolved,numeric AtkParam/Bullet/SpEffect graph resolved
222,1393,300000572,1,1,1,0,resolved,numeric AtkParam/Bullet/SpEffect graph resolved
222,1394,300000575,1,0,1,0,resolved,numeric AtkParam/Bullet/SpEffect graph resolved
222,1395,300000576,1,1,1,0,resolved,numeric AtkParam/Bullet/SpEffect graph resolved
222,1396,300000577,1,1,1,0,resolved,numeric AtkParam/Bullet/SpEffect graph resolved
222,1397,300000580,1,0,1,0,resolved,numeric AtkParam/Bullet/SpEffect graph resolved
222,1398,300000581,1,1,1,0,resolved,numeric AtkParam/Bullet/SpEffect graph resolved
222,1399,300000582,1,1,1,0,resolved,numeric AtkParam/Bullet/SpEffect graph resolved
222,1400,300000573,1,0,1,0,resolved,numeric AtkParam/Bullet/SpEffect graph resolved
222,1401,300000578,1,0,1,0,resolved,numeric AtkParam/Bullet/SpEffect graph resolved
222,1402,300000583,1,0,1,0,resolved,numeric AtkParam/Bullet/SpEffect graph resolved
223,2602,300000595,0,0,0,0,no_effects,no target or shooter SpEffect is attached
223,2603,300000590,1,1,1,0,resolved,numeric AtkParam/Bullet/SpEffect graph resolved
223,2604,300000591,1,1,1,0,resolved,numeric AtkParam/Bullet/SpEffect graph resolved
224,1447,300000630,2,0,2,1,resolved,numeric AtkParam/Bullet/SpEffect graph resolved
224,1448,300000631,1,1,2,1,resolved,numeric AtkParam/Bullet/SpEffect graph resolved
224,1449,300000633,2,0,2,1,resolved,numeric AtkParam/Bullet/SpEffect graph resolved
224,1450,300000634,1,1,2,1,resolved,numeric AtkParam/Bullet/SpEffect graph resolved
224,1451,300000636,2,0,2,1,resolved,numeric AtkParam/Bullet/SpEffect graph resolved
224,1452,300000637,1,1,2,1,resolved,numeric AtkParam/Bullet/SpEffect graph resolved
224,1453,300000632,1,0,1,0,resolved,numeric AtkParam/Bullet/SpEffect graph resolved
224,1454,300000635,1,0,1,0,resolved,numeric AtkParam/Bullet/SpEffect graph resolved
224,1455,300000638,1,0,1,0,resolved,numeric AtkParam/Bullet/SpEffect graph resolved
225,1214,301805002,1,1,1,0,resolved,numeric AtkParam/Bullet/SpEffect graph resolved
225,1215,301805000,1,0,1,0,resolved,numeric AtkParam/Bullet/SpEffect graph resolved
225,1216,301805012,1,1,1,0,resolved,numeric AtkParam/Bullet/SpEffect graph resolved
225,1217,301805010,1,0,1,0,resolved,numeric AtkParam/Bullet/SpEffect graph resolved
225,1218,301805001,1,0,1,0,resolved,numeric AtkParam/Bullet/SpEffect graph resolved
225,1219,301805011,1,0,1,0,resolved,numeric AtkParam/Bullet/SpEffect graph resolved
226,1507,300000870,1,1,1,0,resolved,numeric AtkParam/Bullet/SpEffect graph resolved
227,1484,300000165,3,0,3,0,resolved,numeric AtkParam/Bullet/SpEffect graph resolved
227,1485,300000161,0,1,1,1,resolved,numeric AtkParam/Bullet/SpEffect graph resolved
227,1486,300000169,3,0,3,0,resolved,numeric AtkParam/Bullet/SpEffect graph resolved
228,1439,300000165,3,0,3,0,resolved,numeric AtkParam/Bullet/SpEffect graph resolved
228,1440,300000162,0,1,1,1,resolved,numeric AtkParam/Bullet/SpEffect graph resolved
228,1441,300000169,3,0,3,0,resolved,numeric AtkParam/Bullet/SpEffect graph resolved
300,1536,300000670,1,0,1,0,resolved,numeric AtkParam/Bullet/SpEffect graph resolved
300,1537,300000671,1,0,1,0,resolved,numeric AtkParam/Bullet/SpEffect graph resolved
300,1538,306100670,1,0,1,0,resolved,numeric AtkParam/Bullet/SpEffect graph resolved
300,1539,306100671,1,0,1,0,resolved,numeric AtkParam/Bullet/SpEffect graph resolved
305,1552,300000690,0,0,0,0,no_effects,no target or shooter SpEffect is attached
305,1553,300000680,0,1,0,0,no_effects,no target or shooter SpEffect is attached
305,1554,300000682,0,1,0,0,no_effects,no target or shooter SpEffect is attached
305,1555,300000683,0,1,0,0,no_effects,no target or shooter SpEffect is attached
308,1540,300000780,1,0,1,0,resolved,numeric AtkParam/Bullet/SpEffect graph resolved
308,1541,300000780,1,0,1,0,resolved,numeric AtkParam/Bullet/SpEffect graph resolved
308,1542,300000780,1,0,1,0,resolved,numeric AtkParam/Bullet/SpEffect graph resolved
308,1543,300000781,1,0,1,0,resolved,numeric AtkParam/Bullet/SpEffect graph resolved
308,1544,300000782,1,0,1,0,resolved,numeric AtkParam/Bullet/SpEffect graph resolved
308,1545,300000783,1,0,1,0,resolved,numeric AtkParam/Bullet/SpEffect graph resolved
308,1546,300000785,1,0,1,0,resolved,numeric AtkParam/Bullet/SpEffect graph resolved
308,1547,300000785,1,0,1,0,resolved,numeric AtkParam/Bullet/SpEffect graph resolved
308,1548,300000785,1,0,1,0,resolved,numeric AtkParam/Bullet/SpEffect graph resolved
308,1549,300000786,1,0,1,0,resolved,numeric AtkParam/Bullet/SpEffect graph resolved
308,1550,300000787,1,0,1,0,resolved,numeric AtkParam/Bullet/SpEffect graph resolved
308,1551,300000788,1,0,1,0,resolved,numeric AtkParam/Bullet/SpEffect graph resolved
501,1498,30300863,0,8,1,1,resolved,numeric AtkParam/Bullet/SpEffect graph resolved
501,1499,30300862,0,1,1,1,resolved,numeric AtkParam/Bullet/SpEffect graph resolved
501,1500,30300864,0,0,0,0,no_effects,no target or shooter SpEffect is attached
502,1209,30300870,0,1,0,0,no_effects,no target or shooter SpEffect is attached
502,1210,30300871,0,0,0,0,no_effects,no target or shooter SpEffect is attached
503,93,301100800,0,0,0,0,no_effects,no target or shooter SpEffect is attached
503,94,301100801,0,0,0,0,no_effects,no target or shooter SpEffect is attached
504,1382,300000710,1,0,1,0,resolved,numeric AtkParam/Bullet/SpEffect graph resolved
504,1383,300000711,1,0,1,0,resolved,numeric AtkParam/Bullet/SpEffect graph resolved
504,1384,300000715,1,0,1,0,resolved,numeric AtkParam/Bullet/SpEffect graph resolved
504,1385,300000716,1,0,1,0,resolved,numeric AtkParam/Bullet/SpEffect graph resolved
505,1309,30020930,0,2,0,0,no_effects,no target or shooter SpEffect is attached
506,95,300000790,1,0,1,0,resolved,numeric AtkParam/Bullet/SpEffect graph resolved
506,96,300000791,1,0,1,0,resolved,numeric AtkParam/Bullet/SpEffect graph resolved
506,97,300000795,1,0,1,0,resolved,numeric AtkParam/Bullet/SpEffect graph resolved
506,98,300000796,1,0,1,0,resolved,numeric AtkParam/Bullet/SpEffect graph resolved
507,1411,300000800,1,0,1,0,resolved,numeric AtkParam/Bullet/SpEffect graph resolved
507,1412,300000801,1,0,1,0,resolved,numeric AtkParam/Bullet/SpEffect graph resolved
507,1413,300000802,1,0,1,0,resolved,numeric AtkParam/Bullet/SpEffect graph resolved
507,1414,300000805,1,0,1,0,resolved,numeric AtkParam/Bullet/SpEffect graph resolved
507,1415,300000806,1,0,1,0,resolved,numeric AtkParam/Bullet/SpEffect graph resolved
508,1298,300000810,1,0,1,0,resolved,numeric AtkParam/Bullet/SpEffect graph resolved
508,1299,300000811,1,0,1,0,resolved,numeric AtkParam/Bullet/SpEffect graph resolved
508,1300,30000812,1,3,1,0,resolved,numeric AtkParam/Bullet/SpEffect graph resolved
508,1301,300000813,1,0,1,0,resolved,numeric AtkParam/Bullet/SpEffect graph resolved
508,1302,300000815,1,0,1,0,resolved,numeric AtkParam/Bullet/SpEffect graph resolved
508,1303,300000816,1,0,1,0,resolved,numeric AtkParam/Bullet/SpEffect graph resolved
508,1304,300000818,1,0,1,0,resolved,numeric AtkParam/Bullet/SpEffect graph resolved
509,107,300000880,1,0,1,0,resolved,numeric AtkParam/Bullet/SpEffect graph resolved
509,108,300000881,1,0,1,0,resolved,numeric AtkParam/Bullet/SpEffect graph resolved
509,109,300000882,1,0,1,0,resolved,numeric AtkParam/Bullet/SpEffect graph resolved
509,110,300000883,1,0,1,0,resolved,numeric AtkParam/Bullet/SpEffect graph resolved
509,111,300000884,1,0,1,0,resolved,numeric AtkParam/Bullet/SpEffect graph resolved
607,71,300000860,1,0,1,0,resolved,numeric AtkParam/Bullet/SpEffect graph resolved
607,72,300000861,1,0,1,0,resolved,numeric AtkParam/Bullet/SpEffect graph resolved
607,73,300000865,1,0,1,0,resolved,numeric AtkParam/Bullet/SpEffect graph resolved
607,74,300000866,1,0,1,0,resolved,numeric AtkParam/Bullet/SpEffect graph resolved
650,452,300000125,1,0,1,0,resolved,numeric AtkParam/Bullet/SpEffect graph resolved
650,453,300000126,0,0,0,0,no_effects,no target or shooter SpEffect is attached
650,454,300200953,1,0,1,0,resolved,numeric AtkParam/Bullet/SpEffect graph resolved
650,455,300200954,1,0,1,0,resolved,numeric AtkParam/Bullet/SpEffect graph resolved
650,456,300200955,1,0,1,0,resolved,numeric AtkParam/Bullet/SpEffect graph resolved
650,457,300200950,1,0,1,0,resolved,numeric AtkParam/Bullet/SpEffect graph resolved
650,458,300200951,1,0,1,0,resolved,numeric AtkParam/Bullet/SpEffect graph resolved
650,459,300200952,1,0,1,0,resolved,numeric AtkParam/Bullet/SpEffect graph resolved
650,460,300200958,1,0,1,0,resolved,numeric AtkParam/Bullet/SpEffect graph resolved
650,461,300200959,1,0,1,0,resolved,numeric AtkParam/Bullet/SpEffect graph resolved
650,462,300200956,1,0,1,0,resolved,numeric AtkParam/Bullet/SpEffect graph resolved
650,463,300200957,1,0,1,0,resolved,numeric AtkParam/Bullet/SpEffect graph resolved
650,464,300200963,1,0,1,0,resolved,numeric AtkParam/Bullet/SpEffect graph resolved
650,465,300200964,1,0,1,0,resolved,numeric AtkParam/Bullet/SpEffect graph resolved
650,466,300200965,1,0,1,0,resolved,numeric AtkParam/Bullet/SpEffect graph resolved
650,467,300200960,1,0,1,0,resolved,numeric AtkParam/Bullet/SpEffect graph resolved
650,468,300200961,1,0,1,0,resolved,numeric AtkParam/Bullet/SpEffect graph resolved
650,469,300200962,1,0,1,0,resolved,numeric AtkParam/Bullet/SpEffect graph resolved
650,470,300200968,1,0,1,0,resolved,numeric AtkParam/Bullet/SpEffect graph resolved
650,471,300200969,1,0,1,0,resolved,numeric AtkParam/Bullet/SpEffect graph resolved
650,472,300200966,1,0,1,0,resolved,numeric AtkParam/Bullet/SpEffect graph resolved
650,473,300200967,1,0,1,0,resolved,numeric AtkParam/Bullet/SpEffect graph resolved
650,474,306700953,1,0,1,0,resolved,numeric AtkParam/Bullet/SpEffect graph resolved
650,475,306700954,1,0,1,0,resolved,numeric AtkParam/Bullet/SpEffect graph resolved
650,476,306700955,1,0,1,0,resolved,numeric AtkParam/Bullet/SpEffect graph resolved
650,477,306700950,1,0,1,0,resolved,numeric AtkParam/Bullet/SpEffect graph resolved
650,478,306700951,1,0,1,0,resolved,numeric AtkParam/Bullet/SpEffect graph resolved
650,479,306700952,1,0,1,0,resolved,numeric AtkParam/Bullet/SpEffect graph resolved
650,480,306700958,1,0,1,0,resolved,numeric AtkParam/Bullet/SpEffect graph resolved
650,481,306700959,1,0,1,0,resolved,numeric AtkParam/Bullet/SpEffect graph resolved
650,482,306700956,1,0,1,0,resolved,numeric AtkParam/Bullet/SpEffect graph resolved
650,483,306700957,1,0,1,0,resolved,numeric AtkParam/Bullet/SpEffect graph resolved
650,484,306700963,1,0,1,0,resolved,numeric AtkParam/Bullet/SpEffect graph resolved
650,485,306700964,1,0,1,0,resolved,numeric AtkParam/Bullet/SpEffect graph resolved
650,486,306700965,1,0,1,0,resolved,numeric AtkParam/Bullet/SpEffect graph resolved
650,487,306700960,1,0,1,0,resolved,numeric AtkParam/Bullet/SpEffect graph resolved
650,488,306700961,1,0,1,0,resolved,numeric AtkParam/Bullet/SpEffect graph resolved
650,489,306700962,1,0,1,0,resolved,numeric AtkParam/Bullet/SpEffect graph resolved
650,490,306700968,1,0,1,0,resolved,numeric AtkParam/Bullet/SpEffect graph resolved
650,491,306700969,1,0,1,0,resolved,numeric AtkParam/Bullet/SpEffect graph resolved
650,492,306700966,1,0,1,0,resolved,numeric AtkParam/Bullet/SpEffect graph resolved
650,493,306700967,1,0,1,0,resolved,numeric AtkParam/Bullet/SpEffect graph resolved
650,494,300300953,1,0,1,0,resolved,numeric AtkParam/Bullet/SpEffect graph resolved
650,495,300300954,1,0,1,0,resolved,numeric AtkParam/Bullet/SpEffect graph resolved
650,496,300300955,1,0,1,0,resolved,numeric AtkParam/Bullet/SpEffect graph resolved
650,497,300300950,1,0,1,0,resolved,numeric AtkParam/Bullet/SpEffect graph resolved
650,498,300300951,1,0,1,0,resolved,numeric AtkParam/Bullet/SpEffect graph resolved
650,499,300300952,1,0,1,0,resolved,numeric AtkParam/Bullet/SpEffect graph resolved
650,500,300300958,1,0,1,0,resolved,numeric AtkParam/Bullet/SpEffect graph resolved
650,501,300300956,1,0,1,0,resolved,numeric AtkParam/Bullet/SpEffect graph resolved
650,502,300300963,1,0,1,0,resolved,numeric AtkParam/Bullet/SpEffect graph resolved
650,503,300300964,1,0,1,0,resolved,numeric AtkParam/Bullet/SpEffect graph resolved
650,504,300300965,1,0,1,0,resolved,numeric AtkParam/Bullet/SpEffect graph resolved
650,505,300300960,1,0,1,0,resolved,numeric AtkParam/Bullet/SpEffect graph resolved
650,506,300300961,1,0,1,0,resolved,numeric AtkParam/Bullet/SpEffect graph resolved
650,507,300300962,1,0,1,0,resolved,numeric AtkParam/Bullet/SpEffect graph resolved
650,508,300300968,1,0,1,0,resolved,numeric AtkParam/Bullet/SpEffect graph resolved
650,509,300300966,1,0,1,0,resolved,numeric AtkParam/Bullet/SpEffect graph resolved
650,510,300400953,1,0,1,0,resolved,numeric AtkParam/Bullet/SpEffect graph resolved
650,511,300400954,1,0,1,0,resolved,numeric AtkParam/Bullet/SpEffect graph resolved
650,512,300400955,1,0,1,0,resolved,numeric AtkParam/Bullet/SpEffect graph resolved
650,513,300400950,1,0,1,0,resolved,numeric AtkParam/Bullet/SpEffect graph resolved
650,514,300400951,1,0,1,0,resolved,numeric AtkParam/Bullet/SpEffect graph resolved
650,515,300400952,1,0,1,0,resolved,numeric AtkParam/Bullet/SpEffect graph resolved
650,516,300400958,1,0,1,0,resolved,numeric AtkParam/Bullet/SpEffect graph resolved
650,517,300400956,1,0,1,0,resolved,numeric AtkParam/Bullet/SpEffect graph resolved
650,518,300400963,1,0,1,0,resolved,numeric AtkParam/Bullet/SpEffect graph resolved
650,519,300400964,1,0,1,0,resolved,numeric AtkParam/Bullet/SpEffect graph resolved
650,520,300400965,1,0,1,0,resolved,numeric AtkParam/Bullet/SpEffect graph resolved
650,521,300400960,1,0,1,0,resolved,numeric AtkParam/Bullet/SpEffect graph resolved
650,522,300400961,1,0,1,0,resolved,numeric AtkParam/Bullet/SpEffect graph resolved
650,523,300400962,1,0,1,0,resolved,numeric AtkParam/Bullet/SpEffect graph resolved
650,524,300400968,1,0,1,0,resolved,numeric AtkParam/Bullet/SpEffect graph resolved
650,525,300400966,1,0,1,0,resolved,numeric AtkParam/Bullet/SpEffect graph resolved
650,526,300700953,1,0,1,0,resolved,numeric AtkParam/Bullet/SpEffect graph resolved
650,527,300700954,1,0,1,0,resolved,numeric AtkParam/Bullet/SpEffect graph resolved
650,528,300700955,1,0,1,0,resolved,numeric AtkParam/Bullet/SpEffect graph resolved
650,529,300700950,1,0,1,0,resolved,numeric AtkParam/Bullet/SpEffect graph resolved
650,530,300700951,1,0,1,0,resolved,numeric AtkParam/Bullet/SpEffect graph resolved
650,531,300700952,1,0,1,0,resolved,numeric AtkParam/Bullet/SpEffect graph resolved
650,532,300700958,1,0,1,0,resolved,numeric AtkParam/Bullet/SpEffect graph resolved
650,533,300700959,1,0,1,0,resolved,numeric AtkParam/Bullet/SpEffect graph resolved
650,534,300700956,1,0,1,0,resolved,numeric AtkParam/Bullet/SpEffect graph resolved
650,535,300700957,1,0,1,0,resolved,numeric AtkParam/Bullet/SpEffect graph resolved
650,536,300700963,1,0,1,0,resolved,numeric AtkParam/Bullet/SpEffect graph resolved
650,537,300700964,1,0,1,0,resolved,numeric AtkParam/Bullet/SpEffect graph resolved
650,538,300700965,1,0,1,0,resolved,numeric AtkParam/Bullet/SpEffect graph resolved
650,539,300700960,1,0,1,0,resolved,numeric AtkParam/Bullet/SpEffect graph resolved
650,540,300700961,1,0,1,0,resolved,numeric AtkParam/Bullet/SpEffect graph resolved
650,541,300700962,1,0,1,0,resolved,numeric AtkParam/Bullet/SpEffect graph resolved
650,542,300700968,1,0,1,0,resolved,numeric AtkParam/Bullet/SpEffect graph resolved
650,543,300700969,1,0,1,0,resolved,numeric AtkParam/Bullet/SpEffect graph resolved
650,544,300700966,1,0,1,0,resolved,numeric AtkParam/Bullet/SpEffect graph resolved
650,545,300700967,1,0,1,0,resolved,numeric AtkParam/Bullet/SpEffect graph resolved
650,546,300800953,1,0,1,0,resolved,numeric AtkParam/Bullet/SpEffect graph resolved
650,547,300800954,1,0,1,0,resolved,numeric AtkParam/Bullet/SpEffect graph resolved
650,548,300800955,1,0,1,0,resolved,numeric AtkParam/Bullet/SpEffect graph resolved
650,549,300800950,1,0,1,0,resolved,numeric AtkParam/Bullet/SpEffect graph resolved
650,550,300800951,1,0,1,0,resolved,numeric AtkParam/Bullet/SpEffect graph resolved
650,551,300800952,1,0,1,0,resolved,numeric AtkParam/Bullet/SpEffect graph resolved
650,552,300800958,1,0,1,0,resolved,numeric AtkParam/Bullet/SpEffect graph resolved
650,553,300800956,1,0,1,0,resolved,numeric AtkParam/Bullet/SpEffect graph resolved
650,554,300800963,1,0,1,0,resolved,numeric AtkParam/Bullet/SpEffect graph resolved
650,555,300800964,1,0,1,0,resolved,numeric AtkParam/Bullet/SpEffect graph resolved
650,556,300800965,1,0,1,0,resolved,numeric AtkParam/Bullet/SpEffect graph resolved
650,557,300800960,1,0,1,0,resolved,numeric AtkParam/Bullet/SpEffect graph resolved
650,558,300800961,1,0,1,0,resolved,numeric AtkParam/Bullet/SpEffect graph resolved
650,559,300800962,1,0,1,0,resolved,numeric AtkParam/Bullet/SpEffect graph resolved
650,560,300800968,1,0,1,0,resolved,numeric AtkParam/Bullet/SpEffect graph resolved
650,561,300800966,1,0,1,0,resolved,numeric AtkParam/Bullet/SpEffect graph resolved
650,562,300900953,1,0,1,0,resolved,numeric AtkParam/Bullet/SpEffect graph resolved
650,563,300900954,1,0,1,0,resolved,numeric AtkParam/Bullet/SpEffect graph resolved
650,564,300900955,1,0,1,0,resolved,numeric AtkParam/Bullet/SpEffect graph resolved
650,565,300900950,1,0,1,0,resolved,numeric AtkParam/Bullet/SpEffect graph resolved
650,566,300900951,1,0,1,0,resolved,numeric AtkParam/Bullet/SpEffect graph resolved
650,567,300900952,1,0,1,0,resolved,numeric AtkParam/Bullet/SpEffect graph resolved
650,568,300900958,1,0,1,0,resolved,numeric AtkParam/Bullet/SpEffect graph resolved
650,569,300900959,1,0,1,0,resolved,numeric AtkParam/Bullet/SpEffect graph resolved
650,570,300900956,1,0,1,0,resolved,numeric AtkParam/Bullet/SpEffect graph resolved
650,571,300900957,1,0,1,0,resolved,numeric AtkParam/Bullet/SpEffect graph resolved
650,572,300900963,1,0,1,0,resolved,numeric AtkParam/Bullet/SpEffect graph resolved
650,573,300900964,1,0,1,0,resolved,numeric AtkParam/Bullet/SpEffect graph resolved
650,574,300900965,1,0,1,0,resolved,numeric AtkParam/Bullet/SpEffect graph resolved
650,575,300900960,1,0,1,0,resolved,numeric AtkParam/Bullet/SpEffect graph resolved
650,576,300900961,1,0,1,0,resolved,numeric AtkParam/Bullet/SpEffect graph resolved
650,577,300900962,1,0,1,0,resolved,numeric AtkParam/Bullet/SpEffect graph resolved
650,578,300900968,1,0,1,0,resolved,numeric AtkParam/Bullet/SpEffect graph resolved
650,579,300900969,1,0,1,0,resolved,numeric AtkParam/Bullet/SpEffect graph resolved
650,580,300900966,1,0,1,0,resolved,numeric AtkParam/Bullet/SpEffect graph resolved
650,581,300900967,1,0,1,0,resolved,numeric AtkParam/Bullet/SpEffect graph resolved
650,582,300000953,1,0,1,0,resolved,numeric AtkParam/Bullet/SpEffect graph resolved
650,583,300000954,1,0,1,0,resolved,numeric AtkParam/Bullet/SpEffect graph resolved
650,584,300000955,1,0,1,0,resolved,numeric AtkParam/Bullet/SpEffect graph resolved
650,585,300000950,1,0,1,0,resolved,numeric AtkParam/Bullet/SpEffect graph resolved
650,586,300000951,1,0,1,0,resolved,numeric AtkParam/Bullet/SpEffect graph resolved
650,587,300000952,1,0,1,0,resolved,numeric AtkParam/Bullet/SpEffect graph resolved
650,588,300000958,1,0,1,0,resolved,numeric AtkParam/Bullet/SpEffect graph resolved
650,589,300000959,1,0,1,0,resolved,numeric AtkParam/Bullet/SpEffect graph resolved
650,590,300000956,1,0,1,0,resolved,numeric AtkParam/Bullet/SpEffect graph resolved
650,591,300000957,1,0,1,0,resolved,numeric AtkParam/Bullet/SpEffect graph resolved
650,592,300000963,1,0,1,0,resolved,numeric AtkParam/Bullet/SpEffect graph resolved
650,593,300000964,1,0,1,0,resolved,numeric AtkParam/Bullet/SpEffect graph resolved
650,594,300000965,1,0,1,0,resolved,numeric AtkParam/Bullet/SpEffect graph resolved
650,595,300000960,1,0,1,0,resolved,numeric AtkParam/Bullet/SpEffect graph resolved
650,596,300000961,1,0,1,0,resolved,numeric AtkParam/Bullet/SpEffect graph resolved
650,597,300000962,1,0,1,0,resolved,numeric AtkParam/Bullet/SpEffect graph resolved
650,598,300000968,1,0,1,0,resolved,numeric AtkParam/Bullet/SpEffect graph resolved
650,599,300000969,1,0,1,0,resolved,numeric AtkParam/Bullet/SpEffect graph resolved
650,600,300000966,1,0,1,0,resolved,numeric AtkParam/Bullet/SpEffect graph resolved
650,601,300000967,1,0,1,0,resolved,numeric AtkParam/Bullet/SpEffect graph resolved
650,602,301000953,1,0,1,0,resolved,numeric AtkParam/Bullet/SpEffect graph resolved
650,603,301000954,1,0,1,0,resolved,numeric AtkParam/Bullet/SpEffect graph resolved
650,604,301000955,1,0,1,0,resolved,numeric AtkParam/Bullet/SpEffect graph resolved
650,605,301000950,1,0,1,0,resolved,numeric AtkParam/Bullet/SpEffect graph resolved
650,606,301000951,1,0,1,0,resolved,numeric AtkParam/Bullet/SpEffect graph resolved
650,607,301000952,1,0,1,0,resolved,numeric AtkParam/Bullet/SpEffect graph resolved
650,608,301000958,1,0,1,0,resolved,numeric AtkParam/Bullet/SpEffect graph resolved
650,609,301000956,1,0,1,0,resolved,numeric AtkParam/Bullet/SpEffect graph resolved
650,610,301000963,1,0,1,0,resolved,numeric AtkParam/Bullet/SpEffect graph resolved
650,611,301000964,1,0,1,0,resolved,numeric AtkParam/Bullet/SpEffect graph resolved
650,612,301000965,1,0,1,0,resolved,numeric AtkParam/Bullet/SpEffect graph resolved
650,613,301000960,1,0,1,0,resolved,numeric AtkParam/Bullet/SpEffect graph resolved
650,614,301000961,1,0,1,0,resolved,numeric AtkParam/Bullet/SpEffect graph resolved
650,615,301000962,1,0,1,0,resolved,numeric AtkParam/Bullet/SpEffect graph resolved
650,616,301000968,1,0,1,0,resolved,numeric AtkParam/Bullet/SpEffect graph resolved
650,617,301000966,1,0,1,0,resolved,numeric AtkParam/Bullet/SpEffect graph resolved
650,618,301400953,1,0,1,0,resolved,numeric AtkParam/Bullet/SpEffect graph resolved
650,619,301400954,1,0,1,0,resolved,numeric AtkParam/Bullet/SpEffect graph resolved
650,620,301400955,1,0,1,0,resolved,numeric AtkParam/Bullet/SpEffect graph resolved
650,621,301400950,1,0,1,0,resolved,numeric AtkParam/Bullet/SpEffect graph resolved
650,622,301400951,1,0,1,0,resolved,numeric AtkParam/Bullet/SpEffect graph resolved
650,623,301400952,1,0,1,0,resolved,numeric AtkParam/Bullet/SpEffect graph resolved
650,624,301400958,1,0,1,0,resolved,numeric AtkParam/Bullet/SpEffect graph resolved
650,625,301400959,1,0,1,0,resolved,numeric AtkParam/Bullet/SpEffect graph resolved
650,626,301400956,1,0,1,0,resolved,numeric AtkParam/Bullet/SpEffect graph resolved
650,627,301400957,1,0,1,0,resolved,numeric AtkParam/Bullet/SpEffect graph resolved
650,628,301400963,1,0,1,0,resolved,numeric AtkParam/Bullet/SpEffect graph resolved
650,629,301400964,1,0,1,0,resolved,numeric AtkParam/Bullet/SpEffect graph resolved
650,630,301400965,1,0,1,0,resolved,numeric AtkParam/Bullet/SpEffect graph resolved
650,631,301400960,1,0,1,0,resolved,numeric AtkParam/Bullet/SpEffect graph resolved
650,632,301400961,1,0,1,0,resolved,numeric AtkParam/Bullet/SpEffect graph resolved
650,633,301400962,1,0,1,0,resolved,numeric AtkParam/Bullet/SpEffect graph resolved
650,634,301400968,1,0,1,0,resolved,numeric AtkParam/Bullet/SpEffect graph resolved
650,635,301400969,1,0,1,0,resolved,numeric AtkParam/Bullet/SpEffect graph resolved
650,636,301400966,1,0,1,0,resolved,numeric AtkParam/Bullet/SpEffect graph resolved
650,637,301400967,1,0,1,0,resolved,numeric AtkParam/Bullet/SpEffect graph resolved
650,638,301500953,1,0,1,0,resolved,numeric AtkParam/Bullet/SpEffect graph resolved
650,639,301500954,1,0,1,0,resolved,numeric AtkParam/Bullet/SpEffect graph resolved
650,640,301500955,1,0,1,0,resolved,numeric AtkParam/Bullet/SpEffect graph resolved
650,641,301500950,1,0,1,0,resolved,numeric AtkParam/Bullet/SpEffect graph resolved
650,642,301500951,1,0,1,0,resolved,numeric AtkParam/Bullet/SpEffect graph resolved
650,643,301500952,1,0,1,0,resolved,numeric AtkParam/Bullet/SpEffect graph resolved
650,644,301500958,1,0,1,0,resolved,numeric AtkParam/Bullet/SpEffect graph resolved
650,645,301500956,1,0,1,0,resolved,numeric AtkParam/Bullet/SpEffect graph resolved
650,646,301500963,1,0,1,0,resolved,numeric AtkParam/Bullet/SpEffect graph resolved
650,647,301500964,1,0,1,0,resolved,numeric AtkParam/Bullet/SpEffect graph resolved
650,648,301500965,1,0,1,0,resolved,numeric AtkParam/Bullet/SpEffect graph resolved
650,649,301500960,1,0,1,0,resolved,numeric AtkParam/Bullet/SpEffect graph resolved
650,650,301500961,1,0,1,0,resolved,numeric AtkParam/Bullet/SpEffect graph resolved
650,651,301500962,1,0,1,0,resolved,numeric AtkParam/Bullet/SpEffect graph resolved
650,652,301500968,1,0,1,0,resolved,numeric AtkParam/Bullet/SpEffect graph resolved
650,653,301500966,1,0,1,0,resolved,numeric AtkParam/Bullet/SpEffect graph resolved
650,654,301100953,1,0,1,0,resolved,numeric AtkParam/Bullet/SpEffect graph resolved
650,655,301100954,1,0,1,0,resolved,numeric AtkParam/Bullet/SpEffect graph resolved
650,656,301100955,1,0,1,0,resolved,numeric AtkParam/Bullet/SpEffect graph resolved
650,657,301100950,1,0,1,0,resolved,numeric AtkParam/Bullet/SpEffect graph resolved
650,658,301100951,1,0,1,0,resolved,numeric AtkParam/Bullet/SpEffect graph resolved
650,659,301100952,1,0,1,0,resolved,numeric AtkParam/Bullet/SpEffect graph resolved
650,660,301100958,1,0,1,0,resolved,numeric AtkParam/Bullet/SpEffect graph resolved
650,661,301100959,1,0,1,0,resolved,numeric AtkParam/Bullet/SpEffect graph resolved
650,662,301100956,1,0,1,0,resolved,numeric AtkParam/Bullet/SpEffect graph resolved
650,663,301100957,1,0,1,0,resolved,numeric AtkParam/Bullet/SpEffect graph resolved
650,664,301100963,1,0,1,0,resolved,numeric AtkParam/Bullet/SpEffect graph resolved
650,665,301100964,1,0,1,0,resolved,numeric AtkParam/Bullet/SpEffect graph resolved
650,666,301100965,1,0,1,0,resolved,numeric AtkParam/Bullet/SpEffect graph resolved
650,667,301100960,1,0,1,0,resolved,numeric AtkParam/Bullet/SpEffect graph resolved
650,668,301100961,1,0,1,0,resolved,numeric AtkParam/Bullet/SpEffect graph resolved
650,669,301100962,1,0,1,0,resolved,numeric AtkParam/Bullet/SpEffect graph resolved
650,670,301100968,1,0,1,0,resolved,numeric AtkParam/Bullet/SpEffect graph resolved
650,671,301100969,1,0,1,0,resolved,numeric AtkParam/Bullet/SpEffect graph resolved
650,672,301100966,1,0,1,0,resolved,numeric AtkParam/Bullet/SpEffect graph resolved
650,673,301100967,1,0,1,0,resolved,numeric AtkParam/Bullet/SpEffect graph resolved
650,674,301300953,1,0,1,0,resolved,numeric AtkParam/Bullet/SpEffect graph resolved
650,675,301300954,1,0,1,0,resolved,numeric AtkParam/Bullet/SpEffect graph resolved
650,676,301300955,1,0,1,0,resolved,numeric AtkParam/Bullet/SpEffect graph resolved
650,677,301300950,1,0,1,0,resolved,numeric AtkParam/Bullet/SpEffect graph resolved
650,678,301300951,1,0,1,0,resolved,numeric AtkParam/Bullet/SpEffect graph resolved
650,679,301300952,1,0,1,0,resolved,numeric AtkParam/Bullet/SpEffect graph resolved
650,680,301300958,1,0,1,0,resolved,numeric AtkParam/Bullet/SpEffect graph resolved
650,681,301300959,1,0,1,0,resolved,numeric AtkParam/Bullet/SpEffect graph resolved
650,682,301300956,1,0,1,0,resolved,numeric AtkParam/Bullet/SpEffect graph resolved
650,683,301300957,1,0,1,0,resolved,numeric AtkParam/Bullet/SpEffect graph resolved
650,684,301300963,1,0,1,0,resolved,numeric AtkParam/Bullet/SpEffect graph resolved
650,685,301300964,1,0,1,0,resolved,numeric AtkParam/Bullet/SpEffect graph resolved
650,686,301300965,1,0,1,0,resolved,numeric AtkParam/Bullet/SpEffect graph resolved
650,687,301300960,1,0,1,0,resolved,numeric AtkParam/Bullet/SpEffect graph resolved
650,688,301300961,1,0,1,0,resolved,numeric AtkParam/Bullet/SpEffect graph resolved
650,689,301300962,1,0,1,0,resolved,numeric AtkParam/Bullet/SpEffect graph resolved
650,690,301300968,1,0,1,0,resolved,numeric AtkParam/Bullet/SpEffect graph resolved
650,691,301300969,1,0,1,0,resolved,numeric AtkParam/Bullet/SpEffect graph resolved
650,692,301300966,1,0,1,0,resolved,numeric AtkParam/Bullet/SpEffect graph resolved
650,693,301300967,1,0,1,0,resolved,numeric AtkParam/Bullet/SpEffect graph resolved
650,694,301200953,1,0,1,0,resolved,numeric AtkParam/Bullet/SpEffect graph resolved
650,695,301200954,1,0,1,0,resolved,numeric AtkParam/Bullet/SpEffect graph resolved
650,696,301200955,1,0,1,0,resolved,numeric AtkParam/Bullet/SpEffect graph resolved
650,697,301200950,1,0,1,0,resolved,numeric AtkParam/Bullet/SpEffect graph resolved
650,698,301200951,1,0,1,0,resolved,numeric AtkParam/Bullet/SpEffect graph resolved
650,699,301200952,1,0,1,0,resolved,numeric AtkParam/Bullet/SpEffect graph resolved
650,700,301200958,1,0,1,0,resolved,numeric AtkParam/Bullet/SpEffect graph resolved
650,701,301200956,1,0,1,0,resolved,numeric AtkParam/Bullet/SpEffect graph resolved
650,702,301200963,1,0,1,0,resolved,numeric AtkParam/Bullet/SpEffect graph resolved
650,703,301200964,1,0,1,0,resolved,numeric AtkParam/Bullet/SpEffect graph resolved
650,704,301200965,1,0,1,0,resolved,numeric AtkParam/Bullet/SpEffect graph resolved
650,705,301200960,1,0,1,0,resolved,numeric AtkParam/Bullet/SpEffect graph resolved
650,706,301200961,1,0,1,0,resolved,numeric AtkParam/Bullet/SpEffect graph resolved
650,707,301200962,1,0,1,0,resolved,numeric AtkParam/Bullet/SpEffect graph resolved
650,708,301200968,1,0,1,0,resolved,numeric AtkParam/Bullet/SpEffect graph resolved
650,709,301200966,1,0,1,0,resolved,numeric AtkParam/Bullet/SpEffect graph resolved
650,710,302300953,1,0,1,0,resolved,numeric AtkParam/Bullet/SpEffect graph resolved
650,711,302300954,1,0,1,0,resolved,numeric AtkParam/Bullet/SpEffect graph resolved
650,712,302300955,1,0,1,0,resolved,numeric AtkParam/Bullet/SpEffect graph resolved
650,713,302300950,1,0,1,0,resolved,numeric AtkParam/Bullet/SpEffect graph resolved
650,714,302300951,1,0,1,0,resolved,numeric AtkParam/Bullet/SpEffect graph resolved
650,715,302300952,1,0,1,0,resolved,numeric AtkParam/Bullet/SpEffect graph resolved
650,716,302300958,1,0,1,0,resolved,numeric AtkParam/Bullet/SpEffect graph resolved
650,717,302300956,1,0,1,0,resolved,numeric AtkParam/Bullet/SpEffect graph resolved
650,718,302300963,1,0,1,0,resolved,numeric AtkParam/Bullet/SpEffect graph resolved
650,719,302300964,1,0,1,0,resolved,numeric AtkParam/Bullet/SpEffect graph resolved
650,720,302300965,1,0,1,0,resolved,numeric AtkParam/Bullet/SpEffect graph resolved
650,721,302300960,1,0,1,0,resolved,numeric AtkParam/Bullet/SpEffect graph resolved
650,722,302300961,1,0,1,0,resolved,numeric AtkParam/Bullet/SpEffect graph resolved
650,723,302300962,1,0,1,0,resolved,numeric AtkParam/Bullet/SpEffect graph resolved
650,724,302300968,1,0,1,0,resolved,numeric AtkParam/Bullet/SpEffect graph resolved
650,725,302300966,1,0,1,0,resolved,numeric AtkParam/Bullet/SpEffect graph resolved
650,726,301600953,1,0,1,0,resolved,numeric AtkParam/Bullet/SpEffect graph resolved
650,727,301600954,1,0,1,0,resolved,numeric AtkParam/Bullet/SpEffect graph resolved
650,728,301600955,1,0,1,0,resolved,numeric AtkParam/Bullet/SpEffect graph resolved
650,729,301600950,1,0,1,0,resolved,numeric AtkParam/Bullet/SpEffect graph resolved
650,730,301600951,1,0,1,0,resolved,numeric AtkParam/Bullet/SpEffect graph resolved
650,731,301600952,1,0,1,0,resolved,numeric AtkParam/Bullet/SpEffect graph resolved
650,732,301600958,1,0,1,0,resolved,numeric AtkParam/Bullet/SpEffect graph resolved
650,733,301600956,1,0,1,0,resolved,numeric AtkParam/Bullet/SpEffect graph resolved
650,734,301600963,1,0,1,0,resolved,numeric AtkParam/Bullet/SpEffect graph resolved
650,735,301600964,1,0,1,0,resolved,numeric AtkParam/Bullet/SpEffect graph resolved
650,736,301600965,1,0,1,0,resolved,numeric AtkParam/Bullet/SpEffect graph resolved
650,737,301600960,1,0,1,0,resolved,numeric AtkParam/Bullet/SpEffect graph resolved
650,738,301600961,1,0,1,0,resolved,numeric AtkParam/Bullet/SpEffect graph resolved
650,739,301600962,1,0,1,0,resolved,numeric AtkParam/Bullet/SpEffect graph resolved
650,740,301600968,1,0,1,0,resolved,numeric AtkParam/Bullet/SpEffect graph resolved
650,741,301600966,1,0,1,0,resolved,numeric AtkParam/Bullet/SpEffect graph resolved
650,742,301700953,1,0,1,0,resolved,numeric AtkParam/Bullet/SpEffect graph resolved
650,743,301700954,1,0,1,0,resolved,numeric AtkParam/Bullet/SpEffect graph resolved
650,744,301700955,1,0,1,0,resolved,numeric AtkParam/Bullet/SpEffect graph resolved
650,745,301700950,1,0,1,0,resolved,numeric AtkParam/Bullet/SpEffect graph resolved
650,746,301700951,1,0,1,0,resolved,numeric AtkParam/Bullet/SpEffect graph resolved
650,747,301700952,1,0,1,0,resolved,numeric AtkParam/Bullet/SpEffect graph resolved
650,748,301700958,1,0,1,0,resolved,numeric AtkParam/Bullet/SpEffect graph resolved
650,749,301700956,1,0,1,0,resolved,numeric AtkParam/Bullet/SpEffect graph resolved
650,750,301700963,1,0,1,0,resolved,numeric AtkParam/Bullet/SpEffect graph resolved
650,751,301700964,1,0,1,0,resolved,numeric AtkParam/Bullet/SpEffect graph resolved
650,752,301700965,1,0,1,0,resolved,numeric AtkParam/Bullet/SpEffect graph resolved
650,753,301700960,1,0,1,0,resolved,numeric AtkParam/Bullet/SpEffect graph resolved
650,754,301700961,1,0,1,0,resolved,numeric AtkParam/Bullet/SpEffect graph resolved
650,755,301700962,1,0,1,0,resolved,numeric AtkParam/Bullet/SpEffect graph resolved
650,756,301700968,1,0,1,0,resolved,numeric AtkParam/Bullet/SpEffect graph resolved
650,757,301700966,1,0,1,0,resolved,numeric AtkParam/Bullet/SpEffect graph resolved
650,758,301800953,1,0,1,0,resolved,numeric AtkParam/Bullet/SpEffect graph resolved
650,759,301800954,1,0,1,0,resolved,numeric AtkParam/Bullet/SpEffect graph resolved
650,760,301800955,1,0,1,0,resolved,numeric AtkParam/Bullet/SpEffect graph resolved
650,761,301800950,1,0,1,0,resolved,numeric AtkParam/Bullet/SpEffect graph resolved
650,762,301800951,1,0,1,0,resolved,numeric AtkParam/Bullet/SpEffect graph resolved
650,763,301800952,1,0,1,0,resolved,numeric AtkParam/Bullet/SpEffect graph resolved
650,764,301800958,1,0,1,0,resolved,numeric AtkParam/Bullet/SpEffect graph resolved
650,765,301800956,1,0,1,0,resolved,numeric AtkParam/Bullet/SpEffect graph resolved
650,766,301800963,1,0,1,0,resolved,numeric AtkParam/Bullet/SpEffect graph resolved
650,767,301800964,1,0,1,0,resolved,numeric AtkParam/Bullet/SpEffect graph resolved
650,768,301800965,1,0,1,0,resolved,numeric AtkParam/Bullet/SpEffect graph resolved
650,769,301800960,1,0,1,0,resolved,numeric AtkParam/Bullet/SpEffect graph resolved
650,770,301800961,1,0,1,0,resolved,numeric AtkParam/Bullet/SpEffect graph resolved
650,771,301800962,1,0,1,0,resolved,numeric AtkParam/Bullet/SpEffect graph resolved
650,772,301800968,1,0,1,0,resolved,numeric AtkParam/Bullet/SpEffect graph resolved
650,773,301800966,1,0,1,0,resolved,numeric AtkParam/Bullet/SpEffect graph resolved
650,774,301900953,1,0,1,0,resolved,numeric AtkParam/Bullet/SpEffect graph resolved
650,775,301900954,1,0,1,0,resolved,numeric AtkParam/Bullet/SpEffect graph resolved
650,776,301900955,1,0,1,0,resolved,numeric AtkParam/Bullet/SpEffect graph resolved
650,777,301900950,1,0,1,0,resolved,numeric AtkParam/Bullet/SpEffect graph resolved
650,778,301900951,1,0,1,0,resolved,numeric AtkParam/Bullet/SpEffect graph resolved
650,779,301900952,1,0,1,0,resolved,numeric AtkParam/Bullet/SpEffect graph resolved
650,780,301900958,1,0,1,0,resolved,numeric AtkParam/Bullet/SpEffect graph resolved
650,781,301900956,1,0,1,0,resolved,numeric AtkParam/Bullet/SpEffect graph resolved
650,782,301900963,1,0,1,0,resolved,numeric AtkParam/Bullet/SpEffect graph resolved
650,783,301900964,1,0,1,0,resolved,numeric AtkParam/Bullet/SpEffect graph resolved
650,784,301900965,1,0,1,0,resolved,numeric AtkParam/Bullet/SpEffect graph resolved
650,785,301900960,1,0,1,0,resolved,numeric AtkParam/Bullet/SpEffect graph resolved
650,786,301900961,1,0,1,0,resolved,numeric AtkParam/Bullet/SpEffect graph resolved
650,787,301900962,1,0,1,0,resolved,numeric AtkParam/Bullet/SpEffect graph resolved
650,788,301900968,1,0,1,0,resolved,numeric AtkParam/Bullet/SpEffect graph resolved
650,789,301900966,1,0,1,0,resolved,numeric AtkParam/Bullet/SpEffect graph resolved
650,790,302100953,1,0,1,0,resolved,numeric AtkParam/Bullet/SpEffect graph resolved
650,791,302100954,1,0,1,0,resolved,numeric AtkParam/Bullet/SpEffect graph resolved
650,792,302100955,1,0,1,0,resolved,numeric AtkParam/Bullet/SpEffect graph resolved
650,793,302100950,1,0,1,0,resolved,numeric AtkParam/Bullet/SpEffect graph resolved
650,794,302100951,1,0,1,0,resolved,numeric AtkParam/Bullet/SpEffect graph resolved
650,795,302100952,1,0,1,0,resolved,numeric AtkParam/Bullet/SpEffect graph resolved
650,796,302100958,1,0,1,0,resolved,numeric AtkParam/Bullet/SpEffect graph resolved
650,797,302100959,1,0,1,0,resolved,numeric AtkParam/Bullet/SpEffect graph resolved
650,798,302100956,1,0,1,0,resolved,numeric AtkParam/Bullet/SpEffect graph resolved
650,799,302100957,1,0,1,0,resolved,numeric AtkParam/Bullet/SpEffect graph resolved
650,800,302100963,1,0,1,0,resolved,numeric AtkParam/Bullet/SpEffect graph resolved
650,801,302100964,1,0,1,0,resolved,numeric AtkParam/Bullet/SpEffect graph resolved
650,802,302100965,1,0,1,0,resolved,numeric AtkParam/Bullet/SpEffect graph resolved
650,803,302100960,1,0,1,0,resolved,numeric AtkParam/Bullet/SpEffect graph resolved
650,804,302100961,1,0,1,0,resolved,numeric AtkParam/Bullet/SpEffect graph resolved
650,805,302100962,1,0,1,0,resolved,numeric AtkParam/Bullet/SpEffect graph resolved
650,806,302100968,1,0,1,0,resolved,numeric AtkParam/Bullet/SpEffect graph resolved
650,807,302100969,1,0,1,0,resolved,numeric AtkParam/Bullet/SpEffect graph resolved
650,808,302100966,1,0,1,0,resolved,numeric AtkParam/Bullet/SpEffect graph resolved
650,809,302100967,1,0,1,0,resolved,numeric AtkParam/Bullet/SpEffect graph resolved
650,810,306300953,1,0,1,0,resolved,numeric AtkParam/Bullet/SpEffect graph resolved
650,811,306300954,1,0,1,0,resolved,numeric AtkParam/Bullet/SpEffect graph resolved
650,812,306300955,1,0,1,0,resolved,numeric AtkParam/Bullet/SpEffect graph resolved
650,813,306300950,1,0,1,0,resolved,numeric AtkParam/Bullet/SpEffect graph resolved
650,814,306300951,1,0,1,0,resolved,numeric AtkParam/Bullet/SpEffect graph resolved
650,815,306300952,1,0,1,0,resolved,numeric AtkParam/Bullet/SpEffect graph resolved
650,816,306300958,1,0,1,0,resolved,numeric AtkParam/Bullet/SpEffect graph resolved
650,817,306300959,1,0,1,0,resolved,numeric AtkParam/Bullet/SpEffect graph resolved
650,818,306300956,1,0,1,0,resolved,numeric AtkParam/Bullet/SpEffect graph resolved
650,819,306300957,1,0,1,0,resolved,numeric AtkParam/Bullet/SpEffect graph resolved
650,820,306300963,1,0,1,0,resolved,numeric AtkParam/Bullet/SpEffect graph resolved
650,821,306300964,1,0,1,0,resolved,numeric AtkParam/Bullet/SpEffect graph resolved
650,822,306300965,1,0,1,0,resolved,numeric AtkParam/Bullet/SpEffect graph resolved
650,823,306300960,1,0,1,0,resolved,numeric AtkParam/Bullet/SpEffect graph resolved
650,824,306300961,1,0,1,0,resolved,numeric AtkParam/Bullet/SpEffect graph resolved
650,825,306300962,1,0,1,0,resolved,numeric AtkParam/Bullet/SpEffect graph resolved
650,826,306300968,1,0,1,0,resolved,numeric AtkParam/Bullet/SpEffect graph resolved
650,827,306300969,1,0,1,0,resolved,numeric AtkParam/Bullet/SpEffect graph resolved
650,828,306300966,1,0,1,0,resolved,numeric AtkParam/Bullet/SpEffect graph resolved
650,829,306300967,1,0,1,0,resolved,numeric AtkParam/Bullet/SpEffect graph resolved
650,830,302200953,1,0,1,0,resolved,numeric AtkParam/Bullet/SpEffect graph resolved
650,831,302200954,1,0,1,0,resolved,numeric AtkParam/Bullet/SpEffect graph resolved
650,832,302200955,1,0,1,0,resolved,numeric AtkParam/Bullet/SpEffect graph resolved
650,833,302200950,1,0,1,0,resolved,numeric AtkParam/Bullet/SpEffect graph resolved
650,834,302200951,1,0,1,0,resolved,numeric AtkParam/Bullet/SpEffect graph resolved
650,835,302200952,1,0,1,0,resolved,numeric AtkParam/Bullet/SpEffect graph resolved
650,836,302200958,1,0,1,0,resolved,numeric AtkParam/Bullet/SpEffect graph resolved
650,837,302200959,1,0,1,0,resolved,numeric AtkParam/Bullet/SpEffect graph resolved
650,838,302200956,1,0,1,0,resolved,numeric AtkParam/Bullet/SpEffect graph resolved
650,839,302200957,1,0,1,0,resolved,numeric AtkParam/Bullet/SpEffect graph resolved
650,840,302200963,1,0,1,0,resolved,numeric AtkParam/Bullet/SpEffect graph resolved
650,841,302200964,1,0,1,0,resolved,numeric AtkParam/Bullet/SpEffect graph resolved
650,842,302200965,1,0,1,0,resolved,numeric AtkParam/Bullet/SpEffect graph resolved
650,843,302200960,1,0,1,0,resolved,numeric AtkParam/Bullet/SpEffect graph resolved
650,844,302200961,1,0,1,0,resolved,numeric AtkParam/Bullet/SpEffect graph resolved
650,845,302200962,1,0,1,0,resolved,numeric AtkParam/Bullet/SpEffect graph resolved
650,846,302200968,1,0,1,0,resolved,numeric AtkParam/Bullet/SpEffect graph resolved
650,847,302200969,1,0,1,0,resolved,numeric AtkParam/Bullet/SpEffect graph resolved
650,848,302200966,1,0,1,0,resolved,numeric AtkParam/Bullet/SpEffect graph resolved
650,849,302200967,1,0,1,0,resolved,numeric AtkParam/Bullet/SpEffect graph resolved
650,850,306800953,1,0,1,0,resolved,numeric AtkParam/Bullet/SpEffect graph resolved
650,851,306800954,1,0,1,0,resolved,numeric AtkParam/Bullet/SpEffect graph resolved
650,852,306800955,1,0,1,0,resolved,numeric AtkParam/Bullet/SpEffect graph resolved
650,853,306800950,1,0,1,0,resolved,numeric AtkParam/Bullet/SpEffect graph resolved
650,854,306800951,1,0,1,0,resolved,numeric AtkParam/Bullet/SpEffect graph resolved
650,855,306800952,1,0,1,0,resolved,numeric AtkParam/Bullet/SpEffect graph resolved
650,856,306800958,1,0,1,0,resolved,numeric AtkParam/Bullet/SpEffect graph resolved
650,857,306800959,1,0,1,0,resolved,numeric AtkParam/Bullet/SpEffect graph resolved
650,858,306800956,1,0,1,0,resolved,numeric AtkParam/Bullet/SpEffect graph resolved
650,859,306800957,1,0,1,0,resolved,numeric AtkParam/Bullet/SpEffect graph resolved
650,860,306800963,1,0,1,0,resolved,numeric AtkParam/Bullet/SpEffect graph resolved
650,861,306800964,1,0,1,0,resolved,numeric AtkParam/Bullet/SpEffect graph resolved
650,862,306800965,1,0,1,0,resolved,numeric AtkParam/Bullet/SpEffect graph resolved
650,863,306800960,1,0,1,0,resolved,numeric AtkParam/Bullet/SpEffect graph resolved
650,864,306800961,1,0,1,0,resolved,numeric AtkParam/Bullet/SpEffect graph resolved
650,865,306800962,1,0,1,0,resolved,numeric AtkParam/Bullet/SpEffect graph resolved
650,866,306800968,1,0,1,0,resolved,numeric AtkParam/Bullet/SpEffect graph resolved
650,867,306800969,1,0,1,0,resolved,numeric AtkParam/Bullet/SpEffect graph resolved
650,868,306800966,1,0,1,0,resolved,numeric AtkParam/Bullet/SpEffect graph resolved
650,869,306800967,1,0,1,0,resolved,numeric AtkParam/Bullet/SpEffect graph resolved
651,112,300000120,1,0,1,0,resolved,numeric AtkParam/Bullet/SpEffect graph resolved
651,113,300000121,0,0,0,0,no_effects,no target or shooter SpEffect is attached
651,114,300200981,1,0,1,0,resolved,numeric AtkParam/Bullet/SpEffect graph resolved
651,115,300200982,0,0,0,0,no_effects,no target or shooter SpEffect is attached
651,116,300200983,0,0,0,0,no_effects,no target or shooter SpEffect is attached
651,117,300200980,1,0,1,0,resolved,numeric AtkParam/Bullet/SpEffect graph resolved
651,118,300200985,1,0,1,0,resolved,numeric AtkParam/Bullet/SpEffect graph resolved
651,119,300200986,0,0,0,0,no_effects,no target or shooter SpEffect is attached
651,120,300200984,1,0,1,0,resolved,numeric AtkParam/Bullet/SpEffect graph resolved
651,121,300200988,1,0,1,0,resolved,numeric AtkParam/Bullet/SpEffect graph resolved
651,122,300200989,0,0,0,0,no_effects,no target or shooter SpEffect is attached
651,123,300200990,0,0,0,0,no_effects,no target or shooter SpEffect is attached
651,124,300200987,1,0,1,0,resolved,numeric AtkParam/Bullet/SpEffect graph resolved
651,125,300200992,1,0,1,0,resolved,numeric AtkParam/Bullet/SpEffect graph resolved
651,126,300200993,0,0,0,0,no_effects,no target or shooter SpEffect is attached
651,127,300200991,1,0,1,0,resolved,numeric AtkParam/Bullet/SpEffect graph resolved
651,128,306700981,1,0,1,0,resolved,numeric AtkParam/Bullet/SpEffect graph resolved
651,129,306700982,0,0,0,0,no_effects,no target or shooter SpEffect is attached
651,130,306700983,0,0,0,0,no_effects,no target or shooter SpEffect is attached
651,131,306700980,1,0,1,0,resolved,numeric AtkParam/Bullet/SpEffect graph resolved
651,132,306700985,1,0,1,0,resolved,numeric AtkParam/Bullet/SpEffect graph resolved
651,133,306700986,0,0,0,0,no_effects,no target or shooter SpEffect is attached
651,134,306700984,1,0,1,0,resolved,numeric AtkParam/Bullet/SpEffect graph resolved
651,135,306700988,1,0,1,0,resolved,numeric AtkParam/Bullet/SpEffect graph resolved
651,136,306700989,0,0,0,0,no_effects,no target or shooter SpEffect is attached
651,137,306700990,0,0,0,0,no_effects,no target or shooter SpEffect is attached
651,138,306700987,1,0,1,0,resolved,numeric AtkParam/Bullet/SpEffect graph resolved
651,139,306700992,1,0,1,0,resolved,numeric AtkParam/Bullet/SpEffect graph resolved
651,140,306700993,0,0,0,0,no_effects,no target or shooter SpEffect is attached
651,141,306700991,1,0,1,0,resolved,numeric AtkParam/Bullet/SpEffect graph resolved
651,142,300300981,1,0,1,0,resolved,numeric AtkParam/Bullet/SpEffect graph resolved
651,143,300300982,0,0,0,0,no_effects,no target or shooter SpEffect is attached
651,144,300300983,0,0,0,0,no_effects,no target or shooter SpEffect is attached
651,145,300300980,1,0,1,0,resolved,numeric AtkParam/Bullet/SpEffect graph resolved
651,146,300300985,1,0,1,0,resolved,numeric AtkParam/Bullet/SpEffect graph resolved
651,147,300300986,0,0,0,0,no_effects,no target or shooter SpEffect is attached
651,148,300300984,1,0,1,0,resolved,numeric AtkParam/Bullet/SpEffect graph resolved
651,149,300300988,1,0,1,0,resolved,numeric AtkParam/Bullet/SpEffect graph resolved
651,150,300300989,0,0,0,0,no_effects,no target or shooter SpEffect is attached
651,151,300300990,0,0,0,0,no_effects,no target or shooter SpEffect is attached
651,152,300300987,1,0,1,0,resolved,numeric AtkParam/Bullet/SpEffect graph resolved
651,153,300300992,1,0,1,0,resolved,numeric AtkParam/Bullet/SpEffect graph resolved
651,154,300300993,0,0,0,0,no_effects,no target or shooter SpEffect is attached
651,155,300300991,1,0,1,0,resolved,numeric AtkParam/Bullet/SpEffect graph resolved
651,156,300400981,1,0,1,0,resolved,numeric AtkParam/Bullet/SpEffect graph resolved
651,157,300400982,0,0,0,0,no_effects,no target or shooter SpEffect is attached
651,158,300400983,0,0,0,0,no_effects,no target or shooter SpEffect is attached
651,159,300400980,1,0,1,0,resolved,numeric AtkParam/Bullet/SpEffect graph resolved
651,160,300400985,1,0,1,0,resolved,numeric AtkParam/Bullet/SpEffect graph resolved
651,161,300400986,0,0,0,0,no_effects,no target or shooter SpEffect is attached
651,162,300400984,1,0,1,0,resolved,numeric AtkParam/Bullet/SpEffect graph resolved
651,163,300400988,1,0,1,0,resolved,numeric AtkParam/Bullet/SpEffect graph resolved
651,164,300400989,0,0,0,0,no_effects,no target or shooter SpEffect is attached
651,165,300400990,0,0,0,0,no_effects,no target or shooter SpEffect is attached
651,166,300400987,1,0,1,0,resolved,numeric AtkParam/Bullet/SpEffect graph resolved
651,167,300400992,1,0,1,0,resolved,numeric AtkParam/Bullet/SpEffect graph resolved
651,168,300400993,0,0,0,0,no_effects,no target or shooter SpEffect is attached
651,169,300400991,1,0,1,0,resolved,numeric AtkParam/Bullet/SpEffect graph resolved
651,170,300700981,1,0,1,0,resolved,numeric AtkParam/Bullet/SpEffect graph resolved
651,171,300700982,0,0,0,0,no_effects,no target or shooter SpEffect is attached
651,172,300700983,0,0,0,0,no_effects,no target or shooter SpEffect is attached
651,173,300700980,1,0,1,0,resolved,numeric AtkParam/Bullet/SpEffect graph resolved
651,174,300700985,1,0,1,0,resolved,numeric AtkParam/Bullet/SpEffect graph resolved
651,175,300700986,0,0,0,0,no_effects,no target or shooter SpEffect is attached
651,176,300700984,1,0,1,0,resolved,numeric AtkParam/Bullet/SpEffect graph resolved
651,177,300700988,1,0,1,0,resolved,numeric AtkParam/Bullet/SpEffect graph resolved
651,178,300700989,0,0,0,0,no_effects,no target or shooter SpEffect is attached
651,179,300700990,0,0,0,0,no_effects,no target or shooter SpEffect is attached
651,180,300700987,1,0,1,0,resolved,numeric AtkParam/Bullet/SpEffect graph resolved
651,181,300700992,1,0,1,0,resolved,numeric AtkParam/Bullet/SpEffect graph resolved
651,182,300700993,0,0,0,0,no_effects,no target or shooter SpEffect is attached
651,183,300700991,1,0,1,0,resolved,numeric AtkParam/Bullet/SpEffect graph resolved
651,184,300800981,1,0,1,0,resolved,numeric AtkParam/Bullet/SpEffect graph resolved
651,185,300800982,0,0,0,0,no_effects,no target or shooter SpEffect is attached
651,186,300800983,0,0,0,0,no_effects,no target or shooter SpEffect is attached
651,187,300800980,1,0,1,0,resolved,numeric AtkParam/Bullet/SpEffect graph resolved
651,188,300800985,1,0,1,0,resolved,numeric AtkParam/Bullet/SpEffect graph resolved
651,189,300800986,0,0,0,0,no_effects,no target or shooter SpEffect is attached
651,190,300800984,1,0,1,0,resolved,numeric AtkParam/Bullet/SpEffect graph resolved
651,191,300800988,1,0,1,0,resolved,numeric AtkParam/Bullet/SpEffect graph resolved
651,192,300800989,0,0,0,0,no_effects,no target or shooter SpEffect is attached
651,193,300800990,0,0,0,0,no_effects,no target or shooter SpEffect is attached
651,194,300800987,1,0,1,0,resolved,numeric AtkParam/Bullet/SpEffect graph resolved
651,195,300800992,1,0,1,0,resolved,numeric AtkParam/Bullet/SpEffect graph resolved
651,196,300800993,0,0,0,0,no_effects,no target or shooter SpEffect is attached
651,197,300800991,1,0,1,0,resolved,numeric AtkParam/Bullet/SpEffect graph resolved
651,198,300900981,1,0,1,0,resolved,numeric AtkParam/Bullet/SpEffect graph resolved
651,199,300900982,0,0,0,0,no_effects,no target or shooter SpEffect is attached
651,200,300900983,0,0,0,0,no_effects,no target or shooter SpEffect is attached
651,201,300900980,1,0,1,0,resolved,numeric AtkParam/Bullet/SpEffect graph resolved
651,202,300900985,1,0,1,0,resolved,numeric AtkParam/Bullet/SpEffect graph resolved
651,203,300900986,0,0,0,0,no_effects,no target or shooter SpEffect is attached
651,204,300900984,1,0,1,0,resolved,numeric AtkParam/Bullet/SpEffect graph resolved
651,205,300900988,1,0,1,0,resolved,numeric AtkParam/Bullet/SpEffect graph resolved
651,206,300900989,0,0,0,0,no_effects,no target or shooter SpEffect is attached
651,207,300900990,0,0,0,0,no_effects,no target or shooter SpEffect is attached
651,208,300900987,1,0,1,0,resolved,numeric AtkParam/Bullet/SpEffect graph resolved
651,209,300900992,1,0,1,0,resolved,numeric AtkParam/Bullet/SpEffect graph resolved
651,210,300900993,0,0,0,0,no_effects,no target or shooter SpEffect is attached
651,211,300900991,1,0,1,0,resolved,numeric AtkParam/Bullet/SpEffect graph resolved
651,212,300000981,1,0,1,0,resolved,numeric AtkParam/Bullet/SpEffect graph resolved
651,213,300000982,0,0,0,0,no_effects,no target or shooter SpEffect is attached
651,214,300000983,0,0,0,0,no_effects,no target or shooter SpEffect is attached
651,215,300000980,1,0,1,0,resolved,numeric AtkParam/Bullet/SpEffect graph resolved
651,216,300000985,1,0,1,0,resolved,numeric AtkParam/Bullet/SpEffect graph resolved
651,217,300000986,0,0,0,0,no_effects,no target or shooter SpEffect is attached
651,218,300000984,1,0,1,0,resolved,numeric AtkParam/Bullet/SpEffect graph resolved
651,219,300000988,1,0,1,0,resolved,numeric AtkParam/Bullet/SpEffect graph resolved
651,220,300000989,0,0,0,0,no_effects,no target or shooter SpEffect is attached
651,221,300000990,0,0,0,0,no_effects,no target or shooter SpEffect is attached
651,222,300000987,1,0,1,0,resolved,numeric AtkParam/Bullet/SpEffect graph resolved
651,223,300000992,1,0,1,0,resolved,numeric AtkParam/Bullet/SpEffect graph resolved
651,224,300000993,0,0,0,0,no_effects,no target or shooter SpEffect is attached
651,225,300000991,1,0,1,0,resolved,numeric AtkParam/Bullet/SpEffect graph resolved
651,226,301000981,1,0,1,0,resolved,numeric AtkParam/Bullet/SpEffect graph resolved
651,227,301000982,0,0,0,0,no_effects,no target or shooter SpEffect is attached
651,228,301000983,0,0,0,0,no_effects,no target or shooter SpEffect is attached
651,229,301000980,1,0,1,0,resolved,numeric AtkParam/Bullet/SpEffect graph resolved
651,230,301000985,1,0,1,0,resolved,numeric AtkParam/Bullet/SpEffect graph resolved
651,231,301000986,0,0,0,0,no_effects,no target or shooter SpEffect is attached
651,232,301000984,1,0,1,0,resolved,numeric AtkParam/Bullet/SpEffect graph resolved
651,233,301000988,1,0,1,0,resolved,numeric AtkParam/Bullet/SpEffect graph resolved
651,234,301000989,0,0,0,0,no_effects,no target or shooter SpEffect is attached
651,235,301000990,0,0,0,0,no_effects,no target or shooter SpEffect is attached
651,236,301000987,1,0,1,0,resolved,numeric AtkParam/Bullet/SpEffect graph resolved
651,237,301000992,1,0,1,0,resolved,numeric AtkParam/Bullet/SpEffect graph resolved
651,238,301000993,0,0,0,0,no_effects,no target or shooter SpEffect is attached
651,239,301000991,1,0,1,0,resolved,numeric AtkParam/Bullet/SpEffect graph resolved
651,240,301400981,1,0,1,0,resolved,numeric AtkParam/Bullet/SpEffect graph resolved
651,241,301400982,0,0,0,0,no_effects,no target or shooter SpEffect is attached
651,242,301400983,0,0,0,0,no_effects,no target or shooter SpEffect is attached
651,243,301400980,1,0,1,0,resolved,numeric AtkParam/Bullet/SpEffect graph resolved
651,244,301400985,1,0,1,0,resolved,numeric AtkParam/Bullet/SpEffect graph resolved
651,245,301400986,0,0,0,0,no_effects,no target or shooter SpEffect is attached
651,246,301400984,1,0,1,0,resolved,numeric AtkParam/Bullet/SpEffect graph resolved
651,247,301400988,1,0,1,0,resolved,numeric AtkParam/Bullet/SpEffect graph resolved
651,248,301400989,0,0,0,0,no_effects,no target or shooter SpEffect is attached
651,249,301400990,0,0,0,0,no_effects,no target or shooter SpEffect is attached
651,250,301400987,1,0,1,0,resolved,numeric AtkParam/Bullet/SpEffect graph resolved
651,251,301400992,1,0,1,0,resolved,numeric AtkParam/Bullet/SpEffect graph resolved
651,252,301400993,0,0,0,0,no_effects,no target or shooter SpEffect is attached
651,253,301400991,1,0,1,0,resolved,numeric AtkParam/Bullet/SpEffect graph resolved
651,254,301500981,1,0,1,0,resolved,numeric AtkParam/Bullet/SpEffect graph resolved
651,255,301500982,0,0,0,0,no_effects,no target or shooter SpEffect is attached
651,256,301500983,0,0,0,0,no_effects,no target or shooter SpEffect is attached
651,257,301500980,1,0,1,0,resolved,numeric AtkParam/Bullet/SpEffect graph resolved
651,258,301500985,1,0,1,0,resolved,numeric AtkParam/Bullet/SpEffect graph resolved
651,259,301500986,0,0,0,0,no_effects,no target or shooter SpEffect is attached
651,260,301500984,1,0,1,0,resolved,numeric AtkParam/Bullet/SpEffect graph resolved
651,261,301500988,1,0,1,0,resolved,numeric AtkParam/Bullet/SpEffect graph resolved
651,262,301500989,0,0,0,0,no_effects,no target or shooter SpEffect is attached
651,263,301500990,0,0,0,0,no_effects,no target or shooter SpEffect is attached
651,264,301500987,1,0,1,0,resolved,numeric AtkParam/Bullet/SpEffect graph resolved
651,265,301500992,1,0,1,0,resolved,numeric AtkParam/Bullet/SpEffect graph resolved
651,266,301500993,0,0,0,0,no_effects,no target or shooter SpEffect is attached
651,267,301500991,1,0,1,0,resolved,numeric AtkParam/Bullet/SpEffect graph resolved
651,268,301100981,1,0,1,0,resolved,numeric AtkParam/Bullet/SpEffect graph resolved
651,269,301100982,0,0,0,0,no_effects,no target or shooter SpEffect is attached
651,270,301100983,0,0,0,0,no_effects,no target or shooter SpEffect is attached
651,271,301100980,1,0,1,0,resolved,numeric AtkParam/Bullet/SpEffect graph resolved
651,272,301100985,1,0,1,0,resolved,numeric AtkParam/Bullet/SpEffect graph resolved
651,273,301100986,0,0,0,0,no_effects,no target or shooter SpEffect is attached
651,274,301100984,1,0,1,0,resolved,numeric AtkParam/Bullet/SpEffect graph resolved
651,275,301100988,1,0,1,0,resolved,numeric AtkParam/Bullet/SpEffect graph resolved
651,276,301100989,0,0,0,0,no_effects,no target or shooter SpEffect is attached
651,277,301100990,0,0,0,0,no_effects,no target or shooter SpEffect is attached
651,278,301100987,1,0,1,0,resolved,numeric AtkParam/Bullet/SpEffect graph resolved
651,279,301100992,1,0,1,0,resolved,numeric AtkParam/Bullet/SpEffect graph resolved
651,280,301100993,0,0,0,0,no_effects,no target or shooter SpEffect is attached
651,281,301100991,1,0,1,0,resolved,numeric AtkParam/Bullet/SpEffect graph resolved
651,282,301300981,1,0,1,0,resolved,numeric AtkParam/Bullet/SpEffect graph resolved
651,283,301300982,0,0,0,0,no_effects,no target or shooter SpEffect is attached
651,284,301300983,0,0,0,0,no_effects,no target or shooter SpEffect is attached
651,285,301300980,1,0,1,0,resolved,numeric AtkParam/Bullet/SpEffect graph resolved
651,286,301300985,1,0,1,0,resolved,numeric AtkParam/Bullet/SpEffect graph resolved
651,287,301300986,0,0,0,0,no_effects,no target or shooter SpEffect is attached
651,288,301300984,1,0,1,0,resolved,numeric AtkParam/Bullet/SpEffect graph resolved
651,289,301300988,1,0,1,0,resolved,numeric AtkParam/Bullet/SpEffect graph resolved
651,290,301300989,0,0,0,0,no_effects,no target or shooter SpEffect is attached
651,291,301300990,0,0,0,0,no_effects,no target or shooter SpEffect is attached
651,292,301300987,1,0,1,0,resolved,numeric AtkParam/Bullet/SpEffect graph resolved
651,293,301300992,1,0,1,0,resolved,numeric AtkParam/Bullet/SpEffect graph resolved
651,294,301300993,0,0,0,0,no_effects,no target or shooter SpEffect is attached
651,295,301300991,1,0,1,0,resolved,numeric AtkParam/Bullet/SpEffect graph resolved
651,296,301200981,1,0,1,0,resolved,numeric AtkParam/Bullet/SpEffect graph resolved
651,297,301200982,0,0,0,0,no_effects,no target or shooter SpEffect is attached
651,298,301200983,0,0,0,0,no_effects,no target or shooter SpEffect is attached
651,299,301200980,1,0,1,0,resolved,numeric AtkParam/Bullet/SpEffect graph resolved
651,300,301200985,1,0,1,0,resolved,numeric AtkParam/Bullet/SpEffect graph resolved
651,301,301200986,0,0,0,0,no_effects,no target or shooter SpEffect is attached
651,302,301200984,1,0,1,0,resolved,numeric AtkParam/Bullet/SpEffect graph resolved
651,303,301200988,1,0,1,0,resolved,numeric AtkParam/Bullet/SpEffect graph resolved
651,304,301200989,0,0,0,0,no_effects,no target or shooter SpEffect is attached
651,305,301200990,0,0,0,0,no_effects,no target or shooter SpEffect is attached
651,306,301200987,1,0,1,0,resolved,numeric AtkParam/Bullet/SpEffect graph resolved
651,307,301200992,1,0,1,0,resolved,numeric AtkParam/Bullet/SpEffect graph resolved
651,308,301200993,0,0,0,0,no_effects,no target or shooter SpEffect is attached
651,309,301200991,1,0,1,0,resolved,numeric AtkParam/Bullet/SpEffect graph resolved
651,310,302300981,1,0,1,0,resolved,numeric AtkParam/Bullet/SpEffect graph resolved
651,311,302300982,0,0,0,0,no_effects,no target or shooter SpEffect is attached
651,312,302300983,0,0,0,0,no_effects,no target or shooter SpEffect is attached
651,313,302300980,1,0,1,0,resolved,numeric AtkParam/Bullet/SpEffect graph resolved
651,314,302300985,1,0,1,0,resolved,numeric AtkParam/Bullet/SpEffect graph resolved
651,315,302300986,0,0,0,0,no_effects,no target or shooter SpEffect is attached
651,316,302300984,1,0,1,0,resolved,numeric AtkParam/Bullet/SpEffect graph resolved
651,317,302300988,1,0,1,0,resolved,numeric AtkParam/Bullet/SpEffect graph resolved
651,318,302300989,0,0,0,0,no_effects,no target or shooter SpEffect is attached
651,319,302300990,0,0,0,0,no_effects,no target or shooter SpEffect is attached
651,320,302300987,1,0,1,0,resolved,numeric AtkParam/Bullet/SpEffect graph resolved
651,321,302300992,1,0,1,0,resolved,numeric AtkParam/Bullet/SpEffect graph resolved
651,322,302300993,0,0,0,0,no_effects,no target or shooter SpEffect is attached
651,323,302300991,1,0,1,0,resolved,numeric AtkParam/Bullet/SpEffect graph resolved
651,324,301600981,1,0,1,0,resolved,numeric AtkParam/Bullet/SpEffect graph resolved
651,325,301600982,0,0,0,0,no_effects,no target or shooter SpEffect is attached
651,326,301600983,0,0,0,0,no_effects,no target or shooter SpEffect is attached
651,327,301600980,1,0,1,0,resolved,numeric AtkParam/Bullet/SpEffect graph resolved
651,328,301600985,1,0,1,0,resolved,numeric AtkParam/Bullet/SpEffect graph resolved
651,329,301600986,0,0,0,0,no_effects,no target or shooter SpEffect is attached
651,330,301600984,1,0,1,0,resolved,numeric AtkParam/Bullet/SpEffect graph resolved
651,331,301600988,1,0,1,0,resolved,numeric AtkParam/Bullet/SpEffect graph resolved
651,332,301600989,0,0,0,0,no_effects,no target or shooter SpEffect is attached
651,333,301600990,0,0,0,0,no_effects,no target or shooter SpEffect is attached
651,334,301600987,1,0,1,0,resolved,numeric AtkParam/Bullet/SpEffect graph resolved
651,335,301600992,1,0,1,0,resolved,numeric AtkParam/Bullet/SpEffect graph resolved
651,336,301600993,0,0,0,0,no_effects,no target or shooter SpEffect is attached
651,337,301600991,1,0,1,0,resolved,numeric AtkParam/Bullet/SpEffect graph resolved
651,338,301700981,1,0,1,0,resolved,numeric AtkParam/Bullet/SpEffect graph resolved
651,339,301700982,0,0,0,0,no_effects,no target or shooter SpEffect is attached
651,340,301700983,0,0,0,0,no_effects,no target or shooter SpEffect is attached
651,341,301700980,1,0,1,0,resolved,numeric AtkParam/Bullet/SpEffect graph resolved
651,342,301700985,1,0,1,0,resolved,numeric AtkParam/Bullet/SpEffect graph resolved
651,343,301700986,0,0,0,0,no_effects,no target or shooter SpEffect is attached
651,344,301700984,1,0,1,0,resolved,numeric AtkParam/Bullet/SpEffect graph resolved
651,345,301700988,1,0,1,0,resolved,numeric AtkParam/Bullet/SpEffect graph resolved
651,346,301700989,0,0,0,0,no_effects,no target or shooter SpEffect is attached
651,347,301700990,0,0,0,0,no_effects,no target or shooter SpEffect is attached
651,348,301700987,1,0,1,0,resolved,numeric AtkParam/Bullet/SpEffect graph resolved
651,349,301700992,1,0,1,0,resolved,numeric AtkParam/Bullet/SpEffect graph resolved
651,350,301700993,0,0,0,0,no_effects,no target or shooter SpEffect is attached
651,351,301700991,1,0,1,0,resolved,numeric AtkParam/Bullet/SpEffect graph resolved
651,352,301800981,1,0,1,0,resolved,numeric AtkParam/Bullet/SpEffect graph resolved
651,353,301800982,0,0,0,0,no_effects,no target or shooter SpEffect is attached
651,354,301800983,0,0,0,0,no_effects,no target or shooter SpEffect is attached
651,355,301800980,1,0,1,0,resolved,numeric AtkParam/Bullet/SpEffect graph resolved
651,356,301800985,1,0,1,0,resolved,numeric AtkParam/Bullet/SpEffect graph resolved
651,357,301800986,0,0,0,0,no_effects,no target or shooter SpEffect is attached
651,358,301800984,1,0,1,0,resolved,numeric AtkParam/Bullet/SpEffect graph resolved
651,359,301800988,1,0,1,0,resolved,numeric AtkParam/Bullet/SpEffect graph resolved
651,360,301800989,0,0,0,0,no_effects,no target or shooter SpEffect is attached
651,361,301800990,0,0,0,0,no_effects,no target or shooter SpEffect is attached
651,362,301800987,1,0,1,0,resolved,numeric AtkParam/Bullet/SpEffect graph resolved
651,363,301800992,1,0,1,0,resolved,numeric AtkParam/Bullet/SpEffect graph resolved
651,364,301800993,0,0,0,0,no_effects,no target or shooter SpEffect is attached
651,365,301800991,1,0,1,0,resolved,numeric AtkParam/Bullet/SpEffect graph resolved
651,366,301900981,1,0,1,0,resolved,numeric AtkParam/Bullet/SpEffect graph resolved
651,367,301900982,0,0,0,0,no_effects,no target or shooter SpEffect is attached
651,368,301900983,0,0,0,0,no_effects,no target or shooter SpEffect is attached
651,369,301900980,1,0,1,0,resolved,numeric AtkParam/Bullet/SpEffect graph resolved
651,370,301900985,1,0,1,0,resolved,numeric AtkParam/Bullet/SpEffect graph resolved
651,371,301900986,0,0,0,0,no_effects,no target or shooter SpEffect is attached
651,372,301900984,1,0,1,0,resolved,numeric AtkParam/Bullet/SpEffect graph resolved
651,373,301900988,1,0,1,0,resolved,numeric AtkParam/Bullet/SpEffect graph resolved
651,374,301900989,0,0,0,0,no_effects,no target or shooter SpEffect is attached
651,375,301900990,0,0,0,0,no_effects,no target or shooter SpEffect is attached
651,376,301900987,1,0,1,0,resolved,numeric AtkParam/Bullet/SpEffect graph resolved
651,377,301900992,1,0,1,0,resolved,numeric AtkParam/Bullet/SpEffect graph resolved
651,378,301900993,0,0,0,0,no_effects,no target or shooter SpEffect is attached
651,379,301900991,1,0,1,0,resolved,numeric AtkParam/Bullet/SpEffect graph resolved
651,380,302100981,1,0,1,0,resolved,numeric AtkParam/Bullet/SpEffect graph resolved
651,381,302100982,0,0,0,0,no_effects,no target or shooter SpEffect is attached
651,382,302100983,0,0,0,0,no_effects,no target or shooter SpEffect is attached
651,383,302100980,1,0,1,0,resolved,numeric AtkParam/Bullet/SpEffect graph resolved
651,384,302100985,1,0,1,0,resolved,numeric AtkParam/Bullet/SpEffect graph resolved
651,385,302100986,0,0,0,0,no_effects,no target or shooter SpEffect is attached
651,386,302100984,1,0,1,0,resolved,numeric AtkParam/Bullet/SpEffect graph resolved
651,387,302100989,1,0,1,0,resolved,numeric AtkParam/Bullet/SpEffect graph resolved
651,388,302100990,1,0,1,0,resolved,numeric AtkParam/Bullet/SpEffect graph resolved
651,389,302100991,0,0,0,0,no_effects,no target or shooter SpEffect is attached
651,390,302100992,0,0,0,0,no_effects,no target or shooter SpEffect is attached
651,391,302100987,1,0,1,0,resolved,numeric AtkParam/Bullet/SpEffect graph resolved
651,392,302100988,1,0,1,0,resolved,numeric AtkParam/Bullet/SpEffect graph resolved
651,393,302100995,1,0,1,0,resolved,numeric AtkParam/Bullet/SpEffect graph resolved
651,394,302100996,1,0,1,0,resolved,numeric AtkParam/Bullet/SpEffect graph resolved
651,395,302100997,0,0,0,0,no_effects,no target or shooter SpEffect is attached
651,396,302100993,1,0,1,0,resolved,numeric AtkParam/Bullet/SpEffect graph resolved
651,397,302100994,1,0,1,0,resolved,numeric AtkParam/Bullet/SpEffect graph resolved
651,398,306300981,1,0,1,0,resolved,numeric AtkParam/Bullet/SpEffect graph resolved
651,399,306300982,0,0,0,0,no_effects,no target or shooter SpEffect is attached
651,400,306300983,0,0,0,0,no_effects,no target or shooter SpEffect is attached
651,401,306300980,1,0,1,0,resolved,numeric AtkParam/Bullet/SpEffect graph resolved
651,402,306300985,1,0,1,0,resolved,numeric AtkParam/Bullet/SpEffect graph resolved
651,403,306300986,0,0,0,0,no_effects,no target or shooter SpEffect is attached
651,404,306300984,1,0,1,0,resolved,numeric AtkParam/Bullet/SpEffect graph resolved
651,405,306300989,1,0,1,0,resolved,numeric AtkParam/Bullet/SpEffect graph resolved
651,406,306300990,1,0,1,0,resolved,numeric AtkParam/Bullet/SpEffect graph resolved
651,407,306300991,0,0,0,0,no_effects,no target or shooter SpEffect is attached
651,408,306300992,0,0,0,0,no_effects,no target or shooter SpEffect is attached
651,409,306300987,1,0,1,0,resolved,numeric AtkParam/Bullet/SpEffect graph resolved
651,410,306300988,1,0,1,0,resolved,numeric AtkParam/Bullet/SpEffect graph resolved
651,411,306300995,1,0,1,0,resolved,numeric AtkParam/Bullet/SpEffect graph resolved
651,412,306300996,1,0,1,0,resolved,numeric AtkParam/Bullet/SpEffect graph resolved
651,413,306300997,0,0,0,0,no_effects,no target or shooter SpEffect is attached
651,414,306300993,1,0,1,0,resolved,numeric AtkParam/Bullet/SpEffect graph resolved
651,415,306300994,1,0,1,0,resolved,numeric AtkParam/Bullet/SpEffect graph resolved
651,416,302200981,1,0,1,0,resolved,numeric AtkParam/Bullet/SpEffect graph resolved
651,417,302200982,0,0,0,0,no_effects,no target or shooter SpEffect is attached
651,418,302200983,0,0,0,0,no_effects,no target or shooter SpEffect is attached
651,419,302200980,1,0,1,0,resolved,numeric AtkParam/Bullet/SpEffect graph resolved
651,420,302200985,1,0,1,0,resolved,numeric AtkParam/Bullet/SpEffect graph resolved
651,421,302200986,0,0,0,0,no_effects,no target or shooter SpEffect is attached
651,422,302200984,1,0,1,0,resolved,numeric AtkParam/Bullet/SpEffect graph resolved
651,423,302200989,1,0,1,0,resolved,numeric AtkParam/Bullet/SpEffect graph resolved
651,424,302200990,1,0,1,0,resolved,numeric AtkParam/Bullet/SpEffect graph resolved
651,425,302200991,0,0,0,0,no_effects,no target or shooter SpEffect is attached
651,426,302200992,0,0,0,0,no_effects,no target or shooter SpEffect is attached
651,427,302200987,1,0,1,0,resolved,numeric AtkParam/Bullet/SpEffect graph resolved
651,428,302200988,1,0,1,0,resolved,numeric AtkParam/Bullet/SpEffect graph resolved
651,429,302200995,1,0,1,0,resolved,numeric AtkParam/Bullet/SpEffect graph resolved
651,430,302200996,1,0,1,0,resolved,numeric AtkParam/Bullet/SpEffect graph resolved
651,431,302200997,0,0,0,0,no_effects,no target or shooter SpEffect is attached
651,432,302200993,1,0,1,0,resolved,numeric AtkParam/Bullet/SpEffect graph resolved
651,433,302200994,1,0,1,0,resolved,numeric AtkParam/Bullet/SpEffect graph resolved
651,434,306800981,1,0,1,0,resolved,numeric AtkParam/Bullet/SpEffect graph resolved
651,435,306800982,0,0,0,0,no_effects,no target or shooter SpEffect is attached
651,436,306800983,0,0,0,0,no_effects,no target or shooter SpEffect is attached
651,437,306800980,1,0,1,0,resolved,numeric AtkParam/Bullet/SpEffect graph resolved
651,438,306800985,1,0,1,0,resolved,numeric AtkParam/Bullet/SpEffect graph resolved
651,439,306800986,0,0,0,0,no_effects,no target or shooter SpEffect is attached
651,440,306800984,1,0,1,0,resolved,numeric AtkParam/Bullet/SpEffect graph resolved
651,441,306800989,1,0,1,0,resolved,numeric AtkParam/Bullet/SpEffect graph resolved
651,442,306800990,1,0,1,0,resolved,numeric AtkParam/Bullet/SpEffect graph resolved
651,443,306800991,0,0,0,0,no_effects,no target or shooter SpEffect is attached
651,444,306800992,0,0,0,0,no_effects,no target or shooter SpEffect is attached
651,445,306800987,1,0,1,0,resolved,numeric AtkParam/Bullet/SpEffect graph resolved
651,446,306800988,1,0,1,0,resolved,numeric AtkParam/Bullet/SpEffect graph resolved
651,447,306800995,1,0,1,0,resolved,numeric AtkParam/Bullet/SpEffect graph resolved
651,448,306800996,1,0,1,0,resolved,numeric AtkParam/Bullet/SpEffect graph resolved
651,449,306800997,0,0,0,0,no_effects,no target or shooter SpEffect is attached
651,450,306800993,1,0,1,0,resolved,numeric AtkParam/Bullet/SpEffect graph resolved
651,451,306800994,1,0,1,0,resolved,numeric AtkParam/Bullet/SpEffect graph resolved
652,1108,300000840,1,0,1,0,resolved,numeric AtkParam/Bullet/SpEffect graph resolved
652,1109,30000841,1,1,1,0,resolved,numeric AtkParam/Bullet/SpEffect graph resolved
652,1110,30000842,1,1,1,0,resolved,numeric AtkParam/Bullet/SpEffect graph resolved
652,1111,300000845,1,0,1,0,resolved,numeric AtkParam/Bullet/SpEffect graph resolved
653,872,300000850,1,0,1,0,resolved,numeric AtkParam/Bullet/SpEffect graph resolved
653,873,300000854,1,0,1,0,resolved,numeric AtkParam/Bullet/SpEffect graph resolved
653,874,300000852,1,0,1,0,resolved,numeric AtkParam/Bullet/SpEffect graph resolved
653,875,300000851,1,0,1,0,resolved,numeric AtkParam/Bullet/SpEffect graph resolved
653,876,300000853,1,0,1,0,resolved,numeric AtkParam/Bullet/SpEffect graph resolved
653,877,300000855,1,0,1,0,resolved,numeric AtkParam/Bullet/SpEffect graph resolved
653,878,300000857,1,0,1,0,resolved,numeric AtkParam/Bullet/SpEffect graph resolved
653,879,300000856,1,0,1,0,resolved,numeric AtkParam/Bullet/SpEffect graph resolved
654,870,300000130,1,0,1,0,resolved,numeric AtkParam/Bullet/SpEffect graph resolved
654,871,300000131,0,0,0,0,no_effects,no target or shooter SpEffect is attached
1000,2292,301217900,1,0,1,0,resolved,numeric AtkParam/Bullet/SpEffect graph resolved
1000,2293,301217901,1,0,1,0,resolved,numeric AtkParam/Bullet/SpEffect graph resolved
1000,2294,301217902,1,0,1,0,resolved,numeric AtkParam/Bullet/SpEffect graph resolved
1000,2295,301217905,1,1,1,0,resolved,numeric AtkParam/Bullet/SpEffect graph resolved
1000,2296,301217910,1,1,1,0,resolved,numeric AtkParam/Bullet/SpEffect graph resolved
1000,2297,301217911,1,1,1,0,resolved,numeric AtkParam/Bullet/SpEffect graph resolved
1000,2298,301217912,1,1,1,0,resolved,numeric AtkParam/Bullet/SpEffect graph resolved
1000,2299,301217913,1,1,1,0,resolved,numeric AtkParam/Bullet/SpEffect graph resolved
1000,2300,301217914,1,1,1,0,resolved,numeric AtkParam/Bullet/SpEffect graph resolved
1000,2301,301217920,1,0,1,0,resolved,numeric AtkParam/Bullet/SpEffect graph resolved
1000,2302,301217921,1,0,1,0,resolved,numeric AtkParam/Bullet/SpEffect graph resolved
1000,2303,301217922,1,0,1,0,resolved,numeric AtkParam/Bullet/SpEffect graph resolved
1000,2304,301217925,1,0,1,0,resolved,numeric AtkParam/Bullet/SpEffect graph resolved
1000,2305,301217930,1,0,1,0,resolved,numeric AtkParam/Bullet/SpEffect graph resolved
1001,2629,303215900,1,1,1,0,resolved,numeric AtkParam/Bullet/SpEffect graph resolved
1001,2630,303215901,1,1,1,0,resolved,numeric AtkParam/Bullet/SpEffect graph resolved
1002,2628,303216900,1,1,1,0,resolved,numeric AtkParam/Bullet/SpEffect graph resolved
1003,2246,301110900,1,1,1,0,resolved,numeric AtkParam/Bullet/SpEffect graph resolved
1003,2247,301110901,1,1,1,0,resolved,numeric AtkParam/Bullet/SpEffect graph resolved
1004,2289,301216900,1,1,1,0,resolved,numeric AtkParam/Bullet/SpEffect graph resolved
1004,2290,301216901,1,1,1,0,resolved,numeric AtkParam/Bullet/SpEffect graph resolved
1004,2291,301216902,1,1,1,0,resolved,numeric AtkParam/Bullet/SpEffect graph resolved
1005,2319,302306900,1,1,1,0,resolved,numeric AtkParam/Bullet/SpEffect graph resolved
1005,2320,302306901,1,1,1,0,resolved,numeric AtkParam/Bullet/SpEffect graph resolved
1006,2519,302003900,1,0,1,0,resolved,numeric AtkParam/Bullet/SpEffect graph resolved
1006,2520,302003901,1,0,1,0,resolved,numeric AtkParam/Bullet/SpEffect graph resolved
1006,2521,302003902,1,0,1,0,resolved,numeric AtkParam/Bullet/SpEffect graph resolved
1006,2522,302003903,1,0,1,0,resolved,numeric AtkParam/Bullet/SpEffect graph resolved
1006,2523,302003904,1,0,1,0,resolved,numeric AtkParam/Bullet/SpEffect graph resolved
1006,2524,302003905,1,1,1,0,resolved,numeric AtkParam/Bullet/SpEffect graph resolved
1006,2525,302003906,1,1,1,0,resolved,numeric AtkParam/Bullet/SpEffect graph resolved
1006,2526,302003910,1,0,1,0,resolved,numeric AtkParam/Bullet/SpEffect graph resolved
1006,2527,302003911,1,0,1,0,resolved,numeric AtkParam/Bullet/SpEffect graph resolved
1006,2528,302003912,1,0,1,0,resolved,numeric AtkParam/Bullet/SpEffect graph resolved
1006,2529,302003913,1,0,1,0,resolved,numeric AtkParam/Bullet/SpEffect graph resolved
1006,2530,302003914,1,0,1,0,resolved,numeric AtkParam/Bullet/SpEffect graph resolved
1007,2609,303020900,2,0,2,1,resolved,numeric AtkParam/Bullet/SpEffect graph resolved
1007,2610,303020901,1,0,1,0,resolved,numeric AtkParam/Bullet/SpEffect graph resolved
1008,1755,301001,0,3,0,0,no_effects,no target or shooter SpEffect is attached
1008,1756,301002,0,1,0,0,no_effects,no target or shooter SpEffect is attached
1008,1757,301003,2,0,2,0,resolved,numeric AtkParam/Bullet/SpEffect graph resolved
1008,1758,301004,2,0,2,0,resolved,numeric AtkParam/Bullet/SpEffect graph resolved
1008,1759,301005,2,0,2,0,resolved,numeric AtkParam/Bullet/SpEffect graph resolved
1008,1760,301006,2,0,2,0,resolved,numeric AtkParam/Bullet/SpEffect graph resolved
1008,1761,301007,3,0,3,0,resolved,numeric AtkParam/Bullet/SpEffect graph resolved
1008,1762,301008,3,0,3,0,resolved,numeric AtkParam/Bullet/SpEffect graph resolved
1008,1763,301009,3,0,3,0,resolved,numeric AtkParam/Bullet/SpEffect graph resolved
1008,1764,301010,3,0,3,0,resolved,numeric AtkParam/Bullet/SpEffect graph resolved
1009,2412,301702915,1,0,1,0,resolved,numeric AtkParam/Bullet/SpEffect graph resolved
1009,2413,301702920,1,1,1,0,resolved,numeric AtkParam/Bullet/SpEffect graph resolved
1009,2414,301702900,1,0,1,0,resolved,numeric AtkParam/Bullet/SpEffect graph resolved
1009,2415,301702905,1,1,1,0,resolved,numeric AtkParam/Bullet/SpEffect graph resolved
1009,2416,301702910,1,1,1,0,resolved,numeric AtkParam/Bullet/SpEffect graph resolved
1009,2417,301702925,1,0,1,0,resolved,numeric AtkParam/Bullet/SpEffect graph resolved
1009,2418,301702930,1,0,1,0,resolved,numeric AtkParam/Bullet/SpEffect graph resolved
1010,2475,301804900,0,1,2,0,resolved,numeric AtkParam/Bullet/SpEffect graph resolved
1011,2569,302106900,1,1,1,0,resolved,numeric AtkParam/Bullet/SpEffect graph resolved
1011,2570,302106901,1,1,1,0,resolved,numeric AtkParam/Bullet/SpEffect graph resolved
1011,2571,302106902,1,1,1,0,resolved,numeric AtkParam/Bullet/SpEffect graph resolved
1011,2572,302106903,1,1,1,0,resolved,numeric AtkParam/Bullet/SpEffect graph resolved
1011,2573,302106904,1,1,1,0,resolved,numeric AtkParam/Bullet/SpEffect graph resolved
1011,2574,302106905,1,1,1,0,resolved,numeric AtkParam/Bullet/SpEffect graph resolved
1011,2575,302106906,1,1,1,0,resolved,numeric AtkParam/Bullet/SpEffect graph resolved
1011,2576,302106910,1,0,1,0,resolved,numeric AtkParam/Bullet/SpEffect graph resolved
1012,1691,300307001,1,0,1,0,resolved,numeric AtkParam/Bullet/SpEffect graph resolved
1012,1692,300307000,1,0,1,0,resolved,numeric AtkParam/Bullet/SpEffect graph resolved
1012,1693,300307000,1,0,1,0,resolved,numeric AtkParam/Bullet/SpEffect graph resolved
1012,1694,300307000,1,0,1,0,resolved,numeric AtkParam/Bullet/SpEffect graph resolved
1012,1695,300307000,1,0,1,0,resolved,numeric AtkParam/Bullet/SpEffect graph resolved
1012,1696,300307000,1,0,1,0,resolved,numeric AtkParam/Bullet/SpEffect graph resolved
1012,1697,300307000,1,0,1,0,resolved,numeric AtkParam/Bullet/SpEffect graph resolved
1012,1698,300307002,1,0,1,0,resolved,numeric AtkParam/Bullet/SpEffect graph resolved
1012,1699,300307003,2,0,2,0,resolved,numeric AtkParam/Bullet/SpEffect graph resolved
1012,1700,300307006,1,0,1,0,resolved,numeric AtkParam/Bullet/SpEffect graph resolved
1012,1701,300307005,1,0,1,0,resolved,numeric AtkParam/Bullet/SpEffect graph resolved
1012,1702,300307005,1,0,1,0,resolved,numeric AtkParam/Bullet/SpEffect graph resolved
1012,1703,300307005,1,0,1,0,resolved,numeric AtkParam/Bullet/SpEffect graph resolved
1012,1704,300307005,1,0,1,0,resolved,numeric AtkParam/Bullet/SpEffect graph resolved
1012,1705,300307005,1,0,1,0,resolved,numeric AtkParam/Bullet/SpEffect graph resolved
1012,1706,300307005,1,0,1,0,resolved,numeric AtkParam/Bullet/SpEffect graph resolved
1012,1707,300307005,1,0,1,0,resolved,numeric AtkParam/Bullet/SpEffect graph resolved
1012,1708,300307005,1,0,1,0,resolved,numeric AtkParam/Bullet/SpEffect graph resolved
1012,1709,300307005,1,0,1,0,resolved,numeric AtkParam/Bullet/SpEffect graph resolved
1012,1710,300307007,1,0,1,0,resolved,numeric AtkParam/Bullet/SpEffect graph resolved
1012,1711,300307008,2,0,2,0,resolved,numeric AtkParam/Bullet/SpEffect graph resolved
1014,1744,300314906,1,0,1,0,resolved,numeric AtkParam/Bullet/SpEffect graph resolved
1014,1745,300314902,1,14,2,0,resolved,numeric AtkParam/Bullet/SpEffect graph resolved
1014,1746,300314905,1,0,1,0,resolved,numeric AtkParam/Bullet/SpEffect graph resolved
1015,1672,303401100,1,2,3,0,resolved,numeric AtkParam/Bullet/SpEffect graph resolved
1015,1673,303401101,1,0,1,0,resolved,numeric AtkParam/Bullet/SpEffect graph resolved
1015,1674,303401102,0,0,0,0,no_effects,no target or shooter SpEffect is attached
1015,1675,302400953,1,0,1,0,resolved,numeric AtkParam/Bullet/SpEffect graph resolved
1015,1676,302400954,1,0,1,0,resolved,numeric AtkParam/Bullet/SpEffect graph resolved
1015,1677,302400955,1,0,1,0,resolved,numeric AtkParam/Bullet/SpEffect graph resolved
1015,1678,302400950,1,0,1,0,resolved,numeric AtkParam/Bullet/SpEffect graph resolved
1015,1679,302400951,1,0,1,0,resolved,numeric AtkParam/Bullet/SpEffect graph resolved
1015,1680,302400952,1,0,1,0,resolved,numeric AtkParam/Bullet/SpEffect graph resolved
1015,1681,302400958,1,0,1,0,resolved,numeric AtkParam/Bullet/SpEffect graph resolved
1015,1682,302400956,1,0,1,0,resolved,numeric AtkParam/Bullet/SpEffect graph resolved
1015,1683,302400963,1,0,1,0,resolved,numeric AtkParam/Bullet/SpEffect graph resolved
1015,1684,302400964,1,0,1,0,resolved,numeric AtkParam/Bullet/SpEffect graph resolved
1015,1685,302400965,1,0,1,0,resolved,numeric AtkParam/Bullet/SpEffect graph resolved
1015,1686,302400960,1,0,1,0,resolved,numeric AtkParam/Bullet/SpEffect graph resolved
1015,1687,302400961,1,0,1,0,resolved,numeric AtkParam/Bullet/SpEffect graph resolved
1015,1688,302400962,1,0,1,0,resolved,numeric AtkParam/Bullet/SpEffect graph resolved
1015,1689,302400968,1,0,1,0,resolved,numeric AtkParam/Bullet/SpEffect graph resolved
1015,1690,302400966,1,0,1,0,resolved,numeric AtkParam/Bullet/SpEffect graph resolved
1016,1577,300104900,2,0,2,1,resolved,numeric AtkParam/Bullet/SpEffect graph resolved
1016,1578,300104901,1,1,2,1,resolved,numeric AtkParam/Bullet/SpEffect graph resolved
1016,1579,300104905,2,0,2,1,resolved,numeric AtkParam/Bullet/SpEffect graph resolved
1016,1580,300104906,1,1,2,1,resolved,numeric AtkParam/Bullet/SpEffect graph resolved
1016,1581,300104910,2,0,2,1,resolved,numeric AtkParam/Bullet/SpEffect graph resolved
1016,1582,300104911,1,1,2,1,resolved,numeric AtkParam/Bullet/SpEffect graph resolved
1016,1583,300104902,1,0,1,0,resolved,numeric AtkParam/Bullet/SpEffect graph resolved
1016,1584,300104907,1,0,1,0,resolved,numeric AtkParam/Bullet/SpEffect graph resolved
1016,1585,300104912,1,0,1,0,resolved,numeric AtkParam/Bullet/SpEffect graph resolved
1017,1571,300107901,1,1,1,0,resolved,numeric AtkParam/Bullet/SpEffect graph resolved
1017,1572,300107900,1,1,1,0,resolved,numeric AtkParam/Bullet/SpEffect graph resolved
1017,1573,300107910,1,0,1,0,resolved,numeric AtkParam/Bullet/SpEffect graph resolved
1017,1574,300107906,1,0,1,0,resolved,numeric AtkParam/Bullet/SpEffect graph resolved
1017,1575,300107905,1,0,1,0,resolved,numeric AtkParam/Bullet/SpEffect graph resolved
1017,1576,300107911,1,0,1,0,resolved,numeric AtkParam/Bullet/SpEffect graph resolved
1018,1873,300702900,2,0,2,0,resolved,numeric AtkParam/Bullet/SpEffect graph resolved
1018,1874,300702901,2,0,2,0,resolved,numeric AtkParam/Bullet/SpEffect graph resolved
1019,1627,300214910,1,0,1,0,resolved,numeric AtkParam/Bullet/SpEffect graph resolved
1019,1628,300214909,1,1,1,0,resolved,numeric AtkParam/Bullet/SpEffect graph resolved
1019,1629,300214905,1,1,1,0,resolved,numeric AtkParam/Bullet/SpEffect graph resolved
1019,1630,300214907,1,1,1,0,resolved,numeric AtkParam/Bullet/SpEffect graph resolved
1019,1631,300214906,1,1,1,0,resolved,numeric AtkParam/Bullet/SpEffect graph resolved
1019,1632,300214908,1,1,1,0,resolved,numeric AtkParam/Bullet/SpEffect graph resolved
1019,1633,300214910,1,0,1,0,resolved,numeric AtkParam/Bullet/SpEffect graph resolved
1019,1634,300214920,0,0,0,0,no_effects,no target or shooter SpEffect is attached
1019,1635,300214930,1,0,1,0,resolved,numeric AtkParam/Bullet/SpEffect graph resolved
1019,1636,300214925,1,1,1,0,resolved,numeric AtkParam/Bullet/SpEffect graph resolved
1019,1637,300214926,1,1,1,0,resolved,numeric AtkParam/Bullet/SpEffect graph resolved
1019,1638,300214930,1,0,1,0,resolved,numeric AtkParam/Bullet/SpEffect graph resolved
1020,1771,300310900,0,0,0,0,no_effects,no target or shooter SpEffect is attached
1020,1772,300310905,1,24,1,0,resolved,numeric AtkParam/Bullet/SpEffect graph resolved
1020,1773,300310906,1,9,1,0,resolved,numeric AtkParam/Bullet/SpEffect graph resolved
1020,1774,300310907,1,12,1,0,resolved,numeric AtkParam/Bullet/SpEffect graph resolved
1020,1775,300310908,1,15,1,0,resolved,numeric AtkParam/Bullet/SpEffect graph resolved
1020,1776,300310901,1,1,1,0,resolved,numeric AtkParam/Bullet/SpEffect graph resolved
1021,1743,303401400,2,0,2,0,resolved,numeric AtkParam/Bullet/SpEffect graph resolved
1022,1747,300317900,1,1,1,0,resolved,numeric AtkParam/Bullet/SpEffect graph resolved
1022,1748,300317905,1,0,1,0,resolved,numeric AtkParam/Bullet/SpEffect graph resolved
1022,1749,300317906,1,0,1,0,resolved,numeric AtkParam/Bullet/SpEffect graph resolved
1022,1750,300317910,1,1,1,0,resolved,numeric AtkParam/Bullet/SpEffect graph resolved
1022,1751,300317911,1,1,1,0,resolved,numeric AtkParam/Bullet/SpEffect graph resolved
1022,1752,300317912,0,1,0,0,no_effects,no target or shooter SpEffect is attached
1022,1753,300317915,1,0,1,0,resolved,numeric AtkParam/Bullet/SpEffect graph resolved
1022,1754,300317916,1,0,1,0,resolved,numeric AtkParam/Bullet/SpEffect graph resolved
1023,1600,300208910,1,0,1,0,resolved,numeric AtkParam/Bullet/SpEffect graph resolved
1023,1601,300208912,1,0,1,0,resolved,numeric AtkParam/Bullet/SpEffect graph resolved
1024,2395,301612900,1,0,1,0,resolved,numeric AtkParam/Bullet/SpEffect graph resolved
1024,2396,301612905,1,1,1,0,resolved,numeric AtkParam/Bullet/SpEffect graph resolved
1024,2397,301612910,1,1,1,0,resolved,numeric AtkParam/Bullet/SpEffect graph resolved
1024,2398,301612911,1,1,1,0,resolved,numeric AtkParam/Bullet/SpEffect graph resolved
1024,2399,301612915,1,0,1,0,resolved,numeric AtkParam/Bullet/SpEffect graph resolved
1025,1780,300406905,2,0,2,1,resolved,numeric AtkParam/Bullet/SpEffect graph resolved
1025,1781,300406910,1,1,2,1,resolved,numeric AtkParam/Bullet/SpEffect graph resolved
1025,1782,300406900,0,0,0,0,no_effects,no target or shooter SpEffect is attached
1025,1783,300406915,1,0,1,0,resolved,numeric AtkParam/Bullet/SpEffect graph resolved
1026,1854,303401201,0,0,0,0,no_effects,no target or shooter SpEffect is attached
1026,1855,303401202,2,0,2,0,resolved,numeric AtkParam/Bullet/SpEffect graph resolved
1026,1856,303401201,0,0,0,0,no_effects,no target or shooter SpEffect is attached
1026,1857,303401200,2,0,2,0,resolved,numeric AtkParam/Bullet/SpEffect graph resolved
1027,1973,300810905,1,0,1,0,resolved,numeric AtkParam/Bullet/SpEffect graph resolved
1027,1974,300810906,1,0,1,0,resolved,numeric AtkParam/Bullet/SpEffect graph resolved
1027,1975,300810908,1,1,1,0,resolved,numeric AtkParam/Bullet/SpEffect graph resolved
1027,1976,300810900,1,0,1,0,resolved,numeric AtkParam/Bullet/SpEffect graph resolved
1027,1977,300810907,1,1,1,0,resolved,numeric AtkParam/Bullet/SpEffect graph resolved
1027,1978,300810910,1,0,1,0,resolved,numeric AtkParam/Bullet/SpEffect graph resolved
1027,1979,300810911,1,0,1,0,resolved,numeric AtkParam/Bullet/SpEffect graph resolved
1028,2043,300900205,1,0,1,0,resolved,numeric AtkParam/Bullet/SpEffect graph resolved
1028,2044,300900206,1,0,1,0,resolved,numeric AtkParam/Bullet/SpEffect graph resolved
1028,2045,300900207,1,0,1,0,resolved,numeric AtkParam/Bullet/SpEffect graph resolved
1028,2046,300900208,1,0,1,0,resolved,numeric AtkParam/Bullet/SpEffect graph resolved
1028,2047,300900209,1,0,1,0,resolved,numeric AtkParam/Bullet/SpEffect graph resolved
1028,2048,300900210,1,0,1,0,resolved,numeric AtkParam/Bullet/SpEffect graph resolved
1028,2049,300900211,1,0,1,0,resolved,numeric AtkParam/Bullet/SpEffect graph resolved
1028,2050,300900212,1,0,1,0,resolved,numeric AtkParam/Bullet/SpEffect graph resolved
1028,2051,300900213,1,0,1,0,resolved,numeric AtkParam/Bullet/SpEffect graph resolved
1028,2052,300900201,1,0,1,0,resolved,numeric AtkParam/Bullet/SpEffect graph resolved
1028,2053,300900214,1,0,1,0,resolved,numeric AtkParam/Bullet/SpEffect graph resolved
1028,2054,300900215,1,0,1,0,resolved,numeric AtkParam/Bullet/SpEffect graph resolved
1028,2055,300900216,1,0,1,0,resolved,numeric AtkParam/Bullet/SpEffect graph resolved
1028,2056,300900217,1,0,1,0,resolved,numeric AtkParam/Bullet/SpEffect graph resolved
1028,2057,300900218,1,0,1,0,resolved,numeric AtkParam/Bullet/SpEffect graph resolved
1028,2058,300900219,1,0,1,0,resolved,numeric AtkParam/Bullet/SpEffect graph resolved
1028,2059,300900220,1,0,1,0,resolved,numeric AtkParam/Bullet/SpEffect graph resolved
1028,2060,300900221,1,0,1,0,resolved,numeric AtkParam/Bullet/SpEffect graph resolved
1028,2061,300900222,1,0,1,0,resolved,numeric AtkParam/Bullet/SpEffect graph resolved
1029,2260,301115901,1,0,1,0,resolved,numeric AtkParam/Bullet/SpEffect graph resolved
1029,2261,301115910,1,1,1,0,resolved,numeric AtkParam/Bullet/SpEffect graph resolved
1029,2262,301115911,0,1,0,0,no_effects,no target or shooter SpEffect is attached
1029,2263,301115912,0,1,0,0,no_effects,no target or shooter SpEffect is attached
1029,2264,301115913,0,1,0,0,no_effects,no target or shooter SpEffect is attached
1029,2265,301115915,1,0,1,0,resolved,numeric AtkParam/Bullet/SpEffect graph resolved
1030,2214,301504900,1,0,1,0,resolved,numeric AtkParam/Bullet/SpEffect graph resolved
1030,2215,301504905,1,1,1,0,resolved,numeric AtkParam/Bullet/SpEffect graph resolved
1030,2216,301504906,0,1,0,0,no_effects,no target or shooter SpEffect is attached
1030,2217,301504907,0,1,0,0,no_effects,no target or shooter SpEffect is attached
1030,2218,301504908,0,1,0,0,no_effects,no target or shooter SpEffect is attached
1030,2219,301504910,1,0,1,0,resolved,numeric AtkParam/Bullet/SpEffect graph resolved
1030,2220,301504915,1,1,1,0,resolved,numeric AtkParam/Bullet/SpEffect graph resolved
1030,2221,301504916,0,1,0,0,no_effects,no target or shooter SpEffect is attached
1030,2222,301504917,0,1,0,0,no_effects,no target or shooter SpEffect is attached
1030,2223,301504918,0,1,0,0,no_effects,no target or shooter SpEffect is attached
1030,2224,301504920,1,0,1,0,resolved,numeric AtkParam/Bullet/SpEffect graph resolved
1030,2225,301504925,1,1,1,0,resolved,numeric AtkParam/Bullet/SpEffect graph resolved
1030,2226,301504926,0,1,0,0,no_effects,no target or shooter SpEffect is attached
1030,2227,301504927,0,1,0,0,no_effects,no target or shooter SpEffect is attached
1030,2228,301504928,0,1,0,0,no_effects,no target or shooter SpEffect is attached
1030,2229,301504930,1,0,1,0,resolved,numeric AtkParam/Bullet/SpEffect graph resolved
1030,2230,301504935,1,0,1,0,resolved,numeric AtkParam/Bullet/SpEffect graph resolved
1030,2231,301504940,1,0,1,0,resolved,numeric AtkParam/Bullet/SpEffect graph resolved
1031,2350,302305905,1,1,1,0,resolved,numeric AtkParam/Bullet/SpEffect graph resolved
1031,2351,302305906,0,1,0,0,no_effects,no target or shooter SpEffect is attached
1031,2352,302305907,0,1,0,0,no_effects,no target or shooter SpEffect is attached
1031,2353,302305908,1,1,1,0,resolved,numeric AtkParam/Bullet/SpEffect graph resolved
1031,2354,302305909,0,1,0,0,no_effects,no target or shooter SpEffect is attached
1031,2355,302305925,0,1,0,0,no_effects,no target or shooter SpEffect is attached
1031,2356,302305926,0,1,0,0,no_effects,no target or shooter SpEffect is attached
1031,2357,302305927,1,1,1,0,resolved,numeric AtkParam/Bullet/SpEffect graph resolved
1031,2358,302305928,0,1,0,0,no_effects,no target or shooter SpEffect is attached
1031,2359,302305930,1,0,1,0,resolved,numeric AtkParam/Bullet/SpEffect graph resolved
1031,2360,302305915,0,1,0,0,no_effects,no target or shooter SpEffect is attached
1031,2361,302305916,0,1,0,0,no_effects,no target or shooter SpEffect is attached
1031,2362,302305917,1,1,1,0,resolved,numeric AtkParam/Bullet/SpEffect graph resolved
1031,2363,302305918,0,1,0,0,no_effects,no target or shooter SpEffect is attached
1031,2364,302305920,1,0,1,0,resolved,numeric AtkParam/Bullet/SpEffect graph resolved
1031,2365,302305940,1,0,1,0,resolved,numeric AtkParam/Bullet/SpEffect graph resolved
1031,2366,302305935,0,0,0,0,no_effects,no target or shooter SpEffect is attached
1031,2367,302305936,0,0,0,0,no_effects,no target or shooter SpEffect is attached
1031,2368,302305937,0,0,0,0,no_effects,no target or shooter SpEffect is attached
1031,2369,302305938,1,0,1,0,resolved,numeric AtkParam/Bullet/SpEffect graph resolved
1031,2370,302305900,1,0,1,0,resolved,numeric AtkParam/Bullet/SpEffect graph resolved
1031,2371,302305910,1,0,1,0,resolved,numeric AtkParam/Bullet/SpEffect graph resolved
1032,1791,300405900,3,1,3,0,resolved,numeric AtkParam/Bullet/SpEffect graph resolved
1032,1792,300405901,3,1,3,0,resolved,numeric AtkParam/Bullet/SpEffect graph resolved
1032,1793,300405902,3,1,3,0,resolved,numeric AtkParam/Bullet/SpEffect graph resolved
1032,1794,300405903,3,1,3,0,resolved,numeric AtkParam/Bullet/SpEffect graph resolved
1032,1795,300405904,3,1,3,0,resolved,numeric AtkParam/Bullet/SpEffect graph resolved
1032,1796,300405910,1,0,1,0,resolved,numeric AtkParam/Bullet/SpEffect graph resolved
1032,1797,300405911,1,0,1,0,resolved,numeric AtkParam/Bullet/SpEffect graph resolved
1032,1798,300405915,1,1,1,0,resolved,numeric AtkParam/Bullet/SpEffect graph resolved
1032,1799,300405920,1,0,1,0,resolved,numeric AtkParam/Bullet/SpEffect graph resolved
1032,1800,300405921,1,0,1,0,resolved,numeric AtkParam/Bullet/SpEffect graph resolved
1032,1801,300405925,0,0,0,0,no_effects,no target or shooter SpEffect is attached
1032,1802,300405926,0,0,0,0,no_effects,no target or shooter SpEffect is attached
1032,1803,300405927,0,0,0,0,no_effects,no target or shooter SpEffect is attached
1032,1804,300405928,0,0,0,0,no_effects,no target or shooter SpEffect is attached
1033,1784,303400600,1,0,1,0,resolved,numeric AtkParam/Bullet/SpEffect graph resolved
1033,1785,303400605,0,15,0,0,no_effects,no target or shooter SpEffect is attached
1033,1786,303400601,1,0,1,0,resolved,numeric AtkParam/Bullet/SpEffect graph resolved
1034,2432,301711900,0,0,0,0,no_effects,no target or shooter SpEffect is attached
1034,2433,301711907,1,1,2,1,resolved,numeric AtkParam/Bullet/SpEffect graph resolved
1034,2434,301711905,1,1,2,1,resolved,numeric AtkParam/Bullet/SpEffect graph resolved
1034,2435,301711906,1,1,2,1,resolved,numeric AtkParam/Bullet/SpEffect graph resolved
1034,2436,301711910,0,0,0,0,no_effects,no target or shooter SpEffect is attached
1034,2437,301711917,1,1,2,1,resolved,numeric AtkParam/Bullet/SpEffect graph resolved
1034,2438,301711915,1,1,2,1,resolved,numeric AtkParam/Bullet/SpEffect graph resolved
1034,2439,301711916,1,1,2,1,resolved,numeric AtkParam/Bullet/SpEffect graph resolved
1034,2440,301711920,0,0,0,0,no_effects,no target or shooter SpEffect is attached
1034,2441,301711927,1,1,2,1,resolved,numeric AtkParam/Bullet/SpEffect graph resolved
1034,2442,301711925,1,1,2,1,resolved,numeric AtkParam/Bullet/SpEffect graph resolved
1034,2443,301711926,1,1,2,1,resolved,numeric AtkParam/Bullet/SpEffect graph resolved
1034,2444,301711935,1,0,1,0,resolved,numeric AtkParam/Bullet/SpEffect graph resolved
1034,2445,301711940,1,0,1,0,resolved,numeric AtkParam/Bullet/SpEffect graph resolved
1034,2446,301711945,1,0,1,0,resolved,numeric AtkParam/Bullet/SpEffect graph resolved
1035,2248,301112900,1,0,1,0,resolved,numeric AtkParam/Bullet/SpEffect graph resolved
1035,2249,301112901,1,0,1,0,resolved,numeric AtkParam/Bullet/SpEffect graph resolved
1035,2250,301112905,1,0,1,0,resolved,numeric AtkParam/Bullet/SpEffect graph resolved
1035,2251,301112906,1,0,1,0,resolved,numeric AtkParam/Bullet/SpEffect graph resolved
1036,1588,300101900,1,1,3,0,resolved,numeric AtkParam/Bullet/SpEffect graph resolved
1036,1589,300101905,1,0,1,0,resolved,numeric AtkParam/Bullet/SpEffect graph resolved
1037,1586,300116900,1,1,1,0,resolved,numeric AtkParam/Bullet/SpEffect graph resolved
1037,1587,300116905,1,0,1,0,resolved,numeric AtkParam/Bullet/SpEffect graph resolved
1038,1837,300408900,2,0,2,0,resolved,numeric AtkParam/Bullet/SpEffect graph resolved
1038,1838,300408901,2,0,2,0,resolved,numeric AtkParam/Bullet/SpEffect graph resolved
1038,1839,300408905,1,1,3,0,resolved,numeric AtkParam/Bullet/SpEffect graph resolved
1038,1840,300408906,1,1,3,0,resolved,numeric AtkParam/Bullet/SpEffect graph resolved
1038,1841,300408907,1,1,3,0,resolved,numeric AtkParam/Bullet/SpEffect graph resolved
1038,1842,300408910,1,0,1,0,resolved,numeric AtkParam/Bullet/SpEffect graph resolved
1038,1843,300408911,1,0,1,0,resolved,numeric AtkParam/Bullet/SpEffect graph resolved
1039,2321,302309900,0,0,0,0,no_effects,no target or shooter SpEffect is attached
1039,2322,302309901,0,0,0,0,no_effects,no target or shooter SpEffect is attached
1039,2323,302309902,0,0,0,0,no_effects,no target or shooter SpEffect is attached
1039,2324,302309903,0,0,0,0,no_effects,no target or shooter SpEffect is attached
1039,2325,302309905,0,0,0,0,no_effects,no target or shooter SpEffect is attached
1039,2326,302309906,0,0,0,0,no_effects,no target or shooter SpEffect is attached
1039,2327,302309907,0,0,0,0,no_effects,no target or shooter SpEffect is attached
1039,2328,302309908,0,0,0,0,no_effects,no target or shooter SpEffect is attached
1040,1727,303400700,1,0,1,0,resolved,numeric AtkParam/Bullet/SpEffect graph resolved
1040,1728,303400705,1,1,2,0,resolved,numeric AtkParam/Bullet/SpEffect graph resolved
1040,1729,303400706,1,1,2,0,resolved,numeric AtkParam/Bullet/SpEffect graph resolved
1040,1730,303400707,1,1,2,0,resolved,numeric AtkParam/Bullet/SpEffect graph resolved
1040,1731,303400702,1,0,1,0,resolved,numeric AtkParam/Bullet/SpEffect graph resolved
1041,1938,303400800,1,0,1,0,resolved,numeric AtkParam/Bullet/SpEffect graph resolved
1041,1939,303400805,0,1,1,0,resolved,numeric AtkParam/Bullet/SpEffect graph resolved
1041,1940,303400806,0,1,1,0,resolved,numeric AtkParam/Bullet/SpEffect graph resolved
1041,1941,303400807,0,1,1,0,resolved,numeric AtkParam/Bullet/SpEffect graph resolved
1041,1942,303400801,1,0,1,0,resolved,numeric AtkParam/Bullet/SpEffect graph resolved
1043,2026,300900114,0,0,0,0,no_effects,no target or shooter SpEffect is attached
1043,2027,300900100,2,0,2,1,resolved,numeric AtkParam/Bullet/SpEffect graph resolved
1043,2028,30090011,1,4,1,1,resolved,numeric AtkParam/Bullet/SpEffect graph resolved
1043,2029,30090012,1,4,2,2,resolved,numeric AtkParam/Bullet/SpEffect graph resolved
1043,2030,300900113,1,0,1,0,resolved,numeric AtkParam/Bullet/SpEffect graph resolved
1044,2306,303400400,1,0,1,0,resolved,numeric AtkParam/Bullet/SpEffect graph resolved
1044,2307,303400405,0,8,0,0,no_effects,no target or shooter SpEffect is attached
1044,2308,303400401,1,0,1,0,resolved,numeric AtkParam/Bullet/SpEffect graph resolved
1045,2531,302006900,1,0,1,0,resolved,numeric AtkParam/Bullet/SpEffect graph resolved
1045,2532,302006901,1,0,1,0,resolved,numeric AtkParam/Bullet/SpEffect graph resolved
1045,2533,302006902,1,0,1,0,resolved,numeric AtkParam/Bullet/SpEffect graph resolved
1045,2534,302006903,1,0,1,0,resolved,numeric AtkParam/Bullet/SpEffect graph resolved
1045,2535,302006904,1,0,1,0,resolved,numeric AtkParam/Bullet/SpEffect graph resolved
1045,2536,302006910,1,0,1,0,resolved,numeric AtkParam/Bullet/SpEffect graph resolved
1045,2537,302006911,1,0,1,0,resolved,numeric AtkParam/Bullet/SpEffect graph resolved
1045,2538,302006912,1,0,1,0,resolved,numeric AtkParam/Bullet/SpEffect graph resolved
1045,2539,302006913,1,0,1,0,resolved,numeric AtkParam/Bullet/SpEffect graph resolved
1045,2540,302006914,1,0,1,0,resolved,numeric AtkParam/Bullet/SpEffect graph resolved
1046,2252,301113900,1,0,1,0,resolved,numeric AtkParam/Bullet/SpEffect graph resolved
1046,2253,301113901,1,0,1,0,resolved,numeric AtkParam/Bullet/SpEffect graph resolved
1047,2286,303400900,1,0,1,0,resolved,numeric AtkParam/Bullet/SpEffect graph resolved
1047,2287,303400901,1,1,1,0,resolved,numeric AtkParam/Bullet/SpEffect graph resolved
1047,2288,303400905,1,0,1,0,resolved,numeric AtkParam/Bullet/SpEffect graph resolved
1048,1732,303401300,1,0,1,0,resolved,numeric AtkParam/Bullet/SpEffect graph resolved
1048,1733,303401303,1,1,3,1,resolved,numeric AtkParam/Bullet/SpEffect graph resolved
1048,1734,303401304,1,1,2,1,resolved,numeric AtkParam/Bullet/SpEffect graph resolved
1048,1735,303401301,1,0,1,0,resolved,numeric AtkParam/Bullet/SpEffect graph resolved
1048,1736,303401310,1,18,1,0,resolved,numeric AtkParam/Bullet/SpEffect graph resolved
1048,1737,303401305,1,1,2,1,resolved,numeric AtkParam/Bullet/SpEffect graph resolved
1048,1738,303401302,1,0,1,0,resolved,numeric AtkParam/Bullet/SpEffect graph resolved
1048,1739,303401306,1,1,2,1,resolved,numeric AtkParam/Bullet/SpEffect graph resolved
1048,1740,303401307,1,0,1,0,resolved,numeric AtkParam/Bullet/SpEffect graph resolved
1048,1741,303401308,1,0,1,0,resolved,numeric AtkParam/Bullet/SpEffect graph resolved
1048,1742,303401309,1,0,1,0,resolved,numeric AtkParam/Bullet/SpEffect graph resolved
1049,2400,303400000,0,1,0,0,no_effects,no target or shooter SpEffect is attached
1049,2401,303400001,0,1,0,0,no_effects,no target or shooter SpEffect is attached
1049,2402,303400002,0,3,0,0,no_effects,no target or shooter SpEffect is attached
1050,2419,301705920,0,0,0,0,no_effects,no target or shooter SpEffect is attached
1050,2420,301705900,1,0,1,0,resolved,numeric AtkParam/Bullet/SpEffect graph resolved
1050,2421,301705902,1,1,1,0,resolved,numeric AtkParam/Bullet/SpEffect graph resolved
1050,2422,301705907,1,1,1,0,resolved,numeric AtkParam/Bullet/SpEffect graph resolved
1050,2423,301705925,1,0,1,0,resolved,numeric AtkParam/Bullet/SpEffect graph resolved
1051,2488,301902900,1,0,1,0,resolved,numeric AtkParam/Bullet/SpEffect graph resolved
1051,2489,301902901,1,1,1,0,resolved,numeric AtkParam/Bullet/SpEffect graph resolved
1051,2490,301902902,1,1,1,0,resolved,numeric AtkParam/Bullet/SpEffect graph resolved
1051,2491,301902910,1,0,1,0,resolved,numeric AtkParam/Bullet/SpEffect graph resolved
1051,2492,301902911,1,1,1,0,resolved,numeric AtkParam/Bullet/SpEffect graph resolved
1051,2493,301902912,1,1,1,0,resolved,numeric AtkParam/Bullet/SpEffect graph resolved
1051,2494,301902920,1,0,1,0,resolved,numeric AtkParam/Bullet/SpEffect graph resolved
1051,2495,301902921,1,1,1,0,resolved,numeric AtkParam/Bullet/SpEffect graph resolved
1051,2496,301902922,1,1,1,0,resolved,numeric AtkParam/Bullet/SpEffect graph resolved
1051,2497,301902905,1,0,1,0,resolved,numeric AtkParam/Bullet/SpEffect graph resolved
1051,2498,301902915,1,0,1,0,resolved,numeric AtkParam/Bullet/SpEffect graph resolved
1051,2499,301902925,1,0,1,0,resolved,numeric AtkParam/Bullet/SpEffect graph resolved
1052,1590,303401000,2,0,2,0,resolved,numeric AtkParam/Bullet/SpEffect graph resolved
1052,1591,303401001,2,0,2,0,resolved,numeric AtkParam/Bullet/SpEffect graph resolved
1052,1592,303401005,2,0,2,0,resolved,numeric AtkParam/Bullet/SpEffect graph resolved
1052,1593,303401006,2,0,2,0,resolved,numeric AtkParam/Bullet/SpEffect graph resolved
1052,1594,303401000,2,0,2,0,resolved,numeric AtkParam/Bullet/SpEffect graph resolved
1052,1595,303401001,2,0,2,0,resolved,numeric AtkParam/Bullet/SpEffect graph resolved
1052,1596,303401005,2,0,2,0,resolved,numeric AtkParam/Bullet/SpEffect graph resolved
1052,1597,303401006,2,0,2,0,resolved,numeric AtkParam/Bullet/SpEffect graph resolved
1052,1598,303401007,2,0,2,0,resolved,numeric AtkParam/Bullet/SpEffect graph resolved
1052,1599,303401008,2,0,2,0,resolved,numeric AtkParam/Bullet/SpEffect graph resolved
1054,1625,303400200,3,0,3,0,resolved,numeric AtkParam/Bullet/SpEffect graph resolved
1054,1626,303400201,3,0,3,0,resolved,numeric AtkParam/Bullet/SpEffect graph resolved
1055,1604,300208921,1,0,1,0,resolved,numeric AtkParam/Bullet/SpEffect graph resolved
1055,1605,300208920,1,0,1,0,resolved,numeric AtkParam/Bullet/SpEffect graph resolved
1055,1606,300208920,1,0,1,0,resolved,numeric AtkParam/Bullet/SpEffect graph resolved
1055,1607,300208920,1,0,1,0,resolved,numeric AtkParam/Bullet/SpEffect graph resolved
1055,1608,300208920,1,0,1,0,resolved,numeric AtkParam/Bullet/SpEffect graph resolved
1055,1609,300208920,1,0,1,0,resolved,numeric AtkParam/Bullet/SpEffect graph resolved
1055,1610,300208920,1,0,1,0,resolved,numeric AtkParam/Bullet/SpEffect graph resolved
1055,1611,300208922,1,0,1,0,resolved,numeric AtkParam/Bullet/SpEffect graph resolved
1055,1612,300208923,2,0,2,0,resolved,numeric AtkParam/Bullet/SpEffect graph resolved
1055,1613,300208925,1,0,1,0,resolved,numeric AtkParam/Bullet/SpEffect graph resolved
1055,1614,300208924,1,0,1,0,resolved,numeric AtkParam/Bullet/SpEffect graph resolved
1055,1615,300208924,1,0,1,0,resolved,numeric AtkParam/Bullet/SpEffect graph resolved
1055,1616,300208924,1,0,1,0,resolved,numeric AtkParam/Bullet/SpEffect graph resolved
1055,1617,300208924,1,0,1,0,resolved,numeric AtkParam/Bullet/SpEffect graph resolved
1055,1618,300208924,1,0,1,0,resolved,numeric AtkParam/Bullet/SpEffect graph resolved
1055,1619,300208924,1,0,1,0,resolved,numeric AtkParam/Bullet/SpEffect graph resolved
1055,1620,300208924,1,0,1,0,resolved,numeric AtkParam/Bullet/SpEffect graph resolved
1055,1621,300208924,1,0,1,0,resolved,numeric AtkParam/Bullet/SpEffect graph resolved
1055,1622,300208924,1,0,1,0,resolved,numeric AtkParam/Bullet/SpEffect graph resolved
1055,1623,300208926,1,0,1,0,resolved,numeric AtkParam/Bullet/SpEffect graph resolved
1055,1624,300208927,2,0,2,0,resolved,numeric AtkParam/Bullet/SpEffect graph resolved
1165,2470,301810900,0,0,0,0,no_effects,no target or shooter SpEffect is attached
1165,2471,301810905,1,0,1,0,resolved,numeric AtkParam/Bullet/SpEffect graph resolved
1165,2472,301810906,1,0,1,0,resolved,numeric AtkParam/Bullet/SpEffect graph resolved
1165,2473,301810910,1,0,1,0,resolved,numeric AtkParam/Bullet/SpEffect graph resolved
1165,2474,301810911,1,0,1,0,resolved,numeric AtkParam/Bullet/SpEffect graph resolved
1166,2462,300000230,1,0,1,0,resolved,numeric AtkParam/Bullet/SpEffect graph resolved
1166,2463,300000231,1,0,1,0,resolved,numeric AtkParam/Bullet/SpEffect graph resolved
1166,2464,300000232,1,0,1,0,resolved,numeric AtkParam/Bullet/SpEffect graph resolved
1166,2465,30090011,1,4,1,1,resolved,numeric AtkParam/Bullet/SpEffect graph resolved
1166,2466,30090012,1,4,2,2,resolved,numeric AtkParam/Bullet/SpEffect graph resolved
1166,2467,300000235,1,0,1,0,resolved,numeric AtkParam/Bullet/SpEffect graph resolved
1166,2468,300000236,1,0,1,0,resolved,numeric AtkParam/Bullet/SpEffect graph resolved
1166,2469,300000237,1,0,1,0,resolved,numeric AtkParam/Bullet/SpEffect graph resolved
1167,1669,303401702,1,0,1,0,resolved,numeric AtkParam/Bullet/SpEffect graph resolved
1167,1670,303401700,0,1,1,0,resolved,numeric AtkParam/Bullet/SpEffect graph resolved
1167,1671,303401701,1,0,1,0,resolved,numeric AtkParam/Bullet/SpEffect graph resolved
1168,1943,303401604,1,0,1,0,resolved,numeric AtkParam/Bullet/SpEffect graph resolved
1168,1944,303401600,0,1,1,1,resolved,numeric AtkParam/Bullet/SpEffect graph resolved
1168,1945,303401601,0,1,1,1,resolved,numeric AtkParam/Bullet/SpEffect graph resolved
1168,1946,303401605,1,0,1,0,resolved,numeric AtkParam/Bullet/SpEffect graph resolved
1170,1831,300800301,1,0,1,0,resolved,numeric AtkParam/Bullet/SpEffect graph resolved
1170,1832,300800300,2,0,2,0,resolved,numeric AtkParam/Bullet/SpEffect graph resolved
1170,1833,300800305,2,0,2,0,resolved,numeric AtkParam/Bullet/SpEffect graph resolved
1170,1834,300800301,1,0,1,0,resolved,numeric AtkParam/Bullet/SpEffect graph resolved
1170,1835,300800310,1,0,1,0,resolved,numeric AtkParam/Bullet/SpEffect graph resolved
1170,1836,300800315,1,0,1,0,resolved,numeric AtkParam/Bullet/SpEffect graph resolved
1171,1846,300602900,0,0,0,0,no_effects,no target or shooter SpEffect is attached
1171,1847,300602901,1,0,1,0,resolved,numeric AtkParam/Bullet/SpEffect graph resolved
1171,1848,300602902,1,0,1,0,resolved,numeric AtkParam/Bullet/SpEffect graph resolved
1171,1849,300602903,1,0,1,0,resolved,numeric AtkParam/Bullet/SpEffect graph resolved
1171,1850,300602905,0,0,0,0,no_effects,no target or shooter SpEffect is attached
1171,1851,300602906,1,0,1,0,resolved,numeric AtkParam/Bullet/SpEffect graph resolved
1171,1852,300602907,1,0,1,0,resolved,numeric AtkParam/Bullet/SpEffect graph resolved
1171,1853,300602908,1,0,1,0,resolved,numeric AtkParam/Bullet/SpEffect graph resolved
1172,1858,303400500,1,0,1,0,resolved,numeric AtkParam/Bullet/SpEffect graph resolved
1172,1859,303400501,1,0,1,0,resolved,numeric AtkParam/Bullet/SpEffect graph resolved
1172,1860,303400502,1,0,1,0,resolved,numeric AtkParam/Bullet/SpEffect graph resolved
1172,1861,303400506,1,1,1,0,resolved,numeric AtkParam/Bullet/SpEffect graph resolved
1172,1862,303400507,1,1,1,0,resolved,numeric AtkParam/Bullet/SpEffect graph resolved
1172,1863,303400503,1,0,1,0,resolved,numeric AtkParam/Bullet/SpEffect graph resolved
1172,1864,303400504,1,0,1,0,resolved,numeric AtkParam/Bullet/SpEffect graph resolved
1172,1865,303400505,1,0,1,0,resolved,numeric AtkParam/Bullet/SpEffect graph resolved
1173,1875,300707900,0,1,0,0,no_effects,no target or shooter SpEffect is attached
1173,1876,300707901,0,1,0,0,no_effects,no target or shooter SpEffect is attached
1173,1877,300707902,1,1,1,0,resolved,numeric AtkParam/Bullet/SpEffect graph resolved
1173,1878,300707905,1,0,1,0,resolved,numeric AtkParam/Bullet/SpEffect graph resolved
1174,1931,300710900,0,1,0,0,no_effects,no target or shooter SpEffect is attached
1174,1932,300710901,1,1,3,0,resolved,numeric AtkParam/Bullet/SpEffect graph resolved
1174,1933,300710905,1,0,1,0,resolved,numeric AtkParam/Bullet/SpEffect graph resolved
1175,1934,300804900,1,0,1,0,resolved,numeric AtkParam/Bullet/SpEffect graph resolved
1175,1935,300804901,1,0,1,0,resolved,numeric AtkParam/Bullet/SpEffect graph resolved
1175,1936,300804905,1,0,1,0,resolved,numeric AtkParam/Bullet/SpEffect graph resolved
1175,1937,300804906,1,0,1,0,resolved,numeric AtkParam/Bullet/SpEffect graph resolved
1176,1947,300729000,1,0,1,0,resolved,numeric AtkParam/Bullet/SpEffect graph resolved
1176,1948,300729001,0,2,0,0,no_effects,no target or shooter SpEffect is attached
1176,1949,300729002,0,2,0,0,no_effects,no target or shooter SpEffect is attached
1176,1950,300729003,1,0,1,0,resolved,numeric AtkParam/Bullet/SpEffect graph resolved
1176,1951,300729004,1,0,1,0,resolved,numeric AtkParam/Bullet/SpEffect graph resolved
1176,1952,300729005,3,0,3,0,resolved,numeric AtkParam/Bullet/SpEffect graph resolved
1176,1953,300729006,3,0,3,0,resolved,numeric AtkParam/Bullet/SpEffect graph resolved
1176,1954,300729007,3,0,3,0,resolved,numeric AtkParam/Bullet/SpEffect graph resolved
1177,2008,303400300,2,0,2,1,resolved,numeric AtkParam/Bullet/SpEffect graph resolved
1177,2009,303400320,2,0,2,1,resolved,numeric AtkParam/Bullet/SpEffect graph resolved
1177,2010,303400301,4,0,4,1,resolved,numeric AtkParam/Bullet/SpEffect graph resolved
1177,2011,303400321,4,0,4,1,resolved,numeric AtkParam/Bullet/SpEffect graph resolved
1177,2012,303400302,2,0,2,1,resolved,numeric AtkParam/Bullet/SpEffect graph resolved
1177,2013,303400322,2,0,2,1,resolved,numeric AtkParam/Bullet/SpEffect graph resolved
1177,2014,303400303,2,0,2,1,resolved,numeric AtkParam/Bullet/SpEffect graph resolved
1177,2015,303400323,2,0,2,1,resolved,numeric AtkParam/Bullet/SpEffect graph resolved
1177,2016,303400304,4,0,4,1,resolved,numeric AtkParam/Bullet/SpEffect graph resolved
1177,2017,303400324,4,0,4,1,resolved,numeric AtkParam/Bullet/SpEffect graph resolved
1177,2018,303400305,4,0,4,1,resolved,numeric AtkParam/Bullet/SpEffect graph resolved
1177,2019,303400325,4,0,4,1,resolved,numeric AtkParam/Bullet/SpEffect graph resolved
1177,2020,303400310,1,0,1,0,resolved,numeric AtkParam/Bullet/SpEffect graph resolved
1177,2021,303400311,3,0,3,0,resolved,numeric AtkParam/Bullet/SpEffect graph resolved
1177,2022,303400312,1,0,1,0,resolved,numeric AtkParam/Bullet/SpEffect graph resolved
1177,2023,303400313,1,0,1,0,resolved,numeric AtkParam/Bullet/SpEffect graph resolved
1177,2024,303400314,3,0,3,0,resolved,numeric AtkParam/Bullet/SpEffect graph resolved
1177,2025,303400315,3,0,3,0,resolved,numeric AtkParam/Bullet/SpEffect graph resolved
1178,1990,303400101,2,0,2,0,resolved,numeric AtkParam/Bullet/SpEffect graph resolved
1178,1991,303400100,0,2,0,0,no_effects,no target or shooter SpEffect is attached
1178,1992,303400106,2,0,2,0,resolved,numeric AtkParam/Bullet/SpEffect graph resolved
1178,1993,303400105,0,2,0,0,no_effects,no target or shooter SpEffect is attached
1178,1994,300000561,2,0,2,0,resolved,numeric AtkParam/Bullet/SpEffect graph resolved
1178,1995,300000566,2,0,2,0,resolved,numeric AtkParam/Bullet/SpEffect graph resolved
1179,2079,301005906,2,0,2,1,resolved,numeric AtkParam/Bullet/SpEffect graph resolved
1179,2080,301005905,2,0,2,1,resolved,numeric AtkParam/Bullet/SpEffect graph resolved
1179,2081,301005910,1,0,1,0,resolved,numeric AtkParam/Bullet/SpEffect graph resolved
1179,2082,301005900,2,0,2,1,resolved,numeric AtkParam/Bullet/SpEffect graph resolved
1179,2083,301005901,2,0,2,1,resolved,numeric AtkParam/Bullet/SpEffect graph resolved
1179,2084,301005910,1,0,1,0,resolved,numeric AtkParam/Bullet/SpEffect graph resolved
1179,2085,301005902,2,0,2,1,resolved,numeric AtkParam/Bullet/SpEffect graph resolved
1179,2086,301005903,2,0,2,1,resolved,numeric AtkParam/Bullet/SpEffect graph resolved
1179,2087,301005904,2,0,2,1,resolved,numeric AtkParam/Bullet/SpEffect graph resolved
1179,2088,301005910,1,0,1,0,resolved,numeric AtkParam/Bullet/SpEffect graph resolved
1179,2089,301005920,2,0,2,1,resolved,numeric AtkParam/Bullet/SpEffect graph resolved
1179,2090,301005921,2,0,2,1,resolved,numeric AtkParam/Bullet/SpEffect graph resolved
1179,2091,301005920,2,0,2,1,resolved,numeric AtkParam/Bullet/SpEffect graph resolved
1179,2092,301005921,2,0,2,1,resolved,numeric AtkParam/Bullet/SpEffect graph resolved
1179,2093,301005910,1,0,1,0,resolved,numeric AtkParam/Bullet/SpEffect graph resolved
1179,2094,301005915,1,0,1,0,resolved,numeric AtkParam/Bullet/SpEffect graph resolved
1179,2095,301005916,1,0,1,0,resolved,numeric AtkParam/Bullet/SpEffect graph resolved
1179,2096,301005910,1,0,1,0,resolved,numeric AtkParam/Bullet/SpEffect graph resolved
1179,2097,301005917,1,0,1,0,resolved,numeric AtkParam/Bullet/SpEffect graph resolved
1179,2098,301005918,1,0,1,0,resolved,numeric AtkParam/Bullet/SpEffect graph resolved
1179,2099,301005919,1,0,1,0,resolved,numeric AtkParam/Bullet/SpEffect graph resolved
1179,2100,301005910,1,0,1,0,resolved,numeric AtkParam/Bullet/SpEffect graph resolved
1179,2101,301005925,1,0,1,0,resolved,numeric AtkParam/Bullet/SpEffect graph resolved
1179,2102,301005926,1,0,1,0,resolved,numeric AtkParam/Bullet/SpEffect graph resolved
1182,2254,303401400,2,0,2,0,resolved,numeric AtkParam/Bullet/SpEffect graph resolved
1183,2309,301202900,0,1,1,0,resolved,numeric AtkParam/Bullet/SpEffect graph resolved
1183,2310,301202901,2,0,2,0,resolved,numeric AtkParam/Bullet/SpEffect graph resolved
1184,2276,301302900,1,1,1,0,resolved,numeric AtkParam/Bullet/SpEffect graph resolved
1184,2277,301302901,1,1,1,0,resolved,numeric AtkParam/Bullet/SpEffect graph resolved
1184,2278,301302902,1,1,1,0,resolved,numeric AtkParam/Bullet/SpEffect graph resolved
1184,2279,301302903,1,1,1,0,resolved,numeric AtkParam/Bullet/SpEffect graph resolved
1184,2280,301302904,1,1,1,0,resolved,numeric AtkParam/Bullet/SpEffect graph resolved
1184,2281,301302905,1,1,1,0,resolved,numeric AtkParam/Bullet/SpEffect graph resolved
1185,2190,301412902,1,1,1,0,resolved,numeric AtkParam/Bullet/SpEffect graph resolved
1185,2191,301412903,1,1,1,0,resolved,numeric AtkParam/Bullet/SpEffect graph resolved
1185,2192,301412904,1,1,1,0,resolved,numeric AtkParam/Bullet/SpEffect graph resolved
1185,2193,301412940,1,0,1,0,resolved,numeric AtkParam/Bullet/SpEffect graph resolved
1185,2194,301412945,1,0,1,0,resolved,numeric AtkParam/Bullet/SpEffect graph resolved
1186,2169,301414900,1,0,1,0,resolved,numeric AtkParam/Bullet/SpEffect graph resolved
1186,2170,301414901,1,0,1,0,resolved,numeric AtkParam/Bullet/SpEffect graph resolved
1186,2171,301414902,1,0,1,0,resolved,numeric AtkParam/Bullet/SpEffect graph resolved
1186,2172,301414905,1,1,1,0,resolved,numeric AtkParam/Bullet/SpEffect graph resolved
1186,2173,301414906,1,1,1,0,resolved,numeric AtkParam/Bullet/SpEffect graph resolved
1186,2174,301414907,1,1,1,0,resolved,numeric AtkParam/Bullet/SpEffect graph resolved
1186,2175,301414915,1,0,1,0,resolved,numeric AtkParam/Bullet/SpEffect graph resolved
1186,2176,301414916,1,0,1,0,resolved,numeric AtkParam/Bullet/SpEffect graph resolved
1186,2177,301414920,1,1,1,0,resolved,numeric AtkParam/Bullet/SpEffect graph resolved
1186,2178,301414921,1,1,1,0,resolved,numeric AtkParam/Bullet/SpEffect graph resolved
1186,2179,301414930,1,0,1,0,resolved,numeric AtkParam/Bullet/SpEffect graph resolved
1186,2180,301414931,1,0,1,0,resolved,numeric AtkParam/Bullet/SpEffect graph resolved
1186,2181,301414935,1,1,1,0,resolved,numeric AtkParam/Bullet/SpEffect graph resolved
1186,2182,301414936,1,1,1,0,resolved,numeric AtkParam/Bullet/SpEffect graph resolved
1186,2183,301414910,1,0,1,0,resolved,numeric AtkParam/Bullet/SpEffect graph resolved
1186,2184,301414911,1,0,1,0,resolved,numeric AtkParam/Bullet/SpEffect graph resolved
1186,2185,301414912,1,0,1,0,resolved,numeric AtkParam/Bullet/SpEffect graph resolved
1186,2186,301414925,1,0,1,0,resolved,numeric AtkParam/Bullet/SpEffect graph resolved
1186,2187,301414926,1,0,1,0,resolved,numeric AtkParam/Bullet/SpEffect graph resolved
1186,2188,301414940,1,0,1,0,resolved,numeric AtkParam/Bullet/SpEffect graph resolved
1186,2189,301414941,1,0,1,0,resolved,numeric AtkParam/Bullet/SpEffect graph resolved
1187,2392,301604900,1,0,1,0,resolved,numeric AtkParam/Bullet/SpEffect graph resolved
1187,2393,301604902,1,1,1,0,resolved,numeric AtkParam/Bullet/SpEffect graph resolved
1187,2394,301604905,1,0,1,0,resolved,numeric AtkParam/Bullet/SpEffect graph resolved
1188,2403,301703950,1,0,1,0,resolved,numeric AtkParam/Bullet/SpEffect graph resolved
1188,2404,301703951,1,0,1,0,resolved,numeric AtkParam/Bullet/SpEffect graph resolved
1188,2405,301703970,1,0,1,0,resolved,numeric AtkParam/Bullet/SpEffect graph resolved
1188,2406,301703971,1,0,1,0,resolved,numeric AtkParam/Bullet/SpEffect graph resolved
1188,2407,301703900,3,0,3,0,resolved,numeric AtkParam/Bullet/SpEffect graph resolved
1188,2408,301703901,3,0,3,0,resolved,numeric AtkParam/Bullet/SpEffect graph resolved
1188,2409,301703905,2,0,2,0,resolved,numeric AtkParam/Bullet/SpEffect graph resolved
1188,2410,301703955,1,0,1,0,resolved,numeric AtkParam/Bullet/SpEffect graph resolved
1188,2411,301703975,1,0,1,0,resolved,numeric AtkParam/Bullet/SpEffect graph resolved
1189,2500,301906900,2,0,2,0,resolved,numeric AtkParam/Bullet/SpEffect graph resolved
1189,2501,301906901,2,0,2,0,resolved,numeric AtkParam/Bullet/SpEffect graph resolved
1189,2502,301906902,0,0,0,0,no_effects,no target or shooter SpEffect is attached
1189,2503,301906905,1,0,1,0,resolved,numeric AtkParam/Bullet/SpEffect graph resolved
1189,2504,301906906,1,0,1,0,resolved,numeric AtkParam/Bullet/SpEffect graph resolved
1190,2541,302112900,1,0,1,0,resolved,numeric AtkParam/Bullet/SpEffect graph resolved
1190,2542,302112901,1,0,1,0,resolved,numeric AtkParam/Bullet/SpEffect graph resolved
1190,2543,302112902,0,0,0,0,no_effects,no target or shooter SpEffect is attached
1190,2544,302112903,1,0,1,0,resolved,numeric AtkParam/Bullet/SpEffect graph resolved
1190,2545,302112904,1,0,1,0,resolved,numeric AtkParam/Bullet/SpEffect graph resolved
1190,2546,302112905,1,0,1,0,resolved,numeric AtkParam/Bullet/SpEffect graph resolved
1190,2547,302112906,1,0,1,0,resolved,numeric AtkParam/Bullet/SpEffect graph resolved
1190,2548,302112907,0,0,0,0,no_effects,no target or shooter SpEffect is attached
1190,2549,302112908,1,0,1,0,resolved,numeric AtkParam/Bullet/SpEffect graph resolved
1190,2550,302112909,1,0,1,0,resolved,numeric AtkParam/Bullet/SpEffect graph resolved
1190,2551,302112910,1,0,1,0,resolved,numeric AtkParam/Bullet/SpEffect graph resolved
1190,2552,302112911,1,0,1,0,resolved,numeric AtkParam/Bullet/SpEffect graph resolved
1190,2553,302112912,0,0,0,0,no_effects,no target or shooter SpEffect is attached
1190,2554,302112913,1,0,1,0,resolved,numeric AtkParam/Bullet/SpEffect graph resolved
1190,2555,302112914,1,0,1,0,resolved,numeric AtkParam/Bullet/SpEffect graph resolved
1190,2556,302112915,1,0,1,0,resolved,numeric AtkParam/Bullet/SpEffect graph resolved
1190,2557,302112916,1,0,1,0,resolved,numeric AtkParam/Bullet/SpEffect graph resolved
1190,2558,302112917,0,0,0,0,no_effects,no target or shooter SpEffect is attached
1190,2559,302112918,1,0,1,0,resolved,numeric AtkParam/Bullet/SpEffect graph resolved
1190,2560,302112919,1,0,1,0,resolved,numeric AtkParam/Bullet/SpEffect graph resolved
1191,2561,302113900,1,0,1,0,resolved,numeric AtkParam/Bullet/SpEffect graph resolved
1191,2562,302113905,1,0,1,0,resolved,numeric AtkParam/Bullet/SpEffect graph resolved
1192,2311,302301909,0,3,0,0,no_effects,no target or shooter SpEffect is attached
1192,2312,302301901,1,1,1,0,resolved,numeric AtkParam/Bullet/SpEffect graph resolved
1192,2313,302301905,0,0,0,0,no_effects,no target or shooter SpEffect is attached
1193,2314,302307900,1,0,1,0,resolved,numeric AtkParam/Bullet/SpEffect graph resolved
1193,2315,302307901,1,0,1,0,resolved,numeric AtkParam/Bullet/SpEffect graph resolved
1193,2316,302307902,1,0,1,0,resolved,numeric AtkParam/Bullet/SpEffect graph resolved
1193,2317,302307905,1,0,1,0,resolved,numeric AtkParam/Bullet/SpEffect graph resolved
1193,2318,302307906,1,0,1,0,resolved,numeric AtkParam/Bullet/SpEffect graph resolved
1194,2329,302308900,0,0,0,0,no_effects,no target or shooter SpEffect is attached
1194,2330,302308905,1,1,1,0,resolved,numeric AtkParam/Bullet/SpEffect graph resolved
1194,2331,302308906,0,1,0,0,no_effects,no target or shooter SpEffect is attached
1194,2332,302308907,0,1,0,0,no_effects,no target or shooter SpEffect is attached
1194,2333,302308908,0,1,0,0,no_effects,no target or shooter SpEffect is attached
1194,2334,302308909,1,1,1,0,resolved,numeric AtkParam/Bullet/SpEffect graph resolved
1194,2335,302308915,1,0,1,0,resolved,numeric AtkParam/Bullet/SpEffect graph resolved
1194,2336,302308920,0,0,0,0,no_effects,no target or shooter SpEffect is attached
1194,2337,302308925,1,0,1,0,resolved,numeric AtkParam/Bullet/SpEffect graph resolved
1195,2605,302404900,0,1,0,0,no_effects,no target or shooter SpEffect is attached
1195,2606,302404901,0,1,0,0,no_effects,no target or shooter SpEffect is attached
1196,2624,303208900,0,1,0,0,no_effects,no target or shooter SpEffect is attached
1196,2625,303208901,0,1,2,0,resolved,numeric AtkParam/Bullet/SpEffect graph resolved
1196,2626,303208905,1,1,1,0,resolved,numeric AtkParam/Bullet/SpEffect graph resolved
1196,2627,303208906,1,1,1,0,resolved,numeric AtkParam/Bullet/SpEffect graph resolved
1198,1719,300306910,1,0,1,0,resolved,numeric AtkParam/Bullet/SpEffect graph resolved
1198,1720,300306915,1,1,1,0,resolved,numeric AtkParam/Bullet/SpEffect graph resolved
1198,1721,300306900,1,0,1,0,resolved,numeric AtkParam/Bullet/SpEffect graph resolved
1198,1722,300306905,1,1,1,0,resolved,numeric AtkParam/Bullet/SpEffect graph resolved
1198,1723,300306906,1,1,1,0,resolved,numeric AtkParam/Bullet/SpEffect graph resolved
1198,1724,300306907,1,1,1,0,resolved,numeric AtkParam/Bullet/SpEffect graph resolved
1198,1725,300306925,1,0,1,0,resolved,numeric AtkParam/Bullet/SpEffect graph resolved
1198,1726,300306920,1,0,1,0,resolved,numeric AtkParam/Bullet/SpEffect graph resolved
1199,2594,303309900,1,0,1,0,resolved,numeric AtkParam/Bullet/SpEffect graph resolved
1199,2595,303309900,1,0,1,0,resolved,numeric AtkParam/Bullet/SpEffect graph resolved
1199,2596,303309900,1,0,1,0,resolved,numeric AtkParam/Bullet/SpEffect graph resolved
1199,2597,303309902,1,0,1,0,resolved,numeric AtkParam/Bullet/SpEffect graph resolved
1199,2598,303309905,1,0,1,0,resolved,numeric AtkParam/Bullet/SpEffect graph resolved
1199,2599,303309905,1,0,1,0,resolved,numeric AtkParam/Bullet/SpEffect graph resolved
1199,2600,303309905,1,0,1,0,resolved,numeric AtkParam/Bullet/SpEffect graph resolved
1199,2601,303309907,1,0,1,0,resolved,numeric AtkParam/Bullet/SpEffect graph resolved
2000,1521,600000130,2,0,2,0,resolved,numeric AtkParam/Bullet/SpEffect graph resolved
2000,1522,600000131,2,0,2,0,resolved,numeric AtkParam/Bullet/SpEffect graph resolved
2000,1523,600000132,2,0,2,0,resolved,numeric AtkParam/Bullet/SpEffect graph resolved
2000,1524,600000133,2,0,2,0,resolved,numeric AtkParam/Bullet/SpEffect graph resolved
2000,1525,600000134,2,0,2,0,resolved,numeric AtkParam/Bullet/SpEffect graph resolved
2000,1526,600000135,2,0,2,0,resolved,numeric AtkParam/Bullet/SpEffect graph resolved
2000,1527,600000136,2,0,2,0,resolved,numeric AtkParam/Bullet/SpEffect graph resolved
2000,1528,600000137,2,0,2,0,resolved,numeric AtkParam/Bullet/SpEffect graph resolved
2001,1416,600000150,2,0,2,0,resolved,numeric AtkParam/Bullet/SpEffect graph resolved
2001,1417,600000151,2,0,2,0,resolved,numeric AtkParam/Bullet/SpEffect graph resolved
2001,1418,600000151,2,0,2,0,resolved,numeric AtkParam/Bullet/SpEffect graph resolved
2001,1419,600000152,2,0,2,0,resolved,numeric AtkParam/Bullet/SpEffect graph resolved
2001,1420,600000152,2,0,2,0,resolved,numeric AtkParam/Bullet/SpEffect graph resolved
2001,1421,600000152,2,0,2,0,resolved,numeric AtkParam/Bullet/SpEffect graph resolved
2001,1422,600000152,2,0,2,0,resolved,numeric AtkParam/Bullet/SpEffect graph resolved
2001,1423,600000152,2,0,2,0,resolved,numeric AtkParam/Bullet/SpEffect graph resolved
2001,1424,600000152,2,0,2,0,resolved,numeric AtkParam/Bullet/SpEffect graph resolved
2001,1425,600000153,2,0,2,0,resolved,numeric AtkParam/Bullet/SpEffect graph resolved
2001,1426,600000153,2,0,2,0,resolved,numeric AtkParam/Bullet/SpEffect graph resolved
2001,1427,600000153,2,0,2,0,resolved,numeric AtkParam/Bullet/SpEffect graph resolved
2001,1428,600000153,2,0,2,0,resolved,numeric AtkParam/Bullet/SpEffect graph resolved
2001,1429,600000153,2,0,2,0,resolved,numeric AtkParam/Bullet/SpEffect graph resolved
2001,1430,600000153,2,0,2,0,resolved,numeric AtkParam/Bullet/SpEffect graph resolved
2001,1431,600000160,2,0,2,0,resolved,numeric AtkParam/Bullet/SpEffect graph resolved
2001,1432,600000161,2,0,2,0,resolved,numeric AtkParam/Bullet/SpEffect graph resolved
2001,1433,600000162,2,0,2,0,resolved,numeric AtkParam/Bullet/SpEffect graph resolved
2001,1434,600000163,2,0,2,0,resolved,numeric AtkParam/Bullet/SpEffect graph resolved
2001,1435,600000164,2,0,2,0,resolved,numeric AtkParam/Bullet/SpEffect graph resolved
2001,1436,600000165,2,0,2,0,resolved,numeric AtkParam/Bullet/SpEffect graph resolved
2001,1437,600000166,2,0,2,0,resolved,numeric AtkParam/Bullet/SpEffect graph resolved
2001,1438,600000167,2,0,2,0,resolved,numeric AtkParam/Bullet/SpEffect graph resolved
4000,75,600000010,2,0,2,0,resolved,numeric AtkParam/Bullet/SpEffect graph resolved
4000,76,600000010,2,0,2,0,resolved,numeric AtkParam/Bullet/SpEffect graph resolved
4000,77,600000010,2,0,2,0,resolved,numeric AtkParam/Bullet/SpEffect graph resolved
4000,78,600000010,2,0,2,0,resolved,numeric AtkParam/Bullet/SpEffect graph resolved
4000,79,600000011,2,0,2,0,resolved,numeric AtkParam/Bullet/SpEffect graph resolved
4000,80,600000012,2,0,2,0,resolved,numeric AtkParam/Bullet/SpEffect graph resolved
4000,81,600000012,2,0,2,0,resolved,numeric AtkParam/Bullet/SpEffect graph resolved
4000,82,600000012,2,0,2,0,resolved,numeric AtkParam/Bullet/SpEffect graph resolved
4000,83,600000013,2,0,2,0,resolved,numeric AtkParam/Bullet/SpEffect graph resolved
4000,84,600000015,2,0,2,0,resolved,numeric AtkParam/Bullet/SpEffect graph resolved
4000,85,600000015,2,0,2,0,resolved,numeric AtkParam/Bullet/SpEffect graph resolved
4000,86,600000015,2,0,2,0,resolved,numeric AtkParam/Bullet/SpEffect graph resolved
4000,87,600000015,2,0,2,0,resolved,numeric AtkParam/Bullet/SpEffect graph resolved
4000,88,600000016,2,0,2,0,resolved,numeric AtkParam/Bullet/SpEffect graph resolved
4000,89,600000017,2,0,2,0,resolved,numeric AtkParam/Bullet/SpEffect graph resolved
4000,90,600000017,2,0,2,0,resolved,numeric AtkParam/Bullet/SpEffect graph resolved
4000,91,600000017,2,0,2,0,resolved,numeric AtkParam/Bullet/SpEffect graph resolved
4000,92,600000018,2,0,2,0,resolved,numeric AtkParam/Bullet/SpEffect graph resolved
4010,1517,600000001,2,2,2,0,resolved,numeric AtkParam/Bullet/SpEffect graph resolved
4010,1518,600000006,2,2,2,0,resolved,numeric AtkParam/Bullet/SpEffect graph resolved
4010,1519,600000002,2,0,2,0,resolved,numeric AtkParam/Bullet/SpEffect graph resolved
4010,1520,600000007,2,0,2,0,resolved,numeric AtkParam/Bullet/SpEffect graph resolved
4020,1130,600000050,2,1,2,0,resolved,numeric AtkParam/Bullet/SpEffect graph resolved
4020,1131,600000052,2,1,2,0,resolved,numeric AtkParam/Bullet/SpEffect graph resolved
4020,1132,600000120,0,1,0,0,no_effects,no target or shooter SpEffect is attached
4020,1133,600000121,0,1,0,0,no_effects,no target or shooter SpEffect is attached
4020,1134,600000122,0,1,0,0,no_effects,no target or shooter SpEffect is attached
4020,1135,600000123,0,1,0,0,no_effects,no target or shooter SpEffect is attached
4020,1136,600000128,0,1,0,0,no_effects,no target or shooter SpEffect is attached
4020,1137,600000129,2,1,2,0,resolved,numeric AtkParam/Bullet/SpEffect graph resolved
4030,1132,600000120,0,1,0,0,no_effects,no target or shooter SpEffect is attached
4030,1133,600000121,0,1,0,0,no_effects,no target or shooter SpEffect is attached
4030,1134,600000122,0,1,0,0,no_effects,no target or shooter SpEffect is attached
4030,1135,600000123,0,1,0,0,no_effects,no target or shooter SpEffect is attached
4030,1136,600000128,0,1,0,0,no_effects,no target or shooter SpEffect is attached
4030,1137,600000129,2,1,2,0,resolved,numeric AtkParam/Bullet/SpEffect graph resolved
4030,2577,600001000,0,1,0,0,no_effects,no target or shooter SpEffect is attached
4030,2578,600001001,0,1,0,0,no_effects,no target or shooter SpEffect is attached
4030,2579,600001002,0,1,0,0,no_effects,no target or shooter SpEffect is attached
4030,2580,600001003,0,1,0,0,no_effects,no target or shooter SpEffect is attached
4030,2581,600001008,0,1,0,0,no_effects,no target or shooter SpEffect is attached
4030,2582,600001009,2,1,2,0,resolved,numeric AtkParam/Bullet/SpEffect graph resolved
4040,1529,600000022,0,48,4,0,resolved,numeric AtkParam/Bullet/SpEffect graph resolved
4040,1530,600000023,0,40,0,0,no_effects,no target or shooter SpEffect is attached
4040,1531,600000020,2,4,2,0,resolved,numeric AtkParam/Bullet/SpEffect graph resolved
4040,1532,600000021,2,4,2,0,resolved,numeric AtkParam/Bullet/SpEffect graph resolved
4050,1533,600000031,0,28,4,0,resolved,numeric AtkParam/Bullet/SpEffect graph resolved
4050,1534,600000023,0,40,0,0,no_effects,no target or shooter SpEffect is attached
4050,1535,600000030,2,4,2,0,resolved,numeric AtkParam/Bullet/SpEffect graph resolved
4060,1124,600000080,2,0,2,0,resolved,numeric AtkParam/Bullet/SpEffect graph resolved
4060,1125,600000082,2,0,2,0,resolved,numeric AtkParam/Bullet/SpEffect graph resolved
4060,1126,600000083,2,0,2,0,resolved,numeric AtkParam/Bullet/SpEffect graph resolved
4060,1127,600000090,2,0,2,0,resolved,numeric AtkParam/Bullet/SpEffect graph resolved
4060,1128,600000092,2,0,2,0,resolved,numeric AtkParam/Bullet/SpEffect graph resolved
4060,1129,600000093,2,0,2,0,resolved,numeric AtkParam/Bullet/SpEffect graph resolved
4070,1112,700000290,2,0,2,0,resolved,numeric AtkParam/Bullet/SpEffect graph resolved
4070,1113,700000291,2,0,2,0,resolved,numeric AtkParam/Bullet/SpEffect graph resolved
4070,1114,700000292,2,0,2,0,resolved,numeric AtkParam/Bullet/SpEffect graph resolved
4070,1115,700000293,2,0,2,0,resolved,numeric AtkParam/Bullet/SpEffect graph resolved
4070,1116,700000294,2,0,2,0,resolved,numeric AtkParam/Bullet/SpEffect graph resolved
4070,1117,700000295,2,0,2,0,resolved,numeric AtkParam/Bullet/SpEffect graph resolved
4070,1118,700000296,2,0,2,0,resolved,numeric AtkParam/Bullet/SpEffect graph resolved
4070,1119,700000297,2,0,2,0,resolved,numeric AtkParam/Bullet/SpEffect graph resolved
4070,1120,700000298,2,0,2,0,resolved,numeric AtkParam/Bullet/SpEffect graph resolved
4070,1121,700000299,2,0,2,0,resolved,numeric AtkParam/Bullet/SpEffect graph resolved
4070,1122,700000300,2,0,2,0,resolved,numeric AtkParam/Bullet/SpEffect graph resolved
4070,1123,700000301,2,0,2,0,resolved,numeric AtkParam/Bullet/SpEffect graph resolved
4070,1124,600000080,2,0,2,0,resolved,numeric AtkParam/Bullet/SpEffect graph resolved
4070,1125,600000082,2,0,2,0,resolved,numeric AtkParam/Bullet/SpEffect graph resolved
4070,1126,600000083,2,0,2,0,resolved,numeric AtkParam/Bullet/SpEffect graph resolved
4070,1127,600000090,2,0,2,0,resolved,numeric AtkParam/Bullet/SpEffect graph resolved
4070,1128,600000092,2,0,2,0,resolved,numeric AtkParam/Bullet/SpEffect graph resolved
4070,1129,600000093,2,0,2,0,resolved,numeric AtkParam/Bullet/SpEffect graph resolved
4080,2583,600000640,2,0,2,0,resolved,numeric AtkParam/Bullet/SpEffect graph resolved
4080,2584,600000641,0,1,0,0,no_effects,no target or shooter SpEffect is attached
4080,2585,600000642,2,0,2,0,resolved,numeric AtkParam/Bullet/SpEffect graph resolved
4080,2586,600000643,0,1,0,0,no_effects,no target or shooter SpEffect is attached
4080,2587,600000644,2,0,2,0,resolved,numeric AtkParam/Bullet/SpEffect graph resolved
4080,2588,600000645,2,0,2,0,resolved,numeric AtkParam/Bullet/SpEffect graph resolved
4080,2589,600000646,0,1,0,0,no_effects,no target or shooter SpEffect is attached
4080,2590,600000647,2,0,2,0,resolved,numeric AtkParam/Bullet/SpEffect graph resolved
4080,2591,600000648,2,0,2,0,resolved,numeric AtkParam/Bullet/SpEffect graph resolved
4080,2592,600000649,2,0,2,0,resolved,numeric AtkParam/Bullet/SpEffect graph resolved
4080,2593,600000650,2,0,2,0,resolved,numeric AtkParam/Bullet/SpEffect graph resolved
4090,948,600000180,3,0,3,0,resolved,numeric AtkParam/Bullet/SpEffect graph resolved
4090,949,600000181,3,0,3,0,resolved,numeric AtkParam/Bullet/SpEffect graph resolved
4090,950,600000182,3,0,3,0,resolved,numeric AtkParam/Bullet/SpEffect graph resolved
4090,951,600000183,3,0,3,0,resolved,numeric AtkParam/Bullet/SpEffect graph resolved
4100,952,600000075,1,0,1,0,resolved,numeric AtkParam/Bullet/SpEffect graph resolved
4100,953,600000079,1,1,1,0,resolved,numeric AtkParam/Bullet/SpEffect graph resolved
4100,954,600000070,1,0,1,0,resolved,numeric AtkParam/Bullet/SpEffect graph resolved
4100,955,600000074,1,1,1,0,resolved,numeric AtkParam/Bullet/SpEffect graph resolved
4100,956,600000077,1,0,1,0,resolved,numeric AtkParam/Bullet/SpEffect graph resolved
4100,957,600000072,1,0,1,0,resolved,numeric AtkParam/Bullet/SpEffect graph resolved
4110,1100,600000060,2,0,2,0,resolved,numeric AtkParam/Bullet/SpEffect graph resolved
4110,1101,600000061,2,0,2,0,resolved,numeric AtkParam/Bullet/SpEffect graph resolved
4110,1102,600000062,2,0,2,0,resolved,numeric AtkParam/Bullet/SpEffect graph resolved
4110,1103,600000063,2,0,2,0,resolved,numeric AtkParam/Bullet/SpEffect graph resolved
4110,1104,600000064,2,0,2,0,resolved,numeric AtkParam/Bullet/SpEffect graph resolved
4110,1105,600000065,2,0,2,0,resolved,numeric AtkParam/Bullet/SpEffect graph resolved
4110,1106,600000066,2,0,2,0,resolved,numeric AtkParam/Bullet/SpEffect graph resolved
4110,1107,600000067,2,0,2,0,resolved,numeric AtkParam/Bullet/SpEffect graph resolved
4120,1142,600000830,1,0,1,0,resolved,numeric AtkParam/Bullet/SpEffect graph resolved
4120,1143,600000831,1,0,1,0,resolved,numeric AtkParam/Bullet/SpEffect graph resolved
4120,1144,600000832,1,0,1,0,resolved,numeric AtkParam/Bullet/SpEffect graph resolved
4120,1145,600000836,1,0,1,0,resolved,numeric AtkParam/Bullet/SpEffect graph resolved
4120,1146,600000833,1,0,1,0,resolved,numeric AtkParam/Bullet/SpEffect graph resolved
4120,1147,600000834,1,0,1,0,resolved,numeric AtkParam/Bullet/SpEffect graph resolved
4120,1148,600000835,1,0,1,0,resolved,numeric AtkParam/Bullet/SpEffect graph resolved
4120,1149,600000837,1,0,1,0,resolved,numeric AtkParam/Bullet/SpEffect graph resolved
4130,1380,600000210,1,0,1,0,resolved,numeric AtkParam/Bullet/SpEffect graph resolved
4130,1381,600000211,1,0,1,0,resolved,numeric AtkParam/Bullet/SpEffect graph resolved
4140,1330,600000100,0,0,0,0,no_effects,no target or shooter SpEffect is attached
4140,1331,600000102,2,6,2,0,resolved,numeric AtkParam/Bullet/SpEffect graph resolved
4140,1332,600000101,0,0,0,0,no_effects,no target or shooter SpEffect is attached
4140,1333,600000103,2,0,2,0,resolved,numeric AtkParam/Bullet/SpEffect graph resolved
4140,1334,600200100,0,0,0,0,no_effects,no target or shooter SpEffect is attached
4140,1335,600000102,2,6,2,0,resolved,numeric AtkParam/Bullet/SpEffect graph resolved
4140,1336,600000101,0,0,0,0,no_effects,no target or shooter SpEffect is attached
4140,1337,600000103,2,0,2,0,resolved,numeric AtkParam/Bullet/SpEffect graph resolved
4140,1338,600200100,0,0,0,0,no_effects,no target or shooter SpEffect is attached
4140,1339,600000102,2,6,2,0,resolved,numeric AtkParam/Bullet/SpEffect graph resolved
4140,1340,600000101,0,0,0,0,no_effects,no target or shooter SpEffect is attached
4140,1341,600000103,2,0,2,0,resolved,numeric AtkParam/Bullet/SpEffect graph resolved
4140,1342,600200100,0,0,0,0,no_effects,no target or shooter SpEffect is attached
4140,1343,600000102,2,6,2,0,resolved,numeric AtkParam/Bullet/SpEffect graph resolved
4140,1344,600000101,0,0,0,0,no_effects,no target or shooter SpEffect is attached
4140,1345,600000103,2,0,2,0,resolved,numeric AtkParam/Bullet/SpEffect graph resolved
4140,1346,600600100,0,0,0,0,no_effects,no target or shooter SpEffect is attached
4140,1347,600000102,2,6,2,0,resolved,numeric AtkParam/Bullet/SpEffect graph resolved
4140,1348,600000101,0,0,0,0,no_effects,no target or shooter SpEffect is attached
4140,1349,600000103,2,0,2,0,resolved,numeric AtkParam/Bullet/SpEffect graph resolved
4140,1350,600200100,0,0,0,0,no_effects,no target or shooter SpEffect is attached
4140,1351,600000102,2,6,2,0,resolved,numeric AtkParam/Bullet/SpEffect graph resolved
4140,1352,600000101,0,0,0,0,no_effects,no target or shooter SpEffect is attached
4140,1353,600000103,2,0,2,0,resolved,numeric AtkParam/Bullet/SpEffect graph resolved
4140,1354,600200100,0,0,0,0,no_effects,no target or shooter SpEffect is attached
4140,1355,600000102,2,6,2,0,resolved,numeric AtkParam/Bullet/SpEffect graph resolved
4140,1356,601000101,0,0,0,0,no_effects,no target or shooter SpEffect is attached
4140,1357,600000103,2,0,2,0,resolved,numeric AtkParam/Bullet/SpEffect graph resolved
4140,1358,600200100,0,0,0,0,no_effects,no target or shooter SpEffect is attached
4140,1359,600000102,2,6,2,0,resolved,numeric AtkParam/Bullet/SpEffect graph resolved
4140,1360,600000101,0,0,0,0,no_effects,no target or shooter SpEffect is attached
4140,1361,600000103,2,0,2,0,resolved,numeric AtkParam/Bullet/SpEffect graph resolved
4140,1362,606100100,0,0,0,0,no_effects,no target or shooter SpEffect is attached
4140,1363,600000102,2,6,2,0,resolved,numeric AtkParam/Bullet/SpEffect graph resolved
4140,1364,606100101,0,0,0,0,no_effects,no target or shooter SpEffect is attached
4140,1365,600000103,2,0,2,0,resolved,numeric AtkParam/Bullet/SpEffect graph resolved
4150,65,600000140,2,0,2,0,resolved,numeric AtkParam/Bullet/SpEffect graph resolved
4150,66,600000141,2,0,2,0,resolved,numeric AtkParam/Bullet/SpEffect graph resolved
4150,67,600000142,2,0,2,0,resolved,numeric AtkParam/Bullet/SpEffect graph resolved
4150,68,600000143,2,0,2,0,resolved,numeric AtkParam/Bullet/SpEffect graph resolved
4150,69,600000144,2,0,2,0,resolved,numeric AtkParam/Bullet/SpEffect graph resolved
4150,70,600000145,2,0,2,0,resolved,numeric AtkParam/Bullet/SpEffect graph resolved
4160,1501,600000204,0,8,1,1,resolved,numeric AtkParam/Bullet/SpEffect graph resolved
4160,1502,600000206,0,1,1,1,resolved,numeric AtkParam/Bullet/SpEffect graph resolved
4160,1503,600000205,0,10,1,1,resolved,numeric AtkParam/Bullet/SpEffect graph resolved
4160,1504,600000207,0,1,1,1,resolved,numeric AtkParam/Bullet/SpEffect graph resolved
4160,1505,600000201,0,0,0,0,no_effects,no target or shooter SpEffect is attached
4160,1506,600000203,0,0,0,0,no_effects,no target or shooter SpEffect is attached
4170,1366,600000190,0,0,0,0,no_effects,no target or shooter SpEffect is attached
4170,1367,600000192,2,1,2,0,resolved,numeric AtkParam/Bullet/SpEffect graph resolved
4170,1368,600000195,0,0,0,0,no_effects,no target or shooter SpEffect is attached
4170,1369,600000197,2,1,2,0,resolved,numeric AtkParam/Bullet/SpEffect graph resolved
4170,1370,600000191,0,0,0,0,no_effects,no target or shooter SpEffect is attached
4170,1371,600000196,0,0,0,0,no_effects,no target or shooter SpEffect is attached
4180,1237,700000021,0,0,0,0,no_effects,no target or shooter SpEffect is attached
4180,1238,700000023,0,0,0,0,no_effects,no target or shooter SpEffect is attached
4180,1239,700000020,0,0,0,0,no_effects,no target or shooter SpEffect is attached
4180,1240,700000026,3,16,3,0,resolved,numeric AtkParam/Bullet/SpEffect graph resolved
4180,1241,700000022,0,0,0,0,no_effects,no target or shooter SpEffect is attached
4180,1242,700000025,3,0,3,0,resolved,numeric AtkParam/Bullet/SpEffect graph resolved
4180,1243,700000025,3,0,3,0,resolved,numeric AtkParam/Bullet/SpEffect graph resolved
4180,1244,700000024,3,0,3,0,resolved,numeric AtkParam/Bullet/SpEffect graph resolved
4190,1515,300000120,1,0,1,0,resolved,numeric AtkParam/Bullet/SpEffect graph resolved
4190,1516,300000121,0,0,0,0,no_effects,no target or shooter SpEffect is attached
4220,1487,700000000,1,0,1,0,resolved,numeric AtkParam/Bullet/SpEffect graph resolved
4220,1488,700000003,1,1,3,1,resolved,numeric AtkParam/Bullet/SpEffect graph resolved
4220,1489,700000004,1,1,2,1,resolved,numeric AtkParam/Bullet/SpEffect graph resolved
4220,1490,700000001,1,0,1,0,resolved,numeric AtkParam/Bullet/SpEffect graph resolved
4220,1491,700000010,1,18,2,1,resolved,numeric AtkParam/Bullet/SpEffect graph resolved
4220,1492,700000005,1,1,2,1,resolved,numeric AtkParam/Bullet/SpEffect graph resolved
4220,1493,700000002,1,0,1,0,resolved,numeric AtkParam/Bullet/SpEffect graph resolved
4220,1494,700000006,1,1,2,1,resolved,numeric AtkParam/Bullet/SpEffect graph resolved
4220,1495,700000007,1,0,1,0,resolved,numeric AtkParam/Bullet/SpEffect graph resolved
4220,1496,700000008,1,0,1,0,resolved,numeric AtkParam/Bullet/SpEffect graph resolved
4220,1497,700000009,1,0,1,0,resolved,numeric AtkParam/Bullet/SpEffect graph resolved
5000,2062,600000520,2,0,2,0,resolved,numeric AtkParam/Bullet/SpEffect graph resolved
5000,2063,600000522,2,0,2,0,resolved,numeric AtkParam/Bullet/SpEffect graph resolved
5000,2064,600000523,0,2,0,0,no_effects,no target or shooter SpEffect is attached
5000,2065,600000524,2,0,2,0,resolved,numeric AtkParam/Bullet/SpEffect graph resolved
5000,2066,600000525,2,0,2,0,resolved,numeric AtkParam/Bullet/SpEffect graph resolved
5010,1641,600000500,2,0,2,0,resolved,numeric AtkParam/Bullet/SpEffect graph resolved
5010,1642,600000501,0,5,16,0,resolved,numeric AtkParam/Bullet/SpEffect graph resolved
5010,1643,600000502,2,0,2,0,resolved,numeric AtkParam/Bullet/SpEffect graph resolved
5020,1639,600000880,1,3,1,0,resolved,numeric AtkParam/Bullet/SpEffect graph resolved
5030,1640,600000890,1,2,2,0,resolved,numeric AtkParam/Bullet/SpEffect graph resolved
5040,2031,700000330,3,0,3,0,resolved,numeric AtkParam/Bullet/SpEffect graph resolved
5040,2032,700000331,3,0,3,0,resolved,numeric AtkParam/Bullet/SpEffect graph resolved
5040,2033,700000332,3,0,3,0,resolved,numeric AtkParam/Bullet/SpEffect graph resolved
5040,2034,700000333,3,0,3,0,resolved,numeric AtkParam/Bullet/SpEffect graph resolved
5040,2035,700000334,3,0,3,0,resolved,numeric AtkParam/Bullet/SpEffect graph resolved
5040,2036,700000335,3,0,3,0,resolved,numeric AtkParam/Bullet/SpEffect graph resolved
5040,2037,700000336,3,0,3,0,resolved,numeric AtkParam/Bullet/SpEffect graph resolved
5040,2038,700000337,3,0,3,0,resolved,numeric AtkParam/Bullet/SpEffect graph resolved
5040,2039,700000338,3,0,3,0,resolved,numeric AtkParam/Bullet/SpEffect graph resolved
5040,2040,700000339,3,0,3,0,resolved,numeric AtkParam/Bullet/SpEffect graph resolved
5040,2041,700000340,3,0,3,0,resolved,numeric AtkParam/Bullet/SpEffect graph resolved
5040,2042,700000341,3,0,3,0,resolved,numeric AtkParam/Bullet/SpEffect graph resolved
5050,1444,600000110,2,0,4,0,resolved,numeric AtkParam/Bullet/SpEffect graph resolved
5050,1445,600000111,1,1,1,0,resolved,numeric AtkParam/Bullet/SpEffect graph resolved
5050,1446,600000112,1,0,1,0,resolved,numeric AtkParam/Bullet/SpEffect graph resolved
5080,2232,700000250,2,0,2,0,resolved,numeric AtkParam/Bullet/SpEffect graph resolved
5080,2233,700000251,2,0,2,0,resolved,numeric AtkParam/Bullet/SpEffect graph resolved
5080,2234,700000252,2,0,2,0,resolved,numeric AtkParam/Bullet/SpEffect graph resolved
5080,2235,700000253,2,0,2,0,resolved,numeric AtkParam/Bullet/SpEffect graph resolved
5080,2236,700000254,2,0,2,0,resolved,numeric AtkParam/Bullet/SpEffect graph resolved
5080,2237,700000255,2,0,2,0,resolved,numeric AtkParam/Bullet/SpEffect graph resolved
5080,2238,700000256,2,0,2,0,resolved,numeric AtkParam/Bullet/SpEffect graph resolved
5080,2239,700000257,2,0,2,0,resolved,numeric AtkParam/Bullet/SpEffect graph resolved
5080,2240,700000258,2,0,2,0,resolved,numeric AtkParam/Bullet/SpEffect graph resolved
5080,2241,700000259,2,0,2,0,resolved,numeric AtkParam/Bullet/SpEffect graph resolved
5080,2242,700000260,2,0,2,0,resolved,numeric AtkParam/Bullet/SpEffect graph resolved
5080,2243,700000261,2,0,2,0,resolved,numeric AtkParam/Bullet/SpEffect graph resolved
5080,2244,700000262,2,0,2,0,resolved,numeric AtkParam/Bullet/SpEffect graph resolved
5080,2245,700000263,2,0,2,0,resolved,numeric AtkParam/Bullet/SpEffect graph resolved
5090,1901,600000670,2,0,2,0,resolved,numeric AtkParam/Bullet/SpEffect graph resolved
5090,1902,600000677,2,0,2,0,resolved,numeric AtkParam/Bullet/SpEffect graph resolved
5090,1903,600000671,2,0,2,0,resolved,numeric AtkParam/Bullet/SpEffect graph resolved
5090,1904,600000672,2,0,2,0,resolved,numeric AtkParam/Bullet/SpEffect graph resolved
5090,1905,600000678,2,0,2,0,resolved,numeric AtkParam/Bullet/SpEffect graph resolved
5090,1906,600000673,2,0,2,0,resolved,numeric AtkParam/Bullet/SpEffect graph resolved
5090,1907,600000679,2,0,2,0,resolved,numeric AtkParam/Bullet/SpEffect graph resolved
5090,1908,600000674,2,0,2,0,resolved,numeric AtkParam/Bullet/SpEffect graph resolved
5090,1909,600000680,2,0,2,0,resolved,numeric AtkParam/Bullet/SpEffect graph resolved
5090,1910,600000675,2,0,2,0,resolved,numeric AtkParam/Bullet/SpEffect graph resolved
5090,1911,600000681,2,0,2,0,resolved,numeric AtkParam/Bullet/SpEffect graph resolved
5090,1912,600000682,2,0,2,0,resolved,numeric AtkParam/Bullet/SpEffect graph resolved
5090,1913,600000676,2,0,2,0,resolved,numeric AtkParam/Bullet/SpEffect graph resolved
5090,1914,600000683,2,0,2,0,resolved,numeric AtkParam/Bullet/SpEffect graph resolved
5090,1915,600000690,2,0,2,0,resolved,numeric AtkParam/Bullet/SpEffect graph resolved
5090,1916,600000684,2,0,2,0,resolved,numeric AtkParam/Bullet/SpEffect graph resolved
5090,1917,600000685,2,0,2,0,resolved,numeric AtkParam/Bullet/SpEffect graph resolved
5090,1918,600000691,2,0,2,0,resolved,numeric AtkParam/Bullet/SpEffect graph resolved
5090,1919,600000686,2,0,2,0,resolved,numeric AtkParam/Bullet/SpEffect graph resolved
5090,1920,600000692,2,0,2,0,resolved,numeric AtkParam/Bullet/SpEffect graph resolved
5090,1921,600000687,2,0,2,0,resolved,numeric AtkParam/Bullet/SpEffect graph resolved
5090,1922,600000693,2,0,2,0,resolved,numeric AtkParam/Bullet/SpEffect graph resolved
5090,1923,600000688,2,0,2,0,resolved,numeric AtkParam/Bullet/SpEffect graph resolved
5090,1924,600000694,2,0,2,0,resolved,numeric AtkParam/Bullet/SpEffect graph resolved
5090,1925,600000695,2,0,2,0,resolved,numeric AtkParam/Bullet/SpEffect graph resolved
5090,1926,600000689,2,0,2,0,resolved,numeric AtkParam/Bullet/SpEffect graph resolved
5100,1879,600000612,2,0,2,0,resolved,numeric AtkParam/Bullet/SpEffect graph resolved
5100,1880,600000613,2,0,2,0,resolved,numeric AtkParam/Bullet/SpEffect graph resolved
5100,1881,600000610,2,0,2,0,resolved,numeric AtkParam/Bullet/SpEffect graph resolved
5100,1882,600000611,2,0,2,0,resolved,numeric AtkParam/Bullet/SpEffect graph resolved
5100,1883,600000614,2,0,2,0,resolved,numeric AtkParam/Bullet/SpEffect graph resolved
5100,1884,600000615,2,0,2,0,resolved,numeric AtkParam/Bullet/SpEffect graph resolved
5100,1885,600000616,2,0,2,0,resolved,numeric AtkParam/Bullet/SpEffect graph resolved
5100,1886,600000617,2,0,2,0,resolved,numeric AtkParam/Bullet/SpEffect graph resolved
5100,1887,600000618,2,0,2,0,resolved,numeric AtkParam/Bullet/SpEffect graph resolved
5100,1888,600000619,2,0,2,0,resolved,numeric AtkParam/Bullet/SpEffect graph resolved
5100,1889,600000620,2,0,2,0,resolved,numeric AtkParam/Bullet/SpEffect graph resolved
5100,1890,600000623,2,0,2,0,resolved,numeric AtkParam/Bullet/SpEffect graph resolved
5100,1891,600000624,2,0,2,0,resolved,numeric AtkParam/Bullet/SpEffect graph resolved
5100,1892,600000621,2,0,2,0,resolved,numeric AtkParam/Bullet/SpEffect graph resolved
5100,1893,600000622,2,0,2,0,resolved,numeric AtkParam/Bullet/SpEffect graph resolved
5100,1894,600000625,2,0,2,0,resolved,numeric AtkParam/Bullet/SpEffect graph resolved
5100,1895,600000626,2,0,2,0,resolved,numeric AtkParam/Bullet/SpEffect graph resolved
5100,1896,600000627,2,0,2,0,resolved,numeric AtkParam/Bullet/SpEffect graph resolved
5100,1897,600000628,2,0,2,0,resolved,numeric AtkParam/Bullet/SpEffect graph resolved
5100,1898,600000629,2,0,2,0,resolved,numeric AtkParam/Bullet/SpEffect graph resolved
5100,1899,600000630,2,0,2,0,resolved,numeric AtkParam/Bullet/SpEffect graph resolved
5100,1900,600000631,2,0,2,0,resolved,numeric AtkParam/Bullet/SpEffect graph resolved
5110,1602,700000401,1,0,1,0,resolved,numeric AtkParam/Bullet/SpEffect graph resolved
5110,1603,700000402,1,0,1,0,resolved,numeric AtkParam/Bullet/SpEffect graph resolved
5120,2505,600000711,2,0,2,0,resolved,numeric AtkParam/Bullet/SpEffect graph resolved
5120,2506,600000712,2,0,2,0,resolved,numeric AtkParam/Bullet/SpEffect graph resolved
5120,2507,600000713,2,0,2,0,resolved,numeric AtkParam/Bullet/SpEffect graph resolved
5120,2508,600000714,2,0,2,0,resolved,numeric AtkParam/Bullet/SpEffect graph resolved
5120,2509,600000716,2,0,2,0,resolved,numeric AtkParam/Bullet/SpEffect graph resolved
5120,2510,600000717,2,0,2,0,resolved,numeric AtkParam/Bullet/SpEffect graph resolved
5120,2511,600000718,2,0,2,0,resolved,numeric AtkParam/Bullet/SpEffect graph resolved
5120,2512,600000719,2,0,2,0,resolved,numeric AtkParam/Bullet/SpEffect graph resolved
5130,2195,600000750,1,0,1,0,resolved,numeric AtkParam/Bullet/SpEffect graph resolved
5130,2196,700000311,2,0,2,0,resolved,numeric AtkParam/Bullet/SpEffect graph resolved
5130,2197,700000312,2,0,2,0,resolved,numeric AtkParam/Bullet/SpEffect graph resolved
5130,2198,700000313,2,0,2,0,resolved,numeric AtkParam/Bullet/SpEffect graph resolved
5130,2199,700000314,2,0,2,0,resolved,numeric AtkParam/Bullet/SpEffect graph resolved
5130,2200,700000315,2,0,2,0,resolved,numeric AtkParam/Bullet/SpEffect graph resolved
5130,2201,700000316,2,0,2,0,resolved,numeric AtkParam/Bullet/SpEffect graph resolved
5130,2202,700000317,2,0,2,0,resolved,numeric AtkParam/Bullet/SpEffect graph resolved
5130,2203,700000318,2,0,2,0,resolved,numeric AtkParam/Bullet/SpEffect graph resolved
5130,2204,700000319,2,0,2,0,resolved,numeric AtkParam/Bullet/SpEffect graph resolved
5130,2205,700000320,2,0,2,0,resolved,numeric AtkParam/Bullet/SpEffect graph resolved
5130,2206,700000321,2,0,2,0,resolved,numeric AtkParam/Bullet/SpEffect graph resolved
5130,2207,700000322,2,0,2,0,resolved,numeric AtkParam/Bullet/SpEffect graph resolved
5130,2208,700000323,2,0,2,0,resolved,numeric AtkParam/Bullet/SpEffect graph resolved
5140,2209,600000750,1,0,1,0,resolved,numeric AtkParam/Bullet/SpEffect graph resolved
5140,2210,600000751,2,0,2,0,resolved,numeric AtkParam/Bullet/SpEffect graph resolved
5140,2211,600000752,1,1,1,0,resolved,numeric AtkParam/Bullet/SpEffect graph resolved
5140,2212,600000753,1,0,1,0,resolved,numeric AtkParam/Bullet/SpEffect graph resolved
5140,2213,600000754,2,0,2,0,resolved,numeric AtkParam/Bullet/SpEffect graph resolved
5150,1805,700000100,1,0,1,0,resolved,numeric AtkParam/Bullet/SpEffect graph resolved
5150,1806,700000120,0,2,0,0,no_effects,no target or shooter SpEffect is attached
5150,1807,700000101,1,0,1,0,resolved,numeric AtkParam/Bullet/SpEffect graph resolved
5150,1808,700000120,0,2,0,0,no_effects,no target or shooter SpEffect is attached
5150,1809,700000102,1,0,1,0,resolved,numeric AtkParam/Bullet/SpEffect graph resolved
5150,1810,700000120,0,2,0,0,no_effects,no target or shooter SpEffect is attached
5150,1811,700000103,1,0,1,0,resolved,numeric AtkParam/Bullet/SpEffect graph resolved
5150,1812,700000120,0,2,0,0,no_effects,no target or shooter SpEffect is attached
5150,1813,700000104,1,0,1,0,resolved,numeric AtkParam/Bullet/SpEffect graph resolved
5150,1814,700000120,0,2,0,0,no_effects,no target or shooter SpEffect is attached
5150,1815,700000105,1,0,1,0,resolved,numeric AtkParam/Bullet/SpEffect graph resolved
5150,1816,700000106,1,0,1,0,resolved,numeric AtkParam/Bullet/SpEffect graph resolved
5150,1817,700000140,0,2,0,0,no_effects,no target or shooter SpEffect is attached
5150,1818,700000110,1,0,1,0,resolved,numeric AtkParam/Bullet/SpEffect graph resolved
5150,1819,700000111,1,0,1,0,resolved,numeric AtkParam/Bullet/SpEffect graph resolved
5150,1820,700000112,1,0,1,0,resolved,numeric AtkParam/Bullet/SpEffect graph resolved
5150,1821,700000113,1,0,1,0,resolved,numeric AtkParam/Bullet/SpEffect graph resolved
5150,1822,700000114,1,0,1,0,resolved,numeric AtkParam/Bullet/SpEffect graph resolved
5150,1823,700000115,1,0,1,0,resolved,numeric AtkParam/Bullet/SpEffect graph resolved
5150,1824,700000116,1,0,1,0,resolved,numeric AtkParam/Bullet/SpEffect graph resolved
5160,2372,600000980,0,0,0,0,no_effects,no target or shooter SpEffect is attached
5160,2373,600000981,0,0,0,0,no_effects,no target or shooter SpEffect is attached
5160,2374,600000982,0,0,0,0,no_effects,no target or shooter SpEffect is attached
5160,2375,600000983,0,0,0,0,no_effects,no target or shooter SpEffect is attached
5160,2376,600000984,0,0,0,0,no_effects,no target or shooter SpEffect is attached
5160,2377,600000985,0,0,0,0,no_effects,no target or shooter SpEffect is attached
5160,2378,600000986,0,0,0,0,no_effects,no target or shooter SpEffect is attached
5160,2379,600000987,0,0,0,0,no_effects,no target or shooter SpEffect is attached
5160,2380,600000990,0,0,0,0,no_effects,no target or shooter SpEffect is attached
5160,2381,600000991,0,0,0,0,no_effects,no target or shooter SpEffect is attached
5160,2382,600000992,0,0,0,0,no_effects,no target or shooter SpEffect is attached
5160,2383,600000993,0,0,0,0,no_effects,no target or shooter SpEffect is attached
5170,1644,700000155,1,0,1,0,resolved,numeric AtkParam/Bullet/SpEffect graph resolved
5170,1645,700000156,1,0,1,0,resolved,numeric AtkParam/Bullet/SpEffect graph resolved
5170,1646,700000157,1,0,1,0,resolved,numeric AtkParam/Bullet/SpEffect graph resolved
5170,1647,700000158,1,0,1,0,resolved,numeric AtkParam/Bullet/SpEffect graph resolved
5170,1648,700000159,1,0,1,0,resolved,numeric AtkParam/Bullet/SpEffect graph resolved
5170,1649,700000150,0,1,0,0,no_effects,no target or shooter SpEffect is attached
5170,1650,700000151,0,1,0,0,no_effects,no target or shooter SpEffect is attached
5170,1651,700000152,0,1,0,0,no_effects,no target or shooter SpEffect is attached
5170,1652,700000153,0,1,0,0,no_effects,no target or shooter SpEffect is attached
5170,1653,700000154,0,1,0,0,no_effects,no target or shooter SpEffect is attached
5170,1654,700000175,1,0,1,0,resolved,numeric AtkParam/Bullet/SpEffect graph resolved
5170,1655,700000176,1,0,1,0,resolved,numeric AtkParam/Bullet/SpEffect graph resolved
5170,1656,700000177,1,0,1,0,resolved,numeric AtkParam/Bullet/SpEffect graph resolved
5170,1657,700000170,0,1,0,0,no_effects,no target or shooter SpEffect is attached
5170,1658,700000171,0,1,0,0,no_effects,no target or shooter SpEffect is attached
5170,1659,700000172,0,1,0,0,no_effects,no target or shooter SpEffect is attached
5170,1660,700000173,0,2,0,0,no_effects,no target or shooter SpEffect is attached
5170,1661,700000160,1,0,1,0,resolved,numeric AtkParam/Bullet/SpEffect graph resolved
5170,1662,700000161,1,0,1,0,resolved,numeric AtkParam/Bullet/SpEffect graph resolved
5170,1663,700000162,1,0,1,0,resolved,numeric AtkParam/Bullet/SpEffect graph resolved
5170,1664,700000163,1,0,1,0,resolved,numeric AtkParam/Bullet/SpEffect graph resolved
5170,1665,700000164,1,0,1,0,resolved,numeric AtkParam/Bullet/SpEffect graph resolved
5170,1666,700000180,1,0,1,0,resolved,numeric AtkParam/Bullet/SpEffect graph resolved
5170,1667,700000181,1,0,1,0,resolved,numeric AtkParam/Bullet/SpEffect graph resolved
5170,1668,700000182,1,0,1,0,resolved,numeric AtkParam/Bullet/SpEffect graph resolved
5180,2342,600000840,0,0,0,0,no_effects,no target or shooter SpEffect is attached
5180,2343,600000841,0,1,0,0,no_effects,no target or shooter SpEffect is attached
5180,2344,600000842,1,1,1,0,resolved,numeric AtkParam/Bullet/SpEffect graph resolved
5180,2345,600000843,0,0,0,0,no_effects,no target or shooter SpEffect is attached
5180,2346,600000844,0,1,0,0,no_effects,no target or shooter SpEffect is attached
5180,2347,600000845,1,1,1,0,resolved,numeric AtkParam/Bullet/SpEffect graph resolved
5180,2348,600000846,0,0,0,0,no_effects,no target or shooter SpEffect is attached
5180,2349,600000847,0,0,0,0,no_effects,no target or shooter SpEffect is attached
5190,2447,600000940,3,0,3,0,resolved,numeric AtkParam/Bullet/SpEffect graph resolved
5190,2448,600000941,3,0,3,0,resolved,numeric AtkParam/Bullet/SpEffect graph resolved
5190,2449,600000942,3,1,3,0,resolved,numeric AtkParam/Bullet/SpEffect graph resolved
5190,2450,600000943,3,0,3,0,resolved,numeric AtkParam/Bullet/SpEffect graph resolved
5190,2451,600000944,3,0,3,0,resolved,numeric AtkParam/Bullet/SpEffect graph resolved
5190,2452,600000945,3,0,3,0,resolved,numeric AtkParam/Bullet/SpEffect graph resolved
5190,2453,600000946,3,0,3,0,resolved,numeric AtkParam/Bullet/SpEffect graph resolved
5190,2454,600000947,3,2,3,0,resolved,numeric AtkParam/Bullet/SpEffect graph resolved
5190,2455,600000948,3,1,3,0,resolved,numeric AtkParam/Bullet/SpEffect graph resolved
5190,2456,600000950,3,0,3,0,resolved,numeric AtkParam/Bullet/SpEffect graph resolved
5190,2457,600000951,3,0,3,0,resolved,numeric AtkParam/Bullet/SpEffect graph resolved
5190,2458,600000953,3,0,3,0,resolved,numeric AtkParam/Bullet/SpEffect graph resolved
5190,2459,600000954,3,0,3,0,resolved,numeric AtkParam/Bullet/SpEffect graph resolved
5190,2460,600000955,3,0,3,0,resolved,numeric AtkParam/Bullet/SpEffect graph resolved
5190,2461,600000956,3,0,3,0,resolved,numeric AtkParam/Bullet/SpEffect graph resolved
5210,2567,700000410,3,0,6,0,resolved,numeric AtkParam/Bullet/SpEffect graph resolved
5210,2568,700000415,1,0,1,0,resolved,numeric AtkParam/Bullet/SpEffect graph resolved
5220,1765,600000861,0,0,0,0,no_effects,no target or shooter SpEffect is attached
5220,1766,600000862,0,0,0,0,no_effects,no target or shooter SpEffect is attached
5220,1767,600000860,0,0,0,0,no_effects,no target or shooter SpEffect is attached
5220,1768,600000863,0,1,0,0,no_effects,no target or shooter SpEffect is attached
5220,1769,600000865,0,0,0,0,no_effects,no target or shooter SpEffect is attached
5220,1770,600000868,0,0,0,0,no_effects,no target or shooter SpEffect is attached
5230,2631,700000190,1,0,1,0,resolved,numeric AtkParam/Bullet/SpEffect graph resolved
5230,2632,700000190,1,0,1,0,resolved,numeric AtkParam/Bullet/SpEffect graph resolved
5230,2633,700000190,1,0,1,0,resolved,numeric AtkParam/Bullet/SpEffect graph resolved
5230,2634,700000191,1,0,1,0,resolved,numeric AtkParam/Bullet/SpEffect graph resolved
5230,2635,700000192,1,0,1,0,resolved,numeric AtkParam/Bullet/SpEffect graph resolved
5230,2636,700000198,1,1,1,0,resolved,numeric AtkParam/Bullet/SpEffect graph resolved
5230,2637,700000193,1,0,1,0,resolved,numeric AtkParam/Bullet/SpEffect graph resolved
5230,2638,700000198,1,1,1,0,resolved,numeric AtkParam/Bullet/SpEffect graph resolved
5230,2639,700000194,1,0,1,0,resolved,numeric AtkParam/Bullet/SpEffect graph resolved
5230,2640,700000194,1,0,1,0,resolved,numeric AtkParam/Bullet/SpEffect graph resolved
5230,2641,700000194,1,0,1,0,resolved,numeric AtkParam/Bullet/SpEffect graph resolved
5230,2642,700000195,1,0,1,0,resolved,numeric AtkParam/Bullet/SpEffect graph resolved
5230,2643,700000196,1,0,1,0,resolved,numeric AtkParam/Bullet/SpEffect graph resolved
5230,2644,700000197,1,0,1,0,resolved,numeric AtkParam/Bullet/SpEffect graph resolved
5240,1787,600000530,1,0,1,0,resolved,numeric AtkParam/Bullet/SpEffect graph resolved
5240,1788,600000535,1,1,1,0,resolved,numeric AtkParam/Bullet/SpEffect graph resolved
5240,1789,600000531,1,0,1,0,resolved,numeric AtkParam/Bullet/SpEffect graph resolved
5240,1790,600000536,1,1,1,0,resolved,numeric AtkParam/Bullet/SpEffect graph resolved
5250,1866,700000030,1,0,1,0,resolved,numeric AtkParam/Bullet/SpEffect graph resolved
5250,1867,700000031,1,0,1,0,resolved,numeric AtkParam/Bullet/SpEffect graph resolved
5250,1868,700000032,1,0,1,0,resolved,numeric AtkParam/Bullet/SpEffect graph resolved
5250,1869,700000033,0,4,1,1,resolved,numeric AtkParam/Bullet/SpEffect graph resolved
5250,1870,700000036,1,0,1,0,resolved,numeric AtkParam/Bullet/SpEffect graph resolved
5250,1871,700000037,1,0,1,0,resolved,numeric AtkParam/Bullet/SpEffect graph resolved
5250,1872,700000038,1,0,1,0,resolved,numeric AtkParam/Bullet/SpEffect graph resolved
5260,1996,700000270,1,0,1,0,resolved,numeric AtkParam/Bullet/SpEffect graph resolved
5260,1997,700000271,1,0,1,0,resolved,numeric AtkParam/Bullet/SpEffect graph resolved
5260,1998,700000272,1,0,1,0,resolved,numeric AtkParam/Bullet/SpEffect graph resolved
5260,1999,700000273,1,0,1,0,resolved,numeric AtkParam/Bullet/SpEffect graph resolved
5260,2000,700000274,1,0,1,0,resolved,numeric AtkParam/Bullet/SpEffect graph resolved
5260,2001,700000275,1,0,1,0,resolved,numeric AtkParam/Bullet/SpEffect graph resolved
5260,2002,700000276,1,0,1,0,resolved,numeric AtkParam/Bullet/SpEffect graph resolved
5260,2003,700000277,1,0,1,0,resolved,numeric AtkParam/Bullet/SpEffect graph resolved
5260,2004,700000278,1,0,1,0,resolved,numeric AtkParam/Bullet/SpEffect graph resolved
5260,2005,700000279,1,0,1,0,resolved,numeric AtkParam/Bullet/SpEffect graph resolved
5260,2006,700000280,1,0,1,0,resolved,numeric AtkParam/Bullet/SpEffect graph resolved
5260,2007,700000281,1,0,1,0,resolved,numeric AtkParam/Bullet/SpEffect graph resolved
5270,2103,600000790,1,0,1,0,resolved,numeric AtkParam/Bullet/SpEffect graph resolved
5270,2104,600000790,1,0,1,0,resolved,numeric AtkParam/Bullet/SpEffect graph resolved
5270,2105,600000790,1,0,1,0,resolved,numeric AtkParam/Bullet/SpEffect graph resolved
5270,2106,600000790,1,0,1,0,resolved,numeric AtkParam/Bullet/SpEffect graph resolved
5270,2107,600000790,1,0,1,0,resolved,numeric AtkParam/Bullet/SpEffect graph resolved
5270,2108,600000801,1,1,1,0,resolved,numeric AtkParam/Bullet/SpEffect graph resolved
5270,2109,600000792,1,0,1,0,resolved,numeric AtkParam/Bullet/SpEffect graph resolved
5270,2110,600000802,1,1,1,0,resolved,numeric AtkParam/Bullet/SpEffect graph resolved
5270,2111,600000801,1,1,1,0,resolved,numeric AtkParam/Bullet/SpEffect graph resolved
5270,2112,600000792,1,0,1,0,resolved,numeric AtkParam/Bullet/SpEffect graph resolved
5270,2113,600000802,1,1,1,0,resolved,numeric AtkParam/Bullet/SpEffect graph resolved
5270,2114,600000801,1,1,1,0,resolved,numeric AtkParam/Bullet/SpEffect graph resolved
5270,2115,600000802,1,1,1,0,resolved,numeric AtkParam/Bullet/SpEffect graph resolved
5270,2116,600000792,1,0,1,0,resolved,numeric AtkParam/Bullet/SpEffect graph resolved
5270,2117,600000801,1,1,1,0,resolved,numeric AtkParam/Bullet/SpEffect graph resolved
5270,2118,600000802,1,1,1,0,resolved,numeric AtkParam/Bullet/SpEffect graph resolved
5270,2119,600000792,1,0,1,0,resolved,numeric AtkParam/Bullet/SpEffect graph resolved
5270,2120,600000803,1,1,1,0,resolved,numeric AtkParam/Bullet/SpEffect graph resolved
5270,2121,600000792,1,0,1,0,resolved,numeric AtkParam/Bullet/SpEffect graph resolved
5270,2122,600000793,1,0,1,0,resolved,numeric AtkParam/Bullet/SpEffect graph resolved
5270,2123,600000811,1,1,1,0,resolved,numeric AtkParam/Bullet/SpEffect graph resolved
5270,2124,600000812,1,1,1,0,resolved,numeric AtkParam/Bullet/SpEffect graph resolved
5270,2125,600000811,1,1,1,0,resolved,numeric AtkParam/Bullet/SpEffect graph resolved
5270,2126,600000793,1,0,1,0,resolved,numeric AtkParam/Bullet/SpEffect graph resolved
5270,2127,600000812,1,1,1,0,resolved,numeric AtkParam/Bullet/SpEffect graph resolved
5270,2128,600000811,1,1,1,0,resolved,numeric AtkParam/Bullet/SpEffect graph resolved
5270,2129,600000793,1,0,1,0,resolved,numeric AtkParam/Bullet/SpEffect graph resolved
5270,2130,600000812,1,1,1,0,resolved,numeric AtkParam/Bullet/SpEffect graph resolved
5270,2131,600000811,1,1,1,0,resolved,numeric AtkParam/Bullet/SpEffect graph resolved
5270,2132,600000793,1,0,1,0,resolved,numeric AtkParam/Bullet/SpEffect graph resolved
5270,2133,600000812,1,1,1,0,resolved,numeric AtkParam/Bullet/SpEffect graph resolved
5270,2134,600000811,1,1,1,0,resolved,numeric AtkParam/Bullet/SpEffect graph resolved
5270,2135,600000812,1,1,1,0,resolved,numeric AtkParam/Bullet/SpEffect graph resolved
5270,2136,600000793,1,0,1,0,resolved,numeric AtkParam/Bullet/SpEffect graph resolved
5270,2137,600000811,1,1,1,0,resolved,numeric AtkParam/Bullet/SpEffect graph resolved
5270,2138,600000812,1,1,1,0,resolved,numeric AtkParam/Bullet/SpEffect graph resolved
5270,2139,600000793,1,0,1,0,resolved,numeric AtkParam/Bullet/SpEffect graph resolved
5270,2140,600000811,1,1,1,0,resolved,numeric AtkParam/Bullet/SpEffect graph resolved
5270,2141,600000812,1,1,1,0,resolved,numeric AtkParam/Bullet/SpEffect graph resolved
5270,2142,600000793,1,0,1,0,resolved,numeric AtkParam/Bullet/SpEffect graph resolved
5270,2143,600000811,1,1,1,0,resolved,numeric AtkParam/Bullet/SpEffect graph resolved
5270,2144,600000812,1,1,1,0,resolved,numeric AtkParam/Bullet/SpEffect graph resolved
5270,2145,600000811,1,1,1,0,resolved,numeric AtkParam/Bullet/SpEffect graph resolved
5270,2146,600000793,1,0,1,0,resolved,numeric AtkParam/Bullet/SpEffect graph resolved
5270,2147,600000812,1,1,1,0,resolved,numeric AtkParam/Bullet/SpEffect graph resolved
5270,2148,600000811,1,1,1,0,resolved,numeric AtkParam/Bullet/SpEffect graph resolved
5270,2149,600000793,1,0,1,0,resolved,numeric AtkParam/Bullet/SpEffect graph resolved
5270,2150,600000812,1,1,1,0,resolved,numeric AtkParam/Bullet/SpEffect graph resolved
5270,2151,600000811,1,1,1,0,resolved,numeric AtkParam/Bullet/SpEffect graph resolved
5270,2152,600000793,1,0,1,0,resolved,numeric AtkParam/Bullet/SpEffect graph resolved
5270,2153,600000812,1,1,1,0,resolved,numeric AtkParam/Bullet/SpEffect graph resolved
5270,2154,600000811,1,1,1,0,resolved,numeric AtkParam/Bullet/SpEffect graph resolved
5270,2155,600000812,1,1,1,0,resolved,numeric AtkParam/Bullet/SpEffect graph resolved
5270,2156,600000793,1,0,1,0,resolved,numeric AtkParam/Bullet/SpEffect graph resolved
5270,2157,600000811,1,1,1,0,resolved,numeric AtkParam/Bullet/SpEffect graph resolved
5270,2158,600000812,1,1,1,0,resolved,numeric AtkParam/Bullet/SpEffect graph resolved
5270,2159,600000813,1,1,1,0,resolved,numeric AtkParam/Bullet/SpEffect graph resolved
5270,2160,600000793,1,0,1,0,resolved,numeric AtkParam/Bullet/SpEffect graph resolved
5270,2161,600000793,1,0,1,0,resolved,numeric AtkParam/Bullet/SpEffect graph resolved
5270,2162,600000793,1,0,1,0,resolved,numeric AtkParam/Bullet/SpEffect graph resolved
5270,2163,600000793,1,0,1,0,resolved,numeric AtkParam/Bullet/SpEffect graph resolved
5270,2164,600000793,1,0,1,0,resolved,numeric AtkParam/Bullet/SpEffect graph resolved
5280,2338,600000760,2,0,2,0,resolved,numeric AtkParam/Bullet/SpEffect graph resolved
5280,2339,600000761,2,1,2,0,resolved,numeric AtkParam/Bullet/SpEffect graph resolved
5280,2340,600000762,2,1,2,0,resolved,numeric AtkParam/Bullet/SpEffect graph resolved
5280,2341,600000763,2,0,2,0,resolved,numeric AtkParam/Bullet/SpEffect graph resolved
5290,2476,700000040,1,0,1,0,resolved,numeric AtkParam/Bullet/SpEffect graph resolved
5290,2477,700000041,1,0,1,0,resolved,numeric AtkParam/Bullet/SpEffect graph resolved
5290,2478,700000042,1,0,1,0,resolved,numeric AtkParam/Bullet/SpEffect graph resolved
5290,2479,700000043,0,4,1,1,resolved,numeric AtkParam/Bullet/SpEffect graph resolved
5290,2480,700000046,1,0,1,0,resolved,numeric AtkParam/Bullet/SpEffect graph resolved
5290,2481,700000047,1,0,1,0,resolved,numeric AtkParam/Bullet/SpEffect graph resolved
5290,2482,700000048,1,0,1,0,resolved,numeric AtkParam/Bullet/SpEffect graph resolved
5300,2483,600000580,2,0,2,0,resolved,numeric AtkParam/Bullet/SpEffect graph resolved
5300,2484,600000581,2,0,2,0,resolved,numeric AtkParam/Bullet/SpEffect graph resolved
5300,2485,600000582,2,1,2,0,resolved,numeric AtkParam/Bullet/SpEffect graph resolved
5300,2486,600000583,2,0,2,0,resolved,numeric AtkParam/Bullet/SpEffect graph resolved
5300,2487,600000584,2,0,2,0,resolved,numeric AtkParam/Bullet/SpEffect graph resolved
5310,2563,600000700,2,0,2,1,resolved,numeric AtkParam/Bullet/SpEffect graph resolved
5310,2564,600000701,1,0,1,0,resolved,numeric AtkParam/Bullet/SpEffect graph resolved
5320,2565,600000702,2,0,2,1,resolved,numeric AtkParam/Bullet/SpEffect graph resolved
5320,2566,600000703,1,0,1,0,resolved,numeric AtkParam/Bullet/SpEffect graph resolved
5330,2607,602420000,0,10,0,0,no_effects,no target or shooter SpEffect is attached
5330,2608,73112,0,2,2,0,resolved,numeric AtkParam/Bullet/SpEffect graph resolved
5350,1980,600000570,2,0,2,0,resolved,numeric AtkParam/Bullet/SpEffect graph resolved
5350,1981,600000571,2,0,2,0,resolved,numeric AtkParam/Bullet/SpEffect graph resolved
5350,1982,600000570,2,0,2,0,resolved,numeric AtkParam/Bullet/SpEffect graph resolved
5350,1983,600000571,2,0,2,0,resolved,numeric AtkParam/Bullet/SpEffect graph resolved
5350,1984,600000572,2,0,2,0,resolved,numeric AtkParam/Bullet/SpEffect graph resolved
5350,1985,600000573,2,0,2,0,resolved,numeric AtkParam/Bullet/SpEffect graph resolved
5350,1986,600000574,2,0,2,0,resolved,numeric AtkParam/Bullet/SpEffect graph resolved
5350,1987,600000573,2,0,2,0,resolved,numeric AtkParam/Bullet/SpEffect graph resolved
5350,1988,600000574,2,0,2,0,resolved,numeric AtkParam/Bullet/SpEffect graph resolved
5350,1989,600000575,2,0,2,0,resolved,numeric AtkParam/Bullet/SpEffect graph resolved
5370,2611,600000770,2,3,2,0,resolved,numeric AtkParam/Bullet/SpEffect graph resolved
5370,2612,600000772,2,3,2,0,resolved,numeric AtkParam/Bullet/SpEffect graph resolved
5370,2613,600000771,2,3,2,0,resolved,numeric AtkParam/Bullet/SpEffect graph resolved
5380,2255,600000660,0,5,1,0,resolved,numeric AtkParam/Bullet/SpEffect graph resolved
5380,2256,600000661,0,4,1,0,resolved,numeric AtkParam/Bullet/SpEffect graph resolved
5380,2257,600000663,0,4,0,0,no_effects,no target or shooter SpEffect is attached
5380,2258,600000662,2,0,2,0,resolved,numeric AtkParam/Bullet/SpEffect graph resolved
5380,2259,600000662,2,0,2,0,resolved,numeric AtkParam/Bullet/SpEffect graph resolved
5390,2384,600000960,0,0,0,0,no_effects,no target or shooter SpEffect is attached
5390,2385,600000961,0,0,0,0,no_effects,no target or shooter SpEffect is attached
5390,2386,600000962,1,1,1,0,resolved,numeric AtkParam/Bullet/SpEffect graph resolved
5390,2387,600000963,0,0,0,0,no_effects,no target or shooter SpEffect is attached
5390,2388,600000964,1,1,1,0,resolved,numeric AtkParam/Bullet/SpEffect graph resolved
5390,2389,600000965,0,0,0,0,no_effects,no target or shooter SpEffect is attached
5390,2390,600000966,1,0,1,0,resolved,numeric AtkParam/Bullet/SpEffect graph resolved
5390,2391,600000967,1,0,1,0,resolved,numeric AtkParam/Bullet/SpEffect graph resolved
5420,2513,600000600,3,0,3,0,resolved,numeric AtkParam/Bullet/SpEffect graph resolved
5420,2514,600000600,3,0,3,0,resolved,numeric AtkParam/Bullet/SpEffect graph resolved
5420,2515,600000601,3,0,3,0,resolved,numeric AtkParam/Bullet/SpEffect graph resolved
5420,2516,600000602,2,0,2,0,resolved,numeric AtkParam/Bullet/SpEffect graph resolved
5420,2517,600000602,2,0,2,0,resolved,numeric AtkParam/Bullet/SpEffect graph resolved
5420,2518,600000603,2,0,2,0,resolved,numeric AtkParam/Bullet/SpEffect graph resolved
5430,1712,600000820,0,0,0,0,no_effects,no target or shooter SpEffect is attached
5430,1713,600000821,1,1,1,0,resolved,numeric AtkParam/Bullet/SpEffect graph resolved
5430,1714,600000822,0,0,0,0,no_effects,no target or shooter SpEffect is attached
5430,1715,600000823,1,0,1,0,resolved,numeric AtkParam/Bullet/SpEffect graph resolved
5430,1716,600000825,1,0,1,0,resolved,numeric AtkParam/Bullet/SpEffect graph resolved
5430,1717,600000827,0,0,0,0,no_effects,no target or shooter SpEffect is attached
5430,1718,600000828,1,0,1,0,resolved,numeric AtkParam/Bullet/SpEffect graph resolved
5440,2614,600000970,0,1,0,0,no_effects,no target or shooter SpEffect is attached
5440,2615,600000972,1,1,1,0,resolved,numeric AtkParam/Bullet/SpEffect graph resolved
5440,2616,600000974,2,0,2,0,resolved,numeric AtkParam/Bullet/SpEffect graph resolved
5440,2617,600000975,2,0,2,0,resolved,numeric AtkParam/Bullet/SpEffect graph resolved
5450,2067,600000900,3,0,3,0,resolved,numeric AtkParam/Bullet/SpEffect graph resolved
5450,2068,600000901,3,0,3,0,resolved,numeric AtkParam/Bullet/SpEffect graph resolved
5450,2069,600000902,3,0,3,0,resolved,numeric AtkParam/Bullet/SpEffect graph resolved
5450,2070,600000903,3,0,3,0,resolved,numeric AtkParam/Bullet/SpEffect graph resolved
5450,2071,600000904,3,0,3,0,resolved,numeric AtkParam/Bullet/SpEffect graph resolved
5450,2072,600000905,3,0,3,0,resolved,numeric AtkParam/Bullet/SpEffect graph resolved
5450,2073,600000910,3,0,3,0,resolved,numeric AtkParam/Bullet/SpEffect graph resolved
5450,2074,600000911,3,0,3,0,resolved,numeric AtkParam/Bullet/SpEffect graph resolved
5450,2075,600000912,3,0,3,0,resolved,numeric AtkParam/Bullet/SpEffect graph resolved
5450,2076,600000913,3,0,3,0,resolved,numeric AtkParam/Bullet/SpEffect graph resolved
5450,2077,600000914,3,0,3,0,resolved,numeric AtkParam/Bullet/SpEffect graph resolved
5450,2078,600000915,3,0,3,0,resolved,numeric AtkParam/Bullet/SpEffect graph resolved
5470,2424,600000850,0,1,0,0,no_effects,no target or shooter SpEffect is attached
5470,2425,600000851,0,0,0,0,no_effects,no target or shooter SpEffect is attached
5480,2618,700000350,1,0,1,0,resolved,numeric AtkParam/Bullet/SpEffect graph resolved
5480,2619,700000352,1,0,1,0,resolved,numeric AtkParam/Bullet/SpEffect graph resolved
5480,2620,700000351,1,0,1,0,resolved,numeric AtkParam/Bullet/SpEffect graph resolved
5480,2621,700000355,1,0,1,0,resolved,numeric AtkParam/Bullet/SpEffect graph resolved
5480,2622,700000357,1,0,1,0,resolved,numeric AtkParam/Bullet/SpEffect graph resolved
5480,2623,700000356,1,0,1,0,resolved,numeric AtkParam/Bullet/SpEffect graph resolved
5500,2282,701320360,3,2,5,0,resolved,numeric AtkParam/Bullet/SpEffect graph resolved
5500,2283,701320361,3,2,5,0,resolved,numeric AtkParam/Bullet/SpEffect graph resolved
5500,2284,701320360,3,2,5,0,resolved,numeric AtkParam/Bullet/SpEffect graph resolved
5500,2285,701320360,3,2,5,0,resolved,numeric AtkParam/Bullet/SpEffect graph resolved
5510,2577,600001000,0,1,0,0,no_effects,no target or shooter SpEffect is attached
5510,2578,600001001,0,1,0,0,no_effects,no target or shooter SpEffect is attached
5510,2579,600001002,0,1,0,0,no_effects,no target or shooter SpEffect is attached
5510,2580,600001003,0,1,0,0,no_effects,no target or shooter SpEffect is attached
5510,2581,600001008,0,1,0,0,no_effects,no target or shooter SpEffect is attached
5510,2582,600001009,2,1,2,0,resolved,numeric AtkParam/Bullet/SpEffect graph resolved
5530,1927,300300852,1,0,1,0,resolved,numeric AtkParam/Bullet/SpEffect graph resolved
5530,1928,700000061,0,1,0,0,no_effects,no target or shooter SpEffect is attached
5530,1929,700000060,0,1,0,0,no_effects,no target or shooter SpEffect is attached
5530,1930,300300853,1,0,1,0,resolved,numeric AtkParam/Bullet/SpEffect graph resolved
5540,1955,700000370,1,0,1,0,resolved,numeric AtkParam/Bullet/SpEffect graph resolved
5540,1956,700000373,1,1,1,0,resolved,numeric AtkParam/Bullet/SpEffect graph resolved
5540,1957,700000371,1,0,1,0,resolved,numeric AtkParam/Bullet/SpEffect graph resolved
5540,1958,700000374,1,1,1,0,resolved,numeric AtkParam/Bullet/SpEffect graph resolved
5540,1959,700000379,1,0,1,0,resolved,numeric AtkParam/Bullet/SpEffect graph resolved
5540,1960,700000381,1,1,1,0,resolved,numeric AtkParam/Bullet/SpEffect graph resolved
5540,1961,700000380,1,0,1,0,resolved,numeric AtkParam/Bullet/SpEffect graph resolved
5540,1962,700000382,1,1,1,0,resolved,numeric AtkParam/Bullet/SpEffect graph resolved
5540,1963,700000385,1,0,1,0,resolved,numeric AtkParam/Bullet/SpEffect graph resolved
5540,1964,700000387,1,1,1,0,resolved,numeric AtkParam/Bullet/SpEffect graph resolved
5540,1965,700000386,1,0,1,0,resolved,numeric AtkParam/Bullet/SpEffect graph resolved
5540,1966,700000388,1,1,1,0,resolved,numeric AtkParam/Bullet/SpEffect graph resolved
5540,1967,700000376,1,0,1,0,resolved,numeric AtkParam/Bullet/SpEffect graph resolved
5540,1968,700000377,1,0,1,0,resolved,numeric AtkParam/Bullet/SpEffect graph resolved
5540,1969,700000383,1,0,1,0,resolved,numeric AtkParam/Bullet/SpEffect graph resolved
5540,1970,700000384,1,0,1,0,resolved,numeric AtkParam/Bullet/SpEffect graph resolved
5540,1971,700000389,1,0,1,0,resolved,numeric AtkParam/Bullet/SpEffect graph resolved
5540,1972,700000390,1,0,1,0,resolved,numeric AtkParam/Bullet/SpEffect graph resolved
5550,1777,700000052,0,2,0,0,no_effects,no target or shooter SpEffect is attached
5550,1778,700000050,1,0,1,0,resolved,numeric AtkParam/Bullet/SpEffect graph resolved
5550,1779,700000051,1,0,1,0,resolved,numeric AtkParam/Bullet/SpEffect graph resolved
5560,2426,700000206,1,1,1,0,resolved,numeric AtkParam/Bullet/SpEffect graph resolved
5560,2427,700000206,1,1,1,0,resolved,numeric AtkParam/Bullet/SpEffect graph resolved
5560,2428,700000226,1,1,1,0,resolved,numeric AtkParam/Bullet/SpEffect graph resolved
5560,2429,700000200,0,0,0,0,no_effects,no target or shooter SpEffect is attached
5560,2430,700000210,0,0,0,0,no_effects,no target or shooter SpEffect is attached
5560,2431,700000220,0,0,0,0,no_effects,no target or shooter SpEffect is attached
5570,2165,300000595,0,0,0,0,no_effects,no target or shooter SpEffect is attached
5570,2166,700000420,1,2,1,0,resolved,numeric AtkParam/Bullet/SpEffect graph resolved
5570,2167,700000421,1,1,1,0,resolved,numeric AtkParam/Bullet/SpEffect graph resolved
5570,2168,300000595,0,0,0,0,no_effects,no target or shooter SpEffect is attached
5580,1825,700000070,1,0,1,0,resolved,numeric AtkParam/Bullet/SpEffect graph resolved
5580,1826,700000071,0,2,0,0,no_effects,no target or shooter SpEffect is attached
5580,1827,700000072,0,2,0,0,no_effects,no target or shooter SpEffect is attached
5580,1828,700000075,1,0,1,0,resolved,numeric AtkParam/Bullet/SpEffect graph resolved
5580,1829,700000076,0,2,0,0,no_effects,no target or shooter SpEffect is attached
5580,1830,700000077,0,2,0,0,no_effects,no target or shooter SpEffect is attached
5590,1844,300000010,1,0,1,0,resolved,numeric AtkParam/Bullet/SpEffect graph resolved
5590,1845,300000011,1,0,1,0,resolved,numeric AtkParam/Bullet/SpEffect graph resolved
8000,1556,3000400,2,0,2,0,resolved,numeric AtkParam/Bullet/SpEffect graph resolved
8000,1557,3000410,2,0,2,0,resolved,numeric AtkParam/Bullet/SpEffect graph resolved
8000,1558,3000420,2,0,2,0,resolved,numeric AtkParam/Bullet/SpEffect graph resolved
8000,1559,3000430,2,0,2,0,resolved,numeric AtkParam/Bullet/SpEffect graph resolved
8000,1560,3100400,2,0,2,0,resolved,numeric AtkParam/Bullet/SpEffect graph resolved
8000,1561,3100410,2,0,2,0,resolved,numeric AtkParam/Bullet/SpEffect graph resolved
8000,1562,3100420,2,0,2,0,resolved,numeric AtkParam/Bullet/SpEffect graph resolved
8000,1563,3100430,2,0,2,0,resolved,numeric AtkParam/Bullet/SpEffect graph resolved
8000,1564,3200400,2,1,3,1,resolved,numeric AtkParam/Bullet/SpEffect graph resolved
8000,1565,3200410,2,1,3,1,resolved,numeric AtkParam/Bullet/SpEffect graph resolved
8000,1566,3200420,2,0,2,0,resolved,numeric AtkParam/Bullet/SpEffect graph resolved
8000,1567,6100400,2,0,2,0,resolved,numeric AtkParam/Bullet/SpEffect graph resolved
8000,1568,6100410,2,0,2,0,resolved,numeric AtkParam/Bullet/SpEffect graph resolved
8000,1569,6100420,2,0,2,0,resolved,numeric AtkParam/Bullet/SpEffect graph resolved
8000,1570,6100430,2,0,2,0,resolved,numeric AtkParam/Bullet/SpEffect graph resolved
