curve_id,stat_value,multiplier
0,0,0
0,1,0
0,2,0.00834452
0,3,0.01917067
0,4,0.03118508
0,5,0.04404263
0,6,0.0575659
0,7,0.07164449
0,8,0.08620232
0,9,0.1011834
0,10,0.11654464
0,11,0.13225171
0,12,0.14827657
0,13,0.16459582
0,14,0.18118962
0,15,0.19804092
0,16,0.21513487
0,17,0.23245842
0,18,0.25
0,19,0.26425148
0,20,0.27843361
0,21,0.29254499
0,22,0.30658419
0,23,0.32054969
0,24,0.33443989
0,25,0.34825312
0,26,0.36198764
0,27,0.3756416
0,28,0.38921304
0,29,0.40269992
0,30,0.41610004
0,31,0.42941112
0,32,0.4426307
0,33,0.45575616
0,34,0.46878475
0,35,0.48171347
0,36,0.49453915
0,37,0.50725837
0,38,0.51986744
0,39,0.53236236
0,40,0.54473881
0,41,0.55699206
0,42,0.56911695
0,43,0.58110781
0,44,0.59295836
0,45,0.6046616
0,46,0.61620974
0,47,0.62759395
0,48,0.63880421
0,49,0.64982898
0,50,0.66065488
0,51,0.67126608
0,52,0.68164365
0,53,0.69176441
0,54,0.70159922
0,55,0.71111028
0,56,0.72024617
0,57,0.72893234
0,58,0.73704889
0,59,0.7443627
0,60,0.75
0,61,0.7575
0,62,0.765
0,63,0.7725
0,64,0.78
0,65,0.7875
0,66,0.795
0,67,0.8025
0,68,0.81
0,69,0.8175
0,70,0.825
0,71,0.8325
0,72,0.84
0,73,0.8475
0,74,0.855
0,75,0.8625
0,76,0.87
0,77,0.8775
0,78,0.885
0,79,0.8925
0,80,0.9
0,81,0.90285714
0,82,0.90571429
0,83,0.90857143
0,84,0.91142857
0,85,0.91428571
0,86,0.91714286
0,87,0.92
0,88,0.92285714
0,89,0.92571429
0,90,0.92857143
0,91,0.93142857
0,92,0.93428571
0,93,0.93714286
0,94,0.94
0,95,0.94285714
0,96,0.94571429
0,97,0.94857143
0,98,0.95142857
0,99,0.95428571
0,100,0.95714286
0,101,0.96
0,102,0.96285714
0,103,0.96571429
0,104,0.96857143
0,105,0.97142857
0,106,0.97428571
0,107,0.97714286
0,108,0.98
0,109,0.98285714
0,110,0.98571429
0,111,0.98857143
0,112,0.99142857
0,113,0.99428571
0,114,0.99714286
0,115,1
0,116,1.00285714
0,117,1.00571429
0,118,1.00857143
0,119,1.01142857
0,120,1.01428571
0,121,1.01714286
0,122,1.02
0,123,1.02285714
0,124,1.02571429
0,125,1.02857143
0,126,1.03142857
0,127,1.03428571
0,128,1.03714286
0,129,1.04
0,130,1.04285714
0,131,1.04571429
0,132,1.04857143
0,133,1.05142857
0,134,1.05428571
0,135,1.05714286
0,136,1.06
0,137,1.06285714
0,138,1.06571429
0,139,1.06857143
0,140,1.07142857
0,141,1.07428571
0,142,1.07714286
0,143,1.08
0,144,1.08285714
0,145,1.08571429
0,146,1.08857143
0,147,1.09142857
0,148,1.09428571
0,149,1.09714286
0,150,1.1
1,0,0
1,1,0
1,2,0.01022266
1,3,0.02348549
1,4,0.03820403
1,5,0.0539555
1,6,0.0705225
1,7,0.08776982
1,8,0.10560424
1,9,0.12395719
1,10,0.14277584
1,11,0.16201817
1,12,0.18164981
1,13,0.2016421
1,14,0.22197075
1,15,0.24261484
1,16,0.2635562
1,17,0.28477883
1,18,0.30626857
1,19,0.32801275
1,20,0.35
1,21,0.3619698
1,22,0.37387836
1,23,0.38572441
1,24,0.39750659
1,25,0.40922349
1,26,0.42087361
1,27,0.4324554
1,28,0.4439672
1,29,0.45540726
1,30,0.46677375
1,31,0.47806469
1,32,0.48927802
1,33,0.50041153
1,34,0.51146285
1,35,0.52242947
1,36,0.53330869
1,37,0.5440976
1,38,0.55479308
1,39,0.56539173
1,40,0.57588989
1,41,0.58628355
1,42,0.59656833
1,43,0.60673942
1,44,0.61679149
1,45,0.62671861
1,46,0.63651417
1,47,0.64617068
1,48,0.65567963
1,49,0.66503125
1,50,0.67421417
1,51,0.68321499
1,52,0.69201763
1,53,0.70060242
1,54,0.70894467
1,55,0.7170123
1,56,0.72476171
1,57,0.73212963
1,58,0.73901439
1,59,0.74521824
1,60,0.75
1,61,0.7575
1,62,0.765
1,63,0.7725
1,64,0.78
1,65,0.7875
1,66,0.795
1,67,0.8025
1,68,0.81
1,69,0.8175
1,70,0.825
1,71,0.8325
1,72,0.84
1,73,0.8475
1,74,0.855
1,75,0.8625
1,76,0.87
1,77,0.8775
1,78,0.885
1,79,0.8925
1,80,0.9
1,81,0.90285714
1,82,0.90571429
1,83,0.90857143
1,84,0.91142857
1,85,0.91428571
1,86,0.91714286
1,87,0.92
1,88,0.92285714
1,89,0.92571429
1,90,0.92857143
1,91,0.93142857
1,92,0.93428571
1,93,0.93714286
1,94,0.94
1,95,0.94285714
1,96,0.94571429
1,97,0.94857143
1,98,0.95142857
1,99,0.95428571
1,100,0.95714286
1,101,0.96
1,102,0.96285714
1,103,0.96571429
1,104,0.96857143
1,105,0.97142857
1,106,0.97428571
1,107,0.97714286
1,108,0.98
1,109,0.98285714
1,110,0.98571429
1,111,0.98857143
1,112,0.99142857
1,113,0.99428571
1,114,0.99714286
1,115,1
1,116,1.00285714
1,117,1.00571429
1,118,1.00857143
1,119,1.01142857
1,120,1.01428571
1,121,1.01714286
1,122,1.02
1,123,1.02285714
1,124,1.02571429
1,125,1.02857143
1,126,1.03142857
1,127,1.03428571
1,128,1.03714286
1,129,1.04
1,130,1.04285714
1,131,1.04571429
1,132,1.04857143
1,133,1.05142857
1,134,1.05428571
1,135,1.05714286
1,136,1.06
1,137,1.06285714
1,138,1.06571429
1,139,1.06857143
1,140,1.07142857
1,141,1.07428571
1,142,1.07714286
1,143,1.08
1,144,1.08285714
1,145,1.08571429
1,146,1.08857143
1,147,1.09142857
1,148,1.09428571
1,149,1.09714286
1,150,1.1
2,0,0
2,1,0
2,2,0.01022266
2,3,0.02348549
2,4,0.03820403
2,5,0.0539555
2,6,0.0705225
2,7,0.08776982
2,8,0.10560424
2,9,0.12395719
2,10,0.14277584
2,11,0.16201817
2,12,0.18164981
2,13,0.2016421
2,14,0.22197075
2,15,0.24261484
2,16,0.2635562
2,17,0.28477883
2,18,0.30626857
2,19,0.32801275
2,20,0.35
2,21,0.3619698
2,22,0.37387836
2,23,0.38572441
2,24,0.39750659
2,25,0.40922349
2,26,0.42087361
2,27,0.4324554
2,28,0.4439672
2,29,0.45540726
2,30,0.46677375
2,31,0.47806469
2,32,0.48927802
2,33,0.50041153
2,34,0.51146285
2,35,0.52242947
2,36,0.53330869
2,37,0.5440976
2,38,0.55479308
2,39,0.56539173
2,40,0.57588989
2,41,0.58628355
2,42,0.59656833
2,43,0.60673942
2,44,0.61679149
2,45,0.62671861
2,46,0.63651417
2,47,0.64617068
2,48,0.65567963
2,49,0.66503125
2,50,0.67421417
2,51,0.68321499
2,52,0.69201763
2,53,0.70060242
2,54,0.70894467
2,55,0.7170123
2,56,0.72476171
2,57,0.73212963
2,58,0.73901439
2,59,0.74521824
2,60,0.75
2,61,0.7575
2,62,0.765
2,63,0.7725
2,64,0.78
2,65,0.7875
2,66,0.795
2,67,0.8025
2,68,0.81
2,69,0.8175
2,70,0.825
2,71,0.8325
2,72,0.84
2,73,0.8475
2,74,0.855
2,75,0.8625
2,76,0.87
2,77,0.8775
2,78,0.885
2,79,0.8925
2,80,0.9
2,81,0.90285714
2,82,0.90571429
2,83,0.90857143
2,84,0.91142857
2,85,0.91428571
2,86,0.91714286
2,87,0.92
2,88,0.92285714
2,89,0.92571429
2,90,0.92857143
2,91,0.93142857
2,92,0.93428571
2,93,0.93714286
2,94,0.94
2,95,0.94285714
2,96,0.94571429
2,97,0.94857143
2,98,0.95142857
2,99,0.95428571
2,100,0.95714286
2,101,0.96
2,102,0.96285714
2,103,0.96571429
2,104,0.96857143
2,105,0.97142857
2,106,0.97428571
2,107,0.97714286
2,108,0.98
2,109,0.98285714
2,110,0.98571429
2,111,0.98857143
2,112,0.99142857
2,113,0.99428571
2,114,0.99714286
2,115,1
2,116,1.00285714
2,117,1.00571429
2,118,1.00857143
2,119,1.01142857
2,120,1.01428571
2,121,1.01714286
2,122,1.02
2,123,1.02285714
2,124,1.02571429
2,125,1.02857143
2,126,1.03142857
2,127,1.03428571
2,128,1.03714286
2,129,1.04
2,130,1.04285714
2,131,1.04571429
2,132,1.04857143
2,133,1.05142857
2,134,1.05428571
2,135,1.05714286
2,136,1.06
2,137,1.06285714
2,138,1.06571429
2,139,1.06857143
2,140,1.07142857
2,141,1.07428571
2,142,1.07714286
2,143,1.08
2,144,1.08285714
2,145,1.08571429
2,146,1.08857143
2,147,1.09142857
2,148,1.09428571
2,149,1.09714286
2,150,1.1
3,0,0
3,1,0
3,2,0.01578947
3,3,0.03157895
3,4,0.04736842
3,5,0.06315789
3,6,0.07894737
3,7,0.09473684
3,8,0.11052632
3,9,0.12631579
3,10,0.14210526
3,11,0.15789474
3,12,0.17368421
3,13,0.18947368
3,14,0.20526316
3,15,0.22105263
3,16,0.23684211
3,17,0.25263158
3,18,0.26842105
3,19,0.28421053
3,20,0.3
3,21,0.332
3,22,0.364
3,23,0.396
3,24,0.428
3,25,0.46
3,26,0.492
3,27,0.524
3,28,0.556
3,29,0.588
3,30,0.62
3,31,0.63
3,32,0.64
3,33,0.65
3,34,0.66
3,35,0.67
3,36,0.68
3,37,0.69
3,38,0.7
3,39,0.71
3,40,0.72
3,41,0.73
3,42,0.74
3,43,0.75
3,44,0.76
3,45,0.77
3,46,0.78
3,47,0.79
3,48,0.8
3,49,0.81
3,50,0.82
3,51,0.82367347
3,52,0.82734694
3,53,0.83102041
3,54,0.83469388
3,55,0.83836735
3,56,0.84204082
3,57,0.84571429
3,58,0.84938776
3,59,0.85306122
3,60,0.85673469
3,61,0.86040816
3,62,0.86408163
3,63,0.8677551
3,64,0.87142857
3,65,0.87510204
3,66,0.87877551
3,67,0.88244898
3,68,0.88612245
3,69,0.88979592
3,70,0.89346939
3,71,0.89714286
3,72,0.90081633
3,73,0.9044898
3,74,0.90816327
3,75,0.91183673
3,76,0.9155102
3,77,0.91918367
3,78,0.92285714
3,79,0.92653061
3,80,0.93020408
3,81,0.93387755
3,82,0.93755102
3,83,0.94122449
3,84,0.94489796
3,85,0.94857143
3,86,0.9522449
3,87,0.95591837
3,88,0.95959184
3,89,0.96326531
3,90,0.96693878
3,91,0.97061224
3,92,0.97428571
3,93,0.97795918
3,94,0.98163265
3,95,0.98530612
3,96,0.98897959
3,97,0.99265306
3,98,0.99632653
3,99,1
3,100,1
3,101,1
3,102,1
3,103,1
3,104,1
3,105,1
3,106,1
3,107,1
3,108,1
3,109,1
3,110,1
3,111,1
3,112,1
3,113,1
3,114,1
3,115,1
3,116,1
3,117,1
3,118,1
3,119,1
3,120,1
3,121,1
3,122,1
3,123,1
3,124,1
3,125,1
3,126,1
3,127,1
3,128,1
3,129,1
3,130,1
3,131,1
3,132,1
3,133,1
3,134,1
3,135,1
3,136,1
3,137,1
3,138,1
3,139,1
3,140,1
3,141,1
3,142,1
3,143,1
3,144,1
3,145,1
3,146,1
3,147,1
3,148,1
4,0,0
4,1,0
4,2,0.02105263
4,3,0.04210526
4,4,0.06315789
4,5,0.08421053
4,6,0.10526316
4,7,0.12631579
4,8,0.14736842
4,9,0.16842105
4,10,0.18947368
4,11,0.21052632
4,12,0.23157895
4,13,0.25263158
4,14,0.27368421
4,15,0.29473684
4,16,0.31578947
4,17,0.33684211
4,18,0.35789474
4,19,0.37894737
4,20,0.4
4,21,0.41333333
4,22,0.42666667
4,23,0.44
4,24,0.45333333
4,25,0.46666667
4,26,0.48
4,27,0.49333333
4,28,0.50666667
4,29,0.52
4,30,0.53333333
4,31,0.54666667
4,32,0.56
4,33,0.57333333
4,34,0.58666667
4,35,0.6
4,36,0.61333333
4,37,0.62666667
4,38,0.64
4,39,0.65333333
4,40,0.66666667
4,41,0.68
4,42,0.69333333
4,43,0.70666667
4,44,0.72
4,45,0.73333333
4,46,0.74666667
4,47,0.76
4,48,0.77333333
4,49,0.78666667
4,50,0.8
4,51,0.805
4,52,0.81
4,53,0.815
4,54,0.82
4,55,0.825
4,56,0.83
4,57,0.835
4,58,0.84
4,59,0.845
4,60,0.85
4,61,0.855
4,62,0.86
4,63,0.865
4,64,0.87
4,65,0.875
4,66,0.88
4,67,0.885
4,68,0.89
4,69,0.895
4,70,0.9
4,71,0.905
4,72,0.91
4,73,0.915
4,74,0.92
4,75,0.925
4,76,0.93
4,77,0.935
4,78,0.94
4,79,0.945
4,80,0.95
4,81,0.95263158
4,82,0.95526316
4,83,0.95789474
4,84,0.96052632
4,85,0.96315789
4,86,0.96578947
4,87,0.96842105
4,88,0.97105263
4,89,0.97368421
4,90,0.97631579
4,91,0.97894737
4,92,0.98157895
4,93,0.98421053
4,94,0.98684211
4,95,0.98947368
4,96,0.99210526
4,97,0.99473684
4,98,0.99736842
4,99,1
4,100,1
4,101,1
4,102,1
4,103,1
4,104,1
4,105,1
4,106,1
4,107,1
4,108,1
4,109,1
4,110,1
4,111,1
4,112,1
4,113,1
4,114,1
4,115,1
4,116,1
4,117,1
4,118,1
4,119,1
4,120,1
4,121,1
4,122,1
4,123,1
4,124,1
4,125,1
4,126,1
4,127,1
4,128,1
4,129,1
4,130,1
4,131,1
4,132,1
4,133,1
4,134,1
4,135,1
4,136,1
4,137,1
4,138,1
4,139,1
4,140,1
4,141,1
4,142,1
4,143,1
4,144,1
4,145,1
4,146,1
4,147,1
4,148,1
5,0,0
5,1,0
5,2,0.03947368
5,3,0.07894737
5,4,0.11842105
5,5,0.15789474
5,6,0.19736842
5,7,0.23684211
5,8,0.27631579
5,9,0.31578947
5,10,0.35526316
5,11,0.39473684
5,12,0.43421053
5,13,0.47368421
5,14,0.51315789
5,15,0.55263158
5,16,0.59210526
5,17,0.63157895
5,18,0.67105263
5,19,0.71052632
5,20,0.75
5,21,0.825
5,22,0.9
5,23,0.975
5,24,1.05
5,25,1.125
5,26,1.2
5,27,1.275
5,28,1.35
5,29,1.425
5,30,1.5
5,31,1.575
5,32,1.65
5,33,1.725
5,34,1.8
5,35,1.875
5,36,1.95
5,37,2.025
5,38,2.1
5,39,2.175
5,40,2.25
5,41,2.26125
5,42,2.2725
5,43,2.28375
5,44,2.295
5,45,2.30625
5,46,2.3175
5,47,2.32875
5,48,2.34
5,49,2.35125
5,50,2.3625
5,51,2.37375
5,52,2.385
5,53,2.39625
5,54,2.4075
5,55,2.41875
5,56,2.43
5,57,2.44125
5,58,2.4525
5,59,2.46375
5,60,2.475
5,61,2.48625
5,62,2.4975
5,63,2.50875
5,64,2.52
5,65,2.53125
5,66,2.5425
5,67,2.55375
5,68,2.565
5,69,2.57625
5,70,2.5875
5,71,2.59875
5,72,2.61
5,73,2.62125
5,74,2.6325
5,75,2.64375
5,76,2.655
5,77,2.66625
5,78,2.6775
5,79,2.68875
5,80,2.7
5,81,2.71578947
5,82,2.73157895
5,83,2.74736842
5,84,2.76315789
5,85,2.77894737
5,86,2.79473684
5,87,2.81052632
5,88,2.82631579
5,89,2.84210526
5,90,2.85789474
5,91,2.87368421
5,92,2.88947368
5,93,2.90526316
5,94,2.92105263
5,95,2.93684211
5,96,2.95263158
5,97,2.96842105
5,98,2.98421053
5,99,3
5,100,3
5,101,3
5,102,3
5,103,3
5,104,3
5,105,3
5,106,3
5,107,3
5,108,3
5,109,3
5,110,3
5,111,3
5,112,3
5,113,3
5,114,3
5,115,3
5,116,3
5,117,3
5,118,3
5,119,3
5,120,3
5,121,3
5,122,3
5,123,3
5,124,3
5,125,3
5,126,3
5,127,3
5,128,3
5,129,3
5,130,3
5,131,3
5,132,3
5,133,3
5,134,3
5,135,3
5,136,3
5,137,3
5,138,3
5,139,3
5,140,3
5,141,3
5,142,3
5,143,3
5,144,3
5,145,3
5,146,3
5,147,3
5,148,3
6,0,0
6,1,0
6,2,0.00416667
6,3,0.00833333
6,4,0.0125
6,5,0.01666667
6,6,0.02083333
6,7,0.025
6,8,0.02916667
6,9,0.03333333
6,10,0.0375
6,11,0.04166667
6,12,0.04583333
6,13,0.05
6,14,0.05416667
6,15,0.05833333
6,16,0.0625
6,17,0.06666667
6,18,0.07083333
6,19,0.075
6,20,0.07916667
6,21,0.08333333
6,22,0.0875
6,23,0.09166667
6,24,0.09583333
6,25,0.1
6,26,0.1325
6,27,0.165
6,28,0.1975
6,29,0.23
6,30,0.2625
6,31,0.295
6,32,0.3275
6,33,0.36
6,34,0.3925
6,35,0.425
6,36,0.4575
6,37,0.49
6,38,0.5225
6,39,0.555
6,40,0.5875
6,41,0.62
6,42,0.6525
6,43,0.685
6,44,0.7175
6,45,0.75
6,46,0.76
6,47,0.77
6,48,0.78
6,49,0.79
6,50,0.8
6,51,0.81
6,52,0.82
6,53,0.83
6,54,0.84
6,55,0.85
6,56,0.86
6,57,0.87
6,58,0.88
6,59,0.89
6,60,0.9
6,61,0.9025641
6,62,0.90512821
6,63,0.90769231
6,64,0.91025641
6,65,0.91282051
6,66,0.91538462
6,67,0.91794872
6,68,0.92051282
6,69,0.92307692
6,70,0.92564103
6,71,0.92820513
6,72,0.93076923
6,73,0.93333333
6,74,0.93589744
6,75,0.93846154
6,76,0.94102564
6,77,0.94358974
6,78,0.94615385
6,79,0.94871795
6,80,0.95128205
6,81,0.95384615
6,82,0.95641026
6,83,0.95897436
6,84,0.96153846
6,85,0.96410256
6,86,0.96666667
6,87,0.96923077
6,88,0.97179487
6,89,0.97435897
6,90,0.97692308
6,91,0.97948718
6,92,0.98205128
6,93,0.98461538
6,94,0.98717949
6,95,0.98974359
6,96,0.99230769
6,97,0.99487179
6,98,0.9974359
6,99,1
6,100,1
6,101,1
6,102,1
6,103,1
6,104,1
6,105,1
6,106,1
6,107,1
6,108,1
6,109,1
6,110,1
6,111,1
6,112,1
6,113,1
6,114,1
6,115,1
6,116,1
6,117,1
6,118,1
6,119,1
6,120,1
6,121,1
6,122,1
6,123,1
6,124,1
6,125,1
6,126,1
6,127,1
6,128,1
6,129,1
6,130,1
6,131,1
6,132,1
6,133,1
6,134,1
6,135,1
6,136,1
6,137,1
6,138,1
6,139,1
6,140,1
6,141,1
6,142,1
6,143,1
6,144,1
6,145,1
6,146,1
6,147,1
6,148,1
7,0,0
7,1,0
7,2,0.01022266
7,3,0.02348549
7,4,0.03820403
7,5,0.0539555
7,6,0.0705225
7,7,0.08776982
7,8,0.10560424
7,9,0.12395719
7,10,0.14277584
7,11,0.16201817
7,12,0.18164981
7,13,0.2016421
7,14,0.22197075
7,15,0.24261484
7,16,0.2635562
7,17,0.28477883
7,18,0.30626857
7,19,0.32801275
7,20,0.35
7,21,0.3619698
7,22,0.37387836
7,23,0.38572441
7,24,0.39750659
7,25,0.40922349
7,26,0.42087361
7,27,0.4324554
7,28,0.4439672
7,29,0.45540726
7,30,0.46677375
7,31,0.47806469
7,32,0.48927802
7,33,0.50041153
7,34,0.51146285
7,35,0.52242947
7,36,0.53330869
7,37,0.5440976
7,38,0.55479308
7,39,0.56539173
7,40,0.57588989
7,41,0.58628355
7,42,0.59656833
7,43,0.60673942
7,44,0.61679149
7,45,0.62671861
7,46,0.63651417
7,47,0.64617068
7,48,0.65567963
7,49,0.66503125
7,50,0.67421417
7,51,0.68321499
7,52,0.69201763
7,53,0.70060242
7,54,0.70894467
7,55,0.7170123
7,56,0.72476171
7,57,0.73212963
7,58,0.73901439
7,59,0.74521824
7,60,0.75
7,61,0.7575
7,62,0.765
7,63,0.7725
7,64,0.78
7,65,0.7875
7,66,0.795
7,67,0.8025
7,68,0.81
7,69,0.8175
7,70,0.825
7,71,0.8325
7,72,0.84
7,73,0.8475
7,74,0.855
7,75,0.8625
7,76,0.87
7,77,0.8775
7,78,0.885
7,79,0.8925
7,80,0.9
7,81,0.90285714
7,82,0.90571429
7,83,0.90857143
7,84,0.91142857
7,85,0.91428571
7,86,0.91714286
7,87,0.92
7,88,0.92285714
7,89,0.92571429
7,90,0.92857143
7,91,0.93142857
7,92,0.93428571
7,93,0.93714286
7,94,0.94
7,95,0.94285714
7,96,0.94571429
7,97,0.94857143
7,98,0.95142857
7,99,0.95428571
7,100,0.95714286
7,101,0.96
7,102,0.96285714
7,103,0.96571429
7,104,0.96857143
7,105,0.97142857
7,106,0.97428571
7,107,0.97714286
7,108,0.98
7,109,0.98285714
7,110,0.98571429
7,111,0.98857143
7,112,0.99142857
7,113,0.99428571
7,114,0.99714286
7,115,1
7,116,1.00285714
7,117,1.00571429
7,118,1.00857143
7,119,1.01142857
7,120,1.01428571
7,121,1.01714286
7,122,1.02
7,123,1.02285714
7,124,1.02571429
7,125,1.02857143
7,126,1.03142857
7,127,1.03428571
7,128,1.03714286
7,129,1.04
7,130,1.04285714
7,131,1.04571429
7,132,1.04857143
7,133,1.05142857
7,134,1.05428571
7,135,1.05714286
7,136,1.06
7,137,1.06285714
7,138,1.06571429
7,139,1.06857143
7,140,1.07142857
7,141,1.07428571
7,142,1.07714286
7,143,1.08
7,144,1.08285714
7,145,1.08571429
7,146,1.08857143
7,147,1.09142857
7,148,1.09428571
7,149,1.09714286
7,150,1.1
8,0,0
8,1,0
8,2,0.00969685
8,3,0.0222775
8,4,0.03623898
8,5,0.05118026
8,6,0.06689513
8,7,0.08325532
8,8,0.10017242
8,9,0.11758136
8,10,0.13543207
8,11,0.15368465
8,12,0.17230652
8,13,0.1912705
8,14,0.21055353
8,15,0.23013578
8,16,0.25
8,17,0.26425148
8,18,0.27843361
8,19,0.29254499
8,20,0.30658419
8,21,0.32054969
8,22,0.33443989
8,23,0.34825312
8,24,0.36198764
8,25,0.3756416
8,26,0.38921304
8,27,0.40269992
8,28,0.41610004
8,29,0.42941112
8,30,0.4426307
8,31,0.45575616
8,32,0.46878475
8,33,0.48171347
8,34,0.49453915
8,35,0.50725837
8,36,0.51986744
8,37,0.53236236
8,38,0.54473881
8,39,0.55699206
8,40,0.56911695
8,41,0.58110781
8,42,0.59295836
8,43,0.6046616
8,44,0.61620974
8,45,0.62759395
8,46,0.63880421
8,47,0.64982898
8,48,0.66065488
8,49,0.67126608
8,50,0.68164365
8,51,0.69176441
8,52,0.70159922
8,53,0.71111028
8,54,0.72024617
8,55,0.72893234
8,56,0.73704889
8,57,0.7443627
8,58,0.75
8,59,0.75681818
8,60,0.76363636
8,61,0.77045455
8,62,0.77727273
8,63,0.78409091
8,64,0.79090909
8,65,0.79772727
8,66,0.80454545
8,67,0.81136364
8,68,0.81818182
8,69,0.825
8,70,0.83181818
8,71,0.83863636
8,72,0.84545455
8,73,0.85227273
8,74,0.85909091
8,75,0.86590909
8,76,0.87272727
8,77,0.87954545
8,78,0.88636364
8,79,0.89318182
8,80,0.9
8,81,0.90285714
8,82,0.90571429
8,83,0.90857143
8,84,0.91142857
8,85,0.91428571
8,86,0.91714286
8,87,0.92
8,88,0.92285714
8,89,0.92571429
8,90,0.92857143
8,91,0.93142857
8,92,0.93428571
8,93,0.93714286
8,94,0.94
8,95,0.94285714
8,96,0.94571429
8,97,0.94857143
8,98,0.95142857
8,99,0.95428571
8,100,0.95714286
8,101,0.96
8,102,0.96285714
8,103,0.96571429
8,104,0.96857143
8,105,0.97142857
8,106,0.97428571
8,107,0.97714286
8,108,0.98
8,109,0.98285714
8,110,0.98571429
8,111,0.98857143
8,112,0.99142857
8,113,0.99428571
8,114,0.99714286
8,115,1
8,116,1.00285714
8,117,1.00571429
8,118,1.00857143
8,119,1.01142857
8,120,1.01428571
8,121,1.01714286
8,122,1.02
8,123,1.02285714
8,124,1.02571429
8,125,1.02857143
8,126,1.03142857
8,127,1.03428571
8,128,1.03714286
8,129,1.04
8,130,1.04285714
8,131,1.04571429
8,132,1.04857143
8,133,1.05142857
8,134,1.05428571
8,135,1.05714286
8,136,1.06
8,137,1.06285714
8,138,1.06571429
8,139,1.06857143
8,140,1.07142857
8,141,1.07428571
8,142,1.07714286
8,143,1.08
8,144,1.08285714
8,145,1.08571429
8,146,1.08857143
8,147,1.09142857
8,148,1.09428571
8,149,1.09714286
8,150,1.1
9,0,0
9,1,0
9,2,0.00584152
9,3,0.01342028
9,4,0.02183088
9,5,0.03083171
9,6,0.04029857
9,7,0.05015418
9,8,0.06034528
9,9,0.07083268
9,10,0.0815862
9,11,0.09258181
9,12,0.10379989
9,13,0.11522406
9,14,0.12684043
9,15,0.13863705
9,16,0.15060354
9,17,0.16273076
9,18,0.17501061
9,19,0.18743586
9,20,0.2
9,21,0.2179547
9,22,0.23581754
9,23,0.25358661
9,24,0.27125988
9,25,0.28883523
9,26,0.30631042
9,27,0.3236831
9,28,0.3409508
9,29,0.3581109
9,30,0.37516062
9,31,0.39209704
9,32,0.40891704
9,33,0.4256173
9,34,0.44219428
9,35,0.45864421
9,36,0.47496304
9,37,0.4911464
9,38,0.50718961
9,39,0.52308759
9,40,0.53883483
9,41,0.55442532
9,42,0.5698525
9,43,0.58510913
9,44,0.60018723
9,45,0.61507792
9,46,0.62977125
9,47,0.64425601
9,48,0.65851944
9,49,0.67254688
9,50,0.68632126
9,51,0.69982248
9,52,0.71302644
9,53,0.72590363
9,54,0.73841701
9,55,0.75051845
9,56,0.76214256
9,57,0.77319445
9,58,0.78352159
9,59,0.79282736
9,60,0.8
9,61,0.8075
9,62,0.815
9,63,0.8225
9,64,0.83
9,65,0.8375
9,66,0.845
9,67,0.8525
9,68,0.86
9,69,0.8675
9,70,0.875
9,71,0.8825
9,72,0.89
9,73,0.8975
9,74,0.905
9,75,0.9125
9,76,0.92
9,77,0.9275
9,78,0.935
9,79,0.9425
9,80,0.95
9,81,0.95263158
9,82,0.95526316
9,83,0.95789474
9,84,0.96052632
9,85,0.96315789
9,86,0.96578947
9,87,0.96842105
9,88,0.97105263
9,89,0.97368421
9,90,0.97631579
9,91,0.97894737
9,92,0.98157895
9,93,0.98421053
9,94,0.98684211
9,95,0.98947368
9,96,0.99210526
9,97,0.99473684
9,98,0.99736842
9,99,1
9,100,1
9,101,1
9,102,1
9,103,1
9,104,1
9,105,1
9,106,1
9,107,1
9,108,1
9,109,1
9,110,1
9,111,1
9,112,1
9,113,1
9,114,1
9,115,1
9,116,1
9,117,1
9,118,1
9,119,1
9,120,1
9,121,1
9,122,1
9,123,1
9,124,1
9,125,1
9,126,1
9,127,1
9,128,1
9,129,1
9,130,1
9,131,1
9,132,1
9,133,1
9,134,1
9,135,1
9,136,1
9,137,1
9,138,1
9,139,1
9,140,1
9,141,1
9,142,1
9,143,1
9,144,1
9,145,1
9,146,1
9,147,1
9,148,1
10,0,0
10,1,0
10,2,0.00714286
10,3,0.01428571
10,4,0.02142857
10,5,0.02857143
10,6,0.03571429
10,7,0.04285714
10,8,0.05
10,9,0.05714286
10,10,0.06428571
10,11,0.07142857
10,12,0.07857143
10,13,0.08571429
10,14,0.09285714
10,15,0.1
10,16,0.12666667
10,17,0.15333333
10,18,0.18
10,19,0.20666667
10,20,0.23333333
10,21,0.26
10,22,0.28666667
10,23,0.31333333
10,24,0.34
10,25,0.36666667
10,26,0.39333333
10,27,0.42
10,28,0.44666667
10,29,0.47333333
10,30,0.5
10,31,0.505
10,32,0.51
10,33,0.515
10,34,0.52
10,35,0.525
10,36,0.53
10,37,0.535
10,38,0.54
10,39,0.545
10,40,0.55
10,41,0.555
10,42,0.56
10,43,0.565
10,44,0.57
10,45,0.575
10,46,0.58
10,47,0.585
10,48,0.59
10,49,0.595
10,50,0.6
10,51,0.60204082
10,52,0.60408163
10,53,0.60612245
10,54,0.60816327
10,55,0.61020408
10,56,0.6122449
10,57,0.61428571
10,58,0.61632653
10,59,0.61836735
10,60,0.62040816
10,61,0.62244898
10,62,0.6244898
10,63,0.62653061
10,64,0.62857143
10,65,0.63061224
10,66,0.63265306
10,67,0.63469388
10,68,0.63673469
10,69,0.63877551
10,70,0.64081633
10,71,0.64285714
10,72,0.64489796
10,73,0.64693878
10,74,0.64897959
10,75,0.65102041
10,76,0.65306122
10,77,0.65510204
10,78,0.65714286
10,79,0.65918367
10,80,0.66122449
10,81,0.66326531
10,82,0.66530612
10,83,0.66734694
10,84,0.66938776
10,85,0.67142857
10,86,0.67346939
10,87,0.6755102
10,88,0.67755102
10,89,0.67959184
10,90,0.68163265
10,91,0.68367347
10,92,0.68571429
10,93,0.6877551
10,94,0.68979592
10,95,0.69183673
10,96,0.69387755
10,97,0.69591837
10,98,0.69795918
10,99,0.7
10,100,0.7
10,101,0.7
10,102,0.7
10,103,0.7
10,104,0.7
10,105,0.7
10,106,0.7
10,107,0.7
10,108,0.7
10,109,0.7
10,110,0.7
10,111,0.7
10,112,0.7
10,113,0.7
10,114,0.7
10,115,0.7
10,116,0.7
10,117,0.7
10,118,0.7
10,119,0.7
10,120,0.7
10,121,0.7
10,122,0.7
10,123,0.7
10,124,0.7
10,125,0.7
10,126,0.7
10,127,0.7
10,128,0.7
10,129,0.7
10,130,0.7
10,131,0.7
10,132,0.7
10,133,0.7
10,134,0.7
10,135,0.7
10,136,0.7
10,137,0.7
10,138,0.7
10,139,0.7
10,140,0.7
10,141,0.7
10,142,0.7
10,143,0.7
10,144,0.7
10,145,0.7
10,146,0.7
10,147,0.7
10,148,0.7
11,0,0
11,1,0
11,2,0.0025
11,3,0.005
11,4,0.0075
11,5,0.01
11,6,0.0125
11,7,0.015
11,8,0.0175
11,9,0.02
11,10,0.0225
11,11,0.025
11,12,0.0275
11,13,0.03
11,14,0.0325
11,15,0.035
11,16,0.0375
11,17,0.04
11,18,0.0425
11,19,0.045
11,20,0.0475
11,21,0.05
11,22,0.0525
11,23,0.055
11,24,0.0575
11,25,0.06
11,26,0.0645
11,27,0.069
11,28,0.0735
11,29,0.078
11,30,0.0825
11,31,0.087
11,32,0.0915
11,33,0.096
11,34,0.1005
11,35,0.105
11,36,0.1095
11,37,0.114
11,38,0.1185
11,39,0.123
11,40,0.1275
11,41,0.132
11,42,0.1365
11,43,0.141
11,44,0.1455
11,45,0.15
11,46,0.152
11,47,0.154
11,48,0.156
11,49,0.158
11,50,0.16
11,51,0.162
11,52,0.164
11,53,0.166
11,54,0.168
11,55,0.17
11,56,0.172
11,57,0.174
11,58,0.176
11,59,0.178
11,60,0.18
11,61,0.18051282
11,62,0.18102564
11,63,0.18153846
11,64,0.18205128
11,65,0.1825641
11,66,0.18307692
11,67,0.18358974
11,68,0.18410256
11,69,0.18461538
11,70,0.18512821
11,71,0.18564103
11,72,0.18615385
11,73,0.18666667
11,74,0.18717949
11,75,0.18769231
11,76,0.18820513
11,77,0.18871795
11,78,0.18923077
11,79,0.18974359
11,80,0.19025641
11,81,0.19076923
11,82,0.19128205
11,83,0.19179487
11,84,0.19230769
11,85,0.19282051
11,86,0.19333333
11,87,0.19384615
11,88,0.19435897
11,89,0.19487179
11,90,0.19538462
11,91,0.19589744
11,92,0.19641026
11,93,0.19692308
11,94,0.1974359
11,95,0.19794872
11,96,0.19846154
11,97,0.19897436
11,98,0.19948718
11,99,0.2
11,100,0.2
11,101,0.2
11,102,0.2
11,103,0.2
11,104,0.2
11,105,0.2
11,106,0.2
11,107,0.2
11,108,0.2
11,109,0.2
11,110,0.2
11,111,0.2
11,112,0.2
11,113,0.2
11,114,0.2
11,115,0.2
11,116,0.2
11,117,0.2
11,118,0.2
11,119,0.2
11,120,0.2
11,121,0.2
11,122,0.2
11,123,0.2
11,124,0.2
11,125,0.2
11,126,0.2
11,127,0.2
11,128,0.2
11,129,0.2
11,130,0.2
11,131,0.2
11,132,0.2
11,133,0.2
11,134,0.2
11,135,0.2
11,136,0.2
11,137,0.2
11,138,0.2
11,139,0.2
11,140,0.2
11,141,0.2
11,142,0.2
11,143,0.2
11,144,0.2
11,145,0.2
11,146,0.2
11,147,0.2
11,148,0.2
12,0,0
12,1,0
12,2,0.00714286
12,3,0.01428571
12,4,0.02142857
12,5,0.02857143
12,6,0.03571429
12,7,0.04285714
12,8,0.05
12,9,0.05714286
12,10,0.06428571
12,11,0.07142857
12,12,0.07857143
12,13,0.08571429
12,14,0.09285714
12,15,0.1
12,16,0.13
12,17,0.16
12,18,0.19
12,19,0.22
12,20,0.25
12,21,0.28
12,22,0.31
12,23,0.34
12,24,0.37
12,25,0.4
12,26,0.43
12,27,0.46
12,28,0.49
12,29,0.52
12,30,0.55
12,31,0.56538462
12,32,0.58076923
12,33,0.59615385
12,34,0.61153846
12,35,0.62692308
12,36,0.64230769
12,37,0.65769231
12,38,0.67307692
12,39,0.68846154
12,40,0.70384615
12,41,0.71923077
12,42,0.73461538
12,43,0.75
12,44,0.75446429
12,45,0.75892857
12,46,0.76339286
12,47,0.76785714
12,48,0.77232143
12,49,0.77678571
12,50,0.78125
12,51,0.78571429
12,52,0.79017857
12,53,0.79464286
12,54,0.79910714
12,55,0.80357143
12,56,0.80803571
12,57,0.8125
12,58,0.81696429
12,59,0.82142857
12,60,0.82589286
12,61,0.83035714
12,62,0.83482143
12,63,0.83928571
12,64,0.84375
12,65,0.84821429
12,66,0.85267857
12,67,0.85714286
12,68,0.86160714
12,69,0.86607143
12,70,0.87053571
12,71,0.875
12,72,0.87946429
12,73,0.88392857
12,74,0.88839286
12,75,0.89285714
12,76,0.89732143
12,77,0.90178571
12,78,0.90625
12,79,0.91071429
12,80,0.91517857
12,81,0.91964286
12,82,0.92410714
12,83,0.92857143
12,84,0.93303571
12,85,0.9375
12,86,0.94196429
12,87,0.94642857
12,88,0.95089286
12,89,0.95535714
12,90,0.95982143
12,91,0.96428571
12,92,0.96875
12,93,0.97321429
12,94,0.97767857
12,95,0.98214286
12,96,0.98660714
12,97,0.99107143
12,98,0.99553571
12,99,1
12,100,1
12,101,1
12,102,1
12,103,1
12,104,1
12,105,1
12,106,1
12,107,1
12,108,1
12,109,1
12,110,1
12,111,1
12,112,1
12,113,1
12,114,1
12,115,1
12,116,1
12,117,1
12,118,1
12,119,1
12,120,1
12,121,1
12,122,1
12,123,1
12,124,1
12,125,1
12,126,1
12,127,1
12,128,1
12,129,1
12,130,1
12,131,1
12,132,1
12,133,1
12,134,1
12,135,1
12,136,1
12,137,1
12,138,1
12,139,1
12,140,1
12,141,1
12,142,1
12,143,1
12,144,1
12,145,1
12,146,1
12,147,1
12,148,1
13,0,0
13,1,0
13,2,0
13,3,0
13,4,0
13,5,0
13,6,0
13,7,0
13,8,0
13,9,0
13,10,0
13,11,0
13,12,0
13,13,0
13,14,0
13,15,0
13,16,0
13,17,0
13,18,0
13,19,0
13,20,0
13,21,0
13,22,0
13,23,0
13,24,0
13,25,0
13,26,0.07
13,27,0.14
13,28,0.21
13,29,0.28
13,30,0.35
13,31,0.361
13,32,0.372
13,33,0.383
13,34,0.394
13,35,0.405
13,36,0.416
13,37,0.427
13,38,0.438
13,39,0.449
13,40,0.46
13,41,0.471
13,42,0.482
13,43,0.493
13,44,0.504
13,45,0.515
13,46,0.526
13,47,0.537
13,48,0.548
13,49,0.559
13,50,0.57
13,51,0.581
13,52,0.592
13,53,0.603
13,54,0.614
13,55,0.625
13,56,0.636
13,57,0.647
13,58,0.658
13,59,0.669
13,60,0.68
13,61,0.691
13,62,0.702
13,63,0.713
13,64,0.724
13,65,0.735
13,66,0.746
13,67,0.757
13,68,0.768
13,69,0.779
13,70,0.79
13,71,0.801
13,72,0.812
13,73,0.823
13,74,0.834
13,75,0.845
13,76,0.856
13,77,0.867
13,78,0.878
13,79,0.889
13,80,0.9
13,81,0.90526316
13,82,0.91052632
13,83,0.91578947
13,84,0.92105263
13,85,0.92631579
13,86,0.93157895
13,87,0.93684211
13,88,0.94210526
13,89,0.94736842
13,90,0.95263158
13,91,0.95789474
13,92,0.96315789
13,93,0.96842105
13,94,0.97368421
13,95,0.97894737
13,96,0.98421053
13,97,0.98947368
13,98,0.99473684
13,99,1
13,100,1
13,101,1
13,102,1
13,103,1
13,104,1
13,105,1
13,106,1
13,107,1
13,108,1
13,109,1
13,110,1
13,111,1
13,112,1
13,113,1
13,114,1
13,115,1
13,116,1
13,117,1
13,118,1
13,119,1
13,120,1
13,121,1
13,122,1
13,123,1
13,124,1
13,125,1
13,126,1
13,127,1
13,128,1
13,129,1
13,130,1
13,131,1
13,132,1
13,133,1
13,134,1
13,135,1
13,136,1
13,137,1
13,138,1
13,139,1
13,140,1
13,141,1
13,142,1
13,143,1
13,144,1
13,145,1
13,146,1
13,147,1
13,148,1
14,0,0
14,1,0
14,2,0.02105263
14,3,0.04210526
14,4,0.06315789
14,5,0.08421053
14,6,0.10526316
14,7,0.12631579
14,8,0.14736842
14,9,0.16842105
14,10,0.18947368
14,11,0.21052632
14,12,0.23157895
14,13,0.25263158
14,14,0.27368421
14,15,0.29473684
14,16,0.31578947
14,17,0.33684211
14,18,0.35789474
14,19,0.37894737
14,20,0.4
14,21,0.41
14,22,0.42
14,23,0.43
14,24,0.44
14,25,0.45
14,26,0.46
14,27,0.47
14,28,0.48
14,29,0.49
14,30,0.5
14,31,0.51
14,32,0.52
14,33,0.53
14,34,0.54
14,35,0.55
14,36,0.56
14,37,0.57
14,38,0.58
14,39,0.59
14,40,0.6
14,41,0.60625
14,42,0.6125
14,43,0.61875
14,44,0.625
14,45,0.63125
14,46,0.6375
14,47,0.64375
14,48,0.65
14,49,0.65625
14,50,0.6625
14,51,0.66875
14,52,0.675
14,53,0.68125
14,54,0.6875
14,55,0.69375
14,56,0.7
14,57,0.70625
14,58,0.7125
14,59,0.71875
14,60,0.725
14,61,0.73125
14,62,0.7375
14,63,0.74375
14,64,0.75
14,65,0.75625
14,66,0.7625
14,67,0.76875
14,68,0.775
14,69,0.78125
14,70,0.7875
14,71,0.79375
14,72,0.8
14,73,0.80625
14,74,0.8125
14,75,0.81875
14,76,0.825
14,77,0.83125
14,78,0.8375
14,79,0.84375
14,80,0.85
14,81,0.85789474
14,82,0.86578947
14,83,0.87368421
14,84,0.88157895
14,85,0.88947368
14,86,0.89736842
14,87,0.90526316
14,88,0.91315789
14,89,0.92105263
14,90,0.92894737
14,91,0.93684211
14,92,0.94473684
14,93,0.95263158
14,94,0.96052632
14,95,0.96842105
14,96,0.97631579
14,97,0.98421053
14,98,0.99210526
14,99,1
14,100,1
14,101,1
14,102,1
14,103,1
14,104,1
14,105,1
14,106,1
14,107,1
14,108,1
14,109,1
14,110,1
14,111,1
14,112,1
14,113,1
14,114,1
14,115,1
14,116,1
14,117,1
14,118,1
14,119,1
14,120,1
14,121,1
14,122,1
14,123,1
14,124,1
14,125,1
14,126,1
14,127,1
14,128,1
14,129,1
14,130,1
14,131,1
14,132,1
14,133,1
14,134,1
14,135,1
14,136,1
14,137,1
14,138,1
14,139,1
14,140,1
14,141,1
14,142,1
14,143,1
14,144,1
14,145,1
14,146,1
14,147,1
14,148,1
15,0,0
15,1,0
15,2,0.01041667
15,3,0.02083333
15,4,0.03125
15,5,0.04166667
15,6,0.05208333
15,7,0.0625
15,8,0.07291667
15,9,0.08333333
15,10,0.09375
15,11,0.10416667
15,12,0.11458333
15,13,0.125
15,14,0.13541667
15,15,0.14583333
15,16,0.15625
15,17,0.16666667
15,18,0.17708333
15,19,0.1875
15,20,0.19791667
15,21,0.20833333
15,22,0.21875
15,23,0.22916667
15,24,0.23958333
15,25,0.25
15,26,0.26142857
15,27,0.27285714
15,28,0.28428571
15,29,0.29571429
15,30,0.30714286
15,31,0.31857143
15,32,0.33
15,33,0.34142857
15,34,0.35285714
15,35,0.36428571
15,36,0.37571429
15,37,0.38714286
15,38,0.39857143
15,39,0.41
15,40,0.42142857
15,41,0.43285714
15,42,0.44428571
15,43,0.45571429
15,44,0.46714286
15,45,0.47857143
15,46,0.49
15,47,0.50142857
15,48,0.51285714
15,49,0.52428571
15,50,0.53571429
15,51,0.54714286
15,52,0.55857143
15,53,0.57
15,54,0.58142857
15,55,0.59285714
15,56,0.60428571
15,57,0.61571429
15,58,0.62714286
15,59,0.63857143
15,60,0.65
15,61,0.665
15,62,0.68
15,63,0.695
15,64,0.71
15,65,0.725
15,66,0.74
15,67,0.755
15,68,0.77
15,69,0.785
15,70,0.8
15,71,0.815
15,72,0.83
15,73,0.845
15,74,0.86
15,75,0.875
15,76,0.89
15,77,0.905
15,78,0.92
15,79,0.935
15,80,0.95
15,81,0.95263158
15,82,0.95526316
15,83,0.95789474
15,84,0.96052632
15,85,0.96315789
15,86,0.96578947
15,87,0.96842105
15,88,0.97105263
15,89,0.97368421
15,90,0.97631579
15,91,0.97894737
15,92,0.98157895
15,93,0.98421053
15,94,0.98684211
15,95,0.98947368
15,96,0.99210526
15,97,0.99473684
15,98,0.99736842
15,99,1
15,100,1
15,101,1
15,102,1
15,103,1
15,104,1
15,105,1
15,106,1
15,107,1
15,108,1
15,109,1
15,110,1
15,111,1
15,112,1
15,113,1
15,114,1
15,115,1
15,116,1
15,117,1
15,118,1
15,119,1
15,120,1
15,121,1
15,122,1
15,123,1
15,124,1
15,125,1
15,126,1
15,127,1
15,128,1
15,129,1
15,130,1
15,131,1
15,132,1
15,133,1
15,134,1
15,135,1
15,136,1
15,137,1
15,138,1
15,139,1
15,140,1
15,141,1
15,142,1
15,143,1
15,144,1
15,145,1
15,146,1
15,147,1
15,148,1
16,0,0
16,1,0
16,2,0.01176471
16,3,0.02352941
16,4,0.03529412
16,5,0.04705882
16,6,0.05882353
16,7,0.07058824
16,8,0.08235294
16,9,0.09411765
16,10,0.10588235
16,11,0.11764706
16,12,0.12941176
16,13,0.14117647
16,14,0.15294118
16,15,0.16470588
16,16,0.17647059
16,17,0.18823529
16,18,0.2
16,19,0.21309524
16,20,0.22619048
16,21,0.23928571
16,22,0.25238095
16,23,0.26547619
16,24,0.27857143
16,25,0.29166667
16,26,0.3047619
16,27,0.31785714
16,28,0.33095238
16,29,0.34404762
16,30,0.35714286
16,31,0.3702381
16,32,0.38333333
16,33,0.39642857
16,34,0.40952381
16,35,0.42261905
16,36,0.43571429
16,37,0.44880952
16,38,0.46190476
16,39,0.475
16,40,0.48809524
16,41,0.50119048
16,42,0.51428571
16,43,0.52738095
16,44,0.54047619
16,45,0.55357143
16,46,0.56666667
16,47,0.5797619
16,48,0.59285714
16,49,0.60595238
16,50,0.61904762
16,51,0.63214286
16,52,0.6452381
16,53,0.65833333
16,54,0.67142857
16,55,0.68452381
16,56,0.69761905
16,57,0.71071429
16,58,0.72380952
16,59,0.73690476
16,60,0.75
16,61,0.7575
16,62,0.765
16,63,0.7725
16,64,0.78
16,65,0.7875
16,66,0.795
16,67,0.8025
16,68,0.81
16,69,0.8175
16,70,0.825
16,71,0.8325
16,72,0.84
16,73,0.8475
16,74,0.855
16,75,0.8625
16,76,0.87
16,77,0.8775
16,78,0.885
16,79,0.8925
16,80,0.9
16,81,0.90526316
16,82,0.91052632
16,83,0.91578947
16,84,0.92105263
16,85,0.92631579
16,86,0.93157895
16,87,0.93684211
16,88,0.94210526
16,89,0.94736842
16,90,0.95263158
16,91,0.95789474
16,92,0.96315789
16,93,0.96842105
16,94,0.97368421
16,95,0.97894737
16,96,0.98421053
16,97,0.98947368
16,98,0.99473684
16,99,1
16,100,1
16,101,1
16,102,1
16,103,1
16,104,1
16,105,1
16,106,1
16,107,1
16,108,1
16,109,1
16,110,1
16,111,1
16,112,1
16,113,1
16,114,1
16,115,1
16,116,1
16,117,1
16,118,1
16,119,1
16,120,1
16,121,1
16,122,1
16,123,1
16,124,1
16,125,1
16,126,1
16,127,1
16,128,1
16,129,1
16,130,1
16,131,1
16,132,1
16,133,1
16,134,1
16,135,1
16,136,1
16,137,1
16,138,1
16,139,1
16,140,1
16,141,1
16,142,1
16,143,1
16,144,1
16,145,1
16,146,1
16,147,1
16,148,1
50,0,0
50,1,0
50,2,0
50,3,0
50,4,0
50,5,0
50,6,0
50,7,0
50,8,0
50,9,0
50,10,0
50,11,0
50,12,0
50,13,0
50,14,0
50,15,0
50,16,0
50,17,0
50,18,0
50,19,0
50,20,0
50,21,0
50,22,0
50,23,0
50,24,0
50,25,0
50,26,0
50,27,0
50,28,0
50,29,0
50,30,0
50,31,0
50,32,0
50,33,0
50,34,0
50,35,0
50,36,0
50,37,0
50,38,0
50,39,0
50,40,0
50,41,0
50,42,0
50,43,0
50,44,0
50,45,0
50,46,0
50,47,0
50,48,0
50,49,0
50,50,0
50,51,0
50,52,0
50,53,0
50,54,0
50,55,0
50,56,0
50,57,0
50,58,0
50,59,0
50,60,0
50,61,0
50,62,0
50,63,0
50,64,0
50,65,0
50,66,0
50,67,0
50,68,0
50,69,0
50,70,0
50,71,0
50,72,0
50,73,0
50,74,0
50,75,0
50,76,0
50,77,0
50,78,0
50,79,0
50,80,0
50,81,0
50,82,0
50,83,0
50,84,0
50,85,0
50,86,0
50,87,0
50,88,0
50,89,0
50,90,0
50,91,0
50,92,0
50,93,0
50,94,0
50,95,0
50,96,0
50,97,0
50,98,0
50,99,0
50,100,0
50,101,0
50,102,0
50,103,0
50,104,0
50,105,0
50,106,0
50,107,0
50,108,0
50,109,0
50,110,0
50,111,0
50,112,0
50,113,0
50,114,0
50,115,0
50,116,0
50,117,0
50,118,0
50,119,0
50,120,0
50,121,0
50,122,0
50,123,0
50,124,0
50,125,0
50,126,0
50,127,0
50,128,0
50,129,0
50,130,0
50,131,0
50,132,0
50,133,0
50,134,0
50,135,0
50,136,0
50,137,0
50,138,0
50,139,0
50,140,0
50,141,0
50,142,0
50,143,0
50,144,0
50,145,0
50,146,0
50,147,0
50,148,0
51,0,0
51,1,0.01
51,2,0.01
51,3,0.01
51,4,0.01
51,5,0.01
51,6,0.01
51,7,0.01
51,8,0.01
51,9,0.01
51,10,0.01
51,11,0.01
51,12,0.01
51,13,0.01
51,14,0.01
51,15,0.01
51,16,0.01
51,17,0.01
51,18,0.01
51,19,0.01
51,20,0.01
51,21,0.01
51,22,0.01
51,23,0.01
51,24,0.01
51,25,0.01
51,26,0.01
51,27,0.01
51,28,0.01
51,29,0.01
51,30,0.01
51,31,0.01
51,32,0.01
51,33,0.01
51,34,0.01
51,35,0.01
51,36,0.01
51,37,0.01
51,38,0.01
51,39,0.01
51,40,0.01
51,41,0.01
51,42,0.01
51,43,0.01
51,44,0.01
51,45,0.01
51,46,0.01
51,47,0.01
51,48,0.01
51,49,0.01
51,50,0.01
51,51,0.01
51,52,0.01
51,53,0.01
51,54,0.01
51,55,0.01
51,56,0.01
51,57,0.01
51,58,0.01
51,59,0.01
51,60,0.01
51,61,0.01
51,62,0.01
51,63,0.01
51,64,0.01
51,65,0.01
51,66,0.01
51,67,0.01
51,68,0.01
51,69,0.01
51,70,0.01
51,71,0.01
51,72,0.01
51,73,0.01
51,74,0.01
51,75,0.01
51,76,0.01
51,77,0.01
51,78,0.01
51,79,0.01
51,80,0.01
51,81,0.01
51,82,0.01
51,83,0.01
51,84,0.01
51,85,0.01
51,86,0.01
51,87,0.01
51,88,0.01
51,89,0.01
51,90,0.01
51,91,0.01
51,92,0.01
51,93,0.01
51,94,0.01
51,95,0.01
51,96,0.01
51,97,0.01
51,98,0.01
51,99,0.01
51,100,0.01
51,101,0.01
51,102,0.01
51,103,0.01
51,104,0.01
51,105,0.01
51,106,0.01
51,107,0.01
51,108,0.01
51,109,0.01
51,110,0.01
51,111,0.01
51,112,0.01
51,113,0.01
51,114,0.01
51,115,0.01
51,116,0.01
51,117,0.01
51,118,0.01
51,119,0.01
51,120,0.01
51,121,0.01
51,122,0.01
51,123,0.01
51,124,0.01
51,125,0.01
51,126,0.01
51,127,0.01
51,128,0.01
51,129,0.01
51,130,0.01
51,131,0.01
51,132,0.01
51,133,0.01
51,134,0.01
51,135,0.01
51,136,0.01
51,137,0.01
51,138,0.01
51,139,0.01
51,140,0.01
51,141,0.01
51,142,0.01
51,143,0.01
51,144,0.01
51,145,0.01
51,146,0.01
51,147,0.01
51,148,0.01
100,0,0
100,1,3
100,2,3.04252586
100,3,3.12028131
100,4,3.22097087
100,5,3.34020691
100,6,3.47545361
100,7,3.625
100,8,3.78759002
100,9,3.96225045
100,10,4.14819832
100,11,4.34478588
100,12,4.55146567
100,13,4.76776695
100,14,4.99327936
100,15,5.22764096
100,16,5.47052942
100,17,5.72165527
100,18,5.98075667
100,19,6.24759526
100,20,6.5219529
100,21,6.80362887
100,22,7.09243777
100,23,7.38820758
100,24,7.69077817
100,25,8
100,26,8.33053159
100,27,8.70850997
100,28,9.1067419
100,29,9.51872437
100,30,9.94124333
100,31,10.3723532
100,32,10.81074092
100,33,11.25545696
100,34,11.70578084
100,35,12.16114617
100,36,12.6210953
100,37,13.0852504
100,38,13.55329391
100,39,14.02495505
100,40,14.5
100,41,14.76863158
100,42,15.03444913
100,43,15.29732815
100,44,15.557131
100,45,15.81370465
100,46,16.06687777
100,47,16.3164571
100,48,16.56222278
100,49,16.8039221
100,50,17.04126123
100,51,17.27389373
100,52,17.50140423
100,53,17.72328439
100,54,17.93889583
100,55,18.14740943
100,56,18.3476983
100,57,18.53812759
100,58,18.71606919
100,59,18.87641194
100,60,19
100,61,19.06137958
100,62,19.12243692
100,63,19.18316508
100,64,19.24355676
100,65,19.30360428
100,66,19.36329958
100,67,19.42263412
100,68,19.48159893
100,69,19.54018449
100,70,19.59838071
100,71,19.65617689
100,72,19.71356163
100,73,19.77052278
100,74,19.82704736
100,75,19.88312143
100,76,19.93873004
100,77,19.99385706
100,78,20.04848504
100,79,20.10259505
100,80,20.15616645
100,81,20.20917667
100,82,20.26160088
100,83,20.31341162
100,84,20.36457839
100,85,20.41506702
100,86,20.46483896
100,87,20.51385037
100,88,20.56205085
100,89,20.60938181
100,90,20.65577415
100,91,20.70114505
100,92,20.74539313
100,93,20.78839108
100,94,20.82997356
100,95,20.86991583
100,96,20.90789187
100,97,20.94337758
100,98,20.97535366
100,99,21
100,100,21
100,101,21
100,102,21
100,103,21
100,104,21
100,105,21
100,106,21
100,107,21
100,108,21
100,109,21
100,110,21
100,111,21
100,112,21
100,113,21
100,114,21
100,115,21
100,116,21
100,117,21
100,118,21
100,119,21
100,120,21
100,121,21
100,122,21
100,123,21
100,124,21
100,125,21
100,126,21
100,127,21
100,128,21
100,129,21
100,130,21
100,131,21
100,132,21
100,133,21
100,134,21
100,135,21
100,136,21
100,137,21
100,138,21
100,139,21
100,140,21
100,141,21
100,142,21
100,143,21
100,144,21
100,145,21
100,146,21
100,147,21
100,148,21
101,0,0
101,1,0.5
101,2,0.53214286
101,3,0.56428571
101,4,0.59642857
101,5,0.62857143
101,6,0.66071429
101,7,0.69285714
101,8,0.725
101,9,0.75714286
101,10,0.78928571
101,11,0.82142857
101,12,0.85357143
101,13,0.88571429
101,14,0.91785714
101,15,0.95
101,16,1.0025
101,17,1.055
101,18,1.1075
101,19,1.16
101,20,1.2125
101,21,1.265
101,22,1.3175
101,23,1.37
101,24,1.4225
101,25,1.475
101,26,1.5275
101,27,1.58
101,28,1.6325
101,29,1.685
101,30,1.7375
101,31,1.79
101,32,1.8425
101,33,1.895
101,34,1.9475
101,35,2
101,36,2.07170887
101,37,2.1428225
101,38,2.21332025
101,39,2.28317982
101,40,2.352377
101,41,2.4208854
101,42,2.48867614
101,43,2.55571747
101,44,2.6219743
101,45,2.68740759
101,46,2.75197366
101,47,2.81562321
101,48,2.87830018
101,49,2.93994011
101,50,3.00046808
101,51,3.05979572
101,52,3.11781712
101,53,3.17440262
101,54,3.22938943
101,55,3.2825661
101,56,3.33364524
101,57,3.38220991
101,58,3.42758988
101,59,3.46848167
101,60,3.5
101,61,3.52564103
101,62,3.55128205
101,63,3.57692308
101,64,3.6025641
101,65,3.62820513
101,66,3.65384615
101,67,3.67948718
101,68,3.70512821
101,69,3.73076923
101,70,3.75641026
101,71,3.78205128
101,72,3.80769231
101,73,3.83333333
101,74,3.85897436
101,75,3.88461538
101,76,3.91025641
101,77,3.93589744
101,78,3.96153846
101,79,3.98717949
101,80,4.01282051
101,81,4.03846154
101,82,4.06410256
101,83,4.08974359
101,84,4.11538462
101,85,4.14102564
101,86,4.16666667
101,87,4.19230769
101,88,4.21794872
101,89,4.24358974
101,90,4.26923077
101,91,4.29487179
101,92,4.32051282
101,93,4.34615385
101,94,4.37179487
101,95,4.3974359
101,96,4.42307692
101,97,4.44871795
101,98,4.47435897
101,99,4.5
101,100,4.5
101,101,4.5
101,102,4.5
101,103,4.5
101,104,4.5
101,105,4.5
101,106,4.5
101,107,4.5
101,108,4.5
101,109,4.5
101,110,4.5
101,111,4.5
101,112,4.5
101,113,4.5
101,114,4.5
101,115,4.5
101,116,4.5
101,117,4.5
101,118,4.5
101,119,4.5
101,120,4.5
101,121,4.5
101,122,4.5
101,123,4.5
101,124,4.5
101,125,4.5
101,126,4.5
101,127,4.5
101,128,4.5
101,129,4.5
101,130,4.5
101,131,4.5
101,132,4.5
101,133,4.5
101,134,4.5
101,135,4.5
101,136,4.5
101,137,4.5
101,138,4.5
101,139,4.5
101,140,4.5
101,141,4.5
101,142,4.5
101,143,4.5
101,144,4.5
101,145,4.5
101,146,4.5
101,147,4.5
101,148,4.5
102,0,0
102,1,0.4
102,2,0.40402685
102,3,0.40805369
102,4,0.41208054
102,5,0.41610738
102,6,0.42013423
102,7,0.42416107
102,8,0.42818792
102,9,0.43221477
102,10,0.43624161
102,11,0.44026846
102,12,0.4442953
102,13,0.44832215
102,14,0.45234899
102,15,0.45637584
102,16,0.46040268
102,17,0.46442953
102,18,0.46845638
102,19,0.47248322
102,20,0.47651007
102,21,0.48053691
102,22,0.48456376
102,23,0.4885906
102,24,0.49261745
102,25,0.4966443
102,26,0.50067114
102,27,0.50469799
102,28,0.50872483
102,29,0.51275168
102,30,0.51677852
102,31,0.52080537
102,32,0.52483221
102,33,0.52885906
102,34,0.53288591
102,35,0.53691275
102,36,0.5409396
102,37,0.54496644
102,38,0.54899329
102,39,0.55302013
102,40,0.55704698
102,41,0.56107383
102,42,0.56510067
102,43,0.56912752
102,44,0.57315436
102,45,0.57718121
102,46,0.58120805
102,47,0.5852349
102,48,0.58926174
102,49,0.59328859
102,50,0.59731544
102,51,0.60134228
102,52,0.60536913
102,53,0.60939597
102,54,0.61342282
102,55,0.61744966
102,56,0.62147651
102,57,0.62550336
102,58,0.6295302
102,59,0.63355705
102,60,0.63758389
102,61,0.64161074
102,62,0.64563758
102,63,0.64966443
102,64,0.65369128
102,65,0.65771812
102,66,0.66174497
102,67,0.66577181
102,68,0.66979866
102,69,0.6738255
102,70,0.67785235
102,71,0.68187919
102,72,0.68590604
102,73,0.68993289
102,74,0.69395973
102,75,0.69798658
102,76,0.70201342
102,77,0.70604027
102,78,0.71006711
102,79,0.71409396
102,80,0.71812081
102,81,0.72214765
102,82,0.7261745
102,83,0.73020134
102,84,0.73422819
102,85,0.73825503
102,86,0.74228188
102,87,0.74630872
102,88,0.75033557
102,89,0.75436242
102,90,0.75838926
102,91,0.76241611
102,92,0.76644295
102,93,0.7704698
102,94,0.77449664
102,95,0.77852349
102,96,0.78255034
102,97,0.78657718
102,98,0.79060403
102,99,0.79463087
102,100,0.79865772
102,101,0.80268456
102,102,0.80671141
102,103,0.81073826
102,104,0.8147651
102,105,0.81879195
102,106,0.82281879
102,107,0.82684564
102,108,0.83087248
102,109,0.83489933
102,110,0.83892617
102,111,0.84295302
102,112,0.84697987
102,113,0.85100671
102,114,0.85503356
102,115,0.8590604
102,116,0.86308725
102,117,0.86711409
102,118,0.87114094
102,119,0.87516779
102,120,0.87919463
102,121,0.88322148
102,122,0.88724832
102,123,0.89127517
102,124,0.89530201
102,125,0.89932886
102,126,0.9033557
102,127,0.90738255
102,128,0.9114094
102,129,0.91543624
102,130,0.91946309
102,131,0.92348993
102,132,0.92751678
102,133,0.93154362
102,134,0.93557047
102,135,0.93959732
102,136,0.94362416
102,137,0.94765101
102,138,0.95167785
102,139,0.9557047
102,140,0.95973154
102,141,0.96375839
102,142,0.96778523
102,143,0.97181208
102,144,0.97583893
102,145,0.97986577
102,146,0.98389262
102,147,0.98791946
102,148,0.99194631
102,149,0.99597315
102,150,1
102,151,1.01
102,152,1.02
102,153,1.03
102,154,1.04
102,155,1.05
102,156,1.06
102,157,1.07
102,158,1.08
102,159,1.09
102,160,1.1
102,161,1.11
102,162,1.12
102,163,1.13
102,164,1.14
102,165,1.15
102,166,1.16
102,167,1.17
102,168,1.18
102,169,1.19
102,170,1.2
102,171,1.20214286
102,172,1.20428571
102,173,1.20642857
102,174,1.20857143
102,175,1.21071429
102,176,1.21285714
102,177,1.215
102,178,1.21714286
102,179,1.21928571
102,180,1.22142857
102,181,1.22357143
102,182,1.22571429
102,183,1.22785714
102,184,1.23
102,185,1.23214286
102,186,1.23428571
102,187,1.23642857
102,188,1.23857143
102,189,1.24071429
102,190,1.24285714
102,191,1.245
102,192,1.24714286
102,193,1.24928571
102,194,1.25142857
102,195,1.25357143
102,196,1.25571429
102,197,1.25785714
102,198,1.26
102,199,1.26214286
102,200,1.26428571
102,201,1.26642857
102,202,1.26857143
102,203,1.27071429
102,204,1.27285714
102,205,1.275
102,206,1.27714286
102,207,1.27928571
102,208,1.28142857
102,209,1.28357143
102,210,1.28571429
102,211,1.28785714
102,212,1.29
102,213,1.29214286
102,214,1.29428571
102,215,1.29642857
102,216,1.29857143
102,217,1.30071429
102,218,1.30285714
102,219,1.305
102,220,1.30714286
102,221,1.30928571
102,222,1.31142857
102,223,1.31357143
102,224,1.31571429
102,225,1.31785714
102,226,1.32
102,227,1.32214286
102,228,1.32428571
102,229,1.32642857
102,230,1.32857143
102,231,1.33071429
102,232,1.33285714
102,233,1.335
102,234,1.33714286
102,235,1.33928571
102,236,1.34142857
102,237,1.34357143
102,238,1.34571429
102,239,1.34785714
102,240,1.35
102,241,1.35036232
102,242,1.35072464
102,243,1.35108696
102,244,1.35144928
102,245,1.35181159
102,246,1.35217391
102,247,1.35253623
102,248,1.35289855
102,249,1.35326087
102,250,1.35362319
102,251,1.35398551
102,252,1.35434783
102,253,1.35471014
102,254,1.35507246
102,255,1.35543478
102,256,1.3557971
102,257,1.35615942
102,258,1.35652174
102,259,1.35688406
102,260,1.35724638
102,261,1.3576087
102,262,1.35797101
102,263,1.35833333
102,264,1.35869565
102,265,1.35905797
102,266,1.35942029
102,267,1.35978261
102,268,1.36014493
102,269,1.36050725
102,270,1.36086957
102,271,1.36123188
102,272,1.3615942
102,273,1.36195652
102,274,1.36231884
102,275,1.36268116
102,276,1.36304348
102,277,1.3634058
102,278,1.36376812
102,279,1.36413043
102,280,1.36449275
102,281,1.36485507
102,282,1.36521739
102,283,1.36557971
102,284,1.36594203
102,285,1.36630435
102,286,1.36666667
102,287,1.36702899
102,288,1.3673913
102,289,1.36775362
102,290,1.36811594
102,291,1.36847826
102,292,1.36884058
102,293,1.3692029
102,294,1.36956522
102,295,1.36992754
102,296,1.37028986
102,297,1.37065217
102,298,1.37101449
102,299,1.37137681
102,300,1.37173913
102,301,1.37210145
102,302,1.37246377
102,303,1.37282609
102,304,1.37318841
102,305,1.37355072
102,306,1.37391304
102,307,1.37427536
102,308,1.37463768
102,309,1.375
102,310,1.37536232
102,311,1.37572464
102,312,1.37608696
102,313,1.37644928
102,314,1.37681159
102,315,1.37717391
102,316,1.37753623
102,317,1.37789855
102,318,1.37826087
102,319,1.37862319
102,320,1.37898551
102,321,1.37934783
102,322,1.37971014
102,323,1.38007246
102,324,1.38043478
102,325,1.3807971
102,326,1.38115942
102,327,1.38152174
102,328,1.38188406
102,329,1.38224638
102,330,1.3826087
102,331,1.38297101
102,332,1.38333333
102,333,1.38369565
102,334,1.38405797
102,335,1.38442029
102,336,1.38478261
102,337,1.38514493
102,338,1.38550725
102,339,1.38586957
102,340,1.38623188
102,341,1.3865942
102,342,1.38695652
102,343,1.38731884
102,344,1.38768116
102,345,1.38804348
102,346,1.3884058
102,347,1.38876812
102,348,1.38913043
102,349,1.38949275
102,350,1.38985507
102,351,1.39021739
102,352,1.39057971
102,353,1.39094203
102,354,1.39130435
102,355,1.39166667
102,356,1.39202899
102,357,1.3923913
102,358,1.39275362
102,359,1.39311594
102,360,1.39347826
102,361,1.39384058
102,362,1.3942029
102,363,1.39456522
102,364,1.39492754
102,365,1.39528986
102,366,1.39565217
102,367,1.39601449
102,368,1.39637681
102,369,1.39673913
102,370,1.39710145
102,371,1.39746377
102,372,1.39782609
102,373,1.39818841
102,374,1.39855072
102,375,1.39891304
102,376,1.39927536
102,377,1.39963768
102,378,1.4
102,379,1.40036232
102,380,1.40072464
102,381,1.40108696
102,382,1.40144928
102,383,1.40181159
102,384,1.40217391
102,385,1.40253623
102,386,1.40289855
102,387,1.40326087
102,388,1.40362319
102,389,1.40398551
102,390,1.40434783
102,391,1.40471014
102,392,1.40507246
102,393,1.40543478
102,394,1.4057971
102,395,1.40615942
102,396,1.40652174
102,397,1.40688406
102,398,1.40724638
102,399,1.4076087
102,400,1.40797101
102,401,1.40833333
102,402,1.40869565
102,403,1.40905797
102,404,1.40942029
102,405,1.40978261
102,406,1.41014493
102,407,1.41050725
102,408,1.41086957
102,409,1.41123188
102,410,1.4115942
102,411,1.41195652
102,412,1.41231884
102,413,1.41268116
102,414,1.41304348
102,415,1.4134058
102,416,1.41376812
102,417,1.41413043
102,418,1.41449275
102,419,1.41485507
102,420,1.41521739
102,421,1.41557971
102,422,1.41594203
102,423,1.41630435
102,424,1.41666667
102,425,1.41702899
102,426,1.4173913
102,427,1.41775362
102,428,1.41811594
102,429,1.41847826
102,430,1.41884058
102,431,1.4192029
102,432,1.41956522
102,433,1.41992754
102,434,1.42028986
102,435,1.42065217
102,436,1.42101449
102,437,1.42137681
102,438,1.42173913
102,439,1.42210145
102,440,1.42246377
102,441,1.42282609
102,442,1.42318841
102,443,1.42355072
102,444,1.42391304
102,445,1.42427536
102,446,1.42463768
102,447,1.425
102,448,1.42536232
102,449,1.42572464
102,450,1.42608696
102,451,1.42644928
102,452,1.42681159
102,453,1.42717391
102,454,1.42753623
102,455,1.42789855
102,456,1.42826087
102,457,1.42862319
102,458,1.42898551
102,459,1.42934783
102,460,1.42971014
102,461,1.43007246
102,462,1.43043478
102,463,1.4307971
102,464,1.43115942
102,465,1.43152174
102,466,1.43188406
102,467,1.43224638
102,468,1.4326087
102,469,1.43297101
102,470,1.43333333
102,471,1.43369565
102,472,1.43405797
102,473,1.43442029
102,474,1.43478261
102,475,1.43514493
102,476,1.43550725
102,477,1.43586957
102,478,1.43623188
102,479,1.4365942
102,480,1.43695652
102,481,1.43731884
102,482,1.43768116
102,483,1.43804348
102,484,1.4384058
102,485,1.43876812
102,486,1.43913043
102,487,1.43949275
102,488,1.43985507
102,489,1.44021739
102,490,1.44057971
102,491,1.44094203
102,492,1.44130435
102,493,1.44166667
102,494,1.44202899
102,495,1.4423913
102,496,1.44275362
102,497,1.44311594
102,498,1.44347826
102,499,1.44384058
102,500,1.4442029
102,501,1.44456522
102,502,1.44492754
102,503,1.44528986
102,504,1.44565217
102,505,1.44601449
102,506,1.44637681
102,507,1.44673913
102,508,1.44710145
102,509,1.44746377
102,510,1.44782609
102,511,1.44818841
102,512,1.44855072
102,513,1.44891304
102,514,1.44927536
102,515,1.44963768
102,516,1.45
102,517,1.45036232
102,518,1.45072464
102,519,1.45108696
102,520,1.45144928
102,521,1.45181159
102,522,1.45217391
102,523,1.45253623
102,524,1.45289855
102,525,1.45326087
102,526,1.45362319
102,527,1.45398551
102,528,1.45434783
102,529,1.45471014
102,530,1.45507246
102,531,1.45543478
102,532,1.4557971
102,533,1.45615942
102,534,1.45652174
102,535,1.45688406
102,536,1.45724638
102,537,1.4576087
102,538,1.45797101
102,539,1.45833333
102,540,1.45869565
102,541,1.45905797
102,542,1.45942029
102,543,1.45978261
102,544,1.46014493
102,545,1.46050725
102,546,1.46086957
102,547,1.46123188
102,548,1.4615942
102,549,1.46195652
102,550,1.46231884
102,551,1.46268116
102,552,1.46304348
102,553,1.4634058
102,554,1.46376812
102,555,1.46413043
102,556,1.46449275
102,557,1.46485507
102,558,1.46521739
102,559,1.46557971
102,560,1.46594203
102,561,1.46630435
102,562,1.46666667
102,563,1.46702899
102,564,1.4673913
102,565,1.46775362
102,566,1.46811594
102,567,1.46847826
102,568,1.46884058
102,569,1.4692029
102,570,1.46956522
102,571,1.46992754
102,572,1.47028986
102,573,1.47065217
102,574,1.47101449
102,575,1.47137681
102,576,1.47173913
102,577,1.47210145
102,578,1.47246377
102,579,1.47282609
102,580,1.47318841
102,581,1.47355072
102,582,1.47391304
102,583,1.47427536
102,584,1.47463768
102,585,1.475
102,586,1.47536232
102,587,1.47572464
102,588,1.47608696
102,589,1.47644928
102,590,1.47681159
102,591,1.47717391
102,592,1.47753623
102,593,1.47789855
102,594,1.47826087
102,595,1.47862319
102,596,1.47898551
102,597,1.47934783
102,598,1.47971014
102,599,1.48007246
102,600,1.48043478
102,601,1.4807971
102,602,1.48115942
102,603,1.48152174
102,604,1.48188406
102,605,1.48224638
102,606,1.4826087
102,607,1.48297101
102,608,1.48333333
102,609,1.48369565
102,610,1.48405797
102,611,1.48442029
102,612,1.48478261
102,613,1.48514493
102,614,1.48550725
102,615,1.48586957
102,616,1.48623188
102,617,1.4865942
102,618,1.48695652
102,619,1.48731884
102,620,1.48768116
102,621,1.48804348
102,622,1.4884058
102,623,1.48876812
102,624,1.48913043
102,625,1.48949275
102,626,1.48985507
102,627,1.49021739
102,628,1.49057971
102,629,1.49094203
102,630,1.49130435
102,631,1.49166667
102,632,1.49202899
102,633,1.4923913
102,634,1.49275362
102,635,1.49311594
102,636,1.49347826
102,637,1.49384058
102,638,1.4942029
102,639,1.49456522
102,640,1.49492754
102,641,1.49528986
102,642,1.49565217
102,643,1.49601449
102,644,1.49637681
102,645,1.49673913
102,646,1.49710145
102,647,1.49746377
102,648,1.49782609
102,649,1.49818841
102,650,1.49855072
102,651,1.49891304
102,652,1.49927536
102,653,1.49963768
102,654,1.5
102,655,1.50036232
102,656,1.50072464
102,657,1.50108696
102,658,1.50144928
102,659,1.50181159
102,660,1.50217391
102,661,1.50253623
102,662,1.50289855
102,663,1.50326087
102,664,1.50362319
102,665,1.50398551
102,666,1.50434783
102,667,1.50471014
102,668,1.50507246
102,669,1.50543478
102,670,1.5057971
102,671,1.50615942
102,672,1.50652174
102,673,1.50688406
102,674,1.50724638
102,675,1.5076087
102,676,1.50797101
102,677,1.50833333
102,678,1.50869565
102,679,1.50905797
102,680,1.50942029
102,681,1.50978261
102,682,1.51014493
102,683,1.51050725
102,684,1.51086957
102,685,1.51123188
102,686,1.5115942
102,687,1.51195652
102,688,1.51231884
102,689,1.51268116
102,690,1.51304348
102,691,1.5134058
102,692,1.51376812
102,693,1.51413043
102,694,1.51449275
102,695,1.51485507
102,696,1.51521739
102,697,1.51557971
102,698,1.51594203
102,699,1.51630435
102,700,1.51666667
102,701,1.51702899
102,702,1.5173913
102,703,1.51775362
102,704,1.51811594
102,705,1.51847826
102,706,1.51884058
102,707,1.5192029
102,708,1.51956522
102,709,1.51992754
102,710,1.52028986
102,711,1.52065217
102,712,1.52101449
102,713,1.52137681
102,714,1.52173913
102,715,1.52210145
102,716,1.52246377
102,717,1.52282609
102,718,1.52318841
102,719,1.52355072
102,720,1.52391304
102,721,1.52427536
102,722,1.52463768
102,723,1.525
102,724,1.52536232
102,725,1.52572464
102,726,1.52608696
102,727,1.52644928
102,728,1.52681159
102,729,1.52717391
102,730,1.52753623
102,731,1.52789855
102,732,1.52826087
102,733,1.52862319
102,734,1.52898551
102,735,1.52934783
102,736,1.52971014
102,737,1.53007246
102,738,1.53043478
102,739,1.5307971
102,740,1.53115942
102,741,1.53152174
102,742,1.53188406
102,743,1.53224638
102,744,1.5326087
102,745,1.53297101
102,746,1.53333333
102,747,1.53369565
102,748,1.53405797
102,749,1.53442029
102,750,1.53478261
102,751,1.53514493
102,752,1.53550725
102,753,1.53586957
102,754,1.53623188
102,755,1.5365942
102,756,1.53695652
102,757,1.53731884
102,758,1.53768116
102,759,1.53804348
102,760,1.5384058
102,761,1.53876812
102,762,1.53913043
102,763,1.53949275
102,764,1.53985507
102,765,1.54021739
102,766,1.54057971
102,767,1.54094203
102,768,1.54130435
102,769,1.54166667
102,770,1.54202899
102,771,1.5423913
102,772,1.54275362
102,773,1.54311594
102,774,1.54347826
102,775,1.54384058
102,776,1.5442029
102,777,1.54456522
102,778,1.54492754
102,779,1.54528986
102,780,1.54565217
102,781,1.54601449
102,782,1.54637681
102,783,1.54673913
102,784,1.54710145
102,785,1.54746377
102,786,1.54782609
102,787,1.54818841
102,788,1.54855072
102,789,1.54891304
102,790,1.54927536
102,791,1.54963768
102,792,1.55
103,0,0
103,1,0
103,2,0
103,3,0
103,4,0
103,5,0
103,6,0
103,7,0
103,8,0
103,9,0
103,10,0
103,11,0
103,12,0
103,13,0
103,14,0
103,15,0
103,16,0
103,17,0
103,18,0
103,19,0
103,20,0
103,21,0
103,22,0
103,23,0
103,24,0
103,25,0
103,26,0
103,27,0
103,28,0
103,29,0
103,30,0
103,31,0
103,32,0
103,33,0
103,34,0
103,35,0
103,36,0
103,37,0
103,38,0
103,39,0
103,40,0
103,41,0
103,42,0
103,43,0
103,44,0
103,45,0
103,46,0
103,47,0
103,48,0
103,49,0
103,50,0
103,51,0
103,52,0
103,53,0
103,54,0
103,55,0
103,56,0
103,57,0
103,58,0
103,59,0
103,60,0
103,61,0
103,62,0
103,63,0
103,64,0
103,65,0
103,66,0
103,67,0
103,68,0
103,69,0
103,70,0
103,71,0
103,72,0
103,73,0
103,74,0
103,75,0
103,76,0
103,77,0
103,78,0
103,79,0
103,80,0
103,81,0
103,82,0
103,83,0
103,84,0
103,85,0
103,86,0
103,87,0
103,88,0
103,89,0
103,90,0
103,91,0
103,92,0
103,93,0
103,94,0
103,95,0
103,96,0
103,97,0
103,98,0
103,99,0
103,100,0
103,101,0
103,102,0
103,103,0
103,104,0
103,105,0
103,106,0
103,107,0
103,108,0
103,109,0
103,110,0
103,111,0
103,112,0
103,113,0
103,114,0
103,115,0
103,116,0
103,117,0
103,118,0
103,119,0
103,120,0
103,121,0
103,122,0
103,123,0
103,124,0
103,125,0
103,126,0
103,127,0
103,128,0
103,129,0
103,130,0
103,131,0
103,132,0
103,133,0
103,134,0
103,135,0
103,136,0
103,137,0
103,138,0
103,139,0
103,140,0
103,141,0
103,142,0
103,143,0
103,144,0
103,145,0
103,146,0
103,147,0
103,148,0
104,0,0
104,1,0.8
104,2,0.81785714
104,3,0.83571429
104,4,0.85357143
104,5,0.87142857
104,6,0.88928571
104,7,0.90714286
104,8,0.925
104,9,0.94285714
104,10,0.96071429
104,11,0.97857143
104,12,0.99642857
104,13,1.01428571
104,14,1.03214286
104,15,1.05
104,16,1.06666667
104,17,1.08333333
104,18,1.1
104,19,1.11666667
104,20,1.13333333
104,21,1.15
104,22,1.16666667
104,23,1.18333333
104,24,1.2
104,25,1.21666667
104,26,1.23333333
104,27,1.25
104,28,1.26666667
104,29,1.28333333
104,30,1.3
104,31,1.3125
104,32,1.325
104,33,1.3375
104,34,1.35
104,35,1.3625
104,36,1.375
104,37,1.3875
104,38,1.4
104,39,1.4125
104,40,1.425
104,41,1.4375
104,42,1.45
104,43,1.4625
104,44,1.475
104,45,1.4875
104,46,1.5
104,47,1.5125
104,48,1.525
104,49,1.5375
104,50,1.55
104,51,1.55306122
104,52,1.55612245
104,53,1.55918367
104,54,1.5622449
104,55,1.56530612
104,56,1.56836735
104,57,1.57142857
104,58,1.5744898
104,59,1.57755102
104,60,1.58061224
104,61,1.58367347
104,62,1.58673469
104,63,1.58979592
104,64,1.59285714
104,65,1.59591837
104,66,1.59897959
104,67,1.60204082
104,68,1.60510204
104,69,1.60816327
104,70,1.61122449
104,71,1.61428571
104,72,1.61734694
104,73,1.62040816
104,74,1.62346939
104,75,1.62653061
104,76,1.62959184
104,77,1.63265306
104,78,1.63571429
104,79,1.63877551
104,80,1.64183673
104,81,1.64489796
104,82,1.64795918
104,83,1.65102041
104,84,1.65408163
104,85,1.65714286
104,86,1.66020408
104,87,1.66326531
104,88,1.66632653
104,89,1.66938776
104,90,1.67244898
104,91,1.6755102
104,92,1.67857143
104,93,1.68163265
104,94,1.68469388
104,95,1.6877551
104,96,1.69081633
104,97,1.69387755
104,98,1.69693878
104,99,1.7
104,100,1.7
104,101,1.7
104,102,1.7
104,103,1.7
104,104,1.7
104,105,1.7
104,106,1.7
104,107,1.7
104,108,1.7
104,109,1.7
104,110,1.7
104,111,1.7
104,112,1.7
104,113,1.7
104,114,1.7
104,115,1.7
104,116,1.7
104,117,1.7
104,118,1.7
104,119,1.7
104,120,1.7
104,121,1.7
104,122,1.7
104,123,1.7
104,124,1.7
104,125,1.7
104,126,1.7
104,127,1.7
104,128,1.7
104,129,1.7
104,130,1.7
104,131,1.7
104,132,1.7
104,133,1.7
104,134,1.7
104,135,1.7
104,136,1.7
104,137,1.7
104,138,1.7
104,139,1.7
104,140,1.7
104,141,1.7
104,142,1.7
104,143,1.7
104,144,1.7
104,145,1.7
104,146,1.7
104,147,1.7
104,148,1.7
110,0,0
110,1,0.75
110,2,0.75201342
110,3,0.75402685
110,4,0.75604027
110,5,0.75805369
110,6,0.76006711
110,7,0.76208054
110,8,0.76409396
110,9,0.76610738
110,10,0.76812081
110,11,0.77013423
110,12,0.77214765
110,13,0.77416107
110,14,0.7761745
110,15,0.77818792
110,16,0.78020134
110,17,0.78221477
110,18,0.78422819
110,19,0.78624161
110,20,0.78825503
110,21,0.79026846
110,22,0.79228188
110,23,0.7942953
110,24,0.79630872
110,25,0.79832215
110,26,0.80033557
110,27,0.80234899
110,28,0.80436242
110,29,0.80637584
110,30,0.80838926
110,31,0.81040268
110,32,0.81241611
110,33,0.81442953
110,34,0.81644295
110,35,0.81845638
110,36,0.8204698
110,37,0.82248322
110,38,0.82449664
110,39,0.82651007
110,40,0.82852349
110,41,0.83053691
110,42,0.83255034
110,43,0.83456376
110,44,0.83657718
110,45,0.8385906
110,46,0.84060403
110,47,0.84261745
110,48,0.84463087
110,49,0.8466443
110,50,0.84865772
110,51,0.85067114
110,52,0.85268456
110,53,0.85469799
110,54,0.85671141
110,55,0.85872483
110,56,0.86073826
110,57,0.86275168
110,58,0.8647651
110,59,0.86677852
110,60,0.86879195
110,61,0.87080537
110,62,0.87281879
110,63,0.87483221
110,64,0.87684564
110,65,0.87885906
110,66,0.88087248
110,67,0.88288591
110,68,0.88489933
110,69,0.88691275
110,70,0.88892617
110,71,0.8909396
110,72,0.89295302
110,73,0.89496644
110,74,0.89697987
110,75,0.89899329
110,76,0.90100671
110,77,0.90302013
110,78,0.90503356
110,79,0.90704698
110,80,0.9090604
110,81,0.91107383
110,82,0.91308725
110,83,0.91510067
110,84,0.91711409
110,85,0.91912752
110,86,0.92114094
110,87,0.92315436
110,88,0.92516779
110,89,0.92718121
110,90,0.92919463
110,91,0.93120805
110,92,0.93322148
110,93,0.9352349
110,94,0.93724832
110,95,0.93926174
110,96,0.94127517
110,97,0.94328859
110,98,0.94530201
110,99,0.94731544
110,100,0.94932886
110,101,0.95134228
110,102,0.9533557
110,103,0.95536913
110,104,0.95738255
110,105,0.95939597
110,106,0.9614094
110,107,0.96342282
110,108,0.96543624
110,109,0.96744966
110,110,0.96946309
110,111,0.97147651
110,112,0.97348993
110,113,0.97550336
110,114,0.97751678
110,115,0.9795302
110,116,0.98154362
110,117,0.98355705
110,118,0.98557047
110,119,0.98758389
110,120,0.98959732
110,121,0.99161074
110,122,0.99362416
110,123,0.99563758
110,124,0.99765101
110,125,0.99966443
110,126,1.00167785
110,127,1.00369128
110,128,1.0057047
110,129,1.00771812
110,130,1.00973154
110,131,1.01174497
110,132,1.01375839
110,133,1.01577181
110,134,1.01778523
110,135,1.01979866
110,136,1.02181208
110,137,1.0238255
110,138,1.02583893
110,139,1.02785235
110,140,1.02986577
110,141,1.03187919
110,142,1.03389262
110,143,1.03590604
110,144,1.03791946
110,145,1.03993289
110,146,1.04194631
110,147,1.04395973
110,148,1.04597315
110,149,1.04798658
110,150,1.05
110,151,1.06
110,152,1.07
110,153,1.08
110,154,1.09
110,155,1.1
110,156,1.11
110,157,1.12
110,158,1.13
110,159,1.14
110,160,1.15
110,161,1.16
110,162,1.17
110,163,1.18
110,164,1.19
110,165,1.2
110,166,1.21
110,167,1.22
110,168,1.23
110,169,1.24
110,170,1.25
110,171,1.26
110,172,1.27
110,173,1.28
110,174,1.29
110,175,1.3
110,176,1.31
110,177,1.32
110,178,1.33
110,179,1.34
110,180,1.35
110,181,1.36
110,182,1.37
110,183,1.38
110,184,1.39
110,185,1.4
110,186,1.41
110,187,1.42
110,188,1.43
110,189,1.44
110,190,1.45
110,191,1.453
110,192,1.456
110,193,1.459
110,194,1.462
110,195,1.465
110,196,1.468
110,197,1.471
110,198,1.474
110,199,1.477
110,200,1.48
110,201,1.483
110,202,1.486
110,203,1.489
110,204,1.492
110,205,1.495
110,206,1.498
110,207,1.501
110,208,1.504
110,209,1.507
110,210,1.51
110,211,1.513
110,212,1.516
110,213,1.519
110,214,1.522
110,215,1.525
110,216,1.528
110,217,1.531
110,218,1.534
110,219,1.537
110,220,1.54
110,221,1.543
110,222,1.546
110,223,1.549
110,224,1.552
110,225,1.555
110,226,1.558
110,227,1.561
110,228,1.564
110,229,1.567
110,230,1.57
110,231,1.573
110,232,1.576
110,233,1.579
110,234,1.582
110,235,1.585
110,236,1.588
110,237,1.591
110,238,1.594
110,239,1.597
110,240,1.6
110,241,1.60036232
110,242,1.60072464
110,243,1.60108696
110,244,1.60144928
110,245,1.60181159
110,246,1.60217391
110,247,1.60253623
110,248,1.60289855
110,249,1.60326087
110,250,1.60362319
110,251,1.60398551
110,252,1.60434783
110,253,1.60471014
110,254,1.60507246
110,255,1.60543478
110,256,1.6057971
110,257,1.60615942
110,258,1.60652174
110,259,1.60688406
110,260,1.60724638
110,261,1.6076087
110,262,1.60797101
110,263,1.60833333
110,264,1.60869565
110,265,1.60905797
110,266,1.60942029
110,267,1.60978261
110,268,1.61014493
110,269,1.61050725
110,270,1.61086957
110,271,1.61123188
110,272,1.6115942
110,273,1.61195652
110,274,1.61231884
110,275,1.61268116
110,276,1.61304348
110,277,1.6134058
110,278,1.61376812
110,279,1.61413043
110,280,1.61449275
110,281,1.61485507
110,282,1.61521739
110,283,1.61557971
110,284,1.61594203
110,285,1.61630435
110,286,1.61666667
110,287,1.61702899
110,288,1.6173913
110,289,1.61775362
110,290,1.61811594
110,291,1.61847826
110,292,1.61884058
110,293,1.6192029
110,294,1.61956522
110,295,1.61992754
110,296,1.62028986
110,297,1.62065217
110,298,1.62101449
110,299,1.62137681
110,300,1.62173913
110,301,1.62210145
110,302,1.62246377
110,303,1.62282609
110,304,1.62318841
110,305,1.62355072
110,306,1.62391304
110,307,1.62427536
110,308,1.62463768
110,309,1.625
110,310,1.62536232
110,311,1.62572464
110,312,1.62608696
110,313,1.62644928
110,314,1.62681159
110,315,1.62717391
110,316,1.62753623
110,317,1.62789855
110,318,1.62826087
110,319,1.62862319
110,320,1.62898551
110,321,1.62934783
110,322,1.62971014
110,323,1.63007246
110,324,1.63043478
110,325,1.6307971
110,326,1.63115942
110,327,1.63152174
110,328,1.63188406
110,329,1.63224638
110,330,1.6326087
110,331,1.63297101
110,332,1.63333333
110,333,1.63369565
110,334,1.63405797
110,335,1.63442029
110,336,1.63478261
110,337,1.63514493
110,338,1.63550725
110,339,1.63586957
110,340,1.63623188
110,341,1.6365942
110,342,1.63695652
110,343,1.63731884
110,344,1.63768116
110,345,1.63804348
110,346,1.6384058
110,347,1.63876812
110,348,1.63913043
110,349,1.63949275
110,350,1.63985507
110,351,1.64021739
110,352,1.64057971
110,353,1.64094203
110,354,1.64130435
110,355,1.64166667
110,356,1.64202899
110,357,1.6423913
110,358,1.64275362
110,359,1.64311594
110,360,1.64347826
110,361,1.64384058
110,362,1.6442029
110,363,1.64456522
110,364,1.64492754
110,365,1.64528986
110,366,1.64565217
110,367,1.64601449
110,368,1.64637681
110,369,1.64673913
110,370,1.64710145
110,371,1.64746377
110,372,1.64782609
110,373,1.64818841
110,374,1.64855072
110,375,1.64891304
110,376,1.64927536
110,377,1.64963768
110,378,1.65
110,379,1.65036232
110,380,1.65072464
110,381,1.65108696
110,382,1.65144928
110,383,1.65181159
110,384,1.65217391
110,385,1.65253623
110,386,1.65289855
110,387,1.65326087
110,388,1.65362319
110,389,1.65398551
110,390,1.65434783
110,391,1.65471014
110,392,1.65507246
110,393,1.65543478
110,394,1.6557971
110,395,1.65615942
110,396,1.65652174
110,397,1.65688406
110,398,1.65724638
110,399,1.6576087
110,400,1.65797101
110,401,1.65833333
110,402,1.65869565
110,403,1.65905797
110,404,1.65942029
110,405,1.65978261
110,406,1.66014493
110,407,1.66050725
110,408,1.66086957
110,409,1.66123188
110,410,1.6615942
110,411,1.66195652
110,412,1.66231884
110,413,1.66268116
110,414,1.66304348
110,415,1.6634058
110,416,1.66376812
110,417,1.66413043
110,418,1.66449275
110,419,1.66485507
110,420,1.66521739
110,421,1.66557971
110,422,1.66594203
110,423,1.66630435
110,424,1.66666667
110,425,1.66702899
110,426,1.6673913
110,427,1.66775362
110,428,1.66811594
110,429,1.66847826
110,430,1.66884058
110,431,1.6692029
110,432,1.66956522
110,433,1.66992754
110,434,1.67028986
110,435,1.67065217
110,436,1.67101449
110,437,1.67137681
110,438,1.67173913
110,439,1.67210145
110,440,1.67246377
110,441,1.67282609
110,442,1.67318841
110,443,1.67355072
110,444,1.67391304
110,445,1.67427536
110,446,1.67463768
110,447,1.675
110,448,1.67536232
110,449,1.67572464
110,450,1.67608696
110,451,1.67644928
110,452,1.67681159
110,453,1.67717391
110,454,1.67753623
110,455,1.67789855
110,456,1.67826087
110,457,1.67862319
110,458,1.67898551
110,459,1.67934783
110,460,1.67971014
110,461,1.68007246
110,462,1.68043478
110,463,1.6807971
110,464,1.68115942
110,465,1.68152174
110,466,1.68188406
110,467,1.68224638
110,468,1.6826087
110,469,1.68297101
110,470,1.68333333
110,471,1.68369565
110,472,1.68405797
110,473,1.68442029
110,474,1.68478261
110,475,1.68514493
110,476,1.68550725
110,477,1.68586957
110,478,1.68623188
110,479,1.6865942
110,480,1.68695652
110,481,1.68731884
110,482,1.68768116
110,483,1.68804348
110,484,1.6884058
110,485,1.68876812
110,486,1.68913043
110,487,1.68949275
110,488,1.68985507
110,489,1.69021739
110,490,1.69057971
110,491,1.69094203
110,492,1.69130435
110,493,1.69166667
110,494,1.69202899
110,495,1.6923913
110,496,1.69275362
110,497,1.69311594
110,498,1.69347826
110,499,1.69384058
110,500,1.6942029
110,501,1.69456522
110,502,1.69492754
110,503,1.69528986
110,504,1.69565217
110,505,1.69601449
110,506,1.69637681
110,507,1.69673913
110,508,1.69710145
110,509,1.69746377
110,510,1.69782609
110,511,1.69818841
110,512,1.69855072
110,513,1.69891304
110,514,1.69927536
110,515,1.69963768
110,516,1.7
110,517,1.70036232
110,518,1.70072464
110,519,1.70108696
110,520,1.70144928
110,521,1.70181159
110,522,1.70217391
110,523,1.70253623
110,524,1.70289855
110,525,1.70326087
110,526,1.70362319
110,527,1.70398551
110,528,1.70434783
110,529,1.70471014
110,530,1.70507246
110,531,1.70543478
110,532,1.7057971
110,533,1.70615942
110,534,1.70652174
110,535,1.70688406
110,536,1.70724638
110,537,1.7076087
110,538,1.70797101
110,539,1.70833333
110,540,1.70869565
110,541,1.70905797
110,542,1.70942029
110,543,1.70978261
110,544,1.71014493
110,545,1.71050725
110,546,1.71086957
110,547,1.71123188
110,548,1.7115942
110,549,1.71195652
110,550,1.71231884
110,551,1.71268116
110,552,1.71304348
110,553,1.7134058
110,554,1.71376812
110,555,1.71413043
110,556,1.71449275
110,557,1.71485507
110,558,1.71521739
110,559,1.71557971
110,560,1.71594203
110,561,1.71630435
110,562,1.71666667
110,563,1.71702899
110,564,1.7173913
110,565,1.71775362
110,566,1.71811594
110,567,1.71847826
110,568,1.71884058
110,569,1.7192029
110,570,1.71956522
110,571,1.71992754
110,572,1.72028986
110,573,1.72065217
110,574,1.72101449
110,575,1.72137681
110,576,1.72173913
110,577,1.72210145
110,578,1.72246377
110,579,1.72282609
110,580,1.72318841
110,581,1.72355072
110,582,1.72391304
110,583,1.72427536
110,584,1.72463768
110,585,1.725
110,586,1.72536232
110,587,1.72572464
110,588,1.72608696
110,589,1.72644928
110,590,1.72681159
110,591,1.72717391
110,592,1.72753623
110,593,1.72789855
110,594,1.72826087
110,595,1.72862319
110,596,1.72898551
110,597,1.72934783
110,598,1.72971014
110,599,1.73007246
110,600,1.73043478
110,601,1.7307971
110,602,1.73115942
110,603,1.73152174
110,604,1.73188406
110,605,1.73224638
110,606,1.7326087
110,607,1.73297101
110,608,1.73333333
110,609,1.73369565
110,610,1.73405797
110,611,1.73442029
110,612,1.73478261
110,613,1.73514493
110,614,1.73550725
110,615,1.73586957
110,616,1.73623188
110,617,1.7365942
110,618,1.73695652
110,619,1.73731884
110,620,1.73768116
110,621,1.73804348
110,622,1.7384058
110,623,1.73876812
110,624,1.73913043
110,625,1.73949275
110,626,1.73985507
110,627,1.74021739
110,628,1.74057971
110,629,1.74094203
110,630,1.74130435
110,631,1.74166667
110,632,1.74202899
110,633,1.7423913
110,634,1.74275362
110,635,1.74311594
110,636,1.74347826
110,637,1.74384058
110,638,1.7442029
110,639,1.74456522
110,640,1.74492754
110,641,1.74528986
110,642,1.74565217
110,643,1.74601449
110,644,1.74637681
110,645,1.74673913
110,646,1.74710145
110,647,1.74746377
110,648,1.74782609
110,649,1.74818841
110,650,1.74855072
110,651,1.74891304
110,652,1.74927536
110,653,1.74963768
110,654,1.75
110,655,1.75036232
110,656,1.75072464
110,657,1.75108696
110,658,1.75144928
110,659,1.75181159
110,660,1.75217391
110,661,1.75253623
110,662,1.75289855
110,663,1.75326087
110,664,1.75362319
110,665,1.75398551
110,666,1.75434783
110,667,1.75471014
110,668,1.75507246
110,669,1.75543478
110,670,1.7557971
110,671,1.75615942
110,672,1.75652174
110,673,1.75688406
110,674,1.75724638
110,675,1.7576087
110,676,1.75797101
110,677,1.75833333
110,678,1.75869565
110,679,1.75905797
110,680,1.75942029
110,681,1.75978261
110,682,1.76014493
110,683,1.76050725
110,684,1.76086957
110,685,1.76123188
110,686,1.7615942
110,687,1.76195652
110,688,1.76231884
110,689,1.76268116
110,690,1.76304348
110,691,1.7634058
110,692,1.76376812
110,693,1.76413043
110,694,1.76449275
110,695,1.76485507
110,696,1.76521739
110,697,1.76557971
110,698,1.76594203
110,699,1.76630435
110,700,1.76666667
110,701,1.76702899
110,702,1.7673913
110,703,1.76775362
110,704,1.76811594
110,705,1.76847826
110,706,1.76884058
110,707,1.7692029
110,708,1.76956522
110,709,1.76992754
110,710,1.77028986
110,711,1.77065217
110,712,1.77101449
110,713,1.77137681
110,714,1.77173913
110,715,1.77210145
110,716,1.77246377
110,717,1.77282609
110,718,1.77318841
110,719,1.77355072
110,720,1.77391304
110,721,1.77427536
110,722,1.77463768
110,723,1.775
110,724,1.77536232
110,725,1.77572464
110,726,1.77608696
110,727,1.77644928
110,728,1.77681159
110,729,1.77717391
110,730,1.77753623
110,731,1.77789855
110,732,1.77826087
110,733,1.77862319
110,734,1.77898551
110,735,1.77934783
110,736,1.77971014
110,737,1.78007246
110,738,1.78043478
110,739,1.7807971
110,740,1.78115942
110,741,1.78152174
110,742,1.78188406
110,743,1.78224638
110,744,1.7826087
110,745,1.78297101
110,746,1.78333333
110,747,1.78369565
110,748,1.78405797
110,749,1.78442029
110,750,1.78478261
110,751,1.78514493
110,752,1.78550725
110,753,1.78586957
110,754,1.78623188
110,755,1.7865942
110,756,1.78695652
110,757,1.78731884
110,758,1.78768116
110,759,1.78804348
110,760,1.7884058
110,761,1.78876812
110,762,1.78913043
110,763,1.78949275
110,764,1.78985507
110,765,1.79021739
110,766,1.79057971
110,767,1.79094203
110,768,1.79130435
110,769,1.79166667
110,770,1.79202899
110,771,1.7923913
110,772,1.79275362
110,773,1.79311594
110,774,1.79347826
110,775,1.79384058
110,776,1.7942029
110,777,1.79456522
110,778,1.79492754
110,779,1.79528986
110,780,1.79565217
110,781,1.79601449
110,782,1.79637681
110,783,1.79673913
110,784,1.79710145
110,785,1.79746377
110,786,1.79782609
110,787,1.79818841
110,788,1.79855072
110,789,1.79891304
110,790,1.79927536
110,791,1.79963768
110,792,1.8
111,0,0
111,1,0.75
111,2,0.75201342
111,3,0.75402685
111,4,0.75604027
111,5,0.75805369
111,6,0.76006711
111,7,0.76208054
111,8,0.76409396
111,9,0.76610738
111,10,0.76812081
111,11,0.77013423
111,12,0.77214765
111,13,0.77416107
111,14,0.7761745
111,15,0.77818792
111,16,0.78020134
111,17,0.78221477
111,18,0.78422819
111,19,0.78624161
111,20,0.78825503
111,21,0.79026846
111,22,0.79228188
111,23,0.7942953
111,24,0.79630872
111,25,0.79832215
111,26,0.80033557
111,27,0.80234899
111,28,0.80436242
111,29,0.80637584
111,30,0.80838926
111,31,0.81040268
111,32,0.81241611
111,33,0.81442953
111,34,0.81644295
111,35,0.81845638
111,36,0.8204698
111,37,0.82248322
111,38,0.82449664
111,39,0.82651007
111,40,0.82852349
111,41,0.83053691
111,42,0.83255034
111,43,0.83456376
111,44,0.83657718
111,45,0.8385906
111,46,0.84060403
111,47,0.84261745
111,48,0.84463087
111,49,0.8466443
111,50,0.84865772
111,51,0.85067114
111,52,0.85268456
111,53,0.85469799
111,54,0.85671141
111,55,0.85872483
111,56,0.86073826
111,57,0.86275168
111,58,0.8647651
111,59,0.86677852
111,60,0.86879195
111,61,0.87080537
111,62,0.87281879
111,63,0.87483221
111,64,0.87684564
111,65,0.87885906
111,66,0.88087248
111,67,0.88288591
111,68,0.88489933
111,69,0.88691275
111,70,0.88892617
111,71,0.8909396
111,72,0.89295302
111,73,0.89496644
111,74,0.89697987
111,75,0.89899329
111,76,0.90100671
111,77,0.90302013
111,78,0.90503356
111,79,0.90704698
111,80,0.9090604
111,81,0.91107383
111,82,0.91308725
111,83,0.91510067
111,84,0.91711409
111,85,0.91912752
111,86,0.92114094
111,87,0.92315436
111,88,0.92516779
111,89,0.92718121
111,90,0.92919463
111,91,0.93120805
111,92,0.93322148
111,93,0.9352349
111,94,0.93724832
111,95,0.93926174
111,96,0.94127517
111,97,0.94328859
111,98,0.94530201
111,99,0.94731544
111,100,0.94932886
111,101,0.95134228
111,102,0.9533557
111,103,0.95536913
111,104,0.95738255
111,105,0.95939597
111,106,0.9614094
111,107,0.96342282
111,108,0.96543624
111,109,0.96744966
111,110,0.96946309
111,111,0.97147651
111,112,0.97348993
111,113,0.97550336
111,114,0.97751678
111,115,0.9795302
111,116,0.98154362
111,117,0.98355705
111,118,0.98557047
111,119,0.98758389
111,120,0.98959732
111,121,0.99161074
111,122,0.99362416
111,123,0.99563758
111,124,0.99765101
111,125,0.99966443
111,126,1.00167785
111,127,1.00369128
111,128,1.0057047
111,129,1.00771812
111,130,1.00973154
111,131,1.01174497
111,132,1.01375839
111,133,1.01577181
111,134,1.01778523
111,135,1.01979866
111,136,1.02181208
111,137,1.0238255
111,138,1.02583893
111,139,1.02785235
111,140,1.02986577
111,141,1.03187919
111,142,1.03389262
111,143,1.03590604
111,144,1.03791946
111,145,1.03993289
111,146,1.04194631
111,147,1.04395973
111,148,1.04597315
111,149,1.04798658
111,150,1.05
111,151,1.06
111,152,1.07
111,153,1.08
111,154,1.09
111,155,1.1
111,156,1.11
111,157,1.12
111,158,1.13
111,159,1.14
111,160,1.15
111,161,1.16
111,162,1.17
111,163,1.18
111,164,1.19
111,165,1.2
111,166,1.21
111,167,1.22
111,168,1.23
111,169,1.24
111,170,1.25
111,171,1.26
111,172,1.27
111,173,1.28
111,174,1.29
111,175,1.3
111,176,1.31
111,177,1.32
111,178,1.33
111,179,1.34
111,180,1.35
111,181,1.36
111,182,1.37
111,183,1.38
111,184,1.39
111,185,1.4
111,186,1.41
111,187,1.42
111,188,1.43
111,189,1.44
111,190,1.45
111,191,1.453
111,192,1.456
111,193,1.459
111,194,1.462
111,195,1.465
111,196,1.468
111,197,1.471
111,198,1.474
111,199,1.477
111,200,1.48
111,201,1.483
111,202,1.486
111,203,1.489
111,204,1.492
111,205,1.495
111,206,1.498
111,207,1.501
111,208,1.504
111,209,1.507
111,210,1.51
111,211,1.513
111,212,1.516
111,213,1.519
111,214,1.522
111,215,1.525
111,216,1.528
111,217,1.531
111,218,1.534
111,219,1.537
111,220,1.54
111,221,1.543
111,222,1.546
111,223,1.549
111,224,1.552
111,225,1.555
111,226,1.558
111,227,1.561
111,228,1.564
111,229,1.567
111,230,1.57
111,231,1.573
111,232,1.576
111,233,1.579
111,234,1.582
111,235,1.585
111,236,1.588
111,237,1.591
111,238,1.594
111,239,1.597
111,240,1.6
111,241,1.60036232
111,242,1.60072464
111,243,1.60108696
111,244,1.60144928
111,245,1.60181159
111,246,1.60217391
111,247,1.60253623
111,248,1.60289855
111,249,1.60326087
111,250,1.60362319
111,251,1.60398551
111,252,1.60434783
111,253,1.60471014
111,254,1.60507246
111,255,1.60543478
111,256,1.6057971
111,257,1.60615942
111,258,1.60652174
111,259,1.60688406
111,260,1.60724638
111,261,1.6076087
111,262,1.60797101
111,263,1.60833333
111,264,1.60869565
111,265,1.60905797
111,266,1.60942029
111,267,1.60978261
111,268,1.61014493
111,269,1.61050725
111,270,1.61086957
111,271,1.61123188
111,272,1.6115942
111,273,1.61195652
111,274,1.61231884
111,275,1.61268116
111,276,1.61304348
111,277,1.6134058
111,278,1.61376812
111,279,1.61413043
111,280,1.61449275
111,281,1.61485507
111,282,1.61521739
111,283,1.61557971
111,284,1.61594203
111,285,1.61630435
111,286,1.61666667
111,287,1.61702899
111,288,1.6173913
111,289,1.61775362
111,290,1.61811594
111,291,1.61847826
111,292,1.61884058
111,293,1.6192029
111,294,1.61956522
111,295,1.61992754
111,296,1.62028986
111,297,1.62065217
111,298,1.62101449
111,299,1.62137681
111,300,1.62173913
111,301,1.62210145
111,302,1.62246377
111,303,1.62282609
111,304,1.62318841
111,305,1.62355072
111,306,1.62391304
111,307,1.62427536
111,308,1.62463768
111,309,1.625
111,310,1.62536232
111,311,1.62572464
111,312,1.62608696
111,313,1.62644928
111,314,1.62681159
111,315,1.62717391
111,316,1.62753623
111,317,1.62789855
111,318,1.62826087
111,319,1.62862319
111,320,1.62898551
111,321,1.62934783
111,322,1.62971014
111,323,1.63007246
111,324,1.63043478
111,325,1.6307971
111,326,1.63115942
111,327,1.63152174
111,328,1.63188406
111,329,1.63224638
111,330,1.6326087
111,331,1.63297101
111,332,1.63333333
111,333,1.63369565
111,334,1.63405797
111,335,1.63442029
111,336,1.63478261
111,337,1.63514493
111,338,1.63550725
111,339,1.63586957
111,340,1.63623188
111,341,1.6365942
111,342,1.63695652
111,343,1.63731884
111,344,1.63768116
111,345,1.63804348
111,346,1.6384058
111,347,1.63876812
111,348,1.63913043
111,349,1.63949275
111,350,1.63985507
111,351,1.64021739
111,352,1.64057971
111,353,1.64094203
111,354,1.64130435
111,355,1.64166667
111,356,1.64202899
111,357,1.6423913
111,358,1.64275362
111,359,1.64311594
111,360,1.64347826
111,361,1.64384058
111,362,1.6442029
111,363,1.64456522
111,364,1.64492754
111,365,1.64528986
111,366,1.64565217
111,367,1.64601449
111,368,1.64637681
111,369,1.64673913
111,370,1.64710145
111,371,1.64746377
111,372,1.64782609
111,373,1.64818841
111,374,1.64855072
111,375,1.64891304
111,376,1.64927536
111,377,1.64963768
111,378,1.65
111,379,1.65036232
111,380,1.65072464
111,381,1.65108696
111,382,1.65144928
111,383,1.65181159
111,384,1.65217391
111,385,1.65253623
111,386,1.65289855
111,387,1.65326087
111,388,1.65362319
111,389,1.65398551
111,390,1.65434783
111,391,1.65471014
111,392,1.65507246
111,393,1.65543478
111,394,1.6557971
111,395,1.65615942
111,396,1.65652174
111,397,1.65688406
111,398,1.65724638
111,399,1.6576087
111,400,1.65797101
111,401,1.65833333
111,402,1.65869565
111,403,1.65905797
111,404,1.65942029
111,405,1.65978261
111,406,1.66014493
111,407,1.66050725
111,408,1.66086957
111,409,1.66123188
111,410,1.6615942
111,411,1.66195652
111,412,1.66231884
111,413,1.66268116
111,414,1.66304348
111,415,1.6634058
111,416,1.66376812
111,417,1.66413043
111,418,1.66449275
111,419,1.66485507
111,420,1.66521739
111,421,1.66557971
111,422,1.66594203
111,423,1.66630435
111,424,1.66666667
111,425,1.66702899
111,426,1.6673913
111,427,1.66775362
111,428,1.66811594
111,429,1.66847826
111,430,1.66884058
111,431,1.6692029
111,432,1.66956522
111,433,1.66992754
111,434,1.67028986
111,435,1.67065217
111,436,1.67101449
111,437,1.67137681
111,438,1.67173913
111,439,1.67210145
111,440,1.67246377
111,441,1.67282609
111,442,1.67318841
111,443,1.67355072
111,444,1.67391304
111,445,1.67427536
111,446,1.67463768
111,447,1.675
111,448,1.67536232
111,449,1.67572464
111,450,1.67608696
111,451,1.67644928
111,452,1.67681159
111,453,1.67717391
111,454,1.67753623
111,455,1.67789855
111,456,1.67826087
111,457,1.67862319
111,458,1.67898551
111,459,1.67934783
111,460,1.67971014
111,461,1.68007246
111,462,1.68043478
111,463,1.6807971
111,464,1.68115942
111,465,1.68152174
111,466,1.68188406
111,467,1.68224638
111,468,1.6826087
111,469,1.68297101
111,470,1.68333333
111,471,1.68369565
111,472,1.68405797
111,473,1.68442029
111,474,1.68478261
111,475,1.68514493
111,476,1.68550725
111,477,1.68586957
111,478,1.68623188
111,479,1.6865942
111,480,1.68695652
111,481,1.68731884
111,482,1.68768116
111,483,1.68804348
111,484,1.6884058
111,485,1.68876812
111,486,1.68913043
111,487,1.68949275
111,488,1.68985507
111,489,1.69021739
111,490,1.69057971
111,491,1.69094203
111,492,1.69130435
111,493,1.69166667
111,494,1.69202899
111,495,1.6923913
111,496,1.69275362
111,497,1.69311594
111,498,1.69347826
111,499,1.69384058
111,500,1.6942029
111,501,1.69456522
111,502,1.69492754
111,503,1.69528986
111,504,1.69565217
111,505,1.69601449
111,506,1.69637681
111,507,1.69673913
111,508,1.69710145
111,509,1.69746377
111,510,1.69782609
111,511,1.69818841
111,512,1.69855072
111,513,1.69891304
111,514,1.69927536
111,515,1.69963768
111,516,1.7
111,517,1.70036232
111,518,1.70072464
111,519,1.70108696
111,520,1.70144928
111,521,1.70181159
111,522,1.70217391
111,523,1.70253623
111,524,1.70289855
111,525,1.70326087
111,526,1.70362319
111,527,1.70398551
111,528,1.70434783
111,529,1.70471014
111,530,1.70507246
111,531,1.70543478
111,532,1.7057971
111,533,1.70615942
111,534,1.70652174
111,535,1.70688406
111,536,1.70724638
111,537,1.7076087
111,538,1.70797101
111,539,1.70833333
111,540,1.70869565
111,541,1.70905797
111,542,1.70942029
111,543,1.70978261
111,544,1.71014493
111,545,1.71050725
111,546,1.71086957
111,547,1.71123188
111,548,1.7115942
111,549,1.71195652
111,550,1.71231884
111,551,1.71268116
111,552,1.71304348
111,553,1.7134058
111,554,1.71376812
111,555,1.71413043
111,556,1.71449275
111,557,1.71485507
111,558,1.71521739
111,559,1.71557971
111,560,1.71594203
111,561,1.71630435
111,562,1.71666667
111,563,1.71702899
111,564,1.7173913
111,565,1.71775362
111,566,1.71811594
111,567,1.71847826
111,568,1.71884058
111,569,1.7192029
111,570,1.71956522
111,571,1.71992754
111,572,1.72028986
111,573,1.72065217
111,574,1.72101449
111,575,1.72137681
111,576,1.72173913
111,577,1.72210145
111,578,1.72246377
111,579,1.72282609
111,580,1.72318841
111,581,1.72355072
111,582,1.72391304
111,583,1.72427536
111,584,1.72463768
111,585,1.725
111,586,1.72536232
111,587,1.72572464
111,588,1.72608696
111,589,1.72644928
111,590,1.72681159
111,591,1.72717391
111,592,1.72753623
111,593,1.72789855
111,594,1.72826087
111,595,1.72862319
111,596,1.72898551
111,597,1.72934783
111,598,1.72971014
111,599,1.73007246
111,600,1.73043478
111,601,1.7307971
111,602,1.73115942
111,603,1.73152174
111,604,1.73188406
111,605,1.73224638
111,606,1.7326087
111,607,1.73297101
111,608,1.73333333
111,609,1.73369565
111,610,1.73405797
111,611,1.73442029
111,612,1.73478261
111,613,1.73514493
111,614,1.73550725
111,615,1.73586957
111,616,1.73623188
111,617,1.7365942
111,618,1.73695652
111,619,1.73731884
111,620,1.73768116
111,621,1.73804348
111,622,1.7384058
111,623,1.73876812
111,624,1.73913043
111,625,1.73949275
111,626,1.73985507
111,627,1.74021739
111,628,1.74057971
111,629,1.74094203
111,630,1.74130435
111,631,1.74166667
111,632,1.74202899
111,633,1.7423913
111,634,1.74275362
111,635,1.74311594
111,636,1.74347826
111,637,1.74384058
111,638,1.7442029
111,639,1.74456522
111,640,1.74492754
111,641,1.74528986
111,642,1.74565217
111,643,1.74601449
111,644,1.74637681
111,645,1.74673913
111,646,1.74710145
111,647,1.74746377
111,648,1.74782609
111,649,1.74818841
111,650,1.74855072
111,651,1.74891304
111,652,1.74927536
111,653,1.74963768
111,654,1.75
111,655,1.75036232
111,656,1.75072464
111,657,1.75108696
111,658,1.75144928
111,659,1.75181159
111,660,1.75217391
111,661,1.75253623
111,662,1.75289855
111,663,1.75326087
111,664,1.75362319
111,665,1.75398551
111,666,1.75434783
111,667,1.75471014
111,668,1.75507246
111,669,1.75543478
111,670,1.7557971
111,671,1.75615942
111,672,1.75652174
111,673,1.75688406
111,674,1.75724638
111,675,1.7576087
111,676,1.75797101
111,677,1.75833333
111,678,1.75869565
111,679,1.75905797
111,680,1.75942029
111,681,1.75978261
111,682,1.76014493
111,683,1.76050725
111,684,1.76086957
111,685,1.76123188
111,686,1.7615942
111,687,1.76195652
111,688,1.76231884
111,689,1.76268116
111,690,1.76304348
111,691,1.7634058
111,692,1.76376812
111,693,1.76413043
111,694,1.76449275
111,695,1.76485507
111,696,1.76521739
111,697,1.76557971
111,698,1.76594203
111,699,1.76630435
111,700,1.76666667
111,701,1.76702899
111,702,1.7673913
111,703,1.76775362
111,704,1.76811594
111,705,1.76847826
111,706,1.76884058
111,707,1.7692029
111,708,1.76956522
111,709,1.76992754
111,710,1.77028986
111,711,1.77065217
111,712,1.77101449
111,713,1.77137681
111,714,1.77173913
111,715,1.77210145
111,716,1.77246377
111,717,1.77282609
111,718,1.77318841
111,719,1.77355072
111,720,1.77391304
111,721,1.77427536
111,722,1.77463768
111,723,1.775
111,724,1.77536232
111,725,1.77572464
111,726,1.77608696
111,727,1.77644928
111,728,1.77681159
111,729,1.77717391
111,730,1.77753623
111,731,1.77789855
111,732,1.77826087
111,733,1.77862319
111,734,1.77898551
111,735,1.77934783
111,736,1.77971014
111,737,1.78007246
111,738,1.78043478
111,739,1.7807971
111,740,1.78115942
111,741,1.78152174
111,742,1.78188406
111,743,1.78224638
111,744,1.7826087
111,745,1.78297101
111,746,1.78333333
111,747,1.78369565
111,748,1.78405797
111,749,1.78442029
111,750,1.78478261
111,751,1.78514493
111,752,1.78550725
111,753,1.78586957
111,754,1.78623188
111,755,1.7865942
111,756,1.78695652
111,757,1.78731884
111,758,1.78768116
111,759,1.78804348
111,760,1.7884058
111,761,1.78876812
111,762,1.78913043
111,763,1.78949275
111,764,1.78985507
111,765,1.79021739
111,766,1.79057971
111,767,1.79094203
111,768,1.79130435
111,769,1.79166667
111,770,1.79202899
111,771,1.7923913
111,772,1.79275362
111,773,1.79311594
111,774,1.79347826
111,775,1.79384058
111,776,1.7942029
111,777,1.79456522
111,778,1.79492754
111,779,1.79528986
111,780,1.79565217
111,781,1.79601449
111,782,1.79637681
111,783,1.79673913
111,784,1.79710145
111,785,1.79746377
111,786,1.79782609
111,787,1.79818841
111,788,1.79855072
111,789,1.79891304
111,790,1.79927536
111,791,1.79963768
111,792,1.8
112,0,0
112,1,0.75
112,2,0.75201342
112,3,0.75402685
112,4,0.75604027
112,5,0.75805369
112,6,0.76006711
112,7,0.76208054
112,8,0.76409396
112,9,0.76610738
112,10,0.76812081
112,11,0.77013423
112,12,0.77214765
112,13,0.77416107
112,14,0.7761745
112,15,0.77818792
112,16,0.78020134
112,17,0.78221477
112,18,0.78422819
112,19,0.78624161
112,20,0.78825503
112,21,0.79026846
112,22,0.79228188
112,23,0.7942953
112,24,0.79630872
112,25,0.79832215
112,26,0.80033557
112,27,0.80234899
112,28,0.80436242
112,29,0.80637584
112,30,0.80838926
112,31,0.81040268
112,32,0.81241611
112,33,0.81442953
112,34,0.81644295
112,35,0.81845638
112,36,0.8204698
112,37,0.82248322
112,38,0.82449664
112,39,0.82651007
112,40,0.82852349
112,41,0.83053691
112,42,0.83255034
112,43,0.83456376
112,44,0.83657718
112,45,0.8385906
112,46,0.84060403
112,47,0.84261745
112,48,0.84463087
112,49,0.8466443
112,50,0.84865772
112,51,0.85067114
112,52,0.85268456
112,53,0.85469799
112,54,0.85671141
112,55,0.85872483
112,56,0.86073826
112,57,0.86275168
112,58,0.8647651
112,59,0.86677852
112,60,0.86879195
112,61,0.87080537
112,62,0.87281879
112,63,0.87483221
112,64,0.87684564
112,65,0.87885906
112,66,0.88087248
112,67,0.88288591
112,68,0.88489933
112,69,0.88691275
112,70,0.88892617
112,71,0.8909396
112,72,0.89295302
112,73,0.89496644
112,74,0.89697987
112,75,0.89899329
112,76,0.90100671
112,77,0.90302013
112,78,0.90503356
112,79,0.90704698
112,80,0.9090604
112,81,0.91107383
112,82,0.91308725
112,83,0.91510067
112,84,0.91711409
112,85,0.91912752
112,86,0.92114094
112,87,0.92315436
112,88,0.92516779
112,89,0.92718121
112,90,0.92919463
112,91,0.93120805
112,92,0.93322148
112,93,0.9352349
112,94,0.93724832
112,95,0.93926174
112,96,0.94127517
112,97,0.94328859
112,98,0.94530201
112,99,0.94731544
112,100,0.94932886
112,101,0.95134228
112,102,0.9533557
112,103,0.95536913
112,104,0.95738255
112,105,0.95939597
112,106,0.9614094
112,107,0.96342282
112,108,0.96543624
112,109,0.96744966
112,110,0.96946309
112,111,0.97147651
112,112,0.97348993
112,113,0.97550336
112,114,0.97751678
112,115,0.9795302
112,116,0.98154362
112,117,0.98355705
112,118,0.98557047
112,119,0.98758389
112,120,0.98959732
112,121,0.99161074
112,122,0.99362416
112,123,0.99563758
112,124,0.99765101
112,125,0.99966443
112,126,1.00167785
112,127,1.00369128
112,128,1.0057047
112,129,1.00771812
112,130,1.00973154
112,131,1.01174497
112,132,1.01375839
112,133,1.01577181
112,134,1.01778523
112,135,1.01979866
112,136,1.02181208
112,137,1.0238255
112,138,1.02583893
112,139,1.02785235
112,140,1.02986577
112,141,1.03187919
112,142,1.03389262
112,143,1.03590604
112,144,1.03791946
112,145,1.03993289
112,146,1.04194631
112,147,1.04395973
112,148,1.04597315
112,149,1.04798658
112,150,1.05
112,151,1.06
112,152,1.07
112,153,1.08
112,154,1.09
112,155,1.1
112,156,1.11
112,157,1.12
112,158,1.13
112,159,1.14
112,160,1.15
112,161,1.16
112,162,1.17
112,163,1.18
112,164,1.19
112,165,1.2
112,166,1.21
112,167,1.22
112,168,1.23
112,169,1.24
112,170,1.25
112,171,1.26
112,172,1.27
112,173,1.28
112,174,1.29
112,175,1.3
112,176,1.31
112,177,1.32
112,178,1.33
112,179,1.34
112,180,1.35
112,181,1.36
112,182,1.37
112,183,1.38
112,184,1.39
112,185,1.4
112,186,1.41
112,187,1.42
112,188,1.43
112,189,1.44
112,190,1.45
112,191,1.453
112,192,1.456
112,193,1.459
112,194,1.462
112,195,1.465
112,196,1.468
112,197,1.471
112,198,1.474
112,199,1.477
112,200,1.48
112,201,1.483
112,202,1.486
112,203,1.489
112,204,1.492
112,205,1.495
112,206,1.498
112,207,1.501
112,208,1.504
112,209,1.507
112,210,1.51
112,211,1.513
112,212,1.516
112,213,1.519
112,214,1.522
112,215,1.525
112,216,1.528
112,217,1.531
112,218,1.534
112,219,1.537
112,220,1.54
112,221,1.543
112,222,1.546
112,223,1.549
112,224,1.552
112,225,1.555
112,226,1.558
112,227,1.561
112,228,1.564
112,229,1.567
112,230,1.57
112,231,1.573
112,232,1.576
112,233,1.579
112,234,1.582
112,235,1.585
112,236,1.588
112,237,1.591
112,238,1.594
112,239,1.597
112,240,1.6
112,241,1.60036232
112,242,1.60072464
112,243,1.60108696
112,244,1.60144928
112,245,1.60181159
112,246,1.60217391
112,247,1.60253623
112,248,1.60289855
112,249,1.60326087
112,250,1.60362319
112,251,1.60398551
112,252,1.60434783
112,253,1.60471014
112,254,1.60507246
112,255,1.60543478
112,256,1.6057971
112,257,1.60615942
112,258,1.60652174
112,259,1.60688406
112,260,1.60724638
112,261,1.6076087
112,262,1.60797101
112,263,1.60833333
112,264,1.60869565
112,265,1.60905797
112,266,1.60942029
112,267,1.60978261
112,268,1.61014493
112,269,1.61050725
112,270,1.61086957
112,271,1.61123188
112,272,1.6115942
112,273,1.61195652
112,274,1.61231884
112,275,1.61268116
112,276,1.61304348
112,277,1.6134058
112,278,1.61376812
112,279,1.61413043
112,280,1.61449275
112,281,1.61485507
112,282,1.61521739
112,283,1.61557971
112,284,1.61594203
112,285,1.61630435
112,286,1.61666667
112,287,1.61702899
112,288,1.6173913
112,289,1.61775362
112,290,1.61811594
112,291,1.61847826
112,292,1.61884058
112,293,1.6192029
112,294,1.61956522
112,295,1.61992754
112,296,1.62028986
112,297,1.62065217
112,298,1.62101449
112,299,1.62137681
112,300,1.62173913
112,301,1.62210145
112,302,1.62246377
112,303,1.62282609
112,304,1.62318841
112,305,1.62355072
112,306,1.62391304
112,307,1.62427536
112,308,1.62463768
112,309,1.625
112,310,1.62536232
112,311,1.62572464
112,312,1.62608696
112,313,1.62644928
112,314,1.62681159
112,315,1.62717391
112,316,1.62753623
112,317,1.62789855
112,318,1.62826087
112,319,1.62862319
112,320,1.62898551
112,321,1.62934783
112,322,1.62971014
112,323,1.63007246
112,324,1.63043478
112,325,1.6307971
112,326,1.63115942
112,327,1.63152174
112,328,1.63188406
112,329,1.63224638
112,330,1.6326087
112,331,1.63297101
112,332,1.63333333
112,333,1.63369565
112,334,1.63405797
112,335,1.63442029
112,336,1.63478261
112,337,1.63514493
112,338,1.63550725
112,339,1.63586957
112,340,1.63623188
112,341,1.6365942
112,342,1.63695652
112,343,1.63731884
112,344,1.63768116
112,345,1.63804348
112,346,1.6384058
112,347,1.63876812
112,348,1.63913043
112,349,1.63949275
112,350,1.63985507
112,351,1.64021739
112,352,1.64057971
112,353,1.64094203
112,354,1.64130435
112,355,1.64166667
112,356,1.64202899
112,357,1.6423913
112,358,1.64275362
112,359,1.64311594
112,360,1.64347826
112,361,1.64384058
112,362,1.6442029
112,363,1.64456522
112,364,1.64492754
112,365,1.64528986
112,366,1.64565217
112,367,1.64601449
112,368,1.64637681
112,369,1.64673913
112,370,1.64710145
112,371,1.64746377
112,372,1.64782609
112,373,1.64818841
112,374,1.64855072
112,375,1.64891304
112,376,1.64927536
112,377,1.64963768
112,378,1.65
112,379,1.65036232
112,380,1.65072464
112,381,1.65108696
112,382,1.65144928
112,383,1.65181159
112,384,1.65217391
112,385,1.65253623
112,386,1.65289855
112,387,1.65326087
112,388,1.65362319
112,389,1.65398551
112,390,1.65434783
112,391,1.65471014
112,392,1.65507246
112,393,1.65543478
112,394,1.6557971
112,395,1.65615942
112,396,1.65652174
112,397,1.65688406
112,398,1.65724638
112,399,1.6576087
112,400,1.65797101
112,401,1.65833333
112,402,1.65869565
112,403,1.65905797
112,404,1.65942029
112,405,1.65978261
112,406,1.66014493
112,407,1.66050725
112,408,1.66086957
112,409,1.66123188
112,410,1.6615942
112,411,1.66195652
112,412,1.66231884
112,413,1.66268116
112,414,1.66304348
112,415,1.6634058
112,416,1.66376812
112,417,1.66413043
112,418,1.66449275
112,419,1.66485507
112,420,1.66521739
112,421,1.66557971
112,422,1.66594203
112,423,1.66630435
112,424,1.66666667
112,425,1.66702899
112,426,1.6673913
112,427,1.66775362
112,428,1.66811594
112,429,1.66847826
112,430,1.66884058
112,431,1.6692029
112,432,1.66956522
112,433,1.66992754
112,434,1.67028986
112,435,1.67065217
112,436,1.67101449
112,437,1.67137681
112,438,1.67173913
112,439,1.67210145
112,440,1.67246377
112,441,1.67282609
112,442,1.67318841
112,443,1.67355072
112,444,1.67391304
112,445,1.67427536
112,446,1.67463768
112,447,1.675
112,448,1.67536232
112,449,1.67572464
112,450,1.67608696
112,451,1.67644928
112,452,1.67681159
112,453,1.67717391
112,454,1.67753623
112,455,1.67789855
112,456,1.67826087
112,457,1.67862319
112,458,1.67898551
112,459,1.67934783
112,460,1.67971014
112,461,1.68007246
112,462,1.68043478
112,463,1.6807971
112,464,1.68115942
112,465,1.68152174
112,466,1.68188406
112,467,1.68224638
112,468,1.6826087
112,469,1.68297101
112,470,1.68333333
112,471,1.68369565
112,472,1.68405797
112,473,1.68442029
112,474,1.68478261
112,475,1.68514493
112,476,1.68550725
112,477,1.68586957
112,478,1.68623188
112,479,1.6865942
112,480,1.68695652
112,481,1.68731884
112,482,1.68768116
112,483,1.68804348
112,484,1.6884058
112,485,1.68876812
112,486,1.68913043
112,487,1.68949275
112,488,1.68985507
112,489,1.69021739
112,490,1.69057971
112,491,1.69094203
112,492,1.69130435
112,493,1.69166667
112,494,1.69202899
112,495,1.6923913
112,496,1.69275362
112,497,1.69311594
112,498,1.69347826
112,499,1.69384058
112,500,1.6942029
112,501,1.69456522
112,502,1.69492754
112,503,1.69528986
112,504,1.69565217
112,505,1.69601449
112,506,1.69637681
112,507,1.69673913
112,508,1.69710145
112,509,1.69746377
112,510,1.69782609
112,511,1.69818841
112,512,1.69855072
112,513,1.69891304
112,514,1.69927536
112,515,1.69963768
112,516,1.7
112,517,1.70036232
112,518,1.70072464
112,519,1.70108696
112,520,1.70144928
112,521,1.70181159
112,522,1.70217391
112,523,1.70253623
112,524,1.70289855
112,525,1.70326087
112,526,1.70362319
112,527,1.70398551
112,528,1.70434783
112,529,1.70471014
112,530,1.70507246
112,531,1.70543478
112,532,1.7057971
112,533,1.70615942
112,534,1.70652174
112,535,1.70688406
112,536,1.70724638
112,537,1.7076087
112,538,1.70797101
112,539,1.70833333
112,540,1.70869565
112,541,1.70905797
112,542,1.70942029
112,543,1.70978261
112,544,1.71014493
112,545,1.71050725
112,546,1.71086957
112,547,1.71123188
112,548,1.7115942
112,549,1.71195652
112,550,1.71231884
112,551,1.71268116
112,552,1.71304348
112,553,1.7134058
112,554,1.71376812
112,555,1.71413043
112,556,1.71449275
112,557,1.71485507
112,558,1.71521739
112,559,1.71557971
112,560,1.71594203
112,561,1.71630435
112,562,1.71666667
112,563,1.71702899
112,564,1.7173913
112,565,1.71775362
112,566,1.71811594
112,567,1.71847826
112,568,1.71884058
112,569,1.7192029
112,570,1.71956522
112,571,1.71992754
112,572,1.72028986
112,573,1.72065217
112,574,1.72101449
112,575,1.72137681
112,576,1.72173913
112,577,1.72210145
112,578,1.72246377
112,579,1.72282609
112,580,1.72318841
112,581,1.72355072
112,582,1.72391304
112,583,1.72427536
112,584,1.72463768
112,585,1.725
112,586,1.72536232
112,587,1.72572464
112,588,1.72608696
112,589,1.72644928
112,590,1.72681159
112,591,1.72717391
112,592,1.72753623
112,593,1.72789855
112,594,1.72826087
112,595,1.72862319
112,596,1.72898551
112,597,1.72934783
112,598,1.72971014
112,599,1.73007246
112,600,1.73043478
112,601,1.7307971
112,602,1.73115942
112,603,1.73152174
112,604,1.73188406
112,605,1.73224638
112,606,1.7326087
112,607,1.73297101
112,608,1.73333333
112,609,1.73369565
112,610,1.73405797
112,611,1.73442029
112,612,1.73478261
112,613,1.73514493
112,614,1.73550725
112,615,1.73586957
112,616,1.73623188
112,617,1.7365942
112,618,1.73695652
112,619,1.73731884
112,620,1.73768116
112,621,1.73804348
112,622,1.7384058
112,623,1.73876812
112,624,1.73913043
112,625,1.73949275
112,626,1.73985507
112,627,1.74021739
112,628,1.74057971
112,629,1.74094203
112,630,1.74130435
112,631,1.74166667
112,632,1.74202899
112,633,1.7423913
112,634,1.74275362
112,635,1.74311594
112,636,1.74347826
112,637,1.74384058
112,638,1.7442029
112,639,1.74456522
112,640,1.74492754
112,641,1.74528986
112,642,1.74565217
112,643,1.74601449
112,644,1.74637681
112,645,1.74673913
112,646,1.74710145
112,647,1.74746377
112,648,1.74782609
112,649,1.74818841
112,650,1.74855072
112,651,1.74891304
112,652,1.74927536
112,653,1.74963768
112,654,1.75
112,655,1.75036232
112,656,1.75072464
112,657,1.75108696
112,658,1.75144928
112,659,1.75181159
112,660,1.75217391
112,661,1.75253623
112,662,1.75289855
112,663,1.75326087
112,664,1.75362319
112,665,1.75398551
112,666,1.75434783
112,667,1.75471014
112,668,1.75507246
112,669,1.75543478
112,670,1.7557971
112,671,1.75615942
112,672,1.75652174
112,673,1.75688406
112,674,1.75724638
112,675,1.7576087
112,676,1.75797101
112,677,1.75833333
112,678,1.75869565
112,679,1.75905797
112,680,1.75942029
112,681,1.75978261
112,682,1.76014493
112,683,1.76050725
112,684,1.76086957
112,685,1.76123188
112,686,1.7615942
112,687,1.76195652
112,688,1.76231884
112,689,1.76268116
112,690,1.76304348
112,691,1.7634058
112,692,1.76376812
112,693,1.76413043
112,694,1.76449275
112,695,1.76485507
112,696,1.76521739
112,697,1.76557971
112,698,1.76594203
112,699,1.76630435
112,700,1.76666667
112,701,1.76702899
112,702,1.7673913
112,703,1.76775362
112,704,1.76811594
112,705,1.76847826
112,706,1.76884058
112,707,1.7692029
112,708,1.76956522
112,709,1.76992754
112,710,1.77028986
112,711,1.77065217
112,712,1.77101449
112,713,1.77137681
112,714,1.77173913
112,715,1.77210145
112,716,1.77246377
112,717,1.77282609
112,718,1.77318841
112,719,1.77355072
112,720,1.77391304
112,721,1.77427536
112,722,1.77463768
112,723,1.775
112,724,1.77536232
112,725,1.77572464
112,726,1.77608696
112,727,1.77644928
112,728,1.77681159
112,729,1.77717391
112,730,1.77753623
112,731,1.77789855
112,732,1.77826087
112,733,1.77862319
112,734,1.77898551
112,735,1.77934783
112,736,1.77971014
112,737,1.78007246
112,738,1.78043478
112,739,1.7807971
112,740,1.78115942
112,741,1.78152174
112,742,1.78188406
112,743,1.78224638
112,744,1.7826087
112,745,1.78297101
112,746,1.78333333
112,747,1.78369565
112,748,1.78405797
112,749,1.78442029
112,750,1.78478261
112,751,1.78514493
112,752,1.78550725
112,753,1.78586957
112,754,1.78623188
112,755,1.7865942
112,756,1.78695652
112,757,1.78731884
112,758,1.78768116
112,759,1.78804348
112,760,1.7884058
112,761,1.78876812
112,762,1.78913043
112,763,1.78949275
112,764,1.78985507
112,765,1.79021739
112,766,1.79057971
112,767,1.79094203
112,768,1.79130435
112,769,1.79166667
112,770,1.79202899
112,771,1.7923913
112,772,1.79275362
112,773,1.79311594
112,774,1.79347826
112,775,1.79384058
112,776,1.7942029
112,777,1.79456522
112,778,1.79492754
112,779,1.79528986
112,780,1.79565217
112,781,1.79601449
112,782,1.79637681
112,783,1.79673913
112,784,1.79710145
112,785,1.79746377
112,786,1.79782609
112,787,1.79818841
112,788,1.79855072
112,789,1.79891304
112,790,1.79927536
112,791,1.79963768
112,792,1.8
113,0,0
113,1,0.75
113,2,0.75201342
113,3,0.75402685
113,4,0.75604027
113,5,0.75805369
113,6,0.76006711
113,7,0.76208054
113,8,0.76409396
113,9,0.76610738
113,10,0.76812081
113,11,0.77013423
113,12,0.77214765
113,13,0.77416107
113,14,0.7761745
113,15,0.77818792
113,16,0.78020134
113,17,0.78221477
113,18,0.78422819
113,19,0.78624161
113,20,0.78825503
113,21,0.79026846
113,22,0.79228188
113,23,0.7942953
113,24,0.79630872
113,25,0.79832215
113,26,0.80033557
113,27,0.80234899
113,28,0.80436242
113,29,0.80637584
113,30,0.80838926
113,31,0.81040268
113,32,0.81241611
113,33,0.81442953
113,34,0.81644295
113,35,0.81845638
113,36,0.8204698
113,37,0.82248322
113,38,0.82449664
113,39,0.82651007
113,40,0.82852349
113,41,0.83053691
113,42,0.83255034
113,43,0.83456376
113,44,0.83657718
113,45,0.8385906
113,46,0.84060403
113,47,0.84261745
113,48,0.84463087
113,49,0.8466443
113,50,0.84865772
113,51,0.85067114
113,52,0.85268456
113,53,0.85469799
113,54,0.85671141
113,55,0.85872483
113,56,0.86073826
113,57,0.86275168
113,58,0.8647651
113,59,0.86677852
113,60,0.86879195
113,61,0.87080537
113,62,0.87281879
113,63,0.87483221
113,64,0.87684564
113,65,0.87885906
113,66,0.88087248
113,67,0.88288591
113,68,0.88489933
113,69,0.88691275
113,70,0.88892617
113,71,0.8909396
113,72,0.89295302
113,73,0.89496644
113,74,0.89697987
113,75,0.89899329
113,76,0.90100671
113,77,0.90302013
113,78,0.90503356
113,79,0.90704698
113,80,0.9090604
113,81,0.91107383
113,82,0.91308725
113,83,0.91510067
113,84,0.91711409
113,85,0.91912752
113,86,0.92114094
113,87,0.92315436
113,88,0.92516779
113,89,0.92718121
113,90,0.92919463
113,91,0.93120805
113,92,0.93322148
113,93,0.9352349
113,94,0.93724832
113,95,0.93926174
113,96,0.94127517
113,97,0.94328859
113,98,0.94530201
113,99,0.94731544
113,100,0.94932886
113,101,0.95134228
113,102,0.9533557
113,103,0.95536913
113,104,0.95738255
113,105,0.95939597
113,106,0.9614094
113,107,0.96342282
113,108,0.96543624
113,109,0.96744966
113,110,0.96946309
113,111,0.97147651
113,112,0.97348993
113,113,0.97550336
113,114,0.97751678
113,115,0.9795302
113,116,0.98154362
113,117,0.98355705
113,118,0.98557047
113,119,0.98758389
113,120,0.98959732
113,121,0.99161074
113,122,0.99362416
113,123,0.99563758
113,124,0.99765101
113,125,0.99966443
113,126,1.00167785
113,127,1.00369128
113,128,1.0057047
113,129,1.00771812
113,130,1.00973154
113,131,1.01174497
113,132,1.01375839
113,133,1.01577181
113,134,1.01778523
113,135,1.01979866
113,136,1.02181208
113,137,1.0238255
113,138,1.02583893
113,139,1.02785235
113,140,1.02986577
113,141,1.03187919
113,142,1.03389262
113,143,1.03590604
113,144,1.03791946
113,145,1.03993289
113,146,1.04194631
113,147,1.04395973
113,148,1.04597315
113,149,1.04798658
113,150,1.05
113,151,1.06
113,152,1.07
113,153,1.08
113,154,1.09
113,155,1.1
113,156,1.11
113,157,1.12
113,158,1.13
113,159,1.14
113,160,1.15
113,161,1.16
113,162,1.17
113,163,1.18
113,164,1.19
113,165,1.2
113,166,1.21
113,167,1.22
113,168,1.23
113,169,1.24
113,170,1.25
113,171,1.26
113,172,1.27
113,173,1.28
113,174,1.29
113,175,1.3
113,176,1.31
113,177,1.32
113,178,1.33
113,179,1.34
113,180,1.35
113,181,1.36
113,182,1.37
113,183,1.38
113,184,1.39
113,185,1.4
113,186,1.41
113,187,1.42
113,188,1.43
113,189,1.44
113,190,1.45
113,191,1.453
113,192,1.456
113,193,1.459
113,194,1.462
113,195,1.465
113,196,1.468
113,197,1.471
113,198,1.474
113,199,1.477
113,200,1.48
113,201,1.483
113,202,1.486
113,203,1.489
113,204,1.492
113,205,1.495
113,206,1.498
113,207,1.501
113,208,1.504
113,209,1.507
113,210,1.51
113,211,1.513
113,212,1.516
113,213,1.519
113,214,1.522
113,215,1.525
113,216,1.528
113,217,1.531
113,218,1.534
113,219,1.537
113,220,1.54
113,221,1.543
113,222,1.546
113,223,1.549
113,224,1.552
113,225,1.555
113,226,1.558
113,227,1.561
113,228,1.564
113,229,1.567
113,230,1.57
113,231,1.573
113,232,1.576
113,233,1.579
113,234,1.582
113,235,1.585
113,236,1.588
113,237,1.591
113,238,1.594
113,239,1.597
113,240,1.6
113,241,1.60036232
113,242,1.60072464
113,243,1.60108696
113,244,1.60144928
113,245,1.60181159
113,246,1.60217391
113,247,1.60253623
113,248,1.60289855
113,249,1.60326087
113,250,1.60362319
113,251,1.60398551
113,252,1.60434783
113,253,1.60471014
113,254,1.60507246
113,255,1.60543478
113,256,1.6057971
113,257,1.60615942
113,258,1.60652174
113,259,1.60688406
113,260,1.60724638
113,261,1.6076087
113,262,1.60797101
113,263,1.60833333
113,264,1.60869565
113,265,1.60905797
113,266,1.60942029
113,267,1.60978261
113,268,1.61014493
113,269,1.61050725
113,270,1.61086957
113,271,1.61123188
113,272,1.6115942
113,273,1.61195652
113,274,1.61231884
113,275,1.61268116
113,276,1.61304348
113,277,1.6134058
113,278,1.61376812
113,279,1.61413043
113,280,1.61449275
113,281,1.61485507
113,282,1.61521739
113,283,1.61557971
113,284,1.61594203
113,285,1.61630435
113,286,1.61666667
113,287,1.61702899
113,288,1.6173913
113,289,1.61775362
113,290,1.61811594
113,291,1.61847826
113,292,1.61884058
113,293,1.6192029
113,294,1.61956522
113,295,1.61992754
113,296,1.62028986
113,297,1.62065217
113,298,1.62101449
113,299,1.62137681
113,300,1.62173913
113,301,1.62210145
113,302,1.62246377
113,303,1.62282609
113,304,1.62318841
113,305,1.62355072
113,306,1.62391304
113,307,1.62427536
113,308,1.62463768
113,309,1.625
113,310,1.62536232
113,311,1.62572464
113,312,1.62608696
113,313,1.62644928
113,314,1.62681159
113,315,1.62717391
113,316,1.62753623
113,317,1.62789855
113,318,1.62826087
113,319,1.62862319
113,320,1.62898551
113,321,1.62934783
113,322,1.62971014
113,323,1.63007246
113,324,1.63043478
113,325,1.6307971
113,326,1.63115942
113,327,1.63152174
113,328,1.63188406
113,329,1.63224638
113,330,1.6326087
113,331,1.63297101
113,332,1.63333333
113,333,1.63369565
113,334,1.63405797
113,335,1.63442029
113,336,1.63478261
113,337,1.63514493
113,338,1.63550725
113,339,1.63586957
113,340,1.63623188
113,341,1.6365942
113,342,1.63695652
113,343,1.63731884
113,344,1.63768116
113,345,1.63804348
113,346,1.6384058
113,347,1.63876812
113,348,1.63913043
113,349,1.63949275
113,350,1.63985507
113,351,1.64021739
113,352,1.64057971
113,353,1.64094203
113,354,1.64130435
113,355,1.64166667
113,356,1.64202899
113,357,1.6423913
113,358,1.64275362
113,359,1.64311594
113,360,1.64347826
113,361,1.64384058
113,362,1.6442029
113,363,1.64456522
113,364,1.64492754
113,365,1.64528986
113,366,1.64565217
113,367,1.64601449
113,368,1.64637681
113,369,1.64673913
113,370,1.64710145
113,371,1.64746377
113,372,1.64782609
113,373,1.64818841
113,374,1.64855072
113,375,1.64891304
113,376,1.64927536
113,377,1.64963768
113,378,1.65
113,379,1.65036232
113,380,1.65072464
113,381,1.65108696
113,382,1.65144928
113,383,1.65181159
113,384,1.65217391
113,385,1.65253623
113,386,1.65289855
113,387,1.65326087
113,388,1.65362319
113,389,1.65398551
113,390,1.65434783
113,391,1.65471014
113,392,1.65507246
113,393,1.65543478
113,394,1.6557971
113,395,1.65615942
113,396,1.65652174
113,397,1.65688406
113,398,1.65724638
113,399,1.6576087
113,400,1.65797101
113,401,1.65833333
113,402,1.65869565
113,403,1.65905797
113,404,1.65942029
113,405,1.65978261
113,406,1.66014493
113,407,1.66050725
113,408,1.66086957
113,409,1.66123188
113,410,1.6615942
113,411,1.66195652
113,412,1.66231884
113,413,1.66268116
113,414,1.66304348
113,415,1.6634058
113,416,1.66376812
113,417,1.66413043
113,418,1.66449275
113,419,1.66485507
113,420,1.66521739
113,421,1.66557971
113,422,1.66594203
113,423,1.66630435
113,424,1.66666667
113,425,1.66702899
113,426,1.6673913
113,427,1.66775362
113,428,1.66811594
113,429,1.66847826
113,430,1.66884058
113,431,1.6692029
113,432,1.66956522
113,433,1.66992754
113,434,1.67028986
113,435,1.67065217
113,436,1.67101449
113,437,1.67137681
113,438,1.67173913
113,439,1.67210145
113,440,1.67246377
113,441,1.67282609
113,442,1.67318841
113,443,1.67355072
113,444,1.67391304
113,445,1.67427536
113,446,1.67463768
113,447,1.675
113,448,1.67536232
113,449,1.67572464
113,450,1.67608696
113,451,1.67644928
113,452,1.67681159
113,453,1.67717391
113,454,1.67753623
113,455,1.67789855
113,456,1.67826087
113,457,1.67862319
113,458,1.67898551
113,459,1.67934783
113,460,1.67971014
113,461,1.68007246
113,462,1.68043478
113,463,1.6807971
113,464,1.68115942
113,465,1.68152174
113,466,1.68188406
113,467,1.68224638
113,468,1.6826087
113,469,1.68297101
113,470,1.68333333
113,471,1.68369565
113,472,1.68405797
113,473,1.68442029
113,474,1.68478261
113,475,1.68514493
113,476,1.68550725
113,477,1.68586957
113,478,1.68623188
113,479,1.6865942
113,480,1.68695652
113,481,1.68731884
113,482,1.68768116
113,483,1.68804348
113,484,1.6884058
113,485,1.68876812
113,486,1.68913043
113,487,1.68949275
113,488,1.68985507
113,489,1.69021739
113,490,1.69057971
113,491,1.69094203
113,492,1.69130435
113,493,1.69166667
113,494,1.69202899
113,495,1.6923913
113,496,1.69275362
113,497,1.69311594
113,498,1.69347826
113,499,1.69384058
113,500,1.6942029
113,501,1.69456522
113,502,1.69492754
113,503,1.69528986
113,504,1.69565217
113,505,1.69601449
113,506,1.69637681
113,507,1.69673913
113,508,1.69710145
113,509,1.69746377
113,510,1.69782609
113,511,1.69818841
113,512,1.69855072
113,513,1.69891304
113,514,1.69927536
113,515,1.69963768
113,516,1.7
113,517,1.70036232
113,518,1.70072464
113,519,1.70108696
113,520,1.70144928
113,521,1.70181159
113,522,1.70217391
113,523,1.70253623
113,524,1.70289855
113,525,1.70326087
113,526,1.70362319
113,527,1.70398551
113,528,1.70434783
113,529,1.70471014
113,530,1.70507246
113,531,1.70543478
113,532,1.7057971
113,533,1.70615942
113,534,1.70652174
113,535,1.70688406
113,536,1.70724638
113,537,1.7076087
113,538,1.70797101
113,539,1.70833333
113,540,1.70869565
113,541,1.70905797
113,542,1.70942029
113,543,1.70978261
113,544,1.71014493
113,545,1.71050725
113,546,1.71086957
113,547,1.71123188
113,548,1.7115942
113,549,1.71195652
113,550,1.71231884
113,551,1.71268116
113,552,1.71304348
113,553,1.7134058
113,554,1.71376812
113,555,1.71413043
113,556,1.71449275
113,557,1.71485507
113,558,1.71521739
113,559,1.71557971
113,560,1.71594203
113,561,1.71630435
113,562,1.71666667
113,563,1.71702899
113,564,1.7173913
113,565,1.71775362
113,566,1.71811594
113,567,1.71847826
113,568,1.71884058
113,569,1.7192029
113,570,1.71956522
113,571,1.71992754
113,572,1.72028986
113,573,1.72065217
113,574,1.72101449
113,575,1.72137681
113,576,1.72173913
113,577,1.72210145
113,578,1.72246377
113,579,1.72282609
113,580,1.72318841
113,581,1.72355072
113,582,1.72391304
113,583,1.72427536
113,584,1.72463768
113,585,1.725
113,586,1.72536232
113,587,1.72572464
113,588,1.72608696
113,589,1.72644928
113,590,1.72681159
113,591,1.72717391
113,592,1.72753623
113,593,1.72789855
113,594,1.72826087
113,595,1.72862319
113,596,1.72898551
113,597,1.72934783
113,598,1.72971014
113,599,1.73007246
113,600,1.73043478
113,601,1.7307971
113,602,1.73115942
113,603,1.73152174
113,604,1.73188406
113,605,1.73224638
113,606,1.7326087
113,607,1.73297101
113,608,1.73333333
113,609,1.73369565
113,610,1.73405797
113,611,1.73442029
113,612,1.73478261
113,613,1.73514493
113,614,1.73550725
113,615,1.73586957
113,616,1.73623188
113,617,1.7365942
113,618,1.73695652
113,619,1.73731884
113,620,1.73768116
113,621,1.73804348
113,622,1.7384058
113,623,1.73876812
113,624,1.73913043
113,625,1.73949275
113,626,1.73985507
113,627,1.74021739
113,628,1.74057971
113,629,1.74094203
113,630,1.74130435
113,631,1.74166667
113,632,1.74202899
113,633,1.7423913
113,634,1.74275362
113,635,1.74311594
113,636,1.74347826
113,637,1.74384058
113,638,1.7442029
113,639,1.74456522
113,640,1.74492754
113,641,1.74528986
113,642,1.74565217
113,643,1.74601449
113,644,1.74637681
113,645,1.74673913
113,646,1.74710145
113,647,1.74746377
113,648,1.74782609
113,649,1.74818841
113,650,1.74855072
113,651,1.74891304
113,652,1.74927536
113,653,1.74963768
113,654,1.75
113,655,1.75036232
113,656,1.75072464
113,657,1.75108696
113,658,1.75144928
113,659,1.75181159
113,660,1.75217391
113,661,1.75253623
113,662,1.75289855
113,663,1.75326087
113,664,1.75362319
113,665,1.75398551
113,666,1.75434783
113,667,1.75471014
113,668,1.75507246
113,669,1.75543478
113,670,1.7557971
113,671,1.75615942
113,672,1.75652174
113,673,1.75688406
113,674,1.75724638
113,675,1.7576087
113,676,1.75797101
113,677,1.75833333
113,678,1.75869565
113,679,1.75905797
113,680,1.75942029
113,681,1.75978261
113,682,1.76014493
113,683,1.76050725
113,684,1.76086957
113,685,1.76123188
113,686,1.7615942
113,687,1.76195652
113,688,1.76231884
113,689,1.76268116
113,690,1.76304348
113,691,1.7634058
113,692,1.76376812
113,693,1.76413043
113,694,1.76449275
113,695,1.76485507
113,696,1.76521739
113,697,1.76557971
113,698,1.76594203
113,699,1.76630435
113,700,1.76666667
113,701,1.76702899
113,702,1.7673913
113,703,1.76775362
113,704,1.76811594
113,705,1.76847826
113,706,1.76884058
113,707,1.7692029
113,708,1.76956522
113,709,1.76992754
113,710,1.77028986
113,711,1.77065217
113,712,1.77101449
113,713,1.77137681
113,714,1.77173913
113,715,1.77210145
113,716,1.77246377
113,717,1.77282609
113,718,1.77318841
113,719,1.77355072
113,720,1.77391304
113,721,1.77427536
113,722,1.77463768
113,723,1.775
113,724,1.77536232
113,725,1.77572464
113,726,1.77608696
113,727,1.77644928
113,728,1.77681159
113,729,1.77717391
113,730,1.77753623
113,731,1.77789855
113,732,1.77826087
113,733,1.77862319
113,734,1.77898551
113,735,1.77934783
113,736,1.77971014
113,737,1.78007246
113,738,1.78043478
113,739,1.7807971
113,740,1.78115942
113,741,1.78152174
113,742,1.78188406
113,743,1.78224638
113,744,1.7826087
113,745,1.78297101
113,746,1.78333333
113,747,1.78369565
113,748,1.78405797
113,749,1.78442029
113,750,1.78478261
113,751,1.78514493
113,752,1.78550725
113,753,1.78586957
113,754,1.78623188
113,755,1.7865942
113,756,1.78695652
113,757,1.78731884
113,758,1.78768116
113,759,1.78804348
113,760,1.7884058
113,761,1.78876812
113,762,1.78913043
113,763,1.78949275
113,764,1.78985507
113,765,1.79021739
113,766,1.79057971
113,767,1.79094203
113,768,1.79130435
113,769,1.79166667
113,770,1.79202899
113,771,1.7923913
113,772,1.79275362
113,773,1.79311594
113,774,1.79347826
113,775,1.79384058
113,776,1.7942029
113,777,1.79456522
113,778,1.79492754
113,779,1.79528986
113,780,1.79565217
113,781,1.79601449
113,782,1.79637681
113,783,1.79673913
113,784,1.79710145
113,785,1.79746377
113,786,1.79782609
113,787,1.79818841
113,788,1.79855072
113,789,1.79891304
113,790,1.79927536
113,791,1.79963768
113,792,1.8
114,0,0
114,1,0.75
114,2,0.75201342
114,3,0.75402685
114,4,0.75604027
114,5,0.75805369
114,6,0.76006711
114,7,0.76208054
114,8,0.76409396
114,9,0.76610738
114,10,0.76812081
114,11,0.77013423
114,12,0.77214765
114,13,0.77416107
114,14,0.7761745
114,15,0.77818792
114,16,0.78020134
114,17,0.78221477
114,18,0.78422819
114,19,0.78624161
114,20,0.78825503
114,21,0.79026846
114,22,0.79228188
114,23,0.7942953
114,24,0.79630872
114,25,0.79832215
114,26,0.80033557
114,27,0.80234899
114,28,0.80436242
114,29,0.80637584
114,30,0.80838926
114,31,0.81040268
114,32,0.81241611
114,33,0.81442953
114,34,0.81644295
114,35,0.81845638
114,36,0.8204698
114,37,0.82248322
114,38,0.82449664
114,39,0.82651007
114,40,0.82852349
114,41,0.83053691
114,42,0.83255034
114,43,0.83456376
114,44,0.83657718
114,45,0.8385906
114,46,0.84060403
114,47,0.84261745
114,48,0.84463087
114,49,0.8466443
114,50,0.84865772
114,51,0.85067114
114,52,0.85268456
114,53,0.85469799
114,54,0.85671141
114,55,0.85872483
114,56,0.86073826
114,57,0.86275168
114,58,0.8647651
114,59,0.86677852
114,60,0.86879195
114,61,0.87080537
114,62,0.87281879
114,63,0.87483221
114,64,0.87684564
114,65,0.87885906
114,66,0.88087248
114,67,0.88288591
114,68,0.88489933
114,69,0.88691275
114,70,0.88892617
114,71,0.8909396
114,72,0.89295302
114,73,0.89496644
114,74,0.89697987
114,75,0.89899329
114,76,0.90100671
114,77,0.90302013
114,78,0.90503356
114,79,0.90704698
114,80,0.9090604
114,81,0.91107383
114,82,0.91308725
114,83,0.91510067
114,84,0.91711409
114,85,0.91912752
114,86,0.92114094
114,87,0.92315436
114,88,0.92516779
114,89,0.92718121
114,90,0.92919463
114,91,0.93120805
114,92,0.93322148
114,93,0.9352349
114,94,0.93724832
114,95,0.93926174
114,96,0.94127517
114,97,0.94328859
114,98,0.94530201
114,99,0.94731544
114,100,0.94932886
114,101,0.95134228
114,102,0.9533557
114,103,0.95536913
114,104,0.95738255
114,105,0.95939597
114,106,0.9614094
114,107,0.96342282
114,108,0.96543624
114,109,0.96744966
114,110,0.96946309
114,111,0.97147651
114,112,0.97348993
114,113,0.97550336
114,114,0.97751678
114,115,0.9795302
114,116,0.98154362
114,117,0.98355705
114,118,0.98557047
114,119,0.98758389
114,120,0.98959732
114,121,0.99161074
114,122,0.99362416
114,123,0.99563758
114,124,0.99765101
114,125,0.99966443
114,126,1.00167785
114,127,1.00369128
114,128,1.0057047
114,129,1.00771812
114,130,1.00973154
114,131,1.01174497
114,132,1.01375839
114,133,1.01577181
114,134,1.01778523
114,135,1.01979866
114,136,1.02181208
114,137,1.0238255
114,138,1.02583893
114,139,1.02785235
114,140,1.02986577
114,141,1.03187919
114,142,1.03389262
114,143,1.03590604
114,144,1.03791946
114,145,1.03993289
114,146,1.04194631
114,147,1.04395973
114,148,1.04597315
114,149,1.04798658
114,150,1.05
114,151,1.06
114,152,1.07
114,153,1.08
114,154,1.09
114,155,1.1
114,156,1.11
114,157,1.12
114,158,1.13
114,159,1.14
114,160,1.15
114,161,1.16
114,162,1.17
114,163,1.18
114,164,1.19
114,165,1.2
114,166,1.21
114,167,1.22
114,168,1.23
114,169,1.24
114,170,1.25
114,171,1.26
114,172,1.27
114,173,1.28
114,174,1.29
114,175,1.3
114,176,1.31
114,177,1.32
114,178,1.33
114,179,1.34
114,180,1.35
114,181,1.36
114,182,1.37
114,183,1.38
114,184,1.39
114,185,1.4
114,186,1.41
114,187,1.42
114,188,1.43
114,189,1.44
114,190,1.45
114,191,1.453
114,192,1.456
114,193,1.459
114,194,1.462
114,195,1.465
114,196,1.468
114,197,1.471
114,198,1.474
114,199,1.477
114,200,1.48
114,201,1.483
114,202,1.486
114,203,1.489
114,204,1.492
114,205,1.495
114,206,1.498
114,207,1.501
114,208,1.504
114,209,1.507
114,210,1.51
114,211,1.513
114,212,1.516
114,213,1.519
114,214,1.522
114,215,1.525
114,216,1.528
114,217,1.531
114,218,1.534
114,219,1.537
114,220,1.54
114,221,1.543
114,222,1.546
114,223,1.549
114,224,1.552
114,225,1.555
114,226,1.558
114,227,1.561
114,228,1.564
114,229,1.567
114,230,1.57
114,231,1.573
114,232,1.576
114,233,1.579
114,234,1.582
114,235,1.585
114,236,1.588
114,237,1.591
114,238,1.594
114,239,1.597
114,240,1.6
114,241,1.60036232
114,242,1.60072464
114,243,1.60108696
114,244,1.60144928
114,245,1.60181159
114,246,1.60217391
114,247,1.60253623
114,248,1.60289855
114,249,1.60326087
114,250,1.60362319
114,251,1.60398551
114,252,1.60434783
114,253,1.60471014
114,254,1.60507246
114,255,1.60543478
114,256,1.6057971
114,257,1.60615942
114,258,1.60652174
114,259,1.60688406
114,260,1.60724638
114,261,1.6076087
114,262,1.60797101
114,263,1.60833333
114,264,1.60869565
114,265,1.60905797
114,266,1.60942029
114,267,1.60978261
114,268,1.61014493
114,269,1.61050725
114,270,1.61086957
114,271,1.61123188
114,272,1.6115942
114,273,1.61195652
114,274,1.61231884
114,275,1.61268116
114,276,1.61304348
114,277,1.6134058
114,278,1.61376812
114,279,1.61413043
114,280,1.61449275
114,281,1.61485507
114,282,1.61521739
114,283,1.61557971
114,284,1.61594203
114,285,1.61630435
114,286,1.61666667
114,287,1.61702899
114,288,1.6173913
114,289,1.61775362
114,290,1.61811594
114,291,1.61847826
114,292,1.61884058
114,293,1.6192029
114,294,1.61956522
114,295,1.61992754
114,296,1.62028986
114,297,1.62065217
114,298,1.62101449
114,299,1.62137681
114,300,1.62173913
114,301,1.62210145
114,302,1.62246377
114,303,1.62282609
114,304,1.62318841
114,305,1.62355072
114,306,1.62391304
114,307,1.62427536
114,308,1.62463768
114,309,1.625
114,310,1.62536232
114,311,1.62572464
114,312,1.62608696
114,313,1.62644928
114,314,1.62681159
114,315,1.62717391
114,316,1.62753623
114,317,1.62789855
114,318,1.62826087
114,319,1.62862319
114,320,1.62898551
114,321,1.62934783
114,322,1.62971014
114,323,1.63007246
114,324,1.63043478
114,325,1.6307971
114,326,1.63115942
114,327,1.63152174
114,328,1.63188406
114,329,1.63224638
114,330,1.6326087
114,331,1.63297101
114,332,1.63333333
114,333,1.63369565
114,334,1.63405797
114,335,1.63442029
114,336,1.63478261
114,337,1.63514493
114,338,1.63550725
114,339,1.63586957
114,340,1.63623188
114,341,1.6365942
114,342,1.63695652
114,343,1.63731884
114,344,1.63768116
114,345,1.63804348
114,346,1.6384058
114,347,1.63876812
114,348,1.63913043
114,349,1.63949275
114,350,1.63985507
114,351,1.64021739
114,352,1.64057971
114,353,1.64094203
114,354,1.64130435
114,355,1.64166667
114,356,1.64202899
114,357,1.6423913
114,358,1.64275362
114,359,1.64311594
114,360,1.64347826
114,361,1.64384058
114,362,1.6442029
114,363,1.64456522
114,364,1.64492754
114,365,1.64528986
114,366,1.64565217
114,367,1.64601449
114,368,1.64637681
114,369,1.64673913
114,370,1.64710145
114,371,1.64746377
114,372,1.64782609
114,373,1.64818841
114,374,1.64855072
114,375,1.64891304
114,376,1.64927536
114,377,1.64963768
114,378,1.65
114,379,1.65036232
114,380,1.65072464
114,381,1.65108696
114,382,1.65144928
114,383,1.65181159
114,384,1.65217391
114,385,1.65253623
114,386,1.65289855
114,387,1.65326087
114,388,1.65362319
114,389,1.65398551
114,390,1.65434783
114,391,1.65471014
114,392,1.65507246
114,393,1.65543478
114,394,1.6557971
114,395,1.65615942
114,396,1.65652174
114,397,1.65688406
114,398,1.65724638
114,399,1.6576087
114,400,1.65797101
114,401,1.65833333
114,402,1.65869565
114,403,1.65905797
114,404,1.65942029
114,405,1.65978261
114,406,1.66014493
114,407,1.66050725
114,408,1.66086957
114,409,1.66123188
114,410,1.6615942
114,411,1.66195652
114,412,1.66231884
114,413,1.66268116
114,414,1.66304348
114,415,1.6634058
114,416,1.66376812
114,417,1.66413043
114,418,1.66449275
114,419,1.66485507
114,420,1.66521739
114,421,1.66557971
114,422,1.66594203
114,423,1.66630435
114,424,1.66666667
114,425,1.66702899
114,426,1.6673913
114,427,1.66775362
114,428,1.66811594
114,429,1.66847826
114,430,1.66884058
114,431,1.6692029
114,432,1.66956522
114,433,1.66992754
114,434,1.67028986
114,435,1.67065217
114,436,1.67101449
114,437,1.67137681
114,438,1.67173913
114,439,1.67210145
114,440,1.67246377
114,441,1.67282609
114,442,1.67318841
114,443,1.67355072
114,444,1.67391304
114,445,1.67427536
114,446,1.67463768
114,447,1.675
114,448,1.67536232
114,449,1.67572464
114,450,1.67608696
114,451,1.67644928
114,452,1.67681159
114,453,1.67717391
114,454,1.67753623
114,455,1.67789855
114,456,1.67826087
114,457,1.67862319
114,458,1.67898551
114,459,1.67934783
114,460,1.67971014
114,461,1.68007246
114,462,1.68043478
114,463,1.6807971
114,464,1.68115942
114,465,1.68152174
114,466,1.68188406
114,467,1.68224638
114,468,1.6826087
114,469,1.68297101
114,470,1.68333333
114,471,1.68369565
114,472,1.68405797
114,473,1.68442029
114,474,1.68478261
114,475,1.68514493
114,476,1.68550725
114,477,1.68586957
114,478,1.68623188
114,479,1.6865942
114,480,1.68695652
114,481,1.68731884
114,482,1.68768116
114,483,1.68804348
114,484,1.6884058
114,485,1.68876812
114,486,1.68913043
114,487,1.68949275
114,488,1.68985507
114,489,1.69021739
114,490,1.69057971
114,491,1.69094203
114,492,1.69130435
114,493,1.69166667
114,494,1.69202899
114,495,1.6923913
114,496,1.69275362
114,497,1.69311594
114,498,1.69347826
114,499,1.69384058
114,500,1.6942029
114,501,1.69456522
114,502,1.69492754
114,503,1.69528986
114,504,1.69565217
114,505,1.69601449
114,506,1.69637681
114,507,1.69673913
114,508,1.69710145
114,509,1.69746377
114,510,1.69782609
114,511,1.69818841
114,512,1.69855072
114,513,1.69891304
114,514,1.69927536
114,515,1.69963768
114,516,1.7
114,517,1.70036232
114,518,1.70072464
114,519,1.70108696
114,520,1.70144928
114,521,1.70181159
114,522,1.70217391
114,523,1.70253623
114,524,1.70289855
114,525,1.70326087
114,526,1.70362319
114,527,1.70398551
114,528,1.70434783
114,529,1.70471014
114,530,1.70507246
114,531,1.70543478
114,532,1.7057971
114,533,1.70615942
114,534,1.70652174
114,535,1.70688406
114,536,1.70724638
114,537,1.7076087
114,538,1.70797101
114,539,1.70833333
114,540,1.70869565
114,541,1.70905797
114,542,1.70942029
114,543,1.70978261
114,544,1.71014493
114,545,1.71050725
114,546,1.71086957
114,547,1.71123188
114,548,1.7115942
114,549,1.71195652
114,550,1.71231884
114,551,1.71268116
114,552,1.71304348
114,553,1.7134058
114,554,1.71376812
114,555,1.71413043
114,556,1.71449275
114,557,1.71485507
114,558,1.71521739
114,559,1.71557971
114,560,1.71594203
114,561,1.71630435
114,562,1.71666667
114,563,1.71702899
114,564,1.7173913
114,565,1.71775362
114,566,1.71811594
114,567,1.71847826
114,568,1.71884058
114,569,1.7192029
114,570,1.71956522
114,571,1.71992754
114,572,1.72028986
114,573,1.72065217
114,574,1.72101449
114,575,1.72137681
114,576,1.72173913
114,577,1.72210145
114,578,1.72246377
114,579,1.72282609
114,580,1.72318841
114,581,1.72355072
114,582,1.72391304
114,583,1.72427536
114,584,1.72463768
114,585,1.725
114,586,1.72536232
114,587,1.72572464
114,588,1.72608696
114,589,1.72644928
114,590,1.72681159
114,591,1.72717391
114,592,1.72753623
114,593,1.72789855
114,594,1.72826087
114,595,1.72862319
114,596,1.72898551
114,597,1.72934783
114,598,1.72971014
114,599,1.73007246
114,600,1.73043478
114,601,1.7307971
114,602,1.73115942
114,603,1.73152174
114,604,1.73188406
114,605,1.73224638
114,606,1.7326087
114,607,1.73297101
114,608,1.73333333
114,609,1.73369565
114,610,1.73405797
114,611,1.73442029
114,612,1.73478261
114,613,1.73514493
114,614,1.73550725
114,615,1.73586957
114,616,1.73623188
114,617,1.7365942
114,618,1.73695652
114,619,1.73731884
114,620,1.73768116
114,621,1.73804348
114,622,1.7384058
114,623,1.73876812
114,624,1.73913043
114,625,1.73949275
114,626,1.73985507
114,627,1.74021739
114,628,1.74057971
114,629,1.74094203
114,630,1.74130435
114,631,1.74166667
114,632,1.74202899
114,633,1.7423913
114,634,1.74275362
114,635,1.74311594
114,636,1.74347826
114,637,1.74384058
114,638,1.7442029
114,639,1.74456522
114,640,1.74492754
114,641,1.74528986
114,642,1.74565217
114,643,1.74601449
114,644,1.74637681
114,645,1.74673913
114,646,1.74710145
114,647,1.74746377
114,648,1.74782609
114,649,1.74818841
114,650,1.74855072
114,651,1.74891304
114,652,1.74927536
114,653,1.74963768
114,654,1.75
114,655,1.75036232
114,656,1.75072464
114,657,1.75108696
114,658,1.75144928
114,659,1.75181159
114,660,1.75217391
114,661,1.75253623
114,662,1.75289855
114,663,1.75326087
114,664,1.75362319
114,665,1.75398551
114,666,1.75434783
114,667,1.75471014
114,668,1.75507246
114,669,1.75543478
114,670,1.7557971
114,671,1.75615942
114,672,1.75652174
114,673,1.75688406
114,674,1.75724638
114,675,1.7576087
114,676,1.75797101
114,677,1.75833333
114,678,1.75869565
114,679,1.75905797
114,680,1.75942029
114,681,1.75978261
114,682,1.76014493
114,683,1.76050725
114,684,1.76086957
114,685,1.76123188
114,686,1.7615942
114,687,1.76195652
114,688,1.76231884
114,689,1.76268116
114,690,1.76304348
114,691,1.7634058
114,692,1.76376812
114,693,1.76413043
114,694,1.76449275
114,695,1.76485507
114,696,1.76521739
114,697,1.76557971
114,698,1.76594203
114,699,1.76630435
114,700,1.76666667
114,701,1.76702899
114,702,1.7673913
114,703,1.76775362
114,704,1.76811594
114,705,1.76847826
114,706,1.76884058
114,707,1.7692029
114,708,1.76956522
114,709,1.76992754
114,710,1.77028986
114,711,1.77065217
114,712,1.77101449
114,713,1.77137681
114,714,1.77173913
114,715,1.77210145
114,716,1.77246377
114,717,1.77282609
114,718,1.77318841
114,719,1.77355072
114,720,1.77391304
114,721,1.77427536
114,722,1.77463768
114,723,1.775
114,724,1.77536232
114,725,1.77572464
114,726,1.77608696
114,727,1.77644928
114,728,1.77681159
114,729,1.77717391
114,730,1.77753623
114,731,1.77789855
114,732,1.77826087
114,733,1.77862319
114,734,1.77898551
114,735,1.77934783
114,736,1.77971014
114,737,1.78007246
114,738,1.78043478
114,739,1.7807971
114,740,1.78115942
114,741,1.78152174
114,742,1.78188406
114,743,1.78224638
114,744,1.7826087
114,745,1.78297101
114,746,1.78333333
114,747,1.78369565
114,748,1.78405797
114,749,1.78442029
114,750,1.78478261
114,751,1.78514493
114,752,1.78550725
114,753,1.78586957
114,754,1.78623188
114,755,1.7865942
114,756,1.78695652
114,757,1.78731884
114,758,1.78768116
114,759,1.78804348
114,760,1.7884058
114,761,1.78876812
114,762,1.78913043
114,763,1.78949275
114,764,1.78985507
114,765,1.79021739
114,766,1.79057971
114,767,1.79094203
114,768,1.79130435
114,769,1.79166667
114,770,1.79202899
114,771,1.7923913
114,772,1.79275362
114,773,1.79311594
114,774,1.79347826
114,775,1.79384058
114,776,1.7942029
114,777,1.79456522
114,778,1.79492754
114,779,1.79528986
114,780,1.79565217
114,781,1.79601449
114,782,1.79637681
114,783,1.79673913
114,784,1.79710145
114,785,1.79746377
114,786,1.79782609
114,787,1.79818841
114,788,1.79855072
114,789,1.79891304
114,790,1.79927536
114,791,1.79963768
114,792,1.8
115,0,0
115,1,0.75
115,2,0.75201342
115,3,0.75402685
115,4,0.75604027
115,5,0.75805369
115,6,0.76006711
115,7,0.76208054
115,8,0.76409396
115,9,0.76610738
115,10,0.76812081
115,11,0.77013423
115,12,0.77214765
115,13,0.77416107
115,14,0.7761745
115,15,0.77818792
115,16,0.78020134
115,17,0.78221477
115,18,0.78422819
115,19,0.78624161
115,20,0.78825503
115,21,0.79026846
115,22,0.79228188
115,23,0.7942953
115,24,0.79630872
115,25,0.79832215
115,26,0.80033557
115,27,0.80234899
115,28,0.80436242
115,29,0.80637584
115,30,0.80838926
115,31,0.81040268
115,32,0.81241611
115,33,0.81442953
115,34,0.81644295
115,35,0.81845638
115,36,0.8204698
115,37,0.82248322
115,38,0.82449664
115,39,0.82651007
115,40,0.82852349
115,41,0.83053691
115,42,0.83255034
115,43,0.83456376
115,44,0.83657718
115,45,0.8385906
115,46,0.84060403
115,47,0.84261745
115,48,0.84463087
115,49,0.8466443
115,50,0.84865772
115,51,0.85067114
115,52,0.85268456
115,53,0.85469799
115,54,0.85671141
115,55,0.85872483
115,56,0.86073826
115,57,0.86275168
115,58,0.8647651
115,59,0.86677852
115,60,0.86879195
115,61,0.87080537
115,62,0.87281879
115,63,0.87483221
115,64,0.87684564
115,65,0.87885906
115,66,0.88087248
115,67,0.88288591
115,68,0.88489933
115,69,0.88691275
115,70,0.88892617
115,71,0.8909396
115,72,0.89295302
115,73,0.89496644
115,74,0.89697987
115,75,0.89899329
115,76,0.90100671
115,77,0.90302013
115,78,0.90503356
115,79,0.90704698
115,80,0.9090604
115,81,0.91107383
115,82,0.91308725
115,83,0.91510067
115,84,0.91711409
115,85,0.91912752
115,86,0.92114094
115,87,0.92315436
115,88,0.92516779
115,89,0.92718121
115,90,0.92919463
115,91,0.93120805
115,92,0.93322148
115,93,0.9352349
115,94,0.93724832
115,95,0.93926174
115,96,0.94127517
115,97,0.94328859
115,98,0.94530201
115,99,0.94731544
115,100,0.94932886
115,101,0.95134228
115,102,0.9533557
115,103,0.95536913
115,104,0.95738255
115,105,0.95939597
115,106,0.9614094
115,107,0.96342282
115,108,0.96543624
115,109,0.96744966
115,110,0.96946309
115,111,0.97147651
115,112,0.97348993
115,113,0.97550336
115,114,0.97751678
115,115,0.9795302
115,116,0.98154362
115,117,0.98355705
115,118,0.98557047
115,119,0.98758389
115,120,0.98959732
115,121,0.99161074
115,122,0.99362416
115,123,0.99563758
115,124,0.99765101
115,125,0.99966443
115,126,1.00167785
115,127,1.00369128
115,128,1.0057047
115,129,1.00771812
115,130,1.00973154
115,131,1.01174497
115,132,1.01375839
115,133,1.01577181
115,134,1.01778523
115,135,1.01979866
115,136,1.02181208
115,137,1.0238255
115,138,1.02583893
115,139,1.02785235
115,140,1.02986577
115,141,1.03187919
115,142,1.03389262
115,143,1.03590604
115,144,1.03791946
115,145,1.03993289
115,146,1.04194631
115,147,1.04395973
115,148,1.04597315
115,149,1.04798658
115,150,1.05
115,151,1.06
115,152,1.07
115,153,1.08
115,154,1.09
115,155,1.1
115,156,1.11
115,157,1.12
115,158,1.13
115,159,1.14
115,160,1.15
115,161,1.16
115,162,1.17
115,163,1.18
115,164,1.19
115,165,1.2
115,166,1.21
115,167,1.22
115,168,1.23
115,169,1.24
115,170,1.25
115,171,1.26
115,172,1.27
115,173,1.28
115,174,1.29
115,175,1.3
115,176,1.31
115,177,1.32
115,178,1.33
115,179,1.34
115,180,1.35
115,181,1.36
115,182,1.37
115,183,1.38
115,184,1.39
115,185,1.4
115,186,1.41
115,187,1.42
115,188,1.43
115,189,1.44
115,190,1.45
115,191,1.453
115,192,1.456
115,193,1.459
115,194,1.462
115,195,1.465
115,196,1.468
115,197,1.471
115,198,1.474
115,199,1.477
115,200,1.48
115,201,1.483
115,202,1.486
115,203,1.489
115,204,1.492
115,205,1.495
115,206,1.498
115,207,1.501
115,208,1.504
115,209,1.507
115,210,1.51
115,211,1.513
115,212,1.516
115,213,1.519
115,214,1.522
115,215,1.525
115,216,1.528
115,217,1.531
115,218,1.534
115,219,1.537
115,220,1.54
115,221,1.543
115,222,1.546
115,223,1.549
115,224,1.552
115,225,1.555
115,226,1.558
115,227,1.561
115,228,1.564
115,229,1.567
115,230,1.57
115,231,1.573
115,232,1.576
115,233,1.579
115,234,1.582
115,235,1.585
115,236,1.588
115,237,1.591
115,238,1.594
115,239,1.597
115,240,1.6
115,241,1.60036232
115,242,1.60072464
115,243,1.60108696
115,244,1.60144928
115,245,1.60181159
115,246,1.60217391
115,247,1.60253623
115,248,1.60289855
115,249,1.60326087
115,250,1.60362319
115,251,1.60398551
115,252,1.60434783
115,253,1.60471014
115,254,1.60507246
115,255,1.60543478
115,256,1.6057971
115,257,1.60615942
115,258,1.60652174
115,259,1.60688406
115,260,1.60724638
115,261,1.6076087
115,262,1.60797101
115,263,1.60833333
115,264,1.60869565
115,265,1.60905797
115,266,1.60942029
115,267,1.60978261
115,268,1.61014493
115,269,1.61050725
115,270,1.61086957
115,271,1.61123188
115,272,1.6115942
115,273,1.61195652
115,274,1.61231884
115,275,1.61268116
115,276,1.61304348
115,277,1.6134058
115,278,1.61376812
115,279,1.61413043
115,280,1.61449275
115,281,1.61485507
115,282,1.61521739
115,283,1.61557971
115,284,1.61594203
115,285,1.61630435
115,286,1.61666667
115,287,1.61702899
115,288,1.6173913
115,289,1.61775362
115,290,1.61811594
115,291,1.61847826
115,292,1.61884058
115,293,1.6192029
115,294,1.61956522
115,295,1.61992754
115,296,1.62028986
115,297,1.62065217
115,298,1.62101449
115,299,1.62137681
115,300,1.62173913
115,301,1.62210145
115,302,1.62246377
115,303,1.62282609
115,304,1.62318841
115,305,1.62355072
115,306,1.62391304
115,307,1.62427536
115,308,1.62463768
115,309,1.625
115,310,1.62536232
115,311,1.62572464
115,312,1.62608696
115,313,1.62644928
115,314,1.62681159
115,315,1.62717391
115,316,1.62753623
115,317,1.62789855
115,318,1.62826087
115,319,1.62862319
115,320,1.62898551
115,321,1.62934783
115,322,1.62971014
115,323,1.63007246
115,324,1.63043478
115,325,1.6307971
115,326,1.63115942
115,327,1.63152174
115,328,1.63188406
115,329,1.63224638
115,330,1.6326087
115,331,1.63297101
115,332,1.63333333
115,333,1.63369565
115,334,1.63405797
115,335,1.63442029
115,336,1.63478261
115,337,1.63514493
115,338,1.63550725
115,339,1.63586957
115,340,1.63623188
115,341,1.6365942
115,342,1.63695652
115,343,1.63731884
115,344,1.63768116
115,345,1.63804348
115,346,1.6384058
115,347,1.63876812
115,348,1.63913043
115,349,1.63949275
115,350,1.63985507
115,351,1.64021739
115,352,1.64057971
115,353,1.64094203
115,354,1.64130435
115,355,1.64166667
115,356,1.64202899
115,357,1.6423913
115,358,1.64275362
115,359,1.64311594
115,360,1.64347826
115,361,1.64384058
115,362,1.6442029
115,363,1.64456522
115,364,1.64492754
115,365,1.64528986
115,366,1.64565217
115,367,1.64601449
115,368,1.64637681
115,369,1.64673913
115,370,1.64710145
115,371,1.64746377
115,372,1.64782609
115,373,1.64818841
115,374,1.64855072
115,375,1.64891304
115,376,1.64927536
115,377,1.64963768
115,378,1.65
115,379,1.65036232
115,380,1.65072464
115,381,1.65108696
115,382,1.65144928
115,383,1.65181159
115,384,1.65217391
115,385,1.65253623
115,386,1.65289855
115,387,1.65326087
115,388,1.65362319
115,389,1.65398551
115,390,1.65434783
115,391,1.65471014
115,392,1.65507246
115,393,1.65543478
115,394,1.6557971
115,395,1.65615942
115,396,1.65652174
115,397,1.65688406
115,398,1.65724638
115,399,1.6576087
115,400,1.65797101
115,401,1.65833333
115,402,1.65869565
115,403,1.65905797
115,404,1.65942029
115,405,1.65978261
115,406,1.66014493
115,407,1.66050725
115,408,1.66086957
115,409,1.66123188
115,410,1.6615942
115,411,1.66195652
115,412,1.66231884
115,413,1.66268116
115,414,1.66304348
115,415,1.6634058
115,416,1.66376812
115,417,1.66413043
115,418,1.66449275
115,419,1.66485507
115,420,1.66521739
115,421,1.66557971
115,422,1.66594203
115,423,1.66630435
115,424,1.66666667
115,425,1.66702899
115,426,1.6673913
115,427,1.66775362
115,428,1.66811594
115,429,1.66847826
115,430,1.66884058
115,431,1.6692029
115,432,1.66956522
115,433,1.66992754
115,434,1.67028986
115,435,1.67065217
115,436,1.67101449
115,437,1.67137681
115,438,1.67173913
115,439,1.67210145
115,440,1.67246377
115,441,1.67282609
115,442,1.67318841
115,443,1.67355072
115,444,1.67391304
115,445,1.67427536
115,446,1.67463768
115,447,1.675
115,448,1.67536232
115,449,1.67572464
115,450,1.67608696
115,451,1.67644928
115,452,1.67681159
115,453,1.67717391
115,454,1.67753623
115,455,1.67789855
115,456,1.67826087
115,457,1.67862319
115,458,1.67898551
115,459,1.67934783
115,460,1.67971014
115,461,1.68007246
115,462,1.68043478
115,463,1.6807971
115,464,1.68115942
115,465,1.68152174
115,466,1.68188406
115,467,1.68224638
115,468,1.6826087
115,469,1.68297101
115,470,1.68333333
115,471,1.68369565
115,472,1.68405797
115,473,1.68442029
115,474,1.68478261
115,475,1.68514493
115,476,1.68550725
115,477,1.68586957
115,478,1.68623188
115,479,1.6865942
115,480,1.68695652
115,481,1.68731884
115,482,1.68768116
115,483,1.68804348
115,484,1.6884058
115,485,1.68876812
115,486,1.68913043
115,487,1.68949275
115,488,1.68985507
115,489,1.69021739
115,490,1.69057971
115,491,1.69094203
115,492,1.69130435
115,493,1.69166667
115,494,1.69202899
115,495,1.6923913
115,496,1.69275362
115,497,1.69311594
115,498,1.69347826
115,499,1.69384058
115,500,1.6942029
115,501,1.69456522
115,502,1.69492754
115,503,1.69528986
115,504,1.69565217
115,505,1.69601449
115,506,1.69637681
115,507,1.69673913
115,508,1.69710145
115,509,1.69746377
115,510,1.69782609
115,511,1.69818841
115,512,1.69855072
115,513,1.69891304
115,514,1.69927536
115,515,1.69963768
115,516,1.7
115,517,1.70036232
115,518,1.70072464
115,519,1.70108696
115,520,1.70144928
115,521,1.70181159
115,522,1.70217391
115,523,1.70253623
115,524,1.70289855
115,525,1.70326087
115,526,1.70362319
115,527,1.70398551
115,528,1.70434783
115,529,1.70471014
115,530,1.70507246
115,531,1.70543478
115,532,1.7057971
115,533,1.70615942
115,534,1.70652174
115,535,1.70688406
115,536,1.70724638
115,537,1.7076087
115,538,1.70797101
115,539,1.70833333
115,540,1.70869565
115,541,1.70905797
115,542,1.70942029
115,543,1.70978261
115,544,1.71014493
115,545,1.71050725
115,546,1.71086957
115,547,1.71123188
115,548,1.7115942
115,549,1.71195652
115,550,1.71231884
115,551,1.71268116
115,552,1.71304348
115,553,1.7134058
115,554,1.71376812
115,555,1.71413043
115,556,1.71449275
115,557,1.71485507
115,558,1.71521739
115,559,1.71557971
115,560,1.71594203
115,561,1.71630435
115,562,1.71666667
115,563,1.71702899
115,564,1.7173913
115,565,1.71775362
115,566,1.71811594
115,567,1.71847826
115,568,1.71884058
115,569,1.7192029
115,570,1.71956522
115,571,1.71992754
115,572,1.72028986
115,573,1.72065217
115,574,1.72101449
115,575,1.72137681
115,576,1.72173913
115,577,1.72210145
115,578,1.72246377
115,579,1.72282609
115,580,1.72318841
115,581,1.72355072
115,582,1.72391304
115,583,1.72427536
115,584,1.72463768
115,585,1.725
115,586,1.72536232
115,587,1.72572464
115,588,1.72608696
115,589,1.72644928
115,590,1.72681159
115,591,1.72717391
115,592,1.72753623
115,593,1.72789855
115,594,1.72826087
115,595,1.72862319
115,596,1.72898551
115,597,1.72934783
115,598,1.72971014
115,599,1.73007246
115,600,1.73043478
115,601,1.7307971
115,602,1.73115942
115,603,1.73152174
115,604,1.73188406
115,605,1.73224638
115,606,1.7326087
115,607,1.73297101
115,608,1.73333333
115,609,1.73369565
115,610,1.73405797
115,611,1.73442029
115,612,1.73478261
115,613,1.73514493
115,614,1.73550725
115,615,1.73586957
115,616,1.73623188
115,617,1.7365942
115,618,1.73695652
115,619,1.73731884
115,620,1.73768116
115,621,1.73804348
115,622,1.7384058
115,623,1.73876812
115,624,1.73913043
115,625,1.73949275
115,626,1.73985507
115,627,1.74021739
115,628,1.74057971
115,629,1.74094203
115,630,1.74130435
115,631,1.74166667
115,632,1.74202899
115,633,1.7423913
115,634,1.74275362
115,635,1.74311594
115,636,1.74347826
115,637,1.74384058
115,638,1.7442029
115,639,1.74456522
115,640,1.74492754
115,641,1.74528986
115,642,1.74565217
115,643,1.74601449
115,644,1.74637681
115,645,1.74673913
115,646,1.74710145
115,647,1.74746377
115,648,1.74782609
115,649,1.74818841
115,650,1.74855072
115,651,1.74891304
115,652,1.74927536
115,653,1.74963768
115,654,1.75
115,655,1.75036232
115,656,1.75072464
115,657,1.75108696
115,658,1.75144928
115,659,1.75181159
115,660,1.75217391
115,661,1.75253623
115,662,1.75289855
115,663,1.75326087
115,664,1.75362319
115,665,1.75398551
115,666,1.75434783
115,667,1.75471014
115,668,1.75507246
115,669,1.75543478
115,670,1.7557971
115,671,1.75615942
115,672,1.75652174
115,673,1.75688406
115,674,1.75724638
115,675,1.7576087
115,676,1.75797101
115,677,1.75833333
115,678,1.75869565
115,679,1.75905797
115,680,1.75942029
115,681,1.75978261
115,682,1.76014493
115,683,1.76050725
115,684,1.76086957
115,685,1.76123188
115,686,1.7615942
115,687,1.76195652
115,688,1.76231884
115,689,1.76268116
115,690,1.76304348
115,691,1.7634058
115,692,1.76376812
115,693,1.76413043
115,694,1.76449275
115,695,1.76485507
115,696,1.76521739
115,697,1.76557971
115,698,1.76594203
115,699,1.76630435
115,700,1.76666667
115,701,1.76702899
115,702,1.7673913
115,703,1.76775362
115,704,1.76811594
115,705,1.76847826
115,706,1.76884058
115,707,1.7692029
115,708,1.76956522
115,709,1.76992754
115,710,1.77028986
115,711,1.77065217
115,712,1.77101449
115,713,1.77137681
115,714,1.77173913
115,715,1.77210145
115,716,1.77246377
115,717,1.77282609
115,718,1.77318841
115,719,1.77355072
115,720,1.77391304
115,721,1.77427536
115,722,1.77463768
115,723,1.775
115,724,1.77536232
115,725,1.77572464
115,726,1.77608696
115,727,1.77644928
115,728,1.77681159
115,729,1.77717391
115,730,1.77753623
115,731,1.77789855
115,732,1.77826087
115,733,1.77862319
115,734,1.77898551
115,735,1.77934783
115,736,1.77971014
115,737,1.78007246
115,738,1.78043478
115,739,1.7807971
115,740,1.78115942
115,741,1.78152174
115,742,1.78188406
115,743,1.78224638
115,744,1.7826087
115,745,1.78297101
115,746,1.78333333
115,747,1.78369565
115,748,1.78405797
115,749,1.78442029
115,750,1.78478261
115,751,1.78514493
115,752,1.78550725
115,753,1.78586957
115,754,1.78623188
115,755,1.7865942
115,756,1.78695652
115,757,1.78731884
115,758,1.78768116
115,759,1.78804348
115,760,1.7884058
115,761,1.78876812
115,762,1.78913043
115,763,1.78949275
115,764,1.78985507
115,765,1.79021739
115,766,1.79057971
115,767,1.79094203
115,768,1.79130435
115,769,1.79166667
115,770,1.79202899
115,771,1.7923913
115,772,1.79275362
115,773,1.79311594
115,774,1.79347826
115,775,1.79384058
115,776,1.7942029
115,777,1.79456522
115,778,1.79492754
115,779,1.79528986
115,780,1.79565217
115,781,1.79601449
115,782,1.79637681
115,783,1.79673913
115,784,1.79710145
115,785,1.79746377
115,786,1.79782609
115,787,1.79818841
115,788,1.79855072
115,789,1.79891304
115,790,1.79927536
115,791,1.79963768
115,792,1.8
116,0,0
116,1,0.75
116,2,0.75201342
116,3,0.75402685
116,4,0.75604027
116,5,0.75805369
116,6,0.76006711
116,7,0.76208054
116,8,0.76409396
116,9,0.76610738
116,10,0.76812081
116,11,0.77013423
116,12,0.77214765
116,13,0.77416107
116,14,0.7761745
116,15,0.77818792
116,16,0.78020134
116,17,0.78221477
116,18,0.78422819
116,19,0.78624161
116,20,0.78825503
116,21,0.79026846
116,22,0.79228188
116,23,0.7942953
116,24,0.79630872
116,25,0.79832215
116,26,0.80033557
116,27,0.80234899
116,28,0.80436242
116,29,0.80637584
116,30,0.80838926
116,31,0.81040268
116,32,0.81241611
116,33,0.81442953
116,34,0.81644295
116,35,0.81845638
116,36,0.8204698
116,37,0.82248322
116,38,0.82449664
116,39,0.82651007
116,40,0.82852349
116,41,0.83053691
116,42,0.83255034
116,43,0.83456376
116,44,0.83657718
116,45,0.8385906
116,46,0.84060403
116,47,0.84261745
116,48,0.84463087
116,49,0.8466443
116,50,0.84865772
116,51,0.85067114
116,52,0.85268456
116,53,0.85469799
116,54,0.85671141
116,55,0.85872483
116,56,0.86073826
116,57,0.86275168
116,58,0.8647651
116,59,0.86677852
116,60,0.86879195
116,61,0.87080537
116,62,0.87281879
116,63,0.87483221
116,64,0.87684564
116,65,0.87885906
116,66,0.88087248
116,67,0.88288591
116,68,0.88489933
116,69,0.88691275
116,70,0.88892617
116,71,0.8909396
116,72,0.89295302
116,73,0.89496644
116,74,0.89697987
116,75,0.89899329
116,76,0.90100671
116,77,0.90302013
116,78,0.90503356
116,79,0.90704698
116,80,0.9090604
116,81,0.91107383
116,82,0.91308725
116,83,0.91510067
116,84,0.91711409
116,85,0.91912752
116,86,0.92114094
116,87,0.92315436
116,88,0.92516779
116,89,0.92718121
116,90,0.92919463
116,91,0.93120805
116,92,0.93322148
116,93,0.9352349
116,94,0.93724832
116,95,0.93926174
116,96,0.94127517
116,97,0.94328859
116,98,0.94530201
116,99,0.94731544
116,100,0.94932886
116,101,0.95134228
116,102,0.9533557
116,103,0.95536913
116,104,0.95738255
116,105,0.95939597
116,106,0.9614094
116,107,0.96342282
116,108,0.96543624
116,109,0.96744966
116,110,0.96946309
116,111,0.97147651
116,112,0.97348993
116,113,0.97550336
116,114,0.97751678
116,115,0.9795302
116,116,0.98154362
116,117,0.98355705
116,118,0.98557047
116,119,0.98758389
116,120,0.98959732
116,121,0.99161074
116,122,0.99362416
116,123,0.99563758
116,124,0.99765101
116,125,0.99966443
116,126,1.00167785
116,127,1.00369128
116,128,1.0057047
116,129,1.00771812
116,130,1.00973154
116,131,1.01174497
116,132,1.01375839
116,133,1.01577181
116,134,1.01778523
116,135,1.01979866
116,136,1.02181208
116,137,1.0238255
116,138,1.02583893
116,139,1.02785235
116,140,1.02986577
116,141,1.03187919
116,142,1.03389262
116,143,1.03590604
116,144,1.03791946
116,145,1.03993289
116,146,1.04194631
116,147,1.04395973
116,148,1.04597315
116,149,1.04798658
116,150,1.05
116,151,1.06
116,152,1.07
116,153,1.08
116,154,1.09
116,155,1.1
116,156,1.11
116,157,1.12
116,158,1.13
116,159,1.14
116,160,1.15
116,161,1.16
116,162,1.17
116,163,1.18
116,164,1.19
116,165,1.2
116,166,1.21
116,167,1.22
116,168,1.23
116,169,1.24
116,170,1.25
116,171,1.26
116,172,1.27
116,173,1.28
116,174,1.29
116,175,1.3
116,176,1.31
116,177,1.32
116,178,1.33
116,179,1.34
116,180,1.35
116,181,1.36
116,182,1.37
116,183,1.38
116,184,1.39
116,185,1.4
116,186,1.41
116,187,1.42
116,188,1.43
116,189,1.44
116,190,1.45
116,191,1.453
116,192,1.456
116,193,1.459
116,194,1.462
116,195,1.465
116,196,1.468
116,197,1.471
116,198,1.474
116,199,1.477
116,200,1.48
116,201,1.483
116,202,1.486
116,203,1.489
116,204,1.492
116,205,1.495
116,206,1.498
116,207,1.501
116,208,1.504
116,209,1.507
116,210,1.51
116,211,1.513
116,212,1.516
116,213,1.519
116,214,1.522
116,215,1.525
116,216,1.528
116,217,1.531
116,218,1.534
116,219,1.537
116,220,1.54
116,221,1.543
116,222,1.546
116,223,1.549
116,224,1.552
116,225,1.555
116,226,1.558
116,227,1.561
116,228,1.564
116,229,1.567
116,230,1.57
116,231,1.573
116,232,1.576
116,233,1.579
116,234,1.582
116,235,1.585
116,236,1.588
116,237,1.591
116,238,1.594
116,239,1.597
116,240,1.6
116,241,1.60036232
116,242,1.60072464
116,243,1.60108696
116,244,1.60144928
116,245,1.60181159
116,246,1.60217391
116,247,1.60253623
116,248,1.60289855
116,249,1.60326087
116,250,1.60362319
116,251,1.60398551
116,252,1.60434783
116,253,1.60471014
116,254,1.60507246
116,255,1.60543478
116,256,1.6057971
116,257,1.60615942
116,258,1.60652174
116,259,1.60688406
116,260,1.60724638
116,261,1.6076087
116,262,1.60797101
116,263,1.60833333
116,264,1.60869565
116,265,1.60905797
116,266,1.60942029
116,267,1.60978261
116,268,1.61014493
116,269,1.61050725
116,270,1.61086957
116,271,1.61123188
116,272,1.6115942
116,273,1.61195652
116,274,1.61231884
116,275,1.61268116
116,276,1.61304348
116,277,1.6134058
116,278,1.61376812
116,279,1.61413043
116,280,1.61449275
116,281,1.61485507
116,282,1.61521739
116,283,1.61557971
116,284,1.61594203
116,285,1.61630435
116,286,1.61666667
116,287,1.61702899
116,288,1.6173913
116,289,1.61775362
116,290,1.61811594
116,291,1.61847826
116,292,1.61884058
116,293,1.6192029
116,294,1.61956522
116,295,1.61992754
116,296,1.62028986
116,297,1.62065217
116,298,1.62101449
116,299,1.62137681
116,300,1.62173913
116,301,1.62210145
116,302,1.62246377
116,303,1.62282609
116,304,1.62318841
116,305,1.62355072
116,306,1.62391304
116,307,1.62427536
116,308,1.62463768
116,309,1.625
116,310,1.62536232
116,311,1.62572464
116,312,1.62608696
116,313,1.62644928
116,314,1.62681159
116,315,1.62717391
116,316,1.62753623
116,317,1.62789855
116,318,1.62826087
116,319,1.62862319
116,320,1.62898551
116,321,1.62934783
116,322,1.62971014
116,323,1.63007246
116,324,1.63043478
116,325,1.6307971
116,326,1.63115942
116,327,1.63152174
116,328,1.63188406
116,329,1.63224638
116,330,1.6326087
116,331,1.63297101
116,332,1.63333333
116,333,1.63369565
116,334,1.63405797
116,335,1.63442029
116,336,1.63478261
116,337,1.63514493
116,338,1.63550725
116,339,1.63586957
116,340,1.63623188
116,341,1.6365942
116,342,1.63695652
116,343,1.63731884
116,344,1.63768116
116,345,1.63804348
116,346,1.6384058
116,347,1.63876812
116,348,1.63913043
116,349,1.63949275
116,350,1.63985507
116,351,1.64021739
116,352,1.64057971
116,353,1.64094203
116,354,1.64130435
116,355,1.64166667
116,356,1.64202899
116,357,1.6423913
116,358,1.64275362
116,359,1.64311594
116,360,1.64347826
116,361,1.64384058
116,362,1.6442029
116,363,1.64456522
116,364,1.64492754
116,365,1.64528986
116,366,1.64565217
116,367,1.64601449
116,368,1.64637681
116,369,1.64673913
116,370,1.64710145
116,371,1.64746377
116,372,1.64782609
116,373,1.64818841
116,374,1.64855072
116,375,1.64891304
116,376,1.64927536
116,377,1.64963768
116,378,1.65
116,379,1.65036232
116,380,1.65072464
116,381,1.65108696
116,382,1.65144928
116,383,1.65181159
116,384,1.65217391
116,385,1.65253623
116,386,1.65289855
116,387,1.65326087
116,388,1.65362319
116,389,1.65398551
116,390,1.65434783
116,391,1.65471014
116,392,1.65507246
116,393,1.65543478
116,394,1.6557971
116,395,1.65615942
116,396,1.65652174
116,397,1.65688406
116,398,1.65724638
116,399,1.6576087
116,400,1.65797101
116,401,1.65833333
116,402,1.65869565
116,403,1.65905797
116,404,1.65942029
116,405,1.65978261
116,406,1.66014493
116,407,1.66050725
116,408,1.66086957
116,409,1.66123188
116,410,1.6615942
116,411,1.66195652
116,412,1.66231884
116,413,1.66268116
116,414,1.66304348
116,415,1.6634058
116,416,1.66376812
116,417,1.66413043
116,418,1.66449275
116,419,1.66485507
116,420,1.66521739
116,421,1.66557971
116,422,1.66594203
116,423,1.66630435
116,424,1.66666667
116,425,1.66702899
116,426,1.6673913
116,427,1.66775362
116,428,1.66811594
116,429,1.66847826
116,430,1.66884058
116,431,1.6692029
116,432,1.66956522
116,433,1.66992754
116,434,1.67028986
116,435,1.67065217
116,436,1.67101449
116,437,1.67137681
116,438,1.67173913
116,439,1.67210145
116,440,1.67246377
116,441,1.67282609
116,442,1.67318841
116,443,1.67355072
116,444,1.67391304
116,445,1.67427536
116,446,1.67463768
116,447,1.675
116,448,1.67536232
116,449,1.67572464
116,450,1.67608696
116,451,1.67644928
116,452,1.67681159
116,453,1.67717391
116,454,1.67753623
116,455,1.67789855
116,456,1.67826087
116,457,1.67862319
116,458,1.67898551
116,459,1.67934783
116,460,1.67971014
116,461,1.68007246
116,462,1.68043478
116,463,1.6807971
116,464,1.68115942
116,465,1.68152174
116,466,1.68188406
116,467,1.68224638
116,468,1.6826087
116,469,1.68297101
116,470,1.68333333
116,471,1.68369565
116,472,1.68405797
116,473,1.68442029
116,474,1.68478261
116,475,1.68514493
116,476,1.68550725
116,477,1.68586957
116,478,1.68623188
116,479,1.6865942
116,480,1.68695652
116,481,1.68731884
116,482,1.68768116
116,483,1.68804348
116,484,1.6884058
116,485,1.68876812
116,486,1.68913043
116,487,1.68949275
116,488,1.68985507
116,489,1.69021739
116,490,1.69057971
116,491,1.69094203
116,492,1.69130435
116,493,1.69166667
116,494,1.69202899
116,495,1.6923913
116,496,1.69275362
116,497,1.69311594
116,498,1.69347826
116,499,1.69384058
116,500,1.6942029
116,501,1.69456522
116,502,1.69492754
116,503,1.69528986
116,504,1.69565217
116,505,1.69601449
116,506,1.69637681
116,507,1.69673913
116,508,1.69710145
116,509,1.69746377
116,510,1.69782609
116,511,1.69818841
116,512,1.69855072
116,513,1.69891304
116,514,1.69927536
116,515,1.69963768
116,516,1.7
116,517,1.70036232
116,518,1.70072464
116,519,1.70108696
116,520,1.70144928
116,521,1.70181159
116,522,1.70217391
116,523,1.70253623
116,524,1.70289855
116,525,1.70326087
116,526,1.70362319
116,527,1.70398551
116,528,1.70434783
116,529,1.70471014
116,530,1.70507246
116,531,1.70543478
116,532,1.7057971
116,533,1.70615942
116,534,1.70652174
116,535,1.70688406
116,536,1.70724638
116,537,1.7076087
116,538,1.70797101
116,539,1.70833333
116,540,1.70869565
116,541,1.70905797
116,542,1.70942029
116,543,1.70978261
116,544,1.71014493
116,545,1.71050725
116,546,1.71086957
116,547,1.71123188
116,548,1.7115942
116,549,1.71195652
116,550,1.71231884
116,551,1.71268116
116,552,1.71304348
116,553,1.7134058
116,554,1.71376812
116,555,1.71413043
116,556,1.71449275
116,557,1.71485507
116,558,1.71521739
116,559,1.71557971
116,560,1.71594203
116,561,1.71630435
116,562,1.71666667
116,563,1.71702899
116,564,1.7173913
116,565,1.71775362
116,566,1.71811594
116,567,1.71847826
116,568,1.71884058
116,569,1.7192029
116,570,1.71956522
116,571,1.71992754
116,572,1.72028986
116,573,1.72065217
116,574,1.72101449
116,575,1.72137681
116,576,1.72173913
116,577,1.72210145
116,578,1.72246377
116,579,1.72282609
116,580,1.72318841
116,581,1.72355072
116,582,1.72391304
116,583,1.72427536
116,584,1.72463768
116,585,1.725
116,586,1.72536232
116,587,1.72572464
116,588,1.72608696
116,589,1.72644928
116,590,1.72681159
116,591,1.72717391
116,592,1.72753623
116,593,1.72789855
116,594,1.72826087
116,595,1.72862319
116,596,1.72898551
116,597,1.72934783
116,598,1.72971014
116,599,1.73007246
116,600,1.73043478
116,601,1.7307971
116,602,1.73115942
116,603,1.73152174
116,604,1.73188406
116,605,1.73224638
116,606,1.7326087
116,607,1.73297101
116,608,1.73333333
116,609,1.73369565
116,610,1.73405797
116,611,1.73442029
116,612,1.73478261
116,613,1.73514493
116,614,1.73550725
116,615,1.73586957
116,616,1.73623188
116,617,1.7365942
116,618,1.73695652
116,619,1.73731884
116,620,1.73768116
116,621,1.73804348
116,622,1.7384058
116,623,1.73876812
116,624,1.73913043
116,625,1.73949275
116,626,1.73985507
116,627,1.74021739
116,628,1.74057971
116,629,1.74094203
116,630,1.74130435
116,631,1.74166667
116,632,1.74202899
116,633,1.7423913
116,634,1.74275362
116,635,1.74311594
116,636,1.74347826
116,637,1.74384058
116,638,1.7442029
116,639,1.74456522
116,640,1.74492754
116,641,1.74528986
116,642,1.74565217
116,643,1.74601449
116,644,1.74637681
116,645,1.74673913
116,646,1.74710145
116,647,1.74746377
116,648,1.74782609
116,649,1.74818841
116,650,1.74855072
116,651,1.74891304
116,652,1.74927536
116,653,1.74963768
116,654,1.75
116,655,1.75036232
116,656,1.75072464
116,657,1.75108696
116,658,1.75144928
116,659,1.75181159
116,660,1.75217391
116,661,1.75253623
116,662,1.75289855
116,663,1.75326087
116,664,1.75362319
116,665,1.75398551
116,666,1.75434783
116,667,1.75471014
116,668,1.75507246
116,669,1.75543478
116,670,1.7557971
116,671,1.75615942
116,672,1.75652174
116,673,1.75688406
116,674,1.75724638
116,675,1.7576087
116,676,1.75797101
116,677,1.75833333
116,678,1.75869565
116,679,1.75905797
116,680,1.75942029
116,681,1.75978261
116,682,1.76014493
116,683,1.76050725
116,684,1.76086957
116,685,1.76123188
116,686,1.7615942
116,687,1.76195652
116,688,1.76231884
116,689,1.76268116
116,690,1.76304348
116,691,1.7634058
116,692,1.76376812
116,693,1.76413043
116,694,1.76449275
116,695,1.76485507
116,696,1.76521739
116,697,1.76557971
116,698,1.76594203
116,699,1.76630435
116,700,1.76666667
116,701,1.76702899
116,702,1.7673913
116,703,1.76775362
116,704,1.76811594
116,705,1.76847826
116,706,1.76884058
116,707,1.7692029
116,708,1.76956522
116,709,1.76992754
116,710,1.77028986
116,711,1.77065217
116,712,1.77101449
116,713,1.77137681
116,714,1.77173913
116,715,1.77210145
116,716,1.77246377
116,717,1.77282609
116,718,1.77318841
116,719,1.77355072
116,720,1.77391304
116,721,1.77427536
116,722,1.77463768
116,723,1.775
116,724,1.77536232
116,725,1.77572464
116,726,1.77608696
116,727,1.77644928
116,728,1.77681159
116,729,1.77717391
116,730,1.77753623
116,731,1.77789855
116,732,1.77826087
116,733,1.77862319
116,734,1.77898551
116,735,1.77934783
116,736,1.77971014
116,737,1.78007246
116,738,1.78043478
116,739,1.7807971
116,740,1.78115942
116,741,1.78152174
116,742,1.78188406
116,743,1.78224638
116,744,1.7826087
116,745,1.78297101
116,746,1.78333333
116,747,1.78369565
116,748,1.78405797
116,749,1.78442029
116,750,1.78478261
116,751,1.78514493
116,752,1.78550725
116,753,1.78586957
116,754,1.78623188
116,755,1.7865942
116,756,1.78695652
116,757,1.78731884
116,758,1.78768116
116,759,1.78804348
116,760,1.7884058
116,761,1.78876812
116,762,1.78913043
116,763,1.78949275
116,764,1.78985507
116,765,1.79021739
116,766,1.79057971
116,767,1.79094203
116,768,1.79130435
116,769,1.79166667
116,770,1.79202899
116,771,1.7923913
116,772,1.79275362
116,773,1.79311594
116,774,1.79347826
116,775,1.79384058
116,776,1.7942029
116,777,1.79456522
116,778,1.79492754
116,779,1.79528986
116,780,1.79565217
116,781,1.79601449
116,782,1.79637681
116,783,1.79673913
116,784,1.79710145
116,785,1.79746377
116,786,1.79782609
116,787,1.79818841
116,788,1.79855072
116,789,1.79891304
116,790,1.79927536
116,791,1.79963768
116,792,1.8
120,0,0
120,1,0
120,2,0
120,3,0
120,4,0
120,5,0
120,6,0
120,7,0
120,8,0
120,9,0
120,10,0
120,11,0
120,12,0
120,13,0
120,14,0
120,15,0
120,16,0
120,17,0
120,18,0
120,19,0
120,20,0
120,21,0
120,22,0
120,23,0
120,24,0
120,25,0
120,26,0
120,27,0
120,28,0
120,29,0
120,30,0
120,31,0.03
120,32,0.06
120,33,0.09
120,34,0.12
120,35,0.15
120,36,0.18
120,37,0.21
120,38,0.24
120,39,0.27
120,40,0.3
120,41,0.305
120,42,0.31
120,43,0.315
120,44,0.32
120,45,0.325
120,46,0.33
120,47,0.335
120,48,0.34
120,49,0.345
120,50,0.35
120,51,0.355
120,52,0.36
120,53,0.365
120,54,0.37
120,55,0.375
120,56,0.38
120,57,0.385
120,58,0.39
120,59,0.395
120,60,0.4
120,61,0.4025641
120,62,0.40512821
120,63,0.40769231
120,64,0.41025641
120,65,0.41282051
120,66,0.41538462
120,67,0.41794872
120,68,0.42051282
120,69,0.42307692
120,70,0.42564103
120,71,0.42820513
120,72,0.43076923
120,73,0.43333333
120,74,0.43589744
120,75,0.43846154
120,76,0.44102564
120,77,0.44358974
120,78,0.44615385
120,79,0.44871795
120,80,0.45128205
120,81,0.45384615
120,82,0.45641026
120,83,0.45897436
120,84,0.46153846
120,85,0.46410256
120,86,0.46666667
120,87,0.46923077
120,88,0.47179487
120,89,0.47435897
120,90,0.47692308
120,91,0.47948718
120,92,0.48205128
120,93,0.48461538
120,94,0.48717949
120,95,0.48974359
120,96,0.49230769
120,97,0.49487179
120,98,0.4974359
120,99,0.5
120,100,0.5
120,101,0.5
120,102,0.5
120,103,0.5
120,104,0.5
120,105,0.5
120,106,0.5
120,107,0.5
120,108,0.5
120,109,0.5
120,110,0.5
120,111,0.5
120,112,0.5
120,113,0.5
120,114,0.5
120,115,0.5
120,116,0.5
120,117,0.5
120,118,0.5
120,119,0.5
120,120,0.5
120,121,0.5
120,122,0.5
120,123,0.5
120,124,0.5
120,125,0.5
120,126,0.5
120,127,0.5
120,128,0.5
120,129,0.5
120,130,0.5
120,131,0.5
120,132,0.5
120,133,0.5
120,134,0.5
120,135,0.5
120,136,0.5
120,137,0.5
120,138,0.5
120,139,0.5
120,140,0.5
120,141,0.5
120,142,0.5
120,143,0.5
120,144,0.5
120,145,0.5
120,146,0.5
120,147,0.5
120,148,0.5
121,0,0
121,1,0
121,2,0
121,3,0
121,4,0
121,5,0
121,6,0
121,7,0
121,8,0
121,9,0
121,10,0
121,11,0
121,12,0
121,13,0
121,14,0
121,15,0
121,16,0
121,17,0
121,18,0
121,19,0
121,20,0
121,21,0
121,22,0
121,23,0
121,24,0
121,25,0
121,26,0
121,27,0
121,28,0
121,29,0
121,30,0
121,31,0.03
121,32,0.06
121,33,0.09
121,34,0.12
121,35,0.15
121,36,0.18
121,37,0.21
121,38,0.24
121,39,0.27
121,40,0.3
121,41,0.305
121,42,0.31
121,43,0.315
121,44,0.32
121,45,0.325
121,46,0.33
121,47,0.335
121,48,0.34
121,49,0.345
121,50,0.35
121,51,0.355
121,52,0.36
121,53,0.365
121,54,0.37
121,55,0.375
121,56,0.38
121,57,0.385
121,58,0.39
121,59,0.395
121,60,0.4
121,61,0.4025641
121,62,0.40512821
121,63,0.40769231
121,64,0.41025641
121,65,0.41282051
121,66,0.41538462
121,67,0.41794872
121,68,0.42051282
121,69,0.42307692
121,70,0.42564103
121,71,0.42820513
121,72,0.43076923
121,73,0.43333333
121,74,0.43589744
121,75,0.43846154
121,76,0.44102564
121,77,0.44358974
121,78,0.44615385
121,79,0.44871795
121,80,0.45128205
121,81,0.45384615
121,82,0.45641026
121,83,0.45897436
121,84,0.46153846
121,85,0.46410256
121,86,0.46666667
121,87,0.46923077
121,88,0.47179487
121,89,0.47435897
121,90,0.47692308
121,91,0.47948718
121,92,0.48205128
121,93,0.48461538
121,94,0.48717949
121,95,0.48974359
121,96,0.49230769
121,97,0.49487179
121,98,0.4974359
121,99,0.5
121,100,0.5
121,101,0.5
121,102,0.5
121,103,0.5
121,104,0.5
121,105,0.5
121,106,0.5
121,107,0.5
121,108,0.5
121,109,0.5
121,110,0.5
121,111,0.5
121,112,0.5
121,113,0.5
121,114,0.5
121,115,0.5
121,116,0.5
121,117,0.5
121,118,0.5
121,119,0.5
121,120,0.5
121,121,0.5
121,122,0.5
121,123,0.5
121,124,0.5
121,125,0.5
121,126,0.5
121,127,0.5
121,128,0.5
121,129,0.5
121,130,0.5
121,131,0.5
121,132,0.5
121,133,0.5
121,134,0.5
121,135,0.5
121,136,0.5
121,137,0.5
121,138,0.5
121,139,0.5
121,140,0.5
121,141,0.5
121,142,0.5
121,143,0.5
121,144,0.5
121,145,0.5
121,146,0.5
121,147,0.5
121,148,0.5
122,0,0
122,1,0
122,2,0
122,3,0
122,4,0
122,5,0
122,6,0
122,7,0
122,8,0
122,9,0
122,10,0
122,11,0
122,12,0
122,13,0
122,14,0
122,15,0
122,16,0
122,17,0
122,18,0
122,19,0
122,20,0
122,21,0
122,22,0
122,23,0
122,24,0
122,25,0
122,26,0
122,27,0
122,28,0
122,29,0
122,30,0
122,31,0.03
122,32,0.06
122,33,0.09
122,34,0.12
122,35,0.15
122,36,0.18
122,37,0.21
122,38,0.24
122,39,0.27
122,40,0.3
122,41,0.305
122,42,0.31
122,43,0.315
122,44,0.32
122,45,0.325
122,46,0.33
122,47,0.335
122,48,0.34
122,49,0.345
122,50,0.35
122,51,0.355
122,52,0.36
122,53,0.365
122,54,0.37
122,55,0.375
122,56,0.38
122,57,0.385
122,58,0.39
122,59,0.395
122,60,0.4
122,61,0.4025641
122,62,0.40512821
122,63,0.40769231
122,64,0.41025641
122,65,0.41282051
122,66,0.41538462
122,67,0.41794872
122,68,0.42051282
122,69,0.42307692
122,70,0.42564103
122,71,0.42820513
122,72,0.43076923
122,73,0.43333333
122,74,0.43589744
122,75,0.43846154
122,76,0.44102564
122,77,0.44358974
122,78,0.44615385
122,79,0.44871795
122,80,0.45128205
122,81,0.45384615
122,82,0.45641026
122,83,0.45897436
122,84,0.46153846
122,85,0.46410256
122,86,0.46666667
122,87,0.46923077
122,88,0.47179487
122,89,0.47435897
122,90,0.47692308
122,91,0.47948718
122,92,0.48205128
122,93,0.48461538
122,94,0.48717949
122,95,0.48974359
122,96,0.49230769
122,97,0.49487179
122,98,0.4974359
122,99,0.5
122,100,0.5
122,101,0.5
122,102,0.5
122,103,0.5
122,104,0.5
122,105,0.5
122,106,0.5
122,107,0.5
122,108,0.5
122,109,0.5
122,110,0.5
122,111,0.5
122,112,0.5
122,113,0.5
122,114,0.5
122,115,0.5
122,116,0.5
122,117,0.5
122,118,0.5
122,119,0.5
122,120,0.5
122,121,0.5
122,122,0.5
122,123,0.5
122,124,0.5
122,125,0.5
122,126,0.5
122,127,0.5
122,128,0.5
122,129,0.5
122,130,0.5
122,131,0.5
122,132,0.5
122,133,0.5
122,134,0.5
122,135,0.5
122,136,0.5
122,137,0.5
122,138,0.5
122,139,0.5
122,140,0.5
122,141,0.5
122,142,0.5
122,143,0.5
122,144,0.5
122,145,0.5
122,146,0.5
122,147,0.5
122,148,0.5
123,0,0
123,1,0
123,2,0
123,3,0
123,4,0
123,5,0
123,6,0
123,7,0
123,8,0
123,9,0
123,10,0
123,11,0
123,12,0
123,13,0
123,14,0
123,15,0
123,16,0
123,17,0
123,18,0
123,19,0
123,20,0
123,21,0
123,22,0
123,23,0
123,24,0
123,25,0
123,26,0
123,27,0
123,28,0
123,29,0
123,30,0
123,31,0.03
123,32,0.06
123,33,0.09
123,34,0.12
123,35,0.15
123,36,0.18
123,37,0.21
123,38,0.24
123,39,0.27
123,40,0.3
123,41,0.305
123,42,0.31
123,43,0.315
123,44,0.32
123,45,0.325
123,46,0.33
123,47,0.335
123,48,0.34
123,49,0.345
123,50,0.35
123,51,0.355
123,52,0.36
123,53,0.365
123,54,0.37
123,55,0.375
123,56,0.38
123,57,0.385
123,58,0.39
123,59,0.395
123,60,0.4
123,61,0.4025641
123,62,0.40512821
123,63,0.40769231
123,64,0.41025641
123,65,0.41282051
123,66,0.41538462
123,67,0.41794872
123,68,0.42051282
123,69,0.42307692
123,70,0.42564103
123,71,0.42820513
123,72,0.43076923
123,73,0.43333333
123,74,0.43589744
123,75,0.43846154
123,76,0.44102564
123,77,0.44358974
123,78,0.44615385
123,79,0.44871795
123,80,0.45128205
123,81,0.45384615
123,82,0.45641026
123,83,0.45897436
123,84,0.46153846
123,85,0.46410256
123,86,0.46666667
123,87,0.46923077
123,88,0.47179487
123,89,0.47435897
123,90,0.47692308
123,91,0.47948718
123,92,0.48205128
123,93,0.48461538
123,94,0.48717949
123,95,0.48974359
123,96,0.49230769
123,97,0.49487179
123,98,0.4974359
123,99,0.5
123,100,0.5
123,101,0.5
123,102,0.5
123,103,0.5
123,104,0.5
123,105,0.5
123,106,0.5
123,107,0.5
123,108,0.5
123,109,0.5
123,110,0.5
123,111,0.5
123,112,0.5
123,113,0.5
123,114,0.5
123,115,0.5
123,116,0.5
123,117,0.5
123,118,0.5
123,119,0.5
123,120,0.5
123,121,0.5
123,122,0.5
123,123,0.5
123,124,0.5
123,125,0.5
123,126,0.5
123,127,0.5
123,128,0.5
123,129,0.5
123,130,0.5
123,131,0.5
123,132,0.5
123,133,0.5
123,134,0.5
123,135,0.5
123,136,0.5
123,137,0.5
123,138,0.5
123,139,0.5
123,140,0.5
123,141,0.5
123,142,0.5
123,143,0.5
123,144,0.5
123,145,0.5
123,146,0.5
123,147,0.5
123,148,0.5
124,0,0
124,1,0
124,2,0
124,3,0
124,4,0
124,5,0
124,6,0
124,7,0
124,8,0
124,9,0
124,10,0
124,11,0
124,12,0
124,13,0
124,14,0
124,15,0
124,16,0
124,17,0
124,18,0
124,19,0
124,20,0
124,21,0
124,22,0
124,23,0
124,24,0
124,25,0
124,26,0
124,27,0
124,28,0
124,29,0
124,30,0
124,31,0.03
124,32,0.06
124,33,0.09
124,34,0.12
124,35,0.15
124,36,0.18
124,37,0.21
124,38,0.24
124,39,0.27
124,40,0.3
124,41,0.305
124,42,0.31
124,43,0.315
124,44,0.32
124,45,0.325
124,46,0.33
124,47,0.335
124,48,0.34
124,49,0.345
124,50,0.35
124,51,0.355
124,52,0.36
124,53,0.365
124,54,0.37
124,55,0.375
124,56,0.38
124,57,0.385
124,58,0.39
124,59,0.395
124,60,0.4
124,61,0.4025641
124,62,0.40512821
124,63,0.40769231
124,64,0.41025641
124,65,0.41282051
124,66,0.41538462
124,67,0.41794872
124,68,0.42051282
124,69,0.42307692
124,70,0.42564103
124,71,0.42820513
124,72,0.43076923
124,73,0.43333333
124,74,0.43589744
124,75,0.43846154
124,76,0.44102564
124,77,0.44358974
124,78,0.44615385
124,79,0.44871795
124,80,0.45128205
124,81,0.45384615
124,82,0.45641026
124,83,0.45897436
124,84,0.46153846
124,85,0.46410256
124,86,0.46666667
124,87,0.46923077
124,88,0.47179487
124,89,0.47435897
124,90,0.47692308
124,91,0.47948718
124,92,0.48205128
124,93,0.48461538
124,94,0.48717949
124,95,0.48974359
124,96,0.49230769
124,97,0.49487179
124,98,0.4974359
124,99,0.5
124,100,0.5
124,101,0.5
124,102,0.5
124,103,0.5
124,104,0.5
124,105,0.5
124,106,0.5
124,107,0.5
124,108,0.5
124,109,0.5
124,110,0.5
124,111,0.5
124,112,0.5
124,113,0.5
124,114,0.5
124,115,0.5
124,116,0.5
124,117,0.5
124,118,0.5
124,119,0.5
124,120,0.5
124,121,0.5
124,122,0.5
124,123,0.5
124,124,0.5
124,125,0.5
124,126,0.5
124,127,0.5
124,128,0.5
124,129,0.5
124,130,0.5
124,131,0.5
124,132,0.5
124,133,0.5
124,134,0.5
124,135,0.5
124,136,0.5
124,137,0.5
124,138,0.5
124,139,0.5
124,140,0.5
124,141,0.5
124,142,0.5
124,143,0.5
124,144,0.5
124,145,0.5
124,146,0.5
124,147,0.5
124,148,0.5
125,0,0
125,1,0
125,2,0
125,3,0
125,4,0
125,5,0
125,6,0
125,7,0
125,8,0
125,9,0
125,10,0
125,11,0
125,12,0
125,13,0
125,14,0
125,15,0
125,16,0
125,17,0
125,18,0
125,19,0
125,20,0
125,21,0
125,22,0
125,23,0
125,24,0
125,25,0
125,26,0
125,27,0
125,28,0
125,29,0
125,30,0
125,31,0.03
125,32,0.06
125,33,0.09
125,34,0.12
125,35,0.15
125,36,0.18
125,37,0.21
125,38,0.24
125,39,0.27
125,40,0.3
125,41,0.305
125,42,0.31
125,43,0.315
125,44,0.32
125,45,0.325
125,46,0.33
125,47,0.335
125,48,0.34
125,49,0.345
125,50,0.35
125,51,0.355
125,52,0.36
125,53,0.365
125,54,0.37
125,55,0.375
125,56,0.38
125,57,0.385
125,58,0.39
125,59,0.395
125,60,0.4
125,61,0.4025641
125,62,0.40512821
125,63,0.40769231
125,64,0.41025641
125,65,0.41282051
125,66,0.41538462
125,67,0.41794872
125,68,0.42051282
125,69,0.42307692
125,70,0.42564103
125,71,0.42820513
125,72,0.43076923
125,73,0.43333333
125,74,0.43589744
125,75,0.43846154
125,76,0.44102564
125,77,0.44358974
125,78,0.44615385
125,79,0.44871795
125,80,0.45128205
125,81,0.45384615
125,82,0.45641026
125,83,0.45897436
125,84,0.46153846
125,85,0.46410256
125,86,0.46666667
125,87,0.46923077
125,88,0.47179487
125,89,0.47435897
125,90,0.47692308
125,91,0.47948718
125,92,0.48205128
125,93,0.48461538
125,94,0.48717949
125,95,0.48974359
125,96,0.49230769
125,97,0.49487179
125,98,0.4974359
125,99,0.5
125,100,0.5
125,101,0.5
125,102,0.5
125,103,0.5
125,104,0.5
125,105,0.5
125,106,0.5
125,107,0.5
125,108,0.5
125,109,0.5
125,110,0.5
125,111,0.5
125,112,0.5
125,113,0.5
125,114,0.5
125,115,0.5
125,116,0.5
125,117,0.5
125,118,0.5
125,119,0.5
125,120,0.5
125,121,0.5
125,122,0.5
125,123,0.5
125,124,0.5
125,125,0.5
125,126,0.5
125,127,0.5
125,128,0.5
125,129,0.5
125,130,0.5
125,131,0.5
125,132,0.5
125,133,0.5
125,134,0.5
125,135,0.5
125,136,0.5
125,137,0.5
125,138,0.5
125,139,0.5
125,140,0.5
125,141,0.5
125,142,0.5
125,143,0.5
125,144,0.5
125,145,0.5
125,146,0.5
125,147,0.5
125,148,0.5
126,0,0
126,1,0.01
126,2,0.02
126,3,0.03
126,4,0.04
126,5,0.05
126,6,0.06
126,7,0.07
126,8,0.08
126,9,0.09
126,10,0.1
126,11,0.11
126,12,0.12
126,13,0.13
126,14,0.14
126,15,0.15
126,16,0.156
126,17,0.162
126,18,0.168
126,19,0.174
126,20,0.18
126,21,0.186
126,22,0.192
126,23,0.198
126,24,0.204
126,25,0.21
126,26,0.216
126,27,0.222
126,28,0.228
126,29,0.234
126,30,0.24
126,31,0.246
126,32,0.252
126,33,0.258
126,34,0.264
126,35,0.27
126,36,0.276
126,37,0.282
126,38,0.288
126,39,0.294
126,40,0.3
126,41,0.305
126,42,0.31
126,43,0.315
126,44,0.32
126,45,0.325
126,46,0.33
126,47,0.335
126,48,0.34
126,49,0.345
126,50,0.35
126,51,0.355
126,52,0.36
126,53,0.365
126,54,0.37
126,55,0.375
126,56,0.38
126,57,0.385
126,58,0.39
126,59,0.395
126,60,0.4
126,61,0.4025641
126,62,0.40512821
126,63,0.40769231
126,64,0.41025641
126,65,0.41282051
126,66,0.41538462
126,67,0.41794872
126,68,0.42051282
126,69,0.42307692
126,70,0.42564103
126,71,0.42820513
126,72,0.43076923
126,73,0.43333333
126,74,0.43589744
126,75,0.43846154
126,76,0.44102564
126,77,0.44358974
126,78,0.44615385
126,79,0.44871795
126,80,0.45128205
126,81,0.45384615
126,82,0.45641026
126,83,0.45897436
126,84,0.46153846
126,85,0.46410256
126,86,0.46666667
126,87,0.46923077
126,88,0.47179487
126,89,0.47435897
126,90,0.47692308
126,91,0.47948718
126,92,0.48205128
126,93,0.48461538
126,94,0.48717949
126,95,0.48974359
126,96,0.49230769
126,97,0.49487179
126,98,0.4974359
126,99,0.5
126,100,0.5
126,101,0.5
126,102,0.5
126,103,0.5
126,104,0.5
126,105,0.5
126,106,0.5
126,107,0.5
126,108,0.5
126,109,0.5
126,110,0.5
126,111,0.5
126,112,0.5
126,113,0.5
126,114,0.5
126,115,0.5
126,116,0.5
126,117,0.5
126,118,0.5
126,119,0.5
126,120,0.5
126,121,0.5
126,122,0.5
126,123,0.5
126,124,0.5
126,125,0.5
126,126,0.5
126,127,0.5
126,128,0.5
126,129,0.5
126,130,0.5
126,131,0.5
126,132,0.5
126,133,0.5
126,134,0.5
126,135,0.5
126,136,0.5
126,137,0.5
126,138,0.5
126,139,0.5
126,140,0.5
126,141,0.5
126,142,0.5
126,143,0.5
126,144,0.5
126,145,0.5
126,146,0.5
126,147,0.5
126,148,0.5
130,0,0
130,1,0.00333333
130,2,0.00666667
130,3,0.01
130,4,0.01333333
130,5,0.01666667
130,6,0.02
130,7,0.02333333
130,8,0.02666667
130,9,0.03
130,10,0.03333333
130,11,0.03666667
130,12,0.04
130,13,0.04333333
130,14,0.04666667
130,15,0.05
130,16,0.05333333
130,17,0.05666667
130,18,0.06
130,19,0.06333333
130,20,0.06666667
130,21,0.07
130,22,0.07333333
130,23,0.07666667
130,24,0.08
130,25,0.08333333
130,26,0.08666667
130,27,0.09
130,28,0.09333333
130,29,0.09666667
130,30,0.1
130,31,0.105
130,32,0.11
130,33,0.115
130,34,0.12
130,35,0.125
130,36,0.13
130,37,0.135
130,38,0.14
130,39,0.145
130,40,0.15
130,41,0.1575
130,42,0.165
130,43,0.1725
130,44,0.18
130,45,0.1875
130,46,0.195
130,47,0.2025
130,48,0.21
130,49,0.2175
130,50,0.225
130,51,0.2325
130,52,0.24
130,53,0.2475
130,54,0.255
130,55,0.2625
130,56,0.27
130,57,0.2775
130,58,0.285
130,59,0.2925
130,60,0.3
130,61,0.3025641
130,62,0.30512821
130,63,0.30769231
130,64,0.31025641
130,65,0.31282051
130,66,0.31538462
130,67,0.31794872
130,68,0.32051282
130,69,0.32307692
130,70,0.32564103
130,71,0.32820513
130,72,0.33076923
130,73,0.33333333
130,74,0.33589744
130,75,0.33846154
130,76,0.34102564
130,77,0.34358974
130,78,0.34615385
130,79,0.34871795
130,80,0.35128205
130,81,0.35384615
130,82,0.35641026
130,83,0.35897436
130,84,0.36153846
130,85,0.36410256
130,86,0.36666667
130,87,0.36923077
130,88,0.37179487
130,89,0.37435897
130,90,0.37692308
130,91,0.37948718
130,92,0.38205128
130,93,0.38461538
130,94,0.38717949
130,95,0.38974359
130,96,0.39230769
130,97,0.39487179
130,98,0.3974359
130,99,0.4
130,100,0.4
130,101,0.4
130,102,0.4
130,103,0.4
130,104,0.4
130,105,0.4
130,106,0.4
130,107,0.4
130,108,0.4
130,109,0.4
130,110,0.4
130,111,0.4
130,112,0.4
130,113,0.4
130,114,0.4
130,115,0.4
130,116,0.4
130,117,0.4
130,118,0.4
130,119,0.4
130,120,0.4
130,121,0.4
130,122,0.4
130,123,0.4
130,124,0.4
130,125,0.4
130,126,0.4
130,127,0.4
130,128,0.4
130,129,0.4
130,130,0.4
130,131,0.4
130,132,0.4
130,133,0.4
130,134,0.4
130,135,0.4
130,136,0.4
130,137,0.4
130,138,0.4
130,139,0.4
130,140,0.4
130,141,0.4
130,142,0.4
130,143,0.4
130,144,0.4
130,145,0.4
130,146,0.4
130,147,0.4
130,148,0.4
131,0,0
131,1,0.00333333
131,2,0.00666667
131,3,0.01
131,4,0.01333333
131,5,0.01666667
131,6,0.02
131,7,0.02333333
131,8,0.02666667
131,9,0.03
131,10,0.03333333
131,11,0.03666667
131,12,0.04
131,13,0.04333333
131,14,0.04666667
131,15,0.05
131,16,0.067
131,17,0.084
131,18,0.101
131,19,0.118
131,20,0.135
131,21,0.152
131,22,0.169
131,23,0.186
131,24,0.203
131,25,0.22
131,26,0.232
131,27,0.244
131,28,0.256
131,29,0.268
131,30,0.28
131,31,0.292
131,32,0.304
131,33,0.316
131,34,0.328
131,35,0.34
131,36,0.352
131,37,0.364
131,38,0.376
131,39,0.388
131,40,0.4
131,41,0.40338983
131,42,0.40677966
131,43,0.41016949
131,44,0.41355932
131,45,0.41694915
131,46,0.42033898
131,47,0.42372881
131,48,0.42711864
131,49,0.43050847
131,50,0.43389831
131,51,0.43728814
131,52,0.44067797
131,53,0.4440678
131,54,0.44745763
131,55,0.45084746
131,56,0.45423729
131,57,0.45762712
131,58,0.46101695
131,59,0.46440678
131,60,0.46779661
131,61,0.47118644
131,62,0.47457627
131,63,0.4779661
131,64,0.48135593
131,65,0.48474576
131,66,0.48813559
131,67,0.49152542
131,68,0.49491525
131,69,0.49830508
131,70,0.50169492
131,71,0.50508475
131,72,0.50847458
131,73,0.51186441
131,74,0.51525424
131,75,0.51864407
131,76,0.5220339
131,77,0.52542373
131,78,0.52881356
131,79,0.53220339
131,80,0.53559322
131,81,0.53898305
131,82,0.54237288
131,83,0.54576271
131,84,0.54915254
131,85,0.55254237
131,86,0.5559322
131,87,0.55932203
131,88,0.56271186
131,89,0.56610169
131,90,0.56949153
131,91,0.57288136
131,92,0.57627119
131,93,0.57966102
131,94,0.58305085
131,95,0.58644068
131,96,0.58983051
131,97,0.59322034
131,98,0.59661017
131,99,0.6
131,100,0.6
131,101,0.6
131,102,0.6
131,103,0.6
131,104,0.6
131,105,0.6
131,106,0.6
131,107,0.6
131,108,0.6
131,109,0.6
131,110,0.6
131,111,0.6
131,112,0.6
131,113,0.6
131,114,0.6
131,115,0.6
131,116,0.6
131,117,0.6
131,118,0.6
131,119,0.6
131,120,0.6
131,121,0.6
131,122,0.6
131,123,0.6
131,124,0.6
131,125,0.6
131,126,0.6
131,127,0.6
131,128,0.6
131,129,0.6
131,130,0.6
131,131,0.6
131,132,0.6
131,133,0.6
131,134,0.6
131,135,0.6
131,136,0.6
131,137,0.6
131,138,0.6
131,139,0.6
131,140,0.6
131,141,0.6
131,142,0.6
131,143,0.6
131,144,0.6
131,145,0.6
131,146,0.6
131,147,0.6
131,148,0.6
132,0,0
132,1,0.02
132,2,0.04
132,3,0.06
132,4,0.08
132,5,0.1
132,6,0.12
132,7,0.14
132,8,0.16
132,9,0.18
132,10,0.2
132,11,0.22
132,12,0.24
132,13,0.26
132,14,0.28
132,15,0.3
132,16,0.32
132,17,0.34
132,18,0.36
132,19,0.38
132,20,0.4
132,21,0.40666667
132,22,0.41333333
132,23,0.42
132,24,0.42666667
132,25,0.43333333
132,26,0.44
132,27,0.44666667
132,28,0.45333333
132,29,0.46
132,30,0.46666667
132,31,0.47333333
132,32,0.48
132,33,0.48666667
132,34,0.49333333
132,35,0.5
132,36,0.504
132,37,0.508
132,38,0.512
132,39,0.516
132,40,0.52
132,41,0.524
132,42,0.528
132,43,0.532
132,44,0.536
132,45,0.54
132,46,0.544
132,47,0.548
132,48,0.552
132,49,0.556
132,50,0.56
132,51,0.564
132,52,0.568
132,53,0.572
132,54,0.576
132,55,0.58
132,56,0.584
132,57,0.588
132,58,0.592
132,59,0.596
132,60,0.6
132,61,0.6025641
132,62,0.60512821
132,63,0.60769231
132,64,0.61025641
132,65,0.61282051
132,66,0.61538462
132,67,0.61794872
132,68,0.62051282
132,69,0.62307692
132,70,0.62564103
132,71,0.62820513
132,72,0.63076923
132,73,0.63333333
132,74,0.63589744
132,75,0.63846154
132,76,0.64102564
132,77,0.64358974
132,78,0.64615385
132,79,0.64871795
132,80,0.65128205
132,81,0.65384615
132,82,0.65641026
132,83,0.65897436
132,84,0.66153846
132,85,0.66410256
132,86,0.66666667
132,87,0.66923077
132,88,0.67179487
132,89,0.67435897
132,90,0.67692308
132,91,0.67948718
132,92,0.68205128
132,93,0.68461538
132,94,0.68717949
132,95,0.68974359
132,96,0.69230769
132,97,0.69487179
132,98,0.6974359
132,99,0.7
132,100,0.7
132,101,0.7
132,102,0.7
132,103,0.7
132,104,0.7
132,105,0.7
132,106,0.7
132,107,0.7
132,108,0.7
132,109,0.7
132,110,0.7
132,111,0.7
132,112,0.7
132,113,0.7
132,114,0.7
132,115,0.7
132,116,0.7
132,117,0.7
132,118,0.7
132,119,0.7
132,120,0.7
132,121,0.7
132,122,0.7
132,123,0.7
132,124,0.7
132,125,0.7
132,126,0.7
132,127,0.7
132,128,0.7
132,129,0.7
132,130,0.7
132,131,0.7
132,132,0.7
132,133,0.7
132,134,0.7
132,135,0.7
132,136,0.7
132,137,0.7
132,138,0.7
132,139,0.7
132,140,0.7
132,141,0.7
132,142,0.7
132,143,0.7
132,144,0.7
132,145,0.7
132,146,0.7
132,147,0.7
132,148,0.7
133,0,0
133,1,0.00666667
133,2,0.01333333
133,3,0.02
133,4,0.02666667
133,5,0.03333333
133,6,0.04
133,7,0.04666667
133,8,0.05333333
133,9,0.06
133,10,0.06666667
133,11,0.07333333
133,12,0.08
133,13,0.08666667
133,14,0.09333333
133,15,0.1
133,16,0.10666667
133,17,0.11333333
133,18,0.12
133,19,0.12666667
133,20,0.13333333
133,21,0.14
133,22,0.14666667
133,23,0.15333333
133,24,0.16
133,25,0.16666667
133,26,0.17333333
133,27,0.18
133,28,0.18666667
133,29,0.19333333
133,30,0.2
133,31,0.22
133,32,0.24
133,33,0.26
133,34,0.28
133,35,0.3
133,36,0.32
133,37,0.34
133,38,0.36
133,39,0.38
133,40,0.4
133,41,0.41
133,42,0.42
133,43,0.43
133,44,0.44
133,45,0.45
133,46,0.46
133,47,0.47
133,48,0.48
133,49,0.49
133,50,0.5
133,51,0.51
133,52,0.52
133,53,0.53
133,54,0.54
133,55,0.55
133,56,0.56
133,57,0.57
133,58,0.58
133,59,0.59
133,60,0.6
133,61,0.6025641
133,62,0.60512821
133,63,0.60769231
133,64,0.61025641
133,65,0.61282051
133,66,0.61538462
133,67,0.61794872
133,68,0.62051282
133,69,0.62307692
133,70,0.62564103
133,71,0.62820513
133,72,0.63076923
133,73,0.63333333
133,74,0.63589744
133,75,0.63846154
133,76,0.64102564
133,77,0.64358974
133,78,0.64615385
133,79,0.64871795
133,80,0.65128205
133,81,0.65384615
133,82,0.65641026
133,83,0.65897436
133,84,0.66153846
133,85,0.66410256
133,86,0.66666667
133,87,0.66923077
133,88,0.67179487
133,89,0.67435897
133,90,0.67692308
133,91,0.67948718
133,92,0.68205128
133,93,0.68461538
133,94,0.68717949
133,95,0.68974359
133,96,0.69230769
133,97,0.69487179
133,98,0.6974359
133,99,0.7
133,100,0.7
133,101,0.7
133,102,0.7
133,103,0.7
133,104,0.7
133,105,0.7
133,106,0.7
133,107,0.7
133,108,0.7
133,109,0.7
133,110,0.7
133,111,0.7
133,112,0.7
133,113,0.7
133,114,0.7
133,115,0.7
133,116,0.7
133,117,0.7
133,118,0.7
133,119,0.7
133,120,0.7
133,121,0.7
133,122,0.7
133,123,0.7
133,124,0.7
133,125,0.7
133,126,0.7
133,127,0.7
133,128,0.7
133,129,0.7
133,130,0.7
133,131,0.7
133,132,0.7
133,133,0.7
133,134,0.7
133,135,0.7
133,136,0.7
133,137,0.7
133,138,0.7
133,139,0.7
133,140,0.7
133,141,0.7
133,142,0.7
133,143,0.7
133,144,0.7
133,145,0.7
133,146,0.7
133,147,0.7
133,148,0.7
134,0,0
134,1,0.014
134,2,0.028
134,3,0.042
134,4,0.056
134,5,0.07
134,6,0.084
134,7,0.098
134,8,0.112
134,9,0.126
134,10,0.14
134,11,0.154
134,12,0.168
134,13,0.182
134,14,0.196
134,15,0.21
134,16,0.224
134,17,0.238
134,18,0.252
134,19,0.266
134,20,0.28
134,21,0.294
134,22,0.308
134,23,0.322
134,24,0.336
134,25,0.35
134,26,0.36
134,27,0.37
134,28,0.38
134,29,0.39
134,30,0.4
134,31,0.41
134,32,0.42
134,33,0.43
134,34,0.44
134,35,0.45
134,36,0.46
134,37,0.47
134,38,0.48
134,39,0.49
134,40,0.5
134,41,0.505
134,42,0.51
134,43,0.515
134,44,0.52
134,45,0.525
134,46,0.53
134,47,0.535
134,48,0.54
134,49,0.545
134,50,0.55
134,51,0.555
134,52,0.56
134,53,0.565
134,54,0.57
134,55,0.575
134,56,0.58
134,57,0.585
134,58,0.59
134,59,0.595
134,60,0.6
134,61,0.6025641
134,62,0.60512821
134,63,0.60769231
134,64,0.61025641
134,65,0.61282051
134,66,0.61538462
134,67,0.61794872
134,68,0.62051282
134,69,0.62307692
134,70,0.62564103
134,71,0.62820513
134,72,0.63076923
134,73,0.63333333
134,74,0.63589744
134,75,0.63846154
134,76,0.64102564
134,77,0.64358974
134,78,0.64615385
134,79,0.64871795
134,80,0.65128205
134,81,0.65384615
134,82,0.65641026
134,83,0.65897436
134,84,0.66153846
134,85,0.66410256
134,86,0.66666667
134,87,0.66923077
134,88,0.67179487
134,89,0.67435897
134,90,0.67692308
134,91,0.67948718
134,92,0.68205128
134,93,0.68461538
134,94,0.68717949
134,95,0.68974359
134,96,0.69230769
134,97,0.69487179
134,98,0.6974359
134,99,0.7
134,100,0.7
134,101,0.7
134,102,0.7
134,103,0.7
134,104,0.7
134,105,0.7
134,106,0.7
134,107,0.7
134,108,0.7
134,109,0.7
134,110,0.7
134,111,0.7
134,112,0.7
134,113,0.7
134,114,0.7
134,115,0.7
134,116,0.7
134,117,0.7
134,118,0.7
134,119,0.7
134,120,0.7
134,121,0.7
134,122,0.7
134,123,0.7
134,124,0.7
134,125,0.7
134,126,0.7
134,127,0.7
134,128,0.7
134,129,0.7
134,130,0.7
134,131,0.7
134,132,0.7
134,133,0.7
134,134,0.7
134,135,0.7
134,136,0.7
134,137,0.7
134,138,0.7
134,139,0.7
134,140,0.7
134,141,0.7
134,142,0.7
134,143,0.7
134,144,0.7
134,145,0.7
134,146,0.7
134,147,0.7
134,148,0.7
135,0,0
135,1,0.02
135,2,0.04
135,3,0.06
135,4,0.08
135,5,0.1
135,6,0.12
135,7,0.14
135,8,0.16
135,9,0.18
135,10,0.2
135,11,0.22
135,12,0.24
135,13,0.26
135,14,0.28
135,15,0.3
135,16,0.32
135,17,0.34
135,18,0.36
135,19,0.38
135,20,0.4
135,21,0.40666667
135,22,0.41333333
135,23,0.42
135,24,0.42666667
135,25,0.43333333
135,26,0.44
135,27,0.44666667
135,28,0.45333333
135,29,0.46
135,30,0.46666667
135,31,0.47333333
135,32,0.48
135,33,0.48666667
135,34,0.49333333
135,35,0.5
135,36,0.504
135,37,0.508
135,38,0.512
135,39,0.516
135,40,0.52
135,41,0.524
135,42,0.528
135,43,0.532
135,44,0.536
135,45,0.54
135,46,0.544
135,47,0.548
135,48,0.552
135,49,0.556
135,50,0.56
135,51,0.564
135,52,0.568
135,53,0.572
135,54,0.576
135,55,0.58
135,56,0.584
135,57,0.588
135,58,0.592
135,59,0.596
135,60,0.6
135,61,0.6025641
135,62,0.60512821
135,63,0.60769231
135,64,0.61025641
135,65,0.61282051
135,66,0.61538462
135,67,0.61794872
135,68,0.62051282
135,69,0.62307692
135,70,0.62564103
135,71,0.62820513
135,72,0.63076923
135,73,0.63333333
135,74,0.63589744
135,75,0.63846154
135,76,0.64102564
135,77,0.64358974
135,78,0.64615385
135,79,0.64871795
135,80,0.65128205
135,81,0.65384615
135,82,0.65641026
135,83,0.65897436
135,84,0.66153846
135,85,0.66410256
135,86,0.66666667
135,87,0.66923077
135,88,0.67179487
135,89,0.67435897
135,90,0.67692308
135,91,0.67948718
135,92,0.68205128
135,93,0.68461538
135,94,0.68717949
135,95,0.68974359
135,96,0.69230769
135,97,0.69487179
135,98,0.6974359
135,99,0.7
135,100,0.7
135,101,0.7
135,102,0.7
135,103,0.7
135,104,0.7
135,105,0.7
135,106,0.7
135,107,0.7
135,108,0.7
135,109,0.7
135,110,0.7
135,111,0.7
135,112,0.7
135,113,0.7
135,114,0.7
135,115,0.7
135,116,0.7
135,117,0.7
135,118,0.7
135,119,0.7
135,120,0.7
135,121,0.7
135,122,0.7
135,123,0.7
135,124,0.7
135,125,0.7
135,126,0.7
135,127,0.7
135,128,0.7
135,129,0.7
135,130,0.7
135,131,0.7
135,132,0.7
135,133,0.7
135,134,0.7
135,135,0.7
135,136,0.7
135,137,0.7
135,138,0.7
135,139,0.7
135,140,0.7
135,141,0.7
135,142,0.7
135,143,0.7
135,144,0.7
135,145,0.7
135,146,0.7
135,147,0.7
135,148,0.7
140,0,0
140,1,0.0101
140,2,0.0102
140,3,0.0103
140,4,0.0104
140,5,0.0105
140,6,0.0106
140,7,0.0107
140,8,0.0108
140,9,0.0109
140,10,0.011
140,11,0.0111
140,12,0.0112
140,13,0.0113
140,14,0.0114
140,15,0.0115
140,16,0.0116
140,17,0.0117
140,18,0.0118
140,19,0.0119
140,20,0.012
140,21,0.0121
140,22,0.0122
140,23,0.0123
140,24,0.0124
140,25,0.0125
140,26,0.0126
140,27,0.0127
140,28,0.0128
140,29,0.0129
140,30,0.013
140,31,0.0131
140,32,0.0132
140,33,0.0133
140,34,0.0134
140,35,0.0135
140,36,0.0136
140,37,0.0137
140,38,0.0138
140,39,0.0139
140,40,0.014
140,41,0.0141
140,42,0.0142
140,43,0.0143
140,44,0.0144
140,45,0.0145
140,46,0.0146
140,47,0.0147
140,48,0.0148
140,49,0.0149
140,50,0.015
140,51,0.0151
140,52,0.0152
140,53,0.0153
140,54,0.0154
140,55,0.0155
140,56,0.0156
140,57,0.0157
140,58,0.0158
140,59,0.0159
140,60,0.016
140,61,0.0161
140,62,0.0162
140,63,0.0163
140,64,0.0164
140,65,0.0165
140,66,0.0166
140,67,0.0167
140,68,0.0168
140,69,0.0169
140,70,0.017
140,71,0.0171
140,72,0.0172
140,73,0.0173
140,74,0.0174
140,75,0.0175
140,76,0.0176
140,77,0.0177
140,78,0.0178
140,79,0.0179
140,80,0.018
140,81,0.0181
140,82,0.0182
140,83,0.0183
140,84,0.0184
140,85,0.0185
140,86,0.0186
140,87,0.0187
140,88,0.0188
140,89,0.0189
140,90,0.019
140,91,0.0191
140,92,0.0192
140,93,0.0193
140,94,0.0194
140,95,0.0195
140,96,0.0196
140,97,0.0197
140,98,0.0198
140,99,0.0199
140,100,0.0199
140,101,0.0199
140,102,0.0199
140,103,0.0199
140,104,0.0199
140,105,0.0199
140,106,0.0199
140,107,0.0199
140,108,0.0199
140,109,0.0199
140,110,0.0199
140,111,0.0199
140,112,0.0199
140,113,0.0199
140,114,0.0199
140,115,0.0199
140,116,0.0199
140,117,0.0199
140,118,0.0199
140,119,0.0199
140,120,0.0199
140,121,0.0199
140,122,0.0199
140,123,0.0199
140,124,0.0199
140,125,0.0199
140,126,0.0199
140,127,0.0199
140,128,0.0199
140,129,0.0199
140,130,0.0199
140,131,0.0199
140,132,0.0199
140,133,0.0199
140,134,0.0199
140,135,0.0199
140,136,0.0199
140,137,0.0199
140,138,0.0199
140,139,0.0199
140,140,0.0199
140,141,0.0199
140,142,0.0199
140,143,0.0199
140,144,0.0199
140,145,0.0199
140,146,0.0199
140,147,0.0199
140,148,0.0199
150,0,0
150,1,0.1
150,2,0.1
150,3,0.1
150,4,0.1
150,5,0.1
150,6,0.1
150,7,0.1
150,8,0.1
150,9,0.1
150,10,0.1
150,11,0.1
150,12,0.1
150,13,0.1
150,14,0.1
150,15,0.1
150,16,0.1
150,17,0.1
150,18,0.1
150,19,0.1
150,20,0.1
150,21,0.105
150,22,0.11
150,23,0.115
150,24,0.12
150,25,0.125
150,26,0.13
150,27,0.135
150,28,0.14
150,29,0.145
150,30,0.15
150,31,0.155
150,32,0.16
150,33,0.165
150,34,0.17
150,35,0.175
150,36,0.18
150,37,0.185
150,38,0.19
150,39,0.195
150,40,0.2
150,41,0.2
150,42,0.2
150,43,0.2
150,44,0.2
150,45,0.2
150,46,0.2
150,47,0.2
150,48,0.2
150,49,0.2
150,50,0.2
150,51,0.2
150,52,0.2
150,53,0.2
150,54,0.2
150,55,0.2
150,56,0.2
150,57,0.2
150,58,0.2
150,59,0.2
150,60,0.2
150,61,0.2
150,62,0.2
150,63,0.2
150,64,0.2
150,65,0.2
150,66,0.2
150,67,0.2
150,68,0.2
150,69,0.2
150,70,0.2
150,71,0.2
150,72,0.2
150,73,0.2
150,74,0.2
150,75,0.2
150,76,0.2
150,77,0.2
150,78,0.2
150,79,0.2
150,80,0.2
150,81,0.2
150,82,0.2
150,83,0.2
150,84,0.2
150,85,0.2
150,86,0.2
150,87,0.2
150,88,0.2
150,89,0.2
150,90,0.2
150,91,0.2
150,92,0.2
150,93,0.2
150,94,0.2
150,95,0.2
150,96,0.2
150,97,0.2
150,98,0.2
150,99,0.2
150,100,0.2
150,101,0.2
150,102,0.2
150,103,0.2
150,104,0.2
150,105,0.2
150,106,0.2
150,107,0.2
150,108,0.2
150,109,0.2
150,110,0.2
150,111,0.2
150,112,0.2
150,113,0.2
150,114,0.2
150,115,0.2
150,116,0.2
150,117,0.2
150,118,0.2
150,119,0.2
150,120,0.2
150,121,0.2
150,122,0.2
150,123,0.2
150,124,0.2
150,125,0.2
150,126,0.2
150,127,0.2
150,128,0.2
150,129,0.2
150,130,0.2
150,131,0.2
150,132,0.2
150,133,0.2
150,134,0.2
150,135,0.2
150,136,0.2
150,137,0.2
150,138,0.2
150,139,0.2
150,140,0.2
150,141,0.2
150,142,0.2
150,143,0.2
150,144,0.2
150,145,0.2
150,146,0.2
150,147,0.2
150,148,0.2
160,0,0
160,1,0
160,2,0
160,3,0
160,4,0
160,5,0
160,6,0
160,7,0
160,8,0
160,9,0
160,10,0
160,11,0
160,12,0
160,13,0
160,14,0
160,15,0
160,16,0
160,17,0
160,18,0
160,19,0
160,20,0
160,21,0
160,22,0
160,23,0
160,24,0
160,25,0
160,26,0
160,27,0
160,28,0
160,29,0
160,30,0
160,31,0
160,32,0
160,33,0
160,34,0
160,35,0
160,36,0
160,37,0
160,38,0
160,39,0
160,40,0
160,41,0
160,42,0
160,43,0
160,44,0
160,45,0
160,46,0
160,47,0
160,48,0
160,49,0
160,50,0
160,51,0
160,52,0
160,53,0
160,54,0
160,55,0
160,56,0
160,57,0
160,58,0
160,59,0
160,60,0
160,61,0
160,62,0
160,63,0
160,64,0
160,65,0
160,66,0
160,67,0
160,68,0
160,69,0
160,70,0
160,71,0
160,72,0
160,73,0
160,74,0
160,75,0
160,76,0
160,77,0
160,78,0
160,79,0
160,80,0
160,81,0
160,82,0
160,83,0
160,84,0
160,85,0
160,86,0
160,87,0
160,88,0
160,89,0
160,90,0
160,91,0
160,92,0
160,93,0
160,94,0
160,95,0
160,96,0
160,97,0
160,98,0
160,99,0
160,100,0
160,101,0
160,102,0
160,103,0
160,104,0
160,105,0
160,106,0
160,107,0
160,108,0
160,109,0
160,110,0
160,111,0
160,112,0
160,113,0
160,114,0
160,115,0
160,116,0
160,117,0
160,118,0
160,119,0
160,120,0
160,121,0
160,122,0
160,123,0
160,124,0
160,125,0
160,126,0
160,127,0
160,128,0
160,129,0
160,130,0
160,131,0
160,132,0
160,133,0
160,134,0
160,135,0
160,136,0
160,137,0
160,138,0
160,139,0
160,140,0
160,141,0
160,142,0
160,143,0
160,144,0
160,145,0
160,146,0
160,147,0
160,148,0
161,0,0
161,1,0
161,2,0
161,3,0
161,4,0
161,5,0
161,6,0
161,7,0
161,8,0
161,9,0
161,10,0
161,11,0
161,12,0
161,13,0
161,14,0
161,15,0
161,16,0
161,17,0
161,18,0
161,19,0
161,20,0
161,21,0
161,22,0
161,23,0
161,24,0
161,25,0
161,26,0
161,27,0
161,28,0
161,29,0
161,30,0
161,31,0
161,32,0
161,33,0
161,34,0
161,35,0
161,36,0
161,37,0
161,38,0
161,39,0
161,40,0
161,41,0
161,42,0
161,43,0
161,44,0
161,45,0
161,46,0
161,47,0
161,48,0
161,49,0
161,50,0
161,51,0
161,52,0
161,53,0
161,54,0
161,55,0
161,56,0
161,57,0
161,58,0
161,59,0
161,60,0
161,61,0
161,62,0
161,63,0
161,64,0
161,65,0
161,66,0
161,67,0
161,68,0
161,69,0
161,70,0
161,71,0
161,72,0
161,73,0
161,74,0
161,75,0
161,76,0
161,77,0
161,78,0
161,79,0
161,80,0
161,81,0
161,82,0
161,83,0
161,84,0
161,85,0
161,86,0
161,87,0
161,88,0
161,89,0
161,90,0
161,91,0
161,92,0
161,93,0
161,94,0
161,95,0
161,96,0
161,97,0
161,98,0
161,99,0
161,100,0
161,101,0
161,102,0
161,103,0
161,104,0
161,105,0
161,106,0
161,107,0
161,108,0
161,109,0
161,110,0
161,111,0
161,112,0
161,113,0
161,114,0
161,115,0
161,116,0
161,117,0
161,118,0
161,119,0
161,120,0
161,121,0
161,122,0
161,123,0
161,124,0
161,125,0
161,126,0
161,127,0
161,128,0
161,129,0
161,130,0
161,131,0
161,132,0
161,133,0
161,134,0
161,135,0
161,136,0
161,137,0
161,138,0
161,139,0
161,140,0
161,141,0
161,142,0
161,143,0
161,144,0
161,145,0
161,146,0
161,147,0
161,148,0
162,0,0
162,1,0
162,2,0
162,3,0
162,4,0
162,5,0
162,6,0
162,7,0
162,8,0
162,9,0
162,10,0
162,11,0
162,12,0
162,13,0
162,14,0
162,15,0
162,16,0
162,17,0
162,18,0
162,19,0
162,20,0
162,21,0
162,22,0
162,23,0
162,24,0
162,25,0
162,26,0
162,27,0
162,28,0
162,29,0
162,30,0
162,31,0
162,32,0
162,33,0
162,34,0
162,35,0
162,36,0
162,37,0
162,38,0
162,39,0
162,40,0
162,41,0
162,42,0
162,43,0
162,44,0
162,45,0
162,46,0
162,47,0
162,48,0
162,49,0
162,50,0
162,51,0
162,52,0
162,53,0
162,54,0
162,55,0
162,56,0
162,57,0
162,58,0
162,59,0
162,60,0
162,61,0
162,62,0
162,63,0
162,64,0
162,65,0
162,66,0
162,67,0
162,68,0
162,69,0
162,70,0
162,71,0
162,72,0
162,73,0
162,74,0
162,75,0
162,76,0
162,77,0
162,78,0
162,79,0
162,80,0
162,81,0
162,82,0
162,83,0
162,84,0
162,85,0
162,86,0
162,87,0
162,88,0
162,89,0
162,90,0
162,91,0
162,92,0
162,93,0
162,94,0
162,95,0
162,96,0
162,97,0
162,98,0
162,99,0
162,100,0
162,101,0
162,102,0
162,103,0
162,104,0
162,105,0
162,106,0
162,107,0
162,108,0
162,109,0
162,110,0
162,111,0
162,112,0
162,113,0
162,114,0
162,115,0
162,116,0
162,117,0
162,118,0
162,119,0
162,120,0
162,121,0
162,122,0
162,123,0
162,124,0
162,125,0
162,126,0
162,127,0
162,128,0
162,129,0
162,130,0
162,131,0
162,132,0
162,133,0
162,134,0
162,135,0
162,136,0
162,137,0
162,138,0
162,139,0
162,140,0
162,141,0
162,142,0
162,143,0
162,144,0
162,145,0
162,146,0
162,147,0
162,148,0
163,0,0
163,1,0
163,2,0
163,3,0
163,4,0
163,5,0
163,6,0
163,7,0
163,8,0
163,9,0
163,10,0
163,11,0
163,12,0
163,13,0
163,14,0
163,15,0
163,16,0
163,17,0
163,18,0
163,19,0
163,20,0
163,21,0
163,22,0
163,23,0
163,24,0
163,25,0
163,26,0
163,27,0
163,28,0
163,29,0
163,30,0
163,31,0
163,32,0
163,33,0
163,34,0
163,35,0
163,36,0
163,37,0
163,38,0
163,39,0
163,40,0
163,41,0
163,42,0
163,43,0
163,44,0
163,45,0
163,46,0
163,47,0
163,48,0
163,49,0
163,50,0
163,51,0
163,52,0
163,53,0
163,54,0
163,55,0
163,56,0
163,57,0
163,58,0
163,59,0
163,60,0
163,61,0
163,62,0
163,63,0
163,64,0
163,65,0
163,66,0
163,67,0
163,68,0
163,69,0
163,70,0
163,71,0
163,72,0
163,73,0
163,74,0
163,75,0
163,76,0
163,77,0
163,78,0
163,79,0
163,80,0
163,81,0
163,82,0
163,83,0
163,84,0
163,85,0
163,86,0
163,87,0
163,88,0
163,89,0
163,90,0
163,91,0
163,92,0
163,93,0
163,94,0
163,95,0
163,96,0
163,97,0
163,98,0
163,99,0
163,100,0
163,101,0
163,102,0
163,103,0
163,104,0
163,105,0
163,106,0
163,107,0
163,108,0
163,109,0
163,110,0
163,111,0
163,112,0
163,113,0
163,114,0
163,115,0
163,116,0
163,117,0
163,118,0
163,119,0
163,120,0
163,121,0
163,122,0
163,123,0
163,124,0
163,125,0
163,126,0
163,127,0
163,128,0
163,129,0
163,130,0
163,131,0
163,132,0
163,133,0
163,134,0
163,135,0
163,136,0
163,137,0
163,138,0
163,139,0
163,140,0
163,141,0
163,142,0
163,143,0
163,144,0
163,145,0
163,146,0
163,147,0
163,148,0
170,0,0
170,1,0
170,2,0
170,3,0
170,4,0
170,5,0
170,6,0
170,7,0
170,8,0
170,9,0
170,10,0
170,11,0
170,12,0
170,13,0
170,14,0
170,15,0
170,16,0
170,17,0
170,18,0
170,19,0
170,20,0
170,21,0
170,22,0
170,23,0
170,24,0
170,25,0
170,26,0
170,27,0
170,28,0
170,29,0
170,30,0
170,31,0
170,32,0
170,33,0
170,34,0
170,35,0
170,36,0
170,37,0
170,38,0
170,39,0
170,40,0
170,41,0
170,42,0
170,43,0
170,44,0
170,45,0
170,46,0
170,47,0
170,48,0
170,49,0
170,50,0
170,51,0
170,52,0
170,53,0
170,54,0
170,55,0
170,56,0
170,57,0
170,58,0
170,59,0
170,60,0
170,61,0
170,62,0
170,63,0
170,64,0
170,65,0
170,66,0
170,67,0
170,68,0
170,69,0
170,70,0
170,71,0
170,72,0
170,73,0
170,74,0
170,75,0
170,76,0
170,77,0
170,78,0
170,79,0
170,80,0
170,81,0
170,82,0
170,83,0
170,84,0
170,85,0
170,86,0
170,87,0
170,88,0
170,89,0
170,90,0
170,91,0
170,92,0
170,93,0
170,94,0
170,95,0
170,96,0
170,97,0
170,98,0
170,99,0
170,100,0
170,101,0
170,102,0
170,103,0
170,104,0
170,105,0
170,106,0
170,107,0
170,108,0
170,109,0
170,110,0
170,111,0
170,112,0
170,113,0
170,114,0
170,115,0
170,116,0
170,117,0
170,118,0
170,119,0
170,120,0
170,121,0
170,122,0
170,123,0
170,124,0
170,125,0
170,126,0
170,127,0
170,128,0
170,129,0
170,130,0
170,131,0
170,132,0
170,133,0
170,134,0
170,135,0
170,136,0
170,137,0
170,138,0
170,139,0
170,140,0
170,141,0
170,142,0
170,143,0
170,144,0
170,145,0
170,146,0
170,147,0
170,148,0
171,0,0
171,1,0.02
171,2,0.04
171,3,0.06
171,4,0.08
171,5,0.1
171,6,0.12
171,7,0.14
171,8,0.16
171,9,0.18
171,10,0.2
171,11,0.201
171,12,0.202
171,13,0.203
171,14,0.204
171,15,0.205
171,16,0.206
171,17,0.207
171,18,0.208
171,19,0.209
171,20,0.21
171,21,0.211
171,22,0.212
171,23,0.213
171,24,0.214
171,25,0.215
171,26,0.216
171,27,0.217
171,28,0.218
171,29,0.219
171,30,0.22
171,31,0.221
171,32,0.222
171,33,0.223
171,34,0.224
171,35,0.225
171,36,0.226
171,37,0.227
171,38,0.228
171,39,0.229
171,40,0.23
171,41,0.231
171,42,0.232
171,43,0.233
171,44,0.234
171,45,0.235
171,46,0.236
171,47,0.237
171,48,0.238
171,49,0.239
171,50,0.24
171,51,0.241
171,52,0.242
171,53,0.243
171,54,0.244
171,55,0.245
171,56,0.246
171,57,0.247
171,58,0.248
171,59,0.249
171,60,0.25
171,61,0.25128205
171,62,0.2525641
171,63,0.25384615
171,64,0.25512821
171,65,0.25641026
171,66,0.25769231
171,67,0.25897436
171,68,0.26025641
171,69,0.26153846
171,70,0.26282051
171,71,0.26410256
171,72,0.26538462
171,73,0.26666667
171,74,0.26794872
171,75,0.26923077
171,76,0.27051282
171,77,0.27179487
171,78,0.27307692
171,79,0.27435897
171,80,0.27564103
171,81,0.27692308
171,82,0.27820513
171,83,0.27948718
171,84,0.28076923
171,85,0.28205128
171,86,0.28333333
171,87,0.28461538
171,88,0.28589744
171,89,0.28717949
171,90,0.28846154
171,91,0.28974359
171,92,0.29102564
171,93,0.29230769
171,94,0.29358974
171,95,0.29487179
171,96,0.29615385
171,97,0.2974359
171,98,0.29871795
171,99,0.3
171,100,0.3
171,101,0.3
171,102,0.3
171,103,0.3
171,104,0.3
171,105,0.3
171,106,0.3
171,107,0.3
171,108,0.3
171,109,0.3
171,110,0.3
171,111,0.3
171,112,0.3
171,113,0.3
171,114,0.3
171,115,0.3
171,116,0.3
171,117,0.3
171,118,0.3
171,119,0.3
171,120,0.3
171,121,0.3
171,122,0.3
171,123,0.3
171,124,0.3
171,125,0.3
171,126,0.3
171,127,0.3
171,128,0.3
171,129,0.3
171,130,0.3
171,131,0.3
171,132,0.3
171,133,0.3
171,134,0.3
171,135,0.3
171,136,0.3
171,137,0.3
171,138,0.3
171,139,0.3
171,140,0.3
171,141,0.3
171,142,0.3
171,143,0.3
171,144,0.3
171,145,0.3
171,146,0.3
171,147,0.3
171,148,0.3
172,0,0
172,1,0
172,2,0
172,3,0
172,4,0
172,5,0
172,6,0
172,7,0
172,8,0
172,9,0
172,10,0
172,11,0
172,12,0
172,13,0
172,14,0
172,15,0
172,16,0
172,17,0
172,18,0
172,19,0
172,20,0
172,21,0
172,22,0
172,23,0
172,24,0
172,25,0
172,26,0
172,27,0
172,28,0
172,29,0
172,30,0
172,31,0
172,32,0
172,33,0
172,34,0
172,35,0
172,36,0
172,37,0
172,38,0
172,39,0
172,40,0
172,41,0
172,42,0
172,43,0
172,44,0
172,45,0
172,46,0
172,47,0
172,48,0
172,49,0
172,50,0
172,51,0
172,52,0
172,53,0
172,54,0
172,55,0
172,56,0
172,57,0
172,58,0
172,59,0
172,60,0
172,61,0
172,62,0
172,63,0
172,64,0
172,65,0
172,66,0
172,67,0
172,68,0
172,69,0
172,70,0
172,71,0
172,72,0
172,73,0
172,74,0
172,75,0
172,76,0
172,77,0
172,78,0
172,79,0
172,80,0
172,81,0
172,82,0
172,83,0
172,84,0
172,85,0
172,86,0
172,87,0
172,88,0
172,89,0
172,90,0
172,91,0
172,92,0
172,93,0
172,94,0
172,95,0
172,96,0
172,97,0
172,98,0
172,99,0
172,100,0
172,101,0
172,102,0
172,103,0
172,104,0
172,105,0
172,106,0
172,107,0
172,108,0
172,109,0
172,110,0
172,111,0
172,112,0
172,113,0
172,114,0
172,115,0
172,116,0
172,117,0
172,118,0
172,119,0
172,120,0
172,121,0
172,122,0
172,123,0
172,124,0
172,125,0
172,126,0
172,127,0
172,128,0
172,129,0
172,130,0
172,131,0
172,132,0
172,133,0
172,134,0
172,135,0
172,136,0
172,137,0
172,138,0
172,139,0
172,140,0
172,141,0
172,142,0
172,143,0
172,144,0
172,145,0
172,146,0
172,147,0
172,148,0
173,0,0
173,1,0
173,2,0
173,3,0
173,4,0
173,5,0
173,6,0
173,7,0
173,8,0
173,9,0
173,10,0
173,11,0
173,12,0
173,13,0
173,14,0
173,15,0
173,16,0
173,17,0
173,18,0
173,19,0
173,20,0
173,21,0
173,22,0
173,23,0
173,24,0
173,25,0
173,26,0
173,27,0
173,28,0
173,29,0
173,30,0
173,31,0
173,32,0
173,33,0
173,34,0
173,35,0
173,36,0
173,37,0
173,38,0
173,39,0
173,40,0
173,41,0
173,42,0
173,43,0
173,44,0
173,45,0
173,46,0
173,47,0
173,48,0
173,49,0
173,50,0
173,51,0
173,52,0
173,53,0
173,54,0
173,55,0
173,56,0
173,57,0
173,58,0
173,59,0
173,60,0
173,61,0
173,62,0
173,63,0
173,64,0
173,65,0
173,66,0
173,67,0
173,68,0
173,69,0
173,70,0
173,71,0
173,72,0
173,73,0
173,74,0
173,75,0
173,76,0
173,77,0
173,78,0
173,79,0
173,80,0
173,81,0
173,82,0
173,83,0
173,84,0
173,85,0
173,86,0
173,87,0
173,88,0
173,89,0
173,90,0
173,91,0
173,92,0
173,93,0
173,94,0
173,95,0
173,96,0
173,97,0
173,98,0
173,99,0
173,100,0
173,101,0
173,102,0
173,103,0
173,104,0
173,105,0
173,106,0
173,107,0
173,108,0
173,109,0
173,110,0
173,111,0
173,112,0
173,113,0
173,114,0
173,115,0
173,116,0
173,117,0
173,118,0
173,119,0
173,120,0
173,121,0
173,122,0
173,123,0
173,124,0
173,125,0
173,126,0
173,127,0
173,128,0
173,129,0
173,130,0
173,131,0
173,132,0
173,133,0
173,134,0
173,135,0
173,136,0
173,137,0
173,138,0
173,139,0
173,140,0
173,141,0
173,142,0
173,143,0
173,144,0
173,145,0
173,146,0
173,147,0
173,148,0
200,0,0
200,1,0
200,2,0
200,3,0
200,4,0
200,5,0
200,6,0
200,7,0
200,8,0
200,9,0
200,10,0
200,11,0
200,12,0
200,13,0
200,14,0
200,15,0
200,16,0
200,17,0
200,18,0
200,19,0
200,20,0
200,21,0
200,22,0
200,23,0
200,24,0
200,25,0
200,26,0
200,27,0
200,28,0
200,29,0
200,30,0
200,31,0
200,32,0
200,33,0
200,34,0
200,35,0
200,36,0
200,37,0
200,38,0
200,39,0
200,40,0
200,41,0
200,42,0
200,43,0
200,44,0
200,45,0
200,46,0
200,47,0
200,48,0
200,49,0
200,50,0
200,51,0
200,52,0
200,53,0
200,54,0
200,55,0
200,56,0
200,57,0
200,58,0
200,59,0
200,60,0
200,61,0
200,62,0
200,63,0
200,64,0
200,65,0
200,66,0
200,67,0
200,68,0
200,69,0
200,70,0
200,71,0
200,72,0
200,73,0
200,74,0
200,75,0
200,76,0
200,77,0
200,78,0
200,79,0
200,80,0
200,81,0
200,82,0
200,83,0
200,84,0
200,85,0
200,86,0
200,87,0
200,88,0
200,89,0
200,90,0
200,91,0
200,92,0
200,93,0
200,94,0
200,95,0
200,96,0
200,97,0
200,98,0
200,99,0
200,100,0
200,101,0
200,102,0
200,103,0
200,104,0
200,105,0
200,106,0
200,107,0
200,108,0
200,109,0
200,110,0
200,111,0
200,112,0
200,113,0
200,114,0
200,115,0
200,116,0
200,117,0
200,118,0
200,119,0
200,120,0
200,121,0
200,122,0
200,123,0
200,124,0
200,125,0
200,126,0
200,127,0
200,128,0
200,129,0
200,130,0
200,131,0
200,132,0
200,133,0
200,134,0
200,135,0
200,136,0
200,137,0
200,138,0
200,139,0
200,140,0
200,141,0
200,142,0
200,143,0
200,144,0
200,145,0
200,146,0
200,147,0
200,148,0
210,0,0
210,1,0.2
210,2,0.2
210,3,0.2
210,4,0.2
210,5,0.2
210,6,0.2
210,7,0.2
210,8,0.2
210,9,0.2
210,10,0.2
210,11,0.2
210,12,0.2
210,13,0.225
210,14,0.25
210,15,0.275
210,16,0.3
210,17,0.35
210,18,0.4
210,19,0.45
210,20,0.5
210,21,0.5
210,22,0.5
210,23,0.5
210,24,0.5
210,25,0.5
210,26,0.5
210,27,0.5
210,28,0.5
210,29,0.5
210,30,0.5
210,31,0.5
210,32,0.5
210,33,0.5
210,34,0.5
210,35,0.5
210,36,0.5
210,37,0.5
210,38,0.5
210,39,0.5
210,40,0.5
210,41,0.5
210,42,0.5
210,43,0.5
210,44,0.5
210,45,0.5
210,46,0.5
210,47,0.5
210,48,0.5
210,49,0.5
210,50,0.5
210,51,0.5
210,52,0.5
210,53,0.5
210,54,0.5
210,55,0.5
210,56,0.5
210,57,0.5
210,58,0.5
210,59,0.5
210,60,0.5
210,61,0.5
210,62,0.5
210,63,0.5
210,64,0.5
210,65,0.5
210,66,0.5
210,67,0.5
210,68,0.5
210,69,0.5
210,70,0.5
210,71,0.5
210,72,0.5
210,73,0.5
210,74,0.5
210,75,0.5
210,76,0.5
210,77,0.5
210,78,0.5
210,79,0.5
210,80,0.5
210,81,0.5
210,82,0.5
210,83,0.5
210,84,0.5
210,85,0.5
210,86,0.5
210,87,0.5
210,88,0.5
210,89,0.5
210,90,0.5
210,91,0.5
210,92,0.5
210,93,0.5
210,94,0.5
210,95,0.5
210,96,0.5
210,97,0.5
210,98,0.5
210,99,0.5
210,100,0.5
210,101,0.5
210,102,0.5
210,103,0.5
210,104,0.5
210,105,0.5
210,106,0.5
210,107,0.5
210,108,0.5
210,109,0.5
210,110,0.5
210,111,0.5
210,112,0.5
210,113,0.5
210,114,0.5
210,115,0.5
210,116,0.5
210,117,0.5
210,118,0.5
210,119,0.5
210,120,0.5
210,121,0.5
210,122,0.5
210,123,0.5
210,124,0.5
210,125,0.5
210,126,0.5
210,127,0.5
210,128,0.5
210,129,0.5
210,130,0.5
210,131,0.5
210,132,0.5
210,133,0.5
210,134,0.5
210,135,0.5
210,136,0.5
210,137,0.5
210,138,0.5
210,139,0.5
210,140,0.5
210,141,0.5
210,142,0.5
210,143,0.5
210,144,0.5
210,145,0.5
210,146,0.5
210,147,0.5
210,148,0.5
211,0,0
211,1,1
211,2,1
211,3,1
211,4,1
211,5,1
211,6,1
211,7,1
211,8,1
211,9,1
211,10,1
211,11,1
211,12,1
211,13,1
211,14,1
211,15,1
211,16,1
211,17,1
211,18,1
211,19,1
211,20,1
211,21,1
211,22,1
211,23,1
211,24,1
211,25,1
211,26,1
211,27,1
211,28,1
211,29,1
211,30,1
211,31,1
211,32,1
211,33,1
211,34,1
211,35,1
211,36,1
211,37,1
211,38,1
211,39,1
211,40,1
211,41,1
211,42,1
211,43,1
211,44,1
211,45,1
211,46,1
211,47,1
211,48,1
211,49,1
211,50,1
211,51,1
211,52,1
211,53,1
211,54,1
211,55,1
211,56,1
211,57,1
211,58,1
211,59,1
211,60,1
211,61,1
211,62,1
211,63,1
211,64,1
211,65,1
211,66,1
211,67,1
211,68,1
211,69,1
211,70,1
211,71,1.00333333
211,72,1.00666667
211,73,1.01
211,74,1.01333333
211,75,1.01666667
211,76,1.02
211,77,1.02333333
211,78,1.02666667
211,79,1.03
211,80,1.03333333
211,81,1.03666667
211,82,1.04
211,83,1.04333333
211,84,1.04666667
211,85,1.05
211,86,1.05333333
211,87,1.05666667
211,88,1.06
211,89,1.06333333
211,90,1.06666667
211,91,1.07
211,92,1.07333333
211,93,1.07666667
211,94,1.08
211,95,1.08333333
211,96,1.08666667
211,97,1.09
211,98,1.09333333
211,99,1.09666667
211,100,1.1
211,101,1.104
211,102,1.108
211,103,1.112
211,104,1.116
211,105,1.12
211,106,1.124
211,107,1.128
211,108,1.132
211,109,1.136
211,110,1.14
211,111,1.144
211,112,1.148
211,113,1.152
211,114,1.156
211,115,1.16
211,116,1.164
211,117,1.168
211,118,1.172
211,119,1.176
211,120,1.18
211,121,1.184
211,122,1.188
211,123,1.192
211,124,1.196
211,125,1.2
211,126,1.204
211,127,1.208
211,128,1.212
211,129,1.216
211,130,1.22
211,131,1.224
211,132,1.228
211,133,1.232
211,134,1.236
211,135,1.24
211,136,1.244
211,137,1.248
211,138,1.252
211,139,1.256
211,140,1.26
211,141,1.264
211,142,1.268
211,143,1.272
211,144,1.276
211,145,1.28
211,146,1.284
211,147,1.288
211,148,1.292
211,149,1.296
211,150,1.3
212,0,0
212,1,1
212,2,1
212,3,1
212,4,1
212,5,1
212,6,1
212,7,1
212,8,1
212,9,1
212,10,1
212,11,1
212,12,1
212,13,1
212,14,1
212,15,1
212,16,1
212,17,1
212,18,1
212,19,1
212,20,1
212,21,1
212,22,1
212,23,1
212,24,1
212,25,1
212,26,1
212,27,1
212,28,1
212,29,1
212,30,1
212,31,1
212,32,1
212,33,1
212,34,1
212,35,1
212,36,1
212,37,1
212,38,1
212,39,1
212,40,1
212,41,1
212,42,1
212,43,1
212,44,1
212,45,1
212,46,1
212,47,1
212,48,1
212,49,1
212,50,1
212,51,1
212,52,1
212,53,1
212,54,1
212,55,1
212,56,1
212,57,1
212,58,1
212,59,1
212,60,1
212,61,1
212,62,1
212,63,1
212,64,1
212,65,1
212,66,1
212,67,1
212,68,1
212,69,1
212,70,1
212,71,1
212,72,1
212,73,1
212,74,1
212,75,1
212,76,1
212,77,1
212,78,1
212,79,1
212,80,1
212,81,1
212,82,1
212,83,1
212,84,1
212,85,1
212,86,1
212,87,1
212,88,1
212,89,1
212,90,1
212,91,1
212,92,1
212,93,1
212,94,1
212,95,1
212,96,1
212,97,1
212,98,1
212,99,1
212,100,1
212,101,1
212,102,1
212,103,1
212,104,1
212,105,1
212,106,1
212,107,1
212,108,1
212,109,1
212,110,1
212,111,1
212,112,1
212,113,1
212,114,1
212,115,1
212,116,1
212,117,1
212,118,1
212,119,1
212,120,1
212,121,1
212,122,1
212,123,1
212,124,1
212,125,1
212,126,1
212,127,1
212,128,1
212,129,1
212,130,1
212,131,1
212,132,1
212,133,1
212,134,1
212,135,1
212,136,1
212,137,1
212,138,1
212,139,1
212,140,1
212,141,1
212,142,1
212,143,1
212,144,1
212,145,1
212,146,1
212,147,1
212,148,1
213,0,0
213,1,1
213,2,1
213,3,1
213,4,1
213,5,1
213,6,1
213,7,1
213,8,1
213,9,1
213,10,1
213,11,1
213,12,1
213,13,1
213,14,1
213,15,1
213,16,1
213,17,1
213,18,1
213,19,1
213,20,1
213,21,0.99333333
213,22,0.98666667
213,23,0.98
213,24,0.97333333
213,25,0.96666667
213,26,0.96
213,27,0.95333333
213,28,0.94666667
213,29,0.94
213,30,0.93333333
213,31,0.92666667
213,32,0.92
213,33,0.91333333
213,34,0.90666667
213,35,0.9
213,36,0.8984375
213,37,0.896875
213,38,0.8953125
213,39,0.89375
213,40,0.8921875
213,41,0.890625
213,42,0.8890625
213,43,0.8875
213,44,0.8859375
213,45,0.884375
213,46,0.8828125
213,47,0.88125
213,48,0.8796875
213,49,0.878125
213,50,0.8765625
213,51,0.875
213,52,0.8734375
213,53,0.871875
213,54,0.8703125
213,55,0.86875
213,56,0.8671875
213,57,0.865625
213,58,0.8640625
213,59,0.8625
213,60,0.8609375
213,61,0.859375
213,62,0.8578125
213,63,0.85625
213,64,0.8546875
213,65,0.853125
213,66,0.8515625
213,67,0.85
213,68,0.8484375
213,69,0.846875
213,70,0.8453125
213,71,0.84375
213,72,0.8421875
213,73,0.840625
213,74,0.8390625
213,75,0.8375
213,76,0.8359375
213,77,0.834375
213,78,0.8328125
213,79,0.83125
213,80,0.8296875
213,81,0.828125
213,82,0.8265625
213,83,0.825
213,84,0.8234375
213,85,0.821875
213,86,0.8203125
213,87,0.81875
213,88,0.8171875
213,89,0.815625
213,90,0.8140625
213,91,0.8125
213,92,0.8109375
213,93,0.809375
213,94,0.8078125
213,95,0.80625
213,96,0.8046875
213,97,0.803125
213,98,0.8015625
213,99,0.8
213,100,0.8
213,101,0.8
213,102,0.8
213,103,0.8
213,104,0.8
213,105,0.8
213,106,0.8
213,107,0.8
213,108,0.8
213,109,0.8
213,110,0.8
213,111,0.8
213,112,0.8
213,113,0.8
213,114,0.8
213,115,0.8
213,116,0.8
213,117,0.8
213,118,0.8
213,119,0.8
213,120,0.8
213,121,0.8
213,122,0.8
213,123,0.8
213,124,0.8
213,125,0.8
213,126,0.8
213,127,0.8
213,128,0.8
213,129,0.8
213,130,0.8
213,131,0.8
213,132,0.8
213,133,0.8
213,134,0.8
213,135,0.8
213,136,0.8
213,137,0.8
213,138,0.8
213,139,0.8
213,140,0.8
213,141,0.8
213,142,0.8
213,143,0.8
213,144,0.8
213,145,0.8
213,146,0.8
213,147,0.8
213,148,0.8
220,0,0
220,1,0.45
220,2,0.45
220,3,0.45
220,4,0.45
220,5,0.45
220,6,0.45
220,7,0.45
220,8,0.45
220,9,0.46588235
220,10,0.48176471
220,11,0.49764706
220,12,0.51352941
220,13,0.52941176
220,14,0.54529412
220,15,0.56117647
220,16,0.57705882
220,17,0.59294118
220,18,0.60882353
220,19,0.62470588
220,20,0.64058824
220,21,0.65647059
220,22,0.67235294
220,23,0.68823529
220,24,0.70411765
220,25,0.72
220,26,0.72961095
220,27,0.74060153
220,28,0.75218102
220,29,0.76416034
220,30,0.77644603
220,31,0.78898152
220,32,0.80172863
220,33,0.81465975
220,34,0.82775394
220,35,0.84099471
220,36,0.85436877
220,37,0.86786513
220,38,0.88147455
220,39,0.89518916
220,40,0.90900216
220,41,0.92290763
220,42,0.93690032
220,43,0.95097562
220,44,0.96512937
220,45,0.97935784
220,46,0.99365766
220,47,1.00802576
220,48,1.02245935
220,49,1.03695584
220,50,1.05151287
220,51,1.06612827
220,52,1.0808
220,53,1.09552618
220,54,1.11030506
220,55,1.125135
220,56,1.14001447
220,57,1.15494202
220,58,1.16991629
220,59,1.18493602
220,60,1.2
220,61,1.21025641
220,62,1.22051282
220,63,1.23076923
220,64,1.24102564
220,65,1.25128205
220,66,1.26153846
220,67,1.27179487
220,68,1.28205128
220,69,1.29230769
220,70,1.3025641
220,71,1.31282051
220,72,1.32307692
220,73,1.33333333
220,74,1.34358974
220,75,1.35384615
220,76,1.36410256
220,77,1.37435897
220,78,1.38461538
220,79,1.39487179
220,80,1.40512821
220,81,1.41538462
220,82,1.42564103
220,83,1.43589744
220,84,1.44615385
220,85,1.45641026
220,86,1.46666667
220,87,1.47692308
220,88,1.48717949
220,89,1.4974359
220,90,1.50769231
220,91,1.51794872
220,92,1.52820513
220,93,1.53846154
220,94,1.54871795
220,95,1.55897436
220,96,1.56923077
220,97,1.57948718
220,98,1.58974359
220,99,1.6
220,100,1.6
220,101,1.6
220,102,1.6
220,103,1.6
220,104,1.6
220,105,1.6
220,106,1.6
220,107,1.6
220,108,1.6
220,109,1.6
220,110,1.6
220,111,1.6
220,112,1.6
220,113,1.6
220,114,1.6
220,115,1.6
220,116,1.6
220,117,1.6
220,118,1.6
220,119,1.6
220,120,1.6
220,121,1.6
220,122,1.6
220,123,1.6
220,124,1.6
220,125,1.6
220,126,1.6
220,127,1.6
220,128,1.6
220,129,1.6
220,130,1.6
220,131,1.6
220,132,1.6
220,133,1.6
220,134,1.6
220,135,1.6
220,136,1.6
220,137,1.6
220,138,1.6
220,139,1.6
220,140,1.6
220,141,1.6
220,142,1.6
220,143,1.6
220,144,1.6
220,145,1.6
220,146,1.6
220,147,1.6
220,148,1.6
300,0,0
300,1,0.01
300,2,0.01
300,3,0.01
300,4,0.01
300,5,0.01
300,6,0.01
300,7,0.01
300,8,0.01
300,9,0.01
300,10,0.01
300,11,0.01
300,12,0.01
300,13,0.01
300,14,0.01
300,15,0.01
300,16,0.01
300,17,0.01
300,18,0.01
300,19,0.01
300,20,0.01
300,21,0.01
300,22,0.01
300,23,0.01
300,24,0.01
300,25,0.01
300,26,0.01
300,27,0.01
300,28,0.01
300,29,0.01
300,30,0.01
300,31,0.01
300,32,0.01
300,33,0.01
300,34,0.01
300,35,0.01
300,36,0.01
300,37,0.01
300,38,0.01
300,39,0.01
300,40,0.01
300,41,0.01
300,42,0.01
300,43,0.01
300,44,0.01
300,45,0.01
300,46,0.01
300,47,0.01
300,48,0.01
300,49,0.01
300,50,0.01
300,51,0.01
300,52,0.01
300,53,0.01
300,54,0.01
300,55,0.01
300,56,0.01
300,57,0.01
300,58,0.01
300,59,0.01
300,60,0.01
300,61,0.01
300,62,0.01
300,63,0.01
300,64,0.01
300,65,0.01
300,66,0.01
300,67,0.01
300,68,0.01
300,69,0.01
300,70,0.01
300,71,0.01
300,72,0.01
300,73,0.01
300,74,0.01
300,75,0.01
300,76,0.01
300,77,0.01006944
300,78,0.01013889
300,79,0.01020833
300,80,0.01027778
300,81,0.01034722
300,82,0.01041667
300,83,0.01048611
300,84,0.01055556
300,85,0.010625
300,86,0.01069444
300,87,0.01076389
300,88,0.01083333
300,89,0.01090278
300,90,0.01097222
300,91,0.01104167
300,92,0.01111111
300,93,0.01118056
300,94,0.01125
300,95,0.01131944
300,96,0.01138889
300,97,0.01145833
300,98,0.01152778
300,99,0.01159722
300,100,0.01166667
300,101,0.01173611
300,102,0.01180556
300,103,0.011875
300,104,0.01194444
300,105,0.01201389
300,106,0.01208333
300,107,0.01215278
300,108,0.01222222
300,109,0.01229167
300,110,0.01236111
300,111,0.01243056
300,112,0.0125
300,113,0.01256944
300,114,0.01263889
300,115,0.01270833
300,116,0.01277778
300,117,0.01284722
300,118,0.01291667
300,119,0.01298611
300,120,0.01305556
300,121,0.013125
300,122,0.01319444
300,123,0.01326389
300,124,0.01333333
300,125,0.01340278
300,126,0.01347222
300,127,0.01354167
300,128,0.01361111
300,129,0.01368056
300,130,0.01375
300,131,0.01381944
300,132,0.01388889
300,133,0.01395833
300,134,0.01402778
300,135,0.01409722
300,136,0.01416667
300,137,0.01423611
300,138,0.01430556
300,139,0.014375
300,140,0.01444444
300,141,0.01451389
300,142,0.01458333
300,143,0.01465278
300,144,0.01472222
300,145,0.01479167
300,146,0.01486111
300,147,0.01493056
300,148,0.015
300,149,0.01506944
300,150,0.01513889
300,151,0.01520833
300,152,0.01527778
300,153,0.01534722
300,154,0.01541667
300,155,0.01548611
300,156,0.01555556
300,157,0.015625
300,158,0.01569444
300,159,0.01576389
300,160,0.01583333
300,161,0.01590278
300,162,0.01597222
300,163,0.01604167
300,164,0.01611111
300,165,0.01618056
300,166,0.01625
300,167,0.01631944
300,168,0.01638889
300,169,0.01645833
300,170,0.01652778
300,171,0.01659722
300,172,0.01666667
300,173,0.01673611
300,174,0.01680556
300,175,0.016875
300,176,0.01694444
300,177,0.01701389
300,178,0.01708333
300,179,0.01715278
300,180,0.01722222
300,181,0.01729167
300,182,0.01736111
300,183,0.01743056
300,184,0.0175
300,185,0.01756944
300,186,0.01763889
300,187,0.01770833
300,188,0.01777778
300,189,0.01784722
300,190,0.01791667
300,191,0.01798611
300,192,0.01805556
300,193,0.018125
300,194,0.01819444
300,195,0.01826389
300,196,0.01833333
300,197,0.01840278
300,198,0.01847222
300,199,0.01854167
300,200,0.01861111
300,201,0.01868056
300,202,0.01875
300,203,0.01881944
300,204,0.01888889
300,205,0.01895833
300,206,0.01902778
300,207,0.01909722
300,208,0.01916667
300,209,0.01923611
300,210,0.01930556
300,211,0.019375
300,212,0.01944444
300,213,0.01951389
300,214,0.01958333
300,215,0.01965278
300,216,0.01972222
300,217,0.01979167
300,218,0.01986111
300,219,0.01993056
300,220,0.02
300,221,0.02002308
300,222,0.02004615
300,223,0.02006923
300,224,0.02009231
300,225,0.02011538
300,226,0.02013846
300,227,0.02016154
300,228,0.02018462
300,229,0.02020769
300,230,0.02023077
300,231,0.02025385
300,232,0.02027692
300,233,0.0203
300,234,0.02032308
300,235,0.02034615
300,236,0.02036923
300,237,0.02039231
300,238,0.02041538
300,239,0.02043846
300,240,0.02046154
300,241,0.02048462
300,242,0.02050769
300,243,0.02053077
300,244,0.02055385
300,245,0.02057692
300,246,0.0206
300,247,0.02062308
300,248,0.02064615
300,249,0.02066923
300,250,0.02069231
300,251,0.02071538
300,252,0.02073846
300,253,0.02076154
300,254,0.02078462
300,255,0.02080769
300,256,0.02083077
300,257,0.02085385
300,258,0.02087692
300,259,0.0209
300,260,0.02092308
300,261,0.02094615
300,262,0.02096923
300,263,0.02099231
300,264,0.02101538
300,265,0.02103846
300,266,0.02106154
300,267,0.02108462
300,268,0.02110769
300,269,0.02113077
300,270,0.02115385
300,271,0.02117692
300,272,0.0212
300,273,0.02122308
300,274,0.02124615
300,275,0.02126923
300,276,0.02129231
300,277,0.02131538
300,278,0.02133846
300,279,0.02136154
300,280,0.02138462
300,281,0.02140769
300,282,0.02143077
300,283,0.02145385
300,284,0.02147692
300,285,0.0215
300,286,0.02152308
300,287,0.02154615
300,288,0.02156923
300,289,0.02159231
300,290,0.02161538
300,291,0.02163846
300,292,0.02166154
300,293,0.02168462
300,294,0.02170769
300,295,0.02173077
300,296,0.02175385
300,297,0.02177692
300,298,0.0218
300,299,0.02182308
300,300,0.02184615
300,301,0.02186923
300,302,0.02189231
300,303,0.02191538
300,304,0.02193846
300,305,0.02196154
300,306,0.02198462
300,307,0.02200769
300,308,0.02203077
300,309,0.02205385
300,310,0.02207692
300,311,0.0221
300,312,0.02212308
300,313,0.02214615
300,314,0.02216923
300,315,0.02219231
300,316,0.02221538
300,317,0.02223846
300,318,0.02226154
300,319,0.02228462
300,320,0.02230769
300,321,0.02233077
300,322,0.02235385
300,323,0.02237692
300,324,0.0224
300,325,0.02242308
300,326,0.02244615
300,327,0.02246923
300,328,0.02249231
300,329,0.02251538
300,330,0.02253846
300,331,0.02256154
300,332,0.02258462
300,333,0.02260769
300,334,0.02263077
300,335,0.02265385
300,336,0.02267692
300,337,0.0227
300,338,0.02272308
300,339,0.02274615
300,340,0.02276923
300,341,0.02279231
300,342,0.02281538
300,343,0.02283846
300,344,0.02286154
300,345,0.02288462
300,346,0.02290769
300,347,0.02293077
300,348,0.02295385
300,349,0.02297692
300,350,0.023
300,351,0.02300308
300,352,0.02300616
300,353,0.02300924
300,354,0.02301233
300,355,0.02301541
300,356,0.02301849
300,357,0.02302157
300,358,0.02302465
300,359,0.02302773
300,360,0.02303082
300,361,0.0230339
300,362,0.02303698
300,363,0.02304006
300,364,0.02304314
300,365,0.02304622
300,366,0.02304931
300,367,0.02305239
300,368,0.02305547
300,369,0.02305855
300,370,0.02306163
300,371,0.02306471
300,372,0.0230678
300,373,0.02307088
300,374,0.02307396
300,375,0.02307704
300,376,0.02308012
300,377,0.0230832
300,378,0.02308629
300,379,0.02308937
300,380,0.02309245
300,381,0.02309553
300,382,0.02309861
300,383,0.02310169
300,384,0.02310478
300,385,0.02310786
300,386,0.02311094
300,387,0.02311402
300,388,0.0231171
300,389,0.02312018
300,390,0.02312327
300,391,0.02312635
300,392,0.02312943
300,393,0.02313251
300,394,0.02313559
300,395,0.02313867
300,396,0.02314176
300,397,0.02314484
300,398,0.02314792
300,399,0.023151
300,400,0.02315408
300,401,0.02315716
300,402,0.02316025
300,403,0.02316333
300,404,0.02316641
300,405,0.02316949
300,406,0.02317257
300,407,0.02317565
300,408,0.02317874
300,409,0.02318182
300,410,0.0231849
300,411,0.02318798
300,412,0.02319106
300,413,0.02319414
300,414,0.02319723
300,415,0.02320031
300,416,0.02320339
300,417,0.02320647
300,418,0.02320955
300,419,0.02321263
300,420,0.02321572
300,421,0.0232188
300,422,0.02322188
300,423,0.02322496
300,424,0.02322804
300,425,0.02323112
300,426,0.02323421
300,427,0.02323729
300,428,0.02324037
300,429,0.02324345
300,430,0.02324653
300,431,0.02324961
300,432,0.0232527
300,433,0.02325578
300,434,0.02325886
300,435,0.02326194
300,436,0.02326502
300,437,0.0232681
300,438,0.02327119
300,439,0.02327427
300,440,0.02327735
300,441,0.02328043
300,442,0.02328351
300,443,0.02328659
300,444,0.02328968
300,445,0.02329276
300,446,0.02329584
300,447,0.02329892
300,448,0.023302
300,449,0.02330508
300,450,0.02330817
300,451,0.02331125
300,452,0.02331433
300,453,0.02331741
300,454,0.02332049
300,455,0.02332357
300,456,0.02332666
300,457,0.02332974
300,458,0.02333282
300,459,0.0233359
300,460,0.02333898
300,461,0.02334206
300,462,0.02334515
300,463,0.02334823
300,464,0.02335131
300,465,0.02335439
300,466,0.02335747
300,467,0.02336055
300,468,0.02336364
300,469,0.02336672
300,470,0.0233698
300,471,0.02337288
300,472,0.02337596
300,473,0.02337904
300,474,0.02338213
300,475,0.02338521
300,476,0.02338829
300,477,0.02339137
300,478,0.02339445
300,479,0.02339753
300,480,0.02340062
300,481,0.0234037
300,482,0.02340678
300,483,0.02340986
300,484,0.02341294
300,485,0.02341602
300,486,0.02341911
300,487,0.02342219
300,488,0.02342527
300,489,0.02342835
300,490,0.02343143
300,491,0.02343451
300,492,0.0234376
300,493,0.02344068
300,494,0.02344376
300,495,0.02344684
300,496,0.02344992
300,497,0.023453
300,498,0.02345609
300,499,0.02345917
300,500,0.02346225
300,501,0.02346533
300,502,0.02346841
300,503,0.02347149
300,504,0.02347458
300,505,0.02347766
300,506,0.02348074
300,507,0.02348382
300,508,0.0234869
300,509,0.02348998
300,510,0.02349307
300,511,0.02349615
300,512,0.02349923
300,513,0.02350231
300,514,0.02350539
300,515,0.02350847
300,516,0.02351156
300,517,0.02351464
300,518,0.02351772
300,519,0.0235208
300,520,0.02352388
300,521,0.02352696
300,522,0.02353005
300,523,0.02353313
300,524,0.02353621
300,525,0.02353929
300,526,0.02354237
300,527,0.02354545
300,528,0.02354854
300,529,0.02355162
300,530,0.0235547
300,531,0.02355778
300,532,0.02356086
300,533,0.02356394
300,534,0.02356703
300,535,0.02357011
300,536,0.02357319
300,537,0.02357627
300,538,0.02357935
300,539,0.02358243
300,540,0.02358552
300,541,0.0235886
300,542,0.02359168
300,543,0.02359476
300,544,0.02359784
300,545,0.02360092
300,546,0.02360401
300,547,0.02360709
300,548,0.02361017
300,549,0.02361325
300,550,0.02361633
300,551,0.02361941
300,552,0.0236225
300,553,0.02362558
300,554,0.02362866
300,555,0.02363174
300,556,0.02363482
300,557,0.0236379
300,558,0.02364099
300,559,0.02364407
300,560,0.02364715
300,561,0.02365023
300,562,0.02365331
300,563,0.02365639
300,564,0.02365948
300,565,0.02366256
300,566,0.02366564
300,567,0.02366872
300,568,0.0236718
300,569,0.02367488
300,570,0.02367797
300,571,0.02368105
300,572,0.02368413
300,573,0.02368721
300,574,0.02369029
300,575,0.02369337
300,576,0.02369646
300,577,0.02369954
300,578,0.02370262
300,579,0.0237057
300,580,0.02370878
300,581,0.02371186
300,582,0.02371495
300,583,0.02371803
300,584,0.02372111
300,585,0.02372419
300,586,0.02372727
300,587,0.02373035
300,588,0.02373344
300,589,0.02373652
300,590,0.0237396
300,591,0.02374268
300,592,0.02374576
300,593,0.02374884
300,594,0.02375193
300,595,0.02375501
300,596,0.02375809
300,597,0.02376117
300,598,0.02376425
300,599,0.02376733
300,600,0.02377042
300,601,0.0237735
300,602,0.02377658
300,603,0.02377966
300,604,0.02378274
300,605,0.02378582
300,606,0.02378891
300,607,0.02379199
300,608,0.02379507
300,609,0.02379815
300,610,0.02380123
300,611,0.02380431
300,612,0.0238074
300,613,0.02381048
300,614,0.02381356
300,615,0.02381664
300,616,0.02381972
300,617,0.0238228
300,618,0.02382589
300,619,0.02382897
300,620,0.02383205
300,621,0.02383513
300,622,0.02383821
300,623,0.02384129
300,624,0.02384438
300,625,0.02384746
300,626,0.02385054
300,627,0.02385362
300,628,0.0238567
300,629,0.02385978
300,630,0.02386287
300,631,0.02386595
300,632,0.02386903
300,633,0.02387211
300,634,0.02387519
300,635,0.02387827
300,636,0.02388136
300,637,0.02388444
300,638,0.02388752
300,639,0.0238906
300,640,0.02389368
300,641,0.02389676
300,642,0.02389985
300,643,0.02390293
300,644,0.02390601
300,645,0.02390909
300,646,0.02391217
300,647,0.02391525
300,648,0.02391834
300,649,0.02392142
300,650,0.0239245
300,651,0.02392758
300,652,0.02393066
300,653,0.02393374
300,654,0.02393683
300,655,0.02393991
300,656,0.02394299
300,657,0.02394607
300,658,0.02394915
300,659,0.02395223
300,660,0.02395532
300,661,0.0239584
300,662,0.02396148
300,663,0.02396456
300,664,0.02396764
300,665,0.02397072
300,666,0.02397381
300,667,0.02397689
300,668,0.02397997
300,669,0.02398305
300,670,0.02398613
300,671,0.02398921
300,672,0.0239923
300,673,0.02399538
300,674,0.02399846
300,675,0.02400154
300,676,0.02400462
300,677,0.0240077
300,678,0.02401079
300,679,0.02401387
300,680,0.02401695
300,681,0.02402003
300,682,0.02402311
300,683,0.02402619
300,684,0.02402928
300,685,0.02403236
300,686,0.02403544
300,687,0.02403852
300,688,0.0240416
300,689,0.02404468
300,690,0.02404777
300,691,0.02405085
300,692,0.02405393
300,693,0.02405701
300,694,0.02406009
300,695,0.02406317
300,696,0.02406626
300,697,0.02406934
300,698,0.02407242
300,699,0.0240755
300,700,0.02407858
300,701,0.02408166
300,702,0.02408475
300,703,0.02408783
300,704,0.02409091
300,705,0.02409399
300,706,0.02409707
300,707,0.02410015
300,708,0.02410324
300,709,0.02410632
300,710,0.0241094
300,711,0.02411248
300,712,0.02411556
300,713,0.02411864
300,714,0.02412173
300,715,0.02412481
300,716,0.02412789
300,717,0.02413097
300,718,0.02413405
300,719,0.02413713
300,720,0.02414022
300,721,0.0241433
300,722,0.02414638
300,723,0.02414946
300,724,0.02415254
300,725,0.02415562
300,726,0.02415871
300,727,0.02416179
300,728,0.02416487
300,729,0.02416795
300,730,0.02417103
300,731,0.02417411
300,732,0.0241772
300,733,0.02418028
300,734,0.02418336
300,735,0.02418644
300,736,0.02418952
300,737,0.0241926
300,738,0.02419569
300,739,0.02419877
300,740,0.02420185
300,741,0.02420493
300,742,0.02420801
300,743,0.02421109
300,744,0.02421418
300,745,0.02421726
300,746,0.02422034
300,747,0.02422342
300,748,0.0242265
300,749,0.02422958
300,750,0.02423267
300,751,0.02423575
300,752,0.02423883
300,753,0.02424191
300,754,0.02424499
300,755,0.02424807
300,756,0.02425116
300,757,0.02425424
300,758,0.02425732
300,759,0.0242604
300,760,0.02426348
300,761,0.02426656
300,762,0.02426965
300,763,0.02427273
300,764,0.02427581
300,765,0.02427889
300,766,0.02428197
300,767,0.02428505
300,768,0.02428814
300,769,0.02429122
300,770,0.0242943
300,771,0.02429738
300,772,0.02430046
300,773,0.02430354
300,774,0.02430663
300,775,0.02430971
300,776,0.02431279
300,777,0.02431587
300,778,0.02431895
300,779,0.02432203
300,780,0.02432512
300,781,0.0243282
300,782,0.02433128
300,783,0.02433436
300,784,0.02433744
300,785,0.02434052
300,786,0.02434361
300,787,0.02434669
300,788,0.02434977
300,789,0.02435285
300,790,0.02435593
300,791,0.02435901
300,792,0.0243621
300,793,0.02436518
300,794,0.02436826
300,795,0.02437134
300,796,0.02437442
300,797,0.0243775
300,798,0.02438059
300,799,0.02438367
300,800,0.02438675
300,801,0.02438983
300,802,0.02439291
300,803,0.02439599
300,804,0.02439908
300,805,0.02440216
300,806,0.02440524
300,807,0.02440832
300,808,0.0244114
300,809,0.02441448
300,810,0.02441757
300,811,0.02442065
300,812,0.02442373
300,813,0.02442681
300,814,0.02442989
300,815,0.02443297
300,816,0.02443606
300,817,0.02443914
300,818,0.02444222
300,819,0.0244453
300,820,0.02444838
300,821,0.02445146
300,822,0.02445455
300,823,0.02445763
300,824,0.02446071
300,825,0.02446379
300,826,0.02446687
300,827,0.02446995
300,828,0.02447304
300,829,0.02447612
300,830,0.0244792
300,831,0.02448228
300,832,0.02448536
300,833,0.02448844
300,834,0.02449153
300,835,0.02449461
300,836,0.02449769
300,837,0.02450077
300,838,0.02450385
300,839,0.02450693
300,840,0.02451002
300,841,0.0245131
300,842,0.02451618
300,843,0.02451926
300,844,0.02452234
300,845,0.02452542
300,846,0.02452851
300,847,0.02453159
300,848,0.02453467
300,849,0.02453775
300,850,0.02454083
300,851,0.02454391
300,852,0.024547
300,853,0.02455008
300,854,0.02455316
300,855,0.02455624
300,856,0.02455932
300,857,0.0245624
300,858,0.02456549
300,859,0.02456857
300,860,0.02457165
300,861,0.02457473
300,862,0.02457781
300,863,0.02458089
300,864,0.02458398
300,865,0.02458706
300,866,0.02459014
300,867,0.02459322
300,868,0.0245963
300,869,0.02459938
300,870,0.02460247
300,871,0.02460555
300,872,0.02460863
300,873,0.02461171
300,874,0.02461479
300,875,0.02461787
300,876,0.02462096
300,877,0.02462404
300,878,0.02462712
300,879,0.0246302
300,880,0.02463328
300,881,0.02463636
300,882,0.02463945
300,883,0.02464253
300,884,0.02464561
300,885,0.02464869
300,886,0.02465177
300,887,0.02465485
300,888,0.02465794
300,889,0.02466102
300,890,0.0246641
300,891,0.02466718
300,892,0.02467026
300,893,0.02467334
300,894,0.02467643
300,895,0.02467951
300,896,0.02468259
300,897,0.02468567
300,898,0.02468875
300,899,0.02469183
300,900,0.02469492
300,901,0.024698
300,902,0.02470108
300,903,0.02470416
300,904,0.02470724
300,905,0.02471032
300,906,0.02471341
300,907,0.02471649
300,908,0.02471957
300,909,0.02472265
300,910,0.02472573
300,911,0.02472881
300,912,0.0247319
300,913,0.02473498
300,914,0.02473806
300,915,0.02474114
300,916,0.02474422
300,917,0.0247473
300,918,0.02475039
300,919,0.02475347
300,920,0.02475655
300,921,0.02475963
300,922,0.02476271
300,923,0.02476579
300,924,0.02476888
300,925,0.02477196
300,926,0.02477504
300,927,0.02477812
300,928,0.0247812
300,929,0.02478428
300,930,0.02478737
300,931,0.02479045
300,932,0.02479353
300,933,0.02479661
300,934,0.02479969
300,935,0.02480277
300,936,0.02480586
300,937,0.02480894
300,938,0.02481202
300,939,0.0248151
300,940,0.02481818
300,941,0.02482126
300,942,0.02482435
300,943,0.02482743
300,944,0.02483051
300,945,0.02483359
300,946,0.02483667
300,947,0.02483975
300,948,0.02484284
300,949,0.02484592
300,950,0.024849
300,951,0.02485208
300,952,0.02485516
300,953,0.02485824
300,954,0.02486133
300,955,0.02486441
300,956,0.02486749
300,957,0.02487057
300,958,0.02487365
300,959,0.02487673
300,960,0.02487982
300,961,0.0248829
300,962,0.02488598
300,963,0.02488906
300,964,0.02489214
300,965,0.02489522
300,966,0.02489831
300,967,0.02490139
300,968,0.02490447
300,969,0.02490755
300,970,0.02491063
300,971,0.02491371
300,972,0.0249168
300,973,0.02491988
300,974,0.02492296
300,975,0.02492604
300,976,0.02492912
300,977,0.0249322
300,978,0.02493529
300,979,0.02493837
300,980,0.02494145
300,981,0.02494453
300,982,0.02494761
300,983,0.02495069
300,984,0.02495378
300,985,0.02495686
300,986,0.02495994
300,987,0.02496302
300,988,0.0249661
300,989,0.02496918
300,990,0.02497227
300,991,0.02497535
300,992,0.02497843
300,993,0.02498151
300,994,0.02498459
300,995,0.02498767
300,996,0.02499076
300,997,0.02499384
300,998,0.02499692
300,999,0.025
301,0,0
301,1,0.01
301,2,0.01
301,3,0.01
301,4,0.01
301,5,0.01
301,6,0.01
301,7,0.01
301,8,0.01
301,9,0.01
301,10,0.01
301,11,0.01
301,12,0.01
301,13,0.01
301,14,0.01
301,15,0.01
301,16,0.01
301,17,0.01
301,18,0.01
301,19,0.01
301,20,0.01
301,21,0.01
301,22,0.01
301,23,0.01
301,24,0.01
301,25,0.01
301,26,0.01
301,27,0.01
301,28,0.01
301,29,0.01
301,30,0.01
301,31,0.01
301,32,0.01
301,33,0.01
301,34,0.01
301,35,0.01
301,36,0.01
301,37,0.01
301,38,0.01
301,39,0.01
301,40,0.01
301,41,0.01
301,42,0.01
301,43,0.01
301,44,0.01
301,45,0.01
301,46,0.01
301,47,0.01
301,48,0.01
301,49,0.01
301,50,0.01
301,51,0.01
301,52,0.01
301,53,0.01
301,54,0.01
301,55,0.01
301,56,0.01
301,57,0.01
301,58,0.01
301,59,0.01
301,60,0.01
301,61,0.01
301,62,0.01
301,63,0.01
301,64,0.01
301,65,0.01
301,66,0.01
301,67,0.01
301,68,0.01
301,69,0.01
301,70,0.01
301,71,0.01
301,72,0.01
301,73,0.01
301,74,0.01
301,75,0.01
301,76,0.01
301,77,0.01000694
301,78,0.01001389
301,79,0.01002083
301,80,0.01002778
301,81,0.01003472
301,82,0.01004167
301,83,0.01004861
301,84,0.01005556
301,85,0.0100625
301,86,0.01006944
301,87,0.01007639
301,88,0.01008333
301,89,0.01009028
301,90,0.01009722
301,91,0.01010417
301,92,0.01011111
301,93,0.01011806
301,94,0.010125
301,95,0.01013194
301,96,0.01013889
301,97,0.01014583
301,98,0.01015278
301,99,0.01015972
301,100,0.01016667
301,101,0.01017361
301,102,0.01018056
301,103,0.0101875
301,104,0.01019444
301,105,0.01020139
301,106,0.01020833
301,107,0.01021528
301,108,0.01022222
301,109,0.01022917
301,110,0.01023611
301,111,0.01024306
301,112,0.01025
301,113,0.01025694
301,114,0.01026389
301,115,0.01027083
301,116,0.01027778
301,117,0.01028472
301,118,0.01029167
301,119,0.01029861
301,120,0.01030556
301,121,0.0103125
301,122,0.01031944
301,123,0.01032639
301,124,0.01033333
301,125,0.01034028
301,126,0.01034722
301,127,0.01035417
301,128,0.01036111
301,129,0.01036806
301,130,0.010375
301,131,0.01038194
301,132,0.01038889
301,133,0.01039583
301,134,0.01040278
301,135,0.01040972
301,136,0.01041667
301,137,0.01042361
301,138,0.01043056
301,139,0.0104375
301,140,0.01044444
301,141,0.01045139
301,142,0.01045833
301,143,0.01046528
301,144,0.01047222
301,145,0.01047917
301,146,0.01048611
301,147,0.01049306
301,148,0.0105
301,149,0.01050694
301,150,0.01051389
301,151,0.01052083
301,152,0.01052778
301,153,0.01053472
301,154,0.01054167
301,155,0.01054861
301,156,0.01055556
301,157,0.0105625
301,158,0.01056944
301,159,0.01057639
301,160,0.01058333
301,161,0.01059028
301,162,0.01059722
301,163,0.01060417
301,164,0.01061111
301,165,0.01061806
301,166,0.010625
301,167,0.01063194
301,168,0.01063889
301,169,0.01064583
301,170,0.01065278
301,171,0.01065972
301,172,0.01066667
301,173,0.01067361
301,174,0.01068056
301,175,0.0106875
301,176,0.01069444
301,177,0.01070139
301,178,0.01070833
301,179,0.01071528
301,180,0.01072222
301,181,0.01072917
301,182,0.01073611
301,183,0.01074306
301,184,0.01075
301,185,0.01075694
301,186,0.01076389
301,187,0.01077083
301,188,0.01077778
301,189,0.01078472
301,190,0.01079167
301,191,0.01079861
301,192,0.01080556
301,193,0.0108125
301,194,0.01081944
301,195,0.01082639
301,196,0.01083333
301,197,0.01084028
301,198,0.01084722
301,199,0.01085417
301,200,0.01086111
301,201,0.01086806
301,202,0.010875
301,203,0.01088194
301,204,0.01088889
301,205,0.01089583
301,206,0.01090278
301,207,0.01090972
301,208,0.01091667
301,209,0.01092361
301,210,0.01093056
301,211,0.0109375
301,212,0.01094444
301,213,0.01095139
301,214,0.01095833
301,215,0.01096528
301,216,0.01097222
301,217,0.01097917
301,218,0.01098611
301,219,0.01099306
301,220,0.011
301,221,0.01101154
301,222,0.01102308
301,223,0.01103462
301,224,0.01104615
301,225,0.01105769
301,226,0.01106923
301,227,0.01108077
301,228,0.01109231
301,229,0.01110385
301,230,0.01111538
301,231,0.01112692
301,232,0.01113846
301,233,0.01115
301,234,0.01116154
301,235,0.01117308
301,236,0.01118462
301,237,0.01119615
301,238,0.01120769
301,239,0.01121923
301,240,0.01123077
301,241,0.01124231
301,242,0.01125385
301,243,0.01126538
301,244,0.01127692
301,245,0.01128846
301,246,0.0113
301,247,0.01131154
301,248,0.01132308
301,249,0.01133462
301,250,0.01134615
301,251,0.01135769
301,252,0.01136923
301,253,0.01138077
301,254,0.01139231
301,255,0.01140385
301,256,0.01141538
301,257,0.01142692
301,258,0.01143846
301,259,0.01145
301,260,0.01146154
301,261,0.01147308
301,262,0.01148462
301,263,0.01149615
301,264,0.01150769
301,265,0.01151923
301,266,0.01153077
301,267,0.01154231
301,268,0.01155385
301,269,0.01156538
301,270,0.01157692
301,271,0.01158846
301,272,0.0116
301,273,0.01161154
301,274,0.01162308
301,275,0.01163462
301,276,0.01164615
301,277,0.01165769
301,278,0.01166923
301,279,0.01168077
301,280,0.01169231
301,281,0.01170385
301,282,0.01171538
301,283,0.01172692
301,284,0.01173846
301,285,0.01175
301,286,0.01176154
301,287,0.01177308
301,288,0.01178462
301,289,0.01179615
301,290,0.01180769
301,291,0.01181923
301,292,0.01183077
301,293,0.01184231
301,294,0.01185385
301,295,0.01186538
301,296,0.01187692
301,297,0.01188846
301,298,0.0119
301,299,0.01191154
301,300,0.01192308
301,301,0.01193462
301,302,0.01194615
301,303,0.01195769
301,304,0.01196923
301,305,0.01198077
301,306,0.01199231
301,307,0.01200385
301,308,0.01201538
301,309,0.01202692
301,310,0.01203846
301,311,0.01205
301,312,0.01206154
301,313,0.01207308
301,314,0.01208462
301,315,0.01209615
301,316,0.01210769
301,317,0.01211923
301,318,0.01213077
301,319,0.01214231
301,320,0.01215385
301,321,0.01216538
301,322,0.01217692
301,323,0.01218846
301,324,0.0122
301,325,0.01221154
301,326,0.01222308
301,327,0.01223462
301,328,0.01224615
301,329,0.01225769
301,330,0.01226923
301,331,0.01228077
301,332,0.01229231
301,333,0.01230385
301,334,0.01231538
301,335,0.01232692
301,336,0.01233846
301,337,0.01235
301,338,0.01236154
301,339,0.01237308
301,340,0.01238462
301,341,0.01239615
301,342,0.01240769
301,343,0.01241923
301,344,0.01243077
301,345,0.01244231
301,346,0.01245385
301,347,0.01246538
301,348,0.01247692
301,349,0.01248846
301,350,0.0125
301,351,0.01251156
301,352,0.01252311
301,353,0.01253467
301,354,0.01254622
301,355,0.01255778
301,356,0.01256934
301,357,0.01258089
301,358,0.01259245
301,359,0.01260401
301,360,0.01261556
301,361,0.01262712
301,362,0.01263867
301,363,0.01265023
301,364,0.01266179
301,365,0.01267334
301,366,0.0126849
301,367,0.01269646
301,368,0.01270801
301,369,0.01271957
301,370,0.01273112
301,371,0.01274268
301,372,0.01275424
301,373,0.01276579
301,374,0.01277735
301,375,0.01278891
301,376,0.01280046
301,377,0.01281202
301,378,0.01282357
301,379,0.01283513
301,380,0.01284669
301,381,0.01285824
301,382,0.0128698
301,383,0.01288136
301,384,0.01289291
301,385,0.01290447
301,386,0.01291602
301,387,0.01292758
301,388,0.01293914
301,389,0.01295069
301,390,0.01296225
301,391,0.01297381
301,392,0.01298536
301,393,0.01299692
301,394,0.01300847
301,395,0.01302003
301,396,0.01303159
301,397,0.01304314
301,398,0.0130547
301,399,0.01306626
301,400,0.01307781
301,401,0.01308937
301,402,0.01310092
301,403,0.01311248
301,404,0.01312404
301,405,0.01313559
301,406,0.01314715
301,407,0.01315871
301,408,0.01317026
301,409,0.01318182
301,410,0.01319337
301,411,0.01320493
301,412,0.01321649
301,413,0.01322804
301,414,0.0132396
301,415,0.01325116
301,416,0.01326271
301,417,0.01327427
301,418,0.01328582
301,419,0.01329738
301,420,0.01330894
301,421,0.01332049
301,422,0.01333205
301,423,0.01334361
301,424,0.01335516
301,425,0.01336672
301,426,0.01337827
301,427,0.01338983
301,428,0.01340139
301,429,0.01341294
301,430,0.0134245
301,431,0.01343606
301,432,0.01344761
301,433,0.01345917
301,434,0.01347072
301,435,0.01348228
301,436,0.01349384
301,437,0.01350539
301,438,0.01351695
301,439,0.01352851
301,440,0.01354006
301,441,0.01355162
301,442,0.01356317
301,443,0.01357473
301,444,0.01358629
301,445,0.01359784
301,446,0.0136094
301,447,0.01362096
301,448,0.01363251
301,449,0.01364407
301,450,0.01365562
301,451,0.01366718
301,452,0.01367874
301,453,0.01369029
301,454,0.01370185
301,455,0.01371341
301,456,0.01372496
301,457,0.01373652
301,458,0.01374807
301,459,0.01375963
301,460,0.01377119
301,461,0.01378274
301,462,0.0137943
301,463,0.01380586
301,464,0.01381741
301,465,0.01382897
301,466,0.01384052
301,467,0.01385208
301,468,0.01386364
301,469,0.01387519
301,470,0.01388675
301,471,0.01389831
301,472,0.01390986
301,473,0.01392142
301,474,0.01393297
301,475,0.01394453
301,476,0.01395609
301,477,0.01396764
301,478,0.0139792
301,479,0.01399076
301,480,0.01400231
301,481,0.01401387
301,482,0.01402542
301,483,0.01403698
301,484,0.01404854
301,485,0.01406009
301,486,0.01407165
301,487,0.0140832
301,488,0.01409476
301,489,0.01410632
301,490,0.01411787
301,491,0.01412943
301,492,0.01414099
301,493,0.01415254
301,494,0.0141641
301,495,0.01417565
301,496,0.01418721
301,497,0.01419877
301,498,0.01421032
301,499,0.01422188
301,500,0.01423344
301,501,0.01424499
301,502,0.01425655
301,503,0.0142681
301,504,0.01427966
301,505,0.01429122
301,506,0.01430277
301,507,0.01431433
301,508,0.01432589
301,509,0.01433744
301,510,0.014349
301,511,0.01436055
301,512,0.01437211
301,513,0.01438367
301,514,0.01439522
301,515,0.01440678
301,516,0.01441834
301,517,0.01442989
301,518,0.01444145
301,519,0.014453
301,520,0.01446456
301,521,0.01447612
301,522,0.01448767
301,523,0.01449923
301,524,0.01451079
301,525,0.01452234
301,526,0.0145339
301,527,0.01454545
301,528,0.01455701
301,529,0.01456857
301,530,0.01458012
301,531,0.01459168
301,532,0.01460324
301,533,0.01461479
301,534,0.01462635
301,535,0.0146379
301,536,0.01464946
301,537,0.01466102
301,538,0.01467257
301,539,0.01468413
301,540,0.01469569
301,541,0.01470724
301,542,0.0147188
301,543,0.01473035
301,544,0.01474191
301,545,0.01475347
301,546,0.01476502
301,547,0.01477658
301,548,0.01478814
301,549,0.01479969
301,550,0.01481125
301,551,0.0148228
301,552,0.01483436
301,553,0.01484592
301,554,0.01485747
301,555,0.01486903
301,556,0.01488059
301,557,0.01489214
301,558,0.0149037
301,559,0.01491525
301,560,0.01492681
301,561,0.01493837
301,562,0.01494992
301,563,0.01496148
301,564,0.01497304
301,565,0.01498459
301,566,0.01499615
301,567,0.0150077
301,568,0.01501926
301,569,0.01503082
301,570,0.01504237
301,571,0.01505393
301,572,0.01506549
301,573,0.01507704
301,574,0.0150886
301,575,0.01510015
301,576,0.01511171
301,577,0.01512327
301,578,0.01513482
301,579,0.01514638
301,580,0.01515794
301,581,0.01516949
301,582,0.01518105
301,583,0.0151926
301,584,0.01520416
301,585,0.01521572
301,586,0.01522727
301,587,0.01523883
301,588,0.01525039
301,589,0.01526194
301,590,0.0152735
301,591,0.01528505
301,592,0.01529661
301,593,0.01530817
301,594,0.01531972
301,595,0.01533128
301,596,0.01534284
301,597,0.01535439
301,598,0.01536595
301,599,0.0153775
301,600,0.01538906
301,601,0.01540062
301,602,0.01541217
301,603,0.01542373
301,604,0.01543529
301,605,0.01544684
301,606,0.0154584
301,607,0.01546995
301,608,0.01548151
301,609,0.01549307
301,610,0.01550462
301,611,0.01551618
301,612,0.01552773
301,613,0.01553929
301,614,0.01555085
301,615,0.0155624
301,616,0.01557396
301,617,0.01558552
301,618,0.01559707
301,619,0.01560863
301,620,0.01562018
301,621,0.01563174
301,622,0.0156433
301,623,0.01565485
301,624,0.01566641
301,625,0.01567797
301,626,0.01568952
301,627,0.01570108
301,628,0.01571263
301,629,0.01572419
301,630,0.01573575
301,631,0.0157473
301,632,0.01575886
301,633,0.01577042
301,634,0.01578197
301,635,0.01579353
301,636,0.01580508
301,637,0.01581664
301,638,0.0158282
301,639,0.01583975
301,640,0.01585131
301,641,0.01586287
301,642,0.01587442
301,643,0.01588598
301,644,0.01589753
301,645,0.01590909
301,646,0.01592065
301,647,0.0159322
301,648,0.01594376
301,649,0.01595532
301,650,0.01596687
301,651,0.01597843
301,652,0.01598998
301,653,0.01600154
301,654,0.0160131
301,655,0.01602465
301,656,0.01603621
301,657,0.01604777
301,658,0.01605932
301,659,0.01607088
301,660,0.01608243
301,661,0.01609399
301,662,0.01610555
301,663,0.0161171
301,664,0.01612866
301,665,0.01614022
301,666,0.01615177
301,667,0.01616333
301,668,0.01617488
301,669,0.01618644
301,670,0.016198
301,671,0.01620955
301,672,0.01622111
301,673,0.01623267
301,674,0.01624422
301,675,0.01625578
301,676,0.01626733
301,677,0.01627889
301,678,0.01629045
301,679,0.016302
301,680,0.01631356
301,681,0.01632512
301,682,0.01633667
301,683,0.01634823
301,684,0.01635978
301,685,0.01637134
301,686,0.0163829
301,687,0.01639445
301,688,0.01640601
301,689,0.01641757
301,690,0.01642912
301,691,0.01644068
301,692,0.01645223
301,693,0.01646379
301,694,0.01647535
301,695,0.0164869
301,696,0.01649846
301,697,0.01651002
301,698,0.01652157
301,699,0.01653313
301,700,0.01654468
301,701,0.01655624
301,702,0.0165678
301,703,0.01657935
301,704,0.01659091
301,705,0.01660247
301,706,0.01661402
301,707,0.01662558
301,708,0.01663713
301,709,0.01664869
301,710,0.01666025
301,711,0.0166718
301,712,0.01668336
301,713,0.01669492
301,714,0.01670647
301,715,0.01671803
301,716,0.01672958
301,717,0.01674114
301,718,0.0167527
301,719,0.01676425
301,720,0.01677581
301,721,0.01678737
301,722,0.01679892
301,723,0.01681048
301,724,0.01682203
301,725,0.01683359
301,726,0.01684515
301,727,0.0168567
301,728,0.01686826
301,729,0.01687982
301,730,0.01689137
301,731,0.01690293
301,732,0.01691448
301,733,0.01692604
301,734,0.0169376
301,735,0.01694915
301,736,0.01696071
301,737,0.01697227
301,738,0.01698382
301,739,0.01699538
301,740,0.01700693
301,741,0.01701849
301,742,0.01703005
301,743,0.0170416
301,744,0.01705316
301,745,0.01706471
301,746,0.01707627
301,747,0.01708783
301,748,0.01709938
301,749,0.01711094
301,750,0.0171225
301,751,0.01713405
301,752,0.01714561
301,753,0.01715716
301,754,0.01716872
301,755,0.01718028
301,756,0.01719183
301,757,0.01720339
301,758,0.01721495
301,759,0.0172265
301,760,0.01723806
301,761,0.01724961
301,762,0.01726117
301,763,0.01727273
301,764,0.01728428
301,765,0.01729584
301,766,0.0173074
301,767,0.01731895
301,768,0.01733051
301,769,0.01734206
301,770,0.01735362
301,771,0.01736518
301,772,0.01737673
301,773,0.01738829
301,774,0.01739985
301,775,0.0174114
301,776,0.01742296
301,777,0.01743451
301,778,0.01744607
301,779,0.01745763
301,780,0.01746918
301,781,0.01748074
301,782,0.0174923
301,783,0.01750385
301,784,0.01751541
301,785,0.01752696
301,786,0.01753852
301,787,0.01755008
301,788,0.01756163
301,789,0.01757319
301,790,0.01758475
301,791,0.0175963
301,792,0.01760786
301,793,0.01761941
301,794,0.01763097
301,795,0.01764253
301,796,0.01765408
301,797,0.01766564
301,798,0.0176772
301,799,0.01768875
301,800,0.01770031
301,801,0.01771186
301,802,0.01772342
301,803,0.01773498
301,804,0.01774653
301,805,0.01775809
301,806,0.01776965
301,807,0.0177812
301,808,0.01779276
301,809,0.01780431
301,810,0.01781587
301,811,0.01782743
301,812,0.01783898
301,813,0.01785054
301,814,0.0178621
301,815,0.01787365
301,816,0.01788521
301,817,0.01789676
301,818,0.01790832
301,819,0.01791988
301,820,0.01793143
301,821,0.01794299
301,822,0.01795455
301,823,0.0179661
301,824,0.01797766
301,825,0.01798921
301,826,0.01800077
301,827,0.01801233
301,828,0.01802388
301,829,0.01803544
301,830,0.018047
301,831,0.01805855
301,832,0.01807011
301,833,0.01808166
301,834,0.01809322
301,835,0.01810478
301,836,0.01811633
301,837,0.01812789
301,838,0.01813945
301,839,0.018151
301,840,0.01816256
301,841,0.01817411
301,842,0.01818567
301,843,0.01819723
301,844,0.01820878
301,845,0.01822034
301,846,0.0182319
301,847,0.01824345
301,848,0.01825501
301,849,0.01826656
301,850,0.01827812
301,851,0.01828968
301,852,0.01830123
301,853,0.01831279
301,854,0.01832435
301,855,0.0183359
301,856,0.01834746
301,857,0.01835901
301,858,0.01837057
301,859,0.01838213
301,860,0.01839368
301,861,0.01840524
301,862,0.0184168
301,863,0.01842835
301,864,0.01843991
301,865,0.01845146
301,866,0.01846302
301,867,0.01847458
301,868,0.01848613
301,869,0.01849769
301,870,0.01850924
301,871,0.0185208
301,872,0.01853236
301,873,0.01854391
301,874,0.01855547
301,875,0.01856703
301,876,0.01857858
301,877,0.01859014
301,878,0.01860169
301,879,0.01861325
301,880,0.01862481
301,881,0.01863636
301,882,0.01864792
301,883,0.01865948
301,884,0.01867103
301,885,0.01868259
301,886,0.01869414
301,887,0.0187057
301,888,0.01871726
301,889,0.01872881
301,890,0.01874037
301,891,0.01875193
301,892,0.01876348
301,893,0.01877504
301,894,0.01878659
301,895,0.01879815
301,896,0.01880971
301,897,0.01882126
301,898,0.01883282
301,899,0.01884438
301,900,0.01885593
301,901,0.01886749
301,902,0.01887904
301,903,0.0188906
301,904,0.01890216
301,905,0.01891371
301,906,0.01892527
301,907,0.01893683
301,908,0.01894838
301,909,0.01895994
301,910,0.01897149
301,911,0.01898305
301,912,0.01899461
301,913,0.01900616
301,914,0.01901772
301,915,0.01902928
301,916,0.01904083
301,917,0.01905239
301,918,0.01906394
301,919,0.0190755
301,920,0.01908706
301,921,0.01909861
301,922,0.01911017
301,923,0.01912173
301,924,0.01913328
301,925,0.01914484
301,926,0.01915639
301,927,0.01916795
301,928,0.01917951
301,929,0.01919106
301,930,0.01920262
301,931,0.01921418
301,932,0.01922573
301,933,0.01923729
301,934,0.01924884
301,935,0.0192604
301,936,0.01927196
301,937,0.01928351
301,938,0.01929507
301,939,0.01930663
301,940,0.01931818
301,941,0.01932974
301,942,0.01934129
301,943,0.01935285
301,944,0.01936441
301,945,0.01937596
301,946,0.01938752
301,947,0.01939908
301,948,0.01941063
301,949,0.01942219
301,950,0.01943374
301,951,0.0194453
301,952,0.01945686
301,953,0.01946841
301,954,0.01947997
301,955,0.01949153
301,956,0.01950308
301,957,0.01951464
301,958,0.01952619
301,959,0.01953775
301,960,0.01954931
301,961,0.01956086
301,962,0.01957242
301,963,0.01958398
301,964,0.01959553
301,965,0.01960709
301,966,0.01961864
301,967,0.0196302
301,968,0.01964176
301,969,0.01965331
301,970,0.01966487
301,971,0.01967643
301,972,0.01968798
301,973,0.01969954
301,974,0.01971109
301,975,0.01972265
301,976,0.01973421
301,977,0.01974576
301,978,0.01975732
301,979,0.01976888
301,980,0.01978043
301,981,0.01979199
301,982,0.01980354
301,983,0.0198151
301,984,0.01982666
301,985,0.01983821
301,986,0.01984977
301,987,0.01986133
301,988,0.01987288
301,989,0.01988444
301,990,0.01989599
301,991,0.01990755
301,992,0.01991911
301,993,0.01993066
301,994,0.01994222
301,995,0.01995378
301,996,0.01996533
301,997,0.01997689
301,998,0.01998844
301,999,0.02
302,0,0
302,1,0.01
302,2,0.01
302,3,0.01
302,4,0.01
302,5,0.01
302,6,0.01
302,7,0.01
302,8,0.01
302,9,0.01
302,10,0.01
302,11,0.01
302,12,0.01
302,13,0.01
302,14,0.01
302,15,0.01
302,16,0.01
302,17,0.01
302,18,0.01
302,19,0.01
302,20,0.01
302,21,0.01
302,22,0.01
302,23,0.01
302,24,0.01
302,25,0.01
302,26,0.01
302,27,0.01
302,28,0.01
302,29,0.01
302,30,0.01
302,31,0.01
302,32,0.01
302,33,0.01
302,34,0.01
302,35,0.01
302,36,0.01
302,37,0.01
302,38,0.01
302,39,0.01
302,40,0.01
302,41,0.01
302,42,0.01
302,43,0.01
302,44,0.01
302,45,0.01
302,46,0.01
302,47,0.01
302,48,0.01
302,49,0.01
302,50,0.01
302,51,0.01
302,52,0.01
302,53,0.01
302,54,0.01
302,55,0.01
302,56,0.01
302,57,0.01
302,58,0.01
302,59,0.01
302,60,0.01
302,61,0.01
302,62,0.01
302,63,0.01
302,64,0.01
302,65,0.01
302,66,0.01
302,67,0.01
302,68,0.01
302,69,0.01
302,70,0.01
302,71,0.01
302,72,0.01
302,73,0.01
302,74,0.01
302,75,0.01
302,76,0.01
302,77,0.01000694
302,78,0.01001389
302,79,0.01002083
302,80,0.01002778
302,81,0.01003472
302,82,0.01004167
302,83,0.01004861
302,84,0.01005556
302,85,0.0100625
302,86,0.01006944
302,87,0.01007639
302,88,0.01008333
302,89,0.01009028
302,90,0.01009722
302,91,0.01010417
302,92,0.01011111
302,93,0.01011806
302,94,0.010125
302,95,0.01013194
302,96,0.01013889
302,97,0.01014583
302,98,0.01015278
302,99,0.01015972
302,100,0.01016667
302,101,0.01017361
302,102,0.01018056
302,103,0.0101875
302,104,0.01019444
302,105,0.01020139
302,106,0.01020833
302,107,0.01021528
302,108,0.01022222
302,109,0.01022917
302,110,0.01023611
302,111,0.01024306
302,112,0.01025
302,113,0.01025694
302,114,0.01026389
302,115,0.01027083
302,116,0.01027778
302,117,0.01028472
302,118,0.01029167
302,119,0.01029861
302,120,0.01030556
302,121,0.0103125
302,122,0.01031944
302,123,0.01032639
302,124,0.01033333
302,125,0.01034028
302,126,0.01034722
302,127,0.01035417
302,128,0.01036111
302,129,0.01036806
302,130,0.010375
302,131,0.01038194
302,132,0.01038889
302,133,0.01039583
302,134,0.01040278
302,135,0.01040972
302,136,0.01041667
302,137,0.01042361
302,138,0.01043056
302,139,0.0104375
302,140,0.01044444
302,141,0.01045139
302,142,0.01045833
302,143,0.01046528
302,144,0.01047222
302,145,0.01047917
302,146,0.01048611
302,147,0.01049306
302,148,0.0105
302,149,0.01050694
302,150,0.01051389
302,151,0.01052083
302,152,0.01052778
302,153,0.01053472
302,154,0.01054167
302,155,0.01054861
302,156,0.01055556
302,157,0.0105625
302,158,0.01056944
302,159,0.01057639
302,160,0.01058333
302,161,0.01059028
302,162,0.01059722
302,163,0.01060417
302,164,0.01061111
302,165,0.01061806
302,166,0.010625
302,167,0.01063194
302,168,0.01063889
302,169,0.01064583
302,170,0.01065278
302,171,0.01065972
302,172,0.01066667
302,173,0.01067361
302,174,0.01068056
302,175,0.0106875
302,176,0.01069444
302,177,0.01070139
302,178,0.01070833
302,179,0.01071528
302,180,0.01072222
302,181,0.01072917
302,182,0.01073611
302,183,0.01074306
302,184,0.01075
302,185,0.01075694
302,186,0.01076389
302,187,0.01077083
302,188,0.01077778
302,189,0.01078472
302,190,0.01079167
302,191,0.01079861
302,192,0.01080556
302,193,0.0108125
302,194,0.01081944
302,195,0.01082639
302,196,0.01083333
302,197,0.01084028
302,198,0.01084722
302,199,0.01085417
302,200,0.01086111
302,201,0.01086806
302,202,0.010875
302,203,0.01088194
302,204,0.01088889
302,205,0.01089583
302,206,0.01090278
302,207,0.01090972
302,208,0.01091667
302,209,0.01092361
302,210,0.01093056
302,211,0.0109375
302,212,0.01094444
302,213,0.01095139
302,214,0.01095833
302,215,0.01096528
302,216,0.01097222
302,217,0.01097917
302,218,0.01098611
302,219,0.01099306
302,220,0.011
302,221,0.01101154
302,222,0.01102308
302,223,0.01103462
302,224,0.01104615
302,225,0.01105769
302,226,0.01106923
302,227,0.01108077
302,228,0.01109231
302,229,0.01110385
302,230,0.01111538
302,231,0.01112692
302,232,0.01113846
302,233,0.01115
302,234,0.01116154
302,235,0.01117308
302,236,0.01118462
302,237,0.01119615
302,238,0.01120769
302,239,0.01121923
302,240,0.01123077
302,241,0.01124231
302,242,0.01125385
302,243,0.01126538
302,244,0.01127692
302,245,0.01128846
302,246,0.0113
302,247,0.01131154
302,248,0.01132308
302,249,0.01133462
302,250,0.01134615
302,251,0.01135769
302,252,0.01136923
302,253,0.01138077
302,254,0.01139231
302,255,0.01140385
302,256,0.01141538
302,257,0.01142692
302,258,0.01143846
302,259,0.01145
302,260,0.01146154
302,261,0.01147308
302,262,0.01148462
302,263,0.01149615
302,264,0.01150769
302,265,0.01151923
302,266,0.01153077
302,267,0.01154231
302,268,0.01155385
302,269,0.01156538
302,270,0.01157692
302,271,0.01158846
302,272,0.0116
302,273,0.01161154
302,274,0.01162308
302,275,0.01163462
302,276,0.01164615
302,277,0.01165769
302,278,0.01166923
302,279,0.01168077
302,280,0.01169231
302,281,0.01170385
302,282,0.01171538
302,283,0.01172692
302,284,0.01173846
302,285,0.01175
302,286,0.01176154
302,287,0.01177308
302,288,0.01178462
302,289,0.01179615
302,290,0.01180769
302,291,0.01181923
302,292,0.01183077
302,293,0.01184231
302,294,0.01185385
302,295,0.01186538
302,296,0.01187692
302,297,0.01188846
302,298,0.0119
302,299,0.01191154
302,300,0.01192308
302,301,0.01193462
302,302,0.01194615
302,303,0.01195769
302,304,0.01196923
302,305,0.01198077
302,306,0.01199231
302,307,0.01200385
302,308,0.01201538
302,309,0.01202692
302,310,0.01203846
302,311,0.01205
302,312,0.01206154
302,313,0.01207308
302,314,0.01208462
302,315,0.01209615
302,316,0.01210769
302,317,0.01211923
302,318,0.01213077
302,319,0.01214231
302,320,0.01215385
302,321,0.01216538
302,322,0.01217692
302,323,0.01218846
302,324,0.0122
302,325,0.01221154
302,326,0.01222308
302,327,0.01223462
302,328,0.01224615
302,329,0.01225769
302,330,0.01226923
302,331,0.01228077
302,332,0.01229231
302,333,0.01230385
302,334,0.01231538
302,335,0.01232692
302,336,0.01233846
302,337,0.01235
302,338,0.01236154
302,339,0.01237308
302,340,0.01238462
302,341,0.01239615
302,342,0.01240769
302,343,0.01241923
302,344,0.01243077
302,345,0.01244231
302,346,0.01245385
302,347,0.01246538
302,348,0.01247692
302,349,0.01248846
302,350,0.0125
302,351,0.01250231
302,352,0.01250462
302,353,0.01250693
302,354,0.01250924
302,355,0.01251156
302,356,0.01251387
302,357,0.01251618
302,358,0.01251849
302,359,0.0125208
302,360,0.01252311
302,361,0.01252542
302,362,0.01252773
302,363,0.01253005
302,364,0.01253236
302,365,0.01253467
302,366,0.01253698
302,367,0.01253929
302,368,0.0125416
302,369,0.01254391
302,370,0.01254622
302,371,0.01254854
302,372,0.01255085
302,373,0.01255316
302,374,0.01255547
302,375,0.01255778
302,376,0.01256009
302,377,0.0125624
302,378,0.01256471
302,379,0.01256703
302,380,0.01256934
302,381,0.01257165
302,382,0.01257396
302,383,0.01257627
302,384,0.01257858
302,385,0.01258089
302,386,0.0125832
302,387,0.01258552
302,388,0.01258783
302,389,0.01259014
302,390,0.01259245
302,391,0.01259476
302,392,0.01259707
302,393,0.01259938
302,394,0.01260169
302,395,0.01260401
302,396,0.01260632
302,397,0.01260863
302,398,0.01261094
302,399,0.01261325
302,400,0.01261556
302,401,0.01261787
302,402,0.01262018
302,403,0.0126225
302,404,0.01262481
302,405,0.01262712
302,406,0.01262943
302,407,0.01263174
302,408,0.01263405
302,409,0.01263636
302,410,0.01263867
302,411,0.01264099
302,412,0.0126433
302,413,0.01264561
302,414,0.01264792
302,415,0.01265023
302,416,0.01265254
302,417,0.01265485
302,418,0.01265716
302,419,0.01265948
302,420,0.01266179
302,421,0.0126641
302,422,0.01266641
302,423,0.01266872
302,424,0.01267103
302,425,0.01267334
302,426,0.01267565
302,427,0.01267797
302,428,0.01268028
302,429,0.01268259
302,430,0.0126849
302,431,0.01268721
302,432,0.01268952
302,433,0.01269183
302,434,0.01269414
302,435,0.01269646
302,436,0.01269877
302,437,0.01270108
302,438,0.01270339
302,439,0.0127057
302,440,0.01270801
302,441,0.01271032
302,442,0.01271263
302,443,0.01271495
302,444,0.01271726
302,445,0.01271957
302,446,0.01272188
302,447,0.01272419
302,448,0.0127265
302,449,0.01272881
302,450,0.01273112
302,451,0.01273344
302,452,0.01273575
302,453,0.01273806
302,454,0.01274037
302,455,0.01274268
302,456,0.01274499
302,457,0.0127473
302,458,0.01274961
302,459,0.01275193
302,460,0.01275424
302,461,0.01275655
302,462,0.01275886
302,463,0.01276117
302,464,0.01276348
302,465,0.01276579
302,466,0.0127681
302,467,0.01277042
302,468,0.01277273
302,469,0.01277504
302,470,0.01277735
302,471,0.01277966
302,472,0.01278197
302,473,0.01278428
302,474,0.01278659
302,475,0.01278891
302,476,0.01279122
302,477,0.01279353
302,478,0.01279584
302,479,0.01279815
302,480,0.01280046
302,481,0.01280277
302,482,0.01280508
302,483,0.0128074
302,484,0.01280971
302,485,0.01281202
302,486,0.01281433
302,487,0.01281664
302,488,0.01281895
302,489,0.01282126
302,490,0.01282357
302,491,0.01282589
302,492,0.0128282
302,493,0.01283051
302,494,0.01283282
302,495,0.01283513
302,496,0.01283744
302,497,0.01283975
302,498,0.01284206
302,499,0.01284438
302,500,0.01284669
302,501,0.012849
302,502,0.01285131
302,503,0.01285362
302,504,0.01285593
302,505,0.01285824
302,506,0.01286055
302,507,0.01286287
302,508,0.01286518
302,509,0.01286749
302,510,0.0128698
302,511,0.01287211
302,512,0.01287442
302,513,0.01287673
302,514,0.01287904
302,515,0.01288136
302,516,0.01288367
302,517,0.01288598
302,518,0.01288829
302,519,0.0128906
302,520,0.01289291
302,521,0.01289522
302,522,0.01289753
302,523,0.01289985
302,524,0.01290216
302,525,0.01290447
302,526,0.01290678
302,527,0.01290909
302,528,0.0129114
302,529,0.01291371
302,530,0.01291602
302,531,0.01291834
302,532,0.01292065
302,533,0.01292296
302,534,0.01292527
302,535,0.01292758
302,536,0.01292989
302,537,0.0129322
302,538,0.01293451
302,539,0.01293683
302,540,0.01293914
302,541,0.01294145
302,542,0.01294376
302,543,0.01294607
302,544,0.01294838
302,545,0.01295069
302,546,0.012953
302,547,0.01295532
302,548,0.01295763
302,549,0.01295994
302,550,0.01296225
302,551,0.01296456
302,552,0.01296687
302,553,0.01296918
302,554,0.01297149
302,555,0.01297381
302,556,0.01297612
302,557,0.01297843
302,558,0.01298074
302,559,0.01298305
302,560,0.01298536
302,561,0.01298767
302,562,0.01298998
302,563,0.0129923
302,564,0.01299461
302,565,0.01299692
302,566,0.01299923
302,567,0.01300154
302,568,0.01300385
302,569,0.01300616
302,570,0.01300847
302,571,0.01301079
302,572,0.0130131
302,573,0.01301541
302,574,0.01301772
302,575,0.01302003
302,576,0.01302234
302,577,0.01302465
302,578,0.01302696
302,579,0.01302928
302,580,0.01303159
302,581,0.0130339
302,582,0.01303621
302,583,0.01303852
302,584,0.01304083
302,585,0.01304314
302,586,0.01304545
302,587,0.01304777
302,588,0.01305008
302,589,0.01305239
302,590,0.0130547
302,591,0.01305701
302,592,0.01305932
302,593,0.01306163
302,594,0.01306394
302,595,0.01306626
302,596,0.01306857
302,597,0.01307088
302,598,0.01307319
302,599,0.0130755
302,600,0.01307781
302,601,0.01308012
302,602,0.01308243
302,603,0.01308475
302,604,0.01308706
302,605,0.01308937
302,606,0.01309168
302,607,0.01309399
302,608,0.0130963
302,609,0.01309861
302,610,0.01310092
302,611,0.01310324
302,612,0.01310555
302,613,0.01310786
302,614,0.01311017
302,615,0.01311248
302,616,0.01311479
302,617,0.0131171
302,618,0.01311941
302,619,0.01312173
302,620,0.01312404
302,621,0.01312635
302,622,0.01312866
302,623,0.01313097
302,624,0.01313328
302,625,0.01313559
302,626,0.0131379
302,627,0.01314022
302,628,0.01314253
302,629,0.01314484
302,630,0.01314715
302,631,0.01314946
302,632,0.01315177
302,633,0.01315408
302,634,0.01315639
302,635,0.01315871
302,636,0.01316102
302,637,0.01316333
302,638,0.01316564
302,639,0.01316795
302,640,0.01317026
302,641,0.01317257
302,642,0.01317488
302,643,0.0131772
302,644,0.01317951
302,645,0.01318182
302,646,0.01318413
302,647,0.01318644
302,648,0.01318875
302,649,0.01319106
302,650,0.01319337
302,651,0.01319569
302,652,0.013198
302,653,0.01320031
302,654,0.01320262
302,655,0.01320493
302,656,0.01320724
302,657,0.01320955
302,658,0.01321186
302,659,0.01321418
302,660,0.01321649
302,661,0.0132188
302,662,0.01322111
302,663,0.01322342
302,664,0.01322573
302,665,0.01322804
302,666,0.01323035
302,667,0.01323267
302,668,0.01323498
302,669,0.01323729
302,670,0.0132396
302,671,0.01324191
302,672,0.01324422
302,673,0.01324653
302,674,0.01324884
302,675,0.01325116
302,676,0.01325347
302,677,0.01325578
302,678,0.01325809
302,679,0.0132604
302,680,0.01326271
302,681,0.01326502
302,682,0.01326733
302,683,0.01326965
302,684,0.01327196
302,685,0.01327427
302,686,0.01327658
302,687,0.01327889
302,688,0.0132812
302,689,0.01328351
302,690,0.01328582
302,691,0.01328814
302,692,0.01329045
302,693,0.01329276
302,694,0.01329507
302,695,0.01329738
302,696,0.01329969
302,697,0.013302
302,698,0.01330431
302,699,0.01330663
302,700,0.01330894
302,701,0.01331125
302,702,0.01331356
302,703,0.01331587
302,704,0.01331818
302,705,0.01332049
302,706,0.0133228
302,707,0.01332512
302,708,0.01332743
302,709,0.01332974
302,710,0.01333205
302,711,0.01333436
302,712,0.01333667
302,713,0.01333898
302,714,0.01334129
302,715,0.01334361
302,716,0.01334592
302,717,0.01334823
302,718,0.01335054
302,719,0.01335285
302,720,0.01335516
302,721,0.01335747
302,722,0.01335978
302,723,0.0133621
302,724,0.01336441
302,725,0.01336672
302,726,0.01336903
302,727,0.01337134
302,728,0.01337365
302,729,0.01337596
302,730,0.01337827
302,731,0.01338059
302,732,0.0133829
302,733,0.01338521
302,734,0.01338752
302,735,0.01338983
302,736,0.01339214
302,737,0.01339445
302,738,0.01339676
302,739,0.01339908
302,740,0.01340139
302,741,0.0134037
302,742,0.01340601
302,743,0.01340832
302,744,0.01341063
302,745,0.01341294
302,746,0.01341525
302,747,0.01341757
302,748,0.01341988
302,749,0.01342219
302,750,0.0134245
302,751,0.01342681
302,752,0.01342912
302,753,0.01343143
302,754,0.01343374
302,755,0.01343606
302,756,0.01343837
302,757,0.01344068
302,758,0.01344299
302,759,0.0134453
302,760,0.01344761
302,761,0.01344992
302,762,0.01345223
302,763,0.01345455
302,764,0.01345686
302,765,0.01345917
302,766,0.01346148
302,767,0.01346379
302,768,0.0134661
302,769,0.01346841
302,770,0.01347072
302,771,0.01347304
302,772,0.01347535
302,773,0.01347766
302,774,0.01347997
302,775,0.01348228
302,776,0.01348459
302,777,0.0134869
302,778,0.01348921
302,779,0.01349153
302,780,0.01349384
302,781,0.01349615
302,782,0.01349846
302,783,0.01350077
302,784,0.01350308
302,785,0.01350539
302,786,0.0135077
302,787,0.01351002
302,788,0.01351233
302,789,0.01351464
302,790,0.01351695
302,791,0.01351926
302,792,0.01352157
302,793,0.01352388
302,794,0.01352619
302,795,0.01352851
302,796,0.01353082
302,797,0.01353313
302,798,0.01353544
302,799,0.01353775
302,800,0.01354006
302,801,0.01354237
302,802,0.01354468
302,803,0.013547
302,804,0.01354931
302,805,0.01355162
302,806,0.01355393
302,807,0.01355624
302,808,0.01355855
302,809,0.01356086
302,810,0.01356317
302,811,0.01356549
302,812,0.0135678
302,813,0.01357011
302,814,0.01357242
302,815,0.01357473
302,816,0.01357704
302,817,0.01357935
302,818,0.01358166
302,819,0.01358398
302,820,0.01358629
302,821,0.0135886
302,822,0.01359091
302,823,0.01359322
302,824,0.01359553
302,825,0.01359784
302,826,0.01360015
302,827,0.01360247
302,828,0.01360478
302,829,0.01360709
302,830,0.0136094
302,831,0.01361171
302,832,0.01361402
302,833,0.01361633
302,834,0.01361864
302,835,0.01362096
302,836,0.01362327
302,837,0.01362558
302,838,0.01362789
302,839,0.0136302
302,840,0.01363251
302,841,0.01363482
302,842,0.01363713
302,843,0.01363945
302,844,0.01364176
302,845,0.01364407
302,846,0.01364638
302,847,0.01364869
302,848,0.013651
302,849,0.01365331
302,850,0.01365562
302,851,0.01365794
302,852,0.01366025
302,853,0.01366256
302,854,0.01366487
302,855,0.01366718
302,856,0.01366949
302,857,0.0136718
302,858,0.01367411
302,859,0.01367643
302,860,0.01367874
302,861,0.01368105
302,862,0.01368336
302,863,0.01368567
302,864,0.01368798
302,865,0.01369029
302,866,0.0136926
302,867,0.01369492
302,868,0.01369723
302,869,0.01369954
302,870,0.01370185
302,871,0.01370416
302,872,0.01370647
302,873,0.01370878
302,874,0.01371109
302,875,0.01371341
302,876,0.01371572
302,877,0.01371803
302,878,0.01372034
302,879,0.01372265
302,880,0.01372496
302,881,0.01372727
302,882,0.01372958
302,883,0.0137319
302,884,0.01373421
302,885,0.01373652
302,886,0.01373883
302,887,0.01374114
302,888,0.01374345
302,889,0.01374576
302,890,0.01374807
302,891,0.01375039
302,892,0.0137527
302,893,0.01375501
302,894,0.01375732
302,895,0.01375963
302,896,0.01376194
302,897,0.01376425
302,898,0.01376656
302,899,0.01376888
302,900,0.01377119
302,901,0.0137735
302,902,0.01377581
302,903,0.01377812
302,904,0.01378043
302,905,0.01378274
302,906,0.01378505
302,907,0.01378737
302,908,0.01378968
302,909,0.01379199
302,910,0.0137943
302,911,0.01379661
302,912,0.01379892
302,913,0.01380123
302,914,0.01380354
302,915,0.01380586
302,916,0.01380817
302,917,0.01381048
302,918,0.01381279
302,919,0.0138151
302,920,0.01381741
302,921,0.01381972
302,922,0.01382203
302,923,0.01382435
302,924,0.01382666
302,925,0.01382897
302,926,0.01383128
302,927,0.01383359
302,928,0.0138359
302,929,0.01383821
302,930,0.01384052
302,931,0.01384284
302,932,0.01384515
302,933,0.01384746
302,934,0.01384977
302,935,0.01385208
302,936,0.01385439
302,937,0.0138567
302,938,0.01385901
302,939,0.01386133
302,940,0.01386364
302,941,0.01386595
302,942,0.01386826
302,943,0.01387057
302,944,0.01387288
302,945,0.01387519
302,946,0.0138775
302,947,0.01387982
302,948,0.01388213
302,949,0.01388444
302,950,0.01388675
302,951,0.01388906
302,952,0.01389137
302,953,0.01389368
302,954,0.01389599
302,955,0.01389831
302,956,0.01390062
302,957,0.01390293
302,958,0.01390524
302,959,0.01390755
302,960,0.01390986
302,961,0.01391217
302,962,0.01391448
302,963,0.0139168
302,964,0.01391911
302,965,0.01392142
302,966,0.01392373
302,967,0.01392604
302,968,0.01392835
302,969,0.01393066
302,970,0.01393297
302,971,0.01393529
302,972,0.0139376
302,973,0.01393991
302,974,0.01394222
302,975,0.01394453
302,976,0.01394684
302,977,0.01394915
302,978,0.01395146
302,979,0.01395378
302,980,0.01395609
302,981,0.0139584
302,982,0.01396071
302,983,0.01396302
302,984,0.01396533
302,985,0.01396764
302,986,0.01396995
302,987,0.01397227
302,988,0.01397458
302,989,0.01397689
302,990,0.0139792
302,991,0.01398151
302,992,0.01398382
302,993,0.01398613
302,994,0.01398844
302,995,0.01399076
302,996,0.01399307
302,997,0.01399538
302,998,0.01399769
302,999,0.014
303,0,0
303,1,0.93
303,2,0.9328
303,3,0.9356
303,4,0.9384
303,5,0.9412
303,6,0.944
303,7,0.9468
303,8,0.9496
303,9,0.9524
303,10,0.9552
303,11,0.958
303,12,0.9608
303,13,0.9636
303,14,0.9664
303,15,0.9692
303,16,0.972
303,17,0.9748
303,18,0.9776
303,19,0.9804
303,20,0.9832
303,21,0.986
303,22,0.9888
303,23,0.9916
303,24,0.9944
303,25,0.9972
303,26,1
303,27,1.0028
303,28,1.0056
303,29,1.0084
303,30,1.0112
303,31,1.014
303,32,1.0168
303,33,1.0196
303,34,1.0224
303,35,1.0252
303,36,1.028
303,37,1.0308
303,38,1.0336
303,39,1.0364
303,40,1.0392
303,41,1.042
303,42,1.0448
303,43,1.0476
303,44,1.0504
303,45,1.0532
303,46,1.056
303,47,1.0588
303,48,1.0616
303,49,1.0644
303,50,1.0672
303,51,1.07
303,52,1.0728
303,53,1.0756
303,54,1.0784
303,55,1.0812
303,56,1.084
303,57,1.0868
303,58,1.0896
303,59,1.0924
303,60,1.0952
303,61,1.098
303,62,1.1008
303,63,1.1036
303,64,1.1064
303,65,1.1092
303,66,1.112
303,67,1.1148
303,68,1.1176
303,69,1.1204
303,70,1.1232
303,71,1.126
303,72,1.1288
303,73,1.1316
303,74,1.1344
303,75,1.1372
303,76,1.14
303,77,1.1425
303,78,1.145
303,79,1.1475
303,80,1.15
303,81,1.1525
303,82,1.155
303,83,1.1575
303,84,1.16
303,85,1.1625
303,86,1.165
303,87,1.1675
303,88,1.17
303,89,1.1725
303,90,1.175
303,91,1.1775
303,92,1.18
303,93,1.1825
303,94,1.185
303,95,1.1875
303,96,1.19
303,97,1.1925
303,98,1.195
303,99,1.1975
303,100,1.2
303,101,1.2025
303,102,1.205
303,103,1.2075
303,104,1.21
303,105,1.2125
303,106,1.215
303,107,1.2175
303,108,1.22
303,109,1.2225
303,110,1.225
303,111,1.2275
303,112,1.23
303,113,1.2325
303,114,1.235
303,115,1.2375
303,116,1.24
303,117,1.2425
303,118,1.245
303,119,1.2475
303,120,1.25
303,121,1.2525
303,122,1.255
303,123,1.2575
303,124,1.26
303,125,1.2625
303,126,1.265
303,127,1.2675
303,128,1.27
303,129,1.2725
303,130,1.275
303,131,1.2775
303,132,1.28
303,133,1.2825
303,134,1.285
303,135,1.2875
303,136,1.29
303,137,1.2925
303,138,1.295
303,139,1.2975
303,140,1.3
303,141,1.3025
303,142,1.305
303,143,1.3075
303,144,1.31
303,145,1.3125
303,146,1.315
303,147,1.3175
303,148,1.32
303,149,1.3225
303,150,1.325
303,151,1.3275
303,152,1.33
303,153,1.3325
303,154,1.335
303,155,1.3375
303,156,1.34
303,157,1.3425
303,158,1.345
303,159,1.3475
303,160,1.35
303,161,1.3525
303,162,1.355
303,163,1.3575
303,164,1.36
303,165,1.3625
303,166,1.365
303,167,1.3675
303,168,1.37
303,169,1.3725
303,170,1.375
303,171,1.3775
303,172,1.38
303,173,1.3825
303,174,1.385
303,175,1.3875
303,176,1.39
303,177,1.3925
303,178,1.395
303,179,1.3975
303,180,1.4
303,181,1.4025
303,182,1.405
303,183,1.4075
303,184,1.41
303,185,1.4125
303,186,1.415
303,187,1.4175
303,188,1.42
303,189,1.4225
303,190,1.425
303,191,1.4275
303,192,1.43
303,193,1.4325
303,194,1.435
303,195,1.4375
303,196,1.44
303,197,1.4425
303,198,1.445
303,199,1.4475
303,200,1.45
303,201,1.4525
303,202,1.455
303,203,1.4575
303,204,1.46
303,205,1.4625
303,206,1.465
303,207,1.4675
303,208,1.47
303,209,1.4725
303,210,1.475
303,211,1.4775
303,212,1.48
303,213,1.4825
303,214,1.485
303,215,1.4875
303,216,1.49
303,217,1.4925
303,218,1.495
303,219,1.4975
303,220,1.5
303,221,1.50115385
303,222,1.50230769
303,223,1.50346154
303,224,1.50461538
303,225,1.50576923
303,226,1.50692308
303,227,1.50807692
303,228,1.50923077
303,229,1.51038462
303,230,1.51153846
303,231,1.51269231
303,232,1.51384615
303,233,1.515
303,234,1.51615385
303,235,1.51730769
303,236,1.51846154
303,237,1.51961538
303,238,1.52076923
303,239,1.52192308
303,240,1.52307692
303,241,1.52423077
303,242,1.52538462
303,243,1.52653846
303,244,1.52769231
303,245,1.52884615
303,246,1.53
303,247,1.53115385
303,248,1.53230769
303,249,1.53346154
303,250,1.53461538
303,251,1.53576923
303,252,1.53692308
303,253,1.53807692
303,254,1.53923077
303,255,1.54038462
303,256,1.54153846
303,257,1.54269231
303,258,1.54384615
303,259,1.545
303,260,1.54615385
303,261,1.54730769
303,262,1.54846154
303,263,1.54961538
303,264,1.55076923
303,265,1.55192308
303,266,1.55307692
303,267,1.55423077
303,268,1.55538462
303,269,1.55653846
303,270,1.55769231
303,271,1.55884615
303,272,1.56
303,273,1.56115385
303,274,1.56230769
303,275,1.56346154
303,276,1.56461538
303,277,1.56576923
303,278,1.56692308
303,279,1.56807692
303,280,1.56923077
303,281,1.57038462
303,282,1.57153846
303,283,1.57269231
303,284,1.57384615
303,285,1.575
303,286,1.57615385
303,287,1.57730769
303,288,1.57846154
303,289,1.57961538
303,290,1.58076923
303,291,1.58192308
303,292,1.58307692
303,293,1.58423077
303,294,1.58538462
303,295,1.58653846
303,296,1.58769231
303,297,1.58884615
303,298,1.59
303,299,1.59115385
303,300,1.59230769
303,301,1.59346154
303,302,1.59461538
303,303,1.59576923
303,304,1.59692308
303,305,1.59807692
303,306,1.59923077
303,307,1.60038462
303,308,1.60153846
303,309,1.60269231
303,310,1.60384615
303,311,1.605
303,312,1.60615385
303,313,1.60730769
303,314,1.60846154
303,315,1.60961538
303,316,1.61076923
303,317,1.61192308
303,318,1.61307692
303,319,1.61423077
303,320,1.61538462
303,321,1.61653846
303,322,1.61769231
303,323,1.61884615
303,324,1.62
303,325,1.62115385
303,326,1.62230769
303,327,1.62346154
303,328,1.62461538
303,329,1.62576923
303,330,1.62692308
303,331,1.62807692
303,332,1.62923077
303,333,1.63038462
303,334,1.63153846
303,335,1.63269231
303,336,1.63384615
303,337,1.635
303,338,1.63615385
303,339,1.63730769
303,340,1.63846154
303,341,1.63961538
303,342,1.64076923
303,343,1.64192308
303,344,1.64307692
303,345,1.64423077
303,346,1.64538462
303,347,1.64653846
303,348,1.64769231
303,349,1.64884615
303,350,1.65
303,351,1.65130971
303,352,1.65261941
303,353,1.65392912
303,354,1.65523883
303,355,1.65654854
303,356,1.65785824
303,357,1.65916795
303,358,1.66047766
303,359,1.66178737
303,360,1.66309707
303,361,1.66440678
303,362,1.66571649
303,363,1.66702619
303,364,1.6683359
303,365,1.66964561
303,366,1.67095532
303,367,1.67226502
303,368,1.67357473
303,369,1.67488444
303,370,1.67619414
303,371,1.67750385
303,372,1.67881356
303,373,1.68012327
303,374,1.68143297
303,375,1.68274268
303,376,1.68405239
303,377,1.6853621
303,378,1.6866718
303,379,1.68798151
303,380,1.68929122
303,381,1.69060092
303,382,1.69191063
303,383,1.69322034
303,384,1.69453005
303,385,1.69583975
303,386,1.69714946
303,387,1.69845917
303,388,1.69976888
303,389,1.70107858
303,390,1.70238829
303,391,1.703698
303,392,1.7050077
303,393,1.70631741
303,394,1.70762712
303,395,1.70893683
303,396,1.71024653
303,397,1.71155624
303,398,1.71286595
303,399,1.71417565
303,400,1.71548536
303,401,1.71679507
303,402,1.71810478
303,403,1.71941448
303,404,1.72072419
303,405,1.7220339
303,406,1.72334361
303,407,1.72465331
303,408,1.72596302
303,409,1.72727273
303,410,1.72858243
303,411,1.72989214
303,412,1.73120185
303,413,1.73251156
303,414,1.73382126
303,415,1.73513097
303,416,1.73644068
303,417,1.73775039
303,418,1.73906009
303,419,1.7403698
303,420,1.74167951
303,421,1.74298921
303,422,1.74429892
303,423,1.74560863
303,424,1.74691834
303,425,1.74822804
303,426,1.74953775
303,427,1.75084746
303,428,1.75215716
303,429,1.75346687
303,430,1.75477658
303,431,1.75608629
303,432,1.75739599
303,433,1.7587057
303,434,1.76001541
303,435,1.76132512
303,436,1.76263482
303,437,1.76394453
303,438,1.76525424
303,439,1.76656394
303,440,1.76787365
303,441,1.76918336
303,442,1.77049307
303,443,1.77180277
303,444,1.77311248
303,445,1.77442219
303,446,1.7757319
303,447,1.7770416
303,448,1.77835131
303,449,1.77966102
303,450,1.78097072
303,451,1.78228043
303,452,1.78359014
303,453,1.78489985
303,454,1.78620955
303,455,1.78751926
303,456,1.78882897
303,457,1.79013867
303,458,1.79144838
303,459,1.79275809
303,460,1.7940678
303,461,1.7953775
303,462,1.79668721
303,463,1.79799692
303,464,1.79930663
303,465,1.80061633
303,466,1.80192604
303,467,1.80323575
303,468,1.80454545
303,469,1.80585516
303,470,1.80716487
303,471,1.80847458
303,472,1.80978428
303,473,1.81109399
303,474,1.8124037
303,475,1.81371341
303,476,1.81502311
303,477,1.81633282
303,478,1.81764253
303,479,1.81895223
303,480,1.82026194
303,481,1.82157165
303,482,1.82288136
303,483,1.82419106
303,484,1.82550077
303,485,1.82681048
303,486,1.82812018
303,487,1.82942989
303,488,1.8307396
303,489,1.83204931
303,490,1.83335901
303,491,1.83466872
303,492,1.83597843
303,493,1.83728814
303,494,1.83859784
303,495,1.83990755
303,496,1.84121726
303,497,1.84252696
303,498,1.84383667
303,499,1.84514638
303,500,1.84645609
303,501,1.84776579
303,502,1.8490755
303,503,1.85038521
303,504,1.85169492
303,505,1.85300462
303,506,1.85431433
303,507,1.85562404
303,508,1.85693374
303,509,1.85824345
303,510,1.85955316
303,511,1.86086287
303,512,1.86217257
303,513,1.86348228
303,514,1.86479199
303,515,1.86610169
303,516,1.8674114
303,517,1.86872111
303,518,1.87003082
303,519,1.87134052
303,520,1.87265023
303,521,1.87395994
303,522,1.87526965
303,523,1.87657935
303,524,1.87788906
303,525,1.87919877
303,526,1.88050847
303,527,1.88181818
303,528,1.88312789
303,529,1.8844376
303,530,1.8857473
303,531,1.88705701
303,532,1.88836672
303,533,1.88967643
303,534,1.89098613
303,535,1.89229584
303,536,1.89360555
303,537,1.89491525
303,538,1.89622496
303,539,1.89753467
303,540,1.89884438
303,541,1.90015408
303,542,1.90146379
303,543,1.9027735
303,544,1.9040832
303,545,1.90539291
303,546,1.90670262
303,547,1.90801233
303,548,1.90932203
303,549,1.91063174
303,550,1.91194145
303,551,1.91325116
303,552,1.91456086
303,553,1.91587057
303,554,1.91718028
303,555,1.91848998
303,556,1.91979969
303,557,1.9211094
303,558,1.92241911
303,559,1.92372881
303,560,1.92503852
303,561,1.92634823
303,562,1.92765794
303,563,1.92896764
303,564,1.93027735
303,565,1.93158706
303,566,1.93289676
303,567,1.93420647
303,568,1.93551618
303,569,1.93682589
303,570,1.93813559
303,571,1.9394453
303,572,1.94075501
303,573,1.94206471
303,574,1.94337442
303,575,1.94468413
303,576,1.94599384
303,577,1.94730354
303,578,1.94861325
303,579,1.94992296
303,580,1.95123267
303,581,1.95254237
303,582,1.95385208
303,583,1.95516179
303,584,1.95647149
303,585,1.9577812
303,586,1.95909091
303,587,1.96040062
303,588,1.96171032
303,589,1.96302003
303,590,1.96432974
303,591,1.96563945
303,592,1.96694915
303,593,1.96825886
303,594,1.96956857
303,595,1.97087827
303,596,1.97218798
303,597,1.97349769
303,598,1.9748074
303,599,1.9761171
303,600,1.97742681
303,601,1.97873652
303,602,1.98004622
303,603,1.98135593
303,604,1.98266564
303,605,1.98397535
303,606,1.98528505
303,607,1.98659476
303,608,1.98790447
303,609,1.98921418
303,610,1.99052388
303,611,1.99183359
303,612,1.9931433
303,613,1.994453
303,614,1.99576271
303,615,1.99707242
303,616,1.99838213
303,617,1.99969183
303,618,2.00100154
303,619,2.00231125
303,620,2.00362096
303,621,2.00493066
303,622,2.00624037
303,623,2.00755008
303,624,2.00885978
303,625,2.01016949
303,626,2.0114792
303,627,2.01278891
303,628,2.01409861
303,629,2.01540832
303,630,2.01671803
303,631,2.01802773
303,632,2.01933744
303,633,2.02064715
303,634,2.02195686
303,635,2.02326656
303,636,2.02457627
303,637,2.02588598
303,638,2.02719569
303,639,2.02850539
303,640,2.0298151
303,641,2.03112481
303,642,2.03243451
303,643,2.03374422
303,644,2.03505393
303,645,2.03636364
303,646,2.03767334
303,647,2.03898305
303,648,2.04029276
303,649,2.04160247
303,650,2.04291217
303,651,2.04422188
303,652,2.04553159
303,653,2.04684129
303,654,2.048151
303,655,2.04946071
303,656,2.05077042
303,657,2.05208012
303,658,2.05338983
303,659,2.05469954
303,660,2.05600924
303,661,2.05731895
303,662,2.05862866
303,663,2.05993837
303,664,2.06124807
303,665,2.06255778
303,666,2.06386749
303,667,2.0651772
303,668,2.0664869
303,669,2.06779661
303,670,2.06910632
303,671,2.07041602
303,672,2.07172573
303,673,2.07303544
303,674,2.07434515
303,675,2.07565485
303,676,2.07696456
303,677,2.07827427
303,678,2.07958398
303,679,2.08089368
303,680,2.08220339
303,681,2.0835131
303,682,2.0848228
303,683,2.08613251
303,684,2.08744222
303,685,2.08875193
303,686,2.09006163
303,687,2.09137134
303,688,2.09268105
303,689,2.09399076
303,690,2.09530046
303,691,2.09661017
303,692,2.09791988
303,693,2.09922958
303,694,2.10053929
303,695,2.101849
303,696,2.10315871
303,697,2.10446841
303,698,2.10577812
303,699,2.10708783
303,700,2.10839753
303,701,2.10970724
303,702,2.11101695
303,703,2.11232666
303,704,2.11363636
303,705,2.11494607
303,706,2.11625578
303,707,2.11756549
303,708,2.11887519
303,709,2.1201849
303,710,2.12149461
303,711,2.12280431
303,712,2.12411402
303,713,2.12542373
303,714,2.12673344
303,715,2.12804314
303,716,2.12935285
303,717,2.13066256
303,718,2.13197227
303,719,2.13328197
303,720,2.13459168
303,721,2.13590139
303,722,2.13721109
303,723,2.1385208
303,724,2.13983051
303,725,2.14114022
303,726,2.14244992
303,727,2.14375963
303,728,2.14506934
303,729,2.14637904
303,730,2.14768875
303,731,2.14899846
303,732,2.15030817
303,733,2.15161787
303,734,2.15292758
303,735,2.15423729
303,736,2.155547
303,737,2.1568567
303,738,2.15816641
303,739,2.15947612
303,740,2.16078582
303,741,2.16209553
303,742,2.16340524
303,743,2.16471495
303,744,2.16602465
303,745,2.16733436
303,746,2.16864407
303,747,2.16995378
303,748,2.17126348
303,749,2.17257319
303,750,2.1738829
303,751,2.1751926
303,752,2.17650231
303,753,2.17781202
303,754,2.17912173
303,755,2.18043143
303,756,2.18174114
303,757,2.18305085
303,758,2.18436055
303,759,2.18567026
303,760,2.18697997
303,761,2.18828968
303,762,2.18959938
303,763,2.19090909
303,764,2.1922188
303,765,2.19352851
303,766,2.19483821
303,767,2.19614792
303,768,2.19745763
303,769,2.19876733
303,770,2.20007704
303,771,2.20138675
303,772,2.20269646
303,773,2.20400616
303,774,2.20531587
303,775,2.20662558
303,776,2.20793529
303,777,2.20924499
303,778,2.2105547
303,779,2.21186441
303,780,2.21317411
303,781,2.21448382
303,782,2.21579353
303,783,2.21710324
303,784,2.21841294
303,785,2.21972265
303,786,2.22103236
303,787,2.22234206
303,788,2.22365177
303,789,2.22496148
303,790,2.22627119
303,791,2.22758089
303,792,2.2288906
303,793,2.23020031
303,794,2.23151002
303,795,2.23281972
303,796,2.23412943
303,797,2.23543914
303,798,2.23674884
303,799,2.23805855
303,800,2.23936826
303,801,2.24067797
303,802,2.24198767
303,803,2.24329738
303,804,2.24460709
303,805,2.2459168
303,806,2.2472265
303,807,2.24853621
303,808,2.24984592
303,809,2.25115562
303,810,2.25246533
303,811,2.25377504
303,812,2.25508475
303,813,2.25639445
303,814,2.25770416
303,815,2.25901387
303,816,2.26032357
303,817,2.26163328
303,818,2.26294299
303,819,2.2642527
303,820,2.2655624
303,821,2.26687211
303,822,2.26818182
303,823,2.26949153
303,824,2.27080123
303,825,2.27211094
303,826,2.27342065
303,827,2.27473035
303,828,2.27604006
303,829,2.27734977
303,830,2.27865948
303,831,2.27996918
303,832,2.28127889
303,833,2.2825886
303,834,2.28389831
303,835,2.28520801
303,836,2.28651772
303,837,2.28782743
303,838,2.28913713
303,839,2.29044684
303,840,2.29175655
303,841,2.29306626
303,842,2.29437596
303,843,2.29568567
303,844,2.29699538
303,845,2.29830508
303,846,2.29961479
303,847,2.3009245
303,848,2.30223421
303,849,2.30354391
303,850,2.30485362
303,851,2.30616333
303,852,2.30747304
303,853,2.30878274
303,854,2.31009245
303,855,2.31140216
303,856,2.31271186
303,857,2.31402157
303,858,2.31533128
303,859,2.31664099
303,860,2.31795069
303,861,2.3192604
303,862,2.32057011
303,863,2.32187982
303,864,2.32318952
303,865,2.32449923
303,866,2.32580894
303,867,2.32711864
303,868,2.32842835
303,869,2.32973806
303,870,2.33104777
303,871,2.33235747
303,872,2.33366718
303,873,2.33497689
303,874,2.33628659
303,875,2.3375963
303,876,2.33890601
303,877,2.34021572
303,878,2.34152542
303,879,2.34283513
303,880,2.34414484
303,881,2.34545455
303,882,2.34676425
303,883,2.34807396
303,884,2.34938367
303,885,2.35069337
303,886,2.35200308
303,887,2.35331279
303,888,2.3546225
303,889,2.3559322
303,890,2.35724191
303,891,2.35855162
303,892,2.35986133
303,893,2.36117103
303,894,2.36248074
303,895,2.36379045
303,896,2.36510015
303,897,2.36640986
303,898,2.36771957
303,899,2.36902928
303,900,2.37033898
303,901,2.37164869
303,902,2.3729584
303,903,2.3742681
303,904,2.37557781
303,905,2.37688752
303,906,2.37819723
303,907,2.37950693
303,908,2.38081664
303,909,2.38212635
303,910,2.38343606
303,911,2.38474576
303,912,2.38605547
303,913,2.38736518
303,914,2.38867488
303,915,2.38998459
303,916,2.3912943
303,917,2.39260401
303,918,2.39391371
303,919,2.39522342
303,920,2.39653313
303,921,2.39784284
303,922,2.39915254
303,923,2.40046225
303,924,2.40177196
303,925,2.40308166
303,926,2.40439137
303,927,2.40570108
303,928,2.40701079
303,929,2.40832049
303,930,2.4096302
303,931,2.41093991
303,932,2.41224961
303,933,2.41355932
303,934,2.41486903
303,935,2.41617874
303,936,2.41748844
303,937,2.41879815
303,938,2.42010786
303,939,2.42141757
303,940,2.42272727
303,941,2.42403698
303,942,2.42534669
303,943,2.42665639
303,944,2.4279661
303,945,2.42927581
303,946,2.43058552
303,947,2.43189522
303,948,2.43320493
303,949,2.43451464
303,950,2.43582435
303,951,2.43713405
303,952,2.43844376
303,953,2.43975347
303,954,2.44106317
303,955,2.44237288
303,956,2.44368259
303,957,2.4449923
303,958,2.446302
303,959,2.44761171
303,960,2.44892142
303,961,2.45023112
303,962,2.45154083
303,963,2.45285054
303,964,2.45416025
303,965,2.45546995
303,966,2.45677966
303,967,2.45808937
303,968,2.45939908
303,969,2.46070878
303,970,2.46201849
303,971,2.4633282
303,972,2.4646379
303,973,2.46594761
303,974,2.46725732
303,975,2.46856703
303,976,2.46987673
303,977,2.47118644
303,978,2.47249615
303,979,2.47380586
303,980,2.47511556
303,981,2.47642527
303,982,2.47773498
303,983,2.47904468
303,984,2.48035439
303,985,2.4816641
303,986,2.48297381
303,987,2.48428351
303,988,2.48559322
303,989,2.48690293
303,990,2.48821263
303,991,2.48952234
303,992,2.49083205
303,993,2.49214176
303,994,2.49345146
303,995,2.49476117
303,996,2.49607088
303,997,2.49738059
303,998,2.49869029
303,999,2.5
304,0,0
304,1,1
304,2,1.00266667
304,3,1.00533333
304,4,1.008
304,5,1.01066667
304,6,1.01333333
304,7,1.016
304,8,1.01866667
304,9,1.02133333
304,10,1.024
304,11,1.02666667
304,12,1.02933333
304,13,1.032
304,14,1.03466667
304,15,1.03733333
304,16,1.04
304,17,1.04266667
304,18,1.04533333
304,19,1.048
304,20,1.05066667
304,21,1.05333333
304,22,1.056
304,23,1.05866667
304,24,1.06133333
304,25,1.064
304,26,1.06666667
304,27,1.06933333
304,28,1.072
304,29,1.07466667
304,30,1.07733333
304,31,1.08
304,32,1.08266667
304,33,1.08533333
304,34,1.088
304,35,1.09066667
304,36,1.09333333
304,37,1.096
304,38,1.09866667
304,39,1.10133333
304,40,1.104
304,41,1.10666667
304,42,1.10933333
304,43,1.112
304,44,1.11466667
304,45,1.11733333
304,46,1.12
304,47,1.12266667
304,48,1.12533333
304,49,1.128
304,50,1.13066667
304,51,1.13333333
304,52,1.136
304,53,1.13866667
304,54,1.14133333
304,55,1.144
304,56,1.14666667
304,57,1.14933333
304,58,1.152
304,59,1.15466667
304,60,1.15733333
304,61,1.16
304,62,1.16266667
304,63,1.16533333
304,64,1.168
304,65,1.17066667
304,66,1.17333333
304,67,1.176
304,68,1.17866667
304,69,1.18133333
304,70,1.184
304,71,1.18666667
304,72,1.18933333
304,73,1.192
304,74,1.19466667
304,75,1.19733333
304,76,1.2
304,77,1.20277778
304,78,1.20555556
304,79,1.20833333
304,80,1.21111111
304,81,1.21388889
304,82,1.21666667
304,83,1.21944444
304,84,1.22222222
304,85,1.225
304,86,1.22777778
304,87,1.23055556
304,88,1.23333333
304,89,1.23611111
304,90,1.23888889
304,91,1.24166667
304,92,1.24444444
304,93,1.24722222
304,94,1.25
304,95,1.25277778
304,96,1.25555556
304,97,1.25833333
304,98,1.26111111
304,99,1.26388889
304,100,1.26666667
304,101,1.26944444
304,102,1.27222222
304,103,1.275
304,104,1.27777778
304,105,1.28055556
304,106,1.28333333
304,107,1.28611111
304,108,1.28888889
304,109,1.29166667
304,110,1.29444444
304,111,1.29722222
304,112,1.3
304,113,1.30277778
304,114,1.30555556
304,115,1.30833333
304,116,1.31111111
304,117,1.31388889
304,118,1.31666667
304,119,1.31944444
304,120,1.32222222
304,121,1.325
304,122,1.32777778
304,123,1.33055556
304,124,1.33333333
304,125,1.33611111
304,126,1.33888889
304,127,1.34166667
304,128,1.34444444
304,129,1.34722222
304,130,1.35
304,131,1.35277778
304,132,1.35555556
304,133,1.35833333
304,134,1.36111111
304,135,1.36388889
304,136,1.36666667
304,137,1.36944444
304,138,1.37222222
304,139,1.375
304,140,1.37777778
304,141,1.38055556
304,142,1.38333333
304,143,1.38611111
304,144,1.38888889
304,145,1.39166667
304,146,1.39444444
304,147,1.39722222
304,148,1.4
304,149,1.40277778
304,150,1.40555556
304,151,1.40833333
304,152,1.41111111
304,153,1.41388889
304,154,1.41666667
304,155,1.41944444
304,156,1.42222222
304,157,1.425
304,158,1.42777778
304,159,1.43055556
304,160,1.43333333
304,161,1.43611111
304,162,1.43888889
304,163,1.44166667
304,164,1.44444444
304,165,1.44722222
304,166,1.45
304,167,1.45277778
304,168,1.45555556
304,169,1.45833333
304,170,1.46111111
304,171,1.46388889
304,172,1.46666667
304,173,1.46944444
304,174,1.47222222
304,175,1.475
304,176,1.47777778
304,177,1.48055556
304,178,1.48333333
304,179,1.48611111
304,180,1.48888889
304,181,1.49166667
304,182,1.49444444
304,183,1.49722222
304,184,1.5
304,185,1.50277778
304,186,1.50555556
304,187,1.50833333
304,188,1.51111111
304,189,1.51388889
304,190,1.51666667
304,191,1.51944444
304,192,1.52222222
304,193,1.525
304,194,1.52777778
304,195,1.53055556
304,196,1.53333333
304,197,1.53611111
304,198,1.53888889
304,199,1.54166667
304,200,1.54444444
304,201,1.54722222
304,202,1.55
304,203,1.55277778
304,204,1.55555556
304,205,1.55833333
304,206,1.56111111
304,207,1.56388889
304,208,1.56666667
304,209,1.56944444
304,210,1.57222222
304,211,1.575
304,212,1.57777778
304,213,1.58055556
304,214,1.58333333
304,215,1.58611111
304,216,1.58888889
304,217,1.59166667
304,218,1.59444444
304,219,1.59722222
304,220,1.6
304,221,1.60307692
304,222,1.60615385
304,223,1.60923077
304,224,1.61230769
304,225,1.61538462
304,226,1.61846154
304,227,1.62153846
304,228,1.62461538
304,229,1.62769231
304,230,1.63076923
304,231,1.63384615
304,232,1.63692308
304,233,1.64
304,234,1.64307692
304,235,1.64615385
304,236,1.64923077
304,237,1.65230769
304,238,1.65538462
304,239,1.65846154
304,240,1.66153846
304,241,1.66461538
304,242,1.66769231
304,243,1.67076923
304,244,1.67384615
304,245,1.67692308
304,246,1.68
304,247,1.68307692
304,248,1.68615385
304,249,1.68923077
304,250,1.69230769
304,251,1.69538462
304,252,1.69846154
304,253,1.70153846
304,254,1.70461538
304,255,1.70769231
304,256,1.71076923
304,257,1.71384615
304,258,1.71692308
304,259,1.72
304,260,1.72307692
304,261,1.72615385
304,262,1.72923077
304,263,1.73230769
304,264,1.73538462
304,265,1.73846154
304,266,1.74153846
304,267,1.74461538
304,268,1.74769231
304,269,1.75076923
304,270,1.75384615
304,271,1.75692308
304,272,1.76
304,273,1.76307692
304,274,1.76615385
304,275,1.76923077
304,276,1.77230769
304,277,1.77538462
304,278,1.77846154
304,279,1.78153846
304,280,1.78461538
304,281,1.78769231
304,282,1.79076923
304,283,1.79384615
304,284,1.79692308
304,285,1.8
304,286,1.80307692
304,287,1.80615385
304,288,1.80923077
304,289,1.81230769
304,290,1.81538462
304,291,1.81846154
304,292,1.82153846
304,293,1.82461538
304,294,1.82769231
304,295,1.83076923
304,296,1.83384615
304,297,1.83692308
304,298,1.84
304,299,1.84307692
304,300,1.84615385
304,301,1.84923077
304,302,1.85230769
304,303,1.85538462
304,304,1.85846154
304,305,1.86153846
304,306,1.86461538
304,307,1.86769231
304,308,1.87076923
304,309,1.87384615
304,310,1.87692308
304,311,1.88
304,312,1.88307692
304,313,1.88615385
304,314,1.88923077
304,315,1.89230769
304,316,1.89538462
304,317,1.89846154
304,318,1.90153846
304,319,1.90461538
304,320,1.90769231
304,321,1.91076923
304,322,1.91384615
304,323,1.91692308
304,324,1.92
304,325,1.92307692
304,326,1.92615385
304,327,1.92923077
304,328,1.93230769
304,329,1.93538462
304,330,1.93846154
304,331,1.94153846
304,332,1.94461538
304,333,1.94769231
304,334,1.95076923
304,335,1.95384615
304,336,1.95692308
304,337,1.96
304,338,1.96307692
304,339,1.96615385
304,340,1.96923077
304,341,1.97230769
304,342,1.97538462
304,343,1.97846154
304,344,1.98153846
304,345,1.98461538
304,346,1.98769231
304,347,1.99076923
304,348,1.99384615
304,349,1.99692308
304,350,2
304,351,2.00077042
304,352,2.00154083
304,353,2.00231125
304,354,2.00308166
304,355,2.00385208
304,356,2.0046225
304,357,2.00539291
304,358,2.00616333
304,359,2.00693374
304,360,2.00770416
304,361,2.00847458
304,362,2.00924499
304,363,2.01001541
304,364,2.01078582
304,365,2.01155624
304,366,2.01232666
304,367,2.01309707
304,368,2.01386749
304,369,2.0146379
304,370,2.01540832
304,371,2.01617874
304,372,2.01694915
304,373,2.01771957
304,374,2.01848998
304,375,2.0192604
304,376,2.02003082
304,377,2.02080123
304,378,2.02157165
304,379,2.02234206
304,380,2.02311248
304,381,2.0238829
304,382,2.02465331
304,383,2.02542373
304,384,2.02619414
304,385,2.02696456
304,386,2.02773498
304,387,2.02850539
304,388,2.02927581
304,389,2.03004622
304,390,2.03081664
304,391,2.03158706
304,392,2.03235747
304,393,2.03312789
304,394,2.03389831
304,395,2.03466872
304,396,2.03543914
304,397,2.03620955
304,398,2.03697997
304,399,2.03775039
304,400,2.0385208
304,401,2.03929122
304,402,2.04006163
304,403,2.04083205
304,404,2.04160247
304,405,2.04237288
304,406,2.0431433
304,407,2.04391371
304,408,2.04468413
304,409,2.04545455
304,410,2.04622496
304,411,2.04699538
304,412,2.04776579
304,413,2.04853621
304,414,2.04930663
304,415,2.05007704
304,416,2.05084746
304,417,2.05161787
304,418,2.05238829
304,419,2.05315871
304,420,2.05392912
304,421,2.05469954
304,422,2.05546995
304,423,2.05624037
304,424,2.05701079
304,425,2.0577812
304,426,2.05855162
304,427,2.05932203
304,428,2.06009245
304,429,2.06086287
304,430,2.06163328
304,431,2.0624037
304,432,2.06317411
304,433,2.06394453
304,434,2.06471495
304,435,2.06548536
304,436,2.06625578
304,437,2.06702619
304,438,2.06779661
304,439,2.06856703
304,440,2.06933744
304,441,2.07010786
304,442,2.07087827
304,443,2.07164869
304,444,2.07241911
304,445,2.07318952
304,446,2.07395994
304,447,2.07473035
304,448,2.07550077
304,449,2.07627119
304,450,2.0770416
304,451,2.07781202
304,452,2.07858243
304,453,2.07935285
304,454,2.08012327
304,455,2.08089368
304,456,2.0816641
304,457,2.08243451
304,458,2.08320493
304,459,2.08397535
304,460,2.08474576
304,461,2.08551618
304,462,2.08628659
304,463,2.08705701
304,464,2.08782743
304,465,2.08859784
304,466,2.08936826
304,467,2.09013867
304,468,2.09090909
304,469,2.09167951
304,470,2.09244992
304,471,2.09322034
304,472,2.09399076
304,473,2.09476117
304,474,2.09553159
304,475,2.096302
304,476,2.09707242
304,477,2.09784284
304,478,2.09861325
304,479,2.09938367
304,480,2.10015408
304,481,2.1009245
304,482,2.10169492
304,483,2.10246533
304,484,2.10323575
304,485,2.10400616
304,486,2.10477658
304,487,2.105547
304,488,2.10631741
304,489,2.10708783
304,490,2.10785824
304,491,2.10862866
304,492,2.10939908
304,493,2.11016949
304,494,2.11093991
304,495,2.11171032
304,496,2.11248074
304,497,2.11325116
304,498,2.11402157
304,499,2.11479199
304,500,2.1155624
304,501,2.11633282
304,502,2.11710324
304,503,2.11787365
304,504,2.11864407
304,505,2.11941448
304,506,2.1201849
304,507,2.12095532
304,508,2.12172573
304,509,2.12249615
304,510,2.12326656
304,511,2.12403698
304,512,2.1248074
304,513,2.12557781
304,514,2.12634823
304,515,2.12711864
304,516,2.12788906
304,517,2.12865948
304,518,2.12942989
304,519,2.13020031
304,520,2.13097072
304,521,2.13174114
304,522,2.13251156
304,523,2.13328197
304,524,2.13405239
304,525,2.1348228
304,526,2.13559322
304,527,2.13636364
304,528,2.13713405
304,529,2.13790447
304,530,2.13867488
304,531,2.1394453
304,532,2.14021572
304,533,2.14098613
304,534,2.14175655
304,535,2.14252696
304,536,2.14329738
304,537,2.1440678
304,538,2.14483821
304,539,2.14560863
304,540,2.14637904
304,541,2.14714946
304,542,2.14791988
304,543,2.14869029
304,544,2.14946071
304,545,2.15023112
304,546,2.15100154
304,547,2.15177196
304,548,2.15254237
304,549,2.15331279
304,550,2.1540832
304,551,2.15485362
304,552,2.15562404
304,553,2.15639445
304,554,2.15716487
304,555,2.15793529
304,556,2.1587057
304,557,2.15947612
304,558,2.16024653
304,559,2.16101695
304,560,2.16178737
304,561,2.16255778
304,562,2.1633282
304,563,2.16409861
304,564,2.16486903
304,565,2.16563945
304,566,2.16640986
304,567,2.16718028
304,568,2.16795069
304,569,2.16872111
304,570,2.16949153
304,571,2.17026194
304,572,2.17103236
304,573,2.17180277
304,574,2.17257319
304,575,2.17334361
304,576,2.17411402
304,577,2.17488444
304,578,2.17565485
304,579,2.17642527
304,580,2.17719569
304,581,2.1779661
304,582,2.17873652
304,583,2.17950693
304,584,2.18027735
304,585,2.18104777
304,586,2.18181818
304,587,2.1825886
304,588,2.18335901
304,589,2.18412943
304,590,2.18489985
304,591,2.18567026
304,592,2.18644068
304,593,2.18721109
304,594,2.18798151
304,595,2.18875193
304,596,2.18952234
304,597,2.19029276
304,598,2.19106317
304,599,2.19183359
304,600,2.19260401
304,601,2.19337442
304,602,2.19414484
304,603,2.19491525
304,604,2.19568567
304,605,2.19645609
304,606,2.1972265
304,607,2.19799692
304,608,2.19876733
304,609,2.19953775
304,610,2.20030817
304,611,2.20107858
304,612,2.201849
304,613,2.20261941
304,614,2.20338983
304,615,2.20416025
304,616,2.20493066
304,617,2.20570108
304,618,2.20647149
304,619,2.20724191
304,620,2.20801233
304,621,2.20878274
304,622,2.20955316
304,623,2.21032357
304,624,2.21109399
304,625,2.21186441
304,626,2.21263482
304,627,2.21340524
304,628,2.21417565
304,629,2.21494607
304,630,2.21571649
304,631,2.2164869
304,632,2.21725732
304,633,2.21802773
304,634,2.21879815
304,635,2.21956857
304,636,2.22033898
304,637,2.2211094
304,638,2.22187982
304,639,2.22265023
304,640,2.22342065
304,641,2.22419106
304,642,2.22496148
304,643,2.2257319
304,644,2.22650231
304,645,2.22727273
304,646,2.22804314
304,647,2.22881356
304,648,2.22958398
304,649,2.23035439
304,650,2.23112481
304,651,2.23189522
304,652,2.23266564
304,653,2.23343606
304,654,2.23420647
304,655,2.23497689
304,656,2.2357473
304,657,2.23651772
304,658,2.23728814
304,659,2.23805855
304,660,2.23882897
304,661,2.23959938
304,662,2.2403698
304,663,2.24114022
304,664,2.24191063
304,665,2.24268105
304,666,2.24345146
304,667,2.24422188
304,668,2.2449923
304,669,2.24576271
304,670,2.24653313
304,671,2.24730354
304,672,2.24807396
304,673,2.24884438
304,674,2.24961479
304,675,2.25038521
304,676,2.25115562
304,677,2.25192604
304,678,2.25269646
304,679,2.25346687
304,680,2.25423729
304,681,2.2550077
304,682,2.25577812
304,683,2.25654854
304,684,2.25731895
304,685,2.25808937
304,686,2.25885978
304,687,2.2596302
304,688,2.26040062
304,689,2.26117103
304,690,2.26194145
304,691,2.26271186
304,692,2.26348228
304,693,2.2642527
304,694,2.26502311
304,695,2.26579353
304,696,2.26656394
304,697,2.26733436
304,698,2.26810478
304,699,2.26887519
304,700,2.26964561
304,701,2.27041602
304,702,2.27118644
304,703,2.27195686
304,704,2.27272727
304,705,2.27349769
304,706,2.2742681
304,707,2.27503852
304,708,2.27580894
304,709,2.27657935
304,710,2.27734977
304,711,2.27812018
304,712,2.2788906
304,713,2.27966102
304,714,2.28043143
304,715,2.28120185
304,716,2.28197227
304,717,2.28274268
304,718,2.2835131
304,719,2.28428351
304,720,2.28505393
304,721,2.28582435
304,722,2.28659476
304,723,2.28736518
304,724,2.28813559
304,725,2.28890601
304,726,2.28967643
304,727,2.29044684
304,728,2.29121726
304,729,2.29198767
304,730,2.29275809
304,731,2.29352851
304,732,2.29429892
304,733,2.29506934
304,734,2.29583975
304,735,2.29661017
304,736,2.29738059
304,737,2.298151
304,738,2.29892142
304,739,2.29969183
304,740,2.30046225
304,741,2.30123267
304,742,2.30200308
304,743,2.3027735
304,744,2.30354391
304,745,2.30431433
304,746,2.30508475
304,747,2.30585516
304,748,2.30662558
304,749,2.30739599
304,750,2.30816641
304,751,2.30893683
304,752,2.30970724
304,753,2.31047766
304,754,2.31124807
304,755,2.31201849
304,756,2.31278891
304,757,2.31355932
304,758,2.31432974
304,759,2.31510015
304,760,2.31587057
304,761,2.31664099
304,762,2.3174114
304,763,2.31818182
304,764,2.31895223
304,765,2.31972265
304,766,2.32049307
304,767,2.32126348
304,768,2.3220339
304,769,2.32280431
304,770,2.32357473
304,771,2.32434515
304,772,2.32511556
304,773,2.32588598
304,774,2.32665639
304,775,2.32742681
304,776,2.32819723
304,777,2.32896764
304,778,2.32973806
304,779,2.33050847
304,780,2.33127889
304,781,2.33204931
304,782,2.33281972
304,783,2.33359014
304,784,2.33436055
304,785,2.33513097
304,786,2.33590139
304,787,2.3366718
304,788,2.33744222
304,789,2.33821263
304,790,2.33898305
304,791,2.33975347
304,792,2.34052388
304,793,2.3412943
304,794,2.34206471
304,795,2.34283513
304,796,2.34360555
304,797,2.34437596
304,798,2.34514638
304,799,2.3459168
304,800,2.34668721
304,801,2.34745763
304,802,2.34822804
304,803,2.34899846
304,804,2.34976888
304,805,2.35053929
304,806,2.35130971
304,807,2.35208012
304,808,2.35285054
304,809,2.35362096
304,810,2.35439137
304,811,2.35516179
304,812,2.3559322
304,813,2.35670262
304,814,2.35747304
304,815,2.35824345
304,816,2.35901387
304,817,2.35978428
304,818,2.3605547
304,819,2.36132512
304,820,2.36209553
304,821,2.36286595
304,822,2.36363636
304,823,2.36440678
304,824,2.3651772
304,825,2.36594761
304,826,2.36671803
304,827,2.36748844
304,828,2.36825886
304,829,2.36902928
304,830,2.36979969
304,831,2.37057011
304,832,2.37134052
304,833,2.37211094
304,834,2.37288136
304,835,2.37365177
304,836,2.37442219
304,837,2.3751926
304,838,2.37596302
304,839,2.37673344
304,840,2.37750385
304,841,2.37827427
304,842,2.37904468
304,843,2.3798151
304,844,2.38058552
304,845,2.38135593
304,846,2.38212635
304,847,2.38289676
304,848,2.38366718
304,849,2.3844376
304,850,2.38520801
304,851,2.38597843
304,852,2.38674884
304,853,2.38751926
304,854,2.38828968
304,855,2.38906009
304,856,2.38983051
304,857,2.39060092
304,858,2.39137134
304,859,2.39214176
304,860,2.39291217
304,861,2.39368259
304,862,2.394453
304,863,2.39522342
304,864,2.39599384
304,865,2.39676425
304,866,2.39753467
304,867,2.39830508
304,868,2.3990755
304,869,2.39984592
304,870,2.40061633
304,871,2.40138675
304,872,2.40215716
304,873,2.40292758
304,874,2.403698
304,875,2.40446841
304,876,2.40523883
304,877,2.40600924
304,878,2.40677966
304,879,2.40755008
304,880,2.40832049
304,881,2.40909091
304,882,2.40986133
304,883,2.41063174
304,884,2.41140216
304,885,2.41217257
304,886,2.41294299
304,887,2.41371341
304,888,2.41448382
304,889,2.41525424
304,890,2.41602465
304,891,2.41679507
304,892,2.41756549
304,893,2.4183359
304,894,2.41910632
304,895,2.41987673
304,896,2.42064715
304,897,2.42141757
304,898,2.42218798
304,899,2.4229584
304,900,2.42372881
304,901,2.42449923
304,902,2.42526965
304,903,2.42604006
304,904,2.42681048
304,905,2.42758089
304,906,2.42835131
304,907,2.42912173
304,908,2.42989214
304,909,2.43066256
304,910,2.43143297
304,911,2.43220339
304,912,2.43297381
304,913,2.43374422
304,914,2.43451464
304,915,2.43528505
304,916,2.43605547
304,917,2.43682589
304,918,2.4375963
304,919,2.43836672
304,920,2.43913713
304,921,2.43990755
304,922,2.44067797
304,923,2.44144838
304,924,2.4422188
304,925,2.44298921
304,926,2.44375963
304,927,2.44453005
304,928,2.44530046
304,929,2.44607088
304,930,2.44684129
304,931,2.44761171
304,932,2.44838213
304,933,2.44915254
304,934,2.44992296
304,935,2.45069337
304,936,2.45146379
304,937,2.45223421
304,938,2.45300462
304,939,2.45377504
304,940,2.45454545
304,941,2.45531587
304,942,2.45608629
304,943,2.4568567
304,944,2.45762712
304,945,2.45839753
304,946,2.45916795
304,947,2.45993837
304,948,2.46070878
304,949,2.4614792
304,950,2.46224961
304,951,2.46302003
304,952,2.46379045
304,953,2.46456086
304,954,2.46533128
304,955,2.46610169
304,956,2.46687211
304,957,2.46764253
304,958,2.46841294
304,959,2.46918336
304,960,2.46995378
304,961,2.47072419
304,962,2.47149461
304,963,2.47226502
304,964,2.47303544
304,965,2.47380586
304,966,2.47457627
304,967,2.47534669
304,968,2.4761171
304,969,2.47688752
304,970,2.47765794
304,971,2.47842835
304,972,2.47919877
304,973,2.47996918
304,974,2.4807396
304,975,2.48151002
304,976,2.48228043
304,977,2.48305085
304,978,2.48382126
304,979,2.48459168
304,980,2.4853621
304,981,2.48613251
304,982,2.48690293
304,983,2.48767334
304,984,2.48844376
304,985,2.48921418
304,986,2.48998459
304,987,2.49075501
304,988,2.49152542
304,989,2.49229584
304,990,2.49306626
304,991,2.49383667
304,992,2.49460709
304,993,2.4953775
304,994,2.49614792
304,995,2.49691834
304,996,2.49768875
304,997,2.49845917
304,998,2.49922958
304,999,2.5
310,0,0
310,1,0.01
310,2,0.01
310,3,0.01
310,4,0.01
310,5,0.01
310,6,0.01
310,7,0.01
310,8,0.01
310,9,0.01
310,10,0.01
310,11,0.01
310,12,0.01
310,13,0.01
310,14,0.01
310,15,0.01
310,16,0.01
310,17,0.01
310,18,0.01
310,19,0.01
310,20,0.01
310,21,0.01
310,22,0.01
310,23,0.01
310,24,0.01
310,25,0.01
310,26,0.01
310,27,0.01
310,28,0.01
310,29,0.01
310,30,0.01
310,31,0.01016216
310,32,0.01032432
310,33,0.01048649
310,34,0.01064865
310,35,0.01081081
310,36,0.01097297
310,37,0.01113514
310,38,0.0112973
310,39,0.01145946
310,40,0.01162162
310,41,0.01178378
310,42,0.01194595
310,43,0.01210811
310,44,0.01227027
310,45,0.01243243
310,46,0.01259459
310,47,0.01275676
310,48,0.01291892
310,49,0.01308108
310,50,0.01324324
310,51,0.01340541
310,52,0.01356757
310,53,0.01372973
310,54,0.01389189
310,55,0.01405405
310,56,0.01421622
310,57,0.01437838
310,58,0.01454054
310,59,0.0147027
310,60,0.01486486
310,61,0.01502703
310,62,0.01518919
310,63,0.01535135
310,64,0.01551351
310,65,0.01567568
310,66,0.01583784
310,67,0.016
310,68,0.01616216
310,69,0.01632432
310,70,0.01648649
310,71,0.01664865
310,72,0.01681081
310,73,0.01697297
310,74,0.01713514
310,75,0.0172973
310,76,0.01745946
310,77,0.01762162
310,78,0.01778378
310,79,0.01794595
310,80,0.01810811
310,81,0.01827027
310,82,0.01843243
310,83,0.01859459
310,84,0.01875676
310,85,0.01891892
310,86,0.01908108
310,87,0.01924324
310,88,0.01940541
310,89,0.01956757
310,90,0.01972973
310,91,0.01989189
310,92,0.02005405
310,93,0.02021622
310,94,0.02037838
310,95,0.02054054
310,96,0.0207027
310,97,0.02086486
310,98,0.02102703
310,99,0.02118919
310,100,0.02135135
310,101,0.02151351
310,102,0.02167568
310,103,0.02183784
310,104,0.022
310,105,0.02216216
310,106,0.02232432
310,107,0.02248649
310,108,0.02264865
310,109,0.02281081
310,110,0.02297297
310,111,0.02313514
310,112,0.0232973
310,113,0.02345946
310,114,0.02362162
310,115,0.02378378
310,116,0.02394595
310,117,0.02410811
310,118,0.02427027
310,119,0.02443243
310,120,0.02459459
310,121,0.02475676
310,122,0.02491892
310,123,0.02508108
310,124,0.02524324
310,125,0.02540541
310,126,0.02556757
310,127,0.02572973
310,128,0.02589189
310,129,0.02605405
310,130,0.02621622
310,131,0.02637838
310,132,0.02654054
310,133,0.0267027
310,134,0.02686486
310,135,0.02702703
310,136,0.02718919
310,137,0.02735135
310,138,0.02751351
310,139,0.02767568
310,140,0.02783784
310,141,0.028
310,142,0.02816216
310,143,0.02832432
310,144,0.02848649
310,145,0.02864865
310,146,0.02881081
310,147,0.02897297
310,148,0.02913514
310,149,0.0292973
310,150,0.02945946
310,151,0.02962162
310,152,0.02978378
310,153,0.02994595
310,154,0.03010811
310,155,0.03027027
310,156,0.03043243
310,157,0.03059459
310,158,0.03075676
310,159,0.03091892
310,160,0.03108108
310,161,0.03124324
310,162,0.03140541
310,163,0.03156757
310,164,0.03172973
310,165,0.03189189
310,166,0.03205405
310,167,0.03221622
310,168,0.03237838
310,169,0.03254054
310,170,0.0327027
310,171,0.03286486
310,172,0.03302703
310,173,0.03318919
310,174,0.03335135
310,175,0.03351351
310,176,0.03367568
310,177,0.03383784
310,178,0.034
310,179,0.03416216
310,180,0.03432432
310,181,0.03448649
310,182,0.03464865
310,183,0.03481081
310,184,0.03497297
310,185,0.03513514
310,186,0.0352973
310,187,0.03545946
310,188,0.03562162
310,189,0.03578378
310,190,0.03594595
310,191,0.03610811
310,192,0.03627027
310,193,0.03643243
310,194,0.03659459
310,195,0.03675676
310,196,0.03691892
310,197,0.03708108
310,198,0.03724324
310,199,0.03740541
310,200,0.03756757
310,201,0.03772973
310,202,0.03789189
310,203,0.03805405
310,204,0.03821622
310,205,0.03837838
310,206,0.03854054
310,207,0.0387027
310,208,0.03886486
310,209,0.03902703
310,210,0.03918919
310,211,0.03935135
310,212,0.03951351
310,213,0.03967568
310,214,0.03983784
310,215,0.04
310,216,0.04008475
310,217,0.04016949
310,218,0.04025424
310,219,0.04033898
310,220,0.04042373
310,221,0.04050847
310,222,0.04059322
310,223,0.04067797
310,224,0.04076271
310,225,0.04084746
310,226,0.0409322
310,227,0.04101695
310,228,0.04110169
310,229,0.04118644
310,230,0.04127119
310,231,0.04135593
310,232,0.04144068
310,233,0.04152542
310,234,0.04161017
310,235,0.04169492
310,236,0.04177966
310,237,0.04186441
310,238,0.04194915
310,239,0.0420339
310,240,0.04211864
310,241,0.04220339
310,242,0.04228814
310,243,0.04237288
310,244,0.04245763
310,245,0.04254237
310,246,0.04262712
310,247,0.04271186
310,248,0.04279661
310,249,0.04288136
310,250,0.0429661
310,251,0.04305085
310,252,0.04313559
310,253,0.04322034
310,254,0.04330508
310,255,0.04338983
310,256,0.04347458
310,257,0.04355932
310,258,0.04364407
310,259,0.04372881
310,260,0.04381356
310,261,0.04389831
310,262,0.04398305
310,263,0.0440678
310,264,0.04415254
310,265,0.04423729
310,266,0.04432203
310,267,0.04440678
310,268,0.04449153
310,269,0.04457627
310,270,0.04466102
310,271,0.04474576
310,272,0.04483051
310,273,0.04491525
310,274,0.045
310,275,0.04508475
310,276,0.04516949
310,277,0.04525424
310,278,0.04533898
310,279,0.04542373
310,280,0.04550847
310,281,0.04559322
310,282,0.04567797
310,283,0.04576271
310,284,0.04584746
310,285,0.0459322
310,286,0.04601695
310,287,0.04610169
310,288,0.04618644
310,289,0.04627119
310,290,0.04635593
310,291,0.04644068
310,292,0.04652542
310,293,0.04661017
310,294,0.04669492
310,295,0.04677966
310,296,0.04686441
310,297,0.04694915
310,298,0.0470339
310,299,0.04711864
310,300,0.04720339
310,301,0.04728814
310,302,0.04737288
310,303,0.04745763
310,304,0.04754237
310,305,0.04762712
310,306,0.04771186
310,307,0.04779661
310,308,0.04788136
310,309,0.0479661
310,310,0.04805085
310,311,0.04813559
310,312,0.04822034
310,313,0.04830508
310,314,0.04838983
310,315,0.04847458
310,316,0.04855932
310,317,0.04864407
310,318,0.04872881
310,319,0.04881356
310,320,0.04889831
310,321,0.04898305
310,322,0.0490678
310,323,0.04915254
310,324,0.04923729
310,325,0.04932203
310,326,0.04940678
310,327,0.04949153
310,328,0.04957627
310,329,0.04966102
310,330,0.04974576
310,331,0.04983051
310,332,0.04991525
310,333,0.05
310,334,0.05
310,335,0.05
310,336,0.05
310,337,0.05
310,338,0.05
310,339,0.05
310,340,0.05
310,341,0.05
310,342,0.05
310,343,0.05
310,344,0.05
310,345,0.05
310,346,0.05
310,347,0.05
310,348,0.05
310,349,0.05
310,350,0.05
310,351,0.05
310,352,0.05
310,353,0.05
310,354,0.05
310,355,0.05
310,356,0.05
310,357,0.05
310,358,0.05
310,359,0.05
310,360,0.05
310,361,0.05
310,362,0.05
310,363,0.05
310,364,0.05
310,365,0.05
310,366,0.05
310,367,0.05
310,368,0.05
310,369,0.05
310,370,0.05
310,371,0.05
310,372,0.05
310,373,0.05
310,374,0.05
310,375,0.05
310,376,0.05
310,377,0.05
310,378,0.05
310,379,0.05
310,380,0.05
310,381,0.05
310,382,0.05
310,383,0.05
310,384,0.05
310,385,0.05
310,386,0.05
310,387,0.05
310,388,0.05
310,389,0.05
310,390,0.05
310,391,0.05
310,392,0.05
310,393,0.05
310,394,0.05
310,395,0.05
310,396,0.05
310,397,0.05
310,398,0.05
310,399,0.05
310,400,0.05
310,401,0.05
310,402,0.05
310,403,0.05
310,404,0.05
310,405,0.05
310,406,0.05
310,407,0.05
310,408,0.05
310,409,0.05
310,410,0.05
310,411,0.05
310,412,0.05
310,413,0.05
310,414,0.05
310,415,0.05
310,416,0.05
310,417,0.05
310,418,0.05
310,419,0.05
310,420,0.05
310,421,0.05
310,422,0.05
310,423,0.05
310,424,0.05
310,425,0.05
310,426,0.05
310,427,0.05
310,428,0.05
310,429,0.05
310,430,0.05
310,431,0.05
310,432,0.05
310,433,0.05
310,434,0.05
310,435,0.05
310,436,0.05
310,437,0.05
310,438,0.05
310,439,0.05
310,440,0.05
310,441,0.05
310,442,0.05
310,443,0.05
310,444,0.05
310,445,0.05
310,446,0.05
310,447,0.05
310,448,0.05
310,449,0.05
310,450,0.05
310,451,0.05
310,452,0.05
310,453,0.05
310,454,0.05
310,455,0.05
310,456,0.05
310,457,0.05
310,458,0.05
310,459,0.05
310,460,0.05
310,461,0.05
310,462,0.05
310,463,0.05
310,464,0.05
310,465,0.05
310,466,0.05
310,467,0.05
310,468,0.05
310,469,0.05
310,470,0.05
310,471,0.05
310,472,0.05
310,473,0.05
310,474,0.05
310,475,0.05
310,476,0.05
310,477,0.05
310,478,0.05
310,479,0.05
310,480,0.05
310,481,0.05
310,482,0.05
310,483,0.05
310,484,0.05
310,485,0.05
310,486,0.05
310,487,0.05
310,488,0.05
310,489,0.05
310,490,0.05
310,491,0.05
310,492,0.05
310,493,0.05
310,494,0.05
310,495,0.05
310,496,0.05
310,497,0.05
310,498,0.05
310,499,0.05
310,500,0.05
310,501,0.05
310,502,0.05
310,503,0.05
310,504,0.05
310,505,0.05
310,506,0.05
310,507,0.05
310,508,0.05
310,509,0.05
310,510,0.05
310,511,0.05
310,512,0.05
310,513,0.05
310,514,0.05
310,515,0.05
310,516,0.05
310,517,0.05
310,518,0.05
310,519,0.05
310,520,0.05
310,521,0.05
310,522,0.05
310,523,0.05
310,524,0.05
310,525,0.05
310,526,0.05
310,527,0.05
310,528,0.05
310,529,0.05
310,530,0.05
310,531,0.05
310,532,0.05
310,533,0.05
310,534,0.05
310,535,0.05
310,536,0.05
310,537,0.05
310,538,0.05
310,539,0.05
310,540,0.05
310,541,0.05
310,542,0.05
310,543,0.05
310,544,0.05
310,545,0.05
310,546,0.05
310,547,0.05
310,548,0.05
310,549,0.05
310,550,0.05
310,551,0.05
310,552,0.05
310,553,0.05
310,554,0.05
310,555,0.05
310,556,0.05
310,557,0.05
310,558,0.05
310,559,0.05
310,560,0.05
310,561,0.05
310,562,0.05
310,563,0.05
310,564,0.05
310,565,0.05
310,566,0.05
310,567,0.05
310,568,0.05
310,569,0.05
310,570,0.05
310,571,0.05
310,572,0.05
310,573,0.05
310,574,0.05
310,575,0.05
310,576,0.05
310,577,0.05
310,578,0.05
310,579,0.05
310,580,0.05
310,581,0.05
310,582,0.05
310,583,0.05
310,584,0.05
310,585,0.05
310,586,0.05
310,587,0.05
310,588,0.05
310,589,0.05
310,590,0.05
310,591,0.05
310,592,0.05
310,593,0.05
310,594,0.05
310,595,0.05
310,596,0.05
310,597,0.05
310,598,0.05
310,599,0.05
310,600,0.05
310,601,0.05
310,602,0.05
310,603,0.05
310,604,0.05
310,605,0.05
310,606,0.05
310,607,0.05
310,608,0.05
310,609,0.05
310,610,0.05
310,611,0.05
310,612,0.05
310,613,0.05
310,614,0.05
310,615,0.05
310,616,0.05
310,617,0.05
310,618,0.05
310,619,0.05
310,620,0.05
310,621,0.05
310,622,0.05
310,623,0.05
310,624,0.05
310,625,0.05
310,626,0.05
310,627,0.05
310,628,0.05
310,629,0.05
310,630,0.05
310,631,0.05
310,632,0.05
310,633,0.05
310,634,0.05
310,635,0.05
310,636,0.05
310,637,0.05
310,638,0.05
310,639,0.05
310,640,0.05
310,641,0.05
310,642,0.05
310,643,0.05
310,644,0.05
310,645,0.05
310,646,0.05
310,647,0.05
310,648,0.05
310,649,0.05
310,650,0.05
310,651,0.05
310,652,0.05
310,653,0.05
310,654,0.05
310,655,0.05
310,656,0.05
310,657,0.05
310,658,0.05
310,659,0.05
310,660,0.05
310,661,0.05
310,662,0.05
310,663,0.05
310,664,0.05
310,665,0.05
310,666,0.05
310,667,0.05
310,668,0.05
310,669,0.05
310,670,0.05
310,671,0.05
310,672,0.05
310,673,0.05
310,674,0.05
310,675,0.05
310,676,0.05
310,677,0.05
310,678,0.05
310,679,0.05
310,680,0.05
310,681,0.05
310,682,0.05
310,683,0.05
310,684,0.05
310,685,0.05
310,686,0.05
310,687,0.05
310,688,0.05
310,689,0.05
310,690,0.05
310,691,0.05
310,692,0.05
310,693,0.05
310,694,0.05
310,695,0.05
310,696,0.05
310,697,0.05
310,698,0.05
310,699,0.05
310,700,0.05
310,701,0.05
310,702,0.05
310,703,0.05
310,704,0.05
310,705,0.05
310,706,0.05
310,707,0.05
310,708,0.05
310,709,0.05
310,710,0.05
310,711,0.05
310,712,0.05
310,713,0.05
310,714,0.05
310,715,0.05
310,716,0.05
310,717,0.05
310,718,0.05
310,719,0.05
310,720,0.05
310,721,0.05
310,722,0.05
310,723,0.05
310,724,0.05
310,725,0.05
310,726,0.05
310,727,0.05
310,728,0.05
310,729,0.05
310,730,0.05
310,731,0.05
310,732,0.05
310,733,0.05
310,734,0.05
310,735,0.05
310,736,0.05
310,737,0.05
310,738,0.05
310,739,0.05
310,740,0.05
310,741,0.05
310,742,0.05
310,743,0.05
310,744,0.05
310,745,0.05
310,746,0.05
310,747,0.05
310,748,0.05
310,749,0.05
310,750,0.05
310,751,0.05
310,752,0.05
310,753,0.05
310,754,0.05
310,755,0.05
310,756,0.05
310,757,0.05
310,758,0.05
310,759,0.05
310,760,0.05
310,761,0.05
310,762,0.05
310,763,0.05
310,764,0.05
310,765,0.05
310,766,0.05
310,767,0.05
310,768,0.05
310,769,0.05
310,770,0.05
310,771,0.05
310,772,0.05
310,773,0.05
310,774,0.05
310,775,0.05
310,776,0.05
310,777,0.05
310,778,0.05
310,779,0.05
310,780,0.05
310,781,0.05
310,782,0.05
310,783,0.05
310,784,0.05
310,785,0.05
310,786,0.05
310,787,0.05
310,788,0.05
310,789,0.05
310,790,0.05
310,791,0.05
310,792,0.05
310,793,0.05
310,794,0.05
310,795,0.05
310,796,0.05
310,797,0.05
310,798,0.05
310,799,0.05
310,800,0.05
310,801,0.05
310,802,0.05
310,803,0.05
310,804,0.05
310,805,0.05
310,806,0.05
310,807,0.05
310,808,0.05
310,809,0.05
310,810,0.05
310,811,0.05
310,812,0.05
310,813,0.05
310,814,0.05
310,815,0.05
310,816,0.05
310,817,0.05
310,818,0.05
310,819,0.05
310,820,0.05
310,821,0.05
310,822,0.05
310,823,0.05
310,824,0.05
310,825,0.05
310,826,0.05
310,827,0.05
310,828,0.05
310,829,0.05
310,830,0.05
310,831,0.05
310,832,0.05
310,833,0.05
310,834,0.05
310,835,0.05
310,836,0.05
310,837,0.05
310,838,0.05
310,839,0.05
310,840,0.05
310,841,0.05
310,842,0.05
310,843,0.05
310,844,0.05
310,845,0.05
310,846,0.05
310,847,0.05
310,848,0.05
310,849,0.05
310,850,0.05
310,851,0.05
310,852,0.05
310,853,0.05
310,854,0.05
310,855,0.05
310,856,0.05
310,857,0.05
310,858,0.05
310,859,0.05
310,860,0.05
310,861,0.05
310,862,0.05
310,863,0.05
310,864,0.05
310,865,0.05
310,866,0.05
310,867,0.05
310,868,0.05
310,869,0.05
310,870,0.05
310,871,0.05
310,872,0.05
310,873,0.05
310,874,0.05
310,875,0.05
310,876,0.05
310,877,0.05
310,878,0.05
310,879,0.05
310,880,0.05
310,881,0.05
310,882,0.05
310,883,0.05
310,884,0.05
310,885,0.05
310,886,0.05
310,887,0.05
310,888,0.05
310,889,0.05
310,890,0.05
310,891,0.05
310,892,0.05
310,893,0.05
310,894,0.05
310,895,0.05
310,896,0.05
310,897,0.05
310,898,0.05
310,899,0.05
310,900,0.05
310,901,0.05
310,902,0.05
320,0,0
320,1,0.01
320,2,0.01
320,3,0.01
320,4,0.01
320,5,0.01
320,6,0.01
320,7,0.01
320,8,0.01
320,9,0.01
320,10,0.01
320,11,0.01
320,12,0.01
320,13,0.01
320,14,0.01
320,15,0.01
320,16,0.01
320,17,0.01
320,18,0.01
320,19,0.01
320,20,0.01
320,21,0.01
320,22,0.01
320,23,0.01
320,24,0.01
320,25,0.01
320,26,0.01
320,27,0.01
320,28,0.01
320,29,0.01
320,30,0.01
320,31,0.01021622
320,32,0.01043243
320,33,0.01064865
320,34,0.01086486
320,35,0.01108108
320,36,0.0112973
320,37,0.01151351
320,38,0.01172973
320,39,0.01194595
320,40,0.01216216
320,41,0.01237838
320,42,0.01259459
320,43,0.01281081
320,44,0.01302703
320,45,0.01324324
320,46,0.01345946
320,47,0.01367568
320,48,0.01389189
320,49,0.01410811
320,50,0.01432432
320,51,0.01454054
320,52,0.01475676
320,53,0.01497297
320,54,0.01518919
320,55,0.01540541
320,56,0.01562162
320,57,0.01583784
320,58,0.01605405
320,59,0.01627027
320,60,0.01648649
320,61,0.0167027
320,62,0.01691892
320,63,0.01713514
320,64,0.01735135
320,65,0.01756757
320,66,0.01778378
320,67,0.018
320,68,0.01821622
320,69,0.01843243
320,70,0.01864865
320,71,0.01886486
320,72,0.01908108
320,73,0.0192973
320,74,0.01951351
320,75,0.01972973
320,76,0.01994595
320,77,0.02016216
320,78,0.02037838
320,79,0.02059459
320,80,0.02081081
320,81,0.02102703
320,82,0.02124324
320,83,0.02145946
320,84,0.02167568
320,85,0.02189189
320,86,0.02210811
320,87,0.02232432
320,88,0.02254054
320,89,0.02275676
320,90,0.02297297
320,91,0.02318919
320,92,0.02340541
320,93,0.02362162
320,94,0.02383784
320,95,0.02405405
320,96,0.02427027
320,97,0.02448649
320,98,0.0247027
320,99,0.02491892
320,100,0.02513514
320,101,0.02535135
320,102,0.02556757
320,103,0.02578378
320,104,0.026
320,105,0.02621622
320,106,0.02643243
320,107,0.02664865
320,108,0.02686486
320,109,0.02708108
320,110,0.0272973
320,111,0.02751351
320,112,0.02772973
320,113,0.02794595
320,114,0.02816216
320,115,0.02837838
320,116,0.02859459
320,117,0.02881081
320,118,0.02902703
320,119,0.02924324
320,120,0.02945946
320,121,0.02967568
320,122,0.02989189
320,123,0.03010811
320,124,0.03032432
320,125,0.03054054
320,126,0.03075676
320,127,0.03097297
320,128,0.03118919
320,129,0.03140541
320,130,0.03162162
320,131,0.03183784
320,132,0.03205405
320,133,0.03227027
320,134,0.03248649
320,135,0.0327027
320,136,0.03291892
320,137,0.03313514
320,138,0.03335135
320,139,0.03356757
320,140,0.03378378
320,141,0.034
320,142,0.03421622
320,143,0.03443243
320,144,0.03464865
320,145,0.03486486
320,146,0.03508108
320,147,0.0352973
320,148,0.03551351
320,149,0.03572973
320,150,0.03594595
320,151,0.03616216
320,152,0.03637838
320,153,0.03659459
320,154,0.03681081
320,155,0.03702703
320,156,0.03724324
320,157,0.03745946
320,158,0.03767568
320,159,0.03789189
320,160,0.03810811
320,161,0.03832432
320,162,0.03854054
320,163,0.03875676
320,164,0.03897297
320,165,0.03918919
320,166,0.03940541
320,167,0.03962162
320,168,0.03983784
320,169,0.04005405
320,170,0.04027027
320,171,0.04048649
320,172,0.0407027
320,173,0.04091892
320,174,0.04113514
320,175,0.04135135
320,176,0.04156757
320,177,0.04178378
320,178,0.042
320,179,0.04221622
320,180,0.04243243
320,181,0.04264865
320,182,0.04286486
320,183,0.04308108
320,184,0.0432973
320,185,0.04351351
320,186,0.04372973
320,187,0.04394595
320,188,0.04416216
320,189,0.04437838
320,190,0.04459459
320,191,0.04481081
320,192,0.04502703
320,193,0.04524324
320,194,0.04545946
320,195,0.04567568
320,196,0.04589189
320,197,0.04610811
320,198,0.04632432
320,199,0.04654054
320,200,0.04675676
320,201,0.04697297
320,202,0.04718919
320,203,0.04740541
320,204,0.04762162
320,205,0.04783784
320,206,0.04805405
320,207,0.04827027
320,208,0.04848649
320,209,0.0487027
320,210,0.04891892
320,211,0.04913514
320,212,0.04935135
320,213,0.04956757
320,214,0.04978378
320,215,0.05
320,216,0.05008475
320,217,0.05016949
320,218,0.05025424
320,219,0.05033898
320,220,0.05042373
320,221,0.05050847
320,222,0.05059322
320,223,0.05067797
320,224,0.05076271
320,225,0.05084746
320,226,0.0509322
320,227,0.05101695
320,228,0.05110169
320,229,0.05118644
320,230,0.05127119
320,231,0.05135593
320,232,0.05144068
320,233,0.05152542
320,234,0.05161017
320,235,0.05169492
320,236,0.05177966
320,237,0.05186441
320,238,0.05194915
320,239,0.0520339
320,240,0.05211864
320,241,0.05220339
320,242,0.05228814
320,243,0.05237288
320,244,0.05245763
320,245,0.05254237
320,246,0.05262712
320,247,0.05271186
320,248,0.05279661
320,249,0.05288136
320,250,0.0529661
320,251,0.05305085
320,252,0.05313559
320,253,0.05322034
320,254,0.05330508
320,255,0.05338983
320,256,0.05347458
320,257,0.05355932
320,258,0.05364407
320,259,0.05372881
320,260,0.05381356
320,261,0.05389831
320,262,0.05398305
320,263,0.0540678
320,264,0.05415254
320,265,0.05423729
320,266,0.05432203
320,267,0.05440678
320,268,0.05449153
320,269,0.05457627
320,270,0.05466102
320,271,0.05474576
320,272,0.05483051
320,273,0.05491525
320,274,0.055
320,275,0.05508475
320,276,0.05516949
320,277,0.05525424
320,278,0.05533898
320,279,0.05542373
320,280,0.05550847
320,281,0.05559322
320,282,0.05567797
320,283,0.05576271
320,284,0.05584746
320,285,0.0559322
320,286,0.05601695
320,287,0.05610169
320,288,0.05618644
320,289,0.05627119
320,290,0.05635593
320,291,0.05644068
320,292,0.05652542
320,293,0.05661017
320,294,0.05669492
320,295,0.05677966
320,296,0.05686441
320,297,0.05694915
320,298,0.0570339
320,299,0.05711864
320,300,0.05720339
320,301,0.05728814
320,302,0.05737288
320,303,0.05745763
320,304,0.05754237
320,305,0.05762712
320,306,0.05771186
320,307,0.05779661
320,308,0.05788136
320,309,0.0579661
320,310,0.05805085
320,311,0.05813559
320,312,0.05822034
320,313,0.05830508
320,314,0.05838983
320,315,0.05847458
320,316,0.05855932
320,317,0.05864407
320,318,0.05872881
320,319,0.05881356
320,320,0.05889831
320,321,0.05898305
320,322,0.0590678
320,323,0.05915254
320,324,0.05923729
320,325,0.05932203
320,326,0.05940678
320,327,0.05949153
320,328,0.05957627
320,329,0.05966102
320,330,0.05974576
320,331,0.05983051
320,332,0.05991525
320,333,0.06
320,334,0.06
320,335,0.06
320,336,0.06
320,337,0.06
320,338,0.06
320,339,0.06
320,340,0.06
320,341,0.06
320,342,0.06
320,343,0.06
320,344,0.06
320,345,0.06
320,346,0.06
320,347,0.06
320,348,0.06
320,349,0.06
320,350,0.06
320,351,0.06
320,352,0.06
320,353,0.06
320,354,0.06
320,355,0.06
320,356,0.06
320,357,0.06
320,358,0.06
320,359,0.06
320,360,0.06
320,361,0.06
320,362,0.06
320,363,0.06
320,364,0.06
320,365,0.06
320,366,0.06
320,367,0.06
320,368,0.06
320,369,0.06
320,370,0.06
320,371,0.06
320,372,0.06
320,373,0.06
320,374,0.06
320,375,0.06
320,376,0.06
320,377,0.06
320,378,0.06
320,379,0.06
320,380,0.06
320,381,0.06
320,382,0.06
320,383,0.06
320,384,0.06
320,385,0.06
320,386,0.06
320,387,0.06
320,388,0.06
320,389,0.06
320,390,0.06
320,391,0.06
320,392,0.06
320,393,0.06
320,394,0.06
320,395,0.06
320,396,0.06
320,397,0.06
320,398,0.06
320,399,0.06
320,400,0.06
320,401,0.06
320,402,0.06
320,403,0.06
320,404,0.06
320,405,0.06
320,406,0.06
320,407,0.06
320,408,0.06
320,409,0.06
320,410,0.06
320,411,0.06
320,412,0.06
320,413,0.06
320,414,0.06
320,415,0.06
320,416,0.06
320,417,0.06
320,418,0.06
320,419,0.06
320,420,0.06
320,421,0.06
320,422,0.06
320,423,0.06
320,424,0.06
320,425,0.06
320,426,0.06
320,427,0.06
320,428,0.06
320,429,0.06
320,430,0.06
320,431,0.06
320,432,0.06
320,433,0.06
320,434,0.06
320,435,0.06
320,436,0.06
320,437,0.06
320,438,0.06
320,439,0.06
320,440,0.06
320,441,0.06
320,442,0.06
320,443,0.06
320,444,0.06
320,445,0.06
320,446,0.06
320,447,0.06
320,448,0.06
320,449,0.06
320,450,0.06
320,451,0.06
320,452,0.06
320,453,0.06
320,454,0.06
320,455,0.06
320,456,0.06
320,457,0.06
320,458,0.06
320,459,0.06
320,460,0.06
320,461,0.06
320,462,0.06
320,463,0.06
320,464,0.06
320,465,0.06
320,466,0.06
320,467,0.06
320,468,0.06
320,469,0.06
320,470,0.06
320,471,0.06
320,472,0.06
320,473,0.06
320,474,0.06
320,475,0.06
320,476,0.06
320,477,0.06
320,478,0.06
320,479,0.06
320,480,0.06
320,481,0.06
320,482,0.06
320,483,0.06
320,484,0.06
320,485,0.06
320,486,0.06
320,487,0.06
320,488,0.06
320,489,0.06
320,490,0.06
320,491,0.06
320,492,0.06
320,493,0.06
320,494,0.06
320,495,0.06
320,496,0.06
320,497,0.06
320,498,0.06
320,499,0.06
320,500,0.06
320,501,0.06
320,502,0.06
320,503,0.06
320,504,0.06
320,505,0.06
320,506,0.06
320,507,0.06
320,508,0.06
320,509,0.06
320,510,0.06
320,511,0.06
320,512,0.06
320,513,0.06
320,514,0.06
320,515,0.06
320,516,0.06
320,517,0.06
320,518,0.06
320,519,0.06
320,520,0.06
320,521,0.06
320,522,0.06
320,523,0.06
320,524,0.06
320,525,0.06
320,526,0.06
320,527,0.06
320,528,0.06
320,529,0.06
320,530,0.06
320,531,0.06
320,532,0.06
320,533,0.06
320,534,0.06
320,535,0.06
320,536,0.06
320,537,0.06
320,538,0.06
320,539,0.06
320,540,0.06
320,541,0.06
320,542,0.06
320,543,0.06
320,544,0.06
320,545,0.06
320,546,0.06
320,547,0.06
320,548,0.06
320,549,0.06
320,550,0.06
320,551,0.06
320,552,0.06
320,553,0.06
320,554,0.06
320,555,0.06
320,556,0.06
320,557,0.06
320,558,0.06
320,559,0.06
320,560,0.06
320,561,0.06
320,562,0.06
320,563,0.06
320,564,0.06
320,565,0.06
320,566,0.06
320,567,0.06
320,568,0.06
320,569,0.06
320,570,0.06
320,571,0.06
320,572,0.06
320,573,0.06
320,574,0.06
320,575,0.06
320,576,0.06
320,577,0.06
320,578,0.06
320,579,0.06
320,580,0.06
320,581,0.06
320,582,0.06
320,583,0.06
320,584,0.06
320,585,0.06
320,586,0.06
320,587,0.06
320,588,0.06
320,589,0.06
320,590,0.06
320,591,0.06
320,592,0.06
320,593,0.06
320,594,0.06
320,595,0.06
320,596,0.06
320,597,0.06
320,598,0.06
320,599,0.06
320,600,0.06
320,601,0.06
320,602,0.06
320,603,0.06
320,604,0.06
320,605,0.06
320,606,0.06
320,607,0.06
320,608,0.06
320,609,0.06
320,610,0.06
320,611,0.06
320,612,0.06
320,613,0.06
320,614,0.06
320,615,0.06
320,616,0.06
320,617,0.06
320,618,0.06
320,619,0.06
320,620,0.06
320,621,0.06
320,622,0.06
320,623,0.06
320,624,0.06
320,625,0.06
320,626,0.06
320,627,0.06
320,628,0.06
320,629,0.06
320,630,0.06
320,631,0.06
320,632,0.06
320,633,0.06
320,634,0.06
320,635,0.06
320,636,0.06
320,637,0.06
320,638,0.06
320,639,0.06
320,640,0.06
320,641,0.06
320,642,0.06
320,643,0.06
320,644,0.06
320,645,0.06
320,646,0.06
320,647,0.06
320,648,0.06
320,649,0.06
320,650,0.06
320,651,0.06
320,652,0.06
320,653,0.06
320,654,0.06
320,655,0.06
320,656,0.06
320,657,0.06
320,658,0.06
320,659,0.06
320,660,0.06
320,661,0.06
320,662,0.06
320,663,0.06
320,664,0.06
320,665,0.06
320,666,0.06
320,667,0.06
320,668,0.06
320,669,0.06
320,670,0.06
320,671,0.06
320,672,0.06
320,673,0.06
320,674,0.06
320,675,0.06
320,676,0.06
320,677,0.06
320,678,0.06
320,679,0.06
320,680,0.06
320,681,0.06
320,682,0.06
320,683,0.06
320,684,0.06
320,685,0.06
320,686,0.06
320,687,0.06
320,688,0.06
320,689,0.06
320,690,0.06
320,691,0.06
320,692,0.06
320,693,0.06
320,694,0.06
320,695,0.06
320,696,0.06
320,697,0.06
320,698,0.06
320,699,0.06
320,700,0.06
320,701,0.06
320,702,0.06
320,703,0.06
320,704,0.06
320,705,0.06
320,706,0.06
320,707,0.06
320,708,0.06
320,709,0.06
320,710,0.06
320,711,0.06
320,712,0.06
320,713,0.06
320,714,0.06
320,715,0.06
320,716,0.06
320,717,0.06
320,718,0.06
320,719,0.06
320,720,0.06
320,721,0.06
320,722,0.06
320,723,0.06
320,724,0.06
320,725,0.06
320,726,0.06
320,727,0.06
320,728,0.06
320,729,0.06
320,730,0.06
320,731,0.06
320,732,0.06
320,733,0.06
320,734,0.06
320,735,0.06
320,736,0.06
320,737,0.06
320,738,0.06
320,739,0.06
320,740,0.06
320,741,0.06
320,742,0.06
320,743,0.06
320,744,0.06
320,745,0.06
320,746,0.06
320,747,0.06
320,748,0.06
320,749,0.06
320,750,0.06
320,751,0.06
320,752,0.06
320,753,0.06
320,754,0.06
320,755,0.06
320,756,0.06
320,757,0.06
320,758,0.06
320,759,0.06
320,760,0.06
320,761,0.06
320,762,0.06
320,763,0.06
320,764,0.06
320,765,0.06
320,766,0.06
320,767,0.06
320,768,0.06
320,769,0.06
320,770,0.06
320,771,0.06
320,772,0.06
320,773,0.06
320,774,0.06
320,775,0.06
320,776,0.06
320,777,0.06
320,778,0.06
320,779,0.06
320,780,0.06
320,781,0.06
320,782,0.06
320,783,0.06
320,784,0.06
320,785,0.06
320,786,0.06
320,787,0.06
320,788,0.06
320,789,0.06
320,790,0.06
320,791,0.06
320,792,0.06
320,793,0.06
320,794,0.06
320,795,0.06
320,796,0.06
320,797,0.06
320,798,0.06
320,799,0.06
320,800,0.06
320,801,0.06
320,802,0.06
320,803,0.06
320,804,0.06
320,805,0.06
320,806,0.06
320,807,0.06
320,808,0.06
320,809,0.06
320,810,0.06
320,811,0.06
320,812,0.06
320,813,0.06
320,814,0.06
320,815,0.06
320,816,0.06
320,817,0.06
320,818,0.06
320,819,0.06
320,820,0.06
320,821,0.06
320,822,0.06
320,823,0.06
320,824,0.06
320,825,0.06
320,826,0.06
320,827,0.06
320,828,0.06
320,829,0.06
320,830,0.06
320,831,0.06
320,832,0.06
320,833,0.06
320,834,0.06
320,835,0.06
320,836,0.06
320,837,0.06
320,838,0.06
320,839,0.06
320,840,0.06
320,841,0.06
320,842,0.06
320,843,0.06
320,844,0.06
320,845,0.06
320,846,0.06
320,847,0.06
320,848,0.06
320,849,0.06
320,850,0.06
320,851,0.06
320,852,0.06
320,853,0.06
320,854,0.06
320,855,0.06
320,856,0.06
320,857,0.06
320,858,0.06
320,859,0.06
320,860,0.06
320,861,0.06
320,862,0.06
320,863,0.06
320,864,0.06
320,865,0.06
320,866,0.06
320,867,0.06
320,868,0.06
320,869,0.06
320,870,0.06
320,871,0.06
320,872,0.06
320,873,0.06
320,874,0.06
320,875,0.06
320,876,0.06
320,877,0.06
320,878,0.06
320,879,0.06
320,880,0.06
320,881,0.06
320,882,0.06
320,883,0.06
320,884,0.06
320,885,0.06
320,886,0.06
320,887,0.06
320,888,0.06
320,889,0.06
320,890,0.06
320,891,0.06
320,892,0.06
320,893,0.06
320,894,0.06
320,895,0.06
320,896,0.06
320,897,0.06
320,898,0.06
320,899,0.06
320,900,0.06
320,901,0.06
320,902,0.06
330,0,0
330,1,0.01
330,2,0.01
330,3,0.01
330,4,0.01
330,5,0.01
330,6,0.01
330,7,0.01
330,8,0.01
330,9,0.01
330,10,0.01
330,11,0.01
330,12,0.01
330,13,0.01
330,14,0.01
330,15,0.01
330,16,0.01
330,17,0.01
330,18,0.01
330,19,0.01
330,20,0.01
330,21,0.01
330,22,0.01
330,23,0.01
330,24,0.01
330,25,0.01
330,26,0.01
330,27,0.01
330,28,0.01
330,29,0.01
330,30,0.01
330,31,0.01016216
330,32,0.01032432
330,33,0.01048649
330,34,0.01064865
330,35,0.01081081
330,36,0.01097297
330,37,0.01113514
330,38,0.0112973
330,39,0.01145946
330,40,0.01162162
330,41,0.01178378
330,42,0.01194595
330,43,0.01210811
330,44,0.01227027
330,45,0.01243243
330,46,0.01259459
330,47,0.01275676
330,48,0.01291892
330,49,0.01308108
330,50,0.01324324
330,51,0.01340541
330,52,0.01356757
330,53,0.01372973
330,54,0.01389189
330,55,0.01405405
330,56,0.01421622
330,57,0.01437838
330,58,0.01454054
330,59,0.0147027
330,60,0.01486486
330,61,0.01502703
330,62,0.01518919
330,63,0.01535135
330,64,0.01551351
330,65,0.01567568
330,66,0.01583784
330,67,0.016
330,68,0.01616216
330,69,0.01632432
330,70,0.01648649
330,71,0.01664865
330,72,0.01681081
330,73,0.01697297
330,74,0.01713514
330,75,0.0172973
330,76,0.01745946
330,77,0.01762162
330,78,0.01778378
330,79,0.01794595
330,80,0.01810811
330,81,0.01827027
330,82,0.01843243
330,83,0.01859459
330,84,0.01875676
330,85,0.01891892
330,86,0.01908108
330,87,0.01924324
330,88,0.01940541
330,89,0.01956757
330,90,0.01972973
330,91,0.01989189
330,92,0.02005405
330,93,0.02021622
330,94,0.02037838
330,95,0.02054054
330,96,0.0207027
330,97,0.02086486
330,98,0.02102703
330,99,0.02118919
330,100,0.02135135
330,101,0.02151351
330,102,0.02167568
330,103,0.02183784
330,104,0.022
330,105,0.02216216
330,106,0.02232432
330,107,0.02248649
330,108,0.02264865
330,109,0.02281081
330,110,0.02297297
330,111,0.02313514
330,112,0.0232973
330,113,0.02345946
330,114,0.02362162
330,115,0.02378378
330,116,0.02394595
330,117,0.02410811
330,118,0.02427027
330,119,0.02443243
330,120,0.02459459
330,121,0.02475676
330,122,0.02491892
330,123,0.02508108
330,124,0.02524324
330,125,0.02540541
330,126,0.02556757
330,127,0.02572973
330,128,0.02589189
330,129,0.02605405
330,130,0.02621622
330,131,0.02637838
330,132,0.02654054
330,133,0.0267027
330,134,0.02686486
330,135,0.02702703
330,136,0.02718919
330,137,0.02735135
330,138,0.02751351
330,139,0.02767568
330,140,0.02783784
330,141,0.028
330,142,0.02816216
330,143,0.02832432
330,144,0.02848649
330,145,0.02864865
330,146,0.02881081
330,147,0.02897297
330,148,0.02913514
330,149,0.0292973
330,150,0.02945946
330,151,0.02962162
330,152,0.02978378
330,153,0.02994595
330,154,0.03010811
330,155,0.03027027
330,156,0.03043243
330,157,0.03059459
330,158,0.03075676
330,159,0.03091892
330,160,0.03108108
330,161,0.03124324
330,162,0.03140541
330,163,0.03156757
330,164,0.03172973
330,165,0.03189189
330,166,0.03205405
330,167,0.03221622
330,168,0.03237838
330,169,0.03254054
330,170,0.0327027
330,171,0.03286486
330,172,0.03302703
330,173,0.03318919
330,174,0.03335135
330,175,0.03351351
330,176,0.03367568
330,177,0.03383784
330,178,0.034
330,179,0.03416216
330,180,0.03432432
330,181,0.03448649
330,182,0.03464865
330,183,0.03481081
330,184,0.03497297
330,185,0.03513514
330,186,0.0352973
330,187,0.03545946
330,188,0.03562162
330,189,0.03578378
330,190,0.03594595
330,191,0.03610811
330,192,0.03627027
330,193,0.03643243
330,194,0.03659459
330,195,0.03675676
330,196,0.03691892
330,197,0.03708108
330,198,0.03724324
330,199,0.03740541
330,200,0.03756757
330,201,0.03772973
330,202,0.03789189
330,203,0.03805405
330,204,0.03821622
330,205,0.03837838
330,206,0.03854054
330,207,0.0387027
330,208,0.03886486
330,209,0.03902703
330,210,0.03918919
330,211,0.03935135
330,212,0.03951351
330,213,0.03967568
330,214,0.03983784
330,215,0.04
330,216,0.04008475
330,217,0.04016949
330,218,0.04025424
330,219,0.04033898
330,220,0.04042373
330,221,0.04050847
330,222,0.04059322
330,223,0.04067797
330,224,0.04076271
330,225,0.04084746
330,226,0.0409322
330,227,0.04101695
330,228,0.04110169
330,229,0.04118644
330,230,0.04127119
330,231,0.04135593
330,232,0.04144068
330,233,0.04152542
330,234,0.04161017
330,235,0.04169492
330,236,0.04177966
330,237,0.04186441
330,238,0.04194915
330,239,0.0420339
330,240,0.04211864
330,241,0.04220339
330,242,0.04228814
330,243,0.04237288
330,244,0.04245763
330,245,0.04254237
330,246,0.04262712
330,247,0.04271186
330,248,0.04279661
330,249,0.04288136
330,250,0.0429661
330,251,0.04305085
330,252,0.04313559
330,253,0.04322034
330,254,0.04330508
330,255,0.04338983
330,256,0.04347458
330,257,0.04355932
330,258,0.04364407
330,259,0.04372881
330,260,0.04381356
330,261,0.04389831
330,262,0.04398305
330,263,0.0440678
330,264,0.04415254
330,265,0.04423729
330,266,0.04432203
330,267,0.04440678
330,268,0.04449153
330,269,0.04457627
330,270,0.04466102
330,271,0.04474576
330,272,0.04483051
330,273,0.04491525
330,274,0.045
330,275,0.04508475
330,276,0.04516949
330,277,0.04525424
330,278,0.04533898
330,279,0.04542373
330,280,0.04550847
330,281,0.04559322
330,282,0.04567797
330,283,0.04576271
330,284,0.04584746
330,285,0.0459322
330,286,0.04601695
330,287,0.04610169
330,288,0.04618644
330,289,0.04627119
330,290,0.04635593
330,291,0.04644068
330,292,0.04652542
330,293,0.04661017
330,294,0.04669492
330,295,0.04677966
330,296,0.04686441
330,297,0.04694915
330,298,0.0470339
330,299,0.04711864
330,300,0.04720339
330,301,0.04728814
330,302,0.04737288
330,303,0.04745763
330,304,0.04754237
330,305,0.04762712
330,306,0.04771186
330,307,0.04779661
330,308,0.04788136
330,309,0.0479661
330,310,0.04805085
330,311,0.04813559
330,312,0.04822034
330,313,0.04830508
330,314,0.04838983
330,315,0.04847458
330,316,0.04855932
330,317,0.04864407
330,318,0.04872881
330,319,0.04881356
330,320,0.04889831
330,321,0.04898305
330,322,0.0490678
330,323,0.04915254
330,324,0.04923729
330,325,0.04932203
330,326,0.04940678
330,327,0.04949153
330,328,0.04957627
330,329,0.04966102
330,330,0.04974576
330,331,0.04983051
330,332,0.04991525
330,333,0.05
330,334,0.05
330,335,0.05
330,336,0.05
330,337,0.05
330,338,0.05
330,339,0.05
330,340,0.05
330,341,0.05
330,342,0.05
330,343,0.05
330,344,0.05
330,345,0.05
330,346,0.05
330,347,0.05
330,348,0.05
330,349,0.05
330,350,0.05
330,351,0.05
330,352,0.05
330,353,0.05
330,354,0.05
330,355,0.05
330,356,0.05
330,357,0.05
330,358,0.05
330,359,0.05
330,360,0.05
330,361,0.05
330,362,0.05
330,363,0.05
330,364,0.05
330,365,0.05
330,366,0.05
330,367,0.05
330,368,0.05
330,369,0.05
330,370,0.05
330,371,0.05
330,372,0.05
330,373,0.05
330,374,0.05
330,375,0.05
330,376,0.05
330,377,0.05
330,378,0.05
330,379,0.05
330,380,0.05
330,381,0.05
330,382,0.05
330,383,0.05
330,384,0.05
330,385,0.05
330,386,0.05
330,387,0.05
330,388,0.05
330,389,0.05
330,390,0.05
330,391,0.05
330,392,0.05
330,393,0.05
330,394,0.05
330,395,0.05
330,396,0.05
330,397,0.05
330,398,0.05
330,399,0.05
330,400,0.05
330,401,0.05
330,402,0.05
330,403,0.05
330,404,0.05
330,405,0.05
330,406,0.05
330,407,0.05
330,408,0.05
330,409,0.05
330,410,0.05
330,411,0.05
330,412,0.05
330,413,0.05
330,414,0.05
330,415,0.05
330,416,0.05
330,417,0.05
330,418,0.05
330,419,0.05
330,420,0.05
330,421,0.05
330,422,0.05
330,423,0.05
330,424,0.05
330,425,0.05
330,426,0.05
330,427,0.05
330,428,0.05
330,429,0.05
330,430,0.05
330,431,0.05
330,432,0.05
330,433,0.05
330,434,0.05
330,435,0.05
330,436,0.05
330,437,0.05
330,438,0.05
330,439,0.05
330,440,0.05
330,441,0.05
330,442,0.05
330,443,0.05
330,444,0.05
330,445,0.05
330,446,0.05
330,447,0.05
330,448,0.05
330,449,0.05
330,450,0.05
330,451,0.05
330,452,0.05
330,453,0.05
330,454,0.05
330,455,0.05
330,456,0.05
330,457,0.05
330,458,0.05
330,459,0.05
330,460,0.05
330,461,0.05
330,462,0.05
330,463,0.05
330,464,0.05
330,465,0.05
330,466,0.05
330,467,0.05
330,468,0.05
330,469,0.05
330,470,0.05
330,471,0.05
330,472,0.05
330,473,0.05
330,474,0.05
330,475,0.05
330,476,0.05
330,477,0.05
330,478,0.05
330,479,0.05
330,480,0.05
330,481,0.05
330,482,0.05
330,483,0.05
330,484,0.05
330,485,0.05
330,486,0.05
330,487,0.05
330,488,0.05
330,489,0.05
330,490,0.05
330,491,0.05
330,492,0.05
330,493,0.05
330,494,0.05
330,495,0.05
330,496,0.05
330,497,0.05
330,498,0.05
330,499,0.05
330,500,0.05
330,501,0.05
330,502,0.05
330,503,0.05
330,504,0.05
330,505,0.05
330,506,0.05
330,507,0.05
330,508,0.05
330,509,0.05
330,510,0.05
330,511,0.05
330,512,0.05
330,513,0.05
330,514,0.05
330,515,0.05
330,516,0.05
330,517,0.05
330,518,0.05
330,519,0.05
330,520,0.05
330,521,0.05
330,522,0.05
330,523,0.05
330,524,0.05
330,525,0.05
330,526,0.05
330,527,0.05
330,528,0.05
330,529,0.05
330,530,0.05
330,531,0.05
330,532,0.05
330,533,0.05
330,534,0.05
330,535,0.05
330,536,0.05
330,537,0.05
330,538,0.05
330,539,0.05
330,540,0.05
330,541,0.05
330,542,0.05
330,543,0.05
330,544,0.05
330,545,0.05
330,546,0.05
330,547,0.05
330,548,0.05
330,549,0.05
330,550,0.05
330,551,0.05
330,552,0.05
330,553,0.05
330,554,0.05
330,555,0.05
330,556,0.05
330,557,0.05
330,558,0.05
330,559,0.05
330,560,0.05
330,561,0.05
330,562,0.05
330,563,0.05
330,564,0.05
330,565,0.05
330,566,0.05
330,567,0.05
330,568,0.05
330,569,0.05
330,570,0.05
330,571,0.05
330,572,0.05
330,573,0.05
330,574,0.05
330,575,0.05
330,576,0.05
330,577,0.05
330,578,0.05
330,579,0.05
330,580,0.05
330,581,0.05
330,582,0.05
330,583,0.05
330,584,0.05
330,585,0.05
330,586,0.05
330,587,0.05
330,588,0.05
330,589,0.05
330,590,0.05
330,591,0.05
330,592,0.05
330,593,0.05
330,594,0.05
330,595,0.05
330,596,0.05
330,597,0.05
330,598,0.05
330,599,0.05
330,600,0.05
330,601,0.05
330,602,0.05
330,603,0.05
330,604,0.05
330,605,0.05
330,606,0.05
330,607,0.05
330,608,0.05
330,609,0.05
330,610,0.05
330,611,0.05
330,612,0.05
330,613,0.05
330,614,0.05
330,615,0.05
330,616,0.05
330,617,0.05
330,618,0.05
330,619,0.05
330,620,0.05
330,621,0.05
330,622,0.05
330,623,0.05
330,624,0.05
330,625,0.05
330,626,0.05
330,627,0.05
330,628,0.05
330,629,0.05
330,630,0.05
330,631,0.05
330,632,0.05
330,633,0.05
330,634,0.05
330,635,0.05
330,636,0.05
330,637,0.05
330,638,0.05
330,639,0.05
330,640,0.05
330,641,0.05
330,642,0.05
330,643,0.05
330,644,0.05
330,645,0.05
330,646,0.05
330,647,0.05
330,648,0.05
330,649,0.05
330,650,0.05
330,651,0.05
330,652,0.05
330,653,0.05
330,654,0.05
330,655,0.05
330,656,0.05
330,657,0.05
330,658,0.05
330,659,0.05
330,660,0.05
330,661,0.05
330,662,0.05
330,663,0.05
330,664,0.05
330,665,0.05
330,666,0.05
330,667,0.05
330,668,0.05
330,669,0.05
330,670,0.05
330,671,0.05
330,672,0.05
330,673,0.05
330,674,0.05
330,675,0.05
330,676,0.05
330,677,0.05
330,678,0.05
330,679,0.05
330,680,0.05
330,681,0.05
330,682,0.05
330,683,0.05
330,684,0.05
330,685,0.05
330,686,0.05
330,687,0.05
330,688,0.05
330,689,0.05
330,690,0.05
330,691,0.05
330,692,0.05
330,693,0.05
330,694,0.05
330,695,0.05
330,696,0.05
330,697,0.05
330,698,0.05
330,699,0.05
330,700,0.05
330,701,0.05
330,702,0.05
330,703,0.05
330,704,0.05
330,705,0.05
330,706,0.05
330,707,0.05
330,708,0.05
330,709,0.05
330,710,0.05
330,711,0.05
330,712,0.05
330,713,0.05
330,714,0.05
330,715,0.05
330,716,0.05
330,717,0.05
330,718,0.05
330,719,0.05
330,720,0.05
330,721,0.05
330,722,0.05
330,723,0.05
330,724,0.05
330,725,0.05
330,726,0.05
330,727,0.05
330,728,0.05
330,729,0.05
330,730,0.05
330,731,0.05
330,732,0.05
330,733,0.05
330,734,0.05
330,735,0.05
330,736,0.05
330,737,0.05
330,738,0.05
330,739,0.05
330,740,0.05
330,741,0.05
330,742,0.05
330,743,0.05
330,744,0.05
330,745,0.05
330,746,0.05
330,747,0.05
330,748,0.05
330,749,0.05
330,750,0.05
330,751,0.05
330,752,0.05
330,753,0.05
330,754,0.05
330,755,0.05
330,756,0.05
330,757,0.05
330,758,0.05
330,759,0.05
330,760,0.05
330,761,0.05
330,762,0.05
330,763,0.05
330,764,0.05
330,765,0.05
330,766,0.05
330,767,0.05
330,768,0.05
330,769,0.05
330,770,0.05
330,771,0.05
330,772,0.05
330,773,0.05
330,774,0.05
330,775,0.05
330,776,0.05
330,777,0.05
330,778,0.05
330,779,0.05
330,780,0.05
330,781,0.05
330,782,0.05
330,783,0.05
330,784,0.05
330,785,0.05
330,786,0.05
330,787,0.05
330,788,0.05
330,789,0.05
330,790,0.05
330,791,0.05
330,792,0.05
330,793,0.05
330,794,0.05
330,795,0.05
330,796,0.05
330,797,0.05
330,798,0.05
330,799,0.05
330,800,0.05
330,801,0.05
330,802,0.05
330,803,0.05
330,804,0.05
330,805,0.05
330,806,0.05
330,807,0.05
330,808,0.05
330,809,0.05
330,810,0.05
330,811,0.05
330,812,0.05
330,813,0.05
330,814,0.05
330,815,0.05
330,816,0.05
330,817,0.05
330,818,0.05
330,819,0.05
330,820,0.05
330,821,0.05
330,822,0.05
330,823,0.05
330,824,0.05
330,825,0.05
330,826,0.05
330,827,0.05
330,828,0.05
330,829,0.05
330,830,0.05
330,831,0.05
330,832,0.05
330,833,0.05
330,834,0.05
330,835,0.05
330,836,0.05
330,837,0.05
330,838,0.05
330,839,0.05
330,840,0.05
330,841,0.05
330,842,0.05
330,843,0.05
330,844,0.05
330,845,0.05
330,846,0.05
330,847,0.05
330,848,0.05
330,849,0.05
330,850,0.05
330,851,0.05
330,852,0.05
330,853,0.05
330,854,0.05
330,855,0.05
330,856,0.05
330,857,0.05
330,858,0.05
330,859,0.05
330,860,0.05
330,861,0.05
330,862,0.05
330,863,0.05
330,864,0.05
330,865,0.05
330,866,0.05
330,867,0.05
330,868,0.05
330,869,0.05
330,870,0.05
330,871,0.05
330,872,0.05
330,873,0.05
330,874,0.05
330,875,0.05
330,876,0.05
330,877,0.05
330,878,0.05
330,879,0.05
330,880,0.05
330,881,0.05
330,882,0.05
330,883,0.05
330,884,0.05
330,885,0.05
330,886,0.05
330,887,0.05
330,888,0.05
330,889,0.05
330,890,0.05
330,891,0.05
330,892,0.05
330,893,0.05
330,894,0.05
330,895,0.05
330,896,0.05
330,897,0.05
330,898,0.05
330,899,0.05
330,900,0.05
330,901,0.05
330,902,0.05
340,0,0
340,1,0.01
340,2,0.01
340,3,0.01
340,4,0.01
340,5,0.01
340,6,0.01
340,7,0.01
340,8,0.01
340,9,0.01
340,10,0.01
340,11,0.01
340,12,0.01
340,13,0.01
340,14,0.01
340,15,0.01
340,16,0.01
340,17,0.01
340,18,0.01
340,19,0.01
340,20,0.01
340,21,0.01
340,22,0.01
340,23,0.01
340,24,0.01
340,25,0.01
340,26,0.01
340,27,0.01
340,28,0.01
340,29,0.01
340,30,0.01
340,31,0.01010811
340,32,0.01021622
340,33,0.01032432
340,34,0.01043243
340,35,0.01054054
340,36,0.01064865
340,37,0.01075676
340,38,0.01086486
340,39,0.01097297
340,40,0.01108108
340,41,0.01118919
340,42,0.0112973
340,43,0.01140541
340,44,0.01151351
340,45,0.01162162
340,46,0.01172973
340,47,0.01183784
340,48,0.01194595
340,49,0.01205405
340,50,0.01216216
340,51,0.01227027
340,52,0.01237838
340,53,0.01248649
340,54,0.01259459
340,55,0.0127027
340,56,0.01281081
340,57,0.01291892
340,58,0.01302703
340,59,0.01313514
340,60,0.01324324
340,61,0.01335135
340,62,0.01345946
340,63,0.01356757
340,64,0.01367568
340,65,0.01378378
340,66,0.01389189
340,67,0.014
340,68,0.01410811
340,69,0.01421622
340,70,0.01432432
340,71,0.01443243
340,72,0.01454054
340,73,0.01464865
340,74,0.01475676
340,75,0.01486486
340,76,0.01497297
340,77,0.01508108
340,78,0.01518919
340,79,0.0152973
340,80,0.01540541
340,81,0.01551351
340,82,0.01562162
340,83,0.01572973
340,84,0.01583784
340,85,0.01594595
340,86,0.01605405
340,87,0.01616216
340,88,0.01627027
340,89,0.01637838
340,90,0.01648649
340,91,0.01659459
340,92,0.0167027
340,93,0.01681081
340,94,0.01691892
340,95,0.01702703
340,96,0.01713514
340,97,0.01724324
340,98,0.01735135
340,99,0.01745946
340,100,0.01756757
340,101,0.01767568
340,102,0.01778378
340,103,0.01789189
340,104,0.018
340,105,0.01810811
340,106,0.01821622
340,107,0.01832432
340,108,0.01843243
340,109,0.01854054
340,110,0.01864865
340,111,0.01875676
340,112,0.01886486
340,113,0.01897297
340,114,0.01908108
340,115,0.01918919
340,116,0.0192973
340,117,0.01940541
340,118,0.01951351
340,119,0.01962162
340,120,0.01972973
340,121,0.01983784
340,122,0.01994595
340,123,0.02005405
340,124,0.02016216
340,125,0.02027027
340,126,0.02037838
340,127,0.02048649
340,128,0.02059459
340,129,0.0207027
340,130,0.02081081
340,131,0.02091892
340,132,0.02102703
340,133,0.02113514
340,134,0.02124324
340,135,0.02135135
340,136,0.02145946
340,137,0.02156757
340,138,0.02167568
340,139,0.02178378
340,140,0.02189189
340,141,0.022
340,142,0.02210811
340,143,0.02221622
340,144,0.02232432
340,145,0.02243243
340,146,0.02254054
340,147,0.02264865
340,148,0.02275676
340,149,0.02286486
340,150,0.02297297
340,151,0.02308108
340,152,0.02318919
340,153,0.0232973
340,154,0.02340541
340,155,0.02351351
340,156,0.02362162
340,157,0.02372973
340,158,0.02383784
340,159,0.02394595
340,160,0.02405405
340,161,0.02416216
340,162,0.02427027
340,163,0.02437838
340,164,0.02448649
340,165,0.02459459
340,166,0.0247027
340,167,0.02481081
340,168,0.02491892
340,169,0.02502703
340,170,0.02513514
340,171,0.02524324
340,172,0.02535135
340,173,0.02545946
340,174,0.02556757
340,175,0.02567568
340,176,0.02578378
340,177,0.02589189
340,178,0.026
340,179,0.02610811
340,180,0.02621622
340,181,0.02632432
340,182,0.02643243
340,183,0.02654054
340,184,0.02664865
340,185,0.02675676
340,186,0.02686486
340,187,0.02697297
340,188,0.02708108
340,189,0.02718919
340,190,0.0272973
340,191,0.02740541
340,192,0.02751351
340,193,0.02762162
340,194,0.02772973
340,195,0.02783784
340,196,0.02794595
340,197,0.02805405
340,198,0.02816216
340,199,0.02827027
340,200,0.02837838
340,201,0.02848649
340,202,0.02859459
340,203,0.0287027
340,204,0.02881081
340,205,0.02891892
340,206,0.02902703
340,207,0.02913514
340,208,0.02924324
340,209,0.02935135
340,210,0.02945946
340,211,0.02956757
340,212,0.02967568
340,213,0.02978378
340,214,0.02989189
340,215,0.03
340,216,0.03004237
340,217,0.03008475
340,218,0.03012712
340,219,0.03016949
340,220,0.03021186
340,221,0.03025424
340,222,0.03029661
340,223,0.03033898
340,224,0.03038136
340,225,0.03042373
340,226,0.0304661
340,227,0.03050847
340,228,0.03055085
340,229,0.03059322
340,230,0.03063559
340,231,0.03067797
340,232,0.03072034
340,233,0.03076271
340,234,0.03080508
340,235,0.03084746
340,236,0.03088983
340,237,0.0309322
340,238,0.03097458
340,239,0.03101695
340,240,0.03105932
340,241,0.03110169
340,242,0.03114407
340,243,0.03118644
340,244,0.03122881
340,245,0.03127119
340,246,0.03131356
340,247,0.03135593
340,248,0.03139831
340,249,0.03144068
340,250,0.03148305
340,251,0.03152542
340,252,0.0315678
340,253,0.03161017
340,254,0.03165254
340,255,0.03169492
340,256,0.03173729
340,257,0.03177966
340,258,0.03182203
340,259,0.03186441
340,260,0.03190678
340,261,0.03194915
340,262,0.03199153
340,263,0.0320339
340,264,0.03207627
340,265,0.03211864
340,266,0.03216102
340,267,0.03220339
340,268,0.03224576
340,269,0.03228814
340,270,0.03233051
340,271,0.03237288
340,272,0.03241525
340,273,0.03245763
340,274,0.0325
340,275,0.03254237
340,276,0.03258475
340,277,0.03262712
340,278,0.03266949
340,279,0.03271186
340,280,0.03275424
340,281,0.03279661
340,282,0.03283898
340,283,0.03288136
340,284,0.03292373
340,285,0.0329661
340,286,0.03300847
340,287,0.03305085
340,288,0.03309322
340,289,0.03313559
340,290,0.03317797
340,291,0.03322034
340,292,0.03326271
340,293,0.03330508
340,294,0.03334746
340,295,0.03338983
340,296,0.0334322
340,297,0.03347458
340,298,0.03351695
340,299,0.03355932
340,300,0.03360169
340,301,0.03364407
340,302,0.03368644
340,303,0.03372881
340,304,0.03377119
340,305,0.03381356
340,306,0.03385593
340,307,0.03389831
340,308,0.03394068
340,309,0.03398305
340,310,0.03402542
340,311,0.0340678
340,312,0.03411017
340,313,0.03415254
340,314,0.03419492
340,315,0.03423729
340,316,0.03427966
340,317,0.03432203
340,318,0.03436441
340,319,0.03440678
340,320,0.03444915
340,321,0.03449153
340,322,0.0345339
340,323,0.03457627
340,324,0.03461864
340,325,0.03466102
340,326,0.03470339
340,327,0.03474576
340,328,0.03478814
340,329,0.03483051
340,330,0.03487288
340,331,0.03491525
340,332,0.03495763
340,333,0.035
340,334,0.035
340,335,0.035
340,336,0.035
340,337,0.035
340,338,0.035
340,339,0.035
340,340,0.035
340,341,0.035
340,342,0.035
340,343,0.035
340,344,0.035
340,345,0.035
340,346,0.035
340,347,0.035
340,348,0.035
340,349,0.035
340,350,0.035
340,351,0.035
340,352,0.035
340,353,0.035
340,354,0.035
340,355,0.035
340,356,0.035
340,357,0.035
340,358,0.035
340,359,0.035
340,360,0.035
340,361,0.035
340,362,0.035
340,363,0.035
340,364,0.035
340,365,0.035
340,366,0.035
340,367,0.035
340,368,0.035
340,369,0.035
340,370,0.035
340,371,0.035
340,372,0.035
340,373,0.035
340,374,0.035
340,375,0.035
340,376,0.035
340,377,0.035
340,378,0.035
340,379,0.035
340,380,0.035
340,381,0.035
340,382,0.035
340,383,0.035
340,384,0.035
340,385,0.035
340,386,0.035
340,387,0.035
340,388,0.035
340,389,0.035
340,390,0.035
340,391,0.035
340,392,0.035
340,393,0.035
340,394,0.035
340,395,0.035
340,396,0.035
340,397,0.035
340,398,0.035
340,399,0.035
340,400,0.035
340,401,0.035
340,402,0.035
340,403,0.035
340,404,0.035
340,405,0.035
340,406,0.035
340,407,0.035
340,408,0.035
340,409,0.035
340,410,0.035
340,411,0.035
340,412,0.035
340,413,0.035
340,414,0.035
340,415,0.035
340,416,0.035
340,417,0.035
340,418,0.035
340,419,0.035
340,420,0.035
340,421,0.035
340,422,0.035
340,423,0.035
340,424,0.035
340,425,0.035
340,426,0.035
340,427,0.035
340,428,0.035
340,429,0.035
340,430,0.035
340,431,0.035
340,432,0.035
340,433,0.035
340,434,0.035
340,435,0.035
340,436,0.035
340,437,0.035
340,438,0.035
340,439,0.035
340,440,0.035
340,441,0.035
340,442,0.035
340,443,0.035
340,444,0.035
340,445,0.035
340,446,0.035
340,447,0.035
340,448,0.035
340,449,0.035
340,450,0.035
340,451,0.035
340,452,0.035
340,453,0.035
340,454,0.035
340,455,0.035
340,456,0.035
340,457,0.035
340,458,0.035
340,459,0.035
340,460,0.035
340,461,0.035
340,462,0.035
340,463,0.035
340,464,0.035
340,465,0.035
340,466,0.035
340,467,0.035
340,468,0.035
340,469,0.035
340,470,0.035
340,471,0.035
340,472,0.035
340,473,0.035
340,474,0.035
340,475,0.035
340,476,0.035
340,477,0.035
340,478,0.035
340,479,0.035
340,480,0.035
340,481,0.035
340,482,0.035
340,483,0.035
340,484,0.035
340,485,0.035
340,486,0.035
340,487,0.035
340,488,0.035
340,489,0.035
340,490,0.035
340,491,0.035
340,492,0.035
340,493,0.035
340,494,0.035
340,495,0.035
340,496,0.035
340,497,0.035
340,498,0.035
340,499,0.035
340,500,0.035
340,501,0.035
340,502,0.035
340,503,0.035
340,504,0.035
340,505,0.035
340,506,0.035
340,507,0.035
340,508,0.035
340,509,0.035
340,510,0.035
340,511,0.035
340,512,0.035
340,513,0.035
340,514,0.035
340,515,0.035
340,516,0.035
340,517,0.035
340,518,0.035
340,519,0.035
340,520,0.035
340,521,0.035
340,522,0.035
340,523,0.035
340,524,0.035
340,525,0.035
340,526,0.035
340,527,0.035
340,528,0.035
340,529,0.035
340,530,0.035
340,531,0.035
340,532,0.035
340,533,0.035
340,534,0.035
340,535,0.035
340,536,0.035
340,537,0.035
340,538,0.035
340,539,0.035
340,540,0.035
340,541,0.035
340,542,0.035
340,543,0.035
340,544,0.035
340,545,0.035
340,546,0.035
340,547,0.035
340,548,0.035
340,549,0.035
340,550,0.035
340,551,0.035
340,552,0.035
340,553,0.035
340,554,0.035
340,555,0.035
340,556,0.035
340,557,0.035
340,558,0.035
340,559,0.035
340,560,0.035
340,561,0.035
340,562,0.035
340,563,0.035
340,564,0.035
340,565,0.035
340,566,0.035
340,567,0.035
340,568,0.035
340,569,0.035
340,570,0.035
340,571,0.035
340,572,0.035
340,573,0.035
340,574,0.035
340,575,0.035
340,576,0.035
340,577,0.035
340,578,0.035
340,579,0.035
340,580,0.035
340,581,0.035
340,582,0.035
340,583,0.035
340,584,0.035
340,585,0.035
340,586,0.035
340,587,0.035
340,588,0.035
340,589,0.035
340,590,0.035
340,591,0.035
340,592,0.035
340,593,0.035
340,594,0.035
340,595,0.035
340,596,0.035
340,597,0.035
340,598,0.035
340,599,0.035
340,600,0.035
340,601,0.035
340,602,0.035
340,603,0.035
340,604,0.035
340,605,0.035
340,606,0.035
340,607,0.035
340,608,0.035
340,609,0.035
340,610,0.035
340,611,0.035
340,612,0.035
340,613,0.035
340,614,0.035
340,615,0.035
340,616,0.035
340,617,0.035
340,618,0.035
340,619,0.035
340,620,0.035
340,621,0.035
340,622,0.035
340,623,0.035
340,624,0.035
340,625,0.035
340,626,0.035
340,627,0.035
340,628,0.035
340,629,0.035
340,630,0.035
340,631,0.035
340,632,0.035
340,633,0.035
340,634,0.035
340,635,0.035
340,636,0.035
340,637,0.035
340,638,0.035
340,639,0.035
340,640,0.035
340,641,0.035
340,642,0.035
340,643,0.035
340,644,0.035
340,645,0.035
340,646,0.035
340,647,0.035
340,648,0.035
340,649,0.035
340,650,0.035
340,651,0.035
340,652,0.035
340,653,0.035
340,654,0.035
340,655,0.035
340,656,0.035
340,657,0.035
340,658,0.035
340,659,0.035
340,660,0.035
340,661,0.035
340,662,0.035
340,663,0.035
340,664,0.035
340,665,0.035
340,666,0.035
340,667,0.035
340,668,0.035
340,669,0.035
340,670,0.035
340,671,0.035
340,672,0.035
340,673,0.035
340,674,0.035
340,675,0.035
340,676,0.035
340,677,0.035
340,678,0.035
340,679,0.035
340,680,0.035
340,681,0.035
340,682,0.035
340,683,0.035
340,684,0.035
340,685,0.035
340,686,0.035
340,687,0.035
340,688,0.035
340,689,0.035
340,690,0.035
340,691,0.035
340,692,0.035
340,693,0.035
340,694,0.035
340,695,0.035
340,696,0.035
340,697,0.035
340,698,0.035
340,699,0.035
340,700,0.035
340,701,0.035
340,702,0.035
340,703,0.035
340,704,0.035
340,705,0.035
340,706,0.035
340,707,0.035
340,708,0.035
340,709,0.035
340,710,0.035
340,711,0.035
340,712,0.035
340,713,0.035
340,714,0.035
340,715,0.035
340,716,0.035
340,717,0.035
340,718,0.035
340,719,0.035
340,720,0.035
340,721,0.035
340,722,0.035
340,723,0.035
340,724,0.035
340,725,0.035
340,726,0.035
340,727,0.035
340,728,0.035
340,729,0.035
340,730,0.035
340,731,0.035
340,732,0.035
340,733,0.035
340,734,0.035
340,735,0.035
340,736,0.035
340,737,0.035
340,738,0.035
340,739,0.035
340,740,0.035
340,741,0.035
340,742,0.035
340,743,0.035
340,744,0.035
340,745,0.035
340,746,0.035
340,747,0.035
340,748,0.035
340,749,0.035
340,750,0.035
340,751,0.035
340,752,0.035
340,753,0.035
340,754,0.035
340,755,0.035
340,756,0.035
340,757,0.035
340,758,0.035
340,759,0.035
340,760,0.035
340,761,0.035
340,762,0.035
340,763,0.035
340,764,0.035
340,765,0.035
340,766,0.035
340,767,0.035
340,768,0.035
340,769,0.035
340,770,0.035
340,771,0.035
340,772,0.035
340,773,0.035
340,774,0.035
340,775,0.035
340,776,0.035
340,777,0.035
340,778,0.035
340,779,0.035
340,780,0.035
340,781,0.035
340,782,0.035
340,783,0.035
340,784,0.035
340,785,0.035
340,786,0.035
340,787,0.035
340,788,0.035
340,789,0.035
340,790,0.035
340,791,0.035
340,792,0.035
340,793,0.035
340,794,0.035
340,795,0.035
340,796,0.035
340,797,0.035
340,798,0.035
340,799,0.035
340,800,0.035
340,801,0.035
340,802,0.035
340,803,0.035
340,804,0.035
340,805,0.035
340,806,0.035
340,807,0.035
340,808,0.035
340,809,0.035
340,810,0.035
340,811,0.035
340,812,0.035
340,813,0.035
340,814,0.035
340,815,0.035
340,816,0.035
340,817,0.035
340,818,0.035
340,819,0.035
340,820,0.035
340,821,0.035
340,822,0.035
340,823,0.035
340,824,0.035
340,825,0.035
340,826,0.035
340,827,0.035
340,828,0.035
340,829,0.035
340,830,0.035
340,831,0.035
340,832,0.035
340,833,0.035
340,834,0.035
340,835,0.035
340,836,0.035
340,837,0.035
340,838,0.035
340,839,0.035
340,840,0.035
340,841,0.035
340,842,0.035
340,843,0.035
340,844,0.035
340,845,0.035
340,846,0.035
340,847,0.035
340,848,0.035
340,849,0.035
340,850,0.035
340,851,0.035
340,852,0.035
340,853,0.035
340,854,0.035
340,855,0.035
340,856,0.035
340,857,0.035
340,858,0.035
340,859,0.035
340,860,0.035
340,861,0.035
340,862,0.035
340,863,0.035
340,864,0.035
340,865,0.035
340,866,0.035
340,867,0.035
340,868,0.035
340,869,0.035
340,870,0.035
340,871,0.035
340,872,0.035
340,873,0.035
340,874,0.035
340,875,0.035
340,876,0.035
340,877,0.035
340,878,0.035
340,879,0.035
340,880,0.035
340,881,0.035
340,882,0.035
340,883,0.035
340,884,0.035
340,885,0.035
340,886,0.035
340,887,0.035
340,888,0.035
340,889,0.035
340,890,0.035
340,891,0.035
340,892,0.035
340,893,0.035
340,894,0.035
340,895,0.035
340,896,0.035
340,897,0.035
340,898,0.035
340,899,0.035
340,900,0.035
340,901,0.035
340,902,0.035
341,0,0
341,1,0.01
341,2,0.01
341,3,0.01
341,4,0.01
341,5,0.01
341,6,0.01
341,7,0.01
341,8,0.01
341,9,0.01
341,10,0.01
341,11,0.01
341,12,0.01
341,13,0.01
341,14,0.01
341,15,0.01
341,16,0.01
341,17,0.01
341,18,0.01
341,19,0.01
341,20,0.01
341,21,0.01
341,22,0.01
341,23,0.01
341,24,0.01
341,25,0.01
341,26,0.01
341,27,0.01
341,28,0.01
341,29,0.01
341,30,0.01
341,31,0.01018919
341,32,0.01037838
341,33,0.01056757
341,34,0.01075676
341,35,0.01094595
341,36,0.01113514
341,37,0.01132432
341,38,0.01151351
341,39,0.0117027
341,40,0.01189189
341,41,0.01208108
341,42,0.01227027
341,43,0.01245946
341,44,0.01264865
341,45,0.01283784
341,46,0.01302703
341,47,0.01321622
341,48,0.01340541
341,49,0.01359459
341,50,0.01378378
341,51,0.01397297
341,52,0.01416216
341,53,0.01435135
341,54,0.01454054
341,55,0.01472973
341,56,0.01491892
341,57,0.01510811
341,58,0.0152973
341,59,0.01548649
341,60,0.01567568
341,61,0.01586486
341,62,0.01605405
341,63,0.01624324
341,64,0.01643243
341,65,0.01662162
341,66,0.01681081
341,67,0.017
341,68,0.01718919
341,69,0.01737838
341,70,0.01756757
341,71,0.01775676
341,72,0.01794595
341,73,0.01813514
341,74,0.01832432
341,75,0.01851351
341,76,0.0187027
341,77,0.01889189
341,78,0.01908108
341,79,0.01927027
341,80,0.01945946
341,81,0.01964865
341,82,0.01983784
341,83,0.02002703
341,84,0.02021622
341,85,0.02040541
341,86,0.02059459
341,87,0.02078378
341,88,0.02097297
341,89,0.02116216
341,90,0.02135135
341,91,0.02154054
341,92,0.02172973
341,93,0.02191892
341,94,0.02210811
341,95,0.0222973
341,96,0.02248649
341,97,0.02267568
341,98,0.02286486
341,99,0.02305405
341,100,0.02324324
341,101,0.02343243
341,102,0.02362162
341,103,0.02381081
341,104,0.024
341,105,0.02418919
341,106,0.02437838
341,107,0.02456757
341,108,0.02475676
341,109,0.02494595
341,110,0.02513514
341,111,0.02532432
341,112,0.02551351
341,113,0.0257027
341,114,0.02589189
341,115,0.02608108
341,116,0.02627027
341,117,0.02645946
341,118,0.02664865
341,119,0.02683784
341,120,0.02702703
341,121,0.02721622
341,122,0.02740541
341,123,0.02759459
341,124,0.02778378
341,125,0.02797297
341,126,0.02816216
341,127,0.02835135
341,128,0.02854054
341,129,0.02872973
341,130,0.02891892
341,131,0.02910811
341,132,0.0292973
341,133,0.02948649
341,134,0.02967568
341,135,0.02986486
341,136,0.03005405
341,137,0.03024324
341,138,0.03043243
341,139,0.03062162
341,140,0.03081081
341,141,0.031
341,142,0.03118919
341,143,0.03137838
341,144,0.03156757
341,145,0.03175676
341,146,0.03194595
341,147,0.03213514
341,148,0.03232432
341,149,0.03251351
341,150,0.0327027
341,151,0.03289189
341,152,0.03308108
341,153,0.03327027
341,154,0.03345946
341,155,0.03364865
341,156,0.03383784
341,157,0.03402703
341,158,0.03421622
341,159,0.03440541
341,160,0.03459459
341,161,0.03478378
341,162,0.03497297
341,163,0.03516216
341,164,0.03535135
341,165,0.03554054
341,166,0.03572973
341,167,0.03591892
341,168,0.03610811
341,169,0.0362973
341,170,0.03648649
341,171,0.03667568
341,172,0.03686486
341,173,0.03705405
341,174,0.03724324
341,175,0.03743243
341,176,0.03762162
341,177,0.03781081
341,178,0.038
341,179,0.03818919
341,180,0.03837838
341,181,0.03856757
341,182,0.03875676
341,183,0.03894595
341,184,0.03913514
341,185,0.03932432
341,186,0.03951351
341,187,0.0397027
341,188,0.03989189
341,189,0.04008108
341,190,0.04027027
341,191,0.04045946
341,192,0.04064865
341,193,0.04083784
341,194,0.04102703
341,195,0.04121622
341,196,0.04140541
341,197,0.04159459
341,198,0.04178378
341,199,0.04197297
341,200,0.04216216
341,201,0.04235135
341,202,0.04254054
341,203,0.04272973
341,204,0.04291892
341,205,0.04310811
341,206,0.0432973
341,207,0.04348649
341,208,0.04367568
341,209,0.04386486
341,210,0.04405405
341,211,0.04424324
341,212,0.04443243
341,213,0.04462162
341,214,0.04481081
341,215,0.045
341,216,0.04504237
341,217,0.04508475
341,218,0.04512712
341,219,0.04516949
341,220,0.04521186
341,221,0.04525424
341,222,0.04529661
341,223,0.04533898
341,224,0.04538136
341,225,0.04542373
341,226,0.0454661
341,227,0.04550847
341,228,0.04555085
341,229,0.04559322
341,230,0.04563559
341,231,0.04567797
341,232,0.04572034
341,233,0.04576271
341,234,0.04580508
341,235,0.04584746
341,236,0.04588983
341,237,0.0459322
341,238,0.04597458
341,239,0.04601695
341,240,0.04605932
341,241,0.04610169
341,242,0.04614407
341,243,0.04618644
341,244,0.04622881
341,245,0.04627119
341,246,0.04631356
341,247,0.04635593
341,248,0.04639831
341,249,0.04644068
341,250,0.04648305
341,251,0.04652542
341,252,0.0465678
341,253,0.04661017
341,254,0.04665254
341,255,0.04669492
341,256,0.04673729
341,257,0.04677966
341,258,0.04682203
341,259,0.04686441
341,260,0.04690678
341,261,0.04694915
341,262,0.04699153
341,263,0.0470339
341,264,0.04707627
341,265,0.04711864
341,266,0.04716102
341,267,0.04720339
341,268,0.04724576
341,269,0.04728814
341,270,0.04733051
341,271,0.04737288
341,272,0.04741525
341,273,0.04745763
341,274,0.0475
341,275,0.04754237
341,276,0.04758475
341,277,0.04762712
341,278,0.04766949
341,279,0.04771186
341,280,0.04775424
341,281,0.04779661
341,282,0.04783898
341,283,0.04788136
341,284,0.04792373
341,285,0.0479661
341,286,0.04800847
341,287,0.04805085
341,288,0.04809322
341,289,0.04813559
341,290,0.04817797
341,291,0.04822034
341,292,0.04826271
341,293,0.04830508
341,294,0.04834746
341,295,0.04838983
341,296,0.0484322
341,297,0.04847458
341,298,0.04851695
341,299,0.04855932
341,300,0.04860169
341,301,0.04864407
341,302,0.04868644
341,303,0.04872881
341,304,0.04877119
341,305,0.04881356
341,306,0.04885593
341,307,0.04889831
341,308,0.04894068
341,309,0.04898305
341,310,0.04902542
341,311,0.0490678
341,312,0.04911017
341,313,0.04915254
341,314,0.04919492
341,315,0.04923729
341,316,0.04927966
341,317,0.04932203
341,318,0.04936441
341,319,0.04940678
341,320,0.04944915
341,321,0.04949153
341,322,0.0495339
341,323,0.04957627
341,324,0.04961864
341,325,0.04966102
341,326,0.04970339
341,327,0.04974576
341,328,0.04978814
341,329,0.04983051
341,330,0.04987288
341,331,0.04991525
341,332,0.04995763
341,333,0.05
341,334,0.05
341,335,0.05
341,336,0.05
341,337,0.05
341,338,0.05
341,339,0.05
341,340,0.05
341,341,0.05
341,342,0.05
341,343,0.05
341,344,0.05
341,345,0.05
341,346,0.05
341,347,0.05
341,348,0.05
341,349,0.05
341,350,0.05
341,351,0.05
341,352,0.05
341,353,0.05
341,354,0.05
341,355,0.05
341,356,0.05
341,357,0.05
341,358,0.05
341,359,0.05
341,360,0.05
341,361,0.05
341,362,0.05
341,363,0.05
341,364,0.05
341,365,0.05
341,366,0.05
341,367,0.05
341,368,0.05
341,369,0.05
341,370,0.05
341,371,0.05
341,372,0.05
341,373,0.05
341,374,0.05
341,375,0.05
341,376,0.05
341,377,0.05
341,378,0.05
341,379,0.05
341,380,0.05
341,381,0.05
341,382,0.05
341,383,0.05
341,384,0.05
341,385,0.05
341,386,0.05
341,387,0.05
341,388,0.05
341,389,0.05
341,390,0.05
341,391,0.05
341,392,0.05
341,393,0.05
341,394,0.05
341,395,0.05
341,396,0.05
341,397,0.05
341,398,0.05
341,399,0.05
341,400,0.05
341,401,0.05
341,402,0.05
341,403,0.05
341,404,0.05
341,405,0.05
341,406,0.05
341,407,0.05
341,408,0.05
341,409,0.05
341,410,0.05
341,411,0.05
341,412,0.05
341,413,0.05
341,414,0.05
341,415,0.05
341,416,0.05
341,417,0.05
341,418,0.05
341,419,0.05
341,420,0.05
341,421,0.05
341,422,0.05
341,423,0.05
341,424,0.05
341,425,0.05
341,426,0.05
341,427,0.05
341,428,0.05
341,429,0.05
341,430,0.05
341,431,0.05
341,432,0.05
341,433,0.05
341,434,0.05
341,435,0.05
341,436,0.05
341,437,0.05
341,438,0.05
341,439,0.05
341,440,0.05
341,441,0.05
341,442,0.05
341,443,0.05
341,444,0.05
341,445,0.05
341,446,0.05
341,447,0.05
341,448,0.05
341,449,0.05
341,450,0.05
341,451,0.05
341,452,0.05
341,453,0.05
341,454,0.05
341,455,0.05
341,456,0.05
341,457,0.05
341,458,0.05
341,459,0.05
341,460,0.05
341,461,0.05
341,462,0.05
341,463,0.05
341,464,0.05
341,465,0.05
341,466,0.05
341,467,0.05
341,468,0.05
341,469,0.05
341,470,0.05
341,471,0.05
341,472,0.05
341,473,0.05
341,474,0.05
341,475,0.05
341,476,0.05
341,477,0.05
341,478,0.05
341,479,0.05
341,480,0.05
341,481,0.05
341,482,0.05
341,483,0.05
341,484,0.05
341,485,0.05
341,486,0.05
341,487,0.05
341,488,0.05
341,489,0.05
341,490,0.05
341,491,0.05
341,492,0.05
341,493,0.05
341,494,0.05
341,495,0.05
341,496,0.05
341,497,0.05
341,498,0.05
341,499,0.05
341,500,0.05
341,501,0.05
341,502,0.05
341,503,0.05
341,504,0.05
341,505,0.05
341,506,0.05
341,507,0.05
341,508,0.05
341,509,0.05
341,510,0.05
341,511,0.05
341,512,0.05
341,513,0.05
341,514,0.05
341,515,0.05
341,516,0.05
341,517,0.05
341,518,0.05
341,519,0.05
341,520,0.05
341,521,0.05
341,522,0.05
341,523,0.05
341,524,0.05
341,525,0.05
341,526,0.05
341,527,0.05
341,528,0.05
341,529,0.05
341,530,0.05
341,531,0.05
341,532,0.05
341,533,0.05
341,534,0.05
341,535,0.05
341,536,0.05
341,537,0.05
341,538,0.05
341,539,0.05
341,540,0.05
341,541,0.05
341,542,0.05
341,543,0.05
341,544,0.05
341,545,0.05
341,546,0.05
341,547,0.05
341,548,0.05
341,549,0.05
341,550,0.05
341,551,0.05
341,552,0.05
341,553,0.05
341,554,0.05
341,555,0.05
341,556,0.05
341,557,0.05
341,558,0.05
341,559,0.05
341,560,0.05
341,561,0.05
341,562,0.05
341,563,0.05
341,564,0.05
341,565,0.05
341,566,0.05
341,567,0.05
341,568,0.05
341,569,0.05
341,570,0.05
341,571,0.05
341,572,0.05
341,573,0.05
341,574,0.05
341,575,0.05
341,576,0.05
341,577,0.05
341,578,0.05
341,579,0.05
341,580,0.05
341,581,0.05
341,582,0.05
341,583,0.05
341,584,0.05
341,585,0.05
341,586,0.05
341,587,0.05
341,588,0.05
341,589,0.05
341,590,0.05
341,591,0.05
341,592,0.05
341,593,0.05
341,594,0.05
341,595,0.05
341,596,0.05
341,597,0.05
341,598,0.05
341,599,0.05
341,600,0.05
341,601,0.05
341,602,0.05
341,603,0.05
341,604,0.05
341,605,0.05
341,606,0.05
341,607,0.05
341,608,0.05
341,609,0.05
341,610,0.05
341,611,0.05
341,612,0.05
341,613,0.05
341,614,0.05
341,615,0.05
341,616,0.05
341,617,0.05
341,618,0.05
341,619,0.05
341,620,0.05
341,621,0.05
341,622,0.05
341,623,0.05
341,624,0.05
341,625,0.05
341,626,0.05
341,627,0.05
341,628,0.05
341,629,0.05
341,630,0.05
341,631,0.05
341,632,0.05
341,633,0.05
341,634,0.05
341,635,0.05
341,636,0.05
341,637,0.05
341,638,0.05
341,639,0.05
341,640,0.05
341,641,0.05
341,642,0.05
341,643,0.05
341,644,0.05
341,645,0.05
341,646,0.05
341,647,0.05
341,648,0.05
341,649,0.05
341,650,0.05
341,651,0.05
341,652,0.05
341,653,0.05
341,654,0.05
341,655,0.05
341,656,0.05
341,657,0.05
341,658,0.05
341,659,0.05
341,660,0.05
341,661,0.05
341,662,0.05
341,663,0.05
341,664,0.05
341,665,0.05
341,666,0.05
341,667,0.05
341,668,0.05
341,669,0.05
341,670,0.05
341,671,0.05
341,672,0.05
341,673,0.05
341,674,0.05
341,675,0.05
341,676,0.05
341,677,0.05
341,678,0.05
341,679,0.05
341,680,0.05
341,681,0.05
341,682,0.05
341,683,0.05
341,684,0.05
341,685,0.05
341,686,0.05
341,687,0.05
341,688,0.05
341,689,0.05
341,690,0.05
341,691,0.05
341,692,0.05
341,693,0.05
341,694,0.05
341,695,0.05
341,696,0.05
341,697,0.05
341,698,0.05
341,699,0.05
341,700,0.05
341,701,0.05
341,702,0.05
341,703,0.05
341,704,0.05
341,705,0.05
341,706,0.05
341,707,0.05
341,708,0.05
341,709,0.05
341,710,0.05
341,711,0.05
341,712,0.05
341,713,0.05
341,714,0.05
341,715,0.05
341,716,0.05
341,717,0.05
341,718,0.05
341,719,0.05
341,720,0.05
341,721,0.05
341,722,0.05
341,723,0.05
341,724,0.05
341,725,0.05
341,726,0.05
341,727,0.05
341,728,0.05
341,729,0.05
341,730,0.05
341,731,0.05
341,732,0.05
341,733,0.05
341,734,0.05
341,735,0.05
341,736,0.05
341,737,0.05
341,738,0.05
341,739,0.05
341,740,0.05
341,741,0.05
341,742,0.05
341,743,0.05
341,744,0.05
341,745,0.05
341,746,0.05
341,747,0.05
341,748,0.05
341,749,0.05
341,750,0.05
341,751,0.05
341,752,0.05
341,753,0.05
341,754,0.05
341,755,0.05
341,756,0.05
341,757,0.05
341,758,0.05
341,759,0.05
341,760,0.05
341,761,0.05
341,762,0.05
341,763,0.05
341,764,0.05
341,765,0.05
341,766,0.05
341,767,0.05
341,768,0.05
341,769,0.05
341,770,0.05
341,771,0.05
341,772,0.05
341,773,0.05
341,774,0.05
341,775,0.05
341,776,0.05
341,777,0.05
341,778,0.05
341,779,0.05
341,780,0.05
341,781,0.05
341,782,0.05
341,783,0.05
341,784,0.05
341,785,0.05
341,786,0.05
341,787,0.05
341,788,0.05
341,789,0.05
341,790,0.05
341,791,0.05
341,792,0.05
341,793,0.05
341,794,0.05
341,795,0.05
341,796,0.05
341,797,0.05
341,798,0.05
341,799,0.05
341,800,0.05
341,801,0.05
341,802,0.05
341,803,0.05
341,804,0.05
341,805,0.05
341,806,0.05
341,807,0.05
341,808,0.05
341,809,0.05
341,810,0.05
341,811,0.05
341,812,0.05
341,813,0.05
341,814,0.05
341,815,0.05
341,816,0.05
341,817,0.05
341,818,0.05
341,819,0.05
341,820,0.05
341,821,0.05
341,822,0.05
341,823,0.05
341,824,0.05
341,825,0.05
341,826,0.05
341,827,0.05
341,828,0.05
341,829,0.05
341,830,0.05
341,831,0.05
341,832,0.05
341,833,0.05
341,834,0.05
341,835,0.05
341,836,0.05
341,837,0.05
341,838,0.05
341,839,0.05
341,840,0.05
341,841,0.05
341,842,0.05
341,843,0.05
341,844,0.05
341,845,0.05
341,846,0.05
341,847,0.05
341,848,0.05
341,849,0.05
341,850,0.05
341,851,0.05
341,852,0.05
341,853,0.05
341,854,0.05
341,855,0.05
341,856,0.05
341,857,0.05
341,858,0.05
341,859,0.05
341,860,0.05
341,861,0.05
341,862,0.05
341,863,0.05
341,864,0.05
341,865,0.05
341,866,0.05
341,867,0.05
341,868,0.05
341,869,0.05
341,870,0.05
341,871,0.05
341,872,0.05
341,873,0.05
341,874,0.05
341,875,0.05
341,876,0.05
341,877,0.05
341,878,0.05
341,879,0.05
341,880,0.05
341,881,0.05
341,882,0.05
341,883,0.05
341,884,0.05
341,885,0.05
341,886,0.05
341,887,0.05
341,888,0.05
341,889,0.05
341,890,0.05
341,891,0.05
341,892,0.05
341,893,0.05
341,894,0.05
341,895,0.05
341,896,0.05
341,897,0.05
341,898,0.05
341,899,0.05
341,900,0.05
341,901,0.05
341,902,0.05
342,0,0
342,1,0.01
342,2,0.01
342,3,0.01
342,4,0.01
342,5,0.01
342,6,0.01
342,7,0.01
342,8,0.01
342,9,0.01
342,10,0.01
342,11,0.01
342,12,0.01
342,13,0.01
342,14,0.01
342,15,0.01
342,16,0.01
342,17,0.01
342,18,0.01
342,19,0.01
342,20,0.01
342,21,0.01
342,22,0.01
342,23,0.01
342,24,0.01
342,25,0.01
342,26,0.01
342,27,0.01
342,28,0.01
342,29,0.01
342,30,0.01
342,31,0.01011429
342,32,0.01022857
342,33,0.01034286
342,34,0.01045714
342,35,0.01057143
342,36,0.01068571
342,37,0.0108
342,38,0.01091429
342,39,0.01102857
342,40,0.01114286
342,41,0.01125714
342,42,0.01137143
342,43,0.01148571
342,44,0.0116
342,45,0.01171429
342,46,0.01182857
342,47,0.01194286
342,48,0.01205714
342,49,0.01217143
342,50,0.01228571
342,51,0.0124
342,52,0.01251429
342,53,0.01262857
342,54,0.01274286
342,55,0.01285714
342,56,0.01297143
342,57,0.01308571
342,58,0.0132
342,59,0.01331429
342,60,0.01342857
342,61,0.01354286
342,62,0.01365714
342,63,0.01377143
342,64,0.01388571
342,65,0.014
342,66,0.01411429
342,67,0.01422857
342,68,0.01434286
342,69,0.01445714
342,70,0.01457143
342,71,0.01468571
342,72,0.0148
342,73,0.01491429
342,74,0.01502857
342,75,0.01514286
342,76,0.01525714
342,77,0.01537143
342,78,0.01548571
342,79,0.0156
342,80,0.01571429
342,81,0.01582857
342,82,0.01594286
342,83,0.01605714
342,84,0.01617143
342,85,0.01628571
342,86,0.0164
342,87,0.01651429
342,88,0.01662857
342,89,0.01674286
342,90,0.01685714
342,91,0.01697143
342,92,0.01708571
342,93,0.0172
342,94,0.01731429
342,95,0.01742857
342,96,0.01754286
342,97,0.01765714
342,98,0.01777143
342,99,0.01788571
342,100,0.018
342,101,0.01808
342,102,0.01816
342,103,0.01824
342,104,0.01832
342,105,0.0184
342,106,0.01848
342,107,0.01856
342,108,0.01864
342,109,0.01872
342,110,0.0188
342,111,0.01888
342,112,0.01896
342,113,0.01904
342,114,0.01912
342,115,0.0192
342,116,0.01928
342,117,0.01936
342,118,0.01944
342,119,0.01952
342,120,0.0196
342,121,0.01968
342,122,0.01976
342,123,0.01984
342,124,0.01992
342,125,0.02
342,126,0.02008
342,127,0.02016
342,128,0.02024
342,129,0.02032
342,130,0.0204
342,131,0.02048
342,132,0.02056
342,133,0.02064
342,134,0.02072
342,135,0.0208
342,136,0.02088
342,137,0.02096
342,138,0.02104
342,139,0.02112
342,140,0.0212
342,141,0.02128
342,142,0.02136
342,143,0.02144
342,144,0.02152
342,145,0.0216
342,146,0.02168
342,147,0.02176
342,148,0.02184
342,149,0.02192
342,150,0.022
342,151,0.02208
342,152,0.02216
342,153,0.02224
342,154,0.02232
342,155,0.0224
342,156,0.02248
342,157,0.02256
342,158,0.02264
342,159,0.02272
342,160,0.0228
342,161,0.02288
342,162,0.02296
342,163,0.02304
342,164,0.02312
342,165,0.0232
342,166,0.02328
342,167,0.02336
342,168,0.02344
342,169,0.02352
342,170,0.0236
342,171,0.02368
342,172,0.02376
342,173,0.02384
342,174,0.02392
342,175,0.024
342,176,0.02408
342,177,0.02416
342,178,0.02424
342,179,0.02432
342,180,0.0244
342,181,0.02448
342,182,0.02456
342,183,0.02464
342,184,0.02472
342,185,0.0248
342,186,0.02488
342,187,0.02496
342,188,0.02504
342,189,0.02512
342,190,0.0252
342,191,0.02528
342,192,0.02536
342,193,0.02544
342,194,0.02552
342,195,0.0256
342,196,0.02568
342,197,0.02576
342,198,0.02584
342,199,0.02592
342,200,0.026
342,201,0.026
342,202,0.026
342,203,0.026
342,204,0.026
342,205,0.026
342,206,0.026
342,207,0.026
342,208,0.026
342,209,0.026
342,210,0.026
342,211,0.026
342,212,0.026
342,213,0.026
342,214,0.026
342,215,0.026
342,216,0.026
342,217,0.026
342,218,0.026
342,219,0.026
342,220,0.026
342,221,0.026
342,222,0.026
342,223,0.026
342,224,0.026
342,225,0.026
342,226,0.026
342,227,0.026
342,228,0.026
342,229,0.026
342,230,0.026
342,231,0.026
342,232,0.026
342,233,0.026
342,234,0.026
342,235,0.026
342,236,0.026
342,237,0.026
342,238,0.026
342,239,0.026
342,240,0.026
342,241,0.026
342,242,0.026
342,243,0.026
342,244,0.026
342,245,0.026
342,246,0.026
342,247,0.026
342,248,0.026
342,249,0.026
342,250,0.026
342,251,0.026
342,252,0.026
342,253,0.026
342,254,0.026
342,255,0.026
342,256,0.026
342,257,0.026
342,258,0.026
342,259,0.026
342,260,0.026
342,261,0.026
342,262,0.026
342,263,0.026
342,264,0.026
342,265,0.026
342,266,0.026
342,267,0.026
342,268,0.026
342,269,0.026
342,270,0.026
342,271,0.026
342,272,0.026
342,273,0.026
342,274,0.026
342,275,0.026
342,276,0.026
342,277,0.026
342,278,0.026
342,279,0.026
342,280,0.026
342,281,0.026
342,282,0.026
342,283,0.026
342,284,0.026
342,285,0.026
342,286,0.026
342,287,0.026
342,288,0.026
342,289,0.026
342,290,0.026
342,291,0.026
342,292,0.026
342,293,0.026
342,294,0.026
342,295,0.026
342,296,0.026
342,297,0.026
342,298,0.026
342,299,0.026
342,300,0.026
342,301,0.026
342,302,0.026
342,303,0.026
342,304,0.026
342,305,0.026
342,306,0.026
342,307,0.026
342,308,0.026
342,309,0.026
342,310,0.026
342,311,0.026
342,312,0.026
342,313,0.026
342,314,0.026
342,315,0.026
342,316,0.026
342,317,0.026
342,318,0.026
342,319,0.026
342,320,0.026
342,321,0.026
342,322,0.026
342,323,0.026
342,324,0.026
342,325,0.026
342,326,0.026
342,327,0.026
342,328,0.026
342,329,0.026
342,330,0.026
342,331,0.026
342,332,0.026
342,333,0.026
342,334,0.026
342,335,0.026
342,336,0.026
342,337,0.026
342,338,0.026
342,339,0.026
342,340,0.026
342,341,0.026
342,342,0.026
342,343,0.026
342,344,0.026
342,345,0.026
342,346,0.026
342,347,0.026
342,348,0.026
342,349,0.026
342,350,0.026
342,351,0.026
342,352,0.026
342,353,0.026
342,354,0.026
342,355,0.026
342,356,0.026
342,357,0.026
342,358,0.026
342,359,0.026
342,360,0.026
342,361,0.026
342,362,0.026
342,363,0.026
342,364,0.026
342,365,0.026
342,366,0.026
342,367,0.026
342,368,0.026
342,369,0.026
342,370,0.026
342,371,0.026
342,372,0.026
342,373,0.026
342,374,0.026
342,375,0.026
342,376,0.026
342,377,0.026
342,378,0.026
342,379,0.026
342,380,0.026
342,381,0.026
342,382,0.026
342,383,0.026
342,384,0.026
342,385,0.026
342,386,0.026
342,387,0.026
342,388,0.026
342,389,0.026
342,390,0.026
342,391,0.026
342,392,0.026
342,393,0.026
342,394,0.026
342,395,0.026
342,396,0.026
342,397,0.026
342,398,0.026
342,399,0.026
342,400,0.026
342,401,0.026
342,402,0.026
342,403,0.026
342,404,0.026
342,405,0.026
342,406,0.026
342,407,0.026
342,408,0.026
342,409,0.026
342,410,0.026
342,411,0.026
342,412,0.026
342,413,0.026
342,414,0.026
342,415,0.026
342,416,0.026
342,417,0.026
342,418,0.026
342,419,0.026
342,420,0.026
342,421,0.026
342,422,0.026
342,423,0.026
342,424,0.026
342,425,0.026
342,426,0.026
342,427,0.026
342,428,0.026
342,429,0.026
342,430,0.026
342,431,0.026
342,432,0.026
342,433,0.026
342,434,0.026
342,435,0.026
342,436,0.026
342,437,0.026
342,438,0.026
342,439,0.026
342,440,0.026
342,441,0.026
342,442,0.026
342,443,0.026
342,444,0.026
342,445,0.026
342,446,0.026
342,447,0.026
342,448,0.026
342,449,0.026
342,450,0.026
342,451,0.026
342,452,0.026
342,453,0.026
342,454,0.026
342,455,0.026
342,456,0.026
342,457,0.026
342,458,0.026
342,459,0.026
342,460,0.026
342,461,0.026
342,462,0.026
342,463,0.026
342,464,0.026
342,465,0.026
342,466,0.026
342,467,0.026
342,468,0.026
342,469,0.026
342,470,0.026
342,471,0.026
342,472,0.026
342,473,0.026
342,474,0.026
342,475,0.026
342,476,0.026
342,477,0.026
342,478,0.026
342,479,0.026
342,480,0.026
342,481,0.026
342,482,0.026
342,483,0.026
342,484,0.026
342,485,0.026
342,486,0.026
342,487,0.026
342,488,0.026
342,489,0.026
342,490,0.026
342,491,0.026
342,492,0.026
342,493,0.026
342,494,0.026
342,495,0.026
342,496,0.026
342,497,0.026
342,498,0.026
342,499,0.026
342,500,0.026
342,501,0.026
342,502,0.026
342,503,0.026
342,504,0.026
342,505,0.026
342,506,0.026
342,507,0.026
342,508,0.026
342,509,0.026
342,510,0.026
342,511,0.026
342,512,0.026
342,513,0.026
342,514,0.026
342,515,0.026
342,516,0.026
342,517,0.026
342,518,0.026
342,519,0.026
342,520,0.026
342,521,0.026
342,522,0.026
342,523,0.026
342,524,0.026
342,525,0.026
342,526,0.026
342,527,0.026
342,528,0.026
342,529,0.026
342,530,0.026
342,531,0.026
342,532,0.026
342,533,0.026
342,534,0.026
342,535,0.026
342,536,0.026
342,537,0.026
342,538,0.026
342,539,0.026
342,540,0.026
342,541,0.026
342,542,0.026
342,543,0.026
342,544,0.026
342,545,0.026
342,546,0.026
342,547,0.026
342,548,0.026
342,549,0.026
342,550,0.026
342,551,0.026
342,552,0.026
342,553,0.026
342,554,0.026
342,555,0.026
342,556,0.026
342,557,0.026
342,558,0.026
342,559,0.026
342,560,0.026
342,561,0.026
342,562,0.026
342,563,0.026
342,564,0.026
342,565,0.026
342,566,0.026
342,567,0.026
342,568,0.026
342,569,0.026
342,570,0.026
342,571,0.026
342,572,0.026
342,573,0.026
342,574,0.026
342,575,0.026
342,576,0.026
342,577,0.026
342,578,0.026
342,579,0.026
342,580,0.026
342,581,0.026
342,582,0.026
342,583,0.026
342,584,0.026
342,585,0.026
342,586,0.026
342,587,0.026
342,588,0.026
342,589,0.026
342,590,0.026
342,591,0.026
342,592,0.026
342,593,0.026
342,594,0.026
342,595,0.026
342,596,0.026
342,597,0.026
342,598,0.026
342,599,0.026
342,600,0.026
342,601,0.026
342,602,0.026
342,603,0.026
342,604,0.026
342,605,0.026
342,606,0.026
342,607,0.026
342,608,0.026
342,609,0.026
342,610,0.026
342,611,0.026
342,612,0.026
342,613,0.026
342,614,0.026
342,615,0.026
342,616,0.026
342,617,0.026
342,618,0.026
342,619,0.026
342,620,0.026
342,621,0.026
342,622,0.026
342,623,0.026
342,624,0.026
342,625,0.026
342,626,0.026
342,627,0.026
342,628,0.026
342,629,0.026
342,630,0.026
342,631,0.026
342,632,0.026
342,633,0.026
342,634,0.026
342,635,0.026
342,636,0.026
342,637,0.026
342,638,0.026
342,639,0.026
342,640,0.026
342,641,0.026
342,642,0.026
342,643,0.026
342,644,0.026
342,645,0.026
342,646,0.026
342,647,0.026
342,648,0.026
342,649,0.026
342,650,0.026
342,651,0.026
342,652,0.026
342,653,0.026
342,654,0.026
342,655,0.026
342,656,0.026
342,657,0.026
342,658,0.026
342,659,0.026
342,660,0.026
342,661,0.026
342,662,0.026
342,663,0.026
342,664,0.026
342,665,0.026
342,666,0.026
342,667,0.026
342,668,0.026
342,669,0.026
342,670,0.026
342,671,0.026
342,672,0.026
342,673,0.026
342,674,0.026
342,675,0.026
342,676,0.026
342,677,0.026
342,678,0.026
342,679,0.026
342,680,0.026
342,681,0.026
342,682,0.026
342,683,0.026
342,684,0.026
342,685,0.026
342,686,0.026
342,687,0.026
342,688,0.026
342,689,0.026
342,690,0.026
342,691,0.026
342,692,0.026
342,693,0.026
342,694,0.026
342,695,0.026
342,696,0.026
342,697,0.026
342,698,0.026
342,699,0.026
342,700,0.026
342,701,0.026
342,702,0.026
342,703,0.026
342,704,0.026
342,705,0.026
342,706,0.026
342,707,0.026
342,708,0.026
342,709,0.026
342,710,0.026
342,711,0.026
342,712,0.026
342,713,0.026
342,714,0.026
342,715,0.026
342,716,0.026
342,717,0.026
342,718,0.026
342,719,0.026
342,720,0.026
342,721,0.026
342,722,0.026
342,723,0.026
342,724,0.026
342,725,0.026
342,726,0.026
342,727,0.026
342,728,0.026
342,729,0.026
342,730,0.026
342,731,0.026
342,732,0.026
342,733,0.026
342,734,0.026
342,735,0.026
342,736,0.026
342,737,0.026
342,738,0.026
342,739,0.026
342,740,0.026
342,741,0.026
342,742,0.026
342,743,0.026
342,744,0.026
342,745,0.026
342,746,0.026
342,747,0.026
342,748,0.026
342,749,0.026
342,750,0.026
342,751,0.026
342,752,0.026
342,753,0.026
342,754,0.026
342,755,0.026
342,756,0.026
342,757,0.026
342,758,0.026
342,759,0.026
342,760,0.026
342,761,0.026
342,762,0.026
342,763,0.026
342,764,0.026
342,765,0.026
342,766,0.026
342,767,0.026
342,768,0.026
342,769,0.026
342,770,0.026
342,771,0.026
342,772,0.026
342,773,0.026
342,774,0.026
342,775,0.026
342,776,0.026
342,777,0.026
342,778,0.026
342,779,0.026
342,780,0.026
342,781,0.026
342,782,0.026
342,783,0.026
342,784,0.026
342,785,0.026
342,786,0.026
342,787,0.026
342,788,0.026
342,789,0.026
342,790,0.026
342,791,0.026
342,792,0.026
342,793,0.026
342,794,0.026
342,795,0.026
342,796,0.026
342,797,0.026
342,798,0.026
342,799,0.026
342,800,0.026
342,801,0.026
342,802,0.026
342,803,0.026
342,804,0.026
342,805,0.026
342,806,0.026
342,807,0.026
342,808,0.026
342,809,0.026
342,810,0.026
342,811,0.026
342,812,0.026
342,813,0.026
342,814,0.026
342,815,0.026
342,816,0.026
342,817,0.026
342,818,0.026
342,819,0.026
342,820,0.026
342,821,0.026
342,822,0.026
342,823,0.026
342,824,0.026
342,825,0.026
342,826,0.026
342,827,0.026
342,828,0.026
342,829,0.026
342,830,0.026
342,831,0.026
342,832,0.026
342,833,0.026
342,834,0.026
342,835,0.026
342,836,0.026
342,837,0.026
342,838,0.026
342,839,0.026
342,840,0.026
342,841,0.026
342,842,0.026
342,843,0.026
342,844,0.026
342,845,0.026
342,846,0.026
342,847,0.026
342,848,0.026
342,849,0.026
342,850,0.026
342,851,0.026
342,852,0.026
342,853,0.026
342,854,0.026
342,855,0.026
342,856,0.026
342,857,0.026
342,858,0.026
342,859,0.026
342,860,0.026
342,861,0.026
342,862,0.026
342,863,0.026
342,864,0.026
342,865,0.026
342,866,0.026
342,867,0.026
342,868,0.026
342,869,0.026
342,870,0.026
342,871,0.026
342,872,0.026
342,873,0.026
342,874,0.026
342,875,0.026
342,876,0.026
342,877,0.026
342,878,0.026
342,879,0.026
342,880,0.026
342,881,0.026
342,882,0.026
342,883,0.026
342,884,0.026
342,885,0.026
342,886,0.026
342,887,0.026
342,888,0.026
342,889,0.026
342,890,0.026
342,891,0.026
342,892,0.026
342,893,0.026
342,894,0.026
342,895,0.026
342,896,0.026
342,897,0.026
342,898,0.026
342,899,0.026
342,900,0.026
342,901,0.026
342,902,0.026
350,0,0
350,1,0.01
350,2,0.01
350,3,0.01
350,4,0.01
350,5,0.01
350,6,0.01
350,7,0.01
350,8,0.01
350,9,0.01
350,10,0.01
350,11,0.01
350,12,0.01
350,13,0.01
350,14,0.01
350,15,0.01
350,16,0.01
350,17,0.01
350,18,0.01
350,19,0.01
350,20,0.01
350,21,0.01
350,22,0.01
350,23,0.01
350,24,0.01
350,25,0.01
350,26,0.01
350,27,0.01
350,28,0.01
350,29,0.01
350,30,0.01
350,31,0.01008108
350,32,0.01016216
350,33,0.01024324
350,34,0.01032432
350,35,0.01040541
350,36,0.01048649
350,37,0.01056757
350,38,0.01064865
350,39,0.01072973
350,40,0.01081081
350,41,0.01089189
350,42,0.01097297
350,43,0.01105405
350,44,0.01113514
350,45,0.01121622
350,46,0.0112973
350,47,0.01137838
350,48,0.01145946
350,49,0.01154054
350,50,0.01162162
350,51,0.0117027
350,52,0.01178378
350,53,0.01186486
350,54,0.01194595
350,55,0.01202703
350,56,0.01210811
350,57,0.01218919
350,58,0.01227027
350,59,0.01235135
350,60,0.01243243
350,61,0.01251351
350,62,0.01259459
350,63,0.01267568
350,64,0.01275676
350,65,0.01283784
350,66,0.01291892
350,67,0.013
350,68,0.01308108
350,69,0.01316216
350,70,0.01324324
350,71,0.01332432
350,72,0.01340541
350,73,0.01348649
350,74,0.01356757
350,75,0.01364865
350,76,0.01372973
350,77,0.01381081
350,78,0.01389189
350,79,0.01397297
350,80,0.01405405
350,81,0.01413514
350,82,0.01421622
350,83,0.0142973
350,84,0.01437838
350,85,0.01445946
350,86,0.01454054
350,87,0.01462162
350,88,0.0147027
350,89,0.01478378
350,90,0.01486486
350,91,0.01494595
350,92,0.01502703
350,93,0.01510811
350,94,0.01518919
350,95,0.01527027
350,96,0.01535135
350,97,0.01543243
350,98,0.01551351
350,99,0.01559459
350,100,0.01567568
350,101,0.01575676
350,102,0.01583784
350,103,0.01591892
350,104,0.016
350,105,0.01608108
350,106,0.01616216
350,107,0.01624324
350,108,0.01632432
350,109,0.01640541
350,110,0.01648649
350,111,0.01656757
350,112,0.01664865
350,113,0.01672973
350,114,0.01681081
350,115,0.01689189
350,116,0.01697297
350,117,0.01705405
350,118,0.01713514
350,119,0.01721622
350,120,0.0172973
350,121,0.01737838
350,122,0.01745946
350,123,0.01754054
350,124,0.01762162
350,125,0.0177027
350,126,0.01778378
350,127,0.01786486
350,128,0.01794595
350,129,0.01802703
350,130,0.01810811
350,131,0.01818919
350,132,0.01827027
350,133,0.01835135
350,134,0.01843243
350,135,0.01851351
350,136,0.01859459
350,137,0.01867568
350,138,0.01875676
350,139,0.01883784
350,140,0.01891892
350,141,0.019
350,142,0.01908108
350,143,0.01916216
350,144,0.01924324
350,145,0.01932432
350,146,0.01940541
350,147,0.01948649
350,148,0.01956757
350,149,0.01964865
350,150,0.01972973
350,151,0.01981081
350,152,0.01989189
350,153,0.01997297
350,154,0.02005405
350,155,0.02013514
350,156,0.02021622
350,157,0.0202973
350,158,0.02037838
350,159,0.02045946
350,160,0.02054054
350,161,0.02062162
350,162,0.0207027
350,163,0.02078378
350,164,0.02086486
350,165,0.02094595
350,166,0.02102703
350,167,0.02110811
350,168,0.02118919
350,169,0.02127027
350,170,0.02135135
350,171,0.02143243
350,172,0.02151351
350,173,0.02159459
350,174,0.02167568
350,175,0.02175676
350,176,0.02183784
350,177,0.02191892
350,178,0.022
350,179,0.02208108
350,180,0.02216216
350,181,0.02224324
350,182,0.02232432
350,183,0.02240541
350,184,0.02248649
350,185,0.02256757
350,186,0.02264865
350,187,0.02272973
350,188,0.02281081
350,189,0.02289189
350,190,0.02297297
350,191,0.02305405
350,192,0.02313514
350,193,0.02321622
350,194,0.0232973
350,195,0.02337838
350,196,0.02345946
350,197,0.02354054
350,198,0.02362162
350,199,0.0237027
350,200,0.02378378
350,201,0.02386486
350,202,0.02394595
350,203,0.02402703
350,204,0.02410811
350,205,0.02418919
350,206,0.02427027
350,207,0.02435135
350,208,0.02443243
350,209,0.02451351
350,210,0.02459459
350,211,0.02467568
350,212,0.02475676
350,213,0.02483784
350,214,0.02491892
350,215,0.025
350,216,0.02510638
350,217,0.02521277
350,218,0.02531915
350,219,0.02542553
350,220,0.02553191
350,221,0.0256383
350,222,0.02574468
350,223,0.02585106
350,224,0.02595745
350,225,0.02606383
350,226,0.02617021
350,227,0.0262766
350,228,0.02638298
350,229,0.02648936
350,230,0.02659574
350,231,0.02670213
350,232,0.02680851
350,233,0.02691489
350,234,0.02702128
350,235,0.02712766
350,236,0.02723404
350,237,0.02734043
350,238,0.02744681
350,239,0.02755319
350,240,0.02765957
350,241,0.02776596
350,242,0.02787234
350,243,0.02797872
350,244,0.02808511
350,245,0.02819149
350,246,0.02829787
350,247,0.02840426
350,248,0.02851064
350,249,0.02861702
350,250,0.0287234
350,251,0.02882979
350,252,0.02893617
350,253,0.02904255
350,254,0.02914894
350,255,0.02925532
350,256,0.0293617
350,257,0.02946809
350,258,0.02957447
350,259,0.02968085
350,260,0.02978723
350,261,0.02989362
350,262,0.03
350,263,0.03
350,264,0.03
350,265,0.03
350,266,0.03
350,267,0.03
350,268,0.03
350,269,0.03
350,270,0.03
350,271,0.03
350,272,0.03
350,273,0.03
350,274,0.03
350,275,0.03
350,276,0.03
350,277,0.03
350,278,0.03
350,279,0.03
350,280,0.03
350,281,0.03
350,282,0.03
350,283,0.03
350,284,0.03
350,285,0.03
350,286,0.03
350,287,0.03
350,288,0.03
350,289,0.03
350,290,0.03
350,291,0.03
350,292,0.03
350,293,0.03
350,294,0.03
350,295,0.03
350,296,0.03
350,297,0.03
350,298,0.03
350,299,0.03
350,300,0.03
350,301,0.03
350,302,0.03
350,303,0.03
350,304,0.03
350,305,0.03
350,306,0.03
350,307,0.03
350,308,0.03
350,309,0.03
350,310,0.03
350,311,0.03
350,312,0.03
350,313,0.03
350,314,0.03
350,315,0.03
350,316,0.03
350,317,0.03
350,318,0.03
350,319,0.03
350,320,0.03
350,321,0.03
350,322,0.03
350,323,0.03
350,324,0.03
350,325,0.03
350,326,0.03
350,327,0.03
350,328,0.03
350,329,0.03
350,330,0.03
350,331,0.03
350,332,0.03
350,333,0.03
350,334,0.03
350,335,0.03
350,336,0.03
350,337,0.03
350,338,0.03
350,339,0.03
350,340,0.03
350,341,0.03
350,342,0.03
350,343,0.03
350,344,0.03
350,345,0.03
350,346,0.03
350,347,0.03
350,348,0.03
350,349,0.03
350,350,0.03
350,351,0.03
350,352,0.03
350,353,0.03
350,354,0.03
350,355,0.03
350,356,0.03
350,357,0.03
350,358,0.03
350,359,0.03
350,360,0.03
350,361,0.03
350,362,0.03
350,363,0.03
350,364,0.03
350,365,0.03
350,366,0.03
350,367,0.03
350,368,0.03
350,369,0.03
350,370,0.03
350,371,0.03
350,372,0.03
350,373,0.03
350,374,0.03
350,375,0.03
350,376,0.03
350,377,0.03
350,378,0.03
350,379,0.03
350,380,0.03
350,381,0.03
350,382,0.03
350,383,0.03
350,384,0.03
350,385,0.03
350,386,0.03
350,387,0.03
350,388,0.03
350,389,0.03
350,390,0.03
350,391,0.03
350,392,0.03
350,393,0.03
350,394,0.03
350,395,0.03
350,396,0.03
350,397,0.03
350,398,0.03
350,399,0.03
350,400,0.03
350,401,0.03
350,402,0.03
350,403,0.03
350,404,0.03
350,405,0.03
350,406,0.03
350,407,0.03
350,408,0.03
350,409,0.03
350,410,0.03
350,411,0.03
350,412,0.03
350,413,0.03
350,414,0.03
350,415,0.03
350,416,0.03
350,417,0.03
350,418,0.03
350,419,0.03
350,420,0.03
350,421,0.03
350,422,0.03
350,423,0.03
350,424,0.03
350,425,0.03
350,426,0.03
350,427,0.03
350,428,0.03
350,429,0.03
350,430,0.03
350,431,0.03
350,432,0.03
350,433,0.03
350,434,0.03
350,435,0.03
350,436,0.03
350,437,0.03
350,438,0.03
350,439,0.03
350,440,0.03
350,441,0.03
350,442,0.03
350,443,0.03
350,444,0.03
350,445,0.03
350,446,0.03
350,447,0.03
350,448,0.03
350,449,0.03
350,450,0.03
350,451,0.03
350,452,0.03
350,453,0.03
350,454,0.03
350,455,0.03
350,456,0.03
350,457,0.03
350,458,0.03
350,459,0.03
350,460,0.03
350,461,0.03
350,462,0.03
350,463,0.03
350,464,0.03
350,465,0.03
350,466,0.03
350,467,0.03
350,468,0.03
350,469,0.03
350,470,0.03
350,471,0.03
350,472,0.03
350,473,0.03
350,474,0.03
350,475,0.03
350,476,0.03
350,477,0.03
350,478,0.03
350,479,0.03
350,480,0.03
350,481,0.03
350,482,0.03
350,483,0.03
350,484,0.03
350,485,0.03
350,486,0.03
350,487,0.03
350,488,0.03
350,489,0.03
350,490,0.03
350,491,0.03
350,492,0.03
350,493,0.03
350,494,0.03
350,495,0.03
350,496,0.03
350,497,0.03
350,498,0.03
350,499,0.03
350,500,0.03
350,501,0.03
350,502,0.03
350,503,0.03
350,504,0.03
350,505,0.03
350,506,0.03
350,507,0.03
350,508,0.03
350,509,0.03
350,510,0.03
350,511,0.03
350,512,0.03
350,513,0.03
350,514,0.03
350,515,0.03
350,516,0.03
350,517,0.03
350,518,0.03
350,519,0.03
350,520,0.03
350,521,0.03
350,522,0.03
350,523,0.03
350,524,0.03
350,525,0.03
350,526,0.03
350,527,0.03
350,528,0.03
350,529,0.03
350,530,0.03
350,531,0.03
350,532,0.03
350,533,0.03
350,534,0.03
350,535,0.03
350,536,0.03
350,537,0.03
350,538,0.03
350,539,0.03
350,540,0.03
350,541,0.03
350,542,0.03
350,543,0.03
350,544,0.03
350,545,0.03
350,546,0.03
350,547,0.03
350,548,0.03
350,549,0.03
350,550,0.03
350,551,0.03
350,552,0.03
350,553,0.03
350,554,0.03
350,555,0.03
350,556,0.03
350,557,0.03
350,558,0.03
350,559,0.03
350,560,0.03
350,561,0.03
350,562,0.03
350,563,0.03
350,564,0.03
350,565,0.03
350,566,0.03
350,567,0.03
350,568,0.03
350,569,0.03
350,570,0.03
350,571,0.03
350,572,0.03
350,573,0.03
350,574,0.03
350,575,0.03
350,576,0.03
350,577,0.03
350,578,0.03
350,579,0.03
350,580,0.03
350,581,0.03
350,582,0.03
350,583,0.03
350,584,0.03
350,585,0.03
350,586,0.03
350,587,0.03
350,588,0.03
350,589,0.03
350,590,0.03
350,591,0.03
350,592,0.03
350,593,0.03
350,594,0.03
350,595,0.03
350,596,0.03
350,597,0.03
350,598,0.03
350,599,0.03
350,600,0.03
350,601,0.03
350,602,0.03
350,603,0.03
350,604,0.03
350,605,0.03
350,606,0.03
350,607,0.03
350,608,0.03
350,609,0.03
350,610,0.03
350,611,0.03
350,612,0.03
350,613,0.03
350,614,0.03
350,615,0.03
350,616,0.03
350,617,0.03
350,618,0.03
350,619,0.03
350,620,0.03
350,621,0.03
350,622,0.03
350,623,0.03
350,624,0.03
350,625,0.03
350,626,0.03
350,627,0.03
350,628,0.03
350,629,0.03
350,630,0.03
350,631,0.03
350,632,0.03
350,633,0.03
350,634,0.03
350,635,0.03
350,636,0.03
350,637,0.03
350,638,0.03
350,639,0.03
350,640,0.03
350,641,0.03
350,642,0.03
350,643,0.03
350,644,0.03
350,645,0.03
350,646,0.03
350,647,0.03
350,648,0.03
350,649,0.03
350,650,0.03
350,651,0.03
350,652,0.03
350,653,0.03
350,654,0.03
350,655,0.03
350,656,0.03
350,657,0.03
350,658,0.03
350,659,0.03
350,660,0.03
350,661,0.03
350,662,0.03
350,663,0.03
350,664,0.03
350,665,0.03
350,666,0.03
350,667,0.03
350,668,0.03
350,669,0.03
350,670,0.03
350,671,0.03
350,672,0.03
350,673,0.03
350,674,0.03
350,675,0.03
350,676,0.03
350,677,0.03
350,678,0.03
350,679,0.03
350,680,0.03
350,681,0.03
350,682,0.03
350,683,0.03
350,684,0.03
350,685,0.03
350,686,0.03
350,687,0.03
350,688,0.03
350,689,0.03
350,690,0.03
350,691,0.03
350,692,0.03
350,693,0.03
350,694,0.03
350,695,0.03
350,696,0.03
350,697,0.03
350,698,0.03
350,699,0.03
350,700,0.03
350,701,0.03
350,702,0.03
350,703,0.03
350,704,0.03
350,705,0.03
350,706,0.03
350,707,0.03
350,708,0.03
350,709,0.03
350,710,0.03
350,711,0.03
350,712,0.03
350,713,0.03
350,714,0.03
350,715,0.03
350,716,0.03
350,717,0.03
350,718,0.03
350,719,0.03
350,720,0.03
350,721,0.03
350,722,0.03
350,723,0.03
350,724,0.03
350,725,0.03
350,726,0.03
350,727,0.03
350,728,0.03
350,729,0.03
350,730,0.03
350,731,0.03
350,732,0.03
350,733,0.03
350,734,0.03
350,735,0.03
350,736,0.03
350,737,0.03
350,738,0.03
350,739,0.03
350,740,0.03
350,741,0.03
350,742,0.03
350,743,0.03
350,744,0.03
350,745,0.03
350,746,0.03
350,747,0.03
350,748,0.03
350,749,0.03
350,750,0.03
350,751,0.03
350,752,0.03
350,753,0.03
350,754,0.03
350,755,0.03
350,756,0.03
350,757,0.03
350,758,0.03
350,759,0.03
350,760,0.03
350,761,0.03
350,762,0.03
350,763,0.03
350,764,0.03
350,765,0.03
350,766,0.03
350,767,0.03
350,768,0.03
350,769,0.03
350,770,0.03
350,771,0.03
350,772,0.03
350,773,0.03
350,774,0.03
350,775,0.03
350,776,0.03
350,777,0.03
350,778,0.03
350,779,0.03
350,780,0.03
350,781,0.03
350,782,0.03
350,783,0.03
350,784,0.03
350,785,0.03
350,786,0.03
350,787,0.03
350,788,0.03
350,789,0.03
350,790,0.03
350,791,0.03
350,792,0.03
350,793,0.03
350,794,0.03
350,795,0.03
350,796,0.03
350,797,0.03
350,798,0.03
350,799,0.03
350,800,0.03
350,801,0.03
350,802,0.03
350,803,0.03
350,804,0.03
350,805,0.03
350,806,0.03
350,807,0.03
350,808,0.03
350,809,0.03
350,810,0.03
350,811,0.03
350,812,0.03
350,813,0.03
350,814,0.03
350,815,0.03
350,816,0.03
350,817,0.03
350,818,0.03
350,819,0.03
350,820,0.03
350,821,0.03
350,822,0.03
350,823,0.03
350,824,0.03
350,825,0.03
350,826,0.03
350,827,0.03
350,828,0.03
350,829,0.03
350,830,0.03
350,831,0.03
350,832,0.03
350,833,0.03
350,834,0.03
350,835,0.03
350,836,0.03
350,837,0.03
350,838,0.03
350,839,0.03
350,840,0.03
350,841,0.03
350,842,0.03
350,843,0.03
350,844,0.03
350,845,0.03
350,846,0.03
350,847,0.03
350,848,0.03
350,849,0.03
350,850,0.03
350,851,0.03
350,852,0.03
350,853,0.03
350,854,0.03
350,855,0.03
350,856,0.03
350,857,0.03
350,858,0.03
350,859,0.03
350,860,0.03
350,861,0.03
350,862,0.03
350,863,0.03
350,864,0.03
350,865,0.03
350,866,0.03
350,867,0.03
350,868,0.03
350,869,0.03
350,870,0.03
350,871,0.03
350,872,0.03
350,873,0.03
350,874,0.03
350,875,0.03
350,876,0.03
350,877,0.03
350,878,0.03
350,879,0.03
350,880,0.03
350,881,0.03
350,882,0.03
350,883,0.03
350,884,0.03
350,885,0.03
350,886,0.03
350,887,0.03
350,888,0.03
350,889,0.03
350,890,0.03
350,891,0.03
350,892,0.03
350,893,0.03
350,894,0.03
350,895,0.03
350,896,0.03
350,897,0.03
350,898,0.03
350,899,0.03
350,900,0.03
350,901,0.03
350,902,0.03
351,0,0
351,1,0.01
351,2,0.01
351,3,0.01
351,4,0.01
351,5,0.01
351,6,0.01
351,7,0.01
351,8,0.01
351,9,0.01
351,10,0.01
351,11,0.01
351,12,0.01
351,13,0.01
351,14,0.01
351,15,0.01
351,16,0.01
351,17,0.01
351,18,0.01
351,19,0.01
351,20,0.01
351,21,0.01
351,22,0.01
351,23,0.01
351,24,0.01
351,25,0.01
351,26,0.01
351,27,0.01
351,28,0.01
351,29,0.01
351,30,0.01
351,31,0.01008108
351,32,0.01016216
351,33,0.01024324
351,34,0.01032432
351,35,0.01040541
351,36,0.01048649
351,37,0.01056757
351,38,0.01064865
351,39,0.01072973
351,40,0.01081081
351,41,0.01089189
351,42,0.01097297
351,43,0.01105405
351,44,0.01113514
351,45,0.01121622
351,46,0.0112973
351,47,0.01137838
351,48,0.01145946
351,49,0.01154054
351,50,0.01162162
351,51,0.0117027
351,52,0.01178378
351,53,0.01186486
351,54,0.01194595
351,55,0.01202703
351,56,0.01210811
351,57,0.01218919
351,58,0.01227027
351,59,0.01235135
351,60,0.01243243
351,61,0.01251351
351,62,0.01259459
351,63,0.01267568
351,64,0.01275676
351,65,0.01283784
351,66,0.01291892
351,67,0.013
351,68,0.01308108
351,69,0.01316216
351,70,0.01324324
351,71,0.01332432
351,72,0.01340541
351,73,0.01348649
351,74,0.01356757
351,75,0.01364865
351,76,0.01372973
351,77,0.01381081
351,78,0.01389189
351,79,0.01397297
351,80,0.01405405
351,81,0.01413514
351,82,0.01421622
351,83,0.0142973
351,84,0.01437838
351,85,0.01445946
351,86,0.01454054
351,87,0.01462162
351,88,0.0147027
351,89,0.01478378
351,90,0.01486486
351,91,0.01494595
351,92,0.01502703
351,93,0.01510811
351,94,0.01518919
351,95,0.01527027
351,96,0.01535135
351,97,0.01543243
351,98,0.01551351
351,99,0.01559459
351,100,0.01567568
351,101,0.01575676
351,102,0.01583784
351,103,0.01591892
351,104,0.016
351,105,0.01608108
351,106,0.01616216
351,107,0.01624324
351,108,0.01632432
351,109,0.01640541
351,110,0.01648649
351,111,0.01656757
351,112,0.01664865
351,113,0.01672973
351,114,0.01681081
351,115,0.01689189
351,116,0.01697297
351,117,0.01705405
351,118,0.01713514
351,119,0.01721622
351,120,0.0172973
351,121,0.01737838
351,122,0.01745946
351,123,0.01754054
351,124,0.01762162
351,125,0.0177027
351,126,0.01778378
351,127,0.01786486
351,128,0.01794595
351,129,0.01802703
351,130,0.01810811
351,131,0.01818919
351,132,0.01827027
351,133,0.01835135
351,134,0.01843243
351,135,0.01851351
351,136,0.01859459
351,137,0.01867568
351,138,0.01875676
351,139,0.01883784
351,140,0.01891892
351,141,0.019
351,142,0.01908108
351,143,0.01916216
351,144,0.01924324
351,145,0.01932432
351,146,0.01940541
351,147,0.01948649
351,148,0.01956757
351,149,0.01964865
351,150,0.01972973
351,151,0.01981081
351,152,0.01989189
351,153,0.01997297
351,154,0.02005405
351,155,0.02013514
351,156,0.02021622
351,157,0.0202973
351,158,0.02037838
351,159,0.02045946
351,160,0.02054054
351,161,0.02062162
351,162,0.0207027
351,163,0.02078378
351,164,0.02086486
351,165,0.02094595
351,166,0.02102703
351,167,0.02110811
351,168,0.02118919
351,169,0.02127027
351,170,0.02135135
351,171,0.02143243
351,172,0.02151351
351,173,0.02159459
351,174,0.02167568
351,175,0.02175676
351,176,0.02183784
351,177,0.02191892
351,178,0.022
351,179,0.02208108
351,180,0.02216216
351,181,0.02224324
351,182,0.02232432
351,183,0.02240541
351,184,0.02248649
351,185,0.02256757
351,186,0.02264865
351,187,0.02272973
351,188,0.02281081
351,189,0.02289189
351,190,0.02297297
351,191,0.02305405
351,192,0.02313514
351,193,0.02321622
351,194,0.0232973
351,195,0.02337838
351,196,0.02345946
351,197,0.02354054
351,198,0.02362162
351,199,0.0237027
351,200,0.02378378
351,201,0.02386486
351,202,0.02394595
351,203,0.02402703
351,204,0.02410811
351,205,0.02418919
351,206,0.02427027
351,207,0.02435135
351,208,0.02443243
351,209,0.02451351
351,210,0.02459459
351,211,0.02467568
351,212,0.02475676
351,213,0.02483784
351,214,0.02491892
351,215,0.025
351,216,0.02510638
351,217,0.02521277
351,218,0.02531915
351,219,0.02542553
351,220,0.02553191
351,221,0.0256383
351,222,0.02574468
351,223,0.02585106
351,224,0.02595745
351,225,0.02606383
351,226,0.02617021
351,227,0.0262766
351,228,0.02638298
351,229,0.02648936
351,230,0.02659574
351,231,0.02670213
351,232,0.02680851
351,233,0.02691489
351,234,0.02702128
351,235,0.02712766
351,236,0.02723404
351,237,0.02734043
351,238,0.02744681
351,239,0.02755319
351,240,0.02765957
351,241,0.02776596
351,242,0.02787234
351,243,0.02797872
351,244,0.02808511
351,245,0.02819149
351,246,0.02829787
351,247,0.02840426
351,248,0.02851064
351,249,0.02861702
351,250,0.0287234
351,251,0.02882979
351,252,0.02893617
351,253,0.02904255
351,254,0.02914894
351,255,0.02925532
351,256,0.0293617
351,257,0.02946809
351,258,0.02957447
351,259,0.02968085
351,260,0.02978723
351,261,0.02989362
351,262,0.03
351,263,0.03
351,264,0.03
351,265,0.03
351,266,0.03
351,267,0.03
351,268,0.03
351,269,0.03
351,270,0.03
351,271,0.03
351,272,0.03
351,273,0.03
351,274,0.03
351,275,0.03
351,276,0.03
351,277,0.03
351,278,0.03
351,279,0.03
351,280,0.03
351,281,0.03
351,282,0.03
351,283,0.03
351,284,0.03
351,285,0.03
351,286,0.03
351,287,0.03
351,288,0.03
351,289,0.03
351,290,0.03
351,291,0.03
351,292,0.03
351,293,0.03
351,294,0.03
351,295,0.03
351,296,0.03
351,297,0.03
351,298,0.03
351,299,0.03
351,300,0.03
351,301,0.03
351,302,0.03
351,303,0.03
351,304,0.03
351,305,0.03
351,306,0.03
351,307,0.03
351,308,0.03
351,309,0.03
351,310,0.03
351,311,0.03
351,312,0.03
351,313,0.03
351,314,0.03
351,315,0.03
351,316,0.03
351,317,0.03
351,318,0.03
351,319,0.03
351,320,0.03
351,321,0.03
351,322,0.03
351,323,0.03
351,324,0.03
351,325,0.03
351,326,0.03
351,327,0.03
351,328,0.03
351,329,0.03
351,330,0.03
351,331,0.03
351,332,0.03
351,333,0.03
351,334,0.03
351,335,0.03
351,336,0.03
351,337,0.03
351,338,0.03
351,339,0.03
351,340,0.03
351,341,0.03
351,342,0.03
351,343,0.03
351,344,0.03
351,345,0.03
351,346,0.03
351,347,0.03
351,348,0.03
351,349,0.03
351,350,0.03
351,351,0.03
351,352,0.03
351,353,0.03
351,354,0.03
351,355,0.03
351,356,0.03
351,357,0.03
351,358,0.03
351,359,0.03
351,360,0.03
351,361,0.03
351,362,0.03
351,363,0.03
351,364,0.03
351,365,0.03
351,366,0.03
351,367,0.03
351,368,0.03
351,369,0.03
351,370,0.03
351,371,0.03
351,372,0.03
351,373,0.03
351,374,0.03
351,375,0.03
351,376,0.03
351,377,0.03
351,378,0.03
351,379,0.03
351,380,0.03
351,381,0.03
351,382,0.03
351,383,0.03
351,384,0.03
351,385,0.03
351,386,0.03
351,387,0.03
351,388,0.03
351,389,0.03
351,390,0.03
351,391,0.03
351,392,0.03
351,393,0.03
351,394,0.03
351,395,0.03
351,396,0.03
351,397,0.03
351,398,0.03
351,399,0.03
351,400,0.03
351,401,0.03
351,402,0.03
351,403,0.03
351,404,0.03
351,405,0.03
351,406,0.03
351,407,0.03
351,408,0.03
351,409,0.03
351,410,0.03
351,411,0.03
351,412,0.03
351,413,0.03
351,414,0.03
351,415,0.03
351,416,0.03
351,417,0.03
351,418,0.03
351,419,0.03
351,420,0.03
351,421,0.03
351,422,0.03
351,423,0.03
351,424,0.03
351,425,0.03
351,426,0.03
351,427,0.03
351,428,0.03
351,429,0.03
351,430,0.03
351,431,0.03
351,432,0.03
351,433,0.03
351,434,0.03
351,435,0.03
351,436,0.03
351,437,0.03
351,438,0.03
351,439,0.03
351,440,0.03
351,441,0.03
351,442,0.03
351,443,0.03
351,444,0.03
351,445,0.03
351,446,0.03
351,447,0.03
351,448,0.03
351,449,0.03
351,450,0.03
351,451,0.03
351,452,0.03
351,453,0.03
351,454,0.03
351,455,0.03
351,456,0.03
351,457,0.03
351,458,0.03
351,459,0.03
351,460,0.03
351,461,0.03
351,462,0.03
351,463,0.03
351,464,0.03
351,465,0.03
351,466,0.03
351,467,0.03
351,468,0.03
351,469,0.03
351,470,0.03
351,471,0.03
351,472,0.03
351,473,0.03
351,474,0.03
351,475,0.03
351,476,0.03
351,477,0.03
351,478,0.03
351,479,0.03
351,480,0.03
351,481,0.03
351,482,0.03
351,483,0.03
351,484,0.03
351,485,0.03
351,486,0.03
351,487,0.03
351,488,0.03
351,489,0.03
351,490,0.03
351,491,0.03
351,492,0.03
351,493,0.03
351,494,0.03
351,495,0.03
351,496,0.03
351,497,0.03
351,498,0.03
351,499,0.03
351,500,0.03
351,501,0.03
351,502,0.03
351,503,0.03
351,504,0.03
351,505,0.03
351,506,0.03
351,507,0.03
351,508,0.03
351,509,0.03
351,510,0.03
351,511,0.03
351,512,0.03
351,513,0.03
351,514,0.03
351,515,0.03
351,516,0.03
351,517,0.03
351,518,0.03
351,519,0.03
351,520,0.03
351,521,0.03
351,522,0.03
351,523,0.03
351,524,0.03
351,525,0.03
351,526,0.03
351,527,0.03
351,528,0.03
351,529,0.03
351,530,0.03
351,531,0.03
351,532,0.03
351,533,0.03
351,534,0.03
351,535,0.03
351,536,0.03
351,537,0.03
351,538,0.03
351,539,0.03
351,540,0.03
351,541,0.03
351,542,0.03
351,543,0.03
351,544,0.03
351,545,0.03
351,546,0.03
351,547,0.03
351,548,0.03
351,549,0.03
351,550,0.03
351,551,0.03
351,552,0.03
351,553,0.03
351,554,0.03
351,555,0.03
351,556,0.03
351,557,0.03
351,558,0.03
351,559,0.03
351,560,0.03
351,561,0.03
351,562,0.03
351,563,0.03
351,564,0.03
351,565,0.03
351,566,0.03
351,567,0.03
351,568,0.03
351,569,0.03
351,570,0.03
351,571,0.03
351,572,0.03
351,573,0.03
351,574,0.03
351,575,0.03
351,576,0.03
351,577,0.03
351,578,0.03
351,579,0.03
351,580,0.03
351,581,0.03
351,582,0.03
351,583,0.03
351,584,0.03
351,585,0.03
351,586,0.03
351,587,0.03
351,588,0.03
351,589,0.03
351,590,0.03
351,591,0.03
351,592,0.03
351,593,0.03
351,594,0.03
351,595,0.03
351,596,0.03
351,597,0.03
351,598,0.03
351,599,0.03
351,600,0.03
351,601,0.03
351,602,0.03
351,603,0.03
351,604,0.03
351,605,0.03
351,606,0.03
351,607,0.03
351,608,0.03
351,609,0.03
351,610,0.03
351,611,0.03
351,612,0.03
351,613,0.03
351,614,0.03
351,615,0.03
351,616,0.03
351,617,0.03
351,618,0.03
351,619,0.03
351,620,0.03
351,621,0.03
351,622,0.03
351,623,0.03
351,624,0.03
351,625,0.03
351,626,0.03
351,627,0.03
351,628,0.03
351,629,0.03
351,630,0.03
351,631,0.03
351,632,0.03
351,633,0.03
351,634,0.03
351,635,0.03
351,636,0.03
351,637,0.03
351,638,0.03
351,639,0.03
351,640,0.03
351,641,0.03
351,642,0.03
351,643,0.03
351,644,0.03
351,645,0.03
351,646,0.03
351,647,0.03
351,648,0.03
351,649,0.03
351,650,0.03
351,651,0.03
351,652,0.03
351,653,0.03
351,654,0.03
351,655,0.03
351,656,0.03
351,657,0.03
351,658,0.03
351,659,0.03
351,660,0.03
351,661,0.03
351,662,0.03
351,663,0.03
351,664,0.03
351,665,0.03
351,666,0.03
351,667,0.03
351,668,0.03
351,669,0.03
351,670,0.03
351,671,0.03
351,672,0.03
351,673,0.03
351,674,0.03
351,675,0.03
351,676,0.03
351,677,0.03
351,678,0.03
351,679,0.03
351,680,0.03
351,681,0.03
351,682,0.03
351,683,0.03
351,684,0.03
351,685,0.03
351,686,0.03
351,687,0.03
351,688,0.03
351,689,0.03
351,690,0.03
351,691,0.03
351,692,0.03
351,693,0.03
351,694,0.03
351,695,0.03
351,696,0.03
351,697,0.03
351,698,0.03
351,699,0.03
351,700,0.03
351,701,0.03
351,702,0.03
351,703,0.03
351,704,0.03
351,705,0.03
351,706,0.03
351,707,0.03
351,708,0.03
351,709,0.03
351,710,0.03
351,711,0.03
351,712,0.03
351,713,0.03
351,714,0.03
351,715,0.03
351,716,0.03
351,717,0.03
351,718,0.03
351,719,0.03
351,720,0.03
351,721,0.03
351,722,0.03
351,723,0.03
351,724,0.03
351,725,0.03
351,726,0.03
351,727,0.03
351,728,0.03
351,729,0.03
351,730,0.03
351,731,0.03
351,732,0.03
351,733,0.03
351,734,0.03
351,735,0.03
351,736,0.03
351,737,0.03
351,738,0.03
351,739,0.03
351,740,0.03
351,741,0.03
351,742,0.03
351,743,0.03
351,744,0.03
351,745,0.03
351,746,0.03
351,747,0.03
351,748,0.03
351,749,0.03
351,750,0.03
351,751,0.03
351,752,0.03
351,753,0.03
351,754,0.03
351,755,0.03
351,756,0.03
351,757,0.03
351,758,0.03
351,759,0.03
351,760,0.03
351,761,0.03
351,762,0.03
351,763,0.03
351,764,0.03
351,765,0.03
351,766,0.03
351,767,0.03
351,768,0.03
351,769,0.03
351,770,0.03
351,771,0.03
351,772,0.03
351,773,0.03
351,774,0.03
351,775,0.03
351,776,0.03
351,777,0.03
351,778,0.03
351,779,0.03
351,780,0.03
351,781,0.03
351,782,0.03
351,783,0.03
351,784,0.03
351,785,0.03
351,786,0.03
351,787,0.03
351,788,0.03
351,789,0.03
351,790,0.03
351,791,0.03
351,792,0.03
351,793,0.03
351,794,0.03
351,795,0.03
351,796,0.03
351,797,0.03
351,798,0.03
351,799,0.03
351,800,0.03
351,801,0.03
351,802,0.03
351,803,0.03
351,804,0.03
351,805,0.03
351,806,0.03
351,807,0.03
351,808,0.03
351,809,0.03
351,810,0.03
351,811,0.03
351,812,0.03
351,813,0.03
351,814,0.03
351,815,0.03
351,816,0.03
351,817,0.03
351,818,0.03
351,819,0.03
351,820,0.03
351,821,0.03
351,822,0.03
351,823,0.03
351,824,0.03
351,825,0.03
351,826,0.03
351,827,0.03
351,828,0.03
351,829,0.03
351,830,0.03
351,831,0.03
351,832,0.03
351,833,0.03
351,834,0.03
351,835,0.03
351,836,0.03
351,837,0.03
351,838,0.03
351,839,0.03
351,840,0.03
351,841,0.03
351,842,0.03
351,843,0.03
351,844,0.03
351,845,0.03
351,846,0.03
351,847,0.03
351,848,0.03
351,849,0.03
351,850,0.03
351,851,0.03
351,852,0.03
351,853,0.03
351,854,0.03
351,855,0.03
351,856,0.03
351,857,0.03
351,858,0.03
351,859,0.03
351,860,0.03
351,861,0.03
351,862,0.03
351,863,0.03
351,864,0.03
351,865,0.03
351,866,0.03
351,867,0.03
351,868,0.03
351,869,0.03
351,870,0.03
351,871,0.03
351,872,0.03
351,873,0.03
351,874,0.03
351,875,0.03
351,876,0.03
351,877,0.03
351,878,0.03
351,879,0.03
351,880,0.03
351,881,0.03
351,882,0.03
351,883,0.03
351,884,0.03
351,885,0.03
351,886,0.03
351,887,0.03
351,888,0.03
351,889,0.03
351,890,0.03
351,891,0.03
351,892,0.03
351,893,0.03
351,894,0.03
351,895,0.03
351,896,0.03
351,897,0.03
351,898,0.03
351,899,0.03
351,900,0.03
351,901,0.03
351,902,0.03
352,0,0
352,1,0.01
352,2,0.01
352,3,0.01
352,4,0.01
352,5,0.01
352,6,0.01
352,7,0.01
352,8,0.01
352,9,0.01
352,10,0.01
352,11,0.01
352,12,0.01
352,13,0.01
352,14,0.01
352,15,0.01
352,16,0.01
352,17,0.01
352,18,0.01
352,19,0.01
352,20,0.01
352,21,0.01
352,22,0.01
352,23,0.01
352,24,0.01
352,25,0.01
352,26,0.01
352,27,0.01
352,28,0.01
352,29,0.01
352,30,0.01
352,31,0.01007895
352,32,0.01015789
352,33,0.01023684
352,34,0.01031579
352,35,0.01039474
352,36,0.01047368
352,37,0.01055263
352,38,0.01063158
352,39,0.01071053
352,40,0.01078947
352,41,0.01086842
352,42,0.01094737
352,43,0.01102632
352,44,0.01110526
352,45,0.01118421
352,46,0.01126316
352,47,0.01134211
352,48,0.01142105
352,49,0.0115
352,50,0.01157895
352,51,0.01165789
352,52,0.01173684
352,53,0.01181579
352,54,0.01189474
352,55,0.01197368
352,56,0.01205263
352,57,0.01213158
352,58,0.01221053
352,59,0.01228947
352,60,0.01236842
352,61,0.01244737
352,62,0.01252632
352,63,0.01260526
352,64,0.01268421
352,65,0.01276316
352,66,0.01284211
352,67,0.01292105
352,68,0.013
352,69,0.01307895
352,70,0.01315789
352,71,0.01323684
352,72,0.01331579
352,73,0.01339474
352,74,0.01347368
352,75,0.01355263
352,76,0.01363158
352,77,0.01371053
352,78,0.01378947
352,79,0.01386842
352,80,0.01394737
352,81,0.01402632
352,82,0.01410526
352,83,0.01418421
352,84,0.01426316
352,85,0.01434211
352,86,0.01442105
352,87,0.0145
352,88,0.01457895
352,89,0.01465789
352,90,0.01473684
352,91,0.01481579
352,92,0.01489474
352,93,0.01497368
352,94,0.01505263
352,95,0.01513158
352,96,0.01521053
352,97,0.01528947
352,98,0.01536842
352,99,0.01544737
352,100,0.01552632
352,101,0.01560526
352,102,0.01568421
352,103,0.01576316
352,104,0.01584211
352,105,0.01592105
352,106,0.016
352,107,0.01607895
352,108,0.01615789
352,109,0.01623684
352,110,0.01631579
352,111,0.01639474
352,112,0.01647368
352,113,0.01655263
352,114,0.01663158
352,115,0.01671053
352,116,0.01678947
352,117,0.01686842
352,118,0.01694737
352,119,0.01702632
352,120,0.01710526
352,121,0.01718421
352,122,0.01726316
352,123,0.01734211
352,124,0.01742105
352,125,0.0175
352,126,0.01757895
352,127,0.01765789
352,128,0.01773684
352,129,0.01781579
352,130,0.01789474
352,131,0.01797368
352,132,0.01805263
352,133,0.01813158
352,134,0.01821053
352,135,0.01828947
352,136,0.01836842
352,137,0.01844737
352,138,0.01852632
352,139,0.01860526
352,140,0.01868421
352,141,0.01876316
352,142,0.01884211
352,143,0.01892105
352,144,0.019
352,145,0.01907895
352,146,0.01915789
352,147,0.01923684
352,148,0.01931579
352,149,0.01939474
352,150,0.01947368
352,151,0.01955263
352,152,0.01963158
352,153,0.01971053
352,154,0.01978947
352,155,0.01986842
352,156,0.01994737
352,157,0.02002632
352,158,0.02010526
352,159,0.02018421
352,160,0.02026316
352,161,0.02034211
352,162,0.02042105
352,163,0.0205
352,164,0.02057895
352,165,0.02065789
352,166,0.02073684
352,167,0.02081579
352,168,0.02089474
352,169,0.02097368
352,170,0.02105263
352,171,0.02113158
352,172,0.02121053
352,173,0.02128947
352,174,0.02136842
352,175,0.02144737
352,176,0.02152632
352,177,0.02160526
352,178,0.02168421
352,179,0.02176316
352,180,0.02184211
352,181,0.02192105
352,182,0.022
352,183,0.02207895
352,184,0.02215789
352,185,0.02223684
352,186,0.02231579
352,187,0.02239474
352,188,0.02247368
352,189,0.02255263
352,190,0.02263158
352,191,0.02271053
352,192,0.02278947
352,193,0.02286842
352,194,0.02294737
352,195,0.02302632
352,196,0.02310526
352,197,0.02318421
352,198,0.02326316
352,199,0.02334211
352,200,0.02342105
352,201,0.0235
352,202,0.02357895
352,203,0.02365789
352,204,0.02373684
352,205,0.02381579
352,206,0.02389474
352,207,0.02397368
352,208,0.02405263
352,209,0.02413158
352,210,0.02421053
352,211,0.02428947
352,212,0.02436842
352,213,0.02444737
352,214,0.02452632
352,215,0.02460526
352,216,0.02468421
352,217,0.02476316
352,218,0.02484211
352,219,0.02492105
352,220,0.025
352,221,0.03
352,222,0.03
352,223,0.03
352,224,0.03
352,225,0.03
352,226,0.03
352,227,0.03
352,228,0.03
352,229,0.03
352,230,0.03
352,231,0.03
352,232,0.03
352,233,0.03
352,234,0.03
352,235,0.03
352,236,0.03
352,237,0.03
352,238,0.03
352,239,0.03
352,240,0.03
352,241,0.03
352,242,0.03
352,243,0.03
352,244,0.03
352,245,0.03
352,246,0.03
352,247,0.03
352,248,0.03
352,249,0.03
352,250,0.03
352,251,0.03
352,252,0.03
352,253,0.03
352,254,0.03
352,255,0.03
352,256,0.03
352,257,0.03
352,258,0.03
352,259,0.03
352,260,0.03
352,261,0.03
352,262,0.03
352,263,0.03
352,264,0.03
352,265,0.03
352,266,0.03
352,267,0.03
352,268,0.03
352,269,0.03
352,270,0.03
352,271,0.03
352,272,0.03
352,273,0.03
352,274,0.03
352,275,0.03
352,276,0.03
352,277,0.03
352,278,0.03
352,279,0.03
352,280,0.03
352,281,0.03
352,282,0.03
352,283,0.03
352,284,0.03
352,285,0.03
352,286,0.03
352,287,0.03
352,288,0.03
352,289,0.03
352,290,0.03
352,291,0.03
352,292,0.03
352,293,0.03
352,294,0.03
352,295,0.03
352,296,0.03
352,297,0.03
352,298,0.03
352,299,0.03
352,300,0.03
352,301,0.03
352,302,0.03
352,303,0.03
352,304,0.03
352,305,0.03
352,306,0.03
352,307,0.03
352,308,0.03
352,309,0.03
352,310,0.03
352,311,0.03
352,312,0.03
352,313,0.03
352,314,0.03
352,315,0.03
352,316,0.03
352,317,0.03
352,318,0.03
352,319,0.03
352,320,0.03
352,321,0.03
352,322,0.03
352,323,0.03
352,324,0.03
352,325,0.03
352,326,0.03
352,327,0.03
352,328,0.03
352,329,0.03
352,330,0.03
352,331,0.03
352,332,0.03
352,333,0.03
352,334,0.03
352,335,0.03
352,336,0.03
352,337,0.03
352,338,0.03
352,339,0.03
352,340,0.03
352,341,0.03
352,342,0.03
352,343,0.03
352,344,0.03
352,345,0.03
352,346,0.03
352,347,0.03
352,348,0.03
352,349,0.03
352,350,0.03
352,351,0.03
352,352,0.03
352,353,0.03
352,354,0.03
352,355,0.03
352,356,0.03
352,357,0.03
352,358,0.03
352,359,0.03
352,360,0.03
352,361,0.03
352,362,0.03
352,363,0.03
352,364,0.03
352,365,0.03
352,366,0.03
352,367,0.03
352,368,0.03
352,369,0.03
352,370,0.03
352,371,0.03
352,372,0.03
352,373,0.03
352,374,0.03
352,375,0.03
352,376,0.03
352,377,0.03
352,378,0.03
352,379,0.03
352,380,0.03
352,381,0.03
352,382,0.03
352,383,0.03
352,384,0.03
352,385,0.03
352,386,0.03
352,387,0.03
352,388,0.03
352,389,0.03
352,390,0.03
352,391,0.03
352,392,0.03
352,393,0.03
352,394,0.03
352,395,0.03
352,396,0.03
352,397,0.03
352,398,0.03
352,399,0.03
352,400,0.03
352,401,0.03
352,402,0.03
352,403,0.03
352,404,0.03
352,405,0.03
352,406,0.03
352,407,0.03
352,408,0.03
352,409,0.03
352,410,0.03
352,411,0.03
352,412,0.03
352,413,0.03
352,414,0.03
352,415,0.03
352,416,0.03
352,417,0.03
352,418,0.03
352,419,0.03
352,420,0.03
352,421,0.03
352,422,0.03
352,423,0.03
352,424,0.03
352,425,0.03
352,426,0.03
352,427,0.03
352,428,0.03
352,429,0.03
352,430,0.03
352,431,0.03
352,432,0.03
352,433,0.03
352,434,0.03
352,435,0.03
352,436,0.03
352,437,0.03
352,438,0.03
352,439,0.03
352,440,0.03
352,441,0.03
352,442,0.03
352,443,0.03
352,444,0.03
352,445,0.03
352,446,0.03
352,447,0.03
352,448,0.03
352,449,0.03
352,450,0.03
352,451,0.03
352,452,0.03
352,453,0.03
352,454,0.03
352,455,0.03
352,456,0.03
352,457,0.03
352,458,0.03
352,459,0.03
352,460,0.03
352,461,0.03
352,462,0.03
352,463,0.03
352,464,0.03
352,465,0.03
352,466,0.03
352,467,0.03
352,468,0.03
352,469,0.03
352,470,0.03
352,471,0.03
352,472,0.03
352,473,0.03
352,474,0.03
352,475,0.03
352,476,0.03
352,477,0.03
352,478,0.03
352,479,0.03
352,480,0.03
352,481,0.03
352,482,0.03
352,483,0.03
352,484,0.03
352,485,0.03
352,486,0.03
352,487,0.03
352,488,0.03
352,489,0.03
352,490,0.03
352,491,0.03
352,492,0.03
352,493,0.03
352,494,0.03
352,495,0.03
352,496,0.03
352,497,0.03
352,498,0.03
352,499,0.03
352,500,0.03
352,501,0.03
352,502,0.03
352,503,0.03
352,504,0.03
352,505,0.03
352,506,0.03
352,507,0.03
352,508,0.03
352,509,0.03
352,510,0.03
352,511,0.03
352,512,0.03
352,513,0.03
352,514,0.03
352,515,0.03
352,516,0.03
352,517,0.03
352,518,0.03
352,519,0.03
352,520,0.03
352,521,0.03
352,522,0.03
352,523,0.03
352,524,0.03
352,525,0.03
352,526,0.03
352,527,0.03
352,528,0.03
352,529,0.03
352,530,0.03
352,531,0.03
352,532,0.03
352,533,0.03
352,534,0.03
352,535,0.03
352,536,0.03
352,537,0.03
352,538,0.03
352,539,0.03
352,540,0.03
352,541,0.03
352,542,0.03
352,543,0.03
352,544,0.03
352,545,0.03
352,546,0.03
352,547,0.03
352,548,0.03
352,549,0.03
352,550,0.03
352,551,0.03
352,552,0.03
352,553,0.03
352,554,0.03
352,555,0.03
352,556,0.03
352,557,0.03
352,558,0.03
352,559,0.03
352,560,0.03
352,561,0.03
352,562,0.03
352,563,0.03
352,564,0.03
352,565,0.03
352,566,0.03
352,567,0.03
352,568,0.03
352,569,0.03
352,570,0.03
352,571,0.03
352,572,0.03
352,573,0.03
352,574,0.03
352,575,0.03
352,576,0.03
352,577,0.03
352,578,0.03
352,579,0.03
352,580,0.03
352,581,0.03
352,582,0.03
352,583,0.03
352,584,0.03
352,585,0.03
352,586,0.03
352,587,0.03
352,588,0.03
352,589,0.03
352,590,0.03
352,591,0.03
352,592,0.03
352,593,0.03
352,594,0.03
352,595,0.03
352,596,0.03
352,597,0.03
352,598,0.03
352,599,0.03
352,600,0.03
352,601,0.03
352,602,0.03
352,603,0.03
352,604,0.03
352,605,0.03
352,606,0.03
352,607,0.03
352,608,0.03
352,609,0.03
352,610,0.03
352,611,0.03
352,612,0.03
352,613,0.03
352,614,0.03
352,615,0.03
352,616,0.03
352,617,0.03
352,618,0.03
352,619,0.03
352,620,0.03
352,621,0.03
352,622,0.03
352,623,0.03
352,624,0.03
352,625,0.03
352,626,0.03
352,627,0.03
352,628,0.03
352,629,0.03
352,630,0.03
352,631,0.03
352,632,0.03
352,633,0.03
352,634,0.03
352,635,0.03
352,636,0.03
352,637,0.03
352,638,0.03
352,639,0.03
352,640,0.03
352,641,0.03
352,642,0.03
352,643,0.03
352,644,0.03
352,645,0.03
352,646,0.03
352,647,0.03
352,648,0.03
352,649,0.03
352,650,0.03
352,651,0.03
352,652,0.03
352,653,0.03
352,654,0.03
352,655,0.03
352,656,0.03
352,657,0.03
352,658,0.03
352,659,0.03
352,660,0.03
352,661,0.03
352,662,0.03
352,663,0.03
352,664,0.03
352,665,0.03
352,666,0.03
352,667,0.03
352,668,0.03
352,669,0.03
352,670,0.03
352,671,0.03
352,672,0.03
352,673,0.03
352,674,0.03
352,675,0.03
352,676,0.03
352,677,0.03
352,678,0.03
352,679,0.03
352,680,0.03
352,681,0.03
352,682,0.03
352,683,0.03
352,684,0.03
352,685,0.03
352,686,0.03
352,687,0.03
352,688,0.03
352,689,0.03
352,690,0.03
352,691,0.03
352,692,0.03
352,693,0.03
352,694,0.03
352,695,0.03
352,696,0.03
352,697,0.03
352,698,0.03
352,699,0.03
352,700,0.03
352,701,0.03
352,702,0.03
352,703,0.03
352,704,0.03
352,705,0.03
352,706,0.03
352,707,0.03
352,708,0.03
352,709,0.03
352,710,0.03
352,711,0.03
352,712,0.03
352,713,0.03
352,714,0.03
352,715,0.03
352,716,0.03
352,717,0.03
352,718,0.03
352,719,0.03
352,720,0.03
352,721,0.03
352,722,0.03
352,723,0.03
352,724,0.03
352,725,0.03
352,726,0.03
352,727,0.03
352,728,0.03
352,729,0.03
352,730,0.03
352,731,0.03
352,732,0.03
352,733,0.03
352,734,0.03
352,735,0.03
352,736,0.03
352,737,0.03
352,738,0.03
352,739,0.03
352,740,0.03
352,741,0.03
352,742,0.03
352,743,0.03
352,744,0.03
352,745,0.03
352,746,0.03
352,747,0.03
352,748,0.03
352,749,0.03
352,750,0.03
352,751,0.03
352,752,0.03
352,753,0.03
352,754,0.03
352,755,0.03
352,756,0.03
352,757,0.03
352,758,0.03
352,759,0.03
352,760,0.03
352,761,0.03
352,762,0.03
352,763,0.03
352,764,0.03
352,765,0.03
352,766,0.03
352,767,0.03
352,768,0.03
352,769,0.03
352,770,0.03
352,771,0.03
352,772,0.03
352,773,0.03
352,774,0.03
352,775,0.03
352,776,0.03
352,777,0.03
352,778,0.03
352,779,0.03
352,780,0.03
352,781,0.03
352,782,0.03
352,783,0.03
352,784,0.03
352,785,0.03
352,786,0.03
352,787,0.03
352,788,0.03
352,789,0.03
352,790,0.03
352,791,0.03
352,792,0.03
352,793,0.03
352,794,0.03
352,795,0.03
352,796,0.03
352,797,0.03
352,798,0.03
352,799,0.03
352,800,0.03
352,801,0.03
352,802,0.03
352,803,0.03
352,804,0.03
352,805,0.03
352,806,0.03
352,807,0.03
352,808,0.03
352,809,0.03
352,810,0.03
352,811,0.03
352,812,0.03
352,813,0.03
352,814,0.03
352,815,0.03
352,816,0.03
352,817,0.03
352,818,0.03
352,819,0.03
352,820,0.03
352,821,0.03
352,822,0.03
352,823,0.03
352,824,0.03
352,825,0.03
352,826,0.03
352,827,0.03
352,828,0.03
352,829,0.03
352,830,0.03
352,831,0.03
352,832,0.03
352,833,0.03
352,834,0.03
352,835,0.03
352,836,0.03
352,837,0.03
352,838,0.03
352,839,0.03
352,840,0.03
352,841,0.03
352,842,0.03
352,843,0.03
352,844,0.03
352,845,0.03
352,846,0.03
352,847,0.03
352,848,0.03
352,849,0.03
352,850,0.03
352,851,0.03
352,852,0.03
352,853,0.03
352,854,0.03
352,855,0.03
352,856,0.03
352,857,0.03
352,858,0.03
352,859,0.03
352,860,0.03
352,861,0.03
352,862,0.03
352,863,0.03
352,864,0.03
352,865,0.03
352,866,0.03
352,867,0.03
352,868,0.03
352,869,0.03
352,870,0.03
352,871,0.03
352,872,0.03
352,873,0.03
352,874,0.03
352,875,0.03
352,876,0.03
352,877,0.03
352,878,0.03
352,879,0.03
352,880,0.03
352,881,0.03
352,882,0.03
352,883,0.03
352,884,0.03
352,885,0.03
352,886,0.03
352,887,0.03
352,888,0.03
352,889,0.03
352,890,0.03
352,891,0.03
352,892,0.03
352,893,0.03
352,894,0.03
352,895,0.03
352,896,0.03
352,897,0.03
352,898,0.03
352,899,0.03
352,900,0.03
352,901,0.03
352,902,0.03
400,0,0
400,1,0.01
400,2,0.01
400,3,0.01
400,4,0.01
400,5,0.01
400,6,0.01
400,7,0.01
400,8,0.01
400,9,0.01
400,10,0.01
400,11,0.01
400,12,0.01
400,13,0.01
400,14,0.01
400,15,0.01
400,16,0.01
400,17,0.01
400,18,0.01
400,19,0.01
400,20,0.01
400,21,0.01
400,22,0.01
400,23,0.01
400,24,0.01
400,25,0.01
400,26,0.01
400,27,0.01
400,28,0.01
400,29,0.01
400,30,0.01
400,31,0.01013514
400,32,0.01027027
400,33,0.01040541
400,34,0.01054054
400,35,0.01067568
400,36,0.01081081
400,37,0.01094595
400,38,0.01108108
400,39,0.01121622
400,40,0.01135135
400,41,0.01148649
400,42,0.01162162
400,43,0.01175676
400,44,0.01189189
400,45,0.01202703
400,46,0.01216216
400,47,0.0122973
400,48,0.01243243
400,49,0.01256757
400,50,0.0127027
400,51,0.01283784
400,52,0.01297297
400,53,0.01310811
400,54,0.01324324
400,55,0.01337838
400,56,0.01351351
400,57,0.01364865
400,58,0.01378378
400,59,0.01391892
400,60,0.01405405
400,61,0.01418919
400,62,0.01432432
400,63,0.01445946
400,64,0.01459459
400,65,0.01472973
400,66,0.01486486
400,67,0.015
400,68,0.01513514
400,69,0.01527027
400,70,0.01540541
400,71,0.01554054
400,72,0.01567568
400,73,0.01581081
400,74,0.01594595
400,75,0.01608108
400,76,0.01621622
400,77,0.01635135
400,78,0.01648649
400,79,0.01662162
400,80,0.01675676
400,81,0.01689189
400,82,0.01702703
400,83,0.01716216
400,84,0.0172973
400,85,0.01743243
400,86,0.01756757
400,87,0.0177027
400,88,0.01783784
400,89,0.01797297
400,90,0.01810811
400,91,0.01824324
400,92,0.01837838
400,93,0.01851351
400,94,0.01864865
400,95,0.01878378
400,96,0.01891892
400,97,0.01905405
400,98,0.01918919
400,99,0.01932432
400,100,0.01945946
400,101,0.01959459
400,102,0.01972973
400,103,0.01986486
400,104,0.02
400,105,0.02013514
400,106,0.02027027
400,107,0.02040541
400,108,0.02054054
400,109,0.02067568
400,110,0.02081081
400,111,0.02094595
400,112,0.02108108
400,113,0.02121622
400,114,0.02135135
400,115,0.02148649
400,116,0.02162162
400,117,0.02175676
400,118,0.02189189
400,119,0.02202703
400,120,0.02216216
400,121,0.0222973
400,122,0.02243243
400,123,0.02256757
400,124,0.0227027
400,125,0.02283784
400,126,0.02297297
400,127,0.02310811
400,128,0.02324324
400,129,0.02337838
400,130,0.02351351
400,131,0.02364865
400,132,0.02378378
400,133,0.02391892
400,134,0.02405405
400,135,0.02418919
400,136,0.02432432
400,137,0.02445946
400,138,0.02459459
400,139,0.02472973
400,140,0.02486486
400,141,0.025
400,142,0.02513514
400,143,0.02527027
400,144,0.02540541
400,145,0.02554054
400,146,0.02567568
400,147,0.02581081
400,148,0.02594595
400,149,0.02608108
400,150,0.02621622
400,151,0.02635135
400,152,0.02648649
400,153,0.02662162
400,154,0.02675676
400,155,0.02689189
400,156,0.02702703
400,157,0.02716216
400,158,0.0272973
400,159,0.02743243
400,160,0.02756757
400,161,0.0277027
400,162,0.02783784
400,163,0.02797297
400,164,0.02810811
400,165,0.02824324
400,166,0.02837838
400,167,0.02851351
400,168,0.02864865
400,169,0.02878378
400,170,0.02891892
400,171,0.02905405
400,172,0.02918919
400,173,0.02932432
400,174,0.02945946
400,175,0.02959459
400,176,0.02972973
400,177,0.02986486
400,178,0.03
400,179,0.03013514
400,180,0.03027027
400,181,0.03040541
400,182,0.03054054
400,183,0.03067568
400,184,0.03081081
400,185,0.03094595
400,186,0.03108108
400,187,0.03121622
400,188,0.03135135
400,189,0.03148649
400,190,0.03162162
400,191,0.03175676
400,192,0.03189189
400,193,0.03202703
400,194,0.03216216
400,195,0.0322973
400,196,0.03243243
400,197,0.03256757
400,198,0.0327027
400,199,0.03283784
400,200,0.03297297
400,201,0.03310811
400,202,0.03324324
400,203,0.03337838
400,204,0.03351351
400,205,0.03364865
400,206,0.03378378
400,207,0.03391892
400,208,0.03405405
400,209,0.03418919
400,210,0.03432432
400,211,0.03445946
400,212,0.03459459
400,213,0.03472973
400,214,0.03486486
400,215,0.035
400,216,0.035
400,217,0.035
400,218,0.035
400,219,0.035
400,220,0.035
400,221,0.035
400,222,0.035
400,223,0.035
400,224,0.035
400,225,0.035
400,226,0.035
400,227,0.035
400,228,0.035
400,229,0.035
400,230,0.035
400,231,0.035
400,232,0.035
400,233,0.035
400,234,0.035
400,235,0.035
400,236,0.035
400,237,0.035
400,238,0.035
400,239,0.035
400,240,0.035
400,241,0.035
400,242,0.035
400,243,0.035
400,244,0.035
400,245,0.035
400,246,0.035
400,247,0.035
400,248,0.035
400,249,0.035
400,250,0.035
400,251,0.035
400,252,0.035
400,253,0.035
400,254,0.035
400,255,0.035
400,256,0.035
400,257,0.035
400,258,0.035
400,259,0.035
400,260,0.035
400,261,0.035
400,262,0.035
400,263,0.035
400,264,0.035
400,265,0.035
400,266,0.035
400,267,0.035
400,268,0.035
400,269,0.035
400,270,0.035
400,271,0.035
400,272,0.035
400,273,0.035
400,274,0.035
400,275,0.035
400,276,0.035
400,277,0.035
400,278,0.035
400,279,0.035
400,280,0.035
400,281,0.035
400,282,0.035
400,283,0.035
400,284,0.035
400,285,0.035
400,286,0.035
400,287,0.035
400,288,0.035
400,289,0.035
400,290,0.035
400,291,0.035
400,292,0.035
400,293,0.035
400,294,0.035
400,295,0.035
400,296,0.035
400,297,0.035
400,298,0.035
400,299,0.035
400,300,0.035
400,301,0.035
400,302,0.035
400,303,0.035
400,304,0.035
400,305,0.035
400,306,0.035
400,307,0.035
400,308,0.035
400,309,0.035
400,310,0.035
400,311,0.035
400,312,0.035
400,313,0.035
400,314,0.035
400,315,0.035
400,316,0.035
400,317,0.035
400,318,0.035
400,319,0.035
400,320,0.035
400,321,0.035
400,322,0.035
400,323,0.035
400,324,0.035
400,325,0.035
400,326,0.035
400,327,0.035
400,328,0.035
400,329,0.035
400,330,0.035
400,331,0.035
400,332,0.035
400,333,0.035
400,334,0.035
400,335,0.035
400,336,0.035
400,337,0.035
400,338,0.035
400,339,0.035
400,340,0.035
400,341,0.035
400,342,0.035
400,343,0.035
400,344,0.035
400,345,0.035
400,346,0.035
400,347,0.035
400,348,0.035
400,349,0.035
400,350,0.035
400,351,0.035
400,352,0.035
400,353,0.035
400,354,0.035
400,355,0.035
400,356,0.035
400,357,0.035
400,358,0.035
400,359,0.035
400,360,0.035
400,361,0.035
400,362,0.035
400,363,0.035
400,364,0.035
400,365,0.035
400,366,0.035
400,367,0.035
400,368,0.035
400,369,0.035
400,370,0.035
400,371,0.035
400,372,0.035
400,373,0.035
400,374,0.035
400,375,0.035
400,376,0.035
400,377,0.035
400,378,0.035
400,379,0.035
400,380,0.035
400,381,0.035
400,382,0.035
400,383,0.035
400,384,0.035
400,385,0.035
400,386,0.035
400,387,0.035
400,388,0.035
400,389,0.035
400,390,0.035
400,391,0.035
400,392,0.035
400,393,0.035
400,394,0.035
400,395,0.035
400,396,0.035
400,397,0.035
400,398,0.035
400,399,0.035
400,400,0.035
400,401,0.035
400,402,0.035
400,403,0.035
400,404,0.035
400,405,0.035
400,406,0.035
400,407,0.035
400,408,0.035
400,409,0.035
400,410,0.035
400,411,0.035
400,412,0.035
400,413,0.035
400,414,0.035
400,415,0.035
400,416,0.035
400,417,0.035
400,418,0.035
400,419,0.035
400,420,0.035
400,421,0.035
400,422,0.035
400,423,0.035
400,424,0.035
400,425,0.035
400,426,0.035
400,427,0.035
400,428,0.035
400,429,0.035
400,430,0.035
400,431,0.035
400,432,0.035
400,433,0.035
400,434,0.035
400,435,0.035
400,436,0.035
400,437,0.035
400,438,0.035
400,439,0.035
400,440,0.035
400,441,0.035
400,442,0.035
400,443,0.035
400,444,0.035
400,445,0.035
400,446,0.035
400,447,0.035
400,448,0.035
400,449,0.035
400,450,0.035
400,451,0.035
400,452,0.035
400,453,0.035
400,454,0.035
400,455,0.035
400,456,0.035
400,457,0.035
400,458,0.035
400,459,0.035
400,460,0.035
400,461,0.035
400,462,0.035
400,463,0.035
400,464,0.035
400,465,0.035
400,466,0.035
400,467,0.035
400,468,0.035
400,469,0.035
400,470,0.035
400,471,0.035
400,472,0.035
400,473,0.035
400,474,0.035
400,475,0.035
400,476,0.035
400,477,0.035
400,478,0.035
400,479,0.035
400,480,0.035
400,481,0.035
400,482,0.035
400,483,0.035
400,484,0.035
400,485,0.035
400,486,0.035
400,487,0.035
400,488,0.035
400,489,0.035
400,490,0.035
400,491,0.035
400,492,0.035
400,493,0.035
400,494,0.035
400,495,0.035
400,496,0.035
400,497,0.035
400,498,0.035
400,499,0.035
400,500,0.035
400,501,0.035
400,502,0.035
400,503,0.035
400,504,0.035
400,505,0.035
400,506,0.035
400,507,0.035
400,508,0.035
400,509,0.035
400,510,0.035
400,511,0.035
400,512,0.035
400,513,0.035
400,514,0.035
400,515,0.035
400,516,0.035
400,517,0.035
400,518,0.035
400,519,0.035
400,520,0.035
400,521,0.035
400,522,0.035
400,523,0.035
400,524,0.035
400,525,0.035
400,526,0.035
400,527,0.035
400,528,0.035
400,529,0.035
400,530,0.035
400,531,0.035
400,532,0.035
400,533,0.035
400,534,0.035
400,535,0.035
400,536,0.035
400,537,0.035
400,538,0.035
400,539,0.035
400,540,0.035
400,541,0.035
400,542,0.035
400,543,0.035
400,544,0.035
400,545,0.035
400,546,0.035
400,547,0.035
400,548,0.035
400,549,0.035
400,550,0.035
400,551,0.035
400,552,0.035
400,553,0.035
400,554,0.035
400,555,0.035
400,556,0.035
400,557,0.035
400,558,0.035
400,559,0.035
400,560,0.035
400,561,0.035
400,562,0.035
400,563,0.035
400,564,0.035
400,565,0.035
400,566,0.035
400,567,0.035
400,568,0.035
400,569,0.035
400,570,0.035
400,571,0.035
400,572,0.035
400,573,0.035
400,574,0.035
400,575,0.035
400,576,0.035
400,577,0.035
400,578,0.035
400,579,0.035
400,580,0.035
400,581,0.035
400,582,0.035
400,583,0.035
400,584,0.035
400,585,0.035
400,586,0.035
400,587,0.035
400,588,0.035
400,589,0.035
400,590,0.035
400,591,0.035
400,592,0.035
400,593,0.035
400,594,0.035
400,595,0.035
400,596,0.035
400,597,0.035
400,598,0.035
400,599,0.035
400,600,0.035
400,601,0.035
400,602,0.035
400,603,0.035
400,604,0.035
400,605,0.035
400,606,0.035
400,607,0.035
400,608,0.035
400,609,0.035
400,610,0.035
400,611,0.035
400,612,0.035
400,613,0.035
400,614,0.035
400,615,0.035
400,616,0.035
400,617,0.035
400,618,0.035
400,619,0.035
400,620,0.035
400,621,0.035
400,622,0.035
400,623,0.035
400,624,0.035
400,625,0.035
400,626,0.035
400,627,0.035
400,628,0.035
400,629,0.035
400,630,0.035
400,631,0.035
400,632,0.035
400,633,0.035
400,634,0.035
400,635,0.035
400,636,0.035
400,637,0.035
400,638,0.035
400,639,0.035
400,640,0.035
400,641,0.035
400,642,0.035
400,643,0.035
400,644,0.035
400,645,0.035
400,646,0.035
400,647,0.035
400,648,0.035
400,649,0.035
400,650,0.035
400,651,0.035
400,652,0.035
400,653,0.035
400,654,0.035
400,655,0.035
400,656,0.035
400,657,0.035
400,658,0.035
400,659,0.035
400,660,0.035
400,661,0.035
400,662,0.035
400,663,0.035
400,664,0.035
400,665,0.035
400,666,0.035
400,667,0.035
400,668,0.035
400,669,0.035
400,670,0.035
400,671,0.035
400,672,0.035
400,673,0.035
400,674,0.035
400,675,0.035
400,676,0.035
400,677,0.035
400,678,0.035
400,679,0.035
400,680,0.035
400,681,0.035
400,682,0.035
400,683,0.035
400,684,0.035
400,685,0.035
400,686,0.035
400,687,0.035
400,688,0.035
400,689,0.035
400,690,0.035
400,691,0.035
400,692,0.035
400,693,0.035
400,694,0.035
400,695,0.035
400,696,0.035
400,697,0.035
400,698,0.035
400,699,0.035
400,700,0.035
400,701,0.035
400,702,0.035
400,703,0.035
400,704,0.035
400,705,0.035
400,706,0.035
400,707,0.035
400,708,0.035
400,709,0.035
400,710,0.035
400,711,0.035
400,712,0.035
400,713,0.035
400,714,0.035
400,715,0.035
400,716,0.035
400,717,0.035
400,718,0.035
400,719,0.035
400,720,0.035
400,721,0.035
400,722,0.035
400,723,0.035
400,724,0.035
400,725,0.035
400,726,0.035
400,727,0.035
400,728,0.035
400,729,0.035
400,730,0.035
400,731,0.035
400,732,0.035
400,733,0.035
400,734,0.035
400,735,0.035
400,736,0.035
400,737,0.035
400,738,0.035
400,739,0.035
400,740,0.035
400,741,0.035
400,742,0.035
400,743,0.035
400,744,0.035
400,745,0.035
400,746,0.035
400,747,0.035
400,748,0.035
400,749,0.035
400,750,0.035
400,751,0.035
400,752,0.035
400,753,0.035
400,754,0.035
400,755,0.035
400,756,0.035
400,757,0.035
400,758,0.035
400,759,0.035
400,760,0.035
400,761,0.035
400,762,0.035
400,763,0.035
400,764,0.035
400,765,0.035
400,766,0.035
400,767,0.035
400,768,0.035
400,769,0.035
400,770,0.035
400,771,0.035
400,772,0.035
400,773,0.035
400,774,0.035
400,775,0.035
400,776,0.035
400,777,0.035
400,778,0.035
400,779,0.035
400,780,0.035
400,781,0.035
400,782,0.035
400,783,0.035
400,784,0.035
400,785,0.035
400,786,0.035
400,787,0.035
400,788,0.035
400,789,0.035
400,790,0.035
400,791,0.035
400,792,0.035
400,793,0.035
400,794,0.035
400,795,0.035
400,796,0.035
400,797,0.035
400,798,0.035
400,799,0.035
400,800,0.035
400,801,0.035
400,802,0.035
400,803,0.035
400,804,0.035
400,805,0.035
400,806,0.035
400,807,0.035
400,808,0.035
400,809,0.035
400,810,0.035
400,811,0.035
400,812,0.035
400,813,0.035
400,814,0.035
400,815,0.035
400,816,0.035
400,817,0.035
400,818,0.035
400,819,0.035
400,820,0.035
400,821,0.035
400,822,0.035
400,823,0.035
400,824,0.035
400,825,0.035
400,826,0.035
400,827,0.035
400,828,0.035
400,829,0.035
400,830,0.035
400,831,0.035
400,832,0.035
400,833,0.035
400,834,0.035
400,835,0.035
400,836,0.035
400,837,0.035
400,838,0.035
400,839,0.035
400,840,0.035
400,841,0.035
400,842,0.035
400,843,0.035
400,844,0.035
400,845,0.035
400,846,0.035
400,847,0.035
400,848,0.035
400,849,0.035
400,850,0.035
400,851,0.035
400,852,0.035
400,853,0.035
400,854,0.035
400,855,0.035
400,856,0.035
400,857,0.035
400,858,0.035
400,859,0.035
400,860,0.035
400,861,0.035
400,862,0.035
400,863,0.035
400,864,0.035
400,865,0.035
400,866,0.035
400,867,0.035
400,868,0.035
400,869,0.035
400,870,0.035
400,871,0.035
400,872,0.035
400,873,0.035
400,874,0.035
400,875,0.035
400,876,0.035
400,877,0.035
400,878,0.035
400,879,0.035
400,880,0.035
400,881,0.035
400,882,0.035
400,883,0.035
400,884,0.035
400,885,0.035
400,886,0.035
400,887,0.035
400,888,0.035
400,889,0.035
400,890,0.035
400,891,0.035
400,892,0.035
400,893,0.035
400,894,0.035
400,895,0.035
400,896,0.035
400,897,0.035
400,898,0.035
400,899,0.035
400,900,0.035
400,901,0.035
400,902,0.035
401,0,0
401,1,0.01
401,2,0.01
401,3,0.01
401,4,0.01
401,5,0.01
401,6,0.01
401,7,0.01
401,8,0.01
401,9,0.01
401,10,0.01
401,11,0.01
401,12,0.01
401,13,0.01
401,14,0.01
401,15,0.01
401,16,0.01
401,17,0.01
401,18,0.01
401,19,0.01
401,20,0.01
401,21,0.01
401,22,0.01
401,23,0.01
401,24,0.01
401,25,0.01
401,26,0.01
401,27,0.01
401,28,0.01
401,29,0.01
401,30,0.01
401,31,0.01005405
401,32,0.01010811
401,33,0.01016216
401,34,0.01021622
401,35,0.01027027
401,36,0.01032432
401,37,0.01037838
401,38,0.01043243
401,39,0.01048649
401,40,0.01054054
401,41,0.01059459
401,42,0.01064865
401,43,0.0107027
401,44,0.01075676
401,45,0.01081081
401,46,0.01086486
401,47,0.01091892
401,48,0.01097297
401,49,0.01102703
401,50,0.01108108
401,51,0.01113514
401,52,0.01118919
401,53,0.01124324
401,54,0.0112973
401,55,0.01135135
401,56,0.01140541
401,57,0.01145946
401,58,0.01151351
401,59,0.01156757
401,60,0.01162162
401,61,0.01167568
401,62,0.01172973
401,63,0.01178378
401,64,0.01183784
401,65,0.01189189
401,66,0.01194595
401,67,0.012
401,68,0.01205405
401,69,0.01210811
401,70,0.01216216
401,71,0.01221622
401,72,0.01227027
401,73,0.01232432
401,74,0.01237838
401,75,0.01243243
401,76,0.01248649
401,77,0.01254054
401,78,0.01259459
401,79,0.01264865
401,80,0.0127027
401,81,0.01275676
401,82,0.01281081
401,83,0.01286486
401,84,0.01291892
401,85,0.01297297
401,86,0.01302703
401,87,0.01308108
401,88,0.01313514
401,89,0.01318919
401,90,0.01324324
401,91,0.0132973
401,92,0.01335135
401,93,0.01340541
401,94,0.01345946
401,95,0.01351351
401,96,0.01356757
401,97,0.01362162
401,98,0.01367568
401,99,0.01372973
401,100,0.01378378
401,101,0.01383784
401,102,0.01389189
401,103,0.01394595
401,104,0.014
401,105,0.01405405
401,106,0.01410811
401,107,0.01416216
401,108,0.01421622
401,109,0.01427027
401,110,0.01432432
401,111,0.01437838
401,112,0.01443243
401,113,0.01448649
401,114,0.01454054
401,115,0.01459459
401,116,0.01464865
401,117,0.0147027
401,118,0.01475676
401,119,0.01481081
401,120,0.01486486
401,121,0.01491892
401,122,0.01497297
401,123,0.01502703
401,124,0.01508108
401,125,0.01513514
401,126,0.01518919
401,127,0.01524324
401,128,0.0152973
401,129,0.01535135
401,130,0.01540541
401,131,0.01545946
401,132,0.01551351
401,133,0.01556757
401,134,0.01562162
401,135,0.01567568
401,136,0.01572973
401,137,0.01578378
401,138,0.01583784
401,139,0.01589189
401,140,0.01594595
401,141,0.016
401,142,0.01605405
401,143,0.01610811
401,144,0.01616216
401,145,0.01621622
401,146,0.01627027
401,147,0.01632432
401,148,0.01637838
401,149,0.01643243
401,150,0.01648649
401,151,0.01654054
401,152,0.01659459
401,153,0.01664865
401,154,0.0167027
401,155,0.01675676
401,156,0.01681081
401,157,0.01686486
401,158,0.01691892
401,159,0.01697297
401,160,0.01702703
401,161,0.01708108
401,162,0.01713514
401,163,0.01718919
401,164,0.01724324
401,165,0.0172973
401,166,0.01735135
401,167,0.01740541
401,168,0.01745946
401,169,0.01751351
401,170,0.01756757
401,171,0.01762162
401,172,0.01767568
401,173,0.01772973
401,174,0.01778378
401,175,0.01783784
401,176,0.01789189
401,177,0.01794595
401,178,0.018
401,179,0.01805405
401,180,0.01810811
401,181,0.01816216
401,182,0.01821622
401,183,0.01827027
401,184,0.01832432
401,185,0.01837838
401,186,0.01843243
401,187,0.01848649
401,188,0.01854054
401,189,0.01859459
401,190,0.01864865
401,191,0.0187027
401,192,0.01875676
401,193,0.01881081
401,194,0.01886486
401,195,0.01891892
401,196,0.01897297
401,197,0.01902703
401,198,0.01908108
401,199,0.01913514
401,200,0.01918919
401,201,0.01924324
401,202,0.0192973
401,203,0.01935135
401,204,0.01940541
401,205,0.01945946
401,206,0.01951351
401,207,0.01956757
401,208,0.01962162
401,209,0.01967568
401,210,0.01972973
401,211,0.01978378
401,212,0.01983784
401,213,0.01989189
401,214,0.01994595
401,215,0.02
401,216,0.02004237
401,217,0.02008475
401,218,0.02012712
401,219,0.02016949
401,220,0.02021186
401,221,0.02025424
401,222,0.02029661
401,223,0.02033898
401,224,0.02038136
401,225,0.02042373
401,226,0.0204661
401,227,0.02050847
401,228,0.02055085
401,229,0.02059322
401,230,0.02063559
401,231,0.02067797
401,232,0.02072034
401,233,0.02076271
401,234,0.02080508
401,235,0.02084746
401,236,0.02088983
401,237,0.0209322
401,238,0.02097458
401,239,0.02101695
401,240,0.02105932
401,241,0.02110169
401,242,0.02114407
401,243,0.02118644
401,244,0.02122881
401,245,0.02127119
401,246,0.02131356
401,247,0.02135593
401,248,0.02139831
401,249,0.02144068
401,250,0.02148305
401,251,0.02152542
401,252,0.0215678
401,253,0.02161017
401,254,0.02165254
401,255,0.02169492
401,256,0.02173729
401,257,0.02177966
401,258,0.02182203
401,259,0.02186441
401,260,0.02190678
401,261,0.02194915
401,262,0.02199153
401,263,0.0220339
401,264,0.02207627
401,265,0.02211864
401,266,0.02216102
401,267,0.02220339
401,268,0.02224576
401,269,0.02228814
401,270,0.02233051
401,271,0.02237288
401,272,0.02241525
401,273,0.02245763
401,274,0.0225
401,275,0.02254237
401,276,0.02258475
401,277,0.02262712
401,278,0.02266949
401,279,0.02271186
401,280,0.02275424
401,281,0.02279661
401,282,0.02283898
401,283,0.02288136
401,284,0.02292373
401,285,0.0229661
401,286,0.02300847
401,287,0.02305085
401,288,0.02309322
401,289,0.02313559
401,290,0.02317797
401,291,0.02322034
401,292,0.02326271
401,293,0.02330508
401,294,0.02334746
401,295,0.02338983
401,296,0.0234322
401,297,0.02347458
401,298,0.02351695
401,299,0.02355932
401,300,0.02360169
401,301,0.02364407
401,302,0.02368644
401,303,0.02372881
401,304,0.02377119
401,305,0.02381356
401,306,0.02385593
401,307,0.02389831
401,308,0.02394068
401,309,0.02398305
401,310,0.02402542
401,311,0.0240678
401,312,0.02411017
401,313,0.02415254
401,314,0.02419492
401,315,0.02423729
401,316,0.02427966
401,317,0.02432203
401,318,0.02436441
401,319,0.02440678
401,320,0.02444915
401,321,0.02449153
401,322,0.0245339
401,323,0.02457627
401,324,0.02461864
401,325,0.02466102
401,326,0.02470339
401,327,0.02474576
401,328,0.02478814
401,329,0.02483051
401,330,0.02487288
401,331,0.02491525
401,332,0.02495763
401,333,0.025
401,334,0.025
401,335,0.025
401,336,0.025
401,337,0.025
401,338,0.025
401,339,0.025
401,340,0.025
401,341,0.025
401,342,0.025
401,343,0.025
401,344,0.025
401,345,0.025
401,346,0.025
401,347,0.025
401,348,0.025
401,349,0.025
401,350,0.025
401,351,0.025
401,352,0.025
401,353,0.025
401,354,0.025
401,355,0.025
401,356,0.025
401,357,0.025
401,358,0.025
401,359,0.025
401,360,0.025
401,361,0.025
401,362,0.025
401,363,0.025
401,364,0.025
401,365,0.025
401,366,0.025
401,367,0.025
401,368,0.025
401,369,0.025
401,370,0.025
401,371,0.025
401,372,0.025
401,373,0.025
401,374,0.025
401,375,0.025
401,376,0.025
401,377,0.025
401,378,0.025
401,379,0.025
401,380,0.025
401,381,0.025
401,382,0.025
401,383,0.025
401,384,0.025
401,385,0.025
401,386,0.025
401,387,0.025
401,388,0.025
401,389,0.025
401,390,0.025
401,391,0.025
401,392,0.025
401,393,0.025
401,394,0.025
401,395,0.025
401,396,0.025
401,397,0.025
401,398,0.025
401,399,0.025
401,400,0.025
401,401,0.025
401,402,0.025
401,403,0.025
401,404,0.025
401,405,0.025
401,406,0.025
401,407,0.025
401,408,0.025
401,409,0.025
401,410,0.025
401,411,0.025
401,412,0.025
401,413,0.025
401,414,0.025
401,415,0.025
401,416,0.025
401,417,0.025
401,418,0.025
401,419,0.025
401,420,0.025
401,421,0.025
401,422,0.025
401,423,0.025
401,424,0.025
401,425,0.025
401,426,0.025
401,427,0.025
401,428,0.025
401,429,0.025
401,430,0.025
401,431,0.025
401,432,0.025
401,433,0.025
401,434,0.025
401,435,0.025
401,436,0.025
401,437,0.025
401,438,0.025
401,439,0.025
401,440,0.025
401,441,0.025
401,442,0.025
401,443,0.025
401,444,0.025
401,445,0.025
401,446,0.025
401,447,0.025
401,448,0.025
401,449,0.025
401,450,0.025
401,451,0.025
401,452,0.025
401,453,0.025
401,454,0.025
401,455,0.025
401,456,0.025
401,457,0.025
401,458,0.025
401,459,0.025
401,460,0.025
401,461,0.025
401,462,0.025
401,463,0.025
401,464,0.025
401,465,0.025
401,466,0.025
401,467,0.025
401,468,0.025
401,469,0.025
401,470,0.025
401,471,0.025
401,472,0.025
401,473,0.025
401,474,0.025
401,475,0.025
401,476,0.025
401,477,0.025
401,478,0.025
401,479,0.025
401,480,0.025
401,481,0.025
401,482,0.025
401,483,0.025
401,484,0.025
401,485,0.025
401,486,0.025
401,487,0.025
401,488,0.025
401,489,0.025
401,490,0.025
401,491,0.025
401,492,0.025
401,493,0.025
401,494,0.025
401,495,0.025
401,496,0.025
401,497,0.025
401,498,0.025
401,499,0.025
401,500,0.025
401,501,0.025
401,502,0.025
401,503,0.025
401,504,0.025
401,505,0.025
401,506,0.025
401,507,0.025
401,508,0.025
401,509,0.025
401,510,0.025
401,511,0.025
401,512,0.025
401,513,0.025
401,514,0.025
401,515,0.025
401,516,0.025
401,517,0.025
401,518,0.025
401,519,0.025
401,520,0.025
401,521,0.025
401,522,0.025
401,523,0.025
401,524,0.025
401,525,0.025
401,526,0.025
401,527,0.025
401,528,0.025
401,529,0.025
401,530,0.025
401,531,0.025
401,532,0.025
401,533,0.025
401,534,0.025
401,535,0.025
401,536,0.025
401,537,0.025
401,538,0.025
401,539,0.025
401,540,0.025
401,541,0.025
401,542,0.025
401,543,0.025
401,544,0.025
401,545,0.025
401,546,0.025
401,547,0.025
401,548,0.025
401,549,0.025
401,550,0.025
401,551,0.025
401,552,0.025
401,553,0.025
401,554,0.025
401,555,0.025
401,556,0.025
401,557,0.025
401,558,0.025
401,559,0.025
401,560,0.025
401,561,0.025
401,562,0.025
401,563,0.025
401,564,0.025
401,565,0.025
401,566,0.025
401,567,0.025
401,568,0.025
401,569,0.025
401,570,0.025
401,571,0.025
401,572,0.025
401,573,0.025
401,574,0.025
401,575,0.025
401,576,0.025
401,577,0.025
401,578,0.025
401,579,0.025
401,580,0.025
401,581,0.025
401,582,0.025
401,583,0.025
401,584,0.025
401,585,0.025
401,586,0.025
401,587,0.025
401,588,0.025
401,589,0.025
401,590,0.025
401,591,0.025
401,592,0.025
401,593,0.025
401,594,0.025
401,595,0.025
401,596,0.025
401,597,0.025
401,598,0.025
401,599,0.025
401,600,0.025
401,601,0.025
401,602,0.025
401,603,0.025
401,604,0.025
401,605,0.025
401,606,0.025
401,607,0.025
401,608,0.025
401,609,0.025
401,610,0.025
401,611,0.025
401,612,0.025
401,613,0.025
401,614,0.025
401,615,0.025
401,616,0.025
401,617,0.025
401,618,0.025
401,619,0.025
401,620,0.025
401,621,0.025
401,622,0.025
401,623,0.025
401,624,0.025
401,625,0.025
401,626,0.025
401,627,0.025
401,628,0.025
401,629,0.025
401,630,0.025
401,631,0.025
401,632,0.025
401,633,0.025
401,634,0.025
401,635,0.025
401,636,0.025
401,637,0.025
401,638,0.025
401,639,0.025
401,640,0.025
401,641,0.025
401,642,0.025
401,643,0.025
401,644,0.025
401,645,0.025
401,646,0.025
401,647,0.025
401,648,0.025
401,649,0.025
401,650,0.025
401,651,0.025
401,652,0.025
401,653,0.025
401,654,0.025
401,655,0.025
401,656,0.025
401,657,0.025
401,658,0.025
401,659,0.025
401,660,0.025
401,661,0.025
401,662,0.025
401,663,0.025
401,664,0.025
401,665,0.025
401,666,0.025
401,667,0.025
401,668,0.025
401,669,0.025
401,670,0.025
401,671,0.025
401,672,0.025
401,673,0.025
401,674,0.025
401,675,0.025
401,676,0.025
401,677,0.025
401,678,0.025
401,679,0.025
401,680,0.025
401,681,0.025
401,682,0.025
401,683,0.025
401,684,0.025
401,685,0.025
401,686,0.025
401,687,0.025
401,688,0.025
401,689,0.025
401,690,0.025
401,691,0.025
401,692,0.025
401,693,0.025
401,694,0.025
401,695,0.025
401,696,0.025
401,697,0.025
401,698,0.025
401,699,0.025
401,700,0.025
401,701,0.025
401,702,0.025
401,703,0.025
401,704,0.025
401,705,0.025
401,706,0.025
401,707,0.025
401,708,0.025
401,709,0.025
401,710,0.025
401,711,0.025
401,712,0.025
401,713,0.025
401,714,0.025
401,715,0.025
401,716,0.025
401,717,0.025
401,718,0.025
401,719,0.025
401,720,0.025
401,721,0.025
401,722,0.025
401,723,0.025
401,724,0.025
401,725,0.025
401,726,0.025
401,727,0.025
401,728,0.025
401,729,0.025
401,730,0.025
401,731,0.025
401,732,0.025
401,733,0.025
401,734,0.025
401,735,0.025
401,736,0.025
401,737,0.025
401,738,0.025
401,739,0.025
401,740,0.025
401,741,0.025
401,742,0.025
401,743,0.025
401,744,0.025
401,745,0.025
401,746,0.025
401,747,0.025
401,748,0.025
401,749,0.025
401,750,0.025
401,751,0.025
401,752,0.025
401,753,0.025
401,754,0.025
401,755,0.025
401,756,0.025
401,757,0.025
401,758,0.025
401,759,0.025
401,760,0.025
401,761,0.025
401,762,0.025
401,763,0.025
401,764,0.025
401,765,0.025
401,766,0.025
401,767,0.025
401,768,0.025
401,769,0.025
401,770,0.025
401,771,0.025
401,772,0.025
401,773,0.025
401,774,0.025
401,775,0.025
401,776,0.025
401,777,0.025
401,778,0.025
401,779,0.025
401,780,0.025
401,781,0.025
401,782,0.025
401,783,0.025
401,784,0.025
401,785,0.025
401,786,0.025
401,787,0.025
401,788,0.025
401,789,0.025
401,790,0.025
401,791,0.025
401,792,0.025
401,793,0.025
401,794,0.025
401,795,0.025
401,796,0.025
401,797,0.025
401,798,0.025
401,799,0.025
401,800,0.025
401,801,0.025
401,802,0.025
401,803,0.025
401,804,0.025
401,805,0.025
401,806,0.025
401,807,0.025
401,808,0.025
401,809,0.025
401,810,0.025
401,811,0.025
401,812,0.025
401,813,0.025
401,814,0.025
401,815,0.025
401,816,0.025
401,817,0.025
401,818,0.025
401,819,0.025
401,820,0.025
401,821,0.025
401,822,0.025
401,823,0.025
401,824,0.025
401,825,0.025
401,826,0.025
401,827,0.025
401,828,0.025
401,829,0.025
401,830,0.025
401,831,0.025
401,832,0.025
401,833,0.025
401,834,0.025
401,835,0.025
401,836,0.025
401,837,0.025
401,838,0.025
401,839,0.025
401,840,0.025
401,841,0.025
401,842,0.025
401,843,0.025
401,844,0.025
401,845,0.025
401,846,0.025
401,847,0.025
401,848,0.025
401,849,0.025
401,850,0.025
401,851,0.025
401,852,0.025
401,853,0.025
401,854,0.025
401,855,0.025
401,856,0.025
401,857,0.025
401,858,0.025
401,859,0.025
401,860,0.025
401,861,0.025
401,862,0.025
401,863,0.025
401,864,0.025
401,865,0.025
401,866,0.025
401,867,0.025
401,868,0.025
401,869,0.025
401,870,0.025
401,871,0.025
401,872,0.025
401,873,0.025
401,874,0.025
401,875,0.025
401,876,0.025
401,877,0.025
401,878,0.025
401,879,0.025
401,880,0.025
401,881,0.025
401,882,0.025
401,883,0.025
401,884,0.025
401,885,0.025
401,886,0.025
401,887,0.025
401,888,0.025
401,889,0.025
401,890,0.025
401,891,0.025
401,892,0.025
401,893,0.025
401,894,0.025
401,895,0.025
401,896,0.025
401,897,0.025
401,898,0.025
401,899,0.025
401,900,0.025
401,901,0.025
401,902,0.025
500,0,0
500,1,0.1
500,2,0.1
500,3,0.1
500,4,0.1
500,5,0.1
500,6,0.1
500,7,0.1
500,8,0.1
500,9,0.1
500,10,0.1
500,11,0.1
500,12,0.1
500,13,0.1
500,14,0.1
500,15,0.1
500,16,0.1
500,17,0.1
500,18,0.1
500,19,0.1
500,20,0.1
500,21,0.1
500,22,0.1
500,23,0.1
500,24,0.1
500,25,0.1
500,26,0.1
500,27,0.1
500,28,0.1
500,29,0.1
500,30,0.1
500,31,0.1
500,32,0.1
500,33,0.1
500,34,0.1
500,35,0.1
500,36,0.1
500,37,0.1
500,38,0.1
500,39,0.1
500,40,0.1
500,41,0.1
500,42,0.1
500,43,0.1
500,44,0.1
500,45,0.1
500,46,0.1
500,47,0.1
500,48,0.1
500,49,0.1
500,50,0.1
500,51,0.1
500,52,0.1
500,53,0.1
500,54,0.1
500,55,0.1
500,56,0.1
500,57,0.1
500,58,0.1
500,59,0.1
500,60,0.1
500,61,0.1
500,62,0.1
500,63,0.1
500,64,0.1
500,65,0.1
500,66,0.1
500,67,0.1
500,68,0.1
500,69,0.1
500,70,0.1
500,71,0.1
500,72,0.1
500,73,0.1
500,74,0.1
500,75,0.1
500,76,0.1
500,77,0.1
500,78,0.1
500,79,0.1
500,80,0.1
500,81,0.1
500,82,0.1
500,83,0.1
500,84,0.1
500,85,0.1
500,86,0.1
500,87,0.1
500,88,0.1
500,89,0.1
500,90,0.1
500,91,0.1
500,92,0.1
500,93,0.1
500,94,0.1
500,95,0.1
500,96,0.1
500,97,0.1
500,98,0.1
500,99,0.1
500,100,0.1
500,101,0.1
500,102,0.1
500,103,0.1
500,104,0.1
500,105,0.1
500,106,0.1
500,107,0.1
500,108,0.1
500,109,0.1
500,110,0.1
500,111,0.1
500,112,0.1
500,113,0.1
500,114,0.1
500,115,0.1
500,116,0.1
500,117,0.1
500,118,0.1
500,119,0.1
500,120,0.1
500,121,0.1
500,122,0.1
500,123,0.1
500,124,0.1
500,125,0.1
500,126,0.1
500,127,0.1
500,128,0.1
500,129,0.1
500,130,0.1
500,131,0.1
500,132,0.1
500,133,0.1
500,134,0.1
500,135,0.1
500,136,0.1
500,137,0.1
500,138,0.1
500,139,0.1
500,140,0.1
500,141,0.1
500,142,0.1
500,143,0.1
500,144,0.1
500,145,0.1
500,146,0.1
500,147,0.1
500,148,0.1
