weapon_id,weapon_name,unique_skill_weapon,sheet_row,aow_id,aow_name,raw_name,variant_weapon_type,skill_family,sequence_variant,hit_kind,hit_order,is_lacking_fp,is_damaging,atk_id,overwrite_attack_element_correct_id,is_disable_both_hands_bonus,is_add_base_atk,physical_mv,magic_mv,fire_mv,lightning_mv,holy_mv,attack_base_physical,attack_base_magic,attack_base_fire,attack_base_lightning,attack_base_holy,status_mv,weapon_buff_mv,stamina_cost
1010000,Black Knife,Black Knife,1588,1036,Blade of Death,Blade of Death - Bullet,,Blade of Death,Bullet,bullet,1,0,1,300101900,-1,1,1,0.0,0.0,0.0,0.0,0.0,0.0,0.0,0.0,0.0,180.0,0.0,0.0,39.0
1010000,Black Knife,Black Knife,1589,1036,Blade of Death,Blade of Death (Lacking FP),,Blade of Death,base,direct,1,1,1,300101905,-1,1,0,140.0,140.0,140.0,140.0,140.0,0.0,0.0,0.0,0.0,0.0,100.0,100.0,39.0
1040000,Reduvia,Reduvia,1577,1016,Reduvia Blood Blade,Reduvia Blood Blade #1,,Reduvia Blood Blade,#1,direct,1,0,1,300104900,-1,1,0,55.0,55.0,55.0,55.0,55.0,0.0,0.0,0.0,0.0,0.0,100.0,100.0,0.0
1040000,Reduvia,Reduvia,1578,1016,Reduvia Blood Blade,Reduvia Blood Blade #1 - Bullet,,Reduvia Blood Blade,#1 - Bullet,bullet,1,0,1,300104901,-1,1,0,143.0,143.0,143.0,143.0,143.0,0.0,0.0,0.0,0.0,0.0,0.0,0.0,22.0
1040000,Reduvia,Reduvia,1579,1016,Reduvia Blood Blade,Reduvia Blood Blade #2,,Reduvia Blood Blade,#2,direct,2,0,1,300104905,-1,1,0,55.0,55.0,55.0,55.0,55.0,0.0,0.0,0.0,0.0,0.0,100.0,100.0,0.0
1040000,Reduvia,Reduvia,1580,1016,Reduvia Blood Blade,Reduvia Blood Blade #2 - Bullet,,Reduvia Blood Blade,#2 - Bullet,bullet,2,0,1,300104906,-1,1,0,143.0,143.0,143.0,143.0,143.0,0.0,0.0,0.0,0.0,0.0,0.0,0.0,22.0
1040000,Reduvia,Reduvia,1581,1016,Reduvia Blood Blade,Reduvia Blood Blade #3,,Reduvia Blood Blade,#3,direct,3,0,1,300104910,-1,1,0,55.0,55.0,55.0,55.0,55.0,0.0,0.0,0.0,0.0,0.0,100.0,100.0,0.0
1040000,Reduvia,Reduvia,1582,1016,Reduvia Blood Blade,Reduvia Blood Blade #3 - Bullet,,Reduvia Blood Blade,#3 - Bullet,bullet,3,0,1,300104911,-1,1,0,143.0,143.0,143.0,143.0,143.0,0.0,0.0,0.0,0.0,0.0,0.0,0.0,22.0
1040000,Reduvia,Reduvia,1583,1016,Reduvia Blood Blade,Reduvia Blood Blade #1 (Lacking FP),,Reduvia Blood Blade,#1,direct,1,1,1,300104902,-1,1,0,100.0,100.0,100.0,100.0,100.0,0.0,0.0,0.0,0.0,0.0,100.0,100.0,22.0
1040000,Reduvia,Reduvia,1584,1016,Reduvia Blood Blade,Reduvia Blood Blade #2 (Lacking FP),,Reduvia Blood Blade,#2,direct,2,1,1,300104907,-1,1,0,100.0,100.0,100.0,100.0,100.0,0.0,0.0,0.0,0.0,0.0,100.0,100.0,22.0
1040000,Reduvia,Reduvia,1585,1016,Reduvia Blood Blade,Reduvia Blood Blade #3 (Lacking FP),,Reduvia Blood Blade,#3,direct,3,1,1,300104912,-1,1,0,100.0,100.0,100.0,100.0,100.0,0.0,0.0,0.0,0.0,0.0,100.0,100.0,22.0
1070000,Glintstone Kris,Glintstone Kris,1571,1017,Glintstone Dart,Glintstone Dart - Bullet,,Glintstone Dart,Bullet,bullet,1,0,1,300107901,-1,1,1,0.0,0.0,0.0,0.0,0.0,0.0,155.0,0.0,0.0,0.0,0.0,0.0,12.0
1070000,Glintstone Kris,Glintstone Kris,1572,1017,Glintstone Dart,Glintstone Dart Charged - Bullet,,Glintstone Dart,Charged - Bullet,bullet,1,0,1,300107900,-1,1,1,0.0,0.0,0.0,0.0,0.0,0.0,190.0,0.0,0.0,0.0,0.0,0.0,20.0
1070000,Glintstone Kris,Glintstone Kris,1573,1017,Glintstone Dart,Glintstone Dart R2,,Glintstone Dart,R2,direct,2,0,1,300107910,-1,1,0,170.0,170.0,170.0,170.0,170.0,0.0,0.0,0.0,0.0,0.0,100.0,100.0,24.0
1070000,Glintstone Kris,Glintstone Kris,1574,1017,Glintstone Dart,Glintstone Dart (Lacking FP),,Glintstone Dart,base,direct,1,1,1,300107906,-1,1,0,104.0,104.0,104.0,104.0,104.0,0.0,0.0,0.0,0.0,0.0,100.0,100.0,12.0
1070000,Glintstone Kris,Glintstone Kris,1575,1017,Glintstone Dart,Glintstone Dart Charged (Lacking FP),,Glintstone Dart,Charged,charged,1,1,1,300107905,-1,1,0,140.0,140.0,140.0,140.0,140.0,0.0,0.0,0.0,0.0,0.0,100.0,100.0,20.0
1070000,Glintstone Kris,Glintstone Kris,1576,1017,Glintstone Dart,Glintstone Dart R2 (Lacking FP),,Glintstone Dart,R2,direct,2,1,1,300107911,-1,1,0,145.0,145.0,145.0,145.0,145.0,0.0,0.0,0.0,0.0,0.0,100.0,100.0,24.0
1160000,Blade of Calling,Blade of Calling,1586,1037,Blade of Gold,Blade of Gold - Bullet,,Blade of Gold,Bullet,bullet,1,0,1,300116900,-1,1,1,0.0,0.0,0.0,0.0,0.0,0.0,0.0,0.0,0.0,145.0,0.0,0.0,37.0
1160000,Blade of Calling,Blade of Calling,1587,1037,Blade of Gold,Blade of Gold (Lacking FP),,Blade of Gold,base,direct,1,1,1,300116905,-1,1,0,140.0,140.0,140.0,140.0,140.0,0.0,0.0,0.0,0.0,0.0,100.0,100.0,37.0
2060000,Ornamental Straight Sword,Ornamental Straight Sword,1590,1052,Golden Tempering,Golden Tempering R2 (Right),,Golden Tempering,R2 (Right),direct,2,0,1,303401000,-1,1,0,105.0,105.0,105.0,105.0,105.0,0.0,0.0,0.0,0.0,0.0,100.0,100.0,9.0
2060000,Ornamental Straight Sword,Ornamental Straight Sword,1591,1052,Golden Tempering,Golden Tempering R2 (Left),,Golden Tempering,R2 (Left),direct,2,0,1,303401001,-1,1,0,105.0,105.0,105.0,105.0,105.0,0.0,0.0,0.0,0.0,0.0,100.0,100.0,9.0
2060000,Ornamental Straight Sword,Ornamental Straight Sword,1592,1052,Golden Tempering,Golden Tempering (Partial) Charged R2 - 2x (Right),,Golden Tempering,(Partial) Charged R2 - 2x (Right),charged,2,0,1,303401005,-1,1,0,45.0,45.0,45.0,45.0,45.0,0.0,0.0,0.0,0.0,0.0,100.0,100.0,2.0
2060000,Ornamental Straight Sword,Ornamental Straight Sword,1593,1052,Golden Tempering,Golden Tempering (Partial) Charged R2 - 1x (Left),,Golden Tempering,(Partial) Charged R2 - 1x (Left),charged,2,0,1,303401006,-1,1,0,45.0,45.0,45.0,45.0,45.0,0.0,0.0,0.0,0.0,0.0,100.0,100.0,2.0
2060000,Ornamental Straight Sword,Ornamental Straight Sword,1594,1052,Golden Tempering,Golden Tempering (Partial) Charged R2 (Right),,Golden Tempering,(Partial) Charged R2 (Right),charged,2,0,1,303401000,-1,1,0,105.0,105.0,105.0,105.0,105.0,0.0,0.0,0.0,0.0,0.0,100.0,100.0,9.0
2060000,Ornamental Straight Sword,Ornamental Straight Sword,1595,1052,Golden Tempering,Golden Tempering (Partial) Charged R2 (Left),,Golden Tempering,(Partial) Charged R2 (Left),charged,2,0,1,303401001,-1,1,0,105.0,105.0,105.0,105.0,105.0,0.0,0.0,0.0,0.0,0.0,100.0,100.0,9.0
2060000,Ornamental Straight Sword,Ornamental Straight Sword,1596,1052,Golden Tempering,Golden Tempering Charged R2 - 5x (Right),,Golden Tempering,Charged R2 - 5x (Right),charged,2,0,1,303401005,-1,1,0,45.0,45.0,45.0,45.0,45.0,0.0,0.0,0.0,0.0,0.0,100.0,100.0,2.0
2060000,Ornamental Straight Sword,Ornamental Straight Sword,1597,1052,Golden Tempering,Golden Tempering Charged R2 - 5x (Left),,Golden Tempering,Charged R2 - 5x (Left),charged,2,0,1,303401006,-1,1,0,45.0,45.0,45.0,45.0,45.0,0.0,0.0,0.0,0.0,0.0,100.0,100.0,2.0
2060000,Ornamental Straight Sword,Ornamental Straight Sword,1598,1052,Golden Tempering,Golden Tempering Charged R2 - Final (Right),,Golden Tempering,Charged R2 - Final (Right),charged,2,0,1,303401007,-1,1,0,125.0,125.0,125.0,125.0,125.0,0.0,0.0,0.0,0.0,0.0,100.0,100.0,9.0
2060000,Ornamental Straight Sword,Ornamental Straight Sword,1599,1052,Golden Tempering,Golden Tempering Charged R2 - Final (Left),,Golden Tempering,Charged R2 - Final (Left),charged,2,0,1,303401008,-1,1,0,125.0,125.0,125.0,125.0,125.0,0.0,0.0,0.0,0.0,0.0,100.0,100.0,9.0
2080000,Nox Flowing Sword,Nox Flowing Sword,1873,1018,Flowing Form,Flowing Form,,Flowing Form,base,direct,1,0,1,300702900,-1,1,0,220.0,220.0,220.0,220.0,220.0,0.0,0.0,0.0,0.0,0.0,100.0,100.0,27.0
2080000,Nox Flowing Sword,Nox Flowing Sword,1874,1018,Flowing Form,Flowing Form (Lacking FP),,Flowing Form,base,direct,1,1,1,300702901,-1,1,0,100.0,100.0,100.0,100.0,100.0,0.0,0.0,0.0,0.0,0.0,100.0,100.0,27.0
2110000,Coded Sword,Coded Sword,1625,1054,Unblockable Blade,Unblockable Blade,,Unblockable Blade,base,direct,1,0,1,303400200,-1,1,1,250.0,250.0,250.0,250.0,250.0,0.0,0.0,0.0,0.0,0.0,0.0,0.0,29.0
2110000,Coded Sword,Coded Sword,1626,1054,Unblockable Blade,Unblockable Blade (Lacking FP),,Unblockable Blade,base,direct,1,1,1,303400201,-1,1,0,140.0,140.0,140.0,140.0,140.0,0.0,0.0,0.0,0.0,0.0,100.0,100.0,29.0
2140000,Sword of Night and Flame,Sword of Night and Flame,1627,1019,Night-and-Flame Stance,Night-and-Flame Stance R1,,Night-and-Flame Stance,R1,direct,1,0,1,300214910,-1,1,0,110.0,110.0,110.0,110.0,110.0,0.0,0.0,0.0,0.0,0.0,100.0,100.0,25.0
2140000,Sword of Night and Flame,Sword of Night and Flame,1628,1019,Night-and-Flame Stance,Night-and-Flame Stance R1 [1] - Bullet (Beam - Point Blank),,Night-and-Flame Stance,R1 [1] - Bullet (Beam - Point Blank),bullet,1,0,1,300214909,-1,1,0,0.0,108.0,0.0,0.0,0.0,0.0,0.0,0.0,0.0,0.0,100.0,100.0,0.0
2140000,Sword of Night and Flame,Sword of Night and Flame,1629,1019,Night-and-Flame Stance,Night-and-Flame Stance R1 [2] - Bullet (Beam Loop 5x),,Night-and-Flame Stance,R1 [2] - Bullet (Beam Loop 5x),bullet,2,0,0,300214905,-1,1,0,0.0,0.0,0.0,0.0,0.0,0.0,0.0,0.0,0.0,0.0,100.0,100.0,46.0
2140000,Sword of Night and Flame,Sword of Night and Flame,1630,1019,Night-and-Flame Stance,Night-and-Flame Stance R1 [2] - Bullet (Beam Loop 2x),,Night-and-Flame Stance,R1 [2] - Bullet (Beam Loop 2x),bullet,2,0,1,300214907,-1,1,0,0.0,162.0,0.0,0.0,0.0,0.0,0.0,0.0,0.0,0.0,100.0,100.0,0.0
2140000,Sword of Night and Flame,Sword of Night and Flame,1631,1019,Night-and-Flame Stance,Night-and-Flame Stance R1 [3] - Bullet (Beam Loop 4x),,Night-and-Flame Stance,R1 [3] - Bullet (Beam Loop 4x),bullet,3,0,1,300214906,-1,1,0,0.0,162.0,0.0,0.0,0.0,0.0,0.0,0.0,0.0,0.0,100.0,100.0,0.0
2140000,Sword of Night and Flame,Sword of Night and Flame,1632,1019,Night-and-Flame Stance,Night-and-Flame Stance R1 [4] - Bullet (Beam Final Hit),,Night-and-Flame Stance,R1 [4] - Bullet (Beam Final Hit),bullet,4,0,1,300214908,-1,1,0,0.0,194.0,0.0,0.0,0.0,0.0,0.0,0.0,0.0,0.0,100.0,100.0,0.0
2140000,Sword of Night and Flame,Sword of Night and Flame,1633,1019,Night-and-Flame Stance,Night-and-Flame Stance R1 (Lacking FP),,Night-and-Flame Stance,R1,direct,1,1,1,300214910,-1,1,0,110.0,110.0,110.0,110.0,110.0,0.0,0.0,0.0,0.0,0.0,100.0,100.0,25.0
2140000,Sword of Night and Flame,Sword of Night and Flame,1634,1019,Night-and-Flame Stance,Night-and-Flame Stance R2,,Night-and-Flame Stance,R2,direct,2,0,0,300214920,-1,1,0,0.0,0.0,0.0,0.0,0.0,0.0,0.0,0.0,0.0,0.0,100.0,100.0,46.0
2140000,Sword of Night and Flame,Sword of Night and Flame,1635,1019,Night-and-Flame Stance,Night-and-Flame Stance R2,,Night-and-Flame Stance,R2,direct,2,0,1,300214930,-1,1,0,120.0,120.0,120.0,120.0,120.0,0.0,0.0,0.0,0.0,0.0,100.0,100.0,25.0
2140000,Sword of Night and Flame,Sword of Night and Flame,1636,1019,Night-and-Flame Stance,Night-and-Flame Stance R2 - Bullet (Fire),,Night-and-Flame Stance,R2 - Bullet (Fire),bullet,2,0,1,300214925,-1,1,0,0.0,0.0,800.0,0.0,0.0,0.0,0.0,0.0,0.0,0.0,100.0,100.0,0.0
2140000,Sword of Night and Flame,Sword of Night and Flame,1637,1019,Night-and-Flame Stance,Night-and-Flame Stance R2 - Bullet (Fire),,Night-and-Flame Stance,R2 - Bullet (Fire),bullet,2,0,1,300214926,-1,1,0,0.0,0.0,800.0,0.0,0.0,0.0,0.0,0.0,0.0,0.0,100.0,100.0,0.0
2140000,Sword of Night and Flame,Sword of Night and Flame,1638,1019,Night-and-Flame Stance,Night-and-Flame Stance R2 (Lacking FP),,Night-and-Flame Stance,R2,direct,2,1,1,300214930,-1,1,0,120.0,120.0,120.0,120.0,120.0,0.0,0.0,0.0,0.0,0.0,100.0,100.0,25.0
2190000,Sword of St. Trina,Sword of St. Trina,1600,1023,Mists of Slumber,Mists of Slumber,,Mists of Slumber,base,direct,1,0,1,300208910,-1,1,0,160.0,160.0,160.0,160.0,160.0,0.0,0.0,0.0,0.0,0.0,100.0,100.0,37.0
2190000,Sword of St. Trina,Sword of St. Trina,1601,1023,Mists of Slumber,Mists of Slumber (Lacking FP),,Mists of Slumber,base,direct,1,1,1,300208912,-1,1,0,100.0,100.0,100.0,100.0,100.0,0.0,0.0,0.0,0.0,0.0,100.0,100.0,37.0
2220000,Regalia of Eochaid,Regalia of Eochaid,1604,1055,Eochaid's Dancing Blade,Eochaid's Dancing Blade [1],,Eochaid's Dancing Blade,[1],direct,1,0,1,300208921,-1,1,0,35.0,35.0,35.0,35.0,35.0,0.0,0.0,0.0,0.0,0.0,50.0,50.0,10.0
2220000,Regalia of Eochaid,Regalia of Eochaid,1605,1055,Eochaid's Dancing Blade,Eochaid's Dancing Blade [2],,Eochaid's Dancing Blade,[2],direct,2,0,1,300208920,-1,1,0,35.0,35.0,35.0,35.0,35.0,0.0,0.0,0.0,0.0,0.0,50.0,50.0,0.0
2220000,Regalia of Eochaid,Regalia of Eochaid,1606,1055,Eochaid's Dancing Blade,Eochaid's Dancing Blade [3],,Eochaid's Dancing Blade,[3],direct,3,0,1,300208920,-1,1,0,35.0,35.0,35.0,35.0,35.0,0.0,0.0,0.0,0.0,0.0,50.0,50.0,0.0
2220000,Regalia of Eochaid,Regalia of Eochaid,1607,1055,Eochaid's Dancing Blade,Eochaid's Dancing Blade [4],,Eochaid's Dancing Blade,[4],direct,4,0,1,300208920,-1,1,0,35.0,35.0,35.0,35.0,35.0,0.0,0.0,0.0,0.0,0.0,50.0,50.0,0.0
2220000,Regalia of Eochaid,Regalia of Eochaid,1608,1055,Eochaid's Dancing Blade,Eochaid's Dancing Blade [5],,Eochaid's Dancing Blade,[5],direct,5,0,1,300208920,-1,1,0,35.0,35.0,35.0,35.0,35.0,0.0,0.0,0.0,0.0,0.0,50.0,50.0,0.0
2220000,Regalia of Eochaid,Regalia of Eochaid,1609,1055,Eochaid's Dancing Blade,Eochaid's Dancing Blade [6],,Eochaid's Dancing Blade,[6],direct,6,0,1,300208920,-1,1,0,35.0,35.0,35.0,35.0,35.0,0.0,0.0,0.0,0.0,0.0,50.0,50.0,0.0
2220000,Regalia of Eochaid,Regalia of Eochaid,1610,1055,Eochaid's Dancing Blade,Eochaid's Dancing Blade [7],,Eochaid's Dancing Blade,[7],direct,7,0,1,300208920,-1,1,0,35.0,35.0,35.0,35.0,35.0,0.0,0.0,0.0,0.0,0.0,50.0,50.0,0.0
2220000,Regalia of Eochaid,Regalia of Eochaid,1611,1055,Eochaid's Dancing Blade,Eochaid's Dancing Blade [8],,Eochaid's Dancing Blade,[8],direct,8,0,1,300208922,-1,1,0,82.0,82.0,82.0,82.0,82.0,0.0,0.0,0.0,0.0,0.0,50.0,50.0,0.0
2220000,Regalia of Eochaid,Regalia of Eochaid,1612,1055,Eochaid's Dancing Blade,Eochaid's Dancing Blade [9],,Eochaid's Dancing Blade,[9],direct,9,0,1,300208923,-1,1,0,95.0,95.0,95.0,95.0,95.0,0.0,0.0,0.0,0.0,0.0,100.0,100.0,10.0
2220000,Regalia of Eochaid,Regalia of Eochaid,1613,1055,Eochaid's Dancing Blade,Eochaid's Dancing Blade Charged [1],,Eochaid's Dancing Blade,Charged [1],charged,1,0,1,300208925,-1,1,0,40.0,40.0,40.0,40.0,40.0,0.0,0.0,0.0,0.0,0.0,50.0,50.0,12.0
2220000,Regalia of Eochaid,Regalia of Eochaid,1614,1055,Eochaid's Dancing Blade,Eochaid's Dancing Blade Charged [2],,Eochaid's Dancing Blade,Charged [2],charged,2,0,1,300208924,-1,1,0,40.0,40.0,40.0,40.0,40.0,0.0,0.0,0.0,0.0,0.0,50.0,50.0,0.0
2220000,Regalia of Eochaid,Regalia of Eochaid,1615,1055,Eochaid's Dancing Blade,Eochaid's Dancing Blade Charged [3],,Eochaid's Dancing Blade,Charged [3],charged,3,0,1,300208924,-1,1,0,40.0,40.0,40.0,40.0,40.0,0.0,0.0,0.0,0.0,0.0,50.0,50.0,0.0
2220000,Regalia of Eochaid,Regalia of Eochaid,1616,1055,Eochaid's Dancing Blade,Eochaid's Dancing Blade Charged [4],,Eochaid's Dancing Blade,Charged [4],charged,4,0,1,300208924,-1,1,0,40.0,40.0,40.0,40.0,40.0,0.0,0.0,0.0,0.0,0.0,50.0,50.0,0.0
2220000,Regalia of Eochaid,Regalia of Eochaid,1617,1055,Eochaid's Dancing Blade,Eochaid's Dancing Blade Charged [5],,Eochaid's Dancing Blade,Charged [5],charged,5,0,1,300208924,-1,1,0,40.0,40.0,40.0,40.0,40.0,0.0,0.0,0.0,0.0,0.0,50.0,50.0,0.0
2220000,Regalia of Eochaid,Regalia of Eochaid,1618,1055,Eochaid's Dancing Blade,Eochaid's Dancing Blade Charged [6],,Eochaid's Dancing Blade,Charged [6],charged,6,0,1,300208924,-1,1,0,40.0,40.0,40.0,40.0,40.0,0.0,0.0,0.0,0.0,0.0,50.0,50.0,0.0
2220000,Regalia of Eochaid,Regalia of Eochaid,1619,1055,Eochaid's Dancing Blade,Eochaid's Dancing Blade Charged [7],,Eochaid's Dancing Blade,Charged [7],charged,7,0,1,300208924,-1,1,0,40.0,40.0,40.0,40.0,40.0,0.0,0.0,0.0,0.0,0.0,50.0,50.0,0.0
2220000,Regalia of Eochaid,Regalia of Eochaid,1620,1055,Eochaid's Dancing Blade,Eochaid's Dancing Blade Charged [8],,Eochaid's Dancing Blade,Charged [8],charged,8,0,1,300208924,-1,1,0,40.0,40.0,40.0,40.0,40.0,0.0,0.0,0.0,0.0,0.0,50.0,50.0,0.0
2220000,Regalia of Eochaid,Regalia of Eochaid,1621,1055,Eochaid's Dancing Blade,Eochaid's Dancing Blade Charged [9],,Eochaid's Dancing Blade,Charged [9],charged,9,0,1,300208924,-1,1,0,40.0,40.0,40.0,40.0,40.0,0.0,0.0,0.0,0.0,0.0,50.0,50.0,0.0
2220000,Regalia of Eochaid,Regalia of Eochaid,1622,1055,Eochaid's Dancing Blade,Eochaid's Dancing Blade Charged [10],,Eochaid's Dancing Blade,Charged [10],charged,10,0,1,300208924,-1,1,0,40.0,40.0,40.0,40.0,40.0,0.0,0.0,0.0,0.0,0.0,50.0,50.0,0.0
2220000,Regalia of Eochaid,Regalia of Eochaid,1623,1055,Eochaid's Dancing Blade,Eochaid's Dancing Blade Charged [11],,Eochaid's Dancing Blade,Charged [11],charged,11,0,1,300208926,-1,1,0,100.0,100.0,100.0,100.0,100.0,0.0,0.0,0.0,0.0,0.0,50.0,50.0,0.0
2220000,Regalia of Eochaid,Regalia of Eochaid,1624,1055,Eochaid's Dancing Blade,Eochaid's Dancing Blade Charged [12],,Eochaid's Dancing Blade,Charged [12],charged,12,0,1,300208927,-1,1,0,100.0,100.0,100.0,100.0,100.0,0.0,0.0,0.0,0.0,0.0,100.0,100.0,12.0
2510000,Velvet Sword of St. Trina,Velvet Sword of St. Trina,1602,5110,Mists of Eternal Sleep,Mists of Eternal Sleep,,Mists of Eternal Sleep,base,direct,1,0,1,700000401,-1,1,0,160.0,160.0,160.0,160.0,160.0,0.0,0.0,0.0,0.0,0.0,100.0,100.0,38.0
2510000,Velvet Sword of St. Trina,Velvet Sword of St. Trina,1603,5110,Mists of Eternal Sleep,Mists of Eternal Sleep (Lacking FP),,Mists of Eternal Sleep,base,direct,1,1,1,700000402,-1,1,0,100.0,100.0,100.0,100.0,100.0,0.0,0.0,0.0,0.0,0.0,100.0,100.0,38.0
2520000,Star-Lined Sword,Star-Lined Sword,2031,5040,Onze's Line of Stars,Onze's Line of Stars #1 [1],,Onze's Line of Stars,#1 [1],direct,1,0,1,700000330,-1,1,0,82.0,82.0,82.0,82.0,82.0,0.0,0.0,0.0,0.0,0.0,100.0,100.0,9.0
2520000,Star-Lined Sword,Star-Lined Sword,2032,5040,Onze's Line of Stars,Onze's Line of Stars #1 [2],,Onze's Line of Stars,#1 [2],direct,2,0,1,700000331,-1,1,0,83.0,83.0,83.0,83.0,83.0,0.0,0.0,0.0,0.0,0.0,100.0,100.0,9.0
2520000,Star-Lined Sword,Star-Lined Sword,2033,5040,Onze's Line of Stars,Onze's Line of Stars #2 [1],,Onze's Line of Stars,#2 [1],direct,1,0,1,700000332,-1,1,0,97.0,97.0,97.0,97.0,97.0,0.0,0.0,0.0,0.0,0.0,100.0,100.0,15.0
2520000,Star-Lined Sword,Star-Lined Sword,2034,5040,Onze's Line of Stars,Onze's Line of Stars #2 [2],,Onze's Line of Stars,#2 [2],direct,2,0,1,700000333,-1,1,0,99.0,99.0,99.0,99.0,99.0,0.0,0.0,0.0,0.0,0.0,100.0,100.0,15.0
2520000,Star-Lined Sword,Star-Lined Sword,2035,5040,Onze's Line of Stars,Onze's Line of Stars #3 [1],,Onze's Line of Stars,#3 [1],direct,1,0,1,700000334,-1,1,0,75.0,75.0,75.0,75.0,75.0,0.0,0.0,0.0,0.0,0.0,100.0,100.0,7.0
2520000,Star-Lined Sword,Star-Lined Sword,2036,5040,Onze's Line of Stars,Onze's Line of Stars #3 [2],,Onze's Line of Stars,#3 [2],direct,2,0,1,700000335,-1,1,0,140.0,140.0,140.0,140.0,140.0,0.0,0.0,0.0,0.0,0.0,100.0,100.0,35.0
2520000,Star-Lined Sword,Star-Lined Sword,2037,5040,Onze's Line of Stars,Onze's Line of Stars #1 [1] (Lacking FP),,Onze's Line of Stars,#1 [1],direct,1,1,1,700000336,-1,1,0,40.0,40.0,40.0,40.0,40.0,0.0,0.0,0.0,0.0,0.0,100.0,100.0,9.0
2520000,Star-Lined Sword,Star-Lined Sword,2038,5040,Onze's Line of Stars,Onze's Line of Stars #1 [2] (Lacking FP),,Onze's Line of Stars,#1 [2],direct,2,1,1,700000337,-1,1,0,40.0,40.0,40.0,40.0,40.0,0.0,0.0,0.0,0.0,0.0,100.0,100.0,9.0
2520000,Star-Lined Sword,Star-Lined Sword,2039,5040,Onze's Line of Stars,Onze's Line of Stars #2 [1] (Lacking FP),,Onze's Line of Stars,#2 [1],direct,1,1,1,700000338,-1,1,0,45.0,45.0,45.0,45.0,45.0,0.0,0.0,0.0,0.0,0.0,100.0,100.0,15.0
2520000,Star-Lined Sword,Star-Lined Sword,2040,5040,Onze's Line of Stars,Onze's Line of Stars #2 [2] (Lacking FP),,Onze's Line of Stars,#2 [2],direct,2,1,1,700000339,-1,1,0,45.0,45.0,45.0,45.0,45.0,0.0,0.0,0.0,0.0,0.0,100.0,100.0,15.0
2520000,Star-Lined Sword,Star-Lined Sword,2041,5040,Onze's Line of Stars,Onze's Line of Stars #3 [1] (Lacking FP),,Onze's Line of Stars,#3 [1],direct,1,1,1,700000340,-1,1,0,50.0,50.0,50.0,50.0,50.0,0.0,0.0,0.0,0.0,0.0,100.0,100.0,7.0
2520000,Star-Lined Sword,Star-Lined Sword,2042,5040,Onze's Line of Stars,Onze's Line of Stars #3 [2] (Lacking FP),,Onze's Line of Stars,#3 [2],direct,2,1,1,700000341,-1,1,0,50.0,50.0,50.0,50.0,50.0,0.0,0.0,0.0,0.0,0.0,100.0,100.0,35.0
2530000,Carian Sorcery Sword,Carian Sorcery Sword,1844,5590,Impaling Thrust,Impaling Thrust,,Impaling Thrust,base,direct,1,0,1,300000010,-1,1,0,187.0,187.0,187.0,187.0,187.0,0.0,0.0,0.0,0.0,0.0,100.0,100.0,39.0
2530000,Carian Sorcery Sword,Carian Sorcery Sword,1845,5590,Impaling Thrust,Impaling Thrust (Lacking FP),,Impaling Thrust,base,direct,1,1,1,300000011,-1,1,0,90.0,90.0,90.0,90.0,90.0,0.0,0.0,0.0,0.0,0.0,100.0,100.0,39.0
2550000,Sword of Light,Sword of Light,1639,5020,Light,Light - Bullet,,Light,Bullet,bullet,1,0,1,600000880,-1,1,1,0.0,0.0,0.0,0.0,0.0,0.0,0.0,0.0,0.0,61.0,100.0,100.0,3.0
2560000,Sword of Darkness,Sword of Darkness,1640,5030,Darkness,Darkness - Bullet,,Darkness,Bullet,bullet,1,0,1,600000890,-1,1,1,0.0,0.0,0.0,0.0,0.0,0.0,0.0,0.0,0.0,310.0,100.0,100.0,30.0
3060000,Ordovis's Greatsword,Ordovis's Greatsword,1719,1198,Ordovis's Vortex,Ordovis's Vortex [1],,Ordovis's Vortex,[1],direct,1,0,1,300306910,-1,1,1,154.0,154.0,154.0,154.0,154.0,0.0,0.0,0.0,0.0,0.0,100.0,100.0,39.0
3060000,Ordovis's Greatsword,Ordovis's Greatsword,1720,1198,Ordovis's Vortex,Ordovis's Vortex [2] - Bullet,,Ordovis's Vortex,[2] - Bullet,bullet,2,0,1,300306915,-1,1,1,77.0,77.0,77.0,77.0,77.0,0.0,0.0,0.0,0.0,0.0,100.0,100.0,0.0
3060000,Ordovis's Greatsword,Ordovis's Greatsword,1721,1198,Ordovis's Vortex,Ordovis's Vortex Charged [1],,Ordovis's Vortex,Charged [1],charged,1,0,1,300306900,-1,1,1,160.0,160.0,160.0,160.0,160.0,0.0,0.0,0.0,0.0,0.0,100.0,100.0,55.0
3060000,Ordovis's Greatsword,Ordovis's Greatsword,1722,1198,Ordovis's Vortex,Ordovis's Vortex Charged [2] - Bullet,,Ordovis's Vortex,Charged [2] - Bullet,bullet,2,0,1,300306905,-1,1,1,66.0,66.0,66.0,66.0,66.0,0.0,0.0,0.0,0.0,0.0,100.0,100.0,0.0
3060000,Ordovis's Greatsword,Ordovis's Greatsword,1723,1198,Ordovis's Vortex,Ordovis's Vortex Charged [3] - Bullet,,Ordovis's Vortex,Charged [3] - Bullet,bullet,3,0,1,300306906,-1,1,1,66.0,66.0,66.0,66.0,66.0,0.0,0.0,0.0,0.0,0.0,100.0,100.0,0.0
3060000,Ordovis's Greatsword,Ordovis's Greatsword,1724,1198,Ordovis's Vortex,Ordovis's Vortex Charged [4] - Bullet,,Ordovis's Vortex,Charged [4] - Bullet,bullet,4,0,1,300306907,-1,1,1,77.0,77.0,77.0,77.0,77.0,0.0,0.0,0.0,0.0,0.0,100.0,100.0,0.0
3060000,Ordovis's Greatsword,Ordovis's Greatsword,1725,1198,Ordovis's Vortex,Ordovis's Vortex (Lacking FP),,Ordovis's Vortex,base,direct,1,1,1,300306925,-1,1,0,110.0,110.0,110.0,110.0,110.0,0.0,0.0,0.0,0.0,0.0,100.0,100.0,39.0
3060000,Ordovis's Greatsword,Ordovis's Greatsword,1726,1198,Ordovis's Vortex,Ordovis's Vortex Charged (Lacking FP),,Ordovis's Vortex,Charged,charged,1,1,1,300306920,-1,1,0,130.0,130.0,130.0,130.0,130.0,0.0,0.0,0.0,0.0,0.0,100.0,100.0,55.0
3070000,Alabaster Lord's Sword,Alabaster Lord's Sword,1727,1040,Alabaster Lords' Pull,Alabaster Lords' Pull,,Alabaster Lords' Pull,base,direct,1,0,1,303400700,-1,1,0,100.0,100.0,100.0,100.0,100.0,0.0,0.0,0.0,0.0,0.0,100.0,100.0,27.0
3070000,Alabaster Lord's Sword,Alabaster Lord's Sword,1728,1040,Alabaster Lords' Pull,Alabaster Lords' Pull - Bullet (Stackable Inner),,Alabaster Lords' Pull,Bullet (Stackable Inner),bullet,1,0,1,303400705,-1,1,1,0.0,0.0,0.0,0.0,0.0,0.0,184.0,0.0,0.0,0.0,0.0,0.0,2.0
3070000,Alabaster Lord's Sword,Alabaster Lord's Sword,1729,1040,Alabaster Lords' Pull,Alabaster Lords' Pull - Bullet (Stackable Middle),,Alabaster Lords' Pull,Bullet (Stackable Middle),bullet,1,0,1,303400706,-1,1,1,0.0,0.0,0.0,0.0,0.0,0.0,184.0,0.0,0.0,0.0,0.0,0.0,2.0
3070000,Alabaster Lord's Sword,Alabaster Lord's Sword,1730,1040,Alabaster Lords' Pull,Alabaster Lords' Pull - Bullet (Stackable Outer),,Alabaster Lords' Pull,Bullet (Stackable Outer),bullet,1,0,1,303400707,-1,1,1,0.0,0.0,0.0,0.0,0.0,0.0,184.0,0.0,0.0,0.0,0.0,0.0,2.0
3070000,Alabaster Lord's Sword,Alabaster Lord's Sword,1731,1040,Alabaster Lords' Pull,Alabaster Lords' Pull (Lacking FP),,Alabaster Lords' Pull,base,direct,1,1,1,303400702,-1,1,0,100.0,100.0,100.0,100.0,100.0,0.0,0.0,0.0,0.0,0.0,100.0,100.0,37.0
3090000,Dark Moon Greatsword,Dark Moon Greatsword,1755,1008,Moonlight Greatsword,Moonlight Greatsword R2 - Bullet,,Moonlight Greatsword,R2 - Bullet,bullet,2,0,1,301001,-1,1,1,0.0,0.0,0.0,0.0,0.0,0.0,115.0,0.0,0.0,0.0,120.0,0.0,32.0
3090000,Dark Moon Greatsword,Dark Moon Greatsword,1756,1008,Moonlight Greatsword,Moonlight Greatsword Charged R2 - Bullet,,Moonlight Greatsword,Charged R2 - Bullet,bullet,2,0,1,301002,-1,1,1,0.0,0.0,0.0,0.0,0.0,0.0,145.0,0.0,0.0,0.0,150.0,0.0,44.0
3090000,Dark Moon Greatsword,Dark Moon Greatsword,1757,1008,Moonlight Greatsword,Moonlight Greatsword 1h R2 #1,,Moonlight Greatsword,1h R2 #1,direct,1,0,1,301003,-1,0,0,50.0,50.0,50.0,50.0,50.0,0.0,0.0,0.0,0.0,0.0,100.0,100.0,0.0
3090000,Dark Moon Greatsword,Dark Moon Greatsword,1758,1008,Moonlight Greatsword,Moonlight Greatsword 1h Charged R2 #1,,Moonlight Greatsword,1h Charged R2 #1,charged,1,0,1,301004,-1,0,0,65.0,65.0,65.0,65.0,65.0,0.0,0.0,0.0,0.0,0.0,100.0,100.0,0.0
3090000,Dark Moon Greatsword,Dark Moon Greatsword,1759,1008,Moonlight Greatsword,Moonlight Greatsword 1h R2 #2,,Moonlight Greatsword,1h R2 #2,direct,2,0,1,301005,-1,0,0,50.0,50.0,50.0,50.0,50.0,0.0,0.0,0.0,0.0,0.0,100.0,100.0,0.0
3090000,Dark Moon Greatsword,Dark Moon Greatsword,1760,1008,Moonlight Greatsword,Moonlight Greatsword 1h Charged R2 #2,,Moonlight Greatsword,1h Charged R2 #2,charged,2,0,1,301006,-1,0,0,65.0,65.0,65.0,65.0,65.0,0.0,0.0,0.0,0.0,0.0,100.0,100.0,0.0
3090000,Dark Moon Greatsword,Dark Moon Greatsword,1761,1008,Moonlight Greatsword,Moonlight Greatsword 2h R2 #1,,Moonlight Greatsword,2h R2 #1,direct,1,0,1,301007,-1,0,0,53.0,53.0,53.0,53.0,53.0,0.0,0.0,0.0,0.0,0.0,100.0,100.0,0.0
3090000,Dark Moon Greatsword,Dark Moon Greatsword,1762,1008,Moonlight Greatsword,Moonlight Greatsword 2h Charged R2 #1,,Moonlight Greatsword,2h Charged R2 #1,charged,1,0,1,301008,-1,0,0,68.0,68.0,68.0,68.0,68.0,0.0,0.0,0.0,0.0,0.0,100.0,100.0,0.0
3090000,Dark Moon Greatsword,Dark Moon Greatsword,1763,1008,Moonlight Greatsword,Moonlight Greatsword 2h R2 #2,,Moonlight Greatsword,2h R2 #2,direct,2,0,1,301009,-1,0,0,53.0,53.0,53.0,53.0,53.0,0.0,0.0,0.0,0.0,0.0,100.0,100.0,0.0
3090000,Dark Moon Greatsword,Dark Moon Greatsword,1764,1008,Moonlight Greatsword,Moonlight Greatsword 2h Charged R2 #2,,Moonlight Greatsword,2h Charged R2 #2,charged,2,0,1,301010,-1,0,0,68.0,68.0,68.0,68.0,68.0,0.0,0.0,0.0,0.0,0.0,100.0,100.0,0.0
3100000,Sacred Relic Sword,Sacred Relic Sword,1771,1020,Wave of Gold,Wave of Gold,,Wave of Gold,base,direct,1,0,0,300310900,-1,1,0,0.0,0.0,0.0,0.0,0.0,0.0,0.0,0.0,0.0,0.0,0.0,0.0,0.0
3100000,Sacred Relic Sword,Sacred Relic Sword,1772,1020,Wave of Gold,Wave of Gold - Bullet,,Wave of Gold,Bullet,bullet,1,0,1,300310905,-1,1,1,0.0,0.0,0.0,0.0,0.0,0.0,0.0,0.0,0.0,250.0,0.0,0.0,75.0
3100000,Sacred Relic Sword,Sacred Relic Sword,1773,1020,Wave of Gold,Wave of Gold - Bullet,,Wave of Gold,Bullet,bullet,1,0,1,300310906,-1,1,1,0.0,0.0,0.0,0.0,0.0,0.0,0.0,0.0,0.0,230.0,0.0,0.0,0.0
3100000,Sacred Relic Sword,Sacred Relic Sword,1774,1020,Wave of Gold,Wave of Gold - Bullet,,Wave of Gold,Bullet,bullet,1,0,1,300310907,-1,1,1,0.0,0.0,0.0,0.0,0.0,0.0,0.0,0.0,0.0,250.0,0.0,0.0,0.0
3100000,Sacred Relic Sword,Sacred Relic Sword,1775,1020,Wave of Gold,Wave of Gold - Bullet,,Wave of Gold,Bullet,bullet,1,0,1,300310908,-1,1,1,0.0,0.0,0.0,0.0,0.0,0.0,0.0,0.0,0.0,230.0,0.0,0.0,0.0
3100000,Sacred Relic Sword,Sacred Relic Sword,1776,1020,Wave of Gold,Wave of Gold (Lacking FP),,Wave of Gold,base,direct,1,1,1,300310901,-1,1,0,125.0,125.0,125.0,125.0,125.0,0.0,0.0,0.0,0.0,0.0,100.0,100.0,75.0
3130000,Helphen's Steeple,Helphen's Steeple,1743,1021,Ruinous Ghostflame,Ruinous Ghostflame,,Ruinous Ghostflame,base,direct,1,0,1,303401400,-1,1,0,120.0,120.0,120.0,120.0,120.0,0.0,0.0,0.0,0.0,0.0,100.0,100.0,11.0
3140000,Blasphemous Blade,Blasphemous Blade,1744,1014,Taker's Flames,Taker's Flames,,Taker's Flames,base,direct,1,0,1,300314906,-1,1,0,65.0,65.0,65.0,65.0,65.0,0.0,0.0,0.0,0.0,0.0,100.0,100.0,0.0
3140000,Blasphemous Blade,Blasphemous Blade,1745,1014,Taker's Flames,Taker's Flames - Bullet,,Taker's Flames,Bullet,bullet,1,0,1,300314902,-1,1,1,0.0,0.0,510.0,0.0,0.0,0.0,0.0,0.0,0.0,0.0,100.0,100.0,0.0
3140000,Blasphemous Blade,Blasphemous Blade,1746,1014,Taker's Flames,Taker's Flames (Lacking FP),,Taker's Flames,base,direct,1,1,1,300314905,-1,1,0,150.0,150.0,150.0,150.0,150.0,0.0,0.0,0.0,0.0,0.0,100.0,100.0,36.0
3150000,Marais Executioner's Sword,Marais Executioner's Sword,1691,1012,Eochaid's Dancing Blade,Eochaid's Dancing Blade [1],,Eochaid's Dancing Blade,[1],direct,1,0,1,300307001,-1,1,0,35.0,35.0,35.0,35.0,35.0,0.0,0.0,0.0,0.0,0.0,50.0,50.0,13.0
3150000,Marais Executioner's Sword,Marais Executioner's Sword,1692,1012,Eochaid's Dancing Blade,Eochaid's Dancing Blade [2],,Eochaid's Dancing Blade,[2],direct,2,0,1,300307000,-1,1,0,35.0,35.0,35.0,35.0,35.0,0.0,0.0,0.0,0.0,0.0,50.0,50.0,0.0
3150000,Marais Executioner's Sword,Marais Executioner's Sword,1693,1012,Eochaid's Dancing Blade,Eochaid's Dancing Blade [3],,Eochaid's Dancing Blade,[3],direct,3,0,1,300307000,-1,1,0,35.0,35.0,35.0,35.0,35.0,0.0,0.0,0.0,0.0,0.0,50.0,50.0,0.0
3150000,Marais Executioner's Sword,Marais Executioner's Sword,1694,1012,Eochaid's Dancing Blade,Eochaid's Dancing Blade [4],,Eochaid's Dancing Blade,[4],direct,4,0,1,300307000,-1,1,0,35.0,35.0,35.0,35.0,35.0,0.0,0.0,0.0,0.0,0.0,50.0,50.0,0.0
3150000,Marais Executioner's Sword,Marais Executioner's Sword,1695,1012,Eochaid's Dancing Blade,Eochaid's Dancing Blade [5],,Eochaid's Dancing Blade,[5],direct,5,0,1,300307000,-1,1,0,35.0,35.0,35.0,35.0,35.0,0.0,0.0,0.0,0.0,0.0,50.0,50.0,0.0
3150000,Marais Executioner's Sword,Marais Executioner's Sword,1696,1012,Eochaid's Dancing Blade,Eochaid's Dancing Blade [6],,Eochaid's Dancing Blade,[6],direct,6,0,1,300307000,-1,1,0,35.0,35.0,35.0,35.0,35.0,0.0,0.0,0.0,0.0,0.0,50.0,50.0,0.0
3150000,Marais Executioner's Sword,Marais Executioner's Sword,1697,1012,Eochaid's Dancing Blade,Eochaid's Dancing Blade [7],,Eochaid's Dancing Blade,[7],direct,7,0,1,300307000,-1,1,0,35.0,35.0,35.0,35.0,35.0,0.0,0.0,0.0,0.0,0.0,50.0,50.0,0.0
3150000,Marais Executioner's Sword,Marais Executioner's Sword,1698,1012,Eochaid's Dancing Blade,Eochaid's Dancing Blade [8],,Eochaid's Dancing Blade,[8],direct,8,0,1,300307002,-1,1,0,82.0,82.0,82.0,82.0,82.0,0.0,0.0,0.0,0.0,0.0,50.0,50.0,0.0
3150000,Marais Executioner's Sword,Marais Executioner's Sword,1699,1012,Eochaid's Dancing Blade,Eochaid's Dancing Blade [9],,Eochaid's Dancing Blade,[9],direct,9,0,1,300307003,-1,1,0,95.0,95.0,95.0,95.0,95.0,0.0,0.0,0.0,0.0,0.0,100.0,100.0,13.0
3150000,Marais Executioner's Sword,Marais Executioner's Sword,1700,1012,Eochaid's Dancing Blade,Eochaid's Dancing Blade Charged [1],,Eochaid's Dancing Blade,Charged [1],charged,1,0,1,300307006,-1,1,0,40.0,40.0,40.0,40.0,40.0,0.0,0.0,0.0,0.0,0.0,50.0,50.0,15.0
3150000,Marais Executioner's Sword,Marais Executioner's Sword,1701,1012,Eochaid's Dancing Blade,Eochaid's Dancing Blade Charged [2],,Eochaid's Dancing Blade,Charged [2],charged,2,0,1,300307005,-1,1,0,40.0,40.0,40.0,40.0,40.0,0.0,0.0,0.0,0.0,0.0,50.0,50.0,0.0
3150000,Marais Executioner's Sword,Marais Executioner's Sword,1702,1012,Eochaid's Dancing Blade,Eochaid's Dancing Blade Charged [3],,Eochaid's Dancing Blade,Charged [3],charged,3,0,1,300307005,-1,1,0,40.0,40.0,40.0,40.0,40.0,0.0,0.0,0.0,0.0,0.0,50.0,50.0,0.0
3150000,Marais Executioner's Sword,Marais Executioner's Sword,1703,1012,Eochaid's Dancing Blade,Eochaid's Dancing Blade Charged [4],,Eochaid's Dancing Blade,Charged [4],charged,4,0,1,300307005,-1,1,0,40.0,40.0,40.0,40.0,40.0,0.0,0.0,0.0,0.0,0.0,50.0,50.0,0.0
3150000,Marais Executioner's Sword,Marais Executioner's Sword,1704,1012,Eochaid's Dancing Blade,Eochaid's Dancing Blade Charged [5],,Eochaid's Dancing Blade,Charged [5],charged,5,0,1,300307005,-1,1,0,40.0,40.0,40.0,40.0,40.0,0.0,0.0,0.0,0.0,0.0,50.0,50.0,0.0
3150000,Marais Executioner's Sword,Marais Executioner's Sword,1705,1012,Eochaid's Dancing Blade,Eochaid's Dancing Blade Charged [6],,Eochaid's Dancing Blade,Charged [6],charged,6,0,1,300307005,-1,1,0,40.0,40.0,40.0,40.0,40.0,0.0,0.0,0.0,0.0,0.0,50.0,50.0,0.0
3150000,Marais Executioner's Sword,Marais Executioner's Sword,1706,1012,Eochaid's Dancing Blade,Eochaid's Dancing Blade Charged [7],,Eochaid's Dancing Blade,Charged [7],charged,7,0,1,300307005,-1,1,0,40.0,40.0,40.0,40.0,40.0,0.0,0.0,0.0,0.0,0.0,50.0,50.0,0.0
3150000,Marais Executioner's Sword,Marais Executioner's Sword,1707,1012,Eochaid's Dancing Blade,Eochaid's Dancing Blade Charged [8],,Eochaid's Dancing Blade,Charged [8],charged,8,0,1,300307005,-1,1,0,40.0,40.0,40.0,40.0,40.0,0.0,0.0,0.0,0.0,0.0,50.0,50.0,0.0
3150000,Marais Executioner's Sword,Marais Executioner's Sword,1708,1012,Eochaid's Dancing Blade,Eochaid's Dancing Blade Charged [9],,Eochaid's Dancing Blade,Charged [9],charged,9,0,1,300307005,-1,1,0,40.0,40.0,40.0,40.0,40.0,0.0,0.0,0.0,0.0,0.0,50.0,50.0,0.0
3150000,Marais Executioner's Sword,Marais Executioner's Sword,1709,1012,Eochaid's Dancing Blade,Eochaid's Dancing Blade Charged [10],,Eochaid's Dancing Blade,Charged [10],charged,10,0,1,300307005,-1,1,0,40.0,40.0,40.0,40.0,40.0,0.0,0.0,0.0,0.0,0.0,50.0,50.0,0.0
3150000,Marais Executioner's Sword,Marais Executioner's Sword,1710,1012,Eochaid's Dancing Blade,Eochaid's Dancing Blade Charged [11],,Eochaid's Dancing Blade,Charged [11],charged,11,0,1,300307007,-1,1,0,100.0,100.0,100.0,100.0,100.0,0.0,0.0,0.0,0.0,0.0,50.0,50.0,0.0
3150000,Marais Executioner's Sword,Marais Executioner's Sword,1711,1012,Eochaid's Dancing Blade,Eochaid's Dancing Blade Charged [12],,Eochaid's Dancing Blade,Charged [12],charged,12,0,1,300307008,-1,1,0,100.0,100.0,100.0,100.0,100.0,0.0,0.0,0.0,0.0,0.0,100.0,100.0,15.0
3160000,Sword of Milos,Sword of Milos,1672,1015,Shriek of Milos,Shriek of Milos - Bullet (Shriek),,Shriek of Milos,Bullet (Shriek),bullet,1,0,1,303401100,-1,1,1,0.0,0.0,0.0,0.0,0.0,0.0,0.0,0.0,0.0,0.0,0.0,0.0,0.0
3160000,Sword of Milos,Sword of Milos,1673,1015,Shriek of Milos,Shriek of Milos,,Shriek of Milos,base,direct,1,0,1,303401101,51010,1,1,0.0,0.0,0.0,0.0,0.0,0.0,0.0,0.0,0.0,0.0,0.0,0.0,21.0
3160000,Sword of Milos,Sword of Milos,1674,1015,Shriek of Milos,Shriek of Milos,,Shriek of Milos,base,direct,1,0,0,303401102,-1,1,0,0.0,0.0,0.0,0.0,0.0,0.0,0.0,0.0,0.0,0.0,0.0,0.0,42.0
3160000,Sword of Milos,Sword of Milos,1675,1015,Shriek of Milos,Shriek of Milos 1h R2 #1 [1],,Shriek of Milos,1h R2 #1 [1],direct,1,0,1,302400953,-1,0,0,70.0,70.0,70.0,70.0,70.0,0.0,0.0,0.0,0.0,0.0,75.0,75.0,9.0
3160000,Sword of Milos,Sword of Milos,1676,1015,Shriek of Milos,Shriek of Milos 1h R2 #1 [2],,Shriek of Milos,1h R2 #1 [2],direct,2,0,1,302400954,-1,0,0,70.0,70.0,70.0,70.0,70.0,0.0,0.0,0.0,0.0,0.0,75.0,75.0,9.0
3160000,Sword of Milos,Sword of Milos,1677,1015,Shriek of Milos,Shriek of Milos 1h R2 #1 [3],,Shriek of Milos,1h R2 #1 [3],direct,3,0,1,302400955,-1,0,0,75.0,75.0,75.0,75.0,75.0,0.0,0.0,0.0,0.0,0.0,75.0,75.0,17.0
3160000,Sword of Milos,Sword of Milos,1678,1015,Shriek of Milos,Shriek of Milos Charged 1h R2 #1 [1],,Shriek of Milos,Charged 1h R2 #1 [1],charged,1,0,1,302400950,-1,0,0,82.0,82.0,82.0,82.0,82.0,0.0,0.0,0.0,0.0,0.0,85.0,85.0,11.0
3160000,Sword of Milos,Sword of Milos,1679,1015,Shriek of Milos,Shriek of Milos Charged 1h R2 #1 [2],,Shriek of Milos,Charged 1h R2 #1 [2],charged,2,0,1,302400951,-1,0,0,82.0,82.0,82.0,82.0,82.0,0.0,0.0,0.0,0.0,0.0,85.0,85.0,11.0
3160000,Sword of Milos,Sword of Milos,1680,1015,Shriek of Milos,Shriek of Milos Charged 1h R2 #1 [3],,Shriek of Milos,Charged 1h R2 #1 [3],charged,3,0,1,302400952,-1,0,0,86.0,86.0,86.0,86.0,86.0,0.0,0.0,0.0,0.0,0.0,85.0,85.0,19.0
3160000,Sword of Milos,Sword of Milos,1681,1015,Shriek of Milos,Shriek of Milos 1h R2 #2,,Shriek of Milos,1h R2 #2,direct,2,0,1,302400958,-1,0,0,135.0,135.0,135.0,135.0,135.0,0.0,0.0,0.0,0.0,0.0,150.0,100.0,38.0
3160000,Sword of Milos,Sword of Milos,1682,1015,Shriek of Milos,Shriek of Milos Charged 1h R2 #2,,Shriek of Milos,Charged 1h R2 #2,charged,2,0,1,302400956,-1,0,0,195.0,195.0,195.0,195.0,195.0,0.0,0.0,0.0,0.0,0.0,200.0,100.0,44.0
3160000,Sword of Milos,Sword of Milos,1683,1015,Shriek of Milos,Shriek of Milos 2h R2 #1 [1],,Shriek of Milos,2h R2 #1 [1],direct,1,0,1,302400963,-1,0,0,75.0,75.0,75.0,75.0,75.0,0.0,0.0,0.0,0.0,0.0,75.0,75.0,11.0
3160000,Sword of Milos,Sword of Milos,1684,1015,Shriek of Milos,Shriek of Milos 2h R2 #1 [2],,Shriek of Milos,2h R2 #1 [2],direct,2,0,1,302400964,-1,0,0,75.0,75.0,75.0,75.0,75.0,0.0,0.0,0.0,0.0,0.0,75.0,75.0,11.0
3160000,Sword of Milos,Sword of Milos,1685,1015,Shriek of Milos,Shriek of Milos 2h R2 #1 [3],,Shriek of Milos,2h R2 #1 [3],direct,3,0,1,302400965,-1,0,0,80.0,80.0,80.0,80.0,80.0,0.0,0.0,0.0,0.0,0.0,75.0,75.0,21.0
3160000,Sword of Milos,Sword of Milos,1686,1015,Shriek of Milos,Shriek of Milos Charged 2h R2 #1 [1],,Shriek of Milos,Charged 2h R2 #1 [1],charged,1,0,1,302400960,-1,0,0,87.0,87.0,87.0,87.0,87.0,0.0,0.0,0.0,0.0,0.0,85.0,85.0,14.0
3160000,Sword of Milos,Sword of Milos,1687,1015,Shriek of Milos,Shriek of Milos Charged 2h R2 #1 [2],,Shriek of Milos,Charged 2h R2 #1 [2],charged,2,0,1,302400961,-1,0,0,87.0,87.0,87.0,87.0,87.0,0.0,0.0,0.0,0.0,0.0,85.0,85.0,14.0
3160000,Sword of Milos,Sword of Milos,1688,1015,Shriek of Milos,Shriek of Milos Charged 2h R2 #1 [3],,Shriek of Milos,Charged 2h R2 #1 [3],charged,3,0,1,302400962,-1,0,0,91.0,91.0,91.0,91.0,91.0,0.0,0.0,0.0,0.0,0.0,85.0,85.0,23.0
3160000,Sword of Milos,Sword of Milos,1689,1015,Shriek of Milos,Shriek of Milos 2h R2 #2,,Shriek of Milos,2h R2 #2,direct,2,0,1,302400968,-1,0,0,140.0,140.0,140.0,140.0,140.0,0.0,0.0,0.0,0.0,0.0,180.0,100.0,47.0
3160000,Sword of Milos,Sword of Milos,1690,1015,Shriek of Milos,Shriek of Milos Charged 2h R2 #2,,Shriek of Milos,Charged 2h R2 #2,charged,2,0,1,302400966,-1,0,0,200.0,200.0,200.0,200.0,200.0,0.0,0.0,0.0,0.0,0.0,240.0,100.0,54.0
3170000,Golden Order Greatsword,Golden Order Greatsword,1747,1022,Establish Order,Establish Order #1 - Bullet,,Establish Order,#1 - Bullet,bullet,1,0,1,300317900,-1,1,0,0.0,0.0,0.0,0.0,200.0,0.0,0.0,0.0,0.0,0.0,100.0,100.0,31.0
3170000,Golden Order Greatsword,Golden Order Greatsword,1748,1022,Establish Order,Establish Order #2 [1],,Establish Order,#2 [1],buff,1,0,1,300317905,-1,1,0,80.0,80.0,80.0,80.0,80.0,0.0,0.0,0.0,0.0,0.0,100.0,100.0,13.0
3170000,Golden Order Greatsword,Golden Order Greatsword,1749,1022,Establish Order,Establish Order #2 [2],,Establish Order,#2 [2],buff,2,0,1,300317906,-1,1,0,0.0,0.0,0.0,0.0,300.0,0.0,0.0,0.0,0.0,0.0,100.0,100.0,17.0
3170000,Golden Order Greatsword,Golden Order Greatsword,1750,1022,Establish Order,Establish Order #2 - Bullet,,Establish Order,#2 - Bullet,bullet,2,0,1,300317910,-1,1,0,0.0,0.0,0.0,0.0,300.0,0.0,0.0,0.0,0.0,0.0,100.0,100.0,0.0
3170000,Golden Order Greatsword,Golden Order Greatsword,1751,1022,Establish Order,Establish Order #2 - Bullet,,Establish Order,#2 - Bullet,bullet,2,0,1,300317911,-1,1,0,0.0,0.0,0.0,0.0,300.0,0.0,0.0,0.0,0.0,0.0,100.0,100.0,0.0
3170000,Golden Order Greatsword,Golden Order Greatsword,1752,1022,Establish Order,Establish Order ? - Bullet,,Establish Order,? - Bullet,bullet,1,0,0,300317912,-1,1,0,0.0,0.0,0.0,0.0,0.0,0.0,0.0,0.0,0.0,0.0,0.0,0.0,0.0
3170000,Golden Order Greatsword,Golden Order Greatsword,1753,1022,Establish Order,Establish Order #2 [1] (Lacking FP),,Establish Order,#2 [1],buff,1,1,1,300317915,-1,1,0,60.0,60.0,60.0,60.0,60.0,0.0,0.0,0.0,0.0,0.0,100.0,100.0,13.0
3170000,Golden Order Greatsword,Golden Order Greatsword,1754,1022,Establish Order,Establish Order #2 [2] (Lacking FP),,Establish Order,#2 [2],buff,2,1,1,300317916,-1,1,0,90.0,90.0,90.0,90.0,90.0,0.0,0.0,0.0,0.0,0.0,100.0,100.0,17.0
3200000,Death's Poker,Death's Poker,1732,1048,Ghostflame Ignition,Ghostflame Ignition,,Ghostflame Ignition,base,direct,1,0,0,303401300,-1,1,0,0.0,0.0,0.0,0.0,0.0,0.0,0.0,0.0,0.0,0.0,100.0,100.0,14.0
3200000,Death's Poker,Death's Poker,1733,1048,Ghostflame Ignition,Ghostflame Ignition - Bullet (Ticks),,Ghostflame Ignition,Bullet (Ticks),bullet,1,0,1,303401303,-1,1,1,0.0,0.0,0.0,0.0,0.0,0.0,55.0,0.0,0.0,0.0,100.0,0.0,0.0
3200000,Death's Poker,Death's Poker,1734,1048,Ghostflame Ignition,Ghostflame Ignition - Bullet (Explosion),,Ghostflame Ignition,Bullet (Explosion),bullet,1,0,1,303401304,-1,1,1,0.0,0.0,0.0,0.0,0.0,0.0,140.0,0.0,0.0,0.0,100.0,0.0,0.0
3200000,Death's Poker,Death's Poker,1735,1048,Ghostflame Ignition,Ghostflame Ignition R1,,Ghostflame Ignition,R1,direct,1,0,1,303401301,-1,1,0,110.0,110.0,110.0,110.0,110.0,0.0,0.0,0.0,0.0,0.0,100.0,100.0,9.0
3200000,Death's Poker,Death's Poker,1736,1048,Ghostflame Ignition,Ghostflame Ignition R1 - Bullet,,Ghostflame Ignition,R1 - Bullet,bullet,1,0,1,303401310,-1,1,1,0.0,0.0,0.0,0.0,0.0,0.0,150.0,0.0,0.0,0.0,100.0,0.0,0.0
3200000,Death's Poker,Death's Poker,1737,1048,Ghostflame Ignition,Ghostflame Ignition R1 - Bullet (Ground Flame),,Ghostflame Ignition,R1 - Bullet (Ground Flame),bullet,1,0,1,303401305,-1,1,1,0.0,0.0,0.0,0.0,0.0,0.0,60.0,0.0,0.0,0.0,100.0,0.0,0.0
3200000,Death's Poker,Death's Poker,1738,1048,Ghostflame Ignition,Ghostflame Ignition R2,,Ghostflame Ignition,R2,direct,2,0,0,303401302,-1,1,0,0.0,0.0,0.0,0.0,0.0,0.0,0.0,0.0,0.0,0.0,100.0,100.0,9.0
3200000,Death's Poker,Death's Poker,1739,1048,Ghostflame Ignition,Ghostflame Ignition R2 - Bullet,,Ghostflame Ignition,R2 - Bullet,bullet,2,0,1,303401306,-1,1,1,0.0,0.0,0.0,0.0,0.0,0.0,200.0,0.0,0.0,0.0,100.0,0.0,0.0
3200000,Death's Poker,Death's Poker,1740,1048,Ghostflame Ignition,Ghostflame Ignition (Lacking FP),,Ghostflame Ignition,base,direct,1,1,1,303401307,-1,1,0,75.0,75.0,75.0,75.0,75.0,0.0,0.0,0.0,0.0,0.0,100.0,100.0,14.0
3200000,Death's Poker,Death's Poker,1741,1048,Ghostflame Ignition,Ghostflame Ignition R1 (Lacking FP),,Ghostflame Ignition,R1,direct,1,1,1,303401308,-1,1,0,85.0,85.0,85.0,85.0,85.0,0.0,0.0,0.0,0.0,0.0,100.0,100.0,9.0
3200000,Death's Poker,Death's Poker,1742,1048,Ghostflame Ignition,Ghostflame Ignition R2 (Lacking FP),,Ghostflame Ignition,R2,direct,2,1,1,303401309,-1,1,0,85.0,85.0,85.0,85.0,85.0,0.0,0.0,0.0,0.0,0.0,100.0,100.0,9.0
3210000,Gargoyle's Blackblade,Gargoyle's Blackblade,1669,1167,Corpse Wax Cutter,Corpse Wax Cutter,,Corpse Wax Cutter,base,direct,1,0,1,303401702,-1,1,0,75.0,75.0,75.0,75.0,75.0,0.0,0.0,0.0,0.0,0.0,100.0,100.0,0.0
3210000,Gargoyle's Blackblade,Gargoyle's Blackblade,1670,1167,Corpse Wax Cutter,Corpse Wax Cutter - Bullet,,Corpse Wax Cutter,Bullet,bullet,1,0,1,303401700,50000,1,1,0.0,0.0,0.0,0.0,0.0,0.0,0.0,0.0,0.0,270.0,0.0,0.0,26.0
3210000,Gargoyle's Blackblade,Gargoyle's Blackblade,1671,1167,Corpse Wax Cutter,Corpse Wax Cutter (Lacking FP),,Corpse Wax Cutter,base,direct,1,1,1,303401701,-1,1,0,115.0,115.0,115.0,115.0,115.0,0.0,0.0,0.0,0.0,0.0,100.0,100.0,26.0
3510000,Greatsword of Damnation,Greatsword of Damnation,1765,5220,Golden Crux,Golden Crux - Grab,,Golden Crux,Grab,direct,1,0,0,600000861,-1,1,0,0.0,0.0,0.0,0.0,0.0,0.0,0.0,0.0,0.0,0.0,0.0,0.0,38.0
3510000,Greatsword of Damnation,Greatsword of Damnation,1766,5220,Golden Crux,Golden Crux - Grab Confirm,,Golden Crux,Grab Confirm,direct,1,0,1,600000862,-1,1,0,290.0,290.0,290.0,290.0,290.0,0.0,0.0,0.0,0.0,0.0,100.0,100.0,0.0
3510000,Greatsword of Damnation,Greatsword of Damnation,1767,5220,Golden Crux,Golden Crux #1,,Golden Crux,#1,direct,1,0,1,600000860,-1,1,0,150.0,150.0,150.0,150.0,150.0,0.0,0.0,0.0,0.0,0.0,100.0,100.0,0.0
3510000,Greatsword of Damnation,Greatsword of Damnation,1768,5220,Golden Crux,Golden Crux #2 - Bullet,,Golden Crux,#2 - Bullet,bullet,2,0,1,600000863,-1,1,0,180.0,180.0,180.0,180.0,180.0,0.0,0.0,0.0,0.0,0.0,100.0,100.0,19.0
3510000,Greatsword of Damnation,Greatsword of Damnation,1769,5220,Golden Crux,Golden Crux #1 (Lacking FP),,Golden Crux,#1,direct,1,1,1,600000865,-1,1,0,120.0,120.0,120.0,120.0,120.0,0.0,0.0,0.0,0.0,0.0,100.0,100.0,38.0
3510000,Greatsword of Damnation,Greatsword of Damnation,1770,5220,Golden Crux,Golden Crux #2 (Lacking FP),,Golden Crux,#2,direct,2,1,1,600000868,-1,1,0,50.0,50.0,50.0,50.0,50.0,0.0,0.0,0.0,0.0,0.0,100.0,100.0,19.0
3550000,Greatsword of Solitude,Greatsword of Solitude,1712,5430,Solitary Moon Slash,Solitary Moon Slash,,Solitary Moon Slash,base,direct,1,0,1,600000820,-1,1,0,50.0,50.0,50.0,50.0,50.0,0.0,0.0,0.0,0.0,0.0,100.0,100.0,0.0
3550000,Greatsword of Solitude,Greatsword of Solitude,1713,5430,Solitary Moon Slash,Solitary Moon Slash - Bullet,,Solitary Moon Slash,Bullet,bullet,1,0,1,600000821,-1,1,0,130.0,130.0,130.0,130.0,130.0,0.0,0.0,0.0,0.0,0.0,100.0,100.0,34.0
3550000,Greatsword of Solitude,Greatsword of Solitude,1714,5430,Solitary Moon Slash,Solitary Moon Slash R2 (Startup Stagger),,Solitary Moon Slash,R2 (Startup Stagger),direct,2,0,0,600000822,-1,1,0,0.0,0.0,0.0,0.0,0.0,0.0,0.0,0.0,0.0,0.0,0.0,100.0,17.0
3550000,Greatsword of Solitude,Greatsword of Solitude,1715,5430,Solitary Moon Slash,Solitary Moon Slash R2,,Solitary Moon Slash,R2,direct,2,0,1,600000823,-1,1,0,170.0,170.0,170.0,170.0,170.0,0.0,0.0,0.0,0.0,0.0,100.0,100.0,29.0
3550000,Greatsword of Solitude,Greatsword of Solitude,1716,5430,Solitary Moon Slash,Solitary Moon Slash (Lacking FP),,Solitary Moon Slash,base,direct,1,1,1,600000825,-1,1,0,110.0,110.0,110.0,110.0,110.0,0.0,0.0,0.0,0.0,0.0,100.0,100.0,34.0
3550000,Greatsword of Solitude,Greatsword of Solitude,1717,5430,Solitary Moon Slash,Solitary Moon Slash R2 (Startup Stagger) (Lacking FP),,Solitary Moon Slash,R2 (Startup Stagger),direct,2,1,0,600000827,-1,1,0,0.0,0.0,0.0,0.0,0.0,0.0,0.0,0.0,0.0,0.0,0.0,100.0,17.0
3550000,Greatsword of Solitude,Greatsword of Solitude,1718,5430,Solitary Moon Slash,Solitary Moon Slash R2 (Lacking FP),,Solitary Moon Slash,R2,direct,2,1,1,600000828,-1,1,0,105.0,105.0,105.0,105.0,105.0,0.0,0.0,0.0,0.0,0.0,100.0,100.0,29.0
4020000,Maliketh's Black Blade,Maliketh's Black Blade,1837,1038,Destined Death,Destined Death [1],,Destined Death,[1],direct,1,0,1,300408900,-1,1,1,80.0,80.0,80.0,80.0,80.0,0.0,0.0,0.0,0.0,0.0,100.0,100.0,19.0
4020000,Maliketh's Black Blade,Maliketh's Black Blade,1838,1038,Destined Death,Destined Death [2],,Destined Death,[2],direct,2,0,1,300408901,-1,1,1,90.0,90.0,90.0,90.0,90.0,0.0,0.0,0.0,0.0,0.0,100.0,100.0,22.0
4020000,Maliketh's Black Blade,Maliketh's Black Blade,1839,1038,Destined Death,Destined Death - Bullet,,Destined Death,Bullet,bullet,1,0,1,300408905,-1,1,1,45.0,45.0,45.0,45.0,45.0,0.0,0.0,0.0,0.0,0.0,50.0,50.0,22.0
4020000,Maliketh's Black Blade,Maliketh's Black Blade,1840,1038,Destined Death,Destined Death - Bullet,,Destined Death,Bullet,bullet,1,0,1,300408906,-1,1,1,45.0,45.0,45.0,45.0,45.0,0.0,0.0,0.0,0.0,0.0,50.0,50.0,0.0
4020000,Maliketh's Black Blade,Maliketh's Black Blade,1841,1038,Destined Death,Destined Death - Bullet,,Destined Death,Bullet,bullet,1,0,1,300408907,-1,1,1,45.0,45.0,45.0,45.0,45.0,0.0,0.0,0.0,0.0,0.0,50.0,50.0,0.0
4020000,Maliketh's Black Blade,Maliketh's Black Blade,1842,1038,Destined Death,Destined Death [1] (Lacking FP),,Destined Death,[1],direct,1,1,1,300408910,-1,1,0,80.0,80.0,80.0,80.0,80.0,0.0,0.0,0.0,0.0,0.0,100.0,100.0,19.0
4020000,Maliketh's Black Blade,Maliketh's Black Blade,1843,1038,Destined Death,Destined Death [2] (Lacking FP),,Destined Death,[2],direct,2,1,1,300408911,-1,1,0,90.0,90.0,90.0,90.0,90.0,0.0,0.0,0.0,0.0,0.0,100.0,100.0,22.0
4050000,Starscourge Greatsword,Starscourge Greatsword,1791,1032,Starcaller Cry,Starcaller Cry,,Starcaller Cry,base,direct,1,0,1,300405900,-1,1,1,60.0,60.0,60.0,60.0,60.0,0.0,50.0,0.0,0.0,0.0,0.0,0.0,30.0
4050000,Starscourge Greatsword,Starscourge Greatsword,1792,1032,Starcaller Cry,Starcaller Cry,,Starcaller Cry,base,direct,1,0,1,300405901,-1,1,1,60.0,60.0,60.0,60.0,60.0,0.0,50.0,0.0,0.0,0.0,0.0,0.0,0.0
4050000,Starscourge Greatsword,Starscourge Greatsword,1793,1032,Starcaller Cry,Starcaller Cry,,Starcaller Cry,base,direct,1,0,1,300405902,-1,1,1,60.0,60.0,60.0,60.0,60.0,0.0,50.0,0.0,0.0,0.0,0.0,0.0,0.0
4050000,Starscourge Greatsword,Starscourge Greatsword,1794,1032,Starcaller Cry,Starcaller Cry,,Starcaller Cry,base,direct,1,0,1,300405903,-1,1,1,60.0,60.0,60.0,60.0,60.0,0.0,50.0,0.0,0.0,0.0,0.0,0.0,0.0
4050000,Starscourge Greatsword,Starscourge Greatsword,1795,1032,Starcaller Cry,Starcaller Cry,,Starcaller Cry,base,direct,1,0,1,300405904,-1,1,1,60.0,60.0,60.0,60.0,60.0,0.0,50.0,0.0,0.0,0.0,0.0,0.0,0.0
4050000,Starscourge Greatsword,Starscourge Greatsword,1796,1032,Starcaller Cry,Starcaller Cry,,Starcaller Cry,base,direct,1,0,1,300405910,-1,1,1,240.0,240.0,240.0,240.0,240.0,0.0,50.0,0.0,0.0,0.0,100.0,100.0,15.0
4050000,Starscourge Greatsword,Starscourge Greatsword,1797,1032,Starcaller Cry,Starcaller Cry,,Starcaller Cry,base,direct,1,0,1,300405911,-1,1,1,240.0,240.0,240.0,240.0,240.0,0.0,50.0,0.0,0.0,0.0,100.0,100.0,15.0
4050000,Starscourge Greatsword,Starscourge Greatsword,1798,1032,Starcaller Cry,Starcaller Cry - Bullet,,Starcaller Cry,Bullet,bullet,1,0,1,300405915,-1,1,1,240.0,240.0,240.0,240.0,240.0,0.0,50.0,0.0,0.0,0.0,100.0,100.0,0.0
4050000,Starscourge Greatsword,Starscourge Greatsword,1799,1032,Starcaller Cry,Starcaller Cry,,Starcaller Cry,base,direct,1,0,1,300405920,-1,1,0,170.0,170.0,170.0,170.0,170.0,0.0,0.0,0.0,0.0,0.0,100.0,100.0,15.0
4050000,Starscourge Greatsword,Starscourge Greatsword,1800,1032,Starcaller Cry,Starcaller Cry,,Starcaller Cry,base,direct,1,0,1,300405921,-1,1,0,170.0,170.0,170.0,170.0,170.0,0.0,0.0,0.0,0.0,0.0,100.0,100.0,15.0
4050000,Starscourge Greatsword,Starscourge Greatsword,1801,1032,Starcaller Cry,Starcaller Cry,,Starcaller Cry,base,direct,1,0,0,300405925,-1,1,0,0.0,0.0,0.0,0.0,0.0,0.0,0.0,0.0,0.0,0.0,0.0,0.0,0.0
4050000,Starscourge Greatsword,Starscourge Greatsword,1802,1032,Starcaller Cry,Starcaller Cry,,Starcaller Cry,base,direct,1,0,0,300405926,-1,1,0,0.0,0.0,0.0,0.0,0.0,0.0,0.0,0.0,0.0,0.0,0.0,0.0,0.0
4050000,Starscourge Greatsword,Starscourge Greatsword,1803,1032,Starcaller Cry,Starcaller Cry,,Starcaller Cry,base,direct,1,0,0,300405927,-1,1,0,0.0,0.0,0.0,0.0,0.0,0.0,0.0,0.0,0.0,0.0,0.0,0.0,0.0
4050000,Starscourge Greatsword,Starscourge Greatsword,1804,1032,Starcaller Cry,Starcaller Cry,,Starcaller Cry,base,direct,1,0,0,300405928,-1,1,0,0.0,0.0,0.0,0.0,0.0,0.0,0.0,0.0,0.0,0.0,0.0,0.0,0.0
4060000,Royal Greatsword,Royal Greatsword,1780,1025,Wolf's Assault,Wolf's Assault,,Wolf's Assault,base,direct,1,0,1,300406905,-1,1,1,110.0,110.0,110.0,110.0,110.0,0.0,50.0,0.0,0.0,0.0,100.0,100.0,32.0
4060000,Royal Greatsword,Royal Greatsword,1781,1025,Wolf's Assault,Wolf's Assault - Bullet,,Wolf's Assault,Bullet,bullet,1,0,1,300406910,-1,1,1,120.0,120.0,120.0,120.0,120.0,0.0,50.0,0.0,0.0,0.0,100.0,100.0,0.0
4060000,Royal Greatsword,Royal Greatsword,1782,1025,Wolf's Assault,Wolf's Assault ?,,Wolf's Assault,?,direct,1,0,0,300406900,-1,1,0,0.0,0.0,0.0,0.0,0.0,0.0,0.0,0.0,0.0,0.0,0.0,0.0,0.0
4060000,Royal Greatsword,Royal Greatsword,1783,1025,Wolf's Assault,Wolf's Assault (Lacking FP),,Wolf's Assault,base,direct,1,1,1,300406915,-1,1,0,110.0,110.0,110.0,110.0,110.0,0.0,0.0,0.0,0.0,0.0,100.0,100.0,32.0
4070000,Godslayer's Greatsword,Godslayer's Greatsword,1831,1170,The Queen's Black Flame,The Queen's Black Flame #1 [1],,The Queen's Black Flame,#1 [1],direct,1,0,1,300800301,-1,1,0,75.0,75.0,75.0,75.0,75.0,0.0,0.0,60.0,0.0,0.0,100.0,100.0,5.0
4070000,Godslayer's Greatsword,Godslayer's Greatsword,1832,1170,The Queen's Black Flame,The Queen's Black Flame #1 [2],,The Queen's Black Flame,#1 [2],direct,2,0,1,300800300,-1,1,0,220.0,220.0,220.0,220.0,220.0,0.0,0.0,0.0,0.0,0.0,100.0,100.0,20.0
4070000,Godslayer's Greatsword,Godslayer's Greatsword,1833,1170,The Queen's Black Flame,The Queen's Black Flame #2,,The Queen's Black Flame,#2,direct,2,0,1,300800305,-1,1,0,230.0,230.0,230.0,230.0,230.0,0.0,0.0,0.0,0.0,0.0,100.0,100.0,25.0
4070000,Godslayer's Greatsword,Godslayer's Greatsword,1834,1170,The Queen's Black Flame,The Queen's Black Flame #1 [1] (Lacking FP),,The Queen's Black Flame,#1 [1],direct,1,1,1,300800301,-1,1,0,75.0,75.0,75.0,75.0,75.0,0.0,0.0,60.0,0.0,0.0,100.0,100.0,5.0
4070000,Godslayer's Greatsword,Godslayer's Greatsword,1835,1170,The Queen's Black Flame,The Queen's Black Flame #1 [2] (Lacking FP),,The Queen's Black Flame,#1 [2],direct,2,1,1,300800310,-1,1,0,100.0,100.0,100.0,100.0,100.0,0.0,0.0,0.0,0.0,0.0,100.0,100.0,20.0
4070000,Godslayer's Greatsword,Godslayer's Greatsword,1836,1170,The Queen's Black Flame,The Queen's Black Flame #2 (Lacking FP),,The Queen's Black Flame,#2,direct,2,1,1,300800315,-1,1,0,100.0,100.0,100.0,100.0,100.0,0.0,0.0,0.0,0.0,0.0,100.0,100.0,25.0
4080000,Ruins Greatsword,Ruins Greatsword,1784,1033,Wave of Destruction,Wave of Destruction,,Wave of Destruction,base,direct,1,0,1,303400600,-1,1,0,85.0,85.0,85.0,85.0,85.0,0.0,0.0,0.0,0.0,0.0,100.0,100.0,32.0
4080000,Ruins Greatsword,Ruins Greatsword,1785,1033,Wave of Destruction,Wave of Destruction - Bullet,,Wave of Destruction,Bullet,bullet,1,0,1,303400605,-1,1,0,170.0,170.0,170.0,170.0,170.0,0.0,0.0,0.0,0.0,0.0,100.0,100.0,0.0
4080000,Ruins Greatsword,Ruins Greatsword,1786,1033,Wave of Destruction,Wave of Destruction (Lacking FP),,Wave of Destruction,base,direct,1,1,1,303400601,-1,1,0,100.0,100.0,100.0,100.0,100.0,0.0,0.0,0.0,0.0,0.0,100.0,100.0,32.0
4500000,Ancient Meteoric Ore Greatsword,Ancient Meteoric Ore Greatsword,1787,5240,White Light Charge,White Light Charge #1,,White Light Charge,#1,charged,1,0,1,600000530,-1,1,0,85.0,85.0,85.0,85.0,85.0,0.0,0.0,0.0,0.0,0.0,100.0,100.0,15.0
4500000,Ancient Meteoric Ore Greatsword,Ancient Meteoric Ore Greatsword,1788,5240,White Light Charge,White Light Charge #2 - Bullet,,White Light Charge,#2 - Bullet,bullet,2,0,1,600000535,-1,1,0,185.0,185.0,185.0,185.0,185.0,0.0,0.0,0.0,0.0,0.0,100.0,100.0,21.0
4500000,Ancient Meteoric Ore Greatsword,Ancient Meteoric Ore Greatsword,1789,5240,White Light Charge,White Light Charge #1 (Lacking FP),,White Light Charge,#1,charged,1,1,1,600000531,-1,1,0,70.0,70.0,70.0,70.0,70.0,0.0,0.0,0.0,0.0,0.0,100.0,100.0,15.0
4500000,Ancient Meteoric Ore Greatsword,Ancient Meteoric Ore Greatsword,1790,5240,White Light Charge,White Light Charge #2 (Lacking FP),,White Light Charge,#2,charged,2,1,1,600000536,-1,1,0,70.0,70.0,70.0,70.0,70.0,0.0,0.0,0.0,0.0,0.0,100.0,100.0,21.0
4530000,Greatsword of Radahn (Lord),Greatsword of Radahn (Lord),1805,5150,Promised Consort,Promised Consort #1 [1],,Promised Consort,#1 [1],direct,1,0,1,700000100,-1,1,0,81.0,81.0,81.0,81.0,81.0,0.0,0.0,0.0,0.0,20.0,90.0,90.0,21.0
4530000,Greatsword of Radahn (Lord),Greatsword of Radahn (Lord),1806,5150,Promised Consort,Promised Consort #1 - Bullet,,Promised Consort,#1 - Bullet,bullet,1,0,1,700000120,51080,1,1,0.0,0.0,0.0,0.0,0.0,0.0,0.0,0.0,0.0,31.0,0.0,0.0,0.0
4530000,Greatsword of Radahn (Lord),Greatsword of Radahn (Lord),1807,5150,Promised Consort,Promised Consort #1 [2],,Promised Consort,#1 [2],direct,2,0,1,700000101,-1,1,0,83.0,83.0,83.0,83.0,83.0,0.0,0.0,0.0,0.0,20.0,90.0,90.0,21.0
4530000,Greatsword of Radahn (Lord),Greatsword of Radahn (Lord),1808,5150,Promised Consort,Promised Consort #1 - Bullet,,Promised Consort,#1 - Bullet,bullet,1,0,1,700000120,51080,1,1,0.0,0.0,0.0,0.0,0.0,0.0,0.0,0.0,0.0,31.0,0.0,0.0,0.0
4530000,Greatsword of Radahn (Lord),Greatsword of Radahn (Lord),1809,5150,Promised Consort,Promised Consort #2 [1],,Promised Consort,#2 [1],direct,1,0,1,700000102,-1,1,0,81.0,81.0,81.0,81.0,81.0,0.0,0.0,0.0,0.0,20.0,90.0,90.0,21.0
4530000,Greatsword of Radahn (Lord),Greatsword of Radahn (Lord),1810,5150,Promised Consort,Promised Consort #2 - Bullet,,Promised Consort,#2 - Bullet,bullet,2,0,1,700000120,51080,1,1,0.0,0.0,0.0,0.0,0.0,0.0,0.0,0.0,0.0,31.0,0.0,0.0,0.0
4530000,Greatsword of Radahn (Lord),Greatsword of Radahn (Lord),1811,5150,Promised Consort,Promised Consort #2 [2],,Promised Consort,#2 [2],direct,2,0,1,700000103,-1,1,0,83.0,83.0,83.0,83.0,83.0,0.0,0.0,0.0,0.0,20.0,90.0,90.0,21.0
4530000,Greatsword of Radahn (Lord),Greatsword of Radahn (Lord),1812,5150,Promised Consort,Promised Consort #2 - Bullet,,Promised Consort,#2 - Bullet,bullet,2,0,1,700000120,51080,1,1,0.0,0.0,0.0,0.0,0.0,0.0,0.0,0.0,0.0,31.0,0.0,0.0,0.0
4530000,Greatsword of Radahn (Lord),Greatsword of Radahn (Lord),1813,5150,Promised Consort,Promised Consort #3 [1],,Promised Consort,#3 [1],direct,1,0,1,700000104,-1,1,0,57.0,57.0,57.0,57.0,57.0,0.0,0.0,0.0,0.0,20.0,90.0,90.0,18.0
4530000,Greatsword of Radahn (Lord),Greatsword of Radahn (Lord),1814,5150,Promised Consort,Promised Consort #3 - Bullet,,Promised Consort,#3 - Bullet,bullet,3,0,1,700000120,51080,1,1,0.0,0.0,0.0,0.0,0.0,0.0,0.0,0.0,0.0,31.0,0.0,0.0,0.0
4530000,Greatsword of Radahn (Lord),Greatsword of Radahn (Lord),1815,5150,Promised Consort,Promised Consort #3 [2],,Promised Consort,#3 [2],direct,2,0,1,700000105,-1,1,0,61.0,61.0,61.0,61.0,61.0,0.0,0.0,0.0,0.0,20.0,90.0,90.0,15.0
4530000,Greatsword of Radahn (Lord),Greatsword of Radahn (Lord),1816,5150,Promised Consort,Promised Consort #3 [3],,Promised Consort,#3 [3],direct,3,0,1,700000106,-1,1,0,61.0,61.0,61.0,61.0,61.0,0.0,0.0,0.0,0.0,20.0,90.0,90.0,15.0
4530000,Greatsword of Radahn (Lord),Greatsword of Radahn (Lord),1817,5150,Promised Consort,Promised Consort #3 - Bullet,,Promised Consort,#3 - Bullet,bullet,3,0,1,700000140,51080,1,1,0.0,0.0,0.0,0.0,0.0,0.0,0.0,0.0,0.0,135.0,0.0,0.0,0.0
4530000,Greatsword of Radahn (Lord),Greatsword of Radahn (Lord),1818,5150,Promised Consort,Promised Consort #1 [1] (Lacking FP),,Promised Consort,#1 [1],direct,1,1,1,700000110,-1,1,0,45.0,45.0,45.0,45.0,45.0,0.0,0.0,0.0,0.0,0.0,90.0,90.0,21.0
4530000,Greatsword of Radahn (Lord),Greatsword of Radahn (Lord),1819,5150,Promised Consort,Promised Consort #1 [2] (Lacking FP),,Promised Consort,#1 [2],direct,2,1,1,700000111,-1,1,0,47.0,47.0,47.0,47.0,47.0,0.0,0.0,0.0,0.0,0.0,90.0,90.0,21.0
4530000,Greatsword of Radahn (Lord),Greatsword of Radahn (Lord),1820,5150,Promised Consort,Promised Consort #2 [1] (Lacking FP),,Promised Consort,#2 [1],direct,1,1,1,700000112,-1,1,0,46.0,46.0,46.0,46.0,46.0,0.0,0.0,0.0,0.0,0.0,90.0,90.0,21.0
4530000,Greatsword of Radahn (Lord),Greatsword of Radahn (Lord),1821,5150,Promised Consort,Promised Consort #2 [2] (Lacking FP),,Promised Consort,#2 [2],direct,2,1,1,700000113,-1,1,0,48.0,48.0,48.0,48.0,48.0,0.0,0.0,0.0,0.0,0.0,90.0,90.0,21.0
4530000,Greatsword of Radahn (Lord),Greatsword of Radahn (Lord),1822,5150,Promised Consort,Promised Consort #3 [1] (Lacking FP),,Promised Consort,#3 [1],direct,1,1,1,700000114,-1,1,0,40.0,40.0,40.0,40.0,40.0,0.0,0.0,0.0,0.0,0.0,90.0,90.0,18.0
4530000,Greatsword of Radahn (Lord),Greatsword of Radahn (Lord),1823,5150,Promised Consort,Promised Consort #3 [2] (Lacking FP),,Promised Consort,#3 [2],direct,2,1,1,700000115,-1,1,0,57.0,57.0,57.0,57.0,57.0,0.0,0.0,0.0,0.0,0.0,90.0,90.0,15.0
4530000,Greatsword of Radahn (Lord),Greatsword of Radahn (Lord),1824,5150,Promised Consort,Promised Consort #3 [3] (Lacking FP),,Promised Consort,#3 [3],direct,3,1,1,700000116,-1,1,0,57.0,57.0,57.0,57.0,57.0,0.0,0.0,0.0,0.0,0.0,90.0,90.0,15.0
4540000,Moonrithyll's Knight Sword,Moonrithyll's Knight Sword,1777,5550,Tremendous Phalanx,Tremendous Phalanx - Bullet (Swords),,Tremendous Phalanx,Bullet (Swords),bullet,1,0,1,700000052,51080,1,1,0.0,0.0,0.0,0.0,0.0,0.0,75.0,0.0,0.0,0.0,0.0,0.0,0.0
4540000,Moonrithyll's Knight Sword,Moonrithyll's Knight Sword,1778,5550,Tremendous Phalanx,Tremendous Phalanx R2,,Tremendous Phalanx,R2,direct,2,0,1,700000050,-1,1,0,150.0,150.0,150.0,150.0,150.0,0.0,0.0,0.0,0.0,0.0,100.0,100.0,30.0
4540000,Moonrithyll's Knight Sword,Moonrithyll's Knight Sword,1779,5550,Tremendous Phalanx,Tremendous Phalanx R2 (Lacking FP),,Tremendous Phalanx,R2,direct,2,1,1,700000051,-1,1,0,105.0,105.0,105.0,105.0,105.0,0.0,0.0,0.0,0.0,0.0,100.0,100.0,30.0
4550000,Greatsword of Radahn (Light),Greatsword of Radahn (Light),1825,5580,Lightspeed Slash,Lightspeed Slash,,Lightspeed Slash,base,direct,1,0,1,700000070,-1,1,0,99.0,99.0,99.0,99.0,99.0,0.0,0.0,0.0,0.0,20.0,100.0,100.0,56.0
4550000,Greatsword of Radahn (Light),Greatsword of Radahn (Light),1826,5580,Lightspeed Slash,Lightspeed Slash - Bullet,,Lightspeed Slash,Bullet,bullet,1,0,1,700000071,-1,1,1,35.0,35.0,35.0,35.0,35.0,0.0,0.0,0.0,0.0,8.0,0.0,0.0,0.0
4550000,Greatsword of Radahn (Light),Greatsword of Radahn (Light),1827,5580,Lightspeed Slash,Lightspeed Slash - Bullet,,Lightspeed Slash,Bullet,bullet,1,0,1,700000072,-1,1,1,17.0,17.0,17.0,17.0,17.0,0.0,0.0,0.0,0.0,3.0,0.0,0.0,0.0
4550000,Greatsword of Radahn (Light),Greatsword of Radahn (Light),1828,5580,Lightspeed Slash,Lightspeed Slash Charged,,Lightspeed Slash,Charged,charged,1,0,1,700000075,-1,1,0,132.0,132.0,132.0,132.0,132.0,0.0,0.0,0.0,0.0,20.0,100.0,100.0,72.0
4550000,Greatsword of Radahn (Light),Greatsword of Radahn (Light),1829,5580,Lightspeed Slash,Lightspeed Slash Charged - Bullet,,Lightspeed Slash,Charged - Bullet,bullet,1,0,1,700000076,-1,1,1,38.0,38.0,38.0,38.0,38.0,0.0,0.0,0.0,0.0,8.0,0.0,0.0,0.0
4550000,Greatsword of Radahn (Light),Greatsword of Radahn (Light),1830,5580,Lightspeed Slash,Lightspeed Slash Charged - Bullet,,Lightspeed Slash,Charged - Bullet,bullet,1,0,1,700000077,-1,1,1,19.0,19.0,19.0,19.0,19.0,0.0,0.0,0.0,0.0,3.0,0.0,0.0,0.0
6000000,Bloody Helice,Bloody Helice,1846,1171,Dynast's Finesse,Dynast's Finesse - Backstep,,Dynast's Finesse,Backstep,direct,1,0,0,300602900,-1,1,0,0.0,0.0,0.0,0.0,0.0,0.0,0.0,0.0,0.0,0.0,0.0,0.0,17.0
6000000,Bloody Helice,Bloody Helice,1847,1171,Dynast's Finesse,Dynast's Finesse R2 #1,,Dynast's Finesse,R2 #1,direct,1,0,1,300602901,-1,1,0,185.0,185.0,185.0,185.0,185.0,0.0,0.0,0.0,0.0,0.0,100.0,100.0,29.0
6000000,Bloody Helice,Bloody Helice,1848,1171,Dynast's Finesse,Dynast's Finesse R2 #2 [1],,Dynast's Finesse,R2 #2 [1],direct,1,0,1,300602902,-1,1,0,90.0,90.0,90.0,90.0,90.0,0.0,0.0,0.0,0.0,0.0,100.0,100.0,11.0
6000000,Bloody Helice,Bloody Helice,1849,1171,Dynast's Finesse,Dynast's Finesse R2 #2 [2],,Dynast's Finesse,R2 #2 [2],direct,2,0,1,300602903,-1,1,0,95.0,95.0,95.0,95.0,95.0,0.0,0.0,0.0,0.0,0.0,100.0,100.0,23.0
6000000,Bloody Helice,Bloody Helice,1850,1171,Dynast's Finesse,Dynast's Finesse - Backstep (Lacking FP),,Dynast's Finesse,Backstep,direct,1,1,0,300602905,-1,1,0,0.0,0.0,0.0,0.0,0.0,0.0,0.0,0.0,0.0,0.0,0.0,0.0,17.0
6000000,Bloody Helice,Bloody Helice,1851,1171,Dynast's Finesse,Dynast's Finesse R2 #1 (Lacking FP),,Dynast's Finesse,R2 #1,direct,1,1,1,300602906,-1,1,0,100.0,100.0,100.0,100.0,100.0,0.0,0.0,0.0,0.0,0.0,100.0,100.0,29.0
6000000,Bloody Helice,Bloody Helice,1852,1171,Dynast's Finesse,Dynast's Finesse R2 #2 [1] (Lacking FP),,Dynast's Finesse,R2 #2 [1],direct,1,1,1,300602907,-1,1,0,70.0,70.0,70.0,70.0,70.0,0.0,0.0,0.0,0.0,0.0,100.0,100.0,11.0
6000000,Bloody Helice,Bloody Helice,1853,1171,Dynast's Finesse,Dynast's Finesse R2 #2 [2] (Lacking FP),,Dynast's Finesse,R2 #2 [2],direct,2,1,1,300602908,-1,1,0,75.0,75.0,75.0,75.0,75.0,0.0,0.0,0.0,0.0,0.0,100.0,100.0,23.0
6040000,Dragon King's Cragblade,Dragon King's Cragblade,1854,1026,Thundercloud Form,Thundercloud Form [1] - Uncharged/Partial Loop 1-3x,,Thundercloud Form,[1] - Uncharged/Partial Loop 1-3x,loop,1,0,1,303401201,-1,1,1,0.0,0.0,0.0,0.0,0.0,0.0,0.0,0.0,25.0,0.0,0.0,0.0,5.0
6040000,Dragon King's Cragblade,Dragon King's Cragblade,1855,1026,Thundercloud Form,Thundercloud Form [2],,Thundercloud Form,[2],direct,2,0,1,303401202,-1,1,1,190.0,190.0,190.0,190.0,190.0,0.0,0.0,0.0,20.0,0.0,100.0,100.0,33.0
6040000,Dragon King's Cragblade,Dragon King's Cragblade,1856,1026,Thundercloud Form,Thundercloud Form Charged [1] - Loop 6x,,Thundercloud Form,Charged [1] - Loop 6x,loop,1,0,1,303401201,-1,1,1,0.0,0.0,0.0,0.0,0.0,0.0,0.0,0.0,25.0,0.0,0.0,0.0,5.0
6040000,Dragon King's Cragblade,Dragon King's Cragblade,1857,1026,Thundercloud Form,Thundercloud Form Charged [2],,Thundercloud Form,Charged [2],charged,2,0,1,303401200,-1,1,1,256.0,256.0,256.0,256.0,256.0,0.0,0.0,0.0,20.0,0.0,100.0,100.0,33.0
7050000,Magma Blade,Magma Blade,1858,1172,Magma Shower,Magma Shower #1,,Magma Shower,#1,direct,1,0,1,303400500,-1,1,0,100.0,100.0,100.0,100.0,100.0,0.0,0.0,0.0,0.0,0.0,100.0,100.0,15.0
7050000,Magma Blade,Magma Blade,1859,1172,Magma Shower,Magma Shower #2 [1],,Magma Shower,#2 [1],direct,1,0,1,303400501,-1,1,0,65.0,65.0,65.0,65.0,65.0,0.0,0.0,0.0,0.0,0.0,100.0,100.0,10.0
7050000,Magma Blade,Magma Blade,1860,1172,Magma Shower,Magma Shower #2 [2],,Magma Shower,#2 [2],direct,2,0,1,303400502,-1,1,0,120.0,120.0,120.0,120.0,120.0,0.0,0.0,0.0,0.0,0.0,100.0,100.0,15.0
7050000,Magma Blade,Magma Blade,1861,1172,Magma Shower,Magma Shower - Bullet,,Magma Shower,Bullet,bullet,1,0,1,303400506,-1,1,1,0.0,0.0,0.0,0.0,0.0,0.0,0.0,0.0,0.0,0.0,100.0,100.0,0.0
7050000,Magma Blade,Magma Blade,1862,1172,Magma Shower,Magma Shower - Bullet,,Magma Shower,Bullet,bullet,1,0,1,303400507,-1,1,1,0.0,0.0,0.0,0.0,0.0,0.0,0.0,30.0,0.0,0.0,100.0,100.0,0.0
7050000,Magma Blade,Magma Blade,1863,1172,Magma Shower,Magma Shower #1 (Lacking FP),,Magma Shower,#1,direct,1,1,1,303400503,-1,1,0,80.0,80.0,80.0,80.0,80.0,0.0,0.0,0.0,0.0,0.0,100.0,100.0,15.0
7050000,Magma Blade,Magma Blade,1864,1172,Magma Shower,Magma Shower #2 [1] (Lacking FP),,Magma Shower,#2 [1],direct,1,1,1,303400504,-1,1,0,50.0,50.0,50.0,50.0,50.0,0.0,0.0,0.0,0.0,0.0,100.0,100.0,10.0
7050000,Magma Blade,Magma Blade,1865,1172,Magma Shower,Magma Shower #2 [2] (Lacking FP),,Magma Shower,#2 [2],direct,2,1,1,303400505,-1,1,0,100.0,100.0,100.0,100.0,100.0,0.0,0.0,0.0,0.0,0.0,100.0,100.0,15.0
7070000,Wing of Astel,Wing of Astel,1875,1173,Nebula,Nebula - Bullet,,Nebula,Bullet,bullet,1,0,0,300707900,-1,1,0,0.0,0.0,0.0,0.0,0.0,0.0,0.0,0.0,0.0,0.0,0.0,0.0,27.0
7070000,Wing of Astel,Wing of Astel,1876,1173,Nebula,Nebula - Bullet,,Nebula,Bullet,bullet,1,0,0,300707901,-1,1,0,0.0,0.0,0.0,0.0,0.0,0.0,0.0,0.0,0.0,0.0,0.0,0.0,0.0
7070000,Wing of Astel,Wing of Astel,1877,1173,Nebula,Nebula - Bullet,,Nebula,Bullet,bullet,1,0,1,300707902,-1,1,1,0.0,0.0,0.0,0.0,0.0,0.0,100.0,0.0,0.0,0.0,0.0,0.0,0.0
7070000,Wing of Astel,Wing of Astel,1878,1173,Nebula,Nebula (Lacking FP),,Nebula,base,direct,1,1,1,300707905,-1,1,0,135.0,135.0,135.0,135.0,135.0,0.0,0.0,0.0,0.0,0.0,100.0,100.0,27.0
7100000,Eclipse Shotel,Eclipse Shotel,1931,1174,Death Flare,Death Flare - Bullet,,Death Flare,Bullet,bullet,1,0,0,300710900,-1,1,0,0.0,0.0,0.0,0.0,0.0,0.0,0.0,0.0,0.0,0.0,0.0,0.0,28.0
7100000,Eclipse Shotel,Eclipse Shotel,1932,1174,Death Flare,Death Flare - Bullet,,Death Flare,Bullet,bullet,1,0,1,300710901,-1,1,0,190.0,190.0,190.0,190.0,190.0,0.0,0.0,0.0,0.0,0.0,100.0,100.0,0.0
7100000,Eclipse Shotel,Eclipse Shotel,1933,1174,Death Flare,Death Flare (Lacking FP),,Death Flare,base,direct,1,1,1,300710905,-1,1,0,105.0,105.0,105.0,105.0,105.0,0.0,0.0,0.0,0.0,0.0,100.0,100.0,28.0
7500000,Spirit Sword,Spirit Sword,1866,5250,Rancor Slash,Rancor Slash #1 [1],,Rancor Slash,#1 [1],direct,1,0,1,700000030,-1,1,0,80.0,80.0,80.0,80.0,80.0,0.0,0.0,0.0,0.0,0.0,75.0,75.0,18.0
7500000,Spirit Sword,Spirit Sword,1867,5250,Rancor Slash,Rancor Slash #1 [2],,Rancor Slash,#1 [2],direct,2,0,1,700000031,-1,1,0,80.0,80.0,80.0,80.0,80.0,0.0,0.0,0.0,0.0,0.0,75.0,75.0,18.0
7500000,Spirit Sword,Spirit Sword,1868,5250,Rancor Slash,Rancor Slash #2,,Rancor Slash,#2,direct,2,0,1,700000032,-1,1,0,100.0,100.0,100.0,100.0,100.0,0.0,0.0,0.0,0.0,0.0,100.0,100.0,27.0
7500000,Spirit Sword,Spirit Sword,1869,5250,Rancor Slash,Rancor Slash - Bullet,,Rancor Slash,Bullet,bullet,1,0,1,700000033,51080,1,1,0.0,0.0,0.0,0.0,0.0,0.0,46.0,0.0,0.0,0.0,100.0,100.0,0.0
7500000,Spirit Sword,Spirit Sword,1870,5250,Rancor Slash,Rancor Slash #1 [1] (Lacking FP),,Rancor Slash,#1 [1],direct,1,1,1,700000036,-1,1,0,70.0,70.0,70.0,70.0,70.0,0.0,0.0,0.0,0.0,0.0,100.0,100.0,18.0
7500000,Spirit Sword,Spirit Sword,1871,5250,Rancor Slash,Rancor Slash #1 [2] (Lacking FP),,Rancor Slash,#1 [2],direct,2,1,1,700000037,-1,1,0,70.0,70.0,70.0,70.0,70.0,0.0,0.0,0.0,0.0,0.0,100.0,100.0,18.0
7500000,Spirit Sword,Spirit Sword,1872,5250,Rancor Slash,Rancor Slash #2 (Lacking FP),,Rancor Slash,#2,direct,2,1,1,700000038,-1,1,0,100.0,100.0,100.0,100.0,100.0,0.0,0.0,0.0,0.0,0.0,100.0,100.0,27.0
7510000,Falx,Falx,1879,5100,Revenger's Blade,Revenger's Blade [1],,Revenger's Blade,[1],direct,1,0,1,600000612,-1,1,0,125.0,125.0,125.0,125.0,125.0,0.0,0.0,0.0,0.0,0.0,100.0,100.0,7.0
7510000,Falx,Falx,1880,5100,Revenger's Blade,Revenger's Blade [2],,Revenger's Blade,[2],direct,2,0,1,600000613,-1,1,0,125.0,125.0,125.0,125.0,125.0,0.0,0.0,0.0,0.0,0.0,100.0,100.0,7.0
7510000,Falx,Falx,1881,5100,Revenger's Blade,Revenger's Blade Charged [1],,Revenger's Blade,Charged [1],charged,1,0,1,600000610,-1,1,0,153.0,153.0,153.0,153.0,153.0,0.0,0.0,0.0,0.0,0.0,100.0,100.0,11.0
7510000,Falx,Falx,1882,5100,Revenger's Blade,Revenger's Blade Charged [2],,Revenger's Blade,Charged [2],charged,2,0,1,600000611,51020,1,1,0.0,0.0,0.0,0.0,0.0,100.0,0.0,0.0,0.0,0.0,100.0,100.0,11.0
7510000,Falx,Falx,1883,5100,Revenger's Blade,Revenger's Blade R1 [1],,Revenger's Blade,R1 [1],direct,1,0,1,600000614,-1,1,0,50.0,50.0,50.0,50.0,50.0,0.0,0.0,0.0,0.0,0.0,100.0,100.0,2.0
7510000,Falx,Falx,1884,5100,Revenger's Blade,Revenger's Blade R1 [2],,Revenger's Blade,R1 [2],direct,2,0,1,600000615,-1,1,0,50.0,50.0,50.0,50.0,50.0,0.0,0.0,0.0,0.0,0.0,100.0,100.0,2.0
7510000,Falx,Falx,1885,5100,Revenger's Blade,Revenger's Blade R1 [3],,Revenger's Blade,R1 [3],direct,3,0,1,600000616,-1,1,0,50.0,50.0,50.0,50.0,50.0,0.0,0.0,0.0,0.0,0.0,100.0,100.0,2.0
7510000,Falx,Falx,1886,5100,Revenger's Blade,Revenger's Blade R1 [4],,Revenger's Blade,R1 [4],direct,4,0,1,600000617,-1,1,0,50.0,50.0,50.0,50.0,50.0,0.0,0.0,0.0,0.0,0.0,100.0,100.0,2.0
7510000,Falx,Falx,1887,5100,Revenger's Blade,Revenger's Blade R1 [5],,Revenger's Blade,R1 [5],direct,5,0,1,600000618,-1,1,0,50.0,50.0,50.0,50.0,50.0,0.0,0.0,0.0,0.0,0.0,100.0,100.0,2.0
7510000,Falx,Falx,1888,5100,Revenger's Blade,Revenger's Blade R1 [6],,Revenger's Blade,R1 [6],direct,6,0,1,600000619,-1,1,0,143.0,143.0,143.0,143.0,143.0,0.0,0.0,0.0,0.0,0.0,100.0,100.0,11.0
7510000,Falx,Falx,1889,5100,Revenger's Blade,Revenger's Blade R1 [7],,Revenger's Blade,R1 [7],direct,7,0,1,600000620,-1,1,0,143.0,143.0,143.0,143.0,143.0,0.0,0.0,0.0,0.0,0.0,100.0,100.0,11.0
7510000,Falx,Falx,1890,5100,Revenger's Blade,Revenger's Blade [1] (Lacking FP),,Revenger's Blade,[1],direct,1,1,1,600000623,-1,1,0,100.0,100.0,100.0,100.0,100.0,0.0,0.0,0.0,0.0,0.0,100.0,100.0,7.0
7510000,Falx,Falx,1891,5100,Revenger's Blade,Revenger's Blade [2] (Lacking FP),,Revenger's Blade,[2],direct,2,1,1,600000624,-1,1,0,100.0,100.0,100.0,100.0,100.0,0.0,0.0,0.0,0.0,0.0,100.0,100.0,7.0
7510000,Falx,Falx,1892,5100,Revenger's Blade,Revenger's Blade Charged [1] (Lacking FP),,Revenger's Blade,Charged [1],charged,1,1,1,600000621,-1,1,0,100.0,100.0,100.0,100.0,100.0,0.0,0.0,0.0,0.0,0.0,100.0,100.0,11.0
7510000,Falx,Falx,1893,5100,Revenger's Blade,Revenger's Blade Charged [2] (Lacking FP),,Revenger's Blade,Charged [2],charged,2,1,1,600000622,-1,1,0,100.0,100.0,100.0,100.0,100.0,0.0,0.0,0.0,0.0,0.0,100.0,100.0,11.0
7510000,Falx,Falx,1894,5100,Revenger's Blade,Revenger's Blade R1 [1] (Lacking FP),,Revenger's Blade,R1 [1],direct,1,1,1,600000625,-1,1,0,30.0,30.0,30.0,30.0,30.0,0.0,0.0,0.0,0.0,0.0,100.0,100.0,2.0
7510000,Falx,Falx,1895,5100,Revenger's Blade,Revenger's Blade R1 [2] (Lacking FP),,Revenger's Blade,R1 [2],direct,2,1,1,600000626,-1,1,0,30.0,30.0,30.0,30.0,30.0,0.0,0.0,0.0,0.0,0.0,100.0,100.0,2.0
7510000,Falx,Falx,1896,5100,Revenger's Blade,Revenger's Blade R1 [3] (Lacking FP),,Revenger's Blade,R1 [3],direct,3,1,1,600000627,-1,1,0,30.0,30.0,30.0,30.0,30.0,0.0,0.0,0.0,0.0,0.0,100.0,100.0,2.0
7510000,Falx,Falx,1897,5100,Revenger's Blade,Revenger's Blade R1 [4] (Lacking FP),,Revenger's Blade,R1 [4],direct,4,1,1,600000628,-1,1,0,30.0,30.0,30.0,30.0,30.0,0.0,0.0,0.0,0.0,0.0,100.0,100.0,2.0
7510000,Falx,Falx,1898,5100,Revenger's Blade,Revenger's Blade R1 [5] (Lacking FP),,Revenger's Blade,R1 [5],direct,5,1,1,600000629,-1,1,0,30.0,30.0,30.0,30.0,30.0,0.0,0.0,0.0,0.0,0.0,100.0,100.0,2.0
7510000,Falx,Falx,1899,5100,Revenger's Blade,Revenger's Blade R1 [6] (Lacking FP),,Revenger's Blade,R1 [6],direct,6,1,1,600000630,-1,1,0,100.0,100.0,100.0,100.0,100.0,0.0,0.0,0.0,0.0,0.0,100.0,100.0,11.0
7510000,Falx,Falx,1900,5100,Revenger's Blade,Revenger's Blade R1 [7] (Lacking FP),,Revenger's Blade,R1 [7],direct,7,1,1,600000631,-1,1,0,100.0,100.0,100.0,100.0,100.0,0.0,0.0,0.0,0.0,0.0,100.0,100.0,11.0
7520000,Dancing Blade of Ranah,Dancing Blade of Ranah,1901,5090,Unending Dance,Unending Dance,,Unending Dance,base,direct,1,0,1,600000670,-1,1,0,110.0,110.0,110.0,110.0,110.0,0.0,0.0,0.0,0.0,0.0,60.0,100.0,8.0
7520000,Dancing Blade of Ranah,Dancing Blade of Ranah,1902,5090,Unending Dance,Unending Dance - Loop [1],,Unending Dance,Loop [1],loop,1,0,1,600000677,-1,1,0,74.0,74.0,74.0,74.0,74.0,0.0,0.0,0.0,0.0,0.0,60.0,100.0,6.0
7520000,Dancing Blade of Ranah,Dancing Blade of Ranah,1903,5090,Unending Dance,Unending Dance - Loop [2],,Unending Dance,Loop [2],loop,2,0,1,600000671,-1,1,0,90.0,90.0,90.0,90.0,90.0,0.0,0.0,0.0,0.0,0.0,60.0,100.0,6.0
7520000,Dancing Blade of Ranah,Dancing Blade of Ranah,1904,5090,Unending Dance,Unending Dance - Loop [3],,Unending Dance,Loop [3],loop,3,0,1,600000672,-1,1,0,74.0,74.0,74.0,74.0,74.0,0.0,0.0,0.0,0.0,0.0,60.0,100.0,4.0
7520000,Dancing Blade of Ranah,Dancing Blade of Ranah,1905,5090,Unending Dance,Unending Dance - Loop [4],,Unending Dance,Loop [4],loop,4,0,1,600000678,-1,1,0,74.0,74.0,74.0,74.0,74.0,0.0,0.0,0.0,0.0,0.0,60.0,100.0,4.0
7520000,Dancing Blade of Ranah,Dancing Blade of Ranah,1906,5090,Unending Dance,Unending Dance - Loop [5],,Unending Dance,Loop [5],loop,5,0,1,600000673,-1,1,0,74.0,74.0,74.0,74.0,74.0,0.0,0.0,0.0,0.0,0.0,60.0,100.0,4.0
7520000,Dancing Blade of Ranah,Dancing Blade of Ranah,1907,5090,Unending Dance,Unending Dance - Loop [6],,Unending Dance,Loop [6],loop,6,0,1,600000679,-1,1,0,74.0,74.0,74.0,74.0,74.0,0.0,0.0,0.0,0.0,0.0,60.0,100.0,4.0
7520000,Dancing Blade of Ranah,Dancing Blade of Ranah,1908,5090,Unending Dance,Unending Dance - Loop [7],,Unending Dance,Loop [7],loop,7,0,1,600000674,-1,1,0,110.0,110.0,110.0,110.0,110.0,0.0,0.0,0.0,0.0,0.0,60.0,100.0,6.0
7520000,Dancing Blade of Ranah,Dancing Blade of Ranah,1909,5090,Unending Dance,Unending Dance - Loop [8],,Unending Dance,Loop [8],loop,8,0,1,600000680,-1,1,0,120.0,120.0,120.0,120.0,120.0,0.0,0.0,0.0,0.0,0.0,60.0,100.0,6.0
7520000,Dancing Blade of Ranah,Dancing Blade of Ranah,1910,5090,Unending Dance,Unending Dance - Loop [9],,Unending Dance,Loop [9],loop,9,0,1,600000675,-1,1,0,90.0,90.0,90.0,90.0,90.0,0.0,0.0,0.0,0.0,0.0,60.0,100.0,3.0
7520000,Dancing Blade of Ranah,Dancing Blade of Ranah,1911,5090,Unending Dance,Unending Dance - Loop [10],,Unending Dance,Loop [10],loop,10,0,1,600000681,-1,1,0,70.0,70.0,70.0,70.0,70.0,0.0,0.0,0.0,0.0,0.0,60.0,100.0,3.0
7520000,Dancing Blade of Ranah,Dancing Blade of Ranah,1912,5090,Unending Dance,Unending Dance - Loop [11],,Unending Dance,Loop [11],loop,11,0,1,600000682,-1,1,0,120.0,120.0,120.0,120.0,120.0,0.0,0.0,0.0,0.0,0.0,60.0,100.0,6.0
7520000,Dancing Blade of Ranah,Dancing Blade of Ranah,1913,5090,Unending Dance,Unending Dance - Loop [12],,Unending Dance,Loop [12],loop,12,0,1,600000676,-1,1,0,74.0,74.0,74.0,74.0,74.0,0.0,0.0,0.0,0.0,0.0,60.0,100.0,6.0
7520000,Dancing Blade of Ranah,Dancing Blade of Ranah,1914,5090,Unending Dance,Unending Dance (Lacking FP),,Unending Dance,base,direct,1,1,1,600000683,-1,1,0,75.0,75.0,75.0,75.0,75.0,0.0,0.0,0.0,0.0,0.0,60.0,100.0,8.0
7520000,Dancing Blade of Ranah,Dancing Blade of Ranah,1915,5090,Unending Dance,Unending Dance - Loop [1] (Lacking FP),,Unending Dance,Loop [1],loop,1,1,1,600000690,-1,1,0,55.0,55.0,55.0,55.0,55.0,0.0,0.0,0.0,0.0,0.0,60.0,100.0,6.0
7520000,Dancing Blade of Ranah,Dancing Blade of Ranah,1916,5090,Unending Dance,Unending Dance - Loop [2] (Lacking FP),,Unending Dance,Loop [2],loop,2,1,1,600000684,-1,1,0,55.0,55.0,55.0,55.0,55.0,0.0,0.0,0.0,0.0,0.0,60.0,100.0,6.0
7520000,Dancing Blade of Ranah,Dancing Blade of Ranah,1917,5090,Unending Dance,Unending Dance - Loop [3] (Lacking FP),,Unending Dance,Loop [3],loop,3,1,1,600000685,-1,1,0,55.0,55.0,55.0,55.0,55.0,0.0,0.0,0.0,0.0,0.0,60.0,100.0,4.0
7520000,Dancing Blade of Ranah,Dancing Blade of Ranah,1918,5090,Unending Dance,Unending Dance - Loop [4] (Lacking FP),,Unending Dance,Loop [4],loop,4,1,1,600000691,-1,1,0,39.0,39.0,39.0,39.0,39.0,0.0,0.0,0.0,0.0,0.0,60.0,100.0,4.0
7520000,Dancing Blade of Ranah,Dancing Blade of Ranah,1919,5090,Unending Dance,Unending Dance - Loop [5] (Lacking FP),,Unending Dance,Loop [5],loop,5,1,1,600000686,-1,1,0,39.0,39.0,39.0,39.0,39.0,0.0,0.0,0.0,0.0,0.0,60.0,100.0,4.0
7520000,Dancing Blade of Ranah,Dancing Blade of Ranah,1920,5090,Unending Dance,Unending Dance - Loop [6] (Lacking FP),,Unending Dance,Loop [6],loop,6,1,1,600000692,-1,1,0,39.0,39.0,39.0,39.0,39.0,0.0,0.0,0.0,0.0,0.0,60.0,100.0,4.0
7520000,Dancing Blade of Ranah,Dancing Blade of Ranah,1921,5090,Unending Dance,Unending Dance - Loop [7] (Lacking FP),,Unending Dance,Loop [7],loop,7,1,1,600000687,-1,1,0,85.0,85.0,85.0,85.0,85.0,0.0,0.0,0.0,0.0,0.0,60.0,100.0,6.0
7520000,Dancing Blade of Ranah,Dancing Blade of Ranah,1922,5090,Unending Dance,Unending Dance - Loop [8] (Lacking FP),,Unending Dance,Loop [8],loop,8,1,1,600000693,-1,1,0,85.0,85.0,85.0,85.0,85.0,0.0,0.0,0.0,0.0,0.0,60.0,100.0,6.0
7520000,Dancing Blade of Ranah,Dancing Blade of Ranah,1923,5090,Unending Dance,Unending Dance - Loop [9] (Lacking FP),,Unending Dance,Loop [9],loop,9,1,1,600000688,-1,1,0,35.0,35.0,35.0,35.0,35.0,0.0,0.0,0.0,0.0,0.0,60.0,100.0,3.0
7520000,Dancing Blade of Ranah,Dancing Blade of Ranah,1924,5090,Unending Dance,Unending Dance - Loop [10] (Lacking FP),,Unending Dance,Loop [10],loop,10,1,1,600000694,-1,1,0,35.0,35.0,35.0,35.0,35.0,0.0,0.0,0.0,0.0,0.0,60.0,100.0,3.0
7520000,Dancing Blade of Ranah,Dancing Blade of Ranah,1925,5090,Unending Dance,Unending Dance - Loop [11] (Lacking FP),,Unending Dance,Loop [11],loop,11,1,1,600000695,-1,1,0,85.0,85.0,85.0,85.0,85.0,0.0,0.0,0.0,0.0,0.0,60.0,100.0,6.0
7520000,Dancing Blade of Ranah,Dancing Blade of Ranah,1926,5090,Unending Dance,Unending Dance - Loop [12] (Lacking FP),,Unending Dance,Loop [12],loop,12,1,1,600000689,-1,1,0,85.0,85.0,85.0,85.0,85.0,0.0,0.0,0.0,0.0,0.0,60.0,100.0,6.0
7530000,Horned Warrior's Sword,Horned Warrior's Sword,1927,5530,Horn Calling,Horn Calling,,Horn Calling,base,direct,1,0,1,300300852,-1,1,0,100.0,100.0,100.0,100.0,100.0,0.0,0.0,0.0,0.0,0.0,100.0,100.0,34.0
7530000,Horned Warrior's Sword,Horned Warrior's Sword,1928,5530,Horn Calling,Horn Calling - Bullet,,Horn Calling,Bullet,bullet,1,0,1,700000061,51070,1,1,0.0,0.0,0.0,0.0,0.0,0.0,0.0,0.0,0.0,0.0,0.0,0.0,37.0
7530000,Horned Warrior's Sword,Horned Warrior's Sword,1929,5530,Horn Calling,Horn Calling - Bullet,,Horn Calling,Bullet,bullet,1,0,1,700000060,51070,1,1,0.0,0.0,0.0,0.0,0.0,0.0,0.0,0.0,0.0,215.0,0.0,0.0,0.0
7530000,Horned Warrior's Sword,Horned Warrior's Sword,1930,5530,Horn Calling,Horn Calling (Lacking FP),,Horn Calling,base,direct,1,1,1,300300853,-1,1,0,100.0,100.0,100.0,100.0,100.0,0.0,0.0,0.0,0.0,0.0,100.0,100.0,46.0
8010000,Onyx Lord's Greatsword,Onyx Lord's Greatsword,1938,1041,Onyx Lords' Repulsion,Onyx Lord's Repulsion,,Onyx Lords' Repulsion,Onyx Lord's Repulsion,direct,1,0,1,303400800,-1,1,0,100.0,100.0,100.0,100.0,100.0,0.0,0.0,0.0,0.0,0.0,100.0,100.0,30.0
8010000,Onyx Lord's Greatsword,Onyx Lord's Greatsword,1939,1041,Onyx Lords' Repulsion,Onyx Lord's Repulsion - Bullet (Stackable Inner),,Onyx Lords' Repulsion,Onyx Lord's Repulsion - Bullet (Stackable Inner),bullet,1,0,1,303400805,-1,1,1,0.0,0.0,0.0,0.0,0.0,0.0,200.0,0.0,0.0,0.0,0.0,0.0,3.0
8010000,Onyx Lord's Greatsword,Onyx Lord's Greatsword,1940,1041,Onyx Lords' Repulsion,Onyx Lord's Repulsion - Bullet (Stackable Middle),,Onyx Lords' Repulsion,Onyx Lord's Repulsion - Bullet (Stackable Middle),bullet,1,0,1,303400806,-1,1,1,0.0,0.0,0.0,0.0,0.0,0.0,200.0,0.0,0.0,0.0,0.0,0.0,3.0
8010000,Onyx Lord's Greatsword,Onyx Lord's Greatsword,1941,1041,Onyx Lords' Repulsion,Onyx Lord's Repulsion - Bullet (Stackable Outer),,Onyx Lords' Repulsion,Onyx Lord's Repulsion - Bullet (Stackable Outer),bullet,1,0,1,303400807,-1,1,1,0.0,0.0,0.0,0.0,0.0,0.0,200.0,0.0,0.0,0.0,0.0,0.0,3.0
8010000,Onyx Lord's Greatsword,Onyx Lord's Greatsword,1942,1041,Onyx Lords' Repulsion,Onyx Lord's Repulsion (Lacking FP),,Onyx Lords' Repulsion,Onyx Lord's Repulsion,direct,1,1,1,303400801,-1,1,0,100.0,100.0,100.0,100.0,100.0,0.0,0.0,0.0,0.0,0.0,100.0,100.0,41.0
8030000,Bloodhound's Fang,Bloodhound's Fang,1934,1175,Bloodhound's Finesse,Bloodhound's Finesse,,Bloodhound's Finesse,base,direct,1,0,1,300804900,-1,1,0,195.0,195.0,195.0,195.0,195.0,0.0,0.0,0.0,0.0,0.0,100.0,100.0,32.0
8030000,Bloodhound's Fang,Bloodhound's Fang,1935,1175,Bloodhound's Finesse,Bloodhound's Finesse R2,,Bloodhound's Finesse,R2,direct,2,0,1,300804901,-1,1,0,210.0,210.0,210.0,210.0,210.0,0.0,0.0,0.0,0.0,0.0,100.0,100.0,32.0
8030000,Bloodhound's Fang,Bloodhound's Fang,1936,1175,Bloodhound's Finesse,Bloodhound's Finesse (Lacking FP),,Bloodhound's Finesse,base,direct,1,1,1,300804905,-1,1,0,100.0,100.0,100.0,100.0,100.0,0.0,0.0,0.0,0.0,0.0,100.0,100.0,42.0
8030000,Bloodhound's Fang,Bloodhound's Fang,1937,1175,Bloodhound's Finesse,Bloodhound's Finesse R2 (Lacking FP),,Bloodhound's Finesse,R2,direct,2,1,1,300804906,-1,1,0,105.0,105.0,105.0,105.0,105.0,0.0,0.0,0.0,0.0,0.0,100.0,100.0,42.0
8040000,Magma Wyrm's Scalesword,Magma Wyrm's Scalesword,1947,1176,Magma Guillotine,Magma Guillotine #1,,Magma Guillotine,#1,direct,1,0,1,300729000,-1,1,0,170.0,170.0,170.0,170.0,170.0,0.0,0.0,0.0,0.0,0.0,100.0,100.0,44.0
8040000,Magma Wyrm's Scalesword,Magma Wyrm's Scalesword,1948,1176,Magma Guillotine,Magma Guillotine - Bullet (Explosion),,Magma Guillotine,Bullet (Explosion),bullet,1,0,1,300729001,-1,1,0,170.0,170.0,170.0,170.0,170.0,0.0,0.0,0.0,0.0,0.0,0.0,100.0,0.0
8040000,Magma Wyrm's Scalesword,Magma Wyrm's Scalesword,1949,1176,Magma Guillotine,Magma Guillotine - Bullet (Lava),,Magma Guillotine,Bullet (Lava),bullet,1,0,1,300729002,-1,1,1,0.0,0.0,0.0,0.0,0.0,0.0,0.0,35.0,0.0,0.0,0.0,100.0,0.0
8040000,Magma Wyrm's Scalesword,Magma Wyrm's Scalesword,1950,1176,Magma Guillotine,Magma Guillotine #2 [1],,Magma Guillotine,#2 [1],direct,1,0,1,300729003,-1,1,0,80.0,80.0,80.0,80.0,80.0,0.0,0.0,0.0,0.0,0.0,100.0,100.0,17.0
8040000,Magma Wyrm's Scalesword,Magma Wyrm's Scalesword,1951,1176,Magma Guillotine,Magma Guillotine #2 [2],,Magma Guillotine,#2 [2],direct,2,0,1,300729004,-1,1,0,180.0,180.0,180.0,180.0,180.0,0.0,0.0,0.0,0.0,0.0,100.0,100.0,13.0
8040000,Magma Wyrm's Scalesword,Magma Wyrm's Scalesword,1952,1176,Magma Guillotine,Magma Guillotine #1 (Lacking FP),,Magma Guillotine,#1,direct,1,1,1,300729005,-1,1,0,110.0,110.0,110.0,110.0,110.0,0.0,0.0,0.0,0.0,0.0,100.0,100.0,46.0
8040000,Magma Wyrm's Scalesword,Magma Wyrm's Scalesword,1953,1176,Magma Guillotine,Magma Guillotine #2 [1] (Lacking FP),,Magma Guillotine,#2 [1],direct,1,1,1,300729006,-1,1,0,70.0,70.0,70.0,70.0,70.0,0.0,0.0,0.0,0.0,0.0,100.0,100.0,23.0
8040000,Magma Wyrm's Scalesword,Magma Wyrm's Scalesword,1954,1176,Magma Guillotine,Magma Guillotine #2 [2] (Lacking FP),,Magma Guillotine,#2 [2],direct,2,1,1,300729007,-1,1,0,115.0,115.0,115.0,115.0,115.0,0.0,0.0,0.0,0.0,0.0,100.0,100.0,23.0
8050000,Zamor Curved Sword,Zamor Curved Sword,1943,1168,Zamor Ice Storm,Zamor Ice Storm,,Zamor Ice Storm,base,direct,1,0,1,303401604,-1,1,0,60.0,60.0,60.0,60.0,60.0,0.0,0.0,0.0,0.0,0.0,100.0,100.0,8.0
8050000,Zamor Curved Sword,Zamor Curved Sword,1944,1168,Zamor Ice Storm,Zamor Ice Storm - Bullet,,Zamor Ice Storm,Bullet,bullet,1,0,1,303401600,50000,1,1,0.0,100.0,0.0,0.0,0.0,0.0,110.0,0.0,0.0,0.0,100.0,100.0,15.0
8050000,Zamor Curved Sword,Zamor Curved Sword,1945,1168,Zamor Ice Storm,Zamor Ice Storm - Bullet (4x),,Zamor Ice Storm,Bullet (4x),bullet,1,0,1,303401601,50000,1,1,0.0,100.0,0.0,0.0,0.0,0.0,110.0,0.0,0.0,0.0,100.0,100.0,0.0
8050000,Zamor Curved Sword,Zamor Curved Sword,1946,1168,Zamor Ice Storm,Zamor Ice Storm (Lacking FP),,Zamor Ice Storm,base,direct,1,1,1,303401605,-1,1,0,100.0,100.0,100.0,100.0,100.0,0.0,0.0,0.0,0.0,0.0,100.0,100.0,8.0
8100000,Morgott's Cursed Sword,Morgott's Cursed Sword,1973,1027,Cursed-Blood Slice,Cursed-Blood Slice #1,,Cursed-Blood Slice,#1,direct,1,0,1,300810905,-1,1,1,100.0,100.0,100.0,100.0,100.0,0.0,0.0,50.0,0.0,0.0,110.0,110.0,14.0
8100000,Morgott's Cursed Sword,Morgott's Cursed Sword,1974,1027,Cursed-Blood Slice,Cursed-Blood Slice #2,,Cursed-Blood Slice,#2,direct,2,0,1,300810906,-1,1,1,100.0,100.0,100.0,100.0,100.0,0.0,0.0,50.0,0.0,0.0,110.0,110.0,14.0
8100000,Morgott's Cursed Sword,Morgott's Cursed Sword,1975,1027,Cursed-Blood Slice,Cursed-Blood Slice - Bullet,,Cursed-Blood Slice,Bullet,bullet,1,0,1,300810908,-1,1,1,0.0,0.0,0.0,0.0,0.0,0.0,0.0,80.0,0.0,0.0,70.0,70.0,0.0
8100000,Morgott's Cursed Sword,Morgott's Cursed Sword,1976,1027,Cursed-Blood Slice,Cursed-Blood Slice ?,,Cursed-Blood Slice,?,direct,1,0,0,300810900,-1,1,0,0.0,0.0,0.0,0.0,0.0,0.0,0.0,0.0,0.0,0.0,0.0,0.0,0.0
8100000,Morgott's Cursed Sword,Morgott's Cursed Sword,1977,1027,Cursed-Blood Slice,Cursed-Blood Slice - Bullet ?,,Cursed-Blood Slice,Bullet ?,bullet,1,0,0,300810907,-1,1,0,0.0,0.0,0.0,0.0,0.0,0.0,0.0,0.0,0.0,0.0,0.0,0.0,0.0
8100000,Morgott's Cursed Sword,Morgott's Cursed Sword,1978,1027,Cursed-Blood Slice,Cursed-Blood Slice #1 (Lacking FP),,Cursed-Blood Slice,#1,direct,1,1,1,300810910,-1,1,0,105.0,105.0,105.0,105.0,105.0,0.0,0.0,0.0,0.0,0.0,100.0,100.0,14.0
8100000,Morgott's Cursed Sword,Morgott's Cursed Sword,1979,1027,Cursed-Blood Slice,Cursed-Blood Slice #2 (Lacking FP),,Cursed-Blood Slice,#2,direct,2,1,1,300810911,-1,1,0,105.0,105.0,105.0,105.0,105.0,0.0,0.0,0.0,0.0,0.0,100.0,100.0,14.0
8500000,Putrescence Cleaver,Putrescence Cleaver,2232,5080,Spinning Guillotine,Spinning Guillotine #1,,Spinning Guillotine,#1,direct,1,0,1,700000250,-1,1,0,163.0,163.0,163.0,163.0,163.0,0.0,0.0,0.0,0.0,0.0,100.0,100.0,23.0
8500000,Putrescence Cleaver,Putrescence Cleaver,2233,5080,Spinning Guillotine,Spinning Guillotine #2 [1],,Spinning Guillotine,#2 [1],direct,1,0,1,700000251,-1,1,0,78.0,78.0,78.0,78.0,78.0,0.0,0.0,0.0,0.0,0.0,100.0,100.0,11.0
8500000,Putrescence Cleaver,Putrescence Cleaver,2234,5080,Spinning Guillotine,Spinning Guillotine #2 [2],,Spinning Guillotine,#2 [2],direct,2,0,1,700000252,-1,1,0,79.0,79.0,79.0,79.0,79.0,0.0,0.0,0.0,0.0,0.0,100.0,100.0,11.0
8500000,Putrescence Cleaver,Putrescence Cleaver,2235,5080,Spinning Guillotine,Spinning Guillotine #2 [3],,Spinning Guillotine,#2 [3],direct,3,0,1,700000253,-1,1,0,82.0,82.0,82.0,82.0,82.0,0.0,0.0,0.0,0.0,0.0,100.0,100.0,11.0
8500000,Putrescence Cleaver,Putrescence Cleaver,2236,5080,Spinning Guillotine,Spinning Guillotine R2 [1],,Spinning Guillotine,R2 [1],direct,1,0,1,700000254,-1,1,0,81.0,81.0,81.0,81.0,81.0,0.0,0.0,0.0,0.0,0.0,100.0,100.0,8.0
8500000,Putrescence Cleaver,Putrescence Cleaver,2237,5080,Spinning Guillotine,Spinning Guillotine R2 [2],,Spinning Guillotine,R2 [2],direct,2,0,1,700000255,-1,1,0,83.0,83.0,83.0,83.0,83.0,0.0,0.0,0.0,0.0,0.0,100.0,100.0,8.0
8500000,Putrescence Cleaver,Putrescence Cleaver,2238,5080,Spinning Guillotine,Spinning Guillotine R2 [3],,Spinning Guillotine,R2 [3],direct,3,0,1,700000256,-1,1,0,90.0,90.0,90.0,90.0,90.0,0.0,0.0,0.0,0.0,0.0,100.0,100.0,21.0
8500000,Putrescence Cleaver,Putrescence Cleaver,2239,5080,Spinning Guillotine,Spinning Guillotine #1 (Lacking FP),,Spinning Guillotine,#1,direct,1,1,1,700000257,-1,1,0,50.0,50.0,50.0,50.0,50.0,0.0,0.0,0.0,0.0,0.0,100.0,100.0,23.0
8500000,Putrescence Cleaver,Putrescence Cleaver,2240,5080,Spinning Guillotine,Spinning Guillotine #2 [1] (Lacking FP),,Spinning Guillotine,#2 [1],direct,1,1,1,700000258,-1,1,0,50.0,50.0,50.0,50.0,50.0,0.0,0.0,0.0,0.0,0.0,100.0,100.0,11.0
8500000,Putrescence Cleaver,Putrescence Cleaver,2241,5080,Spinning Guillotine,Spinning Guillotine #2 [2] (Lacking FP),,Spinning Guillotine,#2 [2],direct,2,1,1,700000259,-1,1,0,50.0,50.0,50.0,50.0,50.0,0.0,0.0,0.0,0.0,0.0,100.0,100.0,11.0
8500000,Putrescence Cleaver,Putrescence Cleaver,2242,5080,Spinning Guillotine,Spinning Guillotine #2 [3] (Lacking FP),,Spinning Guillotine,#2 [3],direct,3,1,1,700000260,-1,1,0,50.0,50.0,50.0,50.0,50.0,0.0,0.0,0.0,0.0,0.0,100.0,100.0,11.0
8500000,Putrescence Cleaver,Putrescence Cleaver,2243,5080,Spinning Guillotine,Spinning Guillotine R2 [1] (Lacking FP),,Spinning Guillotine,R2 [1],direct,1,1,1,700000261,-1,1,0,50.0,50.0,50.0,50.0,50.0,0.0,0.0,0.0,0.0,0.0,100.0,100.0,8.0
8500000,Putrescence Cleaver,Putrescence Cleaver,2244,5080,Spinning Guillotine,Spinning Guillotine R2 [2] (Lacking FP),,Spinning Guillotine,R2 [2],direct,2,1,1,700000262,-1,1,0,50.0,50.0,50.0,50.0,50.0,0.0,0.0,0.0,0.0,0.0,100.0,100.0,8.0
8500000,Putrescence Cleaver,Putrescence Cleaver,2245,5080,Spinning Guillotine,Spinning Guillotine R2 [3] (Lacking FP),,Spinning Guillotine,R2 [3],direct,3,1,1,700000263,-1,1,0,50.0,50.0,50.0,50.0,50.0,0.0,0.0,0.0,0.0,0.0,100.0,100.0,21.0
8520000,Horned Warrior's Greatsword,Horned Warrior's Greatsword,1955,5540,Horn Calling: Storm,Horn Calling: Storm #1 [1],,Horn Calling: Storm,#1 [1],direct,1,0,1,700000370,-1,1,1,99.0,99.0,99.0,99.0,99.0,0.0,0.0,0.0,0.0,35.0,75.0,75.0,13.0
8520000,Horned Warrior's Greatsword,Horned Warrior's Greatsword,1956,5540,Horn Calling: Storm,Horn Calling: Storm #1 [1] - Bullet,,Horn Calling: Storm,#1 [1] - Bullet,bullet,1,0,1,700000373,51030,1,1,0.0,0.0,0.0,0.0,0.0,35.0,0.0,0.0,0.0,0.0,0.0,0.0,0.0
8520000,Horned Warrior's Greatsword,Horned Warrior's Greatsword,1957,5540,Horn Calling: Storm,Horn Calling: Storm #1 [2],,Horn Calling: Storm,#1 [2],direct,2,0,1,700000371,-1,1,1,100.0,100.0,100.0,100.0,100.0,0.0,0.0,0.0,0.0,35.0,75.0,75.0,13.0
8520000,Horned Warrior's Greatsword,Horned Warrior's Greatsword,1958,5540,Horn Calling: Storm,Horn Calling: Storm #1 [2] - Bullet,,Horn Calling: Storm,#1 [2] - Bullet,bullet,2,0,1,700000374,51030,1,1,0.0,0.0,0.0,0.0,0.0,35.0,0.0,0.0,0.0,0.0,0.0,0.0,0.0
8520000,Horned Warrior's Greatsword,Horned Warrior's Greatsword,1959,5540,Horn Calling: Storm,Horn Calling: Storm #2 [1],,Horn Calling: Storm,#2 [1],direct,1,0,1,700000379,-1,1,1,101.0,101.0,101.0,101.0,101.0,0.0,0.0,0.0,0.0,35.0,75.0,75.0,13.0
8520000,Horned Warrior's Greatsword,Horned Warrior's Greatsword,1960,5540,Horn Calling: Storm,Horn Calling: Storm #2 [1] - Bullet,,Horn Calling: Storm,#2 [1] - Bullet,bullet,1,0,1,700000381,51030,1,1,0.0,0.0,0.0,0.0,0.0,35.0,0.0,0.0,0.0,0.0,0.0,0.0,0.0
8520000,Horned Warrior's Greatsword,Horned Warrior's Greatsword,1961,5540,Horn Calling: Storm,Horn Calling: Storm #2 [2],,Horn Calling: Storm,#2 [2],direct,2,0,1,700000380,-1,1,1,102.0,102.0,102.0,102.0,102.0,0.0,0.0,0.0,0.0,35.0,100.0,100.0,13.0
8520000,Horned Warrior's Greatsword,Horned Warrior's Greatsword,1962,5540,Horn Calling: Storm,Horn Calling: Storm #2 [2] - Bullet,,Horn Calling: Storm,#2 [2] - Bullet,bullet,2,0,1,700000382,51030,1,1,0.0,0.0,0.0,0.0,0.0,35.0,0.0,0.0,0.0,0.0,0.0,0.0,0.0
8520000,Horned Warrior's Greatsword,Horned Warrior's Greatsword,1963,5540,Horn Calling: Storm,Horn Calling: Storm #3 [1],,Horn Calling: Storm,#3 [1],direct,1,0,1,700000385,-1,1,1,103.0,103.0,103.0,103.0,103.0,0.0,0.0,0.0,0.0,35.0,75.0,75.0,13.0
8520000,Horned Warrior's Greatsword,Horned Warrior's Greatsword,1964,5540,Horn Calling: Storm,Horn Calling: Storm #3 [1] - Bullet,,Horn Calling: Storm,#3 [1] - Bullet,bullet,1,0,1,700000387,51030,1,1,0.0,0.0,0.0,0.0,0.0,35.0,0.0,0.0,0.0,0.0,0.0,0.0,0.0
8520000,Horned Warrior's Greatsword,Horned Warrior's Greatsword,1965,5540,Horn Calling: Storm,Horn Calling: Storm #3 [2],,Horn Calling: Storm,#3 [2],direct,2,0,1,700000386,-1,1,1,104.0,104.0,104.0,104.0,104.0,0.0,0.0,0.0,0.0,35.0,100.0,100.0,20.0
8520000,Horned Warrior's Greatsword,Horned Warrior's Greatsword,1966,5540,Horn Calling: Storm,Horn Calling: Storm #3 [2] - Bullet,,Horn Calling: Storm,#3 [2] - Bullet,bullet,2,0,1,700000388,51030,1,1,0.0,0.0,0.0,0.0,0.0,35.0,0.0,0.0,0.0,0.0,0.0,0.0,0.0
8520000,Horned Warrior's Greatsword,Horned Warrior's Greatsword,1967,5540,Horn Calling: Storm,Horn Calling: Storm #1 [1] (Lacking FP),,Horn Calling: Storm,#1 [1],direct,1,1,1,700000376,-1,1,0,50.0,50.0,50.0,50.0,50.0,0.0,0.0,0.0,0.0,0.0,75.0,75.0,13.0
8520000,Horned Warrior's Greatsword,Horned Warrior's Greatsword,1968,5540,Horn Calling: Storm,Horn Calling: Storm #1 [2] (Lacking FP),,Horn Calling: Storm,#1 [2],direct,2,1,1,700000377,-1,1,0,50.0,50.0,50.0,50.0,50.0,0.0,0.0,0.0,0.0,0.0,75.0,75.0,13.0
8520000,Horned Warrior's Greatsword,Horned Warrior's Greatsword,1969,5540,Horn Calling: Storm,Horn Calling: Storm #2 [1] (Lacking FP),,Horn Calling: Storm,#2 [1],direct,1,1,1,700000383,-1,1,0,50.0,50.0,50.0,50.0,50.0,0.0,0.0,0.0,0.0,0.0,75.0,75.0,13.0
8520000,Horned Warrior's Greatsword,Horned Warrior's Greatsword,1970,5540,Horn Calling: Storm,Horn Calling: Storm #2 [2] (Lacking FP),,Horn Calling: Storm,#2 [2],direct,2,1,1,700000384,-1,1,0,50.0,50.0,50.0,50.0,50.0,0.0,0.0,0.0,0.0,0.0,100.0,100.0,13.0
8520000,Horned Warrior's Greatsword,Horned Warrior's Greatsword,1971,5540,Horn Calling: Storm,Horn Calling: Storm #3 [1] (Lacking FP),,Horn Calling: Storm,#3 [1],direct,1,1,1,700000389,-1,1,0,50.0,50.0,50.0,50.0,50.0,0.0,0.0,0.0,0.0,0.0,75.0,75.0,13.0
8520000,Horned Warrior's Greatsword,Horned Warrior's Greatsword,1972,5540,Horn Calling: Storm,Horn Calling: Storm #3 [2] (Lacking FP),,Horn Calling: Storm,#3 [2],direct,2,1,1,700000390,-1,1,0,50.0,50.0,50.0,50.0,50.0,0.0,0.0,0.0,0.0,0.0,100.0,100.0,20.0
9020000,Hand of Malenia,Hand of Malenia,2043,1028,Waterfowl Dance,Waterfowl Dance #1 [1],,Waterfowl Dance,#1 [1],direct,1,0,1,300900205,-1,1,0,70.0,70.0,70.0,70.0,70.0,0.0,0.0,0.0,0.0,0.0,50.0,50.0,14.0
9020000,Hand of Malenia,Hand of Malenia,2044,1028,Waterfowl Dance,Waterfowl Dance #1 [2],,Waterfowl Dance,#1 [2],direct,2,0,1,300900206,-1,1,0,70.0,70.0,70.0,70.0,70.0,0.0,0.0,0.0,0.0,0.0,50.0,50.0,14.0
9020000,Hand of Malenia,Hand of Malenia,2045,1028,Waterfowl Dance,Waterfowl Dance #1 [3],,Waterfowl Dance,#1 [3],direct,3,0,1,300900207,-1,1,0,70.0,70.0,70.0,70.0,70.0,0.0,0.0,0.0,0.0,0.0,50.0,50.0,14.0
9020000,Hand of Malenia,Hand of Malenia,2046,1028,Waterfowl Dance,Waterfowl Dance #1 [4],,Waterfowl Dance,#1 [4],direct,4,0,1,300900208,-1,1,0,85.0,85.0,85.0,85.0,85.0,0.0,0.0,0.0,0.0,0.0,50.0,50.0,14.0
9020000,Hand of Malenia,Hand of Malenia,2047,1028,Waterfowl Dance,Waterfowl Dance #2 [1],,Waterfowl Dance,#2 [1],direct,1,0,1,300900209,-1,1,0,100.0,100.0,100.0,100.0,100.0,0.0,0.0,0.0,0.0,0.0,50.0,50.0,14.0
9020000,Hand of Malenia,Hand of Malenia,2048,1028,Waterfowl Dance,Waterfowl Dance #2 [2],,Waterfowl Dance,#2 [2],direct,2,0,1,300900210,-1,1,0,150.0,150.0,150.0,150.0,150.0,0.0,0.0,0.0,0.0,0.0,50.0,50.0,14.0
9020000,Hand of Malenia,Hand of Malenia,2049,1028,Waterfowl Dance,Waterfowl Dance #3 [1],,Waterfowl Dance,#3 [1],direct,1,0,1,300900211,-1,1,0,80.0,80.0,80.0,80.0,80.0,0.0,0.0,0.0,0.0,0.0,50.0,50.0,14.0
9020000,Hand of Malenia,Hand of Malenia,2050,1028,Waterfowl Dance,Waterfowl Dance #3 [2],,Waterfowl Dance,#3 [2],direct,2,0,1,300900212,-1,1,0,80.0,80.0,80.0,80.0,80.0,0.0,0.0,0.0,0.0,0.0,50.0,50.0,14.0
9020000,Hand of Malenia,Hand of Malenia,2051,1028,Waterfowl Dance,Waterfowl Dance #3 [3],,Waterfowl Dance,#3 [3],direct,3,0,1,300900213,-1,1,0,130.0,130.0,130.0,130.0,130.0,0.0,0.0,0.0,0.0,0.0,50.0,50.0,18.0
9020000,Hand of Malenia,Hand of Malenia,2052,1028,Waterfowl Dance,Waterfowl Dance #3 [4],,Waterfowl Dance,#3 [4],direct,4,0,1,300900201,-1,1,0,100.0,100.0,100.0,100.0,100.0,0.0,0.0,0.0,0.0,0.0,50.0,50.0,0.0
9020000,Hand of Malenia,Hand of Malenia,2053,1028,Waterfowl Dance,Waterfowl Dance #1 [1] (Lacking FP),,Waterfowl Dance,#1 [1],direct,1,1,1,300900214,-1,1,0,40.0,40.0,40.0,40.0,40.0,0.0,0.0,0.0,0.0,0.0,50.0,50.0,14.0
9020000,Hand of Malenia,Hand of Malenia,2054,1028,Waterfowl Dance,Waterfowl Dance #1 [2] (Lacking FP),,Waterfowl Dance,#1 [2],direct,2,1,1,300900215,-1,1,0,40.0,40.0,40.0,40.0,40.0,0.0,0.0,0.0,0.0,0.0,50.0,50.0,14.0
9020000,Hand of Malenia,Hand of Malenia,2055,1028,Waterfowl Dance,Waterfowl Dance #1 [3] (Lacking FP),,Waterfowl Dance,#1 [3],direct,3,1,1,300900216,-1,1,0,40.0,40.0,40.0,40.0,40.0,0.0,0.0,0.0,0.0,0.0,50.0,50.0,14.0
9020000,Hand of Malenia,Hand of Malenia,2056,1028,Waterfowl Dance,Waterfowl Dance #1 [4] (Lacking FP),,Waterfowl Dance,#1 [4],direct,4,1,1,300900217,-1,1,0,65.0,65.0,65.0,65.0,65.0,0.0,0.0,0.0,0.0,0.0,50.0,50.0,14.0
9020000,Hand of Malenia,Hand of Malenia,2057,1028,Waterfowl Dance,Waterfowl Dance #2 [1] (Lacking FP),,Waterfowl Dance,#2 [1],direct,1,1,1,300900218,-1,1,0,60.0,60.0,60.0,60.0,60.0,0.0,0.0,0.0,0.0,0.0,50.0,50.0,14.0
9020000,Hand of Malenia,Hand of Malenia,2058,1028,Waterfowl Dance,Waterfowl Dance #2 [2] (Lacking FP),,Waterfowl Dance,#2 [2],direct,2,1,1,300900219,-1,1,0,75.0,75.0,75.0,75.0,75.0,0.0,0.0,0.0,0.0,0.0,50.0,50.0,14.0
9020000,Hand of Malenia,Hand of Malenia,2059,1028,Waterfowl Dance,Waterfowl Dance #3 [1] (Lacking FP),,Waterfowl Dance,#3 [1],direct,1,1,1,300900220,-1,1,0,45.0,45.0,45.0,45.0,45.0,0.0,0.0,0.0,0.0,0.0,50.0,50.0,14.0
9020000,Hand of Malenia,Hand of Malenia,2060,1028,Waterfowl Dance,Waterfowl Dance #3 [2] (Lacking FP),,Waterfowl Dance,#3 [2],direct,2,1,1,300900221,-1,1,0,45.0,45.0,45.0,45.0,45.0,0.0,0.0,0.0,0.0,0.0,50.0,50.0,14.0
9020000,Hand of Malenia,Hand of Malenia,2061,1028,Waterfowl Dance,Waterfowl Dance #3 [3] (Lacking FP),,Waterfowl Dance,#3 [3],direct,3,1,1,300900222,-1,1,0,70.0,70.0,70.0,70.0,70.0,0.0,0.0,0.0,0.0,0.0,50.0,50.0,18.0
9040000,Rivers of Blood,Rivers of Blood,2008,1177,Corpse Piler,Corpse Piler #1 [1],,Corpse Piler,#1 [1],direct,1,0,1,303400300,-1,1,0,96.0,96.0,96.0,96.0,96.0,0.0,0.0,0.0,0.0,0.0,62.0,75.0,14.0
9040000,Rivers of Blood,Rivers of Blood,2009,1177,Corpse Piler,Corpse Piler #1 [1] - Blood Extension,,Corpse Piler,#1 [1] - Blood Extension,direct,1,0,1,303400320,-1,1,0,66.0,66.0,66.0,66.0,66.0,0.0,0.0,0.0,0.0,0.0,40.0,75.0,0.0
9040000,Rivers of Blood,Rivers of Blood,2010,1177,Corpse Piler,Corpse Piler #1 [2],,Corpse Piler,#1 [2],direct,2,0,1,303400301,-1,1,0,99.0,99.0,99.0,99.0,99.0,0.0,0.0,0.0,0.0,0.0,85.0,100.0,14.0
9040000,Rivers of Blood,Rivers of Blood,2011,1177,Corpse Piler,Corpse Piler #1 [2] - Blood Extension,,Corpse Piler,#1 [2] - Blood Extension,direct,2,0,1,303400321,-1,1,0,67.0,67.0,67.0,67.0,67.0,0.0,0.0,0.0,0.0,0.0,55.0,75.0,0.0
9040000,Rivers of Blood,Rivers of Blood,2012,1177,Corpse Piler,Corpse Piler #2 [1],,Corpse Piler,#2 [1],direct,1,0,1,303400302,-1,1,0,88.0,88.0,88.0,88.0,88.0,0.0,0.0,0.0,0.0,0.0,62.0,75.0,14.0
9040000,Rivers of Blood,Rivers of Blood,2013,1177,Corpse Piler,Corpse Piler #2 [1] - Blood Extension,,Corpse Piler,#2 [1] - Blood Extension,direct,1,0,1,303400322,-1,1,0,60.0,60.0,60.0,60.0,60.0,0.0,0.0,0.0,0.0,0.0,40.0,75.0,0.0
9040000,Rivers of Blood,Rivers of Blood,2014,1177,Corpse Piler,Corpse Piler #2 [2],,Corpse Piler,#2 [2],direct,2,0,1,303400303,-1,1,0,90.0,90.0,90.0,90.0,90.0,0.0,0.0,0.0,0.0,0.0,62.0,75.0,14.0
9040000,Rivers of Blood,Rivers of Blood,2015,1177,Corpse Piler,Corpse Piler #2 [2] - Blood Extension,,Corpse Piler,#2 [2] - Blood Extension,direct,2,0,1,303400323,-1,1,0,61.0,61.0,61.0,61.0,61.0,0.0,0.0,0.0,0.0,0.0,40.0,75.0,0.0
9040000,Rivers of Blood,Rivers of Blood,2016,1177,Corpse Piler,Corpse Piler #2 [3],,Corpse Piler,#2 [3],direct,3,0,1,303400304,-1,1,0,108.0,108.0,108.0,108.0,108.0,0.0,0.0,0.0,0.0,0.0,85.0,100.0,14.0
9040000,Rivers of Blood,Rivers of Blood,2017,1177,Corpse Piler,Corpse Piler #2 [3] - Blood Extension,,Corpse Piler,#2 [3] - Blood Extension,direct,3,0,1,303400324,-1,1,0,72.0,72.0,72.0,72.0,72.0,0.0,0.0,0.0,0.0,0.0,55.0,100.0,0.0
9040000,Rivers of Blood,Rivers of Blood,2018,1177,Corpse Piler,Corpse Piler #3,,Corpse Piler,#3,direct,3,0,1,303400305,-1,1,0,155.0,155.0,155.0,155.0,155.0,0.0,0.0,0.0,0.0,0.0,85.0,100.0,21.0
9040000,Rivers of Blood,Rivers of Blood,2019,1177,Corpse Piler,Corpse Piler #3 - Blood Extension,,Corpse Piler,#3 - Blood Extension,direct,3,0,1,303400325,-1,1,0,105.0,105.0,105.0,105.0,105.0,0.0,0.0,0.0,0.0,0.0,55.0,100.0,0.0
9040000,Rivers of Blood,Rivers of Blood,2020,1177,Corpse Piler,Corpse Piler #1 [1] (Lacking FP),,Corpse Piler,#1 [1],direct,1,1,1,303400310,-1,1,0,65.0,65.0,65.0,65.0,65.0,0.0,0.0,0.0,0.0,0.0,51.0,75.0,14.0
9040000,Rivers of Blood,Rivers of Blood,2021,1177,Corpse Piler,Corpse Piler #1 [2] (Lacking FP),,Corpse Piler,#1 [2],direct,2,1,1,303400311,-1,1,0,70.0,70.0,70.0,70.0,70.0,0.0,0.0,0.0,0.0,0.0,70.0,75.0,14.0
9040000,Rivers of Blood,Rivers of Blood,2022,1177,Corpse Piler,Corpse Piler #2 [1] (Lacking FP),,Corpse Piler,#2 [1],direct,1,1,1,303400312,-1,1,0,68.0,68.0,68.0,68.0,68.0,0.0,0.0,0.0,0.0,0.0,51.0,75.0,14.0
9040000,Rivers of Blood,Rivers of Blood,2023,1177,Corpse Piler,Corpse Piler #2 [2] (Lacking FP),,Corpse Piler,#2 [2],direct,2,1,1,303400313,-1,1,0,70.0,70.0,70.0,70.0,70.0,0.0,0.0,0.0,0.0,0.0,51.0,75.0,14.0
9040000,Rivers of Blood,Rivers of Blood,2024,1177,Corpse Piler,Corpse Piler #2 [3] (Lacking FP),,Corpse Piler,#2 [3],direct,3,1,1,303400314,-1,1,0,75.0,75.0,75.0,75.0,75.0,0.0,0.0,0.0,0.0,0.0,70.0,75.0,14.0
9040000,Rivers of Blood,Rivers of Blood,2025,1177,Corpse Piler,Corpse Piler #3 (Lacking FP),,Corpse Piler,#3,direct,3,1,1,303400315,-1,1,0,90.0,90.0,90.0,90.0,90.0,0.0,0.0,0.0,0.0,0.0,70.0,100.0,21.0
9060000,Moonveil,Moonveil,1990,1178,Transient Moonlight,Transient Moonlight R1,,Transient Moonlight,R1,direct,1,0,1,303400101,-1,1,0,50.0,50.0,50.0,50.0,50.0,0.0,0.0,0.0,0.0,0.0,100.0,100.0,32.0
9060000,Moonveil,Moonveil,1991,1178,Transient Moonlight,Transient Moonlight R1 - Bullet,,Transient Moonlight,R1 - Bullet,bullet,1,0,1,303400100,-1,1,1,0.0,0.0,0.0,0.0,0.0,0.0,140.0,0.0,0.0,0.0,0.0,0.0,0.0
9060000,Moonveil,Moonveil,1992,1178,Transient Moonlight,Transient Moonlight R2,,Transient Moonlight,R2,direct,2,0,1,303400106,-1,1,0,55.0,55.0,55.0,55.0,55.0,0.0,0.0,0.0,0.0,0.0,100.0,100.0,32.0
9060000,Moonveil,Moonveil,1993,1178,Transient Moonlight,Transient Moonlight R2 - Bullet,,Transient Moonlight,R2 - Bullet,bullet,2,0,1,303400105,-1,1,1,0.0,0.0,0.0,0.0,0.0,0.0,155.0,0.0,0.0,0.0,0.0,0.0,0.0
9060000,Moonveil,Moonveil,1994,1178,Transient Moonlight,Transient Moonlight R1 (Lacking FP),,Transient Moonlight,R1,direct,1,1,1,300000561,-1,1,0,115.0,115.0,115.0,115.0,115.0,0.0,0.0,0.0,0.0,0.0,100.0,100.0,25.0
9060000,Moonveil,Moonveil,1995,1178,Transient Moonlight,Transient Moonlight R2 (Lacking FP),,Transient Moonlight,R2,direct,2,1,1,300000566,-1,1,0,135.0,135.0,135.0,135.0,135.0,0.0,0.0,0.0,0.0,0.0,100.0,100.0,42.0
9070000,Dragonscale Blade,Dragonscale Blade,2026,1043,Ice Lightning Sword,Ice Lightning Sword - Stomp Lightning,,Ice Lightning Sword,Stomp Lightning,direct,1,0,1,300900114,-1,1,1,0.0,0.0,0.0,0.0,0.0,0.0,0.0,0.0,30.0,0.0,0.0,0.0,10.0
9070000,Dragonscale Blade,Dragonscale Blade,2027,1043,Ice Lightning Sword,Ice Lightning Sword,,Ice Lightning Sword,base,direct,1,0,1,300900100,-1,1,0,207.0,207.0,207.0,207.0,207.0,0.0,0.0,0.0,0.0,0.0,100.0,100.0,15.0
9070000,Dragonscale Blade,Dragonscale Blade,2028,1043,Ice Lightning Sword,Ice Lightning Sword - Bullet,,Ice Lightning Sword,Bullet,bullet,1,0,1,30090011,1001,0,0,100.0,100.0,100.0,166.0,100.0,0.0,0.0,0.0,149.0,0.0,0.0,100.0,0.0
9070000,Dragonscale Blade,Dragonscale Blade,2029,1043,Ice Lightning Sword,Ice Lightning Sword - Bullet (Water AoE),,Ice Lightning Sword,Bullet (Water AoE),bullet,1,0,1,30090012,1001,0,0,50.0,50.0,50.0,109.0,50.0,0.0,0.0,0.0,69.0,0.0,0.0,100.0,0.0
9070000,Dragonscale Blade,Dragonscale Blade,2030,1043,Ice Lightning Sword,Ice Lightning Sword (Lacking FP),,Ice Lightning Sword,base,direct,1,1,1,300900113,-1,1,0,110.0,110.0,110.0,110.0,110.0,0.0,0.0,0.0,0.0,0.0,100.0,100.0,25.0
9500000,Sword of Night,Sword of Night,1996,5260,Witching Hour Slash,Witching Hour Slash [1],,Witching Hour Slash,[1],direct,1,0,1,700000270,-1,1,0,85.0,85.0,85.0,85.0,85.0,0.0,0.0,0.0,0.0,0.0,100.0,100.0,9.0
9500000,Sword of Night,Sword of Night,1997,5260,Witching Hour Slash,Witching Hour Slash [2],,Witching Hour Slash,[2],direct,2,0,1,700000271,-1,1,0,86.0,86.0,86.0,86.0,86.0,0.0,0.0,0.0,0.0,0.0,100.0,100.0,9.0
9500000,Sword of Night,Sword of Night,1998,5260,Witching Hour Slash,Witching Hour Slash [3],,Witching Hour Slash,[3],direct,3,0,1,700000272,-1,1,0,90.0,90.0,90.0,90.0,90.0,0.0,0.0,0.0,0.0,0.0,100.0,100.0,9.0
9500000,Sword of Night,Sword of Night,1999,5260,Witching Hour Slash,Witching Hour Slash Charged [1],,Witching Hour Slash,Charged [1],charged,1,0,1,700000273,-1,1,0,97.0,97.0,97.0,97.0,97.0,0.0,0.0,0.0,0.0,0.0,100.0,100.0,12.0
9500000,Sword of Night,Sword of Night,2000,5260,Witching Hour Slash,Witching Hour Slash Charged [2],,Witching Hour Slash,Charged [2],charged,2,0,1,700000274,-1,1,0,98.0,98.0,98.0,98.0,98.0,0.0,0.0,0.0,0.0,0.0,100.0,100.0,12.0
9500000,Sword of Night,Sword of Night,2001,5260,Witching Hour Slash,Witching Hour Slash Charged [3],,Witching Hour Slash,Charged [3],charged,3,0,1,700000275,-1,1,0,116.0,116.0,116.0,116.0,116.0,0.0,0.0,0.0,0.0,0.0,100.0,100.0,12.0
9500000,Sword of Night,Sword of Night,2002,5260,Witching Hour Slash,Witching Hour Slash [1] (Lacking FP),,Witching Hour Slash,[1],direct,1,1,1,700000276,-1,1,0,50.0,50.0,50.0,50.0,50.0,0.0,0.0,0.0,0.0,0.0,100.0,100.0,9.0
9500000,Sword of Night,Sword of Night,2003,5260,Witching Hour Slash,Witching Hour Slash [2] (Lacking FP),,Witching Hour Slash,[2],direct,2,1,1,700000277,-1,1,0,50.0,50.0,50.0,50.0,50.0,0.0,0.0,0.0,0.0,0.0,100.0,100.0,9.0
9500000,Sword of Night,Sword of Night,2004,5260,Witching Hour Slash,Witching Hour Slash [3] (Lacking FP),,Witching Hour Slash,[3],direct,3,1,1,700000278,-1,1,0,60.0,60.0,60.0,60.0,60.0,0.0,0.0,0.0,0.0,0.0,100.0,100.0,9.0
9500000,Sword of Night,Sword of Night,2005,5260,Witching Hour Slash,Witching Hour Slash Charged [1] (Lacking FP),,Witching Hour Slash,Charged [1],charged,1,1,1,700000279,-1,1,0,60.0,60.0,60.0,60.0,60.0,0.0,0.0,0.0,0.0,0.0,100.0,100.0,12.0
9500000,Sword of Night,Sword of Night,2006,5260,Witching Hour Slash,Witching Hour Slash Charged [2] (Lacking FP),,Witching Hour Slash,Charged [2],charged,2,1,1,700000280,-1,1,0,60.0,60.0,60.0,60.0,60.0,0.0,0.0,0.0,0.0,0.0,100.0,100.0,12.0
9500000,Sword of Night,Sword of Night,2007,5260,Witching Hour Slash,Witching Hour Slash Charged [3] (Lacking FP),,Witching Hour Slash,Charged [3],charged,3,1,1,700000281,-1,1,0,70.0,70.0,70.0,70.0,70.0,0.0,0.0,0.0,0.0,0.0,100.0,100.0,12.0
10050000,Eleonora's Poleblade,Eleonora's Poleblade,2079,1179,Bloodblade Dance,Bloodblade Dance #1 [1],,Bloodblade Dance,#1 [1],direct,1,0,1,301005906,-1,1,0,50.0,50.0,50.0,50.0,50.0,0.0,0.0,0.0,0.0,0.0,30.0,50.0,4.0
10050000,Eleonora's Poleblade,Eleonora's Poleblade,2080,1179,Bloodblade Dance,Bloodblade Dance #1 [2],,Bloodblade Dance,#1 [2],direct,2,0,1,301005905,-1,1,0,49.0,49.0,49.0,49.0,49.0,0.0,0.0,0.0,0.0,0.0,30.0,50.0,4.0
10050000,Eleonora's Poleblade,Eleonora's Poleblade,2081,1179,Bloodblade Dance,Bloodblade Dance #1 [3],,Bloodblade Dance,#1 [3],direct,3,0,0,301005910,-1,1,0,0.0,0.0,0.0,0.0,0.0,0.0,0.0,0.0,0.0,0.0,0.0,0.0,0.0
10050000,Eleonora's Poleblade,Eleonora's Poleblade,2082,1179,Bloodblade Dance,Bloodblade Dance #1 [4],,Bloodblade Dance,#1 [4],direct,4,0,1,301005900,-1,1,0,70.0,70.0,70.0,70.0,70.0,0.0,0.0,0.0,0.0,0.0,50.0,50.0,5.0
10050000,Eleonora's Poleblade,Eleonora's Poleblade,2083,1179,Bloodblade Dance,Bloodblade Dance #1 [5],,Bloodblade Dance,#1 [5],direct,5,0,1,301005901,-1,1,0,70.0,70.0,70.0,70.0,70.0,0.0,0.0,0.0,0.0,0.0,50.0,50.0,5.0
10050000,Eleonora's Poleblade,Eleonora's Poleblade,2084,1179,Bloodblade Dance,Bloodblade Dance #1 [6],,Bloodblade Dance,#1 [6],direct,6,0,0,301005910,-1,1,0,0.0,0.0,0.0,0.0,0.0,0.0,0.0,0.0,0.0,0.0,0.0,0.0,0.0
10050000,Eleonora's Poleblade,Eleonora's Poleblade,2085,1179,Bloodblade Dance,Bloodblade Dance #1 [7],,Bloodblade Dance,#1 [7],direct,7,0,1,301005902,-1,1,0,70.0,70.0,70.0,70.0,70.0,0.0,0.0,0.0,0.0,0.0,50.0,50.0,7.0
10050000,Eleonora's Poleblade,Eleonora's Poleblade,2086,1179,Bloodblade Dance,Bloodblade Dance #1 [8],,Bloodblade Dance,#1 [8],direct,8,0,1,301005903,-1,1,0,70.0,70.0,70.0,70.0,70.0,0.0,0.0,0.0,0.0,0.0,50.0,50.0,7.0
10050000,Eleonora's Poleblade,Eleonora's Poleblade,2087,1179,Bloodblade Dance,Bloodblade Dance #1 [9],,Bloodblade Dance,#1 [9],direct,9,0,1,301005904,-1,1,0,100.0,100.0,100.0,100.0,100.0,0.0,0.0,0.0,0.0,0.0,50.0,50.0,11.0
10050000,Eleonora's Poleblade,Eleonora's Poleblade,2088,1179,Bloodblade Dance,Bloodblade Dance #2 [1],,Bloodblade Dance,#2 [1],direct,1,0,0,301005910,-1,1,0,0.0,0.0,0.0,0.0,0.0,0.0,0.0,0.0,0.0,0.0,0.0,0.0,0.0
10050000,Eleonora's Poleblade,Eleonora's Poleblade,2089,1179,Bloodblade Dance,Bloodblade Dance #2 [2],,Bloodblade Dance,#2 [2],direct,2,0,1,301005920,-1,1,0,80.0,80.0,80.0,80.0,80.0,0.0,0.0,0.0,0.0,0.0,50.0,50.0,13.0
10050000,Eleonora's Poleblade,Eleonora's Poleblade,2090,1179,Bloodblade Dance,Bloodblade Dance #2 [3],,Bloodblade Dance,#2 [3],direct,3,0,1,301005921,-1,1,0,120.0,120.0,120.0,120.0,120.0,0.0,0.0,0.0,0.0,0.0,50.0,50.0,15.0
10050000,Eleonora's Poleblade,Eleonora's Poleblade,2091,1179,Bloodblade Dance,Bloodblade Dance #1 [1] (Lacking FP),,Bloodblade Dance,#1 [1],direct,1,1,1,301005920,-1,1,0,80.0,80.0,80.0,80.0,80.0,0.0,0.0,0.0,0.0,0.0,50.0,50.0,13.0
10050000,Eleonora's Poleblade,Eleonora's Poleblade,2092,1179,Bloodblade Dance,Bloodblade Dance #1 [2] (Lacking FP),,Bloodblade Dance,#1 [2],direct,2,1,1,301005921,-1,1,0,120.0,120.0,120.0,120.0,120.0,0.0,0.0,0.0,0.0,0.0,50.0,50.0,15.0
10050000,Eleonora's Poleblade,Eleonora's Poleblade,2093,1179,Bloodblade Dance,Bloodblade Dance #1 [3] (Lacking FP),,Bloodblade Dance,#1 [3],direct,3,1,0,301005910,-1,1,0,0.0,0.0,0.0,0.0,0.0,0.0,0.0,0.0,0.0,0.0,0.0,0.0,0.0
10050000,Eleonora's Poleblade,Eleonora's Poleblade,2094,1179,Bloodblade Dance,Bloodblade Dance #1 [4] (Lacking FP),,Bloodblade Dance,#1 [4],direct,4,1,1,301005915,-1,1,0,50.0,50.0,50.0,50.0,50.0,0.0,0.0,0.0,0.0,0.0,25.0,25.0,7.0
10050000,Eleonora's Poleblade,Eleonora's Poleblade,2095,1179,Bloodblade Dance,Bloodblade Dance #1 [5] (Lacking FP),,Bloodblade Dance,#1 [5],direct,5,1,1,301005916,-1,1,0,50.0,50.0,50.0,50.0,50.0,0.0,0.0,0.0,0.0,0.0,25.0,25.0,7.0
10050000,Eleonora's Poleblade,Eleonora's Poleblade,2096,1179,Bloodblade Dance,Bloodblade Dance #1 [6] (Lacking FP),,Bloodblade Dance,#1 [6],direct,6,1,0,301005910,-1,1,0,0.0,0.0,0.0,0.0,0.0,0.0,0.0,0.0,0.0,0.0,0.0,0.0,0.0
10050000,Eleonora's Poleblade,Eleonora's Poleblade,2097,1179,Bloodblade Dance,Bloodblade Dance #1 [7] (Lacking FP),,Bloodblade Dance,#1 [7],direct,7,1,1,301005917,-1,1,0,50.0,50.0,50.0,50.0,50.0,0.0,0.0,0.0,0.0,0.0,25.0,25.0,9.0
10050000,Eleonora's Poleblade,Eleonora's Poleblade,2098,1179,Bloodblade Dance,Bloodblade Dance #1 [8] (Lacking FP),,Bloodblade Dance,#1 [8],direct,8,1,1,301005918,-1,1,0,50.0,50.0,50.0,50.0,50.0,0.0,0.0,0.0,0.0,0.0,25.0,25.0,9.0
10050000,Eleonora's Poleblade,Eleonora's Poleblade,2099,1179,Bloodblade Dance,Bloodblade Dance #1 [9] (Lacking FP),,Bloodblade Dance,#1 [9],direct,9,1,1,301005919,-1,1,0,100.0,100.0,100.0,100.0,100.0,0.0,0.0,0.0,0.0,0.0,25.0,25.0,13.0
10050000,Eleonora's Poleblade,Eleonora's Poleblade,2100,1179,Bloodblade Dance,Bloodblade Dance #2 [1] (Lacking FP),,Bloodblade Dance,#2 [1],direct,1,1,0,301005910,-1,1,0,0.0,0.0,0.0,0.0,0.0,0.0,0.0,0.0,0.0,0.0,0.0,0.0,0.0
10050000,Eleonora's Poleblade,Eleonora's Poleblade,2101,1179,Bloodblade Dance,Bloodblade Dance #2 [2] (Lacking FP),,Bloodblade Dance,#2 [2],direct,2,1,1,301005925,-1,1,0,50.0,50.0,50.0,50.0,50.0,0.0,0.0,0.0,0.0,0.0,25.0,25.0,13.0
10050000,Eleonora's Poleblade,Eleonora's Poleblade,2102,1179,Bloodblade Dance,Bloodblade Dance #2 [3] (Lacking FP),,Bloodblade Dance,#2 [3],direct,3,1,1,301005926,-1,1,0,100.0,100.0,100.0,100.0,100.0,0.0,0.0,0.0,0.0,0.0,25.0,25.0,15.0
10500000,Euporia,Euporia,2103,5270,Euporia Vortex,Euporia Vortex [1],,Euporia Vortex,[1],direct,1,0,1,600000790,-1,1,0,70.0,70.0,70.0,70.0,70.0,0.0,0.0,0.0,0.0,0.0,30.0,100.0,10.0
10500000,Euporia,Euporia,2104,5270,Euporia Vortex,Euporia Vortex [2],,Euporia Vortex,[2],direct,2,0,1,600000790,-1,1,0,70.0,70.0,70.0,70.0,70.0,0.0,0.0,0.0,0.0,0.0,30.0,100.0,10.0
10500000,Euporia,Euporia,2105,5270,Euporia Vortex,Euporia Vortex [3],,Euporia Vortex,[3],direct,3,0,1,600000790,-1,1,0,70.0,70.0,70.0,70.0,70.0,0.0,0.0,0.0,0.0,0.0,30.0,100.0,10.0
10500000,Euporia,Euporia,2106,5270,Euporia Vortex,Euporia Vortex [4],,Euporia Vortex,[4],direct,4,0,1,600000790,-1,1,0,70.0,70.0,70.0,70.0,70.0,0.0,0.0,0.0,0.0,0.0,30.0,100.0,10.0
10500000,Euporia,Euporia,2107,5270,Euporia Vortex,Euporia Vortex [5],,Euporia Vortex,[5],direct,5,0,1,600000790,-1,1,0,70.0,70.0,70.0,70.0,70.0,0.0,0.0,0.0,0.0,0.0,30.0,100.0,10.0
10500000,Euporia,Euporia,2108,5270,Euporia Vortex,[Luster Tier 1] Euporia Vortex - Bullet,Luster Tier 1,Euporia Vortex,Bullet,bullet,1,0,1,600000801,-1,1,1,0.0,0.0,0.0,0.0,0.0,0.0,0.0,0.0,0.0,41.0,100.0,100.0,0.0
10500000,Euporia,Euporia,2109,5270,Euporia Vortex,[Luster Tier 1] Euporia Vortex [1],Luster Tier 1,Euporia Vortex,[1],direct,1,0,1,600000792,-1,1,0,25.0,25.0,25.0,25.0,25.0,0.0,0.0,0.0,0.0,0.0,30.0,100.0,10.0
10500000,Euporia,Euporia,2110,5270,Euporia Vortex,[Luster Tier 1] Euporia Vortex - Bullet,Luster Tier 1,Euporia Vortex,Bullet,bullet,1,0,1,600000802,-1,1,1,0.0,0.0,0.0,0.0,0.0,0.0,0.0,0.0,0.0,41.0,100.0,100.0,0.0
10500000,Euporia,Euporia,2111,5270,Euporia Vortex,[Luster Tier 1] Euporia Vortex - Bullet,Luster Tier 1,Euporia Vortex,Bullet,bullet,1,0,1,600000801,-1,1,1,0.0,0.0,0.0,0.0,0.0,0.0,0.0,0.0,0.0,41.0,100.0,100.0,0.0
10500000,Euporia,Euporia,2112,5270,Euporia Vortex,[Luster Tier 1] Euporia Vortex [2],Luster Tier 1,Euporia Vortex,[2],direct,2,0,1,600000792,-1,1,0,25.0,25.0,25.0,25.0,25.0,0.0,0.0,0.0,0.0,0.0,30.0,100.0,10.0
10500000,Euporia,Euporia,2113,5270,Euporia Vortex,[Luster Tier 1] Euporia Vortex - Bullet,Luster Tier 1,Euporia Vortex,Bullet,bullet,1,0,1,600000802,-1,1,1,0.0,0.0,0.0,0.0,0.0,0.0,0.0,0.0,0.0,41.0,100.0,100.0,0.0
10500000,Euporia,Euporia,2114,5270,Euporia Vortex,[Luster Tier 1] Euporia Vortex - Bullet,Luster Tier 1,Euporia Vortex,Bullet,bullet,1,0,1,600000801,-1,1,1,0.0,0.0,0.0,0.0,0.0,0.0,0.0,0.0,0.0,41.0,100.0,100.0,0.0
10500000,Euporia,Euporia,2115,5270,Euporia Vortex,[Luster Tier 1] Euporia Vortex - Bullet,Luster Tier 1,Euporia Vortex,Bullet,bullet,1,0,1,600000802,-1,1,1,0.0,0.0,0.0,0.0,0.0,0.0,0.0,0.0,0.0,41.0,100.0,100.0,0.0
10500000,Euporia,Euporia,2116,5270,Euporia Vortex,[Luster Tier 1] Euporia Vortex [3],Luster Tier 1,Euporia Vortex,[3],direct,3,0,1,600000792,-1,1,0,25.0,25.0,25.0,25.0,25.0,0.0,0.0,0.0,0.0,0.0,30.0,100.0,10.0
10500000,Euporia,Euporia,2117,5270,Euporia Vortex,[Luster Tier 1] Euporia Vortex - Bullet,Luster Tier 1,Euporia Vortex,Bullet,bullet,1,0,1,600000801,-1,1,1,0.0,0.0,0.0,0.0,0.0,0.0,0.0,0.0,0.0,41.0,100.0,100.0,0.0
10500000,Euporia,Euporia,2118,5270,Euporia Vortex,[Luster Tier 1] Euporia Vortex - Bullet,Luster Tier 1,Euporia Vortex,Bullet,bullet,1,0,1,600000802,-1,1,1,0.0,0.0,0.0,0.0,0.0,0.0,0.0,0.0,0.0,41.0,100.0,100.0,0.0
10500000,Euporia,Euporia,2119,5270,Euporia Vortex,[Luster Tier 1] Euporia Vortex [4],Luster Tier 1,Euporia Vortex,[4],direct,4,0,1,600000792,-1,1,0,25.0,25.0,25.0,25.0,25.0,0.0,0.0,0.0,0.0,0.0,30.0,100.0,10.0
10500000,Euporia,Euporia,2120,5270,Euporia Vortex,[Luster Tier 1] Euporia Vortex - Bullet,Luster Tier 1,Euporia Vortex,Bullet,bullet,1,0,1,600000803,-1,1,1,0.0,0.0,0.0,0.0,0.0,0.0,0.0,0.0,0.0,45.0,100.0,100.0,0.0
10500000,Euporia,Euporia,2121,5270,Euporia Vortex,[Luster Tier 1] Euporia Vortex [5],Luster Tier 1,Euporia Vortex,[5],direct,5,0,1,600000792,-1,1,0,25.0,25.0,25.0,25.0,25.0,0.0,0.0,0.0,0.0,0.0,30.0,100.0,10.0
10500000,Euporia,Euporia,2122,5270,Euporia Vortex,[Luster Tier 2] Euporia Vortex [1],Luster Tier 2,Euporia Vortex,[1],direct,1,0,1,600000793,-1,1,0,35.0,35.0,35.0,35.0,35.0,0.0,0.0,0.0,0.0,0.0,30.0,50.0,10.0
10500000,Euporia,Euporia,2123,5270,Euporia Vortex,[Luster Tier 2] Euporia Vortex - Bullet,Luster Tier 2,Euporia Vortex,Bullet,bullet,1,0,1,600000811,-1,1,1,0.0,0.0,0.0,0.0,0.0,0.0,0.0,0.0,0.0,37.0,100.0,100.0,0.0
10500000,Euporia,Euporia,2124,5270,Euporia Vortex,[Luster Tier 2] Euporia Vortex - Bullet,Luster Tier 2,Euporia Vortex,Bullet,bullet,1,0,1,600000812,-1,1,1,0.0,0.0,0.0,0.0,0.0,0.0,0.0,0.0,0.0,37.0,100.0,100.0,0.0
10500000,Euporia,Euporia,2125,5270,Euporia Vortex,[Luster Tier 2] Euporia Vortex - Bullet,Luster Tier 2,Euporia Vortex,Bullet,bullet,1,0,1,600000811,-1,1,1,0.0,0.0,0.0,0.0,0.0,0.0,0.0,0.0,0.0,37.0,100.0,100.0,0.0
10500000,Euporia,Euporia,2126,5270,Euporia Vortex,[Luster Tier 2] Euporia Vortex [2],Luster Tier 2,Euporia Vortex,[2],direct,2,0,1,600000793,-1,1,0,35.0,35.0,35.0,35.0,35.0,0.0,0.0,0.0,0.0,0.0,30.0,50.0,10.0
10500000,Euporia,Euporia,2127,5270,Euporia Vortex,[Luster Tier 2] Euporia Vortex - Bullet,Luster Tier 2,Euporia Vortex,Bullet,bullet,1,0,1,600000812,-1,1,1,0.0,0.0,0.0,0.0,0.0,0.0,0.0,0.0,0.0,37.0,100.0,100.0,0.0
10500000,Euporia,Euporia,2128,5270,Euporia Vortex,[Luster Tier 2] Euporia Vortex - Bullet,Luster Tier 2,Euporia Vortex,Bullet,bullet,1,0,1,600000811,-1,1,1,0.0,0.0,0.0,0.0,0.0,0.0,0.0,0.0,0.0,37.0,100.0,100.0,0.0
10500000,Euporia,Euporia,2129,5270,Euporia Vortex,[Luster Tier 2] Euporia Vortex [3],Luster Tier 2,Euporia Vortex,[3],direct,3,0,1,600000793,-1,1,0,35.0,35.0,35.0,35.0,35.0,0.0,0.0,0.0,0.0,0.0,30.0,50.0,10.0
10500000,Euporia,Euporia,2130,5270,Euporia Vortex,[Luster Tier 2] Euporia Vortex - Bullet,Luster Tier 2,Euporia Vortex,Bullet,bullet,1,0,1,600000812,-1,1,1,0.0,0.0,0.0,0.0,0.0,0.0,0.0,0.0,0.0,37.0,100.0,100.0,0.0
10500000,Euporia,Euporia,2131,5270,Euporia Vortex,[Luster Tier 2] Euporia Vortex - Bullet,Luster Tier 2,Euporia Vortex,Bullet,bullet,1,0,1,600000811,-1,1,1,0.0,0.0,0.0,0.0,0.0,0.0,0.0,0.0,0.0,37.0,100.0,100.0,0.0
10500000,Euporia,Euporia,2132,5270,Euporia Vortex,[Luster Tier 2] Euporia Vortex [4],Luster Tier 2,Euporia Vortex,[4],direct,4,0,1,600000793,-1,1,0,35.0,35.0,35.0,35.0,35.0,0.0,0.0,0.0,0.0,0.0,30.0,50.0,10.0
10500000,Euporia,Euporia,2133,5270,Euporia Vortex,[Luster Tier 2] Euporia Vortex - Bullet,Luster Tier 2,Euporia Vortex,Bullet,bullet,1,0,1,600000812,-1,1,1,0.0,0.0,0.0,0.0,0.0,0.0,0.0,0.0,0.0,37.0,100.0,100.0,0.0
10500000,Euporia,Euporia,2134,5270,Euporia Vortex,[Luster Tier 2] Euporia Vortex - Bullet,Luster Tier 2,Euporia Vortex,Bullet,bullet,1,0,1,600000811,-1,1,1,0.0,0.0,0.0,0.0,0.0,0.0,0.0,0.0,0.0,37.0,100.0,100.0,0.0
10500000,Euporia,Euporia,2135,5270,Euporia Vortex,[Luster Tier 2] Euporia Vortex - Bullet,Luster Tier 2,Euporia Vortex,Bullet,bullet,1,0,1,600000812,-1,1,1,0.0,0.0,0.0,0.0,0.0,0.0,0.0,0.0,0.0,37.0,100.0,100.0,0.0
10500000,Euporia,Euporia,2136,5270,Euporia Vortex,[Luster Tier 2] Euporia Vortex [5],Luster Tier 2,Euporia Vortex,[5],direct,5,0,1,600000793,-1,1,0,35.0,35.0,35.0,35.0,35.0,0.0,0.0,0.0,0.0,0.0,30.0,50.0,10.0
10500000,Euporia,Euporia,2137,5270,Euporia Vortex,[Luster Tier 2] Euporia Vortex - Bullet,Luster Tier 2,Euporia Vortex,Bullet,bullet,1,0,1,600000811,-1,1,1,0.0,0.0,0.0,0.0,0.0,0.0,0.0,0.0,0.0,37.0,100.0,100.0,0.0
10500000,Euporia,Euporia,2138,5270,Euporia Vortex,[Luster Tier 2] Euporia Vortex - Bullet,Luster Tier 2,Euporia Vortex,Bullet,bullet,1,0,1,600000812,-1,1,1,0.0,0.0,0.0,0.0,0.0,0.0,0.0,0.0,0.0,37.0,100.0,100.0,0.0
10500000,Euporia,Euporia,2139,5270,Euporia Vortex,[Luster Tier 2] Euporia Vortex [6],Luster Tier 2,Euporia Vortex,[6],direct,6,0,1,600000793,-1,1,0,35.0,35.0,35.0,35.0,35.0,0.0,0.0,0.0,0.0,0.0,30.0,50.0,10.0
10500000,Euporia,Euporia,2140,5270,Euporia Vortex,[Luster Tier 2] Euporia Vortex - Bullet,Luster Tier 2,Euporia Vortex,Bullet,bullet,1,0,1,600000811,-1,1,1,0.0,0.0,0.0,0.0,0.0,0.0,0.0,0.0,0.0,37.0,100.0,100.0,0.0
10500000,Euporia,Euporia,2141,5270,Euporia Vortex,[Luster Tier 2] Euporia Vortex - Bullet,Luster Tier 2,Euporia Vortex,Bullet,bullet,1,0,1,600000812,-1,1,1,0.0,0.0,0.0,0.0,0.0,0.0,0.0,0.0,0.0,37.0,100.0,100.0,0.0
10500000,Euporia,Euporia,2142,5270,Euporia Vortex,[Luster Tier 2] Euporia Vortex [7],Luster Tier 2,Euporia Vortex,[7],direct,7,0,1,600000793,-1,1,0,35.0,35.0,35.0,35.0,35.0,0.0,0.0,0.0,0.0,0.0,30.0,50.0,10.0
10500000,Euporia,Euporia,2143,5270,Euporia Vortex,[Luster Tier 2] Euporia Vortex - Bullet,Luster Tier 2,Euporia Vortex,Bullet,bullet,1,0,1,600000811,-1,1,1,0.0,0.0,0.0,0.0,0.0,0.0,0.0,0.0,0.0,37.0,100.0,100.0,0.0
10500000,Euporia,Euporia,2144,5270,Euporia Vortex,[Luster Tier 2] Euporia Vortex - Bullet,Luster Tier 2,Euporia Vortex,Bullet,bullet,1,0,1,600000812,-1,1,1,0.0,0.0,0.0,0.0,0.0,0.0,0.0,0.0,0.0,37.0,100.0,100.0,0.0
10500000,Euporia,Euporia,2145,5270,Euporia Vortex,[Luster Tier 2] Euporia Vortex - Bullet,Luster Tier 2,Euporia Vortex,Bullet,bullet,1,0,1,600000811,-1,1,1,0.0,0.0,0.0,0.0,0.0,0.0,0.0,0.0,0.0,37.0,100.0,100.0,0.0
10500000,Euporia,Euporia,2146,5270,Euporia Vortex,[Luster Tier 2] Euporia Vortex [8],Luster Tier 2,Euporia Vortex,[8],direct,8,0,1,600000793,-1,1,0,35.0,35.0,35.0,35.0,35.0,0.0,0.0,0.0,0.0,0.0,30.0,50.0,10.0
10500000,Euporia,Euporia,2147,5270,Euporia Vortex,[Luster Tier 2] Euporia Vortex - Bullet,Luster Tier 2,Euporia Vortex,Bullet,bullet,1,0,1,600000812,-1,1,1,0.0,0.0,0.0,0.0,0.0,0.0,0.0,0.0,0.0,37.0,100.0,100.0,0.0
10500000,Euporia,Euporia,2148,5270,Euporia Vortex,[Luster Tier 2] Euporia Vortex - Bullet,Luster Tier 2,Euporia Vortex,Bullet,bullet,1,0,1,600000811,-1,1,1,0.0,0.0,0.0,0.0,0.0,0.0,0.0,0.0,0.0,37.0,100.0,100.0,0.0
10500000,Euporia,Euporia,2149,5270,Euporia Vortex,[Luster Tier 2] Euporia Vortex [9],Luster Tier 2,Euporia Vortex,[9],direct,9,0,1,600000793,-1,1,0,35.0,35.0,35.0,35.0,35.0,0.0,0.0,0.0,0.0,0.0,30.0,50.0,10.0
10500000,Euporia,Euporia,2150,5270,Euporia Vortex,[Luster Tier 2] Euporia Vortex - Bullet,Luster Tier 2,Euporia Vortex,Bullet,bullet,1,0,1,600000812,-1,1,1,0.0,0.0,0.0,0.0,0.0,0.0,0.0,0.0,0.0,37.0,100.0,100.0,0.0
10500000,Euporia,Euporia,2151,5270,Euporia Vortex,[Luster Tier 2] Euporia Vortex - Bullet,Luster Tier 2,Euporia Vortex,Bullet,bullet,1,0,1,600000811,-1,1,1,0.0,0.0,0.0,0.0,0.0,0.0,0.0,0.0,0.0,37.0,100.0,100.0,0.0
10500000,Euporia,Euporia,2152,5270,Euporia Vortex,[Luster Tier 2] Euporia Vortex [10],Luster Tier 2,Euporia Vortex,[10],direct,10,0,1,600000793,-1,1,0,35.0,35.0,35.0,35.0,35.0,0.0,0.0,0.0,0.0,0.0,30.0,50.0,10.0
10500000,Euporia,Euporia,2153,5270,Euporia Vortex,[Luster Tier 2] Euporia Vortex - Bullet,Luster Tier 2,Euporia Vortex,Bullet,bullet,1,0,1,600000812,-1,1,1,0.0,0.0,0.0,0.0,0.0,0.0,0.0,0.0,0.0,37.0,100.0,100.0,0.0
10500000,Euporia,Euporia,2154,5270,Euporia Vortex,[Luster Tier 2] Euporia Vortex - Bullet,Luster Tier 2,Euporia Vortex,Bullet,bullet,1,0,1,600000811,-1,1,1,0.0,0.0,0.0,0.0,0.0,0.0,0.0,0.0,0.0,37.0,100.0,100.0,0.0
10500000,Euporia,Euporia,2155,5270,Euporia Vortex,[Luster Tier 2] Euporia Vortex - Bullet,Luster Tier 2,Euporia Vortex,Bullet,bullet,1,0,1,600000812,-1,1,1,0.0,0.0,0.0,0.0,0.0,0.0,0.0,0.0,0.0,37.0,100.0,100.0,0.0
10500000,Euporia,Euporia,2156,5270,Euporia Vortex,[Luster Tier 2] Euporia Vortex [11],Luster Tier 2,Euporia Vortex,[11],direct,11,0,1,600000793,-1,1,0,35.0,35.0,35.0,35.0,35.0,0.0,0.0,0.0,0.0,0.0,30.0,50.0,10.0
10500000,Euporia,Euporia,2157,5270,Euporia Vortex,[Luster Tier 2] Euporia Vortex - Bullet,Luster Tier 2,Euporia Vortex,Bullet,bullet,1,0,1,600000811,-1,1,1,0.0,0.0,0.0,0.0,0.0,0.0,0.0,0.0,0.0,37.0,100.0,100.0,0.0
10500000,Euporia,Euporia,2158,5270,Euporia Vortex,[Luster Tier 2] Euporia Vortex - Bullet,Luster Tier 2,Euporia Vortex,Bullet,bullet,1,0,1,600000812,-1,1,1,0.0,0.0,0.0,0.0,0.0,0.0,0.0,0.0,0.0,37.0,100.0,100.0,0.0
10500000,Euporia,Euporia,2159,5270,Euporia Vortex,[Luster Tier 2] Euporia Vortex - Bullet,Luster Tier 2,Euporia Vortex,Bullet,bullet,1,0,1,600000813,-1,1,1,0.0,0.0,0.0,0.0,0.0,0.0,0.0,0.0,0.0,42.0,100.0,100.0,0.0
10500000,Euporia,Euporia,2160,5270,Euporia Vortex,Euporia Vortex [1] (Lacking FP),,Euporia Vortex,[1],direct,1,1,1,600000793,-1,1,0,35.0,35.0,35.0,35.0,35.0,0.0,0.0,0.0,0.0,0.0,30.0,50.0,10.0
10500000,Euporia,Euporia,2161,5270,Euporia Vortex,Euporia Vortex [2] (Lacking FP),,Euporia Vortex,[2],direct,2,1,1,600000793,-1,1,0,35.0,35.0,35.0,35.0,35.0,0.0,0.0,0.0,0.0,0.0,30.0,50.0,10.0
10500000,Euporia,Euporia,2162,5270,Euporia Vortex,Euporia Vortex [3] (Lacking FP),,Euporia Vortex,[3],direct,3,1,1,600000793,-1,1,0,35.0,35.0,35.0,35.0,35.0,0.0,0.0,0.0,0.0,0.0,30.0,50.0,10.0
10500000,Euporia,Euporia,2163,5270,Euporia Vortex,Euporia Vortex [4] (Lacking FP),,Euporia Vortex,[4],direct,4,1,1,600000793,-1,1,0,35.0,35.0,35.0,35.0,35.0,0.0,0.0,0.0,0.0,0.0,30.0,50.0,10.0
10500000,Euporia,Euporia,2164,5270,Euporia Vortex,Euporia Vortex [5] (Lacking FP),,Euporia Vortex,[5],direct,5,1,1,600000793,-1,1,0,35.0,35.0,35.0,35.0,35.0,0.0,0.0,0.0,0.0,0.0,30.0,50.0,10.0
11100000,Envoy's Horn,Envoy's Horn,2246,1003,Oracular Bubble,Oracular Bubble - Bullet,,Oracular Bubble,Bullet,bullet,1,0,1,301110900,-1,1,1,0.0,0.0,0.0,0.0,0.0,0.0,0.0,0.0,0.0,110.0,100.0,100.0,9.0
11100000,Envoy's Horn,Envoy's Horn,2247,1003,Oracular Bubble,Oracular Bubble - Bullet AoE,,Oracular Bubble,Bullet AoE,bullet,1,0,1,301110901,-1,1,1,0.0,0.0,0.0,0.0,0.0,0.0,0.0,0.0,0.0,110.0,100.0,100.0,0.0
11110000,Scepter of the All-Knowing,Scepter of the All-Knowing,2254,1182,Knowledge Above All,Knowledge Above All,,Knowledge Above All,base,direct,1,0,1,303401400,-1,1,0,120.0,120.0,120.0,120.0,120.0,0.0,0.0,0.0,0.0,0.0,100.0,100.0,10.0
11120000,Nox Flowing Hammer,Nox Flowing Hammer,2248,1035,Flowing Form,Flowing Form [1],,Flowing Form,[1],direct,1,0,1,301112900,-1,1,0,100.0,100.0,100.0,100.0,100.0,0.0,0.0,0.0,0.0,0.0,100.0,100.0,18.0
11120000,Nox Flowing Hammer,Nox Flowing Hammer,2249,1035,Flowing Form,Flowing Form [2],,Flowing Form,[2],direct,2,0,1,301112901,-1,1,0,110.0,110.0,110.0,110.0,110.0,0.0,0.0,0.0,0.0,0.0,100.0,100.0,23.0
11120000,Nox Flowing Hammer,Nox Flowing Hammer,2250,1035,Flowing Form,Flowing Form [1] (Lacking FP),,Flowing Form,[1],direct,1,1,1,301112905,-1,1,0,75.0,75.0,75.0,75.0,75.0,0.0,0.0,0.0,0.0,0.0,100.0,100.0,18.0
11120000,Nox Flowing Hammer,Nox Flowing Hammer,2251,1035,Flowing Form,Flowing Form [2] (Lacking FP),,Flowing Form,[2],direct,2,1,1,301112906,-1,1,0,90.0,90.0,90.0,90.0,90.0,0.0,0.0,0.0,0.0,0.0,100.0,100.0,23.0
11130000,Ringed Finger,Ringed Finger,2252,1046,Claw Flick,Claw Flick [1],,Claw Flick,[1],direct,1,0,0,301113900,-1,1,0,0.0,0.0,0.0,0.0,0.0,0.0,0.0,0.0,0.0,0.0,0.0,100.0,15.0
11130000,Ringed Finger,Ringed Finger,2253,1046,Claw Flick,Claw Flick [2],,Claw Flick,[2],direct,2,0,1,301113901,-1,1,0,250.0,250.0,250.0,250.0,250.0,0.0,0.0,0.0,0.0,0.0,100.0,100.0,31.0
11150000,Marika's Hammer,Marika's Hammer,2260,1029,Gold Breaker,Gold Breaker,,Gold Breaker,base,direct,1,0,1,301115901,-1,1,0,92.0,92.0,92.0,92.0,92.0,0.0,0.0,0.0,0.0,0.0,100.0,100.0,27.0
11150000,Marika's Hammer,Marika's Hammer,2261,1029,Gold Breaker,Gold Breaker - Bullet,,Gold Breaker,Bullet,bullet,1,0,1,301115910,-1,1,0,253.0,253.0,253.0,253.0,253.0,0.0,0.0,0.0,0.0,0.0,100.0,100.0,0.0
11150000,Marika's Hammer,Marika's Hammer,2262,1029,Gold Breaker,Gold Breaker - Bullet,,Gold Breaker,Bullet,bullet,1,0,0,301115911,-1,1,0,0.0,0.0,0.0,0.0,0.0,0.0,0.0,0.0,0.0,0.0,0.0,0.0,0.0
11150000,Marika's Hammer,Marika's Hammer,2263,1029,Gold Breaker,Gold Breaker - Bullet,,Gold Breaker,Bullet,bullet,1,0,0,301115912,-1,1,0,0.0,0.0,0.0,0.0,0.0,0.0,0.0,0.0,0.0,0.0,0.0,0.0,0.0
11150000,Marika's Hammer,Marika's Hammer,2264,1029,Gold Breaker,Gold Breaker - Bullet,,Gold Breaker,Bullet,bullet,1,0,0,301115913,-1,1,0,0.0,0.0,0.0,0.0,0.0,0.0,0.0,0.0,0.0,0.0,0.0,0.0,0.0
11150000,Marika's Hammer,Marika's Hammer,2265,1029,Gold Breaker,Gold Breaker (Lacking FP),,Gold Breaker,base,direct,1,1,1,301115915,-1,1,0,150.0,0.0,0.0,0.0,120.0,0.0,0.0,0.0,0.0,0.0,100.0,100.0,27.0
11500000,Flowerstone Gavel,Flowerstone Gavel,2255,5380,Flower Dragonbolt,Flower Dragonbolt - Bullet,,Flower Dragonbolt,Bullet,bullet,1,0,1,600000660,20050020,1,1,0.0,0.0,0.0,0.0,0.0,0.0,0.0,0.0,104.0,0.0,0.0,0.0,16.0
11500000,Flowerstone Gavel,Flowerstone Gavel,2256,5380,Flower Dragonbolt,Flower Dragonbolt Charged - Bullet,,Flower Dragonbolt,Charged - Bullet,bullet,1,0,1,600000661,20050020,1,1,0.0,0.0,0.0,0.0,0.0,0.0,0.0,0.0,137.0,0.0,0.0,0.0,16.0
11500000,Flowerstone Gavel,Flowerstone Gavel,2257,5380,Flower Dragonbolt,Flower Dragonbolt - Bullet (Water AoE),,Flower Dragonbolt,Bullet (Water AoE),bullet,1,0,1,600000663,20050020,1,1,0.0,0.0,0.0,0.0,0.0,0.0,0.0,0.0,40.0,0.0,0.0,0.0,0.0
11500000,Flowerstone Gavel,Flowerstone Gavel,2258,5380,Flower Dragonbolt,Flower Dragonbolt (Lacking FP),,Flower Dragonbolt,base,direct,1,1,1,600000662,-1,1,0,100.0,100.0,100.0,100.0,100.0,0.0,0.0,0.0,0.0,0.0,100.0,100.0,16.0
11500000,Flowerstone Gavel,Flowerstone Gavel,2259,5380,Flower Dragonbolt,Flower Dragonbolt Charged (Lacking FP),,Flower Dragonbolt,Charged,charged,1,1,1,600000662,-1,1,0,100.0,100.0,100.0,100.0,100.0,0.0,0.0,0.0,0.0,0.0,100.0,100.0,16.0
12150000,Beastclaw Greathammer,Beastclaw Greathammer,2306,1044,Regal Beastclaw,Regal Beastclaw,,Regal Beastclaw,base,direct,1,0,1,303400400,-1,1,0,80.0,80.0,80.0,80.0,80.0,0.0,0.0,0.0,0.0,0.0,100.0,100.0,20.0
12150000,Beastclaw Greathammer,Beastclaw Greathammer,2307,1044,Regal Beastclaw,Regal Beastclaw - Bullet,,Regal Beastclaw,Bullet,bullet,1,0,1,303400405,42300,1,1,0.0,0.0,0.0,0.0,0.0,186.0,0.0,0.0,0.0,0.0,100.0,100.0,0.0
12150000,Beastclaw Greathammer,Beastclaw Greathammer,2308,1044,Regal Beastclaw,Regal Beastclaw (Lacking FP),,Regal Beastclaw,base,direct,1,1,1,303400401,-1,1,0,100.0,100.0,100.0,100.0,100.0,0.0,0.0,0.0,0.0,0.0,100.0,100.0,40.0
12160000,Envoy's Long Horn,Envoy's Long Horn,2289,1004,Bubble Shower,Bubble Shower - Bullet,,Bubble Shower,Bullet,bullet,1,0,1,301216900,-1,1,1,0.0,0.0,0.0,0.0,0.0,0.0,0.0,0.0,0.0,32.0,0.0,0.0,10.0
12160000,Envoy's Long Horn,Envoy's Long Horn,2290,1004,Bubble Shower,Bubble Shower - Bullet,,Bubble Shower,Bullet,bullet,1,0,1,301216901,-1,1,1,0.0,0.0,0.0,0.0,0.0,0.0,0.0,0.0,0.0,32.0,0.0,0.0,0.0
12160000,Envoy's Long Horn,Envoy's Long Horn,2291,1004,Bubble Shower,Bubble Shower - Bullet,,Bubble Shower,Bullet,bullet,1,0,1,301216902,-1,1,1,0.0,0.0,0.0,0.0,0.0,0.0,0.0,0.0,0.0,32.0,0.0,0.0,0.0
12170000,Cranial Vessel Candlestand,Cranial Vessel Candlestand,2292,1000,Surge of Faith,Surge of Faith,,Surge of Faith,base,direct,1,0,1,301217900,-1,1,0,10.0,10.0,10.0,10.0,10.0,0.0,0.0,0.0,0.0,0.0,100.0,100.0,0.0
12170000,Cranial Vessel Candlestand,Cranial Vessel Candlestand,2293,1000,Surge of Faith,Surge of Faith,,Surge of Faith,base,direct,1,0,1,301217901,-1,1,0,10.0,10.0,10.0,10.0,10.0,0.0,0.0,0.0,0.0,0.0,100.0,100.0,0.0
12170000,Cranial Vessel Candlestand,Cranial Vessel Candlestand,2294,1000,Surge of Faith,Surge of Faith,,Surge of Faith,base,direct,1,0,1,301217902,-1,1,0,10.0,10.0,10.0,10.0,10.0,0.0,0.0,0.0,0.0,0.0,100.0,100.0,0.0
12170000,Cranial Vessel Candlestand,Cranial Vessel Candlestand,2295,1000,Surge of Faith,Surge of Faith - Bullet,,Surge of Faith,Bullet,bullet,1,0,1,301217905,-1,1,1,0.0,0.0,0.0,0.0,0.0,0.0,0.0,230.0,0.0,0.0,100.0,100.0,52.0
12170000,Cranial Vessel Candlestand,Cranial Vessel Candlestand,2296,1000,Surge of Faith,Surge of Faith - Bullet,,Surge of Faith,Bullet,bullet,1,0,1,301217910,-1,1,1,0.0,0.0,0.0,0.0,0.0,0.0,0.0,55.0,0.0,0.0,100.0,100.0,0.0
12170000,Cranial Vessel Candlestand,Cranial Vessel Candlestand,2297,1000,Surge of Faith,Surge of Faith - Bullet,,Surge of Faith,Bullet,bullet,1,0,1,301217911,-1,1,1,0.0,0.0,0.0,0.0,0.0,0.0,0.0,55.0,0.0,0.0,100.0,100.0,0.0
12170000,Cranial Vessel Candlestand,Cranial Vessel Candlestand,2298,1000,Surge of Faith,Surge of Faith - Bullet,,Surge of Faith,Bullet,bullet,1,0,1,301217912,-1,1,1,0.0,0.0,0.0,0.0,0.0,0.0,0.0,55.0,0.0,0.0,100.0,100.0,0.0
12170000,Cranial Vessel Candlestand,Cranial Vessel Candlestand,2299,1000,Surge of Faith,Surge of Faith - Bullet,,Surge of Faith,Bullet,bullet,1,0,1,301217913,-1,1,1,0.0,0.0,0.0,0.0,0.0,0.0,0.0,55.0,0.0,0.0,100.0,100.0,0.0
12170000,Cranial Vessel Candlestand,Cranial Vessel Candlestand,2300,1000,Surge of Faith,Surge of Faith - Bullet,,Surge of Faith,Bullet,bullet,1,0,1,301217914,-1,1,1,0.0,0.0,0.0,0.0,0.0,0.0,0.0,55.0,0.0,0.0,100.0,100.0,0.0
12170000,Cranial Vessel Candlestand,Cranial Vessel Candlestand,2301,1000,Surge of Faith,Surge of Faith,,Surge of Faith,base,direct,1,0,1,301217920,-1,1,0,110.0,110.0,110.0,110.0,110.0,0.0,0.0,0.0,0.0,0.0,100.0,100.0,0.0
12170000,Cranial Vessel Candlestand,Cranial Vessel Candlestand,2302,1000,Surge of Faith,Surge of Faith,,Surge of Faith,base,direct,1,0,1,301217921,-1,1,0,90.0,90.0,90.0,90.0,90.0,0.0,0.0,0.0,0.0,0.0,100.0,100.0,52.0
12170000,Cranial Vessel Candlestand,Cranial Vessel Candlestand,2303,1000,Surge of Faith,Surge of Faith,,Surge of Faith,base,direct,1,0,1,301217922,-1,1,0,90.0,110.0,110.0,110.0,110.0,0.0,0.0,0.0,0.0,0.0,100.0,100.0,0.0
12170000,Cranial Vessel Candlestand,Cranial Vessel Candlestand,2304,1000,Surge of Faith,Surge of Faith,,Surge of Faith,base,direct,1,0,1,301217925,-1,1,0,110.0,110.0,110.0,110.0,110.0,0.0,0.0,0.0,0.0,0.0,100.0,100.0,0.0
12170000,Cranial Vessel Candlestand,Cranial Vessel Candlestand,2305,1000,Surge of Faith,Surge of Faith,,Surge of Faith,base,direct,1,0,1,301217930,-1,1,0,90.0,90.0,90.0,90.0,90.0,0.0,0.0,0.0,0.0,0.0,100.0,100.0,52.0
12200000,Devourer's Scepter,Devourer's Scepter,2309,1183,Devourer of Worlds,Devourer of Worlds - Bullet,,Devourer of Worlds,Bullet,bullet,1,0,1,301202900,-1,1,0,0.0,0.0,200.0,0.0,0.0,0.0,0.0,0.0,0.0,0.0,100.0,100.0,56.0
12200000,Devourer's Scepter,Devourer's Scepter,2310,1183,Devourer of Worlds,Devourer of Worlds (Lacking FP),,Devourer of Worlds,base,direct,1,1,1,301202901,-1,0,0,100.0,100.0,100.0,100.0,100.0,0.0,0.0,0.0,0.0,0.0,100.0,100.0,56.0
12510000,Anvil Hammer,Anvil Hammer,2338,5280,Smithing Art Spears,Smithing Art Spears,,Smithing Art Spears,base,direct,1,0,1,600000760,-1,1,0,90.0,90.0,90.0,90.0,90.0,0.0,0.0,0.0,0.0,0.0,100.0,100.0,10.0
12510000,Anvil Hammer,Anvil Hammer,2339,5280,Smithing Art Spears,Smithing Art Spears - Bullet [1],,Smithing Art Spears,Bullet [1],bullet,1,0,1,600000761,-1,1,0,128.0,128.0,128.0,128.0,128.0,0.0,0.0,0.0,0.0,0.0,100.0,100.0,10.0
12510000,Anvil Hammer,Anvil Hammer,2340,5280,Smithing Art Spears,Smithing Art Spears - Bullet [2],,Smithing Art Spears,Bullet [2],bullet,2,0,1,600000762,-1,1,0,50.0,50.0,50.0,50.0,50.0,0.0,0.0,0.0,0.0,0.0,100.0,100.0,0.0
12510000,Anvil Hammer,Anvil Hammer,2341,5280,Smithing Art Spears,Smithing Art Spears (Lacking FP),,Smithing Art Spears,base,direct,1,1,1,600000763,-1,1,0,50.0,50.0,50.0,50.0,50.0,0.0,0.0,0.0,0.0,0.0,100.0,100.0,10.0
13020000,Family Heads,Family Heads,2276,1184,Familal Rancor,Familial Rancor - Bullet,,Familal Rancor,Familial Rancor - Bullet,bullet,1,0,1,301302900,-1,1,1,0.0,200.0,0.0,0.0,0.0,0.0,0.0,0.0,0.0,0.0,100.0,100.0,0.0
13020000,Family Heads,Family Heads,2277,1184,Familal Rancor,Familial Rancor - Bullet,,Familal Rancor,Familial Rancor - Bullet,bullet,1,0,1,301302901,-1,1,1,0.0,200.0,0.0,0.0,0.0,0.0,0.0,0.0,0.0,0.0,100.0,100.0,0.0
13020000,Family Heads,Family Heads,2278,1184,Familal Rancor,Familial Rancor - Bullet,,Familal Rancor,Familial Rancor - Bullet,bullet,1,0,1,301302902,-1,1,1,0.0,135.0,0.0,0.0,0.0,0.0,0.0,0.0,0.0,0.0,100.0,100.0,0.0
13020000,Family Heads,Family Heads,2279,1184,Familal Rancor,Familial Rancor - Bullet,,Familal Rancor,Familial Rancor - Bullet,bullet,1,0,1,301302903,-1,1,1,0.0,135.0,0.0,0.0,0.0,0.0,0.0,0.0,0.0,0.0,100.0,100.0,0.0
13020000,Family Heads,Family Heads,2280,1184,Familal Rancor,Familial Rancor - Bullet,,Familal Rancor,Familial Rancor - Bullet,bullet,1,0,1,301302904,-1,1,1,0.0,145.0,0.0,0.0,0.0,0.0,0.0,0.0,0.0,0.0,100.0,100.0,0.0
13020000,Family Heads,Family Heads,2281,1184,Familal Rancor,Familial Rancor - Bullet,,Familal Rancor,Familial Rancor - Bullet,bullet,1,0,1,301302905,-1,1,1,0.0,145.0,0.0,0.0,0.0,0.0,0.0,0.0,0.0,0.0,100.0,100.0,0.0
13030000,Bastard's Stars,Bastard's Stars,2286,1047,Nebula,Nebula,,Nebula,base,direct,1,0,1,303400900,-1,1,0,154.0,154.0,154.0,154.0,154.0,0.0,0.0,0.0,0.0,0.0,100.0,100.0,26.0
13030000,Bastard's Stars,Bastard's Stars,2287,1047,Nebula,Nebula - Bullet,,Nebula,Bullet,bullet,1,0,1,303400901,-1,1,1,0.0,0.0,0.0,0.0,0.0,0.0,121.0,0.0,0.0,0.0,0.0,0.0,0.0
13030000,Bastard's Stars,Bastard's Stars,2288,1047,Nebula,Nebula (Lacking FP),,Nebula,base,direct,1,1,1,303400905,-1,1,0,80.0,80.0,80.0,80.0,80.0,0.0,0.0,0.0,0.0,0.0,100.0,100.0,26.0
13500000,Serpent Flail,Serpent Flail,2282,5500,Flare- O Serpent,"Flare, O Serpent R2 - Bullet",,Flare- O Serpent,"Flare, O Serpent R2 - Bullet",bullet,2,0,1,701320360,-1,1,1,0.0,0.0,0.0,0.0,0.0,0.0,0.0,75.0,0.0,0.0,100.0,100.0,0.0
13500000,Serpent Flail,Serpent Flail,2283,5500,Flare- O Serpent,"Flare, O Serpent Charged R2 - Bullet",,Flare- O Serpent,"Flare, O Serpent Charged R2 - Bullet",bullet,2,0,1,701320361,-1,1,1,0.0,0.0,0.0,0.0,0.0,0.0,0.0,117.0,0.0,0.0,100.0,100.0,0.0
13500000,Serpent Flail,Serpent Flail,2284,5500,Flare- O Serpent,"Flare, O Serpent Running R2 - Bullet",,Flare- O Serpent,"Flare, O Serpent Running R2 - Bullet",bullet,2,0,1,701320360,-1,1,1,0.0,0.0,0.0,0.0,0.0,0.0,0.0,75.0,0.0,0.0,100.0,100.0,0.0
13500000,Serpent Flail,Serpent Flail,2285,5500,Flare- O Serpent,"Flare, O Serpent Jumping R2 - Bullet",,Flare- O Serpent,"Flare, O Serpent Jumping R2 - Bullet",bullet,2,0,1,701320360,-1,1,1,0.0,0.0,0.0,0.0,0.0,0.0,0.0,75.0,0.0,0.0,100.0,100.0,0.0
14120000,Rosus' Axe,Rosus' Axe,2190,1185,Rosus's Summons,Rosus's Summons - Bullet (Skeleton - Front),,Rosus's Summons,Bullet (Skeleton - Front),bullet,1,0,1,301412902,-1,1,1,105.0,105.0,0.0,0.0,0.0,0.0,0.0,0.0,0.0,0.0,100.0,100.0,0.0
14120000,Rosus' Axe,Rosus' Axe,2191,1185,Rosus's Summons,Rosus's Summons - Bullet (Skeleton - Right),,Rosus's Summons,Bullet (Skeleton - Right),bullet,1,0,1,301412903,-1,1,1,105.0,105.0,0.0,0.0,0.0,0.0,0.0,0.0,0.0,0.0,100.0,100.0,0.0
14120000,Rosus' Axe,Rosus' Axe,2192,1185,Rosus's Summons,Rosus's Summons - Bullet (Skeleton - Left),,Rosus's Summons,Bullet (Skeleton - Left),bullet,1,0,1,301412904,-1,1,1,105.0,105.0,0.0,0.0,0.0,0.0,0.0,0.0,0.0,0.0,100.0,100.0,0.0
14120000,Rosus' Axe,Rosus' Axe,2193,1185,Rosus's Summons,Rosus's Summons,,Rosus's Summons,base,direct,1,0,1,301412940,-1,1,1,100.0,100.0,0.0,0.0,0.0,0.0,0.0,0.0,0.0,0.0,100.0,100.0,22.0
14120000,Rosus' Axe,Rosus' Axe,2194,1185,Rosus's Summons,Rosus's Summons (Lacking FP),,Rosus's Summons,base,direct,1,1,1,301412945,-1,1,0,90.0,90.0,0.0,0.0,0.0,0.0,0.0,0.0,0.0,0.0,100.0,100.0,22.0
14140000,Stormhawk Axe,Stormhawk Axe,2169,1186,Thunderstorm,Thunderstorm #1 [1],,Thunderstorm,#1 [1],direct,1,0,1,301414900,-1,1,1,100.0,0.0,0.0,0.0,0.0,0.0,0.0,0.0,95.0,0.0,0.0,0.0,11.0
14140000,Stormhawk Axe,Stormhawk Axe,2170,1186,Thunderstorm,Thunderstorm #1 [2],,Thunderstorm,#1 [2],direct,2,0,1,301414901,-1,1,1,100.0,0.0,0.0,0.0,0.0,0.0,0.0,0.0,95.0,0.0,0.0,0.0,11.0
14140000,Stormhawk Axe,Stormhawk Axe,2171,1186,Thunderstorm,Thunderstorm #1 [3],,Thunderstorm,#1 [3],direct,3,0,1,301414902,-1,1,1,100.0,0.0,0.0,0.0,0.0,0.0,0.0,0.0,95.0,0.0,0.0,0.0,11.0
14140000,Stormhawk Axe,Stormhawk Axe,2172,1186,Thunderstorm,Thunderstorm #1 [1] - Bullet,,Thunderstorm,#1 [1] - Bullet,bullet,1,0,1,301414905,-1,1,1,57.0,57.0,57.0,57.0,57.0,0.0,0.0,0.0,0.0,0.0,0.0,150.0,0.0
14140000,Stormhawk Axe,Stormhawk Axe,2173,1186,Thunderstorm,Thunderstorm #1 [2] - Bullet,,Thunderstorm,#1 [2] - Bullet,bullet,2,0,1,301414906,-1,1,1,62.0,62.0,62.0,62.0,62.0,0.0,0.0,0.0,0.0,0.0,0.0,150.0,0.0
14140000,Stormhawk Axe,Stormhawk Axe,2174,1186,Thunderstorm,Thunderstorm #1 [3] - Bullet,,Thunderstorm,#1 [3] - Bullet,bullet,3,0,1,301414907,-1,1,1,70.0,70.0,70.0,70.0,70.0,0.0,0.0,0.0,0.0,0.0,0.0,150.0,0.0
14140000,Stormhawk Axe,Stormhawk Axe,2175,1186,Thunderstorm,Thunderstorm #2 [1],,Thunderstorm,#2 [1],direct,1,0,1,301414915,-1,1,1,100.0,0.0,0.0,0.0,0.0,0.0,0.0,0.0,95.0,0.0,0.0,0.0,11.0
14140000,Stormhawk Axe,Stormhawk Axe,2176,1186,Thunderstorm,Thunderstorm #2 [2],,Thunderstorm,#2 [2],direct,2,0,1,301414916,-1,1,1,100.0,0.0,0.0,0.0,0.0,0.0,0.0,0.0,95.0,0.0,0.0,0.0,11.0
14140000,Stormhawk Axe,Stormhawk Axe,2177,1186,Thunderstorm,Thunderstorm #2 [1] - Bullet,,Thunderstorm,#2 [1] - Bullet,bullet,1,0,1,301414920,-1,1,1,72.0,72.0,72.0,72.0,72.0,0.0,0.0,0.0,0.0,0.0,0.0,150.0,0.0
14140000,Stormhawk Axe,Stormhawk Axe,2178,1186,Thunderstorm,Thunderstorm #2 [2] - Bullet,,Thunderstorm,#2 [2] - Bullet,bullet,2,0,1,301414921,-1,1,1,77.0,77.0,77.0,77.0,77.0,0.0,0.0,0.0,0.0,0.0,0.0,150.0,0.0
14140000,Stormhawk Axe,Stormhawk Axe,2179,1186,Thunderstorm,Thunderstorm #3 [1],,Thunderstorm,#3 [1],direct,1,0,1,301414930,-1,1,1,100.0,0.0,0.0,0.0,0.0,0.0,0.0,0.0,95.0,0.0,0.0,0.0,11.0
14140000,Stormhawk Axe,Stormhawk Axe,2180,1186,Thunderstorm,Thunderstorm #3 [2],,Thunderstorm,#3 [2],direct,2,0,1,301414931,-1,1,1,110.0,0.0,0.0,0.0,0.0,0.0,0.0,0.0,107.0,0.0,0.0,0.0,14.0
14140000,Stormhawk Axe,Stormhawk Axe,2181,1186,Thunderstorm,Thunderstorm #3 [1] - Bullet,,Thunderstorm,#3 [1] - Bullet,bullet,1,0,1,301414935,-1,1,1,79.0,79.0,79.0,79.0,79.0,0.0,0.0,0.0,0.0,0.0,0.0,150.0,0.0
14140000,Stormhawk Axe,Stormhawk Axe,2182,1186,Thunderstorm,Thunderstorm #3 [2] - Bullet,,Thunderstorm,#3 [2] - Bullet,bullet,2,0,1,301414936,-1,1,1,81.0,81.0,81.0,81.0,81.0,0.0,0.0,0.0,0.0,0.0,0.0,150.0,0.0
14140000,Stormhawk Axe,Stormhawk Axe,2183,1186,Thunderstorm,Thunderstorm #1 [1] (Lacking FP),,Thunderstorm,#1 [1],direct,1,1,1,301414910,-1,1,0,65.0,65.0,65.0,65.0,65.0,0.0,0.0,0.0,0.0,0.0,100.0,100.0,11.0
14140000,Stormhawk Axe,Stormhawk Axe,2184,1186,Thunderstorm,Thunderstorm #1 [2] (Lacking FP),,Thunderstorm,#1 [2],direct,2,1,1,301414911,-1,1,0,65.0,65.0,65.0,65.0,65.0,0.0,0.0,0.0,0.0,0.0,100.0,100.0,11.0
14140000,Stormhawk Axe,Stormhawk Axe,2185,1186,Thunderstorm,Thunderstorm #1 [3] (Lacking FP),,Thunderstorm,#1 [3],direct,3,1,1,301414912,-1,1,0,65.0,65.0,65.0,65.0,65.0,0.0,0.0,0.0,0.0,0.0,100.0,100.0,11.0
14140000,Stormhawk Axe,Stormhawk Axe,2186,1186,Thunderstorm,Thunderstorm #2 [1] (Lacking FP),,Thunderstorm,#2 [1],direct,1,1,1,301414925,-1,1,0,65.0,65.0,65.0,65.0,65.0,0.0,0.0,0.0,0.0,0.0,100.0,100.0,11.0
14140000,Stormhawk Axe,Stormhawk Axe,2187,1186,Thunderstorm,Thunderstorm #2 [2] (Lacking FP),,Thunderstorm,#2 [2],direct,2,1,1,301414926,-1,1,0,65.0,65.0,65.0,65.0,65.0,0.0,0.0,0.0,0.0,0.0,100.0,100.0,11.0
14140000,Stormhawk Axe,Stormhawk Axe,2188,1186,Thunderstorm,Thunderstorm #3 [1] (Lacking FP),,Thunderstorm,#3 [1],direct,1,1,1,301414940,-1,1,0,65.0,65.0,65.0,65.0,65.0,0.0,0.0,0.0,0.0,0.0,100.0,100.0,11.0
14140000,Stormhawk Axe,Stormhawk Axe,2189,1186,Thunderstorm,Thunderstorm #3 [2] (Lacking FP),,Thunderstorm,#3 [2],direct,2,1,1,301414941,-1,1,0,75.0,75.0,75.0,75.0,75.0,0.0,0.0,0.0,0.0,0.0,100.0,100.0,3.0
14510000,Death Knight's Twin Axes,Death Knight's Twin Axes,2195,5130,Blinkbolt: Twinaxe,Blinkbolt: Twinaxe,,Blinkbolt: Twinaxe,base,direct,1,0,1,600000750,51060,1,1,0.0,0.0,0.0,0.0,0.0,0.0,0.0,0.0,50.0,0.0,0.0,0.0,23.0
14510000,Death Knight's Twin Axes,Death Knight's Twin Axes,2196,5130,Blinkbolt: Twinaxe,Blinkbolt: Twinaxe R2 [1],,Blinkbolt: Twinaxe,R2 [1],direct,1,0,1,700000311,-1,1,0,39.0,39.0,39.0,39.0,39.0,0.0,0.0,0.0,0.0,0.0,100.0,100.0,6.0
14510000,Death Knight's Twin Axes,Death Knight's Twin Axes,2197,5130,Blinkbolt: Twinaxe,Blinkbolt: Twinaxe R2 [2],,Blinkbolt: Twinaxe,R2 [2],direct,2,0,1,700000312,-1,1,0,41.0,41.0,41.0,41.0,41.0,0.0,0.0,0.0,0.0,0.0,100.0,100.0,6.0
14510000,Death Knight's Twin Axes,Death Knight's Twin Axes,2198,5130,Blinkbolt: Twinaxe,Blinkbolt: Twinaxe R2 [3],,Blinkbolt: Twinaxe,R2 [3],direct,3,0,1,700000313,-1,1,0,57.0,57.0,57.0,57.0,57.0,0.0,0.0,0.0,0.0,0.0,100.0,100.0,6.0
14510000,Death Knight's Twin Axes,Death Knight's Twin Axes,2199,5130,Blinkbolt: Twinaxe,Blinkbolt: Twinaxe R2 [4],,Blinkbolt: Twinaxe,R2 [4],direct,4,0,1,700000314,-1,1,0,58.0,58.0,58.0,58.0,58.0,0.0,0.0,0.0,0.0,0.0,100.0,100.0,6.0
14510000,Death Knight's Twin Axes,Death Knight's Twin Axes,2200,5130,Blinkbolt: Twinaxe,Blinkbolt: Twinaxe R2 [5],,Blinkbolt: Twinaxe,R2 [5],direct,5,0,1,700000315,-1,1,0,61.0,61.0,61.0,61.0,61.0,0.0,0.0,0.0,0.0,0.0,100.0,100.0,6.0
14510000,Death Knight's Twin Axes,Death Knight's Twin Axes,2201,5130,Blinkbolt: Twinaxe,Blinkbolt: Twinaxe R2 [6],,Blinkbolt: Twinaxe,R2 [6],direct,6,0,1,700000316,-1,1,0,69.0,69.0,69.0,69.0,69.0,0.0,0.0,0.0,0.0,0.0,100.0,100.0,6.0
14510000,Death Knight's Twin Axes,Death Knight's Twin Axes,2202,5130,Blinkbolt: Twinaxe,Blinkbolt: Twinaxe (Lacking FP),,Blinkbolt: Twinaxe,base,direct,1,1,1,700000317,51060,1,1,0.0,0.0,0.0,0.0,0.0,40.0,0.0,0.0,0.0,0.0,0.0,0.0,23.0
14510000,Death Knight's Twin Axes,Death Knight's Twin Axes,2203,5130,Blinkbolt: Twinaxe,Blinkbolt: Twinaxe R2 [1] (Lacking FP),,Blinkbolt: Twinaxe,R2 [1],direct,1,1,1,700000318,-1,1,0,50.0,50.0,50.0,50.0,50.0,0.0,0.0,0.0,0.0,0.0,100.0,100.0,6.0
14510000,Death Knight's Twin Axes,Death Knight's Twin Axes,2204,5130,Blinkbolt: Twinaxe,Blinkbolt: Twinaxe R2 [2] (Lacking FP),,Blinkbolt: Twinaxe,R2 [2],direct,2,1,1,700000319,-1,1,0,50.0,50.0,50.0,50.0,50.0,0.0,0.0,0.0,0.0,0.0,100.0,100.0,6.0
14510000,Death Knight's Twin Axes,Death Knight's Twin Axes,2205,5130,Blinkbolt: Twinaxe,Blinkbolt: Twinaxe R2 [3] (Lacking FP),,Blinkbolt: Twinaxe,R2 [3],direct,3,1,1,700000320,-1,1,0,50.0,50.0,50.0,50.0,50.0,0.0,0.0,0.0,0.0,0.0,100.0,100.0,6.0
14510000,Death Knight's Twin Axes,Death Knight's Twin Axes,2206,5130,Blinkbolt: Twinaxe,Blinkbolt: Twinaxe R2 [4] (Lacking FP),,Blinkbolt: Twinaxe,R2 [4],direct,4,1,1,700000321,-1,1,0,50.0,50.0,50.0,50.0,50.0,0.0,0.0,0.0,0.0,0.0,100.0,100.0,6.0
14510000,Death Knight's Twin Axes,Death Knight's Twin Axes,2207,5130,Blinkbolt: Twinaxe,Blinkbolt: Twinaxe R2 [5] (Lacking FP),,Blinkbolt: Twinaxe,R2 [5],direct,5,1,1,700000322,-1,1,0,50.0,50.0,50.0,50.0,50.0,0.0,0.0,0.0,0.0,0.0,100.0,100.0,6.0
14510000,Death Knight's Twin Axes,Death Knight's Twin Axes,2208,5130,Blinkbolt: Twinaxe,Blinkbolt: Twinaxe R2 [6] (Lacking FP),,Blinkbolt: Twinaxe,R2 [6],direct,6,1,1,700000323,-1,1,0,50.0,50.0,50.0,50.0,50.0,0.0,0.0,0.0,0.0,0.0,100.0,100.0,6.0
15040000,Axe of Godrick,Axe of Godrick,2214,1030,I Command Thee Kneel!,"I Command Thee, Kneel #1 [1]",,I Command Thee Kneel!,"I Command Thee, Kneel #1 [1]",direct,1,0,1,301504900,-1,1,0,90.0,90.0,90.0,90.0,90.0,0.0,0.0,0.0,0.0,0.0,100.0,100.0,30.0
15040000,Axe of Godrick,Axe of Godrick,2215,1030,I Command Thee Kneel!,"I Command Thee, Kneel #1 [1] - Bullet",,I Command Thee Kneel!,"I Command Thee, Kneel #1 [1] - Bullet",bullet,1,0,1,301504905,-1,1,0,105.0,105.0,105.0,105.0,105.0,0.0,0.0,0.0,0.0,0.0,100.0,100.0,0.0
15040000,Axe of Godrick,Axe of Godrick,2216,1030,I Command Thee Kneel!,"I Command Thee, Kneel #1 [1] - Bullet",,I Command Thee Kneel!,"I Command Thee, Kneel #1 [1] - Bullet",bullet,1,0,0,301504906,-1,1,0,0.0,0.0,0.0,0.0,0.0,0.0,0.0,0.0,0.0,0.0,0.0,0.0,0.0
15040000,Axe of Godrick,Axe of Godrick,2217,1030,I Command Thee Kneel!,"I Command Thee, Kneel #1 [1] - Bullet",,I Command Thee Kneel!,"I Command Thee, Kneel #1 [1] - Bullet",bullet,1,0,0,301504907,-1,1,0,0.0,0.0,0.0,0.0,0.0,0.0,0.0,0.0,0.0,0.0,0.0,0.0,0.0
15040000,Axe of Godrick,Axe of Godrick,2218,1030,I Command Thee Kneel!,"I Command Thee, Kneel #1 [1] - Bullet",,I Command Thee Kneel!,"I Command Thee, Kneel #1 [1] - Bullet",bullet,1,0,0,301504908,-1,1,0,0.0,0.0,0.0,0.0,0.0,0.0,0.0,0.0,0.0,0.0,0.0,0.0,0.0
15040000,Axe of Godrick,Axe of Godrick,2219,1030,I Command Thee Kneel!,"I Command Thee, Kneel #1 [2]",,I Command Thee Kneel!,"I Command Thee, Kneel #1 [2]",direct,2,0,1,301504910,-1,1,0,90.0,90.0,90.0,90.0,90.0,0.0,0.0,0.0,0.0,0.0,100.0,100.0,30.0
15040000,Axe of Godrick,Axe of Godrick,2220,1030,I Command Thee Kneel!,"I Command Thee, Kneel #1 [2] - Bullet",,I Command Thee Kneel!,"I Command Thee, Kneel #1 [2] - Bullet",bullet,2,0,1,301504915,-1,1,0,107.0,107.0,107.0,107.0,107.0,0.0,0.0,0.0,0.0,0.0,100.0,100.0,0.0
15040000,Axe of Godrick,Axe of Godrick,2221,1030,I Command Thee Kneel!,"I Command Thee, Kneel #1 [2] - Bullet",,I Command Thee Kneel!,"I Command Thee, Kneel #1 [2] - Bullet",bullet,2,0,0,301504916,-1,1,0,0.0,0.0,0.0,0.0,0.0,0.0,0.0,0.0,0.0,0.0,0.0,0.0,0.0
15040000,Axe of Godrick,Axe of Godrick,2222,1030,I Command Thee Kneel!,"I Command Thee, Kneel #1 [2] - Bullet",,I Command Thee Kneel!,"I Command Thee, Kneel #1 [2] - Bullet",bullet,2,0,0,301504917,-1,1,0,0.0,0.0,0.0,0.0,0.0,0.0,0.0,0.0,0.0,0.0,0.0,0.0,0.0
15040000,Axe of Godrick,Axe of Godrick,2223,1030,I Command Thee Kneel!,"I Command Thee, Kneel #1 [2] - Bullet",,I Command Thee Kneel!,"I Command Thee, Kneel #1 [2] - Bullet",bullet,2,0,0,301504918,-1,1,0,0.0,0.0,0.0,0.0,0.0,0.0,0.0,0.0,0.0,0.0,0.0,0.0,0.0
15040000,Axe of Godrick,Axe of Godrick,2224,1030,I Command Thee Kneel!,"I Command Thee, Kneel #2",,I Command Thee Kneel!,"I Command Thee, Kneel #2",direct,2,0,1,301504920,-1,1,0,90.0,90.0,90.0,90.0,90.0,0.0,0.0,0.0,0.0,0.0,100.0,100.0,30.0
15040000,Axe of Godrick,Axe of Godrick,2225,1030,I Command Thee Kneel!,"I Command Thee, Kneel #2 - Bullet",,I Command Thee Kneel!,"I Command Thee, Kneel #2 - Bullet",bullet,2,0,1,301504925,-1,1,0,200.0,200.0,200.0,200.0,200.0,0.0,0.0,0.0,0.0,0.0,100.0,100.0,0.0
15040000,Axe of Godrick,Axe of Godrick,2226,1030,I Command Thee Kneel!,"I Command Thee, Kneel #2 - Bullet",,I Command Thee Kneel!,"I Command Thee, Kneel #2 - Bullet",bullet,2,0,0,301504926,-1,1,0,0.0,0.0,0.0,0.0,0.0,0.0,0.0,0.0,0.0,0.0,0.0,0.0,0.0
15040000,Axe of Godrick,Axe of Godrick,2227,1030,I Command Thee Kneel!,"I Command Thee, Kneel #2 - Bullet",,I Command Thee Kneel!,"I Command Thee, Kneel #2 - Bullet",bullet,2,0,0,301504927,-1,1,0,0.0,0.0,0.0,0.0,0.0,0.0,0.0,0.0,0.0,0.0,0.0,0.0,0.0
15040000,Axe of Godrick,Axe of Godrick,2228,1030,I Command Thee Kneel!,"I Command Thee, Kneel #2 - Bullet",,I Command Thee Kneel!,"I Command Thee, Kneel #2 - Bullet",bullet,2,0,0,301504928,-1,1,0,0.0,0.0,0.0,0.0,0.0,0.0,0.0,0.0,0.0,0.0,0.0,0.0,0.0
15040000,Axe of Godrick,Axe of Godrick,2229,1030,I Command Thee Kneel!,"I Command Thee, Kneel #1 [1] (Lacking FP)",,I Command Thee Kneel!,"I Command Thee, Kneel #1 [1]",direct,1,1,1,301504930,-1,1,0,70.0,70.0,70.0,70.0,70.0,0.0,0.0,0.0,0.0,0.0,100.0,100.0,30.0
15040000,Axe of Godrick,Axe of Godrick,2230,1030,I Command Thee Kneel!,"I Command Thee, Kneel #1 [2] (Lacking FP)",,I Command Thee Kneel!,"I Command Thee, Kneel #1 [2]",direct,2,1,1,301504935,-1,1,0,80.0,80.0,80.0,80.0,80.0,0.0,0.0,0.0,0.0,0.0,100.0,100.0,30.0
15040000,Axe of Godrick,Axe of Godrick,2231,1030,I Command Thee Kneel!,"I Command Thee, Kneel #2 (Lacking FP)",,I Command Thee Kneel!,"I Command Thee, Kneel #2",direct,2,1,1,301504940,-1,1,0,80.0,80.0,80.0,80.0,80.0,0.0,0.0,0.0,0.0,0.0,100.0,100.0,30.0
15500000,Death Knight's Longhaft Axe,Death Knight's Longhaft Axe,2209,5140,Blinkbolt: Long-hafted Axe,Blinkbolt: Long-hafted Axe,,Blinkbolt: Long-hafted Axe,base,direct,1,0,1,600000750,51060,1,1,0.0,0.0,0.0,0.0,0.0,0.0,0.0,0.0,50.0,0.0,0.0,0.0,22.0
15500000,Death Knight's Longhaft Axe,Death Knight's Longhaft Axe,2210,5140,Blinkbolt: Long-hafted Axe,Blinkbolt: Long-hafted Axe R2,,Blinkbolt: Long-hafted Axe,R2,direct,2,0,1,600000751,-1,1,0,180.0,180.0,180.0,180.0,180.0,0.0,0.0,0.0,0.0,0.0,100.0,100.0,35.0
15500000,Death Knight's Longhaft Axe,Death Knight's Longhaft Axe,2211,5140,Blinkbolt: Long-hafted Axe,Blinkbolt: Long-hafted Axe R2 - Bullet,,Blinkbolt: Long-hafted Axe,R2 - Bullet,bullet,2,0,1,600000752,51060,1,1,0.0,0.0,0.0,0.0,0.0,0.0,0.0,0.0,90.0,0.0,100.0,100.0,0.0
15500000,Death Knight's Longhaft Axe,Death Knight's Longhaft Axe,2212,5140,Blinkbolt: Long-hafted Axe,Blinkbolt: Long-hafted Axe (Lacking FP),,Blinkbolt: Long-hafted Axe,base,direct,1,1,1,600000753,51060,1,1,0.0,0.0,0.0,0.0,0.0,10.0,0.0,0.0,0.0,0.0,0.0,0.0,22.0
15500000,Death Knight's Longhaft Axe,Death Knight's Longhaft Axe,2213,5140,Blinkbolt: Long-hafted Axe,Blinkbolt: Long-hafted Axe R2 (Lacking FP),,Blinkbolt: Long-hafted Axe,R2,direct,2,1,1,600000754,-1,1,0,100.0,100.0,100.0,100.0,100.0,0.0,0.0,0.0,0.0,0.0,100.0,100.0,35.0
16040000,Cleanrot Spear,Cleanrot Spear,2392,1187,Sacred Phalanx,Sacred Phalanx,,Sacred Phalanx,base,direct,1,0,1,301604900,-1,1,0,140.0,140.0,140.0,140.0,140.0,0.0,0.0,0.0,0.0,0.0,100.0,100.0,39.0
16040000,Cleanrot Spear,Cleanrot Spear,2393,1187,Sacred Phalanx,Sacred Phalanx - Bullet,,Sacred Phalanx,Bullet,bullet,1,0,1,301604902,-1,1,1,0.0,0.0,0.0,0.0,500.0,0.0,0.0,0.0,0.0,0.0,70.0,100.0,34.0
16040000,Cleanrot Spear,Cleanrot Spear,2394,1187,Sacred Phalanx,Sacred Phalanx (Lacking FP),,Sacred Phalanx,base,direct,1,1,1,301604905,-1,1,0,100.0,100.0,100.0,100.0,100.0,0.0,0.0,0.0,0.0,0.0,100.0,100.0,57.0
16090000,Bolt of Gransax,Bolt of Gransax,2400,1049,Ancient Lightning Spear,Ancient Lightning Spear - Bullet,,Ancient Lightning Spear,Bullet,bullet,1,0,1,303400000,-1,1,1,0.0,0.0,0.0,250.0,0.0,0.0,0.0,0.0,75.0,0.0,100.0,100.0,42.0
16090000,Bolt of Gransax,Bolt of Gransax,2401,1049,Ancient Lightning Spear,Ancient Lightning Spear Charged - Bullet,,Ancient Lightning Spear,Charged - Bullet,bullet,1,0,1,303400001,-1,1,1,0.0,0.0,0.0,300.0,0.0,0.0,0.0,0.0,120.0,0.0,100.0,100.0,56.0
16090000,Bolt of Gransax,Bolt of Gransax,2402,1049,Ancient Lightning Spear,Ancient Lightning Spear - Bullet (Water AoE),,Ancient Lightning Spear,Bullet (Water AoE),bullet,1,0,1,303400002,-1,1,0,0.0,0.0,0.0,100.0,0.0,0.0,0.0,0.0,50.0,0.0,100.0,100.0,0.0
16120000,Death Ritual Spear,Death Ritual Spear,2395,1024,Spearcall Ritual,Spearcall Ritual,,Spearcall Ritual,base,direct,1,0,1,301612900,-1,1,0,150.0,150.0,150.0,150.0,150.0,0.0,0.0,0.0,0.0,0.0,100.0,100.0,12.0
16120000,Death Ritual Spear,Death Ritual Spear,2396,1024,Spearcall Ritual,Spearcall Ritual - Bullet,,Spearcall Ritual,Bullet,bullet,1,0,0,301612905,-1,1,0,0.0,0.0,0.0,0.0,0.0,0.0,0.0,0.0,0.0,0.0,0.0,0.0,31.0
16120000,Death Ritual Spear,Death Ritual Spear,2397,1024,Spearcall Ritual,Spearcall Ritual - Bullet,,Spearcall Ritual,Bullet,bullet,1,0,1,301612910,-1,1,1,0.0,168.0,0.0,0.0,0.0,0.0,0.0,0.0,0.0,0.0,100.0,100.0,0.0
16120000,Death Ritual Spear,Death Ritual Spear,2398,1024,Spearcall Ritual,Spearcall Ritual - Bullet,,Spearcall Ritual,Bullet,bullet,1,0,1,301612911,-1,1,1,0.0,168.0,0.0,0.0,0.0,0.0,0.0,0.0,0.0,0.0,100.0,100.0,0.0
16120000,Death Ritual Spear,Death Ritual Spear,2399,1024,Spearcall Ritual,Spearcall Ritual,,Spearcall Ritual,base,direct,1,0,1,301612915,-1,1,0,100.0,100.0,100.0,100.0,100.0,0.0,0.0,0.0,0.0,0.0,100.0,100.0,31.0
16550000,Bloodfiend's Sacred Spear,Bloodfiend's Sacred Spear,2426,5560,Bloodfiends' Bloodboon,Bloodfiends' Bloodboon #1 - Bullet,,Bloodfiends' Bloodboon,#1 - Bullet,bullet,1,0,1,700000206,-1,1,1,0.0,0.0,0.0,0.0,0.0,0.0,0.0,65.0,0.0,0.0,55.0,0.0,15.0
16550000,Bloodfiend's Sacred Spear,Bloodfiend's Sacred Spear,2427,5560,Bloodfiends' Bloodboon,Bloodfiends' Bloodboon #2 - Bullet,,Bloodfiends' Bloodboon,#2 - Bullet,bullet,2,0,1,700000206,-1,1,1,0.0,0.0,0.0,0.0,0.0,0.0,0.0,65.0,0.0,0.0,55.0,0.0,15.0
16550000,Bloodfiend's Sacred Spear,Bloodfiend's Sacred Spear,2428,5560,Bloodfiends' Bloodboon,Bloodfiends' Bloodboon #3 - Bullet,,Bloodfiends' Bloodboon,#3 - Bullet,bullet,3,0,1,700000226,-1,1,1,0.0,0.0,0.0,0.0,0.0,0.0,0.0,65.0,0.0,0.0,55.0,0.0,25.0
16550000,Bloodfiend's Sacred Spear,Bloodfiend's Sacred Spear,2429,5560,Bloodfiends' Bloodboon,Bloodfiends' Bloodboon #1 (Lacking FP),,Bloodfiends' Bloodboon,#1,direct,1,1,0,700000200,-1,1,0,0.0,0.0,0.0,0.0,0.0,0.0,0.0,0.0,0.0,0.0,0.0,0.0,0.0
16550000,Bloodfiend's Sacred Spear,Bloodfiend's Sacred Spear,2430,5560,Bloodfiends' Bloodboon,Bloodfiends' Bloodboon #2 (Lacking FP),,Bloodfiends' Bloodboon,#2,direct,2,1,0,700000210,-1,1,0,0.0,0.0,0.0,0.0,0.0,0.0,0.0,0.0,0.0,0.0,0.0,0.0,0.0
16550000,Bloodfiend's Sacred Spear,Bloodfiend's Sacred Spear,2431,5560,Bloodfiends' Bloodboon,Bloodfiends' Bloodboon #3 (Lacking FP),,Bloodfiends' Bloodboon,#3,direct,3,1,0,700000220,-1,1,0,0.0,0.0,0.0,0.0,0.0,0.0,0.0,0.0,0.0,0.0,0.0,0.0,0.0
17010000,Mohgwyn's Sacred Spear,Mohgwyn's Sacred Spear,2432,1034,Bloodboon Ritual,Bloodboon Ritual #1,,Bloodboon Ritual,#1,direct,1,0,0,301711900,-1,1,0,0.0,0.0,0.0,0.0,0.0,0.0,0.0,0.0,0.0,0.0,0.0,0.0,0.0
17010000,Mohgwyn's Sacred Spear,Mohgwyn's Sacred Spear,2433,1034,Bloodboon Ritual,Bloodboon Ritual #1 - Bullet 1,,Bloodboon Ritual,#1 - Bullet 1,bullet,1,0,1,301711907,-1,1,1,0.0,0.0,0.0,0.0,0.0,0.0,0.0,100.0,0.0,0.0,40.0,0.0,0.0
17010000,Mohgwyn's Sacred Spear,Mohgwyn's Sacred Spear,2434,1034,Bloodboon Ritual,Bloodboon Ritual #1 - Bullet 2,,Bloodboon Ritual,#1 - Bullet 2,bullet,1,0,1,301711905,-1,1,1,0.0,0.0,0.0,0.0,0.0,0.0,0.0,100.0,0.0,0.0,40.0,0.0,27.0
17010000,Mohgwyn's Sacred Spear,Mohgwyn's Sacred Spear,2435,1034,Bloodboon Ritual,Bloodboon Ritual #1 - Bullet 1&2 [Hit],,Bloodboon Ritual,#1 - Bullet 1&2 [Hit],bullet,1,0,1,301711906,-1,1,1,0.0,0.0,0.0,0.0,0.0,0.0,0.0,65.0,0.0,0.0,40.0,0.0,0.0
17010000,Mohgwyn's Sacred Spear,Mohgwyn's Sacred Spear,2436,1034,Bloodboon Ritual,Bloodboon Ritual #2,,Bloodboon Ritual,#2,direct,2,0,0,301711910,-1,1,0,0.0,0.0,0.0,0.0,0.0,0.0,0.0,0.0,0.0,0.0,0.0,0.0,0.0
17010000,Mohgwyn's Sacred Spear,Mohgwyn's Sacred Spear,2437,1034,Bloodboon Ritual,Bloodboon Ritual #2 - Bullet 1,,Bloodboon Ritual,#2 - Bullet 1,bullet,2,0,1,301711917,-1,1,1,0.0,0.0,0.0,0.0,0.0,0.0,0.0,100.0,0.0,0.0,50.0,0.0,0.0
17010000,Mohgwyn's Sacred Spear,Mohgwyn's Sacred Spear,2438,1034,Bloodboon Ritual,Bloodboon Ritual #2 - Bullet 2,,Bloodboon Ritual,#2 - Bullet 2,bullet,2,0,1,301711915,-1,1,1,0.0,0.0,0.0,0.0,0.0,0.0,0.0,100.0,0.0,0.0,50.0,0.0,27.0
17010000,Mohgwyn's Sacred Spear,Mohgwyn's Sacred Spear,2439,1034,Bloodboon Ritual,Bloodboon Ritual #2 - Bullet 1&2 [Hit],,Bloodboon Ritual,#2 - Bullet 1&2 [Hit],bullet,2,0,1,301711916,-1,1,1,0.0,0.0,0.0,0.0,0.0,0.0,0.0,65.0,0.0,0.0,50.0,0.0,0.0
17010000,Mohgwyn's Sacred Spear,Mohgwyn's Sacred Spear,2440,1034,Bloodboon Ritual,Bloodboon Ritual #3,,Bloodboon Ritual,#3,direct,3,0,0,301711920,-1,1,0,0.0,0.0,0.0,0.0,0.0,0.0,0.0,0.0,0.0,0.0,0.0,0.0,0.0
17010000,Mohgwyn's Sacred Spear,Mohgwyn's Sacred Spear,2441,1034,Bloodboon Ritual,Bloodboon Ritual #3 - Bullet 1,,Bloodboon Ritual,#3 - Bullet 1,bullet,3,0,1,301711927,-1,1,1,0.0,0.0,0.0,0.0,0.0,0.0,0.0,100.0,0.0,0.0,60.0,0.0,0.0
17010000,Mohgwyn's Sacred Spear,Mohgwyn's Sacred Spear,2442,1034,Bloodboon Ritual,Bloodboon Ritual #3 - Bullet 2,,Bloodboon Ritual,#3 - Bullet 2,bullet,3,0,1,301711925,-1,1,1,0.0,0.0,0.0,0.0,0.0,0.0,0.0,100.0,0.0,0.0,60.0,0.0,27.0
17010000,Mohgwyn's Sacred Spear,Mohgwyn's Sacred Spear,2443,1034,Bloodboon Ritual,Bloodboon Ritual #3 - Bullet 1&2 [Hit],,Bloodboon Ritual,#3 - Bullet 1&2 [Hit],bullet,3,0,1,301711926,-1,1,1,0.0,0.0,0.0,0.0,0.0,0.0,0.0,65.0,0.0,0.0,60.0,0.0,0.0
17010000,Mohgwyn's Sacred Spear,Mohgwyn's Sacred Spear,2444,1034,Bloodboon Ritual,Bloodboon Ritual #1 (Lacking FP),,Bloodboon Ritual,#1,direct,1,1,1,301711935,-1,1,0,100.0,100.0,100.0,100.0,100.0,0.0,0.0,0.0,0.0,0.0,100.0,100.0,27.0
17010000,Mohgwyn's Sacred Spear,Mohgwyn's Sacred Spear,2445,1034,Bloodboon Ritual,Bloodboon Ritual #2 (Lacking FP),,Bloodboon Ritual,#2,direct,2,1,1,301711940,-1,1,0,100.0,100.0,100.0,100.0,100.0,0.0,0.0,0.0,0.0,0.0,100.0,100.0,27.0
17010000,Mohgwyn's Sacred Spear,Mohgwyn's Sacred Spear,2446,1034,Bloodboon Ritual,Bloodboon Ritual #3 (Lacking FP),,Bloodboon Ritual,#3,direct,3,1,1,301711945,-1,1,0,100.0,100.0,100.0,100.0,100.0,0.0,0.0,0.0,0.0,0.0,100.0,100.0,27.0
17020000,Siluria's Tree,Siluria's Tree,2412,1009,Siluria's Woe,Siluria's Woe,,Siluria's Woe,base,direct,1,0,1,301702915,-1,1,0,50.0,50.0,50.0,50.0,50.0,0.0,0.0,0.0,0.0,0.0,100.0,100.0,44.0
17020000,Siluria's Tree,Siluria's Tree,2413,1009,Siluria's Woe,Siluria's Woe - Bullet,,Siluria's Woe,Bullet,bullet,1,0,1,301702920,-1,1,0,207.0,207.0,207.0,207.0,207.0,0.0,0.0,0.0,0.0,0.0,100.0,100.0,0.0
17020000,Siluria's Tree,Siluria's Tree,2414,1009,Siluria's Woe,Siluria's Woe Charged,,Siluria's Woe,Charged,charged,1,0,1,301702900,-1,1,0,65.0,65.0,65.0,65.0,65.0,0.0,0.0,0.0,0.0,0.0,100.0,100.0,44.0
17020000,Siluria's Tree,Siluria's Tree,2415,1009,Siluria's Woe,Siluria's Woe Charged - Bullet,,Siluria's Woe,Charged - Bullet,bullet,1,0,1,301702905,-1,1,0,276.0,276.0,276.0,276.0,276.0,0.0,0.0,0.0,0.0,0.0,100.0,100.0,0.0
17020000,Siluria's Tree,Siluria's Tree,2416,1009,Siluria's Woe,Siluria's Woe Charged - Bullet (Ranged),,Siluria's Woe,Charged - Bullet (Ranged),bullet,1,0,1,301702910,-1,1,0,276.0,276.0,276.0,276.0,276.0,0.0,0.0,0.0,0.0,0.0,100.0,100.0,0.0
17020000,Siluria's Tree,Siluria's Tree,2417,1009,Siluria's Woe,Siluria's Woe Charged (Lacking FP),,Siluria's Woe,Charged,charged,1,1,1,301702925,-1,1,0,170.0,170.0,170.0,170.0,170.0,0.0,0.0,0.0,0.0,0.0,100.0,100.0,44.0
17020000,Siluria's Tree,Siluria's Tree,2418,1009,Siluria's Woe,Siluria's Woe (Lacking FP),,Siluria's Woe,base,direct,1,1,1,301702930,-1,1,0,130.0,130.0,130.0,130.0,130.0,0.0,0.0,0.0,0.0,0.0,100.0,100.0,44.0
17030000,Serpent-Hunter,Serpent-Hunter,2403,1188,Great-Serpent Hunt,Great-Serpent Hunt #1,,Great-Serpent Hunt,#1,direct,1,0,1,301703950,-1,1,0,312.0,312.0,312.0,312.0,312.0,100.0,0.0,0.0,0.0,0.0,100.0,100.0,33.0
17030000,Serpent-Hunter,Serpent-Hunter,2404,1188,Great-Serpent Hunt,Great-Serpent Hunt #2,,Great-Serpent Hunt,#2,direct,2,0,1,301703951,-1,1,0,330.0,330.0,330.0,330.0,330.0,230.0,0.0,0.0,0.0,0.0,100.0,100.0,44.0
17030000,Serpent-Hunter,Serpent-Hunter,2405,1188,Great-Serpent Hunt,Great-Serpent Hunt #1 (Lacking FP),,Great-Serpent Hunt,#1,direct,1,1,1,301703970,-1,1,0,170.0,100.0,100.0,100.0,100.0,50.0,0.0,0.0,0.0,0.0,100.0,100.0,44.0
17030000,Serpent-Hunter,Serpent-Hunter,2406,1188,Great-Serpent Hunt,Great-Serpent Hunt #2 (Lacking FP),,Great-Serpent Hunt,#2,direct,2,1,1,301703971,-1,1,0,250.0,100.0,100.0,100.0,100.0,120.0,0.0,0.0,0.0,0.0,100.0,100.0,22.0
17030000,Serpent-Hunter,Serpent-Hunter,2407,1188,Great-Serpent Hunt,Great-Serpent Hunt ?,,Great-Serpent Hunt,?,direct,1,0,1,301703900,-1,1,0,220.0,100.0,100.0,100.0,100.0,0.0,0.0,0.0,0.0,0.0,100.0,100.0,33.0
17030000,Serpent-Hunter,Serpent-Hunter,2408,1188,Great-Serpent Hunt,Great-Serpent Hunt ?,,Great-Serpent Hunt,?,direct,1,0,1,301703901,-1,1,0,320.0,100.0,100.0,100.0,100.0,0.0,0.0,0.0,0.0,0.0,100.0,100.0,44.0
17030000,Serpent-Hunter,Serpent-Hunter,2409,1188,Great-Serpent Hunt,Great-Serpent Hunt ?,,Great-Serpent Hunt,?,direct,1,0,1,301703905,-1,1,0,200.0,100.0,100.0,100.0,100.0,0.0,0.0,0.0,0.0,0.0,100.0,100.0,22.0
17030000,Serpent-Hunter,Serpent-Hunter,2410,1188,Great-Serpent Hunt,Great-Serpent Hunt ?,,Great-Serpent Hunt,?,direct,1,0,1,301703955,-1,1,0,170.0,100.0,100.0,100.0,100.0,110.0,0.0,0.0,0.0,0.0,100.0,100.0,22.0
17030000,Serpent-Hunter,Serpent-Hunter,2411,1188,Great-Serpent Hunt,Great-Serpent Hunt ?,,Great-Serpent Hunt,?,direct,1,0,1,301703975,-1,1,0,140.0,100.0,100.0,100.0,100.0,60.0,0.0,0.0,0.0,0.0,100.0,100.0,44.0
17050000,Vyke's War Spear,Vyke's War Spear,2419,1050,Frenzyflame Thrust,Frenzyflame Thrust - Leap Stagger,,Frenzyflame Thrust,Leap Stagger,direct,1,0,0,301705920,-1,1,0,0.0,0.0,0.0,0.0,0.0,0.0,0.0,0.0,0.0,0.0,0.0,0.0,0.0
17050000,Vyke's War Spear,Vyke's War Spear,2420,1050,Frenzyflame Thrust,Frenzyflame Thrust,,Frenzyflame Thrust,base,direct,1,0,1,301705900,-1,1,0,80.0,80.0,80.0,80.0,80.0,0.0,0.0,0.0,0.0,0.0,150.0,100.0,40.0
17050000,Vyke's War Spear,Vyke's War Spear,2421,1050,Frenzyflame Thrust,Frenzyflame Thrust - Bullet (Explosion),,Frenzyflame Thrust,Bullet (Explosion),bullet,1,0,1,301705902,-1,1,1,0.0,0.0,0.0,0.0,0.0,0.0,0.0,155.0,0.0,0.0,100.0,100.0,0.0
17050000,Vyke's War Spear,Vyke's War Spear,2422,1050,Frenzyflame Thrust,Frenzyflame Thrust - Bullet (Ticks),,Frenzyflame Thrust,Bullet (Ticks),bullet,1,0,1,301705907,-1,1,1,0.0,0.0,0.0,0.0,0.0,0.0,0.0,40.0,0.0,0.0,35.0,100.0,0.0
17050000,Vyke's War Spear,Vyke's War Spear,2423,1050,Frenzyflame Thrust,Frenzyflame Thrust (Lacking FP),,Frenzyflame Thrust,base,direct,1,1,1,301705925,-1,1,0,125.0,125.0,125.0,125.0,125.0,0.0,0.0,0.0,0.0,0.0,100.0,100.0,40.0
17500000,Spear of the Impaler,Spear of the Impaler,2447,5190,Messmer's Assault,Messmer's Assault #1 [1],,Messmer's Assault,#1 [1],direct,1,0,0,600000940,-1,1,0,0.0,0.0,0.0,0.0,0.0,0.0,0.0,0.0,0.0,0.0,100.0,100.0,8.0
17500000,Spear of the Impaler,Spear of the Impaler,2448,5190,Messmer's Assault,Messmer's Assault #1 [2],,Messmer's Assault,#1 [2],direct,2,0,1,600000941,-1,1,0,62.0,62.0,62.0,62.0,62.0,0.0,0.0,0.0,0.0,0.0,100.0,100.0,13.0
17500000,Spear of the Impaler,Spear of the Impaler,2449,5190,Messmer's Assault,Messmer's Assault #1 - Bullet,,Messmer's Assault,#1 - Bullet,bullet,1,0,1,600000942,-1,1,1,0.0,0.0,0.0,0.0,0.0,0.0,0.0,160.0,0.0,0.0,100.0,100.0,0.0
17500000,Spear of the Impaler,Spear of the Impaler,2450,5190,Messmer's Assault,Messmer's Assault #2 [1],,Messmer's Assault,#2 [1],direct,1,0,1,600000943,-1,1,0,75.0,75.0,75.0,75.0,75.0,0.0,0.0,0.0,0.0,0.0,100.0,100.0,7.0
17500000,Spear of the Impaler,Spear of the Impaler,2451,5190,Messmer's Assault,Messmer's Assault #2 [2],,Messmer's Assault,#2 [2],direct,2,0,1,600000944,-1,1,0,76.0,76.0,76.0,76.0,76.0,0.0,0.0,0.0,0.0,0.0,100.0,100.0,7.0
17500000,Spear of the Impaler,Spear of the Impaler,2452,5190,Messmer's Assault,Messmer's Assault #2 [3],,Messmer's Assault,#2 [3],direct,3,0,1,600000945,-1,1,0,78.0,78.0,78.0,78.0,78.0,0.0,0.0,0.0,0.0,0.0,100.0,100.0,7.0
17500000,Spear of the Impaler,Spear of the Impaler,2453,5190,Messmer's Assault,Messmer's Assault #3,,Messmer's Assault,#3,direct,3,0,1,600000946,-1,1,0,74.0,74.0,74.0,74.0,74.0,0.0,0.0,0.0,0.0,0.0,100.0,100.0,16.0
17500000,Spear of the Impaler,Spear of the Impaler,2454,5190,Messmer's Assault,Messmer's Assault #3 - Bullet,,Messmer's Assault,#3 - Bullet,bullet,3,0,1,600000947,-1,1,0,105.0,105.0,105.0,105.0,105.0,0.0,0.0,0.0,0.0,0.0,100.0,100.0,0.0
17500000,Spear of the Impaler,Spear of the Impaler,2455,5190,Messmer's Assault,Messmer's Assault #3 - Bullet,,Messmer's Assault,#3 - Bullet,bullet,3,0,1,600000948,-1,1,0,140.0,140.0,140.0,140.0,140.0,0.0,0.0,0.0,0.0,0.0,100.0,100.0,0.0
17500000,Spear of the Impaler,Spear of the Impaler,2456,5190,Messmer's Assault,Messmer's Assault #1 [1] (Lacking FP),,Messmer's Assault,#1 [1],direct,1,1,1,600000950,-1,1,0,50.0,50.0,50.0,50.0,50.0,0.0,0.0,0.0,0.0,0.0,75.0,75.0,8.0
17500000,Spear of the Impaler,Spear of the Impaler,2457,5190,Messmer's Assault,Messmer's Assault #1 [2] (Lacking FP),,Messmer's Assault,#1 [2],direct,2,1,1,600000951,-1,1,0,100.0,100.0,100.0,100.0,100.0,0.0,0.0,0.0,0.0,0.0,75.0,75.0,13.0
17500000,Spear of the Impaler,Spear of the Impaler,2458,5190,Messmer's Assault,Messmer's Assault #2 [1] (Lacking FP),,Messmer's Assault,#2 [1],direct,1,1,1,600000953,-1,1,0,55.0,55.0,55.0,55.0,55.0,0.0,0.0,0.0,0.0,0.0,75.0,75.0,7.0
17500000,Spear of the Impaler,Spear of the Impaler,2459,5190,Messmer's Assault,Messmer's Assault #2 [2] (Lacking FP),,Messmer's Assault,#2 [2],direct,2,1,1,600000954,-1,1,0,56.0,56.0,56.0,56.0,56.0,0.0,0.0,0.0,0.0,0.0,75.0,75.0,7.0
17500000,Spear of the Impaler,Spear of the Impaler,2460,5190,Messmer's Assault,Messmer's Assault #2 [3] (Lacking FP),,Messmer's Assault,#2 [3],direct,3,1,1,600000955,-1,1,0,57.0,57.0,57.0,57.0,57.0,0.0,0.0,0.0,0.0,0.0,75.0,75.0,7.0
17500000,Spear of the Impaler,Spear of the Impaler,2461,5190,Messmer's Assault,Messmer's Assault #3 (Lacking FP),,Messmer's Assault,#3,direct,3,1,1,600000956,-1,1,0,100.0,100.0,100.0,100.0,100.0,0.0,0.0,0.0,0.0,0.0,75.0,75.0,16.0
17520000,Barbed Staff-Spear,Barbed Staff-Spear,2424,5470,Jori's Inquisition,Jori's Inquisition - Bullet,,Jori's Inquisition,Bullet,bullet,1,0,1,600000850,-1,1,1,0.0,0.0,0.0,0.0,0.0,0.0,0.0,0.0,0.0,59.0,50.0,100.0,12.0
17520000,Barbed Staff-Spear,Barbed Staff-Spear,2425,5470,Jori's Inquisition,Jori's Inquisition,,Jori's Inquisition,base,direct,1,0,1,600000851,-1,1,0,50.0,50.0,50.0,50.0,50.0,0.0,0.0,0.0,0.0,0.0,100.0,100.0,15.0
18040000,Commander's Standard,Commander's Standard,2475,1010,Rallying Standard,Rallying Standard - Bullet,,Rallying Standard,Bullet,bullet,1,0,0,301804900,-1,1,0,0.0,0.0,0.0,0.0,0.0,0.0,0.0,0.0,0.0,0.0,0.0,0.0,11.0
18100000,Loretta's War Sickle,Loretta's War Sickle,2470,1165,Loretta's Slash,Loretta's Slash ?,,Loretta's Slash,?,direct,1,0,0,301810900,-1,0,0,0.0,0.0,0.0,0.0,0.0,0.0,0.0,0.0,0.0,0.0,0.0,0.0,0.0
18100000,Loretta's War Sickle,Loretta's War Sickle,2471,1165,Loretta's Slash,Loretta's Slash [1],,Loretta's Slash,[1],direct,1,0,1,301810905,-1,1,0,80.0,80.0,0.0,0.0,0.0,0.0,34.0,0.0,0.0,0.0,100.0,100.0,16.0
18100000,Loretta's War Sickle,Loretta's War Sickle,2472,1165,Loretta's Slash,Loretta's Slash [2],,Loretta's Slash,[2],direct,2,0,1,301810906,-1,1,0,172.0,172.0,0.0,0.0,0.0,0.0,68.0,0.0,0.0,0.0,100.0,100.0,22.0
18100000,Loretta's War Sickle,Loretta's War Sickle,2473,1165,Loretta's Slash,Loretta's Slash [1] (Lacking FP),,Loretta's Slash,[1],direct,1,1,1,301810910,-1,1,0,50.0,50.0,0.0,0.0,0.0,0.0,0.0,0.0,0.0,0.0,100.0,100.0,16.0
18100000,Loretta's War Sickle,Loretta's War Sickle,2474,1165,Loretta's Slash,Loretta's Slash [2] (Lacking FP),,Loretta's Slash,[2],direct,2,1,1,301810911,-1,1,0,120.0,120.0,0.0,0.0,0.0,0.0,0.0,0.0,0.0,0.0,100.0,100.0,22.0
18140000,Dragon Halberd,Dragon Halberd,2462,1166,Spinning Slash,Spinning Slash #1,,Spinning Slash,#1,direct,1,0,1,300000230,-1,1,0,105.0,105.0,105.0,105.0,105.0,0.0,0.0,0.0,0.0,0.0,65.0,100.0,21.0
18140000,Dragon Halberd,Dragon Halberd,2463,1166,Spinning Slash,Spinning Slash #2 [1],,Spinning Slash,#2 [1],direct,1,0,1,300000231,-1,1,0,60.0,60.0,60.0,60.0,60.0,0.0,0.0,0.0,0.0,0.0,50.0,100.0,10.0
18140000,Dragon Halberd,Dragon Halberd,2464,1166,Spinning Slash,Spinning Slash #2 [2],,Spinning Slash,#2 [2],direct,2,0,1,300000232,-1,1,0,110.0,110.0,110.0,110.0,110.0,0.0,0.0,0.0,0.0,0.0,70.0,100.0,26.0
18140000,Dragon Halberd,Dragon Halberd,2465,1166,Spinning Slash - Bullet,Spinning Slash #2 - Bullet,,Spinning Slash - Bullet,Spinning Slash #2 - Bullet,bullet,2,0,1,30090011,1001,0,0,100.0,100.0,100.0,166.0,100.0,0.0,0.0,0.0,149.0,0.0,0.0,100.0,0.0
18140000,Dragon Halberd,Dragon Halberd,2466,1166,Spinning Slash - Bullet (Water AoE),Spinning Slash #2 - Bullet (Water AoE),,Spinning Slash - Bullet (Water AoE),Spinning Slash #2 - Bullet (Water AoE),bullet,2,0,1,30090012,1001,0,0,50.0,50.0,50.0,109.0,50.0,0.0,0.0,0.0,69.0,0.0,0.0,100.0,0.0
18140000,Dragon Halberd,Dragon Halberd,2467,1166,Spinning Slash,Spinning Slash #1 (Lacking FP),,Spinning Slash,#1,direct,1,1,1,300000235,-1,1,0,70.0,70.0,70.0,70.0,70.0,0.0,0.0,0.0,0.0,0.0,65.0,100.0,21.0
18140000,Dragon Halberd,Dragon Halberd,2468,1166,Spinning Slash,Spinning Slash #2 [1] (Lacking FP),,Spinning Slash,#2 [1],direct,1,1,1,300000236,-1,1,0,40.0,40.0,40.0,40.0,40.0,0.0,0.0,0.0,0.0,0.0,50.0,100.0,10.0
18140000,Dragon Halberd,Dragon Halberd,2469,1166,Spinning Slash,Spinning Slash #2 [2] (Lacking FP),,Spinning Slash,#2 [2],direct,2,1,1,300000237,-1,1,0,85.0,85.0,85.0,85.0,85.0,0.0,0.0,0.0,0.0,0.0,70.0,100.0,26.0
18500000,Spirit Glaive,Spirit Glaive,2476,5290,Rancor Slash,Rancor Slash #1 [1],,Rancor Slash,#1 [1],direct,1,0,1,700000040,-1,1,0,80.0,80.0,80.0,80.0,80.0,0.0,0.0,0.0,0.0,0.0,75.0,75.0,23.0
18500000,Spirit Glaive,Spirit Glaive,2477,5290,Rancor Slash,Rancor Slash #1 [2],,Rancor Slash,#1 [2],direct,2,0,1,700000041,-1,1,0,80.0,80.0,80.0,80.0,80.0,0.0,0.0,0.0,0.0,0.0,75.0,75.0,19.0
18500000,Spirit Glaive,Spirit Glaive,2478,5290,Rancor Slash,Rancor Slash #2,,Rancor Slash,#2,direct,2,0,1,700000042,-1,1,0,100.0,100.0,100.0,100.0,100.0,0.0,0.0,0.0,0.0,0.0,100.0,100.0,33.0
18500000,Spirit Glaive,Spirit Glaive,2479,5290,Rancor Slash,Rancor Slash - Bullet,,Rancor Slash,Bullet,bullet,1,0,1,700000043,51080,1,1,0.0,0.0,0.0,0.0,0.0,0.0,46.0,0.0,0.0,0.0,100.0,100.0,0.0
18500000,Spirit Glaive,Spirit Glaive,2480,5290,Rancor Slash,Rancor Slash #1 [1] (Lacking FP),,Rancor Slash,#1 [1],direct,1,1,1,700000046,-1,1,0,70.0,70.0,70.0,70.0,70.0,0.0,0.0,0.0,0.0,0.0,100.0,100.0,23.0
18500000,Spirit Glaive,Spirit Glaive,2481,5290,Rancor Slash,Rancor Slash #1 [2] (Lacking FP),,Rancor Slash,#1 [2],direct,2,1,1,700000047,-1,1,0,70.0,70.0,70.0,70.0,70.0,0.0,0.0,0.0,0.0,0.0,100.0,100.0,19.0
18500000,Spirit Glaive,Spirit Glaive,2482,5290,Rancor Slash,Rancor Slash #2 (Lacking FP),,Rancor Slash,#2,direct,2,1,1,700000048,-1,1,0,100.0,100.0,100.0,100.0,100.0,0.0,0.0,0.0,0.0,0.0,100.0,100.0,33.0
18510000,Poleblade of the Bud,Poleblade of the Bud,2483,5300,Romina's Purification,Romina's Purification [1],,Romina's Purification,[1],direct,1,0,1,600000580,-1,1,0,112.0,112.0,112.0,112.0,112.0,0.0,0.0,0.0,0.0,0.0,100.0,100.0,11.0
18510000,Poleblade of the Bud,Poleblade of the Bud,2484,5300,Romina's Purification,Romina's Purification [2],,Romina's Purification,[2],direct,2,0,1,600000581,-1,1,0,105.0,105.0,105.0,105.0,105.0,0.0,0.0,0.0,0.0,0.0,100.0,100.0,11.0
18510000,Poleblade of the Bud,Poleblade of the Bud,2485,5300,Romina's Purification,Romina's Purification - Bullet,,Romina's Purification,Bullet,bullet,1,0,1,600000582,-1,1,0,25.0,25.0,25.0,25.0,25.0,0.0,0.0,0.0,0.0,0.0,40.0,100.0,11.0
18510000,Poleblade of the Bud,Poleblade of the Bud,2486,5300,Romina's Purification,Romina's Purification [1] (Lacking FP),,Romina's Purification,[1],direct,1,1,1,600000583,-1,1,0,55.0,55.0,55.0,55.0,55.0,0.0,0.0,0.0,0.0,0.0,100.0,100.0,11.0
18510000,Poleblade of the Bud,Poleblade of the Bud,2487,5300,Romina's Purification,Romina's Purification [2] (Lacking FP),,Romina's Purification,[2],direct,2,1,1,600000584,-1,1,0,85.0,85.0,85.0,85.0,85.0,0.0,0.0,0.0,0.0,0.0,100.0,100.0,11.0
19020000,Halo Scythe,Halo Scythe,2488,1051,Miquella's Ring of Light,Miquella's Ring of Light #1,,Miquella's Ring of Light,#1,direct,1,0,1,301902900,-1,1,0,55.0,55.0,55.0,55.0,55.0,0.0,0.0,0.0,0.0,0.0,100.0,100.0,0.0
19020000,Halo Scythe,Halo Scythe,2489,1051,Miquella's Ring of Light,Miquella's Ring of Light #1 - Bullet,,Miquella's Ring of Light,#1 - Bullet,bullet,1,0,1,301902901,-1,1,1,0.0,0.0,0.0,0.0,0.0,0.0,0.0,0.0,0.0,170.0,0.0,0.0,20.0
19020000,Halo Scythe,Halo Scythe,2490,1051,Miquella's Ring of Light,Miquella's Ring of Light #1 - Bullet (Far),,Miquella's Ring of Light,#1 - Bullet (Far),bullet,1,0,1,301902902,-1,1,1,0.0,0.0,0.0,0.0,0.0,0.0,0.0,0.0,0.0,170.0,0.0,0.0,0.0
19020000,Halo Scythe,Halo Scythe,2491,1051,Miquella's Ring of Light,Miquella's Ring of Light #2,,Miquella's Ring of Light,#2,direct,2,0,1,301902910,-1,1,0,55.0,55.0,55.0,55.0,55.0,0.0,0.0,0.0,0.0,0.0,100.0,100.0,0.0
19020000,Halo Scythe,Halo Scythe,2492,1051,Miquella's Ring of Light,Miquella's Ring of Light #2 - Bullet,,Miquella's Ring of Light,#2 - Bullet,bullet,2,0,1,301902911,-1,1,1,0.0,0.0,0.0,0.0,0.0,0.0,0.0,0.0,0.0,170.0,0.0,0.0,20.0
19020000,Halo Scythe,Halo Scythe,2493,1051,Miquella's Ring of Light,Miquella's Ring of Light #2 - Bullet (Far),,Miquella's Ring of Light,#2 - Bullet (Far),bullet,2,0,1,301902912,-1,1,1,0.0,0.0,0.0,0.0,0.0,0.0,0.0,0.0,0.0,170.0,0.0,0.0,0.0
19020000,Halo Scythe,Halo Scythe,2494,1051,Miquella's Ring of Light,Miquella's Ring of Light #3,,Miquella's Ring of Light,#3,direct,3,0,1,301902920,-1,1,0,55.0,55.0,55.0,55.0,55.0,0.0,0.0,0.0,0.0,0.0,100.0,100.0,0.0
19020000,Halo Scythe,Halo Scythe,2495,1051,Miquella's Ring of Light,Miquella's Ring of Light #3 - Bullet,,Miquella's Ring of Light,#3 - Bullet,bullet,3,0,1,301902921,-1,1,1,0.0,0.0,0.0,0.0,0.0,0.0,0.0,0.0,0.0,170.0,0.0,0.0,20.0
19020000,Halo Scythe,Halo Scythe,2496,1051,Miquella's Ring of Light,Miquella's Ring of Light #3 - Bullet (Far),,Miquella's Ring of Light,#3 - Bullet (Far),bullet,3,0,1,301902922,-1,1,1,0.0,0.0,0.0,0.0,0.0,0.0,0.0,0.0,0.0,170.0,0.0,0.0,0.0
19020000,Halo Scythe,Halo Scythe,2497,1051,Miquella's Ring of Light,Miquella's Ring of Light #1 (Lacking FP),,Miquella's Ring of Light,#1,direct,1,1,1,301902905,-1,1,0,80.0,80.0,80.0,80.0,80.0,0.0,0.0,0.0,0.0,0.0,100.0,100.0,20.0
19020000,Halo Scythe,Halo Scythe,2498,1051,Miquella's Ring of Light,Miquella's Ring of Light #2 (Lacking FP),,Miquella's Ring of Light,#2,direct,2,1,1,301902915,-1,1,0,80.0,80.0,80.0,80.0,80.0,0.0,0.0,0.0,0.0,0.0,100.0,100.0,20.0
19020000,Halo Scythe,Halo Scythe,2499,1051,Miquella's Ring of Light,Miquella's Ring of Light #3 (Lacking FP),,Miquella's Ring of Light,#3,direct,3,1,1,301902925,-1,1,0,80.0,80.0,80.0,80.0,80.0,0.0,0.0,0.0,0.0,0.0,100.0,100.0,20.0
19060000,Winged Scythe,Winged Scythe,2500,1189,Angel's Wings,Angel's Wings [1],,Angel's Wings,[1],direct,1,0,1,301906900,-1,1,1,85.0,85.0,85.0,85.0,85.0,0.0,0.0,0.0,0.0,0.0,100.0,100.0,18.0
19060000,Winged Scythe,Winged Scythe,2501,1189,Angel's Wings,Angel's Wings [2],,Angel's Wings,[2],direct,2,0,1,301906901,-1,1,1,160.0,160.0,160.0,160.0,160.0,0.0,0.0,0.0,0.0,0.0,100.0,100.0,21.0
19060000,Winged Scythe,Winged Scythe,2502,1189,Angel's Wings,Angel's Wings ?,,Angel's Wings,?,direct,1,0,0,301906902,-1,0,0,0.0,0.0,0.0,0.0,0.0,0.0,0.0,0.0,0.0,0.0,0.0,0.0,0.0
19060000,Winged Scythe,Winged Scythe,2503,1189,Angel's Wings,Angel's Wings [1] (Lacking FP),,Angel's Wings,[1],direct,1,1,1,301906905,-1,1,0,65.0,65.0,65.0,65.0,65.0,0.0,0.0,0.0,0.0,0.0,100.0,100.0,18.0
19060000,Winged Scythe,Winged Scythe,2504,1189,Angel's Wings,Angel's Wings [2] (Lacking FP),,Angel's Wings,[2],direct,2,1,1,301906906,-1,1,0,85.0,85.0,85.0,85.0,85.0,0.0,0.0,0.0,0.0,0.0,100.0,100.0,21.0
19500000,Obsidian Lamina,Obsidian Lamina,2505,5120,Dynastic Sickleplay,Dynastic Sickleplay R2 #1,,Dynastic Sickleplay,R2 #1,direct,1,0,1,600000711,-1,1,0,180.0,180.0,180.0,180.0,180.0,0.0,0.0,0.0,0.0,0.0,100.0,100.0,26.0
19500000,Obsidian Lamina,Obsidian Lamina,2506,5120,Dynastic Sickleplay,Dynastic Sickleplay R2 #2 [1],,Dynastic Sickleplay,R2 #2 [1],direct,1,0,1,600000712,-1,1,0,90.0,90.0,90.0,90.0,90.0,0.0,0.0,0.0,0.0,0.0,100.0,100.0,10.0
19500000,Obsidian Lamina,Obsidian Lamina,2507,5120,Dynastic Sickleplay,Dynastic Sickleplay R2 #2 [2],,Dynastic Sickleplay,R2 #2 [2],direct,2,0,1,600000713,-1,1,0,92.0,92.0,92.0,92.0,92.0,0.0,0.0,0.0,0.0,0.0,100.0,100.0,10.0
19500000,Obsidian Lamina,Obsidian Lamina,2508,5120,Dynastic Sickleplay,Dynastic Sickleplay R2 #2 [3],,Dynastic Sickleplay,R2 #2 [3],direct,3,0,1,600000714,-1,1,0,97.0,97.0,97.0,97.0,97.0,0.0,0.0,0.0,0.0,0.0,100.0,100.0,17.0
19500000,Obsidian Lamina,Obsidian Lamina,2509,5120,Dynastic Sickleplay,Dynastic Sickleplay R2 #1 (Lacking FP),,Dynastic Sickleplay,R2 #1,direct,1,1,1,600000716,-1,1,0,50.0,50.0,50.0,50.0,50.0,0.0,0.0,0.0,0.0,0.0,100.0,100.0,26.0
19500000,Obsidian Lamina,Obsidian Lamina,2510,5120,Dynastic Sickleplay,Dynastic Sickleplay R2 #2 [1] (Lacking FP),,Dynastic Sickleplay,R2 #2 [1],direct,1,1,1,600000717,-1,1,0,50.0,50.0,50.0,50.0,50.0,0.0,0.0,0.0,0.0,0.0,100.0,100.0,10.0
19500000,Obsidian Lamina,Obsidian Lamina,2511,5120,Dynastic Sickleplay,Dynastic Sickleplay R2 #2 [2] (Lacking FP),,Dynastic Sickleplay,R2 #2 [2],direct,2,1,1,600000718,-1,1,0,50.0,50.0,50.0,50.0,50.0,0.0,0.0,0.0,0.0,0.0,100.0,100.0,10.0
19500000,Obsidian Lamina,Obsidian Lamina,2512,5120,Dynastic Sickleplay,Dynastic Sickleplay R2 #2 [3] (Lacking FP),,Dynastic Sickleplay,R2 #2 [3],direct,3,1,1,600000719,-1,1,0,50.0,50.0,50.0,50.0,50.0,0.0,0.0,0.0,0.0,0.0,100.0,100.0,17.0
20030000,Magma Whip Candlestick,Magma Whip Candlestick,2519,1006,Sea of Magma,Sea of Magma [1],,Sea of Magma,[1],direct,1,0,1,302003900,-1,1,0,90.0,90.0,90.0,90.0,90.0,0.0,0.0,0.0,0.0,0.0,50.0,50.0,15.0
20030000,Magma Whip Candlestick,Magma Whip Candlestick,2520,1006,Sea of Magma,Sea of Magma [2],,Sea of Magma,[2],direct,2,0,1,302003901,-1,1,0,90.0,90.0,90.0,90.0,90.0,0.0,0.0,0.0,0.0,0.0,50.0,50.0,15.0
20030000,Magma Whip Candlestick,Magma Whip Candlestick,2521,1006,Sea of Magma,Sea of Magma - Loop [1],,Sea of Magma,Loop [1],loop,1,0,1,302003902,-1,1,0,90.0,90.0,90.0,90.0,90.0,0.0,0.0,0.0,0.0,0.0,50.0,50.0,15.0
20030000,Magma Whip Candlestick,Magma Whip Candlestick,2522,1006,Sea of Magma,Sea of Magma - Loop [2],,Sea of Magma,Loop [2],loop,2,0,1,302003903,-1,1,0,90.0,90.0,90.0,90.0,90.0,0.0,0.0,0.0,0.0,0.0,50.0,50.0,15.0
20030000,Magma Whip Candlestick,Magma Whip Candlestick,2523,1006,Sea of Magma,Sea of Magma - Final,,Sea of Magma,Final,direct,1,0,1,302003904,-1,1,0,130.0,130.0,130.0,130.0,130.0,0.0,0.0,0.0,0.0,0.0,100.0,100.0,20.0
20030000,Magma Whip Candlestick,Magma Whip Candlestick,2524,1006,Sea of Magma,Sea of Magma - Bullet,,Sea of Magma,Bullet,bullet,1,0,1,302003905,-1,1,1,0.0,0.0,0.0,0.0,0.0,0.0,0.0,66.0,0.0,0.0,0.0,0.0,0.0
20030000,Magma Whip Candlestick,Magma Whip Candlestick,2525,1006,Sea of Magma,Sea of Magma - Bullet,,Sea of Magma,Bullet,bullet,1,0,1,302003906,-1,1,1,0.0,0.0,0.0,0.0,0.0,0.0,0.0,66.0,0.0,0.0,0.0,0.0,0.0
20030000,Magma Whip Candlestick,Magma Whip Candlestick,2526,1006,Sea of Magma,Sea of Magma [1] (Lacking FP),,Sea of Magma,[1],direct,1,1,1,302003910,-1,1,0,50.0,50.0,50.0,50.0,50.0,0.0,0.0,0.0,0.0,0.0,50.0,50.0,15.0
20030000,Magma Whip Candlestick,Magma Whip Candlestick,2527,1006,Sea of Magma,Sea of Magma [2] (Lacking FP),,Sea of Magma,[2],direct,2,1,1,302003911,-1,1,0,50.0,50.0,50.0,50.0,50.0,0.0,0.0,0.0,0.0,0.0,50.0,50.0,15.0
20030000,Magma Whip Candlestick,Magma Whip Candlestick,2528,1006,Sea of Magma,Sea of Magma - Loop [1] (Lacking FP),,Sea of Magma,Loop [1],loop,1,1,1,302003912,-1,1,0,70.0,70.0,70.0,70.0,70.0,0.0,0.0,0.0,0.0,0.0,50.0,50.0,15.0
20030000,Magma Whip Candlestick,Magma Whip Candlestick,2529,1006,Sea of Magma,Sea of Magma - Loop [2] (Lacking FP),,Sea of Magma,Loop [2],loop,2,1,1,302003913,-1,1,0,70.0,70.0,70.0,70.0,70.0,0.0,0.0,0.0,0.0,0.0,50.0,50.0,15.0
20030000,Magma Whip Candlestick,Magma Whip Candlestick,2530,1006,Sea of Magma,Sea of Magma - Final (Lacking FP),,Sea of Magma,Final,direct,1,1,1,302003914,-1,1,0,100.0,100.0,100.0,100.0,100.0,0.0,0.0,0.0,0.0,0.0,100.0,100.0,20.0
20060000,Giant's Red Braid,Giant's Red Braid,2531,1045,Flame Dance,Flame Dance [1],,Flame Dance,[1],direct,1,0,1,302006900,-1,1,0,85.0,85.0,85.0,85.0,85.0,0.0,0.0,0.0,0.0,0.0,50.0,50.0,20.0
20060000,Giant's Red Braid,Giant's Red Braid,2532,1045,Flame Dance,Flame Dance [2],,Flame Dance,[2],direct,2,0,1,302006901,-1,1,0,85.0,85.0,85.0,85.0,85.0,0.0,0.0,0.0,0.0,0.0,50.0,50.0,10.0
20060000,Giant's Red Braid,Giant's Red Braid,2533,1045,Flame Dance,Flame Dance [3],,Flame Dance,[3],direct,3,0,1,302006902,-1,1,0,85.0,85.0,85.0,85.0,85.0,0.0,0.0,0.0,0.0,0.0,50.0,50.0,10.0
20060000,Giant's Red Braid,Giant's Red Braid,2534,1045,Flame Dance,Flame Dance [4],,Flame Dance,[4],direct,4,0,1,302006903,-1,1,0,85.0,85.0,85.0,85.0,85.0,0.0,0.0,0.0,0.0,0.0,50.0,50.0,10.0
20060000,Giant's Red Braid,Giant's Red Braid,2535,1045,Flame Dance,Flame Dance [5],,Flame Dance,[5],direct,5,0,1,302006904,-1,1,0,110.0,110.0,110.0,110.0,110.0,0.0,0.0,0.0,0.0,0.0,100.0,100.0,20.0
20060000,Giant's Red Braid,Giant's Red Braid,2536,1045,Flame Dance,Flame Dance [1] (Lacking FP),,Flame Dance,[1],direct,1,1,1,302006910,-1,1,0,60.0,60.0,60.0,60.0,60.0,0.0,0.0,0.0,0.0,0.0,50.0,50.0,20.0
20060000,Giant's Red Braid,Giant's Red Braid,2537,1045,Flame Dance,Flame Dance [2] (Lacking FP),,Flame Dance,[2],direct,2,1,1,302006911,-1,1,0,60.0,60.0,60.0,60.0,60.0,0.0,0.0,0.0,0.0,0.0,50.0,50.0,10.0
20060000,Giant's Red Braid,Giant's Red Braid,2538,1045,Flame Dance,Flame Dance [3] (Lacking FP),,Flame Dance,[3],direct,3,1,1,302006912,-1,1,0,60.0,60.0,60.0,60.0,60.0,0.0,0.0,0.0,0.0,0.0,50.0,50.0,10.0
20060000,Giant's Red Braid,Giant's Red Braid,2539,1045,Flame Dance,Flame Dance [4] (Lacking FP),,Flame Dance,[4],direct,4,1,1,302006913,-1,1,0,60.0,60.0,60.0,60.0,60.0,0.0,0.0,0.0,0.0,0.0,50.0,50.0,10.0
20060000,Giant's Red Braid,Giant's Red Braid,2540,1045,Flame Dance,Flame Dance [5] (Lacking FP),,Flame Dance,[5],direct,5,1,1,302006914,-1,1,0,90.0,90.0,90.0,90.0,90.0,0.0,0.0,0.0,0.0,0.0,50.0,50.0,20.0
20500000,Tooth Whip,Tooth Whip,2513,5420,Painful Strike,Painful Strike [1],,Painful Strike,[1],direct,1,0,1,600000600,-1,1,0,70.0,70.0,70.0,70.0,70.0,0.0,0.0,0.0,0.0,0.0,50.0,100.0,10.0
20500000,Tooth Whip,Tooth Whip,2514,5420,Painful Strike,Painful Strike [2],,Painful Strike,[2],direct,2,0,1,600000600,-1,1,0,70.0,70.0,70.0,70.0,70.0,0.0,0.0,0.0,0.0,0.0,50.0,100.0,10.0
20500000,Tooth Whip,Tooth Whip,2515,5420,Painful Strike,Painful Strike [3],,Painful Strike,[3],direct,3,0,1,600000601,-1,1,0,130.0,130.0,130.0,130.0,130.0,0.0,0.0,0.0,0.0,0.0,100.0,100.0,26.0
20500000,Tooth Whip,Tooth Whip,2516,5420,Painful Strike,Painful Strike [1] (Lacking FP),,Painful Strike,[1],direct,1,1,1,600000602,-1,1,0,40.0,40.0,40.0,40.0,40.0,0.0,0.0,0.0,0.0,0.0,50.0,100.0,10.0
20500000,Tooth Whip,Tooth Whip,2517,5420,Painful Strike,Painful Strike [2] (Lacking FP),,Painful Strike,[2],direct,2,1,1,600000602,-1,1,0,40.0,40.0,40.0,40.0,40.0,0.0,0.0,0.0,0.0,0.0,50.0,100.0,10.0
20500000,Tooth Whip,Tooth Whip,2518,5420,Painful Strike,Painful Strike [3] (Lacking FP),,Painful Strike,[3],direct,3,1,1,600000603,-1,1,0,100.0,100.0,100.0,100.0,100.0,0.0,0.0,0.0,0.0,0.0,100.0,100.0,26.0
21060000,Grafted Dragon,Grafted Dragon,2569,1011,Bear Witness!,Bear Witness! [1] - Bullet,,Bear Witness!,[1] - Bullet,bullet,1,0,1,302106900,-1,1,1,0.0,0.0,155.0,0.0,0.0,0.0,0.0,0.0,0.0,0.0,100.0,100.0,0.0
21060000,Grafted Dragon,Grafted Dragon,2570,1011,Bear Witness!,Bear Witness! [2] - Bullet,,Bear Witness!,[2] - Bullet,bullet,2,0,1,302106901,-1,1,1,0.0,0.0,85.0,0.0,0.0,0.0,0.0,0.0,0.0,0.0,100.0,100.0,0.0
21060000,Grafted Dragon,Grafted Dragon,2571,1011,Bear Witness!,Bear Witness! [3] - Bullet (Explosion),,Bear Witness!,[3] - Bullet (Explosion),bullet,3,0,1,302106902,-1,1,1,0.0,0.0,610.0,0.0,0.0,0.0,0.0,0.0,0.0,0.0,100.0,100.0,44.0
21060000,Grafted Dragon,Grafted Dragon,2572,1011,Bear Witness!,Bear Witness! [4] - Bullet (Projectile),,Bear Witness!,[4] - Bullet (Projectile),bullet,4,0,1,302106903,-1,1,1,0.0,0.0,130.0,0.0,0.0,0.0,0.0,0.0,0.0,0.0,100.0,100.0,0.0
21060000,Grafted Dragon,Grafted Dragon,2573,1011,Bear Witness!,Bear Witness! [4] - Bullet (Projectile),,Bear Witness!,[4] - Bullet (Projectile),bullet,4,0,1,302106904,-1,1,1,0.0,0.0,130.0,0.0,0.0,0.0,0.0,0.0,0.0,0.0,100.0,100.0,0.0
21060000,Grafted Dragon,Grafted Dragon,2574,1011,Bear Witness!,Bear Witness! [4] - Bullet (Projectile),,Bear Witness!,[4] - Bullet (Projectile),bullet,4,0,1,302106905,-1,1,1,0.0,0.0,130.0,0.0,0.0,0.0,0.0,0.0,0.0,0.0,100.0,100.0,0.0
21060000,Grafted Dragon,Grafted Dragon,2575,1011,Bear Witness!,Bear Witness! [4] - Bullet (Lingering Fire),,Bear Witness!,[4] - Bullet (Lingering Fire),bullet,4,0,1,302106906,-1,1,1,0.0,0.0,100.0,0.0,0.0,0.0,0.0,0.0,0.0,0.0,100.0,100.0,0.0
21060000,Grafted Dragon,Grafted Dragon,2576,1011,Bear Witness!,Bear Witness! (Lacking FP),,Bear Witness!,base,direct,1,1,1,302106910,-1,1,0,120.0,0.0,120.0,0.0,0.0,0.0,0.0,0.0,0.0,0.0,100.0,100.0,44.0
21120000,Veteran's Prosthesis,Veteran's Prosthesis,2541,1190,Storm Kick,Storm Kick [1],,Storm Kick,[1],direct,1,0,1,302112900,-1,1,0,178.0,178.0,178.0,178.0,178.0,0.0,0.0,0.0,0.0,0.0,150.0,100.0,18.0
21120000,Veteran's Prosthesis,Veteran's Prosthesis,2542,1190,Storm Kick,Storm Kick [2],,Storm Kick,[2],direct,2,0,1,302112901,-1,1,0,132.0,132.0,132.0,132.0,132.0,0.0,0.0,0.0,0.0,0.0,0.0,100.0,0.0
21120000,Veteran's Prosthesis,Veteran's Prosthesis,2543,1190,Storm Kick,Storm Kick R2 [1],,Storm Kick,R2 [1],direct,1,0,0,302112902,-1,1,0,0.0,0.0,0.0,0.0,0.0,0.0,0.0,0.0,0.0,0.0,0.0,100.0,30.0
21120000,Veteran's Prosthesis,Veteran's Prosthesis,2544,1190,Storm Kick,Storm Kick R2 [2],,Storm Kick,R2 [2],direct,2,0,1,302112903,-1,1,1,155.0,155.0,155.0,155.0,155.0,0.0,0.0,0.0,103.0,0.0,250.0,100.0,0.0
21120000,Veteran's Prosthesis,Veteran's Prosthesis,2545,1190,Storm Kick,Storm Kick R2 [3],,Storm Kick,R2 [3],direct,3,0,1,302112904,-1,1,1,0.0,0.0,0.0,0.0,0.0,0.0,0.0,0.0,109.0,0.0,0.0,100.0,0.0
21120000,Veteran's Prosthesis,Veteran's Prosthesis,2546,1190,Storm Kick,Storm Kick [1] (Lacking FP),,Storm Kick,[1],direct,1,1,1,302112905,-1,1,0,100.0,100.0,100.0,100.0,100.0,0.0,0.0,0.0,0.0,0.0,100.0,100.0,18.0
21120000,Veteran's Prosthesis,Veteran's Prosthesis,2547,1190,Storm Kick,Storm Kick [2] (Lacking FP),,Storm Kick,[2],direct,2,1,1,302112906,-1,1,0,100.0,100.0,100.0,100.0,100.0,0.0,0.0,0.0,0.0,0.0,0.0,100.0,0.0
21120000,Veteran's Prosthesis,Veteran's Prosthesis,2548,1190,Storm Kick,Storm Kick R2 [1] (Lacking FP),,Storm Kick,R2 [1],direct,1,1,0,302112907,-1,1,0,0.0,0.0,0.0,0.0,0.0,0.0,0.0,0.0,0.0,0.0,0.0,100.0,30.0
21120000,Veteran's Prosthesis,Veteran's Prosthesis,2549,1190,Storm Kick,Storm Kick R2 [2] (Lacking FP),,Storm Kick,R2 [2],direct,2,1,1,302112908,-1,1,0,120.0,120.0,120.0,120.0,120.0,0.0,0.0,0.0,0.0,0.0,100.0,100.0,0.0
21120000,Veteran's Prosthesis,Veteran's Prosthesis,2550,1190,Storm Kick,Storm Kick R2 [3] (Lacking FP),,Storm Kick,R2 [3],direct,3,1,1,302112909,-1,1,0,100.0,100.0,100.0,100.0,100.0,0.0,0.0,0.0,0.0,0.0,0.0,100.0,0.0
21120000,Veteran's Prosthesis,Veteran's Prosthesis,2551,1190,Storm Kick,Storm Kick (Left) [1],,Storm Kick,(Left) [1],direct,1,0,1,302112910,-1,1,0,178.0,178.0,178.0,178.0,178.0,0.0,0.0,0.0,0.0,0.0,150.0,100.0,18.0
21120000,Veteran's Prosthesis,Veteran's Prosthesis,2552,1190,Storm Kick,Storm Kick (Left) [2],,Storm Kick,(Left) [2],direct,2,0,1,302112911,-1,1,0,132.0,132.0,132.0,132.0,132.0,0.0,0.0,0.0,0.0,0.0,0.0,100.0,0.0
21120000,Veteran's Prosthesis,Veteran's Prosthesis,2553,1190,Storm Kick,Storm Kick R2 (Left) [1],,Storm Kick,R2 (Left) [1],direct,1,0,0,302112912,-1,1,0,0.0,0.0,0.0,0.0,0.0,0.0,0.0,0.0,0.0,0.0,0.0,100.0,30.0
21120000,Veteran's Prosthesis,Veteran's Prosthesis,2554,1190,Storm Kick,Storm Kick R2 (Left) [2],,Storm Kick,R2 (Left) [2],direct,2,0,1,302112913,-1,1,1,155.0,155.0,155.0,155.0,155.0,0.0,0.0,0.0,103.0,0.0,250.0,100.0,0.0
21120000,Veteran's Prosthesis,Veteran's Prosthesis,2555,1190,Storm Kick,Storm Kick R2 (Left) [3],,Storm Kick,R2 (Left) [3],direct,3,0,1,302112914,-1,1,1,0.0,0.0,0.0,0.0,0.0,0.0,0.0,0.0,109.0,0.0,0.0,100.0,0.0
21120000,Veteran's Prosthesis,Veteran's Prosthesis,2556,1190,Storm Kick,Storm Kick (Left) [1] (Lacking FP),,Storm Kick,(Left) [1],direct,1,1,1,302112915,-1,1,0,100.0,100.0,100.0,100.0,100.0,0.0,0.0,0.0,0.0,0.0,100.0,100.0,18.0
21120000,Veteran's Prosthesis,Veteran's Prosthesis,2557,1190,Storm Kick,Storm Kick (Left) [2] (Lacking FP),,Storm Kick,(Left) [2],direct,2,1,1,302112916,-1,1,0,100.0,100.0,100.0,100.0,100.0,0.0,0.0,0.0,0.0,0.0,0.0,100.0,0.0
21120000,Veteran's Prosthesis,Veteran's Prosthesis,2558,1190,Storm Kick,Storm Kick R2 (Left) [1]  (Lacking FP),,Storm Kick,R2 (Left) [1],direct,1,1,0,302112917,-1,1,0,0.0,0.0,0.0,0.0,0.0,0.0,0.0,0.0,0.0,0.0,0.0,100.0,30.0
21120000,Veteran's Prosthesis,Veteran's Prosthesis,2559,1190,Storm Kick,Storm Kick R2 (Left) [2] (Lacking FP),,Storm Kick,R2 (Left) [2],direct,2,1,1,302112918,-1,1,0,120.0,120.0,120.0,120.0,120.0,0.0,0.0,0.0,0.0,0.0,100.0,100.0,0.0
21120000,Veteran's Prosthesis,Veteran's Prosthesis,2560,1190,Storm Kick,Storm Kick R2 (Left) [3] (Lacking FP),,Storm Kick,R2 (Left) [3],direct,3,1,1,302112919,-1,1,0,100.0,100.0,100.0,100.0,100.0,0.0,0.0,0.0,0.0,0.0,0.0,100.0,0.0
21130000,Cipher Pata,Cipher Pata,2561,1191,Unblockable Blade,Unblockable Blade,,Unblockable Blade,base,direct,1,0,1,302113900,-1,1,0,297.0,297.0,297.0,297.0,297.0,0.0,0.0,0.0,0.0,0.0,100.0,100.0,35.0
21130000,Cipher Pata,Cipher Pata,2562,1191,Unblockable Blade,Unblockable Blade (Lacking FP),,Unblockable Blade,base,direct,1,1,1,302113905,-1,1,0,150.0,150.0,150.0,150.0,150.0,0.0,0.0,0.0,0.0,0.0,100.0,100.0,35.0
21500000,Thiollier's Hidden Needle,Thiollier's Hidden Needle,2567,5210,Sleep Evermore,Sleep Evermore,,Sleep Evermore,base,direct,1,0,1,700000410,-1,1,0,150.0,150.0,150.0,150.0,150.0,0.0,0.0,0.0,0.0,0.0,100.0,100.0,37.0
21500000,Thiollier's Hidden Needle,Thiollier's Hidden Needle,2568,5210,Sleep Evermore,Sleep Evermore (Lacking FP),,Sleep Evermore,base,direct,1,1,1,700000415,-1,1,0,100.0,100.0,100.0,100.0,100.0,0.0,0.0,0.0,0.0,0.0,100.0,100.0,37.0
21520000,Poisoned Hand,Poisoned Hand,2563,5310,Poison Spear-Hand Strike,Poison Spear-Hand Strike,,Poison Spear-Hand Strike,base,direct,1,0,1,600000700,-1,1,0,150.0,150.0,150.0,150.0,150.0,0.0,0.0,0.0,0.0,0.0,100.0,100.0,38.0
21520000,Poisoned Hand,Poisoned Hand,2564,5310,Poison Spear-Hand Strike,Poison Spear-Hand Strike (Lacking FP),,Poison Spear-Hand Strike,base,direct,1,1,1,600000701,-1,1,0,100.0,100.0,100.0,100.0,100.0,0.0,0.0,0.0,0.0,0.0,100.0,100.0,38.0
21530000,Madding Hand,Madding Hand,2565,5320,Madding Spear-Hand Strike,Madding Spear-Hand Strike,,Madding Spear-Hand Strike,base,direct,1,0,1,600000702,-1,1,0,150.0,150.0,150.0,150.0,150.0,0.0,0.0,0.0,0.0,0.0,100.0,100.0,38.0
21530000,Madding Hand,Madding Hand,2566,5320,Madding Spear-Hand Strike,Madding Spear-Hand Strike (Lacking FP),,Madding Spear-Hand Strike,base,direct,1,1,1,600000703,-1,1,0,100.0,100.0,100.0,100.0,100.0,0.0,0.0,0.0,0.0,0.0,100.0,100.0,38.0
21550000,Shield of Night,Shield of Night,2614,5440,Revenge of the Night,Revenge of the Night - Bullet,,Revenge of the Night,Bullet,bullet,1,0,1,600000970,20050010,1,1,0.0,0.0,0.0,0.0,0.0,0.0,32.0,0.0,0.0,0.0,0.0,0.0,7.0
21550000,Shield of Night,Shield of Night,2615,5440,Revenge of the Night,Revenge of the Night Guard Counter - Bullet,,Revenge of the Night,Guard Counter - Bullet,bullet,1,0,1,600000972,20050010,1,1,0.0,0.0,0.0,0.0,0.0,0.0,95.0,0.0,0.0,0.0,0.0,0.0,7.0
21550000,Shield of Night,Shield of Night,2616,5440,Revenge of the Night,Revenge of the Night (Lacking FP),,Revenge of the Night,base,direct,1,1,1,600000974,-1,1,0,80.0,80.0,80.0,80.0,80.0,0.0,0.0,0.0,0.0,0.0,100.0,100.0,7.0
21550000,Shield of Night,Shield of Night,2617,5440,Revenge of the Night,Revenge of the Night Guard Counter (Lacking FP),,Revenge of the Night,Guard Counter,direct,1,1,1,600000975,-1,1,0,80.0,80.0,80.0,80.0,80.0,0.0,0.0,0.0,0.0,0.0,100.0,100.0,7.0
22500000,Claws of Night,Claws of Night,2577,5510,Scattershot (Claws),Scattershot Throw #1 [1],,Scattershot (Claws),Scattershot Throw #1 [1],direct,1,0,1,600001000,-1,1,0,70.0,70.0,70.0,70.0,70.0,0.0,0.0,0.0,0.0,0.0,70.0,100.0,8.0
22500000,Claws of Night,Claws of Night,2578,5510,Scattershot (Claws),Scattershot Throw #1 [2],,Scattershot (Claws),Scattershot Throw #1 [2],direct,2,0,1,600001001,-1,1,0,70.0,70.0,70.0,70.0,70.0,0.0,0.0,0.0,0.0,0.0,70.0,100.0,8.0
22500000,Claws of Night,Claws of Night,2579,5510,Scattershot (Claws),Scattershot Throw #2 [1],,Scattershot (Claws),Scattershot Throw #2 [1],direct,1,0,1,600001002,-1,1,0,70.0,70.0,70.0,70.0,70.0,0.0,0.0,0.0,0.0,0.0,70.0,100.0,8.0
22500000,Claws of Night,Claws of Night,2580,5510,Scattershot (Claws),Scattershot Throw #2 [2],,Scattershot (Claws),Scattershot Throw #2 [2],direct,2,0,1,600001003,-1,1,0,70.0,70.0,70.0,70.0,70.0,0.0,0.0,0.0,0.0,0.0,70.0,100.0,8.0
22500000,Claws of Night,Claws of Night,2581,5510,Scattershot (Claws),Scattershot Throw (Far),,Scattershot (Claws),Scattershot Throw (Far),direct,1,0,1,600001008,-1,1,0,39.0,39.0,39.0,39.0,39.0,0.0,0.0,0.0,0.0,0.0,70.0,100.0,0.0
22500000,Claws of Night,Claws of Night,2582,5510,Scattershot (Claws),Scattershot Throw (Lacking FP),,Scattershot (Claws),Scattershot Throw,direct,1,1,1,600001009,-1,1,0,70.0,70.0,70.0,70.0,70.0,0.0,0.0,0.0,0.0,0.0,70.0,100.0,17.0
23010000,Watchdog's Staff,Watchdog's Staff,2311,1192,Sorcery of the Crozier,Sorcery of the Crozier - Bullet,,Sorcery of the Crozier,Bullet,bullet,1,0,0,302301909,-1,0,0,0.0,0.0,0.0,0.0,0.0,0.0,0.0,0.0,0.0,0.0,100.0,100.0,46.0
23010000,Watchdog's Staff,Watchdog's Staff,2312,1192,Sorcery of the Crozier,Sorcery of the Crozier - Bullet,,Sorcery of the Crozier,Bullet,bullet,1,0,1,302301901,-1,1,1,0.0,0.0,0.0,0.0,0.0,0.0,60.0,0.0,0.0,0.0,0.0,100.0,0.0
23010000,Watchdog's Staff,Watchdog's Staff,2313,1192,Sorcery of the Crozier,Sorcery of the Crozier (Lacking FP),,Sorcery of the Crozier,base,direct,1,1,0,302301905,-1,0,0,0.0,0.0,0.0,0.0,0.0,0.0,0.0,0.0,0.0,0.0,100.0,100.0,69.0
23030000,Envoy's Greathorn,Envoy's Greathorn,2319,1005,Great Oracular Bubble,Great Oracular Bubble - Bullet,,Great Oracular Bubble,Bullet,bullet,1,0,1,302306900,-1,1,1,0.0,0.0,0.0,0.0,0.0,0.0,0.0,0.0,0.0,315.0,0.0,0.0,11.0
23030000,Envoy's Greathorn,Envoy's Greathorn,2320,1005,Great Oracular Bubble,Great Oracular Bubble - Bullet AoE,,Great Oracular Bubble,Bullet AoE,bullet,1,0,1,302306901,-1,1,1,0.0,0.0,0.0,0.0,0.0,0.0,0.0,0.0,0.0,315.0,0.0,0.0,0.0
23050000,Axe of Godfrey,Axe of Godfrey,2350,1031,Regal Roar,Regal Roar [1] - Bullet (Roar AoE),,Regal Roar,[1] - Bullet (Roar AoE),bullet,1,0,0,302305905,-1,1,0,0.0,0.0,0.0,0.0,0.0,0.0,0.0,0.0,0.0,0.0,0.0,0.0,0.0
23050000,Axe of Godfrey,Axe of Godfrey,2351,1031,Regal Roar,Regal Roar [2] - Bullet (Slam AoE),,Regal Roar,[2] - Bullet (Slam AoE),bullet,2,0,0,302305906,-1,1,0,0.0,0.0,0.0,0.0,0.0,0.0,0.0,0.0,0.0,0.0,0.0,0.0,35.0
23050000,Axe of Godfrey,Axe of Godfrey,2352,1031,Regal Roar,Regal Roar [2] - Bullet [Hit] (Slam AoE),,Regal Roar,[2] - Bullet [Hit] (Slam AoE),bullet,2,0,0,302305907,-1,1,0,0.0,0.0,0.0,0.0,0.0,0.0,0.0,0.0,0.0,0.0,0.0,0.0,0.0
23050000,Axe of Godfrey,Axe of Godfrey,2353,1031,Regal Roar,Regal Roar [2] - Bullet [Hit] (Slam AoE),,Regal Roar,[2] - Bullet [Hit] (Slam AoE),bullet,2,0,1,302305908,-1,1,0,210.0,210.0,210.0,210.0,210.0,0.0,0.0,0.0,0.0,0.0,0.0,0.0,0.0
23050000,Axe of Godfrey,Axe of Godfrey,2354,1031,Regal Roar,Regal Roar [2] - Bullet (Slam AoE),,Regal Roar,[2] - Bullet (Slam AoE),bullet,2,0,0,302305909,-1,1,0,0.0,0.0,0.0,0.0,0.0,0.0,0.0,0.0,0.0,0.0,0.0,0.0,0.0
23050000,Axe of Godfrey,Axe of Godfrey,2355,1031,Regal Roar,Regal Roar R2 #1 - Bullet (Stomp AoE),,Regal Roar,R2 #1 - Bullet (Stomp AoE),bullet,1,0,0,302305925,-1,1,0,0.0,0.0,0.0,0.0,0.0,0.0,0.0,0.0,0.0,0.0,0.0,0.0,18.0
23050000,Axe of Godfrey,Axe of Godfrey,2356,1031,Regal Roar,Regal Roar R2 #1 - Bullet [Hit] (Stomp AoE),,Regal Roar,R2 #1 - Bullet [Hit] (Stomp AoE),bullet,1,0,0,302305926,-1,1,0,0.0,0.0,0.0,0.0,0.0,0.0,0.0,0.0,0.0,0.0,0.0,0.0,0.0
23050000,Axe of Godfrey,Axe of Godfrey,2357,1031,Regal Roar,Regal Roar R2 #1 - Bullet [Hit] (Stomp AoE),,Regal Roar,R2 #1 - Bullet [Hit] (Stomp AoE),bullet,1,0,1,302305927,-1,1,0,80.0,80.0,80.0,80.0,80.0,0.0,0.0,0.0,0.0,0.0,0.0,0.0,0.0
23050000,Axe of Godfrey,Axe of Godfrey,2358,1031,Regal Roar,Regal Roar R2 #1 - Bullet (Stomp AoE),,Regal Roar,R2 #1 - Bullet (Stomp AoE),bullet,1,0,0,302305928,-1,1,0,0.0,0.0,0.0,0.0,0.0,0.0,0.0,0.0,0.0,0.0,0.0,0.0,0.0
23050000,Axe of Godfrey,Axe of Godfrey,2359,1031,Regal Roar,Regal Roar R2 #1,,Regal Roar,R2 #1,direct,1,0,1,302305930,-1,1,0,100.0,100.0,100.0,100.0,100.0,0.0,0.0,0.0,0.0,0.0,0.0,0.0,20.0
23050000,Axe of Godfrey,Axe of Godfrey,2360,1031,Regal Roar,Regal Roar Charged R2 #1 - Bullet (Stomp AoE),,Regal Roar,Charged R2 #1 - Bullet (Stomp AoE),bullet,1,0,0,302305915,-1,1,0,0.0,0.0,0.0,0.0,0.0,0.0,0.0,0.0,0.0,0.0,0.0,0.0,25.0
23050000,Axe of Godfrey,Axe of Godfrey,2361,1031,Regal Roar,Regal Roar Charged R2 #1 - Bullet [Hit] (Stomp AoE),,Regal Roar,Charged R2 #1 - Bullet [Hit] (Stomp AoE),bullet,1,0,0,302305916,-1,1,0,0.0,0.0,0.0,0.0,0.0,0.0,0.0,0.0,0.0,0.0,0.0,0.0,0.0
23050000,Axe of Godfrey,Axe of Godfrey,2362,1031,Regal Roar,Regal Roar Charged R2 #1 - Bullet [Hit] (Stomp AoE),,Regal Roar,Charged R2 #1 - Bullet [Hit] (Stomp AoE),bullet,1,0,1,302305917,-1,1,0,90.0,90.0,90.0,90.0,90.0,0.0,0.0,0.0,0.0,0.0,0.0,0.0,0.0
23050000,Axe of Godfrey,Axe of Godfrey,2363,1031,Regal Roar,Regal Roar Charged R2 #1 - Bullet (Stomp AoE),,Regal Roar,Charged R2 #1 - Bullet (Stomp AoE),bullet,1,0,0,302305918,-1,1,0,0.0,0.0,0.0,0.0,0.0,0.0,0.0,0.0,0.0,0.0,0.0,0.0,0.0
23050000,Axe of Godfrey,Axe of Godfrey,2364,1031,Regal Roar,Regal Roar Charged R2 #1,,Regal Roar,Charged R2 #1,charged,1,0,1,302305920,-1,1,0,110.0,110.0,110.0,110.0,110.0,0.0,0.0,0.0,0.0,0.0,0.0,0.0,25.0
23050000,Axe of Godfrey,Axe of Godfrey,2365,1031,Regal Roar,Regal Roar R2 #2,,Regal Roar,R2 #2,direct,2,0,1,302305940,-1,1,0,165.0,165.0,165.0,165.0,165.0,0.0,0.0,0.0,0.0,0.0,0.0,0.0,38.0
23050000,Axe of Godfrey,Axe of Godfrey,2366,1031,Regal Roar,Regal Roar Charged R2 #2 - Scraping,,Regal Roar,Charged R2 #2 - Scraping,charged,2,0,0,302305935,-1,1,0,0.0,0.0,0.0,0.0,0.0,0.0,0.0,0.0,0.0,0.0,0.0,0.0,0.0
23050000,Axe of Godfrey,Axe of Godfrey,2367,1031,Regal Roar,Regal Roar Charged R2 #2 - Scraping (Tick 4x),,Regal Roar,Charged R2 #2 - Scraping (Tick 4x),charged,2,0,0,302305936,-1,1,0,0.0,0.0,0.0,0.0,0.0,0.0,0.0,0.0,0.0,0.0,0.0,0.0,5.0
23050000,Axe of Godfrey,Axe of Godfrey,2368,1031,Regal Roar,Regal Roar Charged R2 #2 - Scraping (Final Tick),,Regal Roar,Charged R2 #2 - Scraping (Final Tick),charged,2,0,0,302305937,-1,1,0,0.0,0.0,0.0,0.0,0.0,0.0,0.0,0.0,0.0,0.0,0.0,0.0,5.0
23050000,Axe of Godfrey,Axe of Godfrey,2369,1031,Regal Roar,Regal Roar Charged R2 #2,,Regal Roar,Charged R2 #2,charged,2,0,1,302305938,-1,1,0,190.0,190.0,190.0,190.0,190.0,0.0,0.0,0.0,0.0,0.0,0.0,0.0,25.0
23050000,Axe of Godfrey,Axe of Godfrey,2370,1031,Regal Roar,Regal Roar ?,,Regal Roar,?,direct,1,0,1,302305900,-1,1,0,140.0,140.0,140.0,140.0,140.0,0.0,0.0,0.0,0.0,0.0,100.0,100.0,0.0
23050000,Axe of Godfrey,Axe of Godfrey,2371,1031,Regal Roar,Regal Roar (Lacking FP),,Regal Roar,base,direct,1,1,1,302305910,-1,1,0,120.0,120.0,120.0,120.0,120.0,0.0,0.0,0.0,0.0,0.0,100.0,100.0,30.0
23070000,Staff of the Avatar,Staff of the Avatar / Rotten Staff,2314,1193,Erdtree Slam,Erdtree Slam - Tush,,Erdtree Slam,Tush,direct,1,0,1,302307900,-1,1,1,0.0,0.0,0.0,0.0,0.0,120.0,0.0,0.0,0.0,142.0,0.0,0.0,45.0
23070000,Staff of the Avatar,Staff of the Avatar / Rotten Staff,2315,1193,Erdtree Slam,Erdtree Slam - ?,,Erdtree Slam,?,direct,1,0,1,302307901,-1,1,1,0.0,0.0,0.0,0.0,0.0,99.0,0.0,0.0,0.0,0.0,0.0,0.0,0.0
23070000,Staff of the Avatar,Staff of the Avatar / Rotten Staff,2316,1193,Erdtree Slam,Erdtree Slam - Shockwave,,Erdtree Slam,Shockwave,direct,1,0,1,302307902,-1,1,1,0.0,0.0,0.0,0.0,0.0,98.0,0.0,0.0,0.0,120.0,0.0,0.0,0.0
23070000,Staff of the Avatar,Staff of the Avatar / Rotten Staff,2317,1193,Erdtree Slam,Erdtree Slam - Tush (Lacking FP),,Erdtree Slam,Tush,direct,1,1,1,302307905,-1,1,1,0.0,0.0,0.0,0.0,0.0,120.0,0.0,0.0,0.0,0.0,0.0,0.0,65.0
23070000,Staff of the Avatar,Staff of the Avatar / Rotten Staff,2318,1193,Erdtree Slam,Erdtree Slam - Shockwave (Lacking FP),,Erdtree Slam,Shockwave,direct,1,1,1,302307906,-1,1,1,0.0,0.0,0.0,0.0,0.0,0.0,0.0,0.0,0.0,0.0,0.0,0.0,0.0
23080000,Fallingstar Beast Jaw,Fallingstar Beast Jaw,2329,1194,Gravity Bolt,Gravity Bolt,,Gravity Bolt,base,direct,1,0,0,302308900,-1,1,0,0.0,0.0,0.0,0.0,0.0,0.0,0.0,0.0,0.0,0.0,0.0,0.0,0.0
23080000,Fallingstar Beast Jaw,Fallingstar Beast Jaw,2330,1194,Gravity Bolt,Gravity Bolt - Bullet,,Gravity Bolt,Bullet,bullet,1,0,1,302308905,-1,1,1,0.0,0.0,0.0,0.0,0.0,100.0,50.0,0.0,0.0,0.0,0.0,0.0,12.0
23080000,Fallingstar Beast Jaw,Fallingstar Beast Jaw,2331,1194,Gravity Bolt,Gravity Bolt - Bullet,,Gravity Bolt,Bullet,bullet,1,0,0,302308906,-1,1,0,0.0,0.0,0.0,0.0,0.0,0.0,0.0,0.0,0.0,0.0,0.0,0.0,0.0
23080000,Fallingstar Beast Jaw,Fallingstar Beast Jaw,2332,1194,Gravity Bolt,Gravity Bolt - Bullet,,Gravity Bolt,Bullet,bullet,1,0,0,302308907,-1,1,0,0.0,0.0,0.0,0.0,0.0,0.0,0.0,0.0,0.0,0.0,0.0,0.0,0.0
23080000,Fallingstar Beast Jaw,Fallingstar Beast Jaw,2333,1194,Gravity Bolt,Gravity Bolt - Bullet,,Gravity Bolt,Bullet,bullet,1,0,0,302308908,-1,1,0,0.0,0.0,0.0,0.0,0.0,0.0,0.0,0.0,0.0,0.0,0.0,0.0,0.0
23080000,Fallingstar Beast Jaw,Fallingstar Beast Jaw,2334,1194,Gravity Bolt,Gravity Bolt - Bullet,,Gravity Bolt,Bullet,bullet,1,0,1,302308909,-1,1,1,0.0,0.0,0.0,0.0,0.0,100.0,50.0,0.0,0.0,0.0,0.0,0.0,0.0
23080000,Fallingstar Beast Jaw,Fallingstar Beast Jaw,2335,1194,Gravity Bolt,Gravity Bolt (Lacking FP),,Gravity Bolt,base,direct,1,1,1,302308915,-1,1,0,70.0,70.0,70.0,70.0,70.0,0.0,0.0,0.0,0.0,0.0,100.0,100.0,24.0
23080000,Fallingstar Beast Jaw,Fallingstar Beast Jaw,2336,1194,Gravity Bolt,Gravity Bolt (Lacking FP),,Gravity Bolt,base,direct,1,1,0,302308920,-1,1,0,0.0,0.0,0.0,0.0,0.0,0.0,0.0,0.0,0.0,0.0,0.0,0.0,0.0
23080000,Fallingstar Beast Jaw,Fallingstar Beast Jaw,2337,1194,Gravity Bolt,Gravity Bolt (Lacking FP),,Gravity Bolt,base,direct,1,1,1,302308925,-1,1,0,70.0,70.0,70.0,70.0,70.0,0.0,0.0,0.0,0.0,0.0,100.0,100.0,24.0
23100000,Ghiza's Wheel,Ghiza's Wheel,2321,1039,Spinning Wheel,Spinning Wheel,,Spinning Wheel,base,direct,1,0,1,302309900,-1,1,0,30.0,30.0,30.0,30.0,30.0,0.0,0.0,0.0,0.0,0.0,30.0,30.0,2.0
23100000,Ghiza's Wheel,Ghiza's Wheel,2322,1039,Spinning Wheel,Spinning Wheel,,Spinning Wheel,base,direct,1,0,1,302309901,-1,1,0,30.0,30.0,30.0,30.0,30.0,0.0,0.0,0.0,0.0,0.0,30.0,30.0,2.0
23100000,Ghiza's Wheel,Ghiza's Wheel,2323,1039,Spinning Wheel,Spinning Wheel,,Spinning Wheel,base,direct,1,0,1,302309902,-1,1,0,30.0,30.0,30.0,30.0,30.0,0.0,0.0,0.0,0.0,0.0,30.0,30.0,2.0
23100000,Ghiza's Wheel,Ghiza's Wheel,2324,1039,Spinning Wheel,Spinning Wheel,,Spinning Wheel,base,direct,1,0,1,302309903,-1,1,0,30.0,30.0,30.0,30.0,30.0,0.0,0.0,0.0,0.0,0.0,30.0,30.0,0.0
23100000,Ghiza's Wheel,Ghiza's Wheel,2325,1039,Spinning Wheel,Spinning Wheel (Lacking FP),,Spinning Wheel,base,direct,1,1,1,302309905,-1,1,0,10.0,10.0,10.0,10.0,10.0,0.0,0.0,0.0,0.0,0.0,10.0,10.0,2.0
23100000,Ghiza's Wheel,Ghiza's Wheel,2326,1039,Spinning Wheel,Spinning Wheel (Lacking FP),,Spinning Wheel,base,direct,1,1,1,302309906,-1,1,0,10.0,10.0,10.0,10.0,10.0,0.0,0.0,0.0,0.0,0.0,10.0,10.0,2.0
23100000,Ghiza's Wheel,Ghiza's Wheel,2327,1039,Spinning Wheel,Spinning Wheel (Lacking FP),,Spinning Wheel,base,direct,1,1,1,302309907,-1,1,0,10.0,10.0,10.0,10.0,10.0,0.0,0.0,0.0,0.0,0.0,10.0,10.0,2.0
23100000,Ghiza's Wheel,Ghiza's Wheel,2328,1039,Spinning Wheel,Spinning Wheel (Lacking FP),,Spinning Wheel,base,direct,1,1,1,302309908,-1,1,0,10.0,10.0,10.0,10.0,10.0,0.0,0.0,0.0,0.0,0.0,10.0,10.0,0.0
23140000,Rotten Staff,Staff of the Avatar / Rotten Staff,2314,1193,Erdtree Slam,Erdtree Slam - Tush,,Erdtree Slam,Tush,direct,1,0,1,302307900,-1,1,1,0.0,0.0,0.0,0.0,0.0,120.0,0.0,0.0,0.0,142.0,0.0,0.0,45.0
23140000,Rotten Staff,Staff of the Avatar / Rotten Staff,2315,1193,Erdtree Slam,Erdtree Slam - ?,,Erdtree Slam,?,direct,1,0,1,302307901,-1,1,1,0.0,0.0,0.0,0.0,0.0,99.0,0.0,0.0,0.0,0.0,0.0,0.0,0.0
23140000,Rotten Staff,Staff of the Avatar / Rotten Staff,2316,1193,Erdtree Slam,Erdtree Slam - Shockwave,,Erdtree Slam,Shockwave,direct,1,0,1,302307902,-1,1,1,0.0,0.0,0.0,0.0,0.0,98.0,0.0,0.0,0.0,120.0,0.0,0.0,0.0
23140000,Rotten Staff,Staff of the Avatar / Rotten Staff,2317,1193,Erdtree Slam,Erdtree Slam - Tush (Lacking FP),,Erdtree Slam,Tush,direct,1,1,1,302307905,-1,1,1,0.0,0.0,0.0,0.0,0.0,120.0,0.0,0.0,0.0,0.0,0.0,0.0,65.0
23140000,Rotten Staff,Staff of the Avatar / Rotten Staff,2318,1193,Erdtree Slam,Erdtree Slam - Shockwave (Lacking FP),,Erdtree Slam,Shockwave,direct,1,1,1,302307906,-1,1,1,0.0,0.0,0.0,0.0,0.0,0.0,0.0,0.0,0.0,0.0,0.0,0.0,0.0
23500000,Devonia's Hammer,Devonia's Hammer,2342,5180,Devonia's Vortex,Devonia's Vortex,,Devonia's Vortex,base,direct,1,0,1,600000840,-1,1,0,50.0,50.0,50.0,50.0,50.0,0.0,0.0,0.0,0.0,0.0,100.0,100.0,40.0
23500000,Devonia's Hammer,Devonia's Hammer,2343,5180,Devonia's Vortex,Devonia's Vortex - Bullet,,Devonia's Vortex,Bullet,bullet,1,0,1,600000841,-1,1,0,50.0,50.0,50.0,50.0,50.0,0.0,0.0,0.0,0.0,0.0,100.0,100.0,0.0
23500000,Devonia's Hammer,Devonia's Hammer,2344,5180,Devonia's Vortex,Devonia's Vortex - Bullet (2x),,Devonia's Vortex,Bullet (2x),bullet,1,0,1,600000842,-1,1,0,160.0,160.0,160.0,160.0,160.0,0.0,0.0,0.0,0.0,0.0,100.0,100.0,0.0
23500000,Devonia's Hammer,Devonia's Hammer,2345,5180,Devonia's Vortex,Devonia's Vortex Charged,,Devonia's Vortex,Charged,charged,1,0,1,600000843,-1,1,0,65.0,65.0,65.0,65.0,65.0,0.0,0.0,0.0,0.0,0.0,100.0,100.0,71.0
23500000,Devonia's Hammer,Devonia's Hammer,2346,5180,Devonia's Vortex,Devonia's Vortex Charged - Bullet (2x),,Devonia's Vortex,Charged - Bullet (2x),bullet,1,0,1,600000844,-1,1,0,65.0,65.0,65.0,65.0,65.0,0.0,0.0,0.0,0.0,0.0,100.0,100.0,0.0
23500000,Devonia's Hammer,Devonia's Hammer,2347,5180,Devonia's Vortex,Devonia's Vortex Charged - Bullet (2x),,Devonia's Vortex,Charged - Bullet (2x),bullet,1,0,1,600000845,-1,1,0,200.0,200.0,200.0,200.0,200.0,0.0,0.0,0.0,0.0,0.0,100.0,100.0,0.0
23500000,Devonia's Hammer,Devonia's Hammer,2348,5180,Devonia's Vortex,Devonia's Vortex (Lacking FP),,Devonia's Vortex,base,direct,1,1,1,600000846,-1,1,0,90.0,90.0,90.0,90.0,90.0,0.0,0.0,0.0,0.0,0.0,100.0,100.0,40.0
23500000,Devonia's Hammer,Devonia's Hammer,2349,5180,Devonia's Vortex,Devonia's Vortex Charged  (Lacking FP),,Devonia's Vortex,Charged,charged,1,1,1,600000847,-1,1,0,120.0,120.0,120.0,120.0,120.0,0.0,0.0,0.0,0.0,0.0,100.0,100.0,71.0
23510000,Shadow Sunflower Blossom,Shadow Sunflower Blossom,2372,5160,Shadow Sunflower Headbutts,Shadow Sunflower Headbutt #1,,Shadow Sunflower Headbutts,Shadow Sunflower Headbutt #1,direct,1,0,1,600000980,-1,1,0,201.0,201.0,201.0,201.0,201.0,0.0,0.0,0.0,0.0,0.0,100.0,100.0,19.0
23510000,Shadow Sunflower Blossom,Shadow Sunflower Blossom,2373,5160,Shadow Sunflower Headbutts,Shadow Sunflower Headbutt #1 (AoE),,Shadow Sunflower Headbutts,Shadow Sunflower Headbutt #1 (AoE),direct,1,0,1,600000981,-1,1,0,201.0,201.0,201.0,201.0,201.0,0.0,0.0,0.0,0.0,0.0,100.0,100.0,0.0
23510000,Shadow Sunflower Blossom,Shadow Sunflower Blossom,2374,5160,Shadow Sunflower Headbutts,Shadow Sunflower Headbutt #2 [1],,Shadow Sunflower Headbutts,Shadow Sunflower Headbutt #2 [1],direct,1,0,1,600000982,-1,1,0,90.0,90.0,90.0,90.0,90.0,0.0,0.0,0.0,0.0,0.0,100.0,100.0,11.0
23510000,Shadow Sunflower Blossom,Shadow Sunflower Blossom,2375,5160,Shadow Sunflower Headbutts,Shadow Sunflower Headbutt #2 [1] (AoE),,Shadow Sunflower Headbutts,Shadow Sunflower Headbutt #2 [1] (AoE),direct,1,0,1,600000983,-1,1,0,90.0,90.0,90.0,90.0,90.0,0.0,0.0,0.0,0.0,0.0,100.0,100.0,0.0
23510000,Shadow Sunflower Blossom,Shadow Sunflower Blossom,2376,5160,Shadow Sunflower Headbutts,Shadow Sunflower Headbutt #2 [2],,Shadow Sunflower Headbutts,Shadow Sunflower Headbutt #2 [2],direct,2,0,1,600000984,-1,1,0,92.0,92.0,92.0,92.0,92.0,0.0,0.0,0.0,0.0,0.0,100.0,100.0,13.0
23510000,Shadow Sunflower Blossom,Shadow Sunflower Blossom,2377,5160,Shadow Sunflower Headbutts,Shadow Sunflower Headbutt #2 [2] (AoE),,Shadow Sunflower Headbutts,Shadow Sunflower Headbutt #2 [2] (AoE),direct,2,0,1,600000985,-1,1,0,92.0,92.0,92.0,92.0,92.0,0.0,0.0,0.0,0.0,0.0,100.0,100.0,0.0
23510000,Shadow Sunflower Blossom,Shadow Sunflower Blossom,2378,5160,Shadow Sunflower Headbutts,Shadow Sunflower Headbutt #3,,Shadow Sunflower Headbutts,Shadow Sunflower Headbutt #3,direct,3,0,1,600000986,-1,1,0,210.0,210.0,210.0,210.0,210.0,0.0,0.0,0.0,0.0,0.0,100.0,100.0,24.0
23510000,Shadow Sunflower Blossom,Shadow Sunflower Blossom,2379,5160,Shadow Sunflower Headbutts,Shadow Sunflower Headbutt #3 (AoE),,Shadow Sunflower Headbutts,Shadow Sunflower Headbutt #3 (AoE),direct,3,0,1,600000987,-1,1,0,210.0,210.0,210.0,210.0,210.0,0.0,0.0,0.0,0.0,0.0,100.0,100.0,0.0
23510000,Shadow Sunflower Blossom,Shadow Sunflower Blossom,2380,5160,Shadow Sunflower Headbutts,Shadow Sunflower Headbutt #1 (Lacking FP),,Shadow Sunflower Headbutts,Shadow Sunflower Headbutt #1,direct,1,1,1,600000990,-1,1,0,50.0,50.0,50.0,50.0,50.0,0.0,0.0,0.0,0.0,0.0,100.0,100.0,19.0
23510000,Shadow Sunflower Blossom,Shadow Sunflower Blossom,2381,5160,Shadow Sunflower Headbutts,Shadow Sunflower Headbutt #2 [1] (Lacking FP),,Shadow Sunflower Headbutts,Shadow Sunflower Headbutt #2 [1],direct,1,1,1,600000991,-1,1,0,50.0,50.0,50.0,50.0,50.0,0.0,0.0,0.0,0.0,0.0,100.0,100.0,11.0
23510000,Shadow Sunflower Blossom,Shadow Sunflower Blossom,2382,5160,Shadow Sunflower Headbutts,Shadow Sunflower Headbutt #2 [2] (Lacking FP),,Shadow Sunflower Headbutts,Shadow Sunflower Headbutt #2 [2],direct,2,1,1,600000992,-1,1,0,50.0,50.0,50.0,50.0,50.0,0.0,0.0,0.0,0.0,0.0,100.0,100.0,13.0
23510000,Shadow Sunflower Blossom,Shadow Sunflower Blossom,2383,5160,Shadow Sunflower Headbutts,Shadow Sunflower Headbutt #3 (Lacking FP),,Shadow Sunflower Headbutts,Shadow Sunflower Headbutt #3,direct,3,1,1,600000993,-1,1,0,50.0,50.0,50.0,50.0,50.0,0.0,0.0,0.0,0.0,0.0,100.0,100.0,24.0
23520000,Gazing Finger,Gazing Finger,2384,5390,Kowtower's Resentment,Kowtower's Resentment [1],,Kowtower's Resentment,[1],direct,1,0,1,600000960,-1,1,0,80.0,80.0,80.0,80.0,80.0,0.0,0.0,0.0,0.0,0.0,100.0,100.0,18.0
23520000,Gazing Finger,Gazing Finger,2385,5390,Kowtower's Resentment,Kowtower's Resentment [2],,Kowtower's Resentment,[2],direct,2,0,1,600000961,-1,1,0,87.0,87.0,87.0,87.0,87.0,0.0,0.0,0.0,0.0,0.0,100.0,100.0,23.0
23520000,Gazing Finger,Gazing Finger,2386,5390,Kowtower's Resentment,Kowtower's Resentment - Bullet,,Kowtower's Resentment,Bullet,bullet,1,0,1,600000962,-1,1,1,0.0,0.0,0.0,0.0,0.0,0.0,0.0,0.0,0.0,320.0,100.0,100.0,0.0
23520000,Gazing Finger,Gazing Finger,2387,5390,Kowtower's Resentment,Kowtower's Resentment Early Release,,Kowtower's Resentment,Early Release,direct,1,0,1,600000963,-1,1,0,66.0,66.0,66.0,66.0,66.0,0.0,0.0,0.0,0.0,0.0,100.0,100.0,9.0
23520000,Gazing Finger,Gazing Finger,2388,5390,Kowtower's Resentment,Kowtower's Resentment Early Release - Bullet,,Kowtower's Resentment,Early Release - Bullet,bullet,1,0,1,600000964,-1,1,1,0.0,0.0,0.0,0.0,0.0,0.0,0.0,0.0,0.0,220.0,100.0,100.0,0.0
23520000,Gazing Finger,Gazing Finger,2389,5390,Kowtower's Resentment,Kowtower's Resentment [1] (Lacking FP),,Kowtower's Resentment,[1],direct,1,1,1,600000965,-1,1,0,50.0,50.0,50.0,50.0,50.0,0.0,0.0,0.0,0.0,0.0,100.0,100.0,18.0
23520000,Gazing Finger,Gazing Finger,2390,5390,Kowtower's Resentment,Kowtower's Resentment [2] (Lacking FP),,Kowtower's Resentment,[2],direct,2,1,1,600000966,-1,1,0,70.0,70.0,70.0,70.0,70.0,0.0,0.0,0.0,0.0,0.0,100.0,100.0,23.0
23520000,Gazing Finger,Gazing Finger,2391,5390,Kowtower's Resentment,Kowtower's Resentment Early Release (Lacking FP),,Kowtower's Resentment,Early Release,direct,1,1,1,600000967,-1,1,0,55.0,55.0,55.0,55.0,55.0,0.0,0.0,0.0,0.0,0.0,100.0,100.0,9.0
24020000,Steel-Wire Torch,Steel-Wire Torch,2602,223,Firebreather,Firebreather,,Firebreather,base,direct,1,0,0,300000595,-1,1,0,0.0,0.0,0.0,0.0,0.0,0.0,0.0,0.0,0.0,0.0,0.0,0.0,9.0
24020000,Steel-Wire Torch,Steel-Wire Torch,2603,223,Firebreather,Firebreather - Bullet,,Firebreather,Bullet,bullet,1,0,1,300000590,-1,1,0,120.0,120.0,120.0,120.0,120.0,0.0,0.0,0.0,0.0,0.0,100.0,100.0,0.0
24020000,Steel-Wire Torch,Steel-Wire Torch,2604,223,Firebreather,Firebreather - Bullet,,Firebreather,Bullet,bullet,1,0,1,300000591,-1,1,0,75.0,75.0,75.0,75.0,75.0,0.0,0.0,0.0,0.0,0.0,100.0,100.0,0.0
24040000,St. Trina's Torch,St. Trina's Torch,2605,1195,Fires of Slumber,Fires of Slumber - Bullet,,Fires of Slumber,Bullet,bullet,1,0,0,302404900,-1,1,0,0.0,0.0,0.0,0.0,0.0,0.0,0.0,0.0,0.0,0.0,56.0,0.0,0.0
24040000,St. Trina's Torch,St. Trina's Torch,2606,1195,Fires of Slumber,Fires of Slumber - Bullet,,Fires of Slumber,Bullet,bullet,1,0,0,302404901,-1,1,0,0.0,0.0,0.0,0.0,0.0,0.0,0.0,0.0,0.0,0.0,28.0,0.0,0.0
24500000,Nanaya's Torch,Nanaya's Torch,2607,5330,Feeble Lord's Frenzied Flame,Feeble Lord's Frenzied Flame,,Feeble Lord's Frenzied Flame,base,direct,1,0,1,602420000,20010400,1,1,0.0,0.0,0.0,0.0,0.0,0.0,0.0,21.0,0.0,0.0,100.0,100.0,0.0
24500000,Nanaya's Torch,Nanaya's Torch,2608,5330,Feeble Lord's Frenzied Flame,Feeble Lord's Frenzied Flame - Self-Madness,,Feeble Lord's Frenzied Flame,Self-Madness,direct,1,0,0,73112,-1,0,0,0.0,0.0,0.0,0.0,0.0,0.0,0.0,0.0,0.0,0.0,0.0,0.0,10.0
30200000,Coil Shield,Coil Shield,2609,1007,Viper Bite,Viper Bite,,Viper Bite,base,direct,1,0,1,303020900,-1,1,0,264.0,264.0,264.0,264.0,264.0,0.0,0.0,0.0,0.0,0.0,100.0,100.0,9.0
30200000,Coil Shield,Coil Shield,2610,1007,Viper Bite,Viper Bite (Lacking FP),,Viper Bite,base,direct,1,1,1,303020901,-1,1,0,107.0,107.0,107.0,107.0,107.0,0.0,0.0,0.0,0.0,0.0,100.0,100.0,9.0
30510000,Smithscript Shield,Smithscript Shield,2611,5370,Discus Hurl,Discus Hurl [1] - Bullet,,Discus Hurl,[1] - Bullet,bullet,1,0,1,600000770,-1,1,0,110.0,110.0,110.0,110.0,110.0,0.0,0.0,0.0,0.0,0.0,100.0,100.0,10.0
30510000,Smithscript Shield,Smithscript Shield,2612,5370,Discus Hurl,Discus Hurl [2] - Bullet,,Discus Hurl,[2] - Bullet,bullet,2,0,1,600000772,-1,1,0,220.0,220.0,220.0,220.0,220.0,0.0,0.0,0.0,0.0,0.0,100.0,100.0,10.0
30510000,Smithscript Shield,Smithscript Shield,2613,5370,Discus Hurl,Discus Hurl - Bullet (Lacking FP),,Discus Hurl,Bullet,bullet,1,1,1,600000771,-1,1,0,50.0,50.0,50.0,50.0,50.0,0.0,0.0,0.0,0.0,0.0,100.0,100.0,10.0
31530000,Golden Lion Shield,Golden Lion Shield,2618,5480,Roaring Bash,Roaring Bash [1],,Roaring Bash,[1],direct,1,0,1,700000350,-1,1,0,150.0,150.0,150.0,150.0,150.0,0.0,0.0,0.0,0.0,0.0,100.0,100.0,45.0
31530000,Golden Lion Shield,Golden Lion Shield,2619,5480,Roaring Bash,Roaring Bash [2],,Roaring Bash,[2],direct,2,0,1,700000352,-1,1,0,125.0,125.0,125.0,125.0,125.0,0.0,0.0,0.0,0.0,0.0,100.0,100.0,0.0
31530000,Golden Lion Shield,Golden Lion Shield,2620,5480,Roaring Bash,Roaring Bash (Lacking FP),,Roaring Bash,base,direct,1,1,1,700000351,-1,1,0,90.0,90.0,90.0,90.0,90.0,0.0,0.0,0.0,0.0,0.0,100.0,100.0,45.0
31530000,Golden Lion Shield,Golden Lion Shield,2621,5480,Roaring Bash,Roaring Bash (Left) [1],,Roaring Bash,(Left) [1],direct,1,0,1,700000355,-1,1,0,150.0,150.0,150.0,150.0,150.0,0.0,0.0,0.0,0.0,0.0,100.0,100.0,45.0
31530000,Golden Lion Shield,Golden Lion Shield,2622,5480,Roaring Bash,Roaring Bash (Left) [2],,Roaring Bash,(Left) [2],direct,2,0,1,700000357,-1,1,0,125.0,125.0,125.0,125.0,125.0,0.0,0.0,0.0,0.0,0.0,100.0,100.0,0.0
31530000,Golden Lion Shield,Golden Lion Shield,2623,5480,Roaring Bash,Roaring Bash (Left) (Lacking FP),,Roaring Bash,(Left),direct,1,1,1,700000356,-1,1,0,90.0,90.0,90.0,90.0,90.0,0.0,0.0,0.0,0.0,0.0,100.0,100.0,45.0
32080000,Erdtree Greatshield,Erdtree Greatshield,2624,1196,Golden Retaliation,"Golden Retaliation - Bullet (""Parry"" ?)",,Golden Retaliation,"Bullet (""Parry"" ?)",bullet,1,0,0,303208900,-1,1,0,0.0,0.0,0.0,0.0,0.0,0.0,0.0,0.0,0.0,0.0,0.0,0.0,9.0
32080000,Erdtree Greatshield,Erdtree Greatshield,2625,1196,Golden Retaliation,"Golden Retaliation - Bullet (""Parry"" ?)",,Golden Retaliation,"Bullet (""Parry"" ?)",bullet,1,0,0,303208901,-1,1,0,0.0,0.0,0.0,0.0,0.0,0.0,0.0,0.0,0.0,0.0,0.0,0.0,0.0
32080000,Erdtree Greatshield,Erdtree Greatshield,2626,1196,Golden Retaliation,Golden Retaliation - Bullet,,Golden Retaliation,Bullet,bullet,1,0,1,303208905,-1,1,1,0.0,0.0,0.0,0.0,0.0,0.0,0.0,0.0,0.0,250.0,0.0,0.0,0.0
32080000,Erdtree Greatshield,Erdtree Greatshield,2627,1196,Golden Retaliation,Golden Retaliation - Bullet,,Golden Retaliation,Bullet,bullet,1,0,1,303208906,-1,1,1,0.0,0.0,0.0,0.0,0.0,0.0,0.0,0.0,0.0,150.0,0.0,0.0,0.0
32150000,One-Eyed Shield,One-Eyed Shield,2629,1001,Flame Spit,Flame Spit - Bullet,,Flame Spit,Bullet,bullet,1,0,1,303215900,0,1,1,0.0,0.0,0.0,0.0,0.0,0.0,0.0,385.0,0.0,0.0,100.0,100.0,109.0
32150000,One-Eyed Shield,One-Eyed Shield,2630,1001,Flame Spit,Flame Spit - Bullet AoE,,Flame Spit,Bullet AoE,bullet,1,0,1,303215901,0,1,1,0.0,0.0,0.0,0.0,0.0,0.0,0.0,385.0,0.0,0.0,100.0,100.0,0.0
32160000,Visage Shield,Visage Shield,2628,1002,Tongues of Fire,Tongues of Fire - Bullet,,Tongues of Fire,Bullet,bullet,1,0,1,303216900,-1,1,1,0.0,0.0,0.0,0.0,0.0,0.0,0.0,150.0,0.0,0.0,0.0,0.0,16.0
32520000,Verdigris Greatshield,Verdigris Greatshield,2631,5230,Moore's Charge,Moore's Charge [1],,Moore's Charge,[1],charged,1,0,0,700000190,-1,1,0,0.0,0.0,0.0,0.0,0.0,0.0,0.0,0.0,0.0,0.0,10.0,50.0,6.0
32520000,Verdigris Greatshield,Verdigris Greatshield,2632,5230,Moore's Charge,Moore's Charge [2],,Moore's Charge,[2],charged,2,0,0,700000190,-1,1,0,0.0,0.0,0.0,0.0,0.0,0.0,0.0,0.0,0.0,0.0,10.0,50.0,6.0
32520000,Verdigris Greatshield,Verdigris Greatshield,2633,5230,Moore's Charge,Moore's Charge [3],,Moore's Charge,[3],charged,3,0,0,700000190,-1,1,0,0.0,0.0,0.0,0.0,0.0,0.0,0.0,0.0,0.0,0.0,10.0,50.0,6.0
32520000,Verdigris Greatshield,Verdigris Greatshield,2634,5230,Moore's Charge,Moore's Charge [4],,Moore's Charge,[4],charged,4,0,0,700000191,-1,1,0,0.0,0.0,0.0,0.0,0.0,0.0,0.0,0.0,0.0,0.0,100.0,100.0,6.0
32520000,Verdigris Greatshield,Verdigris Greatshield,2635,5230,Moore's Charge,Moore's Charge [5],,Moore's Charge,[5],charged,5,0,0,700000192,-1,1,0,0.0,0.0,0.0,0.0,0.0,0.0,0.0,0.0,0.0,0.0,100.0,100.0,34.0
32520000,Verdigris Greatshield,Verdigris Greatshield,2636,5230,Moore's Charge,Moore's Charge [5] - Bullet,,Moore's Charge,[5] - Bullet,bullet,5,0,0,700000198,-1,1,0,0.0,0.0,0.0,0.0,0.0,0.0,0.0,0.0,0.0,0.0,10.0,50.0,0.0
32520000,Verdigris Greatshield,Verdigris Greatshield,2637,5230,Moore's Charge,Moore's Charge Early Release,,Moore's Charge,Early Release,charged,1,0,0,700000193,-1,1,0,0.0,0.0,0.0,0.0,0.0,0.0,0.0,0.0,0.0,0.0,100.0,100.0,34.0
32520000,Verdigris Greatshield,Verdigris Greatshield,2638,5230,Moore's Charge,Moore's Charge Early Release - Bullet,,Moore's Charge,Early Release - Bullet,bullet,1,0,0,700000198,-1,1,0,0.0,0.0,0.0,0.0,0.0,0.0,0.0,0.0,0.0,0.0,10.0,50.0,0.0
32520000,Verdigris Greatshield,Verdigris Greatshield,2639,5230,Moore's Charge,Moore's Charge [1] (Lacking FP),,Moore's Charge,[1],charged,1,1,0,700000194,-1,1,0,0.0,0.0,0.0,0.0,0.0,0.0,0.0,0.0,0.0,0.0,10.0,50.0,6.0
32520000,Verdigris Greatshield,Verdigris Greatshield,2640,5230,Moore's Charge,Moore's Charge [2] (Lacking FP),,Moore's Charge,[2],charged,2,1,0,700000194,-1,1,0,0.0,0.0,0.0,0.0,0.0,0.0,0.0,0.0,0.0,0.0,10.0,50.0,6.0
32520000,Verdigris Greatshield,Verdigris Greatshield,2641,5230,Moore's Charge,Moore's Charge [3] (Lacking FP),,Moore's Charge,[3],charged,3,1,0,700000194,-1,1,0,0.0,0.0,0.0,0.0,0.0,0.0,0.0,0.0,0.0,0.0,10.0,50.0,6.0
32520000,Verdigris Greatshield,Verdigris Greatshield,2642,5230,Moore's Charge,Moore's Charge [4] (Lacking FP),,Moore's Charge,[4],charged,4,1,0,700000195,-1,1,0,0.0,0.0,0.0,0.0,0.0,0.0,0.0,0.0,0.0,0.0,100.0,100.0,6.0
32520000,Verdigris Greatshield,Verdigris Greatshield,2643,5230,Moore's Charge,Moore's Charge [5] (Lacking FP),,Moore's Charge,[5],charged,5,1,0,700000196,-1,1,0,0.0,0.0,0.0,0.0,0.0,0.0,0.0,0.0,0.0,0.0,100.0,100.0,34.0
32520000,Verdigris Greatshield,Verdigris Greatshield,2644,5230,Moore's Charge,Moore's Charge Early Release (Lacking FP),,Moore's Charge,Early Release,charged,1,1,0,700000197,-1,1,0,0.0,0.0,0.0,0.0,0.0,0.0,0.0,0.0,0.0,0.0,100.0,100.0,34.0
33090000,Carian Regal Scepter,Carian Regal Scepter,2594,1199,Spinning Weapon,Spinning Weapon [1],,Spinning Weapon,[1],direct,1,0,1,303309900,-1,1,1,85.0,85.0,85.0,85.0,85.0,0.0,30.0,0.0,0.0,0.0,100.0,100.0,6.0
33090000,Carian Regal Scepter,Carian Regal Scepter,2595,1199,Spinning Weapon,Spinning Weapon [2],,Spinning Weapon,[2],direct,2,0,1,303309900,-1,1,1,85.0,85.0,85.0,85.0,85.0,0.0,30.0,0.0,0.0,0.0,100.0,100.0,6.0
33090000,Carian Regal Scepter,Carian Regal Scepter,2596,1199,Spinning Weapon,Spinning Weapon [3],,Spinning Weapon,[3],direct,3,0,1,303309900,-1,1,1,85.0,85.0,85.0,85.0,85.0,0.0,30.0,0.0,0.0,0.0,100.0,100.0,6.0
33090000,Carian Regal Scepter,Carian Regal Scepter,2597,1199,Spinning Weapon,Spinning Weapon [4],,Spinning Weapon,[4],direct,4,0,1,303309902,-1,1,1,90.0,90.0,90.0,90.0,90.0,0.0,35.0,0.0,0.0,0.0,100.0,100.0,8.0
33090000,Carian Regal Scepter,Carian Regal Scepter,2598,1199,Spinning Weapon,Spinning Weapon [1] (Lacking FP),,Spinning Weapon,[1],direct,1,1,1,303309905,-1,1,1,55.0,55.0,55.0,55.0,55.0,0.0,0.0,0.0,0.0,0.0,100.0,100.0,6.0
33090000,Carian Regal Scepter,Carian Regal Scepter,2599,1199,Spinning Weapon,Spinning Weapon [2] (Lacking FP),,Spinning Weapon,[2],direct,2,1,1,303309905,-1,1,1,55.0,55.0,55.0,55.0,55.0,0.0,0.0,0.0,0.0,0.0,100.0,100.0,6.0
33090000,Carian Regal Scepter,Carian Regal Scepter,2600,1199,Spinning Weapon,Spinning Weapon [3] (Lacking FP),,Spinning Weapon,[3],direct,3,1,1,303309905,-1,1,1,55.0,55.0,55.0,55.0,55.0,0.0,0.0,0.0,0.0,0.0,100.0,100.0,6.0
33090000,Carian Regal Scepter,Carian Regal Scepter,2601,1199,Spinning Weapon,Spinning Weapon [4] (Lacking FP),,Spinning Weapon,[4],direct,4,1,1,303309907,-1,1,1,55.0,55.0,55.0,55.0,55.0,0.0,0.0,0.0,0.0,0.0,100.0,100.0,8.0
64520000,Curseblade's Cirque,Curseblade's Cirque,1980,5350,Deadly Dance,Deadly Dance #1 [1],,Deadly Dance,#1 [1],direct,1,0,1,600000570,-1,1,0,75.0,75.0,75.0,75.0,75.0,0.0,0.0,0.0,0.0,0.0,25.0,50.0,11.0
64520000,Curseblade's Cirque,Curseblade's Cirque,1981,5350,Deadly Dance,Deadly Dance #1 [2],,Deadly Dance,#1 [2],direct,2,0,1,600000571,-1,1,0,75.0,75.0,75.0,75.0,75.0,0.0,0.0,0.0,0.0,0.0,25.0,50.0,11.0
64520000,Curseblade's Cirque,Curseblade's Cirque,1982,5350,Deadly Dance,Deadly Dance #1 [3],,Deadly Dance,#1 [3],direct,3,0,1,600000570,-1,1,0,75.0,75.0,75.0,75.0,75.0,0.0,0.0,0.0,0.0,0.0,25.0,50.0,11.0
64520000,Curseblade's Cirque,Curseblade's Cirque,1983,5350,Deadly Dance,Deadly Dance #1 [4],,Deadly Dance,#1 [4],direct,4,0,1,600000571,-1,1,0,75.0,75.0,75.0,75.0,75.0,0.0,0.0,0.0,0.0,0.0,25.0,50.0,11.0
64520000,Curseblade's Cirque,Curseblade's Cirque,1984,5350,Deadly Dance,Deadly Dance #2,,Deadly Dance,#2,direct,2,0,1,600000572,-1,1,0,148.0,148.0,148.0,148.0,148.0,0.0,0.0,0.0,0.0,0.0,0.0,100.0,11.0
64520000,Curseblade's Cirque,Curseblade's Cirque,1985,5350,Deadly Dance,Deadly Dance #1 [1] (Lacking FP),,Deadly Dance,#1 [1],direct,1,1,1,600000573,-1,1,0,38.0,38.0,38.0,38.0,38.0,0.0,0.0,0.0,0.0,0.0,25.0,50.0,11.0
64520000,Curseblade's Cirque,Curseblade's Cirque,1986,5350,Deadly Dance,Deadly Dance #1 [2] (Lacking FP),,Deadly Dance,#1 [2],direct,2,1,1,600000574,-1,1,0,38.0,38.0,38.0,38.0,38.0,0.0,0.0,0.0,0.0,0.0,25.0,50.0,11.0
64520000,Curseblade's Cirque,Curseblade's Cirque,1987,5350,Deadly Dance,Deadly Dance #1 [3] (Lacking FP),,Deadly Dance,#1 [3],direct,3,1,1,600000573,-1,1,0,38.0,38.0,38.0,38.0,38.0,0.0,0.0,0.0,0.0,0.0,25.0,50.0,11.0
64520000,Curseblade's Cirque,Curseblade's Cirque,1988,5350,Deadly Dance,Deadly Dance #1 [4] (Lacking FP),,Deadly Dance,#1 [4],direct,4,1,1,600000574,-1,1,0,38.0,38.0,38.0,38.0,38.0,0.0,0.0,0.0,0.0,0.0,25.0,50.0,11.0
64520000,Curseblade's Cirque,Curseblade's Cirque,1989,5350,Deadly Dance,Deadly Dance #2 (Lacking FP),,Deadly Dance,#2,direct,2,1,1,600000575,-1,1,0,50.0,50.0,50.0,50.0,50.0,0.0,0.0,0.0,0.0,0.0,0.0,100.0,11.0
66510000,Dragon-Hunter's Great Katana,Dragon-Hunter's Great Katana,2062,5000,Dragonwound Slash,Dragonwound Slash,,Dragonwound Slash,base,direct,1,0,1,600000520,-1,1,0,169.0,169.0,169.0,169.0,169.0,0.0,0.0,0.0,0.0,0.0,100.0,100.0,48.0
66510000,Dragon-Hunter's Great Katana,Dragon-Hunter's Great Katana,2063,5000,Dragonwound Slash,Dragonwound Slash Charged,,Dragonwound Slash,Charged,charged,1,0,1,600000522,-1,1,0,65.0,65.0,65.0,65.0,65.0,0.0,0.0,0.0,0.0,0.0,100.0,100.0,63.0
66510000,Dragon-Hunter's Great Katana,Dragon-Hunter's Great Katana,2064,5000,Dragonwound Slash,Dragonwound Slash Charged - Bullet,,Dragonwound Slash,Charged - Bullet,bullet,1,0,1,600000523,-1,1,0,191.0,191.0,191.0,191.0,191.0,0.0,0.0,0.0,0.0,0.0,0.0,100.0,0.0
66510000,Dragon-Hunter's Great Katana,Dragon-Hunter's Great Katana,2065,5000,Dragonwound Slash,Dragonwound Slash (Lacking FP),,Dragonwound Slash,base,direct,1,1,1,600000524,-1,1,0,100.0,100.0,100.0,100.0,100.0,0.0,0.0,0.0,0.0,0.0,100.0,100.0,48.0
66510000,Dragon-Hunter's Great Katana,Dragon-Hunter's Great Katana,2066,5000,Dragonwound Slash,Dragonwound Slash Charged (Lacking FP),,Dragonwound Slash,Charged,charged,1,1,1,600000525,-1,1,0,120.0,120.0,120.0,120.0,120.0,0.0,0.0,0.0,0.0,0.0,100.0,100.0,63.0
66520000,Rakshasa's Great Katana,Rakshasa's Great Katana,2067,5450,Weed Cutter,Weed Cutter #1 [1],,Weed Cutter,#1 [1],direct,1,0,1,600000900,-1,1,0,98.0,98.0,98.0,98.0,98.0,0.0,0.0,0.0,0.0,0.0,100.0,100.0,13.0
66520000,Rakshasa's Great Katana,Rakshasa's Great Katana,2068,5450,Weed Cutter,Weed Cutter #1 [2],,Weed Cutter,#1 [2],direct,2,0,1,600000901,-1,1,0,106.0,106.0,106.0,106.0,106.0,0.0,0.0,0.0,0.0,0.0,100.0,100.0,13.0
66520000,Rakshasa's Great Katana,Rakshasa's Great Katana,2069,5450,Weed Cutter,Weed Cutter #2 [1],,Weed Cutter,#2 [1],direct,1,0,1,600000902,-1,1,0,98.0,98.0,98.0,98.0,98.0,0.0,0.0,0.0,0.0,0.0,100.0,100.0,13.0
66520000,Rakshasa's Great Katana,Rakshasa's Great Katana,2070,5450,Weed Cutter,Weed Cutter #2 [2],,Weed Cutter,#2 [2],direct,2,0,1,600000903,-1,1,0,106.0,106.0,106.0,106.0,106.0,0.0,0.0,0.0,0.0,0.0,100.0,100.0,13.0
66520000,Rakshasa's Great Katana,Rakshasa's Great Katana,2071,5450,Weed Cutter,Weed Cutter #3 [1],,Weed Cutter,#3 [1],direct,1,0,1,600000904,-1,1,0,98.0,98.0,98.0,98.0,98.0,0.0,0.0,0.0,0.0,0.0,100.0,100.0,13.0
66520000,Rakshasa's Great Katana,Rakshasa's Great Katana,2072,5450,Weed Cutter,Weed Cutter #3 [2],,Weed Cutter,#3 [2],direct,2,0,1,600000905,-1,1,0,106.0,106.0,106.0,106.0,106.0,0.0,0.0,0.0,0.0,0.0,100.0,100.0,13.0
66520000,Rakshasa's Great Katana,Rakshasa's Great Katana,2073,5450,Weed Cutter,Weed Cutter #1 [1] (Lacking FP),,Weed Cutter,#1 [1],direct,1,1,1,600000910,-1,1,0,74.0,74.0,74.0,74.0,74.0,0.0,0.0,0.0,0.0,0.0,75.0,75.0,13.0
66520000,Rakshasa's Great Katana,Rakshasa's Great Katana,2074,5450,Weed Cutter,Weed Cutter #1 [2] (Lacking FP),,Weed Cutter,#1 [2],direct,2,1,1,600000911,-1,1,0,78.0,78.0,78.0,78.0,78.0,0.0,0.0,0.0,0.0,0.0,75.0,75.0,13.0
66520000,Rakshasa's Great Katana,Rakshasa's Great Katana,2075,5450,Weed Cutter,Weed Cutter #2 [1] (Lacking FP),,Weed Cutter,#2 [1],direct,1,1,1,600000912,-1,1,0,74.0,74.0,74.0,74.0,74.0,0.0,0.0,0.0,0.0,0.0,75.0,75.0,13.0
66520000,Rakshasa's Great Katana,Rakshasa's Great Katana,2076,5450,Weed Cutter,Weed Cutter #2 [2] (Lacking FP),,Weed Cutter,#2 [2],direct,2,1,1,600000913,-1,1,0,78.0,78.0,78.0,78.0,78.0,0.0,0.0,0.0,0.0,0.0,75.0,75.0,13.0
66520000,Rakshasa's Great Katana,Rakshasa's Great Katana,2077,5450,Weed Cutter,Weed Cutter #3 [1] (Lacking FP),,Weed Cutter,#3 [1],direct,1,1,1,600000914,-1,1,0,74.0,74.0,74.0,74.0,74.0,0.0,0.0,0.0,0.0,0.0,75.0,75.0,13.0
66520000,Rakshasa's Great Katana,Rakshasa's Great Katana,2078,5450,Weed Cutter,Weed Cutter #3 [2] (Lacking FP),,Weed Cutter,#3 [2],direct,2,1,1,600000915,-1,1,0,78.0,78.0,78.0,78.0,78.0,0.0,0.0,0.0,0.0,0.0,75.0,75.0,13.0
67510000,Leda's Sword,Leda's Sword,1641,5010,Needle Piercer,Needle Piercer,,Needle Piercer,base,direct,1,0,1,600000500,-1,1,0,78.0,78.0,78.0,78.0,78.0,0.0,0.0,0.0,0.0,0.0,100.0,100.0,36.0
67510000,Leda's Sword,Leda's Sword,1642,5010,Needle Piercer,Needle Piercer - Bullet (10x),,Needle Piercer,Bullet (10x),bullet,1,0,1,600000501,-1,1,1,38.0,38.0,38.0,38.0,38.0,0.0,0.0,0.0,0.0,0.0,100.0,100.0,36.0
67510000,Leda's Sword,Leda's Sword,1643,5010,Needle Piercer,Needle Piercer (Lacking FP),,Needle Piercer,base,direct,1,1,1,600000502,-1,1,0,100.0,100.0,100.0,100.0,100.0,0.0,0.0,0.0,0.0,0.0,100.0,100.0,36.0
67520000,Rellana's Twin Blades,Rellana's Twin Blades,1644,5170,Moon-and-Fire Stance,Moon-and-Fire Stance R1 #1 [1],,Moon-and-Fire Stance,R1 #1 [1],direct,1,0,1,700000155,-1,1,0,50.0,50.0,0.0,0.0,0.0,0.0,0.0,0.0,0.0,0.0,100.0,100.0,10.0
67520000,Rellana's Twin Blades,Rellana's Twin Blades,1645,5170,Moon-and-Fire Stance,Moon-and-Fire Stance R1 #1 [2],,Moon-and-Fire Stance,R1 #1 [2],direct,2,0,1,700000156,-1,1,0,51.0,51.0,0.0,0.0,0.0,0.0,0.0,0.0,0.0,0.0,100.0,100.0,10.0
67520000,Rellana's Twin Blades,Rellana's Twin Blades,1646,5170,Moon-and-Fire Stance,Moon-and-Fire Stance R1 #2 [1],,Moon-and-Fire Stance,R1 #2 [1],direct,1,0,1,700000157,-1,1,0,52.0,52.0,0.0,0.0,0.0,0.0,0.0,0.0,0.0,0.0,100.0,100.0,10.0
67520000,Rellana's Twin Blades,Rellana's Twin Blades,1647,5170,Moon-and-Fire Stance,Moon-and-Fire Stance R1 #2 [2],,Moon-and-Fire Stance,R1 #2 [2],direct,2,0,1,700000158,-1,1,0,53.0,53.0,0.0,0.0,0.0,0.0,0.0,0.0,0.0,0.0,100.0,100.0,10.0
67520000,Rellana's Twin Blades,Rellana's Twin Blades,1648,5170,Moon-and-Fire Stance,Moon-and-Fire Stance R1 #3,,Moon-and-Fire Stance,R1 #3,direct,3,0,1,700000159,-1,1,0,55.0,55.0,0.0,0.0,0.0,0.0,0.0,0.0,0.0,0.0,100.0,100.0,10.0
67520000,Rellana's Twin Blades,Rellana's Twin Blades,1649,5170,Moon-and-Fire Stance,Moon-and-Fire Stance R1 #1 [1] - Bullet,,Moon-and-Fire Stance,R1 #1 [1] - Bullet,bullet,1,0,1,700000150,-1,1,1,0.0,200.0,0.0,0.0,0.0,0.0,0.0,0.0,0.0,0.0,0.0,0.0,10.0
67520000,Rellana's Twin Blades,Rellana's Twin Blades,1650,5170,Moon-and-Fire Stance,Moon-and-Fire Stance R1 #1 [2] - Bullet,,Moon-and-Fire Stance,R1 #1 [2] - Bullet,bullet,2,0,1,700000151,-1,1,1,0.0,200.0,0.0,0.0,0.0,0.0,0.0,0.0,0.0,0.0,0.0,0.0,10.0
67520000,Rellana's Twin Blades,Rellana's Twin Blades,1651,5170,Moon-and-Fire Stance,Moon-and-Fire Stance R1 #2 [1] - Bullet,,Moon-and-Fire Stance,R1 #2 [1] - Bullet,bullet,1,0,1,700000152,-1,1,1,0.0,200.0,0.0,0.0,0.0,0.0,0.0,0.0,0.0,0.0,0.0,0.0,10.0
67520000,Rellana's Twin Blades,Rellana's Twin Blades,1652,5170,Moon-and-Fire Stance,Moon-and-Fire Stance R1 #2 [2] - Bullet,,Moon-and-Fire Stance,R1 #2 [2] - Bullet,bullet,2,0,1,700000153,-1,1,1,0.0,200.0,0.0,0.0,0.0,0.0,0.0,0.0,0.0,0.0,0.0,0.0,10.0
67520000,Rellana's Twin Blades,Rellana's Twin Blades,1653,5170,Moon-and-Fire Stance,Moon-and-Fire Stance R1 #3 - Bullet,,Moon-and-Fire Stance,R1 #3 - Bullet,bullet,3,0,1,700000154,-1,1,1,0.0,300.0,0.0,0.0,0.0,0.0,0.0,0.0,0.0,0.0,0.0,0.0,10.0
67520000,Rellana's Twin Blades,Rellana's Twin Blades,1654,5170,Moon-and-Fire Stance,Moon-and-Fire Stance R2 [1],,Moon-and-Fire Stance,R2 [1],direct,1,0,1,700000175,-1,1,0,25.0,0.0,25.0,0.0,0.0,0.0,0.0,0.0,0.0,0.0,100.0,100.0,10.0
67520000,Rellana's Twin Blades,Rellana's Twin Blades,1655,5170,Moon-and-Fire Stance,Moon-and-Fire Stance R2 [2],,Moon-and-Fire Stance,R2 [2],direct,2,0,1,700000176,-1,1,0,25.0,0.0,25.0,0.0,0.0,0.0,0.0,0.0,0.0,0.0,100.0,100.0,10.0
67520000,Rellana's Twin Blades,Rellana's Twin Blades,1656,5170,Moon-and-Fire Stance,Moon-and-Fire Stance R2 [3],,Moon-and-Fire Stance,R2 [3],direct,3,0,1,700000177,-1,1,0,25.0,0.0,25.0,0.0,0.0,0.0,0.0,0.0,0.0,0.0,100.0,100.0,10.0
67520000,Rellana's Twin Blades,Rellana's Twin Blades,1657,5170,Moon-and-Fire Stance,Moon-and-Fire Stance R2 [1] - Bullet,,Moon-and-Fire Stance,R2 [1] - Bullet,bullet,1,0,1,700000170,-1,1,1,0.0,0.0,220.0,0.0,0.0,0.0,0.0,0.0,0.0,0.0,0.0,0.0,5.0
67520000,Rellana's Twin Blades,Rellana's Twin Blades,1658,5170,Moon-and-Fire Stance,Moon-and-Fire Stance R2 [2] - Bullet,,Moon-and-Fire Stance,R2 [2] - Bullet,bullet,2,0,1,700000171,-1,1,1,0.0,0.0,226.0,0.0,0.0,0.0,0.0,0.0,0.0,0.0,0.0,0.0,5.0
67520000,Rellana's Twin Blades,Rellana's Twin Blades,1659,5170,Moon-and-Fire Stance,Moon-and-Fire Stance R2 [3] - Bullet,,Moon-and-Fire Stance,R2 [3] - Bullet,bullet,3,0,1,700000172,-1,1,1,0.0,0.0,250.0,0.0,0.0,0.0,0.0,0.0,0.0,0.0,0.0,0.0,5.0
67520000,Rellana's Twin Blades,Rellana's Twin Blades,1660,5170,Moon-and-Fire Stance,Moon-and-Fire Stance R2 - Bullet (Fire Pillars),,Moon-and-Fire Stance,R2 - Bullet (Fire Pillars),bullet,2,0,1,700000173,-1,1,1,0.0,0.0,120.0,0.0,0.0,0.0,0.0,0.0,0.0,0.0,0.0,0.0,5.0
67520000,Rellana's Twin Blades,Rellana's Twin Blades,1661,5170,Moon-and-Fire Stance,Moon-and-Fire Stance R1 #1 [1] (Lacking FP),,Moon-and-Fire Stance,R1 #1 [1],direct,1,1,1,700000160,-1,1,0,100.0,100.0,0.0,0.0,0.0,0.0,0.0,0.0,0.0,0.0,100.0,100.0,10.0
67520000,Rellana's Twin Blades,Rellana's Twin Blades,1662,5170,Moon-and-Fire Stance,Moon-and-Fire Stance R1 #1 [2] (Lacking FP),,Moon-and-Fire Stance,R1 #1 [2],direct,2,1,1,700000161,-1,1,0,101.0,101.0,0.0,0.0,0.0,0.0,0.0,0.0,0.0,0.0,100.0,100.0,10.0
67520000,Rellana's Twin Blades,Rellana's Twin Blades,1663,5170,Moon-and-Fire Stance,Moon-and-Fire Stance R1 #2 [1] (Lacking FP),,Moon-and-Fire Stance,R1 #2 [1],direct,1,1,1,700000162,-1,1,0,102.0,102.0,0.0,0.0,0.0,0.0,0.0,0.0,0.0,0.0,100.0,100.0,10.0
67520000,Rellana's Twin Blades,Rellana's Twin Blades,1664,5170,Moon-and-Fire Stance,Moon-and-Fire Stance R1 #2 [2] (Lacking FP),,Moon-and-Fire Stance,R1 #2 [2],direct,2,1,1,700000163,-1,1,0,103.0,103.0,0.0,0.0,0.0,0.0,0.0,0.0,0.0,0.0,100.0,100.0,10.0
67520000,Rellana's Twin Blades,Rellana's Twin Blades,1665,5170,Moon-and-Fire Stance,Moon-and-Fire Stance R1 #3 (Lacking FP),,Moon-and-Fire Stance,R1 #3,direct,3,1,1,700000164,-1,1,0,110.0,110.0,0.0,0.0,0.0,0.0,0.0,0.0,0.0,0.0,100.0,100.0,10.0
67520000,Rellana's Twin Blades,Rellana's Twin Blades,1666,5170,Moon-and-Fire Stance,Moon-and-Fire Stance R2 [1] (Lacking FP),,Moon-and-Fire Stance,R2 [1],direct,1,1,1,700000180,-1,1,0,55.0,0.0,55.0,0.0,0.0,0.0,0.0,0.0,0.0,0.0,100.0,100.0,10.0
67520000,Rellana's Twin Blades,Rellana's Twin Blades,1667,5170,Moon-and-Fire Stance,Moon-and-Fire Stance R2 [2] (Lacking FP),,Moon-and-Fire Stance,R2 [2],direct,2,1,1,700000181,-1,1,0,55.0,0.0,55.0,0.0,0.0,0.0,0.0,0.0,0.0,0.0,100.0,100.0,10.0
67520000,Rellana's Twin Blades,Rellana's Twin Blades,1668,5170,Moon-and-Fire Stance,Moon-and-Fire Stance R2 [3] (Lacking FP),,Moon-and-Fire Stance,R2 [3],direct,3,1,1,700000182,-1,1,0,55.0,0.0,55.0,0.0,0.0,0.0,0.0,0.0,0.0,0.0,100.0,100.0,10.0
68510000,Red Bear's Claw,Red Bear's Claw,2583,4080,Red Bear Hunt,Red Bear Hunt #1,,Red Bear Hunt,#1,direct,1,0,1,600000640,-1,1,0,138.0,138.0,138.0,138.0,138.0,0.0,0.0,0.0,0.0,0.0,100.0,100.0,23.0
68510000,Red Bear's Claw,Red Bear's Claw,2584,4080,Red Bear Hunt,Red Bear Hunt #1 - Bullet,,Red Bear Hunt,#1 - Bullet,bullet,1,0,1,600000641,-1,1,0,56.0,56.0,56.0,56.0,56.0,0.0,0.0,0.0,0.0,0.0,0.0,0.0,0.0
68510000,Red Bear's Claw,Red Bear's Claw,2585,4080,Red Bear Hunt,Red Bear Hunt #2,,Red Bear Hunt,#2,direct,2,0,1,600000642,-1,1,0,129.0,129.0,129.0,129.0,129.0,0.0,0.0,0.0,0.0,0.0,100.0,100.0,23.0
68510000,Red Bear's Claw,Red Bear's Claw,2586,4080,Red Bear Hunt,Red Bear Hunt #2 - Bullet,,Red Bear Hunt,#2 - Bullet,bullet,2,0,1,600000643,-1,1,0,56.0,56.0,56.0,56.0,56.0,0.0,0.0,0.0,0.0,0.0,0.0,0.0,0.0
68510000,Red Bear's Claw,Red Bear's Claw,2587,4080,Red Bear Hunt,Red Bear Hunt #3 [1],,Red Bear Hunt,#3 [1],direct,1,0,1,600000644,-1,1,0,86.0,86.0,86.0,86.0,86.0,0.0,0.0,0.0,0.0,0.0,100.0,100.0,29.0
68510000,Red Bear's Claw,Red Bear's Claw,2588,4080,Red Bear Hunt,Red Bear Hunt #3 [2],,Red Bear Hunt,#3 [2],direct,2,0,1,600000645,-1,1,0,86.0,86.0,86.0,86.0,86.0,0.0,0.0,0.0,0.0,0.0,100.0,100.0,0.0
68510000,Red Bear's Claw,Red Bear's Claw,2589,4080,Red Bear Hunt,Red Bear Hunt #3 - Bullet,,Red Bear Hunt,#3 - Bullet,bullet,3,0,1,600000646,-1,1,0,49.0,49.0,49.0,49.0,49.0,0.0,0.0,0.0,0.0,0.0,0.0,0.0,0.0
68510000,Red Bear's Claw,Red Bear's Claw,2590,4080,Red Bear Hunt,Red Bear Hunt #1 (Lacking FP),,Red Bear Hunt,#1,direct,1,1,1,600000647,-1,1,0,50.0,50.0,50.0,50.0,50.0,0.0,0.0,0.0,0.0,0.0,100.0,100.0,23.0
68510000,Red Bear's Claw,Red Bear's Claw,2591,4080,Red Bear Hunt,Red Bear Hunt #2 (Lacking FP),,Red Bear Hunt,#2,direct,2,1,1,600000648,-1,1,0,50.0,50.0,50.0,50.0,50.0,0.0,0.0,0.0,0.0,0.0,100.0,100.0,23.0
68510000,Red Bear's Claw,Red Bear's Claw,2592,4080,Red Bear Hunt,Red Bear Hunt #3 [1] (Lacking FP),,Red Bear Hunt,#3 [1],direct,1,1,1,600000649,-1,1,0,50.0,50.0,50.0,50.0,50.0,0.0,0.0,0.0,0.0,0.0,100.0,100.0,29.0
68510000,Red Bear's Claw,Red Bear's Claw,2593,4080,Red Bear Hunt,Red Bear Hunt #3 [2] (Lacking FP),,Red Bear Hunt,#3 [2],direct,2,1,1,600000650,-1,1,0,50.0,50.0,50.0,50.0,50.0,0.0,0.0,0.0,0.0,0.0,100.0,100.0,0.0
