weapon_id,name,affinity,weapon_type_id,weapon_type_name,weapon_type_keys,stamina_consumption_rate,physical_attribute_primary,physical_attribute_secondary,base_physical,base_magic,base_fire,base_lightning,base_holy,str_scaling,dex_scaling,int_scaling,fai_scaling,arc_scaling,req_str,req_dex,req_int,req_fai,req_arc,reinforce_type,attack_element_correct_id,curve_id_physical,curve_id_magic,curve_id_fire,curve_id_lightning,curve_id_holy,curve_id_poison,curve_id_blood,curve_id_sleep,curve_id_madness,native_skill_id,native_skill_name,disable_gem_attr,disable_two_hand_bonus,is_somber
1000000,Dagger,Standard,1,Dagger,Dagger,1,slash,pierce,74,0,0,0,0,0.35,0.65,0,0,0,5,9,0,0,0,0,10000,0,0,0,0,0,6,6,6,6,800,Quickstep,0,0,0
1000100,Dagger,Heavy,1,Dagger,Dagger,1,slash,pierce,71,0,0,0,0,0.55,0,0,0,0,5,9,0,0,0,100,10000,1,0,0,0,0,6,6,6,6,800,Quickstep,0,0,0
1000200,Dagger,Keen,1,Dagger,Dagger,1,slash,pierce,71,0,0,0,0,0.2,0.7,0,0,0,5,9,0,0,0,5000,10000,2,0,0,0,0,6,6,6,6,800,Quickstep,0,0,0
1000300,Dagger,Quality,1,Dagger,Dagger,1,slash,pierce,71,0,0,0,0,0.63,0.63,0,0,0,5,9,0,0,0,300,10000,8,0,0,0,0,6,6,6,6,800,Quickstep,0,0,0
1000400,Dagger,Fire,1,Dagger,Dagger,1,slash,pierce,71,0,71,0,0,0.47,0.1,0,0,0,5,9,0,0,0,400,10005,0,0,4,0,0,6,6,6,6,800,Quickstep,0,0,0
1000500,Dagger,Flame Art,1,Dagger,Dagger,1,slash,pierce,71,0,71,0,0,0.1,0.19,0,0.55,0,5,9,0,0,0,500,10000,0,0,4,0,0,6,6,6,6,800,Quickstep,0,0,0
1000600,Dagger,Lightning,1,Dagger,Dagger,1,slash,pierce,71,0,0,71,0,0.1,0.47,0,0,0,5,9,0,0,0,600,10000,0,0,0,4,0,6,6,6,6,800,Quickstep,0,0,0
1000700,Dagger,Sacred,1,Dagger,Dagger,1,slash,pierce,71,0,0,0,71,0.1,0.19,0,0.55,0,5,9,0,0,0,700,10000,0,0,0,0,4,6,6,6,6,800,Quickstep,0,0,0
1000800,Dagger,Magic,1,Dagger,Dagger,1,slash,pierce,71,71,0,0,0,0.1,0.19,0.56,0,0,5,9,0,0,0,800,10000,0,4,0,0,0,6,6,6,6,800,Quickstep,0,0,0
1000900,Dagger,Cold,1,Dagger,Dagger,1,slash,pierce,71,60,0,0,0,0.31,0.58,0.52,0,0,5,9,0,0,0,900,10000,0,0,0,0,0,6,6,6,6,800,Quickstep,0,0,0
1001000,Dagger,Poison,1,Dagger,Dagger,1,slash,pierce,71,0,0,0,0,0.33,0.61,0,0,0.3,5,9,0,0,0,1000,10013,0,0,0,0,0,6,6,6,6,800,Quickstep,0,0,0
1001100,Dagger,Blood,1,Dagger,Dagger,1,slash,pierce,71,0,0,0,0,0.33,0.61,0,0,0.3,5,9,0,0,0,1100,10013,0,0,0,0,0,6,6,6,6,800,Quickstep,0,0,0
1001200,Dagger,Occult,1,Dagger,Dagger,1,slash,pierce,71,0,0,0,0,0.14,0.26,0,0,0.85,5,9,0,0,0,1200,10013,7,0,0,0,0,6,6,6,6,800,Quickstep,0,0,0
1010000,Black Knife,Standard,1,Dagger,Dagger,1.11,slash,pierce,66,0,0,0,65,0.1,0.55,0,0.35,0,8,12,0,18,0,2200,10000,0,0,0,0,4,6,6,6,6,1036,Blade of Death,1,0,1
1020000,Parrying Dagger,Standard,1,Dagger,Dagger,1,slash,pierce,75,0,0,0,0,0.16,0.76,0,0,0,5,14,0,0,0,0,10000,0,0,0,0,0,6,6,6,6,302,Parry,0,0,0
1020100,Parrying Dagger,Heavy,1,Dagger,Dagger,1,slash,pierce,72,0,0,0,0,0.55,0,0,0,0,5,14,0,0,0,100,10000,1,0,0,0,0,6,6,6,6,302,Parry,0,0,0
1020200,Parrying Dagger,Keen,1,Dagger,Dagger,1,slash,pierce,72,0,0,0,0,0.09,0.74,0,0,0,5,14,0,0,0,5000,10000,2,0,0,0,0,6,6,6,6,302,Parry,0,0,0
1020300,Parrying Dagger,Quality,1,Dagger,Dagger,1,slash,pierce,72,0,0,0,0,0.64,0.64,0,0,0,5,14,0,0,0,300,10000,8,0,0,0,0,6,6,6,6,302,Parry,0,0,0
1020400,Parrying Dagger,Fire,1,Dagger,Dagger,1,slash,pierce,72,0,72,0,0,0.46,0.09,0,0,0,5,14,0,0,0,400,10005,0,0,4,0,0,6,6,6,6,302,Parry,0,0,0
1020500,Parrying Dagger,Flame Art,1,Dagger,Dagger,1,slash,pierce,72,0,72,0,0,0.04,0.22,0,0.5,0,5,14,0,0,0,500,10000,0,0,4,0,0,6,6,6,6,302,Parry,0,0,0
1020600,Parrying Dagger,Lightning,1,Dagger,Dagger,1,slash,pierce,72,0,0,72,0,0.09,0.46,0,0,0,5,14,0,0,0,600,10000,0,0,0,4,0,6,6,6,6,302,Parry,0,0,0
1020700,Parrying Dagger,Sacred,1,Dagger,Dagger,1,slash,pierce,72,0,0,0,72,0.04,0.22,0,0.5,0,5,14,0,0,0,700,10000,0,0,0,0,4,6,6,6,6,302,Parry,0,0,0
1020800,Parrying Dagger,Magic,1,Dagger,Dagger,1,slash,pierce,72,72,0,0,0,0.04,0.22,0.55,0,0,5,14,0,0,0,800,10000,0,4,0,0,0,6,6,6,6,302,Parry,0,0,0
1020900,Parrying Dagger,Cold,1,Dagger,Dagger,1,slash,pierce,72,61,0,0,0,0.14,0.68,0.41,0,0,5,14,0,0,0,900,10000,0,0,0,0,0,6,6,6,6,302,Parry,0,0,0
1021000,Parrying Dagger,Poison,1,Dagger,Dagger,1,slash,pierce,72,0,0,0,0,0.15,0.72,0,0,0.3,5,14,0,0,0,1000,10013,0,0,0,0,0,6,6,6,6,302,Parry,0,0,0
1021100,Parrying Dagger,Blood,1,Dagger,Dagger,1,slash,pierce,72,0,0,0,0,0.15,0.72,0,0,0.3,5,14,0,0,0,1100,10013,0,0,0,0,0,6,6,6,6,302,Parry,0,0,0
1021200,Parrying Dagger,Occult,1,Dagger,Dagger,1,slash,pierce,72,0,0,0,0,0.06,0.3,0,0,0.78,5,14,0,0,0,1200,10013,7,0,0,0,0,6,6,6,6,302,Parry,0,0,0
1030000,Misericorde,Standard,1,Dagger,Dagger,1.11,slash,pierce,92,0,0,0,0,0.15,0.5,0,0,0,7,12,0,0,0,0,10000,0,0,0,0,0,6,6,6,6,800,Quickstep,0,0,0
1030100,Misericorde,Heavy,1,Dagger,Dagger,1.11,slash,pierce,88,0,0,0,0,0.38,0,0,0,0,7,12,0,0,0,100,10000,1,0,0,0,0,6,6,6,6,800,Quickstep,0,0,0
1030200,Misericorde,Keen,1,Dagger,Dagger,1.11,slash,pierce,88,0,0,0,0,0.13,0.48,0,0,0,7,12,0,0,0,5000,10000,2,0,0,0,0,6,6,6,6,800,Quickstep,0,0,0
1030300,Misericorde,Quality,1,Dagger,Dagger,1.11,slash,pierce,88,0,0,0,0,0.45,0.45,0,0,0,7,12,0,0,0,300,10000,8,0,0,0,0,6,6,6,6,800,Quickstep,0,0,0
1030400,Misericorde,Fire,1,Dagger,Dagger,1.11,slash,pierce,88,0,88,0,0,0.29,0.06,0,0,0,7,12,0,0,0,400,10005,0,0,4,0,0,6,6,6,6,800,Quickstep,0,0,0
1030500,Misericorde,Flame Art,1,Dagger,Dagger,1.11,slash,pierce,88,0,88,0,0,0.04,0.15,0,0.26,0,7,12,0,0,0,500,10000,0,0,4,0,0,6,6,6,6,800,Quickstep,0,0,0
1030600,Misericorde,Lightning,1,Dagger,Dagger,1.11,slash,pierce,88,0,0,88,0,0.06,0.29,0,0,0,7,12,0,0,0,600,10000,0,0,0,4,0,6,6,6,6,800,Quickstep,0,0,0
1030700,Misericorde,Sacred,1,Dagger,Dagger,1.11,slash,pierce,88,0,0,0,88,0.04,0.15,0,0.26,0,7,12,0,0,0,700,10000,0,0,0,0,4,6,6,6,6,800,Quickstep,0,0,0
1030800,Misericorde,Magic,1,Dagger,Dagger,1.11,slash,pierce,88,88,0,0,0,0.04,0.15,0.29,0,0,7,12,0,0,0,800,10000,0,4,0,0,0,6,6,6,6,800,Quickstep,0,0,0
1030900,Misericorde,Cold,1,Dagger,Dagger,1.11,slash,pierce,88,75,0,0,0,0.13,0.45,0.22,0,0,7,12,0,0,0,900,10000,0,0,0,0,0,6,6,6,6,800,Quickstep,0,0,0
1031000,Misericorde,Poison,1,Dagger,Dagger,1.11,slash,pierce,88,0,0,0,0,0.14,0.47,0,0,0.3,7,12,0,0,0,1000,10013,0,0,0,0,0,6,6,6,6,800,Quickstep,0,0,0
1031100,Misericorde,Blood,1,Dagger,Dagger,1.11,slash,pierce,88,0,0,0,0,0.14,0.47,0,0,0.3,7,12,0,0,0,1100,10013,0,0,0,0,0,6,6,6,6,800,Quickstep,0,0,0
1031200,Misericorde,Occult,1,Dagger,Dagger,1.11,slash,pierce,88,0,0,0,0,0.06,0.2,0,0,0.58,7,12,0,0,0,1200,10013,7,0,0,0,0,6,6,6,6,800,Quickstep,0,0,0
1040000,Reduvia,Standard,1,Dagger,Dagger,1.1,slash,pierce,79,0,0,0,0,0.1,0.4,0,0,0.55,5,13,0,0,13,2200,10013,7,0,0,0,0,6,6,6,6,1016,Reduvia Blood Blade,1,0,1
1050000,Crystal Knife,Standard,1,Dagger,Dagger,1.03,slash,pierce,82,53,0,0,0,0.4,0.25,0.5,0,0,8,12,9,0,0,0,10000,0,0,0,0,0,6,6,6,6,800,Quickstep,1,0,0
1060000,Celebrant's Sickle,Standard,1,Dagger,Dagger,1.04,slash,pierce,79,0,0,0,0,0.15,0.67,0,0,0,6,11,0,0,0,0,10000,0,0,0,0,0,6,6,6,6,800,Quickstep,0,0,0
1060100,Celebrant's Sickle,Heavy,1,Dagger,Dagger,1.04,slash,pierce,75,0,0,0,0,0.49,0,0,0,0,6,11,0,0,0,100,10000,1,0,0,0,0,6,6,6,6,800,Quickstep,0,0,0
1060200,Celebrant's Sickle,Keen,1,Dagger,Dagger,1.04,slash,pierce,75,0,0,0,0,0.16,0.69,0,0,0,6,11,0,0,0,5000,10000,2,0,0,0,0,6,6,6,6,800,Quickstep,0,0,0
1060300,Celebrant's Sickle,Quality,1,Dagger,Dagger,1.04,slash,pierce,75,0,0,0,0,0.57,0.57,0,0,0,6,11,0,0,0,300,10000,8,0,0,0,0,6,6,6,6,800,Quickstep,0,0,0
1060400,Celebrant's Sickle,Fire,1,Dagger,Dagger,1.04,slash,pierce,75,0,75,0,0,0.41,0.08,0,0,0,6,11,0,0,0,400,10005,0,0,4,0,0,6,6,6,6,800,Quickstep,0,0,0
1060500,Celebrant's Sickle,Flame Art,1,Dagger,Dagger,1.04,slash,pierce,75,0,75,0,0,0.04,0.2,0,0.44,0,6,11,0,0,0,500,10000,0,0,4,0,0,6,6,6,6,800,Quickstep,0,0,0
1060600,Celebrant's Sickle,Lightning,1,Dagger,Dagger,1.04,slash,pierce,75,0,0,75,0,0.08,0.41,0,0,0,6,11,0,0,0,600,10000,0,0,0,4,0,6,6,6,6,800,Quickstep,0,0,0
1060700,Celebrant's Sickle,Sacred,1,Dagger,Dagger,1.04,slash,pierce,75,0,0,0,75,0.04,0.2,0,0.44,0,6,11,0,0,0,700,10000,0,0,0,0,4,6,6,6,6,800,Quickstep,0,0,0
1060800,Celebrant's Sickle,Magic,1,Dagger,Dagger,1.04,slash,pierce,75,75,0,0,0,0.04,0.2,0.48,0,0,6,11,0,0,0,800,10000,0,4,0,0,0,6,6,6,6,800,Quickstep,0,0,0
1060900,Celebrant's Sickle,Cold,1,Dagger,Dagger,1.04,slash,pierce,75,64,0,0,0,0.13,0.6,0.36,0,0,6,11,0,0,0,900,10000,0,0,0,0,0,6,6,6,6,800,Quickstep,0,0,0
1061000,Celebrant's Sickle,Poison,1,Dagger,Dagger,1.04,slash,pierce,75,0,0,0,0,0.14,0.63,0,0,0.3,6,11,0,0,0,1000,10013,0,0,0,0,0,6,6,6,6,800,Quickstep,0,0,0
1061100,Celebrant's Sickle,Blood,1,Dagger,Dagger,1.04,slash,pierce,75,0,0,0,0,0.14,0.63,0,0,0.3,6,11,0,0,0,1100,10013,0,0,0,0,0,6,6,6,6,800,Quickstep,0,0,0
1061200,Celebrant's Sickle,Occult,1,Dagger,Dagger,1.04,slash,pierce,75,0,0,0,0,0.06,0.26,0,0,0.73,6,11,0,0,0,1200,10013,7,0,0,0,0,6,6,6,6,800,Quickstep,0,0,0
1070000,Glintstone Kris,Standard,1,Dagger,Dagger,1.04,slash,pierce,57,68,0,0,0,0.1,0.45,0.4,0,0,5,12,16,0,0,2200,10000,0,4,0,0,0,6,6,6,6,1017,Glintstone Dart,1,0,1
1080000,Scorpion's Stinger,Standard,1,Dagger,Dagger,1.1,slash,pierce,79,0,0,0,0,0.3,0.7,0,0,0,6,12,0,0,0,2200,10000,0,0,0,0,0,6,6,6,6,109,Repeating Thrust,1,0,1
1090000,Great Knife,Standard,1,Dagger,Dagger,1,slash,pierce,75,0,0,0,0,0.05,0.8,0,0,0,6,12,0,0,0,0,10000,0,0,0,0,0,6,6,6,6,800,Quickstep,0,0,0
1090100,Great Knife,Heavy,1,Dagger,Dagger,1,slash,pierce,72,0,0,0,0,0.54,0,0,0,0,6,12,0,0,0,100,10000,1,0,0,0,0,6,6,6,6,800,Quickstep,0,0,0
1090200,Great Knife,Keen,1,Dagger,Dagger,1,slash,pierce,72,0,0,0,0,0.17,0.72,0,0,0,6,12,0,0,0,5000,10000,2,0,0,0,0,6,6,6,6,800,Quickstep,0,0,0
1090300,Great Knife,Quality,1,Dagger,Dagger,1,slash,pierce,72,0,0,0,0,0.62,0.62,0,0,0,6,12,0,0,0,300,10000,8,0,0,0,0,6,6,6,6,800,Quickstep,0,0,0
1090400,Great Knife,Fire,1,Dagger,Dagger,1,slash,pierce,72,0,72,0,0,0.46,0.08,0,0,0,6,12,0,0,0,400,10005,0,0,4,0,0,6,6,6,6,800,Quickstep,0,0,0
1090500,Great Knife,Flame Art,1,Dagger,Dagger,1,slash,pierce,72,0,72,0,0,0.04,0.24,0,0.51,0,6,12,0,0,0,500,10000,0,0,4,0,0,6,6,6,6,800,Quickstep,0,0,0
1090600,Great Knife,Lightning,1,Dagger,Dagger,1,slash,pierce,72,0,0,72,0,0.08,0.46,0,0,0,6,12,0,0,0,600,10000,0,0,0,4,0,6,6,6,6,800,Quickstep,0,0,0
1090700,Great Knife,Sacred,1,Dagger,Dagger,1,slash,pierce,72,0,0,0,72,0.04,0.24,0,0.51,0,6,12,0,0,0,700,10000,0,0,0,0,4,6,6,6,6,800,Quickstep,0,0,0
1090800,Great Knife,Magic,1,Dagger,Dagger,1,slash,pierce,72,72,0,0,0,0.04,0.24,0.55,0,0,6,12,0,0,0,800,10000,0,4,0,0,0,6,6,6,6,800,Quickstep,0,0,0
1090900,Great Knife,Cold,1,Dagger,Dagger,1,slash,pierce,72,61,0,0,0,0.04,0.72,0.42,0,0,6,12,0,0,0,900,10000,0,0,0,0,0,6,6,6,6,800,Quickstep,0,0,0
1091000,Great Knife,Poison,1,Dagger,Dagger,1,slash,pierce,72,0,0,0,0,0.04,0.76,0,0,0.3,6,12,0,0,0,1000,10013,0,0,0,0,0,6,6,6,6,800,Quickstep,0,0,0
1091100,Great Knife,Blood,1,Dagger,Dagger,1,slash,pierce,72,0,0,0,0,0.04,0.76,0,0,0.3,6,12,0,0,0,1100,10013,0,0,0,0,0,6,6,6,6,800,Quickstep,0,0,0
1091200,Great Knife,Occult,1,Dagger,Dagger,1,slash,pierce,72,0,0,0,0,0.04,0.32,0,0,0.8,6,12,0,0,0,1200,10013,7,0,0,0,0,6,6,6,6,800,Quickstep,0,0,0
1100000,Wakizashi,Standard,1,Dagger,Dagger,1.2,slash,pierce,94,0,0,0,0,0.34,0.45,0,0,0,9,13,0,0,0,0,10000,0,0,0,0,0,6,6,6,6,800,Quickstep,0,0,0
1100100,Wakizashi,Heavy,1,Dagger,Dagger,1.2,slash,pierce,90,0,0,0,0,0.44,0,0,0,0,9,13,0,0,0,100,10000,1,0,0,0,0,6,6,6,6,800,Quickstep,0,0,0
1100200,Wakizashi,Keen,1,Dagger,Dagger,1.2,slash,pierce,90,0,0,0,0,0.07,0.45,0,0,0,9,13,0,0,0,200,10000,2,0,0,0,0,6,6,6,6,800,Quickstep,0,0,0
1100300,Wakizashi,Quality,1,Dagger,Dagger,1.2,slash,pierce,90,0,0,0,0,0.55,0.55,0,0,0,9,13,0,0,0,300,10000,8,0,0,0,0,6,6,6,6,800,Quickstep,0,0,0
1100400,Wakizashi,Fire,1,Dagger,Dagger,1.2,slash,pierce,90,0,90,0,0,0.34,0.07,0,0,0,9,13,0,0,0,400,10005,0,0,4,0,0,6,6,6,6,800,Quickstep,0,0,0
1100500,Wakizashi,Flame Art,1,Dagger,Dagger,1.2,slash,pierce,90,0,90,0,0,0.1,0.13,0,0.37,0,9,13,0,0,0,500,10000,0,0,4,0,0,6,6,6,6,800,Quickstep,0,0,0
1100600,Wakizashi,Lightning,1,Dagger,Dagger,1.2,slash,pierce,90,0,0,90,0,0.07,0.34,0,0,0,9,13,0,0,0,600,10000,0,0,0,4,0,6,6,6,6,800,Quickstep,0,0,0
1100700,Wakizashi,Sacred,1,Dagger,Dagger,1.2,slash,pierce,90,0,0,0,90,0.1,0.13,0,0.37,0,9,13,0,0,0,700,10000,0,0,0,0,4,6,6,6,6,800,Quickstep,0,0,0
1100800,Wakizashi,Magic,1,Dagger,Dagger,1.2,slash,pierce,90,90,0,0,0,0.1,0.13,0.39,0,0,9,13,0,0,0,800,10000,0,4,0,0,0,6,6,6,6,800,Quickstep,0,0,0
1100900,Wakizashi,Cold,1,Dagger,Dagger,1.2,slash,pierce,90,77,0,0,0,0.3,0.4,0.35,0,0,9,13,0,0,0,900,10000,0,0,0,0,0,6,6,6,6,800,Quickstep,0,0,0
1101000,Wakizashi,Poison,1,Dagger,Dagger,1.2,slash,pierce,90,0,0,0,0,0.32,0.42,0,0,0.3,9,13,0,0,0,1000,10013,0,0,0,0,0,6,6,6,6,800,Quickstep,0,0,0
1101100,Wakizashi,Blood,1,Dagger,Dagger,1.2,slash,pierce,90,0,0,0,0,0.32,0.42,0,0,0.3,9,13,0,0,0,1100,10013,0,0,0,0,0,6,6,6,6,800,Quickstep,0,0,0
1101200,Wakizashi,Occult,1,Dagger,Dagger,1.2,slash,pierce,90,0,0,0,0,0.13,0.18,0,0,0.67,9,13,0,0,0,1200,10013,7,0,0,0,0,6,6,6,6,800,Quickstep,0,0,0
1110000,Cinquedea,Standard,1,Dagger,Dagger,1.23,slash,pierce,98,0,0,0,0,0.57,0.17,0,0,0,10,10,0,0,0,2200,10000,0,0,0,0,0,6,6,6,6,800,Quickstep,1,0,1
1130000,Ivory Sickle,Standard,1,Dagger,Dagger,1.11,slash,pierce,60,60,0,0,0,0.23,0.59,0.4,0,0,6,11,13,0,0,0,10000,0,4,0,0,0,6,6,6,6,800,Quickstep,1,0,0
1140000,Bloodstained Dagger,Standard,1,Dagger,Dagger,1.07,slash,pierce,81,0,0,0,0,0.7,0.2,0,0,0,9,12,0,0,0,0,10000,0,0,0,0,0,6,6,6,6,800,Quickstep,0,0,0
1140100,Bloodstained Dagger,Heavy,1,Dagger,Dagger,1.07,slash,pierce,77,0,0,0,0,0.67,0,0,0,0,9,12,0,0,0,6000,10000,1,0,0,0,0,6,6,6,6,800,Quickstep,0,0,0
1140200,Bloodstained Dagger,Keen,1,Dagger,Dagger,1.07,slash,pierce,77,0,0,0,0,0.13,0.48,0,0,0,9,12,0,0,0,200,10000,2,0,0,0,0,6,6,6,6,800,Quickstep,0,0,0
1140300,Bloodstained Dagger,Quality,1,Dagger,Dagger,1.07,slash,pierce,77,0,0,0,0,0.58,0.58,0,0,0,9,12,0,0,0,300,10000,8,0,0,0,0,6,6,6,6,800,Quickstep,0,0,0
1140400,Bloodstained Dagger,Fire,1,Dagger,Dagger,1.07,slash,pierce,77,0,77,0,0,0.43,0.09,0,0,0,9,12,0,0,0,400,10005,0,0,4,0,0,6,6,6,6,800,Quickstep,0,0,0
1140500,Bloodstained Dagger,Flame Art,1,Dagger,Dagger,1.07,slash,pierce,77,0,77,0,0,0.21,0.06,0,0.46,0,9,12,0,0,0,500,10000,0,0,4,0,0,6,6,6,6,800,Quickstep,0,0,0
1140600,Bloodstained Dagger,Lightning,1,Dagger,Dagger,1.07,slash,pierce,77,0,0,77,0,0.09,0.43,0,0,0,9,12,0,0,0,600,10000,0,0,0,4,0,6,6,6,6,800,Quickstep,0,0,0
1140700,Bloodstained Dagger,Sacred,1,Dagger,Dagger,1.07,slash,pierce,77,0,0,0,77,0.21,0.06,0,0.46,0,9,12,0,0,0,700,10000,0,0,0,0,4,6,6,6,6,800,Quickstep,0,0,0
1140800,Bloodstained Dagger,Magic,1,Dagger,Dagger,1.07,slash,pierce,77,77,0,0,0,0.21,0.06,0.5,0,0,9,12,0,0,0,800,10000,0,4,0,0,0,6,6,6,6,800,Quickstep,0,0,0
1140900,Bloodstained Dagger,Cold,1,Dagger,Dagger,1.07,slash,pierce,77,65,0,0,0,0.63,0.18,0.4,0,0,9,12,0,0,0,900,10000,0,0,0,0,0,6,6,6,6,800,Quickstep,0,0,0
1141000,Bloodstained Dagger,Poison,1,Dagger,Dagger,1.07,slash,pierce,77,0,0,0,0,0.66,0.19,0,0,0.3,9,12,0,0,0,1000,10013,0,0,0,0,0,6,6,6,6,800,Quickstep,0,0,0
1141100,Bloodstained Dagger,Blood,1,Dagger,Dagger,1.07,slash,pierce,77,0,0,0,0,0.66,0.19,0,0,0.3,9,12,0,0,0,1100,10013,0,0,0,0,0,6,6,6,6,800,Quickstep,0,0,0
1141200,Bloodstained Dagger,Occult,1,Dagger,Dagger,1.07,slash,pierce,77,0,0,0,0,0.28,0.08,0,0,0.76,9,12,0,0,0,1200,10013,7,0,0,0,0,6,6,6,6,800,Quickstep,0,0,0
1150000,Erdsteel Dagger,Standard,1,Dagger,Dagger,1.07,slash,pierce,67,0,0,0,0,0.3,0.3,0,0.3,0,7,12,0,14,0,0,12000,0,0,0,0,0,6,6,6,6,800,Quickstep,0,0,0
1150100,Erdsteel Dagger,Heavy,1,Dagger,Dagger,1.07,slash,pierce,64,0,0,0,0,0.5,0,0,0.24,0,7,12,0,14,0,100,12000,1,0,0,0,0,6,6,6,6,800,Quickstep,0,0,0
1150200,Erdsteel Dagger,Keen,1,Dagger,Dagger,1.07,slash,pierce,64,0,0,0,0,0.09,0.52,0,0.24,0,7,12,0,14,0,200,12000,2,0,0,0,0,6,6,6,6,800,Quickstep,0,0,0
1150300,Erdsteel Dagger,Quality,1,Dagger,Dagger,1.07,slash,pierce,64,0,0,0,0,0.63,0.63,0,0.24,0,7,12,0,14,0,300,12000,8,0,0,0,0,6,6,6,6,800,Quickstep,0,0,0
1150400,Erdsteel Dagger,Fire,1,Dagger,Dagger,1.07,slash,pierce,64,0,64,0,0,0.41,0.09,0,0.24,0,7,12,0,14,0,400,12005,0,0,4,0,0,6,6,6,6,800,Quickstep,0,0,0
1150500,Erdsteel Dagger,Flame Art,1,Dagger,Dagger,1.07,slash,pierce,64,0,64,0,0,0.09,0.09,0,0.55,0,7,12,0,14,0,500,12000,0,0,4,0,0,6,6,6,6,800,Quickstep,0,0,0
1150600,Erdsteel Dagger,Lightning,1,Dagger,Dagger,1.07,slash,pierce,64,0,0,64,0,0.09,0.41,0,0.24,0,7,12,0,14,0,600,12000,0,0,0,4,0,6,6,6,6,800,Quickstep,0,0,0
1150700,Erdsteel Dagger,Sacred,1,Dagger,Dagger,1.07,slash,pierce,64,0,0,0,64,0.09,0.09,0,0.55,0,7,12,0,14,0,700,12000,0,0,0,0,4,6,6,6,6,800,Quickstep,0,0,0
1150800,Erdsteel Dagger,Magic,1,Dagger,Dagger,1.07,slash,pierce,64,64,0,0,0,0.09,0.09,0.5,0.24,0,7,12,0,14,0,800,12000,0,4,0,0,0,6,6,6,6,800,Quickstep,0,0,0
1150900,Erdsteel Dagger,Cold,1,Dagger,Dagger,1.07,slash,pierce,64,54,0,0,0,0.27,0.27,0.49,0.24,0,7,12,0,14,0,900,12000,0,0,0,0,0,6,6,6,6,800,Quickstep,0,0,0
1151000,Erdsteel Dagger,Poison,1,Dagger,Dagger,1.07,slash,pierce,64,0,0,0,0,0.28,0.28,0,0.24,0.3,7,12,0,14,0,1000,12005,0,0,0,0,0,6,6,6,6,800,Quickstep,0,0,0
1151100,Erdsteel Dagger,Blood,1,Dagger,Dagger,1.07,slash,pierce,64,0,0,0,0,0.28,0.28,0,0.24,0.3,7,12,0,14,0,1100,12005,0,0,0,0,0,6,6,6,6,800,Quickstep,0,0,0
1151200,Erdsteel Dagger,Occult,1,Dagger,Dagger,1.07,slash,pierce,64,0,0,0,0,0.12,0.12,0,0.24,0.79,7,12,0,14,0,1200,12005,7,0,0,0,0,6,6,6,6,800,Quickstep,0,0,0
1160000,Blade of Calling,Standard,1,Dagger,Dagger,1.04,slash,pierce,71,0,0,0,43,0.25,0.38,0,0.75,0,6,13,0,15,0,2200,10000,0,0,0,0,4,6,6,6,6,1037,Blade of Gold,1,0,1
1500000,Main-gauche,Standard,1,Dagger,Dagger,1.1,slash,pierce,79,0,0,0,0,0.3,0.6,0,0,0,7,15,0,0,0,0,10000,0,0,0,0,0,6,6,6,6,302,Parry,0,0,0
1500100,Main-gauche,Heavy,1,Dagger,Dagger,1.1,slash,pierce,75,0,0,0,0,0.49,0,0,0,0,7,15,0,0,0,100,10000,1,0,0,0,0,6,6,6,6,302,Parry,0,0,0
1500200,Main-gauche,Keen,1,Dagger,Dagger,1.1,slash,pierce,75,0,0,0,0,0.18,0.63,0,0,0,7,15,0,0,0,5000,10000,2,0,0,0,0,6,6,6,6,302,Parry,0,0,0
1500300,Main-gauche,Quality,1,Dagger,Dagger,1.1,slash,pierce,75,0,0,0,0,0.56,0.56,0,0,0,7,15,0,0,0,300,10000,8,0,0,0,0,6,6,6,6,302,Parry,0,0,0
1500400,Main-gauche,Fire,1,Dagger,Dagger,1.1,slash,pierce,75,0,75,0,0,0.42,0.09,0,0,0,7,15,0,0,0,400,10005,0,0,4,0,0,6,6,6,6,302,Parry,0,0,0
1500500,Main-gauche,Flame Art,1,Dagger,Dagger,1.1,slash,pierce,75,0,75,0,0,0.09,0.18,0,0.49,0,7,15,0,0,0,500,10000,0,0,4,0,0,6,6,6,6,302,Parry,0,0,0
1500600,Main-gauche,Lightning,1,Dagger,Dagger,1.1,slash,pierce,75,0,0,75,0,0.09,0.42,0,0,0,7,15,0,0,0,600,10000,0,0,0,4,0,6,6,6,6,302,Parry,0,0,0
1500700,Main-gauche,Sacred,1,Dagger,Dagger,1.1,slash,pierce,75,0,0,0,75,0.09,0.18,0,0.49,0,7,15,0,0,0,700,10000,0,0,0,0,4,6,6,6,6,302,Parry,0,0,0
1500800,Main-gauche,Magic,1,Dagger,Dagger,1.1,slash,pierce,75,75,0,0,0,0.09,0.18,0.5,0,0,7,15,0,0,0,800,10000,0,4,0,0,0,6,6,6,6,302,Parry,0,0,0
1500900,Main-gauche,Cold,1,Dagger,Dagger,1.1,slash,pierce,75,64,0,0,0,0.27,0.54,0.46,0,0,7,15,0,0,0,900,10000,0,4,0,0,0,6,6,6,6,302,Parry,0,0,0
1501000,Main-gauche,Poison,1,Dagger,Dagger,1.1,slash,pierce,75,0,0,0,0,0.28,0.57,0,0,0.3,7,15,0,0,0,1000,10013,0,0,0,0,0,6,6,6,6,302,Parry,0,0,0
1501100,Main-gauche,Blood,1,Dagger,Dagger,1.1,slash,pierce,75,0,0,0,0,0.28,0.57,0,0,0.3,7,15,0,0,0,1100,10013,0,0,0,0,0,6,6,6,6,302,Parry,0,0,0
1501200,Main-gauche,Occult,1,Dagger,Dagger,1.1,slash,pierce,75,0,0,0,0,0.12,0.24,0,0,0.76,7,15,0,0,0,1200,10013,7,0,0,0,0,6,6,6,6,302,Parry,0,0,0
1510000,Fire Knight's Shortsword,Standard,1,Dagger,Dagger,1.11,slash,pierce,75,0,22,0,0,0.3,0.5,0,0.3,0,8,13,0,12,0,0,10000,0,0,0,0,0,6,6,6,6,800,Quickstep,0,0,0
1510100,Fire Knight's Shortsword,Heavy,1,Dagger,Dagger,1.11,slash,pierce,63,0,18,0,0,0.6,0,0,0.27,0,8,13,0,12,0,100,10000,1,0,0,0,0,6,6,6,6,800,Quickstep,0,0,0
1510200,Fire Knight's Shortsword,Keen,1,Dagger,Dagger,1.11,slash,pierce,63,0,18,0,0,0.22,0.6,0,0.27,0,8,13,0,12,0,200,10000,2,0,0,0,0,6,6,6,6,800,Quickstep,0,0,0
1510300,Fire Knight's Shortsword,Quality,1,Dagger,Dagger,1.11,slash,pierce,63,0,18,0,0,0.68,0.68,0,0.27,0,8,13,0,12,0,300,10000,8,0,0,0,0,6,6,6,6,800,Quickstep,0,0,0
1510400,Fire Knight's Shortsword,Fire,1,Dagger,Dagger,1.11,slash,pierce,63,0,80,0,0,0.41,0.22,0,0.27,0,8,13,0,12,0,400,20010500,0,0,4,0,0,6,6,6,6,800,Quickstep,0,0,0
1510500,Fire Knight's Shortsword,Flame Art,1,Dagger,Dagger,1.11,slash,pierce,63,0,80,0,0,0.06,0.1,0,0.55,0,8,13,0,12,0,500,10000,0,0,4,0,0,6,6,6,6,800,Quickstep,0,0,0
1510600,Fire Knight's Shortsword,Lightning,1,Dagger,Dagger,1.11,slash,pierce,63,0,18,63,0,0.22,0.49,0,0.27,0,8,13,0,12,0,600,10000,0,0,0,4,0,6,6,6,6,800,Quickstep,0,0,0
1510700,Fire Knight's Shortsword,Sacred,1,Dagger,Dagger,1.11,slash,pierce,63,0,18,0,63,0.06,0.1,0,0.6,0,8,13,0,12,0,700,10000,0,0,0,0,4,6,6,6,6,800,Quickstep,0,0,0
1510800,Fire Knight's Shortsword,Magic,1,Dagger,Dagger,1.11,slash,pierce,63,63,18,0,0,0.09,0.15,0.6,0.27,0,8,13,0,12,0,800,10000,0,4,0,0,0,6,6,6,6,800,Quickstep,0,0,0
1510900,Fire Knight's Shortsword,Cold,1,Dagger,Dagger,1.11,slash,pierce,63,54,18,0,0,0.27,0.45,0.66,0.27,0,8,13,0,12,0,900,10000,0,4,0,0,0,6,6,6,6,800,Quickstep,0,0,0
1511000,Fire Knight's Shortsword,Poison,1,Dagger,Dagger,1.11,slash,pierce,63,0,18,0,0,0.3,0.5,0,0.27,0.3,8,13,0,12,0,1000,10013,0,0,0,0,0,6,6,6,6,800,Quickstep,0,0,0
1511100,Fire Knight's Shortsword,Blood,1,Dagger,Dagger,1.11,slash,pierce,63,0,18,0,0,0.3,0.5,0,0.27,0.3,8,13,0,12,0,1100,10013,0,0,0,0,0,6,6,6,6,800,Quickstep,0,0,0
1511200,Fire Knight's Shortsword,Occult,1,Dagger,Dagger,1.11,slash,pierce,63,0,18,0,0,0.12,0.2,0,0.07,0.93,8,13,0,12,0,1200,10013,7,0,0,0,0,6,6,6,6,800,Quickstep,0,0,0
2000000,Longsword,Standard,3,Straight Sword,SwordNormal,1,standard,pierce,110,0,0,0,0,0.5,0.33,0,0,0,10,10,0,0,0,0,10000,0,0,0,0,0,6,6,6,6,115,Square Off,0,0,0
2000100,Longsword,Heavy,3,Straight Sword,SwordNormal,1,standard,pierce,105,0,0,0,0,0.48,0,0,0,0,10,10,0,0,0,100,10000,1,0,0,0,0,6,6,6,6,115,Square Off,0,0,0
2000200,Longsword,Keen,3,Straight Sword,SwordNormal,1,standard,pierce,105,0,0,0,0,0.08,0.46,0,0,0,10,10,0,0,0,200,10000,2,0,0,0,0,6,6,6,6,115,Square Off,0,0,0
2000300,Longsword,Quality,3,Straight Sword,SwordNormal,1,standard,pierce,105,0,0,0,0,0.56,0.56,0,0,0,10,10,0,0,0,300,10000,8,0,0,0,0,6,6,6,6,115,Square Off,0,0,0
2000400,Longsword,Fire,3,Straight Sword,SwordNormal,1,standard,pierce,105,0,105,0,0,0.35,0.08,0,0,0,10,10,0,0,0,400,10005,0,0,4,0,0,6,6,6,6,115,Square Off,0,0,0
2000500,Longsword,Flame Art,3,Straight Sword,SwordNormal,1,standard,pierce,105,0,105,0,0,0.1,0.06,0,0.42,0,10,10,0,0,0,500,10000,0,0,4,0,0,6,6,6,6,115,Square Off,0,0,0
2000600,Longsword,Lightning,3,Straight Sword,SwordNormal,1,standard,pierce,105,0,0,105,0,0.08,0.35,0,0,0,10,10,0,0,0,600,10000,0,0,0,4,0,6,6,6,6,115,Square Off,0,0,0
2000700,Longsword,Sacred,3,Straight Sword,SwordNormal,1,standard,pierce,105,0,0,0,105,0.1,0.06,0,0.42,0,10,10,0,0,0,700,10000,0,0,0,0,4,6,6,6,6,115,Square Off,0,0,0
2000800,Longsword,Magic,3,Straight Sword,SwordNormal,1,standard,pierce,105,105,0,0,0,0.07,0.04,0.43,0,0,10,10,0,0,0,800,10000,0,4,0,0,0,6,6,6,6,115,Square Off,0,0,0
2000900,Longsword,Cold,3,Straight Sword,SwordNormal,1,standard,pierce,105,84,0,0,0,0.45,0.29,0.4,0,0,10,10,0,0,0,900,10000,0,4,0,0,0,6,6,6,6,115,Square Off,0,0,0
2001000,Longsword,Poison,3,Straight Sword,SwordNormal,1,standard,pierce,105,0,0,0,0,0.47,0.31,0,0,0.3,10,10,0,0,0,1000,10013,0,0,0,0,0,6,6,6,6,115,Square Off,0,0,0
2001100,Longsword,Blood,3,Straight Sword,SwordNormal,1,standard,pierce,105,0,0,0,0,0.47,0.31,0,0,0.3,10,10,0,0,0,1100,10013,0,0,0,0,0,6,6,6,6,115,Square Off,0,0,0
2001200,Longsword,Occult,3,Straight Sword,SwordNormal,1,standard,pierce,105,0,0,0,0,0.2,0.13,0,0,0.7,10,10,0,0,0,1200,10013,7,0,0,0,0,6,6,6,6,115,Square Off,0,0,0
2010000,Short Sword,Standard,3,Straight Sword,SwordNormal,0.93,standard,pierce,102,0,0,0,0,0.37,0.48,0,0,0,8,10,0,0,0,0,10000,0,0,0,0,0,6,6,6,6,503,Kick,0,0,0
2010100,Short Sword,Heavy,3,Straight Sword,SwordNormal,0.93,standard,pierce,97,0,0,0,0,0.47,0,0,0,0,8,10,0,0,0,100,10000,1,0,0,0,0,6,6,6,6,503,Kick,0,0,0
2010200,Short Sword,Keen,3,Straight Sword,SwordNormal,0.93,standard,pierce,97,0,0,0,0,0.08,0.63,0,0,0,8,10,0,0,0,5000,10000,2,0,0,0,0,6,6,6,6,503,Kick,0,0,0
2010300,Short Sword,Quality,3,Straight Sword,SwordNormal,0.93,standard,pierce,97,0,0,0,0,0.55,0.55,0,0,0,8,10,0,0,0,300,10000,8,0,0,0,0,6,6,6,6,503,Kick,0,0,0
2010400,Short Sword,Fire,3,Straight Sword,SwordNormal,0.93,standard,pierce,97,0,97,0,0,0.37,0.08,0,0,0,8,10,0,0,0,400,10005,0,0,4,0,0,6,6,6,6,503,Kick,0,0,0
2010500,Short Sword,Flame Art,3,Straight Sword,SwordNormal,0.93,standard,pierce,97,0,97,0,0,0.07,0.09,0,0.46,0,8,10,0,0,0,500,10000,0,0,4,0,0,6,6,6,6,503,Kick,0,0,0
2010600,Short Sword,Lightning,3,Straight Sword,SwordNormal,0.93,standard,pierce,97,0,0,97,0,0.08,0.37,0,0,0,8,10,0,0,0,600,10000,0,0,0,4,0,6,6,6,6,503,Kick,0,0,0
2010700,Short Sword,Sacred,3,Straight Sword,SwordNormal,0.93,standard,pierce,97,0,0,0,97,0.07,0.09,0,0.46,0,8,10,0,0,0,700,10000,0,0,0,0,4,6,6,6,6,503,Kick,0,0,0
2010800,Short Sword,Magic,3,Straight Sword,SwordNormal,0.93,standard,pierce,97,97,0,0,0,0.05,0.07,0.46,0,0,8,10,0,0,0,800,10000,0,4,0,0,0,6,6,6,6,503,Kick,0,0,0
2010900,Short Sword,Cold,3,Straight Sword,SwordNormal,0.93,standard,pierce,97,78,0,0,0,0.33,0.43,0.42,0,0,8,10,0,0,0,900,10000,0,4,0,0,0,6,6,6,6,503,Kick,0,0,0
2011000,Short Sword,Poison,3,Straight Sword,SwordNormal,0.93,standard,pierce,97,0,0,0,0,0.35,0.45,0,0,0.3,8,10,0,0,0,1000,10013,0,0,0,0,0,6,6,6,6,503,Kick,0,0,0
2011100,Short Sword,Blood,3,Straight Sword,SwordNormal,0.93,standard,pierce,97,0,0,0,0,0.35,0.45,0,0,0.3,8,10,0,0,0,1100,10013,0,0,0,0,0,6,6,6,6,503,Kick,0,0,0
2011200,Short Sword,Occult,3,Straight Sword,SwordNormal,0.93,standard,pierce,97,0,0,0,0,0.14,0.19,0,0,0.72,8,10,0,0,0,1200,10013,7,0,0,0,0,6,6,6,6,503,Kick,0,0,0
2020000,Broadsword,Standard,3,Straight Sword,SwordNormal,1.03,standard,pierce,117,0,0,0,0,0.55,0.22,0,0,0,10,10,0,0,0,0,10000,0,0,0,0,0,6,6,6,6,115,Square Off,0,0,0
2020100,Broadsword,Heavy,3,Straight Sword,SwordNormal,1.03,standard,pierce,112,0,0,0,0,0.57,0,0,0,0,10,10,0,0,0,6000,10000,1,0,0,0,0,6,6,6,6,115,Square Off,0,0,0
2020200,Broadsword,Keen,3,Straight Sword,SwordNormal,1.03,standard,pierce,112,0,0,0,0,0.07,0.41,0,0,0,10,10,0,0,0,200,10000,2,0,0,0,0,6,6,6,6,115,Square Off,0,0,0
2020300,Broadsword,Quality,3,Straight Sword,SwordNormal,1.03,standard,pierce,112,0,0,0,0,0.5,0.5,0,0,0,10,10,0,0,0,300,10000,8,0,0,0,0,6,6,6,6,115,Square Off,0,0,0
2020400,Broadsword,Fire,3,Straight Sword,SwordNormal,1.03,standard,pierce,112,0,112,0,0,0.32,0.07,0,0,0,10,10,0,0,0,400,10005,0,0,4,0,0,6,6,6,6,115,Square Off,0,0,0
2020500,Broadsword,Flame Art,3,Straight Sword,SwordNormal,1.03,standard,pierce,112,0,112,0,0,0.11,0.04,0,0.36,0,10,10,0,0,0,500,10000,0,0,4,0,0,6,6,6,6,115,Square Off,0,0,0
2020600,Broadsword,Lightning,3,Straight Sword,SwordNormal,1.03,standard,pierce,112,0,0,112,0,0.07,0.32,0,0,0,10,10,0,0,0,600,10000,0,0,0,4,0,6,6,6,6,115,Square Off,0,0,0
2020700,Broadsword,Sacred,3,Straight Sword,SwordNormal,1.03,standard,pierce,112,0,0,0,112,0.11,0.04,0,0.36,0,10,10,0,0,0,700,10000,0,0,0,0,4,6,6,6,6,115,Square Off,0,0,0
2020800,Broadsword,Magic,3,Straight Sword,SwordNormal,1.03,standard,pierce,112,112,0,0,0,0.08,0.04,0.37,0,0,10,10,0,0,0,800,10000,0,4,0,0,0,6,6,6,6,115,Square Off,0,0,0
2020900,Broadsword,Cold,3,Straight Sword,SwordNormal,1.03,standard,pierce,112,90,0,0,0,0.49,0.19,0.3,0,0,10,10,0,0,0,900,10000,0,4,0,0,0,6,6,6,6,115,Square Off,0,0,0
2021000,Broadsword,Poison,3,Straight Sword,SwordNormal,1.03,standard,pierce,112,0,0,0,0,0.52,0.2,0,0,0.3,10,10,0,0,0,1000,10013,0,0,0,0,0,6,6,6,6,115,Square Off,0,0,0
2021100,Broadsword,Blood,3,Straight Sword,SwordNormal,1.03,standard,pierce,112,0,0,0,0,0.52,0.2,0,0,0.3,10,10,0,0,0,1100,10013,0,0,0,0,0,6,6,6,6,115,Square Off,0,0,0
2021200,Broadsword,Occult,3,Straight Sword,SwordNormal,1.03,standard,pierce,112,0,0,0,0,0.22,0.08,0,0,0.65,10,10,0,0,0,1200,10013,7,0,0,0,0,6,6,6,6,115,Square Off,0,0,0
2040000,Lordsworn's Straight Sword,Standard,3,Straight Sword,SwordNormal,1,standard,pierce,115,0,0,0,0,0.36,0.36,0,0,0,10,10,0,0,0,0,10000,0,0,0,0,0,6,6,6,6,115,Square Off,0,0,0
2040100,Lordsworn's Straight Sword,Heavy,3,Straight Sword,SwordNormal,1,standard,pierce,110,0,0,0,0,0.42,0,0,0,0,10,10,0,0,0,100,10000,1,0,0,0,0,6,6,6,6,115,Square Off,0,0,0
2040200,Lordsworn's Straight Sword,Keen,3,Straight Sword,SwordNormal,1,standard,pierce,110,0,0,0,0,0.14,0.4,0,0,0,10,10,0,0,0,200,10000,2,0,0,0,0,6,6,6,6,115,Square Off,0,0,0
2040300,Lordsworn's Straight Sword,Quality,3,Straight Sword,SwordNormal,1,standard,pierce,110,0,0,0,0,0.5,0.5,0,0,0,10,10,0,0,0,300,10000,8,0,0,0,0,6,6,6,6,115,Square Off,0,0,0
2040400,Lordsworn's Straight Sword,Fire,3,Straight Sword,SwordNormal,1,standard,pierce,110,0,110,0,0,0.29,0.07,0,0,0,10,10,0,0,0,400,10005,0,0,4,0,0,6,6,6,6,115,Square Off,0,0,0
2040500,Lordsworn's Straight Sword,Flame Art,3,Straight Sword,SwordNormal,1,standard,pierce,110,0,110,0,0,0.07,0.07,0,0.34,0,10,10,0,0,0,500,10000,0,0,4,0,0,6,6,6,6,115,Square Off,0,0,0
2040600,Lordsworn's Straight Sword,Lightning,3,Straight Sword,SwordNormal,1,standard,pierce,110,0,0,110,0,0.07,0.29,0,0,0,10,10,0,0,0,600,10000,0,0,0,4,0,6,6,6,6,115,Square Off,0,0,0
2040700,Lordsworn's Straight Sword,Sacred,3,Straight Sword,SwordNormal,1,standard,pierce,110,0,0,0,110,0.07,0.07,0,0.34,0,10,10,0,0,0,700,10000,0,0,0,0,4,6,6,6,6,115,Square Off,0,0,0
2040800,Lordsworn's Straight Sword,Magic,3,Straight Sword,SwordNormal,1,standard,pierce,110,110,0,0,0,0.05,0.05,0.34,0,0,10,10,0,0,0,800,10000,0,4,0,0,0,6,6,6,6,115,Square Off,0,0,0
2040900,Lordsworn's Straight Sword,Cold,3,Straight Sword,SwordNormal,1,standard,pierce,110,88,0,0,0,0.32,0.32,0.32,0,0,10,10,0,0,0,900,10000,0,4,0,0,0,6,6,6,6,115,Square Off,0,0,0
2041000,Lordsworn's Straight Sword,Poison,3,Straight Sword,SwordNormal,1,standard,pierce,110,0,0,0,0,0.32,0.32,0,0,0.3,10,10,0,0,0,1000,10013,0,0,0,0,0,6,6,6,6,115,Square Off,0,0,0
2041100,Lordsworn's Straight Sword,Blood,3,Straight Sword,SwordNormal,1,standard,pierce,110,0,0,0,0,0.32,0.32,0,0,0.3,10,10,0,0,0,1100,10013,0,0,0,0,0,6,6,6,6,115,Square Off,0,0,0
2041200,Lordsworn's Straight Sword,Occult,3,Straight Sword,SwordNormal,1,standard,pierce,110,0,0,0,0,0.14,0.14,0,0,0.61,10,10,0,0,0,1200,10013,7,0,0,0,0,6,6,6,6,115,Square Off,0,0,0
2050000,Weathered Straight Sword,Standard,3,Straight Sword,SwordNormal,0.965,standard,pierce,103,0,0,0,0,0.34,0.44,0,0,0,7,10,0,0,0,0,10000,0,0,0,0,0,6,6,6,6,115,Square Off,0,0,0
2050100,Weathered Straight Sword,Heavy,3,Straight Sword,SwordNormal,0.965,standard,pierce,98,0,0,0,0,0.44,0,0,0,0,7,10,0,0,0,100,10000,1,0,0,0,0,6,6,6,6,115,Square Off,0,0,0
2050200,Weathered Straight Sword,Keen,3,Straight Sword,SwordNormal,0.965,standard,pierce,98,0,0,0,0,0.07,0.44,0,0,0,7,10,0,0,0,200,10000,2,0,0,0,0,6,6,6,6,115,Square Off,0,0,0
2050300,Weathered Straight Sword,Quality,3,Straight Sword,SwordNormal,0.965,standard,pierce,98,0,0,0,0,0.53,0.53,0,0,0,7,10,0,0,0,300,10000,8,0,0,0,0,6,6,6,6,115,Square Off,0,0,0
2050400,Weathered Straight Sword,Fire,3,Straight Sword,SwordNormal,0.965,standard,pierce,98,0,98,0,0,0.33,0.07,0,0,0,7,10,0,0,0,400,10005,0,0,4,0,0,6,6,6,6,115,Square Off,0,0,0
2050500,Weathered Straight Sword,Flame Art,3,Straight Sword,SwordNormal,0.965,standard,pierce,98,0,98,0,0,0.1,0.13,0,0.35,0,7,10,0,0,0,500,10000,0,0,4,0,0,6,6,6,6,115,Square Off,0,0,0
2050600,Weathered Straight Sword,Lightning,3,Straight Sword,SwordNormal,0.965,standard,pierce,98,0,0,98,0,0.07,0.33,0,0,0,7,10,0,0,0,600,10000,0,0,0,4,0,6,6,6,6,115,Square Off,0,0,0
2050700,Weathered Straight Sword,Sacred,3,Straight Sword,SwordNormal,0.965,standard,pierce,98,0,0,0,98,0.1,0.13,0,0.35,0,7,10,0,0,0,700,10000,0,0,0,0,4,6,6,6,6,115,Square Off,0,0,0
2050800,Weathered Straight Sword,Magic,3,Straight Sword,SwordNormal,0.965,standard,pierce,98,98,0,0,0,0.1,0.13,0.38,0,0,7,10,0,0,0,800,10000,0,4,0,0,0,6,6,6,6,115,Square Off,0,0,0
2050900,Weathered Straight Sword,Cold,3,Straight Sword,SwordNormal,0.965,standard,pierce,98,78,0,0,0,0.3,0.39,0.39,0,0,7,10,0,0,0,900,10000,0,4,0,0,0,6,6,6,6,115,Square Off,0,0,0
2051000,Weathered Straight Sword,Poison,3,Straight Sword,SwordNormal,0.965,standard,pierce,98,0,0,0,0,0.32,0.41,0,0,0.3,7,10,0,0,0,1000,10013,0,0,0,0,0,6,6,6,6,115,Square Off,0,0,0
2051100,Weathered Straight Sword,Blood,3,Straight Sword,SwordNormal,0.965,standard,pierce,98,0,0,0,0,0.32,0.41,0,0,0.3,7,10,0,0,0,1100,10013,0,0,0,0,0,6,6,6,6,115,Square Off,0,0,0
2051200,Weathered Straight Sword,Occult,3,Straight Sword,SwordNormal,0.965,standard,pierce,98,0,0,0,0,0.13,0.17,0,0,0.66,7,10,0,0,0,1200,10013,7,0,0,0,0,6,6,6,6,115,Square Off,0,0,0
2060000,Ornamental Straight Sword,Standard,3,Straight Sword,SwordNormal,0.97,standard,pierce,101,0,0,0,0,0.2,0.55,0,0,0,10,14,0,0,0,2200,10000,0,0,0,0,0,6,6,6,6,1052,Golden Tempering,1,1,1
2070000,Golden Epitaph,Standard,3,Straight Sword,SwordNormal,1,standard,pierce,85,0,0,0,85,0.3,0.3,0,0.38,0,12,10,0,14,0,2200,10000,0,0,0,0,4,6,6,6,6,1053,Last Rites,1,0,1
2080000,Nox Flowing Sword,Standard,9,Curved Sword,SaberNormal,1.08,slash,slash,112,0,0,0,0,0.2,0.5,0,0,0,8,15,0,0,0,2200,10000,0,0,0,0,0,6,6,6,6,1018,Flowing Form,1,0,1
2090000,Inseparable Sword,Standard,5,Greatsword,SwordLarge,1.03,standard,pierce,98,0,0,0,98,0.27,0.27,0,0.6,0,18,18,0,20,0,2200,10000,0,0,0,0,4,6,6,6,6,201,Sacred Blade,1,0,1
2110000,Coded Sword,Standard,3,Straight Sword,SwordNormal,0.98,standard,pierce,0,0,0,0,85,0,0,0,0.95,0,0,0,0,20,0,2200,10000,0,0,0,0,4,6,6,6,6,1054,Unblockable Blade,1,0,1
2140000,Sword of Night and Flame,Standard,3,Straight Sword,SwordNormal,1.03,standard,pierce,87,56,56,0,0,0.14,0.14,0.5,0.5,0,12,12,24,24,0,2200,10000,0,4,4,0,0,6,6,6,6,1019,Night-and-Flame Stance,1,0,1
2150000,Crystal Sword,Standard,3,Straight Sword,SwordNormal,1.06,standard,pierce,106,68,0,0,0,0.45,0.15,0.32,0,0,13,10,15,0,0,2200,10000,0,4,0,0,0,6,6,6,6,103,Spinning Slash,1,0,1
2180000,Carian Knight's Sword,Standard,3,Straight Sword,SwordNormal,1.07,standard,pierce,88,88,0,0,0,0.35,0.26,0.32,0,0,10,10,18,0,0,2200,10000,0,4,0,0,0,6,6,6,6,218,Carian Grandeur,1,0,1
2190000,Sword of St. Trina,Standard,3,Straight Sword,SwordNormal,0.93,standard,pierce,107,32,0,0,0,0.28,0.4,0.2,0,0,10,12,14,0,0,2200,10000,0,4,0,0,0,6,6,6,6,1023,Mists of Slumber,1,0,1
2200000,Miquellan Knight's Sword,Standard,3,Straight Sword,SwordNormal,1,standard,pierce,105,0,0,0,68,0.29,0.29,0,0.2,0,11,11,0,16,0,2200,10000,0,4,0,0,4,6,6,6,6,201,Sacred Blade,1,0,1
2210000,Cane Sword,Standard,3,Straight Sword,SwordNormal,0.915,standard,pierce,96,0,0,0,0,0.2,0.55,0,0,0,8,11,0,0,0,0,10000,0,0,0,0,0,6,6,6,6,115,Square Off,0,0,0
2210100,Cane Sword,Heavy,3,Straight Sword,SwordNormal,0.915,standard,pierce,92,0,0,0,0,0.43,0,0,0,0,8,11,0,0,0,100,10000,1,0,0,0,0,6,6,6,6,115,Square Off,0,0,0
2210200,Cane Sword,Keen,3,Straight Sword,SwordNormal,0.915,standard,pierce,92,0,0,0,0,0.15,0.56,0,0,0,8,11,0,0,0,5000,10000,2,0,0,0,0,6,6,6,6,115,Square Off,0,0,0
2210300,Cane Sword,Quality,3,Straight Sword,SwordNormal,0.915,standard,pierce,92,0,0,0,0,0.5,0.5,0,0,0,8,11,0,0,0,300,10000,8,0,0,0,0,6,6,6,6,115,Square Off,0,0,0
2210400,Cane Sword,Fire,3,Straight Sword,SwordNormal,0.915,standard,pierce,92,0,92,0,0,0.32,0.07,0,0,0,8,11,0,0,0,400,10005,0,0,4,0,0,6,6,6,6,115,Square Off,0,0,0
2210500,Cane Sword,Flame Art,3,Straight Sword,SwordNormal,0.915,standard,pierce,92,0,92,0,0,0.06,0.16,0,0.31,0,8,11,0,0,0,500,10000,0,0,4,0,0,6,6,6,6,115,Square Off,0,0,0
2210600,Cane Sword,Lightning,3,Straight Sword,SwordNormal,0.915,standard,pierce,92,0,0,92,0,0.07,0.32,0,0,0,8,11,0,0,0,600,10000,0,0,0,4,0,6,6,6,6,115,Square Off,0,0,0
2210700,Cane Sword,Sacred,3,Straight Sword,SwordNormal,0.915,standard,pierce,92,0,0,0,92,0.06,0.16,0,0.31,0,8,11,0,0,0,700,10000,0,0,0,0,4,6,6,6,6,115,Square Off,0,0,0
2210800,Cane Sword,Magic,3,Straight Sword,SwordNormal,0.915,standard,pierce,92,92,0,0,0,0.06,0.16,0.36,0,0,8,11,0,0,0,800,10000,0,4,0,0,0,6,6,6,6,115,Square Off,0,0,0
2210900,Cane Sword,Cold,3,Straight Sword,SwordNormal,0.915,standard,pierce,92,74,0,0,0,0.18,0.49,0.3,0,0,8,11,0,0,0,900,10000,0,4,0,0,0,6,6,6,6,115,Square Off,0,0,0
2211000,Cane Sword,Poison,3,Straight Sword,SwordNormal,0.915,standard,pierce,92,0,0,0,0,0.19,0.52,0,0,0.3,8,11,0,0,0,1000,10013,0,0,0,0,0,6,6,6,6,115,Square Off,0,0,0
2211100,Cane Sword,Blood,3,Straight Sword,SwordNormal,0.915,standard,pierce,92,0,0,0,0,0.19,0.52,0,0,0.3,8,11,0,0,0,1100,10013,0,0,0,0,0,6,6,6,6,115,Square Off,0,0,0
2211200,Cane Sword,Occult,3,Straight Sword,SwordNormal,0.915,standard,pierce,92,0,0,0,0,0.08,0.22,0,0,0.61,8,11,0,0,0,1200,10013,7,0,0,0,0,6,6,6,6,115,Square Off,0,0,0
2220000,Regalia of Eochaid,Standard,3,Straight Sword,SwordNormal,1.05,standard,pierce,89,57,0,0,0,0.15,0.37,0,0,0.37,12,18,0,0,15,2200,10100,7,4,0,0,0,6,6,6,6,1055,Eochaid's Dancing Blade,1,0,1
2230000,Noble's Slender Sword,Standard,3,Straight Sword,SwordNormal,1.045,standard,pierce,101,0,0,0,0,0.12,0.7,0,0,0,8,11,0,0,0,0,10000,0,0,0,0,0,6,6,6,6,115,Square Off,0,0,0
2230100,Noble's Slender Sword,Heavy,3,Straight Sword,SwordNormal,1.045,standard,pierce,96,0,0,0,0,0.5,0,0,0,0,8,11,0,0,0,100,10000,1,0,0,0,0,6,6,6,6,115,Square Off,0,0,0
2230200,Noble's Slender Sword,Keen,3,Straight Sword,SwordNormal,1.045,standard,pierce,96,0,0,0,0,0.08,0.66,0,0,0,8,11,0,0,0,5000,10000,2,0,0,0,0,6,6,6,6,115,Square Off,0,0,0
2230300,Noble's Slender Sword,Quality,3,Straight Sword,SwordNormal,1.045,standard,pierce,96,0,0,0,0,0.57,0.57,0,0,0,8,11,0,0,0,300,10000,8,0,0,0,0,6,6,6,6,115,Square Off,0,0,0
2230400,Noble's Slender Sword,Fire,3,Straight Sword,SwordNormal,1.045,standard,pierce,96,0,96,0,0,0.38,0.08,0,0,0,8,11,0,0,0,400,10005,0,0,4,0,0,6,6,6,6,115,Square Off,0,0,0
2230500,Noble's Slender Sword,Flame Art,3,Straight Sword,SwordNormal,1.045,standard,pierce,96,0,96,0,0,0.04,0.21,0,0.4,0,8,11,0,0,0,500,10000,0,0,4,0,0,6,6,6,6,115,Square Off,0,0,0
2230600,Noble's Slender Sword,Lightning,3,Straight Sword,SwordNormal,1.045,standard,pierce,96,0,0,96,0,0.08,0.38,0,0,0,8,11,0,0,0,600,10000,0,0,0,4,0,6,6,6,6,115,Square Off,0,0,0
2230700,Noble's Slender Sword,Sacred,3,Straight Sword,SwordNormal,1.045,standard,pierce,96,0,0,0,96,0.04,0.21,0,0.4,0,8,11,0,0,0,700,10000,0,0,0,0,4,6,6,6,6,115,Square Off,0,0,0
2230800,Noble's Slender Sword,Magic,3,Straight Sword,SwordNormal,1.045,standard,pierce,96,96,0,0,0,0.04,0.21,0.45,0,0,8,11,0,0,0,800,10000,0,4,0,0,0,6,6,6,6,115,Square Off,0,0,0
2230900,Noble's Slender Sword,Cold,3,Straight Sword,SwordNormal,1.045,standard,pierce,96,77,0,0,0,0.1,0.63,0.36,0,0,8,11,0,0,0,900,10000,0,4,0,0,0,6,6,6,6,115,Square Off,0,0,0
2231000,Noble's Slender Sword,Poison,3,Straight Sword,SwordNormal,1.045,standard,pierce,96,0,0,0,0,0.11,0.66,0,0,0.3,8,11,0,0,0,1000,10013,0,0,0,0,0,6,6,6,6,115,Square Off,0,0,0
2231100,Noble's Slender Sword,Blood,3,Straight Sword,SwordNormal,1.045,standard,pierce,96,0,0,0,0,0.11,0.66,0,0,0.3,8,11,0,0,0,1100,10013,0,0,0,0,0,6,6,6,6,115,Square Off,0,0,0
2231200,Noble's Slender Sword,Occult,3,Straight Sword,SwordNormal,1.045,standard,pierce,96,0,0,0,0,0.04,0.28,0,0,0.73,8,11,0,0,0,1200,10013,7,0,0,0,0,6,6,6,6,115,Square Off,0,0,0
2240000,Warhawk's Talon,Standard,3,Straight Sword,SwordNormal,0.97,standard,pierce,101,0,0,0,0,0.28,0.6,0,0,0,10,16,0,0,0,0,10000,0,0,0,0,0,6,6,6,6,103,Spinning Slash,0,0,0
2240100,Warhawk's Talon,Heavy,3,Straight Sword,SwordNormal,0.97,standard,pierce,96,0,0,0,0,0.48,0,0,0,0,10,16,0,0,0,100,10000,1,0,0,0,0,6,6,6,6,103,Spinning Slash,0,0,0
2240200,Warhawk's Talon,Keen,3,Straight Sword,SwordNormal,0.97,standard,pierce,96,0,0,0,0,0.08,0.66,0,0,0,10,16,0,0,0,5000,10000,2,0,0,0,0,6,6,6,6,103,Spinning Slash,0,0,0
2240300,Warhawk's Talon,Quality,3,Straight Sword,SwordNormal,0.97,standard,pierce,96,0,0,0,0,0.56,0.56,0,0,0,10,16,0,0,0,300,10000,8,0,0,0,0,6,6,6,6,103,Spinning Slash,0,0,0
2240400,Warhawk's Talon,Fire,3,Straight Sword,SwordNormal,0.97,standard,pierce,96,0,96,0,0,0.38,0.08,0,0,0,10,16,0,0,0,400,10005,0,0,4,0,0,6,6,6,6,103,Spinning Slash,0,0,0
2240500,Warhawk's Talon,Flame Art,3,Straight Sword,SwordNormal,0.97,standard,pierce,96,0,96,0,0,0.08,0.18,0,0.41,0,10,16,0,0,0,500,10000,0,0,4,0,0,6,6,6,6,103,Spinning Slash,0,0,0
2240600,Warhawk's Talon,Lightning,3,Straight Sword,SwordNormal,0.97,standard,pierce,96,0,0,96,0,0.08,0.38,0,0,0,10,16,0,0,0,600,10000,0,0,0,4,0,6,6,6,6,103,Spinning Slash,0,0,0
2240700,Warhawk's Talon,Sacred,3,Straight Sword,SwordNormal,0.97,standard,pierce,96,0,0,0,96,0.08,0.18,0,0.41,0,10,16,0,0,0,700,10000,0,0,0,0,4,6,6,6,6,103,Spinning Slash,0,0,0
2240800,Warhawk's Talon,Magic,3,Straight Sword,SwordNormal,0.97,standard,pierce,96,96,0,0,0,0.08,0.18,0.45,0,0,10,16,0,0,0,800,10000,0,4,0,0,0,6,6,6,6,103,Spinning Slash,0,0,0
2240900,Warhawk's Talon,Cold,3,Straight Sword,SwordNormal,0.97,standard,pierce,96,77,0,0,0,0.25,0.54,0.39,0,0,10,16,0,0,0,900,10000,0,4,0,0,0,6,6,6,6,103,Spinning Slash,0,0,0
2241000,Warhawk's Talon,Poison,3,Straight Sword,SwordNormal,0.97,standard,pierce,96,0,0,0,0,0.26,0.57,0,0,0.3,10,16,0,0,0,1000,10013,0,0,0,0,0,6,6,6,6,103,Spinning Slash,0,0,0
2241100,Warhawk's Talon,Blood,3,Straight Sword,SwordNormal,0.97,standard,pierce,96,0,0,0,0,0.26,0.57,0,0,0.3,10,16,0,0,0,1100,10013,0,0,0,0,0,6,6,6,6,103,Spinning Slash,0,0,0
2241200,Warhawk's Talon,Occult,3,Straight Sword,SwordNormal,0.97,standard,pierce,96,0,0,0,0,0.11,0.24,0,0,0.74,10,16,0,0,0,1200,10013,7,0,0,0,0,6,6,6,6,103,Spinning Slash,0,0,0
2250000,Lazuli Glintstone Sword,Standard,3,Straight Sword,SwordNormal,0.96,standard,pierce,79,94,0,0,0,0.38,0.15,0.3,0,0,8,9,13,0,0,2200,10000,0,4,0,0,0,6,6,6,6,203,Glintstone Pebble,1,0,1
2260000,Rotten Crystal Sword,Standard,3,Straight Sword,SwordNormal,1.06,standard,pierce,102,66,0,0,0,0.44,0.15,0.32,0,0,13,10,15,0,0,2200,10000,0,4,0,0,0,6,6,6,6,103,Spinning Slash,1,0,1
2510000,Velvet Sword of St. Trina,Standard,3,Straight Sword,SwordNormal,0.955,standard,pierce,95,61,0,0,0,0.2,0.33,0.24,0,0,10,12,14,0,0,2200,10000,0,4,0,0,0,6,6,6,6,5110,Mists of Eternal Sleep,1,0,1
2520000,Star-Lined Sword,Standard,13,Katana,katana,0.985,slash,pierce,82,82,0,0,0,0.15,0.75,0.3,0,0,10,23,21,0,0,2200,10000,0,4,0,0,0,6,6,6,6,5040,Onze's Line of Stars,1,0,1
2530000,Carian Sorcery Sword,Standard,15,Thrusting Sword,SwordPierce,0.985,standard,pierce,38,69,0,0,0,0.1,0.39,0.47,0,0,10,19,16,0,0,1300,20010800,0,4,0,0,0,6,6,6,6,5590,,1,0,0
2540000,Stone-Sheathed Sword,Standard,3,Straight Sword,SwordNormal,1.075,strike,strike,89,0,0,0,0,0.65,0.3,0,0,0,16,8,0,0,0,2200,10000,0,0,0,0,0,6,6,6,6,115,Square Off,1,0,1
2550000,Sword of Light,Standard,3,Straight Sword,SwordNormal,1.03,standard,pierce,93,0,0,0,93,0.35,0.2,0,0.23,0,14,11,0,24,0,2200,10000,0,0,0,0,4,6,6,6,6,5020,Light,1,0,1
2560000,Sword of Darkness,Standard,3,Straight Sword,SwordNormal,1.03,standard,pierce,93,0,0,0,93,0.35,0.2,0,0.23,0,14,11,0,24,0,2200,10000,0,0,0,0,4,6,6,6,6,5030,Darkness,1,0,1
3000000,Bastard Sword,Standard,5,Greatsword,SwordLarge,1,standard,pierce,138,0,0,0,0,0.55,0.27,0,0,0,16,10,0,0,0,0,10000,0,0,0,0,0,6,6,6,6,106,Stamp (Upward Cut),0,0,0
3000100,Bastard Sword,Heavy,5,Greatsword,SwordLarge,1,standard,pierce,133,0,0,0,0,0.59,0,0,0,0,16,10,0,0,0,6000,10000,1,0,0,0,0,6,6,6,6,106,Stamp (Upward Cut),0,0,0
3000200,Bastard Sword,Keen,5,Greatsword,SwordLarge,1,standard,pierce,133,0,0,0,0,0.16,0.42,0,0,0,16,10,0,0,0,200,10000,2,0,0,0,0,6,6,6,6,106,Stamp (Upward Cut),0,0,0
3000300,Bastard Sword,Quality,5,Greatsword,SwordLarge,1,standard,pierce,133,0,0,0,0,0.51,0.51,0,0,0,16,10,0,0,0,300,10000,8,0,0,0,0,6,6,6,6,106,Stamp (Upward Cut),0,0,0
3000400,Bastard Sword,Fire,5,Greatsword,SwordLarge,1,standard,pierce,133,0,133,0,0,0.34,0.16,0,0,0,16,10,0,0,0,400,10005,0,0,4,0,0,6,6,6,6,106,Stamp (Upward Cut),0,0,0
3000500,Bastard Sword,Flame Art,5,Greatsword,SwordLarge,1,standard,pierce,133,0,133,0,0,0.16,0.08,0,0.34,0,16,10,0,0,0,500,10000,0,0,4,0,0,6,6,6,6,106,Stamp (Upward Cut),0,0,0
3000600,Bastard Sword,Lightning,5,Greatsword,SwordLarge,1,standard,pierce,133,0,0,133,0,0.16,0.34,0,0,0,16,10,0,0,0,600,10000,0,0,0,4,0,6,6,6,6,106,Stamp (Upward Cut),0,0,0
3000700,Bastard Sword,Sacred,5,Greatsword,SwordLarge,1,standard,pierce,133,0,0,0,133,0.16,0.08,0,0.34,0,16,10,0,0,0,700,10000,0,0,0,0,4,6,6,6,6,106,Stamp (Upward Cut),0,0,0
3000800,Bastard Sword,Magic,5,Greatsword,SwordLarge,1,standard,pierce,133,133,0,0,0,0.16,0.08,0.37,0,0,16,10,0,0,0,800,10000,0,4,0,0,0,6,6,6,6,106,Stamp (Upward Cut),0,0,0
3000900,Bastard Sword,Cold,5,Greatsword,SwordLarge,1,standard,pierce,133,100,0,0,0,0.49,0.24,0.36,0,0,16,10,0,0,0,900,10000,0,4,0,0,0,6,6,6,6,106,Stamp (Upward Cut),0,0,0
3001000,Bastard Sword,Poison,5,Greatsword,SwordLarge,1,standard,pierce,133,0,0,0,0,0.52,0.25,0,0,0.3,16,10,0,0,0,1000,10013,0,0,0,0,0,6,6,6,6,106,Stamp (Upward Cut),0,0,0
3001100,Bastard Sword,Blood,5,Greatsword,SwordLarge,1,standard,pierce,133,0,0,0,0,0.52,0.25,0,0,0.3,16,10,0,0,0,1100,10013,0,0,0,0,0,6,6,6,6,106,Stamp (Upward Cut),0,0,0
3001200,Bastard Sword,Occult,5,Greatsword,SwordLarge,1,standard,pierce,133,0,0,0,0,0.22,0.1,0,0,0.69,16,10,0,0,0,1200,10013,7,0,0,0,0,6,6,6,6,106,Stamp (Upward Cut),0,0,0
3010000,Forked Greatsword,Standard,5,Greatsword,SwordLarge,1.01,standard,pierce,124,0,0,0,0,0.35,0.5,0,0,0,14,16,0,0,0,0,10000,0,0,0,0,0,6,6,6,6,106,Stamp (Upward Cut),0,0,0
3010100,Forked Greatsword,Heavy,5,Greatsword,SwordLarge,1.01,standard,pierce,120,0,0,0,0,0.46,0,0,0,0,14,16,0,0,0,100,10000,1,0,0,0,0,6,6,6,6,106,Stamp (Upward Cut),0,0,0
3010200,Forked Greatsword,Keen,5,Greatsword,SwordLarge,1.01,standard,pierce,120,0,0,0,0,0.17,0.45,0,0,0,14,16,0,0,0,200,10000,2,0,0,0,0,6,6,6,6,106,Stamp (Upward Cut),0,0,0
3010300,Forked Greatsword,Quality,5,Greatsword,SwordLarge,1.01,standard,pierce,120,0,0,0,0,0.56,0.56,0,0,0,14,16,0,0,0,300,10000,8,0,0,0,0,6,6,6,6,106,Stamp (Upward Cut),0,0,0
3010400,Forked Greatsword,Fire,5,Greatsword,SwordLarge,1.01,standard,pierce,120,0,120,0,0,0.35,0.17,0,0,0,14,16,0,0,0,400,10005,0,0,4,0,0,6,6,6,6,106,Stamp (Upward Cut),0,0,0
3010500,Forked Greatsword,Flame Art,5,Greatsword,SwordLarge,1.01,standard,pierce,120,0,120,0,0,0.1,0.15,0,0.37,0,14,16,0,0,0,500,10000,0,0,4,0,0,6,6,6,6,106,Stamp (Upward Cut),0,0,0
3010600,Forked Greatsword,Lightning,5,Greatsword,SwordLarge,1.01,standard,pierce,120,0,0,120,0,0.17,0.35,0,0,0,14,16,0,0,0,600,10000,0,0,0,4,0,6,6,6,6,106,Stamp (Upward Cut),0,0,0
3010700,Forked Greatsword,Sacred,5,Greatsword,SwordLarge,1.01,standard,pierce,120,0,0,0,120,0.1,0.15,0,0.37,0,14,16,0,0,0,700,10000,0,0,0,0,4,6,6,6,6,106,Stamp (Upward Cut),0,0,0
3010800,Forked Greatsword,Magic,5,Greatsword,SwordLarge,1.01,standard,pierce,120,120,0,0,0,0.1,0.15,0.39,0,0,14,16,0,0,0,800,10000,0,4,0,0,0,6,6,6,6,106,Stamp (Upward Cut),0,0,0
3010900,Forked Greatsword,Cold,5,Greatsword,SwordLarge,1.01,standard,pierce,120,90,0,0,0,0.31,0.45,0.38,0,0,14,16,0,0,0,900,10000,0,4,0,0,0,6,6,6,6,106,Stamp (Upward Cut),0,0,0
3011000,Forked Greatsword,Poison,5,Greatsword,SwordLarge,1.01,standard,pierce,120,0,0,0,0,0.33,0.47,0,0,0.3,14,16,0,0,0,1000,10013,0,0,0,0,0,6,6,6,6,106,Stamp (Upward Cut),0,0,0
3011100,Forked Greatsword,Blood,5,Greatsword,SwordLarge,1.01,standard,pierce,120,0,0,0,0,0.33,0.47,0,0,0.3,14,16,0,0,0,1100,10013,0,0,0,0,0,6,6,6,6,106,Stamp (Upward Cut),0,0,0
3011200,Forked Greatsword,Occult,5,Greatsword,SwordLarge,1.01,standard,pierce,120,0,0,0,0,0.14,0.2,0,0,0.72,14,16,0,0,0,1200,10013,7,0,0,0,0,6,6,6,6,106,Stamp (Upward Cut),0,0,0
3020000,Iron Greatsword,Standard,5,Greatsword,SwordLarge,1.075,standard,pierce,149,0,0,0,0,0.65,0.1,0,0,0,18,10,0,0,0,0,10000,0,0,0,0,0,6,6,6,6,106,Stamp (Upward Cut),0,0,0
3020100,Iron Greatsword,Heavy,5,Greatsword,SwordLarge,1.075,standard,pierce,144,0,0,0,0,0.55,0,0,0,0,18,10,0,0,0,6000,10000,1,0,0,0,0,6,6,6,6,106,Stamp (Upward Cut),0,0,0
3020200,Iron Greatsword,Keen,5,Greatsword,SwordLarge,1.075,standard,pierce,144,0,0,0,0,0.18,0.39,0,0,0,18,10,0,0,0,200,10000,2,0,0,0,0,6,6,6,6,106,Stamp (Upward Cut),0,0,0
3020300,Iron Greatsword,Quality,5,Greatsword,SwordLarge,1.075,standard,pierce,144,0,0,0,0,0.48,0.48,0,0,0,18,10,0,0,0,300,10000,8,0,0,0,0,6,6,6,6,106,Stamp (Upward Cut),0,0,0
3020400,Iron Greatsword,Fire,5,Greatsword,SwordLarge,1.075,standard,pierce,144,0,144,0,0,0.32,0.15,0,0,0,18,10,0,0,0,400,10005,0,0,4,0,0,6,6,6,6,106,Stamp (Upward Cut),0,0,0
3020500,Iron Greatsword,Flame Art,5,Greatsword,SwordLarge,1.075,standard,pierce,144,0,144,0,0,0.19,0.03,0,0.33,0,18,10,0,0,0,500,10000,0,0,4,0,0,6,6,6,6,106,Stamp (Upward Cut),0,0,0
3020600,Iron Greatsword,Lightning,5,Greatsword,SwordLarge,1.075,standard,pierce,144,0,0,144,0,0.15,0.32,0,0,0,18,10,0,0,0,600,10000,0,0,0,4,0,6,6,6,6,106,Stamp (Upward Cut),0,0,0
3020700,Iron Greatsword,Sacred,5,Greatsword,SwordLarge,1.075,standard,pierce,144,0,0,0,144,0.19,0.03,0,0.33,0,18,10,0,0,0,700,10000,0,0,0,0,4,6,6,6,6,106,Stamp (Upward Cut),0,0,0
3020800,Iron Greatsword,Magic,5,Greatsword,SwordLarge,1.075,standard,pierce,144,144,0,0,0,0.19,0.03,0.36,0,0,18,10,0,0,0,800,10000,0,4,0,0,0,6,6,6,6,106,Stamp (Upward Cut),0,0,0
3020900,Iron Greatsword,Cold,5,Greatsword,SwordLarge,1.075,standard,pierce,144,108,0,0,0,0.58,0.09,0.3,0,0,18,10,0,0,0,900,10000,0,4,0,0,0,6,6,6,6,106,Stamp (Upward Cut),0,0,0
3021000,Iron Greatsword,Poison,5,Greatsword,SwordLarge,1.075,standard,pierce,144,0,0,0,0,0.61,0.09,0,0,0.3,18,10,0,0,0,1000,10013,0,0,0,0,0,6,6,6,6,106,Stamp (Upward Cut),0,0,0
3021100,Iron Greatsword,Blood,5,Greatsword,SwordLarge,1.075,standard,pierce,144,0,0,0,0,0.61,0.09,0,0,0.3,18,10,0,0,0,1100,10013,0,0,0,0,0,6,6,6,6,106,Stamp (Upward Cut),0,0,0
3021200,Iron Greatsword,Occult,5,Greatsword,SwordLarge,1.075,standard,pierce,144,0,0,0,0,0.26,0.04,0,0,0.63,18,10,0,0,0,1200,10013,7,0,0,0,0,6,6,6,6,106,Stamp (Upward Cut),0,0,0
3030000,Lordsworn's Greatsword,Standard,5,Greatsword,SwordLarge,1,standard,pierce,136,0,0,0,0,0.43,0.37,0,0,0,16,10,0,0,0,0,10000,0,0,0,0,0,6,6,6,6,106,Stamp (Upward Cut),0,0,0
3030100,Lordsworn's Greatsword,Heavy,5,Greatsword,SwordLarge,1,standard,pierce,131,0,0,0,0,0.45,0,0,0,0,16,10,0,0,0,100,10000,1,0,0,0,0,6,6,6,6,106,Stamp (Upward Cut),0,0,0
3030200,Lordsworn's Greatsword,Keen,5,Greatsword,SwordLarge,1,standard,pierce,131,0,0,0,0,0.16,0.42,0,0,0,16,10,0,0,0,200,10000,2,0,0,0,0,6,6,6,6,106,Stamp (Upward Cut),0,0,0
3030300,Lordsworn's Greatsword,Quality,5,Greatsword,SwordLarge,1,standard,pierce,131,0,0,0,0,0.54,0.54,0,0,0,16,10,0,0,0,300,10000,8,0,0,0,0,6,6,6,6,106,Stamp (Upward Cut),0,0,0
3030400,Lordsworn's Greatsword,Fire,5,Greatsword,SwordLarge,1,standard,pierce,131,0,131,0,0,0.32,0.16,0,0,0,16,10,0,0,0,400,10005,0,0,4,0,0,6,6,6,6,106,Stamp (Upward Cut),0,0,0
3030500,Lordsworn's Greatsword,Flame Art,5,Greatsword,SwordLarge,1,standard,pierce,131,0,131,0,0,0.12,0.11,0,0.35,0,16,10,0,0,0,500,10000,0,0,4,0,0,6,6,6,6,106,Stamp (Upward Cut),0,0,0
3030600,Lordsworn's Greatsword,Lightning,5,Greatsword,SwordLarge,1,standard,pierce,131,0,0,131,0,0.16,0.32,0,0,0,16,10,0,0,0,600,10000,0,0,0,4,0,6,6,6,6,106,Stamp (Upward Cut),0,0,0
3030700,Lordsworn's Greatsword,Sacred,5,Greatsword,SwordLarge,1,standard,pierce,131,0,0,0,131,0.12,0.11,0,0.35,0,16,10,0,0,0,700,10000,0,0,0,0,4,6,6,6,6,106,Stamp (Upward Cut),0,0,0
3030800,Lordsworn's Greatsword,Magic,5,Greatsword,SwordLarge,1,standard,pierce,131,131,0,0,0,0.12,0.11,0.36,0,0,16,10,0,0,0,800,10000,0,4,0,0,0,6,6,6,6,106,Stamp (Upward Cut),0,0,0
3030900,Lordsworn's Greatsword,Cold,5,Greatsword,SwordLarge,1,standard,pierce,131,98,0,0,0,0.38,0.33,0.36,0,0,16,10,0,0,0,900,10000,0,4,0,0,0,6,6,6,6,106,Stamp (Upward Cut),0,0,0
3031000,Lordsworn's Greatsword,Poison,5,Greatsword,SwordLarge,1,standard,pierce,131,0,0,0,0,0.4,0.35,0,0,0.3,16,10,0,0,0,1000,10013,0,0,0,0,0,6,6,6,6,106,Stamp (Upward Cut),0,0,0
3031100,Lordsworn's Greatsword,Blood,5,Greatsword,SwordLarge,1,standard,pierce,131,0,0,0,0,0.4,0.35,0,0,0.3,16,10,0,0,0,1100,10013,0,0,0,0,0,6,6,6,6,106,Stamp (Upward Cut),0,0,0
3031200,Lordsworn's Greatsword,Occult,5,Greatsword,SwordLarge,1,standard,pierce,131,0,0,0,0,0.17,0.14,0,0,0.68,16,10,0,0,0,1200,10013,7,0,0,0,0,6,6,6,6,106,Stamp (Upward Cut),0,0,0
3040000,Knight's Greatsword,Standard,5,Greatsword,SwordLarge,1.07,standard,pierce,141,0,0,0,0,0.33,0.44,0,0,0,16,12,0,0,0,0,10000,0,0,0,0,0,6,6,6,6,106,Stamp (Upward Cut),0,0,0
3040100,Knight's Greatsword,Heavy,5,Greatsword,SwordLarge,1.07,standard,pierce,136,0,0,0,0,0.43,0,0,0,0,16,12,0,0,0,100,10000,1,0,0,0,0,6,6,6,6,106,Stamp (Upward Cut),0,0,0
3040200,Knight's Greatsword,Keen,5,Greatsword,SwordLarge,1.07,standard,pierce,136,0,0,0,0,0.15,0.42,0,0,0,16,12,0,0,0,200,10000,2,0,0,0,0,6,6,6,6,106,Stamp (Upward Cut),0,0,0
3040300,Knight's Greatsword,Quality,5,Greatsword,SwordLarge,1.07,standard,pierce,136,0,0,0,0,0.53,0.53,0,0,0,16,12,0,0,0,300,10000,8,0,0,0,0,6,6,6,6,106,Stamp (Upward Cut),0,0,0
3040400,Knight's Greatsword,Fire,5,Greatsword,SwordLarge,1.07,standard,pierce,136,0,136,0,0,0.31,0.15,0,0,0,16,12,0,0,0,400,10005,0,0,4,0,0,6,6,6,6,106,Stamp (Upward Cut),0,0,0
3040500,Knight's Greatsword,Flame Art,5,Greatsword,SwordLarge,1.07,standard,pierce,136,0,136,0,0,0.09,0.13,0,0.33,0,16,12,0,0,0,500,10000,0,0,4,0,0,6,6,6,6,106,Stamp (Upward Cut),0,0,0
3040600,Knight's Greatsword,Lightning,5,Greatsword,SwordLarge,1.07,standard,pierce,136,0,0,136,0,0.15,0.31,0,0,0,16,12,0,0,0,600,10000,0,0,0,4,0,6,6,6,6,106,Stamp (Upward Cut),0,0,0
3040700,Knight's Greatsword,Sacred,5,Greatsword,SwordLarge,1.07,standard,pierce,136,0,0,0,136,0.09,0.13,0,0.33,0,16,12,0,0,0,700,10000,0,0,0,0,4,6,6,6,6,106,Stamp (Upward Cut),0,0,0
3040800,Knight's Greatsword,Magic,5,Greatsword,SwordLarge,1.07,standard,pierce,136,136,0,0,0,0.09,0.13,0.34,0,0,16,12,0,0,0,800,10000,0,4,0,0,0,6,6,6,6,106,Stamp (Upward Cut),0,0,0
3040900,Knight's Greatsword,Cold,5,Greatsword,SwordLarge,1.07,standard,pierce,136,102,0,0,0,0.29,0.39,0.34,0,0,16,12,0,0,0,900,10000,0,4,0,0,0,6,6,6,6,106,Stamp (Upward Cut),0,0,0
3041000,Knight's Greatsword,Poison,5,Greatsword,SwordLarge,1.07,standard,pierce,136,0,0,0,0,0.31,0.41,0,0,0.3,16,12,0,0,0,1000,10013,0,0,0,0,0,6,6,6,6,106,Stamp (Upward Cut),0,0,0
3041100,Knight's Greatsword,Blood,5,Greatsword,SwordLarge,1.07,standard,pierce,136,0,0,0,0,0.31,0.41,0,0,0.3,16,12,0,0,0,1100,10013,0,0,0,0,0,6,6,6,6,106,Stamp (Upward Cut),0,0,0
3041200,Knight's Greatsword,Occult,5,Greatsword,SwordLarge,1.07,standard,pierce,136,0,0,0,0,0.13,0.17,0,0,0.65,16,12,0,0,0,1200,10013,7,0,0,0,0,6,6,6,6,106,Stamp (Upward Cut),0,0,0
3050000,Flamberge,Standard,5,Greatsword,SwordLarge,1.04,standard,pierce,129,0,0,0,0,0.27,0.6,0,0,0,15,14,0,0,0,0,10000,0,0,0,0,0,6,6,6,6,106,Stamp (Upward Cut),0,0,0
3050100,Flamberge,Heavy,5,Greatsword,SwordLarge,1.04,standard,pierce,125,0,0,0,0,0.49,0,0,0,0,15,14,0,0,0,100,10000,1,0,0,0,0,6,6,6,6,106,Stamp (Upward Cut),0,0,0
3050200,Flamberge,Keen,5,Greatsword,SwordLarge,1.04,standard,pierce,125,0,0,0,0,0.08,0.65,0,0,0,15,14,0,0,0,5000,10000,2,0,0,0,0,6,6,6,6,106,Stamp (Upward Cut),0,0,0
3050300,Flamberge,Quality,5,Greatsword,SwordLarge,1.04,standard,pierce,125,0,0,0,0,0.56,0.56,0,0,0,15,14,0,0,0,300,10000,8,0,0,0,0,6,6,6,6,106,Stamp (Upward Cut),0,0,0
3050400,Flamberge,Fire,5,Greatsword,SwordLarge,1.04,standard,pierce,125,0,125,0,0,0.36,0.17,0,0,0,15,14,0,0,0,400,10005,0,0,4,0,0,6,6,6,6,106,Stamp (Upward Cut),0,0,0
3050500,Flamberge,Flame Art,5,Greatsword,SwordLarge,1.04,standard,pierce,125,0,125,0,0,0.08,0.18,0,0.36,0,15,14,0,0,0,500,10000,0,0,4,0,0,6,6,6,6,106,Stamp (Upward Cut),0,0,0
3050600,Flamberge,Lightning,5,Greatsword,SwordLarge,1.04,standard,pierce,125,0,0,125,0,0.17,0.36,0,0,0,15,14,0,0,0,600,10000,0,0,0,4,0,6,6,6,6,106,Stamp (Upward Cut),0,0,0
3050700,Flamberge,Sacred,5,Greatsword,SwordLarge,1.04,standard,pierce,125,0,0,0,125,0.08,0.18,0,0.36,0,15,14,0,0,0,700,10000,0,0,0,0,4,6,6,6,6,106,Stamp (Upward Cut),0,0,0
3050800,Flamberge,Magic,5,Greatsword,SwordLarge,1.04,standard,pierce,125,125,0,0,0,0.08,0.18,0.4,0,0,15,14,0,0,0,800,10000,0,4,0,0,0,6,6,6,6,106,Stamp (Upward Cut),0,0,0
3050900,Flamberge,Cold,5,Greatsword,SwordLarge,1.04,standard,pierce,125,94,0,0,0,0.24,0.54,0.39,0,0,15,14,0,0,0,900,10000,0,4,0,0,0,6,6,6,6,106,Stamp (Upward Cut),0,0,0
3051000,Flamberge,Poison,5,Greatsword,SwordLarge,1.04,standard,pierce,125,0,0,0,0,0.25,0.57,0,0,0.3,15,14,0,0,0,1000,10013,0,0,0,0,0,6,6,6,6,106,Stamp (Upward Cut),0,0,0
3051100,Flamberge,Blood,5,Greatsword,SwordLarge,1.04,standard,pierce,125,0,0,0,0,0.25,0.57,0,0,0.3,15,14,0,0,0,1100,10013,0,0,0,0,0,6,6,6,6,106,Stamp (Upward Cut),0,0,0
3051200,Flamberge,Occult,5,Greatsword,SwordLarge,1.04,standard,pierce,125,0,0,0,0,0.1,0.24,0,0,0.73,15,14,0,0,0,1200,10013,7,0,0,0,0,6,6,6,6,106,Stamp (Upward Cut),0,0,0
3060000,Ordovis's Greatsword,Standard,5,Greatsword,SwordLarge,1.115,standard,pierce,107,0,0,0,69,0.79,0.1,0,0.35,0,25,13,0,15,0,2200,10000,0,0,0,0,4,6,6,6,6,1198,Ordovis's Vortex,1,0,1
3070000,Alabaster Lord's Sword,Standard,5,Greatsword,SwordLarge,0.93,standard,pierce,128,38,0,0,0,0.58,0.2,0.3,0,0,16,12,18,0,0,2200,10000,0,4,0,0,0,6,6,6,6,1040,Alabaster Lords' Pull,1,0,1
3080000,Banished Knight's Greatsword,Standard,5,Greatsword,SwordLarge,1.03,standard,pierce,142,0,0,0,0,0.44,0.36,0,0,0,17,9,0,0,0,0,10000,0,0,0,0,0,6,6,6,6,106,Stamp (Upward Cut),0,0,0
3080100,Banished Knight's Greatsword,Heavy,5,Greatsword,SwordLarge,1.03,standard,pierce,137,0,0,0,0,0.47,0,0,0,0,17,9,0,0,0,100,10000,1,0,0,0,0,6,6,6,6,106,Stamp (Upward Cut),0,0,0
3080200,Banished Knight's Greatsword,Keen,5,Greatsword,SwordLarge,1.03,standard,pierce,137,0,0,0,0,0.16,0.41,0,0,0,17,9,0,0,0,200,10000,2,0,0,0,0,6,6,6,6,106,Stamp (Upward Cut),0,0,0
3080300,Banished Knight's Greatsword,Quality,5,Greatsword,SwordLarge,1.03,standard,pierce,137,0,0,0,0,0.54,0.54,0,0,0,17,9,0,0,0,300,10000,8,0,0,0,0,6,6,6,6,106,Stamp (Upward Cut),0,0,0
3080400,Banished Knight's Greatsword,Fire,5,Greatsword,SwordLarge,1.03,standard,pierce,137,0,137,0,0,0.33,0.16,0,0,0,17,9,0,0,0,400,10005,0,0,4,0,0,6,6,6,6,106,Stamp (Upward Cut),0,0,0
3080500,Banished Knight's Greatsword,Flame Art,5,Greatsword,SwordLarge,1.03,standard,pierce,137,0,137,0,0,0.13,0.1,0,0.35,0,17,9,0,0,0,500,10000,0,0,4,0,0,6,6,6,6,106,Stamp (Upward Cut),0,0,0
3080600,Banished Knight's Greatsword,Lightning,5,Greatsword,SwordLarge,1.03,standard,pierce,137,0,0,137,0,0.16,0.33,0,0,0,17,9,0,0,0,600,10000,0,0,0,4,0,6,6,6,6,106,Stamp (Upward Cut),0,0,0
3080700,Banished Knight's Greatsword,Sacred,5,Greatsword,SwordLarge,1.03,standard,pierce,137,0,0,0,137,0.13,0.1,0,0.35,0,17,9,0,0,0,700,10000,0,0,0,0,4,6,6,6,6,106,Stamp (Upward Cut),0,0,0
3080800,Banished Knight's Greatsword,Magic,5,Greatsword,SwordLarge,1.03,standard,pierce,137,137,0,0,0,0.13,0.1,0.36,0,0,17,9,0,0,0,800,10000,0,4,0,0,0,6,6,6,6,106,Stamp (Upward Cut),0,0,0
3080900,Banished Knight's Greatsword,Cold,5,Greatsword,SwordLarge,1.03,standard,pierce,137,103,0,0,0,0.39,0.32,0.36,0,0,17,9,0,0,0,900,10000,0,4,0,0,0,6,6,6,6,106,Stamp (Upward Cut),0,0,0
3081000,Banished Knight's Greatsword,Poison,5,Greatsword,SwordLarge,1.03,standard,pierce,137,0,0,0,0,0.41,0.34,0,0,0.3,17,9,0,0,0,1000,10013,0,0,0,0,0,6,6,6,6,106,Stamp (Upward Cut),0,0,0
3081100,Banished Knight's Greatsword,Blood,5,Greatsword,SwordLarge,1.03,standard,pierce,137,0,0,0,0,0.41,0.34,0,0,0.3,17,9,0,0,0,1100,10013,0,0,0,0,0,6,6,6,6,106,Stamp (Upward Cut),0,0,0
3081200,Banished Knight's Greatsword,Occult,5,Greatsword,SwordLarge,1.03,standard,pierce,137,0,0,0,0,0.17,0.14,0,0,0.68,17,9,0,0,0,1200,10013,7,0,0,0,0,6,6,6,6,106,Stamp (Upward Cut),0,0,0
3090000,Dark Moon Greatsword,Standard,5,Greatsword,SwordLarge,1.07,standard,pierce,82,98,0,0,0,0.25,0.25,0.7,0,0,16,11,38,0,0,2200,10000,0,4,0,0,0,6,6,6,6,1008,Moonlight Greatsword,1,0,1
3100000,Sacred Relic Sword,Standard,5,Greatsword,SwordLarge,1.08,standard,pierce,118,0,0,0,76,0.15,0.56,0,0.36,0,14,24,0,22,0,2200,10000,0,0,0,0,4,6,6,6,6,1020,Wave of Gold,1,0,1
3130000,Helphen's Steeple,Standard,5,Greatsword,SwordLarge,1.1,standard,pierce,101,101,0,0,0,0.35,0.1,0.5,0,0,19,10,22,0,0,2200,10000,0,4,4,0,0,6,6,6,6,1021,Ruinous Ghostflame,1,0,1
3140000,Blasphemous Blade,Standard,5,Greatsword,SwordLarge,1.2,standard,pierce,121,0,78,0,0,0.35,0.35,0,0.5,0,22,15,0,21,0,2200,10000,0,0,4,0,0,6,6,6,6,1014,Taker's Flames,1,0,1
3150000,Marais Executioner's Sword,Standard,5,Greatsword,SwordLarge,1.06,standard,pierce,94,61,0,0,0,0.63,0.07,0,0,0.3,24,14,0,0,23,2200,10100,7,4,0,0,0,6,6,6,6,1012,Eochaid's Dancing Blade,1,0,1
3160000,Sword of Milos,Standard,5,Greatsword,SwordLarge,1.07,standard,pierce,141,0,0,0,0,0.34,0.47,0,0,0,15,19,0,0,0,2200,10000,0,0,0,0,0,6,6,6,6,1015,Shriek of Milos,1,0,1
3170000,Golden Order Greatsword,Standard,5,Greatsword,SwordLarge,1.04,standard,pierce,86,0,0,0,103,0.1,0.3,0,0.64,0,16,21,0,28,0,2200,10000,0,0,0,0,4,6,6,6,6,1022,Establish Order,1,0,1
3180000,Claymore,Standard,5,Greatsword,SwordLarge,1,standard,pierce,138,0,0,0,0,0.49,0.34,0,0,0,16,13,0,0,0,0,10000,0,0,0,0,0,6,6,6,6,100,Lion's Claw,0,0,0
3180100,Claymore,Heavy,5,Greatsword,SwordLarge,1,standard,pierce,133,0,0,0,0,0.47,0,0,0,0,16,13,0,0,0,100,10000,1,0,0,0,0,6,6,6,6,100,Lion's Claw,0,0,0
3180200,Claymore,Keen,5,Greatsword,SwordLarge,1,standard,pierce,133,0,0,0,0,0.16,0.43,0,0,0,16,13,0,0,0,200,10000,2,0,0,0,0,6,6,6,6,100,Lion's Claw,0,0,0
3180300,Claymore,Quality,5,Greatsword,SwordLarge,1,standard,pierce,133,0,0,0,0,0.54,0.54,0,0,0,16,13,0,0,0,300,10000,8,0,0,0,0,6,6,6,6,100,Lion's Claw,0,0,0
3180400,Claymore,Fire,5,Greatsword,SwordLarge,1,standard,pierce,133,0,133,0,0,0.34,0.16,0,0,0,16,13,0,0,0,400,10005,0,0,4,0,0,6,6,6,6,100,Lion's Claw,0,0,0
3180500,Claymore,Flame Art,5,Greatsword,SwordLarge,1,standard,pierce,133,0,133,0,0,0.14,0.1,0,0.36,0,16,13,0,0,0,500,10000,0,0,4,0,0,6,6,6,6,100,Lion's Claw,0,0,0
3180600,Claymore,Lightning,5,Greatsword,SwordLarge,1,standard,pierce,133,0,0,133,0,0.16,0.34,0,0,0,16,13,0,0,0,600,10000,0,0,0,4,0,6,6,6,6,100,Lion's Claw,0,0,0
3180700,Claymore,Sacred,5,Greatsword,SwordLarge,1,standard,pierce,133,0,0,0,133,0.14,0.1,0,0.36,0,16,13,0,0,0,700,10000,0,0,0,0,4,6,6,6,6,100,Lion's Claw,0,0,0
3180800,Claymore,Magic,5,Greatsword,SwordLarge,1,standard,pierce,133,133,0,0,0,0.14,0.1,0.38,0,0,16,13,0,0,0,800,10000,0,4,0,0,0,6,6,6,6,100,Lion's Claw,0,0,0
3180900,Claymore,Cold,5,Greatsword,SwordLarge,1,standard,pierce,133,100,0,0,0,0.44,0.3,0.37,0,0,16,13,0,0,0,900,10000,0,4,0,0,0,6,6,6,6,100,Lion's Claw,0,0,0
3181000,Claymore,Poison,5,Greatsword,SwordLarge,1,standard,pierce,133,0,0,0,0,0.46,0.32,0,0,0.3,16,13,0,0,0,1000,10013,0,0,0,0,0,6,6,6,6,100,Lion's Claw,0,0,0
3181100,Claymore,Blood,5,Greatsword,SwordLarge,1,standard,pierce,133,0,0,0,0,0.46,0.32,0,0,0.3,16,13,0,0,0,1100,10013,0,0,0,0,0,6,6,6,6,100,Lion's Claw,0,0,0
3181200,Claymore,Occult,5,Greatsword,SwordLarge,1,standard,pierce,133,0,0,0,0,0.19,0.13,0,0,0.7,16,13,0,0,0,1200,10013,7,0,0,0,0,6,6,6,6,100,Lion's Claw,0,0,0
3190000,Gargoyle's Greatsword,Standard,5,Greatsword,SwordLarge,1.06,standard,pierce,133,0,0,0,0,0.76,0.05,0,0,0,18,10,0,0,0,0,10000,0,0,0,0,0,6,6,6,6,220,Vacuum Slice,0,0,0
3190100,Gargoyle's Greatsword,Heavy,5,Greatsword,SwordLarge,1.06,standard,pierce,129,0,0,0,0,0.66,0,0,0,0,18,10,0,0,0,6000,10000,1,0,0,0,0,6,6,6,6,220,Vacuum Slice,0,0,0
3190200,Gargoyle's Greatsword,Keen,5,Greatsword,SwordLarge,1.06,standard,pierce,129,0,0,0,0,0.32,0.44,0,0,0,18,10,0,0,0,200,10000,2,0,0,0,0,6,6,6,6,220,Vacuum Slice,0,0,0
3190300,Gargoyle's Greatsword,Quality,5,Greatsword,SwordLarge,1.06,standard,pierce,129,0,0,0,0,0.57,0.57,0,0,0,18,10,0,0,0,300,10000,8,0,0,0,0,6,6,6,6,220,Vacuum Slice,0,0,0
3190400,Gargoyle's Greatsword,Fire,5,Greatsword,SwordLarge,1.06,standard,pierce,129,0,129,0,0,0.39,0.16,0,0,0,18,10,0,0,0,400,10005,0,0,4,0,0,6,6,6,6,220,Vacuum Slice,0,0,0
3190500,Gargoyle's Greatsword,Flame Art,5,Greatsword,SwordLarge,1.06,standard,pierce,129,0,129,0,0,0.22,0.04,0,0.4,0,18,10,0,0,0,500,10000,0,0,4,0,0,6,6,6,6,220,Vacuum Slice,0,0,0
3190600,Gargoyle's Greatsword,Lightning,5,Greatsword,SwordLarge,1.06,standard,pierce,129,0,0,129,0,0.16,0.39,0,0,0,18,10,0,0,0,600,10000,0,0,0,4,0,6,6,6,6,220,Vacuum Slice,0,0,0
3190700,Gargoyle's Greatsword,Sacred,5,Greatsword,SwordLarge,1.06,standard,pierce,129,0,0,0,129,0.22,0.04,0,0.4,0,18,10,0,0,0,700,10000,0,0,0,0,4,6,6,6,6,220,Vacuum Slice,0,0,0
3190800,Gargoyle's Greatsword,Magic,5,Greatsword,SwordLarge,1.06,standard,pierce,129,129,0,0,0,0.22,0.04,0.44,0,0,18,10,0,0,0,800,10000,0,4,0,0,0,6,6,6,6,220,Vacuum Slice,0,0,0
3190900,Gargoyle's Greatsword,Cold,5,Greatsword,SwordLarge,1.06,standard,pierce,129,97,0,0,0,0.68,0.04,0.36,0,0,18,10,0,0,0,900,10000,0,4,0,0,0,6,6,6,6,220,Vacuum Slice,0,0,0
3191000,Gargoyle's Greatsword,Poison,5,Greatsword,SwordLarge,1.06,standard,pierce,129,0,0,0,0,0.72,0.04,0,0,0.3,18,10,0,0,0,1000,10013,0,0,0,0,0,6,6,6,6,220,Vacuum Slice,0,0,0
3191100,Gargoyle's Greatsword,Blood,5,Greatsword,SwordLarge,1.06,standard,pierce,129,0,0,0,0,0.72,0.04,0,0,0.3,18,10,0,0,0,1100,10013,0,0,0,0,0,6,6,6,6,220,Vacuum Slice,0,0,0
3191200,Gargoyle's Greatsword,Occult,5,Greatsword,SwordLarge,1.06,standard,pierce,129,0,0,0,0,0.3,0.04,0,0,0.76,18,10,0,0,0,1200,10013,7,0,0,0,0,6,6,6,6,220,Vacuum Slice,0,0,0
3200000,Death's Poker,Standard,5,Greatsword,SwordLarge,0.99,standard,pierce,123,36,0,0,0,0.35,0.5,0.2,0,0,15,17,11,0,0,2200,10000,0,4,0,0,0,6,6,6,6,1048,Ghostflame Ignition,1,0,1
3210000,Gargoyle's Blackblade,Standard,5,Greatsword,SwordLarge,1.06,standard,pierce,102,0,0,0,122,0.4,0.15,0,0.3,0,18,10,0,22,0,2200,10000,0,0,0,0,4,6,6,6,6,1167,Corpse Wax Cutter,1,0,1
3500000,Sword Lance,Standard,16,Heavy Thrusting Sword,RapierHeavy,1.135,standard,pierce,132,0,0,0,0,0.65,0.08,0,0,0,21,11,0,0,0,0,10000,0,0,0,0,0,6,6,6,6,101,Impaling Thrust,0,0,0
3500100,Sword Lance,Heavy,16,Heavy Thrusting Sword,RapierHeavy,1.135,standard,pierce,126,0,0,0,0,0.62,0,0,0,0,21,11,0,0,0,100,10000,1,0,0,0,0,6,6,6,6,101,Impaling Thrust,0,0,0
3500200,Sword Lance,Keen,16,Heavy Thrusting Sword,RapierHeavy,1.135,standard,pierce,126,0,0,0,0,0.14,0.45,0,0,0,21,11,0,0,0,200,10000,2,0,0,0,0,6,6,6,6,101,Impaling Thrust,0,0,0
3500300,Sword Lance,Quality,16,Heavy Thrusting Sword,RapierHeavy,1.135,standard,pierce,126,0,0,0,0,0.54,0.54,0,0,0,21,11,0,0,0,300,10000,8,0,0,0,0,6,6,6,6,101,Impaling Thrust,0,0,0
3500400,Sword Lance,Fire,16,Heavy Thrusting Sword,RapierHeavy,1.135,standard,pierce,126,0,126,0,0,0.35,0.14,0,0,0,21,11,0,0,0,400,10005,0,0,4,0,0,6,6,6,6,101,Impaling Thrust,0,0,0
3500500,Sword Lance,Flame Art,16,Heavy Thrusting Sword,RapierHeavy,1.135,standard,pierce,126,0,126,0,0,0.26,0.03,0,0.3,0,21,11,0,0,0,500,10000,0,0,4,0,0,6,6,6,6,101,Impaling Thrust,0,0,0
3500600,Sword Lance,Lightning,16,Heavy Thrusting Sword,RapierHeavy,1.135,standard,pierce,126,0,0,126,0,0.14,0.35,0,0,0,21,11,0,0,0,600,10000,0,0,0,4,0,6,6,6,6,101,Impaling Thrust,0,0,0
3500700,Sword Lance,Sacred,16,Heavy Thrusting Sword,RapierHeavy,1.135,standard,pierce,126,0,0,0,126,0.26,0.03,0,0.3,0,21,11,0,0,0,700,10000,0,0,0,0,4,6,6,6,6,101,Impaling Thrust,0,0,0
3500800,Sword Lance,Magic,16,Heavy Thrusting Sword,RapierHeavy,1.135,standard,pierce,126,126,0,0,0,0.16,0.02,0.36,0,0,21,11,0,0,0,800,10000,0,4,0,0,0,6,6,6,6,101,Impaling Thrust,0,0,0
3500900,Sword Lance,Cold,16,Heavy Thrusting Sword,RapierHeavy,1.135,standard,pierce,126,107,0,0,0,0.58,0.07,0.25,0,0,21,11,0,0,0,900,10000,0,4,0,0,0,6,6,6,6,101,Impaling Thrust,0,0,0
3501000,Sword Lance,Poison,16,Heavy Thrusting Sword,RapierHeavy,1.135,standard,pierce,126,0,0,0,0,0.55,0.06,0,0,0.3,21,11,0,0,0,1000,10013,0,0,0,0,0,6,6,6,6,101,Impaling Thrust,0,0,0
3501100,Sword Lance,Blood,16,Heavy Thrusting Sword,RapierHeavy,1.135,standard,pierce,126,0,0,0,0,0.55,0.06,0,0,0.3,21,11,0,0,0,1100,10013,0,0,0,0,0,6,6,6,6,101,Impaling Thrust,0,0,0
3501200,Sword Lance,Occult,16,Heavy Thrusting Sword,RapierHeavy,1.135,standard,pierce,126,0,0,0,0,0.4,0.04,0,0,0.62,21,11,0,0,0,1200,10013,7,0,0,0,0,6,6,6,6,101,Impaling Thrust,0,0,0
3510000,Greatsword of Damnation,Standard,5,Greatsword,SwordLarge,0.97,standard,pierce,123,0,0,0,79,0.38,0.21,0,0.25,0,20,15,0,20,0,2200,10000,0,0,0,0,4,6,6,6,6,5220,Golden Crux,1,0,1
3520000,Lizard Greatsword,Standard,5,Greatsword,SwordLarge,1.015,strike,pierce,140,0,0,0,0,0.28,0.48,0,0,0,12,14,0,0,0,0,10000,0,0,0,0,0,6,6,6,6,106,Stamp (Upward Cut),0,0,0
3520100,Lizard Greatsword,Heavy,5,Greatsword,SwordLarge,1.015,strike,pierce,134,0,0,0,0,0.41,0,0,0,0,12,14,0,0,0,100,10000,1,0,0,0,0,6,6,6,6,106,Stamp (Upward Cut),0,0,0
3520200,Lizard Greatsword,Keen,5,Greatsword,SwordLarge,1.015,strike,pierce,134,0,0,0,0,0.07,0.49,0,0,0,12,14,0,0,0,200,10000,2,0,0,0,0,6,6,6,6,106,Stamp (Upward Cut),0,0,0
3520300,Lizard Greatsword,Quality,5,Greatsword,SwordLarge,1.015,strike,pierce,134,0,0,0,0,0.47,0.47,0,0,0,12,14,0,0,0,300,10000,8,0,0,0,0,6,6,6,6,106,Stamp (Upward Cut),0,0,0
3520400,Lizard Greatsword,Fire,5,Greatsword,SwordLarge,1.015,strike,pierce,134,0,134,0,0,0.35,0.07,0,0,0,12,14,0,0,0,400,10005,0,0,4,0,0,6,6,6,6,106,Stamp (Upward Cut),0,0,0
3520500,Lizard Greatsword,Flame Art,5,Greatsword,SwordLarge,1.015,strike,pierce,134,0,134,0,0,0.08,0.14,0,0.38,0,12,14,0,0,0,500,10000,0,0,4,0,0,6,6,6,6,106,Stamp (Upward Cut),0,0,0
3520600,Lizard Greatsword,Lightning,5,Greatsword,SwordLarge,1.015,strike,pierce,134,0,0,134,0,0.07,0.35,0,0,0,12,14,0,0,0,600,10000,0,0,0,4,0,6,6,6,6,106,Stamp (Upward Cut),0,0,0
3520700,Lizard Greatsword,Sacred,5,Greatsword,SwordLarge,1.015,strike,pierce,134,0,0,0,134,0.08,0.14,0,0.36,0,12,14,0,0,0,700,10000,0,0,0,0,4,6,6,6,6,106,Stamp (Upward Cut),0,0,0
3520800,Lizard Greatsword,Magic,5,Greatsword,SwordLarge,1.015,strike,pierce,134,134,0,0,0,0.08,0.14,0.36,0,0,12,14,0,0,0,800,10000,0,4,0,0,0,6,6,6,6,106,Stamp (Upward Cut),0,0,0
3520900,Lizard Greatsword,Cold,5,Greatsword,SwordLarge,1.015,strike,pierce,134,114,0,0,0,0.25,0.43,0.36,0,0,12,14,0,0,0,900,10000,0,4,0,0,0,6,6,6,6,106,Stamp (Upward Cut),0,0,0
3521000,Lizard Greatsword,Poison,5,Greatsword,SwordLarge,1.015,strike,pierce,134,0,0,0,0,0.26,0.45,0,0,0.3,12,14,0,0,0,1000,10013,0,0,0,0,0,6,6,6,6,106,Stamp (Upward Cut),0,0,0
3521100,Lizard Greatsword,Blood,5,Greatsword,SwordLarge,1.015,strike,pierce,134,0,0,0,0,0.26,0.45,0,0,0.3,12,14,0,0,0,1100,10013,0,0,0,0,0,6,6,6,6,106,Stamp (Upward Cut),0,0,0
3521200,Lizard Greatsword,Occult,5,Greatsword,SwordLarge,1.015,strike,pierce,134,0,0,0,0,0.11,0.19,0,0,0.64,12,14,0,0,0,1200,10013,7,0,0,0,0,6,6,6,6,106,Stamp (Upward Cut),0,0,0
3550000,Greatsword of Solitude,Standard,5,Greatsword,SwordLarge,1.165,standard,pierce,120,0,0,0,0,0.95,0.15,0,0,0,27,13,0,0,0,2200,10000,0,0,0,0,0,6,6,6,6,5430,Solitary Moon Slash,1,0,1
3560000,Leontiel's Greatsword,Standard,5,Greatsword,SwordLarge,1,pierce,standard,130,0,0,0,0,0.2,0.68,0,0,0,13,26,0,0,0,2200,10000,0,0,0,0,0,6,6,6,6,1200,Muleta,1,0,1
4000000,Greatsword,Standard,7,Colossal Sword,SwordGigantic,1.135,standard,pierce,164,0,0,0,0,0.61,0.18,0,0,0,31,12,0,0,0,0,10000,0,0,0,0,0,6,6,6,6,106,Stamp (Upward Cut),0,0,0
4000100,Greatsword,Heavy,7,Colossal Sword,SwordGigantic,1.135,standard,pierce,159,0,0,0,0,0.58,0,0,0,0,31,12,0,0,0,6000,10000,1,0,0,0,0,6,6,6,6,106,Stamp (Upward Cut),0,0,0
4000200,Greatsword,Keen,7,Colossal Sword,SwordGigantic,1.135,standard,pierce,159,0,0,0,0,0.23,0.38,0,0,0,31,12,0,0,0,200,10000,2,0,0,0,0,6,6,6,6,106,Stamp (Upward Cut),0,0,0
4000300,Greatsword,Quality,7,Colossal Sword,SwordGigantic,1.135,standard,pierce,159,0,0,0,0,0.51,0.51,0,0,0,31,12,0,0,0,300,10000,8,0,0,0,0,6,6,6,6,106,Stamp (Upward Cut),0,0,0
4000400,Greatsword,Fire,7,Colossal Sword,SwordGigantic,1.135,standard,pierce,159,0,159,0,0,0.32,0.15,0,0,0,31,12,0,0,0,400,10005,0,0,4,0,0,6,6,6,6,106,Stamp (Upward Cut),0,0,0
4000500,Greatsword,Flame Art,7,Colossal Sword,SwordGigantic,1.135,standard,pierce,159,0,159,0,0,0.25,0.07,0,0.25,0,31,12,0,0,0,500,10000,0,0,4,0,0,6,6,6,6,106,Stamp (Upward Cut),0,0,0
4000600,Greatsword,Lightning,7,Colossal Sword,SwordGigantic,1.135,standard,pierce,159,0,0,159,0,0.15,0.32,0,0,0,31,12,0,0,0,600,10000,0,0,0,4,0,6,6,6,6,106,Stamp (Upward Cut),0,0,0
4000700,Greatsword,Sacred,7,Colossal Sword,SwordGigantic,1.135,standard,pierce,159,0,0,0,159,0.15,0.04,0,0.31,0,31,12,0,0,0,700,10000,0,0,0,0,4,6,6,6,6,106,Stamp (Upward Cut),0,0,0
4000800,Greatsword,Magic,7,Colossal Sword,SwordGigantic,1.135,standard,pierce,159,159,0,0,0,0.12,0.05,0.35,0,0,31,12,0,0,0,800,10000,0,4,0,0,0,6,6,6,6,106,Stamp (Upward Cut),0,0,0
4000900,Greatsword,Cold,7,Colossal Sword,SwordGigantic,1.135,standard,pierce,159,119,0,0,0,0.54,0.16,0.27,0,0,31,12,0,0,0,900,10000,0,4,0,0,0,6,6,6,6,106,Stamp (Upward Cut),0,0,0
4001000,Greatsword,Poison,7,Colossal Sword,SwordGigantic,1.135,standard,pierce,159,0,0,0,0,0.54,0.16,0,0,0.3,31,12,0,0,0,1000,10013,0,0,0,0,0,6,6,6,6,106,Stamp (Upward Cut),0,0,0
4001100,Greatsword,Blood,7,Colossal Sword,SwordGigantic,1.135,standard,pierce,159,0,0,0,0,0.54,0.16,0,0,0.3,31,12,0,0,0,1100,10013,0,0,0,0,0,6,6,6,6,106,Stamp (Upward Cut),0,0,0
4001200,Greatsword,Occult,7,Colossal Sword,SwordGigantic,1.135,standard,pierce,159,0,0,0,0,0.24,0.07,0,0,0.67,31,12,0,0,0,1200,10013,7,0,0,0,0,6,6,6,6,106,Stamp (Upward Cut),0,0,0
4010000,Watchdog's Greatsword,Standard,7,Colossal Sword,SwordGigantic,1.06,standard,pierce,142,0,0,0,0,0.85,0.06,0,0,0,30,10,0,0,0,0,10000,0,0,0,0,0,6,6,6,6,106,Stamp (Upward Cut),0,0,0
4010100,Watchdog's Greatsword,Heavy,7,Colossal Sword,SwordGigantic,1.06,standard,pierce,137,0,0,0,0,0.73,0,0,0,0,30,10,0,0,0,6000,10000,1,0,0,0,0,6,6,6,6,106,Stamp (Upward Cut),0,0,0
4010200,Watchdog's Greatsword,Keen,7,Colossal Sword,SwordGigantic,1.06,standard,pierce,137,0,0,0,0,0.27,0.5,0,0,0,30,10,0,0,0,200,10000,2,0,0,0,0,6,6,6,6,106,Stamp (Upward Cut),0,0,0
4010300,Watchdog's Greatsword,Quality,7,Colossal Sword,SwordGigantic,1.06,standard,pierce,137,0,0,0,0,0.64,0.64,0,0,0,30,10,0,0,0,300,10000,8,0,0,0,0,6,6,6,6,106,Stamp (Upward Cut),0,0,0
4010400,Watchdog's Greatsword,Fire,7,Colossal Sword,SwordGigantic,1.06,standard,pierce,137,0,137,0,0,0.44,0.18,0,0,0,30,10,0,0,0,400,10005,0,0,4,0,0,6,6,6,6,106,Stamp (Upward Cut),0,0,0
4010500,Watchdog's Greatsword,Flame Art,7,Colossal Sword,SwordGigantic,1.06,standard,pierce,137,0,137,0,0,0.35,0.04,0,0.4,0,30,10,0,0,0,500,10000,0,0,4,0,0,6,6,6,6,106,Stamp (Upward Cut),0,0,0
4010600,Watchdog's Greatsword,Lightning,7,Colossal Sword,SwordGigantic,1.06,standard,pierce,137,0,0,137,0,0.18,0.44,0,0,0,30,10,0,0,0,600,10000,0,0,0,4,0,6,6,6,6,106,Stamp (Upward Cut),0,0,0
4010700,Watchdog's Greatsword,Sacred,7,Colossal Sword,SwordGigantic,1.06,standard,pierce,137,0,0,0,137,0.35,0.04,0,0.4,0,30,10,0,0,0,700,10000,0,0,0,0,4,6,6,6,6,106,Stamp (Upward Cut),0,0,0
4010800,Watchdog's Greatsword,Magic,7,Colossal Sword,SwordGigantic,1.06,standard,pierce,137,137,0,0,0,0.34,0.04,0.5,0,0,30,10,0,0,0,800,10000,0,4,0,0,0,6,6,6,6,106,Stamp (Upward Cut),0,0,0
4010900,Watchdog's Greatsword,Cold,7,Colossal Sword,SwordGigantic,1.06,standard,pierce,137,103,0,0,0,0.76,0.05,0.4,0,0,30,10,0,0,0,900,10000,0,4,0,0,0,6,6,6,6,106,Stamp (Upward Cut),0,0,0
4011000,Watchdog's Greatsword,Poison,7,Colossal Sword,SwordGigantic,1.06,standard,pierce,137,0,0,0,0,0.76,0.05,0,0,0.3,30,10,0,0,0,1000,10013,0,0,0,0,0,6,6,6,6,106,Stamp (Upward Cut),0,0,0
4011100,Watchdog's Greatsword,Blood,7,Colossal Sword,SwordGigantic,1.06,standard,pierce,137,0,0,0,0,0.76,0.05,0,0,0.3,30,10,0,0,0,1100,10013,0,0,0,0,0,6,6,6,6,106,Stamp (Upward Cut),0,0,0
4011200,Watchdog's Greatsword,Occult,7,Colossal Sword,SwordGigantic,1.06,standard,pierce,137,0,0,0,0,0.34,0.04,0,0,0.77,30,10,0,0,0,1200,10013,7,0,0,0,0,6,6,6,6,106,Stamp (Upward Cut),0,0,0
4020000,Maliketh's Black Blade,Standard,7,Colossal Sword,SwordGigantic,1.1,standard,pierce,127,0,0,0,82,0.62,0.15,0,0.5,0,34,12,0,20,0,2200,10000,0,0,0,0,4,6,6,6,6,1038,Destined Death,1,0,1
4030000,Troll's Golden Sword,Standard,7,Colossal Sword,SwordGigantic,1.015,standard,pierce,155,0,0,0,0,0.53,0.3,0,0,0,29,10,0,0,0,0,10000,0,0,0,0,0,6,6,6,6,653,Troll's Roar,0,0,0
4030100,Troll's Golden Sword,Heavy,7,Colossal Sword,SwordGigantic,1.015,standard,pierce,150,0,0,0,0,0.48,0,0,0,0,29,10,0,0,0,100,10000,1,0,0,0,0,6,6,6,6,106,Stamp (Upward Cut),0,0,0
4030200,Troll's Golden Sword,Keen,7,Colossal Sword,SwordGigantic,1.015,standard,pierce,150,0,0,0,0,0.16,0.43,0,0,0,29,10,0,0,0,200,10000,2,0,0,0,0,6,6,6,6,106,Stamp (Upward Cut),0,0,0
4030300,Troll's Golden Sword,Quality,7,Colossal Sword,SwordGigantic,1.015,standard,pierce,150,0,0,0,0,0.55,0.55,0,0,0,29,10,0,0,0,300,10000,8,0,0,0,0,6,6,6,6,106,Stamp (Upward Cut),0,0,0
4030400,Troll's Golden Sword,Fire,7,Colossal Sword,SwordGigantic,1.015,standard,pierce,150,0,150,0,0,0.33,0.16,0,0,0,29,10,0,0,0,400,10005,0,0,4,0,0,6,6,6,6,106,Stamp (Upward Cut),0,0,0
4030500,Troll's Golden Sword,Flame Art,7,Colossal Sword,SwordGigantic,1.015,standard,pierce,150,0,150,0,0,0.15,0.09,0,0.33,0,29,10,0,0,0,500,10000,0,0,4,0,0,6,6,6,6,106,Stamp (Upward Cut),0,0,0
4030600,Troll's Golden Sword,Lightning,7,Colossal Sword,SwordGigantic,1.015,standard,pierce,150,0,0,150,0,0.16,0.33,0,0,0,29,10,0,0,0,600,10000,0,0,0,4,0,6,6,6,6,106,Stamp (Upward Cut),0,0,0
4030700,Troll's Golden Sword,Sacred,7,Colossal Sword,SwordGigantic,1.015,standard,pierce,150,0,0,0,150,0.15,0.09,0,0.33,0,29,10,0,0,0,700,10000,0,0,0,0,4,6,6,6,6,106,Stamp (Upward Cut),0,0,0
4030800,Troll's Golden Sword,Magic,7,Colossal Sword,SwordGigantic,1.015,standard,pierce,150,150,0,0,0,0.13,0.07,0.37,0,0,29,10,0,0,0,800,10000,0,4,0,0,0,6,6,6,6,106,Stamp (Upward Cut),0,0,0
4030900,Troll's Golden Sword,Cold,7,Colossal Sword,SwordGigantic,1.015,standard,pierce,150,113,0,0,0,0.47,0.27,0.33,0,0,29,10,0,0,0,900,10000,0,4,0,0,0,6,6,6,6,106,Stamp (Upward Cut),0,0,0
4031000,Troll's Golden Sword,Poison,7,Colossal Sword,SwordGigantic,1.015,standard,pierce,150,0,0,0,0,0.5,0.28,0,0,0.3,29,10,0,0,0,1000,10013,0,0,0,0,0,6,6,6,6,106,Stamp (Upward Cut),0,0,0
4031100,Troll's Golden Sword,Blood,7,Colossal Sword,SwordGigantic,1.015,standard,pierce,150,0,0,0,0,0.5,0.28,0,0,0.3,29,10,0,0,0,1100,10013,0,0,0,0,0,6,6,6,6,106,Stamp (Upward Cut),0,0,0
4031200,Troll's Golden Sword,Occult,7,Colossal Sword,SwordGigantic,1.015,standard,pierce,150,0,0,0,0,0.21,0.12,0,0,0.7,29,10,0,0,0,1200,10013,7,0,0,0,0,6,6,6,6,106,Stamp (Upward Cut),0,0,0
4040000,Zweihander,Standard,7,Colossal Sword,SwordGigantic,0.98,standard,pierce,141,0,0,0,0,0.38,0.53,0,0,0,19,11,0,0,0,0,10000,0,0,0,0,0,6,6,6,6,106,Stamp (Upward Cut),0,0,0
4040100,Zweihander,Heavy,7,Colossal Sword,SwordGigantic,0.98,standard,pierce,136,0,0,0,0,0.5,0,0,0,0,19,11,0,0,0,100,10000,1,0,0,0,0,6,6,6,6,106,Stamp (Upward Cut),0,0,0
4040200,Zweihander,Keen,7,Colossal Sword,SwordGigantic,0.98,standard,pierce,136,0,0,0,0,0.18,0.5,0,0,0,19,11,0,0,0,200,10000,2,0,0,0,0,6,6,6,6,106,Stamp (Upward Cut),0,0,0
4040300,Zweihander,Quality,7,Colossal Sword,SwordGigantic,0.98,standard,pierce,136,0,0,0,0,0.6,0.6,0,0,0,19,11,0,0,0,300,10000,8,0,0,0,0,6,6,6,6,106,Stamp (Upward Cut),0,0,0
4040400,Zweihander,Fire,7,Colossal Sword,SwordGigantic,0.98,standard,pierce,136,0,136,0,0,0.38,0.18,0,0,0,19,11,0,0,0,400,10005,0,0,4,0,0,6,6,6,6,106,Stamp (Upward Cut),0,0,0
4040500,Zweihander,Flame Art,7,Colossal Sword,SwordGigantic,0.98,standard,pierce,136,0,136,0,0,0.15,0.22,0,0.36,0,19,11,0,0,0,500,10000,0,0,4,0,0,6,6,6,6,106,Stamp (Upward Cut),0,0,0
4040600,Zweihander,Lightning,7,Colossal Sword,SwordGigantic,0.98,standard,pierce,136,0,0,136,0,0.18,0.38,0,0,0,19,11,0,0,0,600,10000,0,0,0,4,0,6,6,6,6,106,Stamp (Upward Cut),0,0,0
4040700,Zweihander,Sacred,7,Colossal Sword,SwordGigantic,0.98,standard,pierce,136,0,0,0,136,0.15,0.22,0,0.36,0,19,11,0,0,0,700,10000,0,0,0,0,4,6,6,6,6,106,Stamp (Upward Cut),0,0,0
4040800,Zweihander,Magic,7,Colossal Sword,SwordGigantic,0.98,standard,pierce,136,136,0,0,0,0.09,0.13,0.42,0,0,19,11,0,0,0,800,10000,0,4,0,0,0,6,6,6,6,106,Stamp (Upward Cut),0,0,0
4040900,Zweihander,Cold,7,Colossal Sword,SwordGigantic,0.98,standard,pierce,136,102,0,0,0,0.34,0.47,0.4,0,0,19,11,0,0,0,900,10000,0,4,0,0,0,6,6,6,6,106,Stamp (Upward Cut),0,0,0
4041000,Zweihander,Poison,7,Colossal Sword,SwordGigantic,0.98,standard,pierce,136,0,0,0,0,0.36,0.5,0,0,0.3,19,11,0,0,0,1000,10013,0,0,0,0,0,6,6,6,6,106,Stamp (Upward Cut),0,0,0
4041100,Zweihander,Blood,7,Colossal Sword,SwordGigantic,0.98,standard,pierce,136,0,0,0,0,0.36,0.5,0,0,0.3,19,11,0,0,0,1100,10013,0,0,0,0,0,6,6,6,6,106,Stamp (Upward Cut),0,0,0
4041200,Zweihander,Occult,7,Colossal Sword,SwordGigantic,0.98,standard,pierce,136,0,0,0,0,0.15,0.21,0,0,0.77,19,11,0,0,0,1200,10013,7,0,0,0,0,6,6,6,6,106,Stamp (Upward Cut),0,0,0
4050000,Starscourge Greatsword,Standard,7,Colossal Sword,SwordGigantic,1.03,standard,pierce,129,83,0,0,0,0.52,0.28,0.2,0,0,38,12,15,0,0,2200,10000,0,4,0,0,0,6,6,6,6,1032,Starcaller Cry,1,1,1
4060000,Royal Greatsword,Standard,7,Colossal Sword,SwordGigantic,1.07,standard,pierce,112,134,0,0,0,0.37,0.15,0.4,0,0,26,18,22,0,0,2200,10000,0,4,0,0,0,6,6,6,6,1025,Wolf's Assault,1,0,1
4070000,Godslayer's Greatsword,Standard,7,Colossal Sword,SwordGigantic,1.02,standard,pierce,119,0,77,0,0,0.31,0.56,0,0.4,0,20,22,0,20,0,2200,10000,0,0,4,0,0,6,6,6,6,1170,The Queen's Black Flame,1,0,1
4080000,Ruins Greatsword,Standard,7,Colossal Sword,SwordGigantic,1.075,standard,pierce,124,37,0,0,0,1.05,0,0.2,0,0,50,0,16,0,0,2200,10000,0,4,0,0,0,6,6,6,6,1033,Wave of Destruction,1,0,1
4100000,Grafted Blade Greatsword,Standard,7,Colossal Sword,SwordGigantic,1.045,standard,pierce,162,0,0,0,0,0.63,0.19,0,0,0,40,14,0,0,0,2200,10000,0,0,0,0,0,6,6,6,6,1042,Oath of Vengeance,1,0,1
4110000,Troll Knight's Sword,Standard,7,Colossal Sword,SwordGigantic,1,standard,pierce,124,80,0,0,0,0.45,0.45,0.3,0,0,20,14,18,0,0,2200,10000,0,4,0,0,0,6,6,6,6,653,Troll's Roar,1,0,1
4500000,Ancient Meteoric Ore Greatsword,Standard,7,Colossal Sword,SwordGigantic,1.06,standard,pierce,154,46,0,0,0,0.5,0.05,0,0,0.26,35,10,0,0,19,2200,10100,0,0,0,0,0,6,6,6,6,5240,White Light Charge,1,0,1
4520000,Fire Knight's Greatsword,Standard,7,Colossal Sword,SwordGigantic,0.97,standard,pierce,147,0,44,0,0,0.28,0.47,0,0.25,0,22,18,0,12,0,0,10000,0,0,0,0,0,6,6,6,6,106,Stamp (Upward Cut),0,0,0
4520100,Fire Knight's Greatsword,Heavy,7,Colossal Sword,SwordGigantic,0.97,standard,pierce,127,0,35,0,0,0.55,0,0,0.25,0,22,18,0,12,0,100,10000,1,0,0,0,0,6,6,6,6,106,Stamp (Upward Cut),0,0,0
4520200,Fire Knight's Greatsword,Keen,7,Colossal Sword,SwordGigantic,0.97,standard,pierce,127,0,35,0,0,0.2,0.5,0,0.25,0,22,18,0,12,0,200,10000,2,0,0,0,0,6,6,6,6,106,Stamp (Upward Cut),0,0,0
4520300,Fire Knight's Greatsword,Quality,7,Colossal Sword,SwordGigantic,0.97,standard,pierce,127,0,35,0,0,0.62,0.7,0,0.25,0,22,18,0,12,0,300,10000,8,0,0,0,0,6,6,6,6,106,Stamp (Upward Cut),0,0,0
4520400,Fire Knight's Greatsword,Fire,7,Colossal Sword,SwordGigantic,0.97,standard,pierce,127,0,160,0,0,0.38,0.2,0,0.05,0,22,18,0,12,0,400,20010500,0,0,4,0,0,6,6,6,6,106,Stamp (Upward Cut),0,0,0
4520500,Fire Knight's Greatsword,Flame Art,7,Colossal Sword,SwordGigantic,0.97,standard,pierce,127,0,160,0,0,0.05,0.09,0,0.45,0,22,18,0,12,0,500,10000,0,0,4,0,0,6,6,6,6,106,Stamp (Upward Cut),0,0,0
4520600,Fire Knight's Greatsword,Lightning,7,Colossal Sword,SwordGigantic,0.97,standard,pierce,127,0,35,127,0,0.2,0.45,0,0.25,0,22,18,0,12,0,600,10000,0,0,0,4,0,6,6,6,6,106,Stamp (Upward Cut),0,0,0
4520700,Fire Knight's Greatsword,Sacred,7,Colossal Sword,SwordGigantic,0.97,standard,pierce,127,0,35,0,127,0.05,0.09,0,0.55,0,22,18,0,12,0,700,10000,0,0,0,0,4,6,6,6,6,106,Stamp (Upward Cut),0,0,0
4520800,Fire Knight's Greatsword,Magic,7,Colossal Sword,SwordGigantic,0.97,standard,pierce,127,127,35,0,0,0.08,0.14,0.55,0.25,0,22,18,0,12,0,800,10000,0,4,0,0,0,6,6,6,6,106,Stamp (Upward Cut),0,0,0
4520900,Fire Knight's Greatsword,Cold,7,Colossal Sword,SwordGigantic,0.97,standard,pierce,127,108,35,0,0,0.25,0.42,0.6,0.25,0,22,18,0,12,0,900,10000,0,4,0,0,0,6,6,6,6,106,Stamp (Upward Cut),0,0,0
4521000,Fire Knight's Greatsword,Poison,7,Colossal Sword,SwordGigantic,0.97,standard,pierce,127,0,35,0,0,0.28,0.47,0,0.25,0.3,22,18,0,12,0,1000,10013,0,0,0,0,0,6,6,6,6,106,Stamp (Upward Cut),0,0,0
4521100,Fire Knight's Greatsword,Blood,7,Colossal Sword,SwordGigantic,0.97,standard,pierce,127,0,35,0,0,0.28,0.47,0,0.25,0.3,22,18,0,12,0,1100,10013,0,0,0,0,0,6,6,6,6,106,Stamp (Upward Cut),0,0,0
4521200,Fire Knight's Greatsword,Occult,7,Colossal Sword,SwordGigantic,0.97,standard,pierce,127,0,35,0,0,0.11,0.18,0,0.06,0.85,22,18,0,12,0,1200,10013,7,0,0,0,0,6,6,6,6,106,Stamp (Upward Cut),0,0,0
4530000,Greatsword of Radahn (Lord),Standard,7,Colossal Sword,SwordGigantic,1.03,standard,pierce,127,82,0,0,0,0.45,0.36,0.2,0,0,32,24,15,0,0,2200,10000,0,4,0,0,0,6,6,6,6,5150,Promised Consort,1,1,1
4540000,Moonrithyll's Knight Sword,Standard,7,Colossal Sword,SwordGigantic,1,standard,pierce,124,80,0,0,0,0.45,0.45,0.3,0,0,20,14,18,0,0,2200,10000,0,4,0,0,0,6,6,6,6,5550,Tremendous Phalanx,1,0,1
4550000,Greatsword of Radahn (Light),Standard,7,Colossal Sword,SwordGigantic,1.03,standard,pierce,127,82,0,0,0,0.45,0.36,0.2,0,0,32,24,15,0,0,2200,10000,0,4,0,0,0,6,6,6,6,5580,Lightspeed Slash,1,1,1
5000000,Estoc,Standard,15,Thrusting Sword,SwordPierce,1.2,standard,pierce,107,0,0,0,0,0.14,0.6,0,0,0,11,13,0,0,0,0,10000,0,0,0,0,0,6,6,6,6,101,Impaling Thrust,0,0,0
5000100,Estoc,Heavy,15,Thrusting Sword,SwordPierce,1.2,standard,pierce,102,0,0,0,0,0.42,0,0,0,0,11,13,0,0,0,100,10000,1,0,0,0,0,6,6,6,6,101,Impaling Thrust,0,0,0
5000200,Estoc,Keen,15,Thrusting Sword,SwordPierce,1.2,standard,pierce,102,0,0,0,0,0.14,0.54,0,0,0,11,13,0,0,0,5000,10000,2,0,0,0,0,6,6,6,6,101,Impaling Thrust,0,0,0
5000300,Estoc,Quality,15,Thrusting Sword,SwordPierce,1.2,standard,pierce,102,0,0,0,0,0.49,0.49,0,0,0,11,13,0,0,0,300,10000,8,0,0,0,0,6,6,6,6,101,Impaling Thrust,0,0,0
5000400,Estoc,Fire,15,Thrusting Sword,SwordPierce,1.2,standard,pierce,102,0,102,0,0,0.31,0.07,0,0,0,11,13,0,0,0,400,10005,0,0,4,0,0,6,6,6,6,101,Impaling Thrust,0,0,0
5000500,Estoc,Flame Art,15,Thrusting Sword,SwordPierce,1.2,standard,pierce,102,0,102,0,0,0.04,0.12,0,0.35,0,11,13,0,0,0,500,10000,0,0,4,0,0,6,6,6,6,101,Impaling Thrust,0,0,0
5000600,Estoc,Lightning,15,Thrusting Sword,SwordPierce,1.2,standard,pierce,102,0,0,102,0,0.07,0.31,0,0,0,11,13,0,0,0,600,10000,0,0,0,4,0,6,6,6,6,101,Impaling Thrust,0,0,0
5000700,Estoc,Sacred,15,Thrusting Sword,SwordPierce,1.2,standard,pierce,102,0,0,0,102,0.04,0.12,0,0.35,0,11,13,0,0,0,700,10000,0,0,0,0,4,6,6,6,6,101,Impaling Thrust,0,0,0
5000800,Estoc,Magic,15,Thrusting Sword,SwordPierce,1.2,standard,pierce,102,102,0,0,0,0.04,0.12,0.37,0,0,11,13,0,0,0,800,10000,0,4,0,0,0,6,6,6,6,101,Impaling Thrust,0,0,0
5000900,Estoc,Cold,15,Thrusting Sword,SwordPierce,1.2,standard,pierce,102,82,0,0,0,0.12,0.54,0.29,0,0,11,13,0,0,0,900,10000,0,4,0,0,0,6,6,6,6,101,Impaling Thrust,0,0,0
5001000,Estoc,Poison,15,Thrusting Sword,SwordPierce,1.2,standard,pierce,102,0,0,0,0,0.12,0.54,0,0,0.3,11,13,0,0,0,1000,10013,0,0,0,0,0,6,6,6,6,101,Impaling Thrust,0,0,0
5001100,Estoc,Blood,15,Thrusting Sword,SwordPierce,1.2,standard,pierce,102,0,0,0,0,0.12,0.54,0,0,0.3,11,13,0,0,0,1100,10013,0,0,0,0,0,6,6,6,6,101,Impaling Thrust,0,0,0
5001200,Estoc,Occult,15,Thrusting Sword,SwordPierce,1.2,standard,pierce,102,0,0,0,0,0.05,0.24,0,0,0.62,11,13,0,0,0,1200,10013,7,0,0,0,0,6,6,6,6,101,Impaling Thrust,0,0,0
5010000,Cleanrot Knight's Sword,Standard,15,Thrusting Sword,SwordPierce,1.13,standard,pierce,109,0,0,0,0,0.45,0.3,0,0,0,11,13,0,0,0,0,10000,0,0,0,0,0,6,6,6,6,101,Impaling Thrust,0,0,0
5010100,Cleanrot Knight's Sword,Heavy,15,Thrusting Sword,SwordPierce,1.13,standard,pierce,104,0,0,0,0,0.45,0,0,0,0,11,13,0,0,0,100,10000,1,0,0,0,0,6,6,6,6,101,Impaling Thrust,0,0,0
5010200,Cleanrot Knight's Sword,Keen,15,Thrusting Sword,SwordPierce,1.13,standard,pierce,104,0,0,0,0,0.15,0.39,0,0,0,11,13,0,0,0,200,10000,2,0,0,0,0,6,6,6,6,101,Impaling Thrust,0,0,0
5010300,Cleanrot Knight's Sword,Quality,15,Thrusting Sword,SwordPierce,1.13,standard,pierce,104,0,0,0,0,0.51,0.51,0,0,0,11,13,0,0,0,300,10000,8,0,0,0,0,6,6,6,6,101,Impaling Thrust,0,0,0
5010400,Cleanrot Knight's Sword,Fire,15,Thrusting Sword,SwordPierce,1.13,standard,pierce,104,0,104,0,0,0.31,0.07,0,0,0,11,13,0,0,0,400,10005,0,0,4,0,0,6,6,6,6,101,Impaling Thrust,0,0,0
5010500,Cleanrot Knight's Sword,Flame Art,15,Thrusting Sword,SwordPierce,1.13,standard,pierce,104,0,104,0,0,0.09,0.06,0,0.37,0,11,13,0,0,0,500,10000,0,0,4,0,0,6,6,6,6,101,Impaling Thrust,0,0,0
5010600,Cleanrot Knight's Sword,Lightning,15,Thrusting Sword,SwordPierce,1.13,standard,pierce,104,0,0,104,0,0.07,0.31,0,0,0,11,13,0,0,0,600,10000,0,0,0,4,0,6,6,6,6,101,Impaling Thrust,0,0,0
5010700,Cleanrot Knight's Sword,Sacred,15,Thrusting Sword,SwordPierce,1.13,standard,pierce,104,0,0,0,104,0.09,0.06,0,0.37,0,11,13,0,0,0,700,10000,0,0,0,0,4,6,6,6,6,101,Impaling Thrust,0,0,0
5010800,Cleanrot Knight's Sword,Magic,15,Thrusting Sword,SwordPierce,1.13,standard,pierce,104,104,0,0,0,0.09,0.06,0.37,0,0,11,13,0,0,0,800,10000,0,4,0,0,0,6,6,6,6,101,Impaling Thrust,0,0,0
5010900,Cleanrot Knight's Sword,Cold,15,Thrusting Sword,SwordPierce,1.13,standard,pierce,104,83,0,0,0,0.4,0.27,0.33,0,0,11,13,0,0,0,900,10000,0,4,0,0,0,6,6,6,6,101,Impaling Thrust,0,0,0
5011000,Cleanrot Knight's Sword,Poison,15,Thrusting Sword,SwordPierce,1.13,standard,pierce,104,0,0,0,0,0.4,0.27,0,0,0.3,11,13,0,0,0,1000,10013,0,0,0,0,0,6,6,6,6,101,Impaling Thrust,0,0,0
5011100,Cleanrot Knight's Sword,Blood,15,Thrusting Sword,SwordPierce,1.13,standard,pierce,104,0,0,0,0,0.4,0.27,0,0,0.3,11,13,0,0,0,1100,10013,0,0,0,0,0,6,6,6,6,101,Impaling Thrust,0,0,0
5011200,Cleanrot Knight's Sword,Occult,15,Thrusting Sword,SwordPierce,1.13,standard,pierce,104,0,0,0,0,0.18,0.12,0,0,0.63,11,13,0,0,0,1200,10013,7,0,0,0,0,6,6,6,6,101,Impaling Thrust,0,0,0
5020000,Rapier,Standard,15,Thrusting Sword,SwordPierce,1,standard,pierce,96,0,0,0,0,0.2,0.6,0,0,0,7,12,0,0,0,0,10000,0,0,0,0,0,6,6,6,6,101,Impaling Thrust,0,0,0
5020100,Rapier,Heavy,15,Thrusting Sword,SwordPierce,1,standard,pierce,92,0,0,0,0,0.44,0,0,0,0,7,12,0,0,0,100,10000,1,0,0,0,0,6,6,6,6,101,Impaling Thrust,0,0,0
5020200,Rapier,Keen,15,Thrusting Sword,SwordPierce,1,standard,pierce,92,0,0,0,0,0.16,0.59,0,0,0,7,12,0,0,0,5000,10000,2,0,0,0,0,6,6,6,6,101,Impaling Thrust,0,0,0
5020300,Rapier,Quality,15,Thrusting Sword,SwordPierce,1,standard,pierce,92,0,0,0,0,0.52,0.52,0,0,0,7,12,0,0,0,300,10000,8,0,0,0,0,6,6,6,6,101,Impaling Thrust,0,0,0
5020400,Rapier,Fire,15,Thrusting Sword,SwordPierce,1,standard,pierce,92,0,92,0,0,0.35,0.16,0,0,0,7,12,0,0,0,400,10005,0,0,4,0,0,6,6,6,6,101,Impaling Thrust,0,0,0
5020500,Rapier,Flame Art,15,Thrusting Sword,SwordPierce,1,standard,pierce,92,0,92,0,0,0.04,0.12,0,0.4,0,7,12,0,0,0,500,10000,0,0,4,0,0,6,6,6,6,101,Impaling Thrust,0,0,0
5020600,Rapier,Lightning,15,Thrusting Sword,SwordPierce,1,standard,pierce,92,0,0,92,0,0.16,0.35,0,0,0,7,12,0,0,0,600,10000,0,0,0,4,0,6,6,6,6,101,Impaling Thrust,0,0,0
5020700,Rapier,Sacred,15,Thrusting Sword,SwordPierce,1,standard,pierce,92,0,0,0,92,0.04,0.12,0,0.4,0,7,12,0,0,0,700,10000,0,0,0,0,4,6,6,6,6,101,Impaling Thrust,0,0,0
5020800,Rapier,Magic,15,Thrusting Sword,SwordPierce,1,standard,pierce,92,92,0,0,0,0.06,0.18,0.4,0,0,7,12,0,0,0,800,10000,0,4,0,0,0,6,6,6,6,101,Impaling Thrust,0,0,0
5020900,Rapier,Cold,15,Thrusting Sword,SwordPierce,1,standard,pierce,92,74,0,0,0,0.18,0.54,0.32,0,0,7,12,0,0,0,900,10000,0,4,0,0,0,6,6,6,6,101,Impaling Thrust,0,0,0
5021000,Rapier,Poison,15,Thrusting Sword,SwordPierce,1,standard,pierce,92,0,0,0,0,0.19,0.57,0,0,0.3,7,12,0,0,0,1000,10013,0,0,0,0,0,6,6,6,6,101,Impaling Thrust,0,0,0
5021100,Rapier,Blood,15,Thrusting Sword,SwordPierce,1,standard,pierce,92,0,0,0,0,0.19,0.57,0,0,0.3,7,12,0,0,0,1100,10013,0,0,0,0,0,6,6,6,6,101,Impaling Thrust,0,0,0
5021200,Rapier,Occult,15,Thrusting Sword,SwordPierce,1,standard,pierce,92,0,0,0,0,0.08,0.24,0,0,0.68,7,12,0,0,0,1200,10013,7,0,0,0,0,6,6,6,6,101,Impaling Thrust,0,0,0
5030000,Rogier's Rapier,Standard,15,Thrusting Sword,SwordPierce,1.1,standard,pierce,93,0,0,0,0,0.15,0.76,0,0,0,8,17,0,0,0,0,10000,0,0,0,0,0,6,6,6,6,109,Repeating Thrust,0,0,0
5030100,Rogier's Rapier,Heavy,15,Thrusting Sword,SwordPierce,1.1,standard,pierce,89,0,0,0,0,0.5,0,0,0,0,8,17,0,0,0,100,10000,1,0,0,0,0,6,6,6,6,109,Repeating Thrust,0,0,0
5030200,Rogier's Rapier,Keen,15,Thrusting Sword,SwordPierce,1.1,standard,pierce,89,0,0,0,0,0.18,0.67,0,0,0,8,17,0,0,0,5000,10000,2,0,0,0,0,6,6,6,6,109,Repeating Thrust,0,0,0
5030300,Rogier's Rapier,Quality,15,Thrusting Sword,SwordPierce,1.1,standard,pierce,89,0,0,0,0,0.6,0.6,0,0,0,8,17,0,0,0,300,10000,8,0,0,0,0,6,6,6,6,109,Repeating Thrust,0,0,0
5030400,Rogier's Rapier,Fire,15,Thrusting Sword,SwordPierce,1.1,standard,pierce,89,0,89,0,0,0.4,0.18,0,0,0,8,17,0,0,0,400,10005,0,0,4,0,0,6,6,6,6,109,Repeating Thrust,0,0,0
5030500,Rogier's Rapier,Flame Art,15,Thrusting Sword,SwordPierce,1.1,standard,pierce,89,0,89,0,0,0.04,0.15,0,0.5,0,8,17,0,0,0,500,10000,0,0,4,0,0,6,6,6,6,109,Repeating Thrust,0,0,0
5030600,Rogier's Rapier,Lightning,15,Thrusting Sword,SwordPierce,1.1,standard,pierce,89,0,0,89,0,0.18,0.4,0,0,0,8,17,0,0,0,600,10000,0,0,0,4,0,6,6,6,6,109,Repeating Thrust,0,0,0
5030700,Rogier's Rapier,Sacred,15,Thrusting Sword,SwordPierce,1.1,standard,pierce,89,0,0,0,89,0.04,0.15,0,0.5,0,8,17,0,0,0,700,10000,0,0,0,0,4,6,6,6,6,109,Repeating Thrust,0,0,0
5030800,Rogier's Rapier,Magic,15,Thrusting Sword,SwordPierce,1.1,standard,pierce,89,89,0,0,0,0.04,0.22,0.54,0,0,8,17,0,0,0,800,10000,0,4,0,0,0,6,6,6,6,109,Repeating Thrust,0,0,0
5030900,Rogier's Rapier,Cold,15,Thrusting Sword,SwordPierce,1.1,standard,pierce,89,71,0,0,0,0.13,0.68,0.4,0,0,8,17,0,0,0,900,10000,0,4,0,0,0,6,6,6,6,109,Repeating Thrust,0,0,0
5031000,Rogier's Rapier,Poison,15,Thrusting Sword,SwordPierce,1.1,standard,pierce,89,0,0,0,0,0.14,0.72,0,0,0.3,8,17,0,0,0,1000,10013,0,0,0,0,0,6,6,6,6,109,Repeating Thrust,0,0,0
5031100,Rogier's Rapier,Blood,15,Thrusting Sword,SwordPierce,1.1,standard,pierce,89,0,0,0,0,0.14,0.72,0,0,0.3,8,17,0,0,0,1100,10013,0,0,0,0,0,6,6,6,6,109,Repeating Thrust,0,0,0
5031200,Rogier's Rapier,Occult,15,Thrusting Sword,SwordPierce,1.1,standard,pierce,89,0,0,0,0,0.06,0.3,0,0,0.77,8,17,0,0,0,1200,10013,7,0,0,0,0,6,6,6,6,109,Repeating Thrust,0,0,0
5040000,Antspur Rapier,Standard,15,Thrusting Sword,SwordPierce,1.03,standard,pierce,98,0,0,0,0,0.36,0.5,0,0,0,10,20,0,0,0,0,10000,0,0,0,0,0,6,6,6,6,101,Impaling Thrust,0,0,0
5040100,Antspur Rapier,Heavy,15,Thrusting Sword,SwordPierce,1.03,standard,pierce,94,0,0,0,0,0.46,0,0,0,0,10,20,0,0,0,100,10000,1,0,0,0,0,6,6,6,6,101,Impaling Thrust,0,0,0
5040200,Antspur Rapier,Keen,15,Thrusting Sword,SwordPierce,1.03,standard,pierce,94,0,0,0,0,0.17,0.44,0,0,0,10,20,0,0,0,200,10000,2,0,0,0,0,6,6,6,6,101,Impaling Thrust,0,0,0
5040300,Antspur Rapier,Quality,15,Thrusting Sword,SwordPierce,1.03,standard,pierce,94,0,0,0,0,0.55,0.55,0,0,0,10,20,0,0,0,300,10000,8,0,0,0,0,6,6,6,6,101,Impaling Thrust,0,0,0
5040400,Antspur Rapier,Fire,15,Thrusting Sword,SwordPierce,1.03,standard,pierce,94,0,94,0,0,0.36,0.17,0,0,0,10,20,0,0,0,400,10005,0,0,4,0,0,6,6,6,6,101,Impaling Thrust,0,0,0
5040500,Antspur Rapier,Flame Art,15,Thrusting Sword,SwordPierce,1.03,standard,pierce,94,0,94,0,0,0.07,0.1,0,0.47,0,10,20,0,0,0,500,10000,0,0,4,0,0,6,6,6,6,101,Impaling Thrust,0,0,0
5040600,Antspur Rapier,Lightning,15,Thrusting Sword,SwordPierce,1.03,standard,pierce,94,0,0,94,0,0.17,0.36,0,0,0,10,20,0,0,0,600,10000,0,0,0,4,0,6,6,6,6,101,Impaling Thrust,0,0,0
5040700,Antspur Rapier,Sacred,15,Thrusting Sword,SwordPierce,1.03,standard,pierce,94,0,0,0,94,0.07,0.1,0,0.47,0,10,20,0,0,0,700,10000,0,0,0,0,4,6,6,6,6,101,Impaling Thrust,0,0,0
5040800,Antspur Rapier,Magic,15,Thrusting Sword,SwordPierce,1.03,standard,pierce,94,94,0,0,0,0.1,0.15,0.45,0,0,10,20,0,0,0,800,10000,0,4,0,0,0,6,6,6,6,101,Impaling Thrust,0,0,0
5040900,Antspur Rapier,Cold,15,Thrusting Sword,SwordPierce,1.03,standard,pierce,94,75,0,0,0,0.32,0.45,0.43,0,0,10,20,0,0,0,900,10000,0,4,0,0,0,6,6,6,6,101,Impaling Thrust,0,0,0
5041000,Antspur Rapier,Poison,15,Thrusting Sword,SwordPierce,1.03,standard,pierce,94,0,0,0,0,0.34,0.47,0,0,0.3,10,20,0,0,0,1000,10013,0,0,0,0,0,6,6,6,6,101,Impaling Thrust,0,0,0
5041100,Antspur Rapier,Blood,15,Thrusting Sword,SwordPierce,1.03,standard,pierce,94,0,0,0,0,0.34,0.47,0,0,0.3,10,20,0,0,0,1100,10013,0,0,0,0,0,6,6,6,6,101,Impaling Thrust,0,0,0
5041200,Antspur Rapier,Occult,15,Thrusting Sword,SwordPierce,1.03,standard,pierce,94,0,0,0,0,0.14,0.2,0,0,0.73,10,20,0,0,0,1200,10013,7,0,0,0,0,6,6,6,6,101,Impaling Thrust,0,0,0
5050000,Frozen Needle,Standard,15,Thrusting Sword,SwordPierce,1,standard,pierce,99,0,0,0,0,0.2,0.5,0,0,0,11,18,0,0,0,2200,10000,0,0,0,0,0,6,6,6,6,101,Impaling Thrust,1,0,1
5060000,Noble's Estoc,Standard,15,Thrusting Sword,SwordPierce,1.14,standard,pierce,104,0,0,0,0,0.37,0.37,0,0,0,9,10,0,0,0,0,10000,0,0,0,0,0,6,6,6,6,101,Impaling Thrust,0,0,0
5060100,Noble's Estoc,Heavy,15,Thrusting Sword,SwordPierce,1.14,standard,pierce,99,0,0,0,0,0.42,0,0,0,0,9,10,0,0,0,100,10000,1,0,0,0,0,6,6,6,6,101,Impaling Thrust,0,0,0
5060200,Noble's Estoc,Keen,15,Thrusting Sword,SwordPierce,1.14,standard,pierce,99,0,0,0,0,0.14,0.39,0,0,0,9,10,0,0,0,200,10000,2,0,0,0,0,6,6,6,6,101,Impaling Thrust,0,0,0
5060300,Noble's Estoc,Quality,15,Thrusting Sword,SwordPierce,1.14,standard,pierce,99,0,0,0,0,0.51,0.51,0,0,0,9,10,0,0,0,300,10000,8,0,0,0,0,6,6,6,6,101,Impaling Thrust,0,0,0
5060400,Noble's Estoc,Fire,15,Thrusting Sword,SwordPierce,1.14,standard,pierce,99,0,99,0,0,0.31,0.14,0,0,0,9,10,0,0,0,400,10005,0,0,4,0,0,6,6,6,6,101,Impaling Thrust,0,0,0
5060500,Noble's Estoc,Flame Art,15,Thrusting Sword,SwordPierce,1.14,standard,pierce,99,0,99,0,0,0.07,0.07,0,0.37,0,9,10,0,0,0,500,10000,0,0,4,0,0,6,6,6,6,101,Impaling Thrust,0,0,0
5060600,Noble's Estoc,Lightning,15,Thrusting Sword,SwordPierce,1.14,standard,pierce,99,0,0,99,0,0.14,0.31,0,0,0,9,10,0,0,0,600,10000,0,0,0,4,0,6,6,6,6,101,Impaling Thrust,0,0,0
5060700,Noble's Estoc,Sacred,15,Thrusting Sword,SwordPierce,1.14,standard,pierce,99,0,0,0,99,0.07,0.07,0,0.37,0,9,10,0,0,0,700,10000,0,0,0,0,4,6,6,6,6,101,Impaling Thrust,0,0,0
5060800,Noble's Estoc,Magic,15,Thrusting Sword,SwordPierce,1.14,standard,pierce,99,99,0,0,0,0.11,0.11,0.35,0,0,9,10,0,0,0,800,10000,0,4,0,0,0,6,6,6,6,101,Impaling Thrust,0,0,0
5060900,Noble's Estoc,Cold,15,Thrusting Sword,SwordPierce,1.14,standard,pierce,99,79,0,0,0,0.33,0.33,0.33,0,0,9,10,0,0,0,900,10000,0,4,0,0,0,6,6,6,6,101,Impaling Thrust,0,0,0
5061000,Noble's Estoc,Poison,15,Thrusting Sword,SwordPierce,1.14,standard,pierce,99,0,0,0,0,0.35,0.35,0,0,0.3,9,10,0,0,0,1000,10013,0,0,0,0,0,6,6,6,6,101,Impaling Thrust,0,0,0
5061100,Noble's Estoc,Blood,15,Thrusting Sword,SwordPierce,1.14,standard,pierce,99,0,0,0,0,0.35,0.35,0,0,0.3,9,10,0,0,0,1100,10013,0,0,0,0,0,6,6,6,6,101,Impaling Thrust,0,0,0
5061200,Noble's Estoc,Occult,15,Thrusting Sword,SwordPierce,1.14,standard,pierce,99,0,0,0,0,0.14,0.14,0,0,0.62,9,10,0,0,0,1200,10013,7,0,0,0,0,6,6,6,6,101,Impaling Thrust,0,0,0
6000000,Bloody Helice,Standard,16,Heavy Thrusting Sword,RapierHeavy,1.17,standard,pierce,121,0,0,0,0,0.1,0.35,0,0,0.5,16,19,0,0,17,2200,10013,7,0,0,0,0,6,6,6,6,1171,Dynast's Finesse,1,0,1
6010000,Godskin Stitcher,Standard,16,Heavy Thrusting Sword,RapierHeavy,1.1,standard,pierce,127,0,0,0,0,0.42,0.42,0,0,0,14,17,0,0,0,0,10000,0,0,0,0,0,6,6,6,6,101,Impaling Thrust,0,0,0
6010100,Godskin Stitcher,Heavy,16,Heavy Thrusting Sword,RapierHeavy,1.1,standard,pierce,121,0,0,0,0,0.48,0,0,0,0,14,17,0,0,0,100,10000,1,0,0,0,0,6,6,6,6,101,Impaling Thrust,0,0,0
6010200,Godskin Stitcher,Keen,16,Heavy Thrusting Sword,RapierHeavy,1.1,standard,pierce,121,0,0,0,0,0.16,0.47,0,0,0,14,17,0,0,0,200,10000,2,0,0,0,0,6,6,6,6,101,Impaling Thrust,0,0,0
6010300,Godskin Stitcher,Quality,16,Heavy Thrusting Sword,RapierHeavy,1.1,standard,pierce,121,0,0,0,0,0.56,0.56,0,0,0,14,17,0,0,0,300,10000,8,0,0,0,0,6,6,6,6,101,Impaling Thrust,0,0,0
6010400,Godskin Stitcher,Fire,16,Heavy Thrusting Sword,RapierHeavy,1.1,standard,pierce,121,0,121,0,0,0.35,0.16,0,0,0,14,17,0,0,0,400,10005,0,0,4,0,0,6,6,6,6,101,Impaling Thrust,0,0,0
6010500,Godskin Stitcher,Flame Art,16,Heavy Thrusting Sword,RapierHeavy,1.1,standard,pierce,121,0,121,0,0,0.08,0.08,0,0.42,0,14,17,0,0,0,500,10000,0,0,4,0,0,6,6,6,6,101,Impaling Thrust,0,0,0
6010600,Godskin Stitcher,Lightning,16,Heavy Thrusting Sword,RapierHeavy,1.1,standard,pierce,121,0,0,121,0,0.16,0.35,0,0,0,14,17,0,0,0,600,10000,0,0,0,4,0,6,6,6,6,101,Impaling Thrust,0,0,0
6010700,Godskin Stitcher,Sacred,16,Heavy Thrusting Sword,RapierHeavy,1.1,standard,pierce,121,0,0,0,121,0.08,0.08,0,0.42,0,14,17,0,0,0,700,10000,0,0,0,0,4,6,6,6,6,101,Impaling Thrust,0,0,0
6010800,Godskin Stitcher,Magic,16,Heavy Thrusting Sword,RapierHeavy,1.1,standard,pierce,121,121,0,0,0,0.12,0.12,0.4,0,0,14,17,0,0,0,800,10000,0,4,0,0,0,6,6,6,6,101,Impaling Thrust,0,0,0
6010900,Godskin Stitcher,Cold,16,Heavy Thrusting Sword,RapierHeavy,1.1,standard,pierce,121,97,0,0,0,0.37,0.37,0.37,0,0,14,17,0,0,0,900,10000,0,4,0,0,0,6,6,6,6,101,Impaling Thrust,0,0,0
6011000,Godskin Stitcher,Poison,16,Heavy Thrusting Sword,RapierHeavy,1.1,standard,pierce,121,0,0,0,0,0.38,0.38,0,0,0.3,14,17,0,0,0,1000,10013,0,0,0,0,0,6,6,6,6,101,Impaling Thrust,0,0,0
6011100,Godskin Stitcher,Blood,16,Heavy Thrusting Sword,RapierHeavy,1.1,standard,pierce,121,0,0,0,0,0.38,0.38,0,0,0.3,14,17,0,0,0,1100,10013,0,0,0,0,0,6,6,6,6,101,Impaling Thrust,0,0,0
6011200,Godskin Stitcher,Occult,16,Heavy Thrusting Sword,RapierHeavy,1.1,standard,pierce,121,0,0,0,0,0.16,0.16,0,0,0.71,14,17,0,0,0,1200,10013,7,0,0,0,0,6,6,6,6,101,Impaling Thrust,0,0,0
6020000,Great Epee,Standard,16,Heavy Thrusting Sword,RapierHeavy,1.03,standard,pierce,124,0,0,0,0,0.38,0.47,0,0,0,15,16,0,0,0,0,10000,0,0,0,0,0,6,6,6,6,101,Impaling Thrust,0,0,0
6020100,Great Epee,Heavy,16,Heavy Thrusting Sword,RapierHeavy,1.03,standard,pierce,119,0,0,0,0,0.5,0,0,0,0,15,16,0,0,0,100,10000,1,0,0,0,0,6,6,6,6,101,Impaling Thrust,0,0,0
6020200,Great Epee,Keen,16,Heavy Thrusting Sword,RapierHeavy,1.03,standard,pierce,119,0,0,0,0,0.17,0.46,0,0,0,15,16,0,0,0,200,10000,2,0,0,0,0,6,6,6,6,101,Impaling Thrust,0,0,0
6020300,Great Epee,Quality,16,Heavy Thrusting Sword,RapierHeavy,1.03,standard,pierce,119,0,0,0,0,0.56,0.56,0,0,0,15,16,0,0,0,300,10000,8,0,0,0,0,6,6,6,6,101,Impaling Thrust,0,0,0
6020400,Great Epee,Fire,16,Heavy Thrusting Sword,RapierHeavy,1.03,standard,pierce,119,0,119,0,0,0.35,0.17,0,0,0,15,16,0,0,0,400,10005,0,0,4,0,0,6,6,6,6,101,Impaling Thrust,0,0,0
6020500,Great Epee,Flame Art,16,Heavy Thrusting Sword,RapierHeavy,1.03,standard,pierce,119,0,119,0,0,0.07,0.09,0,0.42,0,15,16,0,0,0,500,10000,0,0,4,0,0,6,6,6,6,101,Impaling Thrust,0,0,0
6020600,Great Epee,Lightning,16,Heavy Thrusting Sword,RapierHeavy,1.03,standard,pierce,119,0,0,119,0,0.17,0.35,0,0,0,15,16,0,0,0,600,10000,0,0,0,4,0,6,6,6,6,101,Impaling Thrust,0,0,0
6020700,Great Epee,Sacred,16,Heavy Thrusting Sword,RapierHeavy,1.03,standard,pierce,119,0,0,0,119,0.07,0.09,0,0.42,0,15,16,0,0,0,700,10000,0,0,0,0,4,6,6,6,6,101,Impaling Thrust,0,0,0
6020800,Great Epee,Magic,16,Heavy Thrusting Sword,RapierHeavy,1.03,standard,pierce,119,119,0,0,0,0.11,0.14,0.4,0,0,15,16,0,0,0,800,10000,0,4,0,0,0,6,6,6,6,101,Impaling Thrust,0,0,0
6020900,Great Epee,Cold,16,Heavy Thrusting Sword,RapierHeavy,1.03,standard,pierce,119,95,0,0,0,0.34,0.42,0.38,0,0,15,16,0,0,0,900,10000,0,4,0,0,0,6,6,6,6,101,Impaling Thrust,0,0,0
6021000,Great Epee,Poison,16,Heavy Thrusting Sword,RapierHeavy,1.03,standard,pierce,119,0,0,0,0,0.34,0.43,0,0,0.3,15,16,0,0,0,1000,10013,0,0,0,0,0,6,6,6,6,101,Impaling Thrust,0,0,0
6021100,Great Epee,Blood,16,Heavy Thrusting Sword,RapierHeavy,1.03,standard,pierce,119,0,0,0,0,0.34,0.43,0,0,0.3,15,16,0,0,0,1100,10013,0,0,0,0,0,6,6,6,6,101,Impaling Thrust,0,0,0
6021200,Great Epee,Occult,16,Heavy Thrusting Sword,RapierHeavy,1.03,standard,pierce,119,0,0,0,0,0.15,0.18,0,0,0.72,15,16,0,0,0,1200,10013,7,0,0,0,0,6,6,6,6,101,Impaling Thrust,0,0,0
6040000,Dragon King's Cragblade,Standard,16,Heavy Thrusting Sword,RapierHeavy,1.13,standard,pierce,92,0,0,59,0,0.23,0.57,0,0,0,18,37,0,0,0,2200,10000,0,0,0,4,0,6,6,6,6,1026,Thundercloud Form,1,0,1
6500000,Queelign's Greatsword,Standard,16,Heavy Thrusting Sword,RapierHeavy,1.155,standard,pierce,122,0,36,0,0,0.3,0.45,0,0.25,0,14,18,0,12,0,0,10000,0,0,0,0,0,6,6,6,6,101,Impaling Thrust,0,0,0
6500100,Queelign's Greatsword,Heavy,16,Heavy Thrusting Sword,RapierHeavy,1.155,standard,pierce,106,0,29,0,0,0.52,0,0,0.25,0,14,18,0,12,0,100,10000,1,0,0,0,0,6,6,6,6,101,Impaling Thrust,0,0,0
6500200,Queelign's Greatsword,Keen,16,Heavy Thrusting Sword,RapierHeavy,1.155,standard,pierce,106,0,29,0,0,0.2,0.52,0,0.25,0,14,18,0,12,0,200,10000,2,0,0,0,0,6,6,6,6,101,Impaling Thrust,0,0,0
6500300,Queelign's Greatsword,Quality,16,Heavy Thrusting Sword,RapierHeavy,1.155,standard,pierce,106,0,29,0,0,0.63,0.63,0,0.25,0,14,18,0,12,0,300,10000,8,0,0,0,0,6,6,6,6,101,Impaling Thrust,0,0,0
6500400,Queelign's Greatsword,Fire,16,Heavy Thrusting Sword,RapierHeavy,1.155,standard,pierce,106,0,133,0,0,0.36,0.2,0,0.05,0,14,18,0,12,0,400,20010500,0,0,4,0,0,6,6,6,6,101,Impaling Thrust,0,0,0
6500500,Queelign's Greatsword,Flame Art,16,Heavy Thrusting Sword,RapierHeavy,1.155,standard,pierce,106,0,133,0,0,0.06,0.09,0,0.41,0,14,18,0,12,0,500,10000,0,0,4,0,0,6,6,6,6,101,Impaling Thrust,0,0,0
6500600,Queelign's Greatsword,Lightning,16,Heavy Thrusting Sword,RapierHeavy,1.155,standard,pierce,106,0,29,106,0,0.2,0.4,0,0.2,0,14,18,0,12,0,600,10000,0,0,0,4,0,6,6,6,6,101,Impaling Thrust,0,0,0
6500700,Queelign's Greatsword,Sacred,16,Heavy Thrusting Sword,RapierHeavy,1.155,standard,pierce,106,0,29,0,106,0.06,0.09,0,0.45,0,14,18,0,12,0,700,10000,0,0,0,0,4,6,6,6,6,101,Impaling Thrust,0,0,0
6500800,Queelign's Greatsword,Magic,16,Heavy Thrusting Sword,RapierHeavy,1.155,standard,pierce,106,106,29,0,0,0.07,0.11,0.5,0.25,0,14,18,0,12,0,800,10000,0,4,0,0,0,6,6,6,6,101,Impaling Thrust,0,0,0
6500900,Queelign's Greatsword,Cold,16,Heavy Thrusting Sword,RapierHeavy,1.155,standard,pierce,106,90,29,0,0,0.24,0.36,0.6,0.25,0,14,18,0,12,0,900,10000,0,4,0,0,0,6,6,6,6,101,Impaling Thrust,0,0,0
6501000,Queelign's Greatsword,Poison,16,Heavy Thrusting Sword,RapierHeavy,1.155,standard,pierce,106,0,29,0,0,0.3,0.45,0,0.25,0.3,14,18,0,12,0,1000,10013,0,0,0,0,0,6,6,6,6,101,Impaling Thrust,0,0,0
6501100,Queelign's Greatsword,Blood,16,Heavy Thrusting Sword,RapierHeavy,1.155,standard,pierce,106,0,29,0,0,0.3,0.45,0,0.25,0.3,14,18,0,12,0,1100,10013,0,0,0,0,0,6,6,6,6,101,Impaling Thrust,0,0,0
6501200,Queelign's Greatsword,Occult,16,Heavy Thrusting Sword,RapierHeavy,1.155,standard,pierce,106,0,29,0,0,0.12,0.18,0,0.06,0.85,14,18,0,12,0,1200,10013,7,0,0,0,0,6,6,6,6,101,Impaling Thrust,0,0,0
7000000,Falchion,Standard,9,Curved Sword,SaberNormal,1.03,slash,slash,109,0,0,0,0,0.44,0.44,0,0,0,9,13,0,0,0,0,10000,0,0,0,0,0,6,6,6,6,103,Spinning Slash,0,0,0
7000100,Falchion,Heavy,9,Curved Sword,SaberNormal,1.03,slash,slash,104,0,0,0,0,0.51,0,0,0,0,9,13,0,0,0,100,10000,1,0,0,0,0,6,6,6,6,103,Spinning Slash,0,0,0
7000200,Falchion,Keen,9,Curved Sword,SaberNormal,1.03,slash,slash,104,0,0,0,0,0.17,0.46,0,0,0,9,13,0,0,0,200,10000,2,0,0,0,0,6,6,6,6,103,Spinning Slash,0,0,0
7000300,Falchion,Quality,9,Curved Sword,SaberNormal,1.03,slash,slash,104,0,0,0,0,0.58,0.58,0,0,0,9,13,0,0,0,300,10000,8,0,0,0,0,6,6,6,6,103,Spinning Slash,0,0,0
7000400,Falchion,Fire,9,Curved Sword,SaberNormal,1.03,slash,slash,104,0,104,0,0,0.36,0.17,0,0,0,9,13,0,0,0,400,10005,0,0,4,0,0,6,6,6,6,103,Spinning Slash,0,0,0
7000500,Falchion,Flame Art,9,Curved Sword,SaberNormal,1.03,slash,slash,104,0,104,0,0,0.08,0.08,0,0.48,0,9,13,0,0,0,500,10000,0,0,4,0,0,6,6,6,6,103,Spinning Slash,0,0,0
7000600,Falchion,Lightning,9,Curved Sword,SaberNormal,1.03,slash,slash,104,0,0,104,0,0.17,0.36,0,0,0,9,13,0,0,0,600,10000,0,0,0,4,0,6,6,6,6,103,Spinning Slash,0,0,0
7000700,Falchion,Sacred,9,Curved Sword,SaberNormal,1.03,slash,slash,104,0,0,0,104,0.08,0.08,0,0.48,0,9,13,0,0,0,700,10000,0,0,0,0,4,6,6,6,6,103,Spinning Slash,0,0,0
7000800,Falchion,Magic,9,Curved Sword,SaberNormal,1.03,slash,slash,104,104,0,0,0,0.13,0.13,0.45,0,0,9,13,0,0,0,800,10000,0,4,0,0,0,6,6,6,6,103,Spinning Slash,0,0,0
7000900,Falchion,Cold,9,Curved Sword,SaberNormal,1.03,slash,slash,104,83,0,0,0,0.39,0.39,0.45,0,0,9,13,0,0,0,900,10000,0,4,0,0,0,6,6,6,6,103,Spinning Slash,0,0,0
7001000,Falchion,Poison,9,Curved Sword,SaberNormal,1.03,slash,slash,104,0,0,0,0,0.4,0.4,0,0,0.3,9,13,0,0,0,1000,10013,0,0,0,0,0,6,6,6,6,103,Spinning Slash,0,0,0
7001100,Falchion,Blood,9,Curved Sword,SaberNormal,1.03,slash,slash,104,0,0,0,0,0.4,0.4,0,0,0.3,9,13,0,0,0,1100,10013,0,0,0,0,0,6,6,6,6,103,Spinning Slash,0,0,0
7001200,Falchion,Occult,9,Curved Sword,SaberNormal,1.03,slash,slash,104,0,0,0,0,0.17,0.17,0,0,0.74,9,13,0,0,0,1200,10013,7,0,0,0,0,6,6,6,6,103,Spinning Slash,0,0,0
7010000,Beastman's Curved Sword,Standard,9,Curved Sword,SaberNormal,1.06,slash,slash,113,0,0,0,0,0.65,0.18,0,0,0,13,11,0,0,0,0,10000,0,0,0,0,0,6,6,6,6,103,Spinning Slash,0,0,0
7010100,Beastman's Curved Sword,Heavy,9,Curved Sword,SaberNormal,1.06,slash,slash,108,0,0,0,0,0.62,0,0,0,0,13,11,0,0,0,6000,10000,1,0,0,0,0,6,6,6,6,103,Spinning Slash,0,0,0
7010200,Beastman's Curved Sword,Keen,9,Curved Sword,SaberNormal,1.06,slash,slash,108,0,0,0,0,0.16,0.44,0,0,0,13,11,0,0,0,200,10000,2,0,0,0,0,6,6,6,6,103,Spinning Slash,0,0,0
7010300,Beastman's Curved Sword,Quality,9,Curved Sword,SaberNormal,1.06,slash,slash,108,0,0,0,0,0.54,0.54,0,0,0,13,11,0,0,0,300,10000,8,0,0,0,0,6,6,6,6,103,Spinning Slash,0,0,0
7010400,Beastman's Curved Sword,Fire,9,Curved Sword,SaberNormal,1.06,slash,slash,108,0,108,0,0,0.34,0.16,0,0,0,13,11,0,0,0,400,10005,0,0,4,0,0,6,6,6,6,103,Spinning Slash,0,0,0
7010500,Beastman's Curved Sword,Flame Art,9,Curved Sword,SaberNormal,1.06,slash,slash,108,0,108,0,0,0.26,0.07,0,0.29,0,13,11,0,0,0,500,10000,0,0,4,0,0,6,6,6,6,103,Spinning Slash,0,0,0
7010600,Beastman's Curved Sword,Lightning,9,Curved Sword,SaberNormal,1.06,slash,slash,108,0,0,108,0,0.16,0.33,0,0,0,13,11,0,0,0,600,10000,0,0,0,4,0,6,6,6,6,103,Spinning Slash,0,0,0
7010700,Beastman's Curved Sword,Sacred,9,Curved Sword,SaberNormal,1.06,slash,slash,108,0,0,0,108,0.26,0.07,0,0.29,0,13,11,0,0,0,700,10000,0,0,0,0,4,6,6,6,6,103,Spinning Slash,0,0,0
7010800,Beastman's Curved Sword,Magic,9,Curved Sword,SaberNormal,1.06,slash,slash,108,108,0,0,0,0.16,0.04,0.41,0,0,13,11,0,0,0,800,10000,0,4,0,0,0,6,6,6,6,103,Spinning Slash,0,0,0
7010900,Beastman's Curved Sword,Cold,9,Curved Sword,SaberNormal,1.06,slash,slash,108,86,0,0,0,0.58,0.16,0.33,0,0,13,11,0,0,0,900,10000,0,4,0,0,0,6,6,6,6,103,Spinning Slash,0,0,0
7011000,Beastman's Curved Sword,Poison,9,Curved Sword,SaberNormal,1.06,slash,slash,108,0,0,0,0,0.61,0.17,0,0,0.3,13,11,0,0,0,1000,10013,0,0,0,0,0,6,6,6,6,103,Spinning Slash,0,0,0
7011100,Beastman's Curved Sword,Blood,9,Curved Sword,SaberNormal,1.06,slash,slash,108,0,0,0,0,0.61,0.17,0,0,0.3,13,11,0,0,0,1100,10013,0,0,0,0,0,6,6,6,6,103,Spinning Slash,0,0,0
7011200,Beastman's Curved Sword,Occult,9,Curved Sword,SaberNormal,1.06,slash,slash,108,0,0,0,0,0.26,0.07,0,0,0.7,13,11,0,0,0,1200,10013,7,0,0,0,0,6,6,6,6,103,Spinning Slash,0,0,0
7020000,Shotel,Standard,9,Curved Sword,SaberNormal,0.915,slash,slash,96,0,0,0,0,0.18,0.58,0,0,0,9,19,0,0,0,0,10000,0,0,0,0,0,6,6,6,6,103,Spinning Slash,0,0,0
7020100,Shotel,Heavy,9,Curved Sword,SaberNormal,0.915,slash,slash,92,0,0,0,0,0.44,0,0,0,0,9,19,0,0,0,100,10000,1,0,0,0,0,6,6,6,6,103,Spinning Slash,0,0,0
7020200,Shotel,Keen,9,Curved Sword,SaberNormal,0.915,slash,slash,92,0,0,0,0,0.11,0.58,0,0,0,9,19,0,0,0,5000,10000,2,0,0,0,0,6,6,6,6,103,Spinning Slash,0,0,0
7020300,Shotel,Quality,9,Curved Sword,SaberNormal,0.915,slash,slash,92,0,0,0,0,0.52,0.52,0,0,0,9,19,0,0,0,300,10000,8,0,0,0,0,6,6,6,6,103,Spinning Slash,0,0,0
7020400,Shotel,Fire,9,Curved Sword,SaberNormal,0.915,slash,slash,92,0,92,0,0,0.34,0.07,0,0,0,9,19,0,0,0,400,10005,0,0,4,0,0,6,6,6,6,103,Spinning Slash,0,0,0
7020500,Shotel,Flame Art,9,Curved Sword,SaberNormal,0.915,slash,slash,92,0,92,0,0,0.05,0.11,0,0.36,0,9,19,0,0,0,500,10000,0,0,4,0,0,6,6,6,6,103,Spinning Slash,0,0,0
7020600,Shotel,Lightning,9,Curved Sword,SaberNormal,0.915,slash,slash,92,0,0,92,0,0.07,0.34,0,0,0,9,19,0,0,0,600,10000,0,0,0,4,0,6,6,6,6,103,Spinning Slash,0,0,0
7020700,Shotel,Sacred,9,Curved Sword,SaberNormal,0.915,slash,slash,92,0,0,0,92,0.05,0.11,0,0.36,0,9,19,0,0,0,700,10000,0,0,0,0,4,6,6,6,6,103,Spinning Slash,0,0,0
7020800,Shotel,Magic,9,Curved Sword,SaberNormal,0.915,slash,slash,92,92,0,0,0,0.05,0.14,0.38,0,0,9,19,0,0,0,800,10000,0,4,0,0,0,6,6,6,6,103,Spinning Slash,0,0,0
7020900,Shotel,Cold,9,Curved Sword,SaberNormal,0.915,slash,slash,92,74,0,0,0,0.16,0.52,0.3,0,0,9,19,0,0,0,900,10000,0,4,0,0,0,6,6,6,6,103,Spinning Slash,0,0,0
7021000,Shotel,Poison,9,Curved Sword,SaberNormal,0.915,slash,slash,92,0,0,0,0,0.17,0.55,0,0,0.3,9,19,0,0,0,1000,10013,0,0,0,0,0,6,6,6,6,103,Spinning Slash,0,0,0
7021100,Shotel,Blood,9,Curved Sword,SaberNormal,0.915,slash,slash,92,0,0,0,0,0.17,0.55,0,0,0.3,9,19,0,0,0,1100,10013,0,0,0,0,0,6,6,6,6,103,Spinning Slash,0,0,0
7021200,Shotel,Occult,9,Curved Sword,SaberNormal,0.915,slash,slash,92,0,0,0,0,0.07,0.23,0,0,0.64,9,19,0,0,0,1200,10013,7,0,0,0,0,6,6,6,6,103,Spinning Slash,0,0,0
7030000,Shamshir,Standard,9,Curved Sword,SaberNormal,1.07,slash,slash,108,0,0,0,0,0.36,0.5,0,0,0,7,13,0,0,0,0,10000,0,0,0,0,0,6,6,6,6,103,Spinning Slash,0,0,0
7030100,Shamshir,Heavy,9,Curved Sword,SaberNormal,1.07,slash,slash,103,0,0,0,0,0.49,0,0,0,0,7,13,0,0,0,100,10000,1,0,0,0,0,6,6,6,6,103,Spinning Slash,0,0,0
7030200,Shamshir,Keen,9,Curved Sword,SaberNormal,1.07,slash,slash,103,0,0,0,0,0.17,0.48,0,0,0,7,13,0,0,0,200,10000,2,0,0,0,0,6,6,6,6,103,Spinning Slash,0,0,0
7030300,Shamshir,Quality,9,Curved Sword,SaberNormal,1.07,slash,slash,103,0,0,0,0,0.58,0.58,0,0,0,7,13,0,0,0,300,10000,8,0,0,0,0,6,6,6,6,103,Spinning Slash,0,0,0
7030400,Shamshir,Fire,9,Curved Sword,SaberNormal,1.07,slash,slash,103,0,103,0,0,0.36,0.17,0,0,0,7,13,0,0,0,400,10005,0,0,4,0,0,6,6,6,6,103,Spinning Slash,0,0,0
7030500,Shamshir,Flame Art,9,Curved Sword,SaberNormal,1.07,slash,slash,103,0,103,0,0,0.07,0.1,0,0.47,0,7,13,0,0,0,500,10000,0,0,4,0,0,6,6,6,6,103,Spinning Slash,0,0,0
7030600,Shamshir,Lightning,9,Curved Sword,SaberNormal,1.07,slash,slash,103,0,0,103,0,0.17,0.36,0,0,0,7,13,0,0,0,600,10000,0,0,0,4,0,6,6,6,6,103,Spinning Slash,0,0,0
7030700,Shamshir,Sacred,9,Curved Sword,SaberNormal,1.07,slash,slash,103,0,0,0,103,0.07,0.1,0,0.47,0,7,13,0,0,0,700,10000,0,0,0,0,4,6,6,6,6,103,Spinning Slash,0,0,0
7030800,Shamshir,Magic,9,Curved Sword,SaberNormal,1.07,slash,slash,103,103,0,0,0,0.1,0.15,0.44,0,0,7,13,0,0,0,800,10000,0,4,0,0,0,6,6,6,6,103,Spinning Slash,0,0,0
7030900,Shamshir,Cold,9,Curved Sword,SaberNormal,1.07,slash,slash,103,82,0,0,0,0.32,0.45,0.41,0,0,7,13,0,0,0,900,10000,0,4,0,0,0,6,6,6,6,103,Spinning Slash,0,0,0
7031000,Shamshir,Poison,9,Curved Sword,SaberNormal,1.07,slash,slash,103,0,0,0,0,0.33,0.46,0,0,0.3,7,13,0,0,0,1000,10013,0,0,0,0,0,6,6,6,6,103,Spinning Slash,0,0,0
7031100,Shamshir,Blood,9,Curved Sword,SaberNormal,1.07,slash,slash,103,0,0,0,0,0.33,0.46,0,0,0.3,7,13,0,0,0,1100,10013,0,0,0,0,0,6,6,6,6,103,Spinning Slash,0,0,0
7031200,Shamshir,Occult,9,Curved Sword,SaberNormal,1.07,slash,slash,103,0,0,0,0,0.14,0.2,0,0,0.73,7,13,0,0,0,1200,10013,7,0,0,0,0,6,6,6,6,103,Spinning Slash,0,0,0
7040000,Bandit's Curved Sword,Standard,9,Curved Sword,SaberNormal,1.2,slash,slash,118,0,0,0,0,0.35,0.48,0,0,0,11,13,0,0,0,0,10000,0,0,0,0,0,6,6,6,6,103,Spinning Slash,0,0,0
7040100,Bandit's Curved Sword,Heavy,9,Curved Sword,SaberNormal,1.2,slash,slash,113,0,0,0,0,0.47,0,0,0,0,11,13,0,0,0,100,10000,1,0,0,0,0,6,6,6,6,103,Spinning Slash,0,0,0
7040200,Bandit's Curved Sword,Keen,9,Curved Sword,SaberNormal,1.2,slash,slash,113,0,0,0,0,0.16,0.46,0,0,0,11,13,0,0,0,200,10000,2,0,0,0,0,6,6,6,6,103,Spinning Slash,0,0,0
7040300,Bandit's Curved Sword,Quality,9,Curved Sword,SaberNormal,1.2,slash,slash,113,0,0,0,0,0.55,0.55,0,0,0,11,13,0,0,0,300,10000,8,0,0,0,0,6,6,6,6,103,Spinning Slash,0,0,0
7040400,Bandit's Curved Sword,Fire,9,Curved Sword,SaberNormal,1.2,slash,slash,113,0,113,0,0,0.35,0.16,0,0,0,11,13,0,0,0,400,10005,0,0,4,0,0,6,6,6,6,103,Spinning Slash,0,0,0
7040500,Bandit's Curved Sword,Flame Art,9,Curved Sword,SaberNormal,1.2,slash,slash,113,0,113,0,0,0.07,0.09,0,0.42,0,11,13,0,0,0,500,10000,0,0,4,0,0,6,6,6,6,103,Spinning Slash,0,0,0
7040600,Bandit's Curved Sword,Lightning,9,Curved Sword,SaberNormal,1.2,slash,slash,113,0,0,113,0,0.16,0.35,0,0,0,11,13,0,0,0,600,10000,0,0,0,4,0,6,6,6,6,103,Spinning Slash,0,0,0
7040700,Bandit's Curved Sword,Sacred,9,Curved Sword,SaberNormal,1.2,slash,slash,113,0,0,0,113,0.07,0.09,0,0.42,0,11,13,0,0,0,700,10000,0,0,0,0,4,6,6,6,6,103,Spinning Slash,0,0,0
7040800,Bandit's Curved Sword,Magic,9,Curved Sword,SaberNormal,1.2,slash,slash,113,113,0,0,0,0.1,0.14,0.41,0,0,11,13,0,0,0,800,10000,0,4,0,0,0,6,6,6,6,103,Spinning Slash,0,0,0
7040900,Bandit's Curved Sword,Cold,9,Curved Sword,SaberNormal,1.2,slash,slash,113,90,0,0,0,0.31,0.43,0.37,0,0,11,13,0,0,0,900,10000,0,4,0,0,0,6,6,6,6,103,Spinning Slash,0,0,0
7041000,Bandit's Curved Sword,Poison,9,Curved Sword,SaberNormal,1.2,slash,slash,113,0,0,0,0,0.32,0.44,0,0,0.3,11,13,0,0,0,1000,10013,0,0,0,0,0,6,6,6,6,103,Spinning Slash,0,0,0
7041100,Bandit's Curved Sword,Blood,9,Curved Sword,SaberNormal,1.2,slash,slash,113,0,0,0,0,0.32,0.44,0,0,0.3,11,13,0,0,0,1100,10013,0,0,0,0,0,6,6,6,6,103,Spinning Slash,0,0,0
7041200,Bandit's Curved Sword,Occult,9,Curved Sword,SaberNormal,1.2,slash,slash,113,0,0,0,0,0.14,0.19,0,0,0.7,11,13,0,0,0,1200,10013,7,0,0,0,0,6,6,6,6,103,Spinning Slash,0,0,0
7050000,Magma Blade,Standard,9,Curved Sword,SaberNormal,1.06,slash,slash,96,0,62,0,0,0.45,0.31,0,0.4,0,9,15,0,16,0,2200,10000,0,0,4,0,0,6,6,6,6,1172,Magma Shower,1,0,1
7060000,Flowing Curved Sword,Standard,9,Curved Sword,SaberNormal,1.03,slash,slash,109,0,0,0,0,0.25,0.55,0,0,0,9,17,0,0,0,0,10000,0,0,0,0,0,6,6,6,6,103,Spinning Slash,0,0,0
7060100,Flowing Curved Sword,Heavy,9,Curved Sword,SaberNormal,1.03,slash,slash,104,0,0,0,0,0.46,0,0,0,0,9,17,0,0,0,100,10000,1,0,0,0,0,6,6,6,6,103,Spinning Slash,0,0,0
7060200,Flowing Curved Sword,Keen,9,Curved Sword,SaberNormal,1.03,slash,slash,104,0,0,0,0,0.12,0.62,0,0,0,9,17,0,0,0,5000,10000,2,0,0,0,0,6,6,6,6,103,Spinning Slash,0,0,0
7060300,Flowing Curved Sword,Quality,9,Curved Sword,SaberNormal,1.03,slash,slash,104,0,0,0,0,0.54,0.54,0,0,0,9,17,0,0,0,300,10000,8,0,0,0,0,6,6,6,6,103,Spinning Slash,0,0,0
7060400,Flowing Curved Sword,Fire,9,Curved Sword,SaberNormal,1.03,slash,slash,104,0,104,0,0,0.34,0.16,0,0,0,9,17,0,0,0,400,10005,0,0,4,0,0,6,6,6,6,103,Spinning Slash,0,0,0
7060500,Flowing Curved Sword,Flame Art,9,Curved Sword,SaberNormal,1.03,slash,slash,104,0,104,0,0,0.07,0.16,0,0.36,0,9,17,0,0,0,500,10000,0,0,4,0,0,6,6,6,6,103,Spinning Slash,0,0,0
7060600,Flowing Curved Sword,Lightning,9,Curved Sword,SaberNormal,1.03,slash,slash,104,0,0,104,0,0.16,0.34,0,0,0,9,17,0,0,0,600,10000,0,0,0,4,0,6,6,6,6,103,Spinning Slash,0,0,0
7060700,Flowing Curved Sword,Sacred,9,Curved Sword,SaberNormal,1.03,slash,slash,104,0,0,0,104,0.07,0.16,0,0.36,0,9,17,0,0,0,700,10000,0,0,0,0,4,6,6,6,6,103,Spinning Slash,0,0,0
7060800,Flowing Curved Sword,Magic,9,Curved Sword,SaberNormal,1.03,slash,slash,104,104,0,0,0,0.05,0.11,0.4,0,0,9,17,0,0,0,800,10000,0,4,0,0,0,6,6,6,6,103,Spinning Slash,0,0,0
7060900,Flowing Curved Sword,Cold,9,Curved Sword,SaberNormal,1.03,slash,slash,104,83,0,0,0,0.22,0.49,0.32,0,0,9,17,0,0,0,900,10000,0,4,0,0,0,6,6,6,6,103,Spinning Slash,0,0,0
7061000,Flowing Curved Sword,Poison,9,Curved Sword,SaberNormal,1.03,slash,slash,104,0,0,0,0,0.23,0.52,0,0,0.3,9,17,0,0,0,1000,10013,0,0,0,0,0,6,6,6,6,103,Spinning Slash,0,0,0
7061100,Flowing Curved Sword,Blood,9,Curved Sword,SaberNormal,1.03,slash,slash,104,0,0,0,0,0.23,0.52,0,0,0.3,9,17,0,0,0,1100,10013,0,0,0,0,0,6,6,6,6,103,Spinning Slash,0,0,0
7061200,Flowing Curved Sword,Occult,9,Curved Sword,SaberNormal,1.03,slash,slash,104,0,0,0,0,0.1,0.22,0,0,0.68,9,17,0,0,0,1200,10013,7,0,0,0,0,6,6,6,6,103,Spinning Slash,0,0,0
7070000,Wing of Astel,Standard,9,Curved Sword,SaberNormal,0.97,slash,slash,65,78,0,0,0,0.1,0.45,0.55,0,0,7,17,20,0,0,2200,10000,0,4,0,0,0,6,6,6,6,1173,Nebula,1,0,1
7080000,Scavenger's Curved Sword,Standard,9,Curved Sword,SaberNormal,1.04,slash,slash,105,0,0,0,0,0.4,0.5,0,0,0,9,14,0,0,0,0,10000,0,0,0,0,0,6,6,6,6,103,Spinning Slash,0,0,0
7080100,Scavenger's Curved Sword,Heavy,9,Curved Sword,SaberNormal,1.04,slash,slash,100,0,0,0,0,0.4,0,0,0,0,9,14,0,0,0,100,10000,1,0,0,0,0,6,6,6,6,103,Spinning Slash,0,0,0
7080200,Scavenger's Curved Sword,Keen,9,Curved Sword,SaberNormal,1.04,slash,slash,100,0,0,0,0,0.09,0.4,0,0,0,9,14,0,0,0,200,10000,2,0,0,0,0,6,6,6,6,103,Spinning Slash,0,0,0
7080300,Scavenger's Curved Sword,Quality,9,Curved Sword,SaberNormal,1.04,slash,slash,100,0,0,0,0,0.48,0.48,0,0,0,9,14,0,0,0,300,10000,8,0,0,0,0,6,6,6,6,103,Spinning Slash,0,0,0
7080400,Scavenger's Curved Sword,Fire,9,Curved Sword,SaberNormal,1.04,slash,slash,100,0,100,0,0,0.38,0.18,0,0,0,9,14,0,0,0,400,10005,0,0,4,0,0,6,6,6,6,103,Spinning Slash,0,0,0
7080500,Scavenger's Curved Sword,Flame Art,9,Curved Sword,SaberNormal,1.04,slash,slash,100,0,100,0,0,0.12,0.15,0,0.45,0,9,14,0,0,0,500,10000,0,0,4,0,0,6,6,6,6,103,Spinning Slash,0,0,0
7080600,Scavenger's Curved Sword,Lightning,9,Curved Sword,SaberNormal,1.04,slash,slash,100,0,0,100,0,0.18,0.38,0,0,0,9,14,0,0,0,600,10000,0,0,0,4,0,6,6,6,6,103,Spinning Slash,0,0,0
7080700,Scavenger's Curved Sword,Sacred,9,Curved Sword,SaberNormal,1.04,slash,slash,100,0,0,0,100,0.12,0.15,0,0.45,0,9,14,0,0,0,700,10000,0,0,0,0,4,6,6,6,6,103,Spinning Slash,0,0,0
7080800,Scavenger's Curved Sword,Magic,9,Curved Sword,SaberNormal,1.04,slash,slash,100,100,0,0,0,0.08,0.1,0.49,0,0,9,14,0,0,0,800,10000,0,4,0,0,0,6,6,6,6,103,Spinning Slash,0,0,0
7080900,Scavenger's Curved Sword,Cold,9,Curved Sword,SaberNormal,1.04,slash,slash,100,80,0,0,0,0.36,0.45,0.45,0,0,9,14,0,0,0,900,10000,0,4,0,0,0,6,6,6,6,103,Spinning Slash,0,0,0
7081000,Scavenger's Curved Sword,Poison,9,Curved Sword,SaberNormal,1.04,slash,slash,100,0,0,0,0,0.38,0.47,0,0,0.3,9,14,0,0,0,1000,10013,0,0,0,0,0,6,6,6,6,103,Spinning Slash,0,0,0
7081100,Scavenger's Curved Sword,Blood,9,Curved Sword,SaberNormal,1.04,slash,slash,100,0,0,0,0,0.38,0.47,0,0,0.3,9,14,0,0,0,1100,10013,0,0,0,0,0,6,6,6,6,103,Spinning Slash,0,0,0
7081200,Scavenger's Curved Sword,Occult,9,Curved Sword,SaberNormal,1.04,slash,slash,100,0,0,0,0,0.16,0.2,0,0,0.76,9,14,0,0,0,1200,10013,7,0,0,0,0,6,6,6,6,103,Spinning Slash,0,0,0
7100000,Eclipse Shotel,Standard,9,Curved Sword,SaberNormal,0.96,slash,slash,77,0,0,0,77,0.2,0.35,0,0.45,0,10,25,0,30,0,2200,10000,0,0,0,0,4,6,6,6,6,1174,Death Flare,1,0,1
7110000,Serpent-God's Curved Sword,Standard,9,Curved Sword,SaberNormal,1.06,slash,slash,113,0,0,0,0,0.55,0.2,0,0,0,13,9,0,0,0,0,10000,0,0,0,0,0,6,6,6,6,103,Spinning Slash,0,0,0
7110100,Serpent-God's Curved Sword,Heavy,9,Curved Sword,SaberNormal,1.06,slash,slash,108,0,0,0,0,0.57,0,0,0,0,13,9,0,0,0,6000,10000,1,0,0,0,0,6,6,6,6,103,Spinning Slash,0,0,0
7110200,Serpent-God's Curved Sword,Keen,9,Curved Sword,SaberNormal,1.06,slash,slash,108,0,0,0,0,0.15,0.4,0,0,0,13,9,0,0,0,200,10000,2,0,0,0,0,6,6,6,6,103,Spinning Slash,0,0,0
7110300,Serpent-God's Curved Sword,Quality,9,Curved Sword,SaberNormal,1.06,slash,slash,108,0,0,0,0,0.5,0.5,0,0,0,13,9,0,0,0,300,10000,8,0,0,0,0,6,6,6,6,103,Spinning Slash,0,0,0
7110400,Serpent-God's Curved Sword,Fire,9,Curved Sword,SaberNormal,1.06,slash,slash,108,0,108,0,0,0.3,0.15,0,0,0,13,9,0,0,0,400,10005,0,0,4,0,0,6,6,6,6,103,Spinning Slash,0,0,0
7110500,Serpent-God's Curved Sword,Flame Art,9,Curved Sword,SaberNormal,1.06,slash,slash,108,0,108,0,0,0.16,0.06,0,0.3,0,13,9,0,0,0,500,10000,0,0,4,0,0,6,6,6,6,103,Spinning Slash,0,0,0
7110600,Serpent-God's Curved Sword,Lightning,9,Curved Sword,SaberNormal,1.06,slash,slash,108,0,0,108,0,0.15,0.3,0,0,0,13,9,0,0,0,600,10000,0,0,0,4,0,6,6,6,6,103,Spinning Slash,0,0,0
7110700,Serpent-God's Curved Sword,Sacred,9,Curved Sword,SaberNormal,1.06,slash,slash,108,0,0,0,108,0.16,0.06,0,0.3,0,13,9,0,0,0,700,10000,0,0,0,0,4,6,6,6,6,103,Spinning Slash,0,0,0
7110800,Serpent-God's Curved Sword,Magic,9,Curved Sword,SaberNormal,1.06,slash,slash,108,108,0,0,0,0.11,0.04,0.37,0,0,13,9,0,0,0,800,10000,0,4,0,0,0,6,6,6,6,103,Spinning Slash,0,0,0
7110900,Serpent-God's Curved Sword,Cold,9,Curved Sword,SaberNormal,1.06,slash,slash,108,86,0,0,0,0.49,0.18,0.3,0,0,13,9,0,0,0,900,10000,0,4,0,0,0,6,6,6,6,103,Spinning Slash,0,0,0
7111000,Serpent-God's Curved Sword,Poison,9,Curved Sword,SaberNormal,1.06,slash,slash,108,0,0,0,0,0.52,0.19,0,0,0.3,13,9,0,0,0,1000,10013,0,0,0,0,0,6,6,6,6,103,Spinning Slash,0,0,0
7111100,Serpent-God's Curved Sword,Blood,9,Curved Sword,SaberNormal,1.06,slash,slash,108,0,0,0,0,0.52,0.19,0,0,0.3,13,9,0,0,0,1100,10013,0,0,0,0,0,6,6,6,6,103,Spinning Slash,0,0,0
7111200,Serpent-God's Curved Sword,Occult,9,Curved Sword,SaberNormal,1.06,slash,slash,108,0,0,0,0,0.22,0.08,0,0,0.63,13,9,0,0,0,1200,10013,7,0,0,0,0,6,6,6,6,103,Spinning Slash,0,0,0
7120000,Mantis Blade,Standard,9,Curved Sword,SaberNormal,1.1,slash,slash,112,0,0,0,0,0.36,0.48,0,0,0,10,12,0,0,0,0,10000,0,0,0,0,0,6,6,6,6,103,Spinning Slash,0,0,0
7120100,Mantis Blade,Heavy,9,Curved Sword,SaberNormal,1.1,slash,slash,107,0,0,0,0,0.48,0,0,0,0,10,12,0,0,0,100,10000,1,0,0,0,0,6,6,6,6,103,Spinning Slash,0,0,0
7120200,Mantis Blade,Keen,9,Curved Sword,SaberNormal,1.1,slash,slash,107,0,0,0,0,0.16,0.47,0,0,0,10,12,0,0,0,200,10000,2,0,0,0,0,6,6,6,6,103,Spinning Slash,0,0,0
7120300,Mantis Blade,Quality,9,Curved Sword,SaberNormal,1.1,slash,slash,107,0,0,0,0,0.57,0.57,0,0,0,10,12,0,0,0,300,10000,8,0,0,0,0,6,6,6,6,103,Spinning Slash,0,0,0
7120400,Mantis Blade,Fire,9,Curved Sword,SaberNormal,1.1,slash,slash,107,0,107,0,0,0.35,0.16,0,0,0,10,12,0,0,0,400,10005,0,0,4,0,0,6,6,6,6,103,Spinning Slash,0,0,0
7120500,Mantis Blade,Flame Art,9,Curved Sword,SaberNormal,1.1,slash,slash,107,0,107,0,0,0.1,0.14,0,0.37,0,10,12,0,0,0,500,10000,0,0,4,0,0,6,6,6,6,103,Spinning Slash,0,0,0
7120600,Mantis Blade,Lightning,9,Curved Sword,SaberNormal,1.1,slash,slash,107,0,0,107,0,0.16,0.35,0,0,0,10,12,0,0,0,600,10000,0,0,0,4,0,6,6,6,6,103,Spinning Slash,0,0,0
7120700,Mantis Blade,Sacred,9,Curved Sword,SaberNormal,1.1,slash,slash,107,0,0,0,107,0.1,0.14,0,0.37,0,10,12,0,0,0,700,10000,0,0,0,0,4,6,6,6,6,103,Spinning Slash,0,0,0
7120800,Mantis Blade,Magic,9,Curved Sword,SaberNormal,1.1,slash,slash,107,107,0,0,0,0.07,0.09,0.42,0,0,10,12,0,0,0,800,10000,0,4,0,0,0,6,6,6,6,103,Spinning Slash,0,0,0
7120900,Mantis Blade,Cold,9,Curved Sword,SaberNormal,1.1,slash,slash,107,86,0,0,0,0.32,0.43,0.4,0,0,10,12,0,0,0,900,10000,0,4,0,0,0,6,6,6,6,103,Spinning Slash,0,0,0
7121000,Mantis Blade,Poison,9,Curved Sword,SaberNormal,1.1,slash,slash,107,0,0,0,0,0.34,0.45,0,0,0.3,10,12,0,0,0,1000,10013,0,0,0,0,0,6,6,6,6,103,Spinning Slash,0,0,0
7121100,Mantis Blade,Blood,9,Curved Sword,SaberNormal,1.1,slash,slash,107,0,0,0,0,0.34,0.45,0,0,0.3,10,12,0,0,0,1100,10013,0,0,0,0,0,6,6,6,6,103,Spinning Slash,0,0,0
7121200,Mantis Blade,Occult,9,Curved Sword,SaberNormal,1.1,slash,slash,107,0,0,0,0,0.14,0.19,0,0,0.71,10,12,0,0,0,1200,10013,7,0,0,0,0,6,6,6,6,103,Spinning Slash,0,0,0
7140000,Scimitar,Standard,9,Curved Sword,SaberNormal,1,slash,slash,106,0,0,0,0,0.25,0.57,0,0,0,7,13,0,0,0,0,10000,0,0,0,0,0,6,6,6,6,103,Spinning Slash,0,0,0
7140100,Scimitar,Heavy,9,Curved Sword,SaberNormal,1,slash,slash,101,0,0,0,0,0.47,0,0,0,0,7,13,0,0,0,100,10000,1,0,0,0,0,6,6,6,6,103,Spinning Slash,0,0,0
7140200,Scimitar,Keen,9,Curved Sword,SaberNormal,1,slash,slash,101,0,0,0,0,0.12,0.63,0,0,0,7,13,0,0,0,5000,10000,2,0,0,0,0,6,6,6,6,103,Spinning Slash,0,0,0
7140300,Scimitar,Quality,9,Curved Sword,SaberNormal,1,slash,slash,101,0,0,0,0,0.55,0.55,0,0,0,7,13,0,0,0,300,10000,8,0,0,0,0,6,6,6,6,103,Spinning Slash,0,0,0
7140400,Scimitar,Fire,9,Curved Sword,SaberNormal,1,slash,slash,101,0,101,0,0,0.34,0.16,0,0,0,7,13,0,0,0,400,10005,0,0,4,0,0,6,6,6,6,103,Spinning Slash,0,0,0
7140500,Scimitar,Flame Art,9,Curved Sword,SaberNormal,1,slash,slash,101,0,101,0,0,0.07,0.17,0,0.35,0,7,13,0,0,0,500,10000,0,0,4,0,0,6,6,6,6,103,Spinning Slash,0,0,0
7140600,Scimitar,Lightning,9,Curved Sword,SaberNormal,1,slash,slash,101,0,0,101,0,0.16,0.34,0,0,0,7,13,0,0,0,600,10000,0,0,0,4,0,6,6,6,6,103,Spinning Slash,0,0,0
7140700,Scimitar,Sacred,9,Curved Sword,SaberNormal,1,slash,slash,101,0,0,0,101,0.07,0.17,0,0.35,0,7,13,0,0,0,700,10000,0,0,0,0,4,6,6,6,6,103,Spinning Slash,0,0,0
7140800,Scimitar,Magic,9,Curved Sword,SaberNormal,1,slash,slash,101,101,0,0,0,0.05,0.11,0.41,0,0,7,13,0,0,0,800,10000,0,4,0,0,0,6,6,6,6,103,Spinning Slash,0,0,0
7140900,Scimitar,Cold,9,Curved Sword,SaberNormal,1,slash,slash,101,81,0,0,0,0.22,0.51,0.32,0,0,7,13,0,0,0,900,10000,0,4,0,0,0,6,6,6,6,103,Spinning Slash,0,0,0
7141000,Scimitar,Poison,9,Curved Sword,SaberNormal,1,slash,slash,101,0,0,0,0,0.23,0.54,0,0,0.3,7,13,0,0,0,1000,10013,0,0,0,0,0,6,6,6,6,103,Spinning Slash,0,0,0
7141100,Scimitar,Blood,9,Curved Sword,SaberNormal,1,slash,slash,101,0,0,0,0,0.23,0.54,0,0,0.3,7,13,0,0,0,1100,10013,0,0,0,0,0,6,6,6,6,103,Spinning Slash,0,0,0
7141200,Scimitar,Occult,9,Curved Sword,SaberNormal,1,slash,slash,101,0,0,0,0,0.1,0.22,0,0,0.69,7,13,0,0,0,1200,10013,7,0,0,0,0,6,6,6,6,103,Spinning Slash,0,0,0
7150000,Grossmesser,Standard,9,Curved Sword,SaberNormal,1.13,slash,slash,115,0,0,0,0,0.47,0.36,0,0,0,14,12,0,0,0,0,10000,0,0,0,0,0,6,6,6,6,103,Spinning Slash,0,0,0
7150100,Grossmesser,Heavy,9,Curved Sword,SaberNormal,1.13,slash,slash,110,0,0,0,0,0.48,0,0,0,0,14,12,0,0,0,100,10000,1,0,0,0,0,6,6,6,6,103,Spinning Slash,0,0,0
7150200,Grossmesser,Keen,9,Curved Sword,SaberNormal,1.13,slash,slash,110,0,0,0,0,0.16,0.43,0,0,0,14,12,0,0,0,200,10000,2,0,0,0,0,6,6,6,6,103,Spinning Slash,0,0,0
7150300,Grossmesser,Quality,9,Curved Sword,SaberNormal,1.13,slash,slash,110,0,0,0,0,0.56,0.56,0,0,0,14,12,0,0,0,300,10000,8,0,0,0,0,6,6,6,6,103,Spinning Slash,0,0,0
7150400,Grossmesser,Fire,9,Curved Sword,SaberNormal,1.13,slash,slash,110,0,110,0,0,0.34,0.16,0,0,0,14,12,0,0,0,400,10005,0,0,4,0,0,6,6,6,6,103,Spinning Slash,0,0,0
7150500,Grossmesser,Flame Art,9,Curved Sword,SaberNormal,1.13,slash,slash,110,0,110,0,0,0.14,0.1,0,0.37,0,14,12,0,0,0,500,10000,0,0,4,0,0,6,6,6,6,103,Spinning Slash,0,0,0
7150600,Grossmesser,Lightning,9,Curved Sword,SaberNormal,1.13,slash,slash,110,0,0,110,0,0.16,0.34,0,0,0,14,12,0,0,0,600,10000,0,0,0,4,0,6,6,6,6,103,Spinning Slash,0,0,0
7150700,Grossmesser,Sacred,9,Curved Sword,SaberNormal,1.13,slash,slash,110,0,0,0,110,0.14,0.1,0,0.37,0,14,12,0,0,0,700,10000,0,0,0,0,4,6,6,6,6,103,Spinning Slash,0,0,0
7150800,Grossmesser,Magic,9,Curved Sword,SaberNormal,1.13,slash,slash,110,110,0,0,0,0.09,0.07,0.41,0,0,14,12,0,0,0,800,10000,0,4,0,0,0,6,6,6,6,103,Spinning Slash,0,0,0
7150900,Grossmesser,Cold,9,Curved Sword,SaberNormal,1.13,slash,slash,110,88,0,0,0,0.42,0.32,0.39,0,0,14,12,0,0,0,900,10000,0,4,0,0,0,6,6,6,6,103,Spinning Slash,0,0,0
7151000,Grossmesser,Poison,9,Curved Sword,SaberNormal,1.13,slash,slash,110,0,0,0,0,0.44,0.34,0,0,0.3,14,12,0,0,0,1000,10013,0,0,0,0,0,6,6,6,6,103,Spinning Slash,0,0,0
7151100,Grossmesser,Blood,9,Curved Sword,SaberNormal,1.13,slash,slash,110,0,0,0,0,0.44,0.34,0,0,0.3,14,12,0,0,0,1100,10013,0,0,0,0,0,6,6,6,6,103,Spinning Slash,0,0,0
7151200,Grossmesser,Occult,9,Curved Sword,SaberNormal,1.13,slash,slash,110,0,0,0,0,0.18,0.14,0,0,0.7,14,12,0,0,0,1200,10013,7,0,0,0,0,6,6,6,6,103,Spinning Slash,0,0,0
7500000,Spirit Sword,Standard,9,Curved Sword,SaberNormal,0.93,slash,slash,92,59,0,0,0,0.1,0.4,0.4,0,0,8,16,16,0,0,2200,10000,0,4,0,0,0,6,6,6,6,5250,Rancor Slash,1,0,1
7510000,Falx,Standard,9,Curved Sword,SaberNormal,1.11,slash,slash,107,0,0,0,0,0.3,0.5,0,0,0,12,15,0,0,0,2200,10000,0,0,0,0,0,6,6,6,6,5100,Revenger's Blade,1,1,1
7520000,Dancing Blade of Ranah,Standard,9,Curved Sword,SaberNormal,1.08,slash,slash,88,0,0,0,0,0,0.95,0,0,0,9,20,0,0,0,2200,10000,0,0,0,0,0,6,6,6,6,5090,Unending Dance,1,1,1
7530000,Horned Warrior's Sword,Standard,9,Curved Sword,SaberNormal,1.16,slash,slash,108,0,0,0,0,0.29,0.44,0,0.24,0,11,14,0,14,0,2200,12000,0,0,0,0,0,6,6,6,6,5530,Horn Calling,1,1,1
8010000,Onyx Lord's Greatsword,Standard,11,Curved Greatsword,SaberLarge,1.03,slash,slash,118,76,0,0,0,0.5,0.1,0.5,0,0,20,16,16,0,0,2200,10000,0,4,0,0,0,6,6,6,6,1041,Onyx Lords' Repulsion,1,0,1
8020000,Dismounter,Standard,11,Curved Greatsword,SaberLarge,1,slash,slash,138,0,0,0,0,0.47,0.37,0,0,0,19,16,0,0,0,0,10000,0,0,0,0,0,6,6,6,6,103,Spinning Slash,0,0,0
8020100,Dismounter,Heavy,11,Curved Greatsword,SaberLarge,1,slash,slash,132,0,0,0,0,0.47,0,0,0,0,19,16,0,0,0,100,10000,1,0,0,0,0,6,6,6,6,103,Spinning Slash,0,0,0
8020200,Dismounter,Keen,11,Curved Greatsword,SaberLarge,1,slash,slash,132,0,0,0,0,0.16,0.46,0,0,0,19,16,0,0,0,200,10000,2,0,0,0,0,6,6,6,6,103,Spinning Slash,0,0,0
8020300,Dismounter,Quality,11,Curved Greatsword,SaberLarge,1,slash,slash,132,0,0,0,0,0.57,0.57,0,0,0,19,16,0,0,0,300,10000,8,0,0,0,0,6,6,6,6,103,Spinning Slash,0,0,0
8020400,Dismounter,Fire,11,Curved Greatsword,SaberLarge,1,slash,slash,132,0,132,0,0,0.35,0.16,0,0,0,19,16,0,0,0,400,10005,0,0,4,0,0,6,6,6,6,103,Spinning Slash,0,0,0
8020500,Dismounter,Flame Art,11,Curved Greatsword,SaberLarge,1,slash,slash,132,0,132,0,0,0.09,0.07,0,0.42,0,19,16,0,0,0,500,10000,0,0,4,0,0,6,6,6,6,103,Spinning Slash,0,0,0
8020600,Dismounter,Lightning,11,Curved Greatsword,SaberLarge,1,slash,slash,132,0,0,132,0,0.16,0.35,0,0,0,19,16,0,0,0,600,10000,0,0,0,4,0,6,6,6,6,103,Spinning Slash,0,0,0
8020700,Dismounter,Sacred,11,Curved Greatsword,SaberLarge,1,slash,slash,132,0,0,0,132,0.09,0.07,0,0.42,0,19,16,0,0,0,700,10000,0,0,0,0,4,6,6,6,6,103,Spinning Slash,0,0,0
8020800,Dismounter,Magic,11,Curved Greatsword,SaberLarge,1,slash,slash,132,132,0,0,0,0.14,0.11,0.42,0,0,19,16,0,0,0,800,10000,0,4,0,0,0,6,6,6,6,103,Spinning Slash,0,0,0
8020900,Dismounter,Cold,11,Curved Greatsword,SaberLarge,1,slash,slash,132,106,0,0,0,0.42,0.33,0.33,0,0,19,16,0,0,0,900,10000,0,4,0,0,0,6,6,6,6,103,Spinning Slash,0,0,0
8021000,Dismounter,Poison,11,Curved Greatsword,SaberLarge,1,slash,slash,132,0,0,0,0,0.44,0.35,0,0,0.3,19,16,0,0,0,1000,10013,0,0,0,0,0,6,6,6,6,103,Spinning Slash,0,0,0
8021100,Dismounter,Blood,11,Curved Greatsword,SaberLarge,1,slash,slash,132,0,0,0,0,0.44,0.35,0,0,0.3,19,16,0,0,0,1100,10013,0,0,0,0,0,6,6,6,6,103,Spinning Slash,0,0,0
8021200,Dismounter,Occult,11,Curved Greatsword,SaberLarge,1,slash,slash,132,0,0,0,0,0.18,0.14,0,0,0.71,19,16,0,0,0,1200,10013,7,0,0,0,0,6,6,6,6,103,Spinning Slash,0,0,0
8030000,Bloodhound's Fang,Standard,11,Curved Greatsword,SaberLarge,1.07,slash,slash,141,0,0,0,0,0.41,0.6,0,0,0,18,17,0,0,0,2200,10000,0,0,0,0,0,6,6,6,6,1175,Bloodhound's Finesse,1,0,1
8040000,Magma Wyrm's Scalesword,Standard,11,Curved Greatsword,SaberLarge,1.16,slash,slash,114,0,74,0,0,0.6,0.25,0,0.55,0,24,15,0,18,0,2200,10000,0,0,4,0,0,6,6,6,6,1176,Magma Guillotine,1,0,1
8050000,Zamor Curved Sword,Standard,11,Curved Greatsword,SaberLarge,0.89,slash,slash,130,0,0,0,0,0.4,0.5,0,0,0,16,18,0,0,0,2200,10000,0,0,0,0,0,6,6,6,6,1168,Zamor Ice Storm,1,0,1
8060000,Omen Cleaver,Standard,11,Curved Greatsword,SaberLarge,1.03,slash,slash,142,0,0,0,0,0.44,0.43,0,0,0,19,16,0,0,0,0,10000,0,0,0,0,0,6,6,6,6,103,Spinning Slash,0,0,0
8060100,Omen Cleaver,Heavy,11,Curved Greatsword,SaberLarge,1.03,slash,slash,136,0,0,0,0,0.48,0,0,0,0,19,16,0,0,0,100,10000,1,0,0,0,0,6,6,6,6,103,Spinning Slash,0,0,0
8060200,Omen Cleaver,Keen,11,Curved Greatsword,SaberLarge,1.03,slash,slash,136,0,0,0,0,0.17,0.43,0,0,0,19,16,0,0,0,200,10000,2,0,0,0,0,6,6,6,6,103,Spinning Slash,0,0,0
8060300,Omen Cleaver,Quality,11,Curved Greatsword,SaberLarge,1.03,slash,slash,136,0,0,0,0,0.56,0.56,0,0,0,19,16,0,0,0,300,10000,8,0,0,0,0,6,6,6,6,103,Spinning Slash,0,0,0
8060400,Omen Cleaver,Fire,11,Curved Greatsword,SaberLarge,1.03,slash,slash,136,0,136,0,0,0.38,0.17,0,0,0,19,16,0,0,0,400,10005,0,0,4,0,0,6,6,6,6,103,Spinning Slash,0,0,0
8060500,Omen Cleaver,Flame Art,11,Curved Greatsword,SaberLarge,1.03,slash,slash,136,0,136,0,0,0.08,0.08,0,0.44,0,19,16,0,0,0,500,10000,0,0,4,0,0,6,6,6,6,103,Spinning Slash,0,0,0
8060600,Omen Cleaver,Lightning,11,Curved Greatsword,SaberLarge,1.03,slash,slash,136,0,0,136,0,0.17,0.38,0,0,0,19,16,0,0,0,600,10000,0,0,0,4,0,6,6,6,6,103,Spinning Slash,0,0,0
8060700,Omen Cleaver,Sacred,11,Curved Greatsword,SaberLarge,1.03,slash,slash,136,0,0,0,136,0.08,0.08,0,0.44,0,19,16,0,0,0,700,10000,0,0,0,0,4,6,6,6,6,103,Spinning Slash,0,0,0
8060800,Omen Cleaver,Magic,11,Curved Greatsword,SaberLarge,1.03,slash,slash,136,136,0,0,0,0.13,0.12,0.43,0,0,19,16,0,0,0,800,10000,0,4,0,0,0,6,6,6,6,103,Spinning Slash,0,0,0
8060900,Omen Cleaver,Cold,11,Curved Greatsword,SaberLarge,1.03,slash,slash,136,109,0,0,0,0.39,0.38,0.34,0,0,19,16,0,0,0,900,10000,0,4,0,0,0,6,6,6,6,103,Spinning Slash,0,0,0
8061000,Omen Cleaver,Poison,11,Curved Greatsword,SaberLarge,1.03,slash,slash,136,0,0,0,0,0.41,0.4,0,0,0.3,19,16,0,0,0,1000,10013,0,0,0,0,0,6,6,6,6,103,Spinning Slash,0,0,0
8061100,Omen Cleaver,Blood,11,Curved Greatsword,SaberLarge,1.03,slash,slash,136,0,0,0,0,0.41,0.4,0,0,0.3,19,16,0,0,0,1100,10013,0,0,0,0,0,6,6,6,6,103,Spinning Slash,0,0,0
8061200,Omen Cleaver,Occult,11,Curved Greatsword,SaberLarge,1.03,slash,slash,136,0,0,0,0,0.17,0.17,0,0,0.73,19,16,0,0,0,1200,10013,7,0,0,0,0,6,6,6,6,103,Spinning Slash,0,0,0
8070000,Monk's Flameblade,Standard,11,Curved Greatsword,SaberLarge,0.93,slash,slash,134,0,0,0,0,0.37,0.52,0,0,0,18,18,0,0,0,0,10000,0,0,0,0,0,6,6,6,6,103,Spinning Slash,0,0,0
8070100,Monk's Flameblade,Heavy,11,Curved Greatsword,SaberLarge,0.93,slash,slash,128,0,0,0,0,0.48,0,0,0,0,18,18,0,0,0,100,10000,1,0,0,0,0,6,6,6,6,103,Spinning Slash,0,0,0
8070200,Monk's Flameblade,Keen,11,Curved Greatsword,SaberLarge,0.93,slash,slash,128,0,0,0,0,0.17,0.47,0,0,0,18,18,0,0,0,200,10000,2,0,0,0,0,6,6,6,6,103,Spinning Slash,0,0,0
8070300,Monk's Flameblade,Quality,11,Curved Greatsword,SaberLarge,0.93,slash,slash,128,0,0,0,0,0.58,0.58,0,0,0,18,18,0,0,0,300,10000,8,0,0,0,0,6,6,6,6,103,Spinning Slash,0,0,0
8070400,Monk's Flameblade,Fire,11,Curved Greatsword,SaberLarge,0.93,slash,slash,128,0,128,0,0,0.39,0.17,0,0,0,18,18,0,0,0,400,10005,0,0,4,0,0,6,6,6,6,103,Spinning Slash,0,0,0
8070500,Monk's Flameblade,Flame Art,11,Curved Greatsword,SaberLarge,0.93,slash,slash,128,0,128,0,0,0.07,0.1,0,0.45,0,18,18,0,0,0,500,10000,0,0,4,0,0,6,6,6,6,103,Spinning Slash,0,0,0
8070600,Monk's Flameblade,Lightning,11,Curved Greatsword,SaberLarge,0.93,slash,slash,128,0,0,128,0,0.17,0.39,0,0,0,18,18,0,0,0,600,10000,0,0,0,4,0,6,6,6,6,103,Spinning Slash,0,0,0
8070700,Monk's Flameblade,Sacred,11,Curved Greatsword,SaberLarge,0.93,slash,slash,128,0,0,0,128,0.07,0.1,0,0.45,0,18,18,0,0,0,700,10000,0,0,0,0,4,6,6,6,6,103,Spinning Slash,0,0,0
8070800,Monk's Flameblade,Magic,11,Curved Greatsword,SaberLarge,0.93,slash,slash,128,128,0,0,0,0.11,0.15,0.44,0,0,18,18,0,0,0,800,10000,0,4,0,0,0,6,6,6,6,103,Spinning Slash,0,0,0
8070900,Monk's Flameblade,Cold,11,Curved Greatsword,SaberLarge,0.93,slash,slash,128,102,0,0,0,0.33,0.46,0.4,0,0,18,18,0,0,0,900,10000,0,4,0,0,0,6,6,6,6,103,Spinning Slash,0,0,0
8071000,Monk's Flameblade,Poison,11,Curved Greatsword,SaberLarge,0.93,slash,slash,128,0,0,0,0,0.35,0.49,0,0,0.3,18,18,0,0,0,1000,10013,0,0,0,0,0,6,6,6,6,103,Spinning Slash,0,0,0
8071100,Monk's Flameblade,Blood,11,Curved Greatsword,SaberLarge,0.93,slash,slash,128,0,0,0,0,0.35,0.49,0,0,0.3,18,18,0,0,0,1100,10013,0,0,0,0,0,6,6,6,6,103,Spinning Slash,0,0,0
8071200,Monk's Flameblade,Occult,11,Curved Greatsword,SaberLarge,0.93,slash,slash,128,0,0,0,0,0.14,0.2,0,0,0.75,18,18,0,0,0,1200,10013,7,0,0,0,0,6,6,6,6,103,Spinning Slash,0,0,0
8080000,Beastman's Cleaver,Standard,11,Curved Greatsword,SaberLarge,1.07,slash,slash,143,0,0,0,0,0.76,0,0,0,0,25,14,0,0,0,0,10000,0,0,0,0,0,6,6,6,6,103,Spinning Slash,0,0,0
8080100,Beastman's Cleaver,Heavy,11,Curved Greatsword,SaberLarge,1.07,slash,slash,137,0,0,0,0,0.66,0,0,0,0,25,14,0,0,0,6000,10000,1,0,0,0,0,6,6,6,6,103,Spinning Slash,0,0,0
8080200,Beastman's Cleaver,Keen,11,Curved Greatsword,SaberLarge,1.07,slash,slash,137,0,0,0,0,0.15,0.47,0,0,0,25,14,0,0,0,200,10000,2,0,0,0,0,6,6,6,6,103,Spinning Slash,0,0,0
8080300,Beastman's Cleaver,Quality,11,Curved Greatsword,SaberLarge,1.07,slash,slash,137,0,0,0,0,0.57,0.57,0,0,0,25,14,0,0,0,300,10000,8,0,0,0,0,6,6,6,6,103,Spinning Slash,0,0,0
8080400,Beastman's Cleaver,Fire,11,Curved Greatsword,SaberLarge,1.07,slash,slash,137,0,137,0,0,0.4,0.15,0,0,0,25,14,0,0,0,400,10005,0,0,4,0,0,6,6,6,6,103,Spinning Slash,0,0,0
8080500,Beastman's Cleaver,Flame Art,11,Curved Greatsword,SaberLarge,1.07,slash,slash,137,0,137,0,0,0.26,0,0,0.38,0,25,14,0,0,0,500,10000,0,0,4,0,0,6,6,6,6,103,Spinning Slash,0,0,0
8080600,Beastman's Cleaver,Lightning,11,Curved Greatsword,SaberLarge,1.07,slash,slash,137,0,0,137,0,0.15,0.4,0,0,0,25,14,0,0,0,600,10000,0,0,0,4,0,6,6,6,6,103,Spinning Slash,0,0,0
8080700,Beastman's Cleaver,Sacred,11,Curved Greatsword,SaberLarge,1.07,slash,slash,137,0,0,0,137,0.26,0,0,0.38,0,25,14,0,0,0,700,10000,0,0,0,0,4,6,6,6,6,103,Spinning Slash,0,0,0
8080800,Beastman's Cleaver,Magic,11,Curved Greatsword,SaberLarge,1.07,slash,slash,137,137,0,0,0,0.3,0,0.41,0,0,25,14,0,0,0,800,10000,0,4,0,0,0,6,6,6,6,103,Spinning Slash,0,0,0
8080900,Beastman's Cleaver,Cold,11,Curved Greatsword,SaberLarge,1.07,slash,slash,137,110,0,0,0,0.68,0,0.3,0,0,25,14,0,0,0,900,10000,0,4,0,0,0,6,6,6,6,103,Spinning Slash,0,0,0
8081000,Beastman's Cleaver,Poison,11,Curved Greatsword,SaberLarge,1.07,slash,slash,137,0,0,0,0,0.72,0,0,0,0.3,25,14,0,0,0,1000,10013,0,0,0,0,0,6,6,6,6,103,Spinning Slash,0,0,0
8081100,Beastman's Cleaver,Blood,11,Curved Greatsword,SaberLarge,1.07,slash,slash,137,0,0,0,0,0.72,0,0,0,0.3,25,14,0,0,0,1100,10013,0,0,0,0,0,6,6,6,6,103,Spinning Slash,0,0,0
8081200,Beastman's Cleaver,Occult,11,Curved Greatsword,SaberLarge,1.07,slash,slash,137,0,0,0,0,0.3,0,0,0,0.64,25,14,0,0,0,1200,10013,7,0,0,0,0,6,6,6,6,103,Spinning Slash,0,0,0
8100000,Morgott's Cursed Sword,Standard,11,Curved Greatsword,SaberLarge,0.95,slash,slash,120,0,0,0,0,0.15,0.6,0,0,0.3,14,35,0,0,17,2200,10013,7,0,0,0,0,6,6,6,6,1027,Cursed-Blood Slice,1,0,1
8500000,Putrescence Cleaver,Standard,19,Greataxe,AxeLarge,1.06,slash,slash,141,42,0,0,0,0.45,0.1,0,0,0.35,28,10,0,0,15,2200,10100,0,4,0,0,0,6,6,6,6,5080,Spinning Guillotine,1,0,1
8510000,Freyja's Greatsword,Standard,11,Curved Greatsword,SaberLarge,1.09,slash,slash,146,0,0,0,0,0.6,0.1,0,0,0,25,14,0,0,0,0,10000,0,0,0,0,0,6,6,6,6,103,Spinning Slash,0,0,0
8510100,Freyja's Greatsword,Heavy,11,Curved Greatsword,SaberLarge,1.09,slash,slash,140,0,0,0,0,0.6,0,0,0,0,25,14,0,0,0,6000,10000,1,0,0,0,0,6,6,6,6,103,Spinning Slash,0,0,0
8510200,Freyja's Greatsword,Keen,11,Curved Greatsword,SaberLarge,1.09,slash,slash,140,0,0,0,0,0.14,0.44,0,0,0,25,14,0,0,0,200,10000,2,0,0,0,0,6,6,6,6,103,Spinning Slash,0,0,0
8510300,Freyja's Greatsword,Quality,11,Curved Greatsword,SaberLarge,1.09,slash,slash,140,0,0,0,0,0.53,0.53,0,0,0,25,14,0,0,0,300,10000,8,0,0,0,0,6,6,6,6,103,Spinning Slash,0,0,0
8510400,Freyja's Greatsword,Fire,11,Curved Greatsword,SaberLarge,1.09,slash,slash,140,0,140,0,0,0.37,0.14,0,0,0,25,14,0,0,0,400,10005,0,0,4,0,0,6,6,6,6,103,Spinning Slash,0,0,0
8510500,Freyja's Greatsword,Flame Art,11,Curved Greatsword,SaberLarge,1.09,slash,slash,140,0,140,0,0,0.21,0.03,0,0.35,0,25,14,0,0,0,500,10000,0,0,4,0,0,6,6,6,6,103,Spinning Slash,0,0,0
8510600,Freyja's Greatsword,Lightning,11,Curved Greatsword,SaberLarge,1.09,slash,slash,140,0,0,140,0,0.14,0.37,0,0,0,25,14,0,0,0,600,10000,0,0,0,4,0,6,6,6,6,103,Spinning Slash,0,0,0
8510700,Freyja's Greatsword,Sacred,11,Curved Greatsword,SaberLarge,1.09,slash,slash,140,0,0,0,140,0.21,0.03,0,0.35,0,25,14,0,0,0,700,10000,0,0,0,0,4,6,6,6,6,103,Spinning Slash,0,0,0
8510800,Freyja's Greatsword,Magic,11,Curved Greatsword,SaberLarge,1.09,slash,slash,140,140,0,0,0,0.24,0.03,0.38,0,0,25,14,0,0,0,800,10000,0,4,0,0,0,6,6,6,6,103,Spinning Slash,0,0,0
8510900,Freyja's Greatsword,Cold,11,Curved Greatsword,SaberLarge,1.09,slash,slash,140,119,0,0,0,0.54,0.09,0.28,0,0,25,14,0,0,0,900,10000,0,4,0,0,0,6,6,6,6,103,Spinning Slash,0,0,0
8511000,Freyja's Greatsword,Poison,11,Curved Greatsword,SaberLarge,1.09,slash,slash,140,0,0,0,0,0.57,0.09,0,0,0.3,25,14,0,0,0,1000,10013,0,0,0,0,0,6,6,6,6,103,Spinning Slash,0,0,0
8511100,Freyja's Greatsword,Blood,11,Curved Greatsword,SaberLarge,1.09,slash,slash,140,0,0,0,0,0.57,0.09,0,0,0.3,25,14,0,0,0,1100,10013,0,0,0,0,0,6,6,6,6,103,Spinning Slash,0,0,0
8511200,Freyja's Greatsword,Occult,11,Curved Greatsword,SaberLarge,1.09,slash,slash,140,0,0,0,0,0.24,0.04,0,0,0.59,25,14,0,0,0,1200,10013,7,0,0,0,0,6,6,6,6,103,Spinning Slash,0,0,0
8520000,Horned Warrior's Greatsword,Standard,11,Curved Greatsword,SaberLarge,1.075,slash,slash,130,0,0,0,0,0.51,0.25,0,0.25,0,19,16,0,13,0,2200,12000,0,0,0,0,0,6,6,6,6,5540,Horn Calling: Storm,1,0,1
8530000,Hefty Scimitar,Standard,11,Curved Greatsword,SaberLarge,1,slash,slash,135,0,0,0,0,0.52,0.32,0,0,0,13,11,0,0,0,0,10000,0,0,0,0,0,6,6,6,6,103,Spinning Slash,0,0,0
8530100,Hefty Scimitar,Heavy,11,Curved Greatsword,SaberLarge,1,slash,slash,130,0,0,0,0,0.52,0,0,0,0,13,11,0,0,0,100,10000,1,0,0,0,0,6,6,6,6,103,Spinning Slash,0,0,0
8530200,Hefty Scimitar,Keen,11,Curved Greatsword,SaberLarge,1,slash,slash,130,0,0,0,0,0.11,0.51,0,0,0,13,11,0,0,0,200,10000,2,0,0,0,0,6,6,6,6,103,Spinning Slash,0,0,0
8530300,Hefty Scimitar,Quality,11,Curved Greatsword,SaberLarge,1,slash,slash,130,0,0,0,0,0.57,0.57,0,0,0,13,11,0,0,0,300,10000,8,0,0,0,0,6,6,6,6,103,Spinning Slash,0,0,0
8530400,Hefty Scimitar,Fire,11,Curved Greatsword,SaberLarge,1,slash,slash,130,0,130,0,0,0.4,0.11,0,0,0,13,11,0,0,0,400,10005,0,0,4,0,0,6,6,6,6,103,Spinning Slash,0,0,0
8530500,Hefty Scimitar,Flame Art,11,Curved Greatsword,SaberLarge,1,slash,slash,130,0,130,0,0,0.1,0.06,0,0.39,0,13,11,0,0,0,500,10000,0,0,4,0,0,6,6,6,6,103,Spinning Slash,0,0,0
8530600,Hefty Scimitar,Lightning,11,Curved Greatsword,SaberLarge,1,slash,slash,130,0,0,130,0,0.19,0.32,0,0,0,13,11,0,0,0,600,10000,0,0,0,4,0,6,6,6,6,103,Spinning Slash,0,0,0
8530700,Hefty Scimitar,Sacred,11,Curved Greatsword,SaberLarge,1,slash,slash,130,0,0,0,130,0.1,0.06,0,0.39,0,13,11,0,0,0,700,10000,0,0,0,0,4,6,6,6,6,103,Spinning Slash,0,0,0
8530800,Hefty Scimitar,Magic,11,Curved Greatsword,SaberLarge,1,slash,slash,130,130,0,0,0,0.14,0.11,0.42,0,0,13,11,0,0,0,800,10000,0,4,0,0,0,6,6,6,6,103,Spinning Slash,0,0,0
8530900,Hefty Scimitar,Cold,11,Curved Greatsword,SaberLarge,1,slash,slash,130,103,0,0,0,0.39,0.3,0.3,0,0,13,11,0,0,0,900,10000,0,4,0,0,0,6,6,6,6,103,Spinning Slash,0,0,0
8531000,Hefty Scimitar,Poison,11,Curved Greatsword,SaberLarge,1,slash,slash,130,0,0,0,0,0.5,0.3,0,0,0.3,13,11,0,0,0,1000,10013,0,0,0,0,0,6,6,6,6,103,Spinning Slash,0,0,0
8531100,Hefty Scimitar,Blood,11,Curved Greatsword,SaberLarge,1,slash,slash,130,0,0,0,0,0.5,0.3,0,0,0.3,13,11,0,0,0,1100,10013,0,0,0,0,0,6,6,6,6,103,Spinning Slash,0,0,0
8531200,Hefty Scimitar,Occult,11,Curved Greatsword,SaberLarge,1,slash,slash,130,0,0,0,0,0.22,0.1,0,0,0.69,13,11,0,0,0,1200,10013,7,0,0,0,0,6,6,6,6,103,Spinning Slash,0,0,0
9000000,Uchigatana,Standard,13,Katana,katana,1,slash,pierce,115,0,0,0,0,0.36,0.55,0,0,0,11,15,0,0,0,0,10000,0,0,0,0,0,6,6,6,6,114,Unsheathe,0,0,0
9000100,Uchigatana,Heavy,13,Katana,katana,1,slash,pierce,110,0,0,0,0,0.51,0,0,0,0,11,15,0,0,0,100,10000,1,0,0,0,0,6,6,6,6,114,Unsheathe,0,0,0
9000200,Uchigatana,Keen,13,Katana,katana,1,slash,pierce,110,0,0,0,0,0.09,0.51,0,0,0,11,15,0,0,0,200,10000,2,0,0,0,0,6,6,6,6,114,Unsheathe,0,0,0
9000300,Uchigatana,Quality,13,Katana,katana,1,slash,pierce,110,0,0,0,0,0.59,0.59,0,0,0,11,15,0,0,0,300,10000,8,0,0,0,0,6,6,6,6,114,Unsheathe,0,0,0
9000400,Uchigatana,Fire,13,Katana,katana,1,slash,pierce,110,0,110,0,0,0.4,0.09,0,0,0,11,15,0,0,0,400,10005,0,0,4,0,0,6,6,6,6,114,Unsheathe,0,0,0
9000500,Uchigatana,Flame Art,13,Katana,katana,1,slash,pierce,110,0,110,0,0,0.07,0.11,0,0.47,0,11,15,0,0,0,500,10000,0,0,4,0,0,6,6,6,6,114,Unsheathe,0,0,0
9000600,Uchigatana,Lightning,13,Katana,katana,1,slash,pierce,110,0,0,110,0,0.09,0.4,0,0,0,11,15,0,0,0,600,10000,0,0,0,4,0,6,6,6,6,114,Unsheathe,0,0,0
9000700,Uchigatana,Sacred,13,Katana,katana,1,slash,pierce,110,0,0,0,110,0.07,0.11,0,0.47,0,11,15,0,0,0,700,10000,0,0,0,0,4,6,6,6,6,114,Unsheathe,0,0,0
9000800,Uchigatana,Magic,13,Katana,katana,1,slash,pierce,110,110,0,0,0,0.05,0.08,0.48,0,0,11,15,0,0,0,800,10000,0,4,0,0,0,6,6,6,6,114,Unsheathe,0,0,0
9000900,Uchigatana,Cold,13,Katana,katana,1,slash,pierce,110,88,0,0,0,0.32,0.49,0.4,0,0,11,15,0,0,0,900,10000,0,4,0,0,0,6,6,6,6,114,Unsheathe,0,0,0
9001000,Uchigatana,Poison,13,Katana,katana,1,slash,pierce,110,0,0,0,0,0.32,0.49,0,0,0.3,11,15,0,0,0,1000,10013,0,0,0,0,0,6,6,6,6,114,Unsheathe,0,0,0
9001100,Uchigatana,Blood,13,Katana,katana,1,slash,pierce,110,0,0,0,0,0.32,0.49,0,0,0.3,11,15,0,0,0,1100,10013,0,0,0,0,0,6,6,6,6,114,Unsheathe,0,0,0
9001200,Uchigatana,Occult,13,Katana,katana,1,slash,pierce,110,0,0,0,0,0.14,0.22,0,0,0.77,11,15,0,0,0,1200,10013,7,0,0,0,0,6,6,6,6,114,Unsheathe,0,0,0
9010000,Nagakiba,Standard,13,Katana,katana,1.14,slash,pierce,115,0,0,0,0,0.27,0.6,0,0,0,18,22,0,0,0,0,10000,0,0,0,0,0,6,6,6,6,114,Unsheathe,0,0,0
9010100,Nagakiba,Heavy,13,Katana,katana,1.14,slash,pierce,110,0,0,0,0,0.49,0,0,0,0,18,22,0,0,0,100,10000,1,0,0,0,0,6,6,6,6,114,Unsheathe,0,0,0
9010200,Nagakiba,Keen,13,Katana,katana,1.14,slash,pierce,110,0,0,0,0,0.08,0.64,0,0,0,18,22,0,0,0,5000,10000,2,0,0,0,0,6,6,6,6,114,Unsheathe,0,0,0
9010300,Nagakiba,Quality,13,Katana,katana,1.14,slash,pierce,110,0,0,0,0,0.56,0.56,0,0,0,18,22,0,0,0,300,10000,8,0,0,0,0,6,6,6,6,114,Unsheathe,0,0,0
9010400,Nagakiba,Fire,13,Katana,katana,1.14,slash,pierce,110,0,110,0,0,0.37,0.08,0,0,0,18,22,0,0,0,400,10005,0,0,4,0,0,6,6,6,6,114,Unsheathe,0,0,0
9010500,Nagakiba,Flame Art,13,Katana,katana,1.14,slash,pierce,110,0,110,0,0,0.05,0.12,0,0.44,0,18,22,0,0,0,500,10000,0,0,4,0,0,6,6,6,6,114,Unsheathe,0,0,0
9010600,Nagakiba,Lightning,13,Katana,katana,1.14,slash,pierce,110,0,0,110,0,0.08,0.37,0,0,0,18,22,0,0,0,600,10000,0,0,0,4,0,6,6,6,6,114,Unsheathe,0,0,0
9010700,Nagakiba,Sacred,13,Katana,katana,1.14,slash,pierce,110,0,0,0,110,0.05,0.12,0,0.44,0,18,22,0,0,0,700,10000,0,0,0,0,4,6,6,6,6,114,Unsheathe,0,0,0
9010800,Nagakiba,Magic,13,Katana,katana,1.14,slash,pierce,110,110,0,0,0,0.04,0.09,0.45,0,0,18,22,0,0,0,800,10000,0,4,0,0,0,6,6,6,6,114,Unsheathe,0,0,0
9010900,Nagakiba,Cold,13,Katana,katana,1.14,slash,pierce,110,88,0,0,0,0.24,0.54,0.34,0,0,18,22,0,0,0,900,10000,0,4,0,0,0,6,6,6,6,114,Unsheathe,0,0,0
9011000,Nagakiba,Poison,13,Katana,katana,1.14,slash,pierce,110,0,0,0,0,0.24,0.54,0,0,0.3,18,22,0,0,0,1000,10013,0,0,0,0,0,6,6,6,6,114,Unsheathe,0,0,0
9011100,Nagakiba,Blood,13,Katana,katana,1.14,slash,pierce,110,0,0,0,0,0.24,0.54,0,0,0.3,18,22,0,0,0,1100,10013,0,0,0,0,0,6,6,6,6,114,Unsheathe,0,0,0
9011200,Nagakiba,Occult,13,Katana,katana,1.14,slash,pierce,110,0,0,0,0,0.1,0.24,0,0,0.73,18,22,0,0,0,1200,10013,7,0,0,0,0,6,6,6,6,114,Unsheathe,0,0,0
9020000,Hand of Malenia,Standard,13,Katana,katana,1.14,slash,pierce,117,0,0,0,0,0.05,0.75,0,0,0,16,48,0,0,0,2200,10000,0,0,0,0,0,6,6,6,6,1028,Waterfowl Dance,1,0,1
9030000,Meteoric Ore Blade,Standard,13,Katana,katana,1.035,slash,pierce,112,72,0,0,0,0.45,0.17,0.36,0,0,15,14,18,0,0,2200,10000,0,4,0,0,0,6,6,6,6,209,Gravitas,1,0,1
9040000,Rivers of Blood,Standard,13,Katana,katana,1.07,slash,pierce,76,0,76,0,0,0.1,0.5,0,0,0.33,12,18,0,0,20,2200,10100,7,0,4,0,0,6,6,6,6,1177,Corpse Piler,1,0,1
9060000,Moonveil,Standard,13,Katana,katana,1.07,slash,pierce,73,87,0,0,0,0.12,0.5,0.6,0,0,12,18,23,0,0,2200,10000,0,4,0,0,0,6,6,6,6,1178,Transient Moonlight,1,0,1
9070000,Dragonscale Blade,Standard,13,Katana,katana,1,slash,pierce,110,0,0,0,0,0.3,0.6,0,0,0,12,20,0,0,0,2200,10000,0,0,0,4,0,6,6,6,6,1043,Ice Lightning Sword,1,0,1
9080000,Serpentbone Blade,Standard,13,Katana,katana,1.04,slash,pierce,120,0,0,0,0,0.1,0.75,0,0,0,11,22,0,0,0,0,10000,0,0,0,0,0,6,6,6,6,112,Double Slash,1,0,0
9500000,Sword of Night,Standard,13,Katana,katana,1.075,slash,pierce,110,33,0,0,0,0,0.63,0,0,0,11,20,0,0,0,2200,20010000,0,4,0,0,0,6,6,6,6,5260,Witching Hour Slash,1,0,1
10000000,Twinblade,Standard,14,Twinblade,SwordDoubleEdge,1,standard,pierce,119,0,0,0,0,0.35,0.43,0,0,0,10,18,0,0,0,0,10000,0,0,0,0,0,6,6,6,6,103,Spinning Slash,0,0,0
10000100,Twinblade,Heavy,14,Twinblade,SwordDoubleEdge,1,standard,pierce,114,0,0,0,0,0.45,0,0,0,0,10,18,0,0,0,100,10000,1,0,0,0,0,6,6,6,6,103,Spinning Slash,0,0,0
10000200,Twinblade,Keen,14,Twinblade,SwordDoubleEdge,1,standard,pierce,114,0,0,0,0,0.15,0.43,0,0,0,10,18,0,0,0,200,10000,2,0,0,0,0,6,6,6,6,103,Spinning Slash,0,0,0
10000300,Twinblade,Quality,14,Twinblade,SwordDoubleEdge,1,standard,pierce,114,0,0,0,0,0.54,0.54,0,0,0,10,18,0,0,0,300,10000,8,0,0,0,0,6,6,6,6,103,Spinning Slash,0,0,0
10000400,Twinblade,Fire,14,Twinblade,SwordDoubleEdge,1,standard,pierce,114,0,114,0,0,0.33,0.11,0,0,0,10,18,0,0,0,400,10005,0,0,4,0,0,6,6,6,6,103,Spinning Slash,0,0,0
10000500,Twinblade,Flame Art,14,Twinblade,SwordDoubleEdge,1,standard,pierce,114,0,114,0,0,0.1,0.12,0,0.34,0,10,18,0,0,0,500,10000,0,0,4,0,0,6,6,6,6,103,Spinning Slash,0,0,0
10000600,Twinblade,Lightning,14,Twinblade,SwordDoubleEdge,1,standard,pierce,114,0,0,114,0,0.11,0.33,0,0,0,10,18,0,0,0,600,10000,0,0,0,4,0,6,6,6,6,103,Spinning Slash,0,0,0
10000700,Twinblade,Sacred,14,Twinblade,SwordDoubleEdge,1,standard,pierce,114,0,0,0,114,0.1,0.12,0,0.34,0,10,18,0,0,0,700,10000,0,0,0,0,4,6,6,6,6,103,Spinning Slash,0,0,0
10000800,Twinblade,Magic,14,Twinblade,SwordDoubleEdge,1,standard,pierce,114,114,0,0,0,0.1,0.12,0.35,0,0,10,18,0,0,0,800,10000,0,4,0,0,0,6,6,6,6,103,Spinning Slash,0,0,0
10000900,Twinblade,Cold,14,Twinblade,SwordDoubleEdge,1,standard,pierce,114,91,0,0,0,0.31,0.38,0.31,0,0,10,18,0,0,0,900,10000,0,4,0,0,0,6,6,6,6,103,Spinning Slash,0,0,0
10001000,Twinblade,Poison,14,Twinblade,SwordDoubleEdge,1,standard,pierce,114,0,0,0,0,0.31,0.38,0,0,0.3,10,18,0,0,0,1000,10013,0,0,0,0,0,6,6,6,6,103,Spinning Slash,0,0,0
10001100,Twinblade,Blood,14,Twinblade,SwordDoubleEdge,1,standard,pierce,114,0,0,0,0,0.31,0.38,0,0,0.3,10,18,0,0,0,1100,10013,0,0,0,0,0,6,6,6,6,103,Spinning Slash,0,0,0
10001200,Twinblade,Occult,14,Twinblade,SwordDoubleEdge,1,standard,pierce,114,0,0,0,0,0.14,0.17,0,0,0.66,10,18,0,0,0,1200,10013,7,0,0,0,0,6,6,6,6,103,Spinning Slash,0,0,0
10010000,Godskin Peeler,Standard,14,Twinblade,SwordDoubleEdge,1.07,standard,pierce,121,0,0,0,0,0.19,0.6,0,0,0,17,22,0,0,0,0,10000,0,0,0,0,0,6,6,6,6,221,Black Flame Tornado,0,0,0
10010100,Godskin Peeler,Heavy,14,Twinblade,SwordDoubleEdge,1.07,standard,pierce,116,0,0,0,0,0.45,0,0,0,0,17,22,0,0,0,100,10000,1,0,0,0,0,6,6,6,6,221,Black Flame Tornado,0,0,0
10010200,Godskin Peeler,Keen,14,Twinblade,SwordDoubleEdge,1.07,standard,pierce,116,0,0,0,0,0.15,0.59,0,0,0,17,22,0,0,0,5000,10000,2,0,0,0,0,6,6,6,6,221,Black Flame Tornado,0,0,0
10010300,Godskin Peeler,Quality,14,Twinblade,SwordDoubleEdge,1.07,standard,pierce,116,0,0,0,0,0.52,0.52,0,0,0,17,22,0,0,0,300,10000,8,0,0,0,0,6,6,6,6,221,Black Flame Tornado,0,0,0
10010400,Godskin Peeler,Fire,14,Twinblade,SwordDoubleEdge,1.07,standard,pierce,116,0,116,0,0,0.33,0.11,0,0,0,17,22,0,0,0,400,10005,0,0,4,0,0,6,6,6,6,221,Black Flame Tornado,0,0,0
10010500,Godskin Peeler,Flame Art,14,Twinblade,SwordDoubleEdge,1.07,standard,pierce,116,0,116,0,0,0.05,0.18,0,0.31,0,17,22,0,0,0,500,10000,0,0,4,0,0,6,6,6,6,221,Black Flame Tornado,0,0,0
10010600,Godskin Peeler,Lightning,14,Twinblade,SwordDoubleEdge,1.07,standard,pierce,116,0,0,116,0,0.11,0.33,0,0,0,17,22,0,0,0,600,10000,0,0,0,4,0,6,6,6,6,221,Black Flame Tornado,0,0,0
10010700,Godskin Peeler,Sacred,14,Twinblade,SwordDoubleEdge,1.07,standard,pierce,116,0,0,0,116,0.05,0.18,0,0.31,0,17,22,0,0,0,700,10000,0,0,0,0,4,6,6,6,6,221,Black Flame Tornado,0,0,0
10010800,Godskin Peeler,Magic,14,Twinblade,SwordDoubleEdge,1.07,standard,pierce,116,116,0,0,0,0.05,0.18,0.35,0,0,17,22,0,0,0,800,10000,0,4,0,0,0,6,6,6,6,221,Black Flame Tornado,0,0,0
10010900,Godskin Peeler,Cold,14,Twinblade,SwordDoubleEdge,1.07,standard,pierce,116,93,0,0,0,0.17,0.54,0.27,0,0,17,22,0,0,0,900,10000,0,4,0,0,0,6,6,6,6,221,Black Flame Tornado,0,0,0
10011000,Godskin Peeler,Poison,14,Twinblade,SwordDoubleEdge,1.07,standard,pierce,116,0,0,0,0,0.17,0.54,0,0,0.3,17,22,0,0,0,1000,10013,0,0,0,0,0,6,6,6,6,221,Black Flame Tornado,0,0,0
10011100,Godskin Peeler,Blood,14,Twinblade,SwordDoubleEdge,1.07,standard,pierce,116,0,0,0,0,0.17,0.54,0,0,0.3,17,22,0,0,0,1100,10013,0,0,0,0,0,6,6,6,6,221,Black Flame Tornado,0,0,0
10011200,Godskin Peeler,Occult,14,Twinblade,SwordDoubleEdge,1.07,standard,pierce,116,0,0,0,0,0.07,0.24,0,0,0.67,17,22,0,0,0,1200,10013,7,0,0,0,0,6,6,6,6,221,Black Flame Tornado,0,0,0
10030000,Twinned Knight Swords,Standard,14,Twinblade,SwordDoubleEdge,1.03,standard,pierce,122,0,0,0,0,0.54,0.24,0,0,0,16,18,0,0,0,0,10000,0,0,0,0,0,6,6,6,6,103,Spinning Slash,0,0,0
10030100,Twinned Knight Swords,Heavy,14,Twinblade,SwordDoubleEdge,1.03,standard,pierce,117,0,0,0,0,0.48,0,0,0,0,16,18,0,0,0,100,10000,1,0,0,0,0,6,6,6,6,103,Spinning Slash,0,0,0
10030200,Twinned Knight Swords,Keen,14,Twinblade,SwordDoubleEdge,1.03,standard,pierce,117,0,0,0,0,0.15,0.42,0,0,0,16,18,0,0,0,200,10000,2,0,0,0,0,6,6,6,6,103,Spinning Slash,0,0,0
10030300,Twinned Knight Swords,Quality,14,Twinblade,SwordDoubleEdge,1.03,standard,pierce,117,0,0,0,0,0.54,0.54,0,0,0,16,18,0,0,0,300,10000,8,0,0,0,0,6,6,6,6,103,Spinning Slash,0,0,0
10030400,Twinned Knight Swords,Fire,14,Twinblade,SwordDoubleEdge,1.03,standard,pierce,117,0,117,0,0,0.33,0.11,0,0,0,16,18,0,0,0,400,10005,0,0,4,0,0,6,6,6,6,103,Spinning Slash,0,0,0
10030500,Twinned Knight Swords,Flame Art,14,Twinblade,SwordDoubleEdge,1.03,standard,pierce,117,0,117,0,0,0.16,0.07,0,0.31,0,16,18,0,0,0,500,10000,0,0,4,0,0,6,6,6,6,103,Spinning Slash,0,0,0
10030600,Twinned Knight Swords,Lightning,14,Twinblade,SwordDoubleEdge,1.03,standard,pierce,117,0,0,117,0,0.11,0.33,0,0,0,16,18,0,0,0,600,10000,0,0,0,4,0,6,6,6,6,103,Spinning Slash,0,0,0
10030700,Twinned Knight Swords,Sacred,14,Twinblade,SwordDoubleEdge,1.03,standard,pierce,117,0,0,0,117,0.16,0.07,0,0.31,0,16,18,0,0,0,700,10000,0,0,0,0,4,6,6,6,6,103,Spinning Slash,0,0,0
10030800,Twinned Knight Swords,Magic,14,Twinblade,SwordDoubleEdge,1.03,standard,pierce,117,117,0,0,0,0.16,0.07,0.34,0,0,16,18,0,0,0,800,10000,0,4,0,0,0,6,6,6,6,103,Spinning Slash,0,0,0
10030900,Twinned Knight Swords,Cold,14,Twinblade,SwordDoubleEdge,1.03,standard,pierce,117,94,0,0,0,0.48,0.21,0.27,0,0,16,18,0,0,0,900,10000,0,4,0,0,0,6,6,6,6,103,Spinning Slash,0,0,0
10031000,Twinned Knight Swords,Poison,14,Twinblade,SwordDoubleEdge,1.03,standard,pierce,117,0,0,0,0,0.48,0.21,0,0,0.3,16,18,0,0,0,1000,10013,0,0,0,0,0,6,6,6,6,103,Spinning Slash,0,0,0
10031100,Twinned Knight Swords,Blood,14,Twinblade,SwordDoubleEdge,1.03,standard,pierce,117,0,0,0,0,0.48,0.21,0,0,0.3,16,18,0,0,0,1100,10013,0,0,0,0,0,6,6,6,6,103,Spinning Slash,0,0,0
10031200,Twinned Knight Swords,Occult,14,Twinblade,SwordDoubleEdge,1.03,standard,pierce,117,0,0,0,0,0.21,0.09,0,0,0.66,16,18,0,0,0,1200,10013,7,0,0,0,0,6,6,6,6,103,Spinning Slash,0,0,0
10050000,Eleonora's Poleblade,Standard,14,Twinblade,SwordDoubleEdge,0.97,standard,pierce,72,0,72,0,0,0.1,0.4,0,0,0.3,12,21,0,0,19,2200,10100,7,0,4,0,0,6,6,6,6,1179,Bloodblade Dance,1,0,1
10080000,Gargoyle's Twinblade,Standard,14,Twinblade,SwordDoubleEdge,1.005,standard,pierce,123,0,0,0,0,0.66,0.1,0,0,0,18,15,0,0,0,0,10000,0,0,0,0,0,6,6,6,6,103,Spinning Slash,0,0,0
10080100,Gargoyle's Twinblade,Heavy,14,Twinblade,SwordDoubleEdge,1.005,standard,pierce,118,0,0,0,0,0.61,0,0,0,0,18,15,0,0,0,6000,10000,1,0,0,0,0,6,6,6,6,103,Spinning Slash,0,0,0
10080200,Gargoyle's Twinblade,Keen,14,Twinblade,SwordDoubleEdge,1.005,standard,pierce,118,0,0,0,0,0.3,0.41,0,0,0,18,15,0,0,0,200,10000,2,0,0,0,0,6,6,6,6,103,Spinning Slash,0,0,0
10080300,Gargoyle's Twinblade,Quality,14,Twinblade,SwordDoubleEdge,1.005,standard,pierce,118,0,0,0,0,0.53,0.53,0,0,0,18,15,0,0,0,300,10000,8,0,0,0,0,6,6,6,6,103,Spinning Slash,0,0,0
10080400,Gargoyle's Twinblade,Fire,14,Twinblade,SwordDoubleEdge,1.005,standard,pierce,118,0,118,0,0,0.36,0.07,0,0,0,18,15,0,0,0,400,10005,0,0,4,0,0,6,6,6,6,103,Spinning Slash,0,0,0
10080500,Gargoyle's Twinblade,Flame Art,14,Twinblade,SwordDoubleEdge,1.005,standard,pierce,118,0,118,0,0,0.26,0.04,0,0.31,0,18,15,0,0,0,500,10000,0,0,4,0,0,6,6,6,6,103,Spinning Slash,0,0,0
10080600,Gargoyle's Twinblade,Lightning,14,Twinblade,SwordDoubleEdge,1.005,standard,pierce,118,0,0,118,0,0.07,0.36,0,0,0,18,15,0,0,0,600,10000,0,0,0,4,0,6,6,6,6,103,Spinning Slash,0,0,0
10080700,Gargoyle's Twinblade,Sacred,14,Twinblade,SwordDoubleEdge,1.005,standard,pierce,118,0,0,0,118,0.26,0.04,0,0.31,0,18,15,0,0,0,700,10000,0,0,0,0,4,6,6,6,6,103,Spinning Slash,0,0,0
10080800,Gargoyle's Twinblade,Magic,14,Twinblade,SwordDoubleEdge,1.005,standard,pierce,118,118,0,0,0,0.26,0.04,0.38,0,0,18,15,0,0,0,800,10000,0,4,0,0,0,6,6,6,6,103,Spinning Slash,0,0,0
10080900,Gargoyle's Twinblade,Cold,14,Twinblade,SwordDoubleEdge,1.005,standard,pierce,118,94,0,0,0,0.59,0.09,0.3,0,0,18,15,0,0,0,900,10000,0,4,0,0,0,6,6,6,6,103,Spinning Slash,0,0,0
10081000,Gargoyle's Twinblade,Poison,14,Twinblade,SwordDoubleEdge,1.005,standard,pierce,118,0,0,0,0,0.62,0.09,0,0,0.3,18,15,0,0,0,1000,10013,0,0,0,0,0,6,6,6,6,103,Spinning Slash,0,0,0
10081100,Gargoyle's Twinblade,Blood,14,Twinblade,SwordDoubleEdge,1.005,standard,pierce,118,0,0,0,0,0.62,0.09,0,0,0.3,18,15,0,0,0,1100,10013,0,0,0,0,0,6,6,6,6,103,Spinning Slash,0,0,0
10081200,Gargoyle's Twinblade,Occult,14,Twinblade,SwordDoubleEdge,1.005,standard,pierce,118,0,0,0,0,0.26,0.04,0,0,0.64,18,15,0,0,0,1200,10013,7,0,0,0,0,6,6,6,6,103,Spinning Slash,0,0,0
10090000,Gargoyle's Black Blades,Standard,14,Twinblade,SwordDoubleEdge,1.005,standard,pierce,81,0,0,0,97,0.66,0.1,0,0.25,0,18,15,0,22,0,2200,10000,0,0,0,0,4,6,6,6,6,103,Spinning Slash,0,0,1
10500000,Euporia,Standard,14,Twinblade,SwordDoubleEdge,1.045,standard,pierce,84,0,0,0,100,0.25,0.25,0,0.5,0,16,16,0,24,0,2200,10000,0,0,0,0,0,6,6,6,6,5270,Euporia Vortex,1,0,1
10510000,Black Steel Twinblade,Standard,14,Twinblade,SwordDoubleEdge,1.07,standard,pierce,112,0,0,0,33,0.25,0.55,0,0.3,0,18,15,0,13,0,0,10000,0,0,0,0,0,6,6,6,6,103,Spinning Slash,0,0,0
10510100,Black Steel Twinblade,Heavy,14,Twinblade,SwordDoubleEdge,1.07,standard,pierce,107,0,0,0,33,0.46,0,0,0.3,0,18,15,0,13,0,100,10000,1,0,0,0,0,6,6,6,6,103,Spinning Slash,0,0,0
10510200,Black Steel Twinblade,Keen,14,Twinblade,SwordDoubleEdge,1.07,standard,pierce,107,0,0,0,33,0.22,0.42,0,0.3,0,18,15,0,13,0,200,10000,2,0,0,0,0,6,6,6,6,103,Spinning Slash,0,0,0
10510300,Black Steel Twinblade,Quality,14,Twinblade,SwordDoubleEdge,1.07,standard,pierce,107,0,0,0,33,0.56,0.56,0,0.3,0,18,15,0,13,0,300,10000,8,0,0,0,0,6,6,6,6,103,Spinning Slash,0,0,0
10510400,Black Steel Twinblade,Fire,14,Twinblade,SwordDoubleEdge,1.07,standard,pierce,107,0,107,0,33,0.35,0.11,0,0.16,0,18,15,0,13,0,400,10005,0,0,4,0,0,6,6,6,6,103,Spinning Slash,0,0,0
10510500,Black Steel Twinblade,Flame Art,14,Twinblade,SwordDoubleEdge,1.07,standard,pierce,107,0,107,0,33,0.07,0.16,0,0.38,0,18,15,0,13,0,500,10000,0,0,4,0,0,6,6,6,6,103,Spinning Slash,0,0,0
10510600,Black Steel Twinblade,Lightning,14,Twinblade,SwordDoubleEdge,1.07,standard,pierce,107,0,0,107,33,0.11,0.33,0,0.3,0,18,15,0,13,0,600,10000,0,0,0,4,0,6,6,6,6,103,Spinning Slash,0,0,0
10510700,Black Steel Twinblade,Sacred,14,Twinblade,SwordDoubleEdge,1.07,standard,pierce,107,0,0,0,132,0.07,0.16,0,0.33,0,18,15,0,13,0,700,10000,0,0,0,0,4,6,6,6,6,103,Spinning Slash,0,0,0
10510800,Black Steel Twinblade,Magic,14,Twinblade,SwordDoubleEdge,1.07,standard,pierce,107,107,0,0,33,0.05,0.11,0.38,0.3,0,18,15,0,13,0,800,10000,0,4,0,0,0,6,6,6,6,103,Spinning Slash,0,0,0
10510900,Black Steel Twinblade,Cold,14,Twinblade,SwordDoubleEdge,1.07,standard,pierce,107,91,0,0,33,0.2,0.44,0.33,0.3,0,18,15,0,13,0,900,10000,0,4,0,0,0,6,6,6,6,103,Spinning Slash,0,0,0
10511000,Black Steel Twinblade,Poison,14,Twinblade,SwordDoubleEdge,1.07,standard,pierce,107,0,0,0,33,0.23,0.52,0,0.3,0.3,18,15,0,13,0,1000,10013,0,0,0,0,0,6,6,6,6,103,Spinning Slash,0,0,0
10511100,Black Steel Twinblade,Blood,14,Twinblade,SwordDoubleEdge,1.07,standard,pierce,107,0,0,0,33,0.23,0.52,0,0.3,0.3,18,15,0,13,0,1100,10013,0,0,0,0,0,6,6,6,6,103,Spinning Slash,0,0,0
10511200,Black Steel Twinblade,Occult,14,Twinblade,SwordDoubleEdge,1.07,standard,pierce,107,0,0,0,33,0.05,0.11,0,0.08,0.73,18,15,0,13,0,1200,10013,7,0,0,0,0,6,6,6,6,103,Spinning Slash,0,0,0
11000000,Mace,Standard,21,Hammer,HammerNormal,1,strike,strike,115,0,0,0,0,0.55,0.35,0,0,0,12,7,0,0,0,0,10000,0,0,0,0,0,6,6,6,6,503,Kick,0,0,0
11000100,Mace,Heavy,21,Hammer,HammerNormal,1,strike,strike,110,0,0,0,0,0.54,0,0,0,0,12,7,0,0,0,100,10000,1,0,0,0,0,6,6,6,6,503,Kick,0,0,0
11000200,Mace,Keen,21,Hammer,HammerNormal,1,strike,strike,110,0,0,0,0,0.09,0.49,0,0,0,12,7,0,0,0,200,10000,2,0,0,0,0,6,6,6,6,503,Kick,0,0,0
11000300,Mace,Quality,21,Hammer,HammerNormal,1,strike,strike,110,0,0,0,0,0.61,0.61,0,0,0,12,7,0,0,0,300,10000,8,0,0,0,0,6,6,6,6,503,Kick,0,0,0
11000400,Mace,Fire,21,Hammer,HammerNormal,1,strike,strike,110,0,110,0,0,0.38,0.09,0,0,0,12,7,0,0,0,400,10005,0,0,4,0,0,6,6,6,6,503,Kick,0,0,0
11000500,Mace,Flame Art,21,Hammer,HammerNormal,1,strike,strike,110,0,110,0,0,0.11,0.07,0,0.45,0,12,7,0,0,0,500,10000,0,0,4,0,0,6,6,6,6,503,Kick,0,0,0
11000600,Mace,Lightning,21,Hammer,HammerNormal,1,strike,strike,110,0,0,110,0,0.09,0.38,0,0,0,12,7,0,0,0,600,10000,0,0,0,4,0,6,6,6,6,503,Kick,0,0,0
11000700,Mace,Sacred,21,Hammer,HammerNormal,1,strike,strike,110,0,0,0,110,0.11,0.07,0,0.45,0,12,7,0,0,0,700,10000,0,0,0,0,4,6,6,6,6,503,Kick,0,0,0
11000800,Mace,Magic,21,Hammer,HammerNormal,1,strike,strike,110,110,0,0,0,0.08,0.05,0.45,0,0,12,7,0,0,0,800,10000,0,4,0,0,0,6,6,6,6,503,Kick,0,0,0
11000900,Mace,Cold,21,Hammer,HammerNormal,1,strike,strike,110,88,0,0,0,0.49,0.31,0.45,0,0,12,7,0,0,0,900,10000,0,4,0,0,0,6,6,6,6,503,Kick,0,0,0
11001000,Mace,Poison,21,Hammer,HammerNormal,1,strike,strike,110,0,0,0,0,0.49,0.31,0,0,0.3,12,7,0,0,0,1000,10013,0,0,0,0,0,6,6,6,6,503,Kick,0,0,0
11001100,Mace,Blood,21,Hammer,HammerNormal,1,strike,strike,110,0,0,0,0,0.49,0.31,0,0,0.3,12,7,0,0,0,1100,10013,0,0,0,0,0,6,6,6,6,503,Kick,0,0,0
11001200,Mace,Occult,21,Hammer,HammerNormal,1,strike,strike,110,0,0,0,0,0.22,0.14,0,0,0.76,12,7,0,0,0,1200,10013,7,0,0,0,0,6,6,6,6,503,Kick,0,0,0
11010000,Club,Standard,21,Hammer,HammerNormal,0.955,strike,strike,103,0,0,0,0,0.75,0,0,0,0,10,0,0,0,0,0,10000,7,0,0,0,0,6,6,6,6,650,Barbaric Roar,0,0,0
11010100,Club,Heavy,21,Hammer,HammerNormal,0.955,strike,strike,98,0,0,0,0,0.57,0,0,0,0,10,0,0,0,0,100,10000,1,0,0,0,0,6,6,6,6,650,Barbaric Roar,0,0,0
11010200,Club,Keen,21,Hammer,HammerNormal,0.955,strike,strike,98,0,0,0,0,0.07,0.52,0,0,0,10,0,0,0,0,200,10000,2,0,0,0,0,6,6,6,6,650,Barbaric Roar,0,0,0
11010300,Club,Quality,21,Hammer,HammerNormal,0.955,strike,strike,98,0,0,0,0,0.61,0.61,0,0,0,10,0,0,0,0,300,10000,8,0,0,0,0,6,6,6,6,650,Barbaric Roar,0,0,0
11010400,Club,Fire,21,Hammer,HammerNormal,0.955,strike,strike,98,0,98,0,0,0.41,0.07,0,0,0,10,0,0,0,0,400,10005,0,0,4,0,0,6,6,6,6,650,Barbaric Roar,0,0,0
11010500,Club,Flame Art,21,Hammer,HammerNormal,0.955,strike,strike,98,0,98,0,0,0.18,0,0,0.48,0,10,0,0,0,0,500,10000,0,0,4,0,0,6,6,6,6,650,Barbaric Roar,0,0,0
11010600,Club,Lightning,21,Hammer,HammerNormal,0.955,strike,strike,98,0,0,98,0,0.07,0.41,0,0,0,10,0,0,0,0,600,10000,0,0,0,4,0,6,6,6,6,650,Barbaric Roar,0,0,0
11010700,Club,Sacred,21,Hammer,HammerNormal,0.955,strike,strike,98,0,0,0,98,0.18,0,0,0.48,0,10,0,0,0,0,700,10000,0,0,0,0,4,6,6,6,6,650,Barbaric Roar,0,0,0
11010800,Club,Magic,21,Hammer,HammerNormal,0.955,strike,strike,98,98,0,0,0,0.3,0,0.45,0,0,10,0,0,0,0,800,10000,0,4,0,0,0,6,6,6,6,650,Barbaric Roar,0,0,0
11010900,Club,Cold,21,Hammer,HammerNormal,0.955,strike,strike,98,78,0,0,0,0.67,0,0.37,0,0,10,0,0,0,0,900,10000,0,4,0,0,0,6,6,6,6,650,Barbaric Roar,0,0,0
11011000,Club,Poison,21,Hammer,HammerNormal,0.955,strike,strike,98,0,0,0,0,0.71,0,0,0,0.3,10,0,0,0,0,1000,10013,0,0,0,0,0,6,6,6,6,650,Barbaric Roar,0,0,0
11011100,Club,Blood,21,Hammer,HammerNormal,0.955,strike,strike,98,0,0,0,0,0.71,0,0,0,0.3,10,0,0,0,0,1100,10013,0,0,0,0,0,6,6,6,6,650,Barbaric Roar,0,0,0
11011200,Club,Occult,21,Hammer,HammerNormal,0.955,strike,strike,98,0,0,0,0,0.6,0,0,0,0.71,10,0,0,0,0,1200,10013,7,0,0,0,0,6,6,6,6,650,Barbaric Roar,0,0,0
11030000,Curved Club,Standard,21,Hammer,HammerNormal,1.04,strike,strike,114,0,0,0,0,0.62,0.2,0,0,0,11,7,0,0,0,0,10000,7,0,0,0,0,6,6,6,6,650,Barbaric Roar,0,0,0
11030100,Curved Club,Heavy,21,Hammer,HammerNormal,1.04,strike,strike,109,0,0,0,0,0.68,0,0,0,0,11,7,0,0,0,6000,10000,1,0,0,0,0,6,6,6,6,650,Barbaric Roar,0,0,0
11030200,Curved Club,Keen,21,Hammer,HammerNormal,1.04,strike,strike,109,0,0,0,0,0.08,0.48,0,0,0,11,7,0,0,0,200,10000,2,0,0,0,0,6,6,6,6,650,Barbaric Roar,0,0,0
11030300,Curved Club,Quality,21,Hammer,HammerNormal,1.04,strike,strike,109,0,0,0,0,0.57,0.57,0,0,0,11,7,0,0,0,300,10000,8,0,0,0,0,6,6,6,6,650,Barbaric Roar,0,0,0
11030400,Curved Club,Fire,21,Hammer,HammerNormal,1.04,strike,strike,109,0,109,0,0,0.36,0.08,0,0,0,11,7,0,0,0,400,10005,0,0,4,0,0,6,6,6,6,650,Barbaric Roar,0,0,0
11030500,Curved Club,Flame Art,21,Hammer,HammerNormal,1.04,strike,strike,109,0,109,0,0,0.15,0.05,0,0.41,0,11,7,0,0,0,500,10000,0,0,4,0,0,6,6,6,6,650,Barbaric Roar,0,0,0
11030600,Curved Club,Lightning,21,Hammer,HammerNormal,1.04,strike,strike,109,0,0,109,0,0.08,0.36,0,0,0,11,7,0,0,0,600,10000,0,0,0,4,0,6,6,6,6,650,Barbaric Roar,0,0,0
11030700,Curved Club,Sacred,21,Hammer,HammerNormal,1.04,strike,strike,109,0,0,0,109,0.15,0.05,0,0.41,0,11,7,0,0,0,700,10000,0,0,0,0,4,6,6,6,6,650,Barbaric Roar,0,0,0
11030800,Curved Club,Magic,21,Hammer,HammerNormal,1.04,strike,strike,109,109,0,0,0,0.15,0.05,0.45,0,0,11,7,0,0,0,800,10000,0,4,0,0,0,6,6,6,6,650,Barbaric Roar,0,0,0
11030900,Curved Club,Cold,21,Hammer,HammerNormal,1.04,strike,strike,109,87,0,0,0,0.55,0.18,0.32,0,0,11,7,0,0,0,900,10000,0,4,0,0,0,6,6,6,6,650,Barbaric Roar,0,0,0
11031000,Curved Club,Poison,21,Hammer,HammerNormal,1.04,strike,strike,109,0,0,0,0,0.58,0.19,0,0,0.3,11,7,0,0,0,1000,10013,0,0,0,0,0,6,6,6,6,650,Barbaric Roar,0,0,0
11031100,Curved Club,Blood,21,Hammer,HammerNormal,1.04,strike,strike,109,0,0,0,0,0.58,0.19,0,0,0.3,11,7,0,0,0,1100,10013,0,0,0,0,0,6,6,6,6,650,Barbaric Roar,0,0,0
11031200,Curved Club,Occult,21,Hammer,HammerNormal,1.04,strike,strike,109,0,0,0,0,0.24,0.08,0,0,0.69,11,7,0,0,0,1200,10013,7,0,0,0,0,6,6,6,6,650,Barbaric Roar,0,0,0
11040000,Warpick,Standard,21,Hammer,HammerNormal,0.9,pierce,strike,108,0,0,0,0,0.41,0.41,0,0,0,11,9,0,0,0,0,10000,0,0,0,0,0,6,6,6,6,503,Kick,0,0,0
11040100,Warpick,Heavy,21,Hammer,HammerNormal,0.9,pierce,strike,103,0,0,0,0,0.47,0,0,0,0,11,9,0,0,0,100,10000,1,0,0,0,0,6,6,6,6,503,Kick,0,0,0
11040200,Warpick,Keen,21,Hammer,HammerNormal,0.9,pierce,strike,103,0,0,0,0,0.16,0.45,0,0,0,11,9,0,0,0,200,10000,2,0,0,0,0,6,6,6,6,503,Kick,0,0,0
11040300,Warpick,Quality,21,Hammer,HammerNormal,0.9,pierce,strike,103,0,0,0,0,0.54,0.54,0,0,0,11,9,0,0,0,300,10000,8,0,0,0,0,6,6,6,6,503,Kick,0,0,0
11040400,Warpick,Fire,21,Hammer,HammerNormal,0.9,pierce,strike,103,0,103,0,0,0.34,0.08,0,0,0,11,9,0,0,0,400,10005,0,0,4,0,0,6,6,6,6,503,Kick,0,0,0
11040500,Warpick,Flame Art,21,Hammer,HammerNormal,0.9,pierce,strike,103,0,103,0,0,0.08,0.08,0,0.41,0,11,9,0,0,0,500,10000,0,0,4,0,0,6,6,6,6,503,Kick,0,0,0
11040600,Warpick,Lightning,21,Hammer,HammerNormal,0.9,pierce,strike,103,0,0,103,0,0.08,0.34,0,0,0,11,9,0,0,0,600,10000,0,0,0,4,0,6,6,6,6,503,Kick,0,0,0
11040700,Warpick,Sacred,21,Hammer,HammerNormal,0.9,pierce,strike,103,0,0,0,103,0.08,0.08,0,0.41,0,11,9,0,0,0,700,10000,0,0,0,0,4,6,6,6,6,503,Kick,0,0,0
11040800,Warpick,Magic,21,Hammer,HammerNormal,0.9,pierce,strike,103,103,0,0,0,0.06,0.06,0.41,0,0,11,9,0,0,0,800,10000,0,4,0,0,0,6,6,6,6,503,Kick,0,0,0
11040900,Warpick,Cold,21,Hammer,HammerNormal,0.9,pierce,strike,103,82,0,0,0,0.36,0.36,0.36,0,0,11,9,0,0,0,900,10000,0,4,0,0,0,6,6,6,6,503,Kick,0,0,0
11041000,Warpick,Poison,21,Hammer,HammerNormal,0.9,pierce,strike,103,0,0,0,0,0.36,0.36,0,0,0.3,11,9,0,0,0,1000,10013,0,0,0,0,0,6,6,6,6,503,Kick,0,0,0
11041100,Warpick,Blood,21,Hammer,HammerNormal,0.9,pierce,strike,103,0,0,0,0,0.36,0.36,0,0,0.3,11,9,0,0,0,1100,10013,0,0,0,0,0,6,6,6,6,503,Kick,0,0,0
11041200,Warpick,Occult,21,Hammer,HammerNormal,0.9,pierce,strike,103,0,0,0,0,0.16,0.16,0,0,0.69,11,9,0,0,0,1200,10013,7,0,0,0,0,6,6,6,6,503,Kick,0,0,0
11050000,Morning Star,Standard,21,Hammer,HammerNormal,1.03,strike,pierce,118,0,0,0,0,0.47,0.37,0,0,0,12,8,0,0,0,0,10000,0,0,0,0,0,6,6,6,6,503,Kick,0,0,0
11050100,Morning Star,Heavy,21,Hammer,HammerNormal,1.03,strike,pierce,113,0,0,0,0,0.47,0,0,0,0,12,8,0,0,0,100,10000,1,0,0,0,0,6,6,6,6,503,Kick,0,0,0
11050200,Morning Star,Keen,21,Hammer,HammerNormal,1.03,strike,pierce,113,0,0,0,0,0.08,0.46,0,0,0,12,8,0,0,0,200,10000,2,0,0,0,0,6,6,6,6,503,Kick,0,0,0
11050300,Morning Star,Quality,21,Hammer,HammerNormal,1.03,strike,pierce,113,0,0,0,0,0.57,0.57,0,0,0,12,8,0,0,0,300,10000,8,0,0,0,0,6,6,6,6,503,Kick,0,0,0
11050400,Morning Star,Fire,21,Hammer,HammerNormal,1.03,strike,pierce,113,0,113,0,0,0.35,0.08,0,0,0,12,8,0,0,0,400,10005,0,0,4,0,0,6,6,6,6,503,Kick,0,0,0
11050500,Morning Star,Flame Art,21,Hammer,HammerNormal,1.03,strike,pierce,113,0,113,0,0,0.09,0.07,0,0.42,0,12,8,0,0,0,500,10000,0,0,4,0,0,6,6,6,6,503,Kick,0,0,0
11050600,Morning Star,Lightning,21,Hammer,HammerNormal,1.03,strike,pierce,113,0,0,113,0,0.08,0.35,0,0,0,12,8,0,0,0,600,10000,0,0,0,4,0,6,6,6,6,503,Kick,0,0,0
11050700,Morning Star,Sacred,21,Hammer,HammerNormal,1.03,strike,pierce,113,0,0,0,113,0.09,0.07,0,0.42,0,12,8,0,0,0,700,10000,0,0,0,0,4,6,6,6,6,503,Kick,0,0,0
11050800,Morning Star,Magic,21,Hammer,HammerNormal,1.03,strike,pierce,113,113,0,0,0,0.07,0.05,0.42,0,0,12,8,0,0,0,800,10000,0,4,0,0,0,6,6,6,6,503,Kick,0,0,0
11050900,Morning Star,Cold,21,Hammer,HammerNormal,1.03,strike,pierce,113,90,0,0,0,0.42,0.33,0.37,0,0,12,8,0,0,0,900,10000,0,4,0,0,0,6,6,6,6,503,Kick,0,0,0
11051000,Morning Star,Poison,21,Hammer,HammerNormal,1.03,strike,pierce,113,0,0,0,0,0.42,0.33,0,0,0.3,12,8,0,0,0,1000,10013,0,0,0,0,0,6,6,6,6,503,Kick,0,0,0
11051100,Morning Star,Blood,21,Hammer,HammerNormal,1.03,strike,pierce,113,0,0,0,0,0.42,0.33,0,0,0.3,12,8,0,0,0,1100,10013,0,0,0,0,0,6,6,6,6,503,Kick,0,0,0
11051200,Morning Star,Occult,21,Hammer,HammerNormal,1.03,strike,pierce,113,0,0,0,0,0.18,0.14,0,0,0.71,12,8,0,0,0,1200,10013,7,0,0,0,0,6,6,6,6,503,Kick,0,0,0
11060000,Varre's Bouquet,Standard,21,Hammer,HammerNormal,0.87,strike,strike,46,0,0,0,0,0.1,0.4,0,0,0.65,8,16,0,0,24,2200,10013,7,0,0,0,0,6,6,6,6,108,Blood Tax,1,0,1
11070000,Spiked Club,Standard,21,Hammer,HammerNormal,1.04,strike,strike,114,0,0,0,0,0.54,0.42,0,0,0,12,7,0,0,0,0,10000,0,0,0,0,0,6,6,6,6,650,Barbaric Roar,0,0,0
11070100,Spiked Club,Heavy,21,Hammer,HammerNormal,1.04,strike,strike,109,0,0,0,0,0.54,0,0,0,0,12,7,0,0,0,100,10000,1,0,0,0,0,6,6,6,6,650,Barbaric Roar,0,0,0
11070200,Spiked Club,Keen,21,Hammer,HammerNormal,1.04,strike,strike,109,0,0,0,0,0.09,0.48,0,0,0,12,7,0,0,0,200,10000,2,0,0,0,0,6,6,6,6,650,Barbaric Roar,0,0,0
11070300,Spiked Club,Quality,21,Hammer,HammerNormal,1.04,strike,strike,109,0,0,0,0,0.62,0.62,0,0,0,12,7,0,0,0,300,10000,8,0,0,0,0,6,6,6,6,650,Barbaric Roar,0,0,0
11070400,Spiked Club,Fire,21,Hammer,HammerNormal,1.04,strike,strike,109,0,109,0,0,0.41,0.09,0,0,0,12,7,0,0,0,400,10005,0,0,4,0,0,6,6,6,6,650,Barbaric Roar,0,0,0
11070500,Spiked Club,Flame Art,21,Hammer,HammerNormal,1.04,strike,strike,109,0,109,0,0,0.16,0.12,0,0.48,0,12,7,0,0,0,500,10000,0,0,4,0,0,6,6,6,6,650,Barbaric Roar,0,0,0
11070600,Spiked Club,Lightning,21,Hammer,HammerNormal,1.04,strike,strike,109,0,0,109,0,0.09,0.41,0,0,0,12,7,0,0,0,600,10000,0,0,0,4,0,6,6,6,6,650,Barbaric Roar,0,0,0
11070700,Spiked Club,Sacred,21,Hammer,HammerNormal,1.04,strike,strike,109,0,0,0,109,0.16,0.12,0,0.48,0,12,7,0,0,0,700,10000,0,0,0,0,4,6,6,6,6,650,Barbaric Roar,0,0,0
11070800,Spiked Club,Magic,21,Hammer,HammerNormal,1.04,strike,strike,109,109,0,0,0,0.16,0.12,0.48,0,0,12,7,0,0,0,800,10000,0,4,0,0,0,6,6,6,6,650,Barbaric Roar,0,0,0
11070900,Spiked Club,Cold,21,Hammer,HammerNormal,1.04,strike,strike,109,87,0,0,0,0.48,0.37,0.43,0,0,12,7,0,0,0,900,10000,0,4,0,0,0,6,6,6,6,650,Barbaric Roar,0,0,0
11071000,Spiked Club,Poison,21,Hammer,HammerNormal,1.04,strike,strike,109,0,0,0,0,0.51,0.39,0,0,0.3,12,7,0,0,0,1000,10013,0,0,0,0,0,6,6,6,6,650,Barbaric Roar,0,0,0
11071100,Spiked Club,Blood,21,Hammer,HammerNormal,1.04,strike,strike,109,0,0,0,0,0.51,0.39,0,0,0.3,12,7,0,0,0,1100,10013,0,0,0,0,0,6,6,6,6,650,Barbaric Roar,0,0,0
11071200,Spiked Club,Occult,21,Hammer,HammerNormal,1.04,strike,strike,109,0,0,0,0,0.21,0.16,0,0,0.81,12,7,0,0,0,1200,10013,7,0,0,0,0,6,6,6,6,650,Barbaric Roar,0,0,0
11080000,Hammer,Standard,21,Hammer,HammerNormal,1.17,strike,strike,124,0,0,0,0,0.6,0.25,0,0,0,14,7,0,0,0,0,10000,0,0,0,0,0,6,6,6,6,503,Kick,0,0,0
11080100,Hammer,Heavy,21,Hammer,HammerNormal,1.17,strike,strike,119,0,0,0,0,0.61,0,0,0,0,14,7,0,0,0,6000,10000,1,0,0,0,0,6,6,6,6,503,Kick,0,0,0
11080200,Hammer,Keen,21,Hammer,HammerNormal,1.17,strike,strike,119,0,0,0,0,0.08,0.45,0,0,0,14,7,0,0,0,200,10000,2,0,0,0,0,6,6,6,6,503,Kick,0,0,0
11080300,Hammer,Quality,21,Hammer,HammerNormal,1.17,strike,strike,119,0,0,0,0,0.53,0.53,0,0,0,14,7,0,0,0,300,10000,8,0,0,0,0,6,6,6,6,503,Kick,0,0,0
11080400,Hammer,Fire,21,Hammer,HammerNormal,1.17,strike,strike,119,0,119,0,0,0.36,0.08,0,0,0,14,7,0,0,0,400,10005,0,0,4,0,0,6,6,6,6,503,Kick,0,0,0
11080500,Hammer,Flame Art,21,Hammer,HammerNormal,1.17,strike,strike,119,0,119,0,0,0.18,0.07,0,0.35,0,14,7,0,0,0,500,10000,0,0,4,0,0,6,6,6,6,503,Kick,0,0,0
11080600,Hammer,Lightning,21,Hammer,HammerNormal,1.17,strike,strike,119,0,0,119,0,0.08,0.36,0,0,0,14,7,0,0,0,600,10000,0,0,0,4,0,6,6,6,6,503,Kick,0,0,0
11080700,Hammer,Sacred,21,Hammer,HammerNormal,1.17,strike,strike,119,0,0,0,119,0.18,0.07,0,0.35,0,14,7,0,0,0,700,10000,0,0,0,0,4,6,6,6,6,503,Kick,0,0,0
11080800,Hammer,Magic,21,Hammer,HammerNormal,1.17,strike,strike,119,119,0,0,0,0.18,0.07,0.39,0,0,14,7,0,0,0,800,10000,0,4,0,0,0,6,6,6,6,503,Kick,0,0,0
11080900,Hammer,Cold,21,Hammer,HammerNormal,1.17,strike,strike,119,95,0,0,0,0.54,0.22,0.34,0,0,14,7,0,0,0,900,10000,0,4,0,0,0,6,6,6,6,503,Kick,0,0,0
11081000,Hammer,Poison,21,Hammer,HammerNormal,1.17,strike,strike,119,0,0,0,0,0.57,0.23,0,0,0.3,14,7,0,0,0,1000,10013,0,0,0,0,0,6,6,6,6,503,Kick,0,0,0
11081100,Hammer,Blood,21,Hammer,HammerNormal,1.17,strike,strike,119,0,0,0,0,0.57,0.23,0,0,0.3,14,7,0,0,0,1100,10013,0,0,0,0,0,6,6,6,6,503,Kick,0,0,0
11081200,Hammer,Occult,21,Hammer,HammerNormal,1.17,strike,strike,119,0,0,0,0,0.24,0.1,0,0,0.72,14,7,0,0,0,1200,10013,7,0,0,0,0,6,6,6,6,503,Kick,0,0,0
11090000,Monk's Flamemace,Standard,21,Hammer,HammerNormal,1.14,strike,strike,126,0,0,0,0,0.2,0.6,0,0,0,13,13,0,0,0,0,10000,0,0,0,0,0,6,6,6,6,503,Kick,0,0,0
11090100,Monk's Flamemace,Heavy,21,Hammer,HammerNormal,1.14,strike,strike,120,0,0,0,0,0.43,0,0,0,0,13,13,0,0,0,100,10000,1,0,0,0,0,6,6,6,6,503,Kick,0,0,0
11090200,Monk's Flamemace,Keen,21,Hammer,HammerNormal,1.14,strike,strike,120,0,0,0,0,0.08,0.6,0,0,0,13,13,0,0,0,5000,10000,2,0,0,0,0,6,6,6,6,503,Kick,0,0,0
11090300,Monk's Flamemace,Quality,21,Hammer,HammerNormal,1.14,strike,strike,120,0,0,0,0,0.52,0.52,0,0,0,13,13,0,0,0,300,10000,8,0,0,0,0,6,6,6,6,503,Kick,0,0,0
11090400,Monk's Flamemace,Fire,21,Hammer,HammerNormal,1.14,strike,strike,120,0,120,0,0,0.34,0.08,0,0,0,13,13,0,0,0,400,10005,0,0,4,0,0,6,6,6,6,503,Kick,0,0,0
11090500,Monk's Flamemace,Flame Art,21,Hammer,HammerNormal,1.14,strike,strike,120,0,120,0,0,0.06,0.18,0,0.33,0,13,13,0,0,0,500,10000,0,0,4,0,0,6,6,6,6,503,Kick,0,0,0
11090600,Monk's Flamemace,Lightning,21,Hammer,HammerNormal,1.14,strike,strike,120,0,0,120,0,0.08,0.34,0,0,0,13,13,0,0,0,600,10000,0,0,0,4,0,6,6,6,6,503,Kick,0,0,0
11090700,Monk's Flamemace,Sacred,21,Hammer,HammerNormal,1.14,strike,strike,120,0,0,0,120,0.06,0.18,0,0.33,0,13,13,0,0,0,700,10000,0,0,0,0,4,6,6,6,6,503,Kick,0,0,0
11090800,Monk's Flamemace,Magic,21,Hammer,HammerNormal,1.14,strike,strike,120,120,0,0,0,0.06,0.18,0.37,0,0,13,13,0,0,0,800,10000,0,4,0,0,0,6,6,6,6,503,Kick,0,0,0
11090900,Monk's Flamemace,Cold,21,Hammer,HammerNormal,1.14,strike,strike,120,96,0,0,0,0.18,0.54,0.28,0,0,13,13,0,0,0,900,10000,0,4,0,0,0,6,6,6,6,503,Kick,0,0,0
11091000,Monk's Flamemace,Poison,21,Hammer,HammerNormal,1.14,strike,strike,120,0,0,0,0,0.19,0.57,0,0,0.3,13,13,0,0,0,1000,10013,0,0,0,0,0,6,6,6,6,503,Kick,0,0,0
11091100,Monk's Flamemace,Blood,21,Hammer,HammerNormal,1.14,strike,strike,120,0,0,0,0,0.19,0.57,0,0,0.3,13,13,0,0,0,1100,10013,0,0,0,0,0,6,6,6,6,503,Kick,0,0,0
11091200,Monk's Flamemace,Occult,21,Hammer,HammerNormal,1.14,strike,strike,120,0,0,0,0,0.08,0.24,0,0,0.68,13,13,0,0,0,1200,10013,7,0,0,0,0,6,6,6,6,503,Kick,0,0,0
11100000,Envoy's Horn,Standard,21,Hammer,HammerNormal,0.97,strike,strike,96,0,0,0,62,0.37,0.44,0,0.37,0,10,12,0,16,0,2200,10000,0,0,0,0,4,6,6,6,6,1003,Oracular Bubble,1,0,1
11110000,Scepter of the All-Knowing,Standard,21,Hammer,HammerNormal,1.06,strike,pierce,99,64,0,0,0,0.2,0.47,0.47,0,0,12,18,21,0,0,2200,10000,0,4,0,0,0,6,6,6,6,1182,Knowledge Above All,1,0,1
11120000,Nox Flowing Hammer,Standard,21,Hammer,HammerNormal,1.17,strike,strike,122,0,0,0,0,0.69,0.2,0,0,0,17,7,0,0,0,2200,10000,0,0,0,0,0,6,6,6,6,1035,Flowing Form,1,0,1
11130000,Ringed Finger,Standard,21,Hammer,HammerNormal,1.05,strike,strike,121,0,0,0,0,0.6,0.25,0,0,0,15,9,0,0,0,2200,10000,0,0,0,0,0,6,6,6,6,1046,Claw Flick,1,0,1
11140000,Stone Club,Standard,21,Hammer,HammerNormal,1.105,strike,strike,122,0,0,0,0,0.75,0.15,0,0,0,16,8,0,0,0,0,10000,0,0,0,0,0,6,6,6,6,503,Kick,0,0,0
11140100,Stone Club,Heavy,21,Hammer,HammerNormal,1.105,strike,strike,117,0,0,0,0,0.67,0,0,0,0,16,8,0,0,0,6000,10000,1,0,0,0,0,6,6,6,6,503,Kick,0,0,0
11140200,Stone Club,Keen,21,Hammer,HammerNormal,1.105,strike,strike,117,0,0,0,0,0.22,0.49,0,0,0,16,8,0,0,0,200,10000,2,0,0,0,0,6,6,6,6,503,Kick,0,0,0
11140300,Stone Club,Quality,21,Hammer,HammerNormal,1.105,strike,strike,117,0,0,0,0,0.61,0.61,0,0,0,16,8,0,0,0,300,10000,8,0,0,0,0,6,6,6,6,503,Kick,0,0,0
11140400,Stone Club,Fire,21,Hammer,HammerNormal,1.105,strike,strike,117,0,117,0,0,0.41,0.09,0,0,0,16,8,0,0,0,400,10005,0,0,4,0,0,6,6,6,6,503,Kick,0,0,0
11140500,Stone Club,Flame Art,21,Hammer,HammerNormal,1.105,strike,strike,117,0,117,0,0,0.22,0.04,0,0.4,0,16,8,0,0,0,500,10000,0,0,4,0,0,6,6,6,6,503,Kick,0,0,0
11140600,Stone Club,Lightning,21,Hammer,HammerNormal,1.105,strike,strike,117,0,0,117,0,0.09,0.41,0,0,0,16,8,0,0,0,600,10000,0,0,0,4,0,6,6,6,6,503,Kick,0,0,0
11140700,Stone Club,Sacred,21,Hammer,HammerNormal,1.105,strike,strike,117,0,0,0,117,0.22,0.04,0,0.4,0,16,8,0,0,0,700,10000,0,0,0,0,4,6,6,6,6,503,Kick,0,0,0
11140800,Stone Club,Magic,21,Hammer,HammerNormal,1.105,strike,strike,117,117,0,0,0,0.22,0.04,0.46,0,0,16,8,0,0,0,800,10000,0,4,0,0,0,6,6,6,6,503,Kick,0,0,0
11140900,Stone Club,Cold,21,Hammer,HammerNormal,1.105,strike,strike,117,94,0,0,0,0.67,0.13,0.31,0,0,16,8,0,0,0,900,10000,0,4,0,0,0,6,6,6,6,503,Kick,0,0,0
11141000,Stone Club,Poison,21,Hammer,HammerNormal,1.105,strike,strike,117,0,0,0,0,0.71,0.14,0,0,0.3,16,8,0,0,0,1000,10013,0,0,0,0,0,6,6,6,6,503,Kick,0,0,0
11141100,Stone Club,Blood,21,Hammer,HammerNormal,1.105,strike,strike,117,0,0,0,0,0.71,0.14,0,0,0.3,16,8,0,0,0,1100,10013,0,0,0,0,0,6,6,6,6,503,Kick,0,0,0
11141200,Stone Club,Occult,21,Hammer,HammerNormal,1.105,strike,strike,117,0,0,0,0,0.3,0.06,0,0,0.76,16,8,0,0,0,1200,10013,7,0,0,0,0,6,6,6,6,503,Kick,0,0,0
11150000,Marika's Hammer,Standard,21,Hammer,HammerNormal,1.1,strike,strike,101,0,0,0,65,0.55,0.31,0,0.4,0,20,12,0,19,0,2200,10000,0,0,0,0,4,6,6,6,6,1029,Gold Breaker,1,0,1
11500000,Flowerstone Gavel,Standard,21,Hammer,HammerNormal,1.1,pierce,pierce,121,0,0,0,0,0.39,0.25,0,0,0.39,14,8,0,0,15,2200,15000,0,0,0,0,0,6,6,6,6,5380,Flower Dragonbolt,1,0,1
12000000,Large Club,Standard,23,Great Hammer,HammerLarge,1.015,strike,strike,131,0,0,0,0,0.74,0,0,0,0,22,0,0,0,0,0,10000,0,0,0,0,0,6,6,6,6,650,Barbaric Roar,0,0,0
12000100,Large Club,Heavy,23,Great Hammer,HammerLarge,1.015,strike,strike,127,0,0,0,0,0.64,0,0,0,0,22,0,0,0,0,6000,10000,1,0,0,0,0,6,6,6,6,650,Barbaric Roar,0,0,0
12000200,Large Club,Keen,23,Great Hammer,HammerLarge,1.015,strike,strike,127,0,0,0,0,0.14,0.44,0,0,0,22,0,0,0,0,200,10000,2,0,0,0,0,6,6,6,6,650,Barbaric Roar,0,0,0
12000300,Large Club,Quality,23,Great Hammer,HammerLarge,1.015,strike,strike,127,0,0,0,0,0.56,0.56,0,0,0,22,0,0,0,0,300,10000,8,0,0,0,0,6,6,6,6,650,Barbaric Roar,0,0,0
12000400,Large Club,Fire,23,Great Hammer,HammerLarge,1.015,strike,strike,127,0,127,0,0,0.37,0.07,0,0,0,22,0,0,0,0,400,10005,0,0,4,0,0,6,6,6,6,650,Barbaric Roar,0,0,0
12000500,Large Club,Flame Art,23,Great Hammer,HammerLarge,1.015,strike,strike,127,0,127,0,0,0.22,0,0,0.35,0,22,0,0,0,0,500,10000,0,0,4,0,0,6,6,6,6,650,Barbaric Roar,0,0,0
12000600,Large Club,Lightning,23,Great Hammer,HammerLarge,1.015,strike,strike,127,0,0,127,0,0.07,0.37,0,0,0,22,0,0,0,0,600,10000,0,0,0,4,0,6,6,6,6,650,Barbaric Roar,0,0,0
12000700,Large Club,Sacred,23,Great Hammer,HammerLarge,1.015,strike,strike,127,0,0,0,127,0.22,0,0,0.35,0,22,0,0,0,0,700,10000,0,0,0,0,4,6,6,6,6,650,Barbaric Roar,0,0,0
12000800,Large Club,Magic,23,Great Hammer,HammerLarge,1.015,strike,strike,127,127,0,0,0,0.22,0,0.39,0,0,22,0,0,0,0,800,10000,0,4,0,0,0,6,6,6,6,650,Barbaric Roar,0,0,0
12000900,Large Club,Cold,23,Great Hammer,HammerLarge,1.015,strike,strike,127,95,0,0,0,0.66,0,0.33,0,0,22,0,0,0,0,900,10000,0,4,0,0,0,6,6,6,6,650,Barbaric Roar,0,0,0
12001000,Large Club,Poison,23,Great Hammer,HammerLarge,1.015,strike,strike,127,0,0,0,0,0.7,0,0,0,0.3,22,0,0,0,0,1000,10013,0,0,0,0,0,6,6,6,6,650,Barbaric Roar,0,0,0
12001100,Large Club,Blood,23,Great Hammer,HammerLarge,1.015,strike,strike,127,0,0,0,0,0.7,0,0,0,0.3,22,0,0,0,0,1100,10013,0,0,0,0,0,6,6,6,6,650,Barbaric Roar,0,0,0
12001200,Large Club,Occult,23,Great Hammer,HammerLarge,1.015,strike,strike,127,0,0,0,0,0.59,0,0,0,0.62,22,0,0,0,0,1200,10013,7,0,0,0,0,6,6,6,6,650,Barbaric Roar,0,0,0
12010000,Greathorn Hammer,Standard,23,Great Hammer,HammerLarge,1.04,strike,strike,134,0,0,0,0,0.55,0.39,0,0,0,22,10,0,0,0,0,10000,0,0,0,0,0,6,6,6,6,650,Barbaric Roar,0,0,0
12010100,Greathorn Hammer,Heavy,23,Great Hammer,HammerLarge,1.04,strike,strike,129,0,0,0,0,0.54,0,0,0,0,22,10,0,0,0,100,10000,1,0,0,0,0,6,6,6,6,650,Barbaric Roar,0,0,0
12010200,Greathorn Hammer,Keen,23,Great Hammer,HammerLarge,1.04,strike,strike,129,0,0,0,0,0.14,0.49,0,0,0,22,10,0,0,0,200,10000,2,0,0,0,0,6,6,6,6,650,Barbaric Roar,0,0,0
12010300,Greathorn Hammer,Quality,23,Great Hammer,HammerLarge,1.04,strike,strike,129,0,0,0,0,0.61,0.61,0,0,0,22,10,0,0,0,300,10000,8,0,0,0,0,6,6,6,6,650,Barbaric Roar,0,0,0
12010400,Greathorn Hammer,Fire,23,Great Hammer,HammerLarge,1.04,strike,strike,129,0,129,0,0,0.4,0.09,0,0,0,22,10,0,0,0,400,10005,0,0,4,0,0,6,6,6,6,650,Barbaric Roar,0,0,0
12010500,Greathorn Hammer,Flame Art,23,Great Hammer,HammerLarge,1.04,strike,strike,129,0,129,0,0,0.16,0.11,0,0.44,0,22,10,0,0,0,500,10000,0,0,4,0,0,6,6,6,6,650,Barbaric Roar,0,0,0
12010600,Greathorn Hammer,Lightning,23,Great Hammer,HammerLarge,1.04,strike,strike,129,0,0,129,0,0.09,0.4,0,0,0,22,10,0,0,0,600,10000,0,0,0,4,0,6,6,6,6,650,Barbaric Roar,0,0,0
12010700,Greathorn Hammer,Sacred,23,Great Hammer,HammerLarge,1.04,strike,strike,129,0,0,0,129,0.16,0.11,0,0.44,0,22,10,0,0,0,700,10000,0,0,0,0,4,6,6,6,6,650,Barbaric Roar,0,0,0
12010800,Greathorn Hammer,Magic,23,Great Hammer,HammerLarge,1.04,strike,strike,129,129,0,0,0,0.16,0.11,0.45,0,0,22,10,0,0,0,800,10000,0,4,0,0,0,6,6,6,6,650,Barbaric Roar,0,0,0
12010900,Greathorn Hammer,Cold,23,Great Hammer,HammerLarge,1.04,strike,strike,129,97,0,0,0,0.49,0.35,0,0,0,22,10,0,0,0,900,10000,0,4,0,0,0,6,6,6,6,650,Barbaric Roar,0,0,0
12011000,Greathorn Hammer,Poison,23,Great Hammer,HammerLarge,1.04,strike,strike,129,0,0,0,0,0.52,0.37,0,0,0.3,22,10,0,0,0,1000,10013,0,0,0,0,0,6,6,6,6,650,Barbaric Roar,0,0,0
12011100,Greathorn Hammer,Blood,23,Great Hammer,HammerLarge,1.04,strike,strike,129,0,0,0,0,0.52,0.37,0,0,0.3,22,10,0,0,0,1100,10013,0,0,0,0,0,6,6,6,6,650,Barbaric Roar,0,0,0
12011200,Greathorn Hammer,Occult,23,Great Hammer,HammerLarge,1.04,strike,strike,129,0,0,0,0,0.22,0.15,0,0,0.79,22,10,0,0,0,1200,10013,7,0,0,0,0,6,6,6,6,650,Barbaric Roar,0,0,0
12020000,Battle Hammer,Standard,23,Great Hammer,HammerLarge,1.01,strike,strike,131,0,0,0,0,0.79,0.14,0,0,0,26,8,0,0,0,0,10000,0,0,0,0,0,6,6,6,6,654,Braggart's Roar,0,0,0
12020100,Battle Hammer,Heavy,23,Great Hammer,HammerLarge,1.01,strike,strike,127,0,0,0,0,0.68,0,0,0,0,26,8,0,0,0,6000,10000,1,0,0,0,0,6,6,6,6,654,Braggart's Roar,0,0,0
12020200,Battle Hammer,Keen,23,Great Hammer,HammerLarge,1.01,strike,strike,127,0,0,0,0,0.23,0.49,0,0,0,26,8,0,0,0,200,10000,2,0,0,0,0,6,6,6,6,654,Braggart's Roar,0,0,0
12020300,Battle Hammer,Quality,23,Great Hammer,HammerLarge,1.01,strike,strike,127,0,0,0,0,0.62,0.62,0,0,0,26,8,0,0,0,300,10000,8,0,0,0,0,6,6,6,6,654,Braggart's Roar,0,0,0
12020400,Battle Hammer,Fire,23,Great Hammer,HammerLarge,1.01,strike,strike,127,0,127,0,0,0.41,0.09,0,0,0,26,8,0,0,0,400,10005,0,0,4,0,0,6,6,6,6,654,Braggart's Roar,0,0,0
12020500,Battle Hammer,Flame Art,23,Great Hammer,HammerLarge,1.01,strike,strike,127,0,127,0,0,0.23,0.04,0,0.42,0,26,8,0,0,0,500,10000,0,0,4,0,0,6,6,6,6,654,Braggart's Roar,0,0,0
12020600,Battle Hammer,Lightning,23,Great Hammer,HammerLarge,1.01,strike,strike,127,0,0,127,0,0.09,0.41,0,0,0,26,8,0,0,0,600,10000,0,0,0,4,0,6,6,6,6,654,Braggart's Roar,0,0,0
12020700,Battle Hammer,Sacred,23,Great Hammer,HammerLarge,1.01,strike,strike,127,0,0,0,127,0.23,0.04,0,0.42,0,26,8,0,0,0,700,10000,0,0,0,0,4,6,6,6,6,654,Braggart's Roar,0,0,0
12020800,Battle Hammer,Magic,23,Great Hammer,HammerLarge,1.01,strike,strike,127,127,0,0,0,0.23,0.04,0.46,0,0,26,8,0,0,0,800,10000,0,4,0,0,0,6,6,6,6,654,Braggart's Roar,0,0,0
12020900,Battle Hammer,Cold,23,Great Hammer,HammerLarge,1.01,strike,strike,127,95,0,0,0,0.71,0.12,0.37,0,0,26,8,0,0,0,900,10000,0,4,0,0,0,6,6,6,6,654,Braggart's Roar,0,0,0
12021000,Battle Hammer,Poison,23,Great Hammer,HammerLarge,1.01,strike,strike,127,0,0,0,0,0.75,0.13,0,0,0.3,26,8,0,0,0,1000,10013,0,0,0,0,0,6,6,6,6,654,Braggart's Roar,0,0,0
12021100,Battle Hammer,Blood,23,Great Hammer,HammerLarge,1.01,strike,strike,127,0,0,0,0,0.75,0.13,0,0,0.3,26,8,0,0,0,1100,10013,0,0,0,0,0,6,6,6,6,654,Braggart's Roar,0,0,0
12021200,Battle Hammer,Occult,23,Great Hammer,HammerLarge,1.01,strike,strike,127,0,0,0,0,0.31,0.05,0,0,0.79,26,8,0,0,0,1200,10013,7,0,0,0,0,6,6,6,6,654,Braggart's Roar,0,0,0
12060000,Great Mace,Standard,23,Great Hammer,HammerLarge,1.06,strike,strike,134,0,0,0,0,0.8,0,0,0,0,28,0,0,0,0,0,10000,0,0,0,0,0,6,6,6,6,700,Endure,0,0,0
12060100,Great Mace,Heavy,23,Great Hammer,HammerLarge,1.06,strike,strike,129,0,0,0,0,0.69,0,0,0,0,28,0,0,0,0,6000,10000,1,0,0,0,0,6,6,6,6,700,Endure,0,0,0
12060200,Great Mace,Keen,23,Great Hammer,HammerLarge,1.06,strike,strike,129,0,0,0,0,0.16,0.48,0,0,0,28,0,0,0,0,200,10000,2,0,0,0,0,6,6,6,6,700,Endure,0,0,0
12060300,Great Mace,Quality,23,Great Hammer,HammerLarge,1.06,strike,strike,129,0,0,0,0,0.6,0.6,0,0,0,28,0,0,0,0,300,10000,8,0,0,0,0,6,6,6,6,700,Endure,0,0,0
12060400,Great Mace,Fire,23,Great Hammer,HammerLarge,1.06,strike,strike,129,0,129,0,0,0.41,0.08,0,0,0,28,0,0,0,0,400,10005,0,0,4,0,0,6,6,6,6,700,Endure,0,0,0
12060500,Great Mace,Flame Art,23,Great Hammer,HammerLarge,1.06,strike,strike,129,0,129,0,0,0.24,0,0,0.4,0,28,0,0,0,0,500,10000,0,0,4,0,0,6,6,6,6,700,Endure,0,0,0
12060600,Great Mace,Lightning,23,Great Hammer,HammerLarge,1.06,strike,strike,129,0,0,129,0,0.08,0.41,0,0,0,28,0,0,0,0,600,10000,0,0,0,4,0,6,6,6,6,700,Endure,0,0,0
12060700,Great Mace,Sacred,23,Great Hammer,HammerLarge,1.06,strike,strike,129,0,0,0,129,0.24,0,0,0.4,0,28,0,0,0,0,700,10000,0,0,0,0,4,6,6,6,6,700,Endure,0,0,0
12060800,Great Mace,Magic,23,Great Hammer,HammerLarge,1.06,strike,strike,129,129,0,0,0,0.24,0,0.44,0,0,28,0,0,0,0,800,10000,0,4,0,0,0,6,6,6,6,700,Endure,0,0,0
12060900,Great Mace,Cold,23,Great Hammer,HammerLarge,1.06,strike,strike,129,97,0,0,0,0.72,0,0.36,0,0,28,0,0,0,0,900,10000,0,4,0,0,0,6,6,6,6,700,Endure,0,0,0
12061000,Great Mace,Poison,23,Great Hammer,HammerLarge,1.06,strike,strike,129,0,0,0,0,0.76,0,0,0,0.3,28,0,0,0,0,1000,10013,0,0,0,0,0,6,6,6,6,700,Endure,0,0,0
12061100,Great Mace,Blood,23,Great Hammer,HammerLarge,1.06,strike,strike,129,0,0,0,0,0.76,0,0,0,0.3,28,0,0,0,0,1100,10013,0,0,0,0,0,6,6,6,6,700,Endure,0,0,0
12061200,Great Mace,Occult,23,Great Hammer,HammerLarge,1.06,strike,strike,129,0,0,0,0,0.64,0,0,0,0.68,28,0,0,0,0,1200,10013,7,0,0,0,0,6,6,6,6,700,Endure,0,0,0
12080000,Curved Great Club,Standard,23,Great Hammer,HammerLarge,1.01,strike,strike,145,0,0,0,0,0.49,0.35,0,0,0,24,10,0,0,0,0,10000,0,0,0,0,0,6,6,6,6,650,Barbaric Roar,0,0,0
12080100,Curved Great Club,Heavy,23,Great Hammer,HammerLarge,1.01,strike,strike,140,0,0,0,0,0.47,0,0,0,0,24,10,0,0,0,100,10000,1,0,0,0,0,6,6,6,6,650,Barbaric Roar,0,0,0
12080200,Curved Great Club,Keen,23,Great Hammer,HammerLarge,1.01,strike,strike,140,0,0,0,0,0.12,0.44,0,0,0,24,10,0,0,0,200,10000,2,0,0,0,0,6,6,6,6,650,Barbaric Roar,0,0,0
12080300,Curved Great Club,Quality,23,Great Hammer,HammerLarge,1.01,strike,strike,140,0,0,0,0,0.54,0.54,0,0,0,24,10,0,0,0,300,10000,8,0,0,0,0,6,6,6,6,650,Barbaric Roar,0,0,0
12080400,Curved Great Club,Fire,23,Great Hammer,HammerLarge,1.01,strike,strike,140,0,140,0,0,0.36,0.08,0,0,0,24,10,0,0,0,400,10005,0,0,4,0,0,6,6,6,6,650,Barbaric Roar,0,0,0
12080500,Curved Great Club,Flame Art,23,Great Hammer,HammerLarge,1.01,strike,strike,140,0,140,0,0,0.14,0.1,0,0.36,0,24,10,0,0,0,500,10000,0,0,4,0,0,6,6,6,6,650,Barbaric Roar,0,0,0
12080600,Curved Great Club,Lightning,23,Great Hammer,HammerLarge,1.01,strike,strike,140,0,0,140,0,0.08,0.36,0,0,0,24,10,0,0,0,600,10000,0,0,0,4,0,6,6,6,6,650,Barbaric Roar,0,0,0
12080700,Curved Great Club,Sacred,23,Great Hammer,HammerLarge,1.01,strike,strike,140,0,0,0,140,0.14,0.1,0,0.36,0,24,10,0,0,0,700,10000,0,0,0,0,4,6,6,6,6,650,Barbaric Roar,0,0,0
12080800,Curved Great Club,Magic,23,Great Hammer,HammerLarge,1.01,strike,strike,140,140,0,0,0,0.14,0.1,0.38,0,0,24,10,0,0,0,800,10000,0,4,0,0,0,6,6,6,6,650,Barbaric Roar,0,0,0
12080900,Curved Great Club,Cold,23,Great Hammer,HammerLarge,1.01,strike,strike,140,105,0,0,0,0.44,0.31,0.37,0,0,24,10,0,0,0,900,10000,0,4,0,0,0,6,6,6,6,650,Barbaric Roar,0,0,0
12081000,Curved Great Club,Poison,23,Great Hammer,HammerLarge,1.01,strike,strike,140,0,0,0,0,0.46,0.33,0,0,0.3,24,10,0,0,0,1000,10013,0,0,0,0,0,6,6,6,6,650,Barbaric Roar,0,0,0
12081100,Curved Great Club,Blood,23,Great Hammer,HammerLarge,1.01,strike,strike,140,0,0,0,0,0.46,0.33,0,0,0.3,24,10,0,0,0,1100,10013,0,0,0,0,0,6,6,6,6,650,Barbaric Roar,0,0,0
12081200,Curved Great Club,Occult,23,Great Hammer,HammerLarge,1.01,strike,strike,140,0,0,0,0,0.19,0.14,0,0,0.71,24,10,0,0,0,1200,10013,7,0,0,0,0,6,6,6,6,650,Barbaric Roar,0,0,0
12130000,Celebrant's Skull,Standard,23,Great Hammer,HammerLarge,0.965,strike,strike,138,0,0,0,0,0.42,0.42,0,0,0,18,12,0,0,0,0,10000,0,0,0,0,0,6,6,6,6,650,Barbaric Roar,0,0,0
12130100,Celebrant's Skull,Heavy,23,Great Hammer,HammerLarge,0.965,strike,strike,133,0,0,0,0,0.47,0,0,0,0,18,12,0,0,0,100,10000,1,0,0,0,0,6,6,6,6,650,Barbaric Roar,0,0,0
12130200,Celebrant's Skull,Keen,23,Great Hammer,HammerLarge,0.965,strike,strike,133,0,0,0,0,0.12,0.45,0,0,0,18,12,0,0,0,200,10000,2,0,0,0,0,6,6,6,6,650,Barbaric Roar,0,0,0
12130300,Celebrant's Skull,Quality,23,Great Hammer,HammerLarge,0.965,strike,strike,133,0,0,0,0,0.56,0.56,0,0,0,18,12,0,0,0,300,10000,8,0,0,0,0,6,6,6,6,650,Barbaric Roar,0,0,0
12130400,Celebrant's Skull,Fire,23,Great Hammer,HammerLarge,0.965,strike,strike,133,0,133,0,0,0.36,0.08,0,0,0,18,12,0,0,0,400,10005,0,0,4,0,0,6,6,6,6,650,Barbaric Roar,0,0,0
12130500,Celebrant's Skull,Flame Art,23,Great Hammer,HammerLarge,0.965,strike,strike,133,0,133,0,0,0.12,0.12,0,0.36,0,18,12,0,0,0,500,10000,0,0,4,0,0,6,6,6,6,650,Barbaric Roar,0,0,0
12130600,Celebrant's Skull,Lightning,23,Great Hammer,HammerLarge,0.965,strike,strike,133,0,0,133,0,0.08,0.36,0,0,0,18,12,0,0,0,600,10000,0,0,0,4,0,6,6,6,6,650,Barbaric Roar,0,0,0
12130700,Celebrant's Skull,Sacred,23,Great Hammer,HammerLarge,0.965,strike,strike,133,0,0,0,133,0.12,0.12,0,0.36,0,18,12,0,0,0,700,10000,0,0,0,0,4,6,6,6,6,650,Barbaric Roar,0,0,0
12130800,Celebrant's Skull,Magic,23,Great Hammer,HammerLarge,0.965,strike,strike,133,133,0,0,0,0.12,0.12,0.38,0,0,18,12,0,0,0,800,10000,0,4,0,0,0,6,6,6,6,650,Barbaric Roar,0,0,0
12130900,Celebrant's Skull,Cold,23,Great Hammer,HammerLarge,0.965,strike,strike,133,100,0,0,0,0.37,0.37,0.37,0,0,18,12,0,0,0,900,10000,0,4,0,0,0,6,6,6,6,650,Barbaric Roar,0,0,0
12131000,Celebrant's Skull,Poison,23,Great Hammer,HammerLarge,0.965,strike,strike,133,0,0,0,0,0.39,0.39,0,0,0.3,18,12,0,0,0,1000,10013,0,0,0,0,0,6,6,6,6,650,Barbaric Roar,0,0,0
12131100,Celebrant's Skull,Blood,23,Great Hammer,HammerLarge,0.965,strike,strike,133,0,0,0,0,0.39,0.39,0,0,0.3,18,12,0,0,0,1100,10013,0,0,0,0,0,6,6,6,6,650,Barbaric Roar,0,0,0
12131200,Celebrant's Skull,Occult,23,Great Hammer,HammerLarge,0.965,strike,strike,133,0,0,0,0,0.16,0.16,0,0,0.71,18,12,0,0,0,1200,10013,7,0,0,0,0,6,6,6,6,650,Barbaric Roar,0,0,0
12140000,Pickaxe,Standard,23,Great Hammer,HammerLarge,1.03,pierce,strike,144,0,0,0,0,0.55,0.25,0,0,0,22,10,0,0,0,0,10000,0,0,0,0,0,6,6,6,6,700,Endure,0,0,0
12140100,Pickaxe,Heavy,23,Great Hammer,HammerLarge,1.03,pierce,strike,139,0,0,0,0,0.57,0,0,0,0,22,10,0,0,0,6000,10000,1,0,0,0,0,6,6,6,6,700,Endure,0,0,0
12140200,Pickaxe,Keen,23,Great Hammer,HammerLarge,1.03,pierce,strike,139,0,0,0,0,0.16,0.41,0,0,0,22,10,0,0,0,200,10000,2,0,0,0,0,6,6,6,6,700,Endure,0,0,0
12140300,Pickaxe,Quality,23,Great Hammer,HammerLarge,1.03,pierce,strike,139,0,0,0,0,0.51,0.51,0,0,0,22,10,0,0,0,300,10000,8,0,0,0,0,6,6,6,6,700,Endure,0,0,0
12140400,Pickaxe,Fire,23,Great Hammer,HammerLarge,1.03,pierce,strike,139,0,139,0,0,0.34,0.08,0,0,0,22,10,0,0,0,400,10005,0,0,4,0,0,6,6,6,6,700,Endure,0,0,0
12140500,Pickaxe,Flame Art,23,Great Hammer,HammerLarge,1.03,pierce,strike,139,0,139,0,0,0.16,0.07,0,0.33,0,22,10,0,0,0,500,10000,0,0,4,0,0,6,6,6,6,700,Endure,0,0,0
12140600,Pickaxe,Lightning,23,Great Hammer,HammerLarge,1.03,pierce,strike,139,0,0,139,0,0.08,0.34,0,0,0,22,10,0,0,0,600,10000,0,0,0,4,0,6,6,6,6,700,Endure,0,0,0
12140700,Pickaxe,Sacred,23,Great Hammer,HammerLarge,1.03,pierce,strike,139,0,0,0,139,0.16,0.07,0,0.33,0,22,10,0,0,0,700,10000,0,0,0,0,4,6,6,6,6,700,Endure,0,0,0
12140800,Pickaxe,Magic,23,Great Hammer,HammerLarge,1.03,pierce,strike,139,139,0,0,0,0.16,0.07,0.36,0,0,22,10,0,0,0,800,10000,0,4,0,0,0,6,6,6,6,700,Endure,0,0,0
12140900,Pickaxe,Cold,23,Great Hammer,HammerLarge,1.03,pierce,strike,139,104,0,0,0,0.49,0.22,0.36,0,0,22,10,0,0,0,900,10000,0,4,0,0,0,6,6,6,6,700,Endure,0,0,0
12141000,Pickaxe,Poison,23,Great Hammer,HammerLarge,1.03,pierce,strike,139,0,0,0,0,0.52,0.23,0,0,0.3,22,10,0,0,0,1000,10013,0,0,0,0,0,6,6,6,6,700,Endure,0,0,0
12141100,Pickaxe,Blood,23,Great Hammer,HammerLarge,1.03,pierce,strike,139,0,0,0,0,0.52,0.23,0,0,0.3,22,10,0,0,0,1100,10013,0,0,0,0,0,6,6,6,6,700,Endure,0,0,0
12141200,Pickaxe,Occult,23,Great Hammer,HammerLarge,1.03,pierce,strike,139,0,0,0,0,0.22,0.1,0,0,0.68,22,10,0,0,0,1200,10013,7,0,0,0,0,6,6,6,6,700,Endure,0,0,0
12150000,Beastclaw Greathammer,Standard,23,Great Hammer,HammerLarge,1,strike,strike,116,0,0,0,75,0.43,0.38,0,0.3,0,20,10,0,18,0,2200,10000,0,0,0,0,4,6,6,6,6,1044,Regal Beastclaw,1,0,1
12160000,Envoy's Long Horn,Standard,23,Great Hammer,HammerLarge,1.05,strike,strike,120,0,0,0,78,0.38,0.27,0,0.6,0,23,11,0,18,0,2200,10000,0,0,0,0,4,6,6,6,6,1004,Bubble Shower,1,0,1
12170000,Cranial Vessel Candlestand,Standard,23,Great Hammer,HammerLarge,1.17,strike,strike,98,0,98,0,0,0.55,0.15,0,0.55,0,26,8,0,22,0,2200,10000,0,0,4,0,0,6,6,6,6,1000,Surge of Faith,1,0,1
12180000,Great Stars,Standard,23,Great Hammer,HammerLarge,1.07,strike,strike,135,0,0,0,0,0.53,0.37,0,0,0,22,12,0,0,0,0,10000,0,0,0,0,0,6,6,6,6,700,Endure,0,0,0
12180100,Great Stars,Heavy,23,Great Hammer,HammerLarge,1.07,strike,strike,130,0,0,0,0,0.53,0,0,0,0,22,12,0,0,0,100,10000,1,0,0,0,0,6,6,6,6,700,Endure,0,0,0
12180200,Great Stars,Keen,23,Great Hammer,HammerLarge,1.07,strike,strike,130,0,0,0,0,0.18,0.46,0,0,0,22,12,0,0,0,200,10000,2,0,0,0,0,6,6,6,6,700,Endure,0,0,0
12180300,Great Stars,Quality,23,Great Hammer,HammerLarge,1.07,strike,strike,130,0,0,0,0,0.59,0.59,0,0,0,22,12,0,0,0,300,10000,8,0,0,0,0,6,6,6,6,700,Endure,0,0,0
12180400,Great Stars,Fire,23,Great Hammer,HammerLarge,1.07,strike,strike,130,0,130,0,0,0.38,0.09,0,0,0,22,12,0,0,0,400,10005,0,0,4,0,0,6,6,6,6,700,Endure,0,0,0
12180500,Great Stars,Flame Art,23,Great Hammer,HammerLarge,1.07,strike,strike,130,0,130,0,0,0.15,0.11,0,0.39,0,22,12,0,0,0,500,10000,0,0,4,0,0,6,6,6,6,700,Endure,0,0,0
12180600,Great Stars,Lightning,23,Great Hammer,HammerLarge,1.07,strike,strike,130,0,0,130,0,0.09,0.38,0,0,0,22,12,0,0,0,600,10000,0,0,0,4,0,6,6,6,6,700,Endure,0,0,0
12180700,Great Stars,Sacred,23,Great Hammer,HammerLarge,1.07,strike,strike,130,0,0,0,130,0.15,0.11,0,0.39,0,22,12,0,0,0,700,10000,0,0,0,0,4,6,6,6,6,700,Endure,0,0,0
12180800,Great Stars,Magic,23,Great Hammer,HammerLarge,1.07,strike,strike,130,130,0,0,0,0.15,0.11,0.42,0,0,22,12,0,0,0,800,10000,0,4,0,0,0,6,6,6,6,700,Endure,0,0,0
12180900,Great Stars,Cold,23,Great Hammer,HammerLarge,1.07,strike,strike,130,98,0,0,0,0.47,0.33,0.4,0,0,22,12,0,0,0,900,10000,0,4,0,0,0,6,6,6,6,700,Endure,0,0,0
12181000,Great Stars,Poison,23,Great Hammer,HammerLarge,1.07,strike,strike,130,0,0,0,0,0.5,0.35,0,0,0.3,22,12,0,0,0,1000,10013,0,0,0,0,0,6,6,6,6,700,Endure,0,0,0
12181100,Great Stars,Blood,23,Great Hammer,HammerLarge,1.07,strike,strike,130,0,0,0,0,0.5,0.35,0,0,0.3,22,12,0,0,0,1100,10013,0,0,0,0,0,6,6,6,6,700,Endure,0,0,0
12181200,Great Stars,Occult,23,Great Hammer,HammerLarge,1.07,strike,strike,130,0,0,0,0,0.21,0.14,0,0,0.76,22,12,0,0,0,1200,10013,7,0,0,0,0,6,6,6,6,700,Endure,0,0,0
12190000,Brick Hammer,Standard,23,Great Hammer,HammerLarge,1.05,strike,strike,122,0,0,0,0,0.96,0,0,0,0,31,0,0,0,0,0,10000,0,0,0,0,0,6,6,6,6,650,Barbaric Roar,0,0,0
12190100,Brick Hammer,Heavy,23,Great Hammer,HammerLarge,1.05,strike,strike,118,0,0,0,0,0.8,0,0,0,0,31,0,0,0,0,6000,10000,1,0,0,0,0,6,6,6,6,650,Barbaric Roar,0,0,0
12190200,Brick Hammer,Keen,23,Great Hammer,HammerLarge,1.05,strike,strike,118,0,0,0,0,0.24,0.57,0,0,0,31,0,0,0,0,200,10000,2,0,0,0,0,6,6,6,6,650,Barbaric Roar,0,0,0
12190300,Brick Hammer,Quality,23,Great Hammer,HammerLarge,1.05,strike,strike,118,0,0,0,0,0.7,0.7,0,0,0,31,0,0,0,0,300,10000,8,0,0,0,0,6,6,6,6,650,Barbaric Roar,0,0,0
12190400,Brick Hammer,Fire,23,Great Hammer,HammerLarge,1.05,strike,strike,118,0,118,0,0,0.51,0.09,0,0,0,31,0,0,0,0,400,10005,0,0,4,0,0,6,6,6,6,650,Barbaric Roar,0,0,0
12190500,Brick Hammer,Flame Art,23,Great Hammer,HammerLarge,1.05,strike,strike,118,0,118,0,0,0.4,0,0,0.48,0,31,0,0,0,0,500,10000,0,0,4,0,0,6,6,6,6,650,Barbaric Roar,0,0,0
12190600,Brick Hammer,Lightning,23,Great Hammer,HammerLarge,1.05,strike,strike,118,0,0,118,0,0.09,0.5,0,0,0,31,0,0,0,0,600,10000,0,0,0,4,0,6,6,6,6,650,Barbaric Roar,0,0,0
12190700,Brick Hammer,Sacred,23,Great Hammer,HammerLarge,1.05,strike,strike,118,0,0,0,118,0.4,0,0,0.48,0,31,0,0,0,0,700,10000,0,0,0,0,4,6,6,6,6,650,Barbaric Roar,0,0,0
12190800,Brick Hammer,Magic,23,Great Hammer,HammerLarge,1.05,strike,strike,118,118,0,0,0,0.51,0,0.49,0,0,31,0,0,0,0,800,10000,0,4,0,0,0,6,6,6,6,650,Barbaric Roar,0,0,0
12190900,Brick Hammer,Cold,23,Great Hammer,HammerLarge,1.05,strike,strike,118,89,0,0,0,0.86,0,0.48,0,0,31,0,0,0,0,900,10000,0,4,0,0,0,6,6,6,6,650,Barbaric Roar,0,0,0
12191000,Brick Hammer,Poison,23,Great Hammer,HammerLarge,1.05,strike,strike,118,0,0,0,0,0.86,0,0,0,0.3,31,0,0,0,0,1000,10013,0,0,0,0,0,6,6,6,6,650,Barbaric Roar,0,0,0
12191100,Brick Hammer,Blood,23,Great Hammer,HammerLarge,1.05,strike,strike,118,0,0,0,0,0.86,0,0,0,0.3,31,0,0,0,0,1100,10013,0,0,0,0,0,6,6,6,6,650,Barbaric Roar,0,0,0
12191200,Brick Hammer,Occult,23,Great Hammer,HammerLarge,1.05,strike,strike,118,0,0,0,0,0.76,0,0,0,0.81,31,0,0,0,0,1200,10013,7,0,0,0,0,6,6,6,6,650,Barbaric Roar,0,0,0
12200000,Devourer's Scepter,Standard,23,Great Hammer,HammerLarge,1.12,strike,strike,112,0,69,0,0,0.48,0.48,0,0.37,0,24,20,0,25,0,2200,10000,0,0,4,0,0,6,6,6,6,1183,Devourer of Worlds,1,0,1
12210000,Rotten Battle Hammer,Standard,23,Great Hammer,HammerLarge,1.01,strike,strike,126,0,0,0,0,0.79,0.15,0,0,0,26,8,0,0,0,0,10000,0,0,0,0,0,6,6,6,6,654,Braggart's Roar,0,0,0
12210100,Rotten Battle Hammer,Heavy,23,Great Hammer,HammerLarge,1.01,strike,strike,122,0,0,0,0,0.69,0,0,0,0,26,8,0,0,0,6000,10000,1,0,0,0,0,6,6,6,6,654,Braggart's Roar,0,0,0
12210200,Rotten Battle Hammer,Keen,23,Great Hammer,HammerLarge,1.01,strike,strike,122,0,0,0,0,0.23,0.49,0,0,0,26,8,0,0,0,200,10000,2,0,0,0,0,6,6,6,6,654,Braggart's Roar,0,0,0
12210300,Rotten Battle Hammer,Quality,23,Great Hammer,HammerLarge,1.01,strike,strike,122,0,0,0,0,0.62,0.62,0,0,0,26,8,0,0,0,300,10000,8,0,0,0,0,6,6,6,6,654,Braggart's Roar,0,0,0
12210400,Rotten Battle Hammer,Fire,23,Great Hammer,HammerLarge,1.01,strike,strike,122,0,122,0,0,0.42,0.09,0,0,0,26,8,0,0,0,400,10005,0,0,4,0,0,6,6,6,6,654,Braggart's Roar,0,0,0
12210500,Rotten Battle Hammer,Flame Art,23,Great Hammer,HammerLarge,1.01,strike,strike,122,0,122,0,0,0.23,0.04,0,0.43,0,26,8,0,0,0,500,10000,0,0,4,0,0,6,6,6,6,654,Braggart's Roar,0,0,0
12210600,Rotten Battle Hammer,Lightning,23,Great Hammer,HammerLarge,1.01,strike,strike,122,0,0,122,0,0.09,0.42,0,0,0,26,8,0,0,0,600,10000,0,0,0,4,0,6,6,6,6,654,Braggart's Roar,0,0,0
12210700,Rotten Battle Hammer,Sacred,23,Great Hammer,HammerLarge,1.01,strike,strike,122,0,0,0,122,0.23,0.04,0,0.43,0,26,8,0,0,0,700,10000,0,0,0,0,4,6,6,6,6,654,Braggart's Roar,0,0,0
12210800,Rotten Battle Hammer,Magic,23,Great Hammer,HammerLarge,1.01,strike,strike,122,122,0,0,0,0.23,0.04,0.47,0,0,26,8,0,0,0,800,10000,0,4,0,0,0,6,6,6,6,654,Braggart's Roar,0,0,0
12210900,Rotten Battle Hammer,Cold,23,Great Hammer,HammerLarge,1.01,strike,strike,122,92,0,0,0,0.71,0.13,0.37,0,0,26,8,0,0,0,900,10000,0,4,0,0,0,6,6,6,6,654,Braggart's Roar,0,0,0
12211000,Rotten Battle Hammer,Poison,23,Great Hammer,HammerLarge,1.01,strike,strike,122,0,0,0,0,0.75,0.14,0,0,0.3,26,8,0,0,0,1000,10013,0,0,0,0,0,6,6,6,6,654,Braggart's Roar,0,0,0
12211100,Rotten Battle Hammer,Blood,23,Great Hammer,HammerLarge,1.01,strike,strike,122,0,0,0,0,0.75,0.14,0,0,0.3,26,8,0,0,0,1100,10013,0,0,0,0,0,6,6,6,6,654,Braggart's Roar,0,0,0
12211200,Rotten Battle Hammer,Occult,23,Great Hammer,HammerLarge,1.01,strike,strike,122,0,0,0,0,0.31,0.06,0,0,0.79,26,8,0,0,0,1200,10013,7,0,0,0,0,6,6,6,6,654,Braggart's Roar,0,0,0
12500000,Smithscript Greathammer,Standard,23,Great Hammer,HammerLarge,0.96,strike,strike,141,0,0,0,0,0.58,0.16,0.05,0.05,0,20,10,11,11,0,0,20010100,0,0,0,0,0,6,6,6,6,700,Endure,0,0,0
12500100,Smithscript Greathammer,Heavy,23,Great Hammer,HammerLarge,0.96,strike,strike,133,0,0,0,0,0.63,0,0.04,0.04,0,20,10,11,11,0,6000,20010100,1,0,0,0,0,6,6,6,6,700,Endure,0,0,0
12500200,Smithscript Greathammer,Keen,23,Great Hammer,HammerLarge,0.96,strike,strike,133,0,0,0,0,0.29,0.42,0.04,0.04,0,20,10,11,11,0,200,20010100,2,0,0,0,0,6,6,6,6,700,Endure,0,0,0
12500300,Smithscript Greathammer,Quality,23,Great Hammer,HammerLarge,0.96,strike,strike,133,0,0,0,0,0.54,0.54,0.04,0.04,0,20,10,11,11,0,300,20010100,8,0,0,0,0,6,6,6,6,700,Endure,0,0,0
12500400,Smithscript Greathammer,Fire,23,Great Hammer,HammerLarge,0.96,strike,strike,133,0,133,0,0,0.32,0.08,0.04,0.04,0,20,10,11,11,0,400,20010101,0,0,4,0,0,6,6,6,6,700,Endure,0,0,0
12500500,Smithscript Greathammer,Flame Art,23,Great Hammer,HammerLarge,0.96,strike,strike,133,0,133,0,0,0.23,0.04,0.04,0.33,0,20,10,11,11,0,500,20010103,0,0,4,0,0,6,6,6,6,700,Endure,0,0,0
12500600,Smithscript Greathammer,Lightning,23,Great Hammer,HammerLarge,0.96,strike,strike,133,0,0,133,0,0.08,0.31,0.04,0.04,0,20,10,11,11,0,600,20010100,0,0,0,4,0,6,6,6,6,700,Endure,0,0,0
12500700,Smithscript Greathammer,Sacred,23,Great Hammer,HammerLarge,0.96,strike,strike,133,0,0,0,133,0.2,0.04,0.04,0.33,0,20,10,11,11,0,700,20010105,0,0,0,0,4,6,6,6,6,700,Endure,0,0,0
12500800,Smithscript Greathammer,Magic,23,Great Hammer,HammerLarge,0.96,strike,strike,133,133,0,0,0,0.2,0.04,0.29,0.04,0,20,10,11,11,0,800,20010104,0,4,0,0,0,6,6,6,6,700,Endure,0,0,0
12500900,Smithscript Greathammer,Cold,23,Great Hammer,HammerLarge,0.96,strike,strike,133,113,0,0,0,0.49,0.12,0.25,0.04,0,20,10,11,11,0,900,20010104,0,4,0,0,0,6,6,6,6,700,Endure,0,0,0
12501000,Smithscript Greathammer,Poison,23,Great Hammer,HammerLarge,0.96,strike,strike,133,0,0,0,0,0.55,0.15,0.04,0.04,0.3,20,10,11,11,0,1000,20010102,0,0,0,0,0,6,6,6,6,700,Endure,0,0,0
12501100,Smithscript Greathammer,Blood,23,Great Hammer,HammerLarge,0.96,strike,strike,133,0,0,0,0,0.55,0.15,0.04,0.04,0.3,20,10,11,11,0,1100,20010102,0,0,0,0,0,6,6,6,6,700,Endure,0,0,0
12501200,Smithscript Greathammer,Occult,23,Great Hammer,HammerLarge,0.96,strike,strike,133,0,0,0,0,0.23,0.06,0.04,0.04,0.71,20,10,11,11,0,1200,20010102,7,0,0,0,0,6,6,6,6,700,Endure,0,0,0
12510000,Anvil Hammer,Standard,41,Colossal Weapon,AxhammerLarge,1.045,strike,strike,131,0,85,0,0,0.65,0.1,0.1,0.3,0,39,10,11,20,0,2200,20010100,0,0,0,0,0,6,6,6,6,5280,Smithing Art Spears,1,0,1
12520000,Black Steel Greathammer,Standard,23,Great Hammer,HammerLarge,1.075,strike,strike,140,0,0,0,42,0.65,0.05,0,0.35,0,25,11,0,17,0,0,10000,0,0,0,0,0,6,6,6,6,700,Endure,0,0,0
12520100,Black Steel Greathammer,Heavy,23,Great Hammer,HammerLarge,1.075,strike,strike,133,0,0,0,42,0.65,0,0,0.29,0,25,11,0,17,0,6000,10000,1,0,0,0,0,6,6,6,6,700,Endure,0,0,0
12520200,Black Steel Greathammer,Keen,23,Great Hammer,HammerLarge,1.075,strike,strike,133,0,0,0,42,0.21,0.45,0,0.29,0,25,11,0,17,0,200,10000,2,0,0,0,0,6,6,6,6,700,Endure,0,0,0
12520300,Black Steel Greathammer,Quality,23,Great Hammer,HammerLarge,1.075,strike,strike,133,0,0,0,42,0.58,0.58,0,0.29,0,25,11,0,17,0,300,10000,8,0,0,0,0,6,6,6,6,700,Endure,0,0,0
12520400,Black Steel Greathammer,Fire,23,Great Hammer,HammerLarge,1.075,strike,strike,133,0,133,0,42,0.42,0.1,0,0.15,0,25,11,0,17,0,400,10005,0,0,4,0,0,6,6,6,6,700,Endure,0,0,0
12520500,Black Steel Greathammer,Flame Art,23,Great Hammer,HammerLarge,1.075,strike,strike,133,0,133,0,42,0.19,0.01,0,0.42,0,25,11,0,17,0,500,10000,0,0,4,0,0,6,6,6,6,700,Endure,0,0,0
12520600,Black Steel Greathammer,Lightning,23,Great Hammer,HammerLarge,1.075,strike,strike,133,0,0,133,42,0.1,0.36,0,0.29,0,25,11,0,17,0,600,10000,0,0,0,4,0,6,6,6,6,700,Endure,0,0,0
12520700,Black Steel Greathammer,Sacred,23,Great Hammer,HammerLarge,1.075,strike,strike,133,0,0,0,165,0.19,0.01,0,0.31,0,25,11,0,17,0,700,10000,0,0,0,0,4,6,6,6,6,700,Endure,0,0,0
12520800,Black Steel Greathammer,Magic,23,Great Hammer,HammerLarge,1.075,strike,strike,133,133,0,0,42,0.19,0.01,0.36,0.29,0,25,11,0,17,0,800,10000,0,4,0,0,0,6,6,6,6,700,Endure,0,0,0
12520900,Black Steel Greathammer,Cold,23,Great Hammer,HammerLarge,1.075,strike,strike,133,113,0,0,42,0.52,0.04,0.31,0.29,0,25,11,0,17,0,900,10000,0,4,0,0,0,6,6,6,6,700,Endure,0,0,0
12521000,Black Steel Greathammer,Poison,23,Great Hammer,HammerLarge,1.075,strike,strike,133,0,0,0,42,0.61,0.04,0,0.29,0.3,25,11,0,17,0,1000,10013,0,0,0,0,0,6,6,6,6,700,Endure,0,0,0
12521100,Black Steel Greathammer,Blood,23,Great Hammer,HammerLarge,1.075,strike,strike,133,0,0,0,42,0.61,0.04,0,0.29,0.3,25,11,0,17,0,1100,10013,0,0,0,0,0,6,6,6,6,700,Endure,0,0,0
12521200,Black Steel Greathammer,Occult,23,Great Hammer,HammerLarge,1.075,strike,strike,133,0,0,0,42,0.16,0.01,0,0.09,0.84,25,11,0,17,0,1200,10013,7,0,0,0,0,6,6,6,6,700,Endure,0,0,0
12530000,Bloodfiend's Arm,Standard,41,Colossal Weapon,AxhammerLarge,1.015,strike,strike,147,0,0,0,0,0.43,0.1,0,0,0.43,28,11,0,0,16,0,20010600,0,0,0,0,0,6,6,6,6,700,Endure,0,0,0
12530100,Bloodfiend's Arm,Heavy,41,Colossal Weapon,AxhammerLarge,1.015,strike,strike,142,0,0,0,0,0.62,0,0,0,0.16,28,11,0,0,16,6000,20010600,1,0,0,0,0,6,6,6,6,700,Endure,0,0,0
12530200,Bloodfiend's Arm,Keen,41,Colossal Weapon,AxhammerLarge,1.015,strike,strike,142,0,0,0,0,0.19,0.43,0,0,0.16,28,11,0,0,16,200,20010600,2,0,0,0,0,6,6,6,6,700,Endure,0,0,0
12530300,Bloodfiend's Arm,Quality,41,Colossal Weapon,AxhammerLarge,1.015,strike,strike,142,0,0,0,0,0.55,0.55,0,0,0.16,28,11,0,0,16,300,20010600,8,0,0,0,0,6,6,6,6,700,Endure,0,0,0
12530400,Bloodfiend's Arm,Fire,41,Colossal Weapon,AxhammerLarge,1.015,strike,strike,142,0,142,0,0,0.35,0.09,0,0,0.16,28,11,0,0,16,400,20010601,0,0,4,0,0,6,6,6,6,700,Endure,0,0,0
12530500,Bloodfiend's Arm,Flame Art,41,Colossal Weapon,AxhammerLarge,1.015,strike,strike,142,0,142,0,0,0.12,0.03,0,0.32,0.16,28,11,0,0,16,500,20010600,0,0,4,0,0,6,6,6,6,700,Endure,0,0,0
12530600,Bloodfiend's Arm,Lightning,41,Colossal Weapon,AxhammerLarge,1.015,strike,strike,142,0,0,142,0,0.09,0.36,0,0,0.16,28,11,0,0,16,600,20010600,0,0,0,4,0,6,6,6,6,700,Endure,0,0,0
12530700,Bloodfiend's Arm,Sacred,41,Colossal Weapon,AxhammerLarge,1.015,strike,strike,142,0,0,0,142,0.12,0.03,0,0.32,0.16,28,11,0,0,16,700,20010600,0,0,0,0,4,6,6,6,6,700,Endure,0,0,0
12530800,Bloodfiend's Arm,Magic,41,Colossal Weapon,AxhammerLarge,1.015,strike,strike,142,142,0,0,0,0.12,0.02,0.33,0,0.16,28,11,0,0,16,800,20010600,0,4,0,0,0,6,6,6,6,700,Endure,0,0,0
12530900,Bloodfiend's Arm,Cold,41,Colossal Weapon,AxhammerLarge,1.015,strike,strike,142,121,0,0,0,0.36,0.08,0.28,0,0.16,28,11,0,0,16,900,20010600,0,4,0,0,0,6,6,6,6,700,Endure,0,0,0
12531000,Bloodfiend's Arm,Poison,41,Colossal Weapon,AxhammerLarge,1.015,strike,strike,142,0,0,0,0,0.34,0.08,0,0,0.51,28,11,0,0,16,1000,20010600,0,0,0,0,0,6,6,6,6,700,Endure,0,0,0
12531100,Bloodfiend's Arm,Blood,41,Colossal Weapon,AxhammerLarge,1.015,strike,strike,142,0,0,0,0,0.34,0.08,0,0,0.51,28,11,0,0,16,1100,20010600,0,0,0,0,0,6,6,6,6,700,Endure,0,0,0
12531200,Bloodfiend's Arm,Occult,41,Colossal Weapon,AxhammerLarge,1.015,strike,strike,142,0,0,0,0,0.17,0.04,0,0,0.88,28,11,0,0,16,1200,20010600,7,0,0,0,0,6,6,6,6,700,Endure,0,0,0
13000000,Nightrider Flail,Standard,24,Flail,Flail,1.03,strike,strike,115,0,0,0,0,0.21,0.66,0,0,0,10,24,0,0,0,0,10000,0,0,0,0,0,6,6,6,6,125,Spinning Chain,0,0,0
13000100,Nightrider Flail,Heavy,24,Flail,Flail,1.03,strike,strike,110,0,0,0,0,0.49,0,0,0,0,10,24,0,0,0,100,10000,1,0,0,0,0,6,6,6,6,125,Spinning Chain,0,0,0
13000200,Nightrider Flail,Keen,24,Flail,Flail,1.03,strike,strike,110,0,0,0,0,0.08,0.65,0,0,0,10,24,0,0,0,5000,10000,2,0,0,0,0,6,6,6,6,125,Spinning Chain,0,0,0
13000300,Nightrider Flail,Quality,24,Flail,Flail,1.03,strike,strike,110,0,0,0,0,0.56,0.56,0,0,0,10,24,0,0,0,300,10000,8,0,0,0,0,6,6,6,6,125,Spinning Chain,0,0,0
13000400,Nightrider Flail,Fire,24,Flail,Flail,1.03,strike,strike,110,0,110,0,0,0.37,0.08,0,0,0,10,24,0,0,0,400,10005,0,0,4,0,0,6,6,6,6,125,Spinning Chain,0,0,0
13000500,Nightrider Flail,Flame Art,24,Flail,Flail,1.03,strike,strike,110,0,110,0,0,0.04,0.13,0,0.43,0,10,24,0,0,0,500,10000,0,0,4,0,0,6,6,6,6,125,Spinning Chain,0,0,0
13000600,Nightrider Flail,Lightning,24,Flail,Flail,1.03,strike,strike,110,0,0,110,0,0.08,0.37,0,0,0,10,24,0,0,0,600,10000,0,0,0,4,0,6,6,6,6,125,Spinning Chain,0,0,0
13000700,Nightrider Flail,Sacred,24,Flail,Flail,1.03,strike,strike,110,0,0,0,110,0.04,0.13,0,0.43,0,10,24,0,0,0,700,10000,0,0,0,0,4,6,6,6,6,125,Spinning Chain,0,0,0
13000800,Nightrider Flail,Magic,24,Flail,Flail,1.03,strike,strike,110,110,0,0,0,0.06,0.19,0.43,0,0,10,24,0,0,0,800,10000,0,4,0,0,0,6,6,6,6,125,Spinning Chain,0,0,0
13000900,Nightrider Flail,Cold,24,Flail,Flail,1.03,strike,strike,110,88,0,0,0,0.18,0.59,0.34,0,0,10,24,0,0,0,900,10000,0,4,0,0,0,6,6,6,6,125,Spinning Chain,0,0,0
13001000,Nightrider Flail,Poison,24,Flail,Flail,1.03,strike,strike,110,0,0,0,0,0.19,0.62,0,0,0.3,10,24,0,0,0,1000,10013,0,0,0,0,0,6,6,6,6,125,Spinning Chain,0,0,0
13001100,Nightrider Flail,Blood,24,Flail,Flail,1.03,strike,strike,110,0,0,0,0,0.19,0.62,0,0,0.3,10,24,0,0,0,1100,10013,0,0,0,0,0,6,6,6,6,125,Spinning Chain,0,0,0
13001200,Nightrider Flail,Occult,24,Flail,Flail,1.03,strike,strike,110,0,0,0,0,0.08,0.26,0,0,0.73,10,24,0,0,0,1200,10013,7,0,0,0,0,6,6,6,6,125,Spinning Chain,0,0,0
13010000,Flail,Standard,24,Flail,Flail,1,strike,strike,112,0,0,0,0,0.34,0.52,0,0,0,10,18,0,0,0,0,10000,0,0,0,0,0,6,6,6,6,125,Spinning Chain,0,0,0
13010100,Flail,Heavy,24,Flail,Flail,1,strike,strike,107,0,0,0,0,0.49,0,0,0,0,10,18,0,0,0,100,10000,1,0,0,0,0,6,6,6,6,125,Spinning Chain,0,0,0
13010200,Flail,Keen,24,Flail,Flail,1,strike,strike,107,0,0,0,0,0.08,0.5,0,0,0,10,18,0,0,0,200,10000,2,0,0,0,0,6,6,6,6,125,Spinning Chain,0,0,0
13010300,Flail,Quality,24,Flail,Flail,1,strike,strike,107,0,0,0,0,0.59,0.59,0,0,0,10,18,0,0,0,300,10000,8,0,0,0,0,6,6,6,6,125,Spinning Chain,0,0,0
13010400,Flail,Fire,24,Flail,Flail,1,strike,strike,107,0,107,0,0,0.36,0.08,0,0,0,10,18,0,0,0,400,10005,0,0,4,0,0,6,6,6,6,125,Spinning Chain,0,0,0
13010500,Flail,Flame Art,24,Flail,Flail,1,strike,strike,107,0,107,0,0,0.06,0.1,0,0.45,0,10,18,0,0,0,500,10000,0,0,4,0,0,6,6,6,6,125,Spinning Chain,0,0,0
13010600,Flail,Lightning,24,Flail,Flail,1,strike,strike,107,0,0,107,0,0.08,0.36,0,0,0,10,18,0,0,0,600,10000,0,0,0,4,0,6,6,6,6,125,Spinning Chain,0,0,0
13010700,Flail,Sacred,24,Flail,Flail,1,strike,strike,107,0,0,0,107,0.06,0.1,0,0.45,0,10,18,0,0,0,700,10000,0,0,0,0,4,6,6,6,6,125,Spinning Chain,0,0,0
13010800,Flail,Magic,24,Flail,Flail,1,strike,strike,107,107,0,0,0,0.1,0.15,0.43,0,0,10,18,0,0,0,800,10000,0,4,0,0,0,6,6,6,6,125,Spinning Chain,0,0,0
13010900,Flail,Cold,24,Flail,Flail,1,strike,strike,107,86,0,0,0,0.3,0.46,0.38,0,0,10,18,0,0,0,900,10000,0,4,0,0,0,6,6,6,6,125,Spinning Chain,0,0,0
13011000,Flail,Poison,24,Flail,Flail,1,strike,strike,107,0,0,0,0,0.32,0.49,0,0,0.3,10,18,0,0,0,1000,10013,0,0,0,0,0,6,6,6,6,125,Spinning Chain,0,0,0
13011100,Flail,Blood,24,Flail,Flail,1,strike,strike,107,0,0,0,0,0.32,0.49,0,0,0.3,10,18,0,0,0,1100,10013,0,0,0,0,0,6,6,6,6,125,Spinning Chain,0,0,0
13011200,Flail,Occult,24,Flail,Flail,1,strike,strike,107,0,0,0,0,0.13,0.2,0,0,0.73,10,18,0,0,0,1200,10013,7,0,0,0,0,6,6,6,6,125,Spinning Chain,0,0,0
13020000,Family Heads,Standard,24,Flail,Flail,1.04,strike,strike,90,58,0,0,0,0.2,0.8,0.2,0,0,8,18,16,0,0,2200,10000,0,4,0,0,0,6,6,6,6,1184,Familal Rancor,1,0,1
13030000,Bastard's Stars,Standard,24,Flail,Flail,1.04,strike,strike,68,81,0,0,0,0.1,0.35,0.8,0,0,8,22,22,0,0,2200,10000,0,4,0,0,0,6,6,6,6,1047,Nebula,1,0,1
13040000,Chainlink Flail,Standard,24,Flail,Flail,1.2,strike,strike,112,0,0,0,0,0.78,0.13,0,0,0,18,12,0,0,0,0,10000,0,0,0,0,0,6,6,6,6,125,Spinning Chain,0,0,0
13040100,Chainlink Flail,Heavy,24,Flail,Flail,1.2,strike,strike,107,0,0,0,0,0.7,0,0,0,0,18,12,0,0,0,6000,10000,1,0,0,0,0,6,6,6,6,125,Spinning Chain,0,0,0
13040200,Chainlink Flail,Keen,24,Flail,Flail,1.2,strike,strike,107,0,0,0,0,0.18,0.5,0,0,0,18,12,0,0,0,200,10000,2,0,0,0,0,6,6,6,6,125,Spinning Chain,0,0,0
13040300,Chainlink Flail,Quality,24,Flail,Flail,1.2,strike,strike,107,0,0,0,0,0.61,0.61,0,0,0,18,12,0,0,0,300,10000,8,0,0,0,0,6,6,6,6,125,Spinning Chain,0,0,0
13040400,Chainlink Flail,Fire,24,Flail,Flail,1.2,strike,strike,107,0,107,0,0,0.42,0.18,0,0,0,18,12,0,0,0,400,10005,0,0,4,0,0,6,6,6,6,125,Spinning Chain,0,0,0
13040500,Chainlink Flail,Flame Art,24,Flail,Flail,1.2,strike,strike,107,0,107,0,0,0.15,0.05,0,0.51,0,18,12,0,0,0,500,10000,0,0,4,0,0,6,6,6,6,125,Spinning Chain,0,0,0
13040600,Chainlink Flail,Lightning,24,Flail,Flail,1.2,strike,strike,107,0,0,107,0,0.18,0.42,0,0,0,18,12,0,0,0,600,10000,0,0,0,4,0,6,6,6,6,125,Spinning Chain,0,0,0
13040700,Chainlink Flail,Sacred,24,Flail,Flail,1.2,strike,strike,107,0,0,0,107,0.15,0.05,0,0.51,0,18,12,0,0,0,700,10000,0,0,0,0,4,6,6,6,6,125,Spinning Chain,0,0,0
13040800,Chainlink Flail,Magic,24,Flail,Flail,1.2,strike,strike,107,107,0,0,0,0.23,0.05,0.5,0,0,18,12,0,0,0,800,10000,0,4,0,0,0,6,6,6,6,125,Spinning Chain,0,0,0
13040900,Chainlink Flail,Cold,24,Flail,Flail,1.2,strike,strike,107,86,0,0,0,0.7,0.11,0.36,0,0,18,12,0,0,0,900,10000,0,4,0,0,0,6,6,6,6,125,Spinning Chain,0,0,0
13041000,Chainlink Flail,Poison,24,Flail,Flail,1.2,strike,strike,107,0,0,0,0,0.74,0.12,0,0,0.3,18,12,0,0,0,1000,10013,0,0,0,0,0,6,6,6,6,125,Spinning Chain,0,0,0
13041100,Chainlink Flail,Blood,24,Flail,Flail,1.2,strike,strike,107,0,0,0,0,0.74,0.12,0,0,0.3,18,12,0,0,0,1100,10013,0,0,0,0,0,6,6,6,6,125,Spinning Chain,0,0,0
13041200,Chainlink Flail,Occult,24,Flail,Flail,1.2,strike,strike,107,0,0,0,0,0.31,0.05,0,0,0.77,18,12,0,0,0,1200,10013,7,0,0,0,0,6,6,6,6,125,Spinning Chain,0,0,0
13500000,Serpent Flail,Standard,24,Flail,Flail,1.03,strike,strike,77,0,92,0,0,0.05,0.45,0,0.5,0,10,24,0,21,0,2200,10000,0,0,0,0,0,6,6,6,6,5500,Flare- O Serpent,1,0,1
13510000,Golden Order Flail,Standard,24,Flail,Flail,1,strike,strike,75,0,0,0,92,0.1,0.15,0,0.65,0,9,16,0,26,0,2200,19000,0,0,0,0,0,6,6,6,6,1201,Causality Wraith,1,0,1
14000000,Battle Axe,Standard,17,Axe,AxeNormal,1.07,standard,standard,128,0,0,0,0,0.48,0.33,0,0,0,12,8,0,0,0,0,10000,0,0,0,0,0,6,6,6,6,110,Wild Strikes,0,0,0
14000100,Battle Axe,Heavy,17,Axe,AxeNormal,1.07,standard,standard,122,0,0,0,0,0.5,0,0,0,0,12,8,0,0,0,100,10000,1,0,0,0,0,6,6,6,6,110,Wild Strikes,0,0,0
14000200,Battle Axe,Keen,17,Axe,AxeNormal,1.07,standard,standard,122,0,0,0,0,0.08,0.45,0,0,0,12,8,0,0,0,200,10000,2,0,0,0,0,6,6,6,6,110,Wild Strikes,0,0,0
14000300,Battle Axe,Quality,17,Axe,AxeNormal,1.07,standard,standard,122,0,0,0,0,0.54,0.54,0,0,0,12,8,0,0,0,300,10000,8,0,0,0,0,6,6,6,6,110,Wild Strikes,0,0,0
14000400,Battle Axe,Fire,17,Axe,AxeNormal,1.07,standard,standard,122,0,122,0,0,0.32,0.08,0,0,0,12,8,0,0,0,400,10005,0,0,4,0,0,6,6,6,6,110,Wild Strikes,0,0,0
14000500,Battle Axe,Flame Art,17,Axe,AxeNormal,1.07,standard,standard,122,0,122,0,0,0.09,0.06,0,0.36,0,12,8,0,0,0,500,10000,0,0,4,0,0,6,6,6,6,110,Wild Strikes,0,0,0
14000600,Battle Axe,Lightning,17,Axe,AxeNormal,1.07,standard,standard,122,0,0,122,0,0.08,0.32,0,0,0,12,8,0,0,0,600,10000,0,0,0,4,0,6,6,6,6,110,Wild Strikes,0,0,0
14000700,Battle Axe,Sacred,17,Axe,AxeNormal,1.07,standard,standard,122,0,0,0,122,0.09,0.06,0,0.36,0,12,8,0,0,0,700,10000,0,0,0,0,4,6,6,6,6,110,Wild Strikes,0,0,0
14000800,Battle Axe,Magic,17,Axe,AxeNormal,1.07,standard,standard,122,122,0,0,0,0.14,0.09,0.36,0,0,12,8,0,0,0,800,10000,0,4,0,0,0,6,6,6,6,110,Wild Strikes,0,0,0
14000900,Battle Axe,Cold,17,Axe,AxeNormal,1.07,standard,standard,122,98,0,0,0,0.43,0.29,0.32,0,0,12,8,0,0,0,900,10000,0,4,0,0,0,6,6,6,6,110,Wild Strikes,0,0,0
14001000,Battle Axe,Poison,17,Axe,AxeNormal,1.07,standard,standard,122,0,0,0,0,0.43,0.29,0,0,0.3,12,8,0,0,0,1000,10013,0,0,0,0,0,6,6,6,6,110,Wild Strikes,0,0,0
14001100,Battle Axe,Blood,17,Axe,AxeNormal,1.07,standard,standard,122,0,0,0,0,0.43,0.29,0,0,0.3,12,8,0,0,0,1100,10013,0,0,0,0,0,6,6,6,6,110,Wild Strikes,0,0,0
14001200,Battle Axe,Occult,17,Axe,AxeNormal,1.07,standard,standard,122,0,0,0,0,0.19,0.13,0,0,0.68,12,8,0,0,0,1200,10013,7,0,0,0,0,6,6,6,6,110,Wild Strikes,0,0,0
14010000,Forked Hatchet,Standard,17,Axe,AxeNormal,0.9,pierce,standard,113,0,0,0,0,0.29,0.6,0,0,0,9,14,0,0,0,0,10000,0,0,0,0,0,6,6,6,6,800,Quickstep,0,0,0
14010100,Forked Hatchet,Heavy,17,Axe,AxeNormal,0.9,pierce,standard,108,0,0,0,0,0.49,0,0,0,0,9,14,0,0,0,100,10000,1,0,0,0,0,6,6,6,6,800,Quickstep,0,0,0
14010200,Forked Hatchet,Keen,17,Axe,AxeNormal,0.9,pierce,standard,108,0,0,0,0,0.08,0.65,0,0,0,9,14,0,0,0,5000,10000,2,0,0,0,0,6,6,6,6,800,Quickstep,0,0,0
14010300,Forked Hatchet,Quality,17,Axe,AxeNormal,0.9,pierce,standard,108,0,0,0,0,0.57,0.57,0,0,0,9,14,0,0,0,300,10000,8,0,0,0,0,6,6,6,6,800,Quickstep,0,0,0
14010400,Forked Hatchet,Fire,17,Axe,AxeNormal,0.9,pierce,standard,108,0,108,0,0,0.35,0.08,0,0,0,9,14,0,0,0,400,10005,0,0,4,0,0,6,6,6,6,800,Quickstep,0,0,0
14010500,Forked Hatchet,Flame Art,17,Axe,AxeNormal,0.9,pierce,standard,108,0,108,0,0,0.05,0.12,0,0.4,0,9,14,0,0,0,500,10000,0,0,4,0,0,6,6,6,6,800,Quickstep,0,0,0
14010600,Forked Hatchet,Lightning,17,Axe,AxeNormal,0.9,pierce,standard,108,0,0,108,0,0.08,0.35,0,0,0,9,14,0,0,0,600,10000,0,0,0,4,0,6,6,6,6,800,Quickstep,0,0,0
14010700,Forked Hatchet,Sacred,17,Axe,AxeNormal,0.9,pierce,standard,108,0,0,0,108,0.05,0.12,0,0.4,0,9,14,0,0,0,700,10000,0,0,0,0,4,6,6,6,6,800,Quickstep,0,0,0
14010800,Forked Hatchet,Magic,17,Axe,AxeNormal,0.9,pierce,standard,108,108,0,0,0,0.08,0.18,0.44,0,0,9,14,0,0,0,800,10000,0,4,0,0,0,6,6,6,6,800,Quickstep,0,0,0
14010900,Forked Hatchet,Cold,17,Axe,AxeNormal,0.9,pierce,standard,108,86,0,0,0,0.26,0.54,0.4,0,0,9,14,0,0,0,900,10000,0,4,0,0,0,6,6,6,6,800,Quickstep,0,0,0
14011000,Forked Hatchet,Poison,17,Axe,AxeNormal,0.9,pierce,standard,108,0,0,0,0,0.27,0.57,0,0,0.3,9,14,0,0,0,1000,10013,0,0,0,0,0,6,6,6,6,800,Quickstep,0,0,0
14011100,Forked Hatchet,Blood,17,Axe,AxeNormal,0.9,pierce,standard,108,0,0,0,0,0.27,0.57,0,0,0.3,9,14,0,0,0,1100,10013,0,0,0,0,0,6,6,6,6,800,Quickstep,0,0,0
14011200,Forked Hatchet,Occult,17,Axe,AxeNormal,0.9,pierce,standard,108,0,0,0,0,0.11,0.24,0,0,0.75,9,14,0,0,0,1200,10013,7,0,0,0,0,6,6,6,6,800,Quickstep,0,0,0
14020000,Hand Axe,Standard,17,Axe,AxeNormal,0.97,standard,standard,117,0,0,0,0,0.3,0.55,0,0,0,9,8,0,0,0,0,10000,0,0,0,0,0,6,6,6,6,800,Quickstep,0,0,0
14020100,Hand Axe,Heavy,17,Axe,AxeNormal,0.97,standard,standard,112,0,0,0,0,0.5,0,0,0,0,9,8,0,0,0,100,10000,1,0,0,0,0,6,6,6,6,800,Quickstep,0,0,0
14020200,Hand Axe,Keen,17,Axe,AxeNormal,0.97,standard,standard,112,0,0,0,0,0.08,0.49,0,0,0,9,8,0,0,0,200,10000,2,0,0,0,0,6,6,6,6,800,Quickstep,0,0,0
14020300,Hand Axe,Quality,17,Axe,AxeNormal,0.97,standard,standard,112,0,0,0,0,0.55,0.55,0,0,0,9,8,0,0,0,300,10000,8,0,0,0,0,6,6,6,6,800,Quickstep,0,0,0
14020400,Hand Axe,Fire,17,Axe,AxeNormal,0.97,standard,standard,112,0,112,0,0,0.34,0.08,0,0,0,9,8,0,0,0,400,10005,0,0,4,0,0,6,6,6,6,800,Quickstep,0,0,0
14020500,Hand Axe,Flame Art,17,Axe,AxeNormal,0.97,standard,standard,112,0,112,0,0,0.06,0.11,0,0.38,0,9,8,0,0,0,500,10000,0,0,4,0,0,6,6,6,6,800,Quickstep,0,0,0
14020600,Hand Axe,Lightning,17,Axe,AxeNormal,0.97,standard,standard,112,0,0,112,0,0.08,0.34,0,0,0,9,8,0,0,0,600,10000,0,0,0,4,0,6,6,6,6,800,Quickstep,0,0,0
14020700,Hand Axe,Sacred,17,Axe,AxeNormal,0.97,standard,standard,112,0,0,0,112,0.06,0.11,0,0.38,0,9,8,0,0,0,700,10000,0,0,0,0,4,6,6,6,6,800,Quickstep,0,0,0
14020800,Hand Axe,Magic,17,Axe,AxeNormal,0.97,standard,standard,112,112,0,0,0,0.09,0.16,0.38,0,0,9,8,0,0,0,800,10000,0,4,0,0,0,6,6,6,6,800,Quickstep,0,0,0
14020900,Hand Axe,Cold,17,Axe,AxeNormal,0.97,standard,standard,112,90,0,0,0,0.27,0.49,0.29,0,0,9,8,0,0,0,900,10000,0,4,0,0,0,6,6,6,6,800,Quickstep,0,0,0
14021000,Hand Axe,Poison,17,Axe,AxeNormal,0.97,standard,standard,112,0,0,0,0,0.28,0.52,0,0,0.3,9,8,0,0,0,1000,10013,0,0,0,0,0,6,6,6,6,800,Quickstep,0,0,0
14021100,Hand Axe,Blood,17,Axe,AxeNormal,0.97,standard,standard,112,0,0,0,0,0.28,0.52,0,0,0.3,9,8,0,0,0,1100,10013,0,0,0,0,0,6,6,6,6,800,Quickstep,0,0,0
14021200,Hand Axe,Occult,17,Axe,AxeNormal,0.97,standard,standard,112,0,0,0,0,0.12,0.22,0,0,0.72,9,8,0,0,0,1200,10013,7,0,0,0,0,6,6,6,6,800,Quickstep,0,0,0
14030000,Jawbone Axe,Standard,17,Axe,AxeNormal,1.06,strike,strike,130,0,0,0,0,0.6,0.22,0,0,0,14,8,0,0,0,0,10000,0,0,0,0,0,6,6,6,6,110,Wild Strikes,0,0,0
14030100,Jawbone Axe,Heavy,17,Axe,AxeNormal,1.06,strike,strike,124,0,0,0,0,0.63,0,0,0,0,14,8,0,0,0,6000,10000,1,0,0,0,0,6,6,6,6,110,Wild Strikes,0,0,0
14030200,Jawbone Axe,Keen,17,Axe,AxeNormal,1.06,strike,strike,124,0,0,0,0,0.08,0.45,0,0,0,14,8,0,0,0,200,10000,2,0,0,0,0,6,6,6,6,110,Wild Strikes,0,0,0
14030300,Jawbone Axe,Quality,17,Axe,AxeNormal,1.06,strike,strike,124,0,0,0,0,0.55,0.55,0,0,0,14,8,0,0,0,300,10000,8,0,0,0,0,6,6,6,6,110,Wild Strikes,0,0,0
14030400,Jawbone Axe,Fire,17,Axe,AxeNormal,1.06,strike,strike,124,0,124,0,0,0.32,0.08,0,0,0,14,8,0,0,0,400,10005,0,0,4,0,0,6,6,6,6,110,Wild Strikes,0,0,0
14030500,Jawbone Axe,Flame Art,17,Axe,AxeNormal,1.06,strike,strike,124,0,124,0,0,0.12,0.04,0,0.36,0,14,8,0,0,0,500,10000,0,0,4,0,0,6,6,6,6,110,Wild Strikes,0,0,0
14030600,Jawbone Axe,Lightning,17,Axe,AxeNormal,1.06,strike,strike,124,0,0,124,0,0.08,0.32,0,0,0,14,8,0,0,0,600,10000,0,0,0,4,0,6,6,6,6,110,Wild Strikes,0,0,0
14030700,Jawbone Axe,Sacred,17,Axe,AxeNormal,1.06,strike,strike,124,0,0,0,124,0.12,0.04,0,0.36,0,14,8,0,0,0,700,10000,0,0,0,0,4,6,6,6,6,110,Wild Strikes,0,0,0
14030800,Jawbone Axe,Magic,17,Axe,AxeNormal,1.06,strike,strike,124,124,0,0,0,0.18,0.06,0.36,0,0,14,8,0,0,0,800,10000,0,4,0,0,0,6,6,6,6,110,Wild Strikes,0,0,0
14030900,Jawbone Axe,Cold,17,Axe,AxeNormal,1.06,strike,strike,124,99,0,0,0,0.54,0.19,0.28,0,0,14,8,0,0,0,900,10000,0,4,0,0,0,6,6,6,6,110,Wild Strikes,0,0,0
14031000,Jawbone Axe,Poison,17,Axe,AxeNormal,1.06,strike,strike,124,0,0,0,0,0.57,0.2,0,0,0.3,14,8,0,0,0,1000,10013,0,0,0,0,0,6,6,6,6,110,Wild Strikes,0,0,0
14031100,Jawbone Axe,Blood,17,Axe,AxeNormal,1.06,strike,strike,124,0,0,0,0,0.57,0.2,0,0,0.3,14,8,0,0,0,1100,10013,0,0,0,0,0,6,6,6,6,110,Wild Strikes,0,0,0
14031200,Jawbone Axe,Occult,17,Axe,AxeNormal,1.06,strike,strike,124,0,0,0,0,0.24,0.08,0,0,0.69,14,8,0,0,0,1200,10013,7,0,0,0,0,6,6,6,6,110,Wild Strikes,0,0,0
14040000,Iron Cleaver,Standard,17,Axe,AxeNormal,1.13,standard,standard,125,0,0,0,0,0.74,0.18,0,0,0,15,7,0,0,0,0,10000,0,0,0,0,0,6,6,6,6,110,Wild Strikes,0,0,0
14040100,Iron Cleaver,Heavy,17,Axe,AxeNormal,1.13,standard,standard,120,0,0,0,0,0.69,0,0,0,0,15,7,0,0,0,6000,10000,1,0,0,0,0,6,6,6,6,110,Wild Strikes,0,0,0
14040200,Iron Cleaver,Keen,17,Axe,AxeNormal,1.13,standard,standard,120,0,0,0,0,0.09,0.5,0,0,0,15,7,0,0,0,200,10000,2,0,0,0,0,6,6,6,6,110,Wild Strikes,0,0,0
14040300,Iron Cleaver,Quality,17,Axe,AxeNormal,1.13,standard,standard,120,0,0,0,0,0.59,0.59,0,0,0,15,7,0,0,0,300,10000,8,0,0,0,0,6,6,6,6,110,Wild Strikes,0,0,0
14040400,Iron Cleaver,Fire,17,Axe,AxeNormal,1.13,standard,standard,120,0,120,0,0,0.36,0.09,0,0,0,15,7,0,0,0,400,10005,0,0,4,0,0,6,6,6,6,110,Wild Strikes,0,0,0
14040500,Iron Cleaver,Flame Art,17,Axe,AxeNormal,1.13,standard,standard,120,0,120,0,0,0.14,0.05,0,0.41,0,15,7,0,0,0,500,10000,0,0,4,0,0,6,6,6,6,110,Wild Strikes,0,0,0
14040600,Iron Cleaver,Lightning,17,Axe,AxeNormal,1.13,standard,standard,120,0,0,120,0,0.09,0.36,0,0,0,15,7,0,0,0,600,10000,0,0,0,4,0,6,6,6,6,110,Wild Strikes,0,0,0
14040700,Iron Cleaver,Sacred,17,Axe,AxeNormal,1.13,standard,standard,120,0,0,0,120,0.14,0.05,0,0.41,0,15,7,0,0,0,700,10000,0,0,0,0,4,6,6,6,6,110,Wild Strikes,0,0,0
14040800,Iron Cleaver,Magic,17,Axe,AxeNormal,1.13,standard,standard,120,120,0,0,0,0.22,0.05,0.46,0,0,15,7,0,0,0,800,10000,0,4,0,0,0,6,6,6,6,110,Wild Strikes,0,0,0
14040900,Iron Cleaver,Cold,17,Axe,AxeNormal,1.13,standard,standard,120,96,0,0,0,0.66,0.16,0.32,0,0,15,7,0,0,0,900,10000,0,4,0,0,0,6,6,6,6,110,Wild Strikes,0,0,0
14041000,Iron Cleaver,Poison,17,Axe,AxeNormal,1.13,standard,standard,120,0,0,0,0,0.7,0.17,0,0,0.3,15,7,0,0,0,1000,10013,0,0,0,0,0,6,6,6,6,110,Wild Strikes,0,0,0
14041100,Iron Cleaver,Blood,17,Axe,AxeNormal,1.13,standard,standard,120,0,0,0,0,0.7,0.17,0,0,0.3,15,7,0,0,0,1100,10013,0,0,0,0,0,6,6,6,6,110,Wild Strikes,0,0,0
14041200,Iron Cleaver,Occult,17,Axe,AxeNormal,1.13,standard,standard,120,0,0,0,0,0.29,0.07,0,0,0.78,15,7,0,0,0,1200,10013,7,0,0,0,0,6,6,6,6,110,Wild Strikes,0,0,0
14050000,Ripple Blade,Standard,17,Axe,AxeNormal,1.07,standard,standard,75,0,0,0,0,0,0,0,0,1.58,11,11,0,0,20,0,10013,7,0,0,0,0,10,10,10,10,110,Wild Strikes,1,0,0
14060000,Celebrant's Cleaver,Standard,17,Axe,AxeNormal,1.07,standard,standard,125,0,0,0,0,0.49,0.32,0,0,0,12,8,0,0,0,0,10000,0,0,0,0,0,6,6,6,6,110,Wild Strikes,0,0,0
14060100,Celebrant's Cleaver,Heavy,17,Axe,AxeNormal,1.07,standard,standard,120,0,0,0,0,0.46,0,0,0,0,12,8,0,0,0,100,10000,1,0,0,0,0,6,6,6,6,110,Wild Strikes,0,0,0
14060200,Celebrant's Cleaver,Keen,17,Axe,AxeNormal,1.07,standard,standard,120,0,0,0,0,0.08,0.44,0,0,0,12,8,0,0,0,200,10000,2,0,0,0,0,6,6,6,6,110,Wild Strikes,0,0,0
14060300,Celebrant's Cleaver,Quality,17,Axe,AxeNormal,1.07,standard,standard,120,0,0,0,0,0.55,0.55,0,0,0,12,8,0,0,0,300,10000,8,0,0,0,0,6,6,6,6,110,Wild Strikes,0,0,0
14060400,Celebrant's Cleaver,Fire,17,Axe,AxeNormal,1.07,standard,standard,120,0,120,0,0,0.32,0.08,0,0,0,12,8,0,0,0,400,10005,0,0,4,0,0,6,6,6,6,110,Wild Strikes,0,0,0
14060500,Celebrant's Cleaver,Flame Art,17,Axe,AxeNormal,1.07,standard,standard,120,0,120,0,0,0.09,0.06,0,0.36,0,12,8,0,0,0,500,10000,0,0,4,0,0,6,6,6,6,110,Wild Strikes,0,0,0
14060600,Celebrant's Cleaver,Lightning,17,Axe,AxeNormal,1.07,standard,standard,120,0,0,120,0,0.08,0.32,0,0,0,12,8,0,0,0,600,10000,0,0,0,4,0,6,6,6,6,110,Wild Strikes,0,0,0
14060700,Celebrant's Cleaver,Sacred,17,Axe,AxeNormal,1.07,standard,standard,120,0,0,0,120,0.09,0.06,0,0.36,0,12,8,0,0,0,700,10000,0,0,0,0,4,6,6,6,6,110,Wild Strikes,0,0,0
14060800,Celebrant's Cleaver,Magic,17,Axe,AxeNormal,1.07,standard,standard,120,120,0,0,0,0.14,0.09,0.36,0,0,12,8,0,0,0,800,10000,0,4,0,0,0,6,6,6,6,110,Wild Strikes,0,0,0
14060900,Celebrant's Cleaver,Cold,17,Axe,AxeNormal,1.07,standard,standard,120,96,0,0,0,0.44,0.28,0.32,0,0,12,8,0,0,0,900,10000,0,4,0,0,0,6,6,6,6,110,Wild Strikes,0,0,0
14061000,Celebrant's Cleaver,Poison,17,Axe,AxeNormal,1.07,standard,standard,120,0,0,0,0,0.44,0.28,0,0,0.3,12,8,0,0,0,1000,10013,0,0,0,0,0,6,6,6,6,110,Wild Strikes,0,0,0
14061100,Celebrant's Cleaver,Blood,17,Axe,AxeNormal,1.07,standard,standard,120,0,0,0,0,0.44,0.28,0,0,0.3,12,8,0,0,0,1100,10013,0,0,0,0,0,6,6,6,6,110,Wild Strikes,0,0,0
14061200,Celebrant's Cleaver,Occult,17,Axe,AxeNormal,1.07,standard,standard,120,0,0,0,0,0.19,0.12,0,0,0.68,12,8,0,0,0,1200,10013,7,0,0,0,0,6,6,6,6,110,Wild Strikes,0,0,0
14080000,Icerind Hatchet,Standard,17,Axe,AxeNormal,0.98,standard,standard,115,0,0,0,0,0.2,0.6,0,0,0,11,16,0,0,0,2200,10000,0,0,0,0,0,6,6,6,6,501,Hoarfrost Stomp,0,0,1
14100000,Highland Axe,Standard,17,Axe,AxeNormal,1.07,standard,standard,128,0,0,0,0,0.42,0.36,0,0,0,12,9,0,0,0,0,10000,0,0,0,0,0,6,6,6,6,651,War Cry,0,0,0
14100100,Highland Axe,Heavy,17,Axe,AxeNormal,1.07,standard,standard,122,0,0,0,0,0.46,0,0,0,0,12,9,0,0,0,100,10000,1,0,0,0,0,6,6,6,6,651,War Cry,0,0,0
14100200,Highland Axe,Keen,17,Axe,AxeNormal,1.07,standard,standard,122,0,0,0,0,0.07,0.42,0,0,0,12,9,0,0,0,200,10000,2,0,0,0,0,6,6,6,6,651,War Cry,0,0,0
14100300,Highland Axe,Quality,17,Axe,AxeNormal,1.07,standard,standard,122,0,0,0,0,0.54,0.54,0,0,0,12,9,0,0,0,300,10000,8,0,0,0,0,6,6,6,6,651,War Cry,0,0,0
14100400,Highland Axe,Fire,17,Axe,AxeNormal,1.07,standard,standard,122,0,122,0,0,0.31,0.07,0,0,0,12,9,0,0,0,400,10005,0,0,4,0,0,6,6,6,6,651,War Cry,0,0,0
14100500,Highland Axe,Flame Art,17,Axe,AxeNormal,1.07,standard,standard,122,0,122,0,0,0.08,0.07,0,0.35,0,12,9,0,0,0,500,10000,0,0,4,0,0,6,6,6,6,651,War Cry,0,0,0
14100600,Highland Axe,Lightning,17,Axe,AxeNormal,1.07,standard,standard,122,0,0,122,0,0.07,0.31,0,0,0,12,9,0,0,0,600,10000,0,0,0,4,0,6,6,6,6,651,War Cry,0,0,0
14100700,Highland Axe,Sacred,17,Axe,AxeNormal,1.07,standard,standard,122,0,0,0,122,0.08,0.07,0,0.35,0,12,9,0,0,0,700,10000,0,0,0,0,4,6,6,6,6,651,War Cry,0,0,0
14100800,Highland Axe,Magic,17,Axe,AxeNormal,1.07,standard,standard,122,122,0,0,0,0.12,0.1,0.35,0,0,12,9,0,0,0,800,10000,0,4,0,0,0,6,6,6,6,651,War Cry,0,0,0
14100900,Highland Axe,Cold,17,Axe,AxeNormal,1.07,standard,standard,122,98,0,0,0,0.37,0.32,0.27,0,0,12,9,0,0,0,900,10000,0,4,0,0,0,6,6,6,6,651,War Cry,0,0,0
14101000,Highland Axe,Poison,17,Axe,AxeNormal,1.07,standard,standard,122,0,0,0,0,0.37,0.32,0,0,0.3,12,9,0,0,0,1000,10013,0,0,0,0,0,6,6,6,6,651,War Cry,0,0,0
14101100,Highland Axe,Blood,17,Axe,AxeNormal,1.07,standard,standard,122,0,0,0,0,0.37,0.32,0,0,0.3,12,9,0,0,0,1100,10013,0,0,0,0,0,6,6,6,6,651,War Cry,0,0,0
14101200,Highland Axe,Occult,17,Axe,AxeNormal,1.07,standard,standard,122,0,0,0,0,0.16,0.14,0,0,0.66,12,9,0,0,0,1200,10013,7,0,0,0,0,6,6,6,6,651,War Cry,0,0,0
14110000,Sacrificial Axe,Standard,17,Axe,AxeNormal,1.06,standard,standard,133,0,0,0,0,0.46,0.32,0,0,0,16,10,0,0,0,0,10000,0,0,0,0,0,6,6,6,6,110,Wild Strikes,0,0,0
14110100,Sacrificial Axe,Heavy,17,Axe,AxeNormal,1.06,standard,standard,127,0,0,0,0,0.48,0,0,0,0,16,10,0,0,0,100,10000,1,0,0,0,0,6,6,6,6,110,Wild Strikes,0,0,0
14110200,Sacrificial Axe,Keen,17,Axe,AxeNormal,1.06,standard,standard,127,0,0,0,0,0.07,0.42,0,0,0,16,10,0,0,0,200,10000,2,0,0,0,0,6,6,6,6,110,Wild Strikes,0,0,0
14110300,Sacrificial Axe,Quality,17,Axe,AxeNormal,1.06,standard,standard,127,0,0,0,0,0.53,0.53,0,0,0,16,10,0,0,0,300,10000,8,0,0,0,0,6,6,6,6,110,Wild Strikes,0,0,0
14110400,Sacrificial Axe,Fire,17,Axe,AxeNormal,1.06,standard,standard,127,0,127,0,0,0.31,0.07,0,0,0,16,10,0,0,0,400,10005,0,0,4,0,0,6,6,6,6,110,Wild Strikes,0,0,0
14110500,Sacrificial Axe,Flame Art,17,Axe,AxeNormal,1.06,standard,standard,127,0,127,0,0,0.09,0.06,0,0.35,0,16,10,0,0,0,500,10000,0,0,4,0,0,6,6,6,6,110,Wild Strikes,0,0,0
14110600,Sacrificial Axe,Lightning,17,Axe,AxeNormal,1.06,standard,standard,127,0,0,127,0,0.07,0.31,0,0,0,16,10,0,0,0,600,10000,0,0,0,4,0,6,6,6,6,110,Wild Strikes,0,0,0
14110700,Sacrificial Axe,Sacred,17,Axe,AxeNormal,1.06,standard,standard,127,0,0,0,127,0.09,0.06,0,0.35,0,16,10,0,0,0,700,10000,0,0,0,0,4,6,6,6,6,110,Wild Strikes,0,0,0
14110800,Sacrificial Axe,Magic,17,Axe,AxeNormal,1.06,standard,standard,127,127,0,0,0,0.13,0.09,0.35,0,0,16,10,0,0,0,800,10000,0,4,0,0,0,6,6,6,6,110,Wild Strikes,0,0,0
14110900,Sacrificial Axe,Cold,17,Axe,AxeNormal,1.06,standard,standard,127,102,0,0,0,0.41,0.28,0.31,0,0,16,10,0,0,0,900,10000,0,4,0,0,0,6,6,6,6,110,Wild Strikes,0,0,0
14111000,Sacrificial Axe,Poison,17,Axe,AxeNormal,1.06,standard,standard,127,0,0,0,0,0.41,0.28,0,0,0.3,16,10,0,0,0,1000,10013,0,0,0,0,0,6,6,6,6,110,Wild Strikes,0,0,0
14111100,Sacrificial Axe,Blood,17,Axe,AxeNormal,1.06,standard,standard,127,0,0,0,0,0.41,0.28,0,0,0.3,16,10,0,0,0,1100,10013,0,0,0,0,0,6,6,6,6,110,Wild Strikes,0,0,0
14111200,Sacrificial Axe,Occult,17,Axe,AxeNormal,1.06,standard,standard,127,0,0,0,0,0.18,0.12,0,0,0.66,16,10,0,0,0,1200,10013,7,0,0,0,0,6,6,6,6,110,Wild Strikes,0,0,0
14120000,Rosus' Axe,Standard,17,Axe,AxeNormal,1.1,standard,standard,112,72,0,0,0,0.5,0.22,0.45,0,0,18,10,18,0,0,2200,10000,0,4,0,0,0,6,6,6,6,1185,Rosus's Summons,1,0,1
14140000,Stormhawk Axe,Standard,17,Axe,AxeNormal,1.1,standard,standard,136,0,0,0,0,0.44,0.34,0,0,0,19,15,0,0,0,2200,10000,0,0,0,0,0,6,6,6,6,1186,Thunderstorm,1,0,1
14500000,Smithscript Axe,Standard,17,Axe,AxeNormal,1.045,standard,standard,131,0,0,0,0,0.48,0.33,0.05,0.05,0,13,10,11,11,0,0,20010100,0,0,0,0,0,6,6,6,6,110,Wild Strikes,0,0,0
14500100,Smithscript Axe,Heavy,17,Axe,AxeNormal,1.045,standard,standard,125,0,0,0,0,0.48,0,0.04,0.04,0,13,10,11,11,0,100,20010100,1,0,0,0,0,6,6,6,6,110,Wild Strikes,0,0,0
14500200,Smithscript Axe,Keen,17,Axe,AxeNormal,1.045,standard,standard,125,0,0,0,0,0.09,0.45,0.04,0.04,0,13,10,11,11,0,200,20010100,2,0,0,0,0,6,6,6,6,110,Wild Strikes,0,0,0
14500300,Smithscript Axe,Quality,17,Axe,AxeNormal,1.045,standard,standard,125,0,0,0,0,0.55,0.55,0.04,0.04,0,13,10,11,11,0,300,20010100,8,0,0,0,0,6,6,6,6,110,Wild Strikes,0,0,0
14500400,Smithscript Axe,Fire,17,Axe,AxeNormal,1.045,standard,standard,125,0,125,0,0,0.33,0.04,0.04,0.04,0,13,10,11,11,0,400,20010101,0,0,4,0,0,6,6,6,6,110,Wild Strikes,0,0,0
14500500,Smithscript Axe,Flame Art,17,Axe,AxeNormal,1.045,standard,standard,125,0,125,0,0,0.04,0.03,0.04,0.37,0,13,10,11,11,0,500,20010103,0,0,4,0,0,6,6,6,6,110,Wild Strikes,0,0,0
14500600,Smithscript Axe,Lightning,17,Axe,AxeNormal,1.045,standard,standard,125,0,0,125,0,0.09,0.32,0.04,0.04,0,13,10,11,11,0,600,20010100,0,0,0,4,0,6,6,6,6,110,Wild Strikes,0,0,0
14500700,Smithscript Axe,Sacred,17,Axe,AxeNormal,1.045,standard,standard,125,0,0,0,125,0.04,0.03,0.04,0.37,0,13,10,11,11,0,700,20010105,0,0,0,0,4,6,6,6,6,110,Wild Strikes,0,0,0
14500800,Smithscript Axe,Magic,17,Axe,AxeNormal,1.045,standard,standard,125,125,0,0,0,0.12,0.08,0.36,0.04,0,13,10,11,11,0,800,20010104,0,4,0,0,0,6,6,6,6,110,Wild Strikes,0,0,0
14500900,Smithscript Axe,Cold,17,Axe,AxeNormal,1.045,standard,standard,125,106,0,0,0,0.42,0.29,0.31,0.04,0,13,10,11,11,0,900,20010104,0,4,0,0,0,6,6,6,6,110,Wild Strikes,0,0,0
14501000,Smithscript Axe,Poison,17,Axe,AxeNormal,1.045,standard,standard,125,0,0,0,0,0.43,0.29,0.04,0.04,0.3,13,10,11,11,0,1000,20010102,0,0,0,0,0,6,6,6,6,110,Wild Strikes,0,0,0
14501100,Smithscript Axe,Blood,17,Axe,AxeNormal,1.045,standard,standard,125,0,0,0,0,0.43,0.29,0.04,0.04,0.3,13,10,11,11,0,1100,20010102,0,0,0,0,0,6,6,6,6,110,Wild Strikes,0,0,0
14501200,Smithscript Axe,Occult,17,Axe,AxeNormal,1.045,standard,standard,125,0,0,0,0,0.14,0.09,0.04,0.04,0.72,13,10,11,11,0,1200,20010102,7,0,0,0,0,6,6,6,6,110,Wild Strikes,0,0,0
14510000,Death Knight's Twin Axes,Standard,17,Axe,AxeNormal,1.06,standard,standard,101,0,0,65,0,0.42,0.27,0,0.35,0,14,12,0,16,0,2200,20010300,0,0,0,0,0,6,6,6,6,5130,Blinkbolt: Twinaxe,1,1,1
14520000,Messmer Soldier's Axe,Standard,17,Axe,AxeNormal,1.06,standard,standard,133,0,0,0,0,0.41,0.41,0,0,0,14,10,0,0,0,0,10000,0,0,0,0,0,6,6,6,6,651,War Cry,0,0,0
14520100,Messmer Soldier's Axe,Heavy,17,Axe,AxeNormal,1.06,standard,standard,127,0,0,0,0,0.47,0,0,0,0,14,10,0,0,0,100,10000,1,0,0,0,0,6,6,6,6,651,War Cry,0,0,0
14520200,Messmer Soldier's Axe,Keen,17,Axe,AxeNormal,1.06,standard,standard,127,0,0,0,0,0.08,0.45,0,0,0,14,10,0,0,0,200,10000,2,0,0,0,0,6,6,6,6,651,War Cry,0,0,0
14520300,Messmer Soldier's Axe,Quality,17,Axe,AxeNormal,1.06,standard,standard,127,0,0,0,0,0.55,0.55,0,0,0,14,10,0,0,0,300,10000,8,0,0,0,0,6,6,6,6,651,War Cry,0,0,0
14520400,Messmer Soldier's Axe,Fire,17,Axe,AxeNormal,1.06,standard,standard,127,0,127,0,0,0.32,0.08,0,0,0,14,10,0,0,0,400,10005,0,0,4,0,0,6,6,6,6,651,War Cry,0,0,0
14520500,Messmer Soldier's Axe,Flame Art,17,Axe,AxeNormal,1.06,standard,standard,127,0,127,0,0,0.08,0.08,0,0.36,0,14,10,0,0,0,500,10000,0,0,4,0,0,6,6,6,6,651,War Cry,0,0,0
14520600,Messmer Soldier's Axe,Lightning,17,Axe,AxeNormal,1.06,standard,standard,127,0,0,127,0,0.08,0.32,0,0,0,14,10,0,0,0,600,10000,0,0,0,4,0,6,6,6,6,651,War Cry,0,0,0
14520700,Messmer Soldier's Axe,Sacred,17,Axe,AxeNormal,1.06,standard,standard,127,0,0,0,127,0.08,0.08,0,0.36,0,14,10,0,0,0,700,10000,0,0,0,0,4,6,6,6,6,651,War Cry,0,0,0
14520800,Messmer Soldier's Axe,Magic,17,Axe,AxeNormal,1.06,standard,standard,127,127,0,0,0,0.12,0.12,0.36,0,0,14,10,0,0,0,800,10000,0,4,0,0,0,6,6,6,6,651,War Cry,0,0,0
14520900,Messmer Soldier's Axe,Cold,17,Axe,AxeNormal,1.06,standard,standard,127,108,0,0,0,0.36,0.36,0.32,0,0,14,10,0,0,0,900,10000,0,4,0,0,0,6,6,6,6,651,War Cry,0,0,0
14521000,Messmer Soldier's Axe,Poison,17,Axe,AxeNormal,1.06,standard,standard,127,0,0,0,0,0.36,0.36,0,0,0.3,14,10,0,0,0,1000,10013,0,0,0,0,0,6,6,6,6,651,War Cry,0,0,0
14521100,Messmer Soldier's Axe,Blood,17,Axe,AxeNormal,1.06,standard,standard,127,0,0,0,0,0.36,0.36,0,0,0.3,14,10,0,0,0,1100,10013,0,0,0,0,0,6,6,6,6,651,War Cry,0,0,0
14521200,Messmer Soldier's Axe,Occult,17,Axe,AxeNormal,1.06,standard,standard,127,0,0,0,0,0.16,0.16,0,0,0.69,14,10,0,0,0,1200,10013,7,0,0,0,0,6,6,6,6,651,War Cry,0,0,0
14540000,Forked-Tongue Hatchet,Standard,17,Axe,AxeNormal,1,pierce,standard,125,0,0,0,0,0.33,0.45,0,0,0,10,13,0,0,0,0,10000,0,0,0,0,0,6,6,6,6,5570,Dragonform Flame,0,0,0
15000000,Greataxe,Standard,19,Greataxe,AxeLarge,1.005,standard,standard,151,0,0,0,0,0.55,0.31,0,0,0,30,8,0,0,0,0,10000,0,0,0,0,0,6,6,6,6,650,Barbaric Roar,0,0,0
15000100,Greataxe,Heavy,19,Greataxe,AxeLarge,1.005,standard,standard,146,0,0,0,0,0.5,0,0,0,0,30,8,0,0,0,100,10000,1,0,0,0,0,6,6,6,6,650,Barbaric Roar,0,0,0
15000200,Greataxe,Keen,19,Greataxe,AxeLarge,1.005,standard,standard,146,0,0,0,0,0.12,0.44,0,0,0,30,8,0,0,0,200,10000,2,0,0,0,0,6,6,6,6,650,Barbaric Roar,0,0,0
15000300,Greataxe,Quality,19,Greataxe,AxeLarge,1.005,standard,standard,146,0,0,0,0,0.56,0.56,0,0,0,30,8,0,0,0,300,10000,8,0,0,0,0,6,6,6,6,650,Barbaric Roar,0,0,0
15000400,Greataxe,Fire,19,Greataxe,AxeLarge,1.005,standard,standard,146,0,146,0,0,0.34,0.08,0,0,0,30,8,0,0,0,400,10005,0,0,4,0,0,6,6,6,6,650,Barbaric Roar,0,0,0
15000500,Greataxe,Flame Art,19,Greataxe,AxeLarge,1.005,standard,standard,146,0,146,0,0,0.16,0.09,0,0.32,0,30,8,0,0,0,500,10000,0,0,4,0,0,6,6,6,6,650,Barbaric Roar,0,0,0
15000600,Greataxe,Lightning,19,Greataxe,AxeLarge,1.005,standard,standard,146,0,0,146,0,0.08,0.34,0,0,0,30,8,0,0,0,600,10000,0,0,0,4,0,6,6,6,6,650,Barbaric Roar,0,0,0
15000700,Greataxe,Sacred,19,Greataxe,AxeLarge,1.005,standard,standard,146,0,0,0,146,0.16,0.09,0,0.32,0,30,8,0,0,0,700,10000,0,0,0,0,4,6,6,6,6,650,Barbaric Roar,0,0,0
15000800,Greataxe,Magic,19,Greataxe,AxeLarge,1.005,standard,standard,146,146,0,0,0,0.16,0.09,0.38,0,0,30,8,0,0,0,800,10000,0,4,0,0,0,6,6,6,6,650,Barbaric Roar,0,0,0
15000900,Greataxe,Cold,19,Greataxe,AxeLarge,1.005,standard,standard,146,110,0,0,0,0.49,0.27,0.38,0,0,30,8,0,0,0,900,10000,0,4,0,0,0,6,6,6,6,650,Barbaric Roar,0,0,0
15001000,Greataxe,Poison,19,Greataxe,AxeLarge,1.005,standard,standard,146,0,0,0,0,0.52,0.29,0,0,0.3,30,8,0,0,0,1000,10013,0,0,0,0,0,6,6,6,6,650,Barbaric Roar,0,0,0
15001100,Greataxe,Blood,19,Greataxe,AxeLarge,1.005,standard,standard,146,0,0,0,0,0.52,0.29,0,0,0.3,30,8,0,0,0,1100,10013,0,0,0,0,0,6,6,6,6,650,Barbaric Roar,0,0,0
15001200,Greataxe,Occult,19,Greataxe,AxeLarge,1.005,standard,standard,146,0,0,0,0,0.22,0.12,0,0,0.73,30,8,0,0,0,1200,10013,7,0,0,0,0,6,6,6,6,650,Barbaric Roar,0,0,0
15010000,Warped Axe,Standard,17,Axe,AxeNormal,1.23,standard,standard,124,0,0,0,0,0.85,0,0,0,0,24,8,0,0,0,0,10000,0,0,0,0,0,6,6,6,6,651,War Cry,0,0,0
15010100,Warped Axe,Heavy,17,Axe,AxeNormal,1.23,standard,standard,120,0,0,0,0,0.73,0,0,0,0,24,8,0,0,0,6000,10000,1,0,0,0,0,6,6,6,6,651,War Cry,0,0,0
15010200,Warped Axe,Keen,17,Axe,AxeNormal,1.23,standard,standard,120,0,0,0,0,0.25,0.51,0,0,0,24,8,0,0,0,200,10000,2,0,0,0,0,6,6,6,6,651,War Cry,0,0,0
15010300,Warped Axe,Quality,17,Axe,AxeNormal,1.23,standard,standard,120,0,0,0,0,0.63,0.63,0,0,0,24,8,0,0,0,300,10000,8,0,0,0,0,6,6,6,6,651,War Cry,0,0,0
15010400,Warped Axe,Fire,17,Axe,AxeNormal,1.23,standard,standard,120,0,120,0,0,0.42,0.08,0,0,0,24,8,0,0,0,400,10005,0,0,4,0,0,6,6,6,6,651,War Cry,0,0,0
15010500,Warped Axe,Flame Art,17,Axe,AxeNormal,1.23,standard,standard,120,0,120,0,0,0.38,0,0,0.35,0,24,8,0,0,0,500,10000,0,0,4,0,0,6,6,6,6,651,War Cry,0,0,0
15010600,Warped Axe,Lightning,17,Axe,AxeNormal,1.23,standard,standard,120,0,0,120,0,0.25,0.42,0,0,0,24,8,0,0,0,600,10000,0,0,0,4,0,6,6,6,6,651,War Cry,0,0,0
15010700,Warped Axe,Sacred,17,Axe,AxeNormal,1.23,standard,standard,120,0,0,0,120,0.34,0,0,0.35,0,24,8,0,0,0,700,10000,0,0,0,0,4,6,6,6,6,651,War Cry,0,0,0
15010800,Warped Axe,Magic,17,Axe,AxeNormal,1.23,standard,standard,120,120,0,0,0,0.38,0,0.42,0,0,24,8,0,0,0,800,10000,0,4,0,0,0,6,6,6,6,651,War Cry,0,0,0
15010900,Warped Axe,Cold,17,Axe,AxeNormal,1.23,standard,standard,120,90,0,0,0,0.76,0,0.38,0,0,24,8,0,0,0,900,10000,0,4,0,0,0,6,6,6,6,651,War Cry,0,0,0
15011000,Warped Axe,Poison,17,Axe,AxeNormal,1.23,standard,standard,120,0,0,0,0,0.76,0,0,0,0.3,24,8,0,0,0,1000,10013,0,0,0,0,0,6,6,6,6,651,War Cry,0,0,0
15011100,Warped Axe,Blood,17,Axe,AxeNormal,1.23,standard,standard,120,0,0,0,0,0.76,0,0,0,0.3,24,8,0,0,0,1100,10013,0,0,0,0,0,6,6,6,6,651,War Cry,0,0,0
15011200,Warped Axe,Occult,17,Axe,AxeNormal,1.23,standard,standard,120,0,0,0,0,0.68,0,0,0,0.72,24,8,0,0,0,1200,10013,7,0,0,0,0,6,6,6,6,651,War Cry,0,0,0
15020000,Great Omenkiller Cleaver,Standard,19,Greataxe,AxeLarge,1,standard,standard,142,0,0,0,0,0.55,0.35,0,0,0,23,12,0,0,0,0,10000,0,0,0,0,0,6,6,6,6,110,Wild Strikes,0,0,0
15020100,Great Omenkiller Cleaver,Heavy,19,Greataxe,AxeLarge,1,standard,standard,137,0,0,0,0,0.52,0,0,0,0,23,12,0,0,0,100,10000,1,0,0,0,0,6,6,6,6,651,War Cry,0,0,0
15020200,Great Omenkiller Cleaver,Keen,19,Greataxe,AxeLarge,1,standard,standard,137,0,0,0,0,0.13,0.46,0,0,0,23,12,0,0,0,200,10000,2,0,0,0,0,6,6,6,6,651,War Cry,0,0,0
15020300,Great Omenkiller Cleaver,Quality,19,Greataxe,AxeLarge,1,standard,standard,137,0,0,0,0,0.59,0.59,0,0,0,23,12,0,0,0,300,10000,8,0,0,0,0,6,6,6,6,651,War Cry,0,0,0
15020400,Great Omenkiller Cleaver,Fire,19,Greataxe,AxeLarge,1,standard,standard,137,0,137,0,0,0.37,0.09,0,0,0,23,12,0,0,0,400,10005,0,0,4,0,0,6,6,6,6,651,War Cry,0,0,0
15020500,Great Omenkiller Cleaver,Flame Art,19,Greataxe,AxeLarge,1,standard,standard,137,0,137,0,0,0.16,0.1,0,0.36,0,23,12,0,0,0,500,10000,0,0,4,0,0,6,6,6,6,651,War Cry,0,0,0
15020600,Great Omenkiller Cleaver,Lightning,19,Greataxe,AxeLarge,1,standard,standard,137,0,0,137,0,0.09,0.37,0,0,0,23,12,0,0,0,600,10000,0,0,0,4,0,6,6,6,6,651,War Cry,0,0,0
15020700,Great Omenkiller Cleaver,Sacred,19,Greataxe,AxeLarge,1,standard,standard,137,0,0,0,137,0.16,0.1,0,0.36,0,23,12,0,0,0,700,10000,0,0,0,0,4,6,6,6,6,651,War Cry,0,0,0
15020800,Great Omenkiller Cleaver,Magic,19,Greataxe,AxeLarge,1,standard,standard,137,137,0,0,0,0.16,0.1,0.4,0,0,23,12,0,0,0,800,10000,0,4,0,0,0,6,6,6,6,651,War Cry,0,0,0
15020900,Great Omenkiller Cleaver,Cold,19,Greataxe,AxeLarge,1,standard,standard,137,103,0,0,0,0.49,0.31,0.31,0,0,23,12,0,0,0,900,10000,0,4,0,0,0,6,6,6,6,651,War Cry,0,0,0
15021000,Great Omenkiller Cleaver,Poison,19,Greataxe,AxeLarge,1,standard,standard,137,0,0,0,0,0.49,0.31,0,0,0.3,23,12,0,0,0,1000,10013,0,0,0,0,0,6,6,6,6,651,War Cry,0,0,0
15021100,Great Omenkiller Cleaver,Blood,19,Greataxe,AxeLarge,1,standard,standard,137,0,0,0,0,0.49,0.31,0,0,0.3,23,12,0,0,0,1100,10013,0,0,0,0,0,6,6,6,6,651,War Cry,0,0,0
15021200,Great Omenkiller Cleaver,Occult,19,Greataxe,AxeLarge,1,standard,standard,137,0,0,0,0,0.22,0.14,0,0,0.76,23,12,0,0,0,1200,10013,7,0,0,0,0,6,6,6,6,651,War Cry,0,0,0
15030000,Crescent Moon Axe,Standard,19,Greataxe,AxeLarge,1.03,standard,standard,146,0,0,0,0,0.39,0.49,0,0,0,25,15,0,0,0,0,10000,0,0,0,0,0,6,6,6,6,651,War Cry,0,0,0
15030100,Crescent Moon Axe,Heavy,19,Greataxe,AxeLarge,1.03,standard,standard,141,0,0,0,0,0.51,0,0,0,0,25,15,0,0,0,100,10000,1,0,0,0,0,6,6,6,6,651,War Cry,0,0,0
15030200,Crescent Moon Axe,Keen,19,Greataxe,AxeLarge,1.03,standard,standard,141,0,0,0,0,0.13,0.47,0,0,0,25,15,0,0,0,200,10000,2,0,0,0,0,6,6,6,6,651,War Cry,0,0,0
15030300,Crescent Moon Axe,Quality,19,Greataxe,AxeLarge,1.03,standard,standard,141,0,0,0,0,0.58,0.58,0,0,0,25,15,0,0,0,300,10000,8,0,0,0,0,6,6,6,6,651,War Cry,0,0,0
15030400,Crescent Moon Axe,Fire,19,Greataxe,AxeLarge,1.03,standard,standard,141,0,141,0,0,0.36,0.08,0,0,0,25,15,0,0,0,400,10005,0,0,4,0,0,6,6,6,6,651,War Cry,0,0,0
15030500,Crescent Moon Axe,Flame Art,19,Greataxe,AxeLarge,1.03,standard,standard,141,0,141,0,0,0.11,0.14,0,0.35,0,25,15,0,0,0,500,10000,0,0,4,0,0,6,6,6,6,651,War Cry,0,0,0
15030600,Crescent Moon Axe,Lightning,19,Greataxe,AxeLarge,1.03,standard,standard,141,0,0,141,0,0.08,0.36,0,0,0,25,15,0,0,0,600,10000,0,0,0,4,0,6,6,6,6,651,War Cry,0,0,0
15030700,Crescent Moon Axe,Sacred,19,Greataxe,AxeLarge,1.03,standard,standard,141,0,0,0,141,0.11,0.14,0,0.35,0,25,15,0,0,0,700,10000,0,0,0,0,4,6,6,6,6,651,War Cry,0,0,0
15030800,Crescent Moon Axe,Magic,19,Greataxe,AxeLarge,1.03,standard,standard,141,141,0,0,0,0.11,0.14,0.39,0,0,25,15,0,0,0,800,10000,0,4,0,0,0,6,6,6,6,651,War Cry,0,0,0
15030900,Crescent Moon Axe,Cold,19,Greataxe,AxeLarge,1.03,standard,standard,141,106,0,0,0,0.35,0.44,0.3,0,0,25,15,0,0,0,900,10000,0,4,0,0,0,6,6,6,6,651,War Cry,0,0,0
15031000,Crescent Moon Axe,Poison,19,Greataxe,AxeLarge,1.03,standard,standard,141,0,0,0,0,0.35,0.44,0,0,0.3,25,15,0,0,0,1000,10013,0,0,0,0,0,6,6,6,6,651,War Cry,0,0,0
15031100,Crescent Moon Axe,Blood,19,Greataxe,AxeLarge,1.03,standard,standard,141,0,0,0,0,0.35,0.44,0,0,0.3,25,15,0,0,0,1100,10013,0,0,0,0,0,6,6,6,6,651,War Cry,0,0,0
15031200,Crescent Moon Axe,Occult,19,Greataxe,AxeLarge,1.03,standard,standard,141,0,0,0,0,0.15,0.19,0,0,0.74,25,15,0,0,0,1200,10013,7,0,0,0,0,6,6,6,6,651,War Cry,0,0,0
15040000,Axe of Godrick,Standard,19,Greataxe,AxeLarge,1,standard,standard,142,0,0,0,0,0.48,0.4,0,0,0,34,22,0,0,0,2200,10000,0,0,0,0,0,6,6,6,6,1030,I Command Thee Kneel!,1,0,1
15050000,Longhaft Axe,Standard,19,Greataxe,AxeLarge,1.03,standard,standard,146,0,0,0,0,0.5,0.39,0,0,0,24,8,0,0,0,0,10000,0,0,0,0,0,6,6,6,6,651,War Cry,0,0,0
15050100,Longhaft Axe,Heavy,19,Greataxe,AxeLarge,1.03,standard,standard,141,0,0,0,0,0.52,0,0,0,0,24,8,0,0,0,100,10000,1,0,0,0,0,6,6,6,6,651,War Cry,0,0,0
15050200,Longhaft Axe,Keen,19,Greataxe,AxeLarge,1.03,standard,standard,141,0,0,0,0,0.13,0.46,0,0,0,24,8,0,0,0,200,10000,2,0,0,0,0,6,6,6,6,651,War Cry,0,0,0
15050300,Longhaft Axe,Quality,19,Greataxe,AxeLarge,1.03,standard,standard,141,0,0,0,0,0.58,0.58,0,0,0,24,8,0,0,0,300,10000,8,0,0,0,0,6,6,6,6,651,War Cry,0,0,0
15050400,Longhaft Axe,Fire,19,Greataxe,AxeLarge,1.03,standard,standard,141,0,141,0,0,0.37,0.08,0,0,0,24,8,0,0,0,400,10005,0,0,4,0,0,6,6,6,6,651,War Cry,0,0,0
15050500,Longhaft Axe,Flame Art,19,Greataxe,AxeLarge,1.03,standard,standard,141,0,141,0,0,0.15,0.11,0,0.35,0,24,8,0,0,0,500,10000,0,0,4,0,0,6,6,6,6,651,War Cry,0,0,0
15050600,Longhaft Axe,Lightning,19,Greataxe,AxeLarge,1.03,standard,standard,141,0,0,141,0,0.08,0.37,0,0,0,24,8,0,0,0,600,10000,0,0,0,4,0,6,6,6,6,651,War Cry,0,0,0
15050700,Longhaft Axe,Sacred,19,Greataxe,AxeLarge,1.03,standard,standard,141,0,0,0,141,0.15,0.11,0,0.35,0,24,8,0,0,0,700,10000,0,0,0,0,4,6,6,6,6,651,War Cry,0,0,0
15050800,Longhaft Axe,Magic,19,Greataxe,AxeLarge,1.03,standard,standard,141,141,0,0,0,0.15,0.11,0.4,0,0,24,8,0,0,0,800,10000,0,4,0,0,0,6,6,6,6,651,War Cry,0,0,0
15050900,Longhaft Axe,Cold,19,Greataxe,AxeLarge,1.03,standard,standard,141,106,0,0,0,0.45,0.35,0.31,0,0,24,8,0,0,0,900,10000,0,4,0,0,0,6,6,6,6,651,War Cry,0,0,0
15051000,Longhaft Axe,Poison,19,Greataxe,AxeLarge,1.03,standard,standard,141,0,0,0,0,0.45,0.35,0,0,0.3,24,8,0,0,0,1000,10013,0,0,0,0,0,6,6,6,6,651,War Cry,0,0,0
15051100,Longhaft Axe,Blood,19,Greataxe,AxeLarge,1.03,standard,standard,141,0,0,0,0,0.45,0.35,0,0,0.3,24,8,0,0,0,1100,10013,0,0,0,0,0,6,6,6,6,651,War Cry,0,0,0
15051200,Longhaft Axe,Occult,19,Greataxe,AxeLarge,1.03,standard,standard,141,0,0,0,0,0.2,0.15,0,0,0.75,24,8,0,0,0,1200,10013,7,0,0,0,0,6,6,6,6,651,War Cry,0,0,0
15060000,Rusted Anchor,Standard,19,Greataxe,AxeLarge,0.99,pierce,standard,147,0,0,0,0,0.68,0.14,0,0,0,26,9,0,0,0,0,10000,0,0,0,0,0,6,6,6,6,650,Barbaric Roar,0,0,0
15060100,Rusted Anchor,Heavy,19,Greataxe,AxeLarge,0.99,pierce,standard,142,0,0,0,0,0.61,0,0,0,0,26,9,0,0,0,6000,10000,1,0,0,0,0,6,6,6,6,650,Barbaric Roar,0,0,0
15060200,Rusted Anchor,Keen,19,Greataxe,AxeLarge,0.99,pierce,standard,142,0,0,0,0,0.16,0.42,0,0,0,26,9,0,0,0,200,10000,2,0,0,0,0,6,6,6,6,650,Barbaric Roar,0,0,0
15060300,Rusted Anchor,Quality,19,Greataxe,AxeLarge,0.99,pierce,standard,142,0,0,0,0,0.53,0.53,0,0,0,26,9,0,0,0,300,10000,8,0,0,0,0,6,6,6,6,650,Barbaric Roar,0,0,0
15060400,Rusted Anchor,Fire,19,Greataxe,AxeLarge,0.99,pierce,standard,142,0,142,0,0,0.36,0.08,0,0,0,26,9,0,0,0,400,10005,0,0,4,0,0,6,6,6,6,650,Barbaric Roar,0,0,0
15060500,Rusted Anchor,Flame Art,19,Greataxe,AxeLarge,0.99,pierce,standard,142,0,142,0,0,0.2,0.04,0,0.32,0,26,9,0,0,0,500,10000,0,0,4,0,0,6,6,6,6,650,Barbaric Roar,0,0,0
15060600,Rusted Anchor,Lightning,19,Greataxe,AxeLarge,0.99,pierce,standard,142,0,0,142,0,0.08,0.36,0,0,0,26,9,0,0,0,600,10000,0,0,0,4,0,6,6,6,6,650,Barbaric Roar,0,0,0
15060700,Rusted Anchor,Sacred,19,Greataxe,AxeLarge,0.99,pierce,standard,142,0,0,0,142,0.2,0.04,0,0.32,0,26,9,0,0,0,700,10000,0,0,0,0,4,6,6,6,6,650,Barbaric Roar,0,0,0
15060800,Rusted Anchor,Magic,19,Greataxe,AxeLarge,0.99,pierce,standard,142,142,0,0,0,0.2,0.04,0.36,0,0,26,9,0,0,0,800,10000,0,4,0,0,0,6,6,6,6,650,Barbaric Roar,0,0,0
15060900,Rusted Anchor,Cold,19,Greataxe,AxeLarge,0.99,pierce,standard,142,107,0,0,0,0.61,0.12,0.28,0,0,26,9,0,0,0,900,10000,0,4,0,0,0,6,6,6,6,650,Barbaric Roar,0,0,0
15061000,Rusted Anchor,Poison,19,Greataxe,AxeLarge,0.99,pierce,standard,142,0,0,0,0,0.61,0.12,0,0,0.3,26,9,0,0,0,1000,10013,0,0,0,0,0,6,6,6,6,650,Barbaric Roar,0,0,0
15061100,Rusted Anchor,Blood,19,Greataxe,AxeLarge,0.99,pierce,standard,142,0,0,0,0,0.61,0.12,0,0,0.3,26,9,0,0,0,1100,10013,0,0,0,0,0,6,6,6,6,650,Barbaric Roar,0,0,0
15061200,Rusted Anchor,Occult,19,Greataxe,AxeLarge,0.99,pierce,standard,142,0,0,0,0,0.27,0.05,0,0,0.69,26,9,0,0,0,1200,10013,7,0,0,0,0,6,6,6,6,650,Barbaric Roar,0,0,0
15080000,Executioner's Greataxe,Standard,19,Greataxe,AxeLarge,1.09,standard,standard,150,0,0,0,0,0.64,0.12,0,0,0,34,8,0,0,0,0,10000,0,0,0,0,0,6,6,6,6,651,War Cry,0,0,0
15080100,Executioner's Greataxe,Heavy,19,Greataxe,AxeLarge,1.09,standard,standard,145,0,0,0,0,0.61,0,0,0,0,34,8,0,0,0,6000,10000,1,0,0,0,0,6,6,6,6,651,War Cry,0,0,0
15080200,Executioner's Greataxe,Keen,19,Greataxe,AxeLarge,1.09,standard,standard,145,0,0,0,0,0.15,0.43,0,0,0,34,8,0,0,0,200,10000,2,0,0,0,0,6,6,6,6,651,War Cry,0,0,0
15080300,Executioner's Greataxe,Quality,19,Greataxe,AxeLarge,1.09,standard,standard,145,0,0,0,0,0.53,0.53,0,0,0,34,8,0,0,0,300,10000,8,0,0,0,0,6,6,6,6,651,War Cry,0,0,0
15080400,Executioner's Greataxe,Fire,19,Greataxe,AxeLarge,1.09,standard,standard,145,0,145,0,0,0.34,0.07,0,0,0,34,8,0,0,0,400,10005,0,0,4,0,0,6,6,6,6,651,War Cry,0,0,0
15080500,Executioner's Greataxe,Flame Art,19,Greataxe,AxeLarge,1.09,standard,standard,145,0,145,0,0,0.19,0.04,0,0.3,0,34,8,0,0,0,500,10000,0,0,4,0,0,6,6,6,6,651,War Cry,0,0,0
15080600,Executioner's Greataxe,Lightning,19,Greataxe,AxeLarge,1.09,standard,standard,145,0,0,145,0,0.07,0.34,0,0,0,34,8,0,0,0,600,10000,0,0,0,4,0,6,6,6,6,651,War Cry,0,0,0
15080700,Executioner's Greataxe,Sacred,19,Greataxe,AxeLarge,1.09,standard,standard,145,0,0,0,145,0.19,0.04,0,0.3,0,34,8,0,0,0,700,10000,0,0,0,0,4,6,6,6,6,651,War Cry,0,0,0
15080800,Executioner's Greataxe,Magic,19,Greataxe,AxeLarge,1.09,standard,standard,145,145,0,0,0,0.19,0.04,0.34,0,0,34,8,0,0,0,800,10000,0,4,0,0,0,6,6,6,6,651,War Cry,0,0,0
15080900,Executioner's Greataxe,Cold,19,Greataxe,AxeLarge,1.09,standard,standard,145,109,0,0,0,0.57,0.1,0.26,0,0,34,8,0,0,0,900,10000,0,4,0,0,0,6,6,6,6,651,War Cry,0,0,0
15081000,Executioner's Greataxe,Poison,19,Greataxe,AxeLarge,1.09,standard,standard,145,0,0,0,0,0.6,0.11,0,0,0.3,34,8,0,0,0,1000,10013,0,0,0,0,0,6,6,6,6,651,War Cry,0,0,0
15081100,Executioner's Greataxe,Blood,19,Greataxe,AxeLarge,1.09,standard,standard,145,0,0,0,0,0.6,0.11,0,0,0.3,34,8,0,0,0,1100,10013,0,0,0,0,0,6,6,6,6,651,War Cry,0,0,0
15081200,Executioner's Greataxe,Occult,19,Greataxe,AxeLarge,1.09,standard,standard,145,0,0,0,0,0.25,0.04,0,0,0.64,34,8,0,0,0,1200,10013,7,0,0,0,0,6,6,6,6,651,War Cry,0,0,0
15110000,Winged Greathorn,Standard,19,Greataxe,AxeLarge,1,standard,standard,130,0,0,0,0,0.5,0.5,0,0,0,30,20,0,0,0,2200,10000,0,0,0,0,0,6,6,6,6,1013,Soul Stifler,1,0,1
15120000,Butchering Knife,Standard,19,Greataxe,AxeLarge,0.86,standard,standard,134,0,0,0,0,0.15,0.73,0,0,0,16,20,0,0,0,0,10000,0,0,0,0,0,6,6,6,6,650,Barbaric Roar,0,0,0
15120100,Butchering Knife,Heavy,19,Greataxe,AxeLarge,0.86,standard,standard,129,0,0,0,0,0.51,0,0,0,0,16,20,0,0,0,100,10000,1,0,0,0,0,6,6,6,6,650,Barbaric Roar,0,0,0
15120200,Butchering Knife,Keen,19,Greataxe,AxeLarge,0.86,standard,standard,129,0,0,0,0,0.17,0.65,0,0,0,16,20,0,0,0,5000,10000,2,0,0,0,0,6,6,6,6,650,Barbaric Roar,0,0,0
15120300,Butchering Knife,Quality,19,Greataxe,AxeLarge,0.86,standard,standard,129,0,0,0,0,0.58,0.58,0,0,0,16,20,0,0,0,300,10000,8,0,0,0,0,6,6,6,6,650,Barbaric Roar,0,0,0
15120400,Butchering Knife,Fire,19,Greataxe,AxeLarge,0.86,standard,standard,129,0,129,0,0,0.39,0.08,0,0,0,16,20,0,0,0,400,10005,0,0,4,0,0,6,6,6,6,650,Barbaric Roar,0,0,0
15120500,Butchering Knife,Flame Art,19,Greataxe,AxeLarge,0.86,standard,standard,129,0,129,0,0,0.04,0.21,0,0.37,0,16,20,0,0,0,500,10000,0,0,4,0,0,6,6,6,6,650,Barbaric Roar,0,0,0
15120600,Butchering Knife,Lightning,19,Greataxe,AxeLarge,0.86,standard,standard,129,0,0,129,0,0.08,0.39,0,0,0,16,20,0,0,0,600,10000,0,0,0,4,0,6,6,6,6,650,Barbaric Roar,0,0,0
15120700,Butchering Knife,Sacred,19,Greataxe,AxeLarge,0.86,standard,standard,129,0,0,0,129,0.04,0.21,0,0.37,0,16,20,0,0,0,700,10000,0,0,0,0,4,6,6,6,6,650,Barbaric Roar,0,0,0
15120800,Butchering Knife,Magic,19,Greataxe,AxeLarge,0.86,standard,standard,129,129,0,0,0,0.04,0.21,0.43,0,0,16,20,0,0,0,800,10000,0,4,0,0,0,6,6,6,6,650,Barbaric Roar,0,0,0
15120900,Butchering Knife,Cold,19,Greataxe,AxeLarge,0.86,standard,standard,129,97,0,0,0,0.13,0.65,0.35,0,0,16,20,0,0,0,900,10000,0,4,0,0,0,6,6,6,6,650,Barbaric Roar,0,0,0
15121000,Butchering Knife,Poison,19,Greataxe,AxeLarge,0.86,standard,standard,129,0,0,0,0,0.14,0.69,0,0,0.3,16,20,0,0,0,1000,10013,0,0,0,0,0,6,6,6,6,650,Barbaric Roar,0,0,0
15121100,Butchering Knife,Blood,19,Greataxe,AxeLarge,0.86,standard,standard,129,0,0,0,0,0.14,0.69,0,0,0.3,16,20,0,0,0,1100,10013,0,0,0,0,0,6,6,6,6,650,Barbaric Roar,0,0,0
15121200,Butchering Knife,Occult,19,Greataxe,AxeLarge,0.86,standard,standard,129,0,0,0,0,0.06,0.29,0,0,0.74,16,20,0,0,0,1200,10013,7,0,0,0,0,6,6,6,6,650,Barbaric Roar,0,0,0
15130000,Gargoyle's Great Axe,Standard,19,Greataxe,AxeLarge,0.86,standard,standard,123,0,0,0,0,0.84,0.07,0,0,0,24,8,0,0,0,0,10000,0,0,0,0,0,6,6,6,6,651,War Cry,0,0,0
15130100,Gargoyle's Great Axe,Heavy,19,Greataxe,AxeLarge,0.86,standard,standard,119,0,0,0,0,0.74,0,0,0,0,24,8,0,0,0,6000,10000,1,0,0,0,0,6,6,6,6,651,War Cry,0,0,0
15130200,Gargoyle's Great Axe,Keen,19,Greataxe,AxeLarge,0.86,standard,standard,119,0,0,0,0,0.36,0.5,0,0,0,24,8,0,0,0,200,10000,2,0,0,0,0,6,6,6,6,651,War Cry,0,0,0
15130300,Gargoyle's Great Axe,Quality,19,Greataxe,AxeLarge,0.86,standard,standard,119,0,0,0,0,0.65,0.65,0,0,0,24,8,0,0,0,300,10000,8,0,0,0,0,6,6,6,6,651,War Cry,0,0,0
15130400,Gargoyle's Great Axe,Fire,19,Greataxe,AxeLarge,0.86,standard,standard,119,0,119,0,0,0.45,0.09,0,0,0,24,8,0,0,0,400,10005,0,0,4,0,0,6,6,6,6,651,War Cry,0,0,0
15130500,Gargoyle's Great Axe,Flame Art,19,Greataxe,AxeLarge,0.86,standard,standard,119,0,119,0,0,0.25,0.04,0,0.45,0,24,8,0,0,0,500,10000,0,0,4,0,0,6,6,6,6,651,War Cry,0,0,0
15130600,Gargoyle's Great Axe,Lightning,19,Greataxe,AxeLarge,0.86,standard,standard,119,0,0,119,0,0.09,0.45,0,0,0,24,8,0,0,0,600,10000,0,0,0,4,0,6,6,6,6,651,War Cry,0,0,0
15130700,Gargoyle's Great Axe,Sacred,19,Greataxe,AxeLarge,0.86,standard,standard,119,0,0,0,119,0.25,0.04,0,0.45,0,24,8,0,0,0,700,10000,0,0,0,0,4,6,6,6,6,651,War Cry,0,0,0
15130800,Gargoyle's Great Axe,Magic,19,Greataxe,AxeLarge,0.86,standard,standard,119,119,0,0,0,0.33,0.04,0.45,0,0,24,8,0,0,0,800,10000,0,4,0,0,0,6,6,6,6,651,War Cry,0,0,0
15130900,Gargoyle's Great Axe,Cold,19,Greataxe,AxeLarge,0.86,standard,standard,119,89,0,0,0,0.75,0.06,0.45,0,0,24,8,0,0,0,900,10000,0,4,0,0,0,6,6,6,6,651,War Cry,0,0,0
15131000,Gargoyle's Great Axe,Poison,19,Greataxe,AxeLarge,0.86,standard,standard,119,0,0,0,0,0.79,0.06,0,0,0.3,24,8,0,0,0,1000,10013,0,0,0,0,0,6,6,6,6,651,War Cry,0,0,0
15131100,Gargoyle's Great Axe,Blood,19,Greataxe,AxeLarge,0.86,standard,standard,119,0,0,0,0,0.79,0.06,0,0,0.3,24,8,0,0,0,1100,10013,0,0,0,0,0,6,6,6,6,651,War Cry,0,0,0
15131200,Gargoyle's Great Axe,Occult,19,Greataxe,AxeLarge,0.86,standard,standard,119,0,0,0,0,0.33,0.05,0,0,0.77,24,8,0,0,0,1200,10013,7,0,0,0,0,6,6,6,6,651,War Cry,0,0,0
15140000,Gargoyle's Black Axe,Standard,19,Greataxe,AxeLarge,0.86,standard,standard,100,0,0,0,120,0.47,0.1,0,0.3,0,24,8,0,22,0,2200,10000,0,0,0,0,4,6,6,6,6,651,War Cry,0,0,1
15500000,Death Knight's Longhaft Axe,Standard,19,Greataxe,AxeLarge,1.015,standard,standard,113,0,0,73,0,0.55,0.1,0,0.3,0,23,10,0,18,0,2200,20010300,0,0,0,0,0,6,6,6,6,5140,Blinkbolt: Long-hafted Axe,1,0,1
15510000,Bonny Butchering Knife,Standard,19,Greataxe,AxeLarge,0.86,standard,standard,134,0,0,0,0,0.6,0.3,0,0,0,16,20,0,0,0,2200,10000,0,0,0,0,0,6,6,6,6,5520,Hone Blade,0,0,1
16000000,Short Spear,Standard,25,Spear,SpearNormal,1,standard,pierce,112,0,0,0,0,0.33,0.44,0,0,0,10,10,0,0,0,0,10000,0,0,0,0,0,6,6,6,6,101,Impaling Thrust,0,0,0
16000100,Short Spear,Heavy,25,Spear,SpearNormal,1,standard,pierce,107,0,0,0,0,0.44,0,0,0,0,10,10,0,0,0,100,10000,1,0,0,0,0,6,6,6,6,101,Impaling Thrust,0,0,0
16000200,Short Spear,Keen,25,Spear,SpearNormal,1,standard,pierce,107,0,0,0,0,0.15,0.42,0,0,0,10,10,0,0,0,200,10000,2,0,0,0,0,6,6,6,6,101,Impaling Thrust,0,0,0
16000300,Short Spear,Quality,25,Spear,SpearNormal,1,standard,pierce,107,0,0,0,0,0.53,0.53,0,0,0,10,10,0,0,0,300,10000,8,0,0,0,0,6,6,6,6,101,Impaling Thrust,0,0,0
16000400,Short Spear,Fire,25,Spear,SpearNormal,1,standard,pierce,107,0,107,0,0,0.32,0.07,0,0,0,10,10,0,0,0,400,10005,0,0,4,0,0,6,6,6,6,101,Impaling Thrust,0,0,0
16000500,Short Spear,Flame Art,25,Spear,SpearNormal,1,standard,pierce,107,0,107,0,0,0.06,0.08,0,0.36,0,10,10,0,0,0,500,10000,0,0,4,0,0,6,6,6,6,101,Impaling Thrust,0,0,0
16000600,Short Spear,Lightning,25,Spear,SpearNormal,1,standard,pierce,107,0,0,107,0,0.15,0.32,0,0,0,10,10,0,0,0,600,10000,0,0,0,4,0,6,6,6,6,101,Impaling Thrust,0,0,0
16000700,Short Spear,Sacred,25,Spear,SpearNormal,1,standard,pierce,107,0,0,0,107,0.06,0.08,0,0.36,0,10,10,0,0,0,700,10000,0,0,0,0,4,6,6,6,6,101,Impaling Thrust,0,0,0
16000800,Short Spear,Magic,25,Spear,SpearNormal,1,standard,pierce,107,107,0,0,0,0.06,0.08,0.38,0,0,10,10,0,0,0,800,10000,0,4,0,0,0,6,6,6,6,101,Impaling Thrust,0,0,0
16000900,Short Spear,Cold,25,Spear,SpearNormal,1,standard,pierce,107,86,0,0,0,0.29,0.39,0.34,0,0,10,10,0,0,0,900,10000,0,4,0,0,0,6,6,6,6,101,Impaling Thrust,0,0,0
16001000,Short Spear,Poison,25,Spear,SpearNormal,1,standard,pierce,107,0,0,0,0,0.31,0.41,0,0,0.3,10,10,0,0,0,1000,10013,0,0,0,0,0,6,6,6,6,101,Impaling Thrust,0,0,0
16001100,Short Spear,Blood,25,Spear,SpearNormal,1,standard,pierce,107,0,0,0,0,0.31,0.41,0,0,0.3,10,10,0,0,0,1100,10013,0,0,0,0,0,6,6,6,6,101,Impaling Thrust,0,0,0
16001200,Short Spear,Occult,25,Spear,SpearNormal,1,standard,pierce,107,0,0,0,0,0.13,0.17,0,0,0.65,10,10,0,0,0,1200,10013,7,0,0,0,0,6,6,6,6,101,Impaling Thrust,0,0,0
16010000,Spear,Standard,25,Spear,SpearNormal,1.07,standard,pierce,114,0,0,0,0,0.2,0.55,0,0,0,12,15,0,0,0,0,10000,0,0,0,0,0,6,6,6,6,101,Impaling Thrust,0,0,0
16010100,Spear,Heavy,25,Spear,SpearNormal,1.07,standard,pierce,109,0,0,0,0,0.43,0,0,0,0,12,15,0,0,0,100,10000,1,0,0,0,0,6,6,6,6,101,Impaling Thrust,0,0,0
16010200,Spear,Keen,25,Spear,SpearNormal,1.07,standard,pierce,109,0,0,0,0,0.15,0.55,0,0,0,12,15,0,0,0,5000,10000,2,0,0,0,0,6,6,6,6,101,Impaling Thrust,0,0,0
16010300,Spear,Quality,25,Spear,SpearNormal,1.07,standard,pierce,109,0,0,0,0,0.49,0.49,0,0,0,12,15,0,0,0,300,10000,8,0,0,0,0,6,6,6,6,101,Impaling Thrust,0,0,0
16010400,Spear,Fire,25,Spear,SpearNormal,1.07,standard,pierce,109,0,109,0,0,0.31,0.07,0,0,0,12,15,0,0,0,400,10005,0,0,4,0,0,6,6,6,6,101,Impaling Thrust,0,0,0
16010500,Spear,Flame Art,25,Spear,SpearNormal,1.07,standard,pierce,109,0,109,0,0,0.04,0.11,0,0.35,0,12,15,0,0,0,500,10000,0,0,4,0,0,6,6,6,6,101,Impaling Thrust,0,0,0
16010600,Spear,Lightning,25,Spear,SpearNormal,1.07,standard,pierce,109,0,0,109,0,0.15,0.31,0,0,0,12,15,0,0,0,600,10000,0,0,0,4,0,6,6,6,6,101,Impaling Thrust,0,0,0
16010700,Spear,Sacred,25,Spear,SpearNormal,1.07,standard,pierce,109,0,0,0,109,0.04,0.11,0,0.35,0,12,15,0,0,0,700,10000,0,0,0,0,4,6,6,6,6,101,Impaling Thrust,0,0,0
16010800,Spear,Magic,25,Spear,SpearNormal,1.07,standard,pierce,109,109,0,0,0,0.04,0.11,0.35,0,0,12,15,0,0,0,800,10000,0,4,0,0,0,6,6,6,6,101,Impaling Thrust,0,0,0
16010900,Spear,Cold,25,Spear,SpearNormal,1.07,standard,pierce,109,87,0,0,0,0.18,0.49,0.26,0,0,12,15,0,0,0,900,10000,0,4,0,0,0,6,6,6,6,101,Impaling Thrust,0,0,0
16011000,Spear,Poison,25,Spear,SpearNormal,1.07,standard,pierce,109,0,0,0,0,0.19,0.52,0,0,0.3,12,15,0,0,0,1000,10013,0,0,0,0,0,6,6,6,6,101,Impaling Thrust,0,0,0
16011100,Spear,Blood,25,Spear,SpearNormal,1.07,standard,pierce,109,0,0,0,0,0.19,0.52,0,0,0.3,12,15,0,0,0,1100,10013,0,0,0,0,0,6,6,6,6,101,Impaling Thrust,0,0,0
16011200,Spear,Occult,25,Spear,SpearNormal,1.07,standard,pierce,109,0,0,0,0,0.08,0.22,0,0,0.63,12,15,0,0,0,1200,10013,7,0,0,0,0,6,6,6,6,101,Impaling Thrust,0,0,0
16020000,Crystal Spear,Standard,25,Spear,SpearNormal,1.14,standard,pierce,110,33,0,0,0,0.21,0.51,0.2,0,0,10,16,16,0,0,2200,10000,0,4,0,0,0,6,6,6,6,101,Impaling Thrust,1,0,1
16030000,Clayman's Harpoon,Standard,25,Spear,SpearNormal,1.14,standard,pierce,99,64,0,0,0,0.5,0.15,0.3,0,0,12,10,12,0,0,0,10000,0,4,0,0,0,6,6,6,6,101,Impaling Thrust,0,0,0
16030100,Clayman's Harpoon,Heavy,25,Spear,SpearNormal,1.14,standard,pierce,95,51,0,0,0,0.63,0,0.19,0,0,12,10,12,0,0,6000,10000,1,4,0,0,0,6,6,6,6,101,Impaling Thrust,0,0,0
16030200,Clayman's Harpoon,Keen,25,Spear,SpearNormal,1.14,standard,pierce,95,51,0,0,0,0.19,0.45,0.19,0,0,12,10,12,0,0,200,10000,2,4,0,0,0,6,6,6,6,101,Impaling Thrust,0,0,0
16030300,Clayman's Harpoon,Quality,25,Spear,SpearNormal,1.14,standard,pierce,95,51,0,0,0,0.57,0.57,0.19,0,0,12,10,12,0,0,300,10000,8,4,0,0,0,6,6,6,6,101,Impaling Thrust,0,0,0
16030400,Clayman's Harpoon,Fire,25,Spear,SpearNormal,1.14,standard,pierce,95,51,95,0,0,0.42,0.09,0.14,0,0,12,10,12,0,0,400,10005,0,4,4,0,0,6,6,6,6,101,Impaling Thrust,0,0,0
16030500,Clayman's Harpoon,Flame Art,25,Spear,SpearNormal,1.14,standard,pierce,95,51,95,0,0,0.1,0.04,0.14,0.52,0,12,10,12,0,0,500,10000,0,4,4,0,0,6,6,6,6,101,Impaling Thrust,0,0,0
16030600,Clayman's Harpoon,Lightning,25,Spear,SpearNormal,1.14,standard,pierce,95,51,0,95,0,0.09,0.42,0.14,0,0,12,10,12,0,0,600,10000,0,4,0,4,0,6,6,6,6,101,Impaling Thrust,0,0,0
16030700,Clayman's Harpoon,Sacred,25,Spear,SpearNormal,1.14,standard,pierce,95,51,0,0,95,0.1,0.04,0.14,0.52,0,12,10,12,0,0,700,10000,0,4,0,0,4,6,6,6,6,101,Impaling Thrust,0,0,0
16030800,Clayman's Harpoon,Magic,25,Spear,SpearNormal,1.14,standard,pierce,95,127,0,0,0,0.1,0.04,0.42,0,0,12,10,12,0,0,800,10000,0,4,0,0,0,6,6,6,6,101,Impaling Thrust,0,0,0
16030900,Clayman's Harpoon,Cold,25,Spear,SpearNormal,1.14,standard,pierce,95,127,0,0,0,0.45,0.13,0.33,0,0,12,10,12,0,0,900,10000,0,4,0,0,0,6,6,6,6,101,Impaling Thrust,0,0,0
16031000,Clayman's Harpoon,Poison,25,Spear,SpearNormal,1.14,standard,pierce,95,51,0,0,0,0.47,0.14,0.47,0,0.3,12,10,12,0,0,1000,10013,0,4,0,0,0,6,6,6,6,101,Impaling Thrust,0,0,0
16031100,Clayman's Harpoon,Blood,25,Spear,SpearNormal,1.14,standard,pierce,95,51,0,0,0,0.47,0.14,0.47,0,0.3,12,10,12,0,0,1100,10013,0,4,0,0,0,6,6,6,6,101,Impaling Thrust,0,0,0
16031200,Clayman's Harpoon,Occult,25,Spear,SpearNormal,1.14,standard,pierce,95,51,0,0,0,0.1,0.04,0.47,0,0.76,12,10,12,0,0,1200,10013,7,4,0,0,0,6,6,6,6,101,Impaling Thrust,0,0,0
16040000,Cleanrot Spear,Standard,25,Spear,SpearNormal,1.14,standard,pierce,102,0,0,0,66,0.35,0.35,0,0.25,0,16,16,0,14,0,2200,10000,0,0,0,0,4,6,6,6,6,1187,Sacred Phalanx,1,0,1
16050000,Partisan,Standard,25,Spear,SpearNormal,1.24,slash,pierce,123,0,0,0,0,0.41,0.29,0,0,0,15,12,0,0,0,0,10000,0,0,0,0,0,6,6,6,6,101,Impaling Thrust,0,0,0
16050100,Partisan,Heavy,25,Spear,SpearNormal,1.24,slash,pierce,118,0,0,0,0,0.42,0,0,0,0,15,12,0,0,0,100,10000,1,0,0,0,0,6,6,6,6,101,Impaling Thrust,0,0,0
16050200,Partisan,Keen,25,Spear,SpearNormal,1.24,slash,pierce,118,0,0,0,0,0.14,0.37,0,0,0,15,12,0,0,0,200,10000,2,0,0,0,0,6,6,6,6,101,Impaling Thrust,0,0,0
16050300,Partisan,Quality,25,Spear,SpearNormal,1.24,slash,pierce,118,0,0,0,0,0.49,0.49,0,0,0,15,12,0,0,0,300,10000,8,0,0,0,0,6,6,6,6,101,Impaling Thrust,0,0,0
16050400,Partisan,Fire,25,Spear,SpearNormal,1.24,slash,pierce,118,0,118,0,0,0.28,0.07,0,0,0,15,12,0,0,0,400,10005,0,0,4,0,0,6,6,6,6,101,Impaling Thrust,0,0,0
16050500,Partisan,Flame Art,25,Spear,SpearNormal,1.24,slash,pierce,118,0,118,0,0,0.08,0.05,0,0.31,0,15,12,0,0,0,500,10000,0,0,4,0,0,6,6,6,6,101,Impaling Thrust,0,0,0
16050600,Partisan,Lightning,25,Spear,SpearNormal,1.24,slash,pierce,118,0,0,118,0,0.07,0.28,0,0,0,15,12,0,0,0,600,10000,0,0,0,4,0,6,6,6,6,101,Impaling Thrust,0,0,0
16050700,Partisan,Sacred,25,Spear,SpearNormal,1.24,slash,pierce,118,0,0,0,118,0.08,0.05,0,0.31,0,15,12,0,0,0,700,10000,0,0,0,0,4,6,6,6,6,101,Impaling Thrust,0,0,0
16050800,Partisan,Magic,25,Spear,SpearNormal,1.24,slash,pierce,118,118,0,0,0,0.08,0.05,0.31,0,0,15,12,0,0,0,800,10000,0,4,0,0,0,6,6,6,6,101,Impaling Thrust,0,0,0
16050900,Partisan,Cold,25,Spear,SpearNormal,1.24,slash,pierce,118,94,0,0,0,0.36,0.26,0.3,0,0,15,12,0,0,0,900,10000,0,4,0,0,0,6,6,6,6,101,Impaling Thrust,0,0,0
16051000,Partisan,Poison,25,Spear,SpearNormal,1.24,slash,pierce,118,0,0,0,0,0.36,0.26,0,0,0.3,15,12,0,0,0,1000,10013,0,0,0,0,0,6,6,6,6,101,Impaling Thrust,0,0,0
16051100,Partisan,Blood,25,Spear,SpearNormal,1.24,slash,pierce,118,0,0,0,0,0.36,0.26,0,0,0.3,15,12,0,0,0,1100,10013,0,0,0,0,0,6,6,6,6,101,Impaling Thrust,0,0,0
16051200,Partisan,Occult,25,Spear,SpearNormal,1.24,slash,pierce,118,0,0,0,0,0.16,0.11,0,0,0.59,15,12,0,0,0,1200,10013,7,0,0,0,0,6,6,6,6,101,Impaling Thrust,0,0,0
16060000,Celebrant's Rib-Rake,Standard,25,Spear,SpearNormal,1.12,standard,pierce,109,0,0,0,0,0.2,0.57,0,0,0,8,14,0,0,0,0,10000,0,0,0,0,0,6,6,6,6,650,Barbaric Roar,0,0,0
16060100,Celebrant's Rib-Rake,Heavy,25,Spear,SpearNormal,1.12,standard,pierce,104,0,0,0,0,0.42,0,0,0,0,8,14,0,0,0,100,10000,1,0,0,0,0,6,6,6,6,650,Barbaric Roar,0,0,0
16060200,Celebrant's Rib-Rake,Keen,25,Spear,SpearNormal,1.12,standard,pierce,104,0,0,0,0,0.15,0.57,0,0,0,8,14,0,0,0,5000,10000,2,0,0,0,0,6,6,6,6,650,Barbaric Roar,0,0,0
16060300,Celebrant's Rib-Rake,Quality,25,Spear,SpearNormal,1.12,standard,pierce,104,0,0,0,0,0.5,0.5,0,0,0,8,14,0,0,0,300,10000,8,0,0,0,0,6,6,6,6,650,Barbaric Roar,0,0,0
16060400,Celebrant's Rib-Rake,Fire,25,Spear,SpearNormal,1.12,standard,pierce,104,0,104,0,0,0.32,0.07,0,0,0,8,14,0,0,0,400,10005,0,0,4,0,0,6,6,6,6,650,Barbaric Roar,0,0,0
16060500,Celebrant's Rib-Rake,Flame Art,25,Spear,SpearNormal,1.12,standard,pierce,104,0,104,0,0,0.04,0.11,0,0.37,0,8,14,0,0,0,500,10000,0,0,4,0,0,6,6,6,6,650,Barbaric Roar,0,0,0
16060600,Celebrant's Rib-Rake,Lightning,25,Spear,SpearNormal,1.12,standard,pierce,104,0,0,104,0,0.07,0.32,0,0,0,8,14,0,0,0,600,10000,0,0,0,4,0,6,6,6,6,650,Barbaric Roar,0,0,0
16060700,Celebrant's Rib-Rake,Sacred,25,Spear,SpearNormal,1.12,standard,pierce,104,0,0,0,104,0.04,0.11,0,0.37,0,8,14,0,0,0,700,10000,0,0,0,0,4,6,6,6,6,650,Barbaric Roar,0,0,0
16060800,Celebrant's Rib-Rake,Magic,25,Spear,SpearNormal,1.12,standard,pierce,104,104,0,0,0,0.04,0.11,0.38,0,0,8,14,0,0,0,800,10000,0,4,0,0,0,6,6,6,6,650,Barbaric Roar,0,0,0
16060900,Celebrant's Rib-Rake,Cold,25,Spear,SpearNormal,1.12,standard,pierce,104,83,0,0,0,0.18,0.51,0.3,0,0,8,14,0,0,0,900,10000,0,4,0,0,0,6,6,6,6,650,Barbaric Roar,0,0,0
16061000,Celebrant's Rib-Rake,Poison,25,Spear,SpearNormal,1.12,standard,pierce,104,0,0,0,0,0.18,0.51,0,0,0.3,8,14,0,0,0,1000,10013,0,0,0,0,0,6,6,6,6,650,Barbaric Roar,0,0,0
16061100,Celebrant's Rib-Rake,Blood,25,Spear,SpearNormal,1.12,standard,pierce,104,0,0,0,0,0.18,0.51,0,0,0.3,8,14,0,0,0,1100,10013,0,0,0,0,0,6,6,6,6,650,Barbaric Roar,0,0,0
16061200,Celebrant's Rib-Rake,Occult,25,Spear,SpearNormal,1.12,standard,pierce,104,0,0,0,0,0.08,0.22,0,0,0.65,8,14,0,0,0,1200,10013,7,0,0,0,0,6,6,6,6,650,Barbaric Roar,0,0,0
16070000,Pike,Standard,25,Spear,SpearNormal,1.435,standard,pierce,115,0,0,0,0,0.49,0.3,0,0,0,20,14,0,0,0,0,10000,0,0,0,0,0,6,6,6,6,105,Charge Forth,0,0,0
16070100,Pike,Heavy,25,Spear,SpearNormal,1.435,standard,pierce,110,0,0,0,0,0.49,0,0,0,0,20,14,0,0,0,100,10000,1,0,0,0,0,6,6,6,6,105,Charge Forth,0,0,0
16070200,Pike,Keen,25,Spear,SpearNormal,1.435,standard,pierce,110,0,0,0,0,0.15,0.41,0,0,0,20,14,0,0,0,200,10000,2,0,0,0,0,6,6,6,6,105,Charge Forth,0,0,0
16070300,Pike,Quality,25,Spear,SpearNormal,1.435,standard,pierce,110,0,0,0,0,0.51,0.51,0,0,0,20,14,0,0,0,300,10000,8,0,0,0,0,6,6,6,6,105,Charge Forth,0,0,0
16070400,Pike,Fire,25,Spear,SpearNormal,1.435,standard,pierce,110,0,110,0,0,0.33,0.07,0,0,0,20,14,0,0,0,400,10005,0,0,4,0,0,6,6,6,6,105,Charge Forth,0,0,0
16070500,Pike,Flame Art,25,Spear,SpearNormal,1.435,standard,pierce,110,0,110,0,0,0.09,0.06,0,0.39,0,20,14,0,0,0,500,10000,0,0,4,0,0,6,6,6,6,105,Charge Forth,0,0,0
16070600,Pike,Lightning,25,Spear,SpearNormal,1.435,standard,pierce,110,0,0,110,0,0.07,0.33,0,0,0,20,14,0,0,0,600,10000,0,0,0,4,0,6,6,6,6,105,Charge Forth,0,0,0
16070700,Pike,Sacred,25,Spear,SpearNormal,1.435,standard,pierce,110,0,0,0,110,0.09,0.06,0,0.39,0,20,14,0,0,0,700,10000,0,0,0,0,4,6,6,6,6,105,Charge Forth,0,0,0
16070800,Pike,Magic,25,Spear,SpearNormal,1.435,standard,pierce,110,110,0,0,0,0.09,0.06,0.39,0,0,20,14,0,0,0,800,10000,0,4,0,0,0,6,6,6,6,105,Charge Forth,0,0,0
16070900,Pike,Cold,25,Spear,SpearNormal,1.435,standard,pierce,110,88,0,0,0,0.44,0.27,0.35,0,0,20,14,0,0,0,900,10000,0,4,0,0,0,6,6,6,6,105,Charge Forth,0,0,0
16071000,Pike,Poison,25,Spear,SpearNormal,1.435,standard,pierce,110,0,0,0,0,0.44,0.27,0,0,0.3,20,14,0,0,0,1000,10013,0,0,0,0,0,6,6,6,6,105,Charge Forth,0,0,0
16071100,Pike,Blood,25,Spear,SpearNormal,1.435,standard,pierce,110,0,0,0,0,0.44,0.27,0,0,0.3,20,14,0,0,0,1100,10013,0,0,0,0,0,6,6,6,6,105,Charge Forth,0,0,0
16071200,Pike,Occult,25,Spear,SpearNormal,1.435,standard,pierce,110,0,0,0,0,0.19,0.12,0,0,0.67,20,14,0,0,0,1200,10013,7,0,0,0,0,6,6,6,6,105,Charge Forth,0,0,0
16080000,Torchpole,Standard,25,Spear,SpearNormal,1.22,standard,pierce,104,0,31,0,0,0.41,0.41,0,0,0,14,15,0,0,0,0,10000,0,0,4,0,0,6,6,6,6,105,Charge Forth,1,0,0
16090000,Bolt of Gransax,Standard,25,Spear,SpearNormal,1.41,standard,pierce,98,0,0,63,0,0.3,0.4,0,0,0,20,40,0,0,0,2200,10000,0,0,0,4,0,6,6,6,6,1049,Ancient Lightning Spear,1,0,1
16110000,Cross-Naginata,Standard,25,Spear,SpearNormal,1.34,standard,pierce,122,0,0,0,0,0.25,0.6,0,0,0,16,20,0,0,0,0,10000,0,0,0,0,0,6,6,6,6,101,Impaling Thrust,0,0,0
16110100,Cross-Naginata,Heavy,25,Spear,SpearNormal,1.34,standard,pierce,117,0,0,0,0,0.47,0,0,0,0,16,20,0,0,0,100,10000,1,0,0,0,0,6,6,6,6,101,Impaling Thrust,0,0,0
16110200,Cross-Naginata,Keen,25,Spear,SpearNormal,1.34,standard,pierce,117,0,0,0,0,0.17,0.61,0,0,0,16,20,0,0,0,5000,10000,2,0,0,0,0,6,6,6,6,101,Impaling Thrust,0,0,0
16110300,Cross-Naginata,Quality,25,Spear,SpearNormal,1.34,standard,pierce,117,0,0,0,0,0.54,0.54,0,0,0,16,20,0,0,0,300,10000,8,0,0,0,0,6,6,6,6,101,Impaling Thrust,0,0,0
16110400,Cross-Naginata,Fire,25,Spear,SpearNormal,1.34,standard,pierce,117,0,117,0,0,0.36,0.08,0,0,0,16,20,0,0,0,400,10005,0,0,4,0,0,6,6,6,6,101,Impaling Thrust,0,0,0
16110500,Cross-Naginata,Flame Art,25,Spear,SpearNormal,1.34,standard,pierce,117,0,117,0,0,0.05,0.12,0,0.41,0,16,20,0,0,0,500,10000,0,0,4,0,0,6,6,6,6,101,Impaling Thrust,0,0,0
16110600,Cross-Naginata,Lightning,25,Spear,SpearNormal,1.34,standard,pierce,117,0,0,117,0,0.08,0.36,0,0,0,16,20,0,0,0,600,10000,0,0,0,4,0,6,6,6,6,101,Impaling Thrust,0,0,0
16110700,Cross-Naginata,Sacred,25,Spear,SpearNormal,1.34,standard,pierce,117,0,0,0,117,0.05,0.12,0,0.41,0,16,20,0,0,0,700,10000,0,0,0,0,4,6,6,6,6,101,Impaling Thrust,0,0,0
16110800,Cross-Naginata,Magic,25,Spear,SpearNormal,1.34,standard,pierce,117,117,0,0,0,0.05,0.12,0.42,0,0,16,20,0,0,0,800,10000,0,4,0,0,0,6,6,6,6,101,Impaling Thrust,0,0,0
16110900,Cross-Naginata,Cold,25,Spear,SpearNormal,1.34,standard,pierce,117,94,0,0,0,0.22,0.54,0.34,0,0,16,20,0,0,0,900,10000,0,4,0,0,0,6,6,6,6,101,Impaling Thrust,0,0,0
16111000,Cross-Naginata,Poison,25,Spear,SpearNormal,1.34,standard,pierce,117,0,0,0,0,0.22,0.54,0,0,0.3,16,20,0,0,0,1000,10013,0,0,0,0,0,6,6,6,6,101,Impaling Thrust,0,0,0
16111100,Cross-Naginata,Blood,25,Spear,SpearNormal,1.34,standard,pierce,117,0,0,0,0,0.22,0.54,0,0,0.3,16,20,0,0,0,1100,10013,0,0,0,0,0,6,6,6,6,101,Impaling Thrust,0,0,0
16111200,Cross-Naginata,Occult,25,Spear,SpearNormal,1.34,standard,pierce,117,0,0,0,0,0.1,0.24,0,0,0.72,16,20,0,0,0,1200,10013,7,0,0,0,0,6,6,6,6,101,Impaling Thrust,0,0,0
16120000,Death Ritual Spear,Standard,25,Spear,SpearNormal,1.24,standard,pierce,99,64,0,0,0,0.23,0.53,0.3,0,0,14,20,18,0,0,2200,10000,0,4,0,0,0,6,6,6,6,1024,Spearcall Ritual,1,0,1
16130000,Inquisitor's Girandole,Standard,25,Spear,SpearNormal,1.27,standard,pierce,102,0,66,0,0,0.35,0.35,0,0.5,0,18,15,0,16,0,2200,10000,0,0,4,0,0,6,6,6,6,105,Charge Forth,1,0,1
16140000,Spiked Spear,Standard,25,Spear,SpearNormal,1.21,strike,pierce,120,0,0,0,0,0.37,0.37,0,0,0,14,16,0,0,0,0,10000,0,0,0,0,0,6,6,6,6,101,Impaling Thrust,0,0,0
16140100,Spiked Spear,Heavy,25,Spear,SpearNormal,1.21,strike,pierce,115,0,0,0,0,0.42,0,0,0,0,14,16,0,0,0,100,10000,1,0,0,0,0,6,6,6,6,101,Impaling Thrust,0,0,0
16140200,Spiked Spear,Keen,25,Spear,SpearNormal,1.21,strike,pierce,115,0,0,0,0,0.14,0.41,0,0,0,14,16,0,0,0,200,10000,2,0,0,0,0,6,6,6,6,101,Impaling Thrust,0,0,0
16140300,Spiked Spear,Quality,25,Spear,SpearNormal,1.21,strike,pierce,115,0,0,0,0,0.51,0.51,0,0,0,14,16,0,0,0,300,10000,8,0,0,0,0,6,6,6,6,101,Impaling Thrust,0,0,0
16140400,Spiked Spear,Fire,25,Spear,SpearNormal,1.21,strike,pierce,115,0,115,0,0,0.3,0.07,0,0,0,14,16,0,0,0,400,10005,0,0,4,0,0,6,6,6,6,101,Impaling Thrust,0,0,0
16140500,Spiked Spear,Flame Art,25,Spear,SpearNormal,1.21,strike,pierce,115,0,115,0,0,0.07,0.07,0,0.35,0,14,16,0,0,0,500,10000,0,0,4,0,0,6,6,6,6,101,Impaling Thrust,0,0,0
16140600,Spiked Spear,Lightning,25,Spear,SpearNormal,1.21,strike,pierce,115,0,0,115,0,0.07,0.3,0,0,0,14,16,0,0,0,600,10000,0,0,0,4,0,6,6,6,6,101,Impaling Thrust,0,0,0
16140700,Spiked Spear,Sacred,25,Spear,SpearNormal,1.21,strike,pierce,115,0,0,0,115,0.07,0.07,0,0.35,0,14,16,0,0,0,700,10000,0,0,0,0,4,6,6,6,6,101,Impaling Thrust,0,0,0
16140800,Spiked Spear,Magic,25,Spear,SpearNormal,1.21,strike,pierce,115,115,0,0,0,0.07,0.07,0.35,0,0,14,16,0,0,0,800,10000,0,4,0,0,0,6,6,6,6,101,Impaling Thrust,0,0,0
16140900,Spiked Spear,Cold,25,Spear,SpearNormal,1.21,strike,pierce,115,92,0,0,0,0.33,0.33,0.33,0,0,14,16,0,0,0,900,10000,0,4,0,0,0,6,6,6,6,101,Impaling Thrust,0,0,0
16141000,Spiked Spear,Poison,25,Spear,SpearNormal,1.21,strike,pierce,115,0,0,0,0,0.33,0.33,0,0,0.3,14,16,0,0,0,1000,10013,0,0,0,0,0,6,6,6,6,101,Impaling Thrust,0,0,0
16141100,Spiked Spear,Blood,25,Spear,SpearNormal,1.21,strike,pierce,115,0,0,0,0,0.33,0.33,0,0,0.3,14,16,0,0,0,1100,10013,0,0,0,0,0,6,6,6,6,101,Impaling Thrust,0,0,0
16141200,Spiked Spear,Occult,25,Spear,SpearNormal,1.21,strike,pierce,115,0,0,0,0,0.14,0.14,0,0,0.62,14,16,0,0,0,1200,10013,7,0,0,0,0,6,6,6,6,101,Impaling Thrust,0,0,0
16150000,Iron Spear,Standard,25,Spear,SpearNormal,1.07,standard,pierce,114,0,0,0,0,0.44,0.33,0,0,0,13,11,0,0,0,0,10000,0,0,0,0,0,6,6,6,6,105,Charge Forth,0,0,0
16150100,Iron Spear,Heavy,25,Spear,SpearNormal,1.07,standard,pierce,109,0,0,0,0,0.45,0,0,0,0,13,11,0,0,0,100,10000,1,0,0,0,0,6,6,6,6,105,Charge Forth,0,0,0
16150200,Iron Spear,Keen,25,Spear,SpearNormal,1.07,standard,pierce,109,0,0,0,0,0.15,0.41,0,0,0,13,11,0,0,0,200,10000,2,0,0,0,0,6,6,6,6,105,Charge Forth,0,0,0
16150300,Iron Spear,Quality,25,Spear,SpearNormal,1.07,standard,pierce,109,0,0,0,0,0.53,0.53,0,0,0,13,11,0,0,0,300,10000,8,0,0,0,0,6,6,6,6,105,Charge Forth,0,0,0
16150400,Iron Spear,Fire,25,Spear,SpearNormal,1.07,standard,pierce,109,0,109,0,0,0.32,0.07,0,0,0,13,11,0,0,0,400,10005,0,0,4,0,0,6,6,6,6,105,Charge Forth,0,0,0
16150500,Iron Spear,Flame Art,25,Spear,SpearNormal,1.07,standard,pierce,109,0,109,0,0,0.08,0.06,0,0.38,0,13,11,0,0,0,500,10000,0,0,4,0,0,6,6,6,6,105,Charge Forth,0,0,0
16150600,Iron Spear,Lightning,25,Spear,SpearNormal,1.07,standard,pierce,109,0,0,109,0,0.07,0.32,0,0,0,13,11,0,0,0,600,10000,0,0,0,4,0,6,6,6,6,105,Charge Forth,0,0,0
16150700,Iron Spear,Sacred,25,Spear,SpearNormal,1.07,standard,pierce,109,0,0,0,109,0.08,0.06,0,0.38,0,13,11,0,0,0,700,10000,0,0,0,0,4,6,6,6,6,105,Charge Forth,0,0,0
16150800,Iron Spear,Magic,25,Spear,SpearNormal,1.07,standard,pierce,109,109,0,0,0,0.08,0.06,0.38,0,0,13,11,0,0,0,800,10000,0,4,0,0,0,6,6,6,6,105,Charge Forth,0,0,0
16150900,Iron Spear,Cold,25,Spear,SpearNormal,1.07,standard,pierce,109,87,0,0,0,0.39,0.29,0.36,0,0,13,11,0,0,0,900,10000,0,4,0,0,0,6,6,6,6,105,Charge Forth,0,0,0
16151000,Iron Spear,Poison,25,Spear,SpearNormal,1.07,standard,pierce,109,0,0,0,0,0.39,0.29,0,0,0.3,13,11,0,0,0,1000,10013,0,0,0,0,0,6,6,6,6,105,Charge Forth,0,0,0
16151100,Iron Spear,Blood,25,Spear,SpearNormal,1.07,standard,pierce,109,0,0,0,0,0.39,0.29,0,0,0.3,13,11,0,0,0,1100,10013,0,0,0,0,0,6,6,6,6,105,Charge Forth,0,0,0
16151200,Iron Spear,Occult,25,Spear,SpearNormal,1.07,standard,pierce,109,0,0,0,0,0.17,0.13,0,0,0.65,13,11,0,0,0,1200,10013,7,0,0,0,0,6,6,6,6,105,Charge Forth,0,0,0
16160000,Rotten Crystal Spear,Standard,25,Spear,SpearNormal,1.14,standard,pierce,104,31,0,0,0,0.21,0.51,0.2,0,0,10,16,16,0,0,2200,10000,0,4,0,0,0,6,6,6,6,105,Charge Forth,1,0,1
16500000,Smithscript Spear,Standard,25,Spear,SpearNormal,1.01,standard,pierce,107,0,0,0,0,0.35,0.42,0.05,0.05,0,9,12,11,11,0,0,20010100,0,0,0,0,0,6,6,6,6,101,Impaling Thrust,0,0,0
16500100,Smithscript Spear,Heavy,25,Spear,SpearNormal,1.01,standard,pierce,98,0,0,0,0,0.49,0,0.04,0.04,0,9,12,11,11,0,100,20010100,1,0,0,0,0,6,6,6,6,101,Impaling Thrust,0,0,0
16500200,Smithscript Spear,Keen,25,Spear,SpearNormal,1.01,standard,pierce,98,0,0,0,0,0.17,0.46,0.04,0.04,0,9,12,11,11,0,200,20010100,2,0,0,0,0,6,6,6,6,101,Impaling Thrust,0,0,0
16500300,Smithscript Spear,Quality,25,Spear,SpearNormal,1.01,standard,pierce,98,0,0,0,0,0.59,0.59,0.04,0.04,0,9,12,11,11,0,300,20010100,8,0,0,0,0,6,6,6,6,101,Impaling Thrust,0,0,0
16500400,Smithscript Spear,Fire,25,Spear,SpearNormal,1.01,standard,pierce,98,0,98,0,0,0.34,0.08,0.04,0.04,0,9,12,11,11,0,400,20010101,0,0,4,0,0,6,6,6,6,101,Impaling Thrust,0,0,0
16500500,Smithscript Spear,Flame Art,25,Spear,SpearNormal,1.01,standard,pierce,98,0,98,0,0,0.07,0.08,0.04,0.4,0,9,12,11,11,0,500,20010103,0,0,4,0,0,6,6,6,6,101,Impaling Thrust,0,0,0
16500600,Smithscript Spear,Lightning,25,Spear,SpearNormal,1.01,standard,pierce,98,0,0,98,0,0.17,0.34,0.04,0.04,0,9,12,11,11,0,600,20010100,0,0,0,4,0,6,6,6,6,101,Impaling Thrust,0,0,0
16500700,Smithscript Spear,Sacred,25,Spear,SpearNormal,1.01,standard,pierce,98,0,0,0,98,0.07,0.08,0.04,0.4,0,9,12,11,11,0,700,20010105,0,0,0,0,4,6,6,6,6,101,Impaling Thrust,0,0,0
16500800,Smithscript Spear,Magic,25,Spear,SpearNormal,1.01,standard,pierce,98,98,0,0,0,0.07,0.08,0.4,0.04,0,9,12,11,11,0,800,20010104,0,4,0,0,0,6,6,6,6,101,Impaling Thrust,0,0,0
16500900,Smithscript Spear,Cold,25,Spear,SpearNormal,1.01,standard,pierce,98,83,0,0,0,0.31,0.37,0.39,0.04,0,9,12,11,11,0,900,20010104,0,4,0,0,0,6,6,6,6,101,Impaling Thrust,0,0,0
16501000,Smithscript Spear,Poison,25,Spear,SpearNormal,1.01,standard,pierce,98,0,0,0,0,0.33,0.39,0.04,0.04,0.3,9,12,11,11,0,1000,20010102,0,0,0,0,0,6,6,6,6,101,Impaling Thrust,0,0,0
16501100,Smithscript Spear,Blood,25,Spear,SpearNormal,1.01,standard,pierce,98,0,0,0,0,0.33,0.39,0.04,0.04,0.3,9,12,11,11,0,1100,20010102,0,0,0,0,0,6,6,6,6,101,Impaling Thrust,0,0,0
16501200,Smithscript Spear,Occult,25,Spear,SpearNormal,1.01,standard,pierce,98,0,0,0,0,0.14,0.16,0.04,0.04,0.73,9,12,11,11,0,1200,20010102,7,0,0,0,0,6,6,6,6,101,Impaling Thrust,0,0,0
16520000,Swift Spear,Standard,25,Spear,SpearNormal,1,standard,pierce,99,0,0,0,0,0,0.7,0,0,0,10,26,0,0,0,0,10000,0,0,0,0,0,6,6,6,6,101,Impaling Thrust,0,0,0
16520100,Swift Spear,Heavy,25,Spear,SpearNormal,1,standard,pierce,92,0,0,0,0,0.49,0,0,0,0,10,26,0,0,0,100,10000,1,0,0,0,0,6,6,6,6,101,Impaling Thrust,0,0,0
16520200,Swift Spear,Keen,25,Spear,SpearNormal,1,standard,pierce,92,0,0,0,0,0,0.71,0,0,0,10,26,0,0,0,5000,10000,2,0,0,0,0,6,6,6,6,101,Impaling Thrust,0,0,0
16520300,Swift Spear,Quality,25,Spear,SpearNormal,1,standard,pierce,92,0,0,0,0,0.56,0.56,0,0,0,10,26,0,0,0,300,10000,8,0,0,0,0,6,6,6,6,101,Impaling Thrust,0,0,0
16520400,Swift Spear,Fire,25,Spear,SpearNormal,1,standard,pierce,92,0,97,0,0,0.32,0.07,0,0,0,10,26,0,0,0,400,10005,0,0,4,0,0,6,6,6,6,101,Impaling Thrust,0,0,0
16520500,Swift Spear,Flame Art,25,Spear,SpearNormal,1,standard,pierce,92,0,97,0,0,0,0.14,0,0.35,0,10,26,0,0,0,500,10000,0,0,4,0,0,6,6,6,6,101,Impaling Thrust,0,0,0
16520600,Swift Spear,Lightning,25,Spear,SpearNormal,1,standard,pierce,92,0,0,97,0,0.14,0.38,0,0,0,10,26,0,0,0,600,10000,0,0,0,4,0,6,6,6,6,101,Impaling Thrust,0,0,0
16520700,Swift Spear,Sacred,25,Spear,SpearNormal,1,standard,pierce,92,0,0,0,97,0,0.14,0,0.35,0,10,26,0,0,0,700,10000,0,0,0,0,4,6,6,6,6,101,Impaling Thrust,0,0,0
16520800,Swift Spear,Magic,25,Spear,SpearNormal,1,standard,pierce,92,97,0,0,0,0,0.14,0.38,0,0,10,26,0,0,0,800,10000,0,4,0,0,0,6,6,6,6,101,Impaling Thrust,0,0,0
16520900,Swift Spear,Cold,25,Spear,SpearNormal,1,standard,pierce,92,82,0,0,0,0,0.63,0.31,0,0,10,26,0,0,0,900,10000,0,4,0,0,0,6,6,6,6,101,Impaling Thrust,0,0,0
16521000,Swift Spear,Poison,25,Spear,SpearNormal,1,standard,pierce,92,0,0,0,0,0,0.66,0,0,0.3,10,26,0,0,0,1000,10013,0,0,0,0,0,6,6,6,6,101,Impaling Thrust,0,0,0
16521100,Swift Spear,Blood,25,Spear,SpearNormal,1,standard,pierce,92,0,0,0,0,0,0.66,0,0,0.3,10,26,0,0,0,1100,10013,0,0,0,0,0,6,6,6,6,101,Impaling Thrust,0,0,0
16521200,Swift Spear,Occult,25,Spear,SpearNormal,1,standard,pierce,92,0,0,0,0,0,0.49,0,0,0.63,10,26,0,0,0,1200,10013,7,0,0,0,0,6,6,6,6,101,Impaling Thrust,0,0,0
16540000,Bloodfiend's Fork,Standard,25,Spear,SpearNormal,1.03,standard,pierce,103,0,0,0,0,0.45,0.05,0,0,0.3,14,8,0,0,13,0,20010600,0,0,0,0,0,6,6,6,6,650,Barbaric Roar,0,0,0
16540100,Bloodfiend's Fork,Heavy,25,Spear,SpearNormal,1.03,standard,pierce,98,0,0,0,0,0.52,0,0,0,0.25,14,8,0,0,13,6000,20010600,1,0,0,0,0,6,6,6,6,650,Barbaric Roar,0,0,0
16540200,Bloodfiend's Fork,Keen,25,Spear,SpearNormal,1.03,standard,pierce,98,0,0,0,0,0.16,0.4,0,0,0.25,14,8,0,0,13,200,20010600,2,0,0,0,0,6,6,6,6,650,Barbaric Roar,0,0,0
16540300,Bloodfiend's Fork,Quality,25,Spear,SpearNormal,1.03,standard,pierce,98,0,0,0,0,0.52,0.52,0,0,0.25,14,8,0,0,13,300,20010600,8,0,0,0,0,6,6,6,6,650,Barbaric Roar,0,0,0
16540400,Bloodfiend's Fork,Fire,25,Spear,SpearNormal,1.03,standard,pierce,98,0,98,0,0,0.32,0.08,0,0,0.25,14,8,0,0,13,400,20010601,0,0,4,0,0,6,6,6,6,650,Barbaric Roar,0,0,0
16540500,Bloodfiend's Fork,Flame Art,25,Spear,SpearNormal,1.03,standard,pierce,98,0,98,0,0,0.06,0,0,0.4,0.25,14,8,0,0,13,500,20010600,0,0,4,0,0,6,6,6,6,650,Barbaric Roar,0,0,0
16540600,Bloodfiend's Fork,Lightning,25,Spear,SpearNormal,1.03,standard,pierce,98,0,0,98,0,0.12,0.32,0,0,0.25,14,8,0,0,13,600,20010600,0,0,0,4,0,6,6,6,6,650,Barbaric Roar,0,0,0
16540700,Bloodfiend's Fork,Sacred,25,Spear,SpearNormal,1.03,standard,pierce,98,0,0,0,98,0.06,0,0,0.4,0.25,14,8,0,0,13,700,20010600,0,0,0,0,4,6,6,6,6,650,Barbaric Roar,0,0,0
16540800,Bloodfiend's Fork,Magic,25,Spear,SpearNormal,1.03,standard,pierce,98,98,0,0,0,0.06,0,0.4,0,0.25,14,8,0,0,13,800,20010600,0,4,0,0,0,6,6,6,6,650,Barbaric Roar,0,0,0
16540900,Bloodfiend's Fork,Cold,25,Spear,SpearNormal,1.03,standard,pierce,98,83,0,0,0,0.4,0.04,0.4,0,0.25,14,8,0,0,13,900,20010600,0,4,0,0,0,6,6,6,6,650,Barbaric Roar,0,0,0
16541000,Bloodfiend's Fork,Poison,25,Spear,SpearNormal,1.03,standard,pierce,98,0,0,0,0,0.42,0.04,0,0,0.525,14,8,0,0,13,1000,20010600,0,0,0,0,0,6,6,6,6,650,Barbaric Roar,0,0,0
16541100,Bloodfiend's Fork,Blood,25,Spear,SpearNormal,1.03,standard,pierce,98,0,0,0,0,0.42,0.04,0,0,0.525,14,8,0,0,13,1100,20010600,0,0,0,0,0,6,6,6,6,650,Barbaric Roar,0,0,0
16541200,Bloodfiend's Fork,Occult,25,Spear,SpearNormal,1.03,standard,pierce,98,0,0,0,0,0.18,0.02,0,0,0.81,14,8,0,0,13,1200,20010600,7,0,0,0,0,6,6,6,6,650,Barbaric Roar,0,0,0
16550000,Bloodfiend's Sacred Spear,Standard,28,Heavy Spear,SpearHeavy,1,standard,pierce,115,0,0,0,0,0.2,0.04,0,0,0.75,22,12,0,0,13,2200,15000,0,0,0,0,0,6,6,6,6,5560,Bloodfiends' Bloodboon,1,0,1
17010000,Mohgwyn's Sacred Spear,Standard,28,Heavy Spear,SpearHeavy,1.1,standard,pierce,96,0,62,0,0,0.4,0.15,0,0,0.4,24,14,0,0,27,2200,10100,7,0,4,0,0,6,6,6,6,1034,Bloodboon Ritual,1,0,1
17020000,Siluria's Tree,Standard,28,Heavy Spear,SpearHeavy,1.1,standard,pierce,90,0,0,0,90,0.58,0.15,0,0.45,0,27,13,0,20,0,2200,10000,0,0,0,0,4,6,6,6,6,1009,Siluria's Woe,1,0,1
17030000,Serpent-Hunter,Standard,28,Heavy Spear,SpearHeavy,1.12,standard,pierce,111,0,0,0,0,0.95,0.05,0,0,0,0,0,0,0,0,2200,10000,0,0,0,0,0,6,6,6,6,1188,Great-Serpent Hunt,1,0,1
17050000,Vyke's War Spear,Standard,28,Heavy Spear,SpearHeavy,1,standard,pierce,103,0,66,0,0,0.2,0.6,0,0.4,0,16,20,0,18,0,2200,10000,0,0,4,0,0,6,6,6,6,1050,Frenzyflame Thrust,1,0,1
17060000,Lance,Standard,28,Heavy Spear,SpearHeavy,1.07,standard,pierce,123,0,0,0,0,0.5,0.4,0,0,0,20,14,0,0,0,0,10000,0,0,0,0,0,6,6,6,6,105,Charge Forth,0,0,0
17060100,Lance,Heavy,28,Heavy Spear,SpearHeavy,1.07,standard,pierce,118,0,0,0,0,0.52,0,0,0,0,20,14,0,0,0,100,10000,1,0,0,0,0,6,6,6,6,105,Charge Forth,0,0,0
17060200,Lance,Keen,28,Heavy Spear,SpearHeavy,1.07,standard,pierce,118,0,0,0,0,0.18,0.47,0,0,0,20,14,0,0,0,200,10000,2,0,0,0,0,6,6,6,6,105,Charge Forth,0,0,0
17060300,Lance,Quality,28,Heavy Spear,SpearHeavy,1.07,standard,pierce,118,0,0,0,0,0.61,0.61,0,0,0,20,14,0,0,0,300,10000,8,0,0,0,0,6,6,6,6,105,Charge Forth,0,0,0
17060400,Lance,Fire,28,Heavy Spear,SpearHeavy,1.07,standard,pierce,118,0,118,0,0,0.39,0.09,0,0,0,20,14,0,0,0,400,10005,0,0,4,0,0,6,6,6,6,105,Charge Forth,0,0,0
17060500,Lance,Flame Art,28,Heavy Spear,SpearHeavy,1.07,standard,pierce,118,0,118,0,0,0.1,0.08,0,0.46,0,20,14,0,0,0,500,10000,0,0,4,0,0,6,6,6,6,105,Charge Forth,0,0,0
17060600,Lance,Lightning,28,Heavy Spear,SpearHeavy,1.07,standard,pierce,118,0,0,118,0,0.09,0.39,0,0,0,20,14,0,0,0,600,10000,0,0,0,4,0,6,6,6,6,105,Charge Forth,0,0,0
17060700,Lance,Sacred,28,Heavy Spear,SpearHeavy,1.07,standard,pierce,118,0,0,0,118,0.1,0.08,0,0.46,0,20,14,0,0,0,700,10000,0,0,0,0,4,6,6,6,6,105,Charge Forth,0,0,0
17060800,Lance,Magic,28,Heavy Spear,SpearHeavy,1.07,standard,pierce,118,118,0,0,0,0.1,0.08,0.45,0,0,20,14,0,0,0,800,10000,0,4,0,0,0,6,6,6,6,105,Charge Forth,0,0,0
17060900,Lance,Cold,28,Heavy Spear,SpearHeavy,1.07,standard,pierce,118,94,0,0,0,0.45,0.36,0.45,0,0,20,14,0,0,0,900,10000,0,4,0,0,0,6,6,6,6,105,Charge Forth,0,0,0
17061000,Lance,Poison,28,Heavy Spear,SpearHeavy,1.07,standard,pierce,118,0,0,0,0,0.45,0.36,0,0,0.3,20,14,0,0,0,1000,10013,0,0,0,0,0,6,6,6,6,105,Charge Forth,0,0,0
17061100,Lance,Blood,28,Heavy Spear,SpearHeavy,1.07,standard,pierce,118,0,0,0,0,0.45,0.36,0,0,0.3,20,14,0,0,0,1100,10013,0,0,0,0,0,6,6,6,6,105,Charge Forth,0,0,0
17061200,Lance,Occult,28,Heavy Spear,SpearHeavy,1.07,standard,pierce,118,0,0,0,0,0.2,0.16,0,0,0.76,20,14,0,0,0,1200,10013,7,0,0,0,0,6,6,6,6,105,Charge Forth,0,0,0
17070000,Treespear,Standard,28,Heavy Spear,SpearHeavy,1.105,standard,pierce,122,0,0,0,79,0.25,0.44,0,0.3,0,15,22,0,18,0,0,10000,0,0,0,0,4,6,6,6,6,604,Sacred Order,1,0,0
17500000,Spear of the Impaler,Standard,28,Heavy Spear,SpearHeavy,1.105,standard,pierce,85,0,102,0,0,0.05,0.6,0,0.4,0,14,35,0,18,0,2200,10000,0,0,0,0,0,6,6,6,6,5190,Messmer's Assault,1,0,1
17510000,Messmer Soldier's Spear,Standard,28,Heavy Spear,SpearHeavy,1.015,standard,pierce,122,0,0,0,0,0.47,0.47,0,0,0,19,16,0,0,0,0,10000,0,0,0,0,0,6,6,6,6,101,Impaling Thrust,0,0,0
17510100,Messmer Soldier's Spear,Heavy,28,Heavy Spear,SpearHeavy,1.015,standard,pierce,117,0,0,0,0,0.54,0,0,0,0,19,16,0,0,0,100,10000,1,0,0,0,0,6,6,6,6,101,Impaling Thrust,0,0,0
17510200,Messmer Soldier's Spear,Keen,28,Heavy Spear,SpearHeavy,1.015,standard,pierce,117,0,0,0,0,0.18,0.49,0,0,0,19,16,0,0,0,200,10000,2,0,0,0,0,6,6,6,6,101,Impaling Thrust,0,0,0
17510300,Messmer Soldier's Spear,Quality,28,Heavy Spear,SpearHeavy,1.015,standard,pierce,117,0,0,0,0,0.63,0.63,0,0,0,19,16,0,0,0,300,10000,8,0,0,0,0,6,6,6,6,101,Impaling Thrust,0,0,0
17510400,Messmer Soldier's Spear,Fire,28,Heavy Spear,SpearHeavy,1.015,standard,pierce,117,0,117,0,0,0.41,0.09,0,0,0,19,16,0,0,0,400,10005,0,0,4,0,0,6,6,6,6,101,Impaling Thrust,0,0,0
17510500,Messmer Soldier's Spear,Flame Art,28,Heavy Spear,SpearHeavy,1.015,standard,pierce,117,0,117,0,0,0.09,0.09,0,0.48,0,19,16,0,0,0,500,10000,0,0,4,0,0,6,6,6,6,101,Impaling Thrust,0,0,0
17510600,Messmer Soldier's Spear,Lightning,28,Heavy Spear,SpearHeavy,1.015,standard,pierce,117,0,0,117,0,0.09,0.41,0,0,0,19,16,0,0,0,600,10000,0,0,0,4,0,6,6,6,6,101,Impaling Thrust,0,0,0
17510700,Messmer Soldier's Spear,Sacred,28,Heavy Spear,SpearHeavy,1.015,standard,pierce,117,0,0,0,117,0.09,0.09,0,0.48,0,19,16,0,0,0,700,10000,0,0,0,0,4,6,6,6,6,101,Impaling Thrust,0,0,0
17510800,Messmer Soldier's Spear,Magic,28,Heavy Spear,SpearHeavy,1.015,standard,pierce,117,117,0,0,0,0.09,0.09,0.47,0,0,19,16,0,0,0,800,10000,0,4,0,0,0,6,6,6,6,101,Impaling Thrust,0,0,0
17510900,Messmer Soldier's Spear,Cold,28,Heavy Spear,SpearHeavy,1.015,standard,pierce,117,99,0,0,0,0.42,0.42,0.47,0,0,19,16,0,0,0,900,10000,0,4,0,0,0,6,6,6,6,101,Impaling Thrust,0,0,0
17511000,Messmer Soldier's Spear,Poison,28,Heavy Spear,SpearHeavy,1.015,standard,pierce,117,0,0,0,0,0.42,0.42,0,0,0.3,19,16,0,0,0,1000,10013,0,0,0,0,0,6,6,6,6,101,Impaling Thrust,0,0,0
17511100,Messmer Soldier's Spear,Blood,28,Heavy Spear,SpearHeavy,1.015,standard,pierce,117,0,0,0,0,0.42,0.42,0,0,0.3,19,16,0,0,0,1100,10013,0,0,0,0,0,6,6,6,6,101,Impaling Thrust,0,0,0
17511200,Messmer Soldier's Spear,Occult,28,Heavy Spear,SpearHeavy,1.015,standard,pierce,117,0,0,0,0,0.18,0.18,0,0,0.79,19,16,0,0,0,1200,10013,7,0,0,0,0,6,6,6,6,101,Impaling Thrust,0,0,0
17520000,Barbed Staff-Spear,Standard,28,Heavy Spear,SpearHeavy,1.02,standard,pierce,86,0,0,0,86,0.15,0.23,0,0.8,0,14,18,0,22,0,2200,10000,0,0,0,0,0,6,6,6,6,5470,Jori's Inquisition,1,0,1
18000000,Halberd,Standard,29,Halberd,SpearAxe,1,standard,pierce,125,0,0,0,0,0.54,0.38,0,0,0,14,12,0,0,0,0,10000,0,0,0,0,0,6,6,6,6,105,Charge Forth,0,0,0
18000100,Halberd,Heavy,29,Halberd,SpearAxe,1,standard,pierce,120,0,0,0,0,0.54,0,0,0,0,14,12,0,0,0,100,10000,1,0,0,0,0,6,6,6,6,105,Charge Forth,0,0,0
18000200,Halberd,Keen,29,Halberd,SpearAxe,1,standard,pierce,120,0,0,0,0,0.18,0.49,0,0,0,14,12,0,0,0,200,10000,2,0,0,0,0,6,6,6,6,105,Charge Forth,0,0,0
18000300,Halberd,Quality,29,Halberd,SpearAxe,1,standard,pierce,120,0,0,0,0,0.59,0.59,0,0,0,14,12,0,0,0,300,10000,8,0,0,0,0,6,6,6,6,105,Charge Forth,0,0,0
18000400,Halberd,Fire,29,Halberd,SpearAxe,1,standard,pierce,120,0,120,0,0,0.38,0.09,0,0,0,14,12,0,0,0,400,10005,0,0,4,0,0,6,6,6,6,105,Charge Forth,0,0,0
18000500,Halberd,Flame Art,29,Halberd,SpearAxe,1,standard,pierce,120,0,120,0,0,0.1,0.07,0,0.44,0,14,12,0,0,0,500,10000,0,0,4,0,0,6,6,6,6,105,Charge Forth,0,0,0
18000600,Halberd,Lightning,29,Halberd,SpearAxe,1,standard,pierce,120,0,0,120,0,0.09,0.38,0,0,0,14,12,0,0,0,600,10000,0,0,0,4,0,6,6,6,6,105,Charge Forth,0,0,0
18000700,Halberd,Sacred,29,Halberd,SpearAxe,1,standard,pierce,120,0,0,0,120,0.1,0.07,0,0.44,0,14,12,0,0,0,700,10000,0,0,0,0,4,6,6,6,6,105,Charge Forth,0,0,0
18000800,Halberd,Magic,29,Halberd,SpearAxe,1,standard,pierce,120,120,0,0,0,0.1,0.07,0.44,0,0,14,12,0,0,0,800,10000,0,4,0,0,0,6,6,6,6,105,Charge Forth,0,0,0
18000900,Halberd,Cold,29,Halberd,SpearAxe,1,standard,pierce,120,96,0,0,0,0.48,0.34,0.36,0,0,14,12,0,0,0,900,10000,0,4,0,0,0,6,6,6,6,105,Charge Forth,0,0,0
18001000,Halberd,Poison,29,Halberd,SpearAxe,1,standard,pierce,120,0,0,0,0,0.51,0.36,0,0,0.3,14,12,0,0,0,1000,10013,0,0,0,0,0,6,6,6,6,105,Charge Forth,0,0,0
18001100,Halberd,Blood,29,Halberd,SpearAxe,1,standard,pierce,120,0,0,0,0,0.51,0.36,0,0,0.3,14,12,0,0,0,1100,10013,0,0,0,0,0,6,6,6,6,105,Charge Forth,0,0,0
18001200,Halberd,Occult,29,Halberd,SpearAxe,1,standard,pierce,120,0,0,0,0,0.21,0.15,0,0,0.78,14,12,0,0,0,1200,10013,7,0,0,0,0,6,6,6,6,105,Charge Forth,0,0,0
18010000,Pest's Glaive,Standard,29,Halberd,SpearAxe,0.97,slash,pierce,120,0,0,0,0,0.36,0.59,0,0,0,13,13,0,0,0,0,10000,0,0,0,0,0,6,6,6,6,103,Spinning Slash,0,0,0
18010100,Pest's Glaive,Heavy,29,Halberd,SpearAxe,0.97,slash,pierce,115,0,0,0,0,0.52,0,0,0,0,13,13,0,0,0,100,10000,1,0,0,0,0,6,6,6,6,103,Spinning Slash,0,0,0
18010200,Pest's Glaive,Keen,29,Halberd,SpearAxe,0.97,slash,pierce,115,0,0,0,0,0.19,0.51,0,0,0,13,13,0,0,0,200,10000,2,0,0,0,0,6,6,6,6,103,Spinning Slash,0,0,0
18010300,Pest's Glaive,Quality,29,Halberd,SpearAxe,0.97,slash,pierce,115,0,0,0,0,0.61,0.61,0,0,0,13,13,0,0,0,300,10000,8,0,0,0,0,6,6,6,6,103,Spinning Slash,0,0,0
18010400,Pest's Glaive,Fire,29,Halberd,SpearAxe,0.97,slash,pierce,115,0,115,0,0,0.4,0.09,0,0,0,13,13,0,0,0,400,10005,0,0,4,0,0,6,6,6,6,103,Spinning Slash,0,0,0
18010500,Pest's Glaive,Flame Art,29,Halberd,SpearAxe,0.97,slash,pierce,115,0,115,0,0,0.07,0.11,0,0.47,0,13,13,0,0,0,500,10000,0,0,4,0,0,6,6,6,6,103,Spinning Slash,0,0,0
18010600,Pest's Glaive,Lightning,29,Halberd,SpearAxe,0.97,slash,pierce,115,0,0,115,0,0.09,0.4,0,0,0,13,13,0,0,0,600,10000,0,0,0,4,0,6,6,6,6,103,Spinning Slash,0,0,0
18010700,Pest's Glaive,Sacred,29,Halberd,SpearAxe,0.97,slash,pierce,115,0,0,0,115,0.07,0.11,0,0.47,0,13,13,0,0,0,700,10000,0,0,0,0,4,6,6,6,6,103,Spinning Slash,0,0,0
18010800,Pest's Glaive,Magic,29,Halberd,SpearAxe,0.97,slash,pierce,115,115,0,0,0,0.07,0.11,0.47,0,0,13,13,0,0,0,800,10000,0,4,0,0,0,6,6,6,6,103,Spinning Slash,0,0,0
18010900,Pest's Glaive,Cold,29,Halberd,SpearAxe,0.97,slash,pierce,115,92,0,0,0,0.32,0.53,0.39,0,0,13,13,0,0,0,900,10000,0,4,0,0,0,6,6,6,6,103,Spinning Slash,0,0,0
18011000,Pest's Glaive,Poison,29,Halberd,SpearAxe,0.97,slash,pierce,115,0,0,0,0,0.34,0.56,0,0,0.3,13,13,0,0,0,1000,10013,0,0,0,0,0,6,6,6,6,103,Spinning Slash,0,0,0
18011100,Pest's Glaive,Blood,29,Halberd,SpearAxe,0.97,slash,pierce,115,0,0,0,0,0.34,0.56,0,0,0.3,13,13,0,0,0,1100,10013,0,0,0,0,0,6,6,6,6,103,Spinning Slash,0,0,0
18011200,Pest's Glaive,Occult,29,Halberd,SpearAxe,0.97,slash,pierce,115,0,0,0,0,0.14,0.23,0,0,0.8,13,13,0,0,0,1200,10013,7,0,0,0,0,6,6,6,6,103,Spinning Slash,0,0,0
18020000,Lucerne,Standard,29,Halberd,SpearAxe,0.93,pierce,pierce,121,0,0,0,0,0.3,0.6,0,0,0,15,12,0,0,0,0,10000,0,0,0,0,0,6,6,6,6,105,Charge Forth,0,0,0
18020100,Lucerne,Heavy,29,Halberd,SpearAxe,0.93,pierce,pierce,116,0,0,0,0,0.52,0,0,0,0,15,12,0,0,0,100,10000,1,0,0,0,0,6,6,6,6,105,Charge Forth,0,0,0
18020200,Lucerne,Keen,29,Halberd,SpearAxe,0.93,pierce,pierce,116,0,0,0,0,0.18,0.65,0,0,0,15,12,0,0,0,5000,10000,2,0,0,0,0,6,6,6,6,105,Charge Forth,0,0,0
18020300,Lucerne,Quality,29,Halberd,SpearAxe,0.93,pierce,pierce,116,0,0,0,0,0.59,0.59,0,0,0,15,12,0,0,0,300,10000,8,0,0,0,0,6,6,6,6,105,Charge Forth,0,0,0
18020400,Lucerne,Fire,29,Halberd,SpearAxe,0.93,pierce,pierce,116,0,116,0,0,0.37,0.09,0,0,0,15,12,0,0,0,400,10005,0,0,4,0,0,6,6,6,6,105,Charge Forth,0,0,0
18020500,Lucerne,Flame Art,29,Halberd,SpearAxe,0.93,pierce,pierce,116,0,116,0,0,0.06,0.12,0,0.43,0,15,12,0,0,0,500,10000,0,0,4,0,0,6,6,6,6,105,Charge Forth,0,0,0
18020600,Lucerne,Lightning,29,Halberd,SpearAxe,0.93,pierce,pierce,116,0,0,116,0,0.09,0.37,0,0,0,15,12,0,0,0,600,10000,0,0,0,4,0,6,6,6,6,105,Charge Forth,0,0,0
18020700,Lucerne,Sacred,29,Halberd,SpearAxe,0.93,pierce,pierce,116,0,0,0,116,0.06,0.12,0,0.43,0,15,12,0,0,0,700,10000,0,0,0,0,4,6,6,6,6,105,Charge Forth,0,0,0
18020800,Lucerne,Magic,29,Halberd,SpearAxe,0.93,pierce,pierce,116,116,0,0,0,0.06,0.12,0.43,0,0,15,12,0,0,0,800,10000,0,4,0,0,0,6,6,6,6,105,Charge Forth,0,0,0
18020900,Lucerne,Cold,29,Halberd,SpearAxe,0.93,pierce,pierce,116,93,0,0,0,0.27,0.54,0.36,0,0,15,12,0,0,0,900,10000,0,4,0,0,0,6,6,6,6,105,Charge Forth,0,0,0
18021000,Lucerne,Poison,29,Halberd,SpearAxe,0.93,pierce,pierce,116,0,0,0,0,0.28,0.57,0,0,0.3,15,12,0,0,0,1000,10013,0,0,0,0,0,6,6,6,6,105,Charge Forth,0,0,0
18021100,Lucerne,Blood,29,Halberd,SpearAxe,0.93,pierce,pierce,116,0,0,0,0,0.28,0.57,0,0,0.3,15,12,0,0,0,1100,10013,0,0,0,0,0,6,6,6,6,105,Charge Forth,0,0,0
18021200,Lucerne,Occult,29,Halberd,SpearAxe,0.93,pierce,pierce,116,0,0,0,0,0.12,0.24,0,0,0.76,15,12,0,0,0,1200,10013,7,0,0,0,0,6,6,6,6,105,Charge Forth,0,0,0
18030000,Banished Knight's Halberd,Standard,29,Halberd,SpearAxe,1,standard,pierce,125,0,0,0,0,0.4,0.52,0,0,0,14,12,0,0,0,0,10000,0,0,0,0,0,6,6,6,6,105,Charge Forth,0,0,0
18030100,Banished Knight's Halberd,Heavy,29,Halberd,SpearAxe,1,standard,pierce,120,0,0,0,0,0.53,0,0,0,0,14,12,0,0,0,100,10000,1,0,0,0,0,6,6,6,6,105,Charge Forth,0,0,0
18030200,Banished Knight's Halberd,Keen,29,Halberd,SpearAxe,1,standard,pierce,120,0,0,0,0,0.18,0.49,0,0,0,14,12,0,0,0,200,10000,2,0,0,0,0,6,6,6,6,105,Charge Forth,0,0,0
18030300,Banished Knight's Halberd,Quality,29,Halberd,SpearAxe,1,standard,pierce,120,0,0,0,0,0.6,0.6,0,0,0,14,12,0,0,0,300,10000,8,0,0,0,0,6,6,6,6,105,Charge Forth,0,0,0
18030400,Banished Knight's Halberd,Fire,29,Halberd,SpearAxe,1,standard,pierce,120,0,120,0,0,0.4,0.09,0,0,0,14,12,0,0,0,400,10005,0,0,4,0,0,6,6,6,6,105,Charge Forth,0,0,0
18030500,Banished Knight's Halberd,Flame Art,29,Halberd,SpearAxe,1,standard,pierce,120,0,120,0,0,0.08,0.1,0,0.47,0,14,12,0,0,0,500,10000,0,0,4,0,0,6,6,6,6,105,Charge Forth,0,0,0
18030600,Banished Knight's Halberd,Lightning,29,Halberd,SpearAxe,1,standard,pierce,120,0,0,120,0,0.09,0.4,0,0,0,14,12,0,0,0,600,10000,0,0,0,4,0,6,6,6,6,105,Charge Forth,0,0,0
18030700,Banished Knight's Halberd,Sacred,29,Halberd,SpearAxe,1,standard,pierce,120,0,0,0,120,0.08,0.1,0,0.47,0,14,12,0,0,0,700,10000,0,0,0,0,4,6,6,6,6,105,Charge Forth,0,0,0
18030800,Banished Knight's Halberd,Magic,29,Halberd,SpearAxe,1,standard,pierce,120,120,0,0,0,0.08,0.1,0.46,0,0,14,12,0,0,0,800,10000,0,4,0,0,0,6,6,6,6,105,Charge Forth,0,0,0
18030900,Banished Knight's Halberd,Cold,29,Halberd,SpearAxe,1,standard,pierce,120,96,0,0,0,0.36,0.46,0.46,0,0,14,12,0,0,0,900,10000,0,4,0,0,0,6,6,6,6,105,Charge Forth,0,0,0
18031000,Banished Knight's Halberd,Poison,29,Halberd,SpearAxe,1,standard,pierce,120,0,0,0,0,0.38,0.49,0,0,0.3,14,12,0,0,0,1000,10013,0,0,0,0,0,6,6,6,6,105,Charge Forth,0,0,0
18031100,Banished Knight's Halberd,Blood,29,Halberd,SpearAxe,1,standard,pierce,120,0,0,0,0,0.38,0.49,0,0,0.3,14,12,0,0,0,1100,10013,0,0,0,0,0,6,6,6,6,105,Charge Forth,0,0,0
18031200,Banished Knight's Halberd,Occult,29,Halberd,SpearAxe,1,standard,pierce,120,0,0,0,0,0.16,0.2,0,0,0.78,14,12,0,0,0,1200,10013,7,0,0,0,0,6,6,6,6,105,Charge Forth,0,0,0
18040000,Commander's Standard,Standard,29,Halberd,SpearAxe,1.145,standard,pierce,138,0,0,0,0,0.55,0.3,0,0,0,24,14,0,0,0,2200,10000,0,0,0,0,0,6,6,6,6,1010,Rallying Standard,1,0,1
18050000,Nightrider Glaive,Standard,29,Halberd,SpearAxe,1.16,slash,pierce,129,0,0,0,0,0.79,0.05,0,0,0,26,10,0,0,0,0,10000,0,0,0,0,0,6,6,6,6,103,Spinning Slash,0,0,0
18050100,Nightrider Glaive,Heavy,29,Halberd,SpearAxe,1.16,slash,pierce,123,0,0,0,0,0.71,0,0,0,0,26,10,0,0,0,6000,10000,1,0,0,0,0,6,6,6,6,103,Spinning Slash,0,0,0
18050200,Nightrider Glaive,Keen,29,Halberd,SpearAxe,1.16,slash,pierce,123,0,0,0,0,0.16,0.52,0,0,0,26,10,0,0,0,200,10000,2,0,0,0,0,6,6,6,6,103,Spinning Slash,0,0,0
18050300,Nightrider Glaive,Quality,29,Halberd,SpearAxe,1.16,slash,pierce,123,0,0,0,0,0.62,0.62,0,0,0,26,10,0,0,0,300,10000,8,0,0,0,0,6,6,6,6,103,Spinning Slash,0,0,0
18050400,Nightrider Glaive,Fire,29,Halberd,SpearAxe,1.16,slash,pierce,123,0,123,0,0,0.43,0.08,0,0,0,26,10,0,0,0,400,10005,0,0,4,0,0,6,6,6,6,103,Spinning Slash,0,0,0
18050500,Nightrider Glaive,Flame Art,29,Halberd,SpearAxe,1.16,slash,pierce,123,0,123,0,0,0.15,0.04,0,0.5,0,26,10,0,0,0,500,10000,0,0,4,0,0,6,6,6,6,103,Spinning Slash,0,0,0
18050600,Nightrider Glaive,Lightning,29,Halberd,SpearAxe,1.16,slash,pierce,123,0,0,123,0,0.08,0.43,0,0,0,26,10,0,0,0,600,10000,0,0,0,4,0,6,6,6,6,103,Spinning Slash,0,0,0
18050700,Nightrider Glaive,Sacred,29,Halberd,SpearAxe,1.16,slash,pierce,123,0,0,0,123,0.15,0.04,0,0.5,0,26,10,0,0,0,700,10000,0,0,0,0,4,6,6,6,6,103,Spinning Slash,0,0,0
18050800,Nightrider Glaive,Magic,29,Halberd,SpearAxe,1.16,slash,pierce,123,123,0,0,0,0.15,0.04,0.5,0,0,26,10,0,0,0,800,10000,0,4,0,0,0,6,6,6,6,103,Spinning Slash,0,0,0
18050900,Nightrider Glaive,Cold,29,Halberd,SpearAxe,1.16,slash,pierce,123,98,0,0,0,0.71,0.04,0.33,0,0,26,10,0,0,0,900,10000,0,4,0,0,0,6,6,6,6,103,Spinning Slash,0,0,0
18051000,Nightrider Glaive,Poison,29,Halberd,SpearAxe,1.16,slash,pierce,123,0,0,0,0,0.71,0.04,0,0,0.3,26,10,0,0,0,1000,10013,0,0,0,0,0,6,6,6,6,103,Spinning Slash,0,0,0
18051100,Nightrider Glaive,Blood,29,Halberd,SpearAxe,1.16,slash,pierce,123,0,0,0,0,0.71,0.04,0,0,0.3,26,10,0,0,0,1100,10013,0,0,0,0,0,6,6,6,6,103,Spinning Slash,0,0,0
18051200,Nightrider Glaive,Occult,29,Halberd,SpearAxe,1.16,slash,pierce,123,0,0,0,0,0.31,0.04,0,0,0.71,26,10,0,0,0,1200,10013,7,0,0,0,0,6,6,6,6,103,Spinning Slash,0,0,0
18060000,Ripple Crescent Halberd,Standard,29,Halberd,SpearAxe,1.015,standard,pierce,86,0,0,0,0,0,0,0,0,1.35,12,12,0,0,20,0,10013,7,0,0,0,0,10,10,10,10,103,Spinning Slash,1,0,0
18070000,Vulgar Militia Saw,Standard,29,Halberd,SpearAxe,0.96,standard,pierce,126,0,0,0,0,0.35,0.56,0,0,0,15,13,0,0,0,0,10000,0,0,0,0,0,6,6,6,6,103,Spinning Slash,0,0,0
18070100,Vulgar Militia Saw,Heavy,29,Halberd,SpearAxe,0.96,standard,pierce,120,0,0,0,0,0.53,0,0,0,0,15,13,0,0,0,100,10000,1,0,0,0,0,6,6,6,6,103,Spinning Slash,0,0,0
18070200,Vulgar Militia Saw,Keen,29,Halberd,SpearAxe,0.96,standard,pierce,120,0,0,0,0,0.18,0.49,0,0,0,15,13,0,0,0,200,10000,2,0,0,0,0,6,6,6,6,103,Spinning Slash,0,0,0
18070300,Vulgar Militia Saw,Quality,29,Halberd,SpearAxe,0.96,standard,pierce,120,0,0,0,0,0.6,0.6,0,0,0,15,13,0,0,0,300,10000,8,0,0,0,0,6,6,6,6,103,Spinning Slash,0,0,0
18070400,Vulgar Militia Saw,Fire,29,Halberd,SpearAxe,0.96,standard,pierce,120,0,120,0,0,0.4,0.09,0,0,0,15,13,0,0,0,400,10005,0,0,4,0,0,6,6,6,6,103,Spinning Slash,0,0,0
18070500,Vulgar Militia Saw,Flame Art,29,Halberd,SpearAxe,0.96,standard,pierce,120,0,120,0,0,0.07,0.11,0,0.5,0,15,13,0,0,0,500,10000,0,0,4,0,0,6,6,6,6,103,Spinning Slash,0,0,0
18070600,Vulgar Militia Saw,Lightning,29,Halberd,SpearAxe,0.96,standard,pierce,120,0,0,120,0,0.09,0.4,0,0,0,15,13,0,0,0,600,10000,0,0,0,4,0,6,6,6,6,103,Spinning Slash,0,0,0
18070700,Vulgar Militia Saw,Sacred,29,Halberd,SpearAxe,0.96,standard,pierce,120,0,0,0,120,0.07,0.11,0,0.5,0,15,13,0,0,0,700,10000,0,0,0,0,4,6,6,6,6,103,Spinning Slash,0,0,0
18070800,Vulgar Militia Saw,Magic,29,Halberd,SpearAxe,0.96,standard,pierce,120,120,0,0,0,0.07,0.11,0.48,0,0,15,13,0,0,0,800,10000,0,4,0,0,0,6,6,6,6,103,Spinning Slash,0,0,0
18070900,Vulgar Militia Saw,Cold,29,Halberd,SpearAxe,0.96,standard,pierce,120,96,0,0,0,0.31,0.5,0.4,0,0,15,13,0,0,0,900,10000,0,4,0,0,0,6,6,6,6,103,Spinning Slash,0,0,0
18071000,Vulgar Militia Saw,Poison,29,Halberd,SpearAxe,0.96,standard,pierce,120,0,0,0,0,0.33,0.53,0,0,0.3,15,13,0,0,0,1000,10013,0,0,0,0,0,6,6,6,6,103,Spinning Slash,0,0,0
18071100,Vulgar Militia Saw,Blood,29,Halberd,SpearAxe,0.96,standard,pierce,120,0,0,0,0,0.33,0.53,0,0,0.3,15,13,0,0,0,1100,10013,0,0,0,0,0,6,6,6,6,103,Spinning Slash,0,0,0
18071200,Vulgar Militia Saw,Occult,29,Halberd,SpearAxe,0.96,standard,pierce,120,0,0,0,0,0.14,0.22,0,0,0.77,15,13,0,0,0,1200,10013,7,0,0,0,0,6,6,6,6,103,Spinning Slash,0,0,0
18080000,Golden Halberd,Standard,29,Halberd,SpearAxe,1.15,standard,pierce,134,0,0,0,87,0.5,0.15,0,0.32,0,30,14,0,12,0,2200,10000,0,0,0,0,4,6,6,6,6,603,Golden Vow,1,0,1
18090000,Glaive,Standard,29,Halberd,SpearAxe,1.1,slash,pierce,132,0,0,0,0,0.45,0.43,0,0,0,18,15,0,0,0,0,10000,0,0,0,0,0,6,6,6,6,103,Spinning Slash,0,0,0
18090100,Glaive,Heavy,29,Halberd,SpearAxe,1.1,slash,pierce,126,0,0,0,0,0.51,0,0,0,0,18,15,0,0,0,100,10000,1,0,0,0,0,6,6,6,6,103,Spinning Slash,0,0,0
18090200,Glaive,Keen,29,Halberd,SpearAxe,1.1,slash,pierce,126,0,0,0,0,0.17,0.47,0,0,0,18,15,0,0,0,200,10000,2,0,0,0,0,6,6,6,6,103,Spinning Slash,0,0,0
18090300,Glaive,Quality,29,Halberd,SpearAxe,1.1,slash,pierce,126,0,0,0,0,0.59,0.59,0,0,0,18,15,0,0,0,300,10000,8,0,0,0,0,6,6,6,6,103,Spinning Slash,0,0,0
18090400,Glaive,Fire,29,Halberd,SpearAxe,1.1,slash,pierce,126,0,126,0,0,0.39,0.08,0,0,0,18,15,0,0,0,400,10005,0,0,4,0,0,6,6,6,6,103,Spinning Slash,0,0,0
18090500,Glaive,Flame Art,29,Halberd,SpearAxe,1.1,slash,pierce,126,0,126,0,0,0.09,0.08,0,0.45,0,18,15,0,0,0,500,10000,0,0,4,0,0,6,6,6,6,103,Spinning Slash,0,0,0
18090600,Glaive,Lightning,29,Halberd,SpearAxe,1.1,slash,pierce,126,0,0,126,0,0.08,0.39,0,0,0,18,15,0,0,0,600,10000,0,0,0,4,0,6,6,6,6,103,Spinning Slash,0,0,0
18090700,Glaive,Sacred,29,Halberd,SpearAxe,1.1,slash,pierce,126,0,0,0,126,0.09,0.08,0,0.45,0,18,15,0,0,0,700,10000,0,0,0,0,4,6,6,6,6,103,Spinning Slash,0,0,0
18090800,Glaive,Magic,29,Halberd,SpearAxe,1.1,slash,pierce,126,126,0,0,0,0.09,0.08,0.44,0,0,18,15,0,0,0,800,10000,0,4,0,0,0,6,6,6,6,103,Spinning Slash,0,0,0
18090900,Glaive,Cold,29,Halberd,SpearAxe,1.1,slash,pierce,126,101,0,0,0,0.4,0.38,0.39,0,0,18,15,0,0,0,900,10000,0,4,0,0,0,6,6,6,6,103,Spinning Slash,0,0,0
18091000,Glaive,Poison,29,Halberd,SpearAxe,1.1,slash,pierce,126,0,0,0,0,0.42,0.4,0,0,0.3,18,15,0,0,0,1000,10013,0,0,0,0,0,6,6,6,6,103,Spinning Slash,0,0,0
18091100,Glaive,Blood,29,Halberd,SpearAxe,1.1,slash,pierce,126,0,0,0,0,0.42,0.4,0,0,0.3,18,15,0,0,0,1100,10013,0,0,0,0,0,6,6,6,6,103,Spinning Slash,0,0,0
18091200,Glaive,Occult,29,Halberd,SpearAxe,1.1,slash,pierce,126,0,0,0,0,0.18,0.17,0,0,0.74,18,15,0,0,0,1200,10013,7,0,0,0,0,6,6,6,6,103,Spinning Slash,0,0,0
18100000,Loretta's War Sickle,Standard,29,Halberd,SpearAxe,1.1,slash,pierce,110,71,0,0,0,0.36,0.45,0.4,0,0,20,15,20,0,0,2200,10000,0,4,0,0,0,6,6,6,6,1165,,1,0,1
18110000,Guardian's Swordspear,Standard,29,Halberd,SpearAxe,1.03,standard,pierce,139,0,0,0,0,0.05,0.64,0,0,0,17,16,0,0,0,0,10000,0,0,0,0,0,6,6,6,6,103,Spinning Slash,0,0,0
18110100,Guardian's Swordspear,Heavy,29,Halberd,SpearAxe,1.03,standard,pierce,133,0,0,0,0,0.44,0,0,0,0,17,16,0,0,0,100,10000,1,0,0,0,0,6,6,6,6,103,Spinning Slash,0,0,0
18110200,Guardian's Swordspear,Keen,29,Halberd,SpearAxe,1.03,standard,pierce,133,0,0,0,0,0,0.6,0,0,0,17,16,0,0,0,200,10000,2,0,0,0,0,6,6,6,6,103,Spinning Slash,0,0,0
18110300,Guardian's Swordspear,Quality,29,Halberd,SpearAxe,1.03,standard,pierce,133,0,0,0,0,0.51,0.51,0,0,0,17,16,0,0,0,300,10000,8,0,0,0,0,6,6,6,6,103,Spinning Slash,0,0,0
18110400,Guardian's Swordspear,Fire,29,Halberd,SpearAxe,1.03,standard,pierce,133,0,133,0,0,0.34,0.06,0,0,0,17,16,0,0,0,400,10005,0,0,4,0,0,6,6,6,6,103,Spinning Slash,0,0,0
18110500,Guardian's Swordspear,Flame Art,29,Halberd,SpearAxe,1.03,standard,pierce,133,0,133,0,0,0.04,0.12,0,0.36,0,17,16,0,0,0,500,10000,0,0,4,0,0,6,6,6,6,103,Spinning Slash,0,0,0
18110600,Guardian's Swordspear,Lightning,29,Halberd,SpearAxe,1.03,standard,pierce,133,0,0,133,0,0.06,0.34,0,0,0,17,16,0,0,0,600,10000,0,0,0,4,0,6,6,6,6,103,Spinning Slash,0,0,0
18110700,Guardian's Swordspear,Sacred,29,Halberd,SpearAxe,1.03,standard,pierce,133,0,0,0,133,0.04,0.12,0,0.36,0,17,16,0,0,0,700,10000,0,0,0,0,4,6,6,6,6,103,Spinning Slash,0,0,0
18110800,Guardian's Swordspear,Magic,29,Halberd,SpearAxe,1.03,standard,pierce,133,133,0,0,0,0.04,0.12,0.37,0,0,17,16,0,0,0,800,10000,0,4,0,0,0,6,6,6,6,103,Spinning Slash,0,0,0
18110900,Guardian's Swordspear,Cold,29,Halberd,SpearAxe,1.03,standard,pierce,133,106,0,0,0,0.04,0.57,0.27,0,0,17,16,0,0,0,900,10000,0,4,0,0,0,6,6,6,6,103,Spinning Slash,0,0,0
18111000,Guardian's Swordspear,Poison,29,Halberd,SpearAxe,1.03,standard,pierce,133,0,0,0,0,0.04,0.6,0,0,0.3,17,16,0,0,0,1000,10013,0,0,0,0,0,6,6,6,6,103,Spinning Slash,0,0,0
18111100,Guardian's Swordspear,Blood,29,Halberd,SpearAxe,1.03,standard,pierce,133,0,0,0,0,0.04,0.6,0,0,0.3,17,16,0,0,0,1100,10013,0,0,0,0,0,6,6,6,6,103,Spinning Slash,0,0,0
18111200,Guardian's Swordspear,Occult,29,Halberd,SpearAxe,1.03,standard,pierce,133,0,0,0,0,0.04,0.25,0,0,0.58,17,16,0,0,0,1200,10013,7,0,0,0,0,6,6,6,6,103,Spinning Slash,0,0,0
18130000,Vulgar Militia Shotel,Standard,29,Halberd,SpearAxe,0.96,standard,pierce,121,0,0,0,0,0.1,0.8,0,0,0,14,16,0,0,0,0,10000,0,0,0,0,0,6,6,6,6,103,Spinning Slash,0,0,0
18130100,Vulgar Militia Shotel,Heavy,29,Halberd,SpearAxe,0.96,standard,pierce,116,0,0,0,0,0.55,0,0,0,0,14,16,0,0,0,100,10000,1,0,0,0,0,6,6,6,6,103,Spinning Slash,0,0,0
18130200,Vulgar Militia Shotel,Keen,29,Halberd,SpearAxe,0.96,standard,pierce,116,0,0,0,0,0.18,0.69,0,0,0,14,16,0,0,0,5000,10000,2,0,0,0,0,6,6,6,6,103,Spinning Slash,0,0,0
18130300,Vulgar Militia Shotel,Quality,29,Halberd,SpearAxe,0.96,standard,pierce,116,0,0,0,0,0.62,0.62,0,0,0,14,16,0,0,0,300,10000,8,0,0,0,0,6,6,6,6,103,Spinning Slash,0,0,0
18130400,Vulgar Militia Shotel,Fire,29,Halberd,SpearAxe,0.96,standard,pierce,116,0,116,0,0,0.45,0.09,0,0,0,14,16,0,0,0,400,10005,0,0,4,0,0,6,6,6,6,103,Spinning Slash,0,0,0
18130500,Vulgar Militia Shotel,Flame Art,29,Halberd,SpearAxe,0.96,standard,pierce,116,0,116,0,0,0.05,0.16,0,0.54,0,14,16,0,0,0,500,10000,0,0,4,0,0,6,6,6,6,103,Spinning Slash,0,0,0
18130600,Vulgar Militia Shotel,Lightning,29,Halberd,SpearAxe,0.96,standard,pierce,116,0,0,116,0,0.09,0.45,0,0,0,14,16,0,0,0,600,10000,0,0,0,4,0,6,6,6,6,103,Spinning Slash,0,0,0
18130700,Vulgar Militia Shotel,Sacred,29,Halberd,SpearAxe,0.96,standard,pierce,116,0,0,0,116,0.05,0.16,0,0.54,0,14,16,0,0,0,700,10000,0,0,0,0,4,6,6,6,6,103,Spinning Slash,0,0,0
18130800,Vulgar Militia Shotel,Magic,29,Halberd,SpearAxe,0.96,standard,pierce,116,116,0,0,0,0.05,0.16,0.54,0,0,14,16,0,0,0,800,10000,0,4,0,0,0,6,6,6,6,103,Spinning Slash,0,0,0
18130900,Vulgar Militia Shotel,Cold,29,Halberd,SpearAxe,0.96,standard,pierce,116,93,0,0,0,0.09,0.72,0.36,0,0,14,16,0,0,0,900,10000,0,4,0,0,0,6,6,6,6,103,Spinning Slash,0,0,0
18131000,Vulgar Militia Shotel,Poison,29,Halberd,SpearAxe,0.96,standard,pierce,116,0,0,0,0,0.09,0.76,0,0,0.3,14,16,0,0,0,1000,10013,0,0,0,0,0,6,6,6,6,103,Spinning Slash,0,0,0
18131100,Vulgar Militia Shotel,Blood,29,Halberd,SpearAxe,0.96,standard,pierce,116,0,0,0,0,0.09,0.76,0,0,0.3,14,16,0,0,0,1100,10013,0,0,0,0,0,6,6,6,6,103,Spinning Slash,0,0,0
18131200,Vulgar Militia Shotel,Occult,29,Halberd,SpearAxe,0.96,standard,pierce,116,0,0,0,0,0.04,0.32,0,0,0.76,14,16,0,0,0,1200,10013,7,0,0,0,0,6,6,6,6,103,Spinning Slash,0,0,0
18140000,Dragon Halberd,Standard,29,Halberd,SpearAxe,1.075,standard,pierce,135,0,0,0,0,0.51,0.35,0,0,0,22,10,0,0,0,2200,10000,0,0,0,4,0,6,6,6,6,1166,,1,0,1
18150000,Gargoyle's Halberd,Standard,29,Halberd,SpearAxe,1.08,standard,pierce,131,0,0,0,0,0.74,0.1,0,0,0,26,10,0,0,0,0,10000,0,0,0,0,0,6,6,6,6,103,Spinning Slash,0,0,0
18150100,Gargoyle's Halberd,Heavy,29,Halberd,SpearAxe,1.08,standard,pierce,125,0,0,0,0,0.7,0,0,0,0,26,10,0,0,0,6000,10000,1,0,0,0,0,6,6,6,6,103,Spinning Slash,0,0,0
18150200,Gargoyle's Halberd,Keen,29,Halberd,SpearAxe,1.08,standard,pierce,125,0,0,0,0,0.16,0.5,0,0,0,26,10,0,0,0,200,10000,2,0,0,0,0,6,6,6,6,103,Spinning Slash,0,0,0
18150300,Gargoyle's Halberd,Quality,29,Halberd,SpearAxe,1.08,standard,pierce,125,0,0,0,0,0.61,0.61,0,0,0,26,10,0,0,0,300,10000,8,0,0,0,0,6,6,6,6,103,Spinning Slash,0,0,0
18150400,Gargoyle's Halberd,Fire,29,Halberd,SpearAxe,1.08,standard,pierce,125,0,125,0,0,0.41,0.08,0,0,0,26,10,0,0,0,400,10005,0,0,4,0,0,6,6,6,6,103,Spinning Slash,0,0,0
18150500,Gargoyle's Halberd,Flame Art,29,Halberd,SpearAxe,1.08,standard,pierce,125,0,125,0,0,0.14,0.05,0,0.47,0,26,10,0,0,0,500,10000,0,0,4,0,0,6,6,6,6,103,Spinning Slash,0,0,0
18150600,Gargoyle's Halberd,Lightning,29,Halberd,SpearAxe,1.08,standard,pierce,125,0,0,125,0,0.08,0.41,0,0,0,26,10,0,0,0,600,10000,0,0,0,4,0,6,6,6,6,103,Spinning Slash,0,0,0
18150700,Gargoyle's Halberd,Sacred,29,Halberd,SpearAxe,1.08,standard,pierce,125,0,0,0,125,0.14,0.05,0,0.47,0,26,10,0,0,0,700,10000,0,0,0,0,4,6,6,6,6,103,Spinning Slash,0,0,0
18150800,Gargoyle's Halberd,Magic,29,Halberd,SpearAxe,1.08,standard,pierce,125,125,0,0,0,0.14,0.05,0.47,0,0,26,10,0,0,0,800,10000,0,4,0,0,0,6,6,6,6,103,Spinning Slash,0,0,0
18150900,Gargoyle's Halberd,Cold,29,Halberd,SpearAxe,1.08,standard,pierce,125,100,0,0,0,0.66,0.09,0.33,0,0,26,10,0,0,0,900,10000,0,4,0,0,0,6,6,6,6,103,Spinning Slash,0,0,0
18151000,Gargoyle's Halberd,Poison,29,Halberd,SpearAxe,1.08,standard,pierce,125,0,0,0,0,0.7,0.09,0,0,0.3,26,10,0,0,0,1000,10013,0,0,0,0,0,6,6,6,6,103,Spinning Slash,0,0,0
18151100,Gargoyle's Halberd,Blood,29,Halberd,SpearAxe,1.08,standard,pierce,125,0,0,0,0,0.7,0.09,0,0,0.3,26,10,0,0,0,1100,10013,0,0,0,0,0,6,6,6,6,103,Spinning Slash,0,0,0
18151200,Gargoyle's Halberd,Occult,29,Halberd,SpearAxe,1.08,standard,pierce,125,0,0,0,0,0.29,0.04,0,0,0.71,26,10,0,0,0,1200,10013,7,0,0,0,0,6,6,6,6,103,Spinning Slash,0,0,0
18160000,Gargoyle's Black Halberd,Standard,29,Halberd,SpearAxe,1.08,standard,pierce,103,0,0,0,123,0.47,0.15,0,0.25,0,26,10,0,22,0,2200,10000,0,0,0,0,0,6,6,6,6,103,Spinning Slash,0,0,1
18500000,Spirit Glaive,Standard,29,Halberd,SpearAxe,0.95,slash,pierce,121,36,0,0,0,0.3,0.48,0.3,0,0,14,17,16,0,0,2200,10000,0,0,0,0,0,6,6,6,6,5290,Rancor Slash,1,0,1
18510000,Poleblade of the Bud,Standard,29,Halberd,SpearAxe,1.14,slash,pierce,131,0,0,0,0,0.05,0.25,0,0,0.5,14,22,0,0,20,2200,15000,0,0,0,0,0,6,6,6,6,5300,Romina's Purification,1,0,1
19000000,Scythe,Standard,31,Scythe,Sickle,1,slash,slash,125,0,0,0,0,0.23,0.65,0,0,0,14,14,0,0,0,0,10000,0,0,0,0,0,6,6,6,6,103,Spinning Slash,0,0,0
19000100,Scythe,Heavy,31,Scythe,Sickle,1,slash,slash,120,0,0,0,0,0.49,0,0,0,0,14,14,0,0,0,100,10000,1,0,0,0,0,6,6,6,6,103,Spinning Slash,0,0,0
19000200,Scythe,Keen,31,Scythe,Sickle,1,slash,slash,120,0,0,0,0,0.17,0.63,0,0,0,14,14,0,0,0,5000,10000,2,0,0,0,0,6,6,6,6,103,Spinning Slash,0,0,0
19000300,Scythe,Quality,31,Scythe,Sickle,1,slash,slash,120,0,0,0,0,0.56,0.56,0,0,0,14,14,0,0,0,300,10000,8,0,0,0,0,6,6,6,6,103,Spinning Slash,0,0,0
19000400,Scythe,Fire,31,Scythe,Sickle,1,slash,slash,120,0,120,0,0,0.37,0.17,0,0,0,14,14,0,0,0,400,10005,0,0,4,0,0,6,6,6,6,103,Spinning Slash,0,0,0
19000500,Scythe,Flame Art,31,Scythe,Sickle,1,slash,slash,120,0,120,0,0,0.06,0.19,0,0.38,0,14,14,0,0,0,500,10000,0,0,4,0,0,6,6,6,6,103,Spinning Slash,0,0,0
19000600,Scythe,Lightning,31,Scythe,Sickle,1,slash,slash,120,0,0,120,0,0.17,0.37,0,0,0,14,14,0,0,0,600,10000,0,0,0,4,0,6,6,6,6,103,Spinning Slash,0,0,0
19000700,Scythe,Sacred,31,Scythe,Sickle,1,slash,slash,120,0,0,0,120,0.06,0.19,0,0.38,0,14,14,0,0,0,700,10000,0,0,0,0,4,6,6,6,6,103,Spinning Slash,0,0,0
19000800,Scythe,Magic,31,Scythe,Sickle,1,slash,slash,120,120,0,0,0,0.06,0.19,0.42,0,0,14,14,0,0,0,800,10000,0,4,0,0,0,6,6,6,6,103,Spinning Slash,0,0,0
19000900,Scythe,Cold,31,Scythe,Sickle,1,slash,slash,120,96,0,0,0,0.2,0.58,0.3,0,0,14,14,0,0,0,900,10000,0,4,0,0,0,6,6,6,6,103,Spinning Slash,0,0,0
19001000,Scythe,Poison,31,Scythe,Sickle,1,slash,slash,120,0,0,0,0,0.21,0.61,0,0,0.3,14,14,0,0,0,1000,10013,0,0,0,0,0,6,6,6,6,103,Spinning Slash,0,0,0
19001100,Scythe,Blood,31,Scythe,Sickle,1,slash,slash,120,0,0,0,0,0.21,0.61,0,0,0.3,14,14,0,0,0,1100,10013,0,0,0,0,0,6,6,6,6,103,Spinning Slash,0,0,0
19001200,Scythe,Occult,31,Scythe,Sickle,1,slash,slash,120,0,0,0,0,0.09,0.26,0,0,0.74,14,14,0,0,0,1200,10013,7,0,0,0,0,6,6,6,6,103,Spinning Slash,0,0,0
19010000,Grave Scythe,Standard,31,Scythe,Sickle,1.06,slash,slash,144,0,0,0,0,0.42,0.3,0,0,0,17,13,0,0,0,0,10000,0,0,0,0,0,6,6,6,6,103,Spinning Slash,0,0,0
19010100,Grave Scythe,Heavy,31,Scythe,Sickle,1.06,slash,slash,138,0,0,0,0,0.44,0,0,0,0,17,13,0,0,0,100,10000,1,0,0,0,0,6,6,6,6,103,Spinning Slash,0,0,0
19010200,Grave Scythe,Keen,31,Scythe,Sickle,1.06,slash,slash,138,0,0,0,0,0.14,0.37,0,0,0,17,13,0,0,0,200,10000,2,0,0,0,0,6,6,6,6,103,Spinning Slash,0,0,0
19010300,Grave Scythe,Quality,31,Scythe,Sickle,1.06,slash,slash,138,0,0,0,0,0.5,0.5,0,0,0,17,13,0,0,0,300,10000,8,0,0,0,0,6,6,6,6,103,Spinning Slash,0,0,0
19010400,Grave Scythe,Fire,31,Scythe,Sickle,1.06,slash,slash,138,0,138,0,0,0.28,0.14,0,0,0,17,13,0,0,0,400,10005,0,0,4,0,0,6,6,6,6,103,Spinning Slash,0,0,0
19010500,Grave Scythe,Flame Art,31,Scythe,Sickle,1.06,slash,slash,138,0,138,0,0,0.12,0.09,0,0.28,0,17,13,0,0,0,500,10000,0,0,4,0,0,6,6,6,6,103,Spinning Slash,0,0,0
19010600,Grave Scythe,Lightning,31,Scythe,Sickle,1.06,slash,slash,138,0,0,138,0,0.14,0.28,0,0,0,17,13,0,0,0,600,10000,0,0,0,4,0,6,6,6,6,103,Spinning Slash,0,0,0
19010700,Grave Scythe,Sacred,31,Scythe,Sickle,1.06,slash,slash,138,0,0,0,138,0.12,0.09,0,0.28,0,17,13,0,0,0,700,10000,0,0,0,0,4,6,6,6,6,103,Spinning Slash,0,0,0
19010800,Grave Scythe,Magic,31,Scythe,Sickle,1.06,slash,slash,138,138,0,0,0,0.12,0.09,0.3,0,0,17,13,0,0,0,800,10000,0,4,0,0,0,6,6,6,6,103,Spinning Slash,0,0,0
19010900,Grave Scythe,Cold,31,Scythe,Sickle,1.06,slash,slash,138,110,0,0,0,0.37,0.27,0.25,0,0,17,13,0,0,0,900,10000,0,4,0,0,0,6,6,6,6,103,Spinning Slash,0,0,0
19011000,Grave Scythe,Poison,31,Scythe,Sickle,1.06,slash,slash,138,0,0,0,0,0.39,0.28,0,0,0.3,17,13,0,0,0,1000,10013,0,0,0,0,0,6,6,6,6,103,Spinning Slash,0,0,0
19011100,Grave Scythe,Blood,31,Scythe,Sickle,1.06,slash,slash,138,0,0,0,0,0.39,0.28,0,0,0.3,17,13,0,0,0,1100,10013,0,0,0,0,0,6,6,6,6,103,Spinning Slash,0,0,0
19011200,Grave Scythe,Occult,31,Scythe,Sickle,1.06,slash,slash,138,0,0,0,0,0.16,0.12,0,0,0.61,17,13,0,0,0,1200,10013,7,0,0,0,0,6,6,6,6,103,Spinning Slash,0,0,0
19020000,Halo Scythe,Standard,31,Scythe,Sickle,1.03,slash,slash,118,0,0,0,76,0.28,0.42,0,0.2,0,13,16,0,15,0,2200,10000,0,0,0,0,4,6,6,6,6,1051,Miquella's Ring of Light,1,0,1
19060000,Winged Scythe,Standard,31,Scythe,Sickle,1,slash,slash,87,0,0,0,104,0.2,0.35,0,0.45,0,16,16,0,24,0,2200,10000,0,0,0,0,4,6,6,6,6,1189,Angel's Wings,1,0,1
19500000,Obsidian Lamina,Standard,31,Scythe,Sickle,0.97,slash,slash,120,0,0,0,0,0.1,0.6,0,0,0.25,12,25,0,0,17,2200,15000,0,0,0,0,0,6,6,6,6,5120,Dynastic Sickleplay,1,0,1
20000000,Whip,Standard,39,Whip,Whip,1,strike,strike,103,0,0,0,0,0.34,0.45,0,0,0,8,14,0,0,0,0,10000,0,0,0,0,0,6,6,6,6,503,Kick,0,0,0
20000100,Whip,Heavy,39,Whip,Whip,1,strike,strike,98,0,0,0,0,0.45,0,0,0,0,8,14,0,0,0,100,10000,1,0,0,0,0,6,6,6,6,503,Kick,0,0,0
20000200,Whip,Keen,39,Whip,Whip,1,strike,strike,98,0,0,0,0,0.15,0.46,0,0,0,8,14,0,0,0,200,10000,2,0,0,0,0,6,6,6,6,503,Kick,0,0,0
20000300,Whip,Quality,39,Whip,Whip,1,strike,strike,98,0,0,0,0,0.55,0.55,0,0,0,8,14,0,0,0,300,10000,8,0,0,0,0,6,6,6,6,503,Kick,0,0,0
20000400,Whip,Fire,39,Whip,Whip,1,strike,strike,98,0,98,0,0,0.31,0.15,0,0,0,8,14,0,0,0,400,10005,0,0,4,0,0,6,6,6,6,503,Kick,0,0,0
20000500,Whip,Flame Art,39,Whip,Whip,1,strike,strike,98,0,98,0,0,0.13,0.18,0,0.29,0,8,14,0,0,0,500,10000,0,0,4,0,0,6,6,6,6,503,Kick,0,0,0
20000600,Whip,Lightning,39,Whip,Whip,1,strike,strike,98,0,0,98,0,0.15,0.31,0,0,0,8,14,0,0,0,600,10000,0,0,0,4,0,6,6,6,6,503,Kick,0,0,0
20000700,Whip,Sacred,39,Whip,Whip,1,strike,strike,98,0,0,0,98,0.13,0.18,0,0.29,0,8,14,0,0,0,700,10000,0,0,0,0,4,6,6,6,6,503,Kick,0,0,0
20000800,Whip,Magic,39,Whip,Whip,1,strike,strike,98,98,0,0,0,0.13,0.18,0.33,0,0,8,14,0,0,0,800,10000,0,4,0,0,0,6,6,6,6,503,Kick,0,0,0
20000900,Whip,Cold,39,Whip,Whip,1,strike,strike,98,78,0,0,0,0.3,0.4,0.39,0,0,8,14,0,0,0,900,10000,0,4,0,0,0,6,6,6,6,503,Kick,0,0,0
20001000,Whip,Poison,39,Whip,Whip,1,strike,strike,98,0,0,0,0,0.32,0.42,0,0,0.3,8,14,0,0,0,1000,10013,0,0,0,0,0,6,6,6,6,503,Kick,0,0,0
20001100,Whip,Blood,39,Whip,Whip,1,strike,strike,98,0,0,0,0,0.32,0.42,0,0,0.3,8,14,0,0,0,1100,10013,0,0,0,0,0,6,6,6,6,503,Kick,0,0,0
20001200,Whip,Occult,39,Whip,Whip,1,strike,strike,98,0,0,0,0,0.13,0.18,0,0,0.67,8,14,0,0,0,1200,10013,7,0,0,0,0,6,6,6,6,503,Kick,0,0,0
20020000,Thorned Whip,Standard,39,Whip,Whip,1.07,strike,strike,105,0,0,0,0,0.2,0.6,0,0,0,8,16,0,0,0,0,10000,0,0,0,0,0,6,6,6,6,503,Kick,0,0,0
20020100,Thorned Whip,Heavy,39,Whip,Whip,1.07,strike,strike,100,0,0,0,0,0.46,0,0,0,0,8,16,0,0,0,100,10000,1,0,0,0,0,6,6,6,6,503,Kick,0,0,0
20020200,Thorned Whip,Keen,39,Whip,Whip,1.07,strike,strike,100,0,0,0,0,0.16,0.6,0,0,0,8,16,0,0,0,5000,10000,2,0,0,0,0,6,6,6,6,503,Kick,0,0,0
20020300,Thorned Whip,Quality,39,Whip,Whip,1.07,strike,strike,100,0,0,0,0,0.53,0.53,0,0,0,8,16,0,0,0,300,10000,8,0,0,0,0,6,6,6,6,503,Kick,0,0,0
20020400,Thorned Whip,Fire,39,Whip,Whip,1.07,strike,strike,100,0,100,0,0,0.32,0.16,0,0,0,8,16,0,0,0,400,10005,0,0,4,0,0,6,6,6,6,503,Kick,0,0,0
20020500,Thorned Whip,Flame Art,39,Whip,Whip,1.07,strike,strike,100,0,100,0,0,0.08,0.24,0,0.28,0,8,16,0,0,0,500,10000,0,0,4,0,0,6,6,6,6,503,Kick,0,0,0
20020600,Thorned Whip,Lightning,39,Whip,Whip,1.07,strike,strike,100,0,0,100,0,0.16,0.32,0,0,0,8,16,0,0,0,600,10000,0,0,0,4,0,6,6,6,6,503,Kick,0,0,0
20020700,Thorned Whip,Sacred,39,Whip,Whip,1.07,strike,strike,100,0,0,0,100,0.08,0.24,0,0.28,0,8,16,0,0,0,700,10000,0,0,0,0,4,6,6,6,6,503,Kick,0,0,0
20020800,Thorned Whip,Magic,39,Whip,Whip,1.07,strike,strike,100,100,0,0,0,0.08,0.24,0.32,0,0,8,16,0,0,0,800,10000,0,4,0,0,0,6,6,6,6,503,Kick,0,0,0
20020900,Thorned Whip,Cold,39,Whip,Whip,1.07,strike,strike,100,80,0,0,0,0.18,0.54,0.3,0,0,8,16,0,0,0,900,10000,0,4,0,0,0,6,6,6,6,503,Kick,0,0,0
20021000,Thorned Whip,Poison,39,Whip,Whip,1.07,strike,strike,100,0,0,0,0,0.19,0.57,0,0,0.3,8,16,0,0,0,1000,10013,0,0,0,0,0,6,6,6,6,503,Kick,0,0,0
20021100,Thorned Whip,Blood,39,Whip,Whip,1.07,strike,strike,100,0,0,0,0,0.19,0.57,0,0,0.3,8,16,0,0,0,1100,10013,0,0,0,0,0,6,6,6,6,503,Kick,0,0,0
20021200,Thorned Whip,Occult,39,Whip,Whip,1.07,strike,strike,100,0,0,0,0,0.08,0.24,0,0,0.68,8,16,0,0,0,1200,10013,7,0,0,0,0,6,6,6,6,503,Kick,0,0,0
20030000,Magma Whip Candlestick,Standard,39,Whip,Whip,1.03,strike,strike,74,0,74,0,0,0.2,0.5,0,0.38,0,8,16,0,18,0,2200,10000,0,0,4,0,0,6,6,6,6,1006,Sea of Magma,1,0,1
20050000,Hoslow's Petal Whip,Standard,39,Whip,Whip,1.13,strike,strike,113,0,0,0,0,0.28,0.43,0,0,0,10,20,0,0,0,0,10000,0,0,0,0,0,6,6,6,6,503,Kick,0,0,0
20050100,Hoslow's Petal Whip,Heavy,39,Whip,Whip,1.13,strike,strike,108,0,0,0,0,0.42,0,0,0,0,10,20,0,0,0,100,10000,1,0,0,0,0,6,6,6,6,503,Kick,0,0,0
20050200,Hoslow's Petal Whip,Keen,39,Whip,Whip,1.13,strike,strike,108,0,0,0,0,0.14,0.41,0,0,0,10,20,0,0,0,200,10000,2,0,0,0,0,6,6,6,6,503,Kick,0,0,0
20050300,Hoslow's Petal Whip,Quality,39,Whip,Whip,1.13,strike,strike,108,0,0,0,0,0.49,0.49,0,0,0,10,20,0,0,0,300,10000,8,0,0,0,0,6,6,6,6,503,Kick,0,0,0
20050400,Hoslow's Petal Whip,Fire,39,Whip,Whip,1.13,strike,strike,108,0,108,0,0,0.28,0.14,0,0,0,10,20,0,0,0,400,10005,0,0,4,0,0,6,6,6,6,503,Kick,0,0,0
20050500,Hoslow's Petal Whip,Flame Art,39,Whip,Whip,1.13,strike,strike,108,0,108,0,0,0.11,0.17,0,0.23,0,10,20,0,0,0,500,10000,0,0,4,0,0,6,6,6,6,503,Kick,0,0,0
20050600,Hoslow's Petal Whip,Lightning,39,Whip,Whip,1.13,strike,strike,108,0,0,108,0,0.14,0.28,0,0,0,10,20,0,0,0,600,10000,0,0,0,4,0,6,6,6,6,503,Kick,0,0,0
20050700,Hoslow's Petal Whip,Sacred,39,Whip,Whip,1.13,strike,strike,108,0,0,0,108,0.11,0.17,0,0.23,0,10,20,0,0,0,700,10000,0,0,0,0,4,6,6,6,6,503,Kick,0,0,0
20050800,Hoslow's Petal Whip,Magic,39,Whip,Whip,1.13,strike,strike,108,108,0,0,0,0.11,0.17,0.28,0,0,10,20,0,0,0,800,10000,0,4,0,0,0,6,6,6,6,503,Kick,0,0,0
20050900,Hoslow's Petal Whip,Cold,39,Whip,Whip,1.13,strike,strike,108,86,0,0,0,0.25,0.38,0.24,0,0,10,20,0,0,0,900,10000,0,4,0,0,0,6,6,6,6,503,Kick,0,0,0
20051000,Hoslow's Petal Whip,Poison,39,Whip,Whip,1.13,strike,strike,108,0,0,0,0,0.26,0.4,0,0,0.3,10,20,0,0,0,1000,10013,0,0,0,0,0,6,6,6,6,503,Kick,0,0,0
20051100,Hoslow's Petal Whip,Blood,39,Whip,Whip,1.13,strike,strike,108,0,0,0,0,0.26,0.4,0,0,0.3,10,20,0,0,0,1100,10013,0,0,0,0,0,6,6,6,6,503,Kick,0,0,0
20051200,Hoslow's Petal Whip,Occult,39,Whip,Whip,1.13,strike,strike,108,0,0,0,0,0.11,0.17,0,0,0.6,10,20,0,0,0,1200,10013,7,0,0,0,0,6,6,6,6,503,Kick,0,0,0
20060000,Giant's Red Braid,Standard,39,Whip,Whip,1.03,strike,strike,84,0,54,0,0,0.55,0.25,0,0.5,0,18,12,0,21,0,2200,10000,0,0,4,0,0,6,6,6,6,1045,Flame Dance,1,0,1
20070000,Urumi,Standard,39,Whip,Whip,1.06,slash,slash,101,0,0,0,0,0.15,0.7,0,0,0,10,19,0,0,0,0,10000,0,0,0,0,0,6,6,6,6,503,Kick,0,0,0
20070100,Urumi,Heavy,39,Whip,Whip,1.06,slash,slash,96,0,0,0,0,0.51,0,0,0,0,10,19,0,0,0,100,10000,1,0,0,0,0,6,6,6,6,503,Kick,0,0,0
20070200,Urumi,Keen,39,Whip,Whip,1.06,slash,slash,96,0,0,0,0,0.08,0.66,0,0,0,10,19,0,0,0,200,10000,2,0,0,0,0,6,6,6,6,503,Kick,0,0,0
20070300,Urumi,Quality,39,Whip,Whip,1.06,slash,slash,96,0,0,0,0,0.58,0.58,0,0,0,10,19,0,0,0,300,10000,8,0,0,0,0,6,6,6,6,503,Kick,0,0,0
20070400,Urumi,Fire,39,Whip,Whip,1.06,slash,slash,96,0,96,0,0,0.37,0.17,0,0,0,10,19,0,0,0,400,10005,0,0,4,0,0,6,6,6,6,503,Kick,0,0,0
20070500,Urumi,Flame Art,39,Whip,Whip,1.06,slash,slash,96,0,96,0,0,0.06,0.28,0,0.33,0,10,19,0,0,0,500,10000,0,0,4,0,0,6,6,6,6,503,Kick,0,0,0
20070600,Urumi,Lightning,39,Whip,Whip,1.06,slash,slash,96,0,0,96,0,0.17,0.37,0,0,0,10,19,0,0,0,600,10000,0,0,0,4,0,6,6,6,6,503,Kick,0,0,0
20070700,Urumi,Sacred,39,Whip,Whip,1.06,slash,slash,96,0,0,0,96,0.06,0.28,0,0.33,0,10,19,0,0,0,700,10000,0,0,0,0,4,6,6,6,6,503,Kick,0,0,0
20070800,Urumi,Magic,39,Whip,Whip,1.06,slash,slash,96,96,0,0,0,0.06,0.28,0.39,0,0,10,19,0,0,0,800,10000,0,4,0,0,0,6,6,6,6,503,Kick,0,0,0
20070900,Urumi,Cold,39,Whip,Whip,1.06,slash,slash,96,77,0,0,0,0.13,0.63,0.34,0,0,10,19,0,0,0,900,10000,0,4,0,0,0,6,6,6,6,503,Kick,0,0,0
20071000,Urumi,Poison,39,Whip,Whip,1.06,slash,slash,96,0,0,0,0,0.14,0.66,0,0,0.3,10,19,0,0,0,1000,10013,0,0,0,0,0,6,6,6,6,503,Kick,0,0,0
20071100,Urumi,Blood,39,Whip,Whip,1.06,slash,slash,96,0,0,0,0,0.14,0.66,0,0,0.3,10,19,0,0,0,1100,10013,0,0,0,0,0,6,6,6,6,503,Kick,0,0,0
20071200,Urumi,Occult,39,Whip,Whip,1.06,slash,slash,96,0,0,0,0,0.06,0.28,0,0,0.76,10,19,0,0,0,1200,10013,7,0,0,0,0,6,6,6,6,503,Kick,0,0,0
20500000,Tooth Whip,Standard,39,Whip,Whip,1.06,strike,strike,109,0,0,0,0,0.15,0.58,0,0,0,10,24,0,0,0,2200,10000,0,0,0,0,0,6,6,6,6,5420,Painful Strike,1,0,1
21000000,Caestus,Standard,35,Fist,Knuckle,1,strike,strike,90,0,0,0,0,0.48,0.43,0,0,0,8,8,0,0,0,0,10000,0,0,0,0,0,6,6,6,6,700,Endure,0,1,0
21000100,Caestus,Heavy,35,Fist,Knuckle,1,strike,strike,86,0,0,0,0,0.53,0,0,0,0,8,8,0,0,0,100,10000,1,0,0,0,0,6,6,6,6,700,Endure,0,1,0
21000200,Caestus,Keen,35,Fist,Knuckle,1,strike,strike,86,0,0,0,0,0.18,0.49,0,0,0,8,8,0,0,0,200,10000,2,0,0,0,0,6,6,6,6,700,Endure,0,1,0
21000300,Caestus,Quality,35,Fist,Knuckle,1,strike,strike,86,0,0,0,0,0.6,0.6,0,0,0,8,8,0,0,0,300,10000,8,0,0,0,0,6,6,6,6,700,Endure,0,1,0
21000400,Caestus,Fire,35,Fist,Knuckle,1,strike,strike,86,0,86,0,0,0.38,0.18,0,0,0,8,8,0,0,0,400,10005,0,0,4,0,0,6,6,6,6,700,Endure,0,1,0
21000500,Caestus,Flame Art,35,Fist,Knuckle,1,strike,strike,86,0,86,0,0,0.14,0.12,0,0.45,0,8,8,0,0,0,500,10000,0,0,4,0,0,6,6,6,6,700,Endure,0,1,0
21000600,Caestus,Lightning,35,Fist,Knuckle,1,strike,strike,86,0,0,86,0,0.18,0.38,0,0,0,8,8,0,0,0,600,10000,0,0,0,4,0,6,6,6,6,700,Endure,0,1,0
21000700,Caestus,Sacred,35,Fist,Knuckle,1,strike,strike,86,0,0,0,86,0.14,0.12,0,0.45,0,8,8,0,0,0,700,10000,0,0,0,0,4,6,6,6,6,700,Endure,0,1,0
21000800,Caestus,Magic,35,Fist,Knuckle,1,strike,strike,86,86,0,0,0,0.14,0.12,0.47,0,0,8,8,0,0,0,800,10000,0,4,0,0,0,6,6,6,6,700,Endure,0,1,0
21000900,Caestus,Cold,35,Fist,Knuckle,1,strike,strike,86,69,0,0,0,0.43,0.38,0.45,0,0,8,8,0,0,0,900,10000,0,4,0,0,0,6,6,6,6,700,Endure,0,1,0
21001000,Caestus,Poison,35,Fist,Knuckle,1,strike,strike,86,0,0,0,0,0.43,0.38,0,0,0.3,8,8,0,0,0,1000,10013,0,0,0,0,0,6,6,6,6,700,Endure,0,1,0
21001100,Caestus,Blood,35,Fist,Knuckle,1,strike,strike,86,0,0,0,0,0.43,0.38,0,0,0.3,8,8,0,0,0,1100,10013,0,0,0,0,0,6,6,6,6,700,Endure,0,1,0
21001200,Caestus,Occult,35,Fist,Knuckle,1,strike,strike,86,0,0,0,0,0.19,0.17,0,0,0.77,8,8,0,0,0,1200,10013,7,0,0,0,0,6,6,6,6,700,Endure,0,1,0
21010000,Spiked Caestus,Standard,35,Fist,Knuckle,1,strike,strike,91,0,0,0,0,0.48,0.43,0,0,0,8,10,0,0,0,0,10000,0,0,0,0,0,6,6,6,6,700,Endure,0,1,0
21010100,Spiked Caestus,Heavy,35,Fist,Knuckle,1,strike,strike,87,0,0,0,0,0.53,0,0,0,0,8,10,0,0,0,100,10000,1,0,0,0,0,6,6,6,6,700,Endure,0,1,0
21010200,Spiked Caestus,Keen,35,Fist,Knuckle,1,strike,strike,87,0,0,0,0,0.18,0.49,0,0,0,8,10,0,0,0,200,10000,2,0,0,0,0,6,6,6,6,700,Endure,0,1,0
21010300,Spiked Caestus,Quality,35,Fist,Knuckle,1,strike,strike,87,0,0,0,0,0.6,0.6,0,0,0,8,10,0,0,0,300,10000,8,0,0,0,0,6,6,6,6,700,Endure,0,1,0
21010400,Spiked Caestus,Fire,35,Fist,Knuckle,1,strike,strike,87,0,87,0,0,0.38,0.18,0,0,0,8,10,0,0,0,400,10005,0,0,4,0,0,6,6,6,6,700,Endure,0,1,0
21010500,Spiked Caestus,Flame Art,35,Fist,Knuckle,1,strike,strike,87,0,87,0,0,0.14,0.12,0,0.45,0,8,10,0,0,0,500,10000,0,0,4,0,0,6,6,6,6,700,Endure,0,1,0
21010600,Spiked Caestus,Lightning,35,Fist,Knuckle,1,strike,strike,87,0,0,87,0,0.18,0.38,0,0,0,8,10,0,0,0,600,10000,0,0,0,4,0,6,6,6,6,700,Endure,0,1,0
21010700,Spiked Caestus,Sacred,35,Fist,Knuckle,1,strike,strike,87,0,0,0,87,0.14,0.12,0,0.45,0,8,10,0,0,0,700,10000,0,0,0,0,4,6,6,6,6,700,Endure,0,1,0
21010800,Spiked Caestus,Magic,35,Fist,Knuckle,1,strike,strike,87,87,0,0,0,0.14,0.12,0.47,0,0,8,10,0,0,0,800,10000,0,4,0,0,0,6,6,6,6,700,Endure,0,1,0
21010900,Spiked Caestus,Cold,35,Fist,Knuckle,1,strike,strike,87,70,0,0,0,0.43,0.38,0.45,0,0,8,10,0,0,0,900,10000,0,4,0,0,0,6,6,6,6,700,Endure,0,1,0
21011000,Spiked Caestus,Poison,35,Fist,Knuckle,1,strike,strike,87,0,0,0,0,0.43,0.38,0,0,0.3,8,10,0,0,0,1000,10013,0,0,0,0,0,6,6,6,6,700,Endure,0,1,0
21011100,Spiked Caestus,Blood,35,Fist,Knuckle,1,strike,strike,87,0,0,0,0,0.43,0.38,0,0,0.3,8,10,0,0,0,1100,10013,0,0,0,0,0,6,6,6,6,700,Endure,0,1,0
21011200,Spiked Caestus,Occult,35,Fist,Knuckle,1,strike,strike,87,0,0,0,0,0.19,0.17,0,0,0.77,8,10,0,0,0,1200,10013,7,0,0,0,0,6,6,6,6,700,Endure,0,1,0
21060000,Grafted Dragon,Standard,35,Fist,Knuckle,1.1,strike,strike,89,0,57,0,0,0.4,0.25,0,0.3,0,20,14,0,16,0,2200,10000,0,0,4,0,0,6,6,6,6,1011,Bear Witness!,1,1,1
21070000,Iron Ball,Standard,35,Fist,Knuckle,1.06,strike,strike,101,0,0,0,0,0.56,0.2,0,0,0,11,8,0,0,0,0,10000,0,0,0,0,0,6,6,6,6,700,Endure,0,1,0
21070100,Iron Ball,Heavy,35,Fist,Knuckle,1.06,strike,strike,96,0,0,0,0,0.58,0,0,0,0,11,8,0,0,0,6000,10000,1,0,0,0,0,6,6,6,6,700,Endure,0,1,0
21070200,Iron Ball,Keen,35,Fist,Knuckle,1.06,strike,strike,96,0,0,0,0,0.15,0.41,0,0,0,11,8,0,0,0,200,10000,2,0,0,0,0,6,6,6,6,700,Endure,0,1,0
21070300,Iron Ball,Quality,35,Fist,Knuckle,1.06,strike,strike,96,0,0,0,0,0.51,0.51,0,0,0,11,8,0,0,0,300,10000,8,0,0,0,0,6,6,6,6,700,Endure,0,1,0
21070400,Iron Ball,Fire,35,Fist,Knuckle,1.06,strike,strike,96,0,96,0,0,0.31,0.15,0,0,0,11,8,0,0,0,400,10005,0,0,4,0,0,6,6,6,6,700,Endure,0,1,0
21070500,Iron Ball,Flame Art,35,Fist,Knuckle,1.06,strike,strike,96,0,96,0,0,0.16,0.06,0,0.3,0,11,8,0,0,0,500,10000,0,0,4,0,0,6,6,6,6,700,Endure,0,1,0
21070600,Iron Ball,Lightning,35,Fist,Knuckle,1.06,strike,strike,96,0,0,96,0,0.15,0.31,0,0,0,11,8,0,0,0,600,10000,0,0,0,4,0,6,6,6,6,700,Endure,0,1,0
21070700,Iron Ball,Sacred,35,Fist,Knuckle,1.06,strike,strike,96,0,0,0,96,0.16,0.06,0,0.3,0,11,8,0,0,0,700,10000,0,0,0,0,4,6,6,6,6,700,Endure,0,1,0
21070800,Iron Ball,Magic,35,Fist,Knuckle,1.06,strike,strike,96,96,0,0,0,0.16,0.06,0.36,0,0,11,8,0,0,0,800,10000,0,4,0,0,0,6,6,6,6,700,Endure,0,1,0
21070900,Iron Ball,Cold,35,Fist,Knuckle,1.06,strike,strike,96,77,0,0,0,0.5,0.18,0.3,0,0,11,8,0,0,0,900,10000,0,4,0,0,0,6,6,6,6,700,Endure,0,1,0
21071000,Iron Ball,Poison,35,Fist,Knuckle,1.06,strike,strike,96,0,0,0,0,0.53,0.19,0,0,0.3,11,8,0,0,0,1000,10013,0,0,0,0,0,6,6,6,6,700,Endure,0,1,0
21071100,Iron Ball,Blood,35,Fist,Knuckle,1.06,strike,strike,96,0,0,0,0,0.53,0.19,0,0,0.3,11,8,0,0,0,1100,10013,0,0,0,0,0,6,6,6,6,700,Endure,0,1,0
21071200,Iron Ball,Occult,35,Fist,Knuckle,1.06,strike,strike,96,0,0,0,0,0.22,0.08,0,0,0.64,11,8,0,0,0,1200,10013,7,0,0,0,0,6,6,6,6,700,Endure,0,1,0
21080000,Star Fist,Standard,35,Fist,Knuckle,1.145,strike,strike,105,0,0,0,0,0.56,0.17,0,0,0,12,8,0,0,0,0,10000,0,0,0,0,0,6,6,6,6,700,Endure,0,1,0
21080100,Star Fist,Heavy,35,Fist,Knuckle,1.145,strike,strike,100,0,0,0,0,0.56,0,0,0,0,12,8,0,0,0,6000,10000,1,0,0,0,0,6,6,6,6,700,Endure,0,1,0
21080200,Star Fist,Keen,35,Fist,Knuckle,1.145,strike,strike,100,0,0,0,0,0.14,0.4,0,0,0,12,8,0,0,0,200,10000,2,0,0,0,0,6,6,6,6,700,Endure,0,1,0
21080300,Star Fist,Quality,35,Fist,Knuckle,1.145,strike,strike,100,0,0,0,0,0.49,0.49,0,0,0,12,8,0,0,0,300,10000,8,0,0,0,0,6,6,6,6,700,Endure,0,1,0
21080400,Star Fist,Fire,35,Fist,Knuckle,1.145,strike,strike,100,0,100,0,0,0.3,0.14,0,0,0,12,8,0,0,0,400,10005,0,0,4,0,0,6,6,6,6,700,Endure,0,1,0
21080500,Star Fist,Flame Art,35,Fist,Knuckle,1.145,strike,strike,100,0,100,0,0,0.16,0.05,0,0.29,0,12,8,0,0,0,500,10000,0,0,4,0,0,6,6,6,6,700,Endure,0,1,0
21080600,Star Fist,Lightning,35,Fist,Knuckle,1.145,strike,strike,100,0,0,100,0,0.14,0.3,0,0,0,12,8,0,0,0,600,10000,0,0,0,4,0,6,6,6,6,700,Endure,0,1,0
21080700,Star Fist,Sacred,35,Fist,Knuckle,1.145,strike,strike,100,0,0,0,100,0.16,0.05,0,0.29,0,12,8,0,0,0,700,10000,0,0,0,0,4,6,6,6,6,700,Endure,0,1,0
21080800,Star Fist,Magic,35,Fist,Knuckle,1.145,strike,strike,100,100,0,0,0,0.16,0.05,0.35,0,0,12,8,0,0,0,800,10000,0,4,0,0,0,6,6,6,6,700,Endure,0,1,0
21080900,Star Fist,Cold,35,Fist,Knuckle,1.145,strike,strike,100,80,0,0,0,0.5,0.15,0.29,0,0,12,8,0,0,0,900,10000,0,4,0,0,0,6,6,6,6,700,Endure,0,1,0
21081000,Star Fist,Poison,35,Fist,Knuckle,1.145,strike,strike,100,0,0,0,0,0.53,0.16,0,0,0.3,12,8,0,0,0,1000,10013,0,0,0,0,0,6,6,6,6,700,Endure,0,1,0
21081100,Star Fist,Blood,35,Fist,Knuckle,1.145,strike,strike,100,0,0,0,0,0.53,0.16,0,0,0.3,12,8,0,0,0,1100,10013,0,0,0,0,0,6,6,6,6,700,Endure,0,1,0
21081200,Star Fist,Occult,35,Fist,Knuckle,1.145,strike,strike,100,0,0,0,0,0.22,0.06,0,0,0.62,12,8,0,0,0,1200,10013,7,0,0,0,0,6,6,6,6,700,Endure,0,1,0
21100000,Katar,Standard,35,Fist,Knuckle,1.07,standard,pierce,97,0,0,0,0,0.3,0.45,0,0,0,8,10,0,0,0,0,10000,0,0,0,0,0,6,6,6,6,101,Impaling Thrust,0,1,0
21100100,Katar,Heavy,35,Fist,Knuckle,1.07,standard,pierce,93,0,0,0,0,0.43,0,0,0,0,8,10,0,0,0,100,10000,1,0,0,0,0,6,6,6,6,101,Impaling Thrust,0,1,0
21100200,Katar,Keen,35,Fist,Knuckle,1.07,standard,pierce,93,0,0,0,0,0.15,0.44,0,0,0,8,10,0,0,0,200,10000,2,0,0,0,0,6,6,6,6,101,Impaling Thrust,0,1,0
21100300,Katar,Quality,35,Fist,Knuckle,1.07,standard,pierce,93,0,0,0,0,0.53,0.53,0,0,0,8,10,0,0,0,300,10000,8,0,0,0,0,6,6,6,6,101,Impaling Thrust,0,1,0
21100400,Katar,Fire,35,Fist,Knuckle,1.07,standard,pierce,93,0,93,0,0,0.31,0.15,0,0,0,8,10,0,0,0,400,10005,0,0,4,0,0,6,6,6,6,101,Impaling Thrust,0,1,0
21100500,Katar,Flame Art,35,Fist,Knuckle,1.07,standard,pierce,93,0,93,0,0,0.09,0.13,0,0.33,0,8,10,0,0,0,500,10000,0,0,4,0,0,6,6,6,6,101,Impaling Thrust,0,1,0
21100600,Katar,Lightning,35,Fist,Knuckle,1.07,standard,pierce,93,0,0,93,0,0.15,0.31,0,0,0,8,10,0,0,0,600,10000,0,0,0,4,0,6,6,6,6,101,Impaling Thrust,0,1,0
21100700,Katar,Sacred,35,Fist,Knuckle,1.07,standard,pierce,93,0,0,0,93,0.09,0.13,0,0.33,0,8,10,0,0,0,700,10000,0,0,0,0,4,6,6,6,6,101,Impaling Thrust,0,1,0
21100800,Katar,Magic,35,Fist,Knuckle,1.07,standard,pierce,93,93,0,0,0,0.09,0.13,0.37,0,0,8,10,0,0,0,800,10000,0,4,0,0,0,6,6,6,6,101,Impaling Thrust,0,1,0
21100900,Katar,Cold,35,Fist,Knuckle,1.07,standard,pierce,93,74,0,0,0,0.27,0.4,0.33,0,0,8,10,0,0,0,900,10000,0,4,0,0,0,6,6,6,6,101,Impaling Thrust,0,1,0
21101000,Katar,Poison,35,Fist,Knuckle,1.07,standard,pierce,93,0,0,0,0,0.28,0.42,0,0,0.3,8,10,0,0,0,1000,10013,0,0,0,0,0,6,6,6,6,101,Impaling Thrust,0,1,0
21101100,Katar,Blood,35,Fist,Knuckle,1.07,standard,pierce,93,0,0,0,0,0.28,0.42,0,0,0.3,8,10,0,0,0,1100,10013,0,0,0,0,0,6,6,6,6,101,Impaling Thrust,0,1,0
21101200,Katar,Occult,35,Fist,Knuckle,1.07,standard,pierce,93,0,0,0,0,0.12,0.18,0,0,0.63,8,10,0,0,0,1200,10013,7,0,0,0,0,6,6,6,6,101,Impaling Thrust,0,1,0
21110000,Clinging Bone,Standard,35,Fist,Knuckle,1.11,standard,pierce,80,24,0,0,0,0.1,0.65,0,0,0.35,8,22,0,0,16,2200,10100,7,4,0,0,0,6,6,6,6,205,Lifesteal Fist,1,1,1
21120000,Veteran's Prosthesis,Standard,35,Fist,Knuckle,1.2,standard,pierce,83,0,0,53,0,0.42,0.33,0,0,0,15,12,0,0,0,2200,10000,0,0,0,4,0,6,6,6,6,1190,Storm Kick,1,1,1
21130000,Cipher Pata,Standard,35,Fist,Knuckle,1.01,standard,pierce,0,0,0,0,85,0,0,0,0.8,0,0,0,0,30,0,2200,10000,0,0,0,0,4,6,6,6,6,1191,Unblockable Blade,1,1,1
21500000,Thiollier's Hidden Needle,Standard,35,Fist,Knuckle,0.94,pierce,pierce,70,45,0,0,0,0.15,0.67,0.4,0,0,10,22,15,0,0,2200,10000,0,0,0,0,0,6,6,6,6,5210,Sleep Evermore,1,1,1
21510000,Pata,Standard,35,Fist,Knuckle,1.2,standard,pierce,104,0,0,0,0,0.27,0.42,0,0,0,11,15,0,0,0,0,10000,0,0,0,0,0,6,6,6,6,101,Impaling Thrust,0,1,0
21510100,Pata,Heavy,35,Fist,Knuckle,1.2,standard,pierce,99,0,0,0,0,0.41,0,0,0,0,11,15,0,0,0,100,10000,1,0,0,0,0,6,6,6,6,101,Impaling Thrust,0,1,0
21510200,Pata,Keen,35,Fist,Knuckle,1.2,standard,pierce,99,0,0,0,0,0.13,0.37,0,0,0,11,15,0,0,0,200,10000,2,0,0,0,0,6,6,6,6,101,Impaling Thrust,0,1,0
21510300,Pata,Quality,35,Fist,Knuckle,1.2,standard,pierce,99,0,0,0,0,0.48,0.48,0,0,0,11,15,0,0,0,300,10000,8,0,0,0,0,6,6,6,6,101,Impaling Thrust,0,1,0
21510400,Pata,Fire,35,Fist,Knuckle,1.2,standard,pierce,99,0,99,0,0,0.26,0.1,0,0,0,11,15,0,0,0,400,10005,0,0,4,0,0,6,6,6,6,101,Impaling Thrust,0,1,0
21510500,Pata,Flame Art,35,Fist,Knuckle,1.2,standard,pierce,99,0,99,0,0,0.06,0.1,0,0.27,0,11,15,0,0,0,500,10000,0,0,4,0,0,6,6,6,6,101,Impaling Thrust,0,1,0
21510600,Pata,Lightning,35,Fist,Knuckle,1.2,standard,pierce,99,0,0,99,0,0.1,0.26,0,0,0,11,15,0,0,0,600,10000,0,0,0,4,0,6,6,6,6,101,Impaling Thrust,0,1,0
21510700,Pata,Sacred,35,Fist,Knuckle,1.2,standard,pierce,99,0,0,0,99,0.05,0.08,0,0.27,0,11,15,0,0,0,700,10000,0,0,0,0,4,6,6,6,6,101,Impaling Thrust,0,1,0
21510800,Pata,Magic,35,Fist,Knuckle,1.2,standard,pierce,99,99,0,0,0,0.06,0.1,0.27,0,0,11,15,0,0,0,800,10000,0,4,0,0,0,6,6,6,6,101,Impaling Thrust,0,1,0
21510900,Pata,Cold,35,Fist,Knuckle,1.2,standard,pierce,99,84,0,0,0,0.23,0.36,0.24,0,0,11,15,0,0,0,900,10000,0,4,0,0,0,6,6,6,6,101,Impaling Thrust,0,1,0
21511000,Pata,Poison,35,Fist,Knuckle,1.2,standard,pierce,99,0,0,0,0,0.23,0.36,0,0,0.3,11,15,0,0,0,1000,10013,0,0,0,0,0,6,6,6,6,101,Impaling Thrust,0,1,0
21511100,Pata,Blood,35,Fist,Knuckle,1.2,standard,pierce,99,0,0,0,0,0.23,0.36,0,0,0.3,11,15,0,0,0,1100,10013,0,0,0,0,0,6,6,6,6,101,Impaling Thrust,0,1,0
21511200,Pata,Occult,35,Fist,Knuckle,1.2,standard,pierce,99,0,0,0,0,0.1,0.16,0,0,0.58,11,15,0,0,0,1200,10013,7,0,0,0,0,6,6,6,6,101,Impaling Thrust,0,1,0
21520000,Poisoned Hand,Standard,35,Fist,Knuckle,0.97,strike,strike,76,0,0,0,0,0.1,0,0,0,0.8,8,8,0,0,28,2200,15000,0,0,0,0,0,15,15,15,15,5310,Poison Spear-Hand Strike,1,1,1
21530000,Madding Hand,Standard,35,Fist,Knuckle,0.97,strike,strike,53,0,63,0,0,0.33,0.17,0.17,0.17,0,8,8,13,20,0,2200,20010400,0,0,0,0,0,15,15,15,15,5320,Madding Spear-Hand Strike,1,1,1
21540000,Golem Fist,Standard,35,Fist,Knuckle,1.27,strike,strike,110,0,0,0,0,0.6,0.05,0.05,0.05,0,24,8,11,11,0,0,20010100,0,0,0,0,0,6,6,6,6,700,Endure,0,1,0
21540100,Golem Fist,Heavy,35,Fist,Knuckle,1.27,strike,strike,104,0,0,0,0,0.57,0,0.03,0.03,0,24,8,11,11,0,6000,20010100,1,0,0,0,0,6,6,6,6,700,Endure,0,1,0
21540200,Golem Fist,Keen,35,Fist,Knuckle,1.27,strike,strike,104,0,0,0,0,0.15,0.41,0.03,0.03,0,24,8,11,11,0,200,20010100,2,0,0,0,0,6,6,6,6,700,Endure,0,1,0
21540300,Golem Fist,Quality,35,Fist,Knuckle,1.27,strike,strike,104,0,0,0,0,0.51,0.51,0.03,0.03,0,24,8,11,11,0,300,20010100,8,0,0,0,0,6,6,6,6,700,Endure,0,1,0
21540400,Golem Fist,Fire,35,Fist,Knuckle,1.27,strike,strike,104,0,104,0,0,0.26,0.15,0.03,0.03,0,24,8,11,11,0,400,20010101,0,0,4,0,0,6,6,6,6,700,Endure,0,1,0
21540500,Golem Fist,Flame Art,35,Fist,Knuckle,1.27,strike,strike,104,0,104,0,0,0.12,0.01,0.03,0.26,0,24,8,11,11,0,500,20010103,0,0,4,0,0,6,6,6,6,700,Endure,0,1,0
21540600,Golem Fist,Lightning,35,Fist,Knuckle,1.27,strike,strike,104,0,0,104,0,0.11,0.27,0.03,0.03,0,24,8,11,11,0,600,20010100,0,0,0,4,0,6,6,6,6,700,Endure,0,1,0
21540700,Golem Fist,Sacred,35,Fist,Knuckle,1.27,strike,strike,104,0,0,0,104,0.12,0.01,0.03,0.26,0,24,8,11,11,0,700,20010105,0,0,0,0,4,6,6,6,6,700,Endure,0,1,0
21540800,Golem Fist,Magic,35,Fist,Knuckle,1.27,strike,strike,104,104,0,0,0,0.12,0.01,0.28,0.03,0,24,8,11,11,0,800,20010104,0,4,0,0,0,6,6,6,6,700,Endure,0,1,0
21540900,Golem Fist,Cold,35,Fist,Knuckle,1.27,strike,strike,104,88,0,0,0,0.49,0.04,0.26,0.03,0,24,8,11,11,0,900,20010104,0,4,0,0,0,6,6,6,6,700,Endure,0,1,0
21541000,Golem Fist,Poison,35,Fist,Knuckle,1.27,strike,strike,104,0,0,0,0,0.48,0.04,0.03,0.03,0.3,24,8,11,11,0,1000,20010102,0,0,0,0,0,6,6,6,6,700,Endure,0,1,0
21541100,Golem Fist,Blood,35,Fist,Knuckle,1.27,strike,strike,104,0,0,0,0,0.48,0.04,0.03,0.03,0.3,24,8,11,11,0,1100,20010102,0,0,0,0,0,6,6,6,6,700,Endure,0,1,0
21541200,Golem Fist,Occult,35,Fist,Knuckle,1.27,strike,strike,104,0,0,0,0,0.24,0.02,0.03,0.03,0.66,24,8,11,11,0,1200,20010102,7,0,0,0,0,6,6,6,6,700,Endure,0,1,0
21550000,Shield of Night,Standard,65,Small Shield,ShieldSmall,1,strike,strike,65,42,0,0,0,0,0.32,0,0,0,8,15,0,0,0,8500,20010000,0,0,0,0,0,6,6,6,6,5440,Revenge of the Night,1,0,1
22000000,Hookclaws,Standard,37,Claw,Claw,1,slash,pierce,93,0,0,0,0,0.22,0.6,0,0,0,8,14,0,0,0,0,10000,0,0,0,0,0,6,6,6,6,800,Quickstep,0,1,0
22000100,Hookclaws,Heavy,37,Claw,Claw,1,slash,pierce,89,0,0,0,0,0.47,0,0,0,0,8,14,0,0,0,100,10000,1,0,0,0,0,6,6,6,6,800,Quickstep,0,1,0
22000200,Hookclaws,Keen,37,Claw,Claw,1,slash,pierce,89,0,0,0,0,0.16,0.61,0,0,0,8,14,0,0,0,5000,10000,2,0,0,0,0,6,6,6,6,800,Quickstep,0,1,0
22000300,Hookclaws,Quality,37,Claw,Claw,1,slash,pierce,89,0,0,0,0,0.55,0.55,0,0,0,8,14,0,0,0,300,10000,8,0,0,0,0,6,6,6,6,800,Quickstep,0,1,0
22000400,Hookclaws,Fire,37,Claw,Claw,1,slash,pierce,89,0,89,0,0,0.36,0.16,0,0,0,8,14,0,0,0,400,10005,0,0,4,0,0,6,6,6,6,800,Quickstep,0,1,0
22000500,Hookclaws,Flame Art,37,Claw,Claw,1,slash,pierce,89,0,89,0,0,0.06,0.18,0,0.36,0,8,14,0,0,0,500,10000,0,0,4,0,0,6,6,6,6,800,Quickstep,0,1,0
22000600,Hookclaws,Lightning,37,Claw,Claw,1,slash,pierce,89,0,0,89,0,0.16,0.36,0,0,0,8,14,0,0,0,600,10000,0,0,0,4,0,6,6,6,6,800,Quickstep,0,1,0
22000700,Hookclaws,Sacred,37,Claw,Claw,1,slash,pierce,89,0,0,0,89,0.06,0.18,0,0.36,0,8,14,0,0,0,700,10000,0,0,0,0,4,6,6,6,6,800,Quickstep,0,1,0
22000800,Hookclaws,Magic,37,Claw,Claw,1,slash,pierce,89,89,0,0,0,0.06,0.18,0.42,0,0,8,14,0,0,0,800,10000,0,4,0,0,0,6,6,6,6,800,Quickstep,0,1,0
22000900,Hookclaws,Cold,37,Claw,Claw,1,slash,pierce,89,71,0,0,0,0.19,0.54,0.32,0,0,8,14,0,0,0,900,10000,0,4,0,0,0,6,6,6,6,800,Quickstep,0,1,0
22001000,Hookclaws,Poison,37,Claw,Claw,1,slash,pierce,89,0,0,0,0,0.2,0.57,0,0,0.3,8,14,0,0,0,1000,10013,0,0,0,0,0,6,6,6,6,800,Quickstep,0,1,0
22001100,Hookclaws,Blood,37,Claw,Claw,1,slash,pierce,89,0,0,0,0,0.2,0.57,0,0,0.3,8,14,0,0,0,1100,10013,0,0,0,0,0,6,6,6,6,800,Quickstep,0,1,0
22001200,Hookclaws,Occult,37,Claw,Claw,1,slash,pierce,89,0,0,0,0,0.08,0.24,0,0,0.69,8,14,0,0,0,1200,10013,7,0,0,0,0,6,6,6,6,800,Quickstep,0,1,0
22010000,Venomous Fang,Standard,37,Claw,Claw,0.99,slash,pierce,97,0,0,0,0,0.38,0.5,0,0,0,9,9,0,0,0,0,10000,0,0,0,0,0,6,6,6,6,800,Quickstep,0,1,0
22010100,Venomous Fang,Heavy,37,Claw,Claw,0.99,slash,pierce,93,0,0,0,0,0.51,0,0,0,0,9,9,0,0,0,100,10000,1,0,0,0,0,6,6,6,6,800,Quickstep,0,1,0
22010200,Venomous Fang,Keen,37,Claw,Claw,0.99,slash,pierce,93,0,0,0,0,0.17,0.49,0,0,0,9,9,0,0,0,200,10000,2,0,0,0,0,6,6,6,6,800,Quickstep,0,1,0
22010300,Venomous Fang,Quality,37,Claw,Claw,0.99,slash,pierce,93,0,0,0,0,0.6,0.6,0,0,0,9,9,0,0,0,300,10000,8,0,0,0,0,6,6,6,6,800,Quickstep,0,1,0
22010400,Venomous Fang,Fire,37,Claw,Claw,0.99,slash,pierce,93,0,93,0,0,0.39,0.17,0,0,0,9,9,0,0,0,400,10005,0,0,4,0,0,6,6,6,6,800,Quickstep,0,1,0
22010500,Venomous Fang,Flame Art,37,Claw,Claw,0.99,slash,pierce,93,0,93,0,0,0.15,0.2,0,0.39,0,9,9,0,0,0,500,10000,0,0,4,0,0,6,6,6,6,800,Quickstep,0,1,0
22010600,Venomous Fang,Lightning,37,Claw,Claw,0.99,slash,pierce,93,0,0,93,0,0.17,0.39,0,0,0,9,9,0,0,0,600,10000,0,0,0,4,0,6,6,6,6,800,Quickstep,0,1,0
22010700,Venomous Fang,Sacred,37,Claw,Claw,0.99,slash,pierce,93,0,0,0,93,0.15,0.2,0,0.39,0,9,9,0,0,0,700,10000,0,0,0,0,4,6,6,6,6,800,Quickstep,0,1,0
22010800,Venomous Fang,Magic,37,Claw,Claw,0.99,slash,pierce,93,93,0,0,0,0.11,0.15,0.48,0,0,9,9,0,0,0,800,10000,0,4,0,0,0,6,6,6,6,800,Quickstep,0,1,0
22010900,Venomous Fang,Cold,37,Claw,Claw,0.99,slash,pierce,93,74,0,0,0,0.34,0.45,0.44,0,0,9,9,0,0,0,900,10000,0,4,0,0,0,6,6,6,6,800,Quickstep,0,1,0
22011000,Venomous Fang,Poison,37,Claw,Claw,0.99,slash,pierce,93,0,0,0,0,0.36,0.47,0,0,0.3,9,9,0,0,0,1000,10013,0,0,0,0,0,6,6,6,6,800,Quickstep,0,1,0
22011100,Venomous Fang,Blood,37,Claw,Claw,0.99,slash,pierce,93,0,0,0,0,0.36,0.47,0,0,0.3,9,9,0,0,0,1100,10013,0,0,0,0,0,6,6,6,6,800,Quickstep,0,1,0
22011200,Venomous Fang,Occult,37,Claw,Claw,0.99,slash,pierce,93,0,0,0,0,0.15,0.2,0,0,0.74,9,9,0,0,0,1200,10013,7,0,0,0,0,6,6,6,6,800,Quickstep,0,1,0
22020000,Bloodhound Claws,Standard,37,Claw,Claw,1.06,slash,pierce,99,0,0,0,0,0.43,0.35,0,0,0,10,15,0,0,0,0,10000,0,0,0,0,0,6,6,6,6,801,Bloodhound's Step,0,1,0
22020100,Bloodhound Claws,Heavy,37,Claw,Claw,1.06,slash,pierce,95,0,0,0,0,0.46,0,0,0,0,10,15,0,0,0,100,10000,1,0,0,0,0,6,6,6,6,801,Bloodhound's Step,0,1,0
22020200,Bloodhound Claws,Keen,37,Claw,Claw,1.06,slash,pierce,95,0,0,0,0,0.15,0.43,0,0,0,10,15,0,0,0,200,10000,2,0,0,0,0,6,6,6,6,801,Bloodhound's Step,0,1,0
22020300,Bloodhound Claws,Quality,37,Claw,Claw,1.06,slash,pierce,95,0,0,0,0,0.56,0.56,0,0,0,10,15,0,0,0,300,10000,8,0,0,0,0,6,6,6,6,801,Bloodhound's Step,0,1,0
22020400,Bloodhound Claws,Fire,37,Claw,Claw,1.06,slash,pierce,95,0,95,0,0,0.33,0.15,0,0,0,10,15,0,0,0,400,10005,0,0,4,0,0,6,6,6,6,801,Bloodhound's Step,0,1,0
22020500,Bloodhound Claws,Flame Art,37,Claw,Claw,1.06,slash,pierce,95,0,95,0,0,0.12,0.1,0,0.34,0,10,15,0,0,0,500,10000,0,0,4,0,0,6,6,6,6,801,Bloodhound's Step,0,1,0
22020600,Bloodhound Claws,Lightning,37,Claw,Claw,1.06,slash,pierce,95,0,0,95,0,0.15,0.33,0,0,0,10,15,0,0,0,600,10000,0,0,0,4,0,6,6,6,6,801,Bloodhound's Step,0,1,0
22020700,Bloodhound Claws,Sacred,37,Claw,Claw,1.06,slash,pierce,95,0,0,0,95,0.12,0.1,0,0.34,0,10,15,0,0,0,700,10000,0,0,0,0,4,6,6,6,6,801,Bloodhound's Step,0,1,0
22020800,Bloodhound Claws,Magic,37,Claw,Claw,1.06,slash,pierce,95,95,0,0,0,0.12,0.1,0.39,0,0,10,15,0,0,0,800,10000,0,4,0,0,0,6,6,6,6,801,Bloodhound's Step,0,1,0
22020900,Bloodhound Claws,Cold,37,Claw,Claw,1.06,slash,pierce,95,76,0,0,0,0.38,0.31,0.35,0,0,10,15,0,0,0,900,10000,0,4,0,0,0,6,6,6,6,801,Bloodhound's Step,0,1,0
22021000,Bloodhound Claws,Poison,37,Claw,Claw,1.06,slash,pierce,95,0,0,0,0,0.4,0.33,0,0,0.3,10,15,0,0,0,1000,10013,0,0,0,0,0,6,6,6,6,801,Bloodhound's Step,0,1,0
22021100,Bloodhound Claws,Blood,37,Claw,Claw,1.06,slash,pierce,95,0,0,0,0,0.4,0.33,0,0,0.3,10,15,0,0,0,1100,10013,0,0,0,0,0,6,6,6,6,801,Bloodhound's Step,0,1,0
22021200,Bloodhound Claws,Occult,37,Claw,Claw,1.06,slash,pierce,95,0,0,0,0,0.17,0.14,0,0,0.66,10,15,0,0,0,1200,10013,7,0,0,0,0,6,6,6,6,801,Bloodhound's Step,0,1,0
22030000,Raptor Talons,Standard,37,Claw,Claw,0.97,slash,pierce,86,0,0,0,0,0.1,0.72,0,0,0,6,14,0,0,0,0,10000,0,0,0,0,0,6,6,6,6,800,Quickstep,0,1,0
22030100,Raptor Talons,Heavy,37,Claw,Claw,0.97,slash,pierce,82,0,0,0,0,0.52,0,0,0,0,6,14,0,0,0,100,10000,1,0,0,0,0,6,6,6,6,800,Quickstep,0,1,0
22030200,Raptor Talons,Keen,37,Claw,Claw,0.97,slash,pierce,82,0,0,0,0,0.16,0.68,0,0,0,6,14,0,0,0,5000,10000,2,0,0,0,0,6,6,6,6,800,Quickstep,0,1,0
22030300,Raptor Talons,Quality,37,Claw,Claw,0.97,slash,pierce,82,0,0,0,0,0.6,0.6,0,0,0,6,14,0,0,0,300,10000,8,0,0,0,0,6,6,6,6,800,Quickstep,0,1,0
22030400,Raptor Talons,Fire,37,Claw,Claw,0.97,slash,pierce,82,0,82,0,0,0.41,0.16,0,0,0,6,14,0,0,0,400,10005,0,0,4,0,0,6,6,6,6,800,Quickstep,0,1,0
22030500,Raptor Talons,Flame Art,37,Claw,Claw,0.97,slash,pierce,82,0,82,0,0,0.04,0.3,0,0.38,0,6,14,0,0,0,500,10000,0,0,4,0,0,6,6,6,6,800,Quickstep,0,1,0
22030600,Raptor Talons,Lightning,37,Claw,Claw,0.97,slash,pierce,82,0,0,82,0,0.16,0.41,0,0,0,6,14,0,0,0,600,10000,0,0,0,4,0,6,6,6,6,800,Quickstep,0,1,0
22030700,Raptor Talons,Sacred,37,Claw,Claw,0.97,slash,pierce,82,0,0,0,82,0.04,0.3,0,0.38,0,6,14,0,0,0,700,10000,0,0,0,0,4,6,6,6,6,800,Quickstep,0,1,0
22030800,Raptor Talons,Magic,37,Claw,Claw,0.97,slash,pierce,82,82,0,0,0,0.04,0.21,0.49,0,0,6,14,0,0,0,800,10000,0,4,0,0,0,6,6,6,6,800,Quickstep,0,1,0
22030900,Raptor Talons,Cold,37,Claw,Claw,0.97,slash,pierce,82,66,0,0,0,0.09,0.64,0.41,0,0,6,14,0,0,0,900,10000,0,4,0,0,0,6,6,6,6,800,Quickstep,0,1,0
22031000,Raptor Talons,Poison,37,Claw,Claw,0.97,slash,pierce,82,0,0,0,0,0.09,0.68,0,0,0.3,6,14,0,0,0,1000,10013,0,0,0,0,0,6,6,6,6,800,Quickstep,0,1,0
22031100,Raptor Talons,Blood,37,Claw,Claw,0.97,slash,pierce,82,0,0,0,0,0.09,0.68,0,0,0.3,6,14,0,0,0,1100,10013,0,0,0,0,0,6,6,6,6,800,Quickstep,0,1,0
22031200,Raptor Talons,Occult,37,Claw,Claw,0.97,slash,pierce,82,0,0,0,0,0.04,0.5,0,0,0.69,6,14,0,0,0,1200,10013,7,0,0,0,0,6,6,6,6,800,Quickstep,0,1,0
22500000,Claws of Night,Standard,37,Claw,Claw,1.11,slash,pierce,79,51,0,0,0,0,0.71,0,0,0,8,20,0,0,0,2200,20010000,0,0,0,0,0,6,6,6,6,5510,Scattershot (Claws),1,1,1
23000000,Prelate's Inferno Crozier,Standard,41,Colossal Weapon,AxhammerLarge,1.25,strike,strike,156,0,0,0,0,0.76,0.1,0,0,0,45,8,0,0,0,0,10000,0,0,0,0,0,6,6,6,6,113,Prelate's Charge,0,0,0
23000100,Prelate's Inferno Crozier,Heavy,41,Colossal Weapon,AxhammerLarge,1.25,strike,strike,151,0,0,0,0,0.67,0,0,0,0,45,8,0,0,0,6000,10000,1,0,0,0,0,6,6,6,6,113,Prelate's Charge,0,0,0
23000200,Prelate's Inferno Crozier,Keen,41,Colossal Weapon,AxhammerLarge,1.25,strike,strike,151,0,0,0,0,0.17,0.48,0,0,0,45,8,0,0,0,200,10000,2,0,0,0,0,6,6,6,6,113,Prelate's Charge,0,0,0
23000300,Prelate's Inferno Crozier,Quality,41,Colossal Weapon,AxhammerLarge,1.25,strike,strike,151,0,0,0,0,0.59,0.59,0,0,0,45,8,0,0,0,300,10000,8,0,0,0,0,6,6,6,6,113,Prelate's Charge,0,0,0
23000400,Prelate's Inferno Crozier,Fire,41,Colossal Weapon,AxhammerLarge,1.25,strike,strike,151,0,151,0,0,0.4,0.12,0,0,0,45,8,0,0,0,400,10005,0,0,4,0,0,6,6,6,6,113,Prelate's Charge,0,0,0
23000500,Prelate's Inferno Crozier,Flame Art,41,Colossal Weapon,AxhammerLarge,1.25,strike,strike,151,0,151,0,0,0.3,0.04,0,0.34,0,45,8,0,0,0,500,10000,0,0,4,0,0,6,6,6,6,113,Prelate's Charge,0,0,0
23000600,Prelate's Inferno Crozier,Lightning,41,Colossal Weapon,AxhammerLarge,1.25,strike,strike,151,0,0,151,0,0.17,0.4,0,0,0,45,8,0,0,0,600,10000,0,0,0,4,0,6,6,6,6,113,Prelate's Charge,0,0,0
23000700,Prelate's Inferno Crozier,Sacred,41,Colossal Weapon,AxhammerLarge,1.25,strike,strike,151,0,0,0,151,0.3,0.04,0,0.34,0,45,8,0,0,0,700,10000,0,0,0,0,4,6,6,6,6,113,Prelate's Charge,0,0,0
23000800,Prelate's Inferno Crozier,Magic,41,Colossal Weapon,AxhammerLarge,1.25,strike,strike,151,151,0,0,0,0.3,0.04,0.43,0,0,45,8,0,0,0,800,10000,0,4,0,0,0,6,6,6,6,113,Prelate's Charge,0,0,0
23000900,Prelate's Inferno Crozier,Cold,41,Colossal Weapon,AxhammerLarge,1.25,strike,strike,151,113,0,0,0,0.68,0.09,0.34,0,0,45,8,0,0,0,900,10000,0,4,0,0,0,6,6,6,6,113,Prelate's Charge,0,0,0
23001000,Prelate's Inferno Crozier,Poison,41,Colossal Weapon,AxhammerLarge,1.25,strike,strike,151,0,0,0,0,0.72,0.09,0,0,0.3,45,8,0,0,0,1000,10013,0,0,0,0,0,6,6,6,6,113,Prelate's Charge,0,0,0
23001100,Prelate's Inferno Crozier,Blood,41,Colossal Weapon,AxhammerLarge,1.25,strike,strike,151,0,0,0,0,0.72,0.09,0,0,0.3,45,8,0,0,0,1100,10013,0,0,0,0,0,6,6,6,6,113,Prelate's Charge,0,0,0
23001200,Prelate's Inferno Crozier,Occult,41,Colossal Weapon,AxhammerLarge,1.25,strike,strike,151,0,0,0,0,0.6,0,0,0,0.73,45,8,0,0,0,1200,10013,7,0,0,0,0,6,6,6,6,113,Prelate's Charge,0,0,0
23010000,Watchdog's Staff,Standard,41,Colossal Weapon,AxhammerLarge,1.15,strike,strike,165,0,0,0,0,0.48,0.3,0,0,0,34,10,0,0,0,2200,10000,0,0,0,0,0,6,6,6,6,1192,Sorcery of the Crozier,1,0,1
23020000,Great Club,Standard,41,Colossal Weapon,AxhammerLarge,1.12,strike,strike,154,0,0,0,46,0.81,0,0,0.2,0,35,0,0,0,0,0,10000,0,0,0,0,0,6,6,6,6,213,Golden Land,1,0,0
23030000,Envoy's Greathorn,Standard,41,Colossal Weapon,AxhammerLarge,1.1575,strike,strike,121,0,0,0,78,0.48,0.48,0,0.3,0,28,12,0,24,0,2200,10000,0,0,0,0,4,6,6,6,6,1005,Great Oracular Bubble,1,0,1
23040000,Duelist Greataxe,Standard,41,Colossal Weapon,AxhammerLarge,1.03,standard,standard,170,0,0,0,0,0.17,0.58,0,0,0,30,10,0,0,0,0,10000,0,0,0,0,0,6,6,6,6,700,Endure,0,0,0
23040100,Duelist Greataxe,Heavy,41,Colossal Weapon,AxhammerLarge,1.03,standard,standard,164,0,0,0,0,0.45,0,0,0,0,30,10,0,0,0,100,10000,1,0,0,0,0,6,6,6,6,700,Endure,0,0,0
23040200,Duelist Greataxe,Keen,41,Colossal Weapon,AxhammerLarge,1.03,standard,standard,164,0,0,0,0,0.15,0.56,0,0,0,30,10,0,0,0,5000,10000,2,0,0,0,0,6,6,6,6,700,Endure,0,0,0
23040300,Duelist Greataxe,Quality,41,Colossal Weapon,AxhammerLarge,1.03,standard,standard,164,0,0,0,0,0.51,0.51,0,0,0,30,10,0,0,0,300,10000,8,0,0,0,0,6,6,6,6,700,Endure,0,0,0
23040400,Duelist Greataxe,Fire,41,Colossal Weapon,AxhammerLarge,1.03,standard,standard,164,0,164,0,0,0.3,0.15,0,0,0,30,10,0,0,0,400,10005,0,0,4,0,0,6,6,6,6,700,Endure,0,0,0
23040500,Duelist Greataxe,Flame Art,41,Colossal Weapon,AxhammerLarge,1.03,standard,standard,164,0,164,0,0,0.05,0.17,0,0.27,0,30,10,0,0,0,500,10000,0,0,4,0,0,6,6,6,6,700,Endure,0,0,0
23040600,Duelist Greataxe,Lightning,41,Colossal Weapon,AxhammerLarge,1.03,standard,standard,164,0,0,164,0,0.15,0.3,0,0,0,30,10,0,0,0,600,10000,0,0,0,4,0,6,6,6,6,700,Endure,0,0,0
23040700,Duelist Greataxe,Sacred,41,Colossal Weapon,AxhammerLarge,1.03,standard,standard,164,0,0,0,164,0.05,0.17,0,0.27,0,30,10,0,0,0,700,10000,0,0,0,0,4,6,6,6,6,700,Endure,0,0,0
23040800,Duelist Greataxe,Magic,41,Colossal Weapon,AxhammerLarge,1.03,standard,standard,164,164,0,0,0,0.05,0.17,0.3,0,0,30,10,0,0,0,800,10000,0,4,0,0,0,6,6,6,6,700,Endure,0,0,0
23040900,Duelist Greataxe,Cold,41,Colossal Weapon,AxhammerLarge,1.03,standard,standard,164,123,0,0,0,0.15,0.52,0.26,0,0,30,10,0,0,0,900,10000,0,4,0,0,0,6,6,6,6,700,Endure,0,0,0
23041000,Duelist Greataxe,Poison,41,Colossal Weapon,AxhammerLarge,1.03,standard,standard,164,0,0,0,0,0.16,0.55,0,0,0.3,30,10,0,0,0,1000,10013,0,0,0,0,0,6,6,6,6,700,Endure,0,0,0
23041100,Duelist Greataxe,Blood,41,Colossal Weapon,AxhammerLarge,1.03,standard,standard,164,0,0,0,0,0.16,0.55,0,0,0.3,30,10,0,0,0,1100,10013,0,0,0,0,0,6,6,6,6,700,Endure,0,0,0
23041200,Duelist Greataxe,Occult,41,Colossal Weapon,AxhammerLarge,1.03,standard,standard,164,0,0,0,0,0.06,0.23,0,0,0.63,30,10,0,0,0,1200,10013,7,0,0,0,0,6,6,6,6,700,Endure,0,0,0
23050000,Axe of Godfrey,Standard,41,Colossal Weapon,AxhammerLarge,1,standard,standard,165,0,0,0,0,0.47,0.3,0,0,0,42,14,0,0,0,2200,10000,0,0,0,0,0,6,6,6,6,1031,Regal Roar,1,0,1
23060000,Dragon Greatclaw,Standard,41,Colossal Weapon,AxhammerLarge,0.93,standard,standard,120,0,0,78,0,0.45,0.35,0,0,0,30,14,0,0,0,2200,10000,0,0,0,4,0,6,6,6,6,700,Endure,1,0,1
23070000,Staff of the Avatar,Standard,41,Colossal Weapon,AxhammerLarge,1.18,strike,strike,113,0,0,0,73,0.84,0.2,0,0.5,0,34,8,0,24,0,2200,10000,0,0,0,0,4,6,6,6,6,1193,Erdtree Slam,1,0,1
23080000,Fallingstar Beast Jaw,Standard,41,Colossal Weapon,AxhammerLarge,1.23,pierce,pierce,131,85,0,0,0,0.41,0.41,0.2,0,0,34,12,20,0,0,2200,10000,0,4,0,0,0,6,6,6,6,1194,Gravity Bolt,1,0,1
23100000,Ghiza's Wheel,Standard,41,Colossal Weapon,AxhammerLarge,1.025,standard,standard,156,0,0,0,0,0.42,0.42,0,0,0,28,18,0,0,0,2200,10000,0,0,0,0,0,6,6,6,6,1039,Spinning Wheel,1,0,1
23110000,Giant-Crusher,Standard,41,Colossal Weapon,AxhammerLarge,1.295,strike,strike,155,0,0,0,0,0.86,0,0,0,0,60,0,0,0,0,0,10000,0,0,0,0,0,6,6,6,6,700,Endure,0,0,0
23110100,Giant-Crusher,Heavy,41,Colossal Weapon,AxhammerLarge,1.295,strike,strike,150,0,0,0,0,0.73,0,0,0,0,60,0,0,0,0,6000,10000,1,0,0,0,0,6,6,6,6,700,Endure,0,0,0
23110200,Giant-Crusher,Keen,41,Colossal Weapon,AxhammerLarge,1.295,strike,strike,150,0,0,0,0,0.17,0.53,0,0,0,60,0,0,0,0,200,10000,2,0,0,0,0,6,6,6,6,700,Endure,0,0,0
23110300,Giant-Crusher,Quality,41,Colossal Weapon,AxhammerLarge,1.295,strike,strike,150,0,0,0,0,0.63,0.63,0,0,0,60,0,0,0,0,300,10000,8,0,0,0,0,6,6,6,6,700,Endure,0,0,0
23110400,Giant-Crusher,Fire,41,Colossal Weapon,AxhammerLarge,1.295,strike,strike,150,0,150,0,0,0.43,0.17,0,0,0,60,0,0,0,0,400,10005,0,0,4,0,0,6,6,6,6,700,Endure,0,0,0
23110500,Giant-Crusher,Flame Art,41,Colossal Weapon,AxhammerLarge,1.295,strike,strike,150,0,150,0,0,0.34,0,0,0.41,0,60,0,0,0,0,500,10000,0,0,4,0,0,6,6,6,6,700,Endure,0,0,0
23110600,Giant-Crusher,Lightning,41,Colossal Weapon,AxhammerLarge,1.295,strike,strike,150,0,0,150,0,0.17,0.43,0,0,0,60,0,0,0,0,600,10000,0,0,0,4,0,6,6,6,6,700,Endure,0,0,0
23110700,Giant-Crusher,Sacred,41,Colossal Weapon,AxhammerLarge,1.295,strike,strike,150,0,0,0,150,0.34,0,0,0.41,0,60,0,0,0,0,700,10000,0,0,0,0,4,6,6,6,6,700,Endure,0,0,0
23110800,Giant-Crusher,Magic,41,Colossal Weapon,AxhammerLarge,1.295,strike,strike,150,150,0,0,0,0.34,0,0.47,0,0,60,0,0,0,0,800,10000,0,4,0,0,0,6,6,6,6,700,Endure,0,0,0
23110900,Giant-Crusher,Cold,41,Colossal Weapon,AxhammerLarge,1.295,strike,strike,150,113,0,0,0,0.77,0,0.38,0,0,60,0,0,0,0,900,10000,0,4,0,0,0,6,6,6,6,700,Endure,0,0,0
23111000,Giant-Crusher,Poison,41,Colossal Weapon,AxhammerLarge,1.295,strike,strike,150,0,0,0,0,0.81,0,0,0,0.3,60,0,0,0,0,1000,10013,0,0,0,0,0,6,6,6,6,700,Endure,0,0,0
23111100,Giant-Crusher,Blood,41,Colossal Weapon,AxhammerLarge,1.295,strike,strike,150,0,0,0,0,0.81,0,0,0,0.3,60,0,0,0,0,1100,10013,0,0,0,0,0,6,6,6,6,700,Endure,0,0,0
23111200,Giant-Crusher,Occult,41,Colossal Weapon,AxhammerLarge,1.295,strike,strike,150,0,0,0,0,0.68,0,0,0,0.73,60,0,0,0,0,1200,10013,7,0,0,0,0,6,6,6,6,700,Endure,0,0,0
23120000,Golem's Halberd,Standard,41,Colossal Weapon,AxhammerLarge,1.08,standard,pierce,158,0,0,0,0,0.58,0.26,0,0,0,36,14,0,0,0,0,10000,0,0,0,0,0,6,6,6,6,105,Charge Forth,0,0,0
23120100,Golem's Halberd,Heavy,41,Colossal Weapon,AxhammerLarge,1.08,standard,pierce,153,0,0,0,0,0.63,0,0,0,0,36,14,0,0,0,6000,10000,1,0,0,0,0,6,6,6,6,105,Charge Forth,0,0,0
23120200,Golem's Halberd,Keen,41,Colossal Weapon,AxhammerLarge,1.08,standard,pierce,153,0,0,0,0,0.16,0.45,0,0,0,36,14,0,0,0,200,10000,2,0,0,0,0,6,6,6,6,105,Charge Forth,0,0,0
23120300,Golem's Halberd,Quality,41,Colossal Weapon,AxhammerLarge,1.08,standard,pierce,153,0,0,0,0,0.55,0.55,0,0,0,36,14,0,0,0,300,10000,8,0,0,0,0,6,6,6,6,105,Charge Forth,0,0,0
23120400,Golem's Halberd,Fire,41,Colossal Weapon,AxhammerLarge,1.08,standard,pierce,153,0,153,0,0,0.34,0.16,0,0,0,36,14,0,0,0,400,10005,0,0,4,0,0,6,6,6,6,105,Charge Forth,0,0,0
23120500,Golem's Halberd,Flame Art,41,Colossal Weapon,AxhammerLarge,1.08,standard,pierce,153,0,153,0,0,0.2,0.09,0,0.31,0,36,14,0,0,0,500,10000,0,0,4,0,0,6,6,6,6,105,Charge Forth,0,0,0
23120600,Golem's Halberd,Lightning,41,Colossal Weapon,AxhammerLarge,1.08,standard,pierce,153,0,0,153,0,0.16,0.34,0,0,0,36,14,0,0,0,600,10000,0,0,0,4,0,6,6,6,6,105,Charge Forth,0,0,0
23120700,Golem's Halberd,Sacred,41,Colossal Weapon,AxhammerLarge,1.08,standard,pierce,153,0,0,0,153,0.2,0.09,0,0.31,0,36,14,0,0,0,700,10000,0,0,0,0,4,6,6,6,6,105,Charge Forth,0,0,0
23120800,Golem's Halberd,Magic,41,Colossal Weapon,AxhammerLarge,1.08,standard,pierce,153,153,0,0,0,0.2,0.09,0.36,0,0,36,14,0,0,0,800,10000,0,4,0,0,0,6,6,6,6,105,Charge Forth,0,0,0
23120900,Golem's Halberd,Cold,41,Colossal Weapon,AxhammerLarge,1.08,standard,pierce,153,115,0,0,0,0.52,0.23,0.33,0,0,36,14,0,0,0,900,10000,0,4,0,0,0,6,6,6,6,105,Charge Forth,0,0,0
23121000,Golem's Halberd,Poison,41,Colossal Weapon,AxhammerLarge,1.08,standard,pierce,153,0,0,0,0,0.55,0.24,0,0,0.3,36,14,0,0,0,1000,10013,0,0,0,0,0,6,6,6,6,105,Charge Forth,0,0,0
23121100,Golem's Halberd,Blood,41,Colossal Weapon,AxhammerLarge,1.08,standard,pierce,153,0,0,0,0,0.55,0.24,0,0,0.3,36,14,0,0,0,1100,10013,0,0,0,0,0,6,6,6,6,105,Charge Forth,0,0,0
23121200,Golem's Halberd,Occult,41,Colossal Weapon,AxhammerLarge,1.08,standard,pierce,153,0,0,0,0,0.23,0.1,0,0,0.71,36,14,0,0,0,1200,10013,7,0,0,0,0,6,6,6,6,105,Charge Forth,0,0,0
23130000,Troll's Hammer,Standard,41,Colossal Weapon,AxhammerLarge,1.105,strike,strike,153,0,45,0,0,0.7,0.15,0,0.25,0,28,8,0,10,0,0,10000,0,0,4,0,0,6,6,6,6,653,Troll's Roar,1,0,0
23140000,Rotten Staff,Standard,41,Colossal Weapon,AxhammerLarge,1.15,strike,strike,165,0,0,0,0,0.53,0.2,0,0,0,34,8,0,0,0,2200,10000,0,0,0,0,0,6,6,6,6,1193,Erdtree Slam,1,0,1
23150000,Rotten Greataxe,Standard,41,Colossal Weapon,AxhammerLarge,1.03,standard,standard,162,0,0,0,0,0.17,0.6,0,0,0,30,10,0,0,0,0,10000,0,0,0,0,0,6,6,6,6,700,Endure,0,0,0
23150100,Rotten Greataxe,Heavy,41,Colossal Weapon,AxhammerLarge,1.03,standard,standard,157,0,0,0,0,0.46,0,0,0,0,30,10,0,0,0,100,10000,1,0,0,0,0,6,6,6,6,700,Endure,0,0,0
23150200,Rotten Greataxe,Keen,41,Colossal Weapon,AxhammerLarge,1.03,standard,standard,157,0,0,0,0,0.15,0.57,0,0,0,30,10,0,0,0,5000,10000,2,0,0,0,0,6,6,6,6,700,Endure,0,0,0
23150300,Rotten Greataxe,Quality,41,Colossal Weapon,AxhammerLarge,1.03,standard,standard,157,0,0,0,0,0.53,0.53,0,0,0,30,10,0,0,0,300,10000,8,0,0,0,0,6,6,6,6,700,Endure,0,0,0
23150400,Rotten Greataxe,Fire,41,Colossal Weapon,AxhammerLarge,1.03,standard,standard,157,0,157,0,0,0.3,0.15,0,0,0,30,10,0,0,0,400,10005,0,0,4,0,0,6,6,6,6,700,Endure,0,0,0
23150500,Rotten Greataxe,Flame Art,41,Colossal Weapon,AxhammerLarge,1.03,standard,standard,157,0,157,0,0,0.05,0.18,0,0.27,0,30,10,0,0,0,500,10000,0,0,4,0,0,6,6,6,6,700,Endure,0,0,0
23150600,Rotten Greataxe,Lightning,41,Colossal Weapon,AxhammerLarge,1.03,standard,standard,157,0,0,157,0,0.15,0.3,0,0,0,30,10,0,0,0,600,10000,0,0,0,4,0,6,6,6,6,700,Endure,0,0,0
23150700,Rotten Greataxe,Sacred,41,Colossal Weapon,AxhammerLarge,1.03,standard,standard,157,0,0,0,157,0.05,0.18,0,0.27,0,30,10,0,0,0,700,10000,0,0,0,0,4,6,6,6,6,700,Endure,0,0,0
23150800,Rotten Greataxe,Magic,41,Colossal Weapon,AxhammerLarge,1.03,standard,standard,157,157,0,0,0,0.05,0.18,0.3,0,0,30,10,0,0,0,800,10000,0,4,0,0,0,6,6,6,6,700,Endure,0,0,0
23150900,Rotten Greataxe,Cold,41,Colossal Weapon,AxhammerLarge,1.03,standard,standard,157,118,0,0,0,0.15,0.54,0.26,0,0,30,10,0,0,0,900,10000,0,4,0,0,0,6,6,6,6,700,Endure,0,0,0
23151000,Rotten Greataxe,Poison,41,Colossal Weapon,AxhammerLarge,1.03,standard,standard,157,0,0,0,0,0.16,0.57,0,0,0.3,30,10,0,0,0,1000,10013,0,0,0,0,0,6,6,6,6,700,Endure,0,0,0
23151100,Rotten Greataxe,Blood,41,Colossal Weapon,AxhammerLarge,1.03,standard,standard,157,0,0,0,0,0.16,0.57,0,0,0.3,30,10,0,0,0,1100,10013,0,0,0,0,0,6,6,6,6,700,Endure,0,0,0
23151200,Rotten Greataxe,Occult,41,Colossal Weapon,AxhammerLarge,1.03,standard,standard,157,0,0,0,0,0.06,0.24,0,0,0.65,30,10,0,0,0,1200,10013,7,0,0,0,0,6,6,6,6,700,Endure,0,0,0
23500000,Devonia's Hammer,Standard,41,Colossal Weapon,AxhammerLarge,1.015,strike,strike,147,0,0,0,44,0.7,0.2,0,0.35,0,30,13,0,19,0,2200,10000,0,0,0,0,0,6,6,6,6,5180,Devonia's Vortex,1,0,1
23510000,Shadow Sunflower Blossom,Standard,41,Colossal Weapon,AxhammerLarge,0.955,strike,strike,114,0,0,0,114,0.45,0.05,0,0.55,0,24,8,0,25,0,2200,10000,0,0,0,0,0,6,6,6,6,5160,Shadow Sunflower Headbutts,1,0,1
23520000,Gazing Finger,Standard,41,Colossal Weapon,AxhammerLarge,0.935,strike,strike,133,86,0,0,0,0.66,0,0.3,0.1,0,20,8,20,14,0,2200,20010700,0,0,0,0,0,6,6,6,6,5390,Kowtower's Resentment,1,0,1
24000000,Torch,Standard,87,Torch,Torch,0.91,strike,strike,54,0,97,0,0,0.5,0.35,0,0,0,5,5,0,0,0,0,10000,0,0,4,0,0,6,6,6,6,117,Torch Attack,1,0,0
24020000,Steel-Wire Torch,Standard,87,Torch,Torch,0.96,strike,strike,61,0,109,0,0,0.35,0.65,0,0,0,10,8,0,0,0,0,10000,0,0,4,0,0,6,6,6,6,223,Firebreather,1,0,0
24040000,St. Trina's Torch,Standard,87,Torch,Torch,0.96,strike,strike,51,0,91,0,0,0.15,0.25,0,0.45,0,10,10,0,14,0,2200,10000,0,0,4,0,0,6,6,6,6,1195,Fires of Slumber,1,0,1
24050000,Ghostflame Torch,Standard,87,Torch,Torch,0.89,strike,strike,50,90,0,0,0,0.2,0.2,0.45,0,0,10,10,14,0,0,0,10000,0,4,0,0,0,6,6,6,6,117,Torch Attack,1,0,0
24060000,Beast-Repellent Torch,Standard,87,Torch,Torch,0.97,strike,strike,58,0,104,0,0,0.61,0.18,0,0,0,12,8,0,0,0,0,10000,0,0,4,0,0,6,6,6,6,117,Torch Attack,1,0,0
24070000,Sentry's Torch,Standard,87,Torch,Torch,1.12,strike,strike,56,0,0,0,100,0.25,0.1,0,0.47,0,15,8,0,15,0,2200,10000,0,0,0,0,4,6,6,6,6,117,Torch Attack,1,0,1
24500000,Nanaya's Torch,Standard,87,Torch,Torch,1.015,strike,strike,55,0,99,0,0,0.13,0.13,0.13,0.13,0,10,10,14,16,0,2200,20010400,0,0,0,0,0,6,6,6,6,5330,Feeble Lord's Frenzied Flame,1,0,1
24510000,Lamenting Visage,Standard,87,Torch,Torch,0.985,strike,strike,71,0,0,0,0,0.96,0,0,0,0,9,0,0,0,0,2200,10000,0,0,0,0,0,6,6,6,6,5460,Blindfold of Happiness,1,0,1
30000000,Buckler,Standard,65,Small Shield,ShieldSmall,0.93,strike,strike,68,0,0,0,0,0.1,0.3,0,0,0,8,13,0,0,0,8000,10000,0,0,0,0,0,6,6,6,6,303,Buckler Parry,0,0,0
30000100,Buckler,Heavy,65,Small Shield,ShieldSmall,0.93,strike,strike,66,0,0,0,0,0.38,0,0,0,0,8,13,0,0,0,100,10000,1,0,0,0,0,6,6,6,6,303,Buckler Parry,0,0,0
30000200,Buckler,Keen,65,Small Shield,ShieldSmall,0.93,strike,strike,66,0,0,0,0,0.08,0.36,0,0,0,8,13,0,0,0,200,10000,2,0,0,0,0,6,6,6,6,303,Buckler Parry,0,0,0
30000300,Buckler,Quality,65,Small Shield,ShieldSmall,0.93,strike,strike,66,0,0,0,0,0.44,0.44,0,0,0,8,13,0,0,0,300,10000,8,0,0,0,0,6,6,6,6,303,Buckler Parry,0,0,0
30000400,Buckler,Fire,65,Small Shield,ShieldSmall,0.93,strike,strike,66,0,66,0,0,0.32,0.2,0,0,0,8,13,0,0,0,400,10005,0,0,4,0,0,6,6,6,6,303,Buckler Parry,0,0,0
30000500,Buckler,Flame Art,65,Small Shield,ShieldSmall,0.93,strike,strike,66,0,66,0,0,0.04,0.12,0,0.28,0,8,13,0,0,0,500,10000,0,0,4,0,0,6,6,6,6,303,Buckler Parry,0,0,0
30000600,Buckler,Lightning,65,Small Shield,ShieldSmall,0.93,strike,strike,66,0,0,66,0,0.08,0.34,0,0,0,8,13,0,0,0,600,10000,0,0,0,4,0,6,6,6,6,303,Buckler Parry,0,0,0
30000700,Buckler,Sacred,65,Small Shield,ShieldSmall,0.93,strike,strike,66,0,0,0,66,0.05,0.15,0,0.24,0,8,13,0,0,0,700,10000,0,0,0,0,4,6,6,6,6,303,Buckler Parry,0,0,0
30000800,Buckler,Magic,65,Small Shield,ShieldSmall,0.93,strike,strike,66,66,0,0,0,0.04,0.12,0.28,0,0,8,13,0,0,0,800,10000,0,4,0,0,0,6,6,6,6,303,Buckler Parry,0,0,0
30000900,Buckler,Cold,65,Small Shield,ShieldSmall,0.93,strike,strike,66,56,0,0,0,0.09,0.28,0.26,0,0,8,13,0,0,0,900,10000,0,4,0,0,0,6,6,6,6,303,Buckler Parry,0,0,0
30001000,Buckler,Poison,65,Small Shield,ShieldSmall,0.93,strike,strike,66,0,0,0,0,0.09,0.27,0,0,0.3,8,13,0,0,0,1000,10013,0,0,0,0,0,6,6,6,6,303,Buckler Parry,0,0,0
30001100,Buckler,Blood,65,Small Shield,ShieldSmall,0.93,strike,strike,66,0,0,0,0,0.09,0.27,0,0,0.3,8,13,0,0,0,1100,10013,0,0,0,0,0,6,6,6,6,303,Buckler Parry,0,0,0
30001200,Buckler,Occult,65,Small Shield,ShieldSmall,0.93,strike,strike,66,0,0,0,0,0.09,0,0,0,0.38,8,13,0,0,0,1200,10013,7,0,0,0,0,6,6,6,6,303,Buckler Parry,0,0,0
30010000,Perfumer's Shield,Standard,65,Small Shield,ShieldSmall,0.97,strike,strike,67,0,0,0,0,0.24,0,0,0,0,8,0,0,0,0,8000,10000,0,0,0,0,0,6,6,6,6,302,Parry,0,0,0
30010100,Perfumer's Shield,Heavy,65,Small Shield,ShieldSmall,0.97,strike,strike,65,0,0,0,0,0.22,0,0,0,0,8,0,0,0,0,100,10000,1,0,0,0,0,6,6,6,6,302,Parry,0,0,0
30010200,Perfumer's Shield,Keen,65,Small Shield,ShieldSmall,0.97,strike,strike,65,0,0,0,0,0.04,0.21,0,0,0,8,0,0,0,0,200,10000,2,0,0,0,0,6,6,6,6,302,Parry,0,0,0
30010300,Perfumer's Shield,Quality,65,Small Shield,ShieldSmall,0.97,strike,strike,65,0,0,0,0,0.26,0.26,0,0,0,8,0,0,0,0,300,10000,8,0,0,0,0,6,6,6,6,302,Parry,0,0,0
30010400,Perfumer's Shield,Fire,65,Small Shield,ShieldSmall,0.97,strike,strike,65,0,65,0,0,0.19,0.12,0,0,0,8,0,0,0,0,400,10005,0,0,4,0,0,6,6,6,6,302,Parry,0,0,0
30010500,Perfumer's Shield,Flame Art,65,Small Shield,ShieldSmall,0.97,strike,strike,65,0,65,0,0,0.09,0,0,0.16,0,8,0,0,0,0,500,10000,0,0,4,0,0,6,6,6,6,302,Parry,0,0,0
30010600,Perfumer's Shield,Lightning,65,Small Shield,ShieldSmall,0.97,strike,strike,65,0,0,65,0,0.04,0.2,0,0,0,8,0,0,0,0,600,10000,0,0,0,4,0,6,6,6,6,302,Parry,0,0,0
30010700,Perfumer's Shield,Sacred,65,Small Shield,ShieldSmall,0.97,strike,strike,65,0,0,0,65,0.12,0,0,0.14,0,8,0,0,0,0,700,10000,0,0,0,0,4,6,6,6,6,302,Parry,0,0,0
30010800,Perfumer's Shield,Magic,65,Small Shield,ShieldSmall,0.97,strike,strike,65,65,0,0,0,0.09,0,0.16,0,0,8,0,0,0,0,800,10000,0,4,0,0,0,6,6,6,6,302,Parry,0,0,0
30010900,Perfumer's Shield,Cold,65,Small Shield,ShieldSmall,0.97,strike,strike,65,55,0,0,0,0.22,0,0.15,0,0,8,0,0,0,0,900,10000,0,4,0,0,0,6,6,6,6,302,Parry,0,0,0
30011000,Perfumer's Shield,Poison,65,Small Shield,ShieldSmall,0.97,strike,strike,65,0,0,0,0,0.21,0,0,0,0.3,8,0,0,0,0,1000,10013,0,0,0,0,0,6,6,6,6,302,Parry,0,0,0
30011100,Perfumer's Shield,Blood,65,Small Shield,ShieldSmall,0.97,strike,strike,65,0,0,0,0,0.21,0,0,0,0.3,8,0,0,0,0,1100,10013,0,0,0,0,0,6,6,6,6,302,Parry,0,0,0
30011200,Perfumer's Shield,Occult,65,Small Shield,ShieldSmall,0.97,strike,strike,65,0,0,0,0,0.22,0,0,0,0.22,8,0,0,0,0,1200,10013,7,0,0,0,0,6,6,6,6,302,Parry,0,0,0
30020000,Man-Serpent's Shield,Standard,65,Small Shield,ShieldSmall,1,strike,strike,70,0,0,0,0,0.24,0,0,0,0,8,0,0,0,0,8000,10000,0,0,0,0,0,6,6,6,6,10,No Skill,0,0,0
30020100,Man-Serpent's Shield,Heavy,65,Small Shield,ShieldSmall,1,strike,strike,68,0,0,0,0,0.22,0,0,0,0,8,0,0,0,0,100,10000,1,0,0,0,0,6,6,6,6,10,No Skill,0,0,0
30020200,Man-Serpent's Shield,Keen,65,Small Shield,ShieldSmall,1,strike,strike,68,0,0,0,0,0.04,0.21,0,0,0,8,0,0,0,0,200,10000,2,0,0,0,0,6,6,6,6,10,No Skill,0,0,0
30020300,Man-Serpent's Shield,Quality,65,Small Shield,ShieldSmall,1,strike,strike,68,0,0,0,0,0.26,0.26,0,0,0,8,0,0,0,0,300,10000,8,0,0,0,0,6,6,6,6,10,No Skill,0,0,0
30020400,Man-Serpent's Shield,Fire,65,Small Shield,ShieldSmall,1,strike,strike,68,0,68,0,0,0.19,0.12,0,0,0,8,0,0,0,0,400,10005,0,0,4,0,0,6,6,6,6,10,No Skill,0,0,0
30020500,Man-Serpent's Shield,Flame Art,65,Small Shield,ShieldSmall,1,strike,strike,68,0,68,0,0,0.09,0,0,0.16,0,8,0,0,0,0,500,10000,0,0,4,0,0,6,6,6,6,10,No Skill,0,0,0
30020600,Man-Serpent's Shield,Lightning,65,Small Shield,ShieldSmall,1,strike,strike,68,0,0,68,0,0.04,0.2,0,0,0,8,0,0,0,0,600,10000,0,0,0,4,0,6,6,6,6,10,No Skill,0,0,0
30020700,Man-Serpent's Shield,Sacred,65,Small Shield,ShieldSmall,1,strike,strike,68,0,0,0,68,0.12,0,0,0.14,0,8,0,0,0,0,700,10000,0,0,0,0,4,6,6,6,6,10,No Skill,0,0,0
30020800,Man-Serpent's Shield,Magic,65,Small Shield,ShieldSmall,1,strike,strike,68,68,0,0,0,0.09,0,0.16,0,0,8,0,0,0,0,800,10000,0,4,0,0,0,6,6,6,6,10,No Skill,0,0,0
30020900,Man-Serpent's Shield,Cold,65,Small Shield,ShieldSmall,1,strike,strike,68,58,0,0,0,0.22,0,0.15,0,0,8,0,0,0,0,900,10000,0,4,0,0,0,6,6,6,6,10,No Skill,0,0,0
30021000,Man-Serpent's Shield,Poison,65,Small Shield,ShieldSmall,1,strike,strike,68,0,0,0,0,0.21,0,0,0,0.3,8,0,0,0,0,1000,10013,0,0,0,0,0,6,6,6,6,10,No Skill,0,0,0
30021100,Man-Serpent's Shield,Blood,65,Small Shield,ShieldSmall,1,strike,strike,68,0,0,0,0,0.21,0,0,0,0.3,8,0,0,0,0,1100,10013,0,0,0,0,0,6,6,6,6,10,No Skill,0,0,0
30021200,Man-Serpent's Shield,Occult,65,Small Shield,ShieldSmall,1,strike,strike,68,0,0,0,0,0.22,0,0,0,0.22,8,0,0,0,0,1200,10013,7,0,0,0,0,6,6,6,6,10,No Skill,0,0,0
30030000,Rickety Shield,Standard,65,Small Shield,ShieldSmall,1,strike,strike,70,0,0,0,0,0.24,0,0,0,0,8,0,0,0,0,8000,10000,0,0,0,0,0,6,6,6,6,302,Parry,0,0,0
30030100,Rickety Shield,Heavy,65,Small Shield,ShieldSmall,1,strike,strike,68,0,0,0,0,0.22,0,0,0,0,8,0,0,0,0,100,10000,1,0,0,0,0,6,6,6,6,302,Parry,0,0,0
30030200,Rickety Shield,Keen,65,Small Shield,ShieldSmall,1,strike,strike,68,0,0,0,0,0.04,0.21,0,0,0,8,0,0,0,0,200,10000,2,0,0,0,0,6,6,6,6,302,Parry,0,0,0
30030300,Rickety Shield,Quality,65,Small Shield,ShieldSmall,1,strike,strike,68,0,0,0,0,0.26,0.26,0,0,0,8,0,0,0,0,300,10000,8,0,0,0,0,6,6,6,6,302,Parry,0,0,0
30030400,Rickety Shield,Fire,65,Small Shield,ShieldSmall,1,strike,strike,68,0,68,0,0,0.19,0.12,0,0,0,8,0,0,0,0,400,10005,0,0,4,0,0,6,6,6,6,302,Parry,0,0,0
30030500,Rickety Shield,Flame Art,65,Small Shield,ShieldSmall,1,strike,strike,68,0,68,0,0,0.09,0,0,0.16,0,8,0,0,0,0,500,10000,0,0,4,0,0,6,6,6,6,302,Parry,0,0,0
30030600,Rickety Shield,Lightning,65,Small Shield,ShieldSmall,1,strike,strike,68,0,0,68,0,0.04,0.2,0,0,0,8,0,0,0,0,600,10000,0,0,0,4,0,6,6,6,6,302,Parry,0,0,0
30030700,Rickety Shield,Sacred,65,Small Shield,ShieldSmall,1,strike,strike,68,0,0,0,68,0.12,0,0,0.14,0,8,0,0,0,0,700,10000,0,0,0,0,4,6,6,6,6,302,Parry,0,0,0
30030800,Rickety Shield,Magic,65,Small Shield,ShieldSmall,1,strike,strike,68,68,0,0,0,0.09,0,0.16,0,0,8,0,0,0,0,800,10000,0,4,0,0,0,6,6,6,6,302,Parry,0,0,0
30030900,Rickety Shield,Cold,65,Small Shield,ShieldSmall,1,strike,strike,68,58,0,0,0,0.22,0,0.15,0,0,8,0,0,0,0,900,10000,0,4,0,0,0,6,6,6,6,302,Parry,0,0,0
30031000,Rickety Shield,Poison,65,Small Shield,ShieldSmall,1,strike,strike,68,0,0,0,0,0.21,0,0,0,0.3,8,0,0,0,0,1000,10013,0,0,0,0,0,6,6,6,6,302,Parry,0,0,0
30031100,Rickety Shield,Blood,65,Small Shield,ShieldSmall,1,strike,strike,68,0,0,0,0,0.21,0,0,0,0.3,8,0,0,0,0,1100,10013,0,0,0,0,0,6,6,6,6,302,Parry,0,0,0
30031200,Rickety Shield,Occult,65,Small Shield,ShieldSmall,1,strike,strike,68,0,0,0,0,0.22,0,0,0,0.22,8,0,0,0,0,1200,10013,7,0,0,0,0,6,6,6,6,302,Parry,0,0,0
30040000,Pillory Shield,Standard,65,Small Shield,ShieldSmall,1.07,strike,strike,71,0,0,0,0,0.24,0,0,0,0,10,0,0,0,0,8000,10000,0,0,0,0,0,6,6,6,6,10,No Skill,0,0,0
30040100,Pillory Shield,Heavy,65,Small Shield,ShieldSmall,1.07,strike,strike,69,0,0,0,0,0.22,0,0,0,0,10,0,0,0,0,100,10000,1,0,0,0,0,6,6,6,6,10,No Skill,0,0,0
30040200,Pillory Shield,Keen,65,Small Shield,ShieldSmall,1.07,strike,strike,69,0,0,0,0,0.04,0.21,0,0,0,10,0,0,0,0,200,10000,2,0,0,0,0,6,6,6,6,10,No Skill,0,0,0
30040300,Pillory Shield,Quality,65,Small Shield,ShieldSmall,1.07,strike,strike,69,0,0,0,0,0.26,0.26,0,0,0,10,0,0,0,0,300,10000,8,0,0,0,0,6,6,6,6,10,No Skill,0,0,0
30040400,Pillory Shield,Fire,65,Small Shield,ShieldSmall,1.07,strike,strike,69,0,69,0,0,0.19,0.12,0,0,0,10,0,0,0,0,400,10005,0,0,4,0,0,6,6,6,6,10,No Skill,0,0,0
30040500,Pillory Shield,Flame Art,65,Small Shield,ShieldSmall,1.07,strike,strike,69,0,69,0,0,0.09,0,0,0.16,0,10,0,0,0,0,500,10000,0,0,4,0,0,6,6,6,6,10,No Skill,0,0,0
30040600,Pillory Shield,Lightning,65,Small Shield,ShieldSmall,1.07,strike,strike,69,0,0,69,0,0.04,0.2,0,0,0,10,0,0,0,0,600,10000,0,0,0,4,0,6,6,6,6,10,No Skill,0,0,0
30040700,Pillory Shield,Sacred,65,Small Shield,ShieldSmall,1.07,strike,strike,69,0,0,0,69,0.12,0,0,0.14,0,10,0,0,0,0,700,10000,0,0,0,0,4,6,6,6,6,10,No Skill,0,0,0
30040800,Pillory Shield,Magic,65,Small Shield,ShieldSmall,1.07,strike,strike,69,69,0,0,0,0.09,0,0.16,0,0,10,0,0,0,0,800,10000,0,4,0,0,0,6,6,6,6,10,No Skill,0,0,0
30040900,Pillory Shield,Cold,65,Small Shield,ShieldSmall,1.07,strike,strike,69,59,0,0,0,0.22,0,0.15,0,0,10,0,0,0,0,900,10000,0,4,0,0,0,6,6,6,6,10,No Skill,0,0,0
30041000,Pillory Shield,Poison,65,Small Shield,ShieldSmall,1.07,strike,strike,69,0,0,0,0,0.21,0,0,0,0.3,10,0,0,0,0,1000,10013,0,0,0,0,0,6,6,6,6,10,No Skill,0,0,0
30041100,Pillory Shield,Blood,65,Small Shield,ShieldSmall,1.07,strike,strike,69,0,0,0,0,0.21,0,0,0,0.3,10,0,0,0,0,1100,10013,0,0,0,0,0,6,6,6,6,10,No Skill,0,0,0
30041200,Pillory Shield,Occult,65,Small Shield,ShieldSmall,1.07,strike,strike,69,0,0,0,0,0.22,0,0,0,0.22,10,0,0,0,0,1200,10013,7,0,0,0,0,6,6,6,6,10,No Skill,0,0,0
30060000,Beastman's Jar-Shield,Standard,67,Medium Shield,ShieldNormal,0.96,strike,strike,71,0,0,0,0,0.24,0,0,0,0,10,0,0,0,0,8100,10000,0,0,0,0,0,6,6,6,6,10,No Skill,0,0,0
30060100,Beastman's Jar-Shield,Heavy,67,Medium Shield,ShieldNormal,0.96,strike,strike,69,0,0,0,0,0.22,0,0,0,0,10,0,0,0,0,100,10000,1,0,0,0,0,6,6,6,6,10,No Skill,0,0,0
30060200,Beastman's Jar-Shield,Keen,67,Medium Shield,ShieldNormal,0.96,strike,strike,69,0,0,0,0,0.04,0.21,0,0,0,10,0,0,0,0,200,10000,2,0,0,0,0,6,6,6,6,10,No Skill,0,0,0
30060300,Beastman's Jar-Shield,Quality,67,Medium Shield,ShieldNormal,0.96,strike,strike,69,0,0,0,0,0.26,0.26,0,0,0,10,0,0,0,0,300,10000,8,0,0,0,0,6,6,6,6,10,No Skill,0,0,0
30060400,Beastman's Jar-Shield,Fire,67,Medium Shield,ShieldNormal,0.96,strike,strike,69,0,69,0,0,0.19,0.12,0,0,0,10,0,0,0,0,400,10005,0,0,4,0,0,6,6,6,6,10,No Skill,0,0,0
30060500,Beastman's Jar-Shield,Flame Art,67,Medium Shield,ShieldNormal,0.96,strike,strike,69,0,69,0,0,0.09,0,0,0.16,0,10,0,0,0,0,500,10000,0,0,4,0,0,6,6,6,6,10,No Skill,0,0,0
30060600,Beastman's Jar-Shield,Lightning,67,Medium Shield,ShieldNormal,0.96,strike,strike,69,0,0,69,0,0.04,0.2,0,0,0,10,0,0,0,0,600,10000,0,0,0,4,0,6,6,6,6,10,No Skill,0,0,0
30060700,Beastman's Jar-Shield,Sacred,67,Medium Shield,ShieldNormal,0.96,strike,strike,69,0,0,0,69,0.12,0,0,0.14,0,10,0,0,0,0,700,10000,0,0,0,0,4,6,6,6,6,10,No Skill,0,0,0
30060800,Beastman's Jar-Shield,Magic,67,Medium Shield,ShieldNormal,0.96,strike,strike,69,69,0,0,0,0.09,0,0.16,0,0,10,0,0,0,0,800,10000,0,4,0,0,0,6,6,6,6,10,No Skill,0,0,0
30060900,Beastman's Jar-Shield,Cold,67,Medium Shield,ShieldNormal,0.96,strike,strike,69,59,0,0,0,0.22,0,0.15,0,0,10,0,0,0,0,900,10000,0,4,0,0,0,6,6,6,6,10,No Skill,0,0,0
30061000,Beastman's Jar-Shield,Poison,67,Medium Shield,ShieldNormal,0.96,strike,strike,69,0,0,0,0,0.21,0,0,0,0.3,10,0,0,0,0,1000,10013,0,0,0,0,0,6,6,6,6,10,No Skill,0,0,0
30061100,Beastman's Jar-Shield,Blood,67,Medium Shield,ShieldNormal,0.96,strike,strike,69,0,0,0,0,0.21,0,0,0,0.3,10,0,0,0,0,1100,10013,0,0,0,0,0,6,6,6,6,10,No Skill,0,0,0
30061200,Beastman's Jar-Shield,Occult,67,Medium Shield,ShieldNormal,0.96,strike,strike,69,0,0,0,0,0.22,0,0,0,0.22,10,0,0,0,0,1200,10013,7,0,0,0,0,6,6,6,6,10,No Skill,0,0,0
30070000,Red Thorn Roundshield,Standard,65,Small Shield,ShieldSmall,1,strike,strike,70,0,0,0,0,0.24,0,0,0,0,8,0,0,0,0,8000,10000,0,0,0,0,0,6,6,6,6,302,Parry,0,0,0
30070100,Red Thorn Roundshield,Heavy,65,Small Shield,ShieldSmall,1,strike,strike,68,0,0,0,0,0.22,0,0,0,0,8,0,0,0,0,100,10000,1,0,0,0,0,6,6,6,6,302,Parry,0,0,0
30070200,Red Thorn Roundshield,Keen,65,Small Shield,ShieldSmall,1,strike,strike,68,0,0,0,0,0.04,0.21,0,0,0,8,0,0,0,0,200,10000,2,0,0,0,0,6,6,6,6,302,Parry,0,0,0
30070300,Red Thorn Roundshield,Quality,65,Small Shield,ShieldSmall,1,strike,strike,68,0,0,0,0,0.26,0.26,0,0,0,8,0,0,0,0,300,10000,8,0,0,0,0,6,6,6,6,302,Parry,0,0,0
30070400,Red Thorn Roundshield,Fire,65,Small Shield,ShieldSmall,1,strike,strike,68,0,68,0,0,0.19,0.12,0,0,0,8,0,0,0,0,400,10005,0,0,4,0,0,6,6,6,6,302,Parry,0,0,0
30070500,Red Thorn Roundshield,Flame Art,65,Small Shield,ShieldSmall,1,strike,strike,68,0,68,0,0,0.09,0,0,0.16,0,8,0,0,0,0,500,10000,0,0,4,0,0,6,6,6,6,302,Parry,0,0,0
30070600,Red Thorn Roundshield,Lightning,65,Small Shield,ShieldSmall,1,strike,strike,68,0,0,68,0,0.04,0.2,0,0,0,8,0,0,0,0,600,10000,0,0,0,4,0,6,6,6,6,302,Parry,0,0,0
30070700,Red Thorn Roundshield,Sacred,65,Small Shield,ShieldSmall,1,strike,strike,68,0,0,0,68,0.12,0,0,0.14,0,8,0,0,0,0,700,10000,0,0,0,0,4,6,6,6,6,302,Parry,0,0,0
30070800,Red Thorn Roundshield,Magic,65,Small Shield,ShieldSmall,1,strike,strike,68,68,0,0,0,0.09,0,0.16,0,0,8,0,0,0,0,800,10000,0,4,0,0,0,6,6,6,6,302,Parry,0,0,0
30070900,Red Thorn Roundshield,Cold,65,Small Shield,ShieldSmall,1,strike,strike,68,58,0,0,0,0.22,0,0.15,0,0,8,0,0,0,0,900,10000,0,4,0,0,0,6,6,6,6,302,Parry,0,0,0
30071000,Red Thorn Roundshield,Poison,65,Small Shield,ShieldSmall,1,strike,strike,68,0,0,0,0,0.21,0,0,0,0.3,8,0,0,0,0,1000,10013,0,0,0,0,0,6,6,6,6,302,Parry,0,0,0
30071100,Red Thorn Roundshield,Blood,65,Small Shield,ShieldSmall,1,strike,strike,68,0,0,0,0,0.21,0,0,0,0.3,8,0,0,0,0,1100,10013,0,0,0,0,0,6,6,6,6,302,Parry,0,0,0
30071200,Red Thorn Roundshield,Occult,65,Small Shield,ShieldSmall,1,strike,strike,68,0,0,0,0,0.22,0,0,0,0.22,8,0,0,0,0,1200,10013,7,0,0,0,0,6,6,6,6,302,Parry,0,0,0
30080000,Scripture Wooden Shield,Standard,65,Small Shield,ShieldSmall,1,strike,strike,70,0,0,0,0,0.24,0,0,0,0,8,0,0,0,0,8000,10000,0,0,0,0,0,6,6,6,6,302,Parry,0,0,0
30080100,Scripture Wooden Shield,Heavy,65,Small Shield,ShieldSmall,1,strike,strike,68,0,0,0,0,0.22,0,0,0,0,8,0,0,0,0,100,10000,1,0,0,0,0,6,6,6,6,302,Parry,0,0,0
30080200,Scripture Wooden Shield,Keen,65,Small Shield,ShieldSmall,1,strike,strike,68,0,0,0,0,0.04,0.21,0,0,0,8,0,0,0,0,200,10000,2,0,0,0,0,6,6,6,6,302,Parry,0,0,0
30080300,Scripture Wooden Shield,Quality,65,Small Shield,ShieldSmall,1,strike,strike,68,0,0,0,0,0.26,0.26,0,0,0,8,0,0,0,0,300,10000,8,0,0,0,0,6,6,6,6,302,Parry,0,0,0
30080400,Scripture Wooden Shield,Fire,65,Small Shield,ShieldSmall,1,strike,strike,68,0,68,0,0,0.19,0.12,0,0,0,8,0,0,0,0,400,10005,0,0,4,0,0,6,6,6,6,302,Parry,0,0,0
30080500,Scripture Wooden Shield,Flame Art,65,Small Shield,ShieldSmall,1,strike,strike,68,0,68,0,0,0.09,0,0,0.16,0,8,0,0,0,0,500,10000,0,0,4,0,0,6,6,6,6,302,Parry,0,0,0
30080600,Scripture Wooden Shield,Lightning,65,Small Shield,ShieldSmall,1,strike,strike,68,0,0,68,0,0.04,0.2,0,0,0,8,0,0,0,0,600,10000,0,0,0,4,0,6,6,6,6,302,Parry,0,0,0
30080700,Scripture Wooden Shield,Sacred,65,Small Shield,ShieldSmall,1,strike,strike,68,0,0,0,68,0.12,0,0,0.14,0,8,0,0,0,0,700,10000,0,0,0,0,4,6,6,6,6,302,Parry,0,0,0
30080800,Scripture Wooden Shield,Magic,65,Small Shield,ShieldSmall,1,strike,strike,68,68,0,0,0,0.09,0,0.16,0,0,8,0,0,0,0,800,10000,0,4,0,0,0,6,6,6,6,302,Parry,0,0,0
30080900,Scripture Wooden Shield,Cold,65,Small Shield,ShieldSmall,1,strike,strike,68,58,0,0,0,0.22,0,0.15,0,0,8,0,0,0,0,900,10000,0,4,0,0,0,6,6,6,6,302,Parry,0,0,0
30081000,Scripture Wooden Shield,Poison,65,Small Shield,ShieldSmall,1,strike,strike,68,0,0,0,0,0.21,0,0,0,0.3,8,0,0,0,0,1000,10013,0,0,0,0,0,6,6,6,6,302,Parry,0,0,0
30081100,Scripture Wooden Shield,Blood,65,Small Shield,ShieldSmall,1,strike,strike,68,0,0,0,0,0.21,0,0,0,0.3,8,0,0,0,0,1100,10013,0,0,0,0,0,6,6,6,6,302,Parry,0,0,0
30081200,Scripture Wooden Shield,Occult,65,Small Shield,ShieldSmall,1,strike,strike,68,0,0,0,0,0.22,0,0,0,0.22,8,0,0,0,0,1200,10013,7,0,0,0,0,6,6,6,6,302,Parry,0,0,0
30090000,Riveted Wooden Shield,Standard,65,Small Shield,ShieldSmall,1.03,strike,strike,72,0,0,0,0,0.24,0,0,0,0,8,0,0,0,0,8000,10000,0,0,0,0,0,6,6,6,6,302,Parry,0,0,0
30090100,Riveted Wooden Shield,Heavy,65,Small Shield,ShieldSmall,1.03,strike,strike,70,0,0,0,0,0.22,0,0,0,0,8,0,0,0,0,100,10000,1,0,0,0,0,6,6,6,6,302,Parry,0,0,0
30090200,Riveted Wooden Shield,Keen,65,Small Shield,ShieldSmall,1.03,strike,strike,70,0,0,0,0,0.04,0.21,0,0,0,8,0,0,0,0,200,10000,2,0,0,0,0,6,6,6,6,302,Parry,0,0,0
30090300,Riveted Wooden Shield,Quality,65,Small Shield,ShieldSmall,1.03,strike,strike,70,0,0,0,0,0.26,0.26,0,0,0,8,0,0,0,0,300,10000,8,0,0,0,0,6,6,6,6,302,Parry,0,0,0
30090400,Riveted Wooden Shield,Fire,65,Small Shield,ShieldSmall,1.03,strike,strike,70,0,70,0,0,0.19,0.12,0,0,0,8,0,0,0,0,400,10005,0,0,4,0,0,6,6,6,6,302,Parry,0,0,0
30090500,Riveted Wooden Shield,Flame Art,65,Small Shield,ShieldSmall,1.03,strike,strike,70,0,70,0,0,0.09,0,0,0.16,0,8,0,0,0,0,500,10000,0,0,4,0,0,6,6,6,6,302,Parry,0,0,0
30090600,Riveted Wooden Shield,Lightning,65,Small Shield,ShieldSmall,1.03,strike,strike,70,0,0,70,0,0.04,0.2,0,0,0,8,0,0,0,0,600,10000,0,0,0,4,0,6,6,6,6,302,Parry,0,0,0
30090700,Riveted Wooden Shield,Sacred,65,Small Shield,ShieldSmall,1.03,strike,strike,70,0,0,0,70,0.12,0,0,0.14,0,8,0,0,0,0,700,10000,0,0,0,0,4,6,6,6,6,302,Parry,0,0,0
30090800,Riveted Wooden Shield,Magic,65,Small Shield,ShieldSmall,1.03,strike,strike,70,70,0,0,0,0.09,0,0.16,0,0,8,0,0,0,0,800,10000,0,4,0,0,0,6,6,6,6,302,Parry,0,0,0
30090900,Riveted Wooden Shield,Cold,65,Small Shield,ShieldSmall,1.03,strike,strike,70,60,0,0,0,0.22,0,0.15,0,0,8,0,0,0,0,900,10000,0,4,0,0,0,6,6,6,6,302,Parry,0,0,0
30091000,Riveted Wooden Shield,Poison,65,Small Shield,ShieldSmall,1.03,strike,strike,70,0,0,0,0,0.21,0,0,0,0.3,8,0,0,0,0,1000,10013,0,0,0,0,0,6,6,6,6,302,Parry,0,0,0
30091100,Riveted Wooden Shield,Blood,65,Small Shield,ShieldSmall,1.03,strike,strike,70,0,0,0,0,0.21,0,0,0,0.3,8,0,0,0,0,1100,10013,0,0,0,0,0,6,6,6,6,302,Parry,0,0,0
30091200,Riveted Wooden Shield,Occult,65,Small Shield,ShieldSmall,1.03,strike,strike,70,0,0,0,0,0.22,0,0,0,0.22,8,0,0,0,0,1200,10013,7,0,0,0,0,6,6,6,6,302,Parry,0,0,0
30100000,Blue-White Wooden Shield,Standard,65,Small Shield,ShieldSmall,1.03,strike,strike,72,0,0,0,0,0.24,0,0,0,0,8,0,0,0,0,8000,10000,0,0,0,0,0,6,6,6,6,10,No Skill,0,0,0
30100100,Blue-White Wooden Shield,Heavy,65,Small Shield,ShieldSmall,1.03,strike,strike,70,0,0,0,0,0.22,0,0,0,0,8,0,0,0,0,100,10000,1,0,0,0,0,6,6,6,6,10,No Skill,0,0,0
30100200,Blue-White Wooden Shield,Keen,65,Small Shield,ShieldSmall,1.03,strike,strike,70,0,0,0,0,0.04,0.21,0,0,0,8,0,0,0,0,200,10000,2,0,0,0,0,6,6,6,6,10,No Skill,0,0,0
30100300,Blue-White Wooden Shield,Quality,65,Small Shield,ShieldSmall,1.03,strike,strike,70,0,0,0,0,0.26,0.26,0,0,0,8,0,0,0,0,300,10000,8,0,0,0,0,6,6,6,6,10,No Skill,0,0,0
30100400,Blue-White Wooden Shield,Fire,65,Small Shield,ShieldSmall,1.03,strike,strike,70,0,70,0,0,0.19,0.12,0,0,0,8,0,0,0,0,400,10005,0,0,4,0,0,6,6,6,6,10,No Skill,0,0,0
30100500,Blue-White Wooden Shield,Flame Art,65,Small Shield,ShieldSmall,1.03,strike,strike,70,0,70,0,0,0.09,0,0,0.16,0,8,0,0,0,0,500,10000,0,0,4,0,0,6,6,6,6,10,No Skill,0,0,0
30100600,Blue-White Wooden Shield,Lightning,65,Small Shield,ShieldSmall,1.03,strike,strike,70,0,0,70,0,0.04,0.2,0,0,0,8,0,0,0,0,600,10000,0,0,0,4,0,6,6,6,6,10,No Skill,0,0,0
30100700,Blue-White Wooden Shield,Sacred,65,Small Shield,ShieldSmall,1.03,strike,strike,70,0,0,0,70,0.12,0,0,0.14,0,8,0,0,0,0,700,10000,0,0,0,0,4,6,6,6,6,10,No Skill,0,0,0
30100800,Blue-White Wooden Shield,Magic,65,Small Shield,ShieldSmall,1.03,strike,strike,70,70,0,0,0,0.09,0,0.16,0,0,8,0,0,0,0,800,10000,0,4,0,0,0,6,6,6,6,10,No Skill,0,0,0
30100900,Blue-White Wooden Shield,Cold,65,Small Shield,ShieldSmall,1.03,strike,strike,70,60,0,0,0,0.22,0,0.15,0,0,8,0,0,0,0,900,10000,0,4,0,0,0,6,6,6,6,10,No Skill,0,0,0
30101000,Blue-White Wooden Shield,Poison,65,Small Shield,ShieldSmall,1.03,strike,strike,70,0,0,0,0,0.21,0,0,0,0.3,8,0,0,0,0,1000,10013,0,0,0,0,0,6,6,6,6,10,No Skill,0,0,0
30101100,Blue-White Wooden Shield,Blood,65,Small Shield,ShieldSmall,1.03,strike,strike,70,0,0,0,0,0.21,0,0,0,0.3,8,0,0,0,0,1100,10013,0,0,0,0,0,6,6,6,6,10,No Skill,0,0,0
30101200,Blue-White Wooden Shield,Occult,65,Small Shield,ShieldSmall,1.03,strike,strike,70,0,0,0,0,0.22,0,0,0,0.22,8,0,0,0,0,1200,10013,7,0,0,0,0,6,6,6,6,10,No Skill,0,0,0
30110000,Rift Shield,Standard,65,Small Shield,ShieldSmall,1,strike,strike,70,0,0,0,0,0.24,0,0,0,0,8,0,0,0,0,8000,10000,0,0,0,0,0,6,6,6,6,302,Parry,0,0,0
30110100,Rift Shield,Heavy,65,Small Shield,ShieldSmall,1,strike,strike,68,0,0,0,0,0.22,0,0,0,0,8,0,0,0,0,100,10000,1,0,0,0,0,6,6,6,6,302,Parry,0,0,0
30110200,Rift Shield,Keen,65,Small Shield,ShieldSmall,1,strike,strike,68,0,0,0,0,0.04,0.21,0,0,0,8,0,0,0,0,200,10000,2,0,0,0,0,6,6,6,6,302,Parry,0,0,0
30110300,Rift Shield,Quality,65,Small Shield,ShieldSmall,1,strike,strike,68,0,0,0,0,0.26,0.26,0,0,0,8,0,0,0,0,300,10000,8,0,0,0,0,6,6,6,6,302,Parry,0,0,0
30110400,Rift Shield,Fire,65,Small Shield,ShieldSmall,1,strike,strike,68,0,68,0,0,0.19,0.12,0,0,0,8,0,0,0,0,400,10005,0,0,4,0,0,6,6,6,6,302,Parry,0,0,0
30110500,Rift Shield,Flame Art,65,Small Shield,ShieldSmall,1,strike,strike,68,0,68,0,0,0.09,0,0,0.16,0,8,0,0,0,0,500,10000,0,0,4,0,0,6,6,6,6,302,Parry,0,0,0
30110600,Rift Shield,Lightning,65,Small Shield,ShieldSmall,1,strike,strike,68,0,0,68,0,0.04,0.2,0,0,0,8,0,0,0,0,600,10000,0,0,0,4,0,6,6,6,6,302,Parry,0,0,0
30110700,Rift Shield,Sacred,65,Small Shield,ShieldSmall,1,strike,strike,68,0,0,0,68,0.12,0,0,0.14,0,8,0,0,0,0,700,10000,0,0,0,0,4,6,6,6,6,302,Parry,0,0,0
30110800,Rift Shield,Magic,65,Small Shield,ShieldSmall,1,strike,strike,68,68,0,0,0,0.09,0,0.16,0,0,8,0,0,0,0,800,10000,0,4,0,0,0,6,6,6,6,302,Parry,0,0,0
30110900,Rift Shield,Cold,65,Small Shield,ShieldSmall,1,strike,strike,68,58,0,0,0,0.22,0,0.15,0,0,8,0,0,0,0,900,10000,0,4,0,0,0,6,6,6,6,302,Parry,0,0,0
30111000,Rift Shield,Poison,65,Small Shield,ShieldSmall,1,strike,strike,68,0,0,0,0,0.21,0,0,0,0.3,8,0,0,0,0,1000,10013,0,0,0,0,0,6,6,6,6,302,Parry,0,0,0
30111100,Rift Shield,Blood,65,Small Shield,ShieldSmall,1,strike,strike,68,0,0,0,0,0.21,0,0,0,0.3,8,0,0,0,0,1100,10013,0,0,0,0,0,6,6,6,6,302,Parry,0,0,0
30111200,Rift Shield,Occult,65,Small Shield,ShieldSmall,1,strike,strike,68,0,0,0,0,0.22,0,0,0,0.22,8,0,0,0,0,1200,10013,7,0,0,0,0,6,6,6,6,302,Parry,0,0,0
30120000,Iron Roundshield,Standard,65,Small Shield,ShieldSmall,1.06,strike,strike,74,0,0,0,0,0.24,0,0,0,0,8,0,0,0,0,8000,10000,0,0,0,0,0,6,6,6,6,10,No Skill,0,0,0
30120100,Iron Roundshield,Heavy,65,Small Shield,ShieldSmall,1.06,strike,strike,72,0,0,0,0,0.22,0,0,0,0,8,0,0,0,0,100,10000,1,0,0,0,0,6,6,6,6,10,No Skill,0,0,0
30120200,Iron Roundshield,Keen,65,Small Shield,ShieldSmall,1.06,strike,strike,72,0,0,0,0,0.04,0.21,0,0,0,8,0,0,0,0,200,10000,2,0,0,0,0,6,6,6,6,10,No Skill,0,0,0
30120300,Iron Roundshield,Quality,65,Small Shield,ShieldSmall,1.06,strike,strike,72,0,0,0,0,0.26,0.26,0,0,0,8,0,0,0,0,300,10000,8,0,0,0,0,6,6,6,6,10,No Skill,0,0,0
30120400,Iron Roundshield,Fire,65,Small Shield,ShieldSmall,1.06,strike,strike,72,0,72,0,0,0.19,0.12,0,0,0,8,0,0,0,0,400,10005,0,0,4,0,0,6,6,6,6,10,No Skill,0,0,0
30120500,Iron Roundshield,Flame Art,65,Small Shield,ShieldSmall,1.06,strike,strike,72,0,72,0,0,0.09,0,0,0.16,0,8,0,0,0,0,500,10000,0,0,4,0,0,6,6,6,6,10,No Skill,0,0,0
30120600,Iron Roundshield,Lightning,65,Small Shield,ShieldSmall,1.06,strike,strike,72,0,0,72,0,0.04,0.2,0,0,0,8,0,0,0,0,600,10000,0,0,0,4,0,6,6,6,6,10,No Skill,0,0,0
30120700,Iron Roundshield,Sacred,65,Small Shield,ShieldSmall,1.06,strike,strike,72,0,0,0,72,0.12,0,0,0.14,0,8,0,0,0,0,700,10000,0,0,0,0,4,6,6,6,6,10,No Skill,0,0,0
30120800,Iron Roundshield,Magic,65,Small Shield,ShieldSmall,1.06,strike,strike,72,72,0,0,0,0.09,0,0.16,0,0,8,0,0,0,0,800,10000,0,4,0,0,0,6,6,6,6,10,No Skill,0,0,0
30120900,Iron Roundshield,Cold,65,Small Shield,ShieldSmall,1.06,strike,strike,72,61,0,0,0,0.22,0,0.15,0,0,8,0,0,0,0,900,10000,0,4,0,0,0,6,6,6,6,10,No Skill,0,0,0
30121000,Iron Roundshield,Poison,65,Small Shield,ShieldSmall,1.06,strike,strike,72,0,0,0,0,0.21,0,0,0,0.3,8,0,0,0,0,1000,10013,0,0,0,0,0,6,6,6,6,10,No Skill,0,0,0
30121100,Iron Roundshield,Blood,65,Small Shield,ShieldSmall,1.06,strike,strike,72,0,0,0,0,0.21,0,0,0,0.3,8,0,0,0,0,1100,10013,0,0,0,0,0,6,6,6,6,10,No Skill,0,0,0
30121200,Iron Roundshield,Occult,65,Small Shield,ShieldSmall,1.06,strike,strike,72,0,0,0,0,0.22,0,0,0,0.22,8,0,0,0,0,1200,10013,7,0,0,0,0,6,6,6,6,10,No Skill,0,0,0
30130000,Gilded Iron Shield,Standard,65,Small Shield,ShieldSmall,1.06,strike,strike,74,0,0,0,0,0.24,0,0,0,0,8,0,0,0,0,8000,10000,0,0,0,0,0,6,6,6,6,302,Parry,0,0,0
30130100,Gilded Iron Shield,Heavy,65,Small Shield,ShieldSmall,1.06,strike,strike,72,0,0,0,0,0.22,0,0,0,0,8,0,0,0,0,100,10000,1,0,0,0,0,6,6,6,6,302,Parry,0,0,0
30130200,Gilded Iron Shield,Keen,65,Small Shield,ShieldSmall,1.06,strike,strike,72,0,0,0,0,0.04,0.21,0,0,0,8,0,0,0,0,200,10000,2,0,0,0,0,6,6,6,6,302,Parry,0,0,0
30130300,Gilded Iron Shield,Quality,65,Small Shield,ShieldSmall,1.06,strike,strike,72,0,0,0,0,0.26,0.26,0,0,0,8,0,0,0,0,300,10000,8,0,0,0,0,6,6,6,6,302,Parry,0,0,0
30130400,Gilded Iron Shield,Fire,65,Small Shield,ShieldSmall,1.06,strike,strike,72,0,72,0,0,0.19,0.12,0,0,0,8,0,0,0,0,400,10005,0,0,4,0,0,6,6,6,6,302,Parry,0,0,0
30130500,Gilded Iron Shield,Flame Art,65,Small Shield,ShieldSmall,1.06,strike,strike,72,0,72,0,0,0.09,0,0,0.16,0,8,0,0,0,0,500,10000,0,0,4,0,0,6,6,6,6,302,Parry,0,0,0
30130600,Gilded Iron Shield,Lightning,65,Small Shield,ShieldSmall,1.06,strike,strike,72,0,0,72,0,0.04,0.2,0,0,0,8,0,0,0,0,600,10000,0,0,0,4,0,6,6,6,6,302,Parry,0,0,0
30130700,Gilded Iron Shield,Sacred,65,Small Shield,ShieldSmall,1.06,strike,strike,72,0,0,0,72,0.12,0,0,0.14,0,8,0,0,0,0,700,10000,0,0,0,0,4,6,6,6,6,302,Parry,0,0,0
30130800,Gilded Iron Shield,Magic,65,Small Shield,ShieldSmall,1.06,strike,strike,72,72,0,0,0,0.09,0,0.16,0,0,8,0,0,0,0,800,10000,0,4,0,0,0,6,6,6,6,302,Parry,0,0,0
30130900,Gilded Iron Shield,Cold,65,Small Shield,ShieldSmall,1.06,strike,strike,72,61,0,0,0,0.22,0,0.15,0,0,8,0,0,0,0,900,10000,0,4,0,0,0,6,6,6,6,302,Parry,0,0,0
30131000,Gilded Iron Shield,Poison,65,Small Shield,ShieldSmall,1.06,strike,strike,72,0,0,0,0,0.21,0,0,0,0.3,8,0,0,0,0,1000,10013,0,0,0,0,0,6,6,6,6,302,Parry,0,0,0
30131100,Gilded Iron Shield,Blood,65,Small Shield,ShieldSmall,1.06,strike,strike,72,0,0,0,0,0.21,0,0,0,0.3,8,0,0,0,0,1100,10013,0,0,0,0,0,6,6,6,6,302,Parry,0,0,0
30131200,Gilded Iron Shield,Occult,65,Small Shield,ShieldSmall,1.06,strike,strike,72,0,0,0,0,0.22,0,0,0,0.22,8,0,0,0,0,1200,10013,7,0,0,0,0,6,6,6,6,302,Parry,0,0,0
30140000,Ice Crest Shield,Standard,65,Small Shield,ShieldSmall,1.06,strike,strike,74,0,0,0,0,0.24,0,0,0,0,9,0,0,0,0,8000,10000,0,0,0,0,0,6,6,6,6,10,No Skill,0,0,0
30140100,Ice Crest Shield,Heavy,65,Small Shield,ShieldSmall,1.06,strike,strike,72,0,0,0,0,0.22,0,0,0,0,9,0,0,0,0,100,10000,1,0,0,0,0,6,6,6,6,10,No Skill,0,0,0
30140200,Ice Crest Shield,Keen,65,Small Shield,ShieldSmall,1.06,strike,strike,72,0,0,0,0,0.04,0.21,0,0,0,9,0,0,0,0,200,10000,2,0,0,0,0,6,6,6,6,10,No Skill,0,0,0
30140300,Ice Crest Shield,Quality,65,Small Shield,ShieldSmall,1.06,strike,strike,72,0,0,0,0,0.26,0.26,0,0,0,9,0,0,0,0,300,10000,8,0,0,0,0,6,6,6,6,10,No Skill,0,0,0
30140400,Ice Crest Shield,Fire,65,Small Shield,ShieldSmall,1.06,strike,strike,72,0,72,0,0,0.19,0.12,0,0,0,9,0,0,0,0,400,10005,0,0,4,0,0,6,6,6,6,10,No Skill,0,0,0
30140500,Ice Crest Shield,Flame Art,65,Small Shield,ShieldSmall,1.06,strike,strike,72,0,72,0,0,0.09,0,0,0.16,0,9,0,0,0,0,500,10000,0,0,4,0,0,6,6,6,6,10,No Skill,0,0,0
30140600,Ice Crest Shield,Lightning,65,Small Shield,ShieldSmall,1.06,strike,strike,72,0,0,72,0,0.04,0.2,0,0,0,9,0,0,0,0,600,10000,0,0,0,4,0,6,6,6,6,10,No Skill,0,0,0
30140700,Ice Crest Shield,Sacred,65,Small Shield,ShieldSmall,1.06,strike,strike,72,0,0,0,72,0.12,0,0,0.14,0,9,0,0,0,0,700,10000,0,0,0,0,4,6,6,6,6,10,No Skill,0,0,0
30140800,Ice Crest Shield,Magic,65,Small Shield,ShieldSmall,1.06,strike,strike,72,72,0,0,0,0.09,0,0.16,0,0,9,0,0,0,0,800,10000,0,4,0,0,0,6,6,6,6,10,No Skill,0,0,0
30140900,Ice Crest Shield,Cold,65,Small Shield,ShieldSmall,1.06,strike,strike,72,61,0,0,0,0.22,0,0.15,0,0,9,0,0,0,0,900,10000,0,4,0,0,0,6,6,6,6,10,No Skill,0,0,0
30141000,Ice Crest Shield,Poison,65,Small Shield,ShieldSmall,1.06,strike,strike,72,0,0,0,0,0.21,0,0,0,0.3,9,0,0,0,0,1000,10013,0,0,0,0,0,6,6,6,6,10,No Skill,0,0,0
30141100,Ice Crest Shield,Blood,65,Small Shield,ShieldSmall,1.06,strike,strike,72,0,0,0,0,0.21,0,0,0,0.3,9,0,0,0,0,1100,10013,0,0,0,0,0,6,6,6,6,10,No Skill,0,0,0
30141200,Ice Crest Shield,Occult,65,Small Shield,ShieldSmall,1.06,strike,strike,72,0,0,0,0,0.22,0,0,0,0.22,9,0,0,0,0,1200,10013,7,0,0,0,0,6,6,6,6,10,No Skill,0,0,0
30150000,Smoldering Shield,Standard,65,Small Shield,ShieldSmall,1.06,strike,strike,58,0,37,0,0,0.24,0,0,0.4,0,10,9,0,12,0,8000,10000,0,0,4,0,0,6,6,6,6,300,Shield Bash,1,0,0
30190000,Spiralhorn Shield,Standard,65,Small Shield,ShieldSmall,1.04,strike,strike,75,0,0,0,0,0.24,0,0,0,0,8,10,0,0,0,8000,10000,0,0,0,0,0,6,6,6,6,302,Parry,0,0,0
30190100,Spiralhorn Shield,Heavy,65,Small Shield,ShieldSmall,1.04,strike,strike,73,0,0,0,0,0.22,0,0,0,0,8,10,0,0,0,100,10000,1,0,0,0,0,6,6,6,6,302,Parry,0,0,0
30190200,Spiralhorn Shield,Keen,65,Small Shield,ShieldSmall,1.04,strike,strike,73,0,0,0,0,0.04,0.21,0,0,0,8,10,0,0,0,200,10000,2,0,0,0,0,6,6,6,6,302,Parry,0,0,0
30190300,Spiralhorn Shield,Quality,65,Small Shield,ShieldSmall,1.04,strike,strike,73,0,0,0,0,0.26,0.26,0,0,0,8,10,0,0,0,300,10000,8,0,0,0,0,6,6,6,6,302,Parry,0,0,0
30190400,Spiralhorn Shield,Fire,65,Small Shield,ShieldSmall,1.04,strike,strike,73,0,73,0,0,0.19,0.12,0,0,0,8,10,0,0,0,400,10005,0,0,4,0,0,6,6,6,6,302,Parry,0,0,0
30190500,Spiralhorn Shield,Flame Art,65,Small Shield,ShieldSmall,1.04,strike,strike,73,0,73,0,0,0.09,0,0,0.16,0,8,10,0,0,0,500,10000,0,0,4,0,0,6,6,6,6,302,Parry,0,0,0
30190600,Spiralhorn Shield,Lightning,65,Small Shield,ShieldSmall,1.04,strike,strike,73,0,0,73,0,0.04,0.2,0,0,0,8,10,0,0,0,600,10000,0,0,0,4,0,6,6,6,6,302,Parry,0,0,0
30190700,Spiralhorn Shield,Sacred,65,Small Shield,ShieldSmall,1.04,strike,strike,73,0,0,0,73,0.12,0,0,0.14,0,8,10,0,0,0,700,10000,0,0,0,0,4,6,6,6,6,302,Parry,0,0,0
30190800,Spiralhorn Shield,Magic,65,Small Shield,ShieldSmall,1.04,strike,strike,73,73,0,0,0,0.09,0,0.16,0,0,8,10,0,0,0,800,10000,0,4,0,0,0,6,6,6,6,302,Parry,0,0,0
30190900,Spiralhorn Shield,Cold,65,Small Shield,ShieldSmall,1.04,strike,strike,73,62,0,0,0,0.22,0,0.15,0,0,8,10,0,0,0,900,10000,0,4,0,0,0,6,6,6,6,302,Parry,0,0,0
30191000,Spiralhorn Shield,Poison,65,Small Shield,ShieldSmall,1.04,strike,strike,73,0,0,0,0,0.21,0,0,0,0.3,8,10,0,0,0,1000,10013,0,0,0,0,0,6,6,6,6,302,Parry,0,0,0
30191100,Spiralhorn Shield,Blood,65,Small Shield,ShieldSmall,1.04,strike,strike,73,0,0,0,0,0.21,0,0,0,0.3,8,10,0,0,0,1100,10013,0,0,0,0,0,6,6,6,6,302,Parry,0,0,0
30191200,Spiralhorn Shield,Occult,65,Small Shield,ShieldSmall,1.04,strike,strike,73,0,0,0,0,0.22,0,0,0,0.22,8,10,0,0,0,1200,10013,7,0,0,0,0,6,6,6,6,302,Parry,0,0,0
30200000,Coil Shield,Standard,65,Small Shield,ShieldSmall,0.97,strike,strike,77,0,0,0,0,0.24,0,0,0,0,10,10,0,0,0,8500,10000,0,0,0,0,0,6,6,6,6,1007,Viper Bite,1,0,1
30510000,Smithscript Shield,Standard,65,Small Shield,ShieldSmall,1.03,strike,strike,72,0,0,0,0,0.35,0.15,0.05,0.05,0,10,15,11,11,0,8000,10000,0,0,0,0,0,6,6,6,6,5370,Discus Hurl,1,0,0
31000000,Kite Shield,Standard,67,Medium Shield,ShieldNormal,0.93,strike,strike,78,0,0,0,0,0.4,0,0,0,0,12,0,0,0,0,8100,10000,0,0,0,0,0,6,6,6,6,10,No Skill,0,0,0
31000100,Kite Shield,Heavy,67,Medium Shield,ShieldNormal,0.93,strike,strike,76,0,0,0,0,0.36,0,0,0,0,12,0,0,0,0,100,10000,1,0,0,0,0,6,6,6,6,10,No Skill,0,0,0
31000200,Kite Shield,Keen,67,Medium Shield,ShieldNormal,0.93,strike,strike,76,0,0,0,0,0.08,0.32,0,0,0,12,0,0,0,0,200,10000,2,0,0,0,0,6,6,6,6,10,No Skill,0,0,0
31000300,Kite Shield,Quality,67,Medium Shield,ShieldNormal,0.93,strike,strike,76,0,0,0,0,0.4,0.4,0,0,0,12,0,0,0,0,300,10000,8,0,0,0,0,6,6,6,6,10,No Skill,0,0,0
31000400,Kite Shield,Fire,67,Medium Shield,ShieldNormal,0.93,strike,strike,76,0,76,0,0,0.28,0.12,0,0,0,12,0,0,0,0,400,10005,0,0,4,0,0,6,6,6,6,10,No Skill,0,0,0
31000500,Kite Shield,Flame Art,67,Medium Shield,ShieldNormal,0.93,strike,strike,76,0,76,0,0,0.14,0,0,0.24,0,12,0,0,0,0,500,10000,0,0,4,0,0,6,6,6,6,10,No Skill,0,0,0
31000600,Kite Shield,Lightning,67,Medium Shield,ShieldNormal,0.93,strike,strike,76,0,0,76,0,0.08,0.28,0,0,0,12,0,0,0,0,600,10000,0,0,0,4,0,6,6,6,6,10,No Skill,0,0,0
31000700,Kite Shield,Sacred,67,Medium Shield,ShieldNormal,0.93,strike,strike,76,0,0,0,76,0.18,0,0,0.24,0,12,0,0,0,0,700,10000,0,0,0,0,4,6,6,6,6,10,No Skill,0,0,0
31000800,Kite Shield,Magic,67,Medium Shield,ShieldNormal,0.93,strike,strike,76,76,0,0,0,0.16,0,0.24,0,0,12,0,0,0,0,800,10000,0,4,0,0,0,6,6,6,6,10,No Skill,0,0,0
31000900,Kite Shield,Cold,67,Medium Shield,ShieldNormal,0.93,strike,strike,76,65,0,0,0,0.36,0,0.24,0,0,12,0,0,0,0,900,10000,0,4,0,0,0,6,6,6,6,10,No Skill,0,0,0
31001000,Kite Shield,Poison,67,Medium Shield,ShieldNormal,0.93,strike,strike,76,0,0,0,0,0.38,0,0,0,0.3,12,0,0,0,0,1000,10013,0,0,0,0,0,6,6,6,6,10,No Skill,0,0,0
31001100,Kite Shield,Blood,67,Medium Shield,ShieldNormal,0.93,strike,strike,76,0,0,0,0,0.38,0,0,0,0.3,12,0,0,0,0,1100,10013,0,0,0,0,0,6,6,6,6,10,No Skill,0,0,0
31001200,Kite Shield,Occult,67,Medium Shield,ShieldNormal,0.93,strike,strike,76,0,0,0,0,0.38,0,0,0,0.38,12,0,0,0,0,1200,10013,7,0,0,0,0,6,6,6,6,10,No Skill,0,0,0
31010000,Marred Leather Shield,Standard,67,Medium Shield,ShieldNormal,0.9,strike,strike,75,0,0,0,0,0.4,0,0,0,0,8,0,0,0,0,8100,10000,0,0,0,0,0,6,6,6,6,10,No Skill,0,0,0
31010100,Marred Leather Shield,Heavy,67,Medium Shield,ShieldNormal,0.9,strike,strike,73,0,0,0,0,0.36,0,0,0,0,8,0,0,0,0,100,10000,1,0,0,0,0,6,6,6,6,10,No Skill,0,0,0
31010200,Marred Leather Shield,Keen,67,Medium Shield,ShieldNormal,0.9,strike,strike,73,0,0,0,0,0.08,0.32,0,0,0,8,0,0,0,0,200,10000,2,0,0,0,0,6,6,6,6,10,No Skill,0,0,0
31010300,Marred Leather Shield,Quality,67,Medium Shield,ShieldNormal,0.9,strike,strike,73,0,0,0,0,0.4,0.4,0,0,0,8,0,0,0,0,300,10000,8,0,0,0,0,6,6,6,6,10,No Skill,0,0,0
31010400,Marred Leather Shield,Fire,67,Medium Shield,ShieldNormal,0.9,strike,strike,73,0,73,0,0,0.28,0.12,0,0,0,8,0,0,0,0,400,10005,0,0,4,0,0,6,6,6,6,10,No Skill,0,0,0
31010500,Marred Leather Shield,Flame Art,67,Medium Shield,ShieldNormal,0.9,strike,strike,73,0,73,0,0,0.14,0,0,0.24,0,8,0,0,0,0,500,10000,0,0,4,0,0,6,6,6,6,10,No Skill,0,0,0
31010600,Marred Leather Shield,Lightning,67,Medium Shield,ShieldNormal,0.9,strike,strike,73,0,0,73,0,0.08,0.28,0,0,0,8,0,0,0,0,600,10000,0,0,0,4,0,6,6,6,6,10,No Skill,0,0,0
31010700,Marred Leather Shield,Sacred,67,Medium Shield,ShieldNormal,0.9,strike,strike,73,0,0,0,73,0.18,0,0,0.24,0,8,0,0,0,0,700,10000,0,0,0,0,4,6,6,6,6,10,No Skill,0,0,0
31010800,Marred Leather Shield,Magic,67,Medium Shield,ShieldNormal,0.9,strike,strike,73,73,0,0,0,0.16,0,0.24,0,0,8,0,0,0,0,800,10000,0,4,0,0,0,6,6,6,6,10,No Skill,0,0,0
31010900,Marred Leather Shield,Cold,67,Medium Shield,ShieldNormal,0.9,strike,strike,73,62,0,0,0,0.36,0,0.24,0,0,8,0,0,0,0,900,10000,0,4,0,0,0,6,6,6,6,10,No Skill,0,0,0
31011000,Marred Leather Shield,Poison,67,Medium Shield,ShieldNormal,0.9,strike,strike,73,0,0,0,0,0.38,0,0,0,0.3,8,0,0,0,0,1000,10013,0,0,0,0,0,6,6,6,6,10,No Skill,0,0,0
31011100,Marred Leather Shield,Blood,67,Medium Shield,ShieldNormal,0.9,strike,strike,73,0,0,0,0,0.38,0,0,0,0.3,8,0,0,0,0,1100,10013,0,0,0,0,0,6,6,6,6,10,No Skill,0,0,0
31011200,Marred Leather Shield,Occult,67,Medium Shield,ShieldNormal,0.9,strike,strike,73,0,0,0,0,0.38,0,0,0,0.38,8,0,0,0,0,1200,10013,7,0,0,0,0,6,6,6,6,10,No Skill,0,0,0
31020000,Marred Wooden Shield,Standard,67,Medium Shield,ShieldNormal,0.955,strike,strike,76,0,0,0,0,0.4,0,0,0,0,8,0,0,0,0,8100,10000,0,0,0,0,0,6,6,6,6,10,No Skill,0,0,0
31020100,Marred Wooden Shield,Heavy,67,Medium Shield,ShieldNormal,0.955,strike,strike,74,0,0,0,0,0.36,0,0,0,0,8,0,0,0,0,100,10000,1,0,0,0,0,6,6,6,6,10,No Skill,0,0,0
31020200,Marred Wooden Shield,Keen,67,Medium Shield,ShieldNormal,0.955,strike,strike,74,0,0,0,0,0.08,0.32,0,0,0,8,0,0,0,0,200,10000,2,0,0,0,0,6,6,6,6,10,No Skill,0,0,0
31020300,Marred Wooden Shield,Quality,67,Medium Shield,ShieldNormal,0.955,strike,strike,74,0,0,0,0,0.4,0.4,0,0,0,8,0,0,0,0,300,10000,8,0,0,0,0,6,6,6,6,10,No Skill,0,0,0
31020400,Marred Wooden Shield,Fire,67,Medium Shield,ShieldNormal,0.955,strike,strike,74,0,74,0,0,0.28,0.12,0,0,0,8,0,0,0,0,400,10005,0,0,4,0,0,6,6,6,6,10,No Skill,0,0,0
31020500,Marred Wooden Shield,Flame Art,67,Medium Shield,ShieldNormal,0.955,strike,strike,74,0,74,0,0,0.14,0,0,0.24,0,8,0,0,0,0,500,10000,0,0,4,0,0,6,6,6,6,10,No Skill,0,0,0
31020600,Marred Wooden Shield,Lightning,67,Medium Shield,ShieldNormal,0.955,strike,strike,74,0,0,74,0,0.08,0.28,0,0,0,8,0,0,0,0,600,10000,0,0,0,4,0,6,6,6,6,10,No Skill,0,0,0
31020700,Marred Wooden Shield,Sacred,67,Medium Shield,ShieldNormal,0.955,strike,strike,74,0,0,0,74,0.18,0,0,0.24,0,8,0,0,0,0,700,10000,0,0,0,0,4,6,6,6,6,10,No Skill,0,0,0
31020800,Marred Wooden Shield,Magic,67,Medium Shield,ShieldNormal,0.955,strike,strike,74,74,0,0,0,0.16,0,0.24,0,0,8,0,0,0,0,800,10000,0,4,0,0,0,6,6,6,6,10,No Skill,0,0,0
31020900,Marred Wooden Shield,Cold,67,Medium Shield,ShieldNormal,0.955,strike,strike,74,63,0,0,0,0.36,0,0.24,0,0,8,0,0,0,0,900,10000,0,4,0,0,0,6,6,6,6,10,No Skill,0,0,0
31021000,Marred Wooden Shield,Poison,67,Medium Shield,ShieldNormal,0.955,strike,strike,74,0,0,0,0,0.38,0,0,0,0.3,8,0,0,0,0,1000,10013,0,0,0,0,0,6,6,6,6,10,No Skill,0,0,0
31021100,Marred Wooden Shield,Blood,67,Medium Shield,ShieldNormal,0.955,strike,strike,74,0,0,0,0,0.38,0,0,0,0.3,8,0,0,0,0,1100,10013,0,0,0,0,0,6,6,6,6,10,No Skill,0,0,0
31021200,Marred Wooden Shield,Occult,67,Medium Shield,ShieldNormal,0.955,strike,strike,74,0,0,0,0,0.38,0,0,0,0.38,8,0,0,0,0,1200,10013,7,0,0,0,0,6,6,6,6,10,No Skill,0,0,0
31030000,Banished Knight's Shield,Standard,67,Medium Shield,ShieldNormal,1.07,strike,strike,81,0,0,0,0,0.4,0,0,0,0,14,0,0,0,0,8100,10000,0,0,0,0,0,6,6,6,6,10,No Skill,0,0,0
31030100,Banished Knight's Shield,Heavy,67,Medium Shield,ShieldNormal,1.07,strike,strike,79,0,0,0,0,0.36,0,0,0,0,14,0,0,0,0,100,10000,1,0,0,0,0,6,6,6,6,10,No Skill,0,0,0
31030200,Banished Knight's Shield,Keen,67,Medium Shield,ShieldNormal,1.07,strike,strike,79,0,0,0,0,0.08,0.32,0,0,0,14,0,0,0,0,200,10000,2,0,0,0,0,6,6,6,6,10,No Skill,0,0,0
31030300,Banished Knight's Shield,Quality,67,Medium Shield,ShieldNormal,1.07,strike,strike,79,0,0,0,0,0.4,0.4,0,0,0,14,0,0,0,0,300,10000,8,0,0,0,0,6,6,6,6,10,No Skill,0,0,0
31030400,Banished Knight's Shield,Fire,67,Medium Shield,ShieldNormal,1.07,strike,strike,79,0,79,0,0,0.28,0.12,0,0,0,14,0,0,0,0,400,10005,0,0,4,0,0,6,6,6,6,10,No Skill,0,0,0
31030500,Banished Knight's Shield,Flame Art,67,Medium Shield,ShieldNormal,1.07,strike,strike,79,0,79,0,0,0.14,0,0,0.24,0,14,0,0,0,0,500,10000,0,0,4,0,0,6,6,6,6,10,No Skill,0,0,0
31030600,Banished Knight's Shield,Lightning,67,Medium Shield,ShieldNormal,1.07,strike,strike,79,0,0,79,0,0.08,0.28,0,0,0,14,0,0,0,0,600,10000,0,0,0,4,0,6,6,6,6,10,No Skill,0,0,0
31030700,Banished Knight's Shield,Sacred,67,Medium Shield,ShieldNormal,1.07,strike,strike,79,0,0,0,79,0.18,0,0,0.24,0,14,0,0,0,0,700,10000,0,0,0,0,4,6,6,6,6,10,No Skill,0,0,0
31030800,Banished Knight's Shield,Magic,67,Medium Shield,ShieldNormal,1.07,strike,strike,79,79,0,0,0,0.16,0,0.24,0,0,14,0,0,0,0,800,10000,0,4,0,0,0,6,6,6,6,10,No Skill,0,0,0
31030900,Banished Knight's Shield,Cold,67,Medium Shield,ShieldNormal,1.07,strike,strike,79,67,0,0,0,0.36,0,0.24,0,0,14,0,0,0,0,900,10000,0,4,0,0,0,6,6,6,6,10,No Skill,0,0,0
31031000,Banished Knight's Shield,Poison,67,Medium Shield,ShieldNormal,1.07,strike,strike,79,0,0,0,0,0.38,0,0,0,0.3,14,0,0,0,0,1000,10013,0,0,0,0,0,6,6,6,6,10,No Skill,0,0,0
31031100,Banished Knight's Shield,Blood,67,Medium Shield,ShieldNormal,1.07,strike,strike,79,0,0,0,0,0.38,0,0,0,0.3,14,0,0,0,0,1100,10013,0,0,0,0,0,6,6,6,6,10,No Skill,0,0,0
31031200,Banished Knight's Shield,Occult,67,Medium Shield,ShieldNormal,1.07,strike,strike,79,0,0,0,0,0.38,0,0,0,0.38,14,0,0,0,0,1200,10013,7,0,0,0,0,6,6,6,6,10,No Skill,0,0,0
31040000,Albinauric Shield,Standard,67,Medium Shield,ShieldNormal,0.93,strike,strike,78,0,0,0,0,0.4,0,0,0,0,11,0,0,0,0,8100,10000,0,0,0,0,0,6,6,6,6,302,Parry,0,0,0
31040100,Albinauric Shield,Heavy,67,Medium Shield,ShieldNormal,0.93,strike,strike,76,0,0,0,0,0.36,0,0,0,0,11,0,0,0,0,100,10000,1,0,0,0,0,6,6,6,6,302,Parry,0,0,0
31040200,Albinauric Shield,Keen,67,Medium Shield,ShieldNormal,0.93,strike,strike,76,0,0,0,0,0.08,0.32,0,0,0,11,0,0,0,0,200,10000,2,0,0,0,0,6,6,6,6,302,Parry,0,0,0
31040300,Albinauric Shield,Quality,67,Medium Shield,ShieldNormal,0.93,strike,strike,76,0,0,0,0,0.4,0.4,0,0,0,11,0,0,0,0,300,10000,8,0,0,0,0,6,6,6,6,302,Parry,0,0,0
31040400,Albinauric Shield,Fire,67,Medium Shield,ShieldNormal,0.93,strike,strike,76,0,76,0,0,0.28,0.12,0,0,0,11,0,0,0,0,400,10005,0,0,4,0,0,6,6,6,6,302,Parry,0,0,0
31040500,Albinauric Shield,Flame Art,67,Medium Shield,ShieldNormal,0.93,strike,strike,76,0,76,0,0,0.14,0,0,0.24,0,11,0,0,0,0,500,10000,0,0,4,0,0,6,6,6,6,302,Parry,0,0,0
31040600,Albinauric Shield,Lightning,67,Medium Shield,ShieldNormal,0.93,strike,strike,76,0,0,76,0,0.08,0.28,0,0,0,11,0,0,0,0,600,10000,0,0,0,4,0,6,6,6,6,302,Parry,0,0,0
31040700,Albinauric Shield,Sacred,67,Medium Shield,ShieldNormal,0.93,strike,strike,76,0,0,0,76,0.18,0,0,0.24,0,11,0,0,0,0,700,10000,0,0,0,0,4,6,6,6,6,302,Parry,0,0,0
31040800,Albinauric Shield,Magic,67,Medium Shield,ShieldNormal,0.93,strike,strike,76,76,0,0,0,0.16,0,0.24,0,0,11,0,0,0,0,800,10000,0,4,0,0,0,6,6,6,6,302,Parry,0,0,0
31040900,Albinauric Shield,Cold,67,Medium Shield,ShieldNormal,0.93,strike,strike,76,65,0,0,0,0.36,0,0.24,0,0,11,0,0,0,0,900,10000,0,4,0,0,0,6,6,6,6,302,Parry,0,0,0
31041000,Albinauric Shield,Poison,67,Medium Shield,ShieldNormal,0.93,strike,strike,76,0,0,0,0,0.38,0,0,0,0.3,11,0,0,0,0,1000,10013,0,0,0,0,0,6,6,6,6,302,Parry,0,0,0
31041100,Albinauric Shield,Blood,67,Medium Shield,ShieldNormal,0.93,strike,strike,76,0,0,0,0,0.38,0,0,0,0.3,11,0,0,0,0,1100,10013,0,0,0,0,0,6,6,6,6,302,Parry,0,0,0
31041200,Albinauric Shield,Occult,67,Medium Shield,ShieldNormal,0.93,strike,strike,76,0,0,0,0,0.38,0,0,0,0.38,11,0,0,0,0,1200,10013,7,0,0,0,0,6,6,6,6,302,Parry,0,0,0
31050000,Sun Realm Shield,Standard,67,Medium Shield,ShieldNormal,0.94,strike,strike,74,0,0,0,0,0.4,0,0,0,0,8,0,0,0,0,8100,10000,0,0,0,0,0,6,6,6,6,302,Parry,0,0,0
31050100,Sun Realm Shield,Heavy,67,Medium Shield,ShieldNormal,0.94,strike,strike,72,0,0,0,0,0.36,0,0,0,0,8,0,0,0,0,100,10000,1,0,0,0,0,6,6,6,6,302,Parry,0,0,0
31050200,Sun Realm Shield,Keen,67,Medium Shield,ShieldNormal,0.94,strike,strike,72,0,0,0,0,0.08,0.32,0,0,0,8,0,0,0,0,200,10000,2,0,0,0,0,6,6,6,6,302,Parry,0,0,0
31050300,Sun Realm Shield,Quality,67,Medium Shield,ShieldNormal,0.94,strike,strike,72,0,0,0,0,0.4,0.4,0,0,0,8,0,0,0,0,300,10000,8,0,0,0,0,6,6,6,6,302,Parry,0,0,0
31050400,Sun Realm Shield,Fire,67,Medium Shield,ShieldNormal,0.94,strike,strike,72,0,72,0,0,0.28,0.12,0,0,0,8,0,0,0,0,400,10005,0,0,4,0,0,6,6,6,6,302,Parry,0,0,0
31050500,Sun Realm Shield,Flame Art,67,Medium Shield,ShieldNormal,0.94,strike,strike,72,0,72,0,0,0.14,0,0,0.24,0,8,0,0,0,0,500,10000,0,0,4,0,0,6,6,6,6,302,Parry,0,0,0
31050600,Sun Realm Shield,Lightning,67,Medium Shield,ShieldNormal,0.94,strike,strike,72,0,0,72,0,0.08,0.28,0,0,0,8,0,0,0,0,600,10000,0,0,0,4,0,6,6,6,6,302,Parry,0,0,0
31050700,Sun Realm Shield,Sacred,67,Medium Shield,ShieldNormal,0.94,strike,strike,72,0,0,0,72,0.18,0,0,0.24,0,8,0,0,0,0,700,10000,0,0,0,0,4,6,6,6,6,302,Parry,0,0,0
31050800,Sun Realm Shield,Magic,67,Medium Shield,ShieldNormal,0.94,strike,strike,72,72,0,0,0,0.16,0,0.24,0,0,8,0,0,0,0,800,10000,0,4,0,0,0,6,6,6,6,302,Parry,0,0,0
31050900,Sun Realm Shield,Cold,67,Medium Shield,ShieldNormal,0.94,strike,strike,72,61,0,0,0,0.36,0,0.24,0,0,8,0,0,0,0,900,10000,0,4,0,0,0,6,6,6,6,302,Parry,0,0,0
31051000,Sun Realm Shield,Poison,67,Medium Shield,ShieldNormal,0.94,strike,strike,72,0,0,0,0,0.38,0,0,0,0.3,8,0,0,0,0,1000,10013,0,0,0,0,0,6,6,6,6,302,Parry,0,0,0
31051100,Sun Realm Shield,Blood,67,Medium Shield,ShieldNormal,0.94,strike,strike,72,0,0,0,0,0.38,0,0,0,0.3,8,0,0,0,0,1100,10013,0,0,0,0,0,6,6,6,6,302,Parry,0,0,0
31051200,Sun Realm Shield,Occult,67,Medium Shield,ShieldNormal,0.94,strike,strike,72,0,0,0,0,0.38,0,0,0,0.38,8,0,0,0,0,1200,10013,7,0,0,0,0,6,6,6,6,302,Parry,0,0,0
31060000,Silver Mirrorshield,Standard,67,Medium Shield,ShieldNormal,0.86,strike,strike,59,38,0,0,0,0.4,0,0.3,0,0,12,10,10,0,0,8300,10000,0,4,0,0,0,6,6,6,6,10,No Skill,1,0,1
31070000,Round Shield,Standard,67,Medium Shield,ShieldNormal,0.955,strike,strike,76,0,0,0,0,0.4,0,0,0,0,8,0,0,0,0,8100,10000,0,0,0,0,0,6,6,6,6,302,Parry,0,0,0
31070100,Round Shield,Heavy,67,Medium Shield,ShieldNormal,0.955,strike,strike,74,0,0,0,0,0.36,0,0,0,0,8,0,0,0,0,100,10000,1,0,0,0,0,6,6,6,6,302,Parry,0,0,0
31070200,Round Shield,Keen,67,Medium Shield,ShieldNormal,0.955,strike,strike,74,0,0,0,0,0.08,0.32,0,0,0,8,0,0,0,0,200,10000,2,0,0,0,0,6,6,6,6,302,Parry,0,0,0
31070300,Round Shield,Quality,67,Medium Shield,ShieldNormal,0.955,strike,strike,74,0,0,0,0,0.4,0.4,0,0,0,8,0,0,0,0,300,10000,8,0,0,0,0,6,6,6,6,302,Parry,0,0,0
31070400,Round Shield,Fire,67,Medium Shield,ShieldNormal,0.955,strike,strike,74,0,74,0,0,0.28,0.12,0,0,0,8,0,0,0,0,400,10005,0,0,4,0,0,6,6,6,6,302,Parry,0,0,0
31070500,Round Shield,Flame Art,67,Medium Shield,ShieldNormal,0.955,strike,strike,74,0,74,0,0,0.14,0,0,0.24,0,8,0,0,0,0,500,10000,0,0,4,0,0,6,6,6,6,302,Parry,0,0,0
31070600,Round Shield,Lightning,67,Medium Shield,ShieldNormal,0.955,strike,strike,74,0,0,74,0,0.08,0.28,0,0,0,8,0,0,0,0,600,10000,0,0,0,4,0,6,6,6,6,302,Parry,0,0,0
31070700,Round Shield,Sacred,67,Medium Shield,ShieldNormal,0.955,strike,strike,74,0,0,0,74,0.18,0,0,0.24,0,8,0,0,0,0,700,10000,0,0,0,0,4,6,6,6,6,302,Parry,0,0,0
31070800,Round Shield,Magic,67,Medium Shield,ShieldNormal,0.955,strike,strike,74,74,0,0,0,0.16,0,0.24,0,0,8,0,0,0,0,800,10000,0,4,0,0,0,6,6,6,6,302,Parry,0,0,0
31070900,Round Shield,Cold,67,Medium Shield,ShieldNormal,0.955,strike,strike,74,63,0,0,0,0.36,0,0.24,0,0,8,0,0,0,0,900,10000,0,4,0,0,0,6,6,6,6,302,Parry,0,0,0
31071000,Round Shield,Poison,67,Medium Shield,ShieldNormal,0.955,strike,strike,74,0,0,0,0,0.38,0,0,0,0.3,8,0,0,0,0,1000,10013,0,0,0,0,0,6,6,6,6,302,Parry,0,0,0
31071100,Round Shield,Blood,67,Medium Shield,ShieldNormal,0.955,strike,strike,74,0,0,0,0,0.38,0,0,0,0.3,8,0,0,0,0,1100,10013,0,0,0,0,0,6,6,6,6,302,Parry,0,0,0
31071200,Round Shield,Occult,67,Medium Shield,ShieldNormal,0.955,strike,strike,74,0,0,0,0,0.38,0,0,0,0.38,8,0,0,0,0,1200,10013,7,0,0,0,0,6,6,6,6,302,Parry,0,0,0
31080000,Scorpion Kite Shield,Standard,67,Medium Shield,ShieldNormal,0.93,strike,strike,78,0,0,0,0,0.4,0,0,0,0,12,0,0,0,0,8100,10000,0,0,0,0,0,6,6,6,6,302,Parry,0,0,0
31080100,Scorpion Kite Shield,Heavy,67,Medium Shield,ShieldNormal,0.93,strike,strike,76,0,0,0,0,0.36,0,0,0,0,12,0,0,0,0,100,10000,1,0,0,0,0,6,6,6,6,302,Parry,0,0,0
31080200,Scorpion Kite Shield,Keen,67,Medium Shield,ShieldNormal,0.93,strike,strike,76,0,0,0,0,0.08,0.32,0,0,0,12,0,0,0,0,200,10000,2,0,0,0,0,6,6,6,6,302,Parry,0,0,0
31080300,Scorpion Kite Shield,Quality,67,Medium Shield,ShieldNormal,0.93,strike,strike,76,0,0,0,0,0.4,0.4,0,0,0,12,0,0,0,0,300,10000,8,0,0,0,0,6,6,6,6,302,Parry,0,0,0
31080400,Scorpion Kite Shield,Fire,67,Medium Shield,ShieldNormal,0.93,strike,strike,76,0,76,0,0,0.28,0.12,0,0,0,12,0,0,0,0,400,10005,0,0,4,0,0,6,6,6,6,302,Parry,0,0,0
31080500,Scorpion Kite Shield,Flame Art,67,Medium Shield,ShieldNormal,0.93,strike,strike,76,0,76,0,0,0.14,0,0,0.24,0,12,0,0,0,0,500,10000,0,0,4,0,0,6,6,6,6,302,Parry,0,0,0
31080600,Scorpion Kite Shield,Lightning,67,Medium Shield,ShieldNormal,0.93,strike,strike,76,0,0,76,0,0.08,0.28,0,0,0,12,0,0,0,0,600,10000,0,0,0,4,0,6,6,6,6,302,Parry,0,0,0
31080700,Scorpion Kite Shield,Sacred,67,Medium Shield,ShieldNormal,0.93,strike,strike,76,0,0,0,76,0.18,0,0,0.24,0,12,0,0,0,0,700,10000,0,0,0,0,4,6,6,6,6,302,Parry,0,0,0
31080800,Scorpion Kite Shield,Magic,67,Medium Shield,ShieldNormal,0.93,strike,strike,76,76,0,0,0,0.16,0,0.24,0,0,12,0,0,0,0,800,10000,0,4,0,0,0,6,6,6,6,302,Parry,0,0,0
31080900,Scorpion Kite Shield,Cold,67,Medium Shield,ShieldNormal,0.93,strike,strike,76,65,0,0,0,0.36,0,0.24,0,0,12,0,0,0,0,900,10000,0,4,0,0,0,6,6,6,6,302,Parry,0,0,0
31081000,Scorpion Kite Shield,Poison,67,Medium Shield,ShieldNormal,0.93,strike,strike,76,0,0,0,0,0.38,0,0,0,0.3,12,0,0,0,0,1000,10013,0,0,0,0,0,6,6,6,6,302,Parry,0,0,0
31081100,Scorpion Kite Shield,Blood,67,Medium Shield,ShieldNormal,0.93,strike,strike,76,0,0,0,0,0.38,0,0,0,0.3,12,0,0,0,0,1100,10013,0,0,0,0,0,6,6,6,6,302,Parry,0,0,0
31081200,Scorpion Kite Shield,Occult,67,Medium Shield,ShieldNormal,0.93,strike,strike,76,0,0,0,0,0.38,0,0,0,0.38,12,0,0,0,0,1200,10013,7,0,0,0,0,6,6,6,6,302,Parry,0,0,0
31090000,Twinbird Kite Shield,Standard,67,Medium Shield,ShieldNormal,0.93,strike,strike,78,0,0,0,0,0.4,0,0,0,0,12,0,0,0,0,8100,10000,0,0,0,0,0,6,6,6,6,10,No Skill,0,0,0
31090100,Twinbird Kite Shield,Heavy,67,Medium Shield,ShieldNormal,0.93,strike,strike,76,0,0,0,0,0.36,0,0,0,0,12,0,0,0,0,100,10000,1,0,0,0,0,6,6,6,6,10,No Skill,0,0,0
31090200,Twinbird Kite Shield,Keen,67,Medium Shield,ShieldNormal,0.93,strike,strike,76,0,0,0,0,0.08,0.32,0,0,0,12,0,0,0,0,200,10000,2,0,0,0,0,6,6,6,6,10,No Skill,0,0,0
31090300,Twinbird Kite Shield,Quality,67,Medium Shield,ShieldNormal,0.93,strike,strike,76,0,0,0,0,0.4,0.4,0,0,0,12,0,0,0,0,300,10000,8,0,0,0,0,6,6,6,6,10,No Skill,0,0,0
31090400,Twinbird Kite Shield,Fire,67,Medium Shield,ShieldNormal,0.93,strike,strike,76,0,76,0,0,0.28,0.12,0,0,0,12,0,0,0,0,400,10005,0,0,4,0,0,6,6,6,6,10,No Skill,0,0,0
31090500,Twinbird Kite Shield,Flame Art,67,Medium Shield,ShieldNormal,0.93,strike,strike,76,0,76,0,0,0.14,0,0,0.24,0,12,0,0,0,0,500,10000,0,0,4,0,0,6,6,6,6,10,No Skill,0,0,0
31090600,Twinbird Kite Shield,Lightning,67,Medium Shield,ShieldNormal,0.93,strike,strike,76,0,0,76,0,0.08,0.28,0,0,0,12,0,0,0,0,600,10000,0,0,0,4,0,6,6,6,6,10,No Skill,0,0,0
31090700,Twinbird Kite Shield,Sacred,67,Medium Shield,ShieldNormal,0.93,strike,strike,76,0,0,0,76,0.18,0,0,0.24,0,12,0,0,0,0,700,10000,0,0,0,0,4,6,6,6,6,10,No Skill,0,0,0
31090800,Twinbird Kite Shield,Magic,67,Medium Shield,ShieldNormal,0.93,strike,strike,76,76,0,0,0,0.16,0,0.24,0,0,12,0,0,0,0,800,10000,0,4,0,0,0,6,6,6,6,10,No Skill,0,0,0
31090900,Twinbird Kite Shield,Cold,67,Medium Shield,ShieldNormal,0.93,strike,strike,76,65,0,0,0,0.36,0,0.24,0,0,12,0,0,0,0,900,10000,0,4,0,0,0,6,6,6,6,10,No Skill,0,0,0
31091000,Twinbird Kite Shield,Poison,67,Medium Shield,ShieldNormal,0.93,strike,strike,76,0,0,0,0,0.38,0,0,0,0.3,12,0,0,0,0,1000,10013,0,0,0,0,0,6,6,6,6,10,No Skill,0,0,0
31091100,Twinbird Kite Shield,Blood,67,Medium Shield,ShieldNormal,0.93,strike,strike,76,0,0,0,0,0.38,0,0,0,0.3,12,0,0,0,0,1100,10013,0,0,0,0,0,6,6,6,6,10,No Skill,0,0,0
31091200,Twinbird Kite Shield,Occult,67,Medium Shield,ShieldNormal,0.93,strike,strike,76,0,0,0,0,0.38,0,0,0,0.38,12,0,0,0,0,1200,10013,7,0,0,0,0,6,6,6,6,10,No Skill,0,0,0
31100000,Blue-Gold Kite Shield,Standard,67,Medium Shield,ShieldNormal,1,strike,strike,80,0,0,0,0,0.4,0,0,0,0,12,0,0,0,0,8100,10000,0,0,0,0,0,6,6,6,6,302,Parry,0,0,0
31100100,Blue-Gold Kite Shield,Heavy,67,Medium Shield,ShieldNormal,1,strike,strike,78,0,0,0,0,0.36,0,0,0,0,12,0,0,0,0,100,10000,1,0,0,0,0,6,6,6,6,302,Parry,0,0,0
31100200,Blue-Gold Kite Shield,Keen,67,Medium Shield,ShieldNormal,1,strike,strike,78,0,0,0,0,0.08,0.32,0,0,0,12,0,0,0,0,200,10000,2,0,0,0,0,6,6,6,6,302,Parry,0,0,0
31100300,Blue-Gold Kite Shield,Quality,67,Medium Shield,ShieldNormal,1,strike,strike,78,0,0,0,0,0.4,0.4,0,0,0,12,0,0,0,0,300,10000,8,0,0,0,0,6,6,6,6,302,Parry,0,0,0
31100400,Blue-Gold Kite Shield,Fire,67,Medium Shield,ShieldNormal,1,strike,strike,78,0,78,0,0,0.28,0.12,0,0,0,12,0,0,0,0,400,10005,0,0,4,0,0,6,6,6,6,302,Parry,0,0,0
31100500,Blue-Gold Kite Shield,Flame Art,67,Medium Shield,ShieldNormal,1,strike,strike,78,0,78,0,0,0.14,0,0,0.24,0,12,0,0,0,0,500,10000,0,0,4,0,0,6,6,6,6,302,Parry,0,0,0
31100600,Blue-Gold Kite Shield,Lightning,67,Medium Shield,ShieldNormal,1,strike,strike,78,0,0,78,0,0.08,0.28,0,0,0,12,0,0,0,0,600,10000,0,0,0,4,0,6,6,6,6,302,Parry,0,0,0
31100700,Blue-Gold Kite Shield,Sacred,67,Medium Shield,ShieldNormal,1,strike,strike,78,0,0,0,78,0.18,0,0,0.24,0,12,0,0,0,0,700,10000,0,0,0,0,4,6,6,6,6,302,Parry,0,0,0
31100800,Blue-Gold Kite Shield,Magic,67,Medium Shield,ShieldNormal,1,strike,strike,78,78,0,0,0,0.16,0,0.24,0,0,12,0,0,0,0,800,10000,0,4,0,0,0,6,6,6,6,302,Parry,0,0,0
31100900,Blue-Gold Kite Shield,Cold,67,Medium Shield,ShieldNormal,1,strike,strike,78,66,0,0,0,0.36,0,0.24,0,0,12,0,0,0,0,900,10000,0,4,0,0,0,6,6,6,6,302,Parry,0,0,0
31101000,Blue-Gold Kite Shield,Poison,67,Medium Shield,ShieldNormal,1,strike,strike,78,0,0,0,0,0.38,0,0,0,0.3,12,0,0,0,0,1000,10013,0,0,0,0,0,6,6,6,6,302,Parry,0,0,0
31101100,Blue-Gold Kite Shield,Blood,67,Medium Shield,ShieldNormal,1,strike,strike,78,0,0,0,0,0.38,0,0,0,0.3,12,0,0,0,0,1100,10013,0,0,0,0,0,6,6,6,6,302,Parry,0,0,0
31101200,Blue-Gold Kite Shield,Occult,67,Medium Shield,ShieldNormal,1,strike,strike,78,0,0,0,0,0.38,0,0,0,0.38,12,0,0,0,0,1200,10013,7,0,0,0,0,6,6,6,6,302,Parry,0,0,0
31130000,Brass Shield,Standard,67,Medium Shield,ShieldNormal,1.175,strike,strike,84,0,0,0,0,0.4,0,0,0,0,16,0,0,0,0,8100,10000,0,0,0,0,0,6,6,6,6,10,No Skill,0,0,0
31130100,Brass Shield,Heavy,67,Medium Shield,ShieldNormal,1.175,strike,strike,82,0,0,0,0,0.36,0,0,0,0,16,0,0,0,0,100,10000,1,0,0,0,0,6,6,6,6,10,No Skill,0,0,0
31130200,Brass Shield,Keen,67,Medium Shield,ShieldNormal,1.175,strike,strike,82,0,0,0,0,0.08,0.32,0,0,0,16,0,0,0,0,200,10000,2,0,0,0,0,6,6,6,6,10,No Skill,0,0,0
31130300,Brass Shield,Quality,67,Medium Shield,ShieldNormal,1.175,strike,strike,82,0,0,0,0,0.4,0.4,0,0,0,16,0,0,0,0,300,10000,8,0,0,0,0,6,6,6,6,10,No Skill,0,0,0
31130400,Brass Shield,Fire,67,Medium Shield,ShieldNormal,1.175,strike,strike,82,0,82,0,0,0.28,0.12,0,0,0,16,0,0,0,0,400,10005,0,0,4,0,0,6,6,6,6,10,No Skill,0,0,0
31130500,Brass Shield,Flame Art,67,Medium Shield,ShieldNormal,1.175,strike,strike,82,0,82,0,0,0.14,0,0,0.24,0,16,0,0,0,0,500,10000,0,0,4,0,0,6,6,6,6,10,No Skill,0,0,0
31130600,Brass Shield,Lightning,67,Medium Shield,ShieldNormal,1.175,strike,strike,82,0,0,82,0,0.08,0.28,0,0,0,16,0,0,0,0,600,10000,0,0,0,4,0,6,6,6,6,10,No Skill,0,0,0
31130700,Brass Shield,Sacred,67,Medium Shield,ShieldNormal,1.175,strike,strike,82,0,0,0,82,0.18,0,0,0.24,0,16,0,0,0,0,700,10000,0,0,0,0,4,6,6,6,6,10,No Skill,0,0,0
31130800,Brass Shield,Magic,67,Medium Shield,ShieldNormal,1.175,strike,strike,82,82,0,0,0,0.16,0,0.24,0,0,16,0,0,0,0,800,10000,0,4,0,0,0,6,6,6,6,10,No Skill,0,0,0
31130900,Brass Shield,Cold,67,Medium Shield,ShieldNormal,1.175,strike,strike,82,70,0,0,0,0.36,0,0.24,0,0,16,0,0,0,0,900,10000,0,4,0,0,0,6,6,6,6,10,No Skill,0,0,0
31131000,Brass Shield,Poison,67,Medium Shield,ShieldNormal,1.175,strike,strike,82,0,0,0,0,0.38,0,0,0,0.3,16,0,0,0,0,1000,10013,0,0,0,0,0,6,6,6,6,10,No Skill,0,0,0
31131100,Brass Shield,Blood,67,Medium Shield,ShieldNormal,1.175,strike,strike,82,0,0,0,0,0.38,0,0,0,0.3,16,0,0,0,0,1100,10013,0,0,0,0,0,6,6,6,6,10,No Skill,0,0,0
31131200,Brass Shield,Occult,67,Medium Shield,ShieldNormal,1.175,strike,strike,82,0,0,0,0,0.38,0,0,0,0.38,16,0,0,0,0,1200,10013,7,0,0,0,0,6,6,6,6,10,No Skill,0,0,0
31140000,Great Turtle Shell,Standard,67,Medium Shield,ShieldNormal,1.015,strike,strike,81,0,0,0,0,0.4,0,0,0,0,14,0,0,0,0,8100,10000,0,0,0,0,0,6,6,6,6,301,Barricade Shield,0,0,0
31140100,Great Turtle Shell,Heavy,67,Medium Shield,ShieldNormal,1.015,strike,strike,79,0,0,0,0,0.36,0,0,0,0,14,0,0,0,0,100,10000,1,0,0,0,0,6,6,6,6,301,Barricade Shield,0,0,0
31140200,Great Turtle Shell,Keen,67,Medium Shield,ShieldNormal,1.015,strike,strike,79,0,0,0,0,0.08,0.32,0,0,0,14,0,0,0,0,200,10000,2,0,0,0,0,6,6,6,6,301,Barricade Shield,0,0,0
31140300,Great Turtle Shell,Quality,67,Medium Shield,ShieldNormal,1.015,strike,strike,79,0,0,0,0,0.4,0.4,0,0,0,14,0,0,0,0,300,10000,8,0,0,0,0,6,6,6,6,301,Barricade Shield,0,0,0
31140400,Great Turtle Shell,Fire,67,Medium Shield,ShieldNormal,1.015,strike,strike,79,0,79,0,0,0.28,0.12,0,0,0,14,0,0,0,0,400,10005,0,0,4,0,0,6,6,6,6,301,Barricade Shield,0,0,0
31140500,Great Turtle Shell,Flame Art,67,Medium Shield,ShieldNormal,1.015,strike,strike,79,0,79,0,0,0.14,0,0,0.24,0,14,0,0,0,0,500,10000,0,0,4,0,0,6,6,6,6,301,Barricade Shield,0,0,0
31140600,Great Turtle Shell,Lightning,67,Medium Shield,ShieldNormal,1.015,strike,strike,79,0,0,79,0,0.08,0.28,0,0,0,14,0,0,0,0,600,10000,0,0,0,4,0,6,6,6,6,301,Barricade Shield,0,0,0
31140700,Great Turtle Shell,Sacred,67,Medium Shield,ShieldNormal,1.015,strike,strike,79,0,0,0,79,0.18,0,0,0.24,0,14,0,0,0,0,700,10000,0,0,0,0,4,6,6,6,6,301,Barricade Shield,0,0,0
31140800,Great Turtle Shell,Magic,67,Medium Shield,ShieldNormal,1.015,strike,strike,79,79,0,0,0,0.16,0,0.24,0,0,14,0,0,0,0,800,10000,0,4,0,0,0,6,6,6,6,301,Barricade Shield,0,0,0
31140900,Great Turtle Shell,Cold,67,Medium Shield,ShieldNormal,1.015,strike,strike,79,67,0,0,0,0.36,0,0.24,0,0,14,0,0,0,0,900,10000,0,4,0,0,0,6,6,6,6,301,Barricade Shield,0,0,0
31141000,Great Turtle Shell,Poison,67,Medium Shield,ShieldNormal,1.015,strike,strike,79,0,0,0,0,0.38,0,0,0,0.3,14,0,0,0,0,1000,10013,0,0,0,0,0,6,6,6,6,301,Barricade Shield,0,0,0
31141100,Great Turtle Shell,Blood,67,Medium Shield,ShieldNormal,1.015,strike,strike,79,0,0,0,0,0.38,0,0,0,0.3,14,0,0,0,0,1100,10013,0,0,0,0,0,6,6,6,6,301,Barricade Shield,0,0,0
31141200,Great Turtle Shell,Occult,67,Medium Shield,ShieldNormal,1.015,strike,strike,79,0,0,0,0,0.38,0,0,0,0.38,14,0,0,0,0,1200,10013,7,0,0,0,0,6,6,6,6,301,Barricade Shield,0,0,0
31170000,Shield of the Guilty,Standard,65,Small Shield,ShieldSmall,1,strike,strike,75,0,0,0,0,0.4,0,0,0,0,8,0,0,0,0,8000,10000,0,0,0,0,0,6,6,6,6,300,Shield Bash,0,0,0
31170100,Shield of the Guilty,Heavy,65,Small Shield,ShieldSmall,1,strike,strike,73,0,0,0,0,0.36,0,0,0,0,8,0,0,0,0,100,10000,1,0,0,0,0,6,6,6,6,300,Shield Bash,0,0,0
31170200,Shield of the Guilty,Keen,65,Small Shield,ShieldSmall,1,strike,strike,73,0,0,0,0,0.08,0.32,0,0,0,8,0,0,0,0,200,10000,2,0,0,0,0,6,6,6,6,300,Shield Bash,0,0,0
31170300,Shield of the Guilty,Quality,65,Small Shield,ShieldSmall,1,strike,strike,73,0,0,0,0,0.4,0.4,0,0,0,8,0,0,0,0,300,10000,8,0,0,0,0,6,6,6,6,300,Shield Bash,0,0,0
31170400,Shield of the Guilty,Fire,65,Small Shield,ShieldSmall,1,strike,strike,73,0,73,0,0,0.28,0.12,0,0,0,8,0,0,0,0,400,10005,0,0,4,0,0,6,6,6,6,300,Shield Bash,0,0,0
31170500,Shield of the Guilty,Flame Art,65,Small Shield,ShieldSmall,1,strike,strike,73,0,73,0,0,0.14,0,0,0.24,0,8,0,0,0,0,500,10000,0,0,4,0,0,6,6,6,6,300,Shield Bash,0,0,0
31170600,Shield of the Guilty,Lightning,65,Small Shield,ShieldSmall,1,strike,strike,73,0,0,73,0,0.08,0.28,0,0,0,8,0,0,0,0,600,10000,0,0,0,4,0,6,6,6,6,300,Shield Bash,0,0,0
31170700,Shield of the Guilty,Sacred,65,Small Shield,ShieldSmall,1,strike,strike,73,0,0,0,73,0.18,0,0,0.24,0,8,0,0,0,0,700,10000,0,0,0,0,4,6,6,6,6,300,Shield Bash,0,0,0
31170800,Shield of the Guilty,Magic,65,Small Shield,ShieldSmall,1,strike,strike,73,73,0,0,0,0.16,0,0.24,0,0,8,0,0,0,0,800,10000,0,4,0,0,0,6,6,6,6,300,Shield Bash,0,0,0
31170900,Shield of the Guilty,Cold,65,Small Shield,ShieldSmall,1,strike,strike,73,62,0,0,0,0.36,0,0.24,0,0,8,0,0,0,0,900,10000,0,4,0,0,0,6,6,6,6,300,Shield Bash,0,0,0
31171000,Shield of the Guilty,Poison,65,Small Shield,ShieldSmall,1,strike,strike,73,0,0,0,0,0.38,0,0,0,0.3,8,0,0,0,0,1000,10013,0,0,0,0,0,6,6,6,6,300,Shield Bash,0,0,0
31171100,Shield of the Guilty,Blood,65,Small Shield,ShieldSmall,1,strike,strike,73,0,0,0,0,0.38,0,0,0,0.3,8,0,0,0,0,1100,10013,0,0,0,0,0,6,6,6,6,300,Shield Bash,0,0,0
31171200,Shield of the Guilty,Occult,65,Small Shield,ShieldSmall,1,strike,strike,73,0,0,0,0,0.38,0,0,0,0.38,8,0,0,0,0,1200,10013,7,0,0,0,0,6,6,6,6,300,Shield Bash,0,0,0
31190000,Carian Knight's Shield,Standard,67,Medium Shield,ShieldNormal,0.93,strike,strike,63,40,0,0,0,0.4,0,0.3,0,0,10,10,15,0,0,8100,10000,0,4,0,0,0,6,6,6,6,10,No Skill,0,0,0
31190100,Carian Knight's Shield,Heavy,67,Medium Shield,ShieldNormal,0.93,strike,strike,61,32,0,0,0,0.38,0,0.14,0,0,10,10,15,0,0,100,10000,1,4,0,0,0,6,6,6,6,10,No Skill,0,0,0
31190200,Carian Knight's Shield,Keen,67,Medium Shield,ShieldNormal,0.93,strike,strike,61,32,0,0,0,0.14,0.35,0.14,0,0,10,10,15,0,0,200,10000,2,4,0,0,0,6,6,6,6,10,No Skill,0,0,0
31190300,Carian Knight's Shield,Quality,67,Medium Shield,ShieldNormal,0.93,strike,strike,61,32,0,0,0,0.44,0.44,0.14,0,0,10,10,15,0,0,300,10000,8,4,0,0,0,6,6,6,6,10,No Skill,0,0,0
31190400,Carian Knight's Shield,Fire,67,Medium Shield,ShieldNormal,0.93,strike,strike,61,32,61,0,0,0.35,0.07,0.14,0,0,10,10,15,0,0,400,10005,0,4,4,0,0,6,6,6,6,10,No Skill,0,0,0
31190500,Carian Knight's Shield,Flame Art,67,Medium Shield,ShieldNormal,0.93,strike,strike,61,32,61,0,0,0.08,0,0.14,0.42,0,10,10,15,0,0,500,10000,0,4,4,0,0,6,6,6,6,10,No Skill,0,0,0
31190600,Carian Knight's Shield,Lightning,67,Medium Shield,ShieldNormal,0.93,strike,strike,61,32,0,61,0,0.14,0.33,0.14,0,0,10,10,15,0,0,600,10000,0,4,0,4,0,6,6,6,6,10,No Skill,0,0,0
31190700,Carian Knight's Shield,Sacred,67,Medium Shield,ShieldNormal,0.93,strike,strike,61,32,0,0,61,0.08,0,0.14,0.42,0,10,10,15,0,0,700,10000,0,4,0,0,4,6,6,6,6,10,No Skill,0,0,0
31190800,Carian Knight's Shield,Magic,67,Medium Shield,ShieldNormal,0.93,strike,strike,61,81,0,0,0,0.04,0,0.38,0,0,10,10,15,0,0,800,10000,0,4,0,0,0,6,6,6,6,10,No Skill,0,0,0
31190900,Carian Knight's Shield,Cold,67,Medium Shield,ShieldNormal,0.93,strike,strike,61,81,0,0,0,0.36,0,0.42,0,0,10,10,15,0,0,900,10000,0,4,0,0,0,6,6,6,6,10,No Skill,0,0,0
31191000,Carian Knight's Shield,Poison,67,Medium Shield,ShieldNormal,0.93,strike,strike,61,32,0,0,0,0.38,0,0.14,0,0.3,10,10,15,0,0,1000,10013,0,4,0,0,0,6,6,6,6,10,No Skill,0,0,0
31191100,Carian Knight's Shield,Blood,67,Medium Shield,ShieldNormal,0.93,strike,strike,61,32,0,0,0,0.38,0,0.14,0,0.3,10,10,15,0,0,1100,10013,0,4,0,0,0,6,6,6,6,10,No Skill,0,0,0
31191200,Carian Knight's Shield,Occult,67,Medium Shield,ShieldNormal,0.93,strike,strike,61,32,0,0,0,0.38,0,0.14,0,0.56,10,10,15,0,0,1200,10013,7,4,0,0,0,6,6,6,6,10,No Skill,0,0,0
31230000,Large Leather Shield,Standard,67,Medium Shield,ShieldNormal,0.9,strike,strike,75,0,0,0,0,0.4,0,0,0,0,8,0,0,0,0,8100,10000,0,0,0,0,0,6,6,6,6,302,Parry,0,0,0
31230100,Large Leather Shield,Heavy,67,Medium Shield,ShieldNormal,0.9,strike,strike,73,0,0,0,0,0.36,0,0,0,0,8,0,0,0,0,100,10000,1,0,0,0,0,6,6,6,6,302,Parry,0,0,0
31230200,Large Leather Shield,Keen,67,Medium Shield,ShieldNormal,0.9,strike,strike,73,0,0,0,0,0.08,0.32,0,0,0,8,0,0,0,0,200,10000,2,0,0,0,0,6,6,6,6,302,Parry,0,0,0
31230300,Large Leather Shield,Quality,67,Medium Shield,ShieldNormal,0.9,strike,strike,73,0,0,0,0,0.4,0.4,0,0,0,8,0,0,0,0,300,10000,8,0,0,0,0,6,6,6,6,302,Parry,0,0,0
31230400,Large Leather Shield,Fire,67,Medium Shield,ShieldNormal,0.9,strike,strike,73,0,73,0,0,0.28,0.12,0,0,0,8,0,0,0,0,400,10005,0,0,4,0,0,6,6,6,6,302,Parry,0,0,0
31230500,Large Leather Shield,Flame Art,67,Medium Shield,ShieldNormal,0.9,strike,strike,73,0,73,0,0,0.14,0,0,0.24,0,8,0,0,0,0,500,10000,0,0,4,0,0,6,6,6,6,302,Parry,0,0,0
31230600,Large Leather Shield,Lightning,67,Medium Shield,ShieldNormal,0.9,strike,strike,73,0,0,73,0,0.08,0.28,0,0,0,8,0,0,0,0,600,10000,0,0,0,4,0,6,6,6,6,302,Parry,0,0,0
31230700,Large Leather Shield,Sacred,67,Medium Shield,ShieldNormal,0.9,strike,strike,73,0,0,0,73,0.18,0,0,0.24,0,8,0,0,0,0,700,10000,0,0,0,0,4,6,6,6,6,302,Parry,0,0,0
31230800,Large Leather Shield,Magic,67,Medium Shield,ShieldNormal,0.9,strike,strike,73,73,0,0,0,0.16,0,0.24,0,0,8,0,0,0,0,800,10000,0,4,0,0,0,6,6,6,6,302,Parry,0,0,0
31230900,Large Leather Shield,Cold,67,Medium Shield,ShieldNormal,0.9,strike,strike,73,62,0,0,0,0.36,0,0.24,0,0,8,0,0,0,0,900,10000,0,4,0,0,0,6,6,6,6,302,Parry,0,0,0
31231000,Large Leather Shield,Poison,67,Medium Shield,ShieldNormal,0.9,strike,strike,73,0,0,0,0,0.38,0,0,0,0.3,8,0,0,0,0,1000,10013,0,0,0,0,0,6,6,6,6,302,Parry,0,0,0
31231100,Large Leather Shield,Blood,67,Medium Shield,ShieldNormal,0.9,strike,strike,73,0,0,0,0,0.38,0,0,0,0.3,8,0,0,0,0,1100,10013,0,0,0,0,0,6,6,6,6,302,Parry,0,0,0
31231200,Large Leather Shield,Occult,67,Medium Shield,ShieldNormal,0.9,strike,strike,73,0,0,0,0,0.38,0,0,0,0.38,8,0,0,0,0,1200,10013,7,0,0,0,0,6,6,6,6,302,Parry,0,0,0
31240000,Horse Crest Wooden Shield,Standard,67,Medium Shield,ShieldNormal,0.935,strike,strike,76,0,0,0,0,0.4,0,0,0,0,8,0,0,0,0,8100,10000,0,0,0,0,0,6,6,6,6,10,No Skill,0,0,0
31240100,Horse Crest Wooden Shield,Heavy,67,Medium Shield,ShieldNormal,0.935,strike,strike,74,0,0,0,0,0.36,0,0,0,0,8,0,0,0,0,100,10000,1,0,0,0,0,6,6,6,6,10,No Skill,0,0,0
31240200,Horse Crest Wooden Shield,Keen,67,Medium Shield,ShieldNormal,0.935,strike,strike,74,0,0,0,0,0.08,0.32,0,0,0,8,0,0,0,0,200,10000,2,0,0,0,0,6,6,6,6,10,No Skill,0,0,0
31240300,Horse Crest Wooden Shield,Quality,67,Medium Shield,ShieldNormal,0.935,strike,strike,74,0,0,0,0,0.4,0.4,0,0,0,8,0,0,0,0,300,10000,8,0,0,0,0,6,6,6,6,10,No Skill,0,0,0
31240400,Horse Crest Wooden Shield,Fire,67,Medium Shield,ShieldNormal,0.935,strike,strike,74,0,74,0,0,0.28,0.12,0,0,0,8,0,0,0,0,400,10005,0,0,4,0,0,6,6,6,6,10,No Skill,0,0,0
31240500,Horse Crest Wooden Shield,Flame Art,67,Medium Shield,ShieldNormal,0.935,strike,strike,74,0,74,0,0,0.14,0,0,0.24,0,8,0,0,0,0,500,10000,0,0,4,0,0,6,6,6,6,10,No Skill,0,0,0
31240600,Horse Crest Wooden Shield,Lightning,67,Medium Shield,ShieldNormal,0.935,strike,strike,74,0,0,74,0,0.08,0.28,0,0,0,8,0,0,0,0,600,10000,0,0,0,4,0,6,6,6,6,10,No Skill,0,0,0
31240700,Horse Crest Wooden Shield,Sacred,67,Medium Shield,ShieldNormal,0.935,strike,strike,74,0,0,0,74,0.18,0,0,0.24,0,8,0,0,0,0,700,10000,0,0,0,0,4,6,6,6,6,10,No Skill,0,0,0
31240800,Horse Crest Wooden Shield,Magic,67,Medium Shield,ShieldNormal,0.935,strike,strike,74,74,0,0,0,0.16,0,0.24,0,0,8,0,0,0,0,800,10000,0,4,0,0,0,6,6,6,6,10,No Skill,0,0,0
31240900,Horse Crest Wooden Shield,Cold,67,Medium Shield,ShieldNormal,0.935,strike,strike,74,63,0,0,0,0.36,0,0.24,0,0,8,0,0,0,0,900,10000,0,4,0,0,0,6,6,6,6,10,No Skill,0,0,0
31241000,Horse Crest Wooden Shield,Poison,67,Medium Shield,ShieldNormal,0.935,strike,strike,74,0,0,0,0,0.38,0,0,0,0.3,8,0,0,0,0,1000,10013,0,0,0,0,0,6,6,6,6,10,No Skill,0,0,0
31241100,Horse Crest Wooden Shield,Blood,67,Medium Shield,ShieldNormal,0.935,strike,strike,74,0,0,0,0,0.38,0,0,0,0.3,8,0,0,0,0,1100,10013,0,0,0,0,0,6,6,6,6,10,No Skill,0,0,0
31241200,Horse Crest Wooden Shield,Occult,67,Medium Shield,ShieldNormal,0.935,strike,strike,74,0,0,0,0,0.38,0,0,0,0.38,8,0,0,0,0,1200,10013,7,0,0,0,0,6,6,6,6,10,No Skill,0,0,0
31250000,Candletree Wooden Shield,Standard,67,Medium Shield,ShieldNormal,0.935,strike,strike,76,0,0,0,0,0.4,0,0,0,0,8,0,0,0,0,8100,10000,0,0,0,0,0,6,6,6,6,302,Parry,0,0,0
31250100,Candletree Wooden Shield,Heavy,67,Medium Shield,ShieldNormal,0.935,strike,strike,74,0,0,0,0,0.36,0,0,0,0,8,0,0,0,0,100,10000,1,0,0,0,0,6,6,6,6,302,Parry,0,0,0
31250200,Candletree Wooden Shield,Keen,67,Medium Shield,ShieldNormal,0.935,strike,strike,74,0,0,0,0,0.08,0.32,0,0,0,8,0,0,0,0,200,10000,2,0,0,0,0,6,6,6,6,302,Parry,0,0,0
31250300,Candletree Wooden Shield,Quality,67,Medium Shield,ShieldNormal,0.935,strike,strike,74,0,0,0,0,0.4,0.4,0,0,0,8,0,0,0,0,300,10000,8,0,0,0,0,6,6,6,6,302,Parry,0,0,0
31250400,Candletree Wooden Shield,Fire,67,Medium Shield,ShieldNormal,0.935,strike,strike,74,0,74,0,0,0.28,0.12,0,0,0,8,0,0,0,0,400,10005,0,0,4,0,0,6,6,6,6,302,Parry,0,0,0
31250500,Candletree Wooden Shield,Flame Art,67,Medium Shield,ShieldNormal,0.935,strike,strike,74,0,74,0,0,0.14,0,0,0.24,0,8,0,0,0,0,500,10000,0,0,4,0,0,6,6,6,6,302,Parry,0,0,0
31250600,Candletree Wooden Shield,Lightning,67,Medium Shield,ShieldNormal,0.935,strike,strike,74,0,0,74,0,0.08,0.28,0,0,0,8,0,0,0,0,600,10000,0,0,0,4,0,6,6,6,6,302,Parry,0,0,0
31250700,Candletree Wooden Shield,Sacred,67,Medium Shield,ShieldNormal,0.935,strike,strike,74,0,0,0,74,0.18,0,0,0.24,0,8,0,0,0,0,700,10000,0,0,0,0,4,6,6,6,6,302,Parry,0,0,0
31250800,Candletree Wooden Shield,Magic,67,Medium Shield,ShieldNormal,0.935,strike,strike,74,74,0,0,0,0.16,0,0.24,0,0,8,0,0,0,0,800,10000,0,4,0,0,0,6,6,6,6,302,Parry,0,0,0
31250900,Candletree Wooden Shield,Cold,67,Medium Shield,ShieldNormal,0.935,strike,strike,74,63,0,0,0,0.36,0,0.24,0,0,8,0,0,0,0,900,10000,0,4,0,0,0,6,6,6,6,302,Parry,0,0,0
31251000,Candletree Wooden Shield,Poison,67,Medium Shield,ShieldNormal,0.935,strike,strike,74,0,0,0,0,0.38,0,0,0,0.3,8,0,0,0,0,1000,10013,0,0,0,0,0,6,6,6,6,302,Parry,0,0,0
31251100,Candletree Wooden Shield,Blood,67,Medium Shield,ShieldNormal,0.935,strike,strike,74,0,0,0,0,0.38,0,0,0,0.3,8,0,0,0,0,1100,10013,0,0,0,0,0,6,6,6,6,302,Parry,0,0,0
31251200,Candletree Wooden Shield,Occult,67,Medium Shield,ShieldNormal,0.935,strike,strike,74,0,0,0,0,0.38,0,0,0,0.38,8,0,0,0,0,1200,10013,7,0,0,0,0,6,6,6,6,302,Parry,0,0,0
31260000,Flame Crest Wooden Shield,Standard,67,Medium Shield,ShieldNormal,0.935,strike,strike,76,0,0,0,0,0.4,0,0,0,0,8,0,0,0,0,8100,10000,0,0,0,0,0,6,6,6,6,302,Parry,0,0,0
31260100,Flame Crest Wooden Shield,Heavy,67,Medium Shield,ShieldNormal,0.935,strike,strike,74,0,0,0,0,0.36,0,0,0,0,8,0,0,0,0,100,10000,1,0,0,0,0,6,6,6,6,302,Parry,0,0,0
31260200,Flame Crest Wooden Shield,Keen,67,Medium Shield,ShieldNormal,0.935,strike,strike,74,0,0,0,0,0.08,0.32,0,0,0,8,0,0,0,0,200,10000,2,0,0,0,0,6,6,6,6,302,Parry,0,0,0
31260300,Flame Crest Wooden Shield,Quality,67,Medium Shield,ShieldNormal,0.935,strike,strike,74,0,0,0,0,0.4,0.4,0,0,0,8,0,0,0,0,300,10000,8,0,0,0,0,6,6,6,6,302,Parry,0,0,0
31260400,Flame Crest Wooden Shield,Fire,67,Medium Shield,ShieldNormal,0.935,strike,strike,74,0,74,0,0,0.28,0.12,0,0,0,8,0,0,0,0,400,10005,0,0,4,0,0,6,6,6,6,302,Parry,0,0,0
31260500,Flame Crest Wooden Shield,Flame Art,67,Medium Shield,ShieldNormal,0.935,strike,strike,74,0,74,0,0,0.14,0,0,0.24,0,8,0,0,0,0,500,10000,0,0,4,0,0,6,6,6,6,302,Parry,0,0,0
31260600,Flame Crest Wooden Shield,Lightning,67,Medium Shield,ShieldNormal,0.935,strike,strike,74,0,0,74,0,0.08,0.28,0,0,0,8,0,0,0,0,600,10000,0,0,0,4,0,6,6,6,6,302,Parry,0,0,0
31260700,Flame Crest Wooden Shield,Sacred,67,Medium Shield,ShieldNormal,0.935,strike,strike,74,0,0,0,74,0.18,0,0,0.24,0,8,0,0,0,0,700,10000,0,0,0,0,4,6,6,6,6,302,Parry,0,0,0
31260800,Flame Crest Wooden Shield,Magic,67,Medium Shield,ShieldNormal,0.935,strike,strike,74,74,0,0,0,0.16,0,0.24,0,0,8,0,0,0,0,800,10000,0,4,0,0,0,6,6,6,6,302,Parry,0,0,0
31260900,Flame Crest Wooden Shield,Cold,67,Medium Shield,ShieldNormal,0.935,strike,strike,74,63,0,0,0,0.36,0,0.24,0,0,8,0,0,0,0,900,10000,0,4,0,0,0,6,6,6,6,302,Parry,0,0,0
31261000,Flame Crest Wooden Shield,Poison,67,Medium Shield,ShieldNormal,0.935,strike,strike,74,0,0,0,0,0.38,0,0,0,0.3,8,0,0,0,0,1000,10013,0,0,0,0,0,6,6,6,6,302,Parry,0,0,0
31261100,Flame Crest Wooden Shield,Blood,67,Medium Shield,ShieldNormal,0.935,strike,strike,74,0,0,0,0,0.38,0,0,0,0.3,8,0,0,0,0,1100,10013,0,0,0,0,0,6,6,6,6,302,Parry,0,0,0
31261200,Flame Crest Wooden Shield,Occult,67,Medium Shield,ShieldNormal,0.935,strike,strike,74,0,0,0,0,0.38,0,0,0,0.38,8,0,0,0,0,1200,10013,7,0,0,0,0,6,6,6,6,302,Parry,0,0,0
31270000,Hawk Crest Wooden Shield,Standard,67,Medium Shield,ShieldNormal,0.935,strike,strike,76,0,0,0,0,0.4,0,0,0,0,8,0,0,0,0,8100,10000,0,0,0,0,0,6,6,6,6,302,Parry,0,0,0
31270100,Hawk Crest Wooden Shield,Heavy,67,Medium Shield,ShieldNormal,0.935,strike,strike,74,0,0,0,0,0.36,0,0,0,0,8,0,0,0,0,100,10000,1,0,0,0,0,6,6,6,6,302,Parry,0,0,0
31270200,Hawk Crest Wooden Shield,Keen,67,Medium Shield,ShieldNormal,0.935,strike,strike,74,0,0,0,0,0.08,0.32,0,0,0,8,0,0,0,0,200,10000,2,0,0,0,0,6,6,6,6,302,Parry,0,0,0
31270300,Hawk Crest Wooden Shield,Quality,67,Medium Shield,ShieldNormal,0.935,strike,strike,74,0,0,0,0,0.4,0.4,0,0,0,8,0,0,0,0,300,10000,8,0,0,0,0,6,6,6,6,302,Parry,0,0,0
31270400,Hawk Crest Wooden Shield,Fire,67,Medium Shield,ShieldNormal,0.935,strike,strike,74,0,74,0,0,0.28,0.12,0,0,0,8,0,0,0,0,400,10005,0,0,4,0,0,6,6,6,6,302,Parry,0,0,0
31270500,Hawk Crest Wooden Shield,Flame Art,67,Medium Shield,ShieldNormal,0.935,strike,strike,74,0,74,0,0,0.14,0,0,0.24,0,8,0,0,0,0,500,10000,0,0,4,0,0,6,6,6,6,302,Parry,0,0,0
31270600,Hawk Crest Wooden Shield,Lightning,67,Medium Shield,ShieldNormal,0.935,strike,strike,74,0,0,74,0,0.08,0.28,0,0,0,8,0,0,0,0,600,10000,0,0,0,4,0,6,6,6,6,302,Parry,0,0,0
31270700,Hawk Crest Wooden Shield,Sacred,67,Medium Shield,ShieldNormal,0.935,strike,strike,74,0,0,0,74,0.18,0,0,0.24,0,8,0,0,0,0,700,10000,0,0,0,0,4,6,6,6,6,302,Parry,0,0,0
31270800,Hawk Crest Wooden Shield,Magic,67,Medium Shield,ShieldNormal,0.935,strike,strike,74,74,0,0,0,0.16,0,0.24,0,0,8,0,0,0,0,800,10000,0,4,0,0,0,6,6,6,6,302,Parry,0,0,0
31270900,Hawk Crest Wooden Shield,Cold,67,Medium Shield,ShieldNormal,0.935,strike,strike,74,63,0,0,0,0.36,0,0.24,0,0,8,0,0,0,0,900,10000,0,4,0,0,0,6,6,6,6,302,Parry,0,0,0
31271000,Hawk Crest Wooden Shield,Poison,67,Medium Shield,ShieldNormal,0.935,strike,strike,74,0,0,0,0,0.38,0,0,0,0.3,8,0,0,0,0,1000,10013,0,0,0,0,0,6,6,6,6,302,Parry,0,0,0
31271100,Hawk Crest Wooden Shield,Blood,67,Medium Shield,ShieldNormal,0.935,strike,strike,74,0,0,0,0,0.38,0,0,0,0.3,8,0,0,0,0,1100,10013,0,0,0,0,0,6,6,6,6,302,Parry,0,0,0
31271200,Hawk Crest Wooden Shield,Occult,67,Medium Shield,ShieldNormal,0.935,strike,strike,74,0,0,0,0,0.38,0,0,0,0.38,8,0,0,0,0,1200,10013,7,0,0,0,0,6,6,6,6,302,Parry,0,0,0
31280000,Beast Crest Heater Shield,Standard,67,Medium Shield,ShieldNormal,0.915,strike,strike,77,0,0,0,0,0.4,0,0,0,0,10,0,0,0,0,8100,10000,0,0,0,0,0,6,6,6,6,302,Parry,0,0,0
31280100,Beast Crest Heater Shield,Heavy,67,Medium Shield,ShieldNormal,0.915,strike,strike,75,0,0,0,0,0.36,0,0,0,0,10,0,0,0,0,100,10000,1,0,0,0,0,6,6,6,6,302,Parry,0,0,0
31280200,Beast Crest Heater Shield,Keen,67,Medium Shield,ShieldNormal,0.915,strike,strike,75,0,0,0,0,0.08,0.32,0,0,0,10,0,0,0,0,200,10000,2,0,0,0,0,6,6,6,6,302,Parry,0,0,0
31280300,Beast Crest Heater Shield,Quality,67,Medium Shield,ShieldNormal,0.915,strike,strike,75,0,0,0,0,0.4,0.4,0,0,0,10,0,0,0,0,300,10000,8,0,0,0,0,6,6,6,6,302,Parry,0,0,0
31280400,Beast Crest Heater Shield,Fire,67,Medium Shield,ShieldNormal,0.915,strike,strike,75,0,75,0,0,0.28,0.12,0,0,0,10,0,0,0,0,400,10005,0,0,4,0,0,6,6,6,6,302,Parry,0,0,0
31280500,Beast Crest Heater Shield,Flame Art,67,Medium Shield,ShieldNormal,0.915,strike,strike,75,0,75,0,0,0.14,0,0,0.24,0,10,0,0,0,0,500,10000,0,0,4,0,0,6,6,6,6,302,Parry,0,0,0
31280600,Beast Crest Heater Shield,Lightning,67,Medium Shield,ShieldNormal,0.915,strike,strike,75,0,0,75,0,0.08,0.28,0,0,0,10,0,0,0,0,600,10000,0,0,0,4,0,6,6,6,6,302,Parry,0,0,0
31280700,Beast Crest Heater Shield,Sacred,67,Medium Shield,ShieldNormal,0.915,strike,strike,75,0,0,0,75,0.18,0,0,0.24,0,10,0,0,0,0,700,10000,0,0,0,0,4,6,6,6,6,302,Parry,0,0,0
31280800,Beast Crest Heater Shield,Magic,67,Medium Shield,ShieldNormal,0.915,strike,strike,75,75,0,0,0,0.16,0,0.24,0,0,10,0,0,0,0,800,10000,0,4,0,0,0,6,6,6,6,302,Parry,0,0,0
31280900,Beast Crest Heater Shield,Cold,67,Medium Shield,ShieldNormal,0.915,strike,strike,75,64,0,0,0,0.36,0,0.24,0,0,10,0,0,0,0,900,10000,0,4,0,0,0,6,6,6,6,302,Parry,0,0,0
31281000,Beast Crest Heater Shield,Poison,67,Medium Shield,ShieldNormal,0.915,strike,strike,75,0,0,0,0,0.38,0,0,0,0.3,10,0,0,0,0,1000,10013,0,0,0,0,0,6,6,6,6,302,Parry,0,0,0
31281100,Beast Crest Heater Shield,Blood,67,Medium Shield,ShieldNormal,0.915,strike,strike,75,0,0,0,0,0.38,0,0,0,0.3,10,0,0,0,0,1100,10013,0,0,0,0,0,6,6,6,6,302,Parry,0,0,0
31281200,Beast Crest Heater Shield,Occult,67,Medium Shield,ShieldNormal,0.915,strike,strike,75,0,0,0,0,0.38,0,0,0,0.38,10,0,0,0,0,1200,10013,7,0,0,0,0,6,6,6,6,302,Parry,0,0,0
31290000,Red Crest Heater Shield,Standard,67,Medium Shield,ShieldNormal,0.915,strike,strike,77,0,0,0,0,0.4,0,0,0,0,10,0,0,0,0,8100,10000,0,0,0,0,0,6,6,6,6,302,Parry,0,0,0
31290100,Red Crest Heater Shield,Heavy,67,Medium Shield,ShieldNormal,0.915,strike,strike,75,0,0,0,0,0.36,0,0,0,0,10,0,0,0,0,100,10000,1,0,0,0,0,6,6,6,6,302,Parry,0,0,0
31290200,Red Crest Heater Shield,Keen,67,Medium Shield,ShieldNormal,0.915,strike,strike,75,0,0,0,0,0.08,0.32,0,0,0,10,0,0,0,0,200,10000,2,0,0,0,0,6,6,6,6,302,Parry,0,0,0
31290300,Red Crest Heater Shield,Quality,67,Medium Shield,ShieldNormal,0.915,strike,strike,75,0,0,0,0,0.4,0.4,0,0,0,10,0,0,0,0,300,10000,8,0,0,0,0,6,6,6,6,302,Parry,0,0,0
31290400,Red Crest Heater Shield,Fire,67,Medium Shield,ShieldNormal,0.915,strike,strike,75,0,75,0,0,0.28,0.12,0,0,0,10,0,0,0,0,400,10005,0,0,4,0,0,6,6,6,6,302,Parry,0,0,0
31290500,Red Crest Heater Shield,Flame Art,67,Medium Shield,ShieldNormal,0.915,strike,strike,75,0,75,0,0,0.14,0,0,0.24,0,10,0,0,0,0,500,10000,0,0,4,0,0,6,6,6,6,302,Parry,0,0,0
31290600,Red Crest Heater Shield,Lightning,67,Medium Shield,ShieldNormal,0.915,strike,strike,75,0,0,75,0,0.08,0.28,0,0,0,10,0,0,0,0,600,10000,0,0,0,4,0,6,6,6,6,302,Parry,0,0,0
31290700,Red Crest Heater Shield,Sacred,67,Medium Shield,ShieldNormal,0.915,strike,strike,75,0,0,0,75,0.18,0,0,0.24,0,10,0,0,0,0,700,10000,0,0,0,0,4,6,6,6,6,302,Parry,0,0,0
31290800,Red Crest Heater Shield,Magic,67,Medium Shield,ShieldNormal,0.915,strike,strike,75,75,0,0,0,0.16,0,0.24,0,0,10,0,0,0,0,800,10000,0,4,0,0,0,6,6,6,6,302,Parry,0,0,0
31290900,Red Crest Heater Shield,Cold,67,Medium Shield,ShieldNormal,0.915,strike,strike,75,64,0,0,0,0.36,0,0.24,0,0,10,0,0,0,0,900,10000,0,4,0,0,0,6,6,6,6,302,Parry,0,0,0
31291000,Red Crest Heater Shield,Poison,67,Medium Shield,ShieldNormal,0.915,strike,strike,75,0,0,0,0,0.38,0,0,0,0.3,10,0,0,0,0,1000,10013,0,0,0,0,0,6,6,6,6,302,Parry,0,0,0
31291100,Red Crest Heater Shield,Blood,67,Medium Shield,ShieldNormal,0.915,strike,strike,75,0,0,0,0,0.38,0,0,0,0.3,10,0,0,0,0,1100,10013,0,0,0,0,0,6,6,6,6,302,Parry,0,0,0
31291200,Red Crest Heater Shield,Occult,67,Medium Shield,ShieldNormal,0.915,strike,strike,75,0,0,0,0,0.38,0,0,0,0.38,10,0,0,0,0,1200,10013,7,0,0,0,0,6,6,6,6,302,Parry,0,0,0
31300000,Blue Crest Heater Shield,Standard,67,Medium Shield,ShieldNormal,0.915,strike,strike,77,0,0,0,0,0.4,0,0,0,0,10,0,0,0,0,8100,10000,0,0,0,0,0,6,6,6,6,302,Parry,0,0,0
31300100,Blue Crest Heater Shield,Heavy,67,Medium Shield,ShieldNormal,0.915,strike,strike,75,0,0,0,0,0.36,0,0,0,0,10,0,0,0,0,100,10000,1,0,0,0,0,6,6,6,6,302,Parry,0,0,0
31300200,Blue Crest Heater Shield,Keen,67,Medium Shield,ShieldNormal,0.915,strike,strike,75,0,0,0,0,0.08,0.32,0,0,0,10,0,0,0,0,200,10000,2,0,0,0,0,6,6,6,6,302,Parry,0,0,0
31300300,Blue Crest Heater Shield,Quality,67,Medium Shield,ShieldNormal,0.915,strike,strike,75,0,0,0,0,0.4,0.4,0,0,0,10,0,0,0,0,300,10000,8,0,0,0,0,6,6,6,6,302,Parry,0,0,0
31300400,Blue Crest Heater Shield,Fire,67,Medium Shield,ShieldNormal,0.915,strike,strike,75,0,75,0,0,0.28,0.12,0,0,0,10,0,0,0,0,400,10005,0,0,4,0,0,6,6,6,6,302,Parry,0,0,0
31300500,Blue Crest Heater Shield,Flame Art,67,Medium Shield,ShieldNormal,0.915,strike,strike,75,0,75,0,0,0.14,0,0,0.24,0,10,0,0,0,0,500,10000,0,0,4,0,0,6,6,6,6,302,Parry,0,0,0
31300600,Blue Crest Heater Shield,Lightning,67,Medium Shield,ShieldNormal,0.915,strike,strike,75,0,0,75,0,0.08,0.28,0,0,0,10,0,0,0,0,600,10000,0,0,0,4,0,6,6,6,6,302,Parry,0,0,0
31300700,Blue Crest Heater Shield,Sacred,67,Medium Shield,ShieldNormal,0.915,strike,strike,75,0,0,0,75,0.18,0,0,0.24,0,10,0,0,0,0,700,10000,0,0,0,0,4,6,6,6,6,302,Parry,0,0,0
31300800,Blue Crest Heater Shield,Magic,67,Medium Shield,ShieldNormal,0.915,strike,strike,75,75,0,0,0,0.16,0,0.24,0,0,10,0,0,0,0,800,10000,0,4,0,0,0,6,6,6,6,302,Parry,0,0,0
31300900,Blue Crest Heater Shield,Cold,67,Medium Shield,ShieldNormal,0.915,strike,strike,75,64,0,0,0,0.36,0,0.24,0,0,10,0,0,0,0,900,10000,0,4,0,0,0,6,6,6,6,302,Parry,0,0,0
31301000,Blue Crest Heater Shield,Poison,67,Medium Shield,ShieldNormal,0.915,strike,strike,75,0,0,0,0,0.38,0,0,0,0.3,10,0,0,0,0,1000,10013,0,0,0,0,0,6,6,6,6,302,Parry,0,0,0
31301100,Blue Crest Heater Shield,Blood,67,Medium Shield,ShieldNormal,0.915,strike,strike,75,0,0,0,0,0.38,0,0,0,0.3,10,0,0,0,0,1100,10013,0,0,0,0,0,6,6,6,6,302,Parry,0,0,0
31301200,Blue Crest Heater Shield,Occult,67,Medium Shield,ShieldNormal,0.915,strike,strike,75,0,0,0,0,0.38,0,0,0,0.38,10,0,0,0,0,1200,10013,7,0,0,0,0,6,6,6,6,302,Parry,0,0,0
31310000,Eclipse Crest Heater Shield,Standard,67,Medium Shield,ShieldNormal,0.915,strike,strike,77,0,0,0,0,0.4,0,0,0,0,10,0,0,0,0,8100,10000,0,0,0,0,0,6,6,6,6,10,No Skill,0,0,0
31310100,Eclipse Crest Heater Shield,Heavy,67,Medium Shield,ShieldNormal,0.915,strike,strike,75,0,0,0,0,0.36,0,0,0,0,10,0,0,0,0,100,10000,1,0,0,0,0,6,6,6,6,10,No Skill,0,0,0
31310200,Eclipse Crest Heater Shield,Keen,67,Medium Shield,ShieldNormal,0.915,strike,strike,75,0,0,0,0,0.08,0.32,0,0,0,10,0,0,0,0,200,10000,2,0,0,0,0,6,6,6,6,10,No Skill,0,0,0
31310300,Eclipse Crest Heater Shield,Quality,67,Medium Shield,ShieldNormal,0.915,strike,strike,75,0,0,0,0,0.4,0.4,0,0,0,10,0,0,0,0,300,10000,8,0,0,0,0,6,6,6,6,10,No Skill,0,0,0
31310400,Eclipse Crest Heater Shield,Fire,67,Medium Shield,ShieldNormal,0.915,strike,strike,75,0,75,0,0,0.28,0.12,0,0,0,10,0,0,0,0,400,10005,0,0,4,0,0,6,6,6,6,10,No Skill,0,0,0
31310500,Eclipse Crest Heater Shield,Flame Art,67,Medium Shield,ShieldNormal,0.915,strike,strike,75,0,75,0,0,0.14,0,0,0.24,0,10,0,0,0,0,500,10000,0,0,4,0,0,6,6,6,6,10,No Skill,0,0,0
31310600,Eclipse Crest Heater Shield,Lightning,67,Medium Shield,ShieldNormal,0.915,strike,strike,75,0,0,75,0,0.08,0.28,0,0,0,10,0,0,0,0,600,10000,0,0,0,4,0,6,6,6,6,10,No Skill,0,0,0
31310700,Eclipse Crest Heater Shield,Sacred,67,Medium Shield,ShieldNormal,0.915,strike,strike,75,0,0,0,75,0.18,0,0,0.24,0,10,0,0,0,0,700,10000,0,0,0,0,4,6,6,6,6,10,No Skill,0,0,0
31310800,Eclipse Crest Heater Shield,Magic,67,Medium Shield,ShieldNormal,0.915,strike,strike,75,75,0,0,0,0.16,0,0.24,0,0,10,0,0,0,0,800,10000,0,4,0,0,0,6,6,6,6,10,No Skill,0,0,0
31310900,Eclipse Crest Heater Shield,Cold,67,Medium Shield,ShieldNormal,0.915,strike,strike,75,64,0,0,0,0.36,0,0.24,0,0,10,0,0,0,0,900,10000,0,4,0,0,0,6,6,6,6,10,No Skill,0,0,0
31311000,Eclipse Crest Heater Shield,Poison,67,Medium Shield,ShieldNormal,0.915,strike,strike,75,0,0,0,0,0.38,0,0,0,0.3,10,0,0,0,0,1000,10013,0,0,0,0,0,6,6,6,6,10,No Skill,0,0,0
31311100,Eclipse Crest Heater Shield,Blood,67,Medium Shield,ShieldNormal,0.915,strike,strike,75,0,0,0,0,0.38,0,0,0,0.3,10,0,0,0,0,1100,10013,0,0,0,0,0,6,6,6,6,10,No Skill,0,0,0
31311200,Eclipse Crest Heater Shield,Occult,67,Medium Shield,ShieldNormal,0.915,strike,strike,75,0,0,0,0,0.38,0,0,0,0.38,10,0,0,0,0,1200,10013,7,0,0,0,0,6,6,6,6,10,No Skill,0,0,0
31320000,Inverted Hawk Heater Shield,Standard,67,Medium Shield,ShieldNormal,0.915,strike,strike,77,0,0,0,0,0.4,0,0,0,0,10,0,0,0,0,8100,10000,0,0,0,0,0,6,6,6,6,302,Parry,0,0,0
31320100,Inverted Hawk Heater Shield,Heavy,67,Medium Shield,ShieldNormal,0.915,strike,strike,75,0,0,0,0,0.36,0,0,0,0,10,0,0,0,0,100,10000,1,0,0,0,0,6,6,6,6,302,Parry,0,0,0
31320200,Inverted Hawk Heater Shield,Keen,67,Medium Shield,ShieldNormal,0.915,strike,strike,75,0,0,0,0,0.08,0.32,0,0,0,10,0,0,0,0,200,10000,2,0,0,0,0,6,6,6,6,302,Parry,0,0,0
31320300,Inverted Hawk Heater Shield,Quality,67,Medium Shield,ShieldNormal,0.915,strike,strike,75,0,0,0,0,0.4,0.4,0,0,0,10,0,0,0,0,300,10000,8,0,0,0,0,6,6,6,6,302,Parry,0,0,0
31320400,Inverted Hawk Heater Shield,Fire,67,Medium Shield,ShieldNormal,0.915,strike,strike,75,0,75,0,0,0.28,0.12,0,0,0,10,0,0,0,0,400,10005,0,0,4,0,0,6,6,6,6,302,Parry,0,0,0
31320500,Inverted Hawk Heater Shield,Flame Art,67,Medium Shield,ShieldNormal,0.915,strike,strike,75,0,75,0,0,0.14,0,0,0.24,0,10,0,0,0,0,500,10000,0,0,4,0,0,6,6,6,6,302,Parry,0,0,0
31320600,Inverted Hawk Heater Shield,Lightning,67,Medium Shield,ShieldNormal,0.915,strike,strike,75,0,0,75,0,0.08,0.28,0,0,0,10,0,0,0,0,600,10000,0,0,0,4,0,6,6,6,6,302,Parry,0,0,0
31320700,Inverted Hawk Heater Shield,Sacred,67,Medium Shield,ShieldNormal,0.915,strike,strike,75,0,0,0,75,0.18,0,0,0.24,0,10,0,0,0,0,700,10000,0,0,0,0,4,6,6,6,6,302,Parry,0,0,0
31320800,Inverted Hawk Heater Shield,Magic,67,Medium Shield,ShieldNormal,0.915,strike,strike,75,75,0,0,0,0.16,0,0.24,0,0,10,0,0,0,0,800,10000,0,4,0,0,0,6,6,6,6,302,Parry,0,0,0
31320900,Inverted Hawk Heater Shield,Cold,67,Medium Shield,ShieldNormal,0.915,strike,strike,75,64,0,0,0,0.36,0,0.24,0,0,10,0,0,0,0,900,10000,0,4,0,0,0,6,6,6,6,302,Parry,0,0,0
31321000,Inverted Hawk Heater Shield,Poison,67,Medium Shield,ShieldNormal,0.915,strike,strike,75,0,0,0,0,0.38,0,0,0,0.3,10,0,0,0,0,1000,10013,0,0,0,0,0,6,6,6,6,302,Parry,0,0,0
31321100,Inverted Hawk Heater Shield,Blood,67,Medium Shield,ShieldNormal,0.915,strike,strike,75,0,0,0,0,0.38,0,0,0,0.3,10,0,0,0,0,1100,10013,0,0,0,0,0,6,6,6,6,302,Parry,0,0,0
31321200,Inverted Hawk Heater Shield,Occult,67,Medium Shield,ShieldNormal,0.915,strike,strike,75,0,0,0,0,0.38,0,0,0,0.38,10,0,0,0,0,1200,10013,7,0,0,0,0,6,6,6,6,302,Parry,0,0,0
31330000,Heater Shield,Standard,67,Medium Shield,ShieldNormal,0.915,strike,strike,77,0,0,0,0,0.4,0,0,0,0,10,0,0,0,0,8100,10000,0,0,0,0,0,6,6,6,6,302,Parry,0,0,0
31330100,Heater Shield,Heavy,67,Medium Shield,ShieldNormal,0.915,strike,strike,75,0,0,0,0,0.36,0,0,0,0,10,0,0,0,0,100,10000,1,0,0,0,0,6,6,6,6,302,Parry,0,0,0
31330200,Heater Shield,Keen,67,Medium Shield,ShieldNormal,0.915,strike,strike,75,0,0,0,0,0.08,0.32,0,0,0,10,0,0,0,0,200,10000,2,0,0,0,0,6,6,6,6,302,Parry,0,0,0
31330300,Heater Shield,Quality,67,Medium Shield,ShieldNormal,0.915,strike,strike,75,0,0,0,0,0.4,0.4,0,0,0,10,0,0,0,0,300,10000,8,0,0,0,0,6,6,6,6,302,Parry,0,0,0
31330400,Heater Shield,Fire,67,Medium Shield,ShieldNormal,0.915,strike,strike,75,0,75,0,0,0.28,0.12,0,0,0,10,0,0,0,0,400,10005,0,0,4,0,0,6,6,6,6,302,Parry,0,0,0
31330500,Heater Shield,Flame Art,67,Medium Shield,ShieldNormal,0.915,strike,strike,75,0,75,0,0,0.14,0,0,0.24,0,10,0,0,0,0,500,10000,0,0,4,0,0,6,6,6,6,302,Parry,0,0,0
31330600,Heater Shield,Lightning,67,Medium Shield,ShieldNormal,0.915,strike,strike,75,0,0,75,0,0.08,0.28,0,0,0,10,0,0,0,0,600,10000,0,0,0,4,0,6,6,6,6,302,Parry,0,0,0
31330700,Heater Shield,Sacred,67,Medium Shield,ShieldNormal,0.915,strike,strike,75,0,0,0,75,0.18,0,0,0.24,0,10,0,0,0,0,700,10000,0,0,0,0,4,6,6,6,6,302,Parry,0,0,0
31330800,Heater Shield,Magic,67,Medium Shield,ShieldNormal,0.915,strike,strike,75,75,0,0,0,0.16,0,0.24,0,0,10,0,0,0,0,800,10000,0,4,0,0,0,6,6,6,6,302,Parry,0,0,0
31330900,Heater Shield,Cold,67,Medium Shield,ShieldNormal,0.915,strike,strike,75,64,0,0,0,0.36,0,0.24,0,0,10,0,0,0,0,900,10000,0,4,0,0,0,6,6,6,6,302,Parry,0,0,0
31331000,Heater Shield,Poison,67,Medium Shield,ShieldNormal,0.915,strike,strike,75,0,0,0,0,0.38,0,0,0,0.3,10,0,0,0,0,1000,10013,0,0,0,0,0,6,6,6,6,302,Parry,0,0,0
31331100,Heater Shield,Blood,67,Medium Shield,ShieldNormal,0.915,strike,strike,75,0,0,0,0,0.38,0,0,0,0.3,10,0,0,0,0,1100,10013,0,0,0,0,0,6,6,6,6,302,Parry,0,0,0
31331200,Heater Shield,Occult,67,Medium Shield,ShieldNormal,0.915,strike,strike,75,0,0,0,0,0.38,0,0,0,0.38,10,0,0,0,0,1200,10013,7,0,0,0,0,6,6,6,6,302,Parry,0,0,0
31340000,Black Leather Shield,Standard,67,Medium Shield,ShieldNormal,0.9,strike,strike,75,0,0,0,0,0.4,0,0,0,0,10,0,0,0,0,8100,10000,0,0,0,0,0,6,6,6,6,10,No Skill,0,0,0
31340100,Black Leather Shield,Heavy,67,Medium Shield,ShieldNormal,0.9,strike,strike,73,0,0,0,0,0.36,0,0,0,0,10,0,0,0,0,100,10000,1,0,0,0,0,6,6,6,6,10,No Skill,0,0,0
31340200,Black Leather Shield,Keen,67,Medium Shield,ShieldNormal,0.9,strike,strike,73,0,0,0,0,0.08,0.32,0,0,0,10,0,0,0,0,200,10000,2,0,0,0,0,6,6,6,6,10,No Skill,0,0,0
31340300,Black Leather Shield,Quality,67,Medium Shield,ShieldNormal,0.9,strike,strike,73,0,0,0,0,0.4,0.4,0,0,0,10,0,0,0,0,300,10000,8,0,0,0,0,6,6,6,6,10,No Skill,0,0,0
31340400,Black Leather Shield,Fire,67,Medium Shield,ShieldNormal,0.9,strike,strike,73,0,73,0,0,0.28,0.12,0,0,0,10,0,0,0,0,400,10005,0,0,4,0,0,6,6,6,6,10,No Skill,0,0,0
31340500,Black Leather Shield,Flame Art,67,Medium Shield,ShieldNormal,0.9,strike,strike,73,0,73,0,0,0.14,0,0,0.24,0,10,0,0,0,0,500,10000,0,0,4,0,0,6,6,6,6,10,No Skill,0,0,0
31340600,Black Leather Shield,Lightning,67,Medium Shield,ShieldNormal,0.9,strike,strike,73,0,0,73,0,0.08,0.28,0,0,0,10,0,0,0,0,600,10000,0,0,0,4,0,6,6,6,6,10,No Skill,0,0,0
31340700,Black Leather Shield,Sacred,67,Medium Shield,ShieldNormal,0.9,strike,strike,73,0,0,0,73,0.18,0,0,0.24,0,10,0,0,0,0,700,10000,0,0,0,0,4,6,6,6,6,10,No Skill,0,0,0
31340800,Black Leather Shield,Magic,67,Medium Shield,ShieldNormal,0.9,strike,strike,73,73,0,0,0,0.16,0,0.24,0,0,10,0,0,0,0,800,10000,0,4,0,0,0,6,6,6,6,10,No Skill,0,0,0
31340900,Black Leather Shield,Cold,67,Medium Shield,ShieldNormal,0.9,strike,strike,73,62,0,0,0,0.36,0,0.24,0,0,10,0,0,0,0,900,10000,0,4,0,0,0,6,6,6,6,10,No Skill,0,0,0
31341000,Black Leather Shield,Poison,67,Medium Shield,ShieldNormal,0.9,strike,strike,73,0,0,0,0,0.38,0,0,0,0.3,10,0,0,0,0,1000,10013,0,0,0,0,0,6,6,6,6,10,No Skill,0,0,0
31341100,Black Leather Shield,Blood,67,Medium Shield,ShieldNormal,0.9,strike,strike,73,0,0,0,0,0.38,0,0,0,0.3,10,0,0,0,0,1100,10013,0,0,0,0,0,6,6,6,6,10,No Skill,0,0,0
31341200,Black Leather Shield,Occult,67,Medium Shield,ShieldNormal,0.9,strike,strike,73,0,0,0,0,0.38,0,0,0,0.38,10,0,0,0,0,1200,10013,7,0,0,0,0,6,6,6,6,10,No Skill,0,0,0
31500000,Messmer Soldier Shield,Standard,67,Medium Shield,ShieldNormal,1,strike,strike,80,0,0,0,0,0.4,0,0,0,0,10,0,0,0,0,8100,10000,0,0,0,0,0,6,6,6,6,10,No Skill,0,0,0
31500100,Messmer Soldier Shield,Heavy,67,Medium Shield,ShieldNormal,1,strike,strike,78,0,0,0,0,0.36,0,0,0,0,10,0,0,0,0,100,10000,1,0,0,0,0,6,6,6,6,10,No Skill,0,0,0
31500200,Messmer Soldier Shield,Keen,67,Medium Shield,ShieldNormal,1,strike,strike,78,0,0,0,0,0.08,0.32,0,0,0,10,0,0,0,0,200,10000,2,0,0,0,0,6,6,6,6,10,No Skill,0,0,0
31500300,Messmer Soldier Shield,Quality,67,Medium Shield,ShieldNormal,1,strike,strike,78,0,0,0,0,0.4,0.4,0,0,0,10,0,0,0,0,300,10000,8,0,0,0,0,6,6,6,6,10,No Skill,0,0,0
31500400,Messmer Soldier Shield,Fire,67,Medium Shield,ShieldNormal,1,strike,strike,78,0,78,0,0,0.28,0.12,0,0,0,10,0,0,0,0,400,10005,0,0,4,0,0,6,6,6,6,10,No Skill,0,0,0
31500500,Messmer Soldier Shield,Flame Art,67,Medium Shield,ShieldNormal,1,strike,strike,78,0,78,0,0,0.14,0,0,0.24,0,10,0,0,0,0,500,10000,0,0,4,0,0,6,6,6,6,10,No Skill,0,0,0
31500600,Messmer Soldier Shield,Lightning,67,Medium Shield,ShieldNormal,1,strike,strike,78,0,0,78,0,0.08,0.28,0,0,0,10,0,0,0,0,600,10000,0,0,0,4,0,6,6,6,6,10,No Skill,0,0,0
31500700,Messmer Soldier Shield,Sacred,67,Medium Shield,ShieldNormal,1,strike,strike,78,0,0,0,78,0.18,0,0,0.24,0,10,0,0,0,0,700,10000,0,0,0,0,4,6,6,6,6,10,No Skill,0,0,0
31500800,Messmer Soldier Shield,Magic,67,Medium Shield,ShieldNormal,1,strike,strike,78,78,0,0,0,0.16,0,0.24,0,0,10,0,0,0,0,800,10000,0,4,0,0,0,6,6,6,6,10,No Skill,0,0,0
31500900,Messmer Soldier Shield,Cold,67,Medium Shield,ShieldNormal,1,strike,strike,78,66,0,0,0,0.36,0,0.24,0,0,10,0,0,0,0,900,10000,0,4,0,0,0,6,6,6,6,10,No Skill,0,0,0
31501000,Messmer Soldier Shield,Poison,67,Medium Shield,ShieldNormal,1,strike,strike,78,0,0,0,0,0.38,0,0,0,0.3,10,0,0,0,0,1000,10013,0,0,0,0,0,6,6,6,6,10,No Skill,0,0,0
31501100,Messmer Soldier Shield,Blood,67,Medium Shield,ShieldNormal,1,strike,strike,78,0,0,0,0,0.38,0,0,0,0.3,10,0,0,0,0,1100,10013,0,0,0,0,0,6,6,6,6,10,No Skill,0,0,0
31501200,Messmer Soldier Shield,Occult,67,Medium Shield,ShieldNormal,1,strike,strike,78,0,0,0,0,0.38,0,0,0,0.38,10,0,0,0,0,1200,10013,7,0,0,0,0,6,6,6,6,10,No Skill,0,0,0
31510000,Wolf Crest Shield,Standard,67,Medium Shield,ShieldNormal,1.03,strike,strike,82,0,0,0,0,0.4,0,0,0,0,12,0,0,0,0,8100,10000,0,0,0,0,0,6,6,6,6,10,No Skill,0,0,0
31510100,Wolf Crest Shield,Heavy,67,Medium Shield,ShieldNormal,1.03,strike,strike,80,0,0,0,0,0.36,0,0,0,0,12,0,0,0,0,100,10000,1,0,0,0,0,6,6,6,6,10,No Skill,0,0,0
31510200,Wolf Crest Shield,Keen,67,Medium Shield,ShieldNormal,1.03,strike,strike,80,0,0,0,0,0.08,0.32,0,0,0,12,0,0,0,0,200,10000,2,0,0,0,0,6,6,6,6,10,No Skill,0,0,0
31510300,Wolf Crest Shield,Quality,67,Medium Shield,ShieldNormal,1.03,strike,strike,80,0,0,0,0,0.4,0.4,0,0,0,12,0,0,0,0,300,10000,8,0,0,0,0,6,6,6,6,10,No Skill,0,0,0
31510400,Wolf Crest Shield,Fire,67,Medium Shield,ShieldNormal,1.03,strike,strike,80,0,80,0,0,0.28,0.12,0,0,0,12,0,0,0,0,400,10005,0,0,4,0,0,6,6,6,6,10,No Skill,0,0,0
31510500,Wolf Crest Shield,Flame Art,67,Medium Shield,ShieldNormal,1.03,strike,strike,80,0,80,0,0,0.14,0,0,0.24,0,12,0,0,0,0,500,10000,0,0,4,0,0,6,6,6,6,10,No Skill,0,0,0
31510600,Wolf Crest Shield,Lightning,67,Medium Shield,ShieldNormal,1.03,strike,strike,80,0,0,80,0,0.08,0.28,0,0,0,12,0,0,0,0,600,10000,0,0,0,4,0,6,6,6,6,10,No Skill,0,0,0
31510700,Wolf Crest Shield,Sacred,67,Medium Shield,ShieldNormal,1.03,strike,strike,80,0,0,0,80,0.18,0,0,0.24,0,12,0,0,0,0,700,10000,0,0,0,0,4,6,6,6,6,10,No Skill,0,0,0
31510800,Wolf Crest Shield,Magic,67,Medium Shield,ShieldNormal,1.03,strike,strike,80,80,0,0,0,0.16,0,0.24,0,0,12,0,0,0,0,800,10000,0,4,0,0,0,6,6,6,6,10,No Skill,0,0,0
31510900,Wolf Crest Shield,Cold,67,Medium Shield,ShieldNormal,1.03,strike,strike,80,68,0,0,0,0.36,0,0.24,0,0,12,0,0,0,0,900,10000,0,4,0,0,0,6,6,6,6,10,No Skill,0,0,0
31511000,Wolf Crest Shield,Poison,67,Medium Shield,ShieldNormal,1.03,strike,strike,80,0,0,0,0,0.38,0,0,0,0.3,12,0,0,0,0,1000,10013,0,0,0,0,0,6,6,6,6,10,No Skill,0,0,0
31511100,Wolf Crest Shield,Blood,67,Medium Shield,ShieldNormal,1.03,strike,strike,80,0,0,0,0,0.38,0,0,0,0.3,12,0,0,0,0,1100,10013,0,0,0,0,0,6,6,6,6,10,No Skill,0,0,0
31511200,Wolf Crest Shield,Occult,67,Medium Shield,ShieldNormal,1.03,strike,strike,80,0,0,0,0,0.38,0,0,0,0.38,12,0,0,0,0,1200,10013,7,0,0,0,0,6,6,6,6,10,No Skill,0,0,0
31520000,Serpent Crest Shield,Standard,67,Medium Shield,ShieldNormal,1.03,strike,strike,82,0,0,0,0,0.4,0,0,0,0,12,0,0,0,0,8100,10000,0,0,0,0,0,6,6,6,6,10,No Skill,0,0,0
31520100,Serpent Crest Shield,Heavy,67,Medium Shield,ShieldNormal,1.03,strike,strike,80,0,0,0,0,0.36,0,0,0,0,12,0,0,0,0,100,10000,1,0,0,0,0,6,6,6,6,10,No Skill,0,0,0
31520200,Serpent Crest Shield,Keen,67,Medium Shield,ShieldNormal,1.03,strike,strike,80,0,0,0,0,0.08,0.32,0,0,0,12,0,0,0,0,200,10000,2,0,0,0,0,6,6,6,6,10,No Skill,0,0,0
31520300,Serpent Crest Shield,Quality,67,Medium Shield,ShieldNormal,1.03,strike,strike,80,0,0,0,0,0.4,0.4,0,0,0,12,0,0,0,0,300,10000,8,0,0,0,0,6,6,6,6,10,No Skill,0,0,0
31520400,Serpent Crest Shield,Fire,67,Medium Shield,ShieldNormal,1.03,strike,strike,80,0,80,0,0,0.28,0.12,0,0,0,12,0,0,0,0,400,10005,0,0,4,0,0,6,6,6,6,10,No Skill,0,0,0
31520500,Serpent Crest Shield,Flame Art,67,Medium Shield,ShieldNormal,1.03,strike,strike,80,0,80,0,0,0.14,0,0,0.24,0,12,0,0,0,0,500,10000,0,0,4,0,0,6,6,6,6,10,No Skill,0,0,0
31520600,Serpent Crest Shield,Lightning,67,Medium Shield,ShieldNormal,1.03,strike,strike,80,0,0,80,0,0.08,0.28,0,0,0,12,0,0,0,0,600,10000,0,0,0,4,0,6,6,6,6,10,No Skill,0,0,0
31520700,Serpent Crest Shield,Sacred,67,Medium Shield,ShieldNormal,1.03,strike,strike,80,0,0,0,80,0.18,0,0,0.24,0,12,0,0,0,0,700,10000,0,0,0,0,4,6,6,6,6,10,No Skill,0,0,0
31520800,Serpent Crest Shield,Magic,67,Medium Shield,ShieldNormal,1.03,strike,strike,80,80,0,0,0,0.16,0,0.24,0,0,12,0,0,0,0,800,10000,0,4,0,0,0,6,6,6,6,10,No Skill,0,0,0
31520900,Serpent Crest Shield,Cold,67,Medium Shield,ShieldNormal,1.03,strike,strike,80,68,0,0,0,0.36,0,0.24,0,0,12,0,0,0,0,900,10000,0,4,0,0,0,6,6,6,6,10,No Skill,0,0,0
31521000,Serpent Crest Shield,Poison,67,Medium Shield,ShieldNormal,1.03,strike,strike,80,0,0,0,0,0.38,0,0,0,0.3,12,0,0,0,0,1000,10013,0,0,0,0,0,6,6,6,6,10,No Skill,0,0,0
31521100,Serpent Crest Shield,Blood,67,Medium Shield,ShieldNormal,1.03,strike,strike,80,0,0,0,0,0.38,0,0,0,0.3,12,0,0,0,0,1100,10013,0,0,0,0,0,6,6,6,6,10,No Skill,0,0,0
31521200,Serpent Crest Shield,Occult,67,Medium Shield,ShieldNormal,1.03,strike,strike,80,0,0,0,0,0.38,0,0,0,0.38,12,0,0,0,0,1200,10013,7,0,0,0,0,6,6,6,6,10,No Skill,0,0,0
31530000,Golden Lion Shield,Standard,67,Medium Shield,ShieldNormal,1.015,strike,strike,81,0,0,0,0,0.6,0,0,0,0,11,0,0,0,0,8300,10000,0,0,0,0,0,6,6,6,6,5480,Roaring Bash,1,0,1
31540000,Silver Grooved Shield,Standard,67,Medium Shield,ShieldNormal,0.915,strike,strike,61,0,0,0,0,0.4,0,0,0,0,9,12,0,0,0,8100,10000,0,0,0,0,0,6,6,6,6,10,No Skill,0,0,0
31540100,Silver Grooved Shield,Heavy,67,Medium Shield,ShieldNormal,0.915,strike,strike,59,0,0,0,0,0.36,0,0,0,0,9,12,0,0,0,100,10000,1,0,0,0,0,6,6,6,6,10,No Skill,0,0,0
31540200,Silver Grooved Shield,Keen,67,Medium Shield,ShieldNormal,0.915,strike,strike,59,0,0,0,0,0.08,0.32,0,0,0,9,12,0,0,0,200,10000,2,0,0,0,0,6,6,6,6,10,No Skill,0,0,0
31540300,Silver Grooved Shield,Quality,67,Medium Shield,ShieldNormal,0.915,strike,strike,59,0,0,0,0,0.4,0.4,0,0,0,9,12,0,0,0,300,10000,8,0,0,0,0,6,6,6,6,10,No Skill,0,0,0
31540400,Silver Grooved Shield,Fire,67,Medium Shield,ShieldNormal,0.915,strike,strike,59,0,59,0,0,0.28,0.12,0,0,0,9,12,0,0,0,400,10005,0,0,4,0,0,6,6,6,6,10,No Skill,0,0,0
31540500,Silver Grooved Shield,Flame Art,67,Medium Shield,ShieldNormal,0.915,strike,strike,59,0,59,0,0,0.14,0,0,0.24,0,9,12,0,0,0,500,10000,0,0,4,0,0,6,6,6,6,10,No Skill,0,0,0
31540600,Silver Grooved Shield,Lightning,67,Medium Shield,ShieldNormal,0.915,strike,strike,59,0,0,59,0,0.08,0.28,0,0,0,9,12,0,0,0,600,10000,0,0,0,4,0,6,6,6,6,10,No Skill,0,0,0
31540700,Silver Grooved Shield,Sacred,67,Medium Shield,ShieldNormal,0.915,strike,strike,59,0,0,0,59,0.18,0,0,0.24,0,9,12,0,0,0,700,10000,0,0,0,0,4,6,6,6,6,10,No Skill,0,0,0
31540800,Silver Grooved Shield,Magic,67,Medium Shield,ShieldNormal,0.915,strike,strike,59,59,0,0,0,0.16,0,0.24,0,0,9,12,0,0,0,800,10000,0,4,0,0,0,6,6,6,6,10,No Skill,0,0,0
31540900,Silver Grooved Shield,Cold,67,Medium Shield,ShieldNormal,0.915,strike,strike,59,50,0,0,0,0.36,0,0.24,0,0,9,12,0,0,0,900,10000,0,4,0,0,0,6,6,6,6,10,No Skill,0,0,0
31541000,Silver Grooved Shield,Poison,67,Medium Shield,ShieldNormal,0.915,strike,strike,59,0,0,0,0,0.38,0,0,0,0.3,9,12,0,0,0,1000,10013,0,0,0,0,0,6,6,6,6,10,No Skill,0,0,0
31541100,Silver Grooved Shield,Blood,67,Medium Shield,ShieldNormal,0.915,strike,strike,59,0,0,0,0,0.38,0,0,0,0.3,9,12,0,0,0,1100,10013,0,0,0,0,0,6,6,6,6,10,No Skill,0,0,0
31541200,Silver Grooved Shield,Occult,67,Medium Shield,ShieldNormal,0.915,strike,strike,59,0,0,0,0,0.38,0,0,0,0.38,9,12,0,0,0,1200,10013,7,0,0,0,0,6,6,6,6,10,No Skill,0,0,0
32000000,Dragon Towershield,Standard,69,Greatshield,ShieldLarge,1.045,strike,strike,115,0,0,0,0,0.5,0,0,0,0,30,0,0,0,0,8200,10000,0,0,0,0,0,6,6,6,6,300,Shield Bash,0,0,0
32000100,Dragon Towershield,Heavy,69,Greatshield,ShieldLarge,1.045,strike,strike,111,0,0,0,0,0.42,0,0,0,0,30,0,0,0,0,100,10000,1,0,0,0,0,6,6,6,6,300,Shield Bash,0,0,0
32000200,Dragon Towershield,Keen,69,Greatshield,ShieldLarge,1.045,strike,strike,111,0,0,0,0,0.1,0.37,0,0,0,30,0,0,0,0,200,10000,2,0,0,0,0,6,6,6,6,300,Shield Bash,0,0,0
32000300,Dragon Towershield,Quality,69,Greatshield,ShieldLarge,1.045,strike,strike,111,0,0,0,0,0.47,0.47,0,0,0,30,0,0,0,0,300,10000,8,0,0,0,0,6,6,6,6,300,Shield Bash,0,0,0
32000400,Dragon Towershield,Fire,69,Greatshield,ShieldLarge,1.045,strike,strike,111,0,111,0,0,0.27,0.1,0,0,0,30,0,0,0,0,400,10005,0,0,4,0,0,6,6,6,6,300,Shield Bash,0,0,0
32000500,Dragon Towershield,Flame Art,69,Greatshield,ShieldLarge,1.045,strike,strike,111,0,111,0,0,0.2,0,0,0.22,0,30,0,0,0,0,500,10000,0,0,4,0,0,6,6,6,6,300,Shield Bash,0,0,0
32000600,Dragon Towershield,Lightning,69,Greatshield,ShieldLarge,1.045,strike,strike,111,0,0,111,0,0.1,0.27,0,0,0,30,0,0,0,0,600,10000,0,0,0,4,0,6,6,6,6,300,Shield Bash,0,0,0
32000700,Dragon Towershield,Sacred,69,Greatshield,ShieldLarge,1.045,strike,strike,111,0,0,0,111,0.2,0,0,0.22,0,30,0,0,0,0,700,10000,0,0,0,0,4,6,6,6,6,300,Shield Bash,0,0,0
32000800,Dragon Towershield,Magic,69,Greatshield,ShieldLarge,1.045,strike,strike,111,111,0,0,0,0.15,0,0.2,0,0,30,0,0,0,0,800,10000,0,4,0,0,0,6,6,6,6,300,Shield Bash,0,0,0
32000900,Dragon Towershield,Cold,69,Greatshield,ShieldLarge,1.045,strike,strike,111,89,0,0,0,0.45,0,0.17,0,0,30,0,0,0,0,900,10000,0,4,0,0,0,6,6,6,6,300,Shield Bash,0,0,0
32001000,Dragon Towershield,Poison,69,Greatshield,ShieldLarge,1.045,strike,strike,111,0,0,0,0,0.47,0,0,0,0.3,30,0,0,0,0,1000,10013,0,0,0,0,0,6,6,6,6,300,Shield Bash,0,0,0
32001100,Dragon Towershield,Blood,69,Greatshield,ShieldLarge,1.045,strike,strike,111,0,0,0,0,0.47,0,0,0,0.3,30,0,0,0,0,1100,10013,0,0,0,0,0,6,6,6,6,300,Shield Bash,0,0,0
32001200,Dragon Towershield,Occult,69,Greatshield,ShieldLarge,1.045,strike,strike,111,0,0,0,0,0.47,0,0,0,0.45,30,0,0,0,0,1200,10013,7,0,0,0,0,6,6,6,6,300,Shield Bash,0,0,0
32020000,Distinguished Greatshield,Standard,69,Greatshield,ShieldLarge,1.07,strike,strike,112,0,0,0,0,0.5,0,0,0,0,32,0,0,0,0,8200,10000,0,0,0,0,0,6,6,6,6,10,No Skill,0,0,0
32020100,Distinguished Greatshield,Heavy,69,Greatshield,ShieldLarge,1.07,strike,strike,108,0,0,0,0,0.42,0,0,0,0,32,0,0,0,0,100,10000,1,0,0,0,0,6,6,6,6,10,No Skill,0,0,0
32020200,Distinguished Greatshield,Keen,69,Greatshield,ShieldLarge,1.07,strike,strike,108,0,0,0,0,0.1,0.37,0,0,0,32,0,0,0,0,200,10000,2,0,0,0,0,6,6,6,6,10,No Skill,0,0,0
32020300,Distinguished Greatshield,Quality,69,Greatshield,ShieldLarge,1.07,strike,strike,108,0,0,0,0,0.47,0.47,0,0,0,32,0,0,0,0,300,10000,8,0,0,0,0,6,6,6,6,10,No Skill,0,0,0
32020400,Distinguished Greatshield,Fire,69,Greatshield,ShieldLarge,1.07,strike,strike,108,0,108,0,0,0.27,0.1,0,0,0,32,0,0,0,0,400,10005,0,0,4,0,0,6,6,6,6,10,No Skill,0,0,0
32020500,Distinguished Greatshield,Flame Art,69,Greatshield,ShieldLarge,1.07,strike,strike,108,0,108,0,0,0.2,0,0,0.22,0,32,0,0,0,0,500,10000,0,0,4,0,0,6,6,6,6,10,No Skill,0,0,0
32020600,Distinguished Greatshield,Lightning,69,Greatshield,ShieldLarge,1.07,strike,strike,108,0,0,108,0,0.1,0.27,0,0,0,32,0,0,0,0,600,10000,0,0,0,4,0,6,6,6,6,10,No Skill,0,0,0
32020700,Distinguished Greatshield,Sacred,69,Greatshield,ShieldLarge,1.07,strike,strike,108,0,0,0,108,0.2,0,0,0.22,0,32,0,0,0,0,700,10000,0,0,0,0,4,6,6,6,6,10,No Skill,0,0,0
32020800,Distinguished Greatshield,Magic,69,Greatshield,ShieldLarge,1.07,strike,strike,108,108,0,0,0,0.15,0,0.2,0,0,32,0,0,0,0,800,10000,0,4,0,0,0,6,6,6,6,10,No Skill,0,0,0
32020900,Distinguished Greatshield,Cold,69,Greatshield,ShieldLarge,1.07,strike,strike,108,86,0,0,0,0.45,0,0.17,0,0,32,0,0,0,0,900,10000,0,4,0,0,0,6,6,6,6,10,No Skill,0,0,0
32021000,Distinguished Greatshield,Poison,69,Greatshield,ShieldLarge,1.07,strike,strike,108,0,0,0,0,0.47,0,0,0,0.3,32,0,0,0,0,1000,10013,0,0,0,0,0,6,6,6,6,10,No Skill,0,0,0
32021100,Distinguished Greatshield,Blood,69,Greatshield,ShieldLarge,1.07,strike,strike,108,0,0,0,0,0.47,0,0,0,0.3,32,0,0,0,0,1100,10013,0,0,0,0,0,6,6,6,6,10,No Skill,0,0,0
32021200,Distinguished Greatshield,Occult,69,Greatshield,ShieldLarge,1.07,strike,strike,108,0,0,0,0,0.47,0,0,0,0.45,32,0,0,0,0,1200,10013,7,0,0,0,0,6,6,6,6,10,No Skill,0,0,0
32030000,Crucible Hornshield,Standard,69,Greatshield,ShieldLarge,0.935,strike,strike,123,0,0,0,0,0.5,0,0,0,0,26,0,0,0,0,8300,10000,0,0,0,0,0,6,6,6,6,300,Shield Bash,0,0,1
32040000,Dragonclaw Shield,Standard,69,Greatshield,ShieldLarge,0.97,strike,strike,99,0,0,64,0,0.4,0.2,0,0,0,28,12,0,0,0,8300,10000,0,0,0,4,0,6,6,6,6,300,Shield Bash,0,0,1
32050000,Briar Greatshield,Standard,69,Greatshield,ShieldLarge,0.9025,strike,strike,98,0,0,0,0,0.5,0,0,0,0,21,0,0,0,0,8600,10000,0,0,0,0,0,6,6,6,6,300,Shield Bash,0,0,0
32050100,Briar Greatshield,Heavy,69,Greatshield,ShieldLarge,0.9025,strike,strike,95,0,0,0,0,0.42,0,0,0,0,21,0,0,0,0,100,10000,1,0,0,0,0,6,6,6,6,300,Shield Bash,0,0,0
32050200,Briar Greatshield,Keen,69,Greatshield,ShieldLarge,0.9025,strike,strike,95,0,0,0,0,0.1,0.37,0,0,0,21,0,0,0,0,200,10000,2,0,0,0,0,6,6,6,6,300,Shield Bash,0,0,0
32050300,Briar Greatshield,Quality,69,Greatshield,ShieldLarge,0.9025,strike,strike,95,0,0,0,0,0.47,0.47,0,0,0,21,0,0,0,0,300,10000,8,0,0,0,0,6,6,6,6,300,Shield Bash,0,0,0
32050400,Briar Greatshield,Fire,69,Greatshield,ShieldLarge,0.9025,strike,strike,95,0,95,0,0,0.27,0.1,0,0,0,21,0,0,0,0,400,10005,0,0,4,0,0,6,6,6,6,300,Shield Bash,0,0,0
32050500,Briar Greatshield,Flame Art,69,Greatshield,ShieldLarge,0.9025,strike,strike,95,0,95,0,0,0.2,0,0,0.22,0,21,0,0,0,0,500,10000,0,0,4,0,0,6,6,6,6,300,Shield Bash,0,0,0
32050600,Briar Greatshield,Lightning,69,Greatshield,ShieldLarge,0.9025,strike,strike,95,0,0,95,0,0.1,0.27,0,0,0,21,0,0,0,0,600,10000,0,0,0,4,0,6,6,6,6,300,Shield Bash,0,0,0
32050700,Briar Greatshield,Sacred,69,Greatshield,ShieldLarge,0.9025,strike,strike,95,0,0,0,95,0.2,0,0,0.22,0,21,0,0,0,0,700,10000,0,0,0,0,4,6,6,6,6,300,Shield Bash,0,0,0
32050800,Briar Greatshield,Magic,69,Greatshield,ShieldLarge,0.9025,strike,strike,95,95,0,0,0,0.15,0,0.2,0,0,21,0,0,0,0,800,10000,0,4,0,0,0,6,6,6,6,300,Shield Bash,0,0,0
32050900,Briar Greatshield,Cold,69,Greatshield,ShieldLarge,0.9025,strike,strike,95,76,0,0,0,0.45,0,0.17,0,0,21,0,0,0,0,900,10000,0,4,0,0,0,6,6,6,6,300,Shield Bash,0,0,0
32051000,Briar Greatshield,Poison,69,Greatshield,ShieldLarge,0.9025,strike,strike,95,0,0,0,0,0.47,0,0,0,0.3,21,0,0,0,0,1000,10013,0,0,0,0,0,6,6,6,6,300,Shield Bash,0,0,0
32051100,Briar Greatshield,Blood,69,Greatshield,ShieldLarge,0.9025,strike,strike,95,0,0,0,0,0.47,0,0,0,0.3,21,0,0,0,0,1100,10013,0,0,0,0,0,6,6,6,6,300,Shield Bash,0,0,0
32051200,Briar Greatshield,Occult,69,Greatshield,ShieldLarge,0.9025,strike,strike,95,0,0,0,0,0.47,0,0,0,0.45,21,0,0,0,0,1200,10013,7,0,0,0,0,6,6,6,6,300,Shield Bash,0,0,0
32080000,Erdtree Greatshield,Standard,69,Greatshield,ShieldLarge,0.93,strike,strike,100,0,0,0,65,0.5,0,0,0.3,0,30,0,0,12,0,8300,10000,0,0,0,0,4,6,6,6,6,1196,Golden Retaliation,1,0,1
32090000,Golden Beast Crest Shield,Standard,69,Greatshield,ShieldLarge,0.955,strike,strike,104,0,0,0,0,0.5,0,0,0,0,24,0,0,0,0,8600,10000,0,0,0,0,0,6,6,6,6,10,No Skill,0,0,0
32090100,Golden Beast Crest Shield,Heavy,69,Greatshield,ShieldLarge,0.955,strike,strike,100,0,0,0,0,0.42,0,0,0,0,24,0,0,0,0,100,10000,1,0,0,0,0,6,6,6,6,10,No Skill,0,0,0
32090200,Golden Beast Crest Shield,Keen,69,Greatshield,ShieldLarge,0.955,strike,strike,100,0,0,0,0,0.1,0.37,0,0,0,24,0,0,0,0,200,10000,2,0,0,0,0,6,6,6,6,10,No Skill,0,0,0
32090300,Golden Beast Crest Shield,Quality,69,Greatshield,ShieldLarge,0.955,strike,strike,100,0,0,0,0,0.47,0.47,0,0,0,24,0,0,0,0,300,10000,8,0,0,0,0,6,6,6,6,10,No Skill,0,0,0
32090400,Golden Beast Crest Shield,Fire,69,Greatshield,ShieldLarge,0.955,strike,strike,100,0,100,0,0,0.27,0.1,0,0,0,24,0,0,0,0,400,10005,0,0,4,0,0,6,6,6,6,10,No Skill,0,0,0
32090500,Golden Beast Crest Shield,Flame Art,69,Greatshield,ShieldLarge,0.955,strike,strike,100,0,100,0,0,0.2,0,0,0.22,0,24,0,0,0,0,500,10000,0,0,4,0,0,6,6,6,6,10,No Skill,0,0,0
32090600,Golden Beast Crest Shield,Lightning,69,Greatshield,ShieldLarge,0.955,strike,strike,100,0,0,100,0,0.1,0.27,0,0,0,24,0,0,0,0,600,10000,0,0,0,4,0,6,6,6,6,10,No Skill,0,0,0
32090700,Golden Beast Crest Shield,Sacred,69,Greatshield,ShieldLarge,0.955,strike,strike,100,0,0,0,100,0.2,0,0,0.22,0,24,0,0,0,0,700,10000,0,0,0,0,4,6,6,6,6,10,No Skill,0,0,0
32090800,Golden Beast Crest Shield,Magic,69,Greatshield,ShieldLarge,0.955,strike,strike,100,100,0,0,0,0.15,0,0.2,0,0,24,0,0,0,0,800,10000,0,4,0,0,0,6,6,6,6,10,No Skill,0,0,0
32090900,Golden Beast Crest Shield,Cold,69,Greatshield,ShieldLarge,0.955,strike,strike,100,80,0,0,0,0.45,0,0.17,0,0,24,0,0,0,0,900,10000,0,4,0,0,0,6,6,6,6,10,No Skill,0,0,0
32091000,Golden Beast Crest Shield,Poison,69,Greatshield,ShieldLarge,0.955,strike,strike,100,0,0,0,0,0.47,0,0,0,0.3,24,0,0,0,0,1000,10013,0,0,0,0,0,6,6,6,6,10,No Skill,0,0,0
32091100,Golden Beast Crest Shield,Blood,69,Greatshield,ShieldLarge,0.955,strike,strike,100,0,0,0,0,0.47,0,0,0,0.3,24,0,0,0,0,1100,10013,0,0,0,0,0,6,6,6,6,10,No Skill,0,0,0
32091200,Golden Beast Crest Shield,Occult,69,Greatshield,ShieldLarge,0.955,strike,strike,100,0,0,0,0,0.47,0,0,0,0.45,24,0,0,0,0,1200,10013,7,0,0,0,0,6,6,6,6,10,No Skill,0,0,0
32120000,Jellyfish Shield,Standard,69,Greatshield,ShieldLarge,0.88,strike,strike,103,0,0,0,0,0.5,0,0,0,0,20,14,0,0,0,8300,10000,0,0,0,0,0,6,6,6,6,1197,Contagious Fury,1,0,1
32130000,Fingerprint Stone Shield,Standard,69,Greatshield,ShieldLarge,1.24,strike,strike,139,0,0,0,0,0.5,0,0,0,0,48,0,0,0,0,8200,10000,0,0,0,0,0,6,6,6,6,300,Shield Bash,0,0,0
32130100,Fingerprint Stone Shield,Heavy,69,Greatshield,ShieldLarge,1.24,strike,strike,134,0,0,0,0,0.42,0,0,0,0,48,0,0,0,0,100,10000,1,0,0,0,0,6,6,6,6,300,Shield Bash,0,0,0
32130200,Fingerprint Stone Shield,Keen,69,Greatshield,ShieldLarge,1.24,strike,strike,134,0,0,0,0,0.1,0.37,0,0,0,48,0,0,0,0,200,10000,2,0,0,0,0,6,6,6,6,300,Shield Bash,0,0,0
32130300,Fingerprint Stone Shield,Quality,69,Greatshield,ShieldLarge,1.24,strike,strike,134,0,0,0,0,0.47,0.47,0,0,0,48,0,0,0,0,300,10000,8,0,0,0,0,6,6,6,6,300,Shield Bash,0,0,0
32130400,Fingerprint Stone Shield,Fire,69,Greatshield,ShieldLarge,1.24,strike,strike,134,0,134,0,0,0.27,0.1,0,0,0,48,0,0,0,0,400,10005,0,0,4,0,0,6,6,6,6,300,Shield Bash,0,0,0
32130500,Fingerprint Stone Shield,Flame Art,69,Greatshield,ShieldLarge,1.24,strike,strike,134,0,134,0,0,0.2,0,0,0.22,0,48,0,0,0,0,500,10000,0,0,4,0,0,6,6,6,6,300,Shield Bash,0,0,0
32130600,Fingerprint Stone Shield,Lightning,69,Greatshield,ShieldLarge,1.24,strike,strike,134,0,0,134,0,0.1,0.27,0,0,0,48,0,0,0,0,600,10000,0,0,0,4,0,6,6,6,6,300,Shield Bash,0,0,0
32130700,Fingerprint Stone Shield,Sacred,69,Greatshield,ShieldLarge,1.24,strike,strike,134,0,0,0,134,0.2,0,0,0.22,0,48,0,0,0,0,700,10000,0,0,0,0,4,6,6,6,6,300,Shield Bash,0,0,0
32130800,Fingerprint Stone Shield,Magic,69,Greatshield,ShieldLarge,1.24,strike,strike,134,134,0,0,0,0.15,0,0.2,0,0,48,0,0,0,0,800,10000,0,4,0,0,0,6,6,6,6,300,Shield Bash,0,0,0
32130900,Fingerprint Stone Shield,Cold,69,Greatshield,ShieldLarge,1.24,strike,strike,134,107,0,0,0,0.45,0,0.17,0,0,48,0,0,0,0,900,10000,0,4,0,0,0,6,6,6,6,300,Shield Bash,0,0,0
32131000,Fingerprint Stone Shield,Poison,69,Greatshield,ShieldLarge,1.24,strike,strike,134,0,0,0,0,0.47,0,0,0,0.3,48,0,0,0,0,1000,10013,0,0,0,0,0,6,6,6,6,300,Shield Bash,0,0,0
32131100,Fingerprint Stone Shield,Blood,69,Greatshield,ShieldLarge,1.24,strike,strike,134,0,0,0,0,0.47,0,0,0,0.3,48,0,0,0,0,1100,10013,0,0,0,0,0,6,6,6,6,300,Shield Bash,0,0,0
32131200,Fingerprint Stone Shield,Occult,69,Greatshield,ShieldLarge,1.24,strike,strike,134,0,0,0,0,0.47,0,0,0,0.45,48,0,0,0,0,1200,10013,7,0,0,0,0,6,6,6,6,300,Shield Bash,0,0,0
32140000,Icon Shield,Standard,69,Greatshield,ShieldLarge,0.94,strike,strike,111,0,0,0,0,0.5,0,0,0,0,22,0,0,0,0,8300,10000,0,0,0,0,0,6,6,6,6,10,No Skill,1,0,1
32150000,One-Eyed Shield,Standard,69,Greatshield,ShieldLarge,1.09,strike,strike,146,0,0,0,0,0.5,0,0,0,0,36,0,0,0,0,8300,10000,0,0,0,0,0,6,6,6,6,1001,Flame Spit,1,0,1
32160000,Visage Shield,Standard,69,Greatshield,ShieldLarge,1.15,strike,strike,155,0,0,0,0,0.5,0,0,0,0,44,0,0,0,0,8300,10000,0,0,0,0,0,6,6,6,6,1002,Tongues of Fire,1,0,1
32170000,Spiked Palisade Shield,Standard,69,Greatshield,ShieldLarge,0.94,strike,strike,116,0,0,0,0,0.5,0,0,0,0,20,0,0,0,0,8600,10000,0,0,0,0,0,6,6,6,6,300,Shield Bash,0,0,0
32170100,Spiked Palisade Shield,Heavy,69,Greatshield,ShieldLarge,0.94,strike,strike,112,0,0,0,0,0.42,0,0,0,0,20,0,0,0,0,100,10000,1,0,0,0,0,6,6,6,6,300,Shield Bash,0,0,0
32170200,Spiked Palisade Shield,Keen,69,Greatshield,ShieldLarge,0.94,strike,strike,112,0,0,0,0,0.1,0.37,0,0,0,20,0,0,0,0,200,10000,2,0,0,0,0,6,6,6,6,300,Shield Bash,0,0,0
32170300,Spiked Palisade Shield,Quality,69,Greatshield,ShieldLarge,0.94,strike,strike,112,0,0,0,0,0.47,0.47,0,0,0,20,0,0,0,0,300,10000,8,0,0,0,0,6,6,6,6,300,Shield Bash,0,0,0
32170400,Spiked Palisade Shield,Fire,69,Greatshield,ShieldLarge,0.94,strike,strike,112,0,112,0,0,0.27,0.1,0,0,0,20,0,0,0,0,400,10005,0,0,4,0,0,6,6,6,6,300,Shield Bash,0,0,0
32170500,Spiked Palisade Shield,Flame Art,69,Greatshield,ShieldLarge,0.94,strike,strike,112,0,112,0,0,0.2,0,0,0.22,0,20,0,0,0,0,500,10000,0,0,4,0,0,6,6,6,6,300,Shield Bash,0,0,0
32170600,Spiked Palisade Shield,Lightning,69,Greatshield,ShieldLarge,0.94,strike,strike,112,0,0,112,0,0.1,0.27,0,0,0,20,0,0,0,0,600,10000,0,0,0,4,0,6,6,6,6,300,Shield Bash,0,0,0
32170700,Spiked Palisade Shield,Sacred,69,Greatshield,ShieldLarge,0.94,strike,strike,112,0,0,0,112,0.2,0,0,0.22,0,20,0,0,0,0,700,10000,0,0,0,0,4,6,6,6,6,300,Shield Bash,0,0,0
32170800,Spiked Palisade Shield,Magic,69,Greatshield,ShieldLarge,0.94,strike,strike,112,112,0,0,0,0.15,0,0.2,0,0,20,0,0,0,0,800,10000,0,4,0,0,0,6,6,6,6,300,Shield Bash,0,0,0
32170900,Spiked Palisade Shield,Cold,69,Greatshield,ShieldLarge,0.94,strike,strike,112,90,0,0,0,0.45,0,0.17,0,0,20,0,0,0,0,900,10000,0,4,0,0,0,6,6,6,6,300,Shield Bash,0,0,0
32171000,Spiked Palisade Shield,Poison,69,Greatshield,ShieldLarge,0.94,strike,strike,112,0,0,0,0,0.47,0,0,0,0.3,20,0,0,0,0,1000,10013,0,0,0,0,0,6,6,6,6,300,Shield Bash,0,0,0
32171100,Spiked Palisade Shield,Blood,69,Greatshield,ShieldLarge,0.94,strike,strike,112,0,0,0,0,0.47,0,0,0,0.3,20,0,0,0,0,1100,10013,0,0,0,0,0,6,6,6,6,300,Shield Bash,0,0,0
32171200,Spiked Palisade Shield,Occult,69,Greatshield,ShieldLarge,0.94,strike,strike,112,0,0,0,0,0.47,0,0,0,0.45,20,0,0,0,0,1200,10013,7,0,0,0,0,6,6,6,6,300,Shield Bash,0,0,0
32190000,Manor Towershield,Standard,69,Greatshield,ShieldLarge,1.015,strike,strike,111,0,0,0,0,0.5,0,0,0,0,30,0,0,0,0,8200,10000,0,0,0,0,0,6,6,6,6,300,Shield Bash,0,0,0
32190100,Manor Towershield,Heavy,69,Greatshield,ShieldLarge,1.015,strike,strike,107,0,0,0,0,0.42,0,0,0,0,30,0,0,0,0,100,10000,1,0,0,0,0,6,6,6,6,300,Shield Bash,0,0,0
32190200,Manor Towershield,Keen,69,Greatshield,ShieldLarge,1.015,strike,strike,107,0,0,0,0,0.1,0.37,0,0,0,30,0,0,0,0,200,10000,2,0,0,0,0,6,6,6,6,300,Shield Bash,0,0,0
32190300,Manor Towershield,Quality,69,Greatshield,ShieldLarge,1.015,strike,strike,107,0,0,0,0,0.47,0.47,0,0,0,30,0,0,0,0,300,10000,8,0,0,0,0,6,6,6,6,300,Shield Bash,0,0,0
32190400,Manor Towershield,Fire,69,Greatshield,ShieldLarge,1.015,strike,strike,107,0,107,0,0,0.27,0.1,0,0,0,30,0,0,0,0,400,10005,0,0,4,0,0,6,6,6,6,300,Shield Bash,0,0,0
32190500,Manor Towershield,Flame Art,69,Greatshield,ShieldLarge,1.015,strike,strike,107,0,107,0,0,0.2,0,0,0.22,0,30,0,0,0,0,500,10000,0,0,4,0,0,6,6,6,6,300,Shield Bash,0,0,0
32190600,Manor Towershield,Lightning,69,Greatshield,ShieldLarge,1.015,strike,strike,107,0,0,107,0,0.1,0.27,0,0,0,30,0,0,0,0,600,10000,0,0,0,4,0,6,6,6,6,300,Shield Bash,0,0,0
32190700,Manor Towershield,Sacred,69,Greatshield,ShieldLarge,1.015,strike,strike,107,0,0,0,107,0.2,0,0,0.22,0,30,0,0,0,0,700,10000,0,0,0,0,4,6,6,6,6,300,Shield Bash,0,0,0
32190800,Manor Towershield,Magic,69,Greatshield,ShieldLarge,1.015,strike,strike,107,107,0,0,0,0.15,0,0.2,0,0,30,0,0,0,0,800,10000,0,4,0,0,0,6,6,6,6,300,Shield Bash,0,0,0
32190900,Manor Towershield,Cold,69,Greatshield,ShieldLarge,1.015,strike,strike,107,86,0,0,0,0.45,0,0.17,0,0,30,0,0,0,0,900,10000,0,4,0,0,0,6,6,6,6,300,Shield Bash,0,0,0
32191000,Manor Towershield,Poison,69,Greatshield,ShieldLarge,1.015,strike,strike,107,0,0,0,0,0.47,0,0,0,0.3,30,0,0,0,0,1000,10013,0,0,0,0,0,6,6,6,6,300,Shield Bash,0,0,0
32191100,Manor Towershield,Blood,69,Greatshield,ShieldLarge,1.015,strike,strike,107,0,0,0,0,0.47,0,0,0,0.3,30,0,0,0,0,1100,10013,0,0,0,0,0,6,6,6,6,300,Shield Bash,0,0,0
32191200,Manor Towershield,Occult,69,Greatshield,ShieldLarge,1.015,strike,strike,107,0,0,0,0,0.47,0,0,0,0.45,30,0,0,0,0,1200,10013,7,0,0,0,0,6,6,6,6,300,Shield Bash,0,0,0
32200000,Crossed-Tree Towershield,Standard,69,Greatshield,ShieldLarge,1.015,strike,strike,111,0,0,0,0,0.5,0,0,0,0,30,0,0,0,0,8200,10000,0,0,0,0,0,6,6,6,6,300,Shield Bash,0,0,0
32200100,Crossed-Tree Towershield,Heavy,69,Greatshield,ShieldLarge,1.015,strike,strike,107,0,0,0,0,0.42,0,0,0,0,30,0,0,0,0,100,10000,1,0,0,0,0,6,6,6,6,300,Shield Bash,0,0,0
32200200,Crossed-Tree Towershield,Keen,69,Greatshield,ShieldLarge,1.015,strike,strike,107,0,0,0,0,0.1,0.37,0,0,0,30,0,0,0,0,200,10000,2,0,0,0,0,6,6,6,6,300,Shield Bash,0,0,0
32200300,Crossed-Tree Towershield,Quality,69,Greatshield,ShieldLarge,1.015,strike,strike,107,0,0,0,0,0.47,0.47,0,0,0,30,0,0,0,0,300,10000,8,0,0,0,0,6,6,6,6,300,Shield Bash,0,0,0
32200400,Crossed-Tree Towershield,Fire,69,Greatshield,ShieldLarge,1.015,strike,strike,107,0,107,0,0,0.27,0.1,0,0,0,30,0,0,0,0,400,10005,0,0,4,0,0,6,6,6,6,300,Shield Bash,0,0,0
32200500,Crossed-Tree Towershield,Flame Art,69,Greatshield,ShieldLarge,1.015,strike,strike,107,0,107,0,0,0.2,0,0,0.22,0,30,0,0,0,0,500,10000,0,0,4,0,0,6,6,6,6,300,Shield Bash,0,0,0
32200600,Crossed-Tree Towershield,Lightning,69,Greatshield,ShieldLarge,1.015,strike,strike,107,0,0,107,0,0.1,0.27,0,0,0,30,0,0,0,0,600,10000,0,0,0,4,0,6,6,6,6,300,Shield Bash,0,0,0
32200700,Crossed-Tree Towershield,Sacred,69,Greatshield,ShieldLarge,1.015,strike,strike,107,0,0,0,107,0.2,0,0,0.22,0,30,0,0,0,0,700,10000,0,0,0,0,4,6,6,6,6,300,Shield Bash,0,0,0
32200800,Crossed-Tree Towershield,Magic,69,Greatshield,ShieldLarge,1.015,strike,strike,107,107,0,0,0,0.15,0,0.2,0,0,30,0,0,0,0,800,10000,0,4,0,0,0,6,6,6,6,300,Shield Bash,0,0,0
32200900,Crossed-Tree Towershield,Cold,69,Greatshield,ShieldLarge,1.015,strike,strike,107,86,0,0,0,0.45,0,0.17,0,0,30,0,0,0,0,900,10000,0,4,0,0,0,6,6,6,6,300,Shield Bash,0,0,0
32201000,Crossed-Tree Towershield,Poison,69,Greatshield,ShieldLarge,1.015,strike,strike,107,0,0,0,0,0.47,0,0,0,0.3,30,0,0,0,0,1000,10013,0,0,0,0,0,6,6,6,6,300,Shield Bash,0,0,0
32201100,Crossed-Tree Towershield,Blood,69,Greatshield,ShieldLarge,1.015,strike,strike,107,0,0,0,0,0.47,0,0,0,0.3,30,0,0,0,0,1100,10013,0,0,0,0,0,6,6,6,6,300,Shield Bash,0,0,0
32201200,Crossed-Tree Towershield,Occult,69,Greatshield,ShieldLarge,1.015,strike,strike,107,0,0,0,0,0.47,0,0,0,0.45,30,0,0,0,0,1200,10013,7,0,0,0,0,6,6,6,6,300,Shield Bash,0,0,0
32210000,Inverted Hawk Towershield,Standard,69,Greatshield,ShieldLarge,1.015,strike,strike,111,0,0,0,0,0.5,0,0,0,0,30,0,0,0,0,8200,10000,0,0,0,0,0,6,6,6,6,300,Shield Bash,0,0,0
32210100,Inverted Hawk Towershield,Heavy,69,Greatshield,ShieldLarge,1.015,strike,strike,107,0,0,0,0,0.42,0,0,0,0,30,0,0,0,0,100,10000,1,0,0,0,0,6,6,6,6,300,Shield Bash,0,0,0
32210200,Inverted Hawk Towershield,Keen,69,Greatshield,ShieldLarge,1.015,strike,strike,107,0,0,0,0,0.1,0.37,0,0,0,30,0,0,0,0,200,10000,2,0,0,0,0,6,6,6,6,300,Shield Bash,0,0,0
32210300,Inverted Hawk Towershield,Quality,69,Greatshield,ShieldLarge,1.015,strike,strike,107,0,0,0,0,0.47,0.47,0,0,0,30,0,0,0,0,300,10000,8,0,0,0,0,6,6,6,6,300,Shield Bash,0,0,0
32210400,Inverted Hawk Towershield,Fire,69,Greatshield,ShieldLarge,1.015,strike,strike,107,0,107,0,0,0.27,0.1,0,0,0,30,0,0,0,0,400,10005,0,0,4,0,0,6,6,6,6,300,Shield Bash,0,0,0
32210500,Inverted Hawk Towershield,Flame Art,69,Greatshield,ShieldLarge,1.015,strike,strike,107,0,107,0,0,0.2,0,0,0.22,0,30,0,0,0,0,500,10000,0,0,4,0,0,6,6,6,6,300,Shield Bash,0,0,0
32210600,Inverted Hawk Towershield,Lightning,69,Greatshield,ShieldLarge,1.015,strike,strike,107,0,0,107,0,0.1,0.27,0,0,0,30,0,0,0,0,600,10000,0,0,0,4,0,6,6,6,6,300,Shield Bash,0,0,0
32210700,Inverted Hawk Towershield,Sacred,69,Greatshield,ShieldLarge,1.015,strike,strike,107,0,0,0,107,0.2,0,0,0.22,0,30,0,0,0,0,700,10000,0,0,0,0,4,6,6,6,6,300,Shield Bash,0,0,0
32210800,Inverted Hawk Towershield,Magic,69,Greatshield,ShieldLarge,1.015,strike,strike,107,107,0,0,0,0.15,0,0.2,0,0,30,0,0,0,0,800,10000,0,4,0,0,0,6,6,6,6,300,Shield Bash,0,0,0
32210900,Inverted Hawk Towershield,Cold,69,Greatshield,ShieldLarge,1.015,strike,strike,107,86,0,0,0,0.45,0,0.17,0,0,30,0,0,0,0,900,10000,0,4,0,0,0,6,6,6,6,300,Shield Bash,0,0,0
32211000,Inverted Hawk Towershield,Poison,69,Greatshield,ShieldLarge,1.015,strike,strike,107,0,0,0,0,0.47,0,0,0,0.3,30,0,0,0,0,1000,10013,0,0,0,0,0,6,6,6,6,300,Shield Bash,0,0,0
32211100,Inverted Hawk Towershield,Blood,69,Greatshield,ShieldLarge,1.015,strike,strike,107,0,0,0,0,0.47,0,0,0,0.3,30,0,0,0,0,1100,10013,0,0,0,0,0,6,6,6,6,300,Shield Bash,0,0,0
32211200,Inverted Hawk Towershield,Occult,69,Greatshield,ShieldLarge,1.015,strike,strike,107,0,0,0,0,0.47,0,0,0,0.45,30,0,0,0,0,1200,10013,7,0,0,0,0,6,6,6,6,300,Shield Bash,0,0,0
32220000,Ant's Skull Plate,Standard,69,Greatshield,ShieldLarge,0.97,strike,strike,114,0,0,0,0,0.5,0,0,0,0,28,0,0,0,0,8300,10000,0,0,0,0,0,6,6,6,6,300,Shield Bash,1,0,1
32230000,Redmane Greatshield,Standard,69,Greatshield,ShieldLarge,0.965,strike,strike,108,0,0,0,0,0.5,0,0,0,0,30,0,0,0,0,8200,10000,0,0,0,0,0,6,6,6,6,10,No Skill,0,0,0
32230100,Redmane Greatshield,Heavy,69,Greatshield,ShieldLarge,0.965,strike,strike,104,0,0,0,0,0.42,0,0,0,0,30,0,0,0,0,100,10000,1,0,0,0,0,6,6,6,6,10,No Skill,0,0,0
32230200,Redmane Greatshield,Keen,69,Greatshield,ShieldLarge,0.965,strike,strike,104,0,0,0,0,0.1,0.37,0,0,0,30,0,0,0,0,200,10000,2,0,0,0,0,6,6,6,6,10,No Skill,0,0,0
32230300,Redmane Greatshield,Quality,69,Greatshield,ShieldLarge,0.965,strike,strike,104,0,0,0,0,0.47,0.47,0,0,0,30,0,0,0,0,300,10000,8,0,0,0,0,6,6,6,6,10,No Skill,0,0,0
32230400,Redmane Greatshield,Fire,69,Greatshield,ShieldLarge,0.965,strike,strike,104,0,104,0,0,0.27,0.1,0,0,0,30,0,0,0,0,400,10005,0,0,4,0,0,6,6,6,6,10,No Skill,0,0,0
32230500,Redmane Greatshield,Flame Art,69,Greatshield,ShieldLarge,0.965,strike,strike,104,0,104,0,0,0.2,0,0,0.22,0,30,0,0,0,0,500,10000,0,0,4,0,0,6,6,6,6,10,No Skill,0,0,0
32230600,Redmane Greatshield,Lightning,69,Greatshield,ShieldLarge,0.965,strike,strike,104,0,0,104,0,0.1,0.27,0,0,0,30,0,0,0,0,600,10000,0,0,0,4,0,6,6,6,6,10,No Skill,0,0,0
32230700,Redmane Greatshield,Sacred,69,Greatshield,ShieldLarge,0.965,strike,strike,104,0,0,0,104,0.2,0,0,0.22,0,30,0,0,0,0,700,10000,0,0,0,0,4,6,6,6,6,10,No Skill,0,0,0
32230800,Redmane Greatshield,Magic,69,Greatshield,ShieldLarge,0.965,strike,strike,104,104,0,0,0,0.15,0,0.2,0,0,30,0,0,0,0,800,10000,0,4,0,0,0,6,6,6,6,10,No Skill,0,0,0
32230900,Redmane Greatshield,Cold,69,Greatshield,ShieldLarge,0.965,strike,strike,104,83,0,0,0,0.45,0,0.17,0,0,30,0,0,0,0,900,10000,0,4,0,0,0,6,6,6,6,10,No Skill,0,0,0
32231000,Redmane Greatshield,Poison,69,Greatshield,ShieldLarge,0.965,strike,strike,104,0,0,0,0,0.47,0,0,0,0.3,30,0,0,0,0,1000,10013,0,0,0,0,0,6,6,6,6,10,No Skill,0,0,0
32231100,Redmane Greatshield,Blood,69,Greatshield,ShieldLarge,0.965,strike,strike,104,0,0,0,0,0.47,0,0,0,0.3,30,0,0,0,0,1100,10013,0,0,0,0,0,6,6,6,6,10,No Skill,0,0,0
32231200,Redmane Greatshield,Occult,69,Greatshield,ShieldLarge,0.965,strike,strike,104,0,0,0,0,0.47,0,0,0,0.45,30,0,0,0,0,1200,10013,7,0,0,0,0,6,6,6,6,10,No Skill,0,0,0
32240000,Eclipse Crest Greatshield,Standard,69,Greatshield,ShieldLarge,1,strike,strike,110,0,0,0,0,0.5,0,0,0,0,32,0,0,0,0,8200,10000,0,0,0,0,0,6,6,6,6,10,No Skill,0,0,0
32240100,Eclipse Crest Greatshield,Heavy,69,Greatshield,ShieldLarge,1,strike,strike,106,0,0,0,0,0.42,0,0,0,0,32,0,0,0,0,100,10000,1,0,0,0,0,6,6,6,6,10,No Skill,0,0,0
32240200,Eclipse Crest Greatshield,Keen,69,Greatshield,ShieldLarge,1,strike,strike,106,0,0,0,0,0.1,0.37,0,0,0,32,0,0,0,0,200,10000,2,0,0,0,0,6,6,6,6,10,No Skill,0,0,0
32240300,Eclipse Crest Greatshield,Quality,69,Greatshield,ShieldLarge,1,strike,strike,106,0,0,0,0,0.47,0.47,0,0,0,32,0,0,0,0,300,10000,8,0,0,0,0,6,6,6,6,10,No Skill,0,0,0
32240400,Eclipse Crest Greatshield,Fire,69,Greatshield,ShieldLarge,1,strike,strike,106,0,106,0,0,0.27,0.1,0,0,0,32,0,0,0,0,400,10005,0,0,4,0,0,6,6,6,6,10,No Skill,0,0,0
32240500,Eclipse Crest Greatshield,Flame Art,69,Greatshield,ShieldLarge,1,strike,strike,106,0,106,0,0,0.2,0,0,0.22,0,32,0,0,0,0,500,10000,0,0,4,0,0,6,6,6,6,10,No Skill,0,0,0
32240600,Eclipse Crest Greatshield,Lightning,69,Greatshield,ShieldLarge,1,strike,strike,106,0,0,106,0,0.1,0.27,0,0,0,32,0,0,0,0,600,10000,0,0,0,4,0,6,6,6,6,10,No Skill,0,0,0
32240700,Eclipse Crest Greatshield,Sacred,69,Greatshield,ShieldLarge,1,strike,strike,106,0,0,0,106,0.2,0,0,0.22,0,32,0,0,0,0,700,10000,0,0,0,0,4,6,6,6,6,10,No Skill,0,0,0
32240800,Eclipse Crest Greatshield,Magic,69,Greatshield,ShieldLarge,1,strike,strike,106,106,0,0,0,0.15,0,0.2,0,0,32,0,0,0,0,800,10000,0,4,0,0,0,6,6,6,6,10,No Skill,0,0,0
32240900,Eclipse Crest Greatshield,Cold,69,Greatshield,ShieldLarge,1,strike,strike,106,85,0,0,0,0.45,0,0.17,0,0,32,0,0,0,0,900,10000,0,4,0,0,0,6,6,6,6,10,No Skill,0,0,0
32241000,Eclipse Crest Greatshield,Poison,69,Greatshield,ShieldLarge,1,strike,strike,106,0,0,0,0,0.47,0,0,0,0.3,32,0,0,0,0,1000,10013,0,0,0,0,0,6,6,6,6,10,No Skill,0,0,0
32241100,Eclipse Crest Greatshield,Blood,69,Greatshield,ShieldLarge,1,strike,strike,106,0,0,0,0,0.47,0,0,0,0.3,32,0,0,0,0,1100,10013,0,0,0,0,0,6,6,6,6,10,No Skill,0,0,0
32241200,Eclipse Crest Greatshield,Occult,69,Greatshield,ShieldLarge,1,strike,strike,106,0,0,0,0,0.47,0,0,0,0.45,32,0,0,0,0,1200,10013,7,0,0,0,0,6,6,6,6,10,No Skill,0,0,0
32250000,Cuckoo Greatshield,Standard,69,Greatshield,ShieldLarge,1,strike,strike,110,0,0,0,0,0.5,0,0,0,0,32,0,0,0,0,8200,10000,0,0,0,0,0,6,6,6,6,10,No Skill,0,0,0
32250100,Cuckoo Greatshield,Heavy,69,Greatshield,ShieldLarge,1,strike,strike,106,0,0,0,0,0.42,0,0,0,0,32,0,0,0,0,100,10000,1,0,0,0,0,6,6,6,6,10,No Skill,0,0,0
32250200,Cuckoo Greatshield,Keen,69,Greatshield,ShieldLarge,1,strike,strike,106,0,0,0,0,0.1,0.37,0,0,0,32,0,0,0,0,200,10000,2,0,0,0,0,6,6,6,6,10,No Skill,0,0,0
32250300,Cuckoo Greatshield,Quality,69,Greatshield,ShieldLarge,1,strike,strike,106,0,0,0,0,0.47,0.47,0,0,0,32,0,0,0,0,300,10000,8,0,0,0,0,6,6,6,6,10,No Skill,0,0,0
32250400,Cuckoo Greatshield,Fire,69,Greatshield,ShieldLarge,1,strike,strike,106,0,106,0,0,0.27,0.1,0,0,0,32,0,0,0,0,400,10005,0,0,4,0,0,6,6,6,6,10,No Skill,0,0,0
32250500,Cuckoo Greatshield,Flame Art,69,Greatshield,ShieldLarge,1,strike,strike,106,0,106,0,0,0.2,0,0,0.22,0,32,0,0,0,0,500,10000,0,0,4,0,0,6,6,6,6,10,No Skill,0,0,0
32250600,Cuckoo Greatshield,Lightning,69,Greatshield,ShieldLarge,1,strike,strike,106,0,0,106,0,0.1,0.27,0,0,0,32,0,0,0,0,600,10000,0,0,0,4,0,6,6,6,6,10,No Skill,0,0,0
32250700,Cuckoo Greatshield,Sacred,69,Greatshield,ShieldLarge,1,strike,strike,106,0,0,0,106,0.2,0,0,0.22,0,32,0,0,0,0,700,10000,0,0,0,0,4,6,6,6,6,10,No Skill,0,0,0
32250800,Cuckoo Greatshield,Magic,69,Greatshield,ShieldLarge,1,strike,strike,106,106,0,0,0,0.15,0,0.2,0,0,32,0,0,0,0,800,10000,0,4,0,0,0,6,6,6,6,10,No Skill,0,0,0
32250900,Cuckoo Greatshield,Cold,69,Greatshield,ShieldLarge,1,strike,strike,106,85,0,0,0,0.45,0,0.17,0,0,32,0,0,0,0,900,10000,0,4,0,0,0,6,6,6,6,10,No Skill,0,0,0
32251000,Cuckoo Greatshield,Poison,69,Greatshield,ShieldLarge,1,strike,strike,106,0,0,0,0,0.47,0,0,0,0.3,32,0,0,0,0,1000,10013,0,0,0,0,0,6,6,6,6,10,No Skill,0,0,0
32251100,Cuckoo Greatshield,Blood,69,Greatshield,ShieldLarge,1,strike,strike,106,0,0,0,0,0.47,0,0,0,0.3,32,0,0,0,0,1100,10013,0,0,0,0,0,6,6,6,6,10,No Skill,0,0,0
32251200,Cuckoo Greatshield,Occult,69,Greatshield,ShieldLarge,1,strike,strike,106,0,0,0,0,0.47,0,0,0,0.45,32,0,0,0,0,1200,10013,7,0,0,0,0,6,6,6,6,10,No Skill,0,0,0
32260000,Golden Greatshield,Standard,69,Greatshield,ShieldLarge,1.03,strike,strike,113,0,0,0,0,0.5,0,0,0,0,34,0,0,0,0,8200,10000,0,0,0,0,0,6,6,6,6,10,No Skill,0,0,0
32260100,Golden Greatshield,Heavy,69,Greatshield,ShieldLarge,1.03,strike,strike,109,0,0,0,0,0.42,0,0,0,0,34,0,0,0,0,100,10000,1,0,0,0,0,6,6,6,6,10,No Skill,0,0,0
32260200,Golden Greatshield,Keen,69,Greatshield,ShieldLarge,1.03,strike,strike,109,0,0,0,0,0.1,0.37,0,0,0,34,0,0,0,0,200,10000,2,0,0,0,0,6,6,6,6,10,No Skill,0,0,0
32260300,Golden Greatshield,Quality,69,Greatshield,ShieldLarge,1.03,strike,strike,109,0,0,0,0,0.47,0.47,0,0,0,34,0,0,0,0,300,10000,8,0,0,0,0,6,6,6,6,10,No Skill,0,0,0
32260400,Golden Greatshield,Fire,69,Greatshield,ShieldLarge,1.03,strike,strike,109,0,109,0,0,0.27,0.1,0,0,0,34,0,0,0,0,400,10005,0,0,4,0,0,6,6,6,6,10,No Skill,0,0,0
32260500,Golden Greatshield,Flame Art,69,Greatshield,ShieldLarge,1.03,strike,strike,109,0,109,0,0,0.2,0,0,0.22,0,34,0,0,0,0,500,10000,0,0,4,0,0,6,6,6,6,10,No Skill,0,0,0
32260600,Golden Greatshield,Lightning,69,Greatshield,ShieldLarge,1.03,strike,strike,109,0,0,109,0,0.1,0.27,0,0,0,34,0,0,0,0,600,10000,0,0,0,4,0,6,6,6,6,10,No Skill,0,0,0
32260700,Golden Greatshield,Sacred,69,Greatshield,ShieldLarge,1.03,strike,strike,109,0,0,0,109,0.2,0,0,0.22,0,34,0,0,0,0,700,10000,0,0,0,0,4,6,6,6,6,10,No Skill,0,0,0
32260800,Golden Greatshield,Magic,69,Greatshield,ShieldLarge,1.03,strike,strike,109,109,0,0,0,0.15,0,0.2,0,0,34,0,0,0,0,800,10000,0,4,0,0,0,6,6,6,6,10,No Skill,0,0,0
32260900,Golden Greatshield,Cold,69,Greatshield,ShieldLarge,1.03,strike,strike,109,87,0,0,0,0.45,0,0.17,0,0,34,0,0,0,0,900,10000,0,4,0,0,0,6,6,6,6,10,No Skill,0,0,0
32261000,Golden Greatshield,Poison,69,Greatshield,ShieldLarge,1.03,strike,strike,109,0,0,0,0,0.47,0,0,0,0.3,34,0,0,0,0,1000,10013,0,0,0,0,0,6,6,6,6,10,No Skill,0,0,0
32261100,Golden Greatshield,Blood,69,Greatshield,ShieldLarge,1.03,strike,strike,109,0,0,0,0,0.47,0,0,0,0.3,34,0,0,0,0,1100,10013,0,0,0,0,0,6,6,6,6,10,No Skill,0,0,0
32261200,Golden Greatshield,Occult,69,Greatshield,ShieldLarge,1.03,strike,strike,109,0,0,0,0,0.47,0,0,0,0.45,34,0,0,0,0,1200,10013,7,0,0,0,0,6,6,6,6,10,No Skill,0,0,0
32270000,Gilded Greatshield,Standard,69,Greatshield,ShieldLarge,1.045,strike,strike,115,0,0,0,0,0.5,0,0,0,0,36,0,0,0,0,8200,10000,0,0,0,0,0,6,6,6,6,10,No Skill,0,0,0
32270100,Gilded Greatshield,Heavy,69,Greatshield,ShieldLarge,1.045,strike,strike,111,0,0,0,0,0.42,0,0,0,0,36,0,0,0,0,100,10000,1,0,0,0,0,6,6,6,6,10,No Skill,0,0,0
32270200,Gilded Greatshield,Keen,69,Greatshield,ShieldLarge,1.045,strike,strike,111,0,0,0,0,0.1,0.37,0,0,0,36,0,0,0,0,200,10000,2,0,0,0,0,6,6,6,6,10,No Skill,0,0,0
32270300,Gilded Greatshield,Quality,69,Greatshield,ShieldLarge,1.045,strike,strike,111,0,0,0,0,0.47,0.47,0,0,0,36,0,0,0,0,300,10000,8,0,0,0,0,6,6,6,6,10,No Skill,0,0,0
32270400,Gilded Greatshield,Fire,69,Greatshield,ShieldLarge,1.045,strike,strike,111,0,111,0,0,0.27,0.1,0,0,0,36,0,0,0,0,400,10005,0,0,4,0,0,6,6,6,6,10,No Skill,0,0,0
32270500,Gilded Greatshield,Flame Art,69,Greatshield,ShieldLarge,1.045,strike,strike,111,0,111,0,0,0.2,0,0,0.22,0,36,0,0,0,0,500,10000,0,0,4,0,0,6,6,6,6,10,No Skill,0,0,0
32270600,Gilded Greatshield,Lightning,69,Greatshield,ShieldLarge,1.045,strike,strike,111,0,0,111,0,0.1,0.27,0,0,0,36,0,0,0,0,600,10000,0,0,0,4,0,6,6,6,6,10,No Skill,0,0,0
32270700,Gilded Greatshield,Sacred,69,Greatshield,ShieldLarge,1.045,strike,strike,111,0,0,0,111,0.2,0,0,0.22,0,36,0,0,0,0,700,10000,0,0,0,0,4,6,6,6,6,10,No Skill,0,0,0
32270800,Gilded Greatshield,Magic,69,Greatshield,ShieldLarge,1.045,strike,strike,111,111,0,0,0,0.15,0,0.2,0,0,36,0,0,0,0,800,10000,0,4,0,0,0,6,6,6,6,10,No Skill,0,0,0
32270900,Gilded Greatshield,Cold,69,Greatshield,ShieldLarge,1.045,strike,strike,111,89,0,0,0,0.45,0,0.17,0,0,36,0,0,0,0,900,10000,0,4,0,0,0,6,6,6,6,10,No Skill,0,0,0
32271000,Gilded Greatshield,Poison,69,Greatshield,ShieldLarge,1.045,strike,strike,111,0,0,0,0,0.47,0,0,0,0.3,36,0,0,0,0,1000,10013,0,0,0,0,0,6,6,6,6,10,No Skill,0,0,0
32271100,Gilded Greatshield,Blood,69,Greatshield,ShieldLarge,1.045,strike,strike,111,0,0,0,0,0.47,0,0,0,0.3,36,0,0,0,0,1100,10013,0,0,0,0,0,6,6,6,6,10,No Skill,0,0,0
32271200,Gilded Greatshield,Occult,69,Greatshield,ShieldLarge,1.045,strike,strike,111,0,0,0,0,0.47,0,0,0,0.45,36,0,0,0,0,1200,10013,7,0,0,0,0,6,6,6,6,10,No Skill,0,0,0
32280000,Haligtree Crest Greatshield,Standard,69,Greatshield,ShieldLarge,1.1,strike,strike,116,0,0,0,0,0.5,0,0,0,0,36,0,0,0,0,8200,10000,0,0,0,0,0,6,6,6,6,10,No Skill,0,0,0
32280100,Haligtree Crest Greatshield,Heavy,69,Greatshield,ShieldLarge,1.1,strike,strike,112,0,0,0,0,0.42,0,0,0,0,36,0,0,0,0,100,10000,1,0,0,0,0,6,6,6,6,10,No Skill,0,0,0
32280200,Haligtree Crest Greatshield,Keen,69,Greatshield,ShieldLarge,1.1,strike,strike,112,0,0,0,0,0.1,0.37,0,0,0,36,0,0,0,0,200,10000,2,0,0,0,0,6,6,6,6,10,No Skill,0,0,0
32280300,Haligtree Crest Greatshield,Quality,69,Greatshield,ShieldLarge,1.1,strike,strike,112,0,0,0,0,0.47,0.47,0,0,0,36,0,0,0,0,300,10000,8,0,0,0,0,6,6,6,6,10,No Skill,0,0,0
32280400,Haligtree Crest Greatshield,Fire,69,Greatshield,ShieldLarge,1.1,strike,strike,112,0,112,0,0,0.27,0.1,0,0,0,36,0,0,0,0,400,10005,0,0,4,0,0,6,6,6,6,10,No Skill,0,0,0
32280500,Haligtree Crest Greatshield,Flame Art,69,Greatshield,ShieldLarge,1.1,strike,strike,112,0,112,0,0,0.2,0,0,0.22,0,36,0,0,0,0,500,10000,0,0,4,0,0,6,6,6,6,10,No Skill,0,0,0
32280600,Haligtree Crest Greatshield,Lightning,69,Greatshield,ShieldLarge,1.1,strike,strike,112,0,0,112,0,0.1,0.27,0,0,0,36,0,0,0,0,600,10000,0,0,0,4,0,6,6,6,6,10,No Skill,0,0,0
32280700,Haligtree Crest Greatshield,Sacred,69,Greatshield,ShieldLarge,1.1,strike,strike,112,0,0,0,112,0.2,0,0,0.22,0,36,0,0,0,0,700,10000,0,0,0,0,4,6,6,6,6,10,No Skill,0,0,0
32280800,Haligtree Crest Greatshield,Magic,69,Greatshield,ShieldLarge,1.1,strike,strike,112,112,0,0,0,0.15,0,0.2,0,0,36,0,0,0,0,800,10000,0,4,0,0,0,6,6,6,6,10,No Skill,0,0,0
32280900,Haligtree Crest Greatshield,Cold,69,Greatshield,ShieldLarge,1.1,strike,strike,112,90,0,0,0,0.45,0,0.17,0,0,36,0,0,0,0,900,10000,0,4,0,0,0,6,6,6,6,10,No Skill,0,0,0
32281000,Haligtree Crest Greatshield,Poison,69,Greatshield,ShieldLarge,1.1,strike,strike,112,0,0,0,0,0.47,0,0,0,0.3,36,0,0,0,0,1000,10013,0,0,0,0,0,6,6,6,6,10,No Skill,0,0,0
32281100,Haligtree Crest Greatshield,Blood,69,Greatshield,ShieldLarge,1.1,strike,strike,112,0,0,0,0,0.47,0,0,0,0.3,36,0,0,0,0,1100,10013,0,0,0,0,0,6,6,6,6,10,No Skill,0,0,0
32281200,Haligtree Crest Greatshield,Occult,69,Greatshield,ShieldLarge,1.1,strike,strike,112,0,0,0,0,0.47,0,0,0,0.45,36,0,0,0,0,1200,10013,7,0,0,0,0,6,6,6,6,10,No Skill,0,0,0
32290000,Wooden Greatshield,Standard,69,Greatshield,ShieldLarge,0.88,strike,strike,95,0,0,0,0,0.5,0,0,0,0,14,0,0,0,0,8600,10000,0,0,0,0,0,6,6,6,6,10,No Skill,0,0,0
32290100,Wooden Greatshield,Heavy,69,Greatshield,ShieldLarge,0.88,strike,strike,92,0,0,0,0,0.42,0,0,0,0,14,0,0,0,0,100,10000,1,0,0,0,0,6,6,6,6,10,No Skill,0,0,0
32290200,Wooden Greatshield,Keen,69,Greatshield,ShieldLarge,0.88,strike,strike,92,0,0,0,0,0.1,0.37,0,0,0,14,0,0,0,0,200,10000,2,0,0,0,0,6,6,6,6,10,No Skill,0,0,0
32290300,Wooden Greatshield,Quality,69,Greatshield,ShieldLarge,0.88,strike,strike,92,0,0,0,0,0.47,0.47,0,0,0,14,0,0,0,0,300,10000,8,0,0,0,0,6,6,6,6,10,No Skill,0,0,0
32290400,Wooden Greatshield,Fire,69,Greatshield,ShieldLarge,0.88,strike,strike,92,0,92,0,0,0.27,0.1,0,0,0,14,0,0,0,0,400,10005,0,0,4,0,0,6,6,6,6,10,No Skill,0,0,0
32290500,Wooden Greatshield,Flame Art,69,Greatshield,ShieldLarge,0.88,strike,strike,92,0,92,0,0,0.2,0,0,0.22,0,14,0,0,0,0,500,10000,0,0,4,0,0,6,6,6,6,10,No Skill,0,0,0
32290600,Wooden Greatshield,Lightning,69,Greatshield,ShieldLarge,0.88,strike,strike,92,0,0,92,0,0.1,0.27,0,0,0,14,0,0,0,0,600,10000,0,0,0,4,0,6,6,6,6,10,No Skill,0,0,0
32290700,Wooden Greatshield,Sacred,69,Greatshield,ShieldLarge,0.88,strike,strike,92,0,0,0,92,0.2,0,0,0.22,0,14,0,0,0,0,700,10000,0,0,0,0,4,6,6,6,6,10,No Skill,0,0,0
32290800,Wooden Greatshield,Magic,69,Greatshield,ShieldLarge,0.88,strike,strike,92,92,0,0,0,0.15,0,0.2,0,0,14,0,0,0,0,800,10000,0,4,0,0,0,6,6,6,6,10,No Skill,0,0,0
32290900,Wooden Greatshield,Cold,69,Greatshield,ShieldLarge,0.88,strike,strike,92,74,0,0,0,0.45,0,0.17,0,0,14,0,0,0,0,900,10000,0,4,0,0,0,6,6,6,6,10,No Skill,0,0,0
32291000,Wooden Greatshield,Poison,69,Greatshield,ShieldLarge,0.88,strike,strike,92,0,0,0,0,0.47,0,0,0,0.3,14,0,0,0,0,1000,10013,0,0,0,0,0,6,6,6,6,10,No Skill,0,0,0
32291100,Wooden Greatshield,Blood,69,Greatshield,ShieldLarge,0.88,strike,strike,92,0,0,0,0,0.47,0,0,0,0.3,14,0,0,0,0,1100,10013,0,0,0,0,0,6,6,6,6,10,No Skill,0,0,0
32291200,Wooden Greatshield,Occult,69,Greatshield,ShieldLarge,0.88,strike,strike,92,0,0,0,0,0.47,0,0,0,0.45,14,0,0,0,0,1200,10013,7,0,0,0,0,6,6,6,6,10,No Skill,0,0,0
32300000,Lordsworn's Shield,Standard,69,Greatshield,ShieldLarge,0.91,strike,strike,99,0,0,0,0,0.5,0,0,0,0,16,0,0,0,0,8600,10000,0,0,0,0,0,6,6,6,6,300,Shield Bash,0,0,0
32300100,Lordsworn's Shield,Heavy,69,Greatshield,ShieldLarge,0.91,strike,strike,96,0,0,0,0,0.42,0,0,0,0,16,0,0,0,0,100,10000,1,0,0,0,0,6,6,6,6,300,Shield Bash,0,0,0
32300200,Lordsworn's Shield,Keen,69,Greatshield,ShieldLarge,0.91,strike,strike,96,0,0,0,0,0.1,0.37,0,0,0,16,0,0,0,0,200,10000,2,0,0,0,0,6,6,6,6,300,Shield Bash,0,0,0
32300300,Lordsworn's Shield,Quality,69,Greatshield,ShieldLarge,0.91,strike,strike,96,0,0,0,0,0.47,0.47,0,0,0,16,0,0,0,0,300,10000,8,0,0,0,0,6,6,6,6,300,Shield Bash,0,0,0
32300400,Lordsworn's Shield,Fire,69,Greatshield,ShieldLarge,0.91,strike,strike,96,0,96,0,0,0.27,0.1,0,0,0,16,0,0,0,0,400,10005,0,0,4,0,0,6,6,6,6,300,Shield Bash,0,0,0
32300500,Lordsworn's Shield,Flame Art,69,Greatshield,ShieldLarge,0.91,strike,strike,96,0,96,0,0,0.2,0,0,0.22,0,16,0,0,0,0,500,10000,0,0,4,0,0,6,6,6,6,300,Shield Bash,0,0,0
32300600,Lordsworn's Shield,Lightning,69,Greatshield,ShieldLarge,0.91,strike,strike,96,0,0,96,0,0.1,0.27,0,0,0,16,0,0,0,0,600,10000,0,0,0,4,0,6,6,6,6,300,Shield Bash,0,0,0
32300700,Lordsworn's Shield,Sacred,69,Greatshield,ShieldLarge,0.91,strike,strike,96,0,0,0,96,0.2,0,0,0.22,0,16,0,0,0,0,700,10000,0,0,0,0,4,6,6,6,6,300,Shield Bash,0,0,0
32300800,Lordsworn's Shield,Magic,69,Greatshield,ShieldLarge,0.91,strike,strike,96,96,0,0,0,0.15,0,0.2,0,0,16,0,0,0,0,800,10000,0,4,0,0,0,6,6,6,6,300,Shield Bash,0,0,0
32300900,Lordsworn's Shield,Cold,69,Greatshield,ShieldLarge,0.91,strike,strike,96,77,0,0,0,0.45,0,0.17,0,0,16,0,0,0,0,900,10000,0,4,0,0,0,6,6,6,6,300,Shield Bash,0,0,0
32301000,Lordsworn's Shield,Poison,69,Greatshield,ShieldLarge,0.91,strike,strike,96,0,0,0,0,0.47,0,0,0,0.3,16,0,0,0,0,1000,10013,0,0,0,0,0,6,6,6,6,300,Shield Bash,0,0,0
32301100,Lordsworn's Shield,Blood,69,Greatshield,ShieldLarge,0.91,strike,strike,96,0,0,0,0,0.47,0,0,0,0.3,16,0,0,0,0,1100,10013,0,0,0,0,0,6,6,6,6,300,Shield Bash,0,0,0
32301200,Lordsworn's Shield,Occult,69,Greatshield,ShieldLarge,0.91,strike,strike,96,0,0,0,0,0.47,0,0,0,0.45,16,0,0,0,0,1200,10013,7,0,0,0,0,6,6,6,6,300,Shield Bash,0,0,0
32500000,Black Steel Greatshield,Standard,69,Greatshield,ShieldLarge,1.075,strike,strike,119,0,0,0,0,0.5,0,0,0,0,35,0,0,0,0,8200,10000,0,0,0,0,0,6,6,6,6,300,Shield Bash,0,0,0
32500100,Black Steel Greatshield,Heavy,69,Greatshield,ShieldLarge,1.075,strike,strike,115,0,0,0,0,0.42,0,0,0,0,35,0,0,0,0,100,10000,1,0,0,0,0,6,6,6,6,300,Shield Bash,0,0,0
32500200,Black Steel Greatshield,Keen,69,Greatshield,ShieldLarge,1.075,strike,strike,115,0,0,0,0,0.1,0.37,0,0,0,35,0,0,0,0,200,10000,2,0,0,0,0,6,6,6,6,300,Shield Bash,0,0,0
32500300,Black Steel Greatshield,Quality,69,Greatshield,ShieldLarge,1.075,strike,strike,115,0,0,0,0,0.47,0.47,0,0,0,35,0,0,0,0,300,10000,8,0,0,0,0,6,6,6,6,300,Shield Bash,0,0,0
32500400,Black Steel Greatshield,Fire,69,Greatshield,ShieldLarge,1.075,strike,strike,115,0,115,0,0,0.27,0.1,0,0,0,35,0,0,0,0,400,10005,0,0,4,0,0,6,6,6,6,300,Shield Bash,0,0,0
32500500,Black Steel Greatshield,Flame Art,69,Greatshield,ShieldLarge,1.075,strike,strike,115,0,115,0,0,0.2,0,0,0.22,0,35,0,0,0,0,500,10000,0,0,4,0,0,6,6,6,6,300,Shield Bash,0,0,0
32500600,Black Steel Greatshield,Lightning,69,Greatshield,ShieldLarge,1.075,strike,strike,115,0,0,115,0,0.1,0.27,0,0,0,35,0,0,0,0,600,10000,0,0,0,4,0,6,6,6,6,300,Shield Bash,0,0,0
32500700,Black Steel Greatshield,Sacred,69,Greatshield,ShieldLarge,1.075,strike,strike,115,0,0,0,115,0.2,0,0,0.22,0,35,0,0,0,0,700,10000,0,0,0,0,4,6,6,6,6,300,Shield Bash,0,0,0
32500800,Black Steel Greatshield,Magic,69,Greatshield,ShieldLarge,1.075,strike,strike,115,115,0,0,0,0.15,0,0.2,0,0,35,0,0,0,0,800,10000,0,4,0,0,0,6,6,6,6,300,Shield Bash,0,0,0
32500900,Black Steel Greatshield,Cold,69,Greatshield,ShieldLarge,1.075,strike,strike,115,98,0,0,0,0.45,0,0.17,0,0,35,0,0,0,0,900,10000,0,4,0,0,0,6,6,6,6,300,Shield Bash,0,0,0
32501000,Black Steel Greatshield,Poison,69,Greatshield,ShieldLarge,1.075,strike,strike,115,0,0,0,0,0.47,0,0,0,0.3,35,0,0,0,0,1000,10013,0,0,0,0,0,6,6,6,6,300,Shield Bash,0,0,0
32501100,Black Steel Greatshield,Blood,69,Greatshield,ShieldLarge,1.075,strike,strike,115,0,0,0,0,0.47,0,0,0,0.3,35,0,0,0,0,1100,10013,0,0,0,0,0,6,6,6,6,300,Shield Bash,0,0,0
32501200,Black Steel Greatshield,Occult,69,Greatshield,ShieldLarge,1.075,strike,strike,115,0,0,0,0,0.47,0,0,0,0.45,35,0,0,0,0,1200,10013,7,0,0,0,0,6,6,6,6,300,Shield Bash,0,0,0
32520000,Verdigris Greatshield,Standard,69,Greatshield,ShieldLarge,1.225,strike,strike,162,0,0,0,0,0.5,0,0,0,0,49,0,0,0,0,8300,10000,0,0,0,0,0,6,6,6,6,5230,Moore's Charge,1,0,1
33000000,Glintstone Staff,Standard,57,Staff,Staff,1,strike,strike,25,0,0,0,0,0.12,0,0.85,0,0,6,0,10,0,0,1900,20000,16,16,16,16,16,6,6,6,6,10,No Skill,1,0,0
33040000,Crystal Staff,Standard,57,Staff,Staff,1.09,strike,strike,31,0,0,0,0,0.25,0,0.94,0,0,8,0,48,0,0,2400,20000,15,15,15,15,15,6,6,6,6,10,No Skill,1,0,1
33050000,Gelmir Glintstone Staff,Standard,57,Staff,Staff,0.97,strike,strike,29,0,0,0,0,0.12,0,0.4,0.4,0,6,0,14,14,0,1900,20010,12,12,12,12,12,6,6,6,6,10,No Skill,1,0,0
33060000,Demi-Human Queen's Staff,Standard,57,Staff,Staff,1,strike,strike,31,0,0,0,0,0.25,0,0.75,0,0,6,0,10,0,0,1900,20000,14,14,14,14,14,6,6,6,6,10,No Skill,1,0,0
33090000,Carian Regal Scepter,Standard,57,Staff,Staff,1,strike,strike,24,0,0,0,0,0.12,0.1,0.96,0,0,8,10,60,0,0,2400,20000,15,15,15,15,15,6,6,6,6,1199,Spinning Weapon,1,0,1
33120000,Digger's Staff,Standard,57,Staff,Staff,1.09,strike,strike,38,0,0,0,0,0.25,0,0.76,0,0,8,0,12,0,0,1900,20000,16,16,16,16,16,6,6,6,6,10,No Skill,1,0,0
33130000,Astrologer's Staff,Standard,57,Staff,Staff,1,strike,strike,25,0,0,0,0,0.12,0,0.89,0,0,7,0,16,0,0,1900,20000,16,16,16,16,16,6,6,6,6,10,No Skill,1,0,0
33170000,Carian Glintblade Staff,Standard,57,Staff,Staff,0.97,strike,strike,22,0,0,0,0,0.12,0.1,0.88,0,0,6,12,22,0,0,1900,20000,16,16,16,16,16,6,6,6,6,10,No Skill,1,0,0
33180000,Prince of Death's Staff,Standard,57,Staff,Staff,1,strike,strike,25,0,0,0,0,0.12,0,0.58,0.58,0,6,0,18,18,0,1900,20010,15,15,15,15,15,6,6,6,6,10,No Skill,1,0,0
33190000,Albinauric Staff,Standard,57,Staff,Staff,0.97,strike,strike,17,0,0,0,0,0.12,0,0.3,0,0.7,6,0,10,0,12,1900,20030,12,12,12,12,12,11,11,11,11,10,No Skill,1,0,0
33200000,Academy Glintstone Staff,Standard,57,Staff,Staff,1,strike,strike,25,0,0,0,0,0.12,0,0.91,0,0,6,0,28,0,0,1900,20000,16,16,16,16,16,6,6,6,6,10,No Skill,1,0,0
33210000,Carian Glintstone Staff,Standard,57,Staff,Staff,1,strike,strike,25,0,0,0,0,0.12,0,0.85,0,0,6,8,24,0,0,1900,20000,16,16,16,16,16,6,6,6,6,10,No Skill,1,0,0
33230000,Azur's Glintstone Staff,Standard,57,Staff,Staff,1.045,strike,strike,24,0,0,0,0,0.25,0,0.92,0,0,10,0,52,0,0,2400,20000,15,15,15,15,15,6,6,6,6,10,No Skill,1,0,1
33240000,Lusat's Glintstone Staff,Standard,57,Staff,Staff,1.045,strike,strike,24,0,0,0,0,0.25,0,1.1,0,0,10,0,52,0,0,2400,20000,15,15,15,15,15,6,6,6,6,10,No Skill,1,0,1
33250000,Meteorite Staff,Standard,57,Staff,Staff,1.09,strike,strike,39,0,0,0,0,0.25,0,1.92,0,0,6,0,18,0,0,3000,20000,16,16,16,16,16,6,6,6,6,10,No Skill,1,0,1
33260000,Staff of the Guilty,Standard,57,Staff,Staff,1.09,strike,strike,38,0,0,0,0,0.25,0,0,0.76,0,8,0,0,12,0,1900,20020,16,16,16,16,16,6,6,6,6,10,No Skill,1,0,0
33270000,Rotten Crystal Staff,Standard,57,Staff,Staff,1.09,strike,strike,42,0,0,0,0,0.25,0,0.93,0,0,8,0,48,0,0,2400,20000,15,15,15,15,15,6,6,6,6,10,No Skill,1,0,1
33280000,Staff of Loss,Standard,57,Staff,Staff,0.97,strike,strike,22,0,0,0,0,0.12,0.1,0.84,0,0,6,12,14,0,0,1900,20000,15,15,15,15,15,6,6,6,6,10,No Skill,1,0,0
33510000,Staff of the Great Beyond,Standard,57,Staff,Staff,1.03,strike,strike,27,0,0,0,0,0.12,0,0.46,0.46,0,7,0,25,25,0,2400,20010,12,12,12,12,12,6,6,6,6,10,No Skill,1,0,1
33520000,Maternal Staff,Standard,57,Staff,Staff,1.03,strike,strike,26,0,0,0,0,0.12,0,0.55,0,0.55,7,0,21,0,21,1900,20030,15,15,15,15,15,6,6,6,6,10,No Skill,1,0,0
34000000,Finger Seal,Standard,61,Seal,Talisman,1,strike,strike,25,0,0,0,0,0.15,0,0,0.83,0,4,0,0,10,0,1900,30000,16,16,16,16,16,6,6,6,6,10,No Skill,1,0,0
34010000,Godslayer's Seal,Standard,61,Seal,Talisman,1,strike,strike,25,0,0,0,0,0.15,0,0,0.85,0,4,0,0,27,0,1900,30000,16,16,16,16,16,6,6,6,6,10,No Skill,1,0,0
34020000,Giant's Seal,Standard,61,Seal,Talisman,1,strike,strike,25,0,0,0,0,0.15,0,0,0.77,0,4,0,0,14,0,1900,30000,16,16,16,16,16,6,6,6,6,10,No Skill,1,0,0
34030000,Gravel Stone Seal,Standard,61,Seal,Talisman,1,strike,strike,25,0,0,0,0,0.15,0,0,0.81,0,4,0,0,18,0,1900,30000,16,16,16,16,16,6,6,6,6,10,No Skill,1,0,0
34040000,Clawmark Seal,Standard,61,Seal,Talisman,1,strike,strike,31,0,0,0,0,0.4,0,0,0.4,0,4,0,0,10,0,1900,30020,12,12,12,12,12,6,6,6,6,10,No Skill,1,0,0
34060000,Golden Order Seal,Standard,61,Seal,Talisman,1,strike,strike,24,0,0,0,0,0,0,0.53,0.53,0,0,0,17,17,0,2400,30010,12,12,12,12,12,6,6,6,6,10,No Skill,1,0,1
34070000,Erdtree Seal,Standard,61,Seal,Talisman,1,strike,strike,25,0,0,0,15,0,0,0,0.89,0,0,0,0,40,0,2400,30000,15,15,15,15,15,6,6,6,6,10,No Skill,1,0,1
34080000,Dragon Communion Seal,Standard,61,Seal,Talisman,1,strike,strike,25,0,0,0,0,0,0,0,0.3,0.75,0,0,0,10,10,2400,30030,12,12,12,12,12,11,11,11,11,10,No Skill,1,0,1
34090000,Frenzied Flame Seal,Standard,61,Seal,Talisman,1,strike,strike,25,0,0,0,0,0.2,0.2,0.2,0.4,0,0,0,0,0,0,2400,30040,12,12,12,12,12,6,6,6,6,10,No Skill,1,0,1
34500000,Dryleaf Seal,Standard,61,Seal,Talisman,1,strike,strike,25,0,0,0,0,0.15,0,0,0.8,0,8,0,0,27,0,1900,30000,14,14,14,14,14,6,6,6,6,10,No Skill,1,0,0
34510000,Fire Knight's Seal,Standard,61,Seal,Talisman,1,strike,strike,25,0,0,0,0,0.15,0,0,0.82,0,8,0,0,23,0,1900,30000,15,15,15,15,15,6,6,6,6,10,No Skill,1,0,0
34520000,Spiraltree Seal,Standard,61,Seal,Talisman,1,strike,strike,25,0,0,0,0,0.15,0,0,0.76,0,8,0,0,17,0,1900,30000,16,16,16,16,16,6,6,6,6,10,No Skill,1,0,0
40000000,Shortbow,Standard,50,Light Bow,BowSmall,1,slash,slash,65,0,0,0,0,0.17,0.17,0,0,0,8,10,0,0,0,0,10000,0,0,0,0,0,6,6,6,6,401,Barrage,1,0,0
40010000,Misbegotten Shortbow,Standard,50,Light Bow,BowSmall,1,slash,slash,68,0,0,0,0,0.26,0.14,0,0,0,16,8,0,0,0,0,10000,0,0,0,0,0,6,6,6,6,401,Barrage,1,0,0
40020000,Red Branch Shortbow,Standard,50,Light Bow,BowSmall,1,slash,slash,65,0,0,0,0,0.14,0.26,0,0,0,8,16,0,0,0,0,10000,0,0,0,0,0,6,6,6,6,401,Barrage,1,0,0
40030000,Harp Bow,Standard,50,Light Bow,BowSmall,1,slash,slash,62,0,0,0,0,0.12,0.15,0,0,0,9,9,0,0,0,2200,10000,0,0,0,0,0,6,6,6,6,401,Barrage,1,0,1
40050000,Composite Bow,Standard,50,Light Bow,BowSmall,1,slash,slash,65,0,0,0,0,0.15,0.28,0,0,0,15,15,0,0,0,0,10000,0,0,0,0,0,6,6,6,6,402,Mighty Shot,1,0,0
40500000,Bone Bow,Standard,50,Light Bow,BowSmall,1,slash,slash,66,0,0,0,0,0.18,0.22,0,0,0,8,11,0,0,0,0,10000,0,0,0,0,0,6,6,6,6,5600,Rancor Shot,1,0,0
41000000,Longbow,Standard,51,Bow,BowNormal,1,slash,slash,80,0,0,0,0,0.2,0.26,0,0,0,9,14,0,0,0,0,10000,0,0,0,0,0,6,6,6,6,402,Mighty Shot,1,0,0
41010000,Albinauric Bow,Standard,51,Bow,BowNormal,1,slash,slash,82,0,0,0,0,0.15,0.35,0,0,0,7,18,0,0,0,0,10000,0,0,0,0,0,6,6,6,6,402,Mighty Shot,1,0,0
41020000,Horn Bow,Standard,51,Bow,BowNormal,1,slash,slash,65,30,0,0,0,0.21,0.26,0.1,0,0,10,14,12,0,0,0,10000,0,0,0,0,0,6,6,6,6,402,Mighty Shot,1,0,0
41030000,Erdtree Bow,Standard,51,Bow,BowNormal,1,slash,slash,40,0,0,0,50,0.12,0.15,0,0.3,0,8,12,0,14,0,2200,10000,0,0,0,0,0,6,6,6,6,402,Mighty Shot,1,0,1
41040000,Serpent Bow,Standard,51,Bow,BowNormal,1,slash,slash,75,0,0,0,0,0.15,0.3,0,0,0.3,8,15,0,0,11,2200,10000,0,0,0,0,0,5,6,6,6,402,Mighty Shot,1,0,1
41060000,Pulley Bow,Standard,51,Bow,BowNormal,1,slash,slash,77,0,0,0,0,0.27,0.27,0,0,0,11,11,0,0,0,2200,10000,0,0,0,0,0,6,6,6,6,402,Mighty Shot,1,0,1
41070000,Black Bow,Standard,51,Bow,BowNormal,1,slash,slash,70,0,0,0,0,0.18,0.26,0,0,0,9,20,0,0,0,2200,10000,0,0,0,0,0,6,6,6,6,401,Barrage,1,0,1
41510000,Ansbach's Longbow,Standard,51,Bow,BowNormal,1,slash,slash,74,0,0,0,0,0.2,0.25,0,0,0,9,43,0,0,0,2200,10000,0,0,0,0,0,6,6,6,6,5360,Fan Shot,1,0,1
42000000,Lion Greatbow,Standard,53,Greatbow,BowLarge,1,slash,slash,120,0,0,0,0,0.3,0.25,0,0,0,22,18,0,0,0,2200,10000,0,0,0,0,0,6,6,6,6,1169,Radahn's Rain,1,0,1
42010000,Golem Greatbow,Standard,53,Greatbow,BowLarge,1,slash,slash,130,0,0,0,0,0.45,0.2,0,0,0,24,18,0,0,0,2200,10000,0,0,0,0,0,6,6,6,6,400,Through and Through,1,0,1
42030000,Erdtree Greatbow,Standard,53,Greatbow,BowLarge,1,slash,slash,60,0,0,0,65,0.2,0.15,0,0.3,0,20,14,0,14,0,2200,10000,0,0,0,0,0,6,6,6,6,400,Through and Through,1,0,1
42040000,Greatbow,Standard,53,Greatbow,BowLarge,1,slash,slash,125,0,0,0,0,0.3,0.3,0,0,0,20,20,0,0,0,0,10000,0,0,0,0,0,6,6,6,6,400,Through and Through,1,0,0
42500000,Igon's Greatbow,Standard,53,Greatbow,BowLarge,1,slash,slash,120,0,0,0,0,0.48,0.07,0,0,0,23,16,0,0,0,0,10000,0,0,0,0,0,6,6,6,6,400,Through and Through,1,0,0
43000000,Soldier's Crossbow,Standard,55,Crossbow,ClossBow,0.97,slash,slash,60,0,0,0,0,0,0,0,0,0,10,8,0,0,0,3100,10000,0,0,0,0,0,6,6,6,6,4990,,1,0,0
43020000,Light Crossbow,Standard,55,Crossbow,ClossBow,1,slash,slash,65,0,0,0,0,0,0,0,0,0,12,8,0,0,0,3100,10000,0,0,0,0,0,6,6,6,6,4990,,1,0,0
43030000,Heavy Crossbow,Standard,55,Crossbow,ClossBow,1.06,slash,slash,72,0,0,0,0,0,0,0,0,0,14,10,0,0,0,3100,10000,0,0,0,0,0,6,6,6,6,4990,,1,0,0
43050000,Pulley Crossbow,Standard,55,Crossbow,ClossBow,1,slash,slash,65,0,0,0,0,0,0,0,0,0,16,16,0,0,0,3300,10000,0,0,0,0,0,6,6,6,6,4990,,1,0,1
43060000,Full Moon Crossbow,Standard,55,Crossbow,ClossBow,1,slash,slash,50,50,0,0,0,0,0,0,0,0,10,10,14,0,0,3200,10000,0,0,0,0,0,6,6,6,6,4990,,1,0,1
43080000,Arbalest,Standard,55,Crossbow,ClossBow,1.09,slash,slash,77,0,0,0,0,0,0,0,0,0,18,12,0,0,0,3100,10000,0,0,0,0,0,6,6,6,6,4990,,1,0,0
43110000,Crepus's Black-Key Crossbow,Standard,55,Crossbow,ClossBow,1.045,slash,slash,68,0,0,0,0,0,0,0,0,0,14,16,0,0,0,3200,10000,0,0,0,0,0,6,6,6,6,4990,,1,0,1
43500000,Repeating Crossbow,Standard,55,Crossbow,ClossBow,1,slash,slash,74,0,0,0,0,0,0,0,0,0,13,15,0,0,0,3200,10000,0,0,0,0,0,6,6,6,6,5340,Repeating Fire,1,0,1
43510000,Spread Crossbow,Standard,55,Crossbow,ClossBow,1,slash,slash,68,0,0,0,0,0,0,0,0,0,11,17,0,0,0,3500,10000,0,0,0,0,0,6,6,6,6,4990,,1,0,0
44000000,Hand Ballista,Standard,56,Ballista,Ballista,1,slash,slash,150,0,0,0,0,0,0,0,0,0,30,14,0,0,0,3100,10000,0,0,0,0,0,6,6,6,6,4990,,1,0,0
44010000,Jar Cannon,Standard,56,Ballista,Ballista,1.12,slash,slash,192,0,0,0,0,0,0,0,0,0,34,12,0,0,0,3200,10000,0,0,0,0,0,6,6,6,6,4990,,1,0,1
44500000,Rabbath's Cannon,Standard,56,Ballista,Ballista,1,slash,slash,135,135,0,0,0,0,0,0,0,0,28,16,0,0,0,3400,10000,0,0,0,0,0,6,6,6,6,4990,,1,0,1
60500000,Dryleaf Arts,Standard,88,Hand-to-Hand,HandToHand,1,strike,strike,86,0,0,0,0,0.45,0.45,0,0,0,8,8,0,0,0,0,10000,0,0,0,0,0,6,6,6,6,4010,Palm Blast,0,1,0
60500100,Dryleaf Arts,Heavy,88,Hand-to-Hand,HandToHand,1,strike,strike,82,0,0,0,0,0.53,0,0,0,0,8,8,0,0,0,100,10000,1,0,0,0,0,6,6,6,6,4010,Palm Blast,0,1,0
60500200,Dryleaf Arts,Keen,88,Hand-to-Hand,HandToHand,1,strike,strike,82,0,0,0,0,0.18,0.48,0,0,0,8,8,0,0,0,200,10000,2,0,0,0,0,6,6,6,6,4010,Palm Blast,0,1,0
60500300,Dryleaf Arts,Quality,88,Hand-to-Hand,HandToHand,1,strike,strike,82,0,0,0,0,0.61,0.61,0,0,0,8,8,0,0,0,300,10000,8,0,0,0,0,6,6,6,6,4010,Palm Blast,0,1,0
60500400,Dryleaf Arts,Fire,88,Hand-to-Hand,HandToHand,1,strike,strike,82,0,82,0,0,0.37,0.18,0,0,0,8,8,0,0,0,400,10005,0,0,4,0,0,6,6,6,6,4010,Palm Blast,0,1,0
60500500,Dryleaf Arts,Flame Art,88,Hand-to-Hand,HandToHand,1,strike,strike,82,0,82,0,0,0.13,0.13,0,0.45,0,8,8,0,0,0,500,10000,0,0,4,0,0,6,6,6,6,4010,Palm Blast,0,1,0
60500600,Dryleaf Arts,Lightning,88,Hand-to-Hand,HandToHand,1,strike,strike,82,0,0,82,0,0.18,0.37,0,0,0,8,8,0,0,0,600,10000,0,0,0,4,0,6,6,6,6,4010,Palm Blast,0,1,0
60500700,Dryleaf Arts,Sacred,88,Hand-to-Hand,HandToHand,1,strike,strike,82,0,0,0,82,0.13,0.13,0,0.45,0,8,8,0,0,0,700,10000,0,0,0,0,4,6,6,6,6,4010,Palm Blast,0,1,0
60500800,Dryleaf Arts,Magic,88,Hand-to-Hand,HandToHand,1,strike,strike,82,82,0,0,0,0.13,0.13,0.46,0,0,8,8,0,0,0,800,10000,0,4,0,0,0,6,6,6,6,4010,Palm Blast,0,1,0
60500900,Dryleaf Arts,Cold,88,Hand-to-Hand,HandToHand,1,strike,strike,82,70,0,0,0,0.4,0.4,0.45,0,0,8,8,0,0,0,900,10000,0,4,0,0,0,6,6,6,6,4010,Palm Blast,0,1,0
60501000,Dryleaf Arts,Poison,88,Hand-to-Hand,HandToHand,1,strike,strike,82,0,0,0,0,0.4,0.4,0,0,0.3,8,8,0,0,0,1000,10013,0,0,0,0,0,6,6,6,6,4010,Palm Blast,0,1,0
60501100,Dryleaf Arts,Blood,88,Hand-to-Hand,HandToHand,1,strike,strike,82,0,0,0,0,0.4,0.4,0,0,0.3,8,8,0,0,0,1100,10013,0,0,0,0,0,6,6,6,6,4010,Palm Blast,0,1,0
60501200,Dryleaf Arts,Occult,88,Hand-to-Hand,HandToHand,1,strike,strike,82,0,0,0,0,0.18,0.18,0,0,0.76,8,8,0,0,0,1200,10013,7,0,0,0,0,6,6,6,6,4010,Palm Blast,0,1,0
60510000,Dane's Footwork,Standard,88,Hand-to-Hand,HandToHand,1,strike,strike,86,0,0,0,0,0.45,0.45,0,0,0,8,8,0,0,0,0,10000,0,0,0,0,0,6,6,6,6,4010,Palm Blast,0,1,0
60510100,Dane's Footwork,Heavy,88,Hand-to-Hand,HandToHand,1,strike,strike,82,0,0,0,0,0.53,0,0,0,0,8,8,0,0,0,100,10000,1,0,0,0,0,6,6,6,6,4010,Palm Blast,0,1,0
60510200,Dane's Footwork,Keen,88,Hand-to-Hand,HandToHand,1,strike,strike,82,0,0,0,0,0.18,0.48,0,0,0,8,8,0,0,0,200,10000,2,0,0,0,0,6,6,6,6,4010,Palm Blast,0,1,0
60510300,Dane's Footwork,Quality,88,Hand-to-Hand,HandToHand,1,strike,strike,82,0,0,0,0,0.61,0.61,0,0,0,8,8,0,0,0,300,10000,8,0,0,0,0,6,6,6,6,4010,Palm Blast,0,1,0
60510400,Dane's Footwork,Fire,88,Hand-to-Hand,HandToHand,1,strike,strike,82,0,82,0,0,0.37,0.18,0,0,0,8,8,0,0,0,400,10005,0,0,4,0,0,6,6,6,6,4010,Palm Blast,0,1,0
60510500,Dane's Footwork,Flame Art,88,Hand-to-Hand,HandToHand,1,strike,strike,82,0,82,0,0,0.13,0.13,0,0.45,0,8,8,0,0,0,500,10000,0,0,4,0,0,6,6,6,6,4010,Palm Blast,0,1,0
60510600,Dane's Footwork,Lightning,88,Hand-to-Hand,HandToHand,1,strike,strike,82,0,0,82,0,0.18,0.37,0,0,0,8,8,0,0,0,600,10000,0,0,0,4,0,6,6,6,6,4010,Palm Blast,0,1,0
60510700,Dane's Footwork,Sacred,88,Hand-to-Hand,HandToHand,1,strike,strike,82,0,0,0,82,0.13,0.13,0,0.45,0,8,8,0,0,0,700,10000,0,0,0,0,4,6,6,6,6,4010,Palm Blast,0,1,0
60510800,Dane's Footwork,Magic,88,Hand-to-Hand,HandToHand,1,strike,strike,82,82,0,0,0,0.13,0.13,0.46,0,0,8,8,0,0,0,800,10000,0,4,0,0,0,6,6,6,6,4010,Palm Blast,0,1,0
60510900,Dane's Footwork,Cold,88,Hand-to-Hand,HandToHand,1,strike,strike,82,70,0,0,0,0.4,0.4,0.45,0,0,8,8,0,0,0,900,10000,0,4,0,0,0,6,6,6,6,4010,Palm Blast,0,1,0
60511000,Dane's Footwork,Poison,88,Hand-to-Hand,HandToHand,1,strike,strike,82,0,0,0,0,0.4,0.4,0,0,0.3,8,8,0,0,0,1000,10013,0,0,0,0,0,6,6,6,6,4010,Palm Blast,0,1,0
60511100,Dane's Footwork,Blood,88,Hand-to-Hand,HandToHand,1,strike,strike,82,0,0,0,0,0.4,0.4,0,0,0.3,8,8,0,0,0,1100,10013,0,0,0,0,0,6,6,6,6,4010,Palm Blast,0,1,0
60511200,Dane's Footwork,Occult,88,Hand-to-Hand,HandToHand,1,strike,strike,82,0,0,0,0,0.18,0.18,0,0,0.76,8,8,0,0,0,1200,10013,7,0,0,0,0,6,6,6,6,4010,Palm Blast,0,1,0
61500000,Firespark Perfume Bottle,Standard,89,Perfume Bottle,PerfumeBottle,1,standard,standard,0,0,118,0,0,0,0.8,0,0,0,3,14,0,0,0,0,20000000,0,0,0,0,0,6,6,6,6,503,Kick,1,1,0
61510000,Chilling Perfume Bottle,Standard,89,Perfume Bottle,PerfumeBottle,1,standard,standard,0,112,0,0,0,0,0.4,0.4,0,0,3,13,13,0,0,0,20000000,0,0,0,0,0,6,6,6,6,503,Kick,1,1,0
61520000,Frenzyflame Perfume Bottle,Standard,89,Perfume Bottle,PerfumeBottle,1,standard,standard,0,0,112,0,0,0.18,0.4,0.18,0.18,0,3,10,12,12,0,0,20000000,0,0,0,0,0,6,6,6,6,503,Kick,1,1,0
61530000,Lightning Perfume Bottle,Standard,89,Perfume Bottle,PerfumeBottle,1,standard,standard,0,0,0,118,0,0,0.4,0,0.4,0,3,16,0,14,0,0,20000000,0,0,0,0,0,6,6,6,6,503,Kick,1,1,0
61540000,Deadly Poison Perfume Bottle,Standard,89,Perfume Bottle,PerfumeBottle,1,standard,standard,98,0,0,0,0,0,0.4,0,0,0.4,3,13,0,0,18,2200,20000000,0,0,0,0,0,6,6,6,6,5490,Deadly Poison Spray,1,1,1
62500000,Dueling Shield,Standard,90,Thrusting Shield,ThrustingShield,1,strike,pierce,125,0,0,0,0,0.35,0.5,0,0,0,15,14,0,0,0,0,10000,0,0,0,0,0,6,6,6,6,8000,Shield Strike,0,0,0
62500100,Dueling Shield,Heavy,90,Thrusting Shield,ThrustingShield,1,strike,pierce,121,0,0,0,0,0.48,0,0,0,0,15,14,0,0,0,100,10000,1,0,0,0,0,6,6,6,6,8000,Shield Strike,0,0,0
62500200,Dueling Shield,Keen,90,Thrusting Shield,ThrustingShield,1,strike,pierce,121,0,0,0,0,0.17,0.44,0,0,0,15,14,0,0,0,200,10000,2,0,0,0,0,6,6,6,6,8000,Shield Strike,0,0,0
62500300,Dueling Shield,Quality,90,Thrusting Shield,ThrustingShield,1,strike,pierce,121,0,0,0,0,0.56,0.56,0,0,0,15,14,0,0,0,300,10000,8,0,0,0,0,6,6,6,6,8000,Shield Strike,0,0,0
62500400,Dueling Shield,Fire,90,Thrusting Shield,ThrustingShield,1,strike,pierce,121,0,121,0,0,0.35,0.17,0,0,0,15,14,0,0,0,400,10005,0,0,4,0,0,6,6,6,6,8000,Shield Strike,0,0,0
62500500,Dueling Shield,Flame Art,90,Thrusting Shield,ThrustingShield,1,strike,pierce,121,0,121,0,0,0.1,0.15,0,0.37,0,15,14,0,0,0,500,10000,0,0,4,0,0,6,6,6,6,8000,Shield Strike,0,0,0
62500600,Dueling Shield,Lightning,90,Thrusting Shield,ThrustingShield,1,strike,pierce,121,0,0,121,0,0.17,0.35,0,0,0,15,14,0,0,0,600,10000,0,0,0,4,0,6,6,6,6,8000,Shield Strike,0,0,0
62500700,Dueling Shield,Sacred,90,Thrusting Shield,ThrustingShield,1,strike,pierce,121,0,0,0,121,0.1,0.15,0,0.37,0,15,14,0,0,0,700,10000,0,0,0,0,4,6,6,6,6,8000,Shield Strike,0,0,0
62500800,Dueling Shield,Magic,90,Thrusting Shield,ThrustingShield,1,strike,pierce,121,121,0,0,0,0.1,0.15,0.39,0,0,15,14,0,0,0,800,10000,0,4,0,0,0,6,6,6,6,8000,Shield Strike,0,0,0
62500900,Dueling Shield,Cold,90,Thrusting Shield,ThrustingShield,1,strike,pierce,121,103,0,0,0,0.29,0.42,0.34,0,0,15,14,0,0,0,900,10000,0,4,0,0,0,6,6,6,6,8000,Shield Strike,0,0,0
62501000,Dueling Shield,Poison,90,Thrusting Shield,ThrustingShield,1,strike,pierce,121,0,0,0,0,0.33,0.47,0,0,0.3,15,14,0,0,0,1000,10013,0,0,0,0,0,6,6,6,6,8000,Shield Strike,0,0,0
62501100,Dueling Shield,Blood,90,Thrusting Shield,ThrustingShield,1,strike,pierce,121,0,0,0,0,0.33,0.47,0,0,0.3,15,14,0,0,0,1100,10013,0,0,0,0,0,6,6,6,6,8000,Shield Strike,0,0,0
62501200,Dueling Shield,Occult,90,Thrusting Shield,ThrustingShield,1,strike,pierce,121,0,0,0,0,0.14,0.2,0,0,0.72,15,14,0,0,0,1200,10013,7,0,0,0,0,6,6,6,6,8000,Shield Strike,0,0,0
62510000,Carian Thrusting Shield,Standard,90,Thrusting Shield,ThrustingShield,1.045,strike,pierce,122,36,0,0,0,0.41,0.41,0.3,0,0,17,13,15,0,0,0,10000,0,0,0,0,0,6,6,6,6,8000,Shield Strike,0,0,0
62510100,Carian Thrusting Shield,Heavy,90,Thrusting Shield,ThrustingShield,1.045,strike,pierce,113,29,0,0,0,0.5,0,0.22,0,0,17,13,15,0,0,100,10000,1,0,0,0,0,6,6,6,6,8000,Shield Strike,0,0,0
62510200,Carian Thrusting Shield,Keen,90,Thrusting Shield,ThrustingShield,1.045,strike,pierce,113,29,0,0,0,0.16,0.47,0.22,0,0,17,13,15,0,0,200,10000,2,0,0,0,0,6,6,6,6,8000,Shield Strike,0,0,0
62510300,Carian Thrusting Shield,Quality,90,Thrusting Shield,ThrustingShield,1.045,strike,pierce,113,29,0,0,0,0.6,0.6,0.22,0,0,17,13,15,0,0,300,10000,8,0,0,0,0,6,6,6,6,8000,Shield Strike,0,0,0
62510400,Carian Thrusting Shield,Fire,90,Thrusting Shield,ThrustingShield,1.045,strike,pierce,113,29,113,0,0,0.35,0.11,0.22,0,0,17,13,15,0,0,400,10005,0,0,4,0,0,6,6,6,6,8000,Shield Strike,0,0,0
62510500,Carian Thrusting Shield,Flame Art,90,Thrusting Shield,ThrustingShield,1.045,strike,pierce,113,29,113,0,0,0.08,0.08,0.22,0.41,0,17,13,15,0,0,500,10000,0,0,4,0,0,6,6,6,6,8000,Shield Strike,0,0,0
62510600,Carian Thrusting Shield,Lightning,90,Thrusting Shield,ThrustingShield,1.045,strike,pierce,113,29,0,113,0,0.11,0.36,0.22,0,0,17,13,15,0,0,600,10000,0,0,0,4,0,6,6,6,6,8000,Shield Strike,0,0,0
62510700,Carian Thrusting Shield,Sacred,90,Thrusting Shield,ThrustingShield,1.045,strike,pierce,113,29,0,0,113,0.06,0.06,0.22,0.41,0,17,13,15,0,0,700,10000,0,0,0,0,4,6,6,6,6,8000,Shield Strike,0,0,0
62510800,Carian Thrusting Shield,Magic,90,Thrusting Shield,ThrustingShield,1.045,strike,pierce,113,140,0,0,0,0.04,0.04,0.39,0,0,17,13,15,0,0,800,10000,0,4,0,0,0,6,6,6,6,8000,Shield Strike,0,0,0
62510900,Carian Thrusting Shield,Cold,90,Thrusting Shield,ThrustingShield,1.045,strike,pierce,113,140,0,0,0,0.1,0.1,0.33,0,0,17,13,15,0,0,900,10000,0,4,0,0,0,6,6,6,6,8000,Shield Strike,0,0,0
62511000,Carian Thrusting Shield,Poison,90,Thrusting Shield,ThrustingShield,1.045,strike,pierce,113,29,0,0,0,0.38,0.38,0.22,0,0.3,17,13,15,0,0,1000,10013,0,0,0,0,0,6,6,6,6,8000,Shield Strike,0,0,0
62511100,Carian Thrusting Shield,Blood,90,Thrusting Shield,ThrustingShield,1.045,strike,pierce,113,29,0,0,0,0.38,0.38,0.22,0,0.3,17,13,15,0,0,1100,10013,0,0,0,0,0,6,6,6,6,8000,Shield Strike,0,0,0
62511200,Carian Thrusting Shield,Occult,90,Thrusting Shield,ThrustingShield,1.045,strike,pierce,113,29,0,0,0,0.06,0.06,0.06,0,0.78,17,13,15,0,0,1200,10013,7,0,0,0,0,6,6,6,6,8000,Shield Strike,0,0,0
62520000,Ritual Thrusting Shield,Standard,90,Thrusting Shield,ThrustingShield,1,pierce,standard,135,0,0,0,0,0.25,0.4,0,0,0,13,12,0,0,0,0,10000,0,0,0,0,0,6,6,6,6,8000,Shield Strike,0,0,0
62520100,Ritual Thrusting Shield,Heavy,90,Thrusting Shield,ThrustingShield,1,pierce,standard,131,0,0,0,0,0.38,0,0,0,0,13,12,0,0,0,100,10000,1,0,0,0,0,6,6,6,6,8000,Shield Strike,0,0,0
62520200,Ritual Thrusting Shield,Keen,90,Thrusting Shield,ThrustingShield,1,pierce,standard,131,0,0,0,0,0.12,0.35,0,0,0,13,12,0,0,0,200,10000,2,0,0,0,0,6,6,6,6,8000,Shield Strike,0,0,0
62520300,Ritual Thrusting Shield,Quality,90,Thrusting Shield,ThrustingShield,1,pierce,standard,131,0,0,0,0,0.45,0.45,0,0,0,13,12,0,0,0,300,10000,8,0,0,0,0,6,6,6,6,8000,Shield Strike,0,0,0
62520400,Ritual Thrusting Shield,Fire,90,Thrusting Shield,ThrustingShield,1,pierce,standard,131,0,131,0,0,0.26,0.12,0,0,0,13,12,0,0,0,400,10005,0,0,4,0,0,6,6,6,6,8000,Shield Strike,0,0,0
62520500,Ritual Thrusting Shield,Flame Art,90,Thrusting Shield,ThrustingShield,1,pierce,standard,131,0,131,0,0,0.07,0.11,0,0.26,0,13,12,0,0,0,500,10000,0,0,4,0,0,6,6,6,6,8000,Shield Strike,0,0,0
62520600,Ritual Thrusting Shield,Lightning,90,Thrusting Shield,ThrustingShield,1,pierce,standard,131,0,0,131,0,0.12,0.26,0,0,0,13,12,0,0,0,600,10000,0,0,0,4,0,6,6,6,6,8000,Shield Strike,0,0,0
62520700,Ritual Thrusting Shield,Sacred,90,Thrusting Shield,ThrustingShield,1,pierce,standard,131,0,0,0,131,0.07,0.11,0,0.26,0,13,12,0,0,0,700,10000,0,0,0,0,4,6,6,6,6,8000,Shield Strike,0,0,0
62520800,Ritual Thrusting Shield,Magic,90,Thrusting Shield,ThrustingShield,1,pierce,standard,131,131,0,0,0,0.07,0.11,0.28,0,0,13,12,0,0,0,800,10000,0,4,0,0,0,6,6,6,6,8000,Shield Strike,0,0,0
62520900,Ritual Thrusting Shield,Cold,90,Thrusting Shield,ThrustingShield,1,pierce,standard,131,113,0,0,0,0.22,0.31,0.25,0,0,13,12,0,0,0,900,10000,0,4,0,0,0,6,6,6,6,8000,Shield Strike,0,0,0
62521000,Ritual Thrusting Shield,Poison,90,Thrusting Shield,ThrustingShield,1,pierce,standard,131,0,0,0,0,0.24,0.37,0,0,0.22,13,12,0,0,0,1000,10013,0,0,0,0,0,6,6,6,6,8000,Shield Strike,0,0,0
62521100,Ritual Thrusting Shield,Blood,90,Thrusting Shield,ThrustingShield,1,pierce,standard,131,0,0,0,0,0.24,0.37,0,0,0.22,13,12,0,0,0,1100,10013,0,0,0,0,0,6,6,6,6,8000,Shield Strike,0,0,0
62521200,Ritual Thrusting Shield,Occult,90,Thrusting Shield,ThrustingShield,1,pierce,standard,131,0,0,0,0,0.1,0.15,0,0,0.52,13,12,0,0,0,1200,10013,7,0,0,0,0,6,6,6,6,8000,Shield Strike,0,0,0
63500000,Smithscript Dagger,Standard,91,Throwing Blade,ThrowingWeapon,1,slash,pierce,62,0,0,0,0,0.2,0.65,0.1,0.1,0,5,11,11,11,0,0,20010100,0,0,0,0,0,6,6,6,6,4020,Piercing Throw,0,1,0
63500100,Smithscript Dagger,Heavy,91,Throwing Blade,ThrowingWeapon,1,slash,pierce,55,0,0,0,0,0.57,0,0.1,0.1,0,5,11,11,11,0,100,20010100,1,0,0,0,0,6,6,6,6,4020,Piercing Throw,0,1,0
63500200,Smithscript Dagger,Keen,91,Throwing Blade,ThrowingWeapon,1,slash,pierce,55,0,0,0,0,0.21,0.73,0.1,0.1,0,5,11,11,11,0,5000,20010100,2,0,0,0,0,6,6,6,6,4020,Piercing Throw,0,1,0
63500300,Smithscript Dagger,Quality,91,Throwing Blade,ThrowingWeapon,1,slash,pierce,55,0,0,0,0,0.66,0.66,0.1,0.1,0,5,11,11,11,0,300,20010100,8,0,0,0,0,6,6,6,6,4020,Piercing Throw,0,1,0
63500400,Smithscript Dagger,Fire,91,Throwing Blade,ThrowingWeapon,1,slash,pierce,55,0,55,0,0,0.49,0.1,0.1,0.1,0,5,11,11,11,0,400,20010101,0,0,4,0,0,6,6,6,6,4020,Piercing Throw,0,1,0
63500500,Smithscript Dagger,Flame Art,91,Throwing Blade,ThrowingWeapon,1,slash,pierce,55,0,55,0,0,0.06,0.19,0.1,0.57,0,5,11,11,11,0,500,20010103,0,0,4,0,0,6,6,6,6,4020,Piercing Throw,0,1,0
63500600,Smithscript Dagger,Lightning,91,Throwing Blade,ThrowingWeapon,1,slash,pierce,55,0,0,55,0,0.1,0.49,0.1,0.1,0,5,11,11,11,0,600,20010100,0,0,0,4,0,6,6,6,6,4020,Piercing Throw,0,1,0
63500700,Smithscript Dagger,Sacred,91,Throwing Blade,ThrowingWeapon,1,slash,pierce,55,0,0,0,55,0.06,0.19,0.1,0.57,0,5,11,11,11,0,700,20010105,0,0,0,0,4,6,6,6,6,4020,Piercing Throw,0,1,0
63500800,Smithscript Dagger,Magic,91,Throwing Blade,ThrowingWeapon,1,slash,pierce,55,55,0,0,0,0.06,0.19,0.58,0.1,0,5,11,11,11,0,800,20010104,0,4,0,0,0,6,6,6,6,4020,Piercing Throw,0,1,0
63500900,Smithscript Dagger,Cold,91,Throwing Blade,ThrowingWeapon,1,slash,pierce,55,47,0,0,0,0.18,0.58,0.54,0.1,0,5,11,11,11,0,900,20010104,0,4,0,0,0,6,6,6,6,4020,Piercing Throw,0,1,0
63501000,Smithscript Dagger,Poison,91,Throwing Blade,ThrowingWeapon,1,slash,pierce,55,0,0,0,0,0.19,0.61,0.1,0.1,0.3,5,11,11,11,0,1000,20010102,0,0,0,0,0,6,6,6,6,4020,Piercing Throw,0,1,0
63501100,Smithscript Dagger,Blood,91,Throwing Blade,ThrowingWeapon,1,slash,pierce,55,0,0,0,0,0.19,0.61,0.1,0.1,0.3,5,11,11,11,0,1100,20010102,0,0,0,0,0,6,6,6,6,4020,Piercing Throw,0,1,0
63501200,Smithscript Dagger,Occult,91,Throwing Blade,ThrowingWeapon,1,slash,pierce,55,0,0,0,0,0.08,0.26,0.1,0.1,0.89,5,11,11,11,0,1200,20010102,7,0,0,0,0,6,6,6,6,4020,Piercing Throw,0,1,0
64500000,Backhand Blade,Standard,92,Reverse-hand Blade,ReverseHandSword,1,slash,pierce,105,0,0,0,0,0.45,0.55,0,0,0,10,13,0,0,0,0,10000,0,0,0,0,0,6,6,6,6,4090,Blind Spot,0,1,0
64500100,Backhand Blade,Heavy,92,Reverse-hand Blade,ReverseHandSword,1,slash,pierce,100,0,0,0,0,0.55,0,0,0,0,10,13,0,0,0,100,10000,1,0,0,0,0,6,6,6,6,4090,Blind Spot,0,1,0
64500200,Backhand Blade,Keen,92,Reverse-hand Blade,ReverseHandSword,1,slash,pierce,100,0,0,0,0,0.2,0.7,0,0,0,10,13,0,0,0,5000,10000,2,0,0,0,0,6,6,6,6,4090,Blind Spot,0,1,0
64500300,Backhand Blade,Quality,92,Reverse-hand Blade,ReverseHandSword,1,slash,pierce,100,0,0,0,0,0.63,0.63,0,0,0,10,13,0,0,0,300,10000,8,0,0,0,0,6,6,6,6,4090,Blind Spot,0,1,0
64500400,Backhand Blade,Fire,92,Reverse-hand Blade,ReverseHandSword,1,slash,pierce,100,0,100,0,0,0.47,0.1,0,0,0,10,13,0,0,0,400,10005,0,0,4,0,0,6,6,6,6,4090,Blind Spot,0,1,0
64500500,Backhand Blade,Flame Art,92,Reverse-hand Blade,ReverseHandSword,1,slash,pierce,100,0,100,0,0,0.13,0.16,0,0.55,0,10,13,0,0,0,500,10000,0,0,4,0,0,6,6,6,6,4090,Blind Spot,0,1,0
64500600,Backhand Blade,Lightning,92,Reverse-hand Blade,ReverseHandSword,1,slash,pierce,100,0,0,100,0,0.1,0.47,0,0,0,10,13,0,0,0,600,10000,0,0,0,4,0,6,6,6,6,4090,Blind Spot,0,1,0
64500700,Backhand Blade,Sacred,92,Reverse-hand Blade,ReverseHandSword,1,slash,pierce,100,0,0,0,100,0.13,0.16,0,0.55,0,10,13,0,0,0,700,10000,0,0,0,0,4,6,6,6,6,4090,Blind Spot,0,1,0
64500800,Backhand Blade,Magic,92,Reverse-hand Blade,ReverseHandSword,1,slash,pierce,100,100,0,0,0,0.13,0.16,0.56,0,0,10,13,0,0,0,800,10000,0,4,0,0,0,6,6,6,6,4090,Blind Spot,0,1,0
64500900,Backhand Blade,Cold,92,Reverse-hand Blade,ReverseHandSword,1,slash,pierce,100,85,0,0,0,0.4,0.49,0.52,0,0,10,13,0,0,0,900,10000,0,4,0,0,0,6,6,6,6,4090,Blind Spot,0,1,0
64501000,Backhand Blade,Poison,92,Reverse-hand Blade,ReverseHandSword,1,slash,pierce,100,0,0,0,0,0.42,0.52,0,0,0.3,10,13,0,0,0,1000,10013,0,0,0,0,0,6,6,6,6,4090,Blind Spot,0,1,0
64501100,Backhand Blade,Blood,92,Reverse-hand Blade,ReverseHandSword,1,slash,pierce,100,0,0,0,0,0.42,0.52,0,0,0.3,10,13,0,0,0,1100,10013,0,0,0,0,0,6,6,6,6,4090,Blind Spot,0,1,0
64501200,Backhand Blade,Occult,92,Reverse-hand Blade,ReverseHandSword,1,slash,pierce,100,0,0,0,0,0.18,0.22,0,0,0.85,10,13,0,0,0,1200,10013,7,0,0,0,0,6,6,6,6,4090,Blind Spot,0,1,0
64510000,Smithscript Cirque,Standard,92,Reverse-hand Blade,ReverseHandSword,1,slash,slash,100,0,0,0,0,0.35,0.5,0.1,0.1,0,9,14,11,11,0,0,20010100,0,0,0,0,0,6,6,6,6,4090,Blind Spot,0,1,0
64510100,Smithscript Cirque,Heavy,92,Reverse-hand Blade,ReverseHandSword,1,slash,slash,90,0,0,0,0,0.57,0,0.1,0.1,0,9,14,11,11,0,100,20010100,1,0,0,0,0,6,6,6,6,4090,Blind Spot,0,1,0
64510200,Smithscript Cirque,Keen,92,Reverse-hand Blade,ReverseHandSword,1,slash,slash,90,0,0,0,0,0.21,0.73,0.1,0.1,0,9,14,11,11,0,5000,20010100,2,0,0,0,0,6,6,6,6,4090,Blind Spot,0,1,0
64510300,Smithscript Cirque,Quality,92,Reverse-hand Blade,ReverseHandSword,1,slash,slash,90,0,0,0,0,0.66,0.66,0.1,0.1,0,9,14,11,11,0,300,20010100,8,0,0,0,0,6,6,6,6,4090,Blind Spot,0,1,0
64510400,Smithscript Cirque,Fire,92,Reverse-hand Blade,ReverseHandSword,1,slash,slash,90,0,90,0,0,0.49,0.1,0.1,0.1,0,9,14,11,11,0,400,20010101,0,0,4,0,0,6,6,6,6,4090,Blind Spot,0,1,0
64510500,Smithscript Cirque,Flame Art,92,Reverse-hand Blade,ReverseHandSword,1,slash,slash,90,0,90,0,0,0.1,0.15,0.1,0.57,0,9,14,11,11,0,500,20010103,0,0,4,0,0,6,6,6,6,4090,Blind Spot,0,1,0
64510600,Smithscript Cirque,Lightning,92,Reverse-hand Blade,ReverseHandSword,1,slash,slash,90,0,0,90,0,0.1,0.49,0.1,0.1,0,9,14,11,11,0,600,20010100,0,0,0,4,0,6,6,6,6,4090,Blind Spot,0,1,0
64510700,Smithscript Cirque,Sacred,92,Reverse-hand Blade,ReverseHandSword,1,slash,slash,90,0,0,0,90,0.1,0.15,0.1,0.57,0,9,14,11,11,0,700,20010105,0,0,0,0,4,6,6,6,6,4090,Blind Spot,0,1,0
64510800,Smithscript Cirque,Magic,92,Reverse-hand Blade,ReverseHandSword,1,slash,slash,90,90,0,0,0,0.1,0.15,0.58,0.1,0,9,14,11,11,0,800,20010104,0,4,0,0,0,6,6,6,6,4090,Blind Spot,0,1,0
64510900,Smithscript Cirque,Cold,92,Reverse-hand Blade,ReverseHandSword,1,slash,slash,90,77,0,0,0,0.31,0.45,0.54,0.1,0,9,14,11,11,0,900,20010104,0,4,0,0,0,6,6,6,6,4090,Blind Spot,0,1,0
64511000,Smithscript Cirque,Poison,92,Reverse-hand Blade,ReverseHandSword,1,slash,slash,90,0,0,0,0,0.33,0.47,0.1,0.1,0.3,9,14,11,11,0,1000,20010102,0,0,0,0,0,6,6,6,6,4090,Blind Spot,0,1,0
64511100,Smithscript Cirque,Blood,92,Reverse-hand Blade,ReverseHandSword,1,slash,slash,90,0,0,0,0,0.33,0.47,0.1,0.1,0.3,9,14,11,11,0,1100,20010102,0,0,0,0,0,6,6,6,6,4090,Blind Spot,0,1,0
64511200,Smithscript Cirque,Occult,92,Reverse-hand Blade,ReverseHandSword,1,slash,slash,90,0,0,0,0,0.14,0.2,0.1,0.1,0.89,9,14,11,11,0,1200,20010102,7,0,0,0,0,6,6,6,6,4090,Blind Spot,0,1,0
64520000,Curseblade's Cirque,Standard,92,Reverse-hand Blade,ReverseHandSword,1.18,slash,slash,108,0,0,0,0,0.2,0.75,0,0,0,9,22,0,0,0,2200,10000,0,0,0,0,0,6,6,6,6,5350,Deadly Dance,1,1,1
64530000,Reverse-Bladed Sword,Standard,92,Reverse-hand Blade,ReverseHandSword,1,slash,pierce,115,0,0,0,0,0.3,0.4,0,0,0,9,11,0,0,0,0,10000,0,0,0,0,0,6,6,6,6,4090,Blind Spot,0,1,0
64530100,Reverse-Bladed Sword,Heavy,92,Reverse-hand Blade,ReverseHandSword,1,slash,pierce,110,0,0,0,0,0.4,0,0,0,0,9,11,0,0,0,100,10000,1,0,0,0,0,6,6,6,6,4090,Blind Spot,0,1,0
64530200,Reverse-Bladed Sword,Keen,92,Reverse-hand Blade,ReverseHandSword,1,slash,pierce,110,0,0,0,0,0.15,0.5,0,0,0,9,11,0,0,0,5000,10000,2,0,0,0,0,6,6,6,6,4090,Blind Spot,0,1,0
64530300,Reverse-Bladed Sword,Quality,92,Reverse-hand Blade,ReverseHandSword,1,slash,pierce,110,0,0,0,0,0.45,0.45,0,0,0,9,11,0,0,0,300,10000,8,0,0,0,0,6,6,6,6,4090,Blind Spot,0,1,0
64530400,Reverse-Bladed Sword,Fire,92,Reverse-hand Blade,ReverseHandSword,1,slash,pierce,110,0,110,0,0,0.35,0.07,0,0,0,9,11,0,0,0,400,10005,0,0,4,0,0,6,6,6,6,4090,Blind Spot,0,1,0
64530500,Reverse-Bladed Sword,Flame Art,92,Reverse-hand Blade,ReverseHandSword,1,slash,pierce,110,0,110,0,0,0.09,0.11,0,0.4,0,9,11,0,0,0,500,10000,0,0,4,0,0,6,6,6,6,4090,Blind Spot,0,1,0
64530600,Reverse-Bladed Sword,Lightning,92,Reverse-hand Blade,ReverseHandSword,1,slash,pierce,110,0,0,110,0,0.07,0.36,0,0,0,9,11,0,0,0,600,10000,0,0,0,4,0,6,6,6,6,4090,Blind Spot,0,1,0
64530700,Reverse-Bladed Sword,Sacred,92,Reverse-hand Blade,ReverseHandSword,1,slash,pierce,110,0,0,0,110,0.1,0.12,0,0.4,0,9,11,0,0,0,700,10000,0,0,0,0,4,6,6,6,6,4090,Blind Spot,0,1,0
64530800,Reverse-Bladed Sword,Magic,92,Reverse-hand Blade,ReverseHandSword,1,slash,pierce,110,110,0,0,0,0.1,0.11,0.41,0,0,9,11,0,0,0,800,10000,0,4,0,0,0,6,6,6,6,4090,Blind Spot,0,1,0
64530900,Reverse-Bladed Sword,Cold,92,Reverse-hand Blade,ReverseHandSword,1,slash,pierce,110,94,0,0,0,0.4,0.49,0.39,0,0,9,11,0,0,0,900,10000,0,4,0,0,0,6,6,6,6,4090,Blind Spot,0,1,0
64531000,Reverse-Bladed Sword,Poison,92,Reverse-hand Blade,ReverseHandSword,1,slash,pierce,110,0,0,0,0,0.31,0.37,0,0,0.22,9,11,0,0,0,1000,10013,0,0,0,0,0,6,6,6,6,4090,Blind Spot,0,1,0
64531100,Reverse-Bladed Sword,Blood,92,Reverse-hand Blade,ReverseHandSword,1,slash,pierce,110,0,0,0,0,0.31,0.37,0,0,0.22,9,11,0,0,0,1100,10013,0,0,0,0,0,6,6,6,6,4090,Blind Spot,0,1,0
64531200,Reverse-Bladed Sword,Occult,92,Reverse-hand Blade,ReverseHandSword,1,slash,pierce,110,0,0,0,0,0.12,0.17,0,0,0.6,9,11,0,0,0,1200,10013,7,0,0,0,0,6,6,6,6,4090,Blind Spot,0,1,0
66500000,Great Katana,Standard,94,Great Katana,GreatKatana,1,slash,pierce,145,0,0,0,0,0.3,0.5,0,0,0,14,18,0,0,0,0,10000,0,0,0,0,0,6,6,6,6,4110,Overhead Stance,0,0,0
66500100,Great Katana,Heavy,94,Great Katana,GreatKatana,1,slash,pierce,140,0,0,0,0,0.44,0,0,0,0,14,18,0,0,0,100,10000,1,0,0,0,0,6,6,6,6,4110,Overhead Stance,0,0,0
66500200,Great Katana,Keen,94,Great Katana,GreatKatana,1,slash,pierce,140,0,0,0,0,0.16,0.44,0,0,0,14,18,0,0,0,200,10000,2,0,0,0,0,6,6,6,6,4110,Overhead Stance,0,0,0
66500300,Great Katana,Quality,94,Great Katana,GreatKatana,1,slash,pierce,140,0,0,0,0,0.52,0.52,0,0,0,14,18,0,0,0,300,10000,8,0,0,0,0,6,6,6,6,4110,Overhead Stance,0,0,0
66500400,Great Katana,Fire,94,Great Katana,GreatKatana,1,slash,pierce,140,0,140,0,0,0.33,0.16,0,0,0,14,18,0,0,0,400,10005,0,0,4,0,0,6,6,6,6,4110,Overhead Stance,0,0,0
66500500,Great Katana,Flame Art,94,Great Katana,GreatKatana,1,slash,pierce,140,0,140,0,0,0.09,0.15,0,0.35,0,14,18,0,0,0,500,10000,0,0,4,0,0,6,6,6,6,4110,Overhead Stance,0,0,0
66500600,Great Katana,Lightning,94,Great Katana,GreatKatana,1,slash,pierce,140,0,0,140,0,0.16,0.33,0,0,0,14,18,0,0,0,600,10000,0,0,0,4,0,6,6,6,6,4110,Overhead Stance,0,0,0
66500700,Great Katana,Sacred,94,Great Katana,GreatKatana,1,slash,pierce,140,0,0,0,140,0.09,0.15,0,0.35,0,14,18,0,0,0,700,10000,0,0,0,0,4,6,6,6,6,4110,Overhead Stance,0,0,0
66500800,Great Katana,Magic,94,Great Katana,GreatKatana,1,slash,pierce,140,140,0,0,0,0.09,0.15,0.36,0,0,14,18,0,0,0,800,10000,0,4,0,0,0,6,6,6,6,4110,Overhead Stance,0,0,0
66500900,Great Katana,Cold,94,Great Katana,GreatKatana,1,slash,pierce,140,119,0,0,0,0.27,0.45,0.36,0,0,14,18,0,0,0,900,10000,0,4,0,0,0,6,6,6,6,4110,Overhead Stance,0,0,0
66501000,Great Katana,Poison,94,Great Katana,GreatKatana,1,slash,pierce,140,0,0,0,0,0.28,0.47,0,0,0.3,14,18,0,0,0,1000,10013,0,0,0,0,0,6,6,6,6,4110,Overhead Stance,0,0,0
66501100,Great Katana,Blood,94,Great Katana,GreatKatana,1,slash,pierce,140,0,0,0,0,0.28,0.47,0,0,0.3,14,18,0,0,0,1100,10013,0,0,0,0,0,6,6,6,6,4110,Overhead Stance,0,0,0
66501200,Great Katana,Occult,94,Great Katana,GreatKatana,1,slash,pierce,140,0,0,0,0,0.12,0.2,0,0,0.68,14,18,0,0,0,1200,10013,7,0,0,0,0,6,6,6,6,4110,Overhead Stance,0,0,0
66510000,Dragon-Hunter's Great Katana,Standard,94,Great Katana,GreatKatana,1.045,slash,pierce,152,0,0,0,0,0.37,0.37,0,0,0,15,20,0,0,0,2200,10000,0,0,0,0,0,6,6,6,6,5000,Dragonwound Slash,1,0,1
66520000,Rakshasa's Great Katana,Standard,94,Great Katana,GreatKatana,1.035,slash,pierce,155,0,0,0,0,0.15,0.61,0,0,0,12,27,0,0,0,2200,10000,0,0,0,0,0,6,6,6,6,5450,Weed Cutter,1,0,1
66530000,Reed Great Katana,Standard,94,Great Katana,GreatKatana,1,slash,pierce,158,0,0,0,0,0.25,0.35,0,0,0,11,16,0,0,0,0,10000,0,0,0,0,0,6,6,6,6,4110,Overhead Stance,0,0,0
66530100,Reed Great Katana,Heavy,94,Great Katana,GreatKatana,1,slash,pierce,152,0,0,0,0,0.34,0,0,0,0,11,16,0,0,0,100,10000,1,0,0,0,0,6,6,6,6,4110,Overhead Stance,0,0,0
66530200,Reed Great Katana,Keen,94,Great Katana,GreatKatana,1,slash,pierce,152,0,0,0,0,0.11,0.34,0,0,0,11,16,0,0,0,200,10000,2,0,0,0,0,6,6,6,6,4110,Overhead Stance,0,0,0
66530300,Reed Great Katana,Quality,94,Great Katana,GreatKatana,1,slash,pierce,152,0,0,0,0,0.39,0.39,0,0,0,11,16,0,0,0,300,10000,8,0,0,0,0,6,6,6,6,4110,Overhead Stance,0,0,0
66530400,Reed Great Katana,Fire,94,Great Katana,GreatKatana,1,slash,pierce,152,0,152,0,0,0.22,0.11,0,0,0,11,16,0,0,0,400,10005,0,0,4,0,0,6,6,6,6,4110,Overhead Stance,0,0,0
66530500,Reed Great Katana,Flame Art,94,Great Katana,GreatKatana,1,slash,pierce,152,0,152,0,0,0.05,0.1,0,0.28,0,11,16,0,0,0,500,10000,0,0,4,0,0,6,6,6,6,4110,Overhead Stance,0,0,0
66530600,Reed Great Katana,Lightning,94,Great Katana,GreatKatana,1,slash,pierce,152,0,0,152,0,0.11,0.28,0,0,0,11,16,0,0,0,600,10000,0,0,0,4,0,6,6,6,6,4110,Overhead Stance,0,0,0
66530700,Reed Great Katana,Sacred,94,Great Katana,GreatKatana,1,slash,pierce,152,0,0,0,152,0.05,0.1,0,0.28,0,11,16,0,0,0,700,10000,0,0,0,0,4,6,6,6,6,4110,Overhead Stance,0,0,0
66530800,Reed Great Katana,Magic,94,Great Katana,GreatKatana,1,slash,pierce,152,152,0,0,0,0.05,0.1,0.3,0,0,11,16,0,0,0,800,10000,0,4,0,0,0,6,6,6,6,4110,Overhead Stance,0,0,0
66530900,Reed Great Katana,Cold,94,Great Katana,GreatKatana,1,slash,pierce,152,130,0,0,0,0.21,0.38,0.3,0,0,11,16,0,0,0,900,10000,0,4,0,0,0,6,6,6,6,4110,Overhead Stance,0,0,0
66531000,Reed Great Katana,Poison,94,Great Katana,GreatKatana,1,slash,pierce,152,0,0,0,0,0.22,0.4,0,0,0.23,11,16,0,0,0,1000,10013,0,0,0,0,0,6,6,6,6,4110,Overhead Stance,0,0,0
66531100,Reed Great Katana,Blood,94,Great Katana,GreatKatana,1,slash,pierce,152,0,0,0,0,0.22,0.4,0,0,0.23,11,16,0,0,0,1100,10013,0,0,0,0,0,6,6,6,6,4110,Overhead Stance,0,0,0
66531200,Reed Great Katana,Occult,94,Great Katana,GreatKatana,1,slash,pierce,152,0,0,0,0,0.07,0.15,0,0,0.45,11,16,0,0,0,1200,10013,7,0,0,0,0,6,6,6,6,4110,Overhead Stance,0,0,0
67500000,Milady,Standard,93,Light Greatsword,LightGreatsword,0.985,standard,pierce,116,0,0,0,0,0.3,0.55,0,0,0,12,17,0,0,0,0,10000,0,0,0,0,0,6,6,6,6,101,Impaling Thrust,0,0,0
67500100,Milady,Heavy,93,Light Greatsword,LightGreatsword,0.985,standard,pierce,112,0,0,0,0,0.46,0,0,0,0,12,17,0,0,0,100,10000,1,0,0,0,0,6,6,6,6,101,Impaling Thrust,0,0,0
67500200,Milady,Keen,93,Light Greatsword,LightGreatsword,0.985,standard,pierce,112,0,0,0,0,0.17,0.45,0,0,0,12,17,0,0,0,200,10000,2,0,0,0,0,6,6,6,6,101,Impaling Thrust,0,0,0
67500300,Milady,Quality,93,Light Greatsword,LightGreatsword,0.985,standard,pierce,112,0,0,0,0,0.56,0.56,0,0,0,12,17,0,0,0,300,10000,8,0,0,0,0,6,6,6,6,101,Impaling Thrust,0,0,0
67500400,Milady,Fire,93,Light Greatsword,LightGreatsword,0.985,standard,pierce,112,0,112,0,0,0.35,0.17,0,0,0,12,17,0,0,0,400,10005,0,0,4,0,0,6,6,6,6,101,Impaling Thrust,0,0,0
67500500,Milady,Flame Art,93,Light Greatsword,LightGreatsword,0.985,standard,pierce,112,0,112,0,0,0.09,0.16,0,0.37,0,12,17,0,0,0,500,10000,0,0,4,0,0,6,6,6,6,101,Impaling Thrust,0,0,0
67500600,Milady,Lightning,93,Light Greatsword,LightGreatsword,0.985,standard,pierce,112,0,0,112,0,0.17,0.35,0,0,0,12,17,0,0,0,600,10000,0,0,0,4,0,6,6,6,6,101,Impaling Thrust,0,0,0
67500700,Milady,Sacred,93,Light Greatsword,LightGreatsword,0.985,standard,pierce,112,0,0,0,112,0.09,0.16,0,0.37,0,12,17,0,0,0,700,10000,0,0,0,0,4,6,6,6,6,101,Impaling Thrust,0,0,0
67500800,Milady,Magic,93,Light Greatsword,LightGreatsword,0.985,standard,pierce,112,112,0,0,0,0.09,0.16,0.39,0,0,12,17,0,0,0,800,10000,0,4,0,0,0,6,6,6,6,101,Impaling Thrust,0,0,0
67500900,Milady,Cold,93,Light Greatsword,LightGreatsword,0.985,standard,pierce,112,95,0,0,0,0.27,0.49,0.38,0,0,12,17,0,0,0,900,10000,0,4,0,0,0,6,6,6,6,101,Impaling Thrust,0,0,0
67501000,Milady,Poison,93,Light Greatsword,LightGreatsword,0.985,standard,pierce,112,0,0,0,0,0.28,0.52,0,0,0.3,12,17,0,0,0,1000,10013,0,0,0,0,0,6,6,6,6,101,Impaling Thrust,0,0,0
67501100,Milady,Blood,93,Light Greatsword,LightGreatsword,0.985,standard,pierce,112,0,0,0,0,0.28,0.52,0,0,0.3,12,17,0,0,0,1100,10013,0,0,0,0,0,6,6,6,6,101,Impaling Thrust,0,0,0
67501200,Milady,Occult,93,Light Greatsword,LightGreatsword,0.985,standard,pierce,112,0,0,0,0,0.12,0.22,0,0,0.72,12,17,0,0,0,1200,10013,7,0,0,0,0,6,6,6,6,101,Impaling Thrust,0,0,0
67510000,Leda's Sword,Standard,93,Light Greatsword,LightGreatsword,1.015,standard,pierce,101,0,0,0,65,0.15,0.6,0,0.3,0,11,22,0,19,0,2200,10000,0,0,0,0,0,6,6,6,6,5010,Needle Piercer,1,0,1
67520000,Rellana's Twin Blades,Standard,93,Light Greatsword,LightGreatsword,1.03,standard,pierce,103,66,66,0,0,0.37,0.37,0.34,0.34,0,13,16,16,16,0,2200,10000,0,4,4,0,0,6,6,6,6,5170,Moon-and-Fire Stance,1,1,1
67530000,Idus Sword,Standard,93,Light Greatsword,LightGreatsword,1,pierce,standard,124,0,0,0,0,0.28,0.37,0,0,0,10,15,0,0,0,0,10000,0,0,0,0,0,6,6,6,6,101,Impaling Thrust,0,0,0
67530100,Idus Sword,Heavy,93,Light Greatsword,LightGreatsword,1,pierce,standard,120,0,0,0,0,0.36,0,0,0,0,10,15,0,0,0,100,10000,1,0,0,0,0,6,6,6,6,101,Impaling Thrust,0,0,0
67530200,Idus Sword,Keen,93,Light Greatsword,LightGreatsword,1,pierce,standard,120,0,0,0,0,0.12,0.35,0,0,0,10,15,0,0,0,200,10000,2,0,0,0,0,6,6,6,6,101,Impaling Thrust,0,0,0
67530300,Idus Sword,Quality,93,Light Greatsword,LightGreatsword,1,pierce,standard,120,0,0,0,0,0.37,0.37,0,0,0,10,15,0,0,0,300,10000,8,0,0,0,0,6,6,6,6,101,Impaling Thrust,0,0,0
67530400,Idus Sword,Fire,93,Light Greatsword,LightGreatsword,1,pierce,standard,120,0,120,0,0,0.25,0.12,0,0,0,10,15,0,0,0,400,10005,0,0,4,0,0,6,6,6,6,101,Impaling Thrust,0,0,0
67530500,Idus Sword,Flame Art,93,Light Greatsword,LightGreatsword,1,pierce,standard,120,0,120,0,0,0.06,0.13,0,0.28,0,10,15,0,0,0,500,10000,0,0,4,0,0,6,6,6,6,101,Impaling Thrust,0,0,0
67530600,Idus Sword,Lightning,93,Light Greatsword,LightGreatsword,1,pierce,standard,120,0,0,120,0,0.12,0.27,0,0,0,10,15,0,0,0,600,10000,0,0,0,4,0,6,6,6,6,101,Impaling Thrust,0,0,0
67530700,Idus Sword,Sacred,93,Light Greatsword,LightGreatsword,1,pierce,standard,120,0,0,0,120,0.06,0.12,0,0.27,0,10,15,0,0,0,700,10000,0,0,0,0,4,6,6,6,6,101,Impaling Thrust,0,0,0
67530800,Idus Sword,Magic,93,Light Greatsword,LightGreatsword,1,pierce,standard,120,120,0,0,0,0.06,0.12,0.28,0,0,10,15,0,0,0,800,10000,0,4,0,0,0,6,6,6,6,101,Impaling Thrust,0,0,0
67530900,Idus Sword,Cold,93,Light Greatsword,LightGreatsword,1,pierce,standard,120,103,0,0,0,0.21,0.37,0.28,0,0,10,15,0,0,0,900,10000,0,4,0,0,0,6,6,6,6,101,Impaling Thrust,0,0,0
67531000,Idus Sword,Poison,93,Light Greatsword,LightGreatsword,1,pierce,standard,120,0,0,0,0,0.22,0.39,0,0,0.24,10,15,0,0,0,1000,10013,0,0,0,0,0,6,6,6,6,101,Impaling Thrust,0,0,0
67531100,Idus Sword,Blood,93,Light Greatsword,LightGreatsword,1,pierce,standard,120,0,0,0,0,0.22,0.39,0,0,0.24,10,15,0,0,0,1100,10013,0,0,0,0,0,6,6,6,6,101,Impaling Thrust,0,0,0
67531200,Idus Sword,Occult,93,Light Greatsword,LightGreatsword,1,pierce,standard,120,0,0,0,0,0.08,0.13,0,0,0.48,10,15,0,0,0,1200,10013,7,0,0,0,0,6,6,6,6,101,Impaling Thrust,0,0,0
68500000,Beast Claw,Standard,95,Beast Claw,BeastClaw,1,slash,pierce,98,0,0,0,0,0.55,0.3,0,0,0,13,11,0,0,0,0,10000,0,0,0,0,0,6,6,6,6,4070,Savage Claws,0,1,0
68500100,Beast Claw,Heavy,95,Beast Claw,BeastClaw,1,slash,pierce,94,0,0,0,0,0.5,0,0,0,0,13,11,0,0,0,100,10000,1,0,0,0,0,6,6,6,6,4070,Savage Claws,0,1,0
68500200,Beast Claw,Keen,95,Beast Claw,BeastClaw,1,slash,pierce,94,0,0,0,0,0.17,0.47,0,0,0,13,11,0,0,0,200,10000,2,0,0,0,0,6,6,6,6,4070,Savage Claws,0,1,0
68500300,Beast Claw,Quality,95,Beast Claw,BeastClaw,1,slash,pierce,94,0,0,0,0,0.58,0.58,0,0,0,13,11,0,0,0,300,10000,8,0,0,0,0,6,6,6,6,4070,Savage Claws,0,1,0
68500400,Beast Claw,Fire,95,Beast Claw,BeastClaw,1,slash,pierce,94,0,94,0,0,0.38,0.17,0,0,0,13,11,0,0,0,400,10005,0,0,4,0,0,6,6,6,6,4070,Savage Claws,0,1,0
68500500,Beast Claw,Flame Art,95,Beast Claw,BeastClaw,1,slash,pierce,94,0,94,0,0,0.22,0.12,0,0.38,0,13,11,0,0,0,500,10000,0,0,4,0,0,6,6,6,6,4070,Savage Claws,0,1,0
68500600,Beast Claw,Lightning,95,Beast Claw,BeastClaw,1,slash,pierce,94,0,0,94,0,0.17,0.38,0,0,0,13,11,0,0,0,600,10000,0,0,0,4,0,6,6,6,6,4070,Savage Claws,0,1,0
68500700,Beast Claw,Sacred,95,Beast Claw,BeastClaw,1,slash,pierce,94,0,0,0,94,0.22,0.12,0,0.38,0,13,11,0,0,0,700,10000,0,0,0,0,4,6,6,6,6,4070,Savage Claws,0,1,0
68500800,Beast Claw,Magic,95,Beast Claw,BeastClaw,1,slash,pierce,94,94,0,0,0,0.16,0.09,0.46,0,0,13,11,0,0,0,800,10000,0,4,0,0,0,6,6,6,6,4070,Savage Claws,0,1,0
68500900,Beast Claw,Cold,95,Beast Claw,BeastClaw,1,slash,pierce,94,80,0,0,0,0.49,0.27,0.42,0,0,13,11,0,0,0,900,10000,0,4,0,0,0,6,6,6,6,4070,Savage Claws,0,1,0
68501000,Beast Claw,Poison,95,Beast Claw,BeastClaw,1,slash,pierce,94,0,0,0,0,0.52,0.28,0,0,0.3,13,11,0,0,0,1000,10013,0,0,0,0,0,6,6,6,6,4070,Savage Claws,0,1,0
68501100,Beast Claw,Blood,95,Beast Claw,BeastClaw,1,slash,pierce,94,0,0,0,0,0.52,0.28,0,0,0.3,13,11,0,0,0,1100,10013,0,0,0,0,0,6,6,6,6,4070,Savage Claws,0,1,0
68501200,Beast Claw,Occult,95,Beast Claw,BeastClaw,1,slash,pierce,94,0,0,0,0,0.22,0.12,0,0,0.72,13,11,0,0,0,1200,10013,7,0,0,0,0,6,6,6,6,4070,Savage Claws,0,1,0
68510000,Red Bear's Claw,Standard,95,Beast Claw,BeastClaw,1.06,slash,pierce,104,0,0,0,0,0.62,0.18,0,0,0,20,10,0,0,0,2200,10000,0,0,0,0,0,6,6,6,6,4080,Red Bear Hunt,1,1,1
