aow_id,name,affinity,weapon_count,sample_weapon_names
505,Aeonian Rush,Bestial,124,Backhand Blade|Bandit's Curved Sword|Bastard Sword|Battle Axe|Battle Hammer
505,Aeonian Rush,Draconic,124,Backhand Blade|Bandit's Curved Sword|Bastard Sword|Battle Axe|Battle Hammer
505,Aeonian Rush,Dragonkin,124,Backhand Blade|Bandit's Curved Sword|Bastard Sword|Battle Axe|Battle Hammer
505,Aeonian Rush,Flame,124,Backhand Blade|Bandit's Curved Sword|Bastard Sword|Battle Axe|Battle Hammer
505,Aeonian Rush,Glint,124,Backhand Blade|Bandit's Curved Sword|Bastard Sword|Battle Axe|Battle Hammer
505,Aeonian Rush,Golden,124,Backhand Blade|Bandit's Curved Sword|Bastard Sword|Battle Axe|Battle Hammer
505,Aeonian Rush,Gravity,124,Backhand Blade|Bandit's Curved Sword|Bastard Sword|Battle Axe|Battle Hammer
505,Aeonian Rush,Heavy,124,Backhand Blade|Bandit's Curved Sword|Bastard Sword|Battle Axe|Battle Hammer
505,Aeonian Rush,Keen,124,Backhand Blade|Bandit's Curved Sword|Bastard Sword|Battle Axe|Battle Hammer
505,Aeonian Rush,Quality,124,Backhand Blade|Bandit's Curved Sword|Bastard Sword|Battle Axe|Battle Hammer
505,Aeonian Rush,Standard,127,Backhand Blade|Bandit's Curved Sword|Bastard Sword|Battle Axe|Battle Hammer
105,Ancient Thunderclap,Bestial,20,Cross-Naginata|Dueling Shield|Gaelor's Mancatcher|Glaive|Great Épée
105,Ancient Thunderclap,Draconic,20,Cross-Naginata|Dueling Shield|Gaelor's Mancatcher|Glaive|Great Épée
105,Ancient Thunderclap,Dragonkin,20,Cross-Naginata|Dueling Shield|Gaelor's Mancatcher|Glaive|Great Épée
105,Ancient Thunderclap,Flame,20,Cross-Naginata|Dueling Shield|Gaelor's Mancatcher|Glaive|Great Épée
105,Ancient Thunderclap,Glint,20,Cross-Naginata|Dueling Shield|Gaelor's Mancatcher|Glaive|Great Épée
105,Ancient Thunderclap,Golden,20,Cross-Naginata|Dueling Shield|Gaelor's Mancatcher|Glaive|Great Épée
105,Ancient Thunderclap,Gravity,20,Cross-Naginata|Dueling Shield|Gaelor's Mancatcher|Glaive|Great Épée
105,Ancient Thunderclap,Heavy,20,Cross-Naginata|Dueling Shield|Gaelor's Mancatcher|Glaive|Great Épée
105,Ancient Thunderclap,Keen,20,Cross-Naginata|Dueling Shield|Gaelor's Mancatcher|Glaive|Great Épée
105,Ancient Thunderclap,Quality,20,Cross-Naginata|Dueling Shield|Gaelor's Mancatcher|Glaive|Great Épée
105,Ancient Thunderclap,Standard,21,Cross-Naginata|Dueling Shield|Gaelor's Mancatcher|Gargoyle's Black Blades|Glaive
2001,Aspects of the Crucible: Wings,Bestial,66,Bandit's Curved Sword|Bastard Sword|Bloodstained Dagger|Broadsword|Cane Sword
2001,Aspects of the Crucible: Wings,Draconic,66,Bandit's Curved Sword|Bastard Sword|Bloodstained Dagger|Broadsword|Cane Sword
2001,Aspects of the Crucible: Wings,Dragonkin,66,Bandit's Curved Sword|Bastard Sword|Bloodstained Dagger|Broadsword|Cane Sword
2001,Aspects of the Crucible: Wings,Flame,66,Bandit's Curved Sword|Bastard Sword|Bloodstained Dagger|Broadsword|Cane Sword
2001,Aspects of the Crucible: Wings,Glint,66,Bandit's Curved Sword|Bastard Sword|Bloodstained Dagger|Broadsword|Cane Sword
2001,Aspects of the Crucible: Wings,Golden,66,Bandit's Curved Sword|Bastard Sword|Bloodstained Dagger|Broadsword|Cane Sword
2001,Aspects of the Crucible: Wings,Gravity,66,Bandit's Curved Sword|Bastard Sword|Bloodstained Dagger|Broadsword|Cane Sword
2001,Aspects of the Crucible: Wings,Heavy,66,Bandit's Curved Sword|Bastard Sword|Bloodstained Dagger|Broadsword|Cane Sword
2001,Aspects of the Crucible: Wings,Keen,66,Bandit's Curved Sword|Bastard Sword|Bloodstained Dagger|Broadsword|Cane Sword
2001,Aspects of the Crucible: Wings,Quality,66,Bandit's Curved Sword|Bastard Sword|Bloodstained Dagger|Broadsword|Cane Sword
2001,Aspects of the Crucible: Wings,Standard,67,Bandit's Curved Sword|Bastard Sword|Bloodstained Dagger|Broadsword|Cane Sword
602,Assassin's Gambit,Bestial,25,Bloodstained Dagger|Broadsword|Cane Sword|Cleanrot Knight's Sword|Dagger
602,Assassin's Gambit,Draconic,25,Bloodstained Dagger|Broadsword|Cane Sword|Cleanrot Knight's Sword|Dagger
602,Assassin's Gambit,Dragonkin,25,Bloodstained Dagger|Broadsword|Cane Sword|Cleanrot Knight's Sword|Dagger
602,Assassin's Gambit,Flame,25,Bloodstained Dagger|Broadsword|Cane Sword|Cleanrot Knight's Sword|Dagger
602,Assassin's Gambit,Glint,25,Bloodstained Dagger|Broadsword|Cane Sword|Cleanrot Knight's Sword|Dagger
602,Assassin's Gambit,Golden,25,Bloodstained Dagger|Broadsword|Cane Sword|Cleanrot Knight's Sword|Dagger
602,Assassin's Gambit,Gravity,25,Bloodstained Dagger|Broadsword|Cane Sword|Cleanrot Knight's Sword|Dagger
602,Assassin's Gambit,Heavy,25,Bloodstained Dagger|Broadsword|Cane Sword|Cleanrot Knight's Sword|Dagger
602,Assassin's Gambit,Keen,25,Bloodstained Dagger|Broadsword|Cane Sword|Cleanrot Knight's Sword|Dagger
602,Assassin's Gambit,Quality,25,Bloodstained Dagger|Broadsword|Cane Sword|Cleanrot Knight's Sword|Dagger
602,Assassin's Gambit,Standard,26,Bloodstained Dagger|Broadsword|Cane Sword|Cleanrot Knight's Sword|Dagger
805,Assassin’s Feint,Bestial,32,Bastard Sword|Bloodstained Dagger|Broadsword|Cane Sword|Claymore
805,Assassin’s Feint,Draconic,32,Bastard Sword|Bloodstained Dagger|Broadsword|Cane Sword|Claymore
805,Assassin’s Feint,Dragonkin,32,Bastard Sword|Bloodstained Dagger|Broadsword|Cane Sword|Claymore
805,Assassin’s Feint,Flame,32,Bastard Sword|Bloodstained Dagger|Broadsword|Cane Sword|Claymore
805,Assassin’s Feint,Glint,32,Bastard Sword|Bloodstained Dagger|Broadsword|Cane Sword|Claymore
805,Assassin’s Feint,Golden,32,Bastard Sword|Bloodstained Dagger|Broadsword|Cane Sword|Claymore
805,Assassin’s Feint,Gravity,32,Bastard Sword|Bloodstained Dagger|Broadsword|Cane Sword|Claymore
805,Assassin’s Feint,Heavy,32,Bastard Sword|Bloodstained Dagger|Broadsword|Cane Sword|Claymore
805,Assassin’s Feint,Keen,32,Bastard Sword|Bloodstained Dagger|Broadsword|Cane Sword|Claymore
805,Assassin’s Feint,Quality,32,Bastard Sword|Bloodstained Dagger|Broadsword|Cane Sword|Claymore
805,Assassin’s Feint,Standard,32,Bastard Sword|Bloodstained Dagger|Broadsword|Cane Sword|Claymore
650,Barbaric Roar,Bestial,104,Bandit's Curved Sword|Bastard Sword|Battle Axe|Battle Hammer|Beast Claw
650,Barbaric Roar,Draconic,104,Bandit's Curved Sword|Bastard Sword|Battle Axe|Battle Hammer|Beast Claw
650,Barbaric Roar,Dragonkin,104,Bandit's Curved Sword|Bastard Sword|Battle Axe|Battle Hammer|Beast Claw
650,Barbaric Roar,Flame,104,Bandit's Curved Sword|Bastard Sword|Battle Axe|Battle Hammer|Beast Claw
650,Barbaric Roar,Glint,104,Bandit's Curved Sword|Bastard Sword|Battle Axe|Battle Hammer|Beast Claw
650,Barbaric Roar,Golden,104,Bandit's Curved Sword|Bastard Sword|Battle Axe|Battle Hammer|Beast Claw
650,Barbaric Roar,Gravity,104,Bandit's Curved Sword|Bastard Sword|Battle Axe|Battle Hammer|Beast Claw
650,Barbaric Roar,Heavy,104,Bandit's Curved Sword|Bastard Sword|Battle Axe|Battle Hammer|Beast Claw
650,Barbaric Roar,Keen,104,Bandit's Curved Sword|Bastard Sword|Battle Axe|Battle Hammer|Beast Claw
650,Barbaric Roar,Quality,104,Bandit's Curved Sword|Bastard Sword|Battle Axe|Battle Hammer|Beast Claw
650,Barbaric Roar,Standard,107,Bandit's Curved Sword|Bastard Sword|Battle Axe|Battle Hammer|Beast Claw
301,Barricade Shield,Bestial,1,Dueling Shield
301,Barricade Shield,Draconic,1,Dueling Shield
301,Barricade Shield,Dragonkin,1,Dueling Shield
301,Barricade Shield,Flame,1,Dueling Shield
301,Barricade Shield,Glint,1,Dueling Shield
301,Barricade Shield,Golden,1,Dueling Shield
301,Barricade Shield,Gravity,1,Dueling Shield
301,Barricade Shield,Heavy,1,Dueling Shield
301,Barricade Shield,Keen,1,Dueling Shield
301,Barricade Shield,Quality,1,Dueling Shield
301,Barricade Shield,Standard,1,Dueling Shield
652,Beast's Roar,Bestial,124,Backhand Blade|Bandit's Curved Sword|Bastard Sword|Battle Axe|Battle Hammer
652,Beast's Roar,Draconic,124,Backhand Blade|Bandit's Curved Sword|Bastard Sword|Battle Axe|Battle Hammer
652,Beast's Roar,Dragonkin,124,Backhand Blade|Bandit's Curved Sword|Bastard Sword|Battle Axe|Battle Hammer
652,Beast's Roar,Flame,124,Backhand Blade|Bandit's Curved Sword|Bastard Sword|Battle Axe|Battle Hammer
652,Beast's Roar,Glint,124,Backhand Blade|Bandit's Curved Sword|Bastard Sword|Battle Axe|Battle Hammer
652,Beast's Roar,Golden,124,Backhand Blade|Bandit's Curved Sword|Bastard Sword|Battle Axe|Battle Hammer
652,Beast's Roar,Gravity,124,Backhand Blade|Bandit's Curved Sword|Bastard Sword|Battle Axe|Battle Hammer
652,Beast's Roar,Heavy,124,Backhand Blade|Bandit's Curved Sword|Bastard Sword|Battle Axe|Battle Hammer
652,Beast's Roar,Keen,124,Backhand Blade|Bandit's Curved Sword|Bastard Sword|Battle Axe|Battle Hammer
652,Beast's Roar,Quality,124,Backhand Blade|Bandit's Curved Sword|Bastard Sword|Battle Axe|Battle Hammer
652,Beast's Roar,Standard,127,Backhand Blade|Bandit's Curved Sword|Bastard Sword|Battle Axe|Battle Hammer
122,Bestial Mauling,Bestial,20,Cross-Naginata|Dueling Shield|Gaelor's Mancatcher|Glaive|Great Épée
122,Bestial Mauling,Draconic,20,Cross-Naginata|Dueling Shield|Gaelor's Mancatcher|Glaive|Great Épée
122,Bestial Mauling,Dragonkin,20,Cross-Naginata|Dueling Shield|Gaelor's Mancatcher|Glaive|Great Épée
122,Bestial Mauling,Flame,20,Cross-Naginata|Dueling Shield|Gaelor's Mancatcher|Glaive|Great Épée
122,Bestial Mauling,Glint,20,Cross-Naginata|Dueling Shield|Gaelor's Mancatcher|Glaive|Great Épée
122,Bestial Mauling,Golden,20,Cross-Naginata|Dueling Shield|Gaelor's Mancatcher|Glaive|Great Épée
122,Bestial Mauling,Gravity,20,Cross-Naginata|Dueling Shield|Gaelor's Mancatcher|Glaive|Great Épée
122,Bestial Mauling,Heavy,20,Cross-Naginata|Dueling Shield|Gaelor's Mancatcher|Glaive|Great Épée
122,Bestial Mauling,Keen,20,Cross-Naginata|Dueling Shield|Gaelor's Mancatcher|Glaive|Great Épée
122,Bestial Mauling,Quality,20,Cross-Naginata|Dueling Shield|Gaelor's Mancatcher|Glaive|Great Épée
122,Bestial Mauling,Standard,21,Cross-Naginata|Dueling Shield|Gaelor's Mancatcher|Gargoyle's Black Blades|Glaive
221,Black Flame Tornado,Bestial,19,Cross-Naginata|Gaelor's Mancatcher|Glaive|Grave Scythe|Halberd
221,Black Flame Tornado,Draconic,19,Cross-Naginata|Gaelor's Mancatcher|Glaive|Grave Scythe|Halberd
221,Black Flame Tornado,Dragonkin,19,Cross-Naginata|Gaelor's Mancatcher|Glaive|Grave Scythe|Halberd
221,Black Flame Tornado,Flame,19,Cross-Naginata|Gaelor's Mancatcher|Glaive|Grave Scythe|Halberd
221,Black Flame Tornado,Glint,19,Cross-Naginata|Gaelor's Mancatcher|Glaive|Grave Scythe|Halberd
221,Black Flame Tornado,Golden,19,Cross-Naginata|Gaelor's Mancatcher|Glaive|Grave Scythe|Halberd
221,Black Flame Tornado,Gravity,19,Cross-Naginata|Gaelor's Mancatcher|Glaive|Grave Scythe|Halberd
221,Black Flame Tornado,Heavy,19,Cross-Naginata|Gaelor's Mancatcher|Glaive|Grave Scythe|Halberd
221,Black Flame Tornado,Keen,19,Cross-Naginata|Gaelor's Mancatcher|Glaive|Grave Scythe|Halberd
221,Black Flame Tornado,Quality,19,Cross-Naginata|Gaelor's Mancatcher|Glaive|Grave Scythe|Halberd
221,Black Flame Tornado,Standard,20,Cross-Naginata|Gaelor's Mancatcher|Gargoyle's Black Blades|Glaive|Grave Scythe
4090,Blind Spot,Bestial,2,Backhand Blade|Smithscript Cirque
4090,Blind Spot,Draconic,2,Backhand Blade|Smithscript Cirque
4090,Blind Spot,Dragonkin,2,Backhand Blade|Smithscript Cirque
4090,Blind Spot,Flame,2,Backhand Blade|Smithscript Cirque
4090,Blind Spot,Glint,2,Backhand Blade|Smithscript Cirque
4090,Blind Spot,Golden,2,Backhand Blade|Smithscript Cirque
4090,Blind Spot,Gravity,2,Backhand Blade|Smithscript Cirque
4090,Blind Spot,Heavy,2,Backhand Blade|Smithscript Cirque
4090,Blind Spot,Keen,2,Backhand Blade|Smithscript Cirque
4090,Blind Spot,Quality,2,Backhand Blade|Smithscript Cirque
4090,Blind Spot,Standard,2,Backhand Blade|Smithscript Cirque
4130,Blinkbolt,Bestial,124,Backhand Blade|Bandit's Curved Sword|Bastard Sword|Battle Axe|Battle Hammer
4130,Blinkbolt,Draconic,124,Backhand Blade|Bandit's Curved Sword|Bastard Sword|Battle Axe|Battle Hammer
4130,Blinkbolt,Dragonkin,124,Backhand Blade|Bandit's Curved Sword|Bastard Sword|Battle Axe|Battle Hammer
4130,Blinkbolt,Flame,124,Backhand Blade|Bandit's Curved Sword|Bastard Sword|Battle Axe|Battle Hammer
4130,Blinkbolt,Glint,124,Backhand Blade|Bandit's Curved Sword|Bastard Sword|Battle Axe|Battle Hammer
4130,Blinkbolt,Golden,124,Backhand Blade|Bandit's Curved Sword|Bastard Sword|Battle Axe|Battle Hammer
4130,Blinkbolt,Gravity,124,Backhand Blade|Bandit's Curved Sword|Bastard Sword|Battle Axe|Battle Hammer
4130,Blinkbolt,Heavy,124,Backhand Blade|Bandit's Curved Sword|Bastard Sword|Battle Axe|Battle Hammer
4130,Blinkbolt,Keen,124,Backhand Blade|Bandit's Curved Sword|Bastard Sword|Battle Axe|Battle Hammer
4130,Blinkbolt,Quality,124,Backhand Blade|Bandit's Curved Sword|Bastard Sword|Battle Axe|Battle Hammer
4130,Blinkbolt,Standard,127,Backhand Blade|Bandit's Curved Sword|Bastard Sword|Battle Axe|Battle Hammer
224,Blood Blade,Bestial,35,Backhand Blade|Bandit's Curved Sword|Bloodstained Dagger|Broadsword|Cane Sword
224,Blood Blade,Draconic,35,Backhand Blade|Bandit's Curved Sword|Bloodstained Dagger|Broadsword|Cane Sword
224,Blood Blade,Dragonkin,35,Backhand Blade|Bandit's Curved Sword|Bloodstained Dagger|Broadsword|Cane Sword
224,Blood Blade,Flame,35,Backhand Blade|Bandit's Curved Sword|Bloodstained Dagger|Broadsword|Cane Sword
224,Blood Blade,Glint,35,Backhand Blade|Bandit's Curved Sword|Bloodstained Dagger|Broadsword|Cane Sword
224,Blood Blade,Golden,35,Backhand Blade|Bandit's Curved Sword|Bloodstained Dagger|Broadsword|Cane Sword
224,Blood Blade,Gravity,35,Backhand Blade|Bandit's Curved Sword|Bloodstained Dagger|Broadsword|Cane Sword
224,Blood Blade,Heavy,35,Backhand Blade|Bandit's Curved Sword|Bloodstained Dagger|Broadsword|Cane Sword
224,Blood Blade,Keen,35,Backhand Blade|Bandit's Curved Sword|Bloodstained Dagger|Broadsword|Cane Sword
224,Blood Blade,Quality,35,Backhand Blade|Bandit's Curved Sword|Bloodstained Dagger|Broadsword|Cane Sword
224,Blood Blade,Standard,36,Backhand Blade|Bandit's Curved Sword|Bloodstained Dagger|Broadsword|Cane Sword
801,Bloodhound's Step,Bestial,124,Backhand Blade|Bandit's Curved Sword|Bastard Sword|Battle Axe|Battle Hammer
801,Bloodhound's Step,Draconic,124,Backhand Blade|Bandit's Curved Sword|Bastard Sword|Battle Axe|Battle Hammer
801,Bloodhound's Step,Dragonkin,124,Backhand Blade|Bandit's Curved Sword|Bastard Sword|Battle Axe|Battle Hammer
801,Bloodhound's Step,Flame,124,Backhand Blade|Bandit's Curved Sword|Bastard Sword|Battle Axe|Battle Hammer
801,Bloodhound's Step,Glint,124,Backhand Blade|Bandit's Curved Sword|Bastard Sword|Battle Axe|Battle Hammer
801,Bloodhound's Step,Golden,124,Backhand Blade|Bandit's Curved Sword|Bastard Sword|Battle Axe|Battle Hammer
801,Bloodhound's Step,Gravity,124,Backhand Blade|Bandit's Curved Sword|Bastard Sword|Battle Axe|Battle Hammer
801,Bloodhound's Step,Heavy,124,Backhand Blade|Bandit's Curved Sword|Bastard Sword|Battle Axe|Battle Hammer
801,Bloodhound's Step,Keen,124,Backhand Blade|Bandit's Curved Sword|Bastard Sword|Battle Axe|Battle Hammer
801,Bloodhound's Step,Quality,124,Backhand Blade|Bandit's Curved Sword|Bastard Sword|Battle Axe|Battle Hammer
801,Bloodhound's Step,Standard,127,Backhand Blade|Bandit's Curved Sword|Bastard Sword|Battle Axe|Battle Hammer
654,Braggart's Roar,Bestial,104,Bandit's Curved Sword|Bastard Sword|Battle Axe|Battle Hammer|Beast Claw
654,Braggart's Roar,Draconic,104,Bandit's Curved Sword|Bastard Sword|Battle Axe|Battle Hammer|Beast Claw
654,Braggart's Roar,Dragonkin,104,Bandit's Curved Sword|Bastard Sword|Battle Axe|Battle Hammer|Beast Claw
654,Braggart's Roar,Flame,104,Bandit's Curved Sword|Bastard Sword|Battle Axe|Battle Hammer|Beast Claw
654,Braggart's Roar,Glint,104,Bandit's Curved Sword|Bastard Sword|Battle Axe|Battle Hammer|Beast Claw
654,Braggart's Roar,Golden,104,Bandit's Curved Sword|Bastard Sword|Battle Axe|Battle Hammer|Beast Claw
654,Braggart's Roar,Gravity,104,Bandit's Curved Sword|Bastard Sword|Battle Axe|Battle Hammer|Beast Claw
654,Braggart's Roar,Heavy,104,Bandit's Curved Sword|Bastard Sword|Battle Axe|Battle Hammer|Beast Claw
654,Braggart's Roar,Keen,104,Bandit's Curved Sword|Bastard Sword|Battle Axe|Battle Hammer|Beast Claw
654,Braggart's Roar,Quality,104,Bandit's Curved Sword|Bastard Sword|Battle Axe|Battle Hammer|Beast Claw
654,Braggart's Roar,Standard,107,Bandit's Curved Sword|Bastard Sword|Battle Axe|Battle Hammer|Beast Claw
108,Briar Assault,Bestial,52,Bastard Sword|Bloodstained Dagger|Broadsword|Cane Sword|Claymore
108,Briar Assault,Draconic,52,Bastard Sword|Bloodstained Dagger|Broadsword|Cane Sword|Claymore
108,Briar Assault,Dragonkin,52,Bastard Sword|Bloodstained Dagger|Broadsword|Cane Sword|Claymore
108,Briar Assault,Flame,52,Bastard Sword|Bloodstained Dagger|Broadsword|Cane Sword|Claymore
108,Briar Assault,Glint,52,Bastard Sword|Bloodstained Dagger|Broadsword|Cane Sword|Claymore
108,Briar Assault,Golden,52,Bastard Sword|Bloodstained Dagger|Broadsword|Cane Sword|Claymore
108,Briar Assault,Gravity,52,Bastard Sword|Bloodstained Dagger|Broadsword|Cane Sword|Claymore
108,Briar Assault,Heavy,52,Bastard Sword|Bloodstained Dagger|Broadsword|Cane Sword|Claymore
108,Briar Assault,Keen,52,Bastard Sword|Bloodstained Dagger|Broadsword|Cane Sword|Claymore
108,Briar Assault,Quality,52,Bastard Sword|Bloodstained Dagger|Broadsword|Cane Sword|Claymore
108,Briar Assault,Standard,53,Bastard Sword|Bloodstained Dagger|Broadsword|Cane Sword|Claymore
303,Buckler Parry,Bestial,115,Bandit's Curved Sword|Bastard Sword|Battle Axe|Battle Hammer|Bloodstained Dagger
303,Buckler Parry,Draconic,115,Bandit's Curved Sword|Bastard Sword|Battle Axe|Battle Hammer|Bloodstained Dagger
303,Buckler Parry,Dragonkin,115,Bandit's Curved Sword|Bastard Sword|Battle Axe|Battle Hammer|Bloodstained Dagger
303,Buckler Parry,Flame,115,Bandit's Curved Sword|Bastard Sword|Battle Axe|Battle Hammer|Bloodstained Dagger
303,Buckler Parry,Glint,115,Bandit's Curved Sword|Bastard Sword|Battle Axe|Battle Hammer|Bloodstained Dagger
303,Buckler Parry,Golden,115,Bandit's Curved Sword|Bastard Sword|Battle Axe|Battle Hammer|Bloodstained Dagger
303,Buckler Parry,Gravity,115,Bandit's Curved Sword|Bastard Sword|Battle Axe|Battle Hammer|Bloodstained Dagger
303,Buckler Parry,Heavy,115,Bandit's Curved Sword|Bastard Sword|Battle Axe|Battle Hammer|Bloodstained Dagger
303,Buckler Parry,Keen,115,Bandit's Curved Sword|Bastard Sword|Battle Axe|Battle Hammer|Bloodstained Dagger
303,Buckler Parry,Quality,115,Bandit's Curved Sword|Bastard Sword|Battle Axe|Battle Hammer|Bloodstained Dagger
303,Buckler Parry,Standard,117,Bandit's Curved Sword|Bastard Sword|Battle Axe|Battle Hammer|Bloodstained Dagger
212,Call to Thunder,Bestial,24,Battle Hammer|Brick Hammer|Butchering Knife|Crescent Moon Axe|Curved Great Club
212,Call to Thunder,Draconic,24,Battle Hammer|Brick Hammer|Butchering Knife|Crescent Moon Axe|Curved Great Club
212,Call to Thunder,Dragonkin,24,Battle Hammer|Brick Hammer|Butchering Knife|Crescent Moon Axe|Curved Great Club
212,Call to Thunder,Flame,24,Battle Hammer|Brick Hammer|Butchering Knife|Crescent Moon Axe|Curved Great Club
212,Call to Thunder,Glint,24,Battle Hammer|Brick Hammer|Butchering Knife|Crescent Moon Axe|Curved Great Club
212,Call to Thunder,Golden,24,Battle Hammer|Brick Hammer|Butchering Knife|Crescent Moon Axe|Curved Great Club
212,Call to Thunder,Gravity,24,Battle Hammer|Brick Hammer|Butchering Knife|Crescent Moon Axe|Curved Great Club
212,Call to Thunder,Heavy,24,Battle Hammer|Brick Hammer|Butchering Knife|Crescent Moon Axe|Curved Great Club
212,Call to Thunder,Keen,24,Battle Hammer|Brick Hammer|Butchering Knife|Crescent Moon Axe|Curved Great Club
212,Call to Thunder,Quality,24,Battle Hammer|Brick Hammer|Butchering Knife|Crescent Moon Axe|Curved Great Club
212,Call to Thunder,Standard,25,Battle Hammer|Brick Hammer|Butchering Knife|Crescent Moon Axe|Curved Great Club
218,Carian Grandeur,Bestial,47,Bandit's Curved Sword|Bastard Sword|Bloodstained Dagger|Broadsword|Cane Sword
218,Carian Grandeur,Draconic,47,Bandit's Curved Sword|Bastard Sword|Bloodstained Dagger|Broadsword|Cane Sword
218,Carian Grandeur,Dragonkin,47,Bandit's Curved Sword|Bastard Sword|Bloodstained Dagger|Broadsword|Cane Sword
218,Carian Grandeur,Flame,47,Bandit's Curved Sword|Bastard Sword|Bloodstained Dagger|Broadsword|Cane Sword
218,Carian Grandeur,Glint,47,Bandit's Curved Sword|Bastard Sword|Bloodstained Dagger|Broadsword|Cane Sword
218,Carian Grandeur,Golden,47,Bandit's Curved Sword|Bastard Sword|Bloodstained Dagger|Broadsword|Cane Sword
218,Carian Grandeur,Gravity,47,Bandit's Curved Sword|Bastard Sword|Bloodstained Dagger|Broadsword|Cane Sword
218,Carian Grandeur,Heavy,47,Bandit's Curved Sword|Bastard Sword|Bloodstained Dagger|Broadsword|Cane Sword
218,Carian Grandeur,Keen,47,Bandit's Curved Sword|Bastard Sword|Bloodstained Dagger|Broadsword|Cane Sword
218,Carian Grandeur,Quality,47,Bandit's Curved Sword|Bastard Sword|Bloodstained Dagger|Broadsword|Cane Sword
218,Carian Grandeur,Standard,48,Bandit's Curved Sword|Bastard Sword|Bloodstained Dagger|Broadsword|Cane Sword
4180,Carian Sovereignty,Bestial,47,Bandit's Curved Sword|Bastard Sword|Bloodstained Dagger|Broadsword|Cane Sword
4180,Carian Sovereignty,Draconic,47,Bandit's Curved Sword|Bastard Sword|Bloodstained Dagger|Broadsword|Cane Sword
4180,Carian Sovereignty,Dragonkin,47,Bandit's Curved Sword|Bastard Sword|Bloodstained Dagger|Broadsword|Cane Sword
4180,Carian Sovereignty,Flame,47,Bandit's Curved Sword|Bastard Sword|Bloodstained Dagger|Broadsword|Cane Sword
4180,Carian Sovereignty,Glint,47,Bandit's Curved Sword|Bastard Sword|Bloodstained Dagger|Broadsword|Cane Sword
4180,Carian Sovereignty,Golden,47,Bandit's Curved Sword|Bastard Sword|Bloodstained Dagger|Broadsword|Cane Sword
4180,Carian Sovereignty,Gravity,47,Bandit's Curved Sword|Bastard Sword|Bloodstained Dagger|Broadsword|Cane Sword
4180,Carian Sovereignty,Heavy,47,Bandit's Curved Sword|Bastard Sword|Bloodstained Dagger|Broadsword|Cane Sword
4180,Carian Sovereignty,Keen,47,Bandit's Curved Sword|Bastard Sword|Bloodstained Dagger|Broadsword|Cane Sword
4180,Carian Sovereignty,Quality,47,Bandit's Curved Sword|Bastard Sword|Bloodstained Dagger|Broadsword|Cane Sword
4180,Carian Sovereignty,Standard,48,Bandit's Curved Sword|Bastard Sword|Bloodstained Dagger|Broadsword|Cane Sword
219,Celestial Ascension,Bestial,47,Bandit's Curved Sword|Bastard Sword|Bloodstained Dagger|Broadsword|Cane Sword
219,Celestial Ascension,Draconic,47,Bandit's Curved Sword|Bastard Sword|Bloodstained Dagger|Broadsword|Cane Sword
219,Celestial Ascension,Dragonkin,47,Bandit's Curved Sword|Bastard Sword|Bloodstained Dagger|Broadsword|Cane Sword
219,Celestial Ascension,Flame,47,Bandit's Curved Sword|Bastard Sword|Bloodstained Dagger|Broadsword|Cane Sword
219,Celestial Ascension,Glint,47,Bandit's Curved Sword|Bastard Sword|Bloodstained Dagger|Broadsword|Cane Sword
219,Celestial Ascension,Golden,47,Bandit's Curved Sword|Bastard Sword|Bloodstained Dagger|Broadsword|Cane Sword
219,Celestial Ascension,Gravity,47,Bandit's Curved Sword|Bastard Sword|Bloodstained Dagger|Broadsword|Cane Sword
219,Celestial Ascension,Heavy,47,Bandit's Curved Sword|Bastard Sword|Bloodstained Dagger|Broadsword|Cane Sword
219,Celestial Ascension,Keen,47,Bandit's Curved Sword|Bastard Sword|Bloodstained Dagger|Broadsword|Cane Sword
219,Celestial Ascension,Quality,47,Bandit's Curved Sword|Bastard Sword|Bloodstained Dagger|Broadsword|Cane Sword
219,Celestial Ascension,Standard,48,Bandit's Curved Sword|Bastard Sword|Bloodstained Dagger|Broadsword|Cane Sword
227,Chilling Mist,Bestial,105,Bandit's Curved Sword|Bastard Sword|Battle Axe|Battle Hammer|Bloodstained Dagger
227,Chilling Mist,Draconic,105,Bandit's Curved Sword|Bastard Sword|Battle Axe|Battle Hammer|Bloodstained Dagger
227,Chilling Mist,Dragonkin,105,Bandit's Curved Sword|Bastard Sword|Battle Axe|Battle Hammer|Bloodstained Dagger
227,Chilling Mist,Flame,105,Bandit's Curved Sword|Bastard Sword|Battle Axe|Battle Hammer|Bloodstained Dagger
227,Chilling Mist,Glint,105,Bandit's Curved Sword|Bastard Sword|Battle Axe|Battle Hammer|Bloodstained Dagger
227,Chilling Mist,Golden,105,Bandit's Curved Sword|Bastard Sword|Battle Axe|Battle Hammer|Bloodstained Dagger
227,Chilling Mist,Gravity,105,Bandit's Curved Sword|Bastard Sword|Battle Axe|Battle Hammer|Bloodstained Dagger
227,Chilling Mist,Heavy,105,Bandit's Curved Sword|Bastard Sword|Battle Axe|Battle Hammer|Bloodstained Dagger
227,Chilling Mist,Keen,105,Bandit's Curved Sword|Bastard Sword|Battle Axe|Battle Hammer|Bloodstained Dagger
227,Chilling Mist,Quality,105,Bandit's Curved Sword|Bastard Sword|Battle Axe|Battle Hammer|Bloodstained Dagger
227,Chilling Mist,Standard,107,Bandit's Curved Sword|Bastard Sword|Battle Axe|Battle Hammer|Bloodstained Dagger
506,Concussive Smash,Bestial,124,Backhand Blade|Bandit's Curved Sword|Bastard Sword|Battle Axe|Battle Hammer
506,Concussive Smash,Draconic,124,Backhand Blade|Bandit's Curved Sword|Bastard Sword|Battle Axe|Battle Hammer
506,Concussive Smash,Dragonkin,124,Backhand Blade|Bandit's Curved Sword|Bastard Sword|Battle Axe|Battle Hammer
506,Concussive Smash,Flame,124,Backhand Blade|Bandit's Curved Sword|Bastard Sword|Battle Axe|Battle Hammer
506,Concussive Smash,Glint,124,Backhand Blade|Bandit's Curved Sword|Bastard Sword|Battle Axe|Battle Hammer
506,Concussive Smash,Golden,124,Backhand Blade|Bandit's Curved Sword|Bastard Sword|Battle Axe|Battle Hammer
506,Concussive Smash,Gravity,124,Backhand Blade|Bandit's Curved Sword|Bastard Sword|Battle Axe|Battle Hammer
506,Concussive Smash,Heavy,124,Backhand Blade|Bandit's Curved Sword|Bastard Sword|Battle Axe|Battle Hammer
506,Concussive Smash,Keen,124,Backhand Blade|Bandit's Curved Sword|Bastard Sword|Battle Axe|Battle Hammer
506,Concussive Smash,Quality,124,Backhand Blade|Bandit's Curved Sword|Bastard Sword|Battle Axe|Battle Hammer
506,Concussive Smash,Standard,127,Backhand Blade|Bandit's Curved Sword|Bastard Sword|Battle Axe|Battle Hammer
607,Cragblade,Bestial,118,Backhand Blade|Bandit's Curved Sword|Bastard Sword|Battle Axe|Battle Hammer
607,Cragblade,Draconic,118,Backhand Blade|Bandit's Curved Sword|Bastard Sword|Battle Axe|Battle Hammer
607,Cragblade,Dragonkin,118,Backhand Blade|Bandit's Curved Sword|Bastard Sword|Battle Axe|Battle Hammer
607,Cragblade,Flame,118,Backhand Blade|Bandit's Curved Sword|Bastard Sword|Battle Axe|Battle Hammer
607,Cragblade,Glint,118,Backhand Blade|Bandit's Curved Sword|Bastard Sword|Battle Axe|Battle Hammer
607,Cragblade,Golden,118,Backhand Blade|Bandit's Curved Sword|Bastard Sword|Battle Axe|Battle Hammer
607,Cragblade,Gravity,118,Backhand Blade|Bandit's Curved Sword|Bastard Sword|Battle Axe|Battle Hammer
607,Cragblade,Heavy,118,Backhand Blade|Bandit's Curved Sword|Bastard Sword|Battle Axe|Battle Hammer
607,Cragblade,Keen,118,Backhand Blade|Bandit's Curved Sword|Bastard Sword|Battle Axe|Battle Hammer
607,Cragblade,Quality,118,Backhand Blade|Bandit's Curved Sword|Bastard Sword|Battle Axe|Battle Hammer
607,Cragblade,Standard,121,Backhand Blade|Bandit's Curved Sword|Bastard Sword|Battle Axe|Battle Hammer
203,Crucible's Fury,Bestial,63,Bandit's Curved Sword|Bastard Sword|Bloodstained Dagger|Broadsword|Cane Sword
203,Crucible's Fury,Draconic,63,Bandit's Curved Sword|Bastard Sword|Bloodstained Dagger|Broadsword|Cane Sword
203,Crucible's Fury,Dragonkin,63,Bandit's Curved Sword|Bastard Sword|Bloodstained Dagger|Broadsword|Cane Sword
203,Crucible's Fury,Flame,63,Bandit's Curved Sword|Bastard Sword|Bloodstained Dagger|Broadsword|Cane Sword
203,Crucible's Fury,Glint,63,Bandit's Curved Sword|Bastard Sword|Bloodstained Dagger|Broadsword|Cane Sword
203,Crucible's Fury,Golden,63,Bandit's Curved Sword|Bastard Sword|Bloodstained Dagger|Broadsword|Cane Sword
203,Crucible's Fury,Gravity,63,Bandit's Curved Sword|Bastard Sword|Bloodstained Dagger|Broadsword|Cane Sword
203,Crucible's Fury,Heavy,63,Bandit's Curved Sword|Bastard Sword|Bloodstained Dagger|Broadsword|Cane Sword
203,Crucible's Fury,Keen,63,Bandit's Curved Sword|Bastard Sword|Bloodstained Dagger|Broadsword|Cane Sword
203,Crucible's Fury,Quality,63,Bandit's Curved Sword|Bastard Sword|Bloodstained Dagger|Broadsword|Cane Sword
203,Crucible's Fury,Standard,64,Bandit's Curved Sword|Bastard Sword|Bloodstained Dagger|Broadsword|Cane Sword
608,Deflecting Ash,Bestial,124,Backhand Blade|Bandit's Curved Sword|Bastard Sword|Battle Axe|Battle Hammer
608,Deflecting Ash,Draconic,124,Backhand Blade|Bandit's Curved Sword|Bastard Sword|Battle Axe|Battle Hammer
608,Deflecting Ash,Dragonkin,124,Backhand Blade|Bandit's Curved Sword|Bastard Sword|Battle Axe|Battle Hammer
608,Deflecting Ash,Flame,124,Backhand Blade|Bandit's Curved Sword|Bastard Sword|Battle Axe|Battle Hammer
608,Deflecting Ash,Glint,124,Backhand Blade|Bandit's Curved Sword|Bastard Sword|Battle Axe|Battle Hammer
608,Deflecting Ash,Golden,124,Backhand Blade|Bandit's Curved Sword|Bastard Sword|Battle Axe|Battle Hammer
608,Deflecting Ash,Gravity,124,Backhand Blade|Bandit's Curved Sword|Bastard Sword|Battle Axe|Battle Hammer
608,Deflecting Ash,Heavy,124,Backhand Blade|Bandit's Curved Sword|Bastard Sword|Battle Axe|Battle Hammer
608,Deflecting Ash,Keen,124,Backhand Blade|Bandit's Curved Sword|Bastard Sword|Battle Axe|Battle Hammer
608,Deflecting Ash,Quality,124,Backhand Blade|Bandit's Curved Sword|Bastard Sword|Battle Axe|Battle Hammer
608,Deflecting Ash,Standard,127,Backhand Blade|Bandit's Curved Sword|Bastard Sword|Battle Axe|Battle Hammer
4160,Divine Beast Frost Stomp,Bestial,124,Backhand Blade|Bandit's Curved Sword|Bastard Sword|Battle Axe|Battle Hammer
4160,Divine Beast Frost Stomp,Draconic,124,Backhand Blade|Bandit's Curved Sword|Bastard Sword|Battle Axe|Battle Hammer
4160,Divine Beast Frost Stomp,Dragonkin,124,Backhand Blade|Bandit's Curved Sword|Bastard Sword|Battle Axe|Battle Hammer
4160,Divine Beast Frost Stomp,Flame,124,Backhand Blade|Bandit's Curved Sword|Bastard Sword|Battle Axe|Battle Hammer
4160,Divine Beast Frost Stomp,Glint,124,Backhand Blade|Bandit's Curved Sword|Bastard Sword|Battle Axe|Battle Hammer
4160,Divine Beast Frost Stomp,Golden,124,Backhand Blade|Bandit's Curved Sword|Bastard Sword|Battle Axe|Battle Hammer
4160,Divine Beast Frost Stomp,Gravity,124,Backhand Blade|Bandit's Curved Sword|Bastard Sword|Battle Axe|Battle Hammer
4160,Divine Beast Frost Stomp,Heavy,124,Backhand Blade|Bandit's Curved Sword|Bastard Sword|Battle Axe|Battle Hammer
4160,Divine Beast Frost Stomp,Keen,124,Backhand Blade|Bandit's Curved Sword|Bastard Sword|Battle Axe|Battle Hammer
4160,Divine Beast Frost Stomp,Quality,124,Backhand Blade|Bandit's Curved Sword|Bastard Sword|Battle Axe|Battle Hammer
4160,Divine Beast Frost Stomp,Standard,127,Backhand Blade|Bandit's Curved Sword|Bastard Sword|Battle Axe|Battle Hammer
112,Double Slash,Bestial,47,Bandit's Curved Sword|Bastard Sword|Bloodstained Dagger|Broadsword|Cane Sword
112,Double Slash,Draconic,47,Bandit's Curved Sword|Bastard Sword|Bloodstained Dagger|Broadsword|Cane Sword
112,Double Slash,Dragonkin,47,Bandit's Curved Sword|Bastard Sword|Bloodstained Dagger|Broadsword|Cane Sword
112,Double Slash,Flame,47,Bandit's Curved Sword|Bastard Sword|Bloodstained Dagger|Broadsword|Cane Sword
112,Double Slash,Glint,47,Bandit's Curved Sword|Bastard Sword|Bloodstained Dagger|Broadsword|Cane Sword
112,Double Slash,Golden,47,Bandit's Curved Sword|Bastard Sword|Bloodstained Dagger|Broadsword|Cane Sword
112,Double Slash,Gravity,47,Bandit's Curved Sword|Bastard Sword|Bloodstained Dagger|Broadsword|Cane Sword
112,Double Slash,Heavy,47,Bandit's Curved Sword|Bastard Sword|Bloodstained Dagger|Broadsword|Cane Sword
112,Double Slash,Keen,47,Bandit's Curved Sword|Bastard Sword|Bloodstained Dagger|Broadsword|Cane Sword
112,Double Slash,Quality,47,Bandit's Curved Sword|Bastard Sword|Bloodstained Dagger|Broadsword|Cane Sword
112,Double Slash,Standard,48,Bandit's Curved Sword|Bastard Sword|Bloodstained Dagger|Broadsword|Cane Sword
814,Dragonlord's Recall,Bestial,124,Backhand Blade|Bandit's Curved Sword|Bastard Sword|Battle Axe|Battle Hammer
814,Dragonlord's Recall,Draconic,124,Backhand Blade|Bandit's Curved Sword|Bastard Sword|Battle Axe|Battle Hammer
814,Dragonlord's Recall,Dragonkin,124,Backhand Blade|Bandit's Curved Sword|Bastard Sword|Battle Axe|Battle Hammer
814,Dragonlord's Recall,Flame,124,Backhand Blade|Bandit's Curved Sword|Bastard Sword|Battle Axe|Battle Hammer
814,Dragonlord's Recall,Glint,124,Backhand Blade|Bandit's Curved Sword|Bastard Sword|Battle Axe|Battle Hammer
814,Dragonlord's Recall,Golden,124,Backhand Blade|Bandit's Curved Sword|Bastard Sword|Battle Axe|Battle Hammer
814,Dragonlord's Recall,Gravity,124,Backhand Blade|Bandit's Curved Sword|Bastard Sword|Battle Axe|Battle Hammer
814,Dragonlord's Recall,Heavy,124,Backhand Blade|Bandit's Curved Sword|Bastard Sword|Battle Axe|Battle Hammer
814,Dragonlord's Recall,Keen,124,Backhand Blade|Bandit's Curved Sword|Bastard Sword|Battle Axe|Battle Hammer
814,Dragonlord's Recall,Quality,124,Backhand Blade|Bandit's Curved Sword|Bastard Sword|Battle Axe|Battle Hammer
814,Dragonlord's Recall,Standard,127,Backhand Blade|Bandit's Curved Sword|Bastard Sword|Battle Axe|Battle Hammer
2000,Dryleaf Whirlwind,Bestial,2,Dane's Footwork|Dryleaf Arts
2000,Dryleaf Whirlwind,Draconic,2,Dane's Footwork|Dryleaf Arts
2000,Dryleaf Whirlwind,Dragonkin,2,Dane's Footwork|Dryleaf Arts
2000,Dryleaf Whirlwind,Flame,2,Dane's Footwork|Dryleaf Arts
2000,Dryleaf Whirlwind,Glint,2,Dane's Footwork|Dryleaf Arts
2000,Dryleaf Whirlwind,Golden,2,Dane's Footwork|Dryleaf Arts
2000,Dryleaf Whirlwind,Gravity,2,Dane's Footwork|Dryleaf Arts
2000,Dryleaf Whirlwind,Heavy,2,Dane's Footwork|Dryleaf Arts
2000,Dryleaf Whirlwind,Keen,2,Dane's Footwork|Dryleaf Arts
2000,Dryleaf Whirlwind,Quality,2,Dane's Footwork|Dryleaf Arts
2000,Dryleaf Whirlwind,Standard,2,Dane's Footwork|Dryleaf Arts
700,Endure,Bestial,124,Backhand Blade|Bandit's Curved Sword|Bastard Sword|Battle Axe|Battle Hammer
700,Endure,Draconic,124,Backhand Blade|Bandit's Curved Sword|Bastard Sword|Battle Axe|Battle Hammer
700,Endure,Dragonkin,124,Backhand Blade|Bandit's Curved Sword|Bastard Sword|Battle Axe|Battle Hammer
700,Endure,Flame,124,Backhand Blade|Bandit's Curved Sword|Bastard Sword|Battle Axe|Battle Hammer
700,Endure,Glint,124,Backhand Blade|Bandit's Curved Sword|Bastard Sword|Battle Axe|Battle Hammer
700,Endure,Golden,124,Backhand Blade|Bandit's Curved Sword|Bastard Sword|Battle Axe|Battle Hammer
700,Endure,Gravity,124,Backhand Blade|Bandit's Curved Sword|Bastard Sword|Battle Axe|Battle Hammer
700,Endure,Heavy,124,Backhand Blade|Bandit's Curved Sword|Bastard Sword|Battle Axe|Battle Hammer
700,Endure,Keen,124,Backhand Blade|Bandit's Curved Sword|Bastard Sword|Battle Axe|Battle Hammer
700,Endure,Quality,124,Backhand Blade|Bandit's Curved Sword|Bastard Sword|Battle Axe|Battle Hammer
700,Endure,Standard,127,Backhand Blade|Bandit's Curved Sword|Bastard Sword|Battle Axe|Battle Hammer
207,Eruption,Bestial,36,Bastard Sword|Battle Hammer|Brick Hammer|Butchering Knife|Claymore
207,Eruption,Draconic,36,Bastard Sword|Battle Hammer|Brick Hammer|Butchering Knife|Claymore
207,Eruption,Dragonkin,36,Bastard Sword|Battle Hammer|Brick Hammer|Butchering Knife|Claymore
207,Eruption,Flame,36,Bastard Sword|Battle Hammer|Brick Hammer|Butchering Knife|Claymore
207,Eruption,Glint,36,Bastard Sword|Battle Hammer|Brick Hammer|Butchering Knife|Claymore
207,Eruption,Golden,36,Bastard Sword|Battle Hammer|Brick Hammer|Butchering Knife|Claymore
207,Eruption,Gravity,36,Bastard Sword|Battle Hammer|Brick Hammer|Butchering Knife|Claymore
207,Eruption,Heavy,36,Bastard Sword|Battle Hammer|Brick Hammer|Butchering Knife|Claymore
207,Eruption,Keen,36,Bastard Sword|Battle Hammer|Brick Hammer|Butchering Knife|Claymore
207,Eruption,Quality,36,Bastard Sword|Battle Hammer|Brick Hammer|Butchering Knife|Claymore
207,Eruption,Standard,37,Bastard Sword|Battle Hammer|Brick Hammer|Butchering Knife|Claymore
144,Evasive Strike,Bestial,7,Bloodstained Dagger|Dagger|Great Knife|Main-gauche|Miséricorde
144,Evasive Strike,Draconic,7,Bloodstained Dagger|Dagger|Great Knife|Main-gauche|Miséricorde
144,Evasive Strike,Dragonkin,7,Bloodstained Dagger|Dagger|Great Knife|Main-gauche|Miséricorde
144,Evasive Strike,Flame,7,Bloodstained Dagger|Dagger|Great Knife|Main-gauche|Miséricorde
144,Evasive Strike,Glint,7,Bloodstained Dagger|Dagger|Great Knife|Main-gauche|Miséricorde
144,Evasive Strike,Golden,7,Bloodstained Dagger|Dagger|Great Knife|Main-gauche|Miséricorde
144,Evasive Strike,Gravity,7,Bloodstained Dagger|Dagger|Great Knife|Main-gauche|Miséricorde
144,Evasive Strike,Heavy,7,Bloodstained Dagger|Dagger|Great Knife|Main-gauche|Miséricorde
144,Evasive Strike,Keen,7,Bloodstained Dagger|Dagger|Great Knife|Main-gauche|Miséricorde
144,Evasive Strike,Quality,7,Bloodstained Dagger|Dagger|Great Knife|Main-gauche|Miséricorde
144,Evasive Strike,Standard,7,Bloodstained Dagger|Dagger|Great Knife|Main-gauche|Miséricorde
223,Firebreather,Bestial,115,Bandit's Curved Sword|Bastard Sword|Battle Axe|Battle Hammer|Bloodstained Dagger
223,Firebreather,Draconic,115,Bandit's Curved Sword|Bastard Sword|Battle Axe|Battle Hammer|Bloodstained Dagger
223,Firebreather,Dragonkin,115,Bandit's Curved Sword|Bastard Sword|Battle Axe|Battle Hammer|Bloodstained Dagger
223,Firebreather,Flame,115,Bandit's Curved Sword|Bastard Sword|Battle Axe|Battle Hammer|Bloodstained Dagger
223,Firebreather,Glint,115,Bandit's Curved Sword|Bastard Sword|Battle Axe|Battle Hammer|Bloodstained Dagger
223,Firebreather,Golden,115,Bandit's Curved Sword|Bastard Sword|Battle Axe|Battle Hammer|Bloodstained Dagger
223,Firebreather,Gravity,115,Bandit's Curved Sword|Bastard Sword|Battle Axe|Battle Hammer|Bloodstained Dagger
223,Firebreather,Heavy,115,Bandit's Curved Sword|Bastard Sword|Battle Axe|Battle Hammer|Bloodstained Dagger
223,Firebreather,Keen,115,Bandit's Curved Sword|Bastard Sword|Battle Axe|Battle Hammer|Bloodstained Dagger
223,Firebreather,Quality,115,Bandit's Curved Sword|Bastard Sword|Battle Axe|Battle Hammer|Bloodstained Dagger
223,Firebreather,Standard,117,Bandit's Curved Sword|Bastard Sword|Battle Axe|Battle Hammer|Bloodstained Dagger
807,Flame Arc,Bestial,50,Bandit's Curved Sword|Bastard Sword|Battle Axe|Broadsword|Butchering Knife
807,Flame Arc,Draconic,50,Bandit's Curved Sword|Bastard Sword|Battle Axe|Broadsword|Butchering Knife
807,Flame Arc,Dragonkin,50,Bandit's Curved Sword|Bastard Sword|Battle Axe|Broadsword|Butchering Knife
807,Flame Arc,Flame,50,Bandit's Curved Sword|Bastard Sword|Battle Axe|Broadsword|Butchering Knife
807,Flame Arc,Glint,50,Bandit's Curved Sword|Bastard Sword|Battle Axe|Broadsword|Butchering Knife
807,Flame Arc,Golden,50,Bandit's Curved Sword|Bastard Sword|Battle Axe|Broadsword|Butchering Knife
807,Flame Arc,Gravity,50,Bandit's Curved Sword|Bastard Sword|Battle Axe|Broadsword|Butchering Knife
807,Flame Arc,Heavy,50,Bandit's Curved Sword|Bastard Sword|Battle Axe|Broadsword|Butchering Knife
807,Flame Arc,Keen,50,Bandit's Curved Sword|Bastard Sword|Battle Axe|Broadsword|Butchering Knife
807,Flame Arc,Quality,50,Bandit's Curved Sword|Bastard Sword|Battle Axe|Broadsword|Butchering Knife
807,Flame Arc,Standard,51,Bandit's Curved Sword|Bastard Sword|Battle Axe|Broadsword|Butchering Knife
4140,Flame Skewer,Bestial,48,Bastard Sword|Broadsword|Cane Sword|Claymore|Cleanrot Knight's Sword
4140,Flame Skewer,Draconic,48,Bastard Sword|Broadsword|Cane Sword|Claymore|Cleanrot Knight's Sword
4140,Flame Skewer,Dragonkin,48,Bastard Sword|Broadsword|Cane Sword|Claymore|Cleanrot Knight's Sword
4140,Flame Skewer,Flame,48,Bastard Sword|Broadsword|Cane Sword|Claymore|Cleanrot Knight's Sword
4140,Flame Skewer,Glint,48,Bastard Sword|Broadsword|Cane Sword|Claymore|Cleanrot Knight's Sword
4140,Flame Skewer,Golden,48,Bastard Sword|Broadsword|Cane Sword|Claymore|Cleanrot Knight's Sword
4140,Flame Skewer,Gravity,48,Bastard Sword|Broadsword|Cane Sword|Claymore|Cleanrot Knight's Sword
4140,Flame Skewer,Heavy,48,Bastard Sword|Broadsword|Cane Sword|Claymore|Cleanrot Knight's Sword
4140,Flame Skewer,Keen,48,Bastard Sword|Broadsword|Cane Sword|Claymore|Cleanrot Knight's Sword
4140,Flame Skewer,Quality,48,Bastard Sword|Broadsword|Cane Sword|Claymore|Cleanrot Knight's Sword
4140,Flame Skewer,Standard,49,Bastard Sword|Broadsword|Cane Sword|Claymore|Cleanrot Knight's Sword
4170,Flame Spear,Bestial,55,Bastard Sword|Bloodstained Dagger|Broadsword|Cane Sword|Claymore
4170,Flame Spear,Draconic,55,Bastard Sword|Bloodstained Dagger|Broadsword|Cane Sword|Claymore
4170,Flame Spear,Dragonkin,55,Bastard Sword|Bloodstained Dagger|Broadsword|Cane Sword|Claymore
4170,Flame Spear,Flame,55,Bastard Sword|Bloodstained Dagger|Broadsword|Cane Sword|Claymore
4170,Flame Spear,Glint,55,Bastard Sword|Bloodstained Dagger|Broadsword|Cane Sword|Claymore
4170,Flame Spear,Golden,55,Bastard Sword|Bloodstained Dagger|Broadsword|Cane Sword|Claymore
4170,Flame Spear,Gravity,55,Bastard Sword|Bloodstained Dagger|Broadsword|Cane Sword|Claymore
4170,Flame Spear,Heavy,55,Bastard Sword|Bloodstained Dagger|Broadsword|Cane Sword|Claymore
4170,Flame Spear,Keen,55,Bastard Sword|Bloodstained Dagger|Broadsword|Cane Sword|Claymore
4170,Flame Spear,Quality,55,Bastard Sword|Bloodstained Dagger|Broadsword|Cane Sword|Claymore
4170,Flame Spear,Standard,56,Bastard Sword|Bloodstained Dagger|Broadsword|Cane Sword|Claymore
214,Flaming Strike,Bestial,111,Backhand Blade|Bandit's Curved Sword|Bastard Sword|Battle Axe|Battle Hammer
214,Flaming Strike,Draconic,111,Backhand Blade|Bandit's Curved Sword|Bastard Sword|Battle Axe|Battle Hammer
214,Flaming Strike,Dragonkin,111,Backhand Blade|Bandit's Curved Sword|Bastard Sword|Battle Axe|Battle Hammer
214,Flaming Strike,Flame,111,Backhand Blade|Bandit's Curved Sword|Bastard Sword|Battle Axe|Battle Hammer
214,Flaming Strike,Glint,111,Backhand Blade|Bandit's Curved Sword|Bastard Sword|Battle Axe|Battle Hammer
214,Flaming Strike,Golden,111,Backhand Blade|Bandit's Curved Sword|Bastard Sword|Battle Axe|Battle Hammer
214,Flaming Strike,Gravity,111,Backhand Blade|Bandit's Curved Sword|Bastard Sword|Battle Axe|Battle Hammer
214,Flaming Strike,Heavy,111,Backhand Blade|Bandit's Curved Sword|Bastard Sword|Battle Axe|Battle Hammer
214,Flaming Strike,Keen,111,Backhand Blade|Bandit's Curved Sword|Bastard Sword|Battle Axe|Battle Hammer
214,Flaming Strike,Quality,111,Backhand Blade|Bandit's Curved Sword|Bastard Sword|Battle Axe|Battle Hammer
214,Flaming Strike,Standard,114,Backhand Blade|Bandit's Curved Sword|Bastard Sword|Battle Axe|Battle Hammer
850,Flowing Piercer,Bestial,124,Backhand Blade|Bandit's Curved Sword|Bastard Sword|Battle Axe|Battle Hammer
850,Flowing Piercer,Draconic,124,Backhand Blade|Bandit's Curved Sword|Bastard Sword|Battle Axe|Battle Hammer
850,Flowing Piercer,Dragonkin,124,Backhand Blade|Bandit's Curved Sword|Bastard Sword|Battle Axe|Battle Hammer
850,Flowing Piercer,Flame,124,Backhand Blade|Bandit's Curved Sword|Bastard Sword|Battle Axe|Battle Hammer
850,Flowing Piercer,Glint,124,Backhand Blade|Bandit's Curved Sword|Bastard Sword|Battle Axe|Battle Hammer
850,Flowing Piercer,Golden,124,Backhand Blade|Bandit's Curved Sword|Bastard Sword|Battle Axe|Battle Hammer
850,Flowing Piercer,Gravity,124,Backhand Blade|Bandit's Curved Sword|Bastard Sword|Battle Axe|Battle Hammer
850,Flowing Piercer,Heavy,124,Backhand Blade|Bandit's Curved Sword|Bastard Sword|Battle Axe|Battle Hammer
850,Flowing Piercer,Keen,124,Backhand Blade|Bandit's Curved Sword|Bastard Sword|Battle Axe|Battle Hammer
850,Flowing Piercer,Quality,124,Backhand Blade|Bandit's Curved Sword|Bastard Sword|Battle Axe|Battle Hammer
850,Flowing Piercer,Standard,127,Backhand Blade|Bandit's Curved Sword|Bastard Sword|Battle Axe|Battle Hammer
4220,Ghostflame Call,Bestial,56,Bandit's Curved Sword|Bastard Sword|Broadsword|Cane Sword|Claymore
4220,Ghostflame Call,Draconic,56,Bandit's Curved Sword|Bastard Sword|Broadsword|Cane Sword|Claymore
4220,Ghostflame Call,Dragonkin,56,Bandit's Curved Sword|Bastard Sword|Broadsword|Cane Sword|Claymore
4220,Ghostflame Call,Flame,56,Bandit's Curved Sword|Bastard Sword|Broadsword|Cane Sword|Claymore
4220,Ghostflame Call,Glint,56,Bandit's Curved Sword|Bastard Sword|Broadsword|Cane Sword|Claymore
4220,Ghostflame Call,Golden,56,Bandit's Curved Sword|Bastard Sword|Broadsword|Cane Sword|Claymore
4220,Ghostflame Call,Gravity,56,Bandit's Curved Sword|Bastard Sword|Broadsword|Cane Sword|Claymore
4220,Ghostflame Call,Heavy,56,Bandit's Curved Sword|Bastard Sword|Broadsword|Cane Sword|Claymore
4220,Ghostflame Call,Keen,56,Bandit's Curved Sword|Bastard Sword|Broadsword|Cane Sword|Claymore
4220,Ghostflame Call,Quality,56,Bandit's Curved Sword|Bastard Sword|Broadsword|Cane Sword|Claymore
4220,Ghostflame Call,Standard,56,Bandit's Curved Sword|Bastard Sword|Broadsword|Cane Sword|Claymore
116,Giant Hunt,Bestial,33,Bastard Sword|Claymore|Cross-Naginata|Dueling Shield|Flamberge
116,Giant Hunt,Draconic,33,Bastard Sword|Claymore|Cross-Naginata|Dueling Shield|Flamberge
116,Giant Hunt,Dragonkin,33,Bastard Sword|Claymore|Cross-Naginata|Dueling Shield|Flamberge
116,Giant Hunt,Flame,33,Bastard Sword|Claymore|Cross-Naginata|Dueling Shield|Flamberge
116,Giant Hunt,Glint,33,Bastard Sword|Claymore|Cross-Naginata|Dueling Shield|Flamberge
116,Giant Hunt,Golden,33,Bastard Sword|Claymore|Cross-Naginata|Dueling Shield|Flamberge
116,Giant Hunt,Gravity,33,Bastard Sword|Claymore|Cross-Naginata|Dueling Shield|Flamberge
116,Giant Hunt,Heavy,33,Bastard Sword|Claymore|Cross-Naginata|Dueling Shield|Flamberge
116,Giant Hunt,Keen,33,Bastard Sword|Claymore|Cross-Naginata|Dueling Shield|Flamberge
116,Giant Hunt,Quality,33,Bastard Sword|Claymore|Cross-Naginata|Dueling Shield|Flamberge
116,Giant Hunt,Standard,34,Bastard Sword|Claymore|Cross-Naginata|Dueling Shield|Flamberge
213,Golden Land,Bestial,24,Battle Hammer|Brick Hammer|Butchering Knife|Crescent Moon Axe|Curved Great Club
213,Golden Land,Draconic,24,Battle Hammer|Brick Hammer|Butchering Knife|Crescent Moon Axe|Curved Great Club
213,Golden Land,Dragonkin,24,Battle Hammer|Brick Hammer|Butchering Knife|Crescent Moon Axe|Curved Great Club
213,Golden Land,Flame,24,Battle Hammer|Brick Hammer|Butchering Knife|Crescent Moon Axe|Curved Great Club
213,Golden Land,Glint,24,Battle Hammer|Brick Hammer|Butchering Knife|Crescent Moon Axe|Curved Great Club
213,Golden Land,Golden,24,Battle Hammer|Brick Hammer|Butchering Knife|Crescent Moon Axe|Curved Great Club
213,Golden Land,Gravity,24,Battle Hammer|Brick Hammer|Butchering Knife|Crescent Moon Axe|Curved Great Club
213,Golden Land,Heavy,24,Battle Hammer|Brick Hammer|Butchering Knife|Crescent Moon Axe|Curved Great Club
213,Golden Land,Keen,24,Battle Hammer|Brick Hammer|Butchering Knife|Crescent Moon Axe|Curved Great Club
213,Golden Land,Quality,24,Battle Hammer|Brick Hammer|Butchering Knife|Crescent Moon Axe|Curved Great Club
213,Golden Land,Standard,25,Battle Hammer|Brick Hammer|Butchering Knife|Crescent Moon Axe|Curved Great Club
507,Golden Slam,Bestial,124,Backhand Blade|Bandit's Curved Sword|Bastard Sword|Battle Axe|Battle Hammer
507,Golden Slam,Draconic,124,Backhand Blade|Bandit's Curved Sword|Bastard Sword|Battle Axe|Battle Hammer
507,Golden Slam,Dragonkin,124,Backhand Blade|Bandit's Curved Sword|Bastard Sword|Battle Axe|Battle Hammer
507,Golden Slam,Flame,124,Backhand Blade|Bandit's Curved Sword|Bastard Sword|Battle Axe|Battle Hammer
507,Golden Slam,Glint,124,Backhand Blade|Bandit's Curved Sword|Bastard Sword|Battle Axe|Battle Hammer
507,Golden Slam,Golden,124,Backhand Blade|Bandit's Curved Sword|Bastard Sword|Battle Axe|Battle Hammer
507,Golden Slam,Gravity,124,Backhand Blade|Bandit's Curved Sword|Bastard Sword|Battle Axe|Battle Hammer
507,Golden Slam,Heavy,124,Backhand Blade|Bandit's Curved Sword|Bastard Sword|Battle Axe|Battle Hammer
507,Golden Slam,Keen,124,Backhand Blade|Bandit's Curved Sword|Bastard Sword|Battle Axe|Battle Hammer
507,Golden Slam,Quality,124,Backhand Blade|Bandit's Curved Sword|Bastard Sword|Battle Axe|Battle Hammer
507,Golden Slam,Standard,127,Backhand Blade|Bandit's Curved Sword|Bastard Sword|Battle Axe|Battle Hammer
603,Golden Vow,Bestial,124,Backhand Blade|Bandit's Curved Sword|Bastard Sword|Battle Axe|Battle Hammer
603,Golden Vow,Draconic,124,Backhand Blade|Bandit's Curved Sword|Bastard Sword|Battle Axe|Battle Hammer
603,Golden Vow,Dragonkin,124,Backhand Blade|Bandit's Curved Sword|Bastard Sword|Battle Axe|Battle Hammer
603,Golden Vow,Flame,124,Backhand Blade|Bandit's Curved Sword|Bastard Sword|Battle Axe|Battle Hammer
603,Golden Vow,Glint,124,Backhand Blade|Bandit's Curved Sword|Bastard Sword|Battle Axe|Battle Hammer
603,Golden Vow,Golden,124,Backhand Blade|Bandit's Curved Sword|Bastard Sword|Battle Axe|Battle Hammer
603,Golden Vow,Gravity,124,Backhand Blade|Bandit's Curved Sword|Bastard Sword|Battle Axe|Battle Hammer
603,Golden Vow,Heavy,124,Backhand Blade|Bandit's Curved Sword|Bastard Sword|Battle Axe|Battle Hammer
603,Golden Vow,Keen,124,Backhand Blade|Bandit's Curved Sword|Bastard Sword|Battle Axe|Battle Hammer
603,Golden Vow,Quality,124,Backhand Blade|Bandit's Curved Sword|Bastard Sword|Battle Axe|Battle Hammer
603,Golden Vow,Standard,127,Backhand Blade|Bandit's Curved Sword|Bastard Sword|Battle Axe|Battle Hammer
209,Gravitas,Bestial,100,Backhand Blade|Bandit's Curved Sword|Bastard Sword|Battle Axe|Battle Hammer
209,Gravitas,Draconic,100,Backhand Blade|Bandit's Curved Sword|Bastard Sword|Battle Axe|Battle Hammer
209,Gravitas,Dragonkin,100,Backhand Blade|Bandit's Curved Sword|Bastard Sword|Battle Axe|Battle Hammer
209,Gravitas,Flame,100,Backhand Blade|Bandit's Curved Sword|Bastard Sword|Battle Axe|Battle Hammer
209,Gravitas,Glint,100,Backhand Blade|Bandit's Curved Sword|Bastard Sword|Battle Axe|Battle Hammer
209,Gravitas,Golden,100,Backhand Blade|Bandit's Curved Sword|Bastard Sword|Battle Axe|Battle Hammer
209,Gravitas,Gravity,100,Backhand Blade|Bandit's Curved Sword|Bastard Sword|Battle Axe|Battle Hammer
209,Gravitas,Heavy,100,Backhand Blade|Bandit's Curved Sword|Bastard Sword|Battle Axe|Battle Hammer
209,Gravitas,Keen,100,Backhand Blade|Bandit's Curved Sword|Bastard Sword|Battle Axe|Battle Hammer
209,Gravitas,Quality,100,Backhand Blade|Bandit's Curved Sword|Bastard Sword|Battle Axe|Battle Hammer
209,Gravitas,Standard,102,Backhand Blade|Bandit's Curved Sword|Bastard Sword|Battle Axe|Battle Hammer
509,Hoarah Loux's Earthshaker,Bestial,124,Backhand Blade|Bandit's Curved Sword|Bastard Sword|Battle Axe|Battle Hammer
509,Hoarah Loux's Earthshaker,Draconic,124,Backhand Blade|Bandit's Curved Sword|Bastard Sword|Battle Axe|Battle Hammer
509,Hoarah Loux's Earthshaker,Dragonkin,124,Backhand Blade|Bandit's Curved Sword|Bastard Sword|Battle Axe|Battle Hammer
509,Hoarah Loux's Earthshaker,Flame,124,Backhand Blade|Bandit's Curved Sword|Bastard Sword|Battle Axe|Battle Hammer
509,Hoarah Loux's Earthshaker,Glint,124,Backhand Blade|Bandit's Curved Sword|Bastard Sword|Battle Axe|Battle Hammer
509,Hoarah Loux's Earthshaker,Golden,124,Backhand Blade|Bandit's Curved Sword|Bastard Sword|Battle Axe|Battle Hammer
509,Hoarah Loux's Earthshaker,Gravity,124,Backhand Blade|Bandit's Curved Sword|Bastard Sword|Battle Axe|Battle Hammer
509,Hoarah Loux's Earthshaker,Heavy,124,Backhand Blade|Bandit's Curved Sword|Bastard Sword|Battle Axe|Battle Hammer
509,Hoarah Loux's Earthshaker,Keen,124,Backhand Blade|Bandit's Curved Sword|Bastard Sword|Battle Axe|Battle Hammer
509,Hoarah Loux's Earthshaker,Quality,124,Backhand Blade|Bandit's Curved Sword|Bastard Sword|Battle Axe|Battle Hammer
509,Hoarah Loux's Earthshaker,Standard,127,Backhand Blade|Bandit's Curved Sword|Bastard Sword|Battle Axe|Battle Hammer
160,Hoarfrost Stomp,Bestial,124,Backhand Blade|Bandit's Curved Sword|Bastard Sword|Battle Axe|Battle Hammer
160,Hoarfrost Stomp,Draconic,124,Backhand Blade|Bandit's Curved Sword|Bastard Sword|Battle Axe|Battle Hammer
160,Hoarfrost Stomp,Dragonkin,124,Backhand Blade|Bandit's Curved Sword|Bastard Sword|Battle Axe|Battle Hammer
160,Hoarfrost Stomp,Flame,124,Backhand Blade|Bandit's Curved Sword|Bastard Sword|Battle Axe|Battle Hammer
160,Hoarfrost Stomp,Glint,124,Backhand Blade|Bandit's Curved Sword|Bastard Sword|Battle Axe|Battle Hammer
160,Hoarfrost Stomp,Golden,124,Backhand Blade|Bandit's Curved Sword|Bastard Sword|Battle Axe|Battle Hammer
160,Hoarfrost Stomp,Gravity,124,Backhand Blade|Bandit's Curved Sword|Bastard Sword|Battle Axe|Battle Hammer
160,Hoarfrost Stomp,Heavy,124,Backhand Blade|Bandit's Curved Sword|Bastard Sword|Battle Axe|Battle Hammer
160,Hoarfrost Stomp,Keen,124,Backhand Blade|Bandit's Curved Sword|Bastard Sword|Battle Axe|Battle Hammer
160,Hoarfrost Stomp,Quality,124,Backhand Blade|Bandit's Curved Sword|Bastard Sword|Battle Axe|Battle Hammer
160,Hoarfrost Stomp,Standard,127,Backhand Blade|Bandit's Curved Sword|Bastard Sword|Battle Axe|Battle Hammer
702,Holy Ground,Bestial,1,Dueling Shield
702,Holy Ground,Draconic,1,Dueling Shield
702,Holy Ground,Dragonkin,1,Dueling Shield
702,Holy Ground,Flame,1,Dueling Shield
702,Holy Ground,Glint,1,Dueling Shield
702,Holy Ground,Golden,1,Dueling Shield
702,Holy Ground,Gravity,1,Dueling Shield
702,Holy Ground,Heavy,1,Dueling Shield
702,Holy Ground,Keen,1,Dueling Shield
702,Holy Ground,Quality,1,Dueling Shield
702,Holy Ground,Standard,1,Dueling Shield
202,Ice Spear,Bestial,17,Cross-Naginata|Gaelor's Mancatcher|Glaive|Halberd|Iron Spear
202,Ice Spear,Draconic,17,Cross-Naginata|Gaelor's Mancatcher|Glaive|Halberd|Iron Spear
202,Ice Spear,Dragonkin,17,Cross-Naginata|Gaelor's Mancatcher|Glaive|Halberd|Iron Spear
202,Ice Spear,Flame,17,Cross-Naginata|Gaelor's Mancatcher|Glaive|Halberd|Iron Spear
202,Ice Spear,Glint,17,Cross-Naginata|Gaelor's Mancatcher|Glaive|Halberd|Iron Spear
202,Ice Spear,Golden,17,Cross-Naginata|Gaelor's Mancatcher|Glaive|Halberd|Iron Spear
202,Ice Spear,Gravity,17,Cross-Naginata|Gaelor's Mancatcher|Glaive|Halberd|Iron Spear
202,Ice Spear,Heavy,17,Cross-Naginata|Gaelor's Mancatcher|Glaive|Halberd|Iron Spear
202,Ice Spear,Keen,17,Cross-Naginata|Gaelor's Mancatcher|Glaive|Halberd|Iron Spear
202,Ice Spear,Quality,17,Cross-Naginata|Gaelor's Mancatcher|Glaive|Halberd|Iron Spear
202,Ice Spear,Standard,18,Cross-Naginata|Gaelor's Mancatcher|Gargoyle's Black Blades|Glaive|Halberd
216,Ice Spikes,Bestial,122,Backhand Blade|Bandit's Curved Sword|Bastard Sword|Battle Axe|Battle Hammer
216,Ice Spikes,Draconic,122,Backhand Blade|Bandit's Curved Sword|Bastard Sword|Battle Axe|Battle Hammer
216,Ice Spikes,Dragonkin,122,Backhand Blade|Bandit's Curved Sword|Bastard Sword|Battle Axe|Battle Hammer
216,Ice Spikes,Flame,122,Backhand Blade|Bandit's Curved Sword|Bastard Sword|Battle Axe|Battle Hammer
216,Ice Spikes,Glint,122,Backhand Blade|Bandit's Curved Sword|Bastard Sword|Battle Axe|Battle Hammer
216,Ice Spikes,Golden,122,Backhand Blade|Bandit's Curved Sword|Bastard Sword|Battle Axe|Battle Hammer
216,Ice Spikes,Gravity,122,Backhand Blade|Bandit's Curved Sword|Bastard Sword|Battle Axe|Battle Hammer
216,Ice Spikes,Heavy,122,Backhand Blade|Bandit's Curved Sword|Bastard Sword|Battle Axe|Battle Hammer
216,Ice Spikes,Keen,122,Backhand Blade|Bandit's Curved Sword|Bastard Sword|Battle Axe|Battle Hammer
216,Ice Spikes,Quality,122,Backhand Blade|Bandit's Curved Sword|Bastard Sword|Battle Axe|Battle Hammer
216,Ice Spikes,Standard,125,Backhand Blade|Bandit's Curved Sword|Bastard Sword|Battle Axe|Battle Hammer
101,Impaling Thrust,Bestial,55,Bastard Sword|Bloodstained Dagger|Broadsword|Cane Sword|Claymore
101,Impaling Thrust,Draconic,55,Bastard Sword|Bloodstained Dagger|Broadsword|Cane Sword|Claymore
101,Impaling Thrust,Dragonkin,55,Bastard Sword|Bloodstained Dagger|Broadsword|Cane Sword|Claymore
101,Impaling Thrust,Flame,55,Bastard Sword|Bloodstained Dagger|Broadsword|Cane Sword|Claymore
101,Impaling Thrust,Glint,55,Bastard Sword|Bloodstained Dagger|Broadsword|Cane Sword|Claymore
101,Impaling Thrust,Golden,55,Bastard Sword|Bloodstained Dagger|Broadsword|Cane Sword|Claymore
101,Impaling Thrust,Gravity,55,Bastard Sword|Bloodstained Dagger|Broadsword|Cane Sword|Claymore
101,Impaling Thrust,Heavy,55,Bastard Sword|Bloodstained Dagger|Broadsword|Cane Sword|Claymore
101,Impaling Thrust,Keen,55,Bastard Sword|Bloodstained Dagger|Broadsword|Cane Sword|Claymore
101,Impaling Thrust,Quality,55,Bastard Sword|Bloodstained Dagger|Broadsword|Cane Sword|Claymore
101,Impaling Thrust,Standard,56,Bastard Sword|Bloodstained Dagger|Broadsword|Cane Sword|Claymore
503,Kick,Bestial,124,Backhand Blade|Bandit's Curved Sword|Bastard Sword|Battle Axe|Battle Hammer
503,Kick,Draconic,124,Backhand Blade|Bandit's Curved Sword|Bastard Sword|Battle Axe|Battle Hammer
503,Kick,Dragonkin,124,Backhand Blade|Bandit's Curved Sword|Bastard Sword|Battle Axe|Battle Hammer
503,Kick,Flame,124,Backhand Blade|Bandit's Curved Sword|Bastard Sword|Battle Axe|Battle Hammer
503,Kick,Glint,124,Backhand Blade|Bandit's Curved Sword|Bastard Sword|Battle Axe|Battle Hammer
503,Kick,Golden,124,Backhand Blade|Bandit's Curved Sword|Bastard Sword|Battle Axe|Battle Hammer
503,Kick,Gravity,124,Backhand Blade|Bandit's Curved Sword|Bastard Sword|Battle Axe|Battle Hammer
503,Kick,Heavy,124,Backhand Blade|Bandit's Curved Sword|Bastard Sword|Battle Axe|Battle Hammer
503,Kick,Keen,124,Backhand Blade|Bandit's Curved Sword|Bastard Sword|Battle Axe|Battle Hammer
503,Kick,Quality,124,Backhand Blade|Bandit's Curved Sword|Bastard Sword|Battle Axe|Battle Hammer
503,Kick,Standard,127,Backhand Blade|Bandit's Curved Sword|Bastard Sword|Battle Axe|Battle Hammer
205,Lifesteal Fist,Bestial,13,Beast Claw|Caestus|Dane's Footwork|Dryleaf Arts|Golem Fist
205,Lifesteal Fist,Draconic,13,Beast Claw|Caestus|Dane's Footwork|Dryleaf Arts|Golem Fist
205,Lifesteal Fist,Dragonkin,13,Beast Claw|Caestus|Dane's Footwork|Dryleaf Arts|Golem Fist
205,Lifesteal Fist,Flame,13,Beast Claw|Caestus|Dane's Footwork|Dryleaf Arts|Golem Fist
205,Lifesteal Fist,Glint,13,Beast Claw|Caestus|Dane's Footwork|Dryleaf Arts|Golem Fist
205,Lifesteal Fist,Golden,13,Beast Claw|Caestus|Dane's Footwork|Dryleaf Arts|Golem Fist
205,Lifesteal Fist,Gravity,13,Beast Claw|Caestus|Dane's Footwork|Dryleaf Arts|Golem Fist
205,Lifesteal Fist,Heavy,13,Beast Claw|Caestus|Dane's Footwork|Dryleaf Arts|Golem Fist
205,Lifesteal Fist,Keen,13,Beast Claw|Caestus|Dane's Footwork|Dryleaf Arts|Golem Fist
205,Lifesteal Fist,Quality,13,Beast Claw|Caestus|Dane's Footwork|Dryleaf Arts|Golem Fist
205,Lifesteal Fist,Standard,14,Beast Claw|Caestus|Dane's Footwork|Dryleaf Arts|Golem Fist
504,Lightning Ram,Bestial,124,Backhand Blade|Bandit's Curved Sword|Bastard Sword|Battle Axe|Battle Hammer
504,Lightning Ram,Draconic,124,Backhand Blade|Bandit's Curved Sword|Bastard Sword|Battle Axe|Battle Hammer
504,Lightning Ram,Dragonkin,124,Backhand Blade|Bandit's Curved Sword|Bastard Sword|Battle Axe|Battle Hammer
504,Lightning Ram,Flame,124,Backhand Blade|Bandit's Curved Sword|Bastard Sword|Battle Axe|Battle Hammer
504,Lightning Ram,Glint,124,Backhand Blade|Bandit's Curved Sword|Bastard Sword|Battle Axe|Battle Hammer
504,Lightning Ram,Golden,124,Backhand Blade|Bandit's Curved Sword|Bastard Sword|Battle Axe|Battle Hammer
504,Lightning Ram,Gravity,124,Backhand Blade|Bandit's Curved Sword|Bastard Sword|Battle Axe|Battle Hammer
504,Lightning Ram,Heavy,124,Backhand Blade|Bandit's Curved Sword|Bastard Sword|Battle Axe|Battle Hammer
504,Lightning Ram,Keen,124,Backhand Blade|Bandit's Curved Sword|Bastard Sword|Battle Axe|Battle Hammer
504,Lightning Ram,Quality,124,Backhand Blade|Bandit's Curved Sword|Bastard Sword|Battle Axe|Battle Hammer
504,Lightning Ram,Standard,127,Backhand Blade|Bandit's Curved Sword|Bastard Sword|Battle Axe|Battle Hammer
217,Lightning Slash,Bestial,87,Bandit's Curved Sword|Bastard Sword|Battle Axe|Battle Hammer|Bloodstained Dagger
217,Lightning Slash,Draconic,87,Bandit's Curved Sword|Bastard Sword|Battle Axe|Battle Hammer|Bloodstained Dagger
217,Lightning Slash,Dragonkin,87,Bandit's Curved Sword|Bastard Sword|Battle Axe|Battle Hammer|Bloodstained Dagger
217,Lightning Slash,Flame,87,Bandit's Curved Sword|Bastard Sword|Battle Axe|Battle Hammer|Bloodstained Dagger
217,Lightning Slash,Glint,87,Bandit's Curved Sword|Bastard Sword|Battle Axe|Battle Hammer|Bloodstained Dagger
217,Lightning Slash,Golden,87,Bandit's Curved Sword|Bastard Sword|Battle Axe|Battle Hammer|Bloodstained Dagger
217,Lightning Slash,Gravity,87,Bandit's Curved Sword|Bastard Sword|Battle Axe|Battle Hammer|Bloodstained Dagger
217,Lightning Slash,Heavy,87,Bandit's Curved Sword|Bastard Sword|Battle Axe|Battle Hammer|Bloodstained Dagger
217,Lightning Slash,Keen,87,Bandit's Curved Sword|Bastard Sword|Battle Axe|Battle Hammer|Bloodstained Dagger
217,Lightning Slash,Quality,87,Bandit's Curved Sword|Bastard Sword|Battle Axe|Battle Hammer|Bloodstained Dagger
217,Lightning Slash,Standard,89,Bandit's Curved Sword|Bastard Sword|Battle Axe|Battle Hammer|Bloodstained Dagger
100,Lion's Claw,Bestial,74,Bandit's Curved Sword|Bastard Sword|Battle Axe|Battle Hammer|Brick Hammer
100,Lion's Claw,Draconic,74,Bandit's Curved Sword|Bastard Sword|Battle Axe|Battle Hammer|Brick Hammer
100,Lion's Claw,Dragonkin,74,Bandit's Curved Sword|Bastard Sword|Battle Axe|Battle Hammer|Brick Hammer
100,Lion's Claw,Flame,74,Bandit's Curved Sword|Bastard Sword|Battle Axe|Battle Hammer|Brick Hammer
100,Lion's Claw,Glint,74,Bandit's Curved Sword|Bastard Sword|Battle Axe|Battle Hammer|Brick Hammer
100,Lion's Claw,Golden,74,Bandit's Curved Sword|Bastard Sword|Battle Axe|Battle Hammer|Brick Hammer
100,Lion's Claw,Gravity,74,Bandit's Curved Sword|Bastard Sword|Battle Axe|Battle Hammer|Brick Hammer
100,Lion's Claw,Heavy,74,Bandit's Curved Sword|Bastard Sword|Battle Axe|Battle Hammer|Brick Hammer
100,Lion's Claw,Keen,74,Bandit's Curved Sword|Bastard Sword|Battle Axe|Battle Hammer|Brick Hammer
100,Lion's Claw,Quality,74,Bandit's Curved Sword|Bastard Sword|Battle Axe|Battle Hammer|Brick Hammer
100,Lion's Claw,Standard,76,Bandit's Curved Sword|Bastard Sword|Battle Axe|Battle Hammer|Brick Hammer
118,Loretta's Slash,Bestial,19,Cross-Naginata|Gaelor's Mancatcher|Glaive|Grave Scythe|Halberd
118,Loretta's Slash,Draconic,19,Cross-Naginata|Gaelor's Mancatcher|Glaive|Grave Scythe|Halberd
118,Loretta's Slash,Dragonkin,19,Cross-Naginata|Gaelor's Mancatcher|Glaive|Grave Scythe|Halberd
118,Loretta's Slash,Flame,19,Cross-Naginata|Gaelor's Mancatcher|Glaive|Grave Scythe|Halberd
118,Loretta's Slash,Glint,19,Cross-Naginata|Gaelor's Mancatcher|Glaive|Grave Scythe|Halberd
118,Loretta's Slash,Golden,19,Cross-Naginata|Gaelor's Mancatcher|Glaive|Grave Scythe|Halberd
118,Loretta's Slash,Gravity,19,Cross-Naginata|Gaelor's Mancatcher|Glaive|Grave Scythe|Halberd
118,Loretta's Slash,Heavy,19,Cross-Naginata|Gaelor's Mancatcher|Glaive|Grave Scythe|Halberd
118,Loretta's Slash,Keen,19,Cross-Naginata|Gaelor's Mancatcher|Glaive|Grave Scythe|Halberd
118,Loretta's Slash,Quality,19,Cross-Naginata|Gaelor's Mancatcher|Glaive|Grave Scythe|Halberd
118,Loretta's Slash,Standard,20,Cross-Naginata|Gaelor's Mancatcher|Gargoyle's Black Blades|Glaive|Grave Scythe
10,No Skill,Bestial,1,Dueling Shield
10,No Skill,Draconic,1,Dueling Shield
10,No Skill,Dragonkin,1,Dueling Shield
10,No Skill,Flame,1,Dueling Shield
10,No Skill,Glint,1,Dueling Shield
10,No Skill,Golden,1,Dueling Shield
10,No Skill,Gravity,1,Dueling Shield
10,No Skill,Heavy,1,Dueling Shield
10,No Skill,Keen,1,Dueling Shield
10,No Skill,Quality,1,Dueling Shield
10,No Skill,Standard,1,Dueling Shield
4110,Overhead Stance,Bestial,1,Great Katana
4110,Overhead Stance,Draconic,1,Great Katana
4110,Overhead Stance,Dragonkin,1,Great Katana
4110,Overhead Stance,Flame,1,Great Katana
4110,Overhead Stance,Glint,1,Great Katana
4110,Overhead Stance,Golden,1,Great Katana
4110,Overhead Stance,Gravity,1,Great Katana
4110,Overhead Stance,Heavy,1,Great Katana
4110,Overhead Stance,Keen,1,Great Katana
4110,Overhead Stance,Quality,1,Great Katana
4110,Overhead Stance,Standard,1,Great Katana
4010,Palm Blast,Bestial,2,Dane's Footwork|Dryleaf Arts
4010,Palm Blast,Draconic,2,Dane's Footwork|Dryleaf Arts
4010,Palm Blast,Dragonkin,2,Dane's Footwork|Dryleaf Arts
4010,Palm Blast,Flame,2,Dane's Footwork|Dryleaf Arts
4010,Palm Blast,Glint,2,Dane's Footwork|Dryleaf Arts
4010,Palm Blast,Golden,2,Dane's Footwork|Dryleaf Arts
4010,Palm Blast,Gravity,2,Dane's Footwork|Dryleaf Arts
4010,Palm Blast,Heavy,2,Dane's Footwork|Dryleaf Arts
4010,Palm Blast,Keen,2,Dane's Footwork|Dryleaf Arts
4010,Palm Blast,Quality,2,Dane's Footwork|Dryleaf Arts
4010,Palm Blast,Standard,2,Dane's Footwork|Dryleaf Arts
302,Parry,Bestial,30,Bandit's Curved Sword|Bloodstained Dagger|Caestus|Cleanrot Knight's Sword|Dagger
302,Parry,Draconic,30,Bandit's Curved Sword|Bloodstained Dagger|Caestus|Cleanrot Knight's Sword|Dagger
302,Parry,Dragonkin,30,Bandit's Curved Sword|Bloodstained Dagger|Caestus|Cleanrot Knight's Sword|Dagger
302,Parry,Flame,30,Bandit's Curved Sword|Bloodstained Dagger|Caestus|Cleanrot Knight's Sword|Dagger
302,Parry,Glint,30,Bandit's Curved Sword|Bloodstained Dagger|Caestus|Cleanrot Knight's Sword|Dagger
302,Parry,Golden,30,Bandit's Curved Sword|Bloodstained Dagger|Caestus|Cleanrot Knight's Sword|Dagger
302,Parry,Gravity,30,Bandit's Curved Sword|Bloodstained Dagger|Caestus|Cleanrot Knight's Sword|Dagger
302,Parry,Heavy,30,Bandit's Curved Sword|Bloodstained Dagger|Caestus|Cleanrot Knight's Sword|Dagger
302,Parry,Keen,30,Bandit's Curved Sword|Bloodstained Dagger|Caestus|Cleanrot Knight's Sword|Dagger
302,Parry,Quality,30,Bandit's Curved Sword|Bloodstained Dagger|Caestus|Cleanrot Knight's Sword|Dagger
302,Parry,Standard,30,Bandit's Curved Sword|Bloodstained Dagger|Caestus|Cleanrot Knight's Sword|Dagger
225,Phantom Slash,Bestial,17,Cross-Naginata|Gaelor's Mancatcher|Glaive|Grave Scythe|Halberd
225,Phantom Slash,Draconic,17,Cross-Naginata|Gaelor's Mancatcher|Glaive|Grave Scythe|Halberd
225,Phantom Slash,Dragonkin,17,Cross-Naginata|Gaelor's Mancatcher|Glaive|Grave Scythe|Halberd
225,Phantom Slash,Flame,17,Cross-Naginata|Gaelor's Mancatcher|Glaive|Grave Scythe|Halberd
225,Phantom Slash,Glint,17,Cross-Naginata|Gaelor's Mancatcher|Glaive|Grave Scythe|Halberd
225,Phantom Slash,Golden,17,Cross-Naginata|Gaelor's Mancatcher|Glaive|Grave Scythe|Halberd
225,Phantom Slash,Gravity,17,Cross-Naginata|Gaelor's Mancatcher|Glaive|Grave Scythe|Halberd
225,Phantom Slash,Heavy,17,Cross-Naginata|Gaelor's Mancatcher|Glaive|Grave Scythe|Halberd
225,Phantom Slash,Keen,17,Cross-Naginata|Gaelor's Mancatcher|Glaive|Grave Scythe|Halberd
225,Phantom Slash,Quality,17,Cross-Naginata|Gaelor's Mancatcher|Glaive|Grave Scythe|Halberd
225,Phantom Slash,Standard,18,Cross-Naginata|Gaelor's Mancatcher|Gargoyle's Black Blades|Glaive|Grave Scythe
102,Piercing Fang,Bestial,44,Bastard Sword|Broadsword|Cane Sword|Claymore|Cleanrot Knight's Sword
102,Piercing Fang,Draconic,44,Bastard Sword|Broadsword|Cane Sword|Claymore|Cleanrot Knight's Sword
102,Piercing Fang,Dragonkin,44,Bastard Sword|Broadsword|Cane Sword|Claymore|Cleanrot Knight's Sword
102,Piercing Fang,Flame,44,Bastard Sword|Broadsword|Cane Sword|Claymore|Cleanrot Knight's Sword
102,Piercing Fang,Glint,44,Bastard Sword|Broadsword|Cane Sword|Claymore|Cleanrot Knight's Sword
102,Piercing Fang,Golden,44,Bastard Sword|Broadsword|Cane Sword|Claymore|Cleanrot Knight's Sword
102,Piercing Fang,Gravity,44,Bastard Sword|Broadsword|Cane Sword|Claymore|Cleanrot Knight's Sword
102,Piercing Fang,Heavy,44,Bastard Sword|Broadsword|Cane Sword|Claymore|Cleanrot Knight's Sword
102,Piercing Fang,Keen,44,Bastard Sword|Broadsword|Cane Sword|Claymore|Cleanrot Knight's Sword
102,Piercing Fang,Quality,44,Bastard Sword|Broadsword|Cane Sword|Claymore|Cleanrot Knight's Sword
102,Piercing Fang,Standard,45,Bastard Sword|Broadsword|Cane Sword|Claymore|Cleanrot Knight's Sword
4020,Piercing Throw,Bestial,1,Smithscript Dagger
4020,Piercing Throw,Draconic,1,Smithscript Dagger
4020,Piercing Throw,Dragonkin,1,Smithscript Dagger
4020,Piercing Throw,Flame,1,Smithscript Dagger
4020,Piercing Throw,Glint,1,Smithscript Dagger
4020,Piercing Throw,Golden,1,Smithscript Dagger
4020,Piercing Throw,Gravity,1,Smithscript Dagger
4020,Piercing Throw,Heavy,1,Smithscript Dagger
4020,Piercing Throw,Keen,1,Smithscript Dagger
4020,Piercing Throw,Quality,1,Smithscript Dagger
4020,Piercing Throw,Standard,1,Smithscript Dagger
119,Poison Moth Flight,Bestial,33,Backhand Blade|Bandit's Curved Sword|Bloodstained Dagger|Broadsword|Cane Sword
119,Poison Moth Flight,Draconic,33,Backhand Blade|Bandit's Curved Sword|Bloodstained Dagger|Broadsword|Cane Sword
119,Poison Moth Flight,Dragonkin,33,Backhand Blade|Bandit's Curved Sword|Bloodstained Dagger|Broadsword|Cane Sword
119,Poison Moth Flight,Flame,33,Backhand Blade|Bandit's Curved Sword|Bloodstained Dagger|Broadsword|Cane Sword
119,Poison Moth Flight,Glint,33,Backhand Blade|Bandit's Curved Sword|Bloodstained Dagger|Broadsword|Cane Sword
119,Poison Moth Flight,Golden,33,Backhand Blade|Bandit's Curved Sword|Bloodstained Dagger|Broadsword|Cane Sword
119,Poison Moth Flight,Gravity,33,Backhand Blade|Bandit's Curved Sword|Bloodstained Dagger|Broadsword|Cane Sword
119,Poison Moth Flight,Heavy,33,Backhand Blade|Bandit's Curved Sword|Bloodstained Dagger|Broadsword|Cane Sword
119,Poison Moth Flight,Keen,33,Backhand Blade|Bandit's Curved Sword|Bloodstained Dagger|Broadsword|Cane Sword
119,Poison Moth Flight,Quality,33,Backhand Blade|Bandit's Curved Sword|Bloodstained Dagger|Broadsword|Cane Sword
119,Poison Moth Flight,Standard,33,Backhand Blade|Bandit's Curved Sword|Bloodstained Dagger|Broadsword|Cane Sword
228,Poisonous Mist,Bestial,105,Bandit's Curved Sword|Bastard Sword|Battle Axe|Battle Hammer|Bloodstained Dagger
228,Poisonous Mist,Draconic,105,Bandit's Curved Sword|Bastard Sword|Battle Axe|Battle Hammer|Bloodstained Dagger
228,Poisonous Mist,Dragonkin,105,Bandit's Curved Sword|Bastard Sword|Battle Axe|Battle Hammer|Bloodstained Dagger
228,Poisonous Mist,Flame,105,Bandit's Curved Sword|Bastard Sword|Battle Axe|Battle Hammer|Bloodstained Dagger
228,Poisonous Mist,Glint,105,Bandit's Curved Sword|Bastard Sword|Battle Axe|Battle Hammer|Bloodstained Dagger
228,Poisonous Mist,Golden,105,Bandit's Curved Sword|Bastard Sword|Battle Axe|Battle Hammer|Bloodstained Dagger
228,Poisonous Mist,Gravity,105,Bandit's Curved Sword|Bastard Sword|Battle Axe|Battle Hammer|Bloodstained Dagger
228,Poisonous Mist,Heavy,105,Bandit's Curved Sword|Bastard Sword|Battle Axe|Battle Hammer|Bloodstained Dagger
228,Poisonous Mist,Keen,105,Bandit's Curved Sword|Bastard Sword|Battle Axe|Battle Hammer|Bloodstained Dagger
228,Poisonous Mist,Quality,105,Bandit's Curved Sword|Bastard Sword|Battle Axe|Battle Hammer|Bloodstained Dagger
228,Poisonous Mist,Standard,107,Bandit's Curved Sword|Bastard Sword|Battle Axe|Battle Hammer|Bloodstained Dagger
208,Prayerful Strike,Bestial,37,Battle Axe|Battle Hammer|Brick Hammer|Butchering Knife|Chainlink Flail
208,Prayerful Strike,Draconic,37,Battle Axe|Battle Hammer|Brick Hammer|Butchering Knife|Chainlink Flail
208,Prayerful Strike,Dragonkin,37,Battle Axe|Battle Hammer|Brick Hammer|Butchering Knife|Chainlink Flail
208,Prayerful Strike,Flame,37,Battle Axe|Battle Hammer|Brick Hammer|Butchering Knife|Chainlink Flail
208,Prayerful Strike,Glint,37,Battle Axe|Battle Hammer|Brick Hammer|Butchering Knife|Chainlink Flail
208,Prayerful Strike,Golden,37,Battle Axe|Battle Hammer|Brick Hammer|Butchering Knife|Chainlink Flail
208,Prayerful Strike,Gravity,37,Battle Axe|Battle Hammer|Brick Hammer|Butchering Knife|Chainlink Flail
208,Prayerful Strike,Heavy,37,Battle Axe|Battle Hammer|Brick Hammer|Butchering Knife|Chainlink Flail
208,Prayerful Strike,Keen,37,Battle Axe|Battle Hammer|Brick Hammer|Butchering Knife|Chainlink Flail
208,Prayerful Strike,Quality,37,Battle Axe|Battle Hammer|Brick Hammer|Butchering Knife|Chainlink Flail
208,Prayerful Strike,Standard,38,Battle Axe|Battle Hammer|Brick Hammer|Butchering Knife|Chainlink Flail
113,Prelate's Charge,Bestial,18,Battle Hammer|Brick Hammer|Butchering Knife|Crescent Moon Axe|Curved Great Club
113,Prelate's Charge,Draconic,18,Battle Hammer|Brick Hammer|Butchering Knife|Crescent Moon Axe|Curved Great Club
113,Prelate's Charge,Dragonkin,18,Battle Hammer|Brick Hammer|Butchering Knife|Crescent Moon Axe|Curved Great Club
113,Prelate's Charge,Flame,18,Battle Hammer|Brick Hammer|Butchering Knife|Crescent Moon Axe|Curved Great Club
113,Prelate's Charge,Glint,18,Battle Hammer|Brick Hammer|Butchering Knife|Crescent Moon Axe|Curved Great Club
113,Prelate's Charge,Golden,18,Battle Hammer|Brick Hammer|Butchering Knife|Crescent Moon Axe|Curved Great Club
113,Prelate's Charge,Gravity,18,Battle Hammer|Brick Hammer|Butchering Knife|Crescent Moon Axe|Curved Great Club
113,Prelate's Charge,Heavy,18,Battle Hammer|Brick Hammer|Butchering Knife|Crescent Moon Axe|Curved Great Club
113,Prelate's Charge,Keen,18,Battle Hammer|Brick Hammer|Butchering Knife|Crescent Moon Axe|Curved Great Club
113,Prelate's Charge,Quality,18,Battle Hammer|Brick Hammer|Butchering Knife|Crescent Moon Axe|Curved Great Club
113,Prelate's Charge,Standard,19,Battle Hammer|Brick Hammer|Butchering Knife|Crescent Moon Axe|Curved Great Club
200,Primeval Cascade,Bestial,63,Bandit's Curved Sword|Bastard Sword|Bloodstained Dagger|Broadsword|Cane Sword
200,Primeval Cascade,Draconic,63,Bandit's Curved Sword|Bastard Sword|Bloodstained Dagger|Broadsword|Cane Sword
200,Primeval Cascade,Dragonkin,63,Bandit's Curved Sword|Bastard Sword|Bloodstained Dagger|Broadsword|Cane Sword
200,Primeval Cascade,Flame,63,Bandit's Curved Sword|Bastard Sword|Bloodstained Dagger|Broadsword|Cane Sword
200,Primeval Cascade,Glint,63,Bandit's Curved Sword|Bastard Sword|Bloodstained Dagger|Broadsword|Cane Sword
200,Primeval Cascade,Golden,63,Bandit's Curved Sword|Bastard Sword|Bloodstained Dagger|Broadsword|Cane Sword
200,Primeval Cascade,Gravity,63,Bandit's Curved Sword|Bastard Sword|Bloodstained Dagger|Broadsword|Cane Sword
200,Primeval Cascade,Heavy,63,Bandit's Curved Sword|Bastard Sword|Bloodstained Dagger|Broadsword|Cane Sword
200,Primeval Cascade,Keen,63,Bandit's Curved Sword|Bastard Sword|Bloodstained Dagger|Broadsword|Cane Sword
200,Primeval Cascade,Quality,63,Bandit's Curved Sword|Bastard Sword|Bloodstained Dagger|Broadsword|Cane Sword
200,Primeval Cascade,Standard,64,Bandit's Curved Sword|Bastard Sword|Bloodstained Dagger|Broadsword|Cane Sword
800,Quickstep,Bestial,124,Backhand Blade|Bandit's Curved Sword|Bastard Sword|Battle Axe|Battle Hammer
800,Quickstep,Draconic,124,Backhand Blade|Bandit's Curved Sword|Bastard Sword|Battle Axe|Battle Hammer
800,Quickstep,Dragonkin,124,Backhand Blade|Bandit's Curved Sword|Bastard Sword|Battle Axe|Battle Hammer
800,Quickstep,Flame,124,Backhand Blade|Bandit's Curved Sword|Bastard Sword|Battle Axe|Battle Hammer
800,Quickstep,Glint,124,Backhand Blade|Bandit's Curved Sword|Bastard Sword|Battle Axe|Battle Hammer
800,Quickstep,Golden,124,Backhand Blade|Bandit's Curved Sword|Bastard Sword|Battle Axe|Battle Hammer
800,Quickstep,Gravity,124,Backhand Blade|Bandit's Curved Sword|Bastard Sword|Battle Axe|Battle Hammer
800,Quickstep,Heavy,124,Backhand Blade|Bandit's Curved Sword|Bastard Sword|Battle Axe|Battle Hammer
800,Quickstep,Keen,124,Backhand Blade|Bandit's Curved Sword|Bastard Sword|Battle Axe|Battle Hammer
800,Quickstep,Quality,124,Backhand Blade|Bandit's Curved Sword|Bastard Sword|Battle Axe|Battle Hammer
800,Quickstep,Standard,127,Backhand Blade|Bandit's Curved Sword|Bastard Sword|Battle Axe|Battle Hammer
4060,Raging Beast,Bestial,1,Beast Claw
4060,Raging Beast,Draconic,1,Beast Claw
4060,Raging Beast,Dragonkin,1,Beast Claw
4060,Raging Beast,Flame,1,Beast Claw
4060,Raging Beast,Glint,1,Beast Claw
4060,Raging Beast,Golden,1,Beast Claw
4060,Raging Beast,Gravity,1,Beast Claw
4060,Raging Beast,Heavy,1,Beast Claw
4060,Raging Beast,Keen,1,Beast Claw
4060,Raging Beast,Quality,1,Beast Claw
4060,Raging Beast,Standard,2,Beast Claw|Transcendent Talons
802,Raptor of the Mists,Bestial,124,Backhand Blade|Bandit's Curved Sword|Bastard Sword|Battle Axe|Battle Hammer
802,Raptor of the Mists,Draconic,124,Backhand Blade|Bandit's Curved Sword|Bastard Sword|Battle Axe|Battle Hammer
802,Raptor of the Mists,Dragonkin,124,Backhand Blade|Bandit's Curved Sword|Bastard Sword|Battle Axe|Battle Hammer
802,Raptor of the Mists,Flame,124,Backhand Blade|Bandit's Curved Sword|Bastard Sword|Battle Axe|Battle Hammer
802,Raptor of the Mists,Glint,124,Backhand Blade|Bandit's Curved Sword|Bastard Sword|Battle Axe|Battle Hammer
802,Raptor of the Mists,Golden,124,Backhand Blade|Bandit's Curved Sword|Bastard Sword|Battle Axe|Battle Hammer
802,Raptor of the Mists,Gravity,124,Backhand Blade|Bandit's Curved Sword|Bastard Sword|Battle Axe|Battle Hammer
802,Raptor of the Mists,Heavy,124,Backhand Blade|Bandit's Curved Sword|Bastard Sword|Battle Axe|Battle Hammer
802,Raptor of the Mists,Keen,124,Backhand Blade|Bandit's Curved Sword|Bastard Sword|Battle Axe|Battle Hammer
802,Raptor of the Mists,Quality,124,Backhand Blade|Bandit's Curved Sword|Bastard Sword|Battle Axe|Battle Hammer
802,Raptor of the Mists,Standard,127,Backhand Blade|Bandit's Curved Sword|Bastard Sword|Battle Axe|Battle Hammer
109,Repeating Thrust,Bestial,52,Bastard Sword|Bloodstained Dagger|Broadsword|Cane Sword|Claymore
109,Repeating Thrust,Draconic,52,Bastard Sword|Bloodstained Dagger|Broadsword|Cane Sword|Claymore
109,Repeating Thrust,Dragonkin,52,Bastard Sword|Bloodstained Dagger|Broadsword|Cane Sword|Claymore
109,Repeating Thrust,Flame,52,Bastard Sword|Bloodstained Dagger|Broadsword|Cane Sword|Claymore
109,Repeating Thrust,Glint,52,Bastard Sword|Bloodstained Dagger|Broadsword|Cane Sword|Claymore
109,Repeating Thrust,Golden,52,Bastard Sword|Bloodstained Dagger|Broadsword|Cane Sword|Claymore
109,Repeating Thrust,Gravity,52,Bastard Sword|Bloodstained Dagger|Broadsword|Cane Sword|Claymore
109,Repeating Thrust,Heavy,52,Bastard Sword|Bloodstained Dagger|Broadsword|Cane Sword|Claymore
109,Repeating Thrust,Keen,52,Bastard Sword|Bloodstained Dagger|Broadsword|Cane Sword|Claymore
109,Repeating Thrust,Quality,52,Bastard Sword|Bloodstained Dagger|Broadsword|Cane Sword|Claymore
109,Repeating Thrust,Standard,53,Bastard Sword|Bloodstained Dagger|Broadsword|Cane Sword|Claymore
601,Royal Knight's Resolve,Bestial,121,Backhand Blade|Bandit's Curved Sword|Bastard Sword|Battle Axe|Battle Hammer
601,Royal Knight's Resolve,Draconic,121,Backhand Blade|Bandit's Curved Sword|Bastard Sword|Battle Axe|Battle Hammer
601,Royal Knight's Resolve,Dragonkin,121,Backhand Blade|Bandit's Curved Sword|Bastard Sword|Battle Axe|Battle Hammer
601,Royal Knight's Resolve,Flame,121,Backhand Blade|Bandit's Curved Sword|Bastard Sword|Battle Axe|Battle Hammer
601,Royal Knight's Resolve,Glint,121,Backhand Blade|Bandit's Curved Sword|Bastard Sword|Battle Axe|Battle Hammer
601,Royal Knight's Resolve,Golden,121,Backhand Blade|Bandit's Curved Sword|Bastard Sword|Battle Axe|Battle Hammer
601,Royal Knight's Resolve,Gravity,121,Backhand Blade|Bandit's Curved Sword|Bastard Sword|Battle Axe|Battle Hammer
601,Royal Knight's Resolve,Heavy,121,Backhand Blade|Bandit's Curved Sword|Bastard Sword|Battle Axe|Battle Hammer
601,Royal Knight's Resolve,Keen,121,Backhand Blade|Bandit's Curved Sword|Bastard Sword|Battle Axe|Battle Hammer
601,Royal Knight's Resolve,Quality,121,Backhand Blade|Bandit's Curved Sword|Bastard Sword|Battle Axe|Battle Hammer
601,Royal Knight's Resolve,Standard,124,Backhand Blade|Bandit's Curved Sword|Bastard Sword|Battle Axe|Battle Hammer
201,Sacred Blade,Bestial,105,Bandit's Curved Sword|Bastard Sword|Battle Axe|Battle Hammer|Bloodstained Dagger
201,Sacred Blade,Draconic,105,Bandit's Curved Sword|Bastard Sword|Battle Axe|Battle Hammer|Bloodstained Dagger
201,Sacred Blade,Dragonkin,105,Bandit's Curved Sword|Bastard Sword|Battle Axe|Battle Hammer|Bloodstained Dagger
201,Sacred Blade,Flame,105,Bandit's Curved Sword|Bastard Sword|Battle Axe|Battle Hammer|Bloodstained Dagger
201,Sacred Blade,Glint,105,Bandit's Curved Sword|Bastard Sword|Battle Axe|Battle Hammer|Bloodstained Dagger
201,Sacred Blade,Golden,105,Bandit's Curved Sword|Bastard Sword|Battle Axe|Battle Hammer|Bloodstained Dagger
201,Sacred Blade,Gravity,105,Bandit's Curved Sword|Bastard Sword|Battle Axe|Battle Hammer|Bloodstained Dagger
201,Sacred Blade,Heavy,105,Bandit's Curved Sword|Bastard Sword|Battle Axe|Battle Hammer|Bloodstained Dagger
201,Sacred Blade,Keen,105,Bandit's Curved Sword|Bastard Sword|Battle Axe|Battle Hammer|Bloodstained Dagger
201,Sacred Blade,Quality,105,Bandit's Curved Sword|Bastard Sword|Battle Axe|Battle Hammer|Bloodstained Dagger
201,Sacred Blade,Standard,107,Bandit's Curved Sword|Bastard Sword|Battle Axe|Battle Hammer|Bloodstained Dagger
604,Sacred Order,Bestial,121,Backhand Blade|Bandit's Curved Sword|Bastard Sword|Battle Axe|Battle Hammer
604,Sacred Order,Draconic,121,Backhand Blade|Bandit's Curved Sword|Bastard Sword|Battle Axe|Battle Hammer
604,Sacred Order,Dragonkin,121,Backhand Blade|Bandit's Curved Sword|Bastard Sword|Battle Axe|Battle Hammer
604,Sacred Order,Flame,121,Backhand Blade|Bandit's Curved Sword|Bastard Sword|Battle Axe|Battle Hammer
604,Sacred Order,Glint,121,Backhand Blade|Bandit's Curved Sword|Bastard Sword|Battle Axe|Battle Hammer
604,Sacred Order,Golden,121,Backhand Blade|Bandit's Curved Sword|Bastard Sword|Battle Axe|Battle Hammer
604,Sacred Order,Gravity,121,Backhand Blade|Bandit's Curved Sword|Bastard Sword|Battle Axe|Battle Hammer
604,Sacred Order,Heavy,121,Backhand Blade|Bandit's Curved Sword|Bastard Sword|Battle Axe|Battle Hammer
604,Sacred Order,Keen,121,Backhand Blade|Bandit's Curved Sword|Bastard Sword|Battle Axe|Battle Hammer
604,Sacred Order,Quality,121,Backhand Blade|Bandit's Curved Sword|Bastard Sword|Battle Axe|Battle Hammer
604,Sacred Order,Standard,124,Backhand Blade|Bandit's Curved Sword|Bastard Sword|Battle Axe|Battle Hammer
222,Sacred Ring of Light,Bestial,15,Cross-Naginata|Gaelor's Mancatcher|Glaive|Grave Scythe|Halberd
222,Sacred Ring of Light,Draconic,15,Cross-Naginata|Gaelor's Mancatcher|Glaive|Grave Scythe|Halberd
222,Sacred Ring of Light,Dragonkin,15,Cross-Naginata|Gaelor's Mancatcher|Glaive|Grave Scythe|Halberd
222,Sacred Ring of Light,Flame,15,Cross-Naginata|Gaelor's Mancatcher|Glaive|Grave Scythe|Halberd
222,Sacred Ring of Light,Glint,15,Cross-Naginata|Gaelor's Mancatcher|Glaive|Grave Scythe|Halberd
222,Sacred Ring of Light,Golden,15,Cross-Naginata|Gaelor's Mancatcher|Glaive|Grave Scythe|Halberd
222,Sacred Ring of Light,Gravity,15,Cross-Naginata|Gaelor's Mancatcher|Glaive|Grave Scythe|Halberd
222,Sacred Ring of Light,Heavy,15,Cross-Naginata|Gaelor's Mancatcher|Glaive|Grave Scythe|Halberd
222,Sacred Ring of Light,Keen,15,Cross-Naginata|Gaelor's Mancatcher|Glaive|Grave Scythe|Halberd
222,Sacred Ring of Light,Quality,15,Cross-Naginata|Gaelor's Mancatcher|Glaive|Grave Scythe|Halberd
222,Sacred Ring of Light,Standard,15,Cross-Naginata|Gaelor's Mancatcher|Glaive|Grave Scythe|Halberd
4070,Savage Claws,Bestial,1,Beast Claw
4070,Savage Claws,Draconic,1,Beast Claw
4070,Savage Claws,Dragonkin,1,Beast Claw
4070,Savage Claws,Flame,1,Beast Claw
4070,Savage Claws,Glint,1,Beast Claw
4070,Savage Claws,Golden,1,Beast Claw
4070,Savage Claws,Gravity,1,Beast Claw
4070,Savage Claws,Heavy,1,Beast Claw
4070,Savage Claws,Keen,1,Beast Claw
4070,Savage Claws,Quality,1,Beast Claw
4070,Savage Claws,Standard,2,Beast Claw|Transcendent Talons
4150,Savage Lion's Claw,Bestial,74,Bandit's Curved Sword|Bastard Sword|Battle Axe|Battle Hammer|Brick Hammer
4150,Savage Lion's Claw,Draconic,74,Bandit's Curved Sword|Bastard Sword|Battle Axe|Battle Hammer|Brick Hammer
4150,Savage Lion's Claw,Dragonkin,74,Bandit's Curved Sword|Bastard Sword|Battle Axe|Battle Hammer|Brick Hammer
4150,Savage Lion's Claw,Flame,74,Bandit's Curved Sword|Bastard Sword|Battle Axe|Battle Hammer|Brick Hammer
4150,Savage Lion's Claw,Glint,74,Bandit's Curved Sword|Bastard Sword|Battle Axe|Battle Hammer|Brick Hammer
4150,Savage Lion's Claw,Golden,74,Bandit's Curved Sword|Bastard Sword|Battle Axe|Battle Hammer|Brick Hammer
4150,Savage Lion's Claw,Gravity,74,Bandit's Curved Sword|Bastard Sword|Battle Axe|Battle Hammer|Brick Hammer
4150,Savage Lion's Claw,Heavy,74,Bandit's Curved Sword|Bastard Sword|Battle Axe|Battle Hammer|Brick Hammer
4150,Savage Lion's Claw,Keen,74,Bandit's Curved Sword|Bastard Sword|Battle Axe|Battle Hammer|Brick Hammer
4150,Savage Lion's Claw,Quality,74,Bandit's Curved Sword|Bastard Sword|Battle Axe|Battle Hammer|Brick Hammer
4150,Savage Lion's Claw,Standard,76,Bandit's Curved Sword|Bastard Sword|Battle Axe|Battle Hammer|Brick Hammer
4030,Scattershot Throw,Bestial,1,Smithscript Dagger
4030,Scattershot Throw,Draconic,1,Smithscript Dagger
4030,Scattershot Throw,Dragonkin,1,Smithscript Dagger
4030,Scattershot Throw,Flame,1,Smithscript Dagger
4030,Scattershot Throw,Glint,1,Smithscript Dagger
4030,Scattershot Throw,Golden,1,Smithscript Dagger
4030,Scattershot Throw,Gravity,1,Smithscript Dagger
4030,Scattershot Throw,Heavy,1,Smithscript Dagger
4030,Scattershot Throw,Keen,1,Smithscript Dagger
4030,Scattershot Throw,Quality,1,Smithscript Dagger
4030,Scattershot Throw,Standard,1,Smithscript Dagger
600,Scorched Earth,Bestial,121,Backhand Blade|Bandit's Curved Sword|Bastard Sword|Battle Axe|Battle Hammer
600,Scorched Earth,Draconic,121,Backhand Blade|Bandit's Curved Sword|Bastard Sword|Battle Axe|Battle Hammer
600,Scorched Earth,Dragonkin,121,Backhand Blade|Bandit's Curved Sword|Bastard Sword|Battle Axe|Battle Hammer
600,Scorched Earth,Flame,121,Backhand Blade|Bandit's Curved Sword|Bastard Sword|Battle Axe|Battle Hammer
600,Scorched Earth,Glint,121,Backhand Blade|Bandit's Curved Sword|Bastard Sword|Battle Axe|Battle Hammer
600,Scorched Earth,Golden,121,Backhand Blade|Bandit's Curved Sword|Bastard Sword|Battle Axe|Battle Hammer
600,Scorched Earth,Gravity,121,Backhand Blade|Bandit's Curved Sword|Bastard Sword|Battle Axe|Battle Hammer
600,Scorched Earth,Heavy,121,Backhand Blade|Bandit's Curved Sword|Bastard Sword|Battle Axe|Battle Hammer
600,Scorched Earth,Keen,121,Backhand Blade|Bandit's Curved Sword|Bastard Sword|Battle Axe|Battle Hammer
600,Scorched Earth,Quality,121,Backhand Blade|Bandit's Curved Sword|Bastard Sword|Battle Axe|Battle Hammer
600,Scorched Earth,Standard,124,Backhand Blade|Bandit's Curved Sword|Bastard Sword|Battle Axe|Battle Hammer
606,Seppuku,Bestial,54,Bandit's Curved Sword|Bastard Sword|Broadsword|Cane Sword|Claymore
606,Seppuku,Draconic,54,Bandit's Curved Sword|Bastard Sword|Broadsword|Cane Sword|Claymore
606,Seppuku,Dragonkin,54,Bandit's Curved Sword|Bastard Sword|Broadsword|Cane Sword|Claymore
606,Seppuku,Flame,54,Bandit's Curved Sword|Bastard Sword|Broadsword|Cane Sword|Claymore
606,Seppuku,Glint,54,Bandit's Curved Sword|Bastard Sword|Broadsword|Cane Sword|Claymore
606,Seppuku,Golden,54,Bandit's Curved Sword|Bastard Sword|Broadsword|Cane Sword|Claymore
606,Seppuku,Gravity,54,Bandit's Curved Sword|Bastard Sword|Broadsword|Cane Sword|Claymore
606,Seppuku,Heavy,54,Bandit's Curved Sword|Bastard Sword|Broadsword|Cane Sword|Claymore
606,Seppuku,Keen,54,Bandit's Curved Sword|Bastard Sword|Broadsword|Cane Sword|Claymore
606,Seppuku,Quality,54,Bandit's Curved Sword|Bastard Sword|Broadsword|Cane Sword|Claymore
606,Seppuku,Standard,55,Bandit's Curved Sword|Bastard Sword|Broadsword|Cane Sword|Claymore
508,Shabriri's Revenge,Bestial,24,Battle Hammer|Brick Hammer|Butchering Knife|Crescent Moon Axe|Curved Great Club
508,Shabriri's Revenge,Draconic,24,Battle Hammer|Brick Hammer|Butchering Knife|Crescent Moon Axe|Curved Great Club
508,Shabriri's Revenge,Dragonkin,24,Battle Hammer|Brick Hammer|Butchering Knife|Crescent Moon Axe|Curved Great Club
508,Shabriri's Revenge,Flame,24,Battle Hammer|Brick Hammer|Butchering Knife|Crescent Moon Axe|Curved Great Club
508,Shabriri's Revenge,Glint,24,Battle Hammer|Brick Hammer|Butchering Knife|Crescent Moon Axe|Curved Great Club
508,Shabriri's Revenge,Golden,24,Battle Hammer|Brick Hammer|Butchering Knife|Crescent Moon Axe|Curved Great Club
508,Shabriri's Revenge,Gravity,24,Battle Hammer|Brick Hammer|Butchering Knife|Crescent Moon Axe|Curved Great Club
508,Shabriri's Revenge,Heavy,24,Battle Hammer|Brick Hammer|Butchering Knife|Crescent Moon Axe|Curved Great Club
508,Shabriri's Revenge,Keen,24,Battle Hammer|Brick Hammer|Butchering Knife|Crescent Moon Axe|Curved Great Club
508,Shabriri's Revenge,Quality,24,Battle Hammer|Brick Hammer|Butchering Knife|Crescent Moon Axe|Curved Great Club
508,Shabriri's Revenge,Standard,25,Battle Hammer|Brick Hammer|Butchering Knife|Crescent Moon Axe|Curved Great Club
300,Shield Bash,Bestial,1,Dueling Shield
300,Shield Bash,Draconic,1,Dueling Shield
300,Shield Bash,Dragonkin,1,Dueling Shield
300,Shield Bash,Flame,1,Dueling Shield
300,Shield Bash,Glint,1,Dueling Shield
300,Shield Bash,Golden,1,Dueling Shield
300,Shield Bash,Gravity,1,Dueling Shield
300,Shield Bash,Heavy,1,Dueling Shield
300,Shield Bash,Keen,1,Dueling Shield
300,Shield Bash,Quality,1,Dueling Shield
300,Shield Bash,Standard,1,Dueling Shield
308,Shield Crash,Bestial,1,Dueling Shield
308,Shield Crash,Draconic,1,Dueling Shield
308,Shield Crash,Dragonkin,1,Dueling Shield
308,Shield Crash,Flame,1,Dueling Shield
308,Shield Crash,Glint,1,Dueling Shield
308,Shield Crash,Golden,1,Dueling Shield
308,Shield Crash,Gravity,1,Dueling Shield
308,Shield Crash,Heavy,1,Dueling Shield
308,Shield Crash,Keen,1,Dueling Shield
308,Shield Crash,Quality,1,Dueling Shield
308,Shield Crash,Standard,1,Dueling Shield
8000,Shield Strike,Bestial,1,Dueling Shield
8000,Shield Strike,Draconic,1,Dueling Shield
8000,Shield Strike,Dragonkin,1,Dueling Shield
8000,Shield Strike,Flame,1,Dueling Shield
8000,Shield Strike,Glint,1,Dueling Shield
8000,Shield Strike,Golden,1,Dueling Shield
8000,Shield Strike,Gravity,1,Dueling Shield
8000,Shield Strike,Heavy,1,Dueling Shield
8000,Shield Strike,Keen,1,Dueling Shield
8000,Shield Strike,Quality,1,Dueling Shield
8000,Shield Strike,Standard,1,Dueling Shield
4190,Shriek of Sorrow,Bestial,124,Backhand Blade|Bandit's Curved Sword|Bastard Sword|Battle Axe|Battle Hammer
4190,Shriek of Sorrow,Draconic,124,Backhand Blade|Bandit's Curved Sword|Bastard Sword|Battle Axe|Battle Hammer
4190,Shriek of Sorrow,Dragonkin,124,Backhand Blade|Bandit's Curved Sword|Bastard Sword|Battle Axe|Battle Hammer
4190,Shriek of Sorrow,Flame,124,Backhand Blade|Bandit's Curved Sword|Bastard Sword|Battle Axe|Battle Hammer
4190,Shriek of Sorrow,Glint,124,Backhand Blade|Bandit's Curved Sword|Bastard Sword|Battle Axe|Battle Hammer
4190,Shriek of Sorrow,Golden,124,Backhand Blade|Bandit's Curved Sword|Bastard Sword|Battle Axe|Battle Hammer
4190,Shriek of Sorrow,Gravity,124,Backhand Blade|Bandit's Curved Sword|Bastard Sword|Battle Axe|Battle Hammer
4190,Shriek of Sorrow,Heavy,124,Backhand Blade|Bandit's Curved Sword|Bastard Sword|Battle Axe|Battle Hammer
4190,Shriek of Sorrow,Keen,124,Backhand Blade|Bandit's Curved Sword|Bastard Sword|Battle Axe|Battle Hammer
4190,Shriek of Sorrow,Quality,124,Backhand Blade|Bandit's Curved Sword|Bastard Sword|Battle Axe|Battle Hammer
4190,Shriek of Sorrow,Standard,127,Backhand Blade|Bandit's Curved Sword|Bastard Sword|Battle Axe|Battle Hammer
226,Spectral Lance,Bestial,15,Cross-Naginata|Gaelor's Mancatcher|Glaive|Halberd|Iron Spear
226,Spectral Lance,Draconic,15,Cross-Naginata|Gaelor's Mancatcher|Glaive|Halberd|Iron Spear
226,Spectral Lance,Dragonkin,15,Cross-Naginata|Gaelor's Mancatcher|Glaive|Halberd|Iron Spear
226,Spectral Lance,Flame,15,Cross-Naginata|Gaelor's Mancatcher|Glaive|Halberd|Iron Spear
226,Spectral Lance,Glint,15,Cross-Naginata|Gaelor's Mancatcher|Glaive|Halberd|Iron Spear
226,Spectral Lance,Golden,15,Cross-Naginata|Gaelor's Mancatcher|Glaive|Halberd|Iron Spear
226,Spectral Lance,Gravity,15,Cross-Naginata|Gaelor's Mancatcher|Glaive|Halberd|Iron Spear
226,Spectral Lance,Heavy,15,Cross-Naginata|Gaelor's Mancatcher|Glaive|Halberd|Iron Spear
226,Spectral Lance,Keen,15,Cross-Naginata|Gaelor's Mancatcher|Glaive|Halberd|Iron Spear
226,Spectral Lance,Quality,15,Cross-Naginata|Gaelor's Mancatcher|Glaive|Halberd|Iron Spear
226,Spectral Lance,Standard,15,Cross-Naginata|Gaelor's Mancatcher|Glaive|Halberd|Iron Spear
4000,Spinning Gravity Thrust,Bestial,18,Bastard Sword|Claymore|Demi-Dragon Cleaver|Dismounter|Flamberge
4000,Spinning Gravity Thrust,Draconic,18,Bastard Sword|Claymore|Demi-Dragon Cleaver|Dismounter|Flamberge
4000,Spinning Gravity Thrust,Dragonkin,18,Bastard Sword|Claymore|Demi-Dragon Cleaver|Dismounter|Flamberge
4000,Spinning Gravity Thrust,Flame,18,Bastard Sword|Claymore|Demi-Dragon Cleaver|Dismounter|Flamberge
4000,Spinning Gravity Thrust,Glint,18,Bastard Sword|Claymore|Demi-Dragon Cleaver|Dismounter|Flamberge
4000,Spinning Gravity Thrust,Golden,18,Bastard Sword|Claymore|Demi-Dragon Cleaver|Dismounter|Flamberge
4000,Spinning Gravity Thrust,Gravity,18,Bastard Sword|Claymore|Demi-Dragon Cleaver|Dismounter|Flamberge
4000,Spinning Gravity Thrust,Heavy,18,Bastard Sword|Claymore|Demi-Dragon Cleaver|Dismounter|Flamberge
4000,Spinning Gravity Thrust,Keen,18,Bastard Sword|Claymore|Demi-Dragon Cleaver|Dismounter|Flamberge
4000,Spinning Gravity Thrust,Quality,18,Bastard Sword|Claymore|Demi-Dragon Cleaver|Dismounter|Flamberge
4000,Spinning Gravity Thrust,Standard,18,Bastard Sword|Claymore|Demi-Dragon Cleaver|Dismounter|Flamberge
103,Spinning Slash,Bestial,75,Backhand Blade|Bandit's Curved Sword|Bastard Sword|Battle Axe|Bloodstained Dagger
103,Spinning Slash,Draconic,75,Backhand Blade|Bandit's Curved Sword|Bastard Sword|Battle Axe|Bloodstained Dagger
103,Spinning Slash,Dragonkin,75,Backhand Blade|Bandit's Curved Sword|Bastard Sword|Battle Axe|Bloodstained Dagger
103,Spinning Slash,Flame,75,Backhand Blade|Bandit's Curved Sword|Bastard Sword|Battle Axe|Bloodstained Dagger
103,Spinning Slash,Glint,75,Backhand Blade|Bandit's Curved Sword|Bastard Sword|Battle Axe|Bloodstained Dagger
103,Spinning Slash,Golden,75,Backhand Blade|Bandit's Curved Sword|Bastard Sword|Battle Axe|Bloodstained Dagger
103,Spinning Slash,Gravity,75,Backhand Blade|Bandit's Curved Sword|Bastard Sword|Battle Axe|Bloodstained Dagger
103,Spinning Slash,Heavy,75,Backhand Blade|Bandit's Curved Sword|Bastard Sword|Battle Axe|Bloodstained Dagger
103,Spinning Slash,Keen,75,Backhand Blade|Bandit's Curved Sword|Bastard Sword|Battle Axe|Bloodstained Dagger
103,Spinning Slash,Quality,75,Backhand Blade|Bandit's Curved Sword|Bastard Sword|Battle Axe|Bloodstained Dagger
103,Spinning Slash,Standard,77,Backhand Blade|Bandit's Curved Sword|Bastard Sword|Battle Axe|Bloodstained Dagger
111,Spinning Strikes,Bestial,15,Cross-Naginata|Gaelor's Mancatcher|Glaive|Grave Scythe|Halberd
111,Spinning Strikes,Draconic,15,Cross-Naginata|Gaelor's Mancatcher|Glaive|Grave Scythe|Halberd
111,Spinning Strikes,Dragonkin,15,Cross-Naginata|Gaelor's Mancatcher|Glaive|Grave Scythe|Halberd
111,Spinning Strikes,Flame,15,Cross-Naginata|Gaelor's Mancatcher|Glaive|Grave Scythe|Halberd
111,Spinning Strikes,Glint,15,Cross-Naginata|Gaelor's Mancatcher|Glaive|Grave Scythe|Halberd
111,Spinning Strikes,Golden,15,Cross-Naginata|Gaelor's Mancatcher|Glaive|Grave Scythe|Halberd
111,Spinning Strikes,Gravity,15,Cross-Naginata|Gaelor's Mancatcher|Glaive|Grave Scythe|Halberd
111,Spinning Strikes,Heavy,15,Cross-Naginata|Gaelor's Mancatcher|Glaive|Grave Scythe|Halberd
111,Spinning Strikes,Keen,15,Cross-Naginata|Gaelor's Mancatcher|Glaive|Grave Scythe|Halberd
111,Spinning Strikes,Quality,15,Cross-Naginata|Gaelor's Mancatcher|Glaive|Grave Scythe|Halberd
111,Spinning Strikes,Standard,15,Cross-Naginata|Gaelor's Mancatcher|Glaive|Grave Scythe|Halberd
120,Spinning Weapon,Bestial,71,Backhand Blade|Bandit's Curved Sword|Battle Axe|Bloodstained Dagger|Broadsword
120,Spinning Weapon,Draconic,71,Backhand Blade|Bandit's Curved Sword|Battle Axe|Bloodstained Dagger|Broadsword
120,Spinning Weapon,Dragonkin,71,Backhand Blade|Bandit's Curved Sword|Battle Axe|Bloodstained Dagger|Broadsword
120,Spinning Weapon,Flame,71,Backhand Blade|Bandit's Curved Sword|Battle Axe|Bloodstained Dagger|Broadsword
120,Spinning Weapon,Glint,71,Backhand Blade|Bandit's Curved Sword|Battle Axe|Bloodstained Dagger|Broadsword
120,Spinning Weapon,Golden,71,Backhand Blade|Bandit's Curved Sword|Battle Axe|Bloodstained Dagger|Broadsword
120,Spinning Weapon,Gravity,71,Backhand Blade|Bandit's Curved Sword|Battle Axe|Bloodstained Dagger|Broadsword
120,Spinning Weapon,Heavy,71,Backhand Blade|Bandit's Curved Sword|Battle Axe|Bloodstained Dagger|Broadsword
120,Spinning Weapon,Keen,71,Backhand Blade|Bandit's Curved Sword|Battle Axe|Bloodstained Dagger|Broadsword
120,Spinning Weapon,Quality,71,Backhand Blade|Bandit's Curved Sword|Battle Axe|Bloodstained Dagger|Broadsword
120,Spinning Weapon,Standard,72,Backhand Blade|Bandit's Curved Sword|Battle Axe|Bloodstained Dagger|Broadsword
115,Square Off,Bestial,8,Broadsword|Cane Sword|Longsword|Lordsworn's Straight Sword|Noble's Slender Sword
115,Square Off,Draconic,8,Broadsword|Cane Sword|Longsword|Lordsworn's Straight Sword|Noble's Slender Sword
115,Square Off,Dragonkin,8,Broadsword|Cane Sword|Longsword|Lordsworn's Straight Sword|Noble's Slender Sword
115,Square Off,Flame,8,Broadsword|Cane Sword|Longsword|Lordsworn's Straight Sword|Noble's Slender Sword
115,Square Off,Glint,8,Broadsword|Cane Sword|Longsword|Lordsworn's Straight Sword|Noble's Slender Sword
115,Square Off,Golden,8,Broadsword|Cane Sword|Longsword|Lordsworn's Straight Sword|Noble's Slender Sword
115,Square Off,Gravity,8,Broadsword|Cane Sword|Longsword|Lordsworn's Straight Sword|Noble's Slender Sword
115,Square Off,Heavy,8,Broadsword|Cane Sword|Longsword|Lordsworn's Straight Sword|Noble's Slender Sword
115,Square Off,Keen,8,Broadsword|Cane Sword|Longsword|Lordsworn's Straight Sword|Noble's Slender Sword
115,Square Off,Quality,8,Broadsword|Cane Sword|Longsword|Lordsworn's Straight Sword|Noble's Slender Sword
115,Square Off,Standard,8,Broadsword|Cane Sword|Longsword|Lordsworn's Straight Sword|Noble's Slender Sword
106,Stamp,Bestial,55,Bastard Sword|Battle Axe|Battle Hammer|Brick Hammer|Butchering Knife
106,Stamp,Draconic,55,Bastard Sword|Battle Axe|Battle Hammer|Brick Hammer|Butchering Knife
106,Stamp,Dragonkin,55,Bastard Sword|Battle Axe|Battle Hammer|Brick Hammer|Butchering Knife
106,Stamp,Flame,55,Bastard Sword|Battle Axe|Battle Hammer|Brick Hammer|Butchering Knife
106,Stamp,Glint,55,Bastard Sword|Battle Axe|Battle Hammer|Brick Hammer|Butchering Knife
106,Stamp,Golden,55,Bastard Sword|Battle Axe|Battle Hammer|Brick Hammer|Butchering Knife
106,Stamp,Gravity,55,Bastard Sword|Battle Axe|Battle Hammer|Brick Hammer|Butchering Knife
106,Stamp,Heavy,55,Bastard Sword|Battle Axe|Battle Hammer|Brick Hammer|Butchering Knife
106,Stamp,Keen,55,Bastard Sword|Battle Axe|Battle Hammer|Brick Hammer|Butchering Knife
106,Stamp,Quality,55,Bastard Sword|Battle Axe|Battle Hammer|Brick Hammer|Butchering Knife
106,Stamp,Standard,56,Bastard Sword|Battle Axe|Battle Hammer|Brick Hammer|Butchering Knife
107,Stamp (Sweep),Bestial,55,Bastard Sword|Battle Axe|Battle Hammer|Brick Hammer|Butchering Knife
107,Stamp (Sweep),Draconic,55,Bastard Sword|Battle Axe|Battle Hammer|Brick Hammer|Butchering Knife
107,Stamp (Sweep),Dragonkin,55,Bastard Sword|Battle Axe|Battle Hammer|Brick Hammer|Butchering Knife
107,Stamp (Sweep),Flame,55,Bastard Sword|Battle Axe|Battle Hammer|Brick Hammer|Butchering Knife
107,Stamp (Sweep),Glint,55,Bastard Sword|Battle Axe|Battle Hammer|Brick Hammer|Butchering Knife
107,Stamp (Sweep),Golden,55,Bastard Sword|Battle Axe|Battle Hammer|Brick Hammer|Butchering Knife
107,Stamp (Sweep),Gravity,55,Bastard Sword|Battle Axe|Battle Hammer|Brick Hammer|Butchering Knife
107,Stamp (Sweep),Heavy,55,Bastard Sword|Battle Axe|Battle Hammer|Brick Hammer|Butchering Knife
107,Stamp (Sweep),Keen,55,Bastard Sword|Battle Axe|Battle Hammer|Brick Hammer|Butchering Knife
107,Stamp (Sweep),Quality,55,Bastard Sword|Battle Axe|Battle Hammer|Brick Hammer|Butchering Knife
107,Stamp (Sweep),Standard,56,Bastard Sword|Battle Axe|Battle Hammer|Brick Hammer|Butchering Knife
210,Storm Blade,Bestial,45,Bandit's Curved Sword|Bastard Sword|Bloodstained Dagger|Broadsword|Cane Sword
210,Storm Blade,Draconic,45,Bandit's Curved Sword|Bastard Sword|Bloodstained Dagger|Broadsword|Cane Sword
210,Storm Blade,Dragonkin,45,Bandit's Curved Sword|Bastard Sword|Bloodstained Dagger|Broadsword|Cane Sword
210,Storm Blade,Flame,45,Bandit's Curved Sword|Bastard Sword|Bloodstained Dagger|Broadsword|Cane Sword
210,Storm Blade,Glint,45,Bandit's Curved Sword|Bastard Sword|Bloodstained Dagger|Broadsword|Cane Sword
210,Storm Blade,Golden,45,Bandit's Curved Sword|Bastard Sword|Bloodstained Dagger|Broadsword|Cane Sword
210,Storm Blade,Gravity,45,Bandit's Curved Sword|Bastard Sword|Bloodstained Dagger|Broadsword|Cane Sword
210,Storm Blade,Heavy,45,Bandit's Curved Sword|Bastard Sword|Bloodstained Dagger|Broadsword|Cane Sword
210,Storm Blade,Keen,45,Bandit's Curved Sword|Bastard Sword|Bloodstained Dagger|Broadsword|Cane Sword
210,Storm Blade,Quality,45,Bandit's Curved Sword|Bastard Sword|Bloodstained Dagger|Broadsword|Cane Sword
210,Storm Blade,Standard,45,Bandit's Curved Sword|Bastard Sword|Bloodstained Dagger|Broadsword|Cane Sword
121,Storm Stomp,Bestial,124,Backhand Blade|Bandit's Curved Sword|Bastard Sword|Battle Axe|Battle Hammer
121,Storm Stomp,Draconic,124,Backhand Blade|Bandit's Curved Sword|Bastard Sword|Battle Axe|Battle Hammer
121,Storm Stomp,Dragonkin,124,Backhand Blade|Bandit's Curved Sword|Bastard Sword|Battle Axe|Battle Hammer
121,Storm Stomp,Flame,124,Backhand Blade|Bandit's Curved Sword|Bastard Sword|Battle Axe|Battle Hammer
121,Storm Stomp,Glint,124,Backhand Blade|Bandit's Curved Sword|Bastard Sword|Battle Axe|Battle Hammer
121,Storm Stomp,Golden,124,Backhand Blade|Bandit's Curved Sword|Bastard Sword|Battle Axe|Battle Hammer
121,Storm Stomp,Gravity,124,Backhand Blade|Bandit's Curved Sword|Bastard Sword|Battle Axe|Battle Hammer
121,Storm Stomp,Heavy,124,Backhand Blade|Bandit's Curved Sword|Bastard Sword|Battle Axe|Battle Hammer
121,Storm Stomp,Keen,124,Backhand Blade|Bandit's Curved Sword|Bastard Sword|Battle Axe|Battle Hammer
121,Storm Stomp,Quality,124,Backhand Blade|Bandit's Curved Sword|Bastard Sword|Battle Axe|Battle Hammer
121,Storm Stomp,Standard,127,Backhand Blade|Bandit's Curved Sword|Bastard Sword|Battle Axe|Battle Hammer
605,Storm of the Ancients,Bestial,121,Backhand Blade|Bandit's Curved Sword|Bastard Sword|Battle Axe|Battle Hammer
605,Storm of the Ancients,Draconic,121,Backhand Blade|Bandit's Curved Sword|Bastard Sword|Battle Axe|Battle Hammer
605,Storm of the Ancients,Dragonkin,121,Backhand Blade|Bandit's Curved Sword|Bastard Sword|Battle Axe|Battle Hammer
605,Storm of the Ancients,Flame,121,Backhand Blade|Bandit's Curved Sword|Bastard Sword|Battle Axe|Battle Hammer
605,Storm of the Ancients,Glint,121,Backhand Blade|Bandit's Curved Sword|Bastard Sword|Battle Axe|Battle Hammer
605,Storm of the Ancients,Golden,121,Backhand Blade|Bandit's Curved Sword|Bastard Sword|Battle Axe|Battle Hammer
605,Storm of the Ancients,Gravity,121,Backhand Blade|Bandit's Curved Sword|Bastard Sword|Battle Axe|Battle Hammer
605,Storm of the Ancients,Heavy,121,Backhand Blade|Bandit's Curved Sword|Bastard Sword|Battle Axe|Battle Hammer
605,Storm of the Ancients,Keen,121,Backhand Blade|Bandit's Curved Sword|Bastard Sword|Battle Axe|Battle Hammer
605,Storm of the Ancients,Quality,121,Backhand Blade|Bandit's Curved Sword|Bastard Sword|Battle Axe|Battle Hammer
605,Storm of the Ancients,Standard,124,Backhand Blade|Bandit's Curved Sword|Bastard Sword|Battle Axe|Battle Hammer
123,Stormcaller,Bestial,84,Bandit's Curved Sword|Bastard Sword|Battle Axe|Battle Hammer|Brick Hammer
123,Stormcaller,Draconic,84,Bandit's Curved Sword|Bastard Sword|Battle Axe|Battle Hammer|Brick Hammer
123,Stormcaller,Dragonkin,84,Bandit's Curved Sword|Bastard Sword|Battle Axe|Battle Hammer|Brick Hammer
123,Stormcaller,Flame,84,Bandit's Curved Sword|Bastard Sword|Battle Axe|Battle Hammer|Brick Hammer
123,Stormcaller,Glint,84,Bandit's Curved Sword|Bastard Sword|Battle Axe|Battle Hammer|Brick Hammer
123,Stormcaller,Golden,84,Bandit's Curved Sword|Bastard Sword|Battle Axe|Battle Hammer|Brick Hammer
123,Stormcaller,Gravity,84,Bandit's Curved Sword|Bastard Sword|Battle Axe|Battle Hammer|Brick Hammer
123,Stormcaller,Heavy,84,Bandit's Curved Sword|Bastard Sword|Battle Axe|Battle Hammer|Brick Hammer
123,Stormcaller,Keen,84,Bandit's Curved Sword|Bastard Sword|Battle Axe|Battle Hammer|Brick Hammer
123,Stormcaller,Quality,84,Bandit's Curved Sword|Bastard Sword|Battle Axe|Battle Hammer|Brick Hammer
123,Stormcaller,Standard,86,Bandit's Curved Sword|Bastard Sword|Battle Axe|Battle Hammer|Brick Hammer
4100,Swift Slash,Bestial,2,Backhand Blade|Smithscript Cirque
4100,Swift Slash,Draconic,2,Backhand Blade|Smithscript Cirque
4100,Swift Slash,Dragonkin,2,Backhand Blade|Smithscript Cirque
4100,Swift Slash,Flame,2,Backhand Blade|Smithscript Cirque
4100,Swift Slash,Glint,2,Backhand Blade|Smithscript Cirque
4100,Swift Slash,Golden,2,Backhand Blade|Smithscript Cirque
4100,Swift Slash,Gravity,2,Backhand Blade|Smithscript Cirque
4100,Swift Slash,Heavy,2,Backhand Blade|Smithscript Cirque
4100,Swift Slash,Keen,2,Backhand Blade|Smithscript Cirque
4100,Swift Slash,Quality,2,Backhand Blade|Smithscript Cirque
4100,Swift Slash,Standard,2,Backhand Blade|Smithscript Cirque
124,Sword Dance,Bestial,73,Backhand Blade|Bandit's Curved Sword|Bastard Sword|Battle Axe|Bloodstained Dagger
124,Sword Dance,Draconic,73,Backhand Blade|Bandit's Curved Sword|Bastard Sword|Battle Axe|Bloodstained Dagger
124,Sword Dance,Dragonkin,73,Backhand Blade|Bandit's Curved Sword|Bastard Sword|Battle Axe|Bloodstained Dagger
124,Sword Dance,Flame,73,Backhand Blade|Bandit's Curved Sword|Bastard Sword|Battle Axe|Bloodstained Dagger
124,Sword Dance,Glint,73,Backhand Blade|Bandit's Curved Sword|Bastard Sword|Battle Axe|Bloodstained Dagger
124,Sword Dance,Golden,73,Backhand Blade|Bandit's Curved Sword|Bastard Sword|Battle Axe|Bloodstained Dagger
124,Sword Dance,Gravity,73,Backhand Blade|Bandit's Curved Sword|Bastard Sword|Battle Axe|Bloodstained Dagger
124,Sword Dance,Heavy,73,Backhand Blade|Bandit's Curved Sword|Bastard Sword|Battle Axe|Bloodstained Dagger
124,Sword Dance,Keen,73,Backhand Blade|Bandit's Curved Sword|Bastard Sword|Battle Axe|Bloodstained Dagger
124,Sword Dance,Quality,73,Backhand Blade|Bandit's Curved Sword|Bastard Sword|Battle Axe|Bloodstained Dagger
124,Sword Dance,Standard,75,Backhand Blade|Bandit's Curved Sword|Bastard Sword|Battle Axe|Bloodstained Dagger
5050,The Poison Flower Blooms Twice,Bestial,124,Backhand Blade|Bandit's Curved Sword|Bastard Sword|Battle Axe|Battle Hammer
5050,The Poison Flower Blooms Twice,Draconic,124,Backhand Blade|Bandit's Curved Sword|Bastard Sword|Battle Axe|Battle Hammer
5050,The Poison Flower Blooms Twice,Dragonkin,124,Backhand Blade|Bandit's Curved Sword|Bastard Sword|Battle Axe|Battle Hammer
5050,The Poison Flower Blooms Twice,Flame,124,Backhand Blade|Bandit's Curved Sword|Bastard Sword|Battle Axe|Battle Hammer
5050,The Poison Flower Blooms Twice,Glint,124,Backhand Blade|Bandit's Curved Sword|Bastard Sword|Battle Axe|Battle Hammer
5050,The Poison Flower Blooms Twice,Golden,124,Backhand Blade|Bandit's Curved Sword|Bastard Sword|Battle Axe|Battle Hammer
5050,The Poison Flower Blooms Twice,Gravity,124,Backhand Blade|Bandit's Curved Sword|Bastard Sword|Battle Axe|Battle Hammer
5050,The Poison Flower Blooms Twice,Heavy,124,Backhand Blade|Bandit's Curved Sword|Bastard Sword|Battle Axe|Battle Hammer
5050,The Poison Flower Blooms Twice,Keen,124,Backhand Blade|Bandit's Curved Sword|Bastard Sword|Battle Axe|Battle Hammer
5050,The Poison Flower Blooms Twice,Quality,124,Backhand Blade|Bandit's Curved Sword|Bastard Sword|Battle Axe|Battle Hammer
5050,The Poison Flower Blooms Twice,Standard,127,Backhand Blade|Bandit's Curved Sword|Bastard Sword|Battle Axe|Battle Hammer
204,Titanic Cleave,Bestial,47,Bandit's Curved Sword|Bastard Sword|Bloodstained Dagger|Broadsword|Cane Sword
204,Titanic Cleave,Draconic,47,Bandit's Curved Sword|Bastard Sword|Bloodstained Dagger|Broadsword|Cane Sword
204,Titanic Cleave,Dragonkin,47,Bandit's Curved Sword|Bastard Sword|Bloodstained Dagger|Broadsword|Cane Sword
204,Titanic Cleave,Flame,47,Bandit's Curved Sword|Bastard Sword|Bloodstained Dagger|Broadsword|Cane Sword
204,Titanic Cleave,Glint,47,Bandit's Curved Sword|Bastard Sword|Bloodstained Dagger|Broadsword|Cane Sword
204,Titanic Cleave,Golden,47,Bandit's Curved Sword|Bastard Sword|Bloodstained Dagger|Broadsword|Cane Sword
204,Titanic Cleave,Gravity,47,Bandit's Curved Sword|Bastard Sword|Bloodstained Dagger|Broadsword|Cane Sword
204,Titanic Cleave,Heavy,47,Bandit's Curved Sword|Bastard Sword|Bloodstained Dagger|Broadsword|Cane Sword
204,Titanic Cleave,Keen,47,Bandit's Curved Sword|Bastard Sword|Bloodstained Dagger|Broadsword|Cane Sword
204,Titanic Cleave,Quality,47,Bandit's Curved Sword|Bastard Sword|Bloodstained Dagger|Broadsword|Cane Sword
204,Titanic Cleave,Standard,48,Bandit's Curved Sword|Bastard Sword|Bloodstained Dagger|Broadsword|Cane Sword
117,Torch Attack,Bestial,115,Bandit's Curved Sword|Bastard Sword|Battle Axe|Battle Hammer|Bloodstained Dagger
117,Torch Attack,Draconic,115,Bandit's Curved Sword|Bastard Sword|Battle Axe|Battle Hammer|Bloodstained Dagger
117,Torch Attack,Dragonkin,115,Bandit's Curved Sword|Bastard Sword|Battle Axe|Battle Hammer|Bloodstained Dagger
117,Torch Attack,Flame,115,Bandit's Curved Sword|Bastard Sword|Battle Axe|Battle Hammer|Bloodstained Dagger
117,Torch Attack,Glint,115,Bandit's Curved Sword|Bastard Sword|Battle Axe|Battle Hammer|Bloodstained Dagger
117,Torch Attack,Golden,115,Bandit's Curved Sword|Bastard Sword|Battle Axe|Battle Hammer|Bloodstained Dagger
117,Torch Attack,Gravity,115,Bandit's Curved Sword|Bastard Sword|Battle Axe|Battle Hammer|Bloodstained Dagger
117,Torch Attack,Heavy,115,Bandit's Curved Sword|Bastard Sword|Battle Axe|Battle Hammer|Bloodstained Dagger
117,Torch Attack,Keen,115,Bandit's Curved Sword|Bastard Sword|Battle Axe|Battle Hammer|Bloodstained Dagger
117,Torch Attack,Quality,115,Bandit's Curved Sword|Bastard Sword|Battle Axe|Battle Hammer|Bloodstained Dagger
117,Torch Attack,Standard,117,Bandit's Curved Sword|Bastard Sword|Battle Axe|Battle Hammer|Bloodstained Dagger
653,Troll's Roar,Bestial,36,Bastard Sword|Battle Hammer|Brick Hammer|Butchering Knife|Claymore
653,Troll's Roar,Draconic,36,Bastard Sword|Battle Hammer|Brick Hammer|Butchering Knife|Claymore
653,Troll's Roar,Dragonkin,36,Bastard Sword|Battle Hammer|Brick Hammer|Butchering Knife|Claymore
653,Troll's Roar,Flame,36,Bastard Sword|Battle Hammer|Brick Hammer|Butchering Knife|Claymore
653,Troll's Roar,Glint,36,Bastard Sword|Battle Hammer|Brick Hammer|Butchering Knife|Claymore
653,Troll's Roar,Golden,36,Bastard Sword|Battle Hammer|Brick Hammer|Butchering Knife|Claymore
653,Troll's Roar,Gravity,36,Bastard Sword|Battle Hammer|Brick Hammer|Butchering Knife|Claymore
653,Troll's Roar,Heavy,36,Bastard Sword|Battle Hammer|Brick Hammer|Butchering Knife|Claymore
653,Troll's Roar,Keen,36,Bastard Sword|Battle Hammer|Brick Hammer|Butchering Knife|Claymore
653,Troll's Roar,Quality,36,Bastard Sword|Battle Hammer|Brick Hammer|Butchering Knife|Claymore
653,Troll's Roar,Standard,37,Bastard Sword|Battle Hammer|Brick Hammer|Butchering Knife|Claymore
114,Unsheathe,Bestial,2,Nagakiba|Uchigatana
114,Unsheathe,Draconic,2,Nagakiba|Uchigatana
114,Unsheathe,Dragonkin,2,Nagakiba|Uchigatana
114,Unsheathe,Flame,2,Nagakiba|Uchigatana
114,Unsheathe,Glint,2,Nagakiba|Uchigatana
114,Unsheathe,Golden,2,Nagakiba|Uchigatana
114,Unsheathe,Gravity,2,Nagakiba|Uchigatana
114,Unsheathe,Heavy,2,Nagakiba|Uchigatana
114,Unsheathe,Keen,2,Nagakiba|Uchigatana
114,Unsheathe,Quality,2,Nagakiba|Uchigatana
114,Unsheathe,Standard,2,Nagakiba|Uchigatana
220,Vacuum Slice,Bestial,66,Bandit's Curved Sword|Bastard Sword|Battle Axe|Bloodstained Dagger|Broadsword
220,Vacuum Slice,Draconic,66,Bandit's Curved Sword|Bastard Sword|Battle Axe|Bloodstained Dagger|Broadsword
220,Vacuum Slice,Dragonkin,66,Bandit's Curved Sword|Bastard Sword|Battle Axe|Bloodstained Dagger|Broadsword
220,Vacuum Slice,Flame,66,Bandit's Curved Sword|Bastard Sword|Battle Axe|Bloodstained Dagger|Broadsword
220,Vacuum Slice,Glint,66,Bandit's Curved Sword|Bastard Sword|Battle Axe|Bloodstained Dagger|Broadsword
220,Vacuum Slice,Golden,66,Bandit's Curved Sword|Bastard Sword|Battle Axe|Bloodstained Dagger|Broadsword
220,Vacuum Slice,Gravity,66,Bandit's Curved Sword|Bastard Sword|Battle Axe|Bloodstained Dagger|Broadsword
220,Vacuum Slice,Heavy,66,Bandit's Curved Sword|Bastard Sword|Battle Axe|Bloodstained Dagger|Broadsword
220,Vacuum Slice,Keen,66,Bandit's Curved Sword|Bastard Sword|Battle Axe|Bloodstained Dagger|Broadsword
220,Vacuum Slice,Quality,66,Bandit's Curved Sword|Bastard Sword|Battle Axe|Bloodstained Dagger|Broadsword
220,Vacuum Slice,Standard,68,Bandit's Curved Sword|Bastard Sword|Battle Axe|Bloodstained Dagger|Broadsword
651,War Cry,Bestial,104,Bandit's Curved Sword|Bastard Sword|Battle Axe|Battle Hammer|Beast Claw
651,War Cry,Draconic,104,Bandit's Curved Sword|Bastard Sword|Battle Axe|Battle Hammer|Beast Claw
651,War Cry,Dragonkin,104,Bandit's Curved Sword|Bastard Sword|Battle Axe|Battle Hammer|Beast Claw
651,War Cry,Flame,104,Bandit's Curved Sword|Bastard Sword|Battle Axe|Battle Hammer|Beast Claw
651,War Cry,Glint,104,Bandit's Curved Sword|Bastard Sword|Battle Axe|Battle Hammer|Beast Claw
651,War Cry,Golden,104,Bandit's Curved Sword|Bastard Sword|Battle Axe|Battle Hammer|Beast Claw
651,War Cry,Gravity,104,Bandit's Curved Sword|Bastard Sword|Battle Axe|Battle Hammer|Beast Claw
651,War Cry,Heavy,104,Bandit's Curved Sword|Bastard Sword|Battle Axe|Battle Hammer|Beast Claw
651,War Cry,Keen,104,Bandit's Curved Sword|Bastard Sword|Battle Axe|Battle Hammer|Beast Claw
651,War Cry,Quality,104,Bandit's Curved Sword|Bastard Sword|Battle Axe|Battle Hammer|Beast Claw
651,War Cry,Standard,107,Bandit's Curved Sword|Bastard Sword|Battle Axe|Battle Hammer|Beast Claw
701,Whirling Iceblades,Bestial,1,Dueling Shield
701,Whirling Iceblades,Draconic,1,Dueling Shield
701,Whirling Iceblades,Dragonkin,1,Dueling Shield
701,Whirling Iceblades,Flame,1,Dueling Shield
701,Whirling Iceblades,Glint,1,Dueling Shield
701,Whirling Iceblades,Golden,1,Dueling Shield
701,Whirling Iceblades,Gravity,1,Dueling Shield
701,Whirling Iceblades,Heavy,1,Dueling Shield
701,Whirling Iceblades,Keen,1,Dueling Shield
701,Whirling Iceblades,Quality,1,Dueling Shield
701,Whirling Iceblades,Standard,1,Dueling Shield
110,Wild Strikes,Bestial,54,Bandit's Curved Sword|Bastard Sword|Battle Axe|Battle Hammer|Brick Hammer
110,Wild Strikes,Draconic,54,Bandit's Curved Sword|Bastard Sword|Battle Axe|Battle Hammer|Brick Hammer
110,Wild Strikes,Dragonkin,54,Bandit's Curved Sword|Bastard Sword|Battle Axe|Battle Hammer|Brick Hammer
110,Wild Strikes,Flame,54,Bandit's Curved Sword|Bastard Sword|Battle Axe|Battle Hammer|Brick Hammer
110,Wild Strikes,Glint,54,Bandit's Curved Sword|Bastard Sword|Battle Axe|Battle Hammer|Brick Hammer
110,Wild Strikes,Golden,54,Bandit's Curved Sword|Bastard Sword|Battle Axe|Battle Hammer|Brick Hammer
110,Wild Strikes,Gravity,54,Bandit's Curved Sword|Bastard Sword|Battle Axe|Battle Hammer|Brick Hammer
110,Wild Strikes,Heavy,54,Bandit's Curved Sword|Bastard Sword|Battle Axe|Battle Hammer|Brick Hammer
110,Wild Strikes,Keen,54,Bandit's Curved Sword|Bastard Sword|Battle Axe|Battle Hammer|Brick Hammer
110,Wild Strikes,Quality,54,Bandit's Curved Sword|Bastard Sword|Battle Axe|Battle Hammer|Brick Hammer
110,Wild Strikes,Standard,55,Bandit's Curved Sword|Bastard Sword|Battle Axe|Battle Hammer|Brick Hammer
4120,Wing Stance,Bestial,1,Milady
4120,Wing Stance,Draconic,1,Milady
4120,Wing Stance,Dragonkin,1,Milady
4120,Wing Stance,Flame,1,Milady
4120,Wing Stance,Glint,1,Milady
4120,Wing Stance,Golden,1,Milady
4120,Wing Stance,Gravity,1,Milady
4120,Wing Stance,Heavy,1,Milady
4120,Wing Stance,Keen,1,Milady
4120,Wing Stance,Quality,1,Milady
4120,Wing Stance,Standard,1,Milady
