weapon_id,name,affinity,weapon_type_id,weapon_type_name,weapon_type_keys,stamina_consumption_rate,physical_attribute_primary,physical_attribute_secondary,base_physical,base_magic,base_fire,base_lightning,base_holy,str_scaling,dex_scaling,int_scaling,fai_scaling,arc_scaling,req_str,req_dex,req_int,req_fai,req_arc,reinforce_type,attack_element_correct_id,curve_id_physical,curve_id_magic,curve_id_fire,curve_id_lightning,curve_id_holy,curve_id_poison,curve_id_blood,curve_id_sleep,curve_id_madness,native_skill_id,native_skill_name,disable_gem_attr,disable_two_hand_bonus,is_somber
1000000,Dagger,Standard,1,Dagger,Dagger,1,slash,pierce,85,0,0,0,0,0.35,0.65,0,0,0,5,9,0,0,0,0,0,0,0,0,0,0,6,6,6,6,800,Quickstep,0,0,0
1000100,Dagger,Heavy,1,Dagger,Dagger,1,slash,pierce,85,0,0,0,0,0.65,0.5,0,0,0,5,9,0,0,0,0,0,0,0,0,0,0,6,6,6,6,800,Quickstep,0,0,0
1000200,Dagger,Keen,1,Dagger,Dagger,1,slash,pierce,85,0,0,0,0,0.1,1.15,0,0,0,5,9,0,0,0,0,0,0,0,0,0,0,6,6,6,6,800,Quickstep,0,0,0
1000300,Dagger,Quality,1,Dagger,Dagger,1,slash,pierce,85,0,0,0,0,0.45,0.7,0,0,0,5,9,0,0,0,0,0,0,0,0,0,0,6,6,6,6,800,Quickstep,0,0,0
1000400,Dagger,Glint,1,Dagger,Dagger,1,slash,pierce,0,85,0,0,0,0.1,0.4,0.95,0,0,5,9,0,0,0,0,0,0,0,0,0,0,6,6,6,6,800,Quickstep,0,0,0
1000500,Dagger,Dragonkin,1,Dagger,Dagger,1,slash,pierce,0,0,0,85,0,0.1,0.4,0.85,0,0,5,9,0,0,0,0,0,0,0,0,0,0,6,6,6,6,800,Quickstep,0,0,0
1000600,Dagger,Gravity,1,Dagger,Dagger,1,slash,pierce,85,0,0,0,0,0.1,0.4,0.95,0,0,5,9,0,0,0,0,0,0,0,0,0,0,6,6,6,6,800,Quickstep,0,0,0
1000700,Dagger,Flame,1,Dagger,Dagger,1,slash,pierce,0,0,85,0,0,0.1,0.4,0,0.85,0,5,9,0,0,0,0,0,0,0,0,0,0,6,6,6,6,800,Quickstep,0,0,0
1000800,Dagger,Golden,1,Dagger,Dagger,1,slash,pierce,0,0,0,0,74,0.1,0.4,0,0.95,0,5,9,0,0,0,0,0,0,0,0,0,0,6,6,6,6,800,Quickstep,0,0,0
1000900,Dagger,Draconic,1,Dagger,Dagger,1,slash,pierce,0,0,0,85,0,0.1,0.4,0,0.95,0,5,9,0,0,0,0,0,0,0,0,0,0,6,6,6,6,800,Quickstep,0,0,0
1001000,Dagger,Bestial,1,Dagger,Dagger,1,slash,pierce,85,0,0,0,0,0.1,0.4,0,0.95,0,5,9,0,0,0,0,0,0,0,0,0,0,6,6,6,6,800,Quickstep,0,0,0
1001100,Dagger,Night,1,Dagger,Dagger,1,slash,pierce,0,85,0,0,0,0.05,0.4,0.7,0.7,0,5,9,0,0,0,0,0,0,0,0,0,0,6,6,6,6,800,Quickstep,0,0,0
1001200,Dagger,Lava,1,Dagger,Dagger,1,slash,pierce,0,0,85,0,0,0.05,0.4,0.7,0.7,0,5,9,0,0,0,0,0,0,0,0,0,0,6,6,6,6,800,Quickstep,0,0,0
1001300,Dagger,Frenzy,1,Dagger,Dagger,1,slash,pierce,0,0,85,0,0,0.05,0.4,0.6,0.6,0,5,9,0,0,0,0,0,0,0,0,0,0,6,6,6,6,800,Quickstep,0,0,0
1001400,Dagger,Death,1,Dagger,Dagger,1,slash,pierce,0,0,0,0,74,0.05,0.4,0.6,0.6,0,5,9,0,0,0,0,0,0,0,0,0,0,6,6,6,6,800,Quickstep,0,0,0
1001500,Dagger,Godslayer,1,Dagger,Dagger,1,slash,pierce,0,0,0,0,74,0.05,0.4,0.6,0.6,0,5,9,0,0,0,0,0,0,0,0,0,0,6,6,6,6,800,Quickstep,0,0,0
1001600,Dagger,Frost,1,Dagger,Dagger,1,slash,pierce,0,85,0,0,0,0.05,0.4,0.6,0,0.6,5,9,0,0,0,0,0,0,0,0,0,0,6,6,6,6,800,Quickstep,0,0,0
1001700,Dagger,Aberrant,1,Dagger,Dagger,1,slash,pierce,85,0,0,0,0,0.05,0.4,0.6,0,0.6,5,9,0,0,0,0,0,0,0,0,0,0,6,6,6,6,800,Quickstep,0,0,0
1001800,Dagger,Bloodflame,1,Dagger,Dagger,1,slash,pierce,0,0,85,0,0,0.05,0.4,0,0.6,0.6,5,9,0,0,0,0,0,0,0,0,0,0,6,6,6,6,800,Quickstep,0,0,0
1001900,Dagger,Rotten,1,Dagger,Dagger,1,slash,pierce,85,0,0,0,0,0.05,0.4,0,0.6,0.6,5,9,0,0,0,0,0,0,0,0,0,0,6,6,6,6,800,Quickstep,0,0,0
1002000,Dagger,Storm,1,Dagger,Dagger,1,slash,pierce,85,0,0,0,0,0.05,0.4,0.7,0.7,0,5,9,0,0,0,0,0,0,0,0,0,0,6,6,6,6,800,Quickstep,0,0,0
1002100,Dagger,Mystic,1,Dagger,Dagger,1,slash,pierce,0,85,0,0,0,0.05,0.4,0,0.6,0.6,5,9,0,0,0,0,0,0,0,0,0,0,6,6,6,6,800,Quickstep,0,0,0
1010000,Black Knife,Standard,1,Dagger,Dagger,1.11,slash,pierce,0,0,0,0,102,0.05,0.5,0.65,0.65,0,8,12,15,15,0,2200,0,0,0,0,0,0,6,6,6,6,1036,Blade of Death,1,0,0
1020000,Parrying Dagger,Standard,1,Dagger,Dagger,1,slash,pierce,86,0,0,0,0,0.35,0.65,0,0,0,5,14,0,0,0,0,0,0,0,0,0,0,6,6,6,6,302,Parry,0,0,0
1020100,Parrying Dagger,Heavy,1,Dagger,Dagger,1,slash,pierce,86,0,0,0,0,0.65,0.5,0,0,0,5,14,0,0,0,0,0,0,0,0,0,0,6,6,6,6,302,Parry,0,0,0
1020200,Parrying Dagger,Keen,1,Dagger,Dagger,1,slash,pierce,86,0,0,0,0,0.1,1.15,0,0,0,5,14,0,0,0,0,0,0,0,0,0,0,6,6,6,6,302,Parry,0,0,0
1020300,Parrying Dagger,Quality,1,Dagger,Dagger,1,slash,pierce,86,0,0,0,0,0.45,0.7,0,0,0,5,14,0,0,0,0,0,0,0,0,0,0,6,6,6,6,302,Parry,0,0,0
1020400,Parrying Dagger,Glint,1,Dagger,Dagger,1,slash,pierce,0,86,0,0,0,0.1,0.4,0.95,0,0,5,14,0,0,0,0,0,0,0,0,0,0,6,6,6,6,302,Parry,0,0,0
1020500,Parrying Dagger,Dragonkin,1,Dagger,Dagger,1,slash,pierce,0,0,0,86,0,0.1,0.4,0.85,0,0,5,14,0,0,0,0,0,0,0,0,0,0,6,6,6,6,302,Parry,0,0,0
1020600,Parrying Dagger,Gravity,1,Dagger,Dagger,1,slash,pierce,86,0,0,0,0,0.1,0.4,0.95,0,0,5,14,0,0,0,0,0,0,0,0,0,0,6,6,6,6,302,Parry,0,0,0
1020700,Parrying Dagger,Flame,1,Dagger,Dagger,1,slash,pierce,0,0,86,0,0,0.1,0.4,0,0.85,0,5,14,0,0,0,0,0,0,0,0,0,0,6,6,6,6,302,Parry,0,0,0
1020800,Parrying Dagger,Golden,1,Dagger,Dagger,1,slash,pierce,0,0,0,0,75,0.1,0.4,0,0.95,0,5,14,0,0,0,0,0,0,0,0,0,0,6,6,6,6,302,Parry,0,0,0
1020900,Parrying Dagger,Draconic,1,Dagger,Dagger,1,slash,pierce,0,0,0,86,0,0.1,0.4,0,0.95,0,5,14,0,0,0,0,0,0,0,0,0,0,6,6,6,6,302,Parry,0,0,0
1021000,Parrying Dagger,Bestial,1,Dagger,Dagger,1,slash,pierce,86,0,0,0,0,0.1,0.4,0,0.95,0,5,14,0,0,0,0,0,0,0,0,0,0,6,6,6,6,302,Parry,0,0,0
1021100,Parrying Dagger,Night,1,Dagger,Dagger,1,slash,pierce,0,86,0,0,0,0.05,0.4,0.7,0.7,0,5,14,0,0,0,0,0,0,0,0,0,0,6,6,6,6,302,Parry,0,0,0
1021200,Parrying Dagger,Lava,1,Dagger,Dagger,1,slash,pierce,0,0,86,0,0,0.05,0.4,0.7,0.7,0,5,14,0,0,0,0,0,0,0,0,0,0,6,6,6,6,302,Parry,0,0,0
1021300,Parrying Dagger,Frenzy,1,Dagger,Dagger,1,slash,pierce,0,0,86,0,0,0.05,0.4,0.6,0.6,0,5,14,0,0,0,0,0,0,0,0,0,0,6,6,6,6,302,Parry,0,0,0
1021400,Parrying Dagger,Death,1,Dagger,Dagger,1,slash,pierce,0,0,0,0,75,0.05,0.4,0.6,0.6,0,5,14,0,0,0,0,0,0,0,0,0,0,6,6,6,6,302,Parry,0,0,0
1021500,Parrying Dagger,Godslayer,1,Dagger,Dagger,1,slash,pierce,0,0,0,0,75,0.05,0.4,0.6,0.6,0,5,14,0,0,0,0,0,0,0,0,0,0,6,6,6,6,302,Parry,0,0,0
1021600,Parrying Dagger,Frost,1,Dagger,Dagger,1,slash,pierce,0,86,0,0,0,0.05,0.4,0.6,0,0.6,5,14,0,0,0,0,0,0,0,0,0,0,6,6,6,6,302,Parry,0,0,0
1021700,Parrying Dagger,Aberrant,1,Dagger,Dagger,1,slash,pierce,86,0,0,0,0,0.05,0.4,0.6,0,0.6,5,14,0,0,0,0,0,0,0,0,0,0,6,6,6,6,302,Parry,0,0,0
1021800,Parrying Dagger,Bloodflame,1,Dagger,Dagger,1,slash,pierce,0,0,86,0,0,0.05,0.4,0,0.6,0.6,5,14,0,0,0,0,0,0,0,0,0,0,6,6,6,6,302,Parry,0,0,0
1021900,Parrying Dagger,Rotten,1,Dagger,Dagger,1,slash,pierce,86,0,0,0,0,0.05,0.4,0,0.6,0.6,5,14,0,0,0,0,0,0,0,0,0,0,6,6,6,6,302,Parry,0,0,0
1022000,Parrying Dagger,Storm,1,Dagger,Dagger,1,slash,pierce,86,0,0,0,0,0.05,0.4,0.7,0.7,0,5,14,0,0,0,0,0,0,0,0,0,0,6,6,6,6,302,Parry,0,0,0
1022100,Parrying Dagger,Mystic,1,Dagger,Dagger,1,slash,pierce,0,86,0,0,0,0.05,0.4,0,0.6,0.6,5,14,0,0,0,0,0,0,0,0,0,0,6,6,6,6,302,Parry,0,0,0
1030000,Miséricorde,Standard,1,Dagger,Dagger,1.11,slash,pierce,106,0,0,0,0,0.35,0.65,0,0,0,7,10,0,0,0,0,0,0,0,0,0,0,6,6,6,6,800,Quickstep,0,0,0
1030100,Miséricorde,Heavy,1,Dagger,Dagger,1.11,slash,pierce,106,0,0,0,0,0.65,0.5,0,0,0,7,10,0,0,0,0,0,0,0,0,0,0,6,6,6,6,800,Quickstep,0,0,0
1030200,Miséricorde,Keen,1,Dagger,Dagger,1.11,slash,pierce,106,0,0,0,0,0.1,1.15,0,0,0,7,10,0,0,0,0,0,0,0,0,0,0,6,6,6,6,800,Quickstep,0,0,0
1030300,Miséricorde,Quality,1,Dagger,Dagger,1.11,slash,pierce,106,0,0,0,0,0.45,0.7,0,0,0,7,10,0,0,0,0,0,0,0,0,0,0,6,6,6,6,800,Quickstep,0,0,0
1030400,Miséricorde,Glint,1,Dagger,Dagger,1.11,slash,pierce,0,106,0,0,0,0.1,0.4,0.95,0,0,7,10,0,0,0,0,0,0,0,0,0,0,6,6,6,6,800,Quickstep,0,0,0
1030500,Miséricorde,Dragonkin,1,Dagger,Dagger,1.11,slash,pierce,0,0,0,106,0,0.1,0.4,0.85,0,0,7,10,0,0,0,0,0,0,0,0,0,0,6,6,6,6,800,Quickstep,0,0,0
1030600,Miséricorde,Gravity,1,Dagger,Dagger,1.11,slash,pierce,106,0,0,0,0,0.1,0.4,0.95,0,0,7,10,0,0,0,0,0,0,0,0,0,0,6,6,6,6,800,Quickstep,0,0,0
1030700,Miséricorde,Flame,1,Dagger,Dagger,1.11,slash,pierce,0,0,106,0,0,0.1,0.4,0,0.85,0,7,10,0,0,0,0,0,0,0,0,0,0,6,6,6,6,800,Quickstep,0,0,0
1030800,Miséricorde,Golden,1,Dagger,Dagger,1.11,slash,pierce,0,0,0,0,92,0.1,0.4,0,0.95,0,7,10,0,0,0,0,0,0,0,0,0,0,6,6,6,6,800,Quickstep,0,0,0
1030900,Miséricorde,Draconic,1,Dagger,Dagger,1.11,slash,pierce,0,0,0,106,0,0.1,0.4,0,0.95,0,7,10,0,0,0,0,0,0,0,0,0,0,6,6,6,6,800,Quickstep,0,0,0
1031000,Miséricorde,Bestial,1,Dagger,Dagger,1.11,slash,pierce,106,0,0,0,0,0.1,0.4,0,0.95,0,7,10,0,0,0,0,0,0,0,0,0,0,6,6,6,6,800,Quickstep,0,0,0
1031100,Miséricorde,Night,1,Dagger,Dagger,1.11,slash,pierce,0,106,0,0,0,0.05,0.4,0.7,0.7,0,7,10,0,0,0,0,0,0,0,0,0,0,6,6,6,6,800,Quickstep,0,0,0
1031200,Miséricorde,Lava,1,Dagger,Dagger,1.11,slash,pierce,0,0,106,0,0,0.05,0.4,0.7,0.7,0,7,10,0,0,0,0,0,0,0,0,0,0,6,6,6,6,800,Quickstep,0,0,0
1031300,Miséricorde,Frenzy,1,Dagger,Dagger,1.11,slash,pierce,0,0,106,0,0,0.05,0.4,0.6,0.6,0,7,10,0,0,0,0,0,0,0,0,0,0,6,6,6,6,800,Quickstep,0,0,0
1031400,Miséricorde,Death,1,Dagger,Dagger,1.11,slash,pierce,0,0,0,0,92,0.05,0.4,0.6,0.6,0,7,10,0,0,0,0,0,0,0,0,0,0,6,6,6,6,800,Quickstep,0,0,0
1031500,Miséricorde,Godslayer,1,Dagger,Dagger,1.11,slash,pierce,0,0,0,0,92,0.05,0.4,0.6,0.6,0,7,10,0,0,0,0,0,0,0,0,0,0,6,6,6,6,800,Quickstep,0,0,0
1031600,Miséricorde,Frost,1,Dagger,Dagger,1.11,slash,pierce,0,106,0,0,0,0.05,0.4,0.6,0,0.6,7,10,0,0,0,0,0,0,0,0,0,0,6,6,6,6,800,Quickstep,0,0,0
1031700,Miséricorde,Aberrant,1,Dagger,Dagger,1.11,slash,pierce,106,0,0,0,0,0.05,0.4,0.6,0,0.6,7,10,0,0,0,0,0,0,0,0,0,0,6,6,6,6,800,Quickstep,0,0,0
1031800,Miséricorde,Bloodflame,1,Dagger,Dagger,1.11,slash,pierce,0,0,106,0,0,0.05,0.4,0,0.6,0.6,7,10,0,0,0,0,0,0,0,0,0,0,6,6,6,6,800,Quickstep,0,0,0
1031900,Miséricorde,Rotten,1,Dagger,Dagger,1.11,slash,pierce,106,0,0,0,0,0.05,0.4,0,0.6,0.6,7,10,0,0,0,0,0,0,0,0,0,0,6,6,6,6,800,Quickstep,0,0,0
1032000,Miséricorde,Storm,1,Dagger,Dagger,1.11,slash,pierce,106,0,0,0,0,0.05,0.4,0.7,0.7,0,7,10,0,0,0,0,0,0,0,0,0,0,6,6,6,6,800,Quickstep,0,0,0
1032100,Miséricorde,Mystic,1,Dagger,Dagger,1.11,slash,pierce,0,106,0,0,0,0.05,0.4,0,0.6,0.6,7,10,0,0,0,0,0,0,0,0,0,0,6,6,6,6,800,Quickstep,0,0,0
1040000,Reduvia,Standard,1,Dagger,Dagger,1.1,slash,pierce,0,0,82,0,0,0.05,0.5,0,0.65,0.65,5,8,0,13,13,2200,0,0,0,0,0,0,6,6,6,6,1016,Reduvia Blood Blade,1,0,0
1050000,Crystal Knife,Standard,1,Dagger,Dagger,1.03,slash,pierce,0,0,0,85,0,0.1,0.3,0.8,0,0,8,8,12,0,0,2200,0,0,0,0,0,0,6,6,6,6,800,Quickstep,1,0,0
1060000,Celebrant's Sickle,Standard,1,Dagger,Dagger,1.04,slash,pierce,0,0,0,0,79,0.05,0.4,0.6,0.6,0,6,10,10,10,0,2200,0,0,0,0,0,0,6,6,6,6,800,Quickstep,1,0,0
1070000,Glintstone Kris,Standard,1,Dagger,Dagger,1.04,slash,pierce,0,75,0,0,0,0.1,0.3,0.85,0,0,5,10,14,0,0,2200,0,0,0,0,0,0,6,6,6,6,1017,Glintstone Dart,1,0,0
1080000,Scorpion's Stinger,Standard,1,Dagger,Dagger,1.1,slash,pierce,80,0,0,0,0,0.05,0.5,0,0.65,0.65,6,10,0,12,12,2200,0,0,0,0,0,0,6,6,6,6,109,Repeating Thrust,1,0,0
1090000,Great Knife,Standard,1,Dagger,Dagger,1,slash,pierce,86,0,0,0,0,0.35,0.65,0,0,0,6,12,0,0,0,0,0,0,0,0,0,0,6,6,6,6,800,Quickstep,0,0,0
1090100,Great Knife,Heavy,1,Dagger,Dagger,1,slash,pierce,86,0,0,0,0,0.65,0.5,0,0,0,6,12,0,0,0,0,0,0,0,0,0,0,6,6,6,6,800,Quickstep,0,0,0
1090200,Great Knife,Keen,1,Dagger,Dagger,1,slash,pierce,86,0,0,0,0,0.1,1.15,0,0,0,6,12,0,0,0,0,0,0,0,0,0,0,6,6,6,6,800,Quickstep,0,0,0
1090300,Great Knife,Quality,1,Dagger,Dagger,1,slash,pierce,86,0,0,0,0,0.45,0.7,0,0,0,6,12,0,0,0,0,0,0,0,0,0,0,6,6,6,6,800,Quickstep,0,0,0
1090400,Great Knife,Glint,1,Dagger,Dagger,1,slash,pierce,0,86,0,0,0,0.1,0.4,0.95,0,0,6,12,0,0,0,0,0,0,0,0,0,0,6,6,6,6,800,Quickstep,0,0,0
1090500,Great Knife,Dragonkin,1,Dagger,Dagger,1,slash,pierce,0,0,0,86,0,0.1,0.4,0.85,0,0,6,12,0,0,0,0,0,0,0,0,0,0,6,6,6,6,800,Quickstep,0,0,0
1090600,Great Knife,Gravity,1,Dagger,Dagger,1,slash,pierce,86,0,0,0,0,0.1,0.4,0.95,0,0,6,12,0,0,0,0,0,0,0,0,0,0,6,6,6,6,800,Quickstep,0,0,0
1090700,Great Knife,Flame,1,Dagger,Dagger,1,slash,pierce,0,0,86,0,0,0.1,0.4,0,0.85,0,6,12,0,0,0,0,0,0,0,0,0,0,6,6,6,6,800,Quickstep,0,0,0
1090800,Great Knife,Golden,1,Dagger,Dagger,1,slash,pierce,0,0,0,0,75,0.1,0.4,0,0.95,0,6,12,0,0,0,0,0,0,0,0,0,0,6,6,6,6,800,Quickstep,0,0,0
1090900,Great Knife,Draconic,1,Dagger,Dagger,1,slash,pierce,0,0,0,86,0,0.1,0.4,0,0.95,0,6,12,0,0,0,0,0,0,0,0,0,0,6,6,6,6,800,Quickstep,0,0,0
1091000,Great Knife,Bestial,1,Dagger,Dagger,1,slash,pierce,86,0,0,0,0,0.1,0.4,0,0.95,0,6,12,0,0,0,0,0,0,0,0,0,0,6,6,6,6,800,Quickstep,0,0,0
1091100,Great Knife,Night,1,Dagger,Dagger,1,slash,pierce,0,86,0,0,0,0.05,0.4,0.7,0.7,0,6,12,0,0,0,0,0,0,0,0,0,0,6,6,6,6,800,Quickstep,0,0,0
1091200,Great Knife,Lava,1,Dagger,Dagger,1,slash,pierce,0,0,86,0,0,0.05,0.4,0.7,0.7,0,6,12,0,0,0,0,0,0,0,0,0,0,6,6,6,6,800,Quickstep,0,0,0
1091300,Great Knife,Frenzy,1,Dagger,Dagger,1,slash,pierce,0,0,86,0,0,0.05,0.4,0.6,0.6,0,6,12,0,0,0,0,0,0,0,0,0,0,6,6,6,6,800,Quickstep,0,0,0
1091400,Great Knife,Death,1,Dagger,Dagger,1,slash,pierce,0,0,0,0,75,0.05,0.4,0.6,0.6,0,6,12,0,0,0,0,0,0,0,0,0,0,6,6,6,6,800,Quickstep,0,0,0
1091500,Great Knife,Godslayer,1,Dagger,Dagger,1,slash,pierce,0,0,0,0,75,0.05,0.4,0.6,0.6,0,6,12,0,0,0,0,0,0,0,0,0,0,6,6,6,6,800,Quickstep,0,0,0
1091600,Great Knife,Frost,1,Dagger,Dagger,1,slash,pierce,0,86,0,0,0,0.05,0.4,0.6,0,0.6,6,12,0,0,0,0,0,0,0,0,0,0,6,6,6,6,800,Quickstep,0,0,0
1091700,Great Knife,Aberrant,1,Dagger,Dagger,1,slash,pierce,86,0,0,0,0,0.05,0.4,0.6,0,0.6,6,12,0,0,0,0,0,0,0,0,0,0,6,6,6,6,800,Quickstep,0,0,0
1091800,Great Knife,Bloodflame,1,Dagger,Dagger,1,slash,pierce,0,0,86,0,0,0.05,0.4,0,0.6,0.6,6,12,0,0,0,0,0,0,0,0,0,0,6,6,6,6,800,Quickstep,0,0,0
1091900,Great Knife,Rotten,1,Dagger,Dagger,1,slash,pierce,86,0,0,0,0,0.05,0.4,0,0.6,0.6,6,12,0,0,0,0,0,0,0,0,0,0,6,6,6,6,800,Quickstep,0,0,0
1092000,Great Knife,Storm,1,Dagger,Dagger,1,slash,pierce,86,0,0,0,0,0.05,0.4,0.7,0.7,0,6,12,0,0,0,0,0,0,0,0,0,0,6,6,6,6,800,Quickstep,0,0,0
1092100,Great Knife,Mystic,1,Dagger,Dagger,1,slash,pierce,0,86,0,0,0,0.05,0.4,0,0.6,0.6,6,12,0,0,0,0,0,0,0,0,0,0,6,6,6,6,800,Quickstep,0,0,0
1100000,Wakizashi,Standard,1,Dagger,Dagger,1.2,slash,pierce,108,0,0,0,0,0.35,0.65,0,0,0,9,13,0,0,0,0,0,0,0,0,0,0,6,6,6,6,800,Quickstep,0,0,0
1100100,Wakizashi,Heavy,1,Dagger,Dagger,1.2,slash,pierce,108,0,0,0,0,0.65,0.5,0,0,0,9,13,0,0,0,0,0,0,0,0,0,0,6,6,6,6,800,Quickstep,0,0,0
1100200,Wakizashi,Keen,1,Dagger,Dagger,1.2,slash,pierce,108,0,0,0,0,0.1,1.15,0,0,0,9,13,0,0,0,0,0,0,0,0,0,0,6,6,6,6,800,Quickstep,0,0,0
1100300,Wakizashi,Quality,1,Dagger,Dagger,1.2,slash,pierce,108,0,0,0,0,0.45,0.7,0,0,0,9,13,0,0,0,0,0,0,0,0,0,0,6,6,6,6,800,Quickstep,0,0,0
1100400,Wakizashi,Glint,1,Dagger,Dagger,1.2,slash,pierce,0,108,0,0,0,0.1,0.4,0.95,0,0,9,13,0,0,0,0,0,0,0,0,0,0,6,6,6,6,800,Quickstep,0,0,0
1100500,Wakizashi,Dragonkin,1,Dagger,Dagger,1.2,slash,pierce,0,0,0,108,0,0.1,0.4,0.85,0,0,9,13,0,0,0,0,0,0,0,0,0,0,6,6,6,6,800,Quickstep,0,0,0
1100600,Wakizashi,Gravity,1,Dagger,Dagger,1.2,slash,pierce,108,0,0,0,0,0.1,0.4,0.95,0,0,9,13,0,0,0,0,0,0,0,0,0,0,6,6,6,6,800,Quickstep,0,0,0
1100700,Wakizashi,Flame,1,Dagger,Dagger,1.2,slash,pierce,0,0,108,0,0,0.1,0.4,0,0.85,0,9,13,0,0,0,0,0,0,0,0,0,0,6,6,6,6,800,Quickstep,0,0,0
1100800,Wakizashi,Golden,1,Dagger,Dagger,1.2,slash,pierce,0,0,0,0,94,0.1,0.4,0,0.95,0,9,13,0,0,0,0,0,0,0,0,0,0,6,6,6,6,800,Quickstep,0,0,0
1100900,Wakizashi,Draconic,1,Dagger,Dagger,1.2,slash,pierce,0,0,0,108,0,0.1,0.4,0,0.95,0,9,13,0,0,0,0,0,0,0,0,0,0,6,6,6,6,800,Quickstep,0,0,0
1101000,Wakizashi,Bestial,1,Dagger,Dagger,1.2,slash,pierce,108,0,0,0,0,0.1,0.4,0,0.95,0,9,13,0,0,0,0,0,0,0,0,0,0,6,6,6,6,800,Quickstep,0,0,0
1101100,Wakizashi,Night,1,Dagger,Dagger,1.2,slash,pierce,0,108,0,0,0,0.05,0.4,0.7,0.7,0,9,13,0,0,0,0,0,0,0,0,0,0,6,6,6,6,800,Quickstep,0,0,0
1101200,Wakizashi,Lava,1,Dagger,Dagger,1.2,slash,pierce,0,0,108,0,0,0.05,0.4,0.7,0.7,0,9,13,0,0,0,0,0,0,0,0,0,0,6,6,6,6,800,Quickstep,0,0,0
1101300,Wakizashi,Frenzy,1,Dagger,Dagger,1.2,slash,pierce,0,0,108,0,0,0.05,0.4,0.6,0.6,0,9,13,0,0,0,0,0,0,0,0,0,0,6,6,6,6,800,Quickstep,0,0,0
1101400,Wakizashi,Death,1,Dagger,Dagger,1.2,slash,pierce,0,0,0,0,94,0.05,0.4,0.6,0.6,0,9,13,0,0,0,0,0,0,0,0,0,0,6,6,6,6,800,Quickstep,0,0,0
1101500,Wakizashi,Godslayer,1,Dagger,Dagger,1.2,slash,pierce,0,0,0,0,94,0.05,0.4,0.6,0.6,0,9,13,0,0,0,0,0,0,0,0,0,0,6,6,6,6,800,Quickstep,0,0,0
1101600,Wakizashi,Frost,1,Dagger,Dagger,1.2,slash,pierce,0,108,0,0,0,0.05,0.4,0.6,0,0.6,9,13,0,0,0,0,0,0,0,0,0,0,6,6,6,6,800,Quickstep,0,0,0
1101700,Wakizashi,Aberrant,1,Dagger,Dagger,1.2,slash,pierce,108,0,0,0,0,0.05,0.4,0.6,0,0.6,9,13,0,0,0,0,0,0,0,0,0,0,6,6,6,6,800,Quickstep,0,0,0
1101800,Wakizashi,Bloodflame,1,Dagger,Dagger,1.2,slash,pierce,0,0,108,0,0,0.05,0.4,0,0.6,0.6,9,13,0,0,0,0,0,0,0,0,0,0,6,6,6,6,800,Quickstep,0,0,0
1101900,Wakizashi,Rotten,1,Dagger,Dagger,1.2,slash,pierce,108,0,0,0,0,0.05,0.4,0,0.6,0.6,9,13,0,0,0,0,0,0,0,0,0,0,6,6,6,6,800,Quickstep,0,0,0
1102000,Wakizashi,Storm,1,Dagger,Dagger,1.2,slash,pierce,108,0,0,0,0,0.05,0.4,0.7,0.7,0,9,13,0,0,0,0,0,0,0,0,0,0,6,6,6,6,800,Quickstep,0,0,0
1102100,Wakizashi,Mystic,1,Dagger,Dagger,1.2,slash,pierce,0,108,0,0,0,0.05,0.4,0,0.6,0.6,9,13,0,0,0,0,0,0,0,0,0,0,6,6,6,6,800,Quickstep,0,0,0
1110000,Cinquedea,Standard,1,Dagger,Dagger,1.23,slash,pierce,75,0,0,0,0,0.1,0.3,0,0.85,0,10,10,0,15,0,2200,0,0,0,0,0,0,6,6,6,6,800,Quickstep,1,0,0
1120000,Surgeon's Catlinger [bloodflame],Standard,1,Dagger,Dagger,1.07,slash,pierce,0,0,81,0,0,0.05,0.4,0,0.6,0.6,9,12,0,12,12,2200,0,0,0,0,0,0,6,6,6,6,800,Quickstep,1,0,0
1130000,Ivory Sickle,Standard,1,Dagger,Dagger,1.11,slash,pierce,0,0,99,0,0,0.05,0.4,0.6,0.6,0,6,8,12,12,0,2200,0,0,0,0,0,0,6,6,6,6,800,Quickstep,1,0,0
1140000,Bloodstained Dagger,Standard,1,Dagger,Dagger,1.07,slash,pierce,93,0,0,0,0,0.35,0.65,0,0,0,9,10,0,0,0,0,0,0,0,0,0,0,6,6,6,6,800,Quickstep,0,0,0
1140100,Bloodstained Dagger,Heavy,1,Dagger,Dagger,1.07,slash,pierce,93,0,0,0,0,0.65,0.5,0,0,0,9,10,0,0,0,0,0,0,0,0,0,0,6,6,6,6,800,Quickstep,0,0,0
1140200,Bloodstained Dagger,Keen,1,Dagger,Dagger,1.07,slash,pierce,93,0,0,0,0,0.1,1.15,0,0,0,9,10,0,0,0,0,0,0,0,0,0,0,6,6,6,6,800,Quickstep,0,0,0
1140300,Bloodstained Dagger,Quality,1,Dagger,Dagger,1.07,slash,pierce,93,0,0,0,0,0.45,0.7,0,0,0,9,10,0,0,0,0,0,0,0,0,0,0,6,6,6,6,800,Quickstep,0,0,0
1140400,Bloodstained Dagger,Glint,1,Dagger,Dagger,1.07,slash,pierce,0,93,0,0,0,0.1,0.4,0.95,0,0,9,10,0,0,0,0,0,0,0,0,0,0,6,6,6,6,800,Quickstep,0,0,0
1140500,Bloodstained Dagger,Dragonkin,1,Dagger,Dagger,1.07,slash,pierce,0,0,0,93,0,0.1,0.4,0.85,0,0,9,10,0,0,0,0,0,0,0,0,0,0,6,6,6,6,800,Quickstep,0,0,0
1140600,Bloodstained Dagger,Gravity,1,Dagger,Dagger,1.07,slash,pierce,93,0,0,0,0,0.1,0.4,0.95,0,0,9,10,0,0,0,0,0,0,0,0,0,0,6,6,6,6,800,Quickstep,0,0,0
1140700,Bloodstained Dagger,Flame,1,Dagger,Dagger,1.07,slash,pierce,0,0,93,0,0,0.1,0.4,0,0.85,0,9,10,0,0,0,0,0,0,0,0,0,0,6,6,6,6,800,Quickstep,0,0,0
1140800,Bloodstained Dagger,Golden,1,Dagger,Dagger,1.07,slash,pierce,0,0,0,0,81,0.1,0.4,0,0.95,0,9,10,0,0,0,0,0,0,0,0,0,0,6,6,6,6,800,Quickstep,0,0,0
1140900,Bloodstained Dagger,Draconic,1,Dagger,Dagger,1.07,slash,pierce,0,0,0,93,0,0.1,0.4,0,0.95,0,9,10,0,0,0,0,0,0,0,0,0,0,6,6,6,6,800,Quickstep,0,0,0
1141000,Bloodstained Dagger,Bestial,1,Dagger,Dagger,1.07,slash,pierce,93,0,0,0,0,0.1,0.4,0,0.95,0,9,10,0,0,0,0,0,0,0,0,0,0,6,6,6,6,800,Quickstep,0,0,0
1141100,Bloodstained Dagger,Night,1,Dagger,Dagger,1.07,slash,pierce,0,93,0,0,0,0.05,0.4,0.7,0.7,0,9,10,0,0,0,0,0,0,0,0,0,0,6,6,6,6,800,Quickstep,0,0,0
1141200,Bloodstained Dagger,Lava,1,Dagger,Dagger,1.07,slash,pierce,0,0,93,0,0,0.05,0.4,0.7,0.7,0,9,10,0,0,0,0,0,0,0,0,0,0,6,6,6,6,800,Quickstep,0,0,0
1141300,Bloodstained Dagger,Frenzy,1,Dagger,Dagger,1.07,slash,pierce,0,0,93,0,0,0.05,0.4,0.6,0.6,0,9,10,0,0,0,0,0,0,0,0,0,0,6,6,6,6,800,Quickstep,0,0,0
1141400,Bloodstained Dagger,Death,1,Dagger,Dagger,1.07,slash,pierce,0,0,0,0,81,0.05,0.4,0.6,0.6,0,9,10,0,0,0,0,0,0,0,0,0,0,6,6,6,6,800,Quickstep,0,0,0
1141500,Bloodstained Dagger,Godslayer,1,Dagger,Dagger,1.07,slash,pierce,0,0,0,0,81,0.05,0.4,0.6,0.6,0,9,10,0,0,0,0,0,0,0,0,0,0,6,6,6,6,800,Quickstep,0,0,0
1141600,Bloodstained Dagger,Frost,1,Dagger,Dagger,1.07,slash,pierce,0,93,0,0,0,0.05,0.4,0.6,0,0.6,9,10,0,0,0,0,0,0,0,0,0,0,6,6,6,6,800,Quickstep,0,0,0
1141700,Bloodstained Dagger,Aberrant,1,Dagger,Dagger,1.07,slash,pierce,93,0,0,0,0,0.05,0.4,0.6,0,0.6,9,10,0,0,0,0,0,0,0,0,0,0,6,6,6,6,800,Quickstep,0,0,0
1141800,Bloodstained Dagger,Bloodflame,1,Dagger,Dagger,1.07,slash,pierce,0,0,93,0,0,0.05,0.4,0,0.6,0.6,9,10,0,0,0,0,0,0,0,0,0,0,6,6,6,6,800,Quickstep,0,0,0
1141900,Bloodstained Dagger,Rotten,1,Dagger,Dagger,1.07,slash,pierce,93,0,0,0,0,0.05,0.4,0,0.6,0.6,9,10,0,0,0,0,0,0,0,0,0,0,6,6,6,6,800,Quickstep,0,0,0
1142000,Bloodstained Dagger,Storm,1,Dagger,Dagger,1.07,slash,pierce,93,0,0,0,0,0.05,0.4,0.7,0.7,0,9,10,0,0,0,0,0,0,0,0,0,0,6,6,6,6,800,Quickstep,0,0,0
1142100,Bloodstained Dagger,Mystic,1,Dagger,Dagger,1.07,slash,pierce,0,93,0,0,0,0.05,0.4,0,0.6,0.6,9,10,0,0,0,0,0,0,0,0,0,0,6,6,6,6,800,Quickstep,0,0,0
1150000,Erdsteel Dagger,Standard,1,Dagger,Dagger,1.07,slash,pierce,0,0,0,0,75,0.1,0.3,0,0.85,0,7,10,0,15,0,2200,0,0,0,0,0,0,6,6,6,6,184,Flash of Gold,1,0,0
1160000,Blade of Calling,Standard,1,Dagger,Dagger,1.04,slash,pierce,0,0,0,0,101,0.1,0.4,0,1.05,0,6,10,0,15,0,2200,0,0,0,0,0,0,6,6,6,6,1037,Blade of Gold,1,0,0
1170000,Midnight Dagger,Standard,1,Dagger,Dagger,1.04,slash,pierce,0,81,0,0,0,0.05,0.4,0.6,0.6,0,0,8,12,12,0,2200,0,0,0,0,0,0,6,6,6,6,602,Assassin's Gambit,1,0,0
1180000,Deathrite Dagger,Standard,1,Dagger,Dagger,1.1,slash,pierce,0,0,0,0,92,0.05,0.45,0.7,0.7,0,5,8,13,13,0,2200,0,0,0,0,0,0,6,6,6,6,183,Blighted Breath,1,0,0
1200000,Dragon Cult Twin Daggers (dagger),Standard,1,Dagger,Dagger,1.1,slash,pierce,0,0,0,97,0,0.15,0.4,0,1,0,0,13,0,28,0,2200,0,0,0,0,0,0,6,6,6,6,811,Spread Corruption,1,1,0
1300000,Stormcaller's Dirk,Standard,1,Dagger,Dagger,1.11,slash,pierce,91,0,0,0,0,0.05,0.3,0.75,0.75,0,0,8,12,12,0,2200,0,0,0,0,0,0,6,6,6,6,133,,1,0,0
1400000,Quicksilver Fragment,Standard,1,Dagger,Dagger,1.11,slash,pierce,0,100,0,0,0,0.1,0.55,0.75,0.75,0,0,10,27,27,0,2200,0,0,0,0,0,0,6,6,6,6,830,,1,0,0
1500000,Main-gauche,Standard,1,Dagger,Dagger,1.1,slash,pierce,98,0,0,0,0,0.35,0.65,0,0,0,7,15,0,0,0,0,0,0,0,0,0,0,6,6,6,6,302,Parry,0,0,0
1500100,Main-gauche,Heavy,1,Dagger,Dagger,1.1,slash,pierce,98,0,0,0,0,0.65,0.5,0,0,0,7,15,0,0,0,0,0,0,0,0,0,0,6,6,6,6,302,Parry,0,0,0
1500200,Main-gauche,Keen,1,Dagger,Dagger,1.1,slash,pierce,98,0,0,0,0,0.1,1.15,0,0,0,7,15,0,0,0,0,0,0,0,0,0,0,6,6,6,6,302,Parry,0,0,0
1500300,Main-gauche,Quality,1,Dagger,Dagger,1.1,slash,pierce,98,0,0,0,0,0.45,0.7,0,0,0,7,15,0,0,0,0,0,0,0,0,0,0,6,6,6,6,302,Parry,0,0,0
1500400,Main-gauche,Glint,1,Dagger,Dagger,1.1,slash,pierce,0,98,0,0,0,0.1,0.4,0.95,0,0,7,15,0,0,0,0,0,0,0,0,0,0,6,6,6,6,302,Parry,0,0,0
1500500,Main-gauche,Dragonkin,1,Dagger,Dagger,1.1,slash,pierce,0,0,0,98,0,0.1,0.4,0.85,0,0,7,15,0,0,0,0,0,0,0,0,0,0,6,6,6,6,302,Parry,0,0,0
1500600,Main-gauche,Gravity,1,Dagger,Dagger,1.1,slash,pierce,98,0,0,0,0,0.1,0.4,0.95,0,0,7,15,0,0,0,0,0,0,0,0,0,0,6,6,6,6,302,Parry,0,0,0
1500700,Main-gauche,Flame,1,Dagger,Dagger,1.1,slash,pierce,0,0,98,0,0,0.1,0.4,0,0.85,0,7,15,0,0,0,0,0,0,0,0,0,0,6,6,6,6,302,Parry,0,0,0
1500800,Main-gauche,Golden,1,Dagger,Dagger,1.1,slash,pierce,0,0,0,0,85,0.1,0.4,0,0.95,0,7,15,0,0,0,0,0,0,0,0,0,0,6,6,6,6,302,Parry,0,0,0
1500900,Main-gauche,Draconic,1,Dagger,Dagger,1.1,slash,pierce,0,0,0,98,0,0.1,0.4,0,0.95,0,7,15,0,0,0,0,0,0,0,0,0,0,6,6,6,6,302,Parry,0,0,0
1501000,Main-gauche,Bestial,1,Dagger,Dagger,1.1,slash,pierce,98,0,0,0,0,0.1,0.4,0,0.95,0,7,15,0,0,0,0,0,0,0,0,0,0,6,6,6,6,302,Parry,0,0,0
1501100,Main-gauche,Night,1,Dagger,Dagger,1.1,slash,pierce,0,98,0,0,0,0.05,0.4,0.7,0.7,0,7,15,0,0,0,0,0,0,0,0,0,0,6,6,6,6,302,Parry,0,0,0
1501200,Main-gauche,Lava,1,Dagger,Dagger,1.1,slash,pierce,0,0,98,0,0,0.05,0.4,0.7,0.7,0,7,15,0,0,0,0,0,0,0,0,0,0,6,6,6,6,302,Parry,0,0,0
1501300,Main-gauche,Frenzy,1,Dagger,Dagger,1.1,slash,pierce,0,0,98,0,0,0.05,0.4,0.6,0.6,0,7,15,0,0,0,0,0,0,0,0,0,0,6,6,6,6,302,Parry,0,0,0
1501400,Main-gauche,Death,1,Dagger,Dagger,1.1,slash,pierce,0,0,0,0,85,0.05,0.4,0.6,0.6,0,7,15,0,0,0,0,0,0,0,0,0,0,6,6,6,6,302,Parry,0,0,0
1501500,Main-gauche,Godslayer,1,Dagger,Dagger,1.1,slash,pierce,0,0,0,0,85,0.05,0.4,0.6,0.6,0,7,15,0,0,0,0,0,0,0,0,0,0,6,6,6,6,302,Parry,0,0,0
1501600,Main-gauche,Frost,1,Dagger,Dagger,1.1,slash,pierce,0,98,0,0,0,0.05,0.4,0.6,0,0.6,7,15,0,0,0,0,0,0,0,0,0,0,6,6,6,6,302,Parry,0,0,0
1501700,Main-gauche,Aberrant,1,Dagger,Dagger,1.1,slash,pierce,98,0,0,0,0,0.05,0.4,0.6,0,0.6,7,15,0,0,0,0,0,0,0,0,0,0,6,6,6,6,302,Parry,0,0,0
1501800,Main-gauche,Bloodflame,1,Dagger,Dagger,1.1,slash,pierce,0,0,98,0,0,0.05,0.4,0,0.6,0.6,7,15,0,0,0,0,0,0,0,0,0,0,6,6,6,6,302,Parry,0,0,0
1501900,Main-gauche,Rotten,1,Dagger,Dagger,1.1,slash,pierce,98,0,0,0,0,0.05,0.4,0,0.6,0.6,7,15,0,0,0,0,0,0,0,0,0,0,6,6,6,6,302,Parry,0,0,0
1502000,Main-gauche,Storm,1,Dagger,Dagger,1.1,slash,pierce,98,0,0,0,0,0.05,0.4,0.7,0.7,0,7,15,0,0,0,0,0,0,0,0,0,0,6,6,6,6,302,Parry,0,0,0
1502100,Main-gauche,Mystic,1,Dagger,Dagger,1.1,slash,pierce,0,98,0,0,0,0.05,0.4,0,0.6,0.6,7,15,0,0,0,0,0,0,0,0,0,0,6,6,6,6,302,Parry,0,0,0
1510000,Fire Knight's Shortsword,Standard,1,Dagger,Dagger,1.11,slash,pierce,0,0,115,0,0,0.15,0.45,0,0.9,0,8,13,0,12,0,0,0,0,0,0,0,0,6,6,6,6,800,Quickstep,1,0,0
2000000,Longsword,Standard,3,Straight Sword,SwordNormal,1,pierce,standard,126,0,0,0,0,0.45,0.45,0,0,0,10,10,0,0,0,0,0,0,0,0,0,0,6,6,6,6,115,Square Off,0,0,0
2000100,Longsword,Heavy,3,Straight Sword,SwordNormal,1,pierce,standard,126,0,0,0,0,0.8,0.35,0,0,0,10,10,0,0,0,0,0,0,0,0,0,0,6,6,6,6,115,Square Off,0,0,0
2000200,Longsword,Keen,3,Straight Sword,SwordNormal,1,pierce,standard,126,0,0,0,0,0.35,0.8,0,0,0,10,10,0,0,0,0,0,0,0,0,0,0,6,6,6,6,115,Square Off,0,0,0
2000300,Longsword,Quality,3,Straight Sword,SwordNormal,1,pierce,standard,126,0,0,0,0,0.75,0.75,0,0,0,10,10,0,0,0,0,0,0,0,0,0,0,6,6,6,6,115,Square Off,0,0,0
2000400,Longsword,Glint,3,Straight Sword,SwordNormal,1,pierce,standard,0,126,0,0,0,0.18,0.17,0.9,0,0,10,10,0,0,0,0,0,0,0,0,0,0,6,6,6,6,115,Square Off,0,0,0
2000500,Longsword,Dragonkin,3,Straight Sword,SwordNormal,1,pierce,standard,0,0,0,126,0,0.18,0.17,0.8,0,0,10,10,0,0,0,0,0,0,0,0,0,0,6,6,6,6,115,Square Off,0,0,0
2000600,Longsword,Gravity,3,Straight Sword,SwordNormal,1,pierce,standard,126,0,0,0,0,0.18,0.17,0.9,0,0,10,10,0,0,0,0,0,0,0,0,0,0,6,6,6,6,115,Square Off,0,0,0
2000700,Longsword,Flame,3,Straight Sword,SwordNormal,1,pierce,standard,0,0,126,0,0,0.18,0.17,0,0.8,0,10,10,0,0,0,0,0,0,0,0,0,0,6,6,6,6,115,Square Off,0,0,0
2000800,Longsword,Golden,3,Straight Sword,SwordNormal,1,pierce,standard,0,0,0,0,110,0.18,0.17,0,0.9,0,10,10,0,0,0,0,0,0,0,0,0,0,6,6,6,6,115,Square Off,0,0,0
2000900,Longsword,Draconic,3,Straight Sword,SwordNormal,1,pierce,standard,0,0,0,126,0,0.18,0.17,0,0.9,0,10,10,0,0,0,0,0,0,0,0,0,0,6,6,6,6,115,Square Off,0,0,0
2001000,Longsword,Bestial,3,Straight Sword,SwordNormal,1,pierce,standard,126,0,0,0,0,0.18,0.17,0,0.9,0,10,10,0,0,0,0,0,0,0,0,0,0,6,6,6,6,115,Square Off,0,0,0
2001100,Longsword,Night,3,Straight Sword,SwordNormal,1,pierce,standard,0,126,0,0,0,0.18,0.17,0.7,0.7,0,10,10,0,0,0,0,0,0,0,0,0,0,6,6,6,6,115,Square Off,0,0,0
2001200,Longsword,Lava,3,Straight Sword,SwordNormal,1,pierce,standard,0,0,126,0,0,0.18,0.17,0.7,0.7,0,10,10,0,0,0,0,0,0,0,0,0,0,6,6,6,6,115,Square Off,0,0,0
2001300,Longsword,Frenzy,3,Straight Sword,SwordNormal,1,pierce,standard,0,0,126,0,0,0.18,0.17,0.6,0.6,0,10,10,0,0,0,0,0,0,0,0,0,0,6,6,6,6,115,Square Off,0,0,0
2001400,Longsword,Death,3,Straight Sword,SwordNormal,1,pierce,standard,0,0,0,0,110,0.18,0.17,0.6,0.6,0,10,10,0,0,0,0,0,0,0,0,0,0,6,6,6,6,115,Square Off,0,0,0
2001500,Longsword,Godslayer,3,Straight Sword,SwordNormal,1,pierce,standard,0,0,0,0,110,0.18,0.17,0.6,0.6,0,10,10,0,0,0,0,0,0,0,0,0,0,6,6,6,6,115,Square Off,0,0,0
2001600,Longsword,Frost,3,Straight Sword,SwordNormal,1,pierce,standard,0,126,0,0,0,0.18,0.17,0.6,0,0.6,10,10,0,0,0,0,0,0,0,0,0,0,6,6,6,6,115,Square Off,0,0,0
2001700,Longsword,Aberrant,3,Straight Sword,SwordNormal,1,pierce,standard,126,0,0,0,0,0.18,0.17,0.6,0,0.6,10,10,0,0,0,0,0,0,0,0,0,0,6,6,6,6,115,Square Off,0,0,0
2001800,Longsword,Bloodflame,3,Straight Sword,SwordNormal,1,pierce,standard,0,0,126,0,0,0.18,0.17,0,0.6,0.6,10,10,0,0,0,0,0,0,0,0,0,0,6,6,6,6,115,Square Off,0,0,0
2001900,Longsword,Rotten,3,Straight Sword,SwordNormal,1,pierce,standard,126,0,0,0,0,0.18,0.17,0,0.6,0.6,10,10,0,0,0,0,0,0,0,0,0,0,6,6,6,6,115,Square Off,0,0,0
2002000,Longsword,Storm,3,Straight Sword,SwordNormal,1,pierce,standard,126,0,0,0,0,0.18,0.17,0.7,0.7,0,10,10,0,0,0,0,0,0,0,0,0,0,6,6,6,6,115,Square Off,0,0,0
2002100,Longsword,Mystic,3,Straight Sword,SwordNormal,1,pierce,standard,0,126,0,0,0,0.18,0.17,0,0.6,0.6,10,10,0,0,0,0,0,0,0,0,0,0,6,6,6,6,115,Square Off,0,0,0
2010000,Short Sword,Standard,3,Straight Sword,SwordNormal,0.93,pierce,standard,117,0,0,0,0,0.45,0.45,0,0,0,8,10,0,0,0,0,0,0,0,0,0,0,6,6,6,6,503,Kick,0,0,0
2010100,Short Sword,Heavy,3,Straight Sword,SwordNormal,0.93,pierce,standard,117,0,0,0,0,0.8,0.35,0,0,0,8,10,0,0,0,0,0,0,0,0,0,0,6,6,6,6,503,Kick,0,0,0
2010200,Short Sword,Keen,3,Straight Sword,SwordNormal,0.93,pierce,standard,117,0,0,0,0,0.35,0.8,0,0,0,8,10,0,0,0,0,0,0,0,0,0,0,6,6,6,6,503,Kick,0,0,0
2010300,Short Sword,Quality,3,Straight Sword,SwordNormal,0.93,pierce,standard,117,0,0,0,0,0.75,0.75,0,0,0,8,10,0,0,0,0,0,0,0,0,0,0,6,6,6,6,503,Kick,0,0,0
2010400,Short Sword,Glint,3,Straight Sword,SwordNormal,0.93,pierce,standard,0,117,0,0,0,0.18,0.17,0.9,0,0,8,10,0,0,0,0,0,0,0,0,0,0,6,6,6,6,503,Kick,0,0,0
2010500,Short Sword,Dragonkin,3,Straight Sword,SwordNormal,0.93,pierce,standard,0,0,0,117,0,0.18,0.17,0.8,0,0,8,10,0,0,0,0,0,0,0,0,0,0,6,6,6,6,503,Kick,0,0,0
2010600,Short Sword,Gravity,3,Straight Sword,SwordNormal,0.93,pierce,standard,117,0,0,0,0,0.18,0.17,0.9,0,0,8,10,0,0,0,0,0,0,0,0,0,0,6,6,6,6,503,Kick,0,0,0
2010700,Short Sword,Flame,3,Straight Sword,SwordNormal,0.93,pierce,standard,0,0,117,0,0,0.18,0.17,0,0.8,0,8,10,0,0,0,0,0,0,0,0,0,0,6,6,6,6,503,Kick,0,0,0
2010800,Short Sword,Golden,3,Straight Sword,SwordNormal,0.93,pierce,standard,0,0,0,0,102,0.18,0.17,0,0.9,0,8,10,0,0,0,0,0,0,0,0,0,0,6,6,6,6,503,Kick,0,0,0
2010900,Short Sword,Draconic,3,Straight Sword,SwordNormal,0.93,pierce,standard,0,0,0,117,0,0.18,0.17,0,0.9,0,8,10,0,0,0,0,0,0,0,0,0,0,6,6,6,6,503,Kick,0,0,0
2011000,Short Sword,Bestial,3,Straight Sword,SwordNormal,0.93,pierce,standard,117,0,0,0,0,0.18,0.17,0,0.9,0,8,10,0,0,0,0,0,0,0,0,0,0,6,6,6,6,503,Kick,0,0,0
2011100,Short Sword,Night,3,Straight Sword,SwordNormal,0.93,pierce,standard,0,117,0,0,0,0.18,0.17,0.7,0.7,0,8,10,0,0,0,0,0,0,0,0,0,0,6,6,6,6,503,Kick,0,0,0
2011200,Short Sword,Lava,3,Straight Sword,SwordNormal,0.93,pierce,standard,0,0,117,0,0,0.18,0.17,0.7,0.7,0,8,10,0,0,0,0,0,0,0,0,0,0,6,6,6,6,503,Kick,0,0,0
2011300,Short Sword,Frenzy,3,Straight Sword,SwordNormal,0.93,pierce,standard,0,0,117,0,0,0.18,0.17,0.6,0.6,0,8,10,0,0,0,0,0,0,0,0,0,0,6,6,6,6,503,Kick,0,0,0
2011400,Short Sword,Death,3,Straight Sword,SwordNormal,0.93,pierce,standard,0,0,0,0,102,0.18,0.17,0.6,0.6,0,8,10,0,0,0,0,0,0,0,0,0,0,6,6,6,6,503,Kick,0,0,0
2011500,Short Sword,Godslayer,3,Straight Sword,SwordNormal,0.93,pierce,standard,0,0,0,0,102,0.18,0.17,0.6,0.6,0,8,10,0,0,0,0,0,0,0,0,0,0,6,6,6,6,503,Kick,0,0,0
2011600,Short Sword,Frost,3,Straight Sword,SwordNormal,0.93,pierce,standard,0,117,0,0,0,0.18,0.17,0.6,0,0.6,8,10,0,0,0,0,0,0,0,0,0,0,6,6,6,6,503,Kick,0,0,0
2011700,Short Sword,Aberrant,3,Straight Sword,SwordNormal,0.93,pierce,standard,117,0,0,0,0,0.18,0.17,0.6,0,0.6,8,10,0,0,0,0,0,0,0,0,0,0,6,6,6,6,503,Kick,0,0,0
2011800,Short Sword,Bloodflame,3,Straight Sword,SwordNormal,0.93,pierce,standard,0,0,117,0,0,0.18,0.17,0,0.6,0.6,8,10,0,0,0,0,0,0,0,0,0,0,6,6,6,6,503,Kick,0,0,0
2011900,Short Sword,Rotten,3,Straight Sword,SwordNormal,0.93,pierce,standard,117,0,0,0,0,0.18,0.17,0,0.6,0.6,8,10,0,0,0,0,0,0,0,0,0,0,6,6,6,6,503,Kick,0,0,0
2012000,Short Sword,Storm,3,Straight Sword,SwordNormal,0.93,pierce,standard,117,0,0,0,0,0.18,0.17,0.7,0.7,0,8,10,0,0,0,0,0,0,0,0,0,0,6,6,6,6,503,Kick,0,0,0
2012100,Short Sword,Mystic,3,Straight Sword,SwordNormal,0.93,pierce,standard,0,117,0,0,0,0.18,0.17,0,0.6,0.6,8,10,0,0,0,0,0,0,0,0,0,0,6,6,6,6,503,Kick,0,0,0
2020000,Broadsword,Standard,3,Straight Sword,SwordNormal,1.03,pierce,standard,135,0,0,0,0,0.45,0.45,0,0,0,10,10,0,0,0,0,0,0,0,0,0,0,6,6,6,6,115,Square Off,0,0,0
2020100,Broadsword,Heavy,3,Straight Sword,SwordNormal,1.03,pierce,standard,135,0,0,0,0,1.15,0.35,0,0,0,10,10,0,0,0,0,0,0,0,0,0,0,6,6,6,6,115,Square Off,0,0,0
2020200,Broadsword,Keen,3,Straight Sword,SwordNormal,1.03,pierce,standard,135,0,0,0,0,0.35,0.8,0,0,0,10,10,0,0,0,0,0,0,0,0,0,0,6,6,6,6,115,Square Off,0,0,0
2020300,Broadsword,Quality,3,Straight Sword,SwordNormal,1.03,pierce,standard,135,0,0,0,0,0.75,0.75,0,0,0,10,10,0,0,0,0,0,0,0,0,0,0,6,6,6,6,115,Square Off,0,0,0
2020400,Broadsword,Glint,3,Straight Sword,SwordNormal,1.03,pierce,standard,0,135,0,0,0,0.18,0.17,0.9,0,0,10,10,0,0,0,0,0,0,0,0,0,0,6,6,6,6,115,Square Off,0,0,0
2020500,Broadsword,Dragonkin,3,Straight Sword,SwordNormal,1.03,pierce,standard,0,0,0,135,0,0.18,0.17,0.8,0,0,10,10,0,0,0,0,0,0,0,0,0,0,6,6,6,6,115,Square Off,0,0,0
2020600,Broadsword,Gravity,3,Straight Sword,SwordNormal,1.03,pierce,standard,135,0,0,0,0,0.18,0.17,0.9,0,0,10,10,0,0,0,0,0,0,0,0,0,0,6,6,6,6,115,Square Off,0,0,0
2020700,Broadsword,Flame,3,Straight Sword,SwordNormal,1.03,pierce,standard,0,0,135,0,0,0.18,0.17,0,0.8,0,10,10,0,0,0,0,0,0,0,0,0,0,6,6,6,6,115,Square Off,0,0,0
2020800,Broadsword,Golden,3,Straight Sword,SwordNormal,1.03,pierce,standard,0,0,0,0,117,0.18,0.17,0,0.9,0,10,10,0,0,0,0,0,0,0,0,0,0,6,6,6,6,115,Square Off,0,0,0
2020900,Broadsword,Draconic,3,Straight Sword,SwordNormal,1.03,pierce,standard,0,0,0,135,0,0.18,0.17,0,0.9,0,10,10,0,0,0,0,0,0,0,0,0,0,6,6,6,6,115,Square Off,0,0,0
2021000,Broadsword,Bestial,3,Straight Sword,SwordNormal,1.03,pierce,standard,135,0,0,0,0,0.18,0.17,0,0.9,0,10,10,0,0,0,0,0,0,0,0,0,0,6,6,6,6,115,Square Off,0,0,0
2021100,Broadsword,Night,3,Straight Sword,SwordNormal,1.03,pierce,standard,0,135,0,0,0,0.18,0.17,0.7,0.7,0,10,10,0,0,0,0,0,0,0,0,0,0,6,6,6,6,115,Square Off,0,0,0
2021200,Broadsword,Lava,3,Straight Sword,SwordNormal,1.03,pierce,standard,0,0,135,0,0,0.18,0.17,0.7,0.7,0,10,10,0,0,0,0,0,0,0,0,0,0,6,6,6,6,115,Square Off,0,0,0
2021300,Broadsword,Frenzy,3,Straight Sword,SwordNormal,1.03,pierce,standard,0,0,135,0,0,0.18,0.17,0.6,0.6,0,10,10,0,0,0,0,0,0,0,0,0,0,6,6,6,6,115,Square Off,0,0,0
2021400,Broadsword,Death,3,Straight Sword,SwordNormal,1.03,pierce,standard,0,0,0,0,117,0.18,0.17,0.6,0.6,0,10,10,0,0,0,0,0,0,0,0,0,0,6,6,6,6,115,Square Off,0,0,0
2021500,Broadsword,Godslayer,3,Straight Sword,SwordNormal,1.03,pierce,standard,0,0,0,0,117,0.18,0.17,0.6,0.6,0,10,10,0,0,0,0,0,0,0,0,0,0,6,6,6,6,115,Square Off,0,0,0
2021600,Broadsword,Frost,3,Straight Sword,SwordNormal,1.03,pierce,standard,0,135,0,0,0,0.18,0.17,0.6,0,0.6,10,10,0,0,0,0,0,0,0,0,0,0,6,6,6,6,115,Square Off,0,0,0
2021700,Broadsword,Aberrant,3,Straight Sword,SwordNormal,1.03,pierce,standard,135,0,0,0,0,0.18,0.17,0.6,0,0.6,10,10,0,0,0,0,0,0,0,0,0,0,6,6,6,6,115,Square Off,0,0,0
2021800,Broadsword,Bloodflame,3,Straight Sword,SwordNormal,1.03,pierce,standard,0,0,135,0,0,0.18,0.17,0,0.6,0.6,10,10,0,0,0,0,0,0,0,0,0,0,6,6,6,6,115,Square Off,0,0,0
2021900,Broadsword,Rotten,3,Straight Sword,SwordNormal,1.03,pierce,standard,135,0,0,0,0,0.18,0.17,0,0.6,0.6,10,10,0,0,0,0,0,0,0,0,0,0,6,6,6,6,115,Square Off,0,0,0
2022000,Broadsword,Storm,3,Straight Sword,SwordNormal,1.03,pierce,standard,135,0,0,0,0,0.18,0.17,0.7,0.7,0,10,10,0,0,0,0,0,0,0,0,0,0,6,6,6,6,115,Square Off,0,0,0
2022100,Broadsword,Mystic,3,Straight Sword,SwordNormal,1.03,pierce,standard,0,135,0,0,0,0.18,0.17,0,0.6,0.6,10,10,0,0,0,0,0,0,0,0,0,0,6,6,6,6,115,Square Off,0,0,0
2030000,Yura's Kanabo,Standard,3,Straight Sword,SwordNormal,1.03,strike,standard,122,0,0,0,0,1.2,0.35,0,0,0,25,5,0,0,0,2200,0,0,0,0,0,0,6,6,6,6,1060,Ronin's Technique,1,0,0
2040000,Lordsworn's Straight Sword,Standard,3,Straight Sword,SwordNormal,1,pierce,standard,132,0,0,0,0,0.45,0.45,0,0,0,10,10,0,0,0,0,0,0,0,0,0,0,6,6,6,6,115,Square Off,0,0,0
2040100,Lordsworn's Straight Sword,Heavy,3,Straight Sword,SwordNormal,1,pierce,standard,132,0,0,0,0,1,0.35,0,0,0,10,10,0,0,0,0,0,0,0,0,0,0,6,6,6,6,115,Square Off,0,0,0
2040200,Lordsworn's Straight Sword,Keen,3,Straight Sword,SwordNormal,1,pierce,standard,132,0,0,0,0,0.35,0.8,0,0,0,10,10,0,0,0,0,0,0,0,0,0,0,6,6,6,6,115,Square Off,0,0,0
2040300,Lordsworn's Straight Sword,Quality,3,Straight Sword,SwordNormal,1,pierce,standard,132,0,0,0,0,0.75,0.75,0,0,0,10,10,0,0,0,0,0,0,0,0,0,0,6,6,6,6,115,Square Off,0,0,0
2040400,Lordsworn's Straight Sword,Glint,3,Straight Sword,SwordNormal,1,pierce,standard,0,132,0,0,0,0.18,0.17,0.9,0,0,10,10,0,0,0,0,0,0,0,0,0,0,6,6,6,6,115,Square Off,0,0,0
2040500,Lordsworn's Straight Sword,Dragonkin,3,Straight Sword,SwordNormal,1,pierce,standard,0,0,0,132,0,0.18,0.17,0.8,0,0,10,10,0,0,0,0,0,0,0,0,0,0,6,6,6,6,115,Square Off,0,0,0
2040600,Lordsworn's Straight Sword,Gravity,3,Straight Sword,SwordNormal,1,pierce,standard,132,0,0,0,0,0.18,0.17,0.9,0,0,10,10,0,0,0,0,0,0,0,0,0,0,6,6,6,6,115,Square Off,0,0,0
2040700,Lordsworn's Straight Sword,Flame,3,Straight Sword,SwordNormal,1,pierce,standard,0,0,132,0,0,0.18,0.17,0,0.8,0,10,10,0,0,0,0,0,0,0,0,0,0,6,6,6,6,115,Square Off,0,0,0
2040800,Lordsworn's Straight Sword,Golden,3,Straight Sword,SwordNormal,1,pierce,standard,0,0,0,0,115,0.18,0.17,0,0.9,0,10,10,0,0,0,0,0,0,0,0,0,0,6,6,6,6,115,Square Off,0,0,0
2040900,Lordsworn's Straight Sword,Draconic,3,Straight Sword,SwordNormal,1,pierce,standard,0,0,0,132,0,0.18,0.17,0,0.9,0,10,10,0,0,0,0,0,0,0,0,0,0,6,6,6,6,115,Square Off,0,0,0
2041000,Lordsworn's Straight Sword,Bestial,3,Straight Sword,SwordNormal,1,pierce,standard,132,0,0,0,0,0.18,0.17,0,0.9,0,10,10,0,0,0,0,0,0,0,0,0,0,6,6,6,6,115,Square Off,0,0,0
2041100,Lordsworn's Straight Sword,Night,3,Straight Sword,SwordNormal,1,pierce,standard,0,132,0,0,0,0.18,0.17,0.7,0.7,0,10,10,0,0,0,0,0,0,0,0,0,0,6,6,6,6,115,Square Off,0,0,0
2041200,Lordsworn's Straight Sword,Lava,3,Straight Sword,SwordNormal,1,pierce,standard,0,0,132,0,0,0.18,0.17,0.7,0.7,0,10,10,0,0,0,0,0,0,0,0,0,0,6,6,6,6,115,Square Off,0,0,0
2041300,Lordsworn's Straight Sword,Frenzy,3,Straight Sword,SwordNormal,1,pierce,standard,0,0,132,0,0,0.18,0.17,0.6,0.6,0,10,10,0,0,0,0,0,0,0,0,0,0,6,6,6,6,115,Square Off,0,0,0
2041400,Lordsworn's Straight Sword,Death,3,Straight Sword,SwordNormal,1,pierce,standard,0,0,0,0,115,0.18,0.17,0.6,0.6,0,10,10,0,0,0,0,0,0,0,0,0,0,6,6,6,6,115,Square Off,0,0,0
2041500,Lordsworn's Straight Sword,Godslayer,3,Straight Sword,SwordNormal,1,pierce,standard,0,0,0,0,115,0.18,0.17,0.6,0.6,0,10,10,0,0,0,0,0,0,0,0,0,0,6,6,6,6,115,Square Off,0,0,0
2041600,Lordsworn's Straight Sword,Frost,3,Straight Sword,SwordNormal,1,pierce,standard,0,132,0,0,0,0.18,0.17,0.6,0,0.6,10,10,0,0,0,0,0,0,0,0,0,0,6,6,6,6,115,Square Off,0,0,0
2041700,Lordsworn's Straight Sword,Aberrant,3,Straight Sword,SwordNormal,1,pierce,standard,132,0,0,0,0,0.18,0.17,0.6,0,0.6,10,10,0,0,0,0,0,0,0,0,0,0,6,6,6,6,115,Square Off,0,0,0
2041800,Lordsworn's Straight Sword,Bloodflame,3,Straight Sword,SwordNormal,1,pierce,standard,0,0,132,0,0,0.18,0.17,0,0.6,0.6,10,10,0,0,0,0,0,0,0,0,0,0,6,6,6,6,115,Square Off,0,0,0
2041900,Lordsworn's Straight Sword,Rotten,3,Straight Sword,SwordNormal,1,pierce,standard,132,0,0,0,0,0.18,0.17,0,0.6,0.6,10,10,0,0,0,0,0,0,0,0,0,0,6,6,6,6,115,Square Off,0,0,0
2042000,Lordsworn's Straight Sword,Storm,3,Straight Sword,SwordNormal,1,pierce,standard,132,0,0,0,0,0.18,0.17,0.7,0.7,0,10,10,0,0,0,0,0,0,0,0,0,0,6,6,6,6,115,Square Off,0,0,0
2042100,Lordsworn's Straight Sword,Mystic,3,Straight Sword,SwordNormal,1,pierce,standard,0,132,0,0,0,0.18,0.17,0,0.6,0.6,10,10,0,0,0,0,0,0,0,0,0,0,6,6,6,6,115,Square Off,0,0,0
2050000,Weathered Straight Sword,Standard,3,Straight Sword,SwordNormal,0.965,pierce,standard,118,0,0,0,0,0.45,0.45,0,0,0,7,10,0,0,0,0,0,0,0,0,0,0,6,6,6,6,115,Square Off,0,0,0
2050100,Weathered Straight Sword,Heavy,3,Straight Sword,SwordNormal,0.965,pierce,standard,118,0,0,0,0,0.8,0.35,0,0,0,7,10,0,0,0,0,0,0,0,0,0,0,6,6,6,6,115,Square Off,0,0,0
2050200,Weathered Straight Sword,Keen,3,Straight Sword,SwordNormal,0.965,pierce,standard,118,0,0,0,0,0.35,0.8,0,0,0,7,10,0,0,0,0,0,0,0,0,0,0,6,6,6,6,115,Square Off,0,0,0
2050300,Weathered Straight Sword,Quality,3,Straight Sword,SwordNormal,0.965,pierce,standard,118,0,0,0,0,0.75,0.75,0,0,0,7,10,0,0,0,0,0,0,0,0,0,0,6,6,6,6,115,Square Off,0,0,0
2050400,Weathered Straight Sword,Glint,3,Straight Sword,SwordNormal,0.965,pierce,standard,0,118,0,0,0,0.18,0.17,0.9,0,0,7,10,0,0,0,0,0,0,0,0,0,0,6,6,6,6,115,Square Off,0,0,0
2050500,Weathered Straight Sword,Dragonkin,3,Straight Sword,SwordNormal,0.965,pierce,standard,0,0,0,118,0,0.18,0.17,0.8,0,0,7,10,0,0,0,0,0,0,0,0,0,0,6,6,6,6,115,Square Off,0,0,0
2050600,Weathered Straight Sword,Gravity,3,Straight Sword,SwordNormal,0.965,pierce,standard,118,0,0,0,0,0.18,0.17,0.9,0,0,7,10,0,0,0,0,0,0,0,0,0,0,6,6,6,6,115,Square Off,0,0,0
2050700,Weathered Straight Sword,Flame,3,Straight Sword,SwordNormal,0.965,pierce,standard,0,0,118,0,0,0.18,0.17,0,0.8,0,7,10,0,0,0,0,0,0,0,0,0,0,6,6,6,6,115,Square Off,0,0,0
2050800,Weathered Straight Sword,Golden,3,Straight Sword,SwordNormal,0.965,pierce,standard,0,0,0,0,103,0.18,0.17,0,0.9,0,7,10,0,0,0,0,0,0,0,0,0,0,6,6,6,6,115,Square Off,0,0,0
2050900,Weathered Straight Sword,Draconic,3,Straight Sword,SwordNormal,0.965,pierce,standard,0,0,0,118,0,0.18,0.17,0,0.9,0,7,10,0,0,0,0,0,0,0,0,0,0,6,6,6,6,115,Square Off,0,0,0
2051000,Weathered Straight Sword,Bestial,3,Straight Sword,SwordNormal,0.965,pierce,standard,118,0,0,0,0,0.18,0.17,0,0.9,0,7,10,0,0,0,0,0,0,0,0,0,0,6,6,6,6,115,Square Off,0,0,0
2051100,Weathered Straight Sword,Night,3,Straight Sword,SwordNormal,0.965,pierce,standard,0,118,0,0,0,0.18,0.17,0.7,0.7,0,7,10,0,0,0,0,0,0,0,0,0,0,6,6,6,6,115,Square Off,0,0,0
2051200,Weathered Straight Sword,Lava,3,Straight Sword,SwordNormal,0.965,pierce,standard,0,0,118,0,0,0.18,0.17,0.7,0.7,0,7,10,0,0,0,0,0,0,0,0,0,0,6,6,6,6,115,Square Off,0,0,0
2051300,Weathered Straight Sword,Frenzy,3,Straight Sword,SwordNormal,0.965,pierce,standard,0,0,118,0,0,0.18,0.17,0.6,0.6,0,7,10,0,0,0,0,0,0,0,0,0,0,6,6,6,6,115,Square Off,0,0,0
2051400,Weathered Straight Sword,Death,3,Straight Sword,SwordNormal,0.965,pierce,standard,0,0,0,0,103,0.18,0.17,0.6,0.6,0,7,10,0,0,0,0,0,0,0,0,0,0,6,6,6,6,115,Square Off,0,0,0
2051500,Weathered Straight Sword,Godslayer,3,Straight Sword,SwordNormal,0.965,pierce,standard,0,0,0,0,103,0.18,0.17,0.6,0.6,0,7,10,0,0,0,0,0,0,0,0,0,0,6,6,6,6,115,Square Off,0,0,0
2051600,Weathered Straight Sword,Frost,3,Straight Sword,SwordNormal,0.965,pierce,standard,0,118,0,0,0,0.18,0.17,0.6,0,0.6,7,10,0,0,0,0,0,0,0,0,0,0,6,6,6,6,115,Square Off,0,0,0
2051700,Weathered Straight Sword,Aberrant,3,Straight Sword,SwordNormal,0.965,pierce,standard,118,0,0,0,0,0.18,0.17,0.6,0,0.6,7,10,0,0,0,0,0,0,0,0,0,0,6,6,6,6,115,Square Off,0,0,0
2051800,Weathered Straight Sword,Bloodflame,3,Straight Sword,SwordNormal,0.965,pierce,standard,0,0,118,0,0,0.18,0.17,0,0.6,0.6,7,10,0,0,0,0,0,0,0,0,0,0,6,6,6,6,115,Square Off,0,0,0
2051900,Weathered Straight Sword,Rotten,3,Straight Sword,SwordNormal,0.965,pierce,standard,118,0,0,0,0,0.18,0.17,0,0.6,0.6,7,10,0,0,0,0,0,0,0,0,0,0,6,6,6,6,115,Square Off,0,0,0
2052000,Weathered Straight Sword,Storm,3,Straight Sword,SwordNormal,0.965,pierce,standard,118,0,0,0,0,0.18,0.17,0.7,0.7,0,7,10,0,0,0,0,0,0,0,0,0,0,6,6,6,6,115,Square Off,0,0,0
2052100,Weathered Straight Sword,Mystic,3,Straight Sword,SwordNormal,0.965,pierce,standard,0,118,0,0,0,0.18,0.17,0,0.6,0.6,7,10,0,0,0,0,0,0,0,0,0,0,6,6,6,6,115,Square Off,0,0,0
2060000,Ornamental Straight Sword,Standard,3,Straight Sword,SwordNormal,0.97,pierce,standard,0,0,0,0,103,0.18,0.17,0,0.9,0,10,13,0,15,0,2200,0,0,0,0,0,0,6,6,6,6,1052,Golden Tempering,1,1,0
2070000,Golden Epitaph,Standard,3,Straight Sword,SwordNormal,1,pierce,standard,0,0,0,104,0,0.18,0.17,0,0.9,0,11,11,0,15,0,2200,0,0,0,0,0,0,6,6,6,6,217,Lightning Slash,1,0,0
2080000,Nox Flowing Sword,Standard,9,Curved Sword,SaberNormal,1.08,slash,slash,0,112,0,0,0,0.15,0.55,0.65,0.65,0,8,12,13,13,0,2200,0,0,0,0,0,0,6,6,6,6,1018,Flowing Form,1,0,0
2090000,Inseparable Sword,Standard,5,Greatsword,SwordLarge,1.03,pierce,standard,0,0,0,0,140,0.45,0.45,0,1.1,0,13,12,0,25,0,2200,0,0,0,0,0,0,6,6,6,6,201,Sacred Blade,1,0,0
2110000,Coded Sword,Standard,3,Straight Sword,SwordNormal,0.98,pierce,standard,0,0,0,0,110,0.05,0.05,0,1.3,0,0,0,0,20,0,2200,0,0,0,0,0,0,6,6,6,6,1054,Unblockable Blade,1,0,0
2120000,Blade of Valor,Standard,3,Straight Sword,SwordNormal,1,pierce,standard,120,0,0,0,0,0.85,0.85,0,0,0,10,10,0,0,0,2200,0,0,0,0,0,0,6,6,6,6,803,Champion's Evasion,1,0,0
2140000,Sword of Night and Flame,Standard,3,Straight Sword,SwordNormal,1.03,pierce,standard,0,122,122,0,0,0.6,0.2,0.6,0.6,0,12,12,24,24,0,2200,0,0,0,0,0,0,6,6,6,6,1019,Night-and-Flame Stance,1,0,0
2150000,Crystal Sword,Standard,3,Straight Sword,SwordNormal,1.06,pierce,standard,0,0,106,0,0,0.18,0.17,0.75,0.75,0,6,8,11,11,0,2200,0,0,0,0,0,0,6,6,6,6,1172,Magma Shower,1,0,0
2180000,Carian Knight's Sword,Standard,3,Straight Sword,SwordNormal,1.07,pierce,standard,0,108,0,0,0,0.3,0.1,1,0,0,8,10,18,0,0,2200,0,0,0,0,0,0,6,6,6,6,218,Carian Grandeur,1,0,0
2190000,Sword of St. Trina,Standard,3,Straight Sword,SwordNormal,0.93,pierce,standard,0,105,0,0,0,0.18,0.17,0,0.65,0.65,10,12,0,14,14,2200,0,0,0,0,0,0,6,6,6,6,1023,Mists of Slumber,1,0,0
2200000,Miquellan Knight's Sword,Standard,3,Straight Sword,SwordNormal,1,pierce,standard,0,0,105,0,0,0.2,0.2,0,1,0,8,8,0,16,0,2200,0,0,0,0,0,0,6,6,6,6,214,Flaming Strike,1,0,0
2210000,Cane Sword,Standard,3,Straight Sword,SwordNormal,0.915,pierce,standard,110,0,0,0,0,0.3,0.6,0,0,0,9,9,0,0,0,0,0,0,0,0,0,0,6,6,6,6,115,Square Off,0,0,0
2210100,Cane Sword,Heavy,3,Straight Sword,SwordNormal,0.915,pierce,standard,110,0,0,0,0,0.7,0.45,0,0,0,9,9,0,0,0,0,0,0,0,0,0,0,6,6,6,6,115,Square Off,0,0,0
2210200,Cane Sword,Keen,3,Straight Sword,SwordNormal,0.915,pierce,standard,110,0,0,0,0,0.2,1,0,0,0,9,9,0,0,0,0,0,0,0,0,0,0,6,6,6,6,115,Square Off,0,0,0
2210300,Cane Sword,Quality,3,Straight Sword,SwordNormal,0.915,pierce,standard,110,0,0,0,0,0.5,0.65,0,0,0,9,9,0,0,0,0,0,0,0,0,0,0,6,6,6,6,115,Square Off,0,0,0
2210400,Cane Sword,Glint,3,Straight Sword,SwordNormal,0.915,pierce,standard,0,110,0,0,0,0.1,0.25,0.9,0,0,9,9,0,0,0,0,0,0,0,0,0,0,6,6,6,6,115,Square Off,0,0,0
2210500,Cane Sword,Dragonkin,3,Straight Sword,SwordNormal,0.915,pierce,standard,0,0,0,110,0,0.1,0.25,0.8,0,0,9,9,0,0,0,0,0,0,0,0,0,0,6,6,6,6,115,Square Off,0,0,0
2210600,Cane Sword,Gravity,3,Straight Sword,SwordNormal,0.915,pierce,standard,110,0,0,0,0,0.1,0.25,0.9,0,0,9,9,0,0,0,0,0,0,0,0,0,0,6,6,6,6,115,Square Off,0,0,0
2210700,Cane Sword,Flame,3,Straight Sword,SwordNormal,0.915,pierce,standard,0,0,110,0,0,0.1,0.25,0,0.8,0,9,9,0,0,0,0,0,0,0,0,0,0,6,6,6,6,115,Square Off,0,0,0
2210800,Cane Sword,Golden,3,Straight Sword,SwordNormal,0.915,pierce,standard,0,0,0,0,96,0.1,0.25,0,0.9,0,9,9,0,0,0,0,0,0,0,0,0,0,6,6,6,6,115,Square Off,0,0,0
2210900,Cane Sword,Draconic,3,Straight Sword,SwordNormal,0.915,pierce,standard,0,0,0,110,0,0.1,0.25,0,0.9,0,9,9,0,0,0,0,0,0,0,0,0,0,6,6,6,6,115,Square Off,0,0,0
2211000,Cane Sword,Bestial,3,Straight Sword,SwordNormal,0.915,pierce,standard,110,0,0,0,0,0.1,0.25,0,0.9,0,9,9,0,0,0,0,0,0,0,0,0,0,6,6,6,6,115,Square Off,0,0,0
2211100,Cane Sword,Night,3,Straight Sword,SwordNormal,0.915,pierce,standard,0,110,0,0,0,0.05,0.2,0.7,0.7,0,9,9,0,0,0,0,0,0,0,0,0,0,6,6,6,6,115,Square Off,0,0,0
2211200,Cane Sword,Lava,3,Straight Sword,SwordNormal,0.915,pierce,standard,0,0,110,0,0,0.05,0.2,0.7,0.7,0,9,9,0,0,0,0,0,0,0,0,0,0,6,6,6,6,115,Square Off,0,0,0
2211300,Cane Sword,Frenzy,3,Straight Sword,SwordNormal,0.915,pierce,standard,0,0,110,0,0,0.05,0.2,0.6,0.6,0,9,9,0,0,0,0,0,0,0,0,0,0,6,6,6,6,115,Square Off,0,0,0
2211400,Cane Sword,Death,3,Straight Sword,SwordNormal,0.915,pierce,standard,0,0,0,0,96,0.05,0.2,0.6,0.6,0,9,9,0,0,0,0,0,0,0,0,0,0,6,6,6,6,115,Square Off,0,0,0
2211500,Cane Sword,Godslayer,3,Straight Sword,SwordNormal,0.915,pierce,standard,0,0,0,0,96,0.05,0.2,0.6,0.6,0,9,9,0,0,0,0,0,0,0,0,0,0,6,6,6,6,115,Square Off,0,0,0
2211600,Cane Sword,Frost,3,Straight Sword,SwordNormal,0.915,pierce,standard,0,110,0,0,0,0.05,0.2,0.6,0,0.6,9,9,0,0,0,0,0,0,0,0,0,0,6,6,6,6,115,Square Off,0,0,0
2211700,Cane Sword,Aberrant,3,Straight Sword,SwordNormal,0.915,pierce,standard,110,0,0,0,0,0.05,0.2,0.6,0,0.6,9,9,0,0,0,0,0,0,0,0,0,0,6,6,6,6,115,Square Off,0,0,0
2211800,Cane Sword,Bloodflame,3,Straight Sword,SwordNormal,0.915,pierce,standard,0,0,110,0,0,0.05,0.2,0,0.6,0.6,9,9,0,0,0,0,0,0,0,0,0,0,6,6,6,6,115,Square Off,0,0,0
2211900,Cane Sword,Rotten,3,Straight Sword,SwordNormal,0.915,pierce,standard,110,0,0,0,0,0.05,0.2,0,0.6,0.6,9,9,0,0,0,0,0,0,0,0,0,0,6,6,6,6,115,Square Off,0,0,0
2212000,Cane Sword,Storm,3,Straight Sword,SwordNormal,0.915,pierce,standard,110,0,0,0,0,0.05,0.2,0.7,0.7,0,9,9,0,0,0,0,0,0,0,0,0,0,6,6,6,6,115,Square Off,0,0,0
2212100,Cane Sword,Mystic,3,Straight Sword,SwordNormal,0.915,pierce,standard,0,110,0,0,0,0.05,0.2,0,0.6,0.6,9,9,0,0,0,0,0,0,0,0,0,0,6,6,6,6,115,Square Off,0,0,0
2220000,Regalia of Eochaid,Standard,3,Straight Sword,SwordNormal,1.05,pierce,standard,107,0,0,0,0,0.25,0.1,0.65,0,0.65,10,10,12,0,12,2200,0,0,0,0,0,0,6,6,6,6,1055,Eochaid's Dancing Blade,1,0,0
2230000,Noble's Slender Sword,Standard,3,Straight Sword,SwordNormal,1.045,pierce,standard,116,0,0,0,0,0.3,0.6,0,0,0,8,10,0,0,0,0,0,0,0,0,0,0,6,6,6,6,115,Square Off,0,0,0
2230100,Noble's Slender Sword,Heavy,3,Straight Sword,SwordNormal,1.045,pierce,standard,116,0,0,0,0,0.7,0.45,0,0,0,8,10,0,0,0,0,0,0,0,0,0,0,6,6,6,6,115,Square Off,0,0,0
2230200,Noble's Slender Sword,Keen,3,Straight Sword,SwordNormal,1.045,pierce,standard,116,0,0,0,0,0.2,1,0,0,0,8,10,0,0,0,0,0,0,0,0,0,0,6,6,6,6,115,Square Off,0,0,0
2230300,Noble's Slender Sword,Quality,3,Straight Sword,SwordNormal,1.045,pierce,standard,116,0,0,0,0,0.5,0.65,0,0,0,8,10,0,0,0,0,0,0,0,0,0,0,6,6,6,6,115,Square Off,0,0,0
2230400,Noble's Slender Sword,Glint,3,Straight Sword,SwordNormal,1.045,pierce,standard,0,116,0,0,0,0.1,0.25,0.9,0,0,8,10,0,0,0,0,0,0,0,0,0,0,6,6,6,6,115,Square Off,0,0,0
2230500,Noble's Slender Sword,Dragonkin,3,Straight Sword,SwordNormal,1.045,pierce,standard,0,0,0,116,0,0.1,0.25,0.8,0,0,8,10,0,0,0,0,0,0,0,0,0,0,6,6,6,6,115,Square Off,0,0,0
2230600,Noble's Slender Sword,Gravity,3,Straight Sword,SwordNormal,1.045,pierce,standard,116,0,0,0,0,0.1,0.25,0.9,0,0,8,10,0,0,0,0,0,0,0,0,0,0,6,6,6,6,115,Square Off,0,0,0
2230700,Noble's Slender Sword,Flame,3,Straight Sword,SwordNormal,1.045,pierce,standard,0,0,116,0,0,0.1,0.25,0,0.8,0,8,10,0,0,0,0,0,0,0,0,0,0,6,6,6,6,115,Square Off,0,0,0
2230800,Noble's Slender Sword,Golden,3,Straight Sword,SwordNormal,1.045,pierce,standard,0,0,0,0,101,0.1,0.25,0,0.9,0,8,10,0,0,0,0,0,0,0,0,0,0,6,6,6,6,115,Square Off,0,0,0
2230900,Noble's Slender Sword,Draconic,3,Straight Sword,SwordNormal,1.045,pierce,standard,0,0,0,116,0,0.1,0.25,0,0.9,0,8,10,0,0,0,0,0,0,0,0,0,0,6,6,6,6,115,Square Off,0,0,0
2231000,Noble's Slender Sword,Bestial,3,Straight Sword,SwordNormal,1.045,pierce,standard,116,0,0,0,0,0.1,0.25,0,0.9,0,8,10,0,0,0,0,0,0,0,0,0,0,6,6,6,6,115,Square Off,0,0,0
2231100,Noble's Slender Sword,Night,3,Straight Sword,SwordNormal,1.045,pierce,standard,0,116,0,0,0,0.05,0.2,0.7,0.7,0,8,10,0,0,0,0,0,0,0,0,0,0,6,6,6,6,115,Square Off,0,0,0
2231200,Noble's Slender Sword,Lava,3,Straight Sword,SwordNormal,1.045,pierce,standard,0,0,116,0,0,0.05,0.2,0.7,0.7,0,8,10,0,0,0,0,0,0,0,0,0,0,6,6,6,6,115,Square Off,0,0,0
2231300,Noble's Slender Sword,Frenzy,3,Straight Sword,SwordNormal,1.045,pierce,standard,0,0,116,0,0,0.05,0.2,0.6,0.6,0,8,10,0,0,0,0,0,0,0,0,0,0,6,6,6,6,115,Square Off,0,0,0
2231400,Noble's Slender Sword,Death,3,Straight Sword,SwordNormal,1.045,pierce,standard,0,0,0,0,101,0.05,0.2,0.6,0.6,0,8,10,0,0,0,0,0,0,0,0,0,0,6,6,6,6,115,Square Off,0,0,0
2231500,Noble's Slender Sword,Godslayer,3,Straight Sword,SwordNormal,1.045,pierce,standard,0,0,0,0,101,0.05,0.2,0.6,0.6,0,8,10,0,0,0,0,0,0,0,0,0,0,6,6,6,6,115,Square Off,0,0,0
2231600,Noble's Slender Sword,Frost,3,Straight Sword,SwordNormal,1.045,pierce,standard,0,116,0,0,0,0.05,0.2,0.6,0,0.6,8,10,0,0,0,0,0,0,0,0,0,0,6,6,6,6,115,Square Off,0,0,0
2231700,Noble's Slender Sword,Aberrant,3,Straight Sword,SwordNormal,1.045,pierce,standard,116,0,0,0,0,0.05,0.2,0.6,0,0.6,8,10,0,0,0,0,0,0,0,0,0,0,6,6,6,6,115,Square Off,0,0,0
2231800,Noble's Slender Sword,Bloodflame,3,Straight Sword,SwordNormal,1.045,pierce,standard,0,0,116,0,0,0.05,0.2,0,0.6,0.6,8,10,0,0,0,0,0,0,0,0,0,0,6,6,6,6,115,Square Off,0,0,0
2231900,Noble's Slender Sword,Rotten,3,Straight Sword,SwordNormal,1.045,pierce,standard,116,0,0,0,0,0.05,0.2,0,0.6,0.6,8,10,0,0,0,0,0,0,0,0,0,0,6,6,6,6,115,Square Off,0,0,0
2232000,Noble's Slender Sword,Storm,3,Straight Sword,SwordNormal,1.045,pierce,standard,116,0,0,0,0,0.05,0.2,0.7,0.7,0,8,10,0,0,0,0,0,0,0,0,0,0,6,6,6,6,115,Square Off,0,0,0
2232100,Noble's Slender Sword,Mystic,3,Straight Sword,SwordNormal,1.045,pierce,standard,0,116,0,0,0,0.05,0.2,0,0.6,0.6,8,10,0,0,0,0,0,0,0,0,0,0,6,6,6,6,115,Square Off,0,0,0
2240000,Warhawk's Talon,Standard,3,Straight Sword,SwordNormal,0.97,pierce,standard,116,0,0,0,0,0.5,0.8,0,0,0,9,16,0,0,0,0,0,0,0,0,0,0,6,6,6,6,103,Spinning Slash,0,0,0
2240100,Warhawk's Talon,Heavy,3,Straight Sword,SwordNormal,0.97,pierce,standard,116,0,0,0,0,0.9,0.65,0,0,0,9,16,0,0,0,0,0,0,0,0,0,0,6,6,6,6,103,Spinning Slash,0,0,0
2240200,Warhawk's Talon,Keen,3,Straight Sword,SwordNormal,0.97,pierce,standard,116,0,0,0,0,0.4,1.2,0,0,0,9,16,0,0,0,0,0,0,0,0,0,0,6,6,6,6,103,Spinning Slash,0,0,0
2240300,Warhawk's Talon,Quality,3,Straight Sword,SwordNormal,0.97,pierce,standard,116,0,0,0,0,0.7,0.8,0,0,0,9,16,0,0,0,0,0,0,0,0,0,0,6,6,6,6,103,Spinning Slash,0,0,0
2240400,Warhawk's Talon,Glint,3,Straight Sword,SwordNormal,0.97,pierce,standard,0,116,0,0,0,0.3,0.45,0.9,0,0,9,16,0,0,0,0,0,0,0,0,0,0,6,6,6,6,103,Spinning Slash,0,0,0
2240500,Warhawk's Talon,Dragonkin,3,Straight Sword,SwordNormal,0.97,pierce,standard,0,0,0,116,0,0.3,0.45,0.8,0,0,9,16,0,0,0,0,0,0,0,0,0,0,6,6,6,6,103,Spinning Slash,0,0,0
2240600,Warhawk's Talon,Gravity,3,Straight Sword,SwordNormal,0.97,pierce,standard,116,0,0,0,0,0.3,0.45,0.9,0,0,9,16,0,0,0,0,0,0,0,0,0,0,6,6,6,6,103,Spinning Slash,0,0,0
2240700,Warhawk's Talon,Flame,3,Straight Sword,SwordNormal,0.97,pierce,standard,0,0,116,0,0,0.3,0.45,0,0.8,0,9,16,0,0,0,0,0,0,0,0,0,0,6,6,6,6,103,Spinning Slash,0,0,0
2240800,Warhawk's Talon,Golden,3,Straight Sword,SwordNormal,0.97,pierce,standard,0,0,0,0,101,0.3,0.45,0,0.9,0,9,16,0,0,0,0,0,0,0,0,0,0,6,6,6,6,103,Spinning Slash,0,0,0
2240900,Warhawk's Talon,Draconic,3,Straight Sword,SwordNormal,0.97,pierce,standard,0,0,0,116,0,0.3,0.45,0,0.9,0,9,16,0,0,0,0,0,0,0,0,0,0,6,6,6,6,103,Spinning Slash,0,0,0
2241000,Warhawk's Talon,Bestial,3,Straight Sword,SwordNormal,0.97,pierce,standard,116,0,0,0,0,0.3,0.45,0,0.9,0,9,16,0,0,0,0,0,0,0,0,0,0,6,6,6,6,103,Spinning Slash,0,0,0
2241100,Warhawk's Talon,Night,3,Straight Sword,SwordNormal,0.97,pierce,standard,0,116,0,0,0,0.25,0.4,0.7,0.7,0,9,16,0,0,0,0,0,0,0,0,0,0,6,6,6,6,103,Spinning Slash,0,0,0
2241200,Warhawk's Talon,Lava,3,Straight Sword,SwordNormal,0.97,pierce,standard,0,0,116,0,0,0.25,0.4,0.7,0.7,0,9,16,0,0,0,0,0,0,0,0,0,0,6,6,6,6,103,Spinning Slash,0,0,0
2241300,Warhawk's Talon,Frenzy,3,Straight Sword,SwordNormal,0.97,pierce,standard,0,0,116,0,0,0.25,0.4,0.6,0.6,0,9,16,0,0,0,0,0,0,0,0,0,0,6,6,6,6,103,Spinning Slash,0,0,0
2241400,Warhawk's Talon,Death,3,Straight Sword,SwordNormal,0.97,pierce,standard,0,0,0,0,101,0.25,0.4,0.6,0.6,0,9,16,0,0,0,0,0,0,0,0,0,0,6,6,6,6,103,Spinning Slash,0,0,0
2241500,Warhawk's Talon,Godslayer,3,Straight Sword,SwordNormal,0.97,pierce,standard,0,0,0,0,101,0.25,0.4,0.6,0.6,0,9,16,0,0,0,0,0,0,0,0,0,0,6,6,6,6,103,Spinning Slash,0,0,0
2241600,Warhawk's Talon,Frost,3,Straight Sword,SwordNormal,0.97,pierce,standard,0,116,0,0,0,0.25,0.4,0.6,0,0.6,9,16,0,0,0,0,0,0,0,0,0,0,6,6,6,6,103,Spinning Slash,0,0,0
2241700,Warhawk's Talon,Aberrant,3,Straight Sword,SwordNormal,0.97,pierce,standard,116,0,0,0,0,0.25,0.4,0.6,0,0.6,9,16,0,0,0,0,0,0,0,0,0,0,6,6,6,6,103,Spinning Slash,0,0,0
2241800,Warhawk's Talon,Bloodflame,3,Straight Sword,SwordNormal,0.97,pierce,standard,0,0,116,0,0,0.7,0.4,0,0.6,0.6,9,16,0,0,0,0,0,0,0,0,0,0,6,6,6,6,103,Spinning Slash,0,0,0
2241900,Warhawk's Talon,Rotten,3,Straight Sword,SwordNormal,0.97,pierce,standard,116,0,0,0,0,0.25,0.4,0,0.6,0.6,9,16,0,0,0,0,0,0,0,0,0,0,6,6,6,6,103,Spinning Slash,0,0,0
2242000,Warhawk's Talon,Storm,3,Straight Sword,SwordNormal,0.97,pierce,standard,116,0,0,0,0,0.25,0.4,0.7,0.7,0,9,16,0,0,0,0,0,0,0,0,0,0,6,6,6,6,103,Spinning Slash,0,0,0
2242100,Warhawk's Talon,Mystic,3,Straight Sword,SwordNormal,0.97,pierce,standard,0,116,0,0,0,0.25,0.4,0,0.6,0.6,9,16,0,0,0,0,0,0,0,0,0,0,6,6,6,6,103,Spinning Slash,0,0,0
2250000,Dragonkin Seeker Sword,Standard,3,Straight Sword,SwordNormal,0.96,pierce,standard,0,0,0,108,0,0.1,0.3,1,0,0,8,9,13,0,0,2200,0,0,0,0,0,0,6,6,6,6,1043,Ice Lightning Sword,1,0,0
2260000,Rotten Crystal Sword,Standard,3,Straight Sword,SwordNormal,1.06,pierce,standard,106,0,0,0,0,0.18,0.17,0,0.6,0.6,10,10,0,13,13,2200,0,0,0,0,0,0,6,6,6,6,103,Spinning Slash,1,0,0
2270000,Maddening Brand [Frenzy],Standard,3,Straight Sword,SwordNormal,1.03,pierce,standard,0,0,116,0,0,0.2,0.2,0.7,0.7,0,8,8,13,13,0,2200,0,0,0,0,0,0,6,6,6,6,512,,1,0,0
2510000,Velvet Sword of St. Trina,Standard,15,Thrusting Sword,SwordPierce,0.955,pierce,standard,0,104,0,0,0,0.2,0.55,0,0.75,0.75,10,12,0,14,14,2200,0,0,0,0,0,0,6,6,6,6,5111,,1,0,0
2520000,Star-Lined Sword,Standard,13,Katana,katana,0.985,slash,pierce,0,127,0,0,0,0.4,0.95,1.15,0,0,8,10,20,0,0,2200,0,0,0,0,0,0,6,6,6,6,5040,Onze's Line of Stars,1,0,0
2530000,Carian Sorcery Sword,Standard,15,Thrusting Sword,SwordPierce,0.985,pierce,standard,0,105,0,0,0,0,0.1,0.9,0,0,0,0,25,0,0,1500,0,21,20,22,26,22,6,6,6,6,218,Carian Grandeur,1,0,0
2540000,Stone-Sheathed Sword,Standard,3,Straight Sword,SwordNormal,1.075,strike,strike,105,0,0,0,0,1.25,0.35,0,0,0,16,8,0,0,0,2200,0,0,0,0,0,0,6,6,6,6,115,Square Off,1,0,0
2550000,Sword of Light,Standard,3,Straight Sword,SwordNormal,1.03,pierce,standard,0,0,0,0,119,0.25,0.25,0,1,0,12,12,0,24,0,2200,0,0,0,0,0,0,6,6,6,6,5020,Light,1,0,0
2560000,Sword of Darkness,Standard,3,Straight Sword,SwordNormal,1.03,pierce,standard,0,119,0,0,0,0.25,0.25,0.75,0.75,0,12,12,18,18,0,2200,0,0,0,0,0,0,6,6,6,6,5030,Darkness,1,0,0
3000000,Bastard Sword,Standard,5,Greatsword,SwordLarge,1,pierce,standard,159,0,0,0,0,0.6,0.3,0,0,0,16,10,0,0,0,0,0,0,0,0,0,0,6,6,6,6,106,Stamp,0,0,0
3000100,Bastard Sword,Heavy,5,Greatsword,SwordLarge,1,pierce,standard,159,0,0,0,0,1,0.15,0,0,0,16,10,0,0,0,0,0,0,0,0,0,0,6,6,6,6,106,Stamp,0,0,0
3000200,Bastard Sword,Keen,5,Greatsword,SwordLarge,1,pierce,standard,159,0,0,0,0,0.45,0.6,0,0,0,16,10,0,0,0,0,0,0,0,0,0,0,6,6,6,6,106,Stamp,0,0,0
3000300,Bastard Sword,Quality,5,Greatsword,SwordLarge,1,pierce,standard,159,0,0,0,0,0.75,0.5,0,0,0,16,10,0,0,0,0,0,0,0,0,0,0,6,6,6,6,106,Stamp,0,0,0
3000400,Bastard Sword,Glint,5,Greatsword,SwordLarge,1,pierce,standard,0,159,0,0,0,0.25,0.1,0.9,0,0,16,10,0,0,0,0,0,0,0,0,0,0,6,6,6,6,106,Stamp,0,0,0
3000500,Bastard Sword,Dragonkin,5,Greatsword,SwordLarge,1,pierce,standard,0,0,0,159,0,0.25,0.1,0.8,0,0,16,10,0,0,0,0,0,0,0,0,0,0,6,6,6,6,106,Stamp,0,0,0
3000600,Bastard Sword,Gravity,5,Greatsword,SwordLarge,1,pierce,standard,159,0,0,0,0,0.25,0.1,0.9,0,0,16,10,0,0,0,0,0,0,0,0,0,0,6,6,6,6,106,Stamp,0,0,0
3000700,Bastard Sword,Flame,5,Greatsword,SwordLarge,1,pierce,standard,0,0,159,0,0,0.25,0.1,0,0.8,0,16,10,0,0,0,0,0,0,0,0,0,0,6,6,6,6,106,Stamp,0,0,0
3000800,Bastard Sword,Golden,5,Greatsword,SwordLarge,1,pierce,standard,0,0,0,0,138,0.25,0.1,0,0.9,0,16,10,0,0,0,0,0,0,0,0,0,0,6,6,6,6,106,Stamp,0,0,0
3000900,Bastard Sword,Draconic,5,Greatsword,SwordLarge,1,pierce,standard,0,0,0,159,0,0.25,0.1,0,0.9,0,16,10,0,0,0,0,0,0,0,0,0,0,6,6,6,6,106,Stamp,0,0,0
3001000,Bastard Sword,Bestial,5,Greatsword,SwordLarge,1,pierce,standard,159,0,0,0,0,0.25,0.1,0,0.9,0,16,10,0,0,0,0,0,0,0,0,0,0,6,6,6,6,106,Stamp,0,0,0
3001100,Bastard Sword,Night,5,Greatsword,SwordLarge,1,pierce,standard,0,159,0,0,0,0.15,0.1,0.7,0.7,0,16,10,0,0,0,0,0,0,0,0,0,0,6,6,6,6,106,Stamp,0,0,0
3001200,Bastard Sword,Lava,5,Greatsword,SwordLarge,1,pierce,standard,0,0,159,0,0,0.15,0.1,0.7,0.7,0,16,10,0,0,0,0,0,0,0,0,0,0,6,6,6,6,106,Stamp,0,0,0
3001300,Bastard Sword,Frenzy,5,Greatsword,SwordLarge,1,pierce,standard,0,0,159,0,0,0.15,0.1,0.6,0.6,0,16,10,0,0,0,0,0,0,0,0,0,0,6,6,6,6,106,Stamp,0,0,0
3001400,Bastard Sword,Death,5,Greatsword,SwordLarge,1,pierce,standard,0,0,0,0,138,0.15,0.1,0.6,0.6,0,16,10,0,0,0,0,0,0,0,0,0,0,6,6,6,6,106,Stamp,0,0,0
3001500,Bastard Sword,Godslayer,5,Greatsword,SwordLarge,1,pierce,standard,0,0,0,0,138,0.15,0.1,0.6,0.6,0,16,10,0,0,0,0,0,0,0,0,0,0,6,6,6,6,106,Stamp,0,0,0
3001600,Bastard Sword,Frost,5,Greatsword,SwordLarge,1,pierce,standard,0,159,0,0,0,0.15,0.1,0.6,0,0.6,16,10,0,0,0,0,0,0,0,0,0,0,6,6,6,6,106,Stamp,0,0,0
3001700,Bastard Sword,Aberrant,5,Greatsword,SwordLarge,1,pierce,standard,159,0,0,0,0,0.15,0.1,0.6,0,0.6,16,10,0,0,0,0,0,0,0,0,0,0,6,6,6,6,106,Stamp,0,0,0
3001800,Bastard Sword,Bloodflame,5,Greatsword,SwordLarge,1,pierce,standard,0,0,159,0,0,0.15,0.1,0,0.6,0.6,16,10,0,0,0,0,0,0,0,0,0,0,6,6,6,6,106,Stamp,0,0,0
3001900,Bastard Sword,Rotten,5,Greatsword,SwordLarge,1,pierce,standard,159,0,0,0,0,0.15,0.1,0,0.6,0.6,16,10,0,0,0,0,0,0,0,0,0,0,6,6,6,6,106,Stamp,0,0,0
3002000,Bastard Sword,Storm,5,Greatsword,SwordLarge,1,pierce,standard,159,0,0,0,0,0.15,0.1,0.7,0.7,0,16,10,0,0,0,0,0,0,0,0,0,0,6,6,6,6,106,Stamp,0,0,0
3002100,Bastard Sword,Mystic,5,Greatsword,SwordLarge,1,pierce,standard,0,159,0,0,0,0.15,0.1,0,0.6,0.6,16,10,0,0,0,0,0,0,0,0,0,0,6,6,6,6,106,Stamp,0,0,0
3010000,Forked Greatsword,Standard,5,Greatsword,SwordLarge,1.01,pierce,standard,143,0,0,0,0,0.6,0.3,0,0,0,14,16,0,0,0,0,0,0,0,0,0,0,6,6,6,6,106,Stamp,0,0,0
3010100,Forked Greatsword,Heavy,5,Greatsword,SwordLarge,1.01,pierce,standard,143,0,0,0,0,1,0.15,0,0,0,14,16,0,0,0,0,0,0,0,0,0,0,6,6,6,6,106,Stamp,0,0,0
3010200,Forked Greatsword,Keen,5,Greatsword,SwordLarge,1.01,pierce,standard,143,0,0,0,0,0.45,0.6,0,0,0,14,16,0,0,0,0,0,0,0,0,0,0,6,6,6,6,106,Stamp,0,0,0
3010300,Forked Greatsword,Quality,5,Greatsword,SwordLarge,1.01,pierce,standard,143,0,0,0,0,0.75,0.5,0,0,0,14,16,0,0,0,0,0,0,0,0,0,0,6,6,6,6,106,Stamp,0,0,0
3010400,Forked Greatsword,Glint,5,Greatsword,SwordLarge,1.01,pierce,standard,0,143,0,0,0,0.25,0.1,0.9,0,0,14,16,0,0,0,0,0,0,0,0,0,0,6,6,6,6,106,Stamp,0,0,0
3010500,Forked Greatsword,Dragonkin,5,Greatsword,SwordLarge,1.01,pierce,standard,0,0,0,143,0,0.25,0.1,0.8,0,0,14,16,0,0,0,0,0,0,0,0,0,0,6,6,6,6,106,Stamp,0,0,0
3010600,Forked Greatsword,Gravity,5,Greatsword,SwordLarge,1.01,pierce,standard,143,0,0,0,0,0.25,0.1,0.9,0,0,14,16,0,0,0,0,0,0,0,0,0,0,6,6,6,6,106,Stamp,0,0,0
3010700,Forked Greatsword,Flame,5,Greatsword,SwordLarge,1.01,pierce,standard,0,0,143,0,0,0.25,0.1,0,0.8,0,14,16,0,0,0,0,0,0,0,0,0,0,6,6,6,6,106,Stamp,0,0,0
3010800,Forked Greatsword,Golden,5,Greatsword,SwordLarge,1.01,pierce,standard,0,0,0,0,124,0.25,0.1,0,0.9,0,14,16,0,0,0,0,0,0,0,0,0,0,6,6,6,6,106,Stamp,0,0,0
3010900,Forked Greatsword,Draconic,5,Greatsword,SwordLarge,1.01,pierce,standard,0,0,0,143,0,0.25,0.1,0,0.9,0,14,16,0,0,0,0,0,0,0,0,0,0,6,6,6,6,106,Stamp,0,0,0
3011000,Forked Greatsword,Bestial,5,Greatsword,SwordLarge,1.01,pierce,standard,143,0,0,0,0,0.25,0.1,0,0.9,0,14,16,0,0,0,0,0,0,0,0,0,0,6,6,6,6,106,Stamp,0,0,0
3011100,Forked Greatsword,Night,5,Greatsword,SwordLarge,1.01,pierce,standard,0,143,0,0,0,0.15,0.1,0.7,0.7,0,14,16,0,0,0,0,0,0,0,0,0,0,6,6,6,6,106,Stamp,0,0,0
3011200,Forked Greatsword,Lava,5,Greatsword,SwordLarge,1.01,pierce,standard,0,0,143,0,0,0.15,0.1,0.7,0.7,0,14,16,0,0,0,0,0,0,0,0,0,0,6,6,6,6,106,Stamp,0,0,0
3011300,Forked Greatsword,Frenzy,5,Greatsword,SwordLarge,1.01,pierce,standard,0,0,143,0,0,0.15,0.1,0.6,0.6,0,14,16,0,0,0,0,0,0,0,0,0,0,6,6,6,6,106,Stamp,0,0,0
3011400,Forked Greatsword,Death,5,Greatsword,SwordLarge,1.01,pierce,standard,0,0,0,0,124,0.15,0.1,0.6,0.6,0,14,16,0,0,0,0,0,0,0,0,0,0,6,6,6,6,106,Stamp,0,0,0
3011500,Forked Greatsword,Godslayer,5,Greatsword,SwordLarge,1.01,pierce,standard,0,0,0,0,124,0.15,0.1,0.6,0.6,0,14,16,0,0,0,0,0,0,0,0,0,0,6,6,6,6,106,Stamp,0,0,0
3011600,Forked Greatsword,Frost,5,Greatsword,SwordLarge,1.01,pierce,standard,0,143,0,0,0,0.15,0.1,0.6,0,0.6,14,16,0,0,0,0,0,0,0,0,0,0,6,6,6,6,106,Stamp,0,0,0
3011700,Forked Greatsword,Aberrant,5,Greatsword,SwordLarge,1.01,pierce,standard,143,0,0,0,0,0.15,0.1,0.6,0,0.6,14,16,0,0,0,0,0,0,0,0,0,0,6,6,6,6,106,Stamp,0,0,0
3011800,Forked Greatsword,Bloodflame,5,Greatsword,SwordLarge,1.01,pierce,standard,0,0,143,0,0,0.15,0.1,0,0.6,0.6,14,16,0,0,0,0,0,0,0,0,0,0,6,6,6,6,106,Stamp,0,0,0
3011900,Forked Greatsword,Rotten,5,Greatsword,SwordLarge,1.01,pierce,standard,143,0,0,0,0,0.15,0.1,0,0.6,0.6,14,16,0,0,0,0,0,0,0,0,0,0,6,6,6,6,106,Stamp,0,0,0
3012000,Forked Greatsword,Storm,5,Greatsword,SwordLarge,1.01,pierce,standard,143,0,0,0,0,0.15,0.1,0.7,0.7,0,14,16,0,0,0,0,0,0,0,0,0,0,6,6,6,6,106,Stamp,0,0,0
3012100,Forked Greatsword,Mystic,5,Greatsword,SwordLarge,1.01,pierce,standard,0,143,0,0,0,0.15,0.1,0,0.6,0.6,14,16,0,0,0,0,0,0,0,0,0,0,6,6,6,6,106,Stamp,0,0,0
3020000,Iron Greatsword,Standard,5,Greatsword,SwordLarge,1.075,pierce,standard,171,0,0,0,0,0.6,0.3,0,0,0,18,10,0,0,0,0,0,0,0,0,0,0,6,6,6,6,106,Stamp,0,0,0
3020100,Iron Greatsword,Heavy,5,Greatsword,SwordLarge,1.075,pierce,standard,171,0,0,0,0,1,0.15,0,0,0,18,10,0,0,0,0,0,0,0,0,0,0,6,6,6,6,106,Stamp,0,0,0
3020200,Iron Greatsword,Keen,5,Greatsword,SwordLarge,1.075,pierce,standard,171,0,0,0,0,0.45,0.6,0,0,0,18,10,0,0,0,0,0,0,0,0,0,0,6,6,6,6,106,Stamp,0,0,0
3020300,Iron Greatsword,Quality,5,Greatsword,SwordLarge,1.075,pierce,standard,171,0,0,0,0,0.75,0.5,0,0,0,18,10,0,0,0,0,0,0,0,0,0,0,6,6,6,6,106,Stamp,0,0,0
3020400,Iron Greatsword,Glint,5,Greatsword,SwordLarge,1.075,pierce,standard,0,171,0,0,0,0.25,0.1,0.9,0,0,18,10,0,0,0,0,0,0,0,0,0,0,6,6,6,6,106,Stamp,0,0,0
3020500,Iron Greatsword,Dragonkin,5,Greatsword,SwordLarge,1.075,pierce,standard,0,0,0,171,0,0.25,0.1,0.8,0,0,18,10,0,0,0,0,0,0,0,0,0,0,6,6,6,6,106,Stamp,0,0,0
3020600,Iron Greatsword,Gravity,5,Greatsword,SwordLarge,1.075,pierce,standard,171,0,0,0,0,0.25,0.1,0.9,0,0,18,10,0,0,0,0,0,0,0,0,0,0,6,6,6,6,106,Stamp,0,0,0
3020700,Iron Greatsword,Flame,5,Greatsword,SwordLarge,1.075,pierce,standard,0,0,171,0,0,0.25,0.1,0,0.8,0,18,10,0,0,0,0,0,0,0,0,0,0,6,6,6,6,106,Stamp,0,0,0
3020800,Iron Greatsword,Golden,5,Greatsword,SwordLarge,1.075,pierce,standard,0,0,0,0,149,0.25,0.1,0,0.9,0,18,10,0,0,0,0,0,0,0,0,0,0,6,6,6,6,106,Stamp,0,0,0
3020900,Iron Greatsword,Draconic,5,Greatsword,SwordLarge,1.075,pierce,standard,0,0,0,171,0,0.25,0.1,0,0.9,0,18,10,0,0,0,0,0,0,0,0,0,0,6,6,6,6,106,Stamp,0,0,0
3021000,Iron Greatsword,Bestial,5,Greatsword,SwordLarge,1.075,pierce,standard,171,0,0,0,0,0.25,0.1,0,0.9,0,18,10,0,0,0,0,0,0,0,0,0,0,6,6,6,6,106,Stamp,0,0,0
3021100,Iron Greatsword,Night,5,Greatsword,SwordLarge,1.075,pierce,standard,0,171,0,0,0,0.15,0.1,0.7,0.7,0,18,10,0,0,0,0,0,0,0,0,0,0,6,6,6,6,106,Stamp,0,0,0
3021200,Iron Greatsword,Lava,5,Greatsword,SwordLarge,1.075,pierce,standard,0,0,171,0,0,0.15,0.1,0.7,0.7,0,18,10,0,0,0,0,0,0,0,0,0,0,6,6,6,6,106,Stamp,0,0,0
3021300,Iron Greatsword,Frenzy,5,Greatsword,SwordLarge,1.075,pierce,standard,0,0,171,0,0,0.15,0.1,0.6,0.6,0,18,10,0,0,0,0,0,0,0,0,0,0,6,6,6,6,106,Stamp,0,0,0
3021400,Iron Greatsword,Death,5,Greatsword,SwordLarge,1.075,pierce,standard,0,0,0,0,149,0.15,0.1,0.6,0.6,0,18,10,0,0,0,0,0,0,0,0,0,0,6,6,6,6,106,Stamp,0,0,0
3021500,Iron Greatsword,Godslayer,5,Greatsword,SwordLarge,1.075,pierce,standard,0,0,0,0,149,0.15,0.1,0.6,0.6,0,18,10,0,0,0,0,0,0,0,0,0,0,6,6,6,6,106,Stamp,0,0,0
3021600,Iron Greatsword,Frost,5,Greatsword,SwordLarge,1.075,pierce,standard,0,171,0,0,0,0.15,0.1,0.6,0,0.6,18,10,0,0,0,0,0,0,0,0,0,0,6,6,6,6,106,Stamp,0,0,0
3021700,Iron Greatsword,Aberrant,5,Greatsword,SwordLarge,1.075,pierce,standard,171,0,0,0,0,0.15,0.1,0.6,0,0.6,18,10,0,0,0,0,0,0,0,0,0,0,6,6,6,6,106,Stamp,0,0,0
3021800,Iron Greatsword,Bloodflame,5,Greatsword,SwordLarge,1.075,pierce,standard,0,0,171,0,0,0.15,0.1,0,0.6,0.6,18,10,0,0,0,0,0,0,0,0,0,0,6,6,6,6,106,Stamp,0,0,0
3021900,Iron Greatsword,Rotten,5,Greatsword,SwordLarge,1.075,pierce,standard,171,0,0,0,0,0.15,0.1,0,0.6,0.6,18,10,0,0,0,0,0,0,0,0,0,0,6,6,6,6,106,Stamp,0,0,0
3022000,Iron Greatsword,Storm,5,Greatsword,SwordLarge,1.075,pierce,standard,171,0,0,0,0,0.15,0.1,0.7,0.7,0,18,10,0,0,0,0,0,0,0,0,0,0,6,6,6,6,106,Stamp,0,0,0
3022100,Iron Greatsword,Mystic,5,Greatsword,SwordLarge,1.075,pierce,standard,0,171,0,0,0,0.15,0.1,0,0.6,0.6,18,10,0,0,0,0,0,0,0,0,0,0,6,6,6,6,106,Stamp,0,0,0
3030000,Lordsworn's Greatsword,Standard,5,Greatsword,SwordLarge,1,pierce,standard,160,0,0,0,0,0.6,0.3,0,0,0,15,10,0,0,0,0,0,0,0,0,0,0,6,6,6,6,106,Stamp,0,0,0
3030100,Lordsworn's Greatsword,Heavy,5,Greatsword,SwordLarge,1,pierce,standard,160,0,0,0,0,1,0.15,0,0,0,15,10,0,0,0,0,0,0,0,0,0,0,6,6,6,6,106,Stamp,0,0,0
3030200,Lordsworn's Greatsword,Keen,5,Greatsword,SwordLarge,1,pierce,standard,160,0,0,0,0,0.45,0.6,0,0,0,15,10,0,0,0,0,0,0,0,0,0,0,6,6,6,6,106,Stamp,0,0,0
3030300,Lordsworn's Greatsword,Quality,5,Greatsword,SwordLarge,1,pierce,standard,160,0,0,0,0,0.85,0.6,0,0,0,15,10,0,0,0,0,0,0,0,0,0,0,6,6,6,6,106,Stamp,0,0,0
3030400,Lordsworn's Greatsword,Glint,5,Greatsword,SwordLarge,1,pierce,standard,0,160,0,0,0,0.25,0.1,0.9,0,0,15,10,0,0,0,0,0,0,0,0,0,0,6,6,6,6,106,Stamp,0,0,0
3030500,Lordsworn's Greatsword,Dragonkin,5,Greatsword,SwordLarge,1,pierce,standard,0,0,0,160,0,0.25,0.1,0.8,0,0,15,10,0,0,0,0,0,0,0,0,0,0,6,6,6,6,106,Stamp,0,0,0
3030600,Lordsworn's Greatsword,Gravity,5,Greatsword,SwordLarge,1,pierce,standard,160,0,0,0,0,0.25,0.1,0.9,0,0,15,10,0,0,0,0,0,0,0,0,0,0,6,6,6,6,106,Stamp,0,0,0
3030700,Lordsworn's Greatsword,Flame,5,Greatsword,SwordLarge,1,pierce,standard,0,0,160,0,0,0.25,0.1,0,0.8,0,15,10,0,0,0,0,0,0,0,0,0,0,6,6,6,6,106,Stamp,0,0,0
3030800,Lordsworn's Greatsword,Golden,5,Greatsword,SwordLarge,1,pierce,standard,0,0,0,0,139,0.25,0.1,0,0.9,0,15,10,0,0,0,0,0,0,0,0,0,0,6,6,6,6,106,Stamp,0,0,0
3030900,Lordsworn's Greatsword,Draconic,5,Greatsword,SwordLarge,1,pierce,standard,0,0,0,160,0,0.25,0.1,0,0.9,0,15,10,0,0,0,0,0,0,0,0,0,0,6,6,6,6,106,Stamp,0,0,0
3031000,Lordsworn's Greatsword,Bestial,5,Greatsword,SwordLarge,1,pierce,standard,160,0,0,0,0,0.25,0.1,0,0.9,0,15,10,0,0,0,0,0,0,0,0,0,0,6,6,6,6,106,Stamp,0,0,0
3031100,Lordsworn's Greatsword,Night,5,Greatsword,SwordLarge,1,pierce,standard,0,160,0,0,0,0.15,0.1,0.7,0.7,0,15,10,0,0,0,0,0,0,0,0,0,0,6,6,6,6,106,Stamp,0,0,0
3031200,Lordsworn's Greatsword,Lava,5,Greatsword,SwordLarge,1,pierce,standard,0,0,160,0,0,0.15,0.1,0.7,0.7,0,15,10,0,0,0,0,0,0,0,0,0,0,6,6,6,6,106,Stamp,0,0,0
3031300,Lordsworn's Greatsword,Frenzy,5,Greatsword,SwordLarge,1,pierce,standard,0,0,160,0,0,0.15,0.1,0.6,0.6,0,15,10,0,0,0,0,0,0,0,0,0,0,6,6,6,6,106,Stamp,0,0,0
3031400,Lordsworn's Greatsword,Death,5,Greatsword,SwordLarge,1,pierce,standard,0,0,0,0,139,0.15,0.1,0.6,0.6,0,15,10,0,0,0,0,0,0,0,0,0,0,6,6,6,6,106,Stamp,0,0,0
3031500,Lordsworn's Greatsword,Godslayer,5,Greatsword,SwordLarge,1,pierce,standard,0,0,0,0,139,0.15,0.1,0.6,0.6,0,15,10,0,0,0,0,0,0,0,0,0,0,6,6,6,6,106,Stamp,0,0,0
3031600,Lordsworn's Greatsword,Frost,5,Greatsword,SwordLarge,1,pierce,standard,0,160,0,0,0,0.15,0.1,0.6,0,0.6,15,10,0,0,0,0,0,0,0,0,0,0,6,6,6,6,106,Stamp,0,0,0
3031700,Lordsworn's Greatsword,Aberrant,5,Greatsword,SwordLarge,1,pierce,standard,160,0,0,0,0,0.15,0.1,0.6,0,0.6,15,10,0,0,0,0,0,0,0,0,0,0,6,6,6,6,106,Stamp,0,0,0
3031800,Lordsworn's Greatsword,Bloodflame,5,Greatsword,SwordLarge,1,pierce,standard,0,0,160,0,0,0.15,0.1,0,0.6,0.6,15,10,0,0,0,0,0,0,0,0,0,0,6,6,6,6,106,Stamp,0,0,0
3031900,Lordsworn's Greatsword,Rotten,5,Greatsword,SwordLarge,1,pierce,standard,160,0,0,0,0,0.15,0.1,0,0.6,0.6,15,10,0,0,0,0,0,0,0,0,0,0,6,6,6,6,106,Stamp,0,0,0
3032000,Lordsworn's Greatsword,Storm,5,Greatsword,SwordLarge,1,pierce,standard,160,0,0,0,0,0.15,0.1,0.7,0.7,0,15,10,0,0,0,0,0,0,0,0,0,0,6,6,6,6,106,Stamp,0,0,0
3032100,Lordsworn's Greatsword,Mystic,5,Greatsword,SwordLarge,1,pierce,standard,0,160,0,0,0,0.15,0.1,0,0.6,0.6,15,10,0,0,0,0,0,0,0,0,0,0,6,6,6,6,106,Stamp,0,0,0
3040000,Knight's Greatsword,Standard,5,Greatsword,SwordLarge,1.07,pierce,standard,162,0,0,0,0,0.6,0.4,0,0,0,16,12,0,0,0,0,0,0,0,0,0,0,6,6,6,6,106,Stamp,0,0,0
3040100,Knight's Greatsword,Heavy,5,Greatsword,SwordLarge,1.07,pierce,standard,162,0,0,0,0,1,0.25,0,0,0,16,12,0,0,0,0,0,0,0,0,0,0,6,6,6,6,106,Stamp,0,0,0
3040200,Knight's Greatsword,Keen,5,Greatsword,SwordLarge,1.07,pierce,standard,162,0,0,0,0,0.5,0.65,0,0,0,16,12,0,0,0,0,0,0,0,0,0,0,6,6,6,6,106,Stamp,0,0,0
3040300,Knight's Greatsword,Quality,5,Greatsword,SwordLarge,1.07,pierce,standard,162,0,0,0,0,0.9,0.65,0,0,0,16,12,0,0,0,0,0,0,0,0,0,0,6,6,6,6,106,Stamp,0,0,0
3040400,Knight's Greatsword,Glint,5,Greatsword,SwordLarge,1.07,pierce,standard,0,162,0,0,0,0.3,0.15,0.9,0,0,16,12,0,0,0,0,0,0,0,0,0,0,6,6,6,6,106,Stamp,0,0,0
3040500,Knight's Greatsword,Dragonkin,5,Greatsword,SwordLarge,1.07,pierce,standard,0,0,0,162,0,0.3,0.15,0.8,0,0,16,12,0,0,0,0,0,0,0,0,0,0,6,6,6,6,106,Stamp,0,0,0
3040600,Knight's Greatsword,Gravity,5,Greatsword,SwordLarge,1.07,pierce,standard,162,0,0,0,0,0.3,0.15,0.9,0,0,16,12,0,0,0,0,0,0,0,0,0,0,6,6,6,6,106,Stamp,0,0,0
3040700,Knight's Greatsword,Flame,5,Greatsword,SwordLarge,1.07,pierce,standard,0,0,162,0,0,0.3,0.15,0,0.8,0,16,12,0,0,0,0,0,0,0,0,0,0,6,6,6,6,106,Stamp,0,0,0
3040800,Knight's Greatsword,Golden,5,Greatsword,SwordLarge,1.07,pierce,standard,0,0,0,0,141,0.3,0.15,0,0.9,0,16,12,0,0,0,0,0,0,0,0,0,0,6,6,6,6,106,Stamp,0,0,0
3040900,Knight's Greatsword,Draconic,5,Greatsword,SwordLarge,1.07,pierce,standard,0,0,0,162,0,0.3,0.15,0,0.9,0,16,12,0,0,0,0,0,0,0,0,0,0,6,6,6,6,106,Stamp,0,0,0
3041000,Knight's Greatsword,Bestial,5,Greatsword,SwordLarge,1.07,pierce,standard,162,0,0,0,0,0.3,0.15,0,0.9,0,16,12,0,0,0,0,0,0,0,0,0,0,6,6,6,6,106,Stamp,0,0,0
3041100,Knight's Greatsword,Night,5,Greatsword,SwordLarge,1.07,pierce,standard,0,162,0,0,0,0.22,0.13,0.7,0.7,0,16,12,0,0,0,0,0,0,0,0,0,0,6,6,6,6,106,Stamp,0,0,0
3041200,Knight's Greatsword,Lava,5,Greatsword,SwordLarge,1.07,pierce,standard,0,0,162,0,0,0.22,0.13,0.7,0.7,0,16,12,0,0,0,0,0,0,0,0,0,0,6,6,6,6,106,Stamp,0,0,0
3041300,Knight's Greatsword,Frenzy,5,Greatsword,SwordLarge,1.07,pierce,standard,0,0,162,0,0,0.22,0.13,0.6,0.6,0,16,12,0,0,0,0,0,0,0,0,0,0,6,6,6,6,106,Stamp,0,0,0
3041400,Knight's Greatsword,Death,5,Greatsword,SwordLarge,1.07,pierce,standard,0,0,0,0,141,0.22,0.13,0.6,0.6,0,16,12,0,0,0,0,0,0,0,0,0,0,6,6,6,6,106,Stamp,0,0,0
3041500,Knight's Greatsword,Godslayer,5,Greatsword,SwordLarge,1.07,pierce,standard,0,0,0,0,141,0.22,0.13,0.6,0.6,0,16,12,0,0,0,0,0,0,0,0,0,0,6,6,6,6,106,Stamp,0,0,0
3041600,Knight's Greatsword,Frost,5,Greatsword,SwordLarge,1.07,pierce,standard,0,162,0,0,0,0.22,0.13,0.6,0,0.6,16,12,0,0,0,0,0,0,0,0,0,0,6,6,6,6,106,Stamp,0,0,0
3041700,Knight's Greatsword,Aberrant,5,Greatsword,SwordLarge,1.07,pierce,standard,162,0,0,0,0,0.22,0.13,0.6,0,0.6,16,12,0,0,0,0,0,0,0,0,0,0,6,6,6,6,106,Stamp,0,0,0
3041800,Knight's Greatsword,Bloodflame,5,Greatsword,SwordLarge,1.07,pierce,standard,0,0,162,0,0,0.22,0.13,0,0.6,0.6,16,12,0,0,0,0,0,0,0,0,0,0,6,6,6,6,106,Stamp,0,0,0
3041900,Knight's Greatsword,Rotten,5,Greatsword,SwordLarge,1.07,pierce,standard,162,0,0,0,0,0.22,0.13,0,0.6,0.6,16,12,0,0,0,0,0,0,0,0,0,0,6,6,6,6,106,Stamp,0,0,0
3042000,Knight's Greatsword,Storm,5,Greatsword,SwordLarge,1.07,pierce,standard,162,0,0,0,0,0.22,0.13,0.7,0.7,0,16,12,0,0,0,0,0,0,0,0,0,0,6,6,6,6,106,Stamp,0,0,0
3042100,Knight's Greatsword,Mystic,5,Greatsword,SwordLarge,1.07,pierce,standard,0,162,0,0,0,0.22,0.13,0,0.6,0.6,16,12,0,0,0,0,0,0,0,0,0,0,6,6,6,6,106,Stamp,0,0,0
3050000,Flamberge,Standard,5,Greatsword,SwordLarge,1.04,pierce,standard,148,0,0,0,0,0.6,0.3,0,0,0,15,14,0,0,0,0,0,0,0,0,0,0,6,6,6,6,106,Stamp,0,0,0
3050100,Flamberge,Heavy,5,Greatsword,SwordLarge,1.04,pierce,standard,148,0,0,0,0,1,0.15,0,0,0,15,14,0,0,0,0,0,0,0,0,0,0,6,6,6,6,106,Stamp,0,0,0
3050200,Flamberge,Keen,5,Greatsword,SwordLarge,1.04,pierce,standard,148,0,0,0,0,0.45,0.6,0,0,0,15,14,0,0,0,0,0,0,0,0,0,0,6,6,6,6,106,Stamp,0,0,0
3050300,Flamberge,Quality,5,Greatsword,SwordLarge,1.04,pierce,standard,148,0,0,0,0,0.75,0.5,0,0,0,15,14,0,0,0,0,0,0,0,0,0,0,6,6,6,6,106,Stamp,0,0,0
3050400,Flamberge,Glint,5,Greatsword,SwordLarge,1.04,pierce,standard,0,148,0,0,0,0.25,0.1,0.9,0,0,15,14,0,0,0,0,0,0,0,0,0,0,6,6,6,6,106,Stamp,0,0,0
3050500,Flamberge,Dragonkin,5,Greatsword,SwordLarge,1.04,pierce,standard,0,0,0,148,0,0.25,0.1,0.8,0,0,15,14,0,0,0,0,0,0,0,0,0,0,6,6,6,6,106,Stamp,0,0,0
3050600,Flamberge,Gravity,5,Greatsword,SwordLarge,1.04,pierce,standard,148,0,0,0,0,0.25,0.1,0.9,0,0,15,14,0,0,0,0,0,0,0,0,0,0,6,6,6,6,106,Stamp,0,0,0
3050700,Flamberge,Flame,5,Greatsword,SwordLarge,1.04,pierce,standard,0,0,148,0,0,0.25,0.1,0,0.8,0,15,14,0,0,0,0,0,0,0,0,0,0,6,6,6,6,106,Stamp,0,0,0
3050800,Flamberge,Golden,5,Greatsword,SwordLarge,1.04,pierce,standard,0,0,0,0,129,0.25,0.1,0,0.9,0,15,14,0,0,0,0,0,0,0,0,0,0,6,6,6,6,106,Stamp,0,0,0
3050900,Flamberge,Draconic,5,Greatsword,SwordLarge,1.04,pierce,standard,0,0,0,148,0,0.25,0.1,0,0.9,0,15,14,0,0,0,0,0,0,0,0,0,0,6,6,6,6,106,Stamp,0,0,0
3051000,Flamberge,Bestial,5,Greatsword,SwordLarge,1.04,pierce,standard,148,0,0,0,0,0.25,0.1,0,0.9,0,15,14,0,0,0,0,0,0,0,0,0,0,6,6,6,6,106,Stamp,0,0,0
3051100,Flamberge,Night,5,Greatsword,SwordLarge,1.04,pierce,standard,0,148,0,0,0,0.15,0.1,0.7,0.7,0,15,14,0,0,0,0,0,0,0,0,0,0,6,6,6,6,106,Stamp,0,0,0
3051200,Flamberge,Lava,5,Greatsword,SwordLarge,1.04,pierce,standard,0,0,148,0,0,0.15,0.1,0.7,0.7,0,15,14,0,0,0,0,0,0,0,0,0,0,6,6,6,6,106,Stamp,0,0,0
3051300,Flamberge,Frenzy,5,Greatsword,SwordLarge,1.04,pierce,standard,0,0,148,0,0,0.15,0.1,0.6,0.6,0,15,14,0,0,0,0,0,0,0,0,0,0,6,6,6,6,106,Stamp,0,0,0
3051400,Flamberge,Death,5,Greatsword,SwordLarge,1.04,pierce,standard,0,0,0,0,129,0.15,0.1,0.6,0.6,0,15,14,0,0,0,0,0,0,0,0,0,0,6,6,6,6,106,Stamp,0,0,0
3051500,Flamberge,Godslayer,5,Greatsword,SwordLarge,1.04,pierce,standard,0,0,0,0,129,0.15,0.1,0.6,0.6,0,15,14,0,0,0,0,0,0,0,0,0,0,6,6,6,6,106,Stamp,0,0,0
3051600,Flamberge,Frost,5,Greatsword,SwordLarge,1.04,pierce,standard,0,148,0,0,0,0.15,0.1,0.6,0,0.6,15,14,0,0,0,0,0,0,0,0,0,0,6,6,6,6,106,Stamp,0,0,0
3051700,Flamberge,Aberrant,5,Greatsword,SwordLarge,1.04,pierce,standard,148,0,0,0,0,0.15,0.1,0.6,0,0.6,15,14,0,0,0,0,0,0,0,0,0,0,6,6,6,6,106,Stamp,0,0,0
3051800,Flamberge,Bloodflame,5,Greatsword,SwordLarge,1.04,pierce,standard,0,0,148,0,0,0.15,0.1,0,0.6,0.6,15,14,0,0,0,0,0,0,0,0,0,0,6,6,6,6,106,Stamp,0,0,0
3051900,Flamberge,Rotten,5,Greatsword,SwordLarge,1.04,pierce,standard,148,0,0,0,0,0.15,0.1,0,0.6,0.6,15,14,0,0,0,0,0,0,0,0,0,0,6,6,6,6,106,Stamp,0,0,0
3052000,Flamberge,Storm,5,Greatsword,SwordLarge,1.04,pierce,standard,148,0,0,0,0,0.15,0.1,0.7,0.7,0,15,14,0,0,0,0,0,0,0,0,0,0,6,6,6,6,106,Stamp,0,0,0
3052100,Flamberge,Mystic,5,Greatsword,SwordLarge,1.04,pierce,standard,0,148,0,0,0,0.15,0.1,0,0.6,0.6,15,14,0,0,0,0,0,0,0,0,0,0,6,6,6,6,106,Stamp,0,0,0
3060000,Ordovis's Greatsword,Standard,5,Greatsword,SwordLarge,1.115,pierce,standard,143,0,0,0,0,0.5,0.05,0,1,0,20,13,0,20,0,2200,0,0,0,0,0,0,6,6,6,6,1198,Ordovis's Vortex,1,0,0
3070000,Alabaster Lord's Sword,Standard,5,Greatsword,SwordLarge,0.93,pierce,standard,144,0,0,0,0,0.25,0.1,1.2,0,0,16,12,18,0,0,2200,0,0,0,0,0,0,6,6,6,6,1040,Alabaster Lords' Pull,1,0,0
3080000,Banished Knight's Greatsword,Standard,5,Greatsword,SwordLarge,1.03,pierce,standard,142,0,0,0,0,0.15,0.1,0.7,0.7,0,17,9,0,0,0,2200,0,0,0,0,0,0,6,6,6,6,106,Stamp,1,0,0
3090000,Dark Moon Greatsword,Standard,5,Greatsword,SwordLarge,1.07,pierce,standard,0,148,0,0,0,0.25,0.05,0.85,0,0.65,16,11,20,0,20,2200,0,0,0,0,0,0,6,6,6,6,1008,Moonlight Greatsword,1,0,0
3100000,Sacred Relic Sword,Standard,5,Greatsword,SwordLarge,1.08,pierce,standard,0,0,0,0,150,0.25,0.1,0,1.15,0,14,20,0,25,0,2200,0,0,0,0,0,0,6,6,6,6,1020,Wave of Gold,1,0,0
3110000,Celestial Blade,Standard,5,Greatsword,SwordLarge,1,pierce,standard,0,152,0,0,0,0.4,0.25,1.15,0,0,15,10,25,0,0,2200,0,0,0,0,0,0,6,6,6,6,822,,1,0,0
3120000,Sword of the Cyclops,Standard,5,Greatsword,SwordLarge,1.07,pierce,standard,0,0,149,0,0,0.5,0.2,0,1.1,0,16,12,0,25,0,2200,0,0,0,0,0,0,6,6,6,6,502,Cyclopean Conflagration,1,0,0
3130000,Helphen's Steeple,Standard,5,Greatsword,SwordLarge,1.1,pierce,standard,0,0,0,0,145,0.35,0.05,0.7,0.7,0,16,10,18,18,0,2200,0,0,0,0,0,0,6,6,6,6,1021,Ruinous Ghostflame,1,0,0
3140000,Blasphemous Blade,Standard,5,Greatsword,SwordLarge,1.2,pierce,standard,0,0,146,0,0,0.35,0.05,0.7,0.7,0,20,15,20,20,0,2200,0,0,0,0,0,0,6,6,6,6,1014,Taker's Flames,1,0,0
3150000,Marais Executioner's Sword,Standard,5,Greatsword,SwordLarge,1.06,pierce,standard,142,0,0,0,0,0.25,0.1,0.65,0,0.8,24,14,0,0,23,2200,0,0,0,0,0,0,6,6,6,6,261,Eochaid Stance,1,0,0
3160000,Sword of Milos,Standard,5,Greatsword,SwordLarge,1.07,pierce,standard,141,0,0,0,0,0.75,0.75,0,0,0.75,15,15,0,0,15,2200,0,0,0,0,0,0,6,6,6,6,1015,Shriek of Milos,1,0,0
3170000,Golden Order Greatsword,Standard,5,Greatsword,SwordLarge,1.04,pierce,standard,0,0,0,0,147,0.2,0.05,0,1.25,0,16,21,0,28,0,2200,0,0,0,0,0,0,6,6,6,6,1022,Establish Order,1,0,0
3180000,Claymore,Standard,5,Greatsword,SwordLarge,1,pierce,standard,159,0,0,0,0,0.6,0.3,0,0,0,16,13,0,0,0,0,0,0,0,0,0,0,6,6,6,6,100,Lion's Claw,0,0,0
3180100,Claymore,Heavy,5,Greatsword,SwordLarge,1,pierce,standard,159,0,0,0,0,1,0.15,0,0,0,16,13,0,0,0,0,0,0,0,0,0,0,6,6,6,6,100,Lion's Claw,0,0,0
3180200,Claymore,Keen,5,Greatsword,SwordLarge,1,pierce,standard,159,0,0,0,0,0.45,0.6,0,0,0,16,13,0,0,0,0,0,0,0,0,0,0,6,6,6,6,100,Lion's Claw,0,0,0
3180300,Claymore,Quality,5,Greatsword,SwordLarge,1,pierce,standard,159,0,0,0,0,0.75,0.5,0,0,0,16,13,0,0,0,0,0,0,0,0,0,0,6,6,6,6,100,Lion's Claw,0,0,0
3180400,Claymore,Glint,5,Greatsword,SwordLarge,1,pierce,standard,0,159,0,0,0,0.25,0.1,0.9,0,0,16,13,0,0,0,0,0,0,0,0,0,0,6,6,6,6,100,Lion's Claw,0,0,0
3180500,Claymore,Dragonkin,5,Greatsword,SwordLarge,1,pierce,standard,0,0,0,159,0,0.25,0.1,0.8,0,0,16,13,0,0,0,0,0,0,0,0,0,0,6,6,6,6,100,Lion's Claw,0,0,0
3180600,Claymore,Gravity,5,Greatsword,SwordLarge,1,pierce,standard,159,0,0,0,0,0.25,0.1,0.9,0,0,16,13,0,0,0,0,0,0,0,0,0,0,6,6,6,6,100,Lion's Claw,0,0,0
3180700,Claymore,Flame,5,Greatsword,SwordLarge,1,pierce,standard,0,0,159,0,0,0.25,0.1,0,0.8,0,16,13,0,0,0,0,0,0,0,0,0,0,6,6,6,6,100,Lion's Claw,0,0,0
3180800,Claymore,Golden,5,Greatsword,SwordLarge,1,pierce,standard,0,0,0,0,138,0.25,0.1,0,0.9,0,16,13,0,0,0,0,0,0,0,0,0,0,6,6,6,6,100,Lion's Claw,0,0,0
3180900,Claymore,Draconic,5,Greatsword,SwordLarge,1,pierce,standard,0,0,0,159,0,0.25,0.1,0,0.9,0,16,13,0,0,0,0,0,0,0,0,0,0,6,6,6,6,100,Lion's Claw,0,0,0
3181000,Claymore,Bestial,5,Greatsword,SwordLarge,1,pierce,standard,159,0,0,0,0,0.25,0.1,0,0.9,0,16,13,0,0,0,0,0,0,0,0,0,0,6,6,6,6,100,Lion's Claw,0,0,0
3181100,Claymore,Night,5,Greatsword,SwordLarge,1,pierce,standard,0,159,0,0,0,0.15,0.1,0.7,0.7,0,16,13,0,0,0,0,0,0,0,0,0,0,6,6,6,6,100,Lion's Claw,0,0,0
3181200,Claymore,Lava,5,Greatsword,SwordLarge,1,pierce,standard,0,0,159,0,0,0.15,0.1,0.7,0.7,0,16,13,0,0,0,0,0,0,0,0,0,0,6,6,6,6,100,Lion's Claw,0,0,0
3181300,Claymore,Frenzy,5,Greatsword,SwordLarge,1,pierce,standard,0,0,159,0,0,0.15,0.1,0.6,0.6,0,16,13,0,0,0,0,0,0,0,0,0,0,6,6,6,6,100,Lion's Claw,0,0,0
3181400,Claymore,Death,5,Greatsword,SwordLarge,1,pierce,standard,0,0,0,0,138,0.15,0.1,0.6,0.6,0,16,13,0,0,0,0,0,0,0,0,0,0,6,6,6,6,100,Lion's Claw,0,0,0
3181500,Claymore,Godslayer,5,Greatsword,SwordLarge,1,pierce,standard,0,0,0,0,138,0.15,0.1,0.6,0.6,0,16,13,0,0,0,0,0,0,0,0,0,0,6,6,6,6,100,Lion's Claw,0,0,0
3181600,Claymore,Frost,5,Greatsword,SwordLarge,1,pierce,standard,0,159,0,0,0,0.15,0.1,0.6,0,0.6,16,13,0,0,0,0,0,0,0,0,0,0,6,6,6,6,100,Lion's Claw,0,0,0
3181700,Claymore,Aberrant,5,Greatsword,SwordLarge,1,pierce,standard,159,0,0,0,0,0.15,0.1,0.6,0,0.6,16,13,0,0,0,0,0,0,0,0,0,0,6,6,6,6,100,Lion's Claw,0,0,0
3181800,Claymore,Bloodflame,5,Greatsword,SwordLarge,1,pierce,standard,0,0,159,0,0,0.15,0.1,0,0.6,0.6,16,13,0,0,0,0,0,0,0,0,0,0,6,6,6,6,100,Lion's Claw,0,0,0
3181900,Claymore,Rotten,5,Greatsword,SwordLarge,1,pierce,standard,159,0,0,0,0,0.15,0.1,0,0.6,0.6,16,13,0,0,0,0,0,0,0,0,0,0,6,6,6,6,100,Lion's Claw,0,0,0
3182000,Claymore,Storm,5,Greatsword,SwordLarge,1,pierce,standard,159,0,0,0,0,0.15,0.1,0.7,0.7,0,16,13,0,0,0,0,0,0,0,0,0,0,6,6,6,6,100,Lion's Claw,0,0,0
3182100,Claymore,Mystic,5,Greatsword,SwordLarge,1,pierce,standard,0,159,0,0,0,0.15,0.1,0,0.6,0.6,16,13,0,0,0,0,0,0,0,0,0,0,6,6,6,6,100,Lion's Claw,0,0,0
3190000,Gargoyle's Greatsword,Standard,5,Greatsword,SwordLarge,1.06,pierce,standard,133,0,0,0,0,0.17,0.13,0.8,0.8,0,15,10,15,15,0,2200,0,0,0,0,0,0,6,6,6,6,220,Vacuum Slice,1,0,0
3200000,Death's Poker,Standard,5,Greatsword,SwordLarge,0.99,pierce,standard,0,0,0,0,145,0.15,0.15,0.75,0.75,0,13,15,18,18,0,2200,0,0,0,0,0,0,6,6,6,6,1048,Ghostflame Ignition,1,0,0
3210000,Gargoyle's Blackblade,Standard,5,Greatsword,SwordLarge,1.06,pierce,standard,0,0,0,0,138,0.17,0.13,0.7,0.7,0,18,15,22,22,0,2200,0,0,0,0,0,0,6,6,6,6,1167,Corpse Wax Cutter,1,0,0
3230000,Sword of Hadea,Standard,5,Greatsword,SwordLarge,1.115,pierce,standard,143,0,0,0,0,0.5,0.05,0,1,0,18,13,0,30,0,2200,0,0,0,0,0,0,6,6,6,6,819,,1,0,0
3240000,Dyru's Greatsword,Standard,5,Greatsword,SwordLarge,1.03,strike,standard,142,0,0,0,0,0.55,0.25,0.85,0.85,0,17,9,20,20,0,2200,0,0,0,0,0,0,6,6,6,6,1063,Dyru's Savagery,1,0,0
3250000,Regal Splitblade (GS),Standard,5,Greatsword,SwordLarge,1,pierce,standard,145,0,0,0,0,0.9,0.9,0,0,0,18,18,0,0,0,2200,0,0,0,0,0,0,6,6,6,6,232,,1,0,0
3300000,Maliketh's Black Blade (restored),Standard,5,Greatsword,SwordLarge,1.1,standard,standard,0,0,0,0,141,0.65,0.25,0.8,0.8,0,15,0,32,32,0,2200,0,0,0,0,0,0,6,6,6,6,151,,1,0,0
3500000,Sword Lance,Standard,16,Heavy Thrusting Sword,RapierHeavy,1.135,pierce,standard,151,0,0,0,0,0.4,0.5,0,0,0,14,18,0,0,0,0,0,0,0,0,0,0,6,6,6,6,101,Impaling Thrust,0,0,0
3500100,Sword Lance,Heavy,16,Heavy Thrusting Sword,RapierHeavy,1.135,pierce,standard,151,0,0,0,0,0.7,0.35,0,0,0,14,18,0,0,0,0,0,0,0,0,0,0,6,6,6,6,101,Impaling Thrust,0,0,0
3500200,Sword Lance,Keen,16,Heavy Thrusting Sword,RapierHeavy,1.135,pierce,standard,151,0,0,0,0,0.2,0.95,0,0,0,14,18,0,0,0,0,0,0,0,0,0,0,6,6,6,6,101,Impaling Thrust,0,0,0
3500300,Sword Lance,Quality,16,Heavy Thrusting Sword,RapierHeavy,1.135,pierce,standard,151,0,0,0,0,0.55,0.6,0,0,0,14,18,0,0,0,0,0,0,0,0,0,0,6,6,6,6,101,Impaling Thrust,0,0,0
3500400,Sword Lance,Glint,16,Heavy Thrusting Sword,RapierHeavy,1.135,pierce,standard,0,151,0,0,0,0.15,0.2,0.9,0,0,14,18,0,0,0,0,0,0,0,0,0,0,6,6,6,6,101,Impaling Thrust,0,0,0
3500500,Sword Lance,Dragonkin,16,Heavy Thrusting Sword,RapierHeavy,1.135,pierce,standard,0,0,0,151,0,0.15,0.2,0.8,0,0,14,18,0,0,0,0,0,0,0,0,0,0,6,6,6,6,101,Impaling Thrust,0,0,0
3500600,Sword Lance,Gravity,16,Heavy Thrusting Sword,RapierHeavy,1.135,pierce,standard,151,0,0,0,0,0.15,0.2,0.9,0,0,14,18,0,0,0,0,0,0,0,0,0,0,6,6,6,6,101,Impaling Thrust,0,0,0
3500700,Sword Lance,Flame,16,Heavy Thrusting Sword,RapierHeavy,1.135,pierce,standard,0,0,151,0,0,0.15,0.2,0,0.8,0,14,18,0,0,0,0,0,0,0,0,0,0,6,6,6,6,101,Impaling Thrust,0,0,0
3500800,Sword Lance,Golden,16,Heavy Thrusting Sword,RapierHeavy,1.135,pierce,standard,0,0,0,0,131,0.15,0.2,0,0.9,0,14,18,0,0,0,0,0,0,0,0,0,0,6,6,6,6,101,Impaling Thrust,0,0,0
3500900,Sword Lance,Draconic,16,Heavy Thrusting Sword,RapierHeavy,1.135,pierce,standard,0,0,0,151,0,0.15,0.2,0,0.9,0,14,18,0,0,0,0,0,0,0,0,0,0,6,6,6,6,101,Impaling Thrust,0,0,0
3501000,Sword Lance,Bestial,16,Heavy Thrusting Sword,RapierHeavy,1.135,pierce,standard,151,0,0,0,0,0.15,0.2,0,0.9,0,14,18,0,0,0,0,0,0,0,0,0,0,6,6,6,6,101,Impaling Thrust,0,0,0
3501100,Sword Lance,Night,16,Heavy Thrusting Sword,RapierHeavy,1.135,pierce,standard,0,151,0,0,0,0.1,0.15,0.7,0.7,0,14,18,0,0,0,0,0,0,0,0,0,0,6,6,6,6,101,Impaling Thrust,0,0,0
3501200,Sword Lance,Lava,16,Heavy Thrusting Sword,RapierHeavy,1.135,pierce,standard,0,0,151,0,0,0.1,0.15,0.7,0.7,0,14,18,0,0,0,0,0,0,0,0,0,0,6,6,6,6,101,Impaling Thrust,0,0,0
3501300,Sword Lance,Frenzy,16,Heavy Thrusting Sword,RapierHeavy,1.135,pierce,standard,0,0,151,0,0,0.1,0.15,0.6,0.6,0,14,18,0,0,0,0,0,0,0,0,0,0,6,6,6,6,101,Impaling Thrust,0,0,0
3501400,Sword Lance,Death,16,Heavy Thrusting Sword,RapierHeavy,1.135,pierce,standard,0,0,0,0,131,0.1,0.15,0.6,0.6,0,14,18,0,0,0,0,0,0,0,0,0,0,6,6,6,6,101,Impaling Thrust,0,0,0
3501500,Sword Lance,Godslayer,16,Heavy Thrusting Sword,RapierHeavy,1.135,pierce,standard,0,0,0,0,131,0.1,0.15,0.6,0.6,0,14,18,0,0,0,0,0,0,0,0,0,0,6,6,6,6,101,Impaling Thrust,0,0,0
3501600,Sword Lance,Frost,16,Heavy Thrusting Sword,RapierHeavy,1.135,pierce,standard,0,151,0,0,0,0.1,0.15,0.6,0,0.6,14,18,0,0,0,0,0,0,0,0,0,0,6,6,6,6,101,Impaling Thrust,0,0,0
3501700,Sword Lance,Aberrant,16,Heavy Thrusting Sword,RapierHeavy,1.135,pierce,standard,151,0,0,0,0,0.1,0.15,0.6,0,0.6,14,18,0,0,0,0,0,0,0,0,0,0,6,6,6,6,101,Impaling Thrust,0,0,0
3501800,Sword Lance,Bloodflame,16,Heavy Thrusting Sword,RapierHeavy,1.135,pierce,standard,0,0,151,0,0,0.1,0.15,0,0.6,0.6,14,18,0,0,0,0,0,0,0,0,0,0,6,6,6,6,101,Impaling Thrust,0,0,0
3501900,Sword Lance,Rotten,16,Heavy Thrusting Sword,RapierHeavy,1.135,pierce,standard,151,0,0,0,0,0.1,0.15,0,0.6,0.6,14,18,0,0,0,0,0,0,0,0,0,0,6,6,6,6,101,Impaling Thrust,0,0,0
3502000,Sword Lance,Storm,16,Heavy Thrusting Sword,RapierHeavy,1.135,pierce,standard,151,0,0,0,0,0.1,0.15,0.7,0.7,0,14,18,0,0,0,0,0,0,0,0,0,0,6,6,6,6,101,Impaling Thrust,0,0,0
3502100,Sword Lance,Mystic,16,Heavy Thrusting Sword,RapierHeavy,1.135,pierce,standard,0,151,0,0,0,0.1,0.15,0,0.6,0.6,14,18,0,0,0,0,0,0,0,0,0,0,6,6,6,6,101,Impaling Thrust,0,0,0
3510000,Greatsword of Damnation,Standard,5,Greatsword,SwordLarge,0.97,pierce,standard,150,0,0,0,0,0.55,0.45,0,1.05,0,20,15,0,20,0,2200,0,0,0,0,0,0,6,6,6,6,5220,Golden Crux,1,0,0
3520000,Lizard Greatsword,Standard,5,Greatsword,SwordLarge,1.015,strike,pierce,175,0,0,0,0,0.6,0.3,0,0,0,14,12,0,0,0,0,0,0,0,0,0,0,6,6,6,6,106,Stamp,0,0,0
3520100,Lizard Greatsword,Heavy,5,Greatsword,SwordLarge,1.015,strike,pierce,175,0,0,0,0,1,0.15,0,0,0,14,12,0,0,0,0,0,0,0,0,0,0,6,6,6,6,106,Stamp,0,0,0
3520200,Lizard Greatsword,Keen,5,Greatsword,SwordLarge,1.015,strike,pierce,175,0,0,0,0,0.45,0.6,0,0,0,14,12,0,0,0,0,0,0,0,0,0,0,6,6,6,6,106,Stamp,0,0,0
3520300,Lizard Greatsword,Quality,5,Greatsword,SwordLarge,1.015,strike,pierce,175,0,0,0,0,0.75,0.5,0,0,0,14,12,0,0,0,0,0,0,0,0,0,0,6,6,6,6,106,Stamp,0,0,0
3520400,Lizard Greatsword,Glint,5,Greatsword,SwordLarge,1.015,strike,pierce,0,175,0,0,0,0.25,0.1,0.9,0,0,14,12,0,0,0,0,0,0,0,0,0,0,6,6,6,6,106,Stamp,0,0,0
3520500,Lizard Greatsword,Dragonkin,5,Greatsword,SwordLarge,1.015,strike,pierce,0,0,0,175,0,0.25,0.1,0.8,0,0,14,12,0,0,0,0,0,0,0,0,0,0,6,6,6,6,106,Stamp,0,0,0
3520600,Lizard Greatsword,Gravity,5,Greatsword,SwordLarge,1.015,strike,pierce,175,0,0,0,0,0.25,0.1,0.9,0,0,14,12,0,0,0,0,0,0,0,0,0,0,6,6,6,6,106,Stamp,0,0,0
3520700,Lizard Greatsword,Flame,5,Greatsword,SwordLarge,1.015,strike,pierce,0,0,175,0,0,0.25,0.1,0,0.8,0,14,12,0,0,0,0,0,0,0,0,0,0,6,6,6,6,106,Stamp,0,0,0
3520800,Lizard Greatsword,Golden,5,Greatsword,SwordLarge,1.015,strike,pierce,0,0,0,0,152,0.25,0.1,0,0.9,0,14,12,0,0,0,0,0,0,0,0,0,0,6,6,6,6,106,Stamp,0,0,0
3520900,Lizard Greatsword,Draconic,5,Greatsword,SwordLarge,1.015,strike,pierce,0,0,0,175,0,0.25,0.1,0,0.9,0,14,12,0,0,0,0,0,0,0,0,0,0,6,6,6,6,106,Stamp,0,0,0
3521000,Lizard Greatsword,Bestial,5,Greatsword,SwordLarge,1.015,strike,pierce,175,0,0,0,0,0.25,0.1,0,0.9,0,14,12,0,0,0,0,0,0,0,0,0,0,6,6,6,6,106,Stamp,0,0,0
3521100,Lizard Greatsword,Night,5,Greatsword,SwordLarge,1.015,strike,pierce,0,175,0,0,0,0.15,0.1,0.7,0.7,0,14,12,0,0,0,0,0,0,0,0,0,0,6,6,6,6,106,Stamp,0,0,0
3521200,Lizard Greatsword,Lava,5,Greatsword,SwordLarge,1.015,strike,pierce,0,0,175,0,0,0.15,0.1,0.7,0.7,0,14,12,0,0,0,0,0,0,0,0,0,0,6,6,6,6,106,Stamp,0,0,0
3521300,Lizard Greatsword,Frenzy,5,Greatsword,SwordLarge,1.015,strike,pierce,0,0,175,0,0,0.15,0.1,0.6,0.6,0,14,12,0,0,0,0,0,0,0,0,0,0,6,6,6,6,106,Stamp,0,0,0
3521400,Lizard Greatsword,Death,5,Greatsword,SwordLarge,1.015,strike,pierce,0,0,0,0,152,0.15,0.1,0.6,0.6,0,14,12,0,0,0,0,0,0,0,0,0,0,6,6,6,6,106,Stamp,0,0,0
3521500,Lizard Greatsword,Godslayer,5,Greatsword,SwordLarge,1.015,strike,pierce,0,0,0,0,152,0.15,0.1,0.6,0.6,0,14,12,0,0,0,0,0,0,0,0,0,0,6,6,6,6,106,Stamp,0,0,0
3521600,Lizard Greatsword,Frost,5,Greatsword,SwordLarge,1.015,strike,pierce,0,175,0,0,0,0.15,0.1,0.6,0,0.6,14,12,0,0,0,0,0,0,0,0,0,0,6,6,6,6,106,Stamp,0,0,0
3521700,Lizard Greatsword,Aberrant,5,Greatsword,SwordLarge,1.015,strike,pierce,175,0,0,0,0,0.15,0.1,0.6,0,0.6,14,12,0,0,0,0,0,0,0,0,0,0,6,6,6,6,106,Stamp,0,0,0
3521800,Lizard Greatsword,Bloodflame,5,Greatsword,SwordLarge,1.015,strike,pierce,0,0,175,0,0,0.15,0.1,0,0.6,0.6,14,12,0,0,0,0,0,0,0,0,0,0,6,6,6,6,106,Stamp,0,0,0
3521900,Lizard Greatsword,Rotten,5,Greatsword,SwordLarge,1.015,strike,pierce,175,0,0,0,0,0.15,0.1,0,0.6,0.6,14,12,0,0,0,0,0,0,0,0,0,0,6,6,6,6,106,Stamp,0,0,0
3522000,Lizard Greatsword,Storm,5,Greatsword,SwordLarge,1.015,strike,pierce,175,0,0,0,0,0.15,0.1,0.7,0.7,0,14,12,0,0,0,0,0,0,0,0,0,0,6,6,6,6,106,Stamp,0,0,0
3522100,Lizard Greatsword,Mystic,5,Greatsword,SwordLarge,1.015,strike,pierce,0,175,0,0,0,0.15,0.1,0,0.6,0.6,14,12,0,0,0,0,0,0,0,0,0,0,6,6,6,6,106,Stamp,0,0,0
3550000,Greatsword of Solitude,Standard,5,Greatsword,SwordLarge,1.165,pierce,standard,149,0,0,0,0,0.75,0.15,0.85,0.85,0,18,13,20,20,0,2200,0,0,0,0,0,0,6,6,6,6,5430,Solitary Moon Slash,1,0,0
3560000,Greatsword of Midra,Standard,5,Greatsword,SwordLarge,0.97,pierce,standard,0,0,150,0,0,0.45,0.3,0.85,0.85,0,15,12,18,18,0,2200,0,0,0,0,0,0,6,6,6,6,5150,Promised Consort,1,0,0
4000000,Greatsword,Standard,7,Colossal Sword,SwordGigantic,1.135,standard,standard,189,0,0,0,0,0.8,0.35,0,0,0,31,12,0,0,0,0,0,0,0,0,0,0,6,6,6,6,106,Stamp,0,0,0
4000100,Greatsword,Heavy,7,Colossal Sword,SwordGigantic,1.135,standard,standard,189,0,0,0,0,1.05,0.35,0,0,0,31,12,0,0,0,0,0,0,0,0,0,0,6,6,6,6,106,Stamp,0,0,0
4000200,Greatsword,Keen,7,Colossal Sword,SwordGigantic,1.135,standard,standard,189,0,0,0,0,0.45,0.9,0,0,0,31,12,0,0,0,0,0,0,0,0,0,0,6,6,6,6,106,Stamp,0,0,0
4000300,Greatsword,Quality,7,Colossal Sword,SwordGigantic,1.135,standard,standard,189,0,0,0,0,0.75,0.7,0,0,0,31,12,0,0,0,0,0,0,0,0,0,0,6,6,6,6,106,Stamp,0,0,0
4000400,Greatsword,Glint,7,Colossal Sword,SwordGigantic,1.135,standard,standard,0,189,0,0,0,0.45,0.35,0.9,0,0,31,12,0,0,0,0,0,0,0,0,0,0,6,6,6,6,106,Stamp,0,0,0
4000500,Greatsword,Dragonkin,7,Colossal Sword,SwordGigantic,1.135,standard,standard,0,0,0,189,0,0.45,0.35,0.8,0,0,31,12,0,0,0,0,0,0,0,0,0,0,6,6,6,6,106,Stamp,0,0,0
4000600,Greatsword,Gravity,7,Colossal Sword,SwordGigantic,1.135,standard,standard,189,0,0,0,0,0.45,0.35,0.9,0,0,31,12,0,0,0,0,0,0,0,0,0,0,6,6,6,6,106,Stamp,0,0,0
4000700,Greatsword,Flame,7,Colossal Sword,SwordGigantic,1.135,standard,standard,0,0,189,0,0,0.45,0.35,0,0.8,0,31,12,0,0,0,0,0,0,0,0,0,0,6,6,6,6,106,Stamp,0,0,0
4000800,Greatsword,Golden,7,Colossal Sword,SwordGigantic,1.135,standard,standard,0,0,0,0,164,0.45,0.35,0,0.9,0,31,12,0,0,0,0,0,0,0,0,0,0,6,6,6,6,106,Stamp,0,0,0
4000900,Greatsword,Draconic,7,Colossal Sword,SwordGigantic,1.135,standard,standard,0,0,0,189,0,0.45,0.35,0,0.9,0,31,12,0,0,0,0,0,0,0,0,0,0,6,6,6,6,106,Stamp,0,0,0
4001000,Greatsword,Bestial,7,Colossal Sword,SwordGigantic,1.135,standard,standard,189,0,0,0,0,0.45,0.35,0,0.9,0,31,12,0,0,0,0,0,0,0,0,0,0,6,6,6,6,106,Stamp,0,0,0
4001100,Greatsword,Night,7,Colossal Sword,SwordGigantic,1.135,standard,standard,0,189,0,0,0,0.4,0.3,0.7,0.7,0,31,12,0,0,0,0,0,0,0,0,0,0,6,6,6,6,106,Stamp,0,0,0
4001200,Greatsword,Lava,7,Colossal Sword,SwordGigantic,1.135,standard,standard,0,0,189,0,0,0.4,0.3,0.7,0.7,0,31,12,0,0,0,0,0,0,0,0,0,0,6,6,6,6,106,Stamp,0,0,0
4001300,Greatsword,Frenzy,7,Colossal Sword,SwordGigantic,1.135,standard,standard,0,0,189,0,0,0.4,0.3,0.6,0.6,0,31,12,0,0,0,0,0,0,0,0,0,0,6,6,6,6,106,Stamp,0,0,0
4001400,Greatsword,Death,7,Colossal Sword,SwordGigantic,1.135,standard,standard,0,0,0,0,164,0.4,0.3,0.6,0.6,0,31,12,0,0,0,0,0,0,0,0,0,0,6,6,6,6,106,Stamp,0,0,0
4001500,Greatsword,Godslayer,7,Colossal Sword,SwordGigantic,1.135,standard,standard,0,0,0,0,164,0.4,0.3,0.6,0.6,0,31,12,0,0,0,0,0,0,0,0,0,0,6,6,6,6,106,Stamp,0,0,0
4001600,Greatsword,Frost,7,Colossal Sword,SwordGigantic,1.135,standard,standard,0,189,0,0,0,0.4,0.3,0.6,0,0.6,31,12,0,0,0,0,0,0,0,0,0,0,6,6,6,6,106,Stamp,0,0,0
4001700,Greatsword,Aberrant,7,Colossal Sword,SwordGigantic,1.135,standard,standard,189,0,0,0,0,0.4,0.3,0.6,0,0.6,31,12,0,0,0,0,0,0,0,0,0,0,6,6,6,6,106,Stamp,0,0,0
4001800,Greatsword,Bloodflame,7,Colossal Sword,SwordGigantic,1.135,standard,standard,0,0,189,0,0,0.4,0.3,0,0.6,0.6,31,12,0,0,0,0,0,0,0,0,0,0,6,6,6,6,106,Stamp,0,0,0
4001900,Greatsword,Rotten,7,Colossal Sword,SwordGigantic,1.135,standard,standard,189,0,0,0,0,0.4,0.3,0,0.6,0.6,31,12,0,0,0,0,0,0,0,0,0,0,6,6,6,6,106,Stamp,0,0,0
4002000,Greatsword,Storm,7,Colossal Sword,SwordGigantic,1.135,standard,standard,189,0,0,0,0,0.4,0.3,0.7,0.7,0,31,12,0,0,0,0,0,0,0,0,0,0,6,6,6,6,106,Stamp,0,0,0
4002100,Greatsword,Mystic,7,Colossal Sword,SwordGigantic,1.135,standard,standard,0,189,0,0,0,0.4,0.3,0,0.6,0.6,31,12,0,0,0,0,0,0,0,0,0,0,6,6,6,6,106,Stamp,0,0,0
4010000,Watchdog's Greatsword,Standard,7,Colossal Sword,SwordGigantic,1.06,standard,standard,163,0,0,0,0,0.85,0.3,0,0,0,30,10,0,0,0,0,0,0,0,0,0,0,6,6,6,6,106,Stamp,0,0,0
4010100,Watchdog's Greatsword,Heavy,7,Colossal Sword,SwordGigantic,1.06,standard,standard,163,0,0,0,0,1.1,0.3,0,0,0,30,10,0,0,0,0,0,0,0,0,0,0,6,6,6,6,106,Stamp,0,0,0
4010200,Watchdog's Greatsword,Keen,7,Colossal Sword,SwordGigantic,1.06,standard,standard,163,0,0,0,0,0.5,0.85,0,0,0,30,10,0,0,0,0,0,0,0,0,0,0,6,6,6,6,106,Stamp,0,0,0
4010300,Watchdog's Greatsword,Quality,7,Colossal Sword,SwordGigantic,1.06,standard,standard,163,0,0,0,0,0.8,0.65,0,0,0,30,10,0,0,0,0,0,0,0,0,0,0,6,6,6,6,106,Stamp,0,0,0
4010400,Watchdog's Greatsword,Glint,7,Colossal Sword,SwordGigantic,1.06,standard,standard,0,163,0,0,0,0.5,0.3,0.9,0,0,30,10,0,0,0,0,0,0,0,0,0,0,6,6,6,6,106,Stamp,0,0,0
4010500,Watchdog's Greatsword,Dragonkin,7,Colossal Sword,SwordGigantic,1.06,standard,standard,0,0,0,163,0,0.5,0.3,0.8,0,0,30,10,0,0,0,0,0,0,0,0,0,0,6,6,6,6,106,Stamp,0,0,0
4010600,Watchdog's Greatsword,Gravity,7,Colossal Sword,SwordGigantic,1.06,standard,standard,163,0,0,0,0,0.5,0.3,0.9,0,0,30,10,0,0,0,0,0,0,0,0,0,0,6,6,6,6,106,Stamp,0,0,0
4010700,Watchdog's Greatsword,Flame,7,Colossal Sword,SwordGigantic,1.06,standard,standard,0,0,163,0,0,0.5,0.3,0,0.8,0,30,10,0,0,0,0,0,0,0,0,0,0,6,6,6,6,106,Stamp,0,0,0
4010800,Watchdog's Greatsword,Golden,7,Colossal Sword,SwordGigantic,1.06,standard,standard,0,0,0,0,142,0.5,0.3,0,0.9,0,30,10,0,0,0,0,0,0,0,0,0,0,6,6,6,6,106,Stamp,0,0,0
4010900,Watchdog's Greatsword,Draconic,7,Colossal Sword,SwordGigantic,1.06,standard,standard,0,0,0,163,0,0.5,0.3,0,0.9,0,30,10,0,0,0,0,0,0,0,0,0,0,6,6,6,6,106,Stamp,0,0,0
4011000,Watchdog's Greatsword,Bestial,7,Colossal Sword,SwordGigantic,1.06,standard,standard,163,0,0,0,0,0.5,0.3,0,0.9,0,30,10,0,0,0,0,0,0,0,0,0,0,6,6,6,6,106,Stamp,0,0,0
4011100,Watchdog's Greatsword,Night,7,Colossal Sword,SwordGigantic,1.06,standard,standard,0,163,0,0,0,0.45,0.25,0.7,0.7,0,30,10,0,0,0,0,0,0,0,0,0,0,6,6,6,6,106,Stamp,0,0,0
4011200,Watchdog's Greatsword,Lava,7,Colossal Sword,SwordGigantic,1.06,standard,standard,0,0,163,0,0,0.45,0.25,0.7,0.7,0,30,10,0,0,0,0,0,0,0,0,0,0,6,6,6,6,106,Stamp,0,0,0
4011300,Watchdog's Greatsword,Frenzy,7,Colossal Sword,SwordGigantic,1.06,standard,standard,0,0,163,0,0,0.45,0.25,0.6,0.6,0,30,10,0,0,0,0,0,0,0,0,0,0,6,6,6,6,106,Stamp,0,0,0
4011400,Watchdog's Greatsword,Death,7,Colossal Sword,SwordGigantic,1.06,standard,standard,0,0,0,0,142,0.45,0.25,0.6,0.6,0,30,10,0,0,0,0,0,0,0,0,0,0,6,6,6,6,106,Stamp,0,0,0
4011500,Watchdog's Greatsword,Godslayer,7,Colossal Sword,SwordGigantic,1.06,standard,standard,0,0,0,0,142,0.45,0.25,0.6,0.6,0,30,10,0,0,0,0,0,0,0,0,0,0,6,6,6,6,106,Stamp,0,0,0
4011600,Watchdog's Greatsword,Frost,7,Colossal Sword,SwordGigantic,1.06,standard,standard,0,163,0,0,0,0.45,0.25,0.6,0,0.6,30,10,0,0,0,0,0,0,0,0,0,0,6,6,6,6,106,Stamp,0,0,0
4011700,Watchdog's Greatsword,Aberrant,7,Colossal Sword,SwordGigantic,1.06,standard,standard,163,0,0,0,0,0.45,0.25,0.6,0,0.6,30,10,0,0,0,0,0,0,0,0,0,0,6,6,6,6,106,Stamp,0,0,0
4011800,Watchdog's Greatsword,Bloodflame,7,Colossal Sword,SwordGigantic,1.06,standard,standard,0,0,163,0,0,0.45,0.25,0,0.6,0.6,30,10,0,0,0,0,0,0,0,0,0,0,6,6,6,6,106,Stamp,0,0,0
4011900,Watchdog's Greatsword,Rotten,7,Colossal Sword,SwordGigantic,1.06,standard,standard,163,0,0,0,0,0.45,0.25,0,0.6,0.6,30,10,0,0,0,0,0,0,0,0,0,0,6,6,6,6,106,Stamp,0,0,0
4012000,Watchdog's Greatsword,Storm,7,Colossal Sword,SwordGigantic,1.06,standard,standard,163,0,0,0,0,0.45,0.25,0.7,0.7,0,30,10,0,0,0,0,0,0,0,0,0,0,6,6,6,6,106,Stamp,0,0,0
4012100,Watchdog's Greatsword,Mystic,7,Colossal Sword,SwordGigantic,1.06,standard,standard,0,163,0,0,0,0.45,0.25,0,0.6,0.6,30,10,0,0,0,0,0,0,0,0,0,0,6,6,6,6,106,Stamp,0,0,0
4020000,Maliketh's Black Blade,Standard,7,Colossal Sword,SwordGigantic,1.1,standard,standard,0,0,0,0,156,0.95,0.15,0.6,0.6,0,25,10,25,25,0,2200,0,0,0,0,0,0,6,6,6,6,1038,Destined Death,1,0,0
4030000,Troll's Golden Sword,Standard,7,Colossal Sword,SwordGigantic,1.015,standard,standard,178,0,0,0,0,0.85,0.35,0,0,0,29,10,0,0,0,0,0,0,0,0,0,0,6,6,6,6,653,Troll's Roar,0,0,0
4030100,Troll's Golden Sword,Heavy,7,Colossal Sword,SwordGigantic,1.015,standard,standard,178,0,0,0,0,1.1,0.35,0,0,0,29,10,0,0,0,0,0,0,0,0,0,0,6,6,6,6,106,Stamp,0,0,0
4030200,Troll's Golden Sword,Keen,7,Colossal Sword,SwordGigantic,1.015,standard,standard,178,0,0,0,0,0.5,0.9,0,0,0,29,10,0,0,0,0,0,0,0,0,0,0,6,6,6,6,106,Stamp,0,0,0
4030300,Troll's Golden Sword,Quality,7,Colossal Sword,SwordGigantic,1.015,standard,standard,178,0,0,0,0,0.8,0.7,0,0,0,29,10,0,0,0,0,0,0,0,0,0,0,6,6,6,6,106,Stamp,0,0,0
4030400,Troll's Golden Sword,Glint,7,Colossal Sword,SwordGigantic,1.015,standard,standard,0,178,0,0,0,0.5,0.35,0.9,0,0,29,10,0,0,0,0,0,0,0,0,0,0,6,6,6,6,106,Stamp,0,0,0
4030500,Troll's Golden Sword,Dragonkin,7,Colossal Sword,SwordGigantic,1.015,standard,standard,0,0,0,178,0,0.5,0.35,0.8,0,0,29,10,0,0,0,0,0,0,0,0,0,0,6,6,6,6,106,Stamp,0,0,0
4030600,Troll's Golden Sword,Gravity,7,Colossal Sword,SwordGigantic,1.015,standard,standard,178,0,0,0,0,0.5,0.35,0.9,0,0,29,10,0,0,0,0,0,0,0,0,0,0,6,6,6,6,106,Stamp,0,0,0
4030700,Troll's Golden Sword,Flame,7,Colossal Sword,SwordGigantic,1.015,standard,standard,0,0,178,0,0,0.5,0.35,0,0.8,0,29,10,0,0,0,0,0,0,0,0,0,0,6,6,6,6,106,Stamp,0,0,0
4030800,Troll's Golden Sword,Golden,7,Colossal Sword,SwordGigantic,1.015,standard,standard,0,0,0,0,155,0.5,0.35,0,0.9,0,29,10,0,0,0,0,0,0,0,0,0,0,6,6,6,6,106,Stamp,0,0,0
4030900,Troll's Golden Sword,Draconic,7,Colossal Sword,SwordGigantic,1.015,standard,standard,0,0,0,178,0,0.5,0.35,0,0.9,0,29,10,0,0,0,0,0,0,0,0,0,0,6,6,6,6,106,Stamp,0,0,0
4031000,Troll's Golden Sword,Bestial,7,Colossal Sword,SwordGigantic,1.015,standard,standard,178,0,0,0,0,0.5,0.35,0,0.9,0,29,10,0,0,0,0,0,0,0,0,0,0,6,6,6,6,106,Stamp,0,0,0
4031100,Troll's Golden Sword,Night,7,Colossal Sword,SwordGigantic,1.015,standard,standard,0,178,0,0,0,0.45,0.3,0.7,0.7,0,29,10,0,0,0,0,0,0,0,0,0,0,6,6,6,6,106,Stamp,0,0,0
4031200,Troll's Golden Sword,Lava,7,Colossal Sword,SwordGigantic,1.015,standard,standard,0,0,178,0,0,0.45,0.3,0.7,0.7,0,29,10,0,0,0,0,0,0,0,0,0,0,6,6,6,6,106,Stamp,0,0,0
4031300,Troll's Golden Sword,Frenzy,7,Colossal Sword,SwordGigantic,1.015,standard,standard,0,0,178,0,0,0.45,0.3,0.6,0.6,0,29,10,0,0,0,0,0,0,0,0,0,0,6,6,6,6,653,Troll's Roar,0,0,0
4031400,Troll's Golden Sword,Death,7,Colossal Sword,SwordGigantic,1.015,standard,standard,0,0,0,0,155,0.45,0.3,0.6,0.6,0,29,10,0,0,0,0,0,0,0,0,0,0,6,6,6,6,653,Troll's Roar,0,0,0
4031500,Troll's Golden Sword,Godslayer,7,Colossal Sword,SwordGigantic,1.015,standard,standard,0,0,0,0,155,0.45,0.3,0.6,0.6,0,29,10,0,0,0,0,0,0,0,0,0,0,6,6,6,6,653,Troll's Roar,0,0,0
4031600,Troll's Golden Sword,Frost,7,Colossal Sword,SwordGigantic,1.015,standard,standard,0,178,0,0,0,0.45,0.3,0.6,0,0.6,29,10,0,0,0,0,0,0,0,0,0,0,6,6,6,6,653,Troll's Roar,0,0,0
4031700,Troll's Golden Sword,Aberrant,7,Colossal Sword,SwordGigantic,1.015,standard,standard,178,0,0,0,0,0.45,0.3,0.6,0,0.6,29,10,0,0,0,0,0,0,0,0,0,0,6,6,6,6,653,Troll's Roar,0,0,0
4031800,Troll's Golden Sword,Bloodflame,7,Colossal Sword,SwordGigantic,1.015,standard,standard,0,0,178,0,0,0.45,0.3,0,0.6,0.6,29,10,0,0,0,0,0,0,0,0,0,0,6,6,6,6,653,Troll's Roar,0,0,0
4031900,Troll's Golden Sword,Rotten,7,Colossal Sword,SwordGigantic,1.015,standard,standard,178,0,0,0,0,0.45,0.3,0,0.6,0.6,29,10,0,0,0,0,0,0,0,0,0,0,6,6,6,6,653,Troll's Roar,0,0,0
4032000,Troll's Golden Sword,Storm,7,Colossal Sword,SwordGigantic,1.015,standard,standard,178,0,0,0,0,0.45,0.3,0.7,0.7,0,29,10,0,0,0,0,0,0,0,0,0,0,6,6,6,6,653,Troll's Roar,0,0,0
4032100,Troll's Golden Sword,Mystic,7,Colossal Sword,SwordGigantic,1.015,standard,standard,0,178,0,0,0,0.45,0.3,0,0.6,0.6,29,10,0,0,0,0,0,0,0,0,0,0,6,6,6,6,653,Troll's Roar,0,0,0
4040000,Zweihander,Standard,7,Colossal Sword,SwordGigantic,0.98,standard,standard,162,0,0,0,0,0.75,0.35,0,0,0,19,11,0,0,0,0,0,0,0,0,0,0,6,6,6,6,106,Stamp,0,0,0
4040100,Zweihander,Heavy,7,Colossal Sword,SwordGigantic,0.98,standard,standard,162,0,0,0,0,1,0.35,0,0,0,19,11,0,0,0,0,0,0,0,0,0,0,6,6,6,6,106,Stamp,0,0,0
4040200,Zweihander,Keen,7,Colossal Sword,SwordGigantic,0.98,standard,standard,162,0,0,0,0,0.4,0.9,0,0,0,19,11,0,0,0,0,0,0,0,0,0,0,6,6,6,6,106,Stamp,0,0,0
4040300,Zweihander,Quality,7,Colossal Sword,SwordGigantic,0.98,standard,standard,162,0,0,0,0,0.7,0.7,0,0,0,19,11,0,0,0,0,0,0,0,0,0,0,6,6,6,6,106,Stamp,0,0,0
4040400,Zweihander,Glint,7,Colossal Sword,SwordGigantic,0.98,standard,standard,0,162,0,0,0,0.4,0.35,0.9,0,0,19,11,0,0,0,0,0,0,0,0,0,0,6,6,6,6,106,Stamp,0,0,0
4040500,Zweihander,Dragonkin,7,Colossal Sword,SwordGigantic,0.98,standard,standard,0,0,0,162,0,0.4,0.35,0.8,0,0,19,11,0,0,0,0,0,0,0,0,0,0,6,6,6,6,106,Stamp,0,0,0
4040600,Zweihander,Gravity,7,Colossal Sword,SwordGigantic,0.98,standard,standard,162,0,0,0,0,0.4,0.35,0.9,0,0,19,11,0,0,0,0,0,0,0,0,0,0,6,6,6,6,106,Stamp,0,0,0
4040700,Zweihander,Flame,7,Colossal Sword,SwordGigantic,0.98,standard,standard,0,0,162,0,0,0.4,0.35,0,0.8,0,19,11,0,0,0,0,0,0,0,0,0,0,6,6,6,6,106,Stamp,0,0,0
4040800,Zweihander,Golden,7,Colossal Sword,SwordGigantic,0.98,standard,standard,0,0,0,0,141,0.4,0.35,0,0.9,0,19,11,0,0,0,0,0,0,0,0,0,0,6,6,6,6,106,Stamp,0,0,0
4040900,Zweihander,Draconic,7,Colossal Sword,SwordGigantic,0.98,standard,standard,0,0,0,162,0,0.4,0.35,0,0.9,0,19,11,0,0,0,0,0,0,0,0,0,0,6,6,6,6,106,Stamp,0,0,0
4041000,Zweihander,Bestial,7,Colossal Sword,SwordGigantic,0.98,standard,standard,162,0,0,0,0,0.4,0.35,0,0.9,0,19,11,0,0,0,0,0,0,0,0,0,0,6,6,6,6,106,Stamp,0,0,0
4041100,Zweihander,Night,7,Colossal Sword,SwordGigantic,0.98,standard,standard,0,162,0,0,0,0.35,0.3,0.7,0.7,0,19,11,0,0,0,0,0,0,0,0,0,0,6,6,6,6,106,Stamp,0,0,0
4041200,Zweihander,Lava,7,Colossal Sword,SwordGigantic,0.98,standard,standard,0,0,162,0,0,0.35,0.3,0.7,0.7,0,19,11,0,0,0,0,0,0,0,0,0,0,6,6,6,6,106,Stamp,0,0,0
4041300,Zweihander,Frenzy,7,Colossal Sword,SwordGigantic,0.98,standard,standard,0,0,162,0,0,0.35,0.3,0.6,0.6,0,19,11,0,0,0,0,0,0,0,0,0,0,6,6,6,6,106,Stamp,0,0,0
4041400,Zweihander,Death,7,Colossal Sword,SwordGigantic,0.98,standard,standard,0,0,0,0,141,0.35,0.3,0.6,0.6,0,19,11,0,0,0,0,0,0,0,0,0,0,6,6,6,6,106,Stamp,0,0,0
4041500,Zweihander,Godslayer,7,Colossal Sword,SwordGigantic,0.98,standard,standard,0,0,0,0,141,0.35,0.3,0.6,0.6,0,19,11,0,0,0,0,0,0,0,0,0,0,6,6,6,6,106,Stamp,0,0,0
4041600,Zweihander,Frost,7,Colossal Sword,SwordGigantic,0.98,standard,standard,0,162,0,0,0,0.35,0.3,0.6,0,0.6,19,11,0,0,0,0,0,0,0,0,0,0,6,6,6,6,106,Stamp,0,0,0
4041700,Zweihander,Aberrant,7,Colossal Sword,SwordGigantic,0.98,standard,standard,162,0,0,0,0,0.35,0.3,0.6,0,0.6,19,11,0,0,0,0,0,0,0,0,0,0,6,6,6,6,106,Stamp,0,0,0
4041800,Zweihander,Bloodflame,7,Colossal Sword,SwordGigantic,0.98,standard,standard,0,0,162,0,0,0.35,0.3,0,0.6,0.6,19,11,0,0,0,0,0,0,0,0,0,0,6,6,6,6,106,Stamp,0,0,0
4041900,Zweihander,Rotten,7,Colossal Sword,SwordGigantic,0.98,standard,standard,162,0,0,0,0,0.35,0.3,0,0.6,0.6,19,11,0,0,0,0,0,0,0,0,0,0,6,6,6,6,106,Stamp,0,0,0
4042000,Zweihander,Storm,7,Colossal Sword,SwordGigantic,0.98,standard,standard,162,0,0,0,0,0.35,0.3,0.7,0.7,0,19,11,0,0,0,0,0,0,0,0,0,0,6,6,6,6,106,Stamp,0,0,0
4042100,Zweihander,Mystic,7,Colossal Sword,SwordGigantic,0.98,standard,standard,0,162,0,0,0,0.35,0.3,0,0.6,0.6,19,11,0,0,0,0,0,0,0,0,0,0,6,6,6,6,106,Stamp,0,0,0
4050000,Starscourge Greatsword,Standard,7,Colossal Sword,SwordGigantic,1.03,standard,standard,155,0,0,0,0,0.75,0.35,1,0,0,30,10,30,0,0,2200,0,0,0,0,0,0,6,6,6,6,1032,Starcaller Cry,1,1,0
4060000,Royal Greatsword,Standard,7,Colossal Sword,SwordGigantic,1.07,standard,standard,0,154,0,0,0,0.7,0.45,0.65,0,0.65,26,18,22,0,22,2200,0,0,0,0,0,0,6,6,6,6,1025,Wolf's Assault,1,0,0
4070000,Godslayer's Greatsword,Standard,7,Colossal Sword,SwordGigantic,1.02,standard,standard,0,0,0,0,152,0.7,0.3,0.7,0.7,0,20,20,20,20,0,2200,0,0,0,0,0,0,6,6,6,6,1170,The Queen's Black Flame,1,0,0
4080000,Ruins Greatsword,Standard,7,Colossal Sword,SwordGigantic,1.075,standard,standard,160,0,0,0,0,0.95,0.25,0.75,0,0,30,0,30,0,0,2200,0,0,0,0,0,0,6,6,6,6,1033,Wave of Destruction,1,0,0
4100000,Grafted Blade Greatsword,Standard,7,Colossal Sword,SwordGigantic,1.045,standard,standard,162,0,0,0,0,1.25,0.45,0,0,0,40,14,0,0,0,2200,0,0,0,0,0,0,6,6,6,6,1042,Oath of Vengeance,1,0,0
4110000,Troll Knight's Sword,Standard,7,Colossal Sword,SwordGigantic,1,standard,standard,0,159,0,0,0,0.75,0.35,0.9,0,0,20,14,18,0,0,2200,0,0,0,0,0,0,6,6,6,6,653,Troll's Roar,1,0,0
4120000,Gravelstone Arcblades,Standard,7,Colossal Sword,SwordGigantic,1.03,strike,standard,0,0,0,158,0,0.95,0.45,0,0.95,0,30,10,0,30,0,2200,0,0,0,0,0,0,6,6,6,6,1059,Wrath of the Ancients,1,1,0
4130000,Osian's Greatsword [Quality],Standard,7,Colossal Sword,SwordGigantic,0.98,pierce,standard,161,0,0,0,0,0.95,0.85,0,0,0,20,20,0,0,0,2200,0,0,0,0,0,0,6,6,6,6,132,Osian's Fury,1,0,0
4140000,Fingerprint Hexmark [Frenzy],Standard,7,Colossal Sword,SwordGigantic,0.98,pierce,standard,0,0,149,0,0,0.6,0.3,0.8,0.8,0,20,10,25,25,0,2200,0,0,0,0,0,0,6,6,6,6,150,,1,0,0
4500000,Ancient Meteoric Ore Greatsword,Standard,7,Colossal Sword,SwordGigantic,1.06,pierce,standard,165,0,0,0,0,1,0.15,1,0,0,25,10,25,0,0,2200,0,0,0,0,0,0,6,6,6,6,5240,Cosmic Burst,1,0,0
4520000,Fire Knight's Greatsword,Standard,7,Colossal Sword,SwordGigantic,0.97,pierce,standard,0,0,195,0,0,0.9,0.35,0,0.95,0,18,12,0,22,0,0,0,0,0,0,0,0,6,6,6,6,106,Stamp,1,0,0
4530000,Greatswords of Radahn,Standard,7,Colossal Sword,SwordGigantic,1.03,pierce,standard,0,0,0,0,165,0.95,0.5,0,0.95,0,26,15,0,26,0,2200,0,0,4,0,0,0,6,6,6,6,5200,Lord of Light Stance,1,1,0
4540000,Moonrithyll's Knight Sword,Standard,7,Colossal Sword,SwordGigantic,1,pierce,standard,0,162,0,0,0,0.95,0.15,0.95,0,0,18,14,18,0,0,2200,0,0,0,0,0,0,6,6,6,6,5550,Tremendous Phalanx,1,0,0
5000000,Estoc,Standard,15,Thrusting Sword,SwordPierce,1.2,pierce,standard,123,0,0,0,0,0.1,0.8,0,0,0,11,13,0,0,0,0,0,0,0,0,0,0,6,6,6,6,101,Impaling Thrust,0,0,0
5000100,Estoc,Heavy,15,Thrusting Sword,SwordPierce,1.2,pierce,standard,123,0,0,0,0,0.55,0.5,0,0,0,11,13,0,0,0,0,0,0,0,0,0,0,6,6,6,6,101,Impaling Thrust,0,0,0
5000200,Estoc,Keen,15,Thrusting Sword,SwordPierce,1.2,pierce,standard,123,0,0,0,0,0.05,1.25,0,0,0,11,13,0,0,0,0,0,0,0,0,0,0,6,6,6,6,101,Impaling Thrust,0,0,0
5000300,Estoc,Quality,15,Thrusting Sword,SwordPierce,1.2,pierce,standard,123,0,0,0,0,0.35,0.7,0,0,0,11,13,0,0,0,0,0,0,0,0,0,0,6,6,6,6,101,Impaling Thrust,0,0,0
5000400,Estoc,Glint,15,Thrusting Sword,SwordPierce,1.2,pierce,standard,0,123,0,0,0,0.05,0.3,0.9,0,0,11,13,0,0,0,0,0,0,0,0,0,0,6,6,6,6,101,Impaling Thrust,0,0,0
5000500,Estoc,Dragonkin,15,Thrusting Sword,SwordPierce,1.2,pierce,standard,0,0,0,123,0,0.05,0.3,0.8,0,0,11,13,0,0,0,0,0,0,0,0,0,0,6,6,6,6,101,Impaling Thrust,0,0,0
5000600,Estoc,Gravity,15,Thrusting Sword,SwordPierce,1.2,pierce,standard,123,0,0,0,0,0.05,0.3,0.9,0,0,11,13,0,0,0,0,0,0,0,0,0,0,6,6,6,6,101,Impaling Thrust,0,0,0
5000700,Estoc,Flame,15,Thrusting Sword,SwordPierce,1.2,pierce,standard,0,0,123,0,0,0.05,0.3,0,0.8,0,11,13,0,0,0,0,0,0,0,0,0,0,6,6,6,6,101,Impaling Thrust,0,0,0
5000800,Estoc,Golden,15,Thrusting Sword,SwordPierce,1.2,pierce,standard,0,0,0,0,107,0.05,0.3,0,0.9,0,11,13,0,0,0,0,0,0,0,0,0,0,6,6,6,6,101,Impaling Thrust,0,0,0
5000900,Estoc,Draconic,15,Thrusting Sword,SwordPierce,1.2,pierce,standard,0,0,0,123,0,0.05,0.3,0,0.9,0,11,13,0,0,0,0,0,0,0,0,0,0,6,6,6,6,101,Impaling Thrust,0,0,0
5001000,Estoc,Bestial,15,Thrusting Sword,SwordPierce,1.2,pierce,standard,123,0,0,0,0,0.05,0.3,0,0.9,0,11,13,0,0,0,0,0,0,0,0,0,0,6,6,6,6,101,Impaling Thrust,0,0,0
5001100,Estoc,Night,15,Thrusting Sword,SwordPierce,1.2,pierce,standard,0,123,0,0,0,0.05,0.3,0.65,0.65,0,11,13,0,0,0,0,0,0,0,0,0,0,6,6,6,6,101,Impaling Thrust,0,0,0
5001200,Estoc,Lava,15,Thrusting Sword,SwordPierce,1.2,pierce,standard,0,0,123,0,0,0.05,0.3,0.65,0.65,0,11,13,0,0,0,0,0,0,0,0,0,0,6,6,6,6,101,Impaling Thrust,0,0,0
5001300,Estoc,Frenzy,15,Thrusting Sword,SwordPierce,1.2,pierce,standard,0,0,123,0,0,0.05,0.3,0.55,0.55,0,11,13,0,0,0,0,0,0,0,0,0,0,6,6,6,6,101,Impaling Thrust,0,0,0
5001400,Estoc,Death,15,Thrusting Sword,SwordPierce,1.2,pierce,standard,0,0,0,0,107,0.05,0.3,0.55,0.55,0,11,13,0,0,0,0,0,0,0,0,0,0,6,6,6,6,101,Impaling Thrust,0,0,0
5001500,Estoc,Godslayer,15,Thrusting Sword,SwordPierce,1.2,pierce,standard,0,0,0,0,107,0.05,0.3,0.55,0.55,0,11,13,0,0,0,0,0,0,0,0,0,0,6,6,6,6,101,Impaling Thrust,0,0,0
5001600,Estoc,Frost,15,Thrusting Sword,SwordPierce,1.2,pierce,standard,0,123,0,0,0,0.05,0.3,0.55,0,0.55,11,13,0,0,0,0,0,0,0,0,0,0,6,6,6,6,101,Impaling Thrust,0,0,0
5001700,Estoc,Aberrant,15,Thrusting Sword,SwordPierce,1.2,pierce,standard,123,0,0,0,0,0.05,0.3,0.55,0,0.55,11,13,0,0,0,0,0,0,0,0,0,0,6,6,6,6,101,Impaling Thrust,0,0,0
5001800,Estoc,Bloodflame,15,Thrusting Sword,SwordPierce,1.2,pierce,standard,0,0,123,0,0,0.05,0.3,0,0.55,0.55,11,13,0,0,0,0,0,0,0,0,0,0,6,6,6,6,101,Impaling Thrust,0,0,0
5001900,Estoc,Rotten,15,Thrusting Sword,SwordPierce,1.2,pierce,standard,123,0,0,0,0,0.05,0.3,0,0.55,0.55,11,13,0,0,0,0,0,0,0,0,0,0,6,6,6,6,101,Impaling Thrust,0,0,0
5002000,Estoc,Storm,15,Thrusting Sword,SwordPierce,1.2,pierce,standard,123,0,0,0,0,0.05,0.3,0.65,0.65,0,11,13,0,0,0,0,0,0,0,0,0,0,6,6,6,6,101,Impaling Thrust,0,0,0
5002100,Estoc,Mystic,15,Thrusting Sword,SwordPierce,1.2,pierce,standard,0,123,0,0,0,0.05,0.3,0,0.55,0.55,11,13,0,0,0,0,0,0,0,0,0,0,6,6,6,6,101,Impaling Thrust,0,0,0
5010000,Cleanrot Knight's Sword,Standard,15,Thrusting Sword,SwordPierce,1.13,pierce,standard,125,0,0,0,0,0.1,0.8,0,0,0,11,13,0,0,0,0,0,0,0,0,0,0,6,6,6,6,101,Impaling Thrust,0,0,0
5010100,Cleanrot Knight's Sword,Heavy,15,Thrusting Sword,SwordPierce,1.13,pierce,standard,125,0,0,0,0,0.55,0.5,0,0,0,11,13,0,0,0,0,0,0,0,0,0,0,6,6,6,6,101,Impaling Thrust,0,0,0
5010200,Cleanrot Knight's Sword,Keen,15,Thrusting Sword,SwordPierce,1.13,pierce,standard,125,0,0,0,0,0.05,1.25,0,0,0,11,13,0,0,0,0,0,0,0,0,0,0,6,6,6,6,101,Impaling Thrust,0,0,0
5010300,Cleanrot Knight's Sword,Quality,15,Thrusting Sword,SwordPierce,1.13,pierce,standard,125,0,0,0,0,0.35,0.7,0,0,0,11,13,0,0,0,0,0,0,0,0,0,0,6,6,6,6,101,Impaling Thrust,0,0,0
5010400,Cleanrot Knight's Sword,Glint,15,Thrusting Sword,SwordPierce,1.13,pierce,standard,0,125,0,0,0,0.05,0.3,0.9,0,0,11,13,0,0,0,0,0,0,0,0,0,0,6,6,6,6,101,Impaling Thrust,0,0,0
5010500,Cleanrot Knight's Sword,Dragonkin,15,Thrusting Sword,SwordPierce,1.13,pierce,standard,0,0,0,125,0,0.05,0.3,0.8,0,0,11,13,0,0,0,0,0,0,0,0,0,0,6,6,6,6,101,Impaling Thrust,0,0,0
5010600,Cleanrot Knight's Sword,Gravity,15,Thrusting Sword,SwordPierce,1.13,pierce,standard,125,0,0,0,0,0.05,0.3,0.9,0,0,11,13,0,0,0,0,0,0,0,0,0,0,6,6,6,6,101,Impaling Thrust,0,0,0
5010700,Cleanrot Knight's Sword,Flame,15,Thrusting Sword,SwordPierce,1.13,pierce,standard,0,0,125,0,0,0.05,0.3,0,0.8,0,11,13,0,0,0,0,0,0,0,0,0,0,6,6,6,6,101,Impaling Thrust,0,0,0
5010800,Cleanrot Knight's Sword,Golden,15,Thrusting Sword,SwordPierce,1.13,pierce,standard,0,0,0,0,109,0.05,0.3,0,1.15,0,11,13,0,0,0,0,0,0,0,0,0,0,6,6,6,6,101,Impaling Thrust,0,0,0
5010900,Cleanrot Knight's Sword,Draconic,15,Thrusting Sword,SwordPierce,1.13,pierce,standard,0,0,0,125,0,0.05,0.3,0,0.9,0,11,13,0,0,0,0,0,0,0,0,0,0,6,6,6,6,101,Impaling Thrust,0,0,0
5011000,Cleanrot Knight's Sword,Bestial,15,Thrusting Sword,SwordPierce,1.13,pierce,standard,125,0,0,0,0,0.05,0.3,0,0.9,0,11,13,0,0,0,0,0,0,0,0,0,0,6,6,6,6,101,Impaling Thrust,0,0,0
5011100,Cleanrot Knight's Sword,Night,15,Thrusting Sword,SwordPierce,1.13,pierce,standard,0,125,0,0,0,0.05,0.3,0.65,0.65,0,11,13,0,0,0,0,0,0,0,0,0,0,6,6,6,6,101,Impaling Thrust,0,0,0
5011200,Cleanrot Knight's Sword,Lava,15,Thrusting Sword,SwordPierce,1.13,pierce,standard,0,0,125,0,0,0.05,0.3,0.65,0.65,0,11,13,0,0,0,0,0,0,0,0,0,0,6,6,6,6,101,Impaling Thrust,0,0,0
5011300,Cleanrot Knight's Sword,Frenzy,15,Thrusting Sword,SwordPierce,1.13,pierce,standard,0,0,125,0,0,0.05,0.3,0.55,0.55,0,11,13,0,0,0,0,0,0,0,0,0,0,6,6,6,6,101,Impaling Thrust,0,0,0
5011400,Cleanrot Knight's Sword,Death,15,Thrusting Sword,SwordPierce,1.13,pierce,standard,0,0,0,0,109,0.05,0.3,0.55,0.55,0,11,13,0,0,0,0,0,0,0,0,0,0,6,6,6,6,101,Impaling Thrust,0,0,0
5011500,Cleanrot Knight's Sword,Godslayer,15,Thrusting Sword,SwordPierce,1.13,pierce,standard,0,0,0,0,109,0.05,0.3,0.55,0.55,0,11,13,0,0,0,0,0,0,0,0,0,0,6,6,6,6,101,Impaling Thrust,0,0,0
5011600,Cleanrot Knight's Sword,Frost,15,Thrusting Sword,SwordPierce,1.13,pierce,standard,0,125,0,0,0,0.05,0.3,0.55,0,0.55,11,13,0,0,0,0,0,0,0,0,0,0,6,6,6,6,101,Impaling Thrust,0,0,0
5011700,Cleanrot Knight's Sword,Aberrant,15,Thrusting Sword,SwordPierce,1.13,pierce,standard,125,0,0,0,0,0.05,0.3,0.55,0,0.55,11,13,0,0,0,0,0,0,0,0,0,0,6,6,6,6,101,Impaling Thrust,0,0,0
5011800,Cleanrot Knight's Sword,Bloodflame,15,Thrusting Sword,SwordPierce,1.13,pierce,standard,0,0,125,0,0,0.05,0.3,0,0.55,0.55,11,13,0,0,0,0,0,0,0,0,0,0,6,6,6,6,101,Impaling Thrust,0,0,0
5011900,Cleanrot Knight's Sword,Rotten,15,Thrusting Sword,SwordPierce,1.13,pierce,standard,125,0,0,0,0,0.05,0.45,0,0.65,0.65,11,13,0,0,0,0,0,0,0,0,0,0,6,6,6,6,101,Impaling Thrust,0,0,0
5012000,Cleanrot Knight's Sword,Storm,15,Thrusting Sword,SwordPierce,1.13,pierce,standard,125,0,0,0,0,0.05,0.3,0.65,0.65,0,11,13,0,0,0,0,0,0,0,0,0,0,6,6,6,6,101,Impaling Thrust,0,0,0
5012100,Cleanrot Knight's Sword,Mystic,15,Thrusting Sword,SwordPierce,1.13,pierce,standard,0,125,0,0,0,0.05,0.3,0,0.55,0.55,11,13,0,0,0,0,0,0,0,0,0,0,6,6,6,6,101,Impaling Thrust,0,0,0
5020000,Rapier,Standard,15,Thrusting Sword,SwordPierce,1,pierce,standard,110,0,0,0,0,0.1,0.8,0,0,0,7,10,0,0,0,0,0,0,0,0,0,0,6,6,6,6,101,Impaling Thrust,0,0,0
5020100,Rapier,Heavy,15,Thrusting Sword,SwordPierce,1,pierce,standard,110,0,0,0,0,0.55,0.5,0,0,0,7,10,0,0,0,0,0,0,0,0,0,0,6,6,6,6,101,Impaling Thrust,0,0,0
5020200,Rapier,Keen,15,Thrusting Sword,SwordPierce,1,pierce,standard,110,0,0,0,0,0.05,1.25,0,0,0,7,10,0,0,0,0,0,0,0,0,0,0,6,6,6,6,101,Impaling Thrust,0,0,0
5020300,Rapier,Quality,15,Thrusting Sword,SwordPierce,1,pierce,standard,110,0,0,0,0,0.35,0.7,0,0,0,7,10,0,0,0,0,0,0,0,0,0,0,6,6,6,6,101,Impaling Thrust,0,0,0
5020400,Rapier,Glint,15,Thrusting Sword,SwordPierce,1,pierce,standard,0,110,0,0,0,0.05,0.3,0.9,0,0,7,10,0,0,0,0,0,0,0,0,0,0,6,6,6,6,101,Impaling Thrust,0,0,0
5020500,Rapier,Dragonkin,15,Thrusting Sword,SwordPierce,1,pierce,standard,0,0,0,110,0,0.05,0.3,0.8,0,0,7,10,0,0,0,0,0,0,0,0,0,0,6,6,6,6,101,Impaling Thrust,0,0,0
5020600,Rapier,Gravity,15,Thrusting Sword,SwordPierce,1,pierce,standard,110,0,0,0,0,0.05,0.3,0.9,0,0,7,10,0,0,0,0,0,0,0,0,0,0,6,6,6,6,101,Impaling Thrust,0,0,0
5020700,Rapier,Flame,15,Thrusting Sword,SwordPierce,1,pierce,standard,0,0,110,0,0,0.05,0.3,0,0.8,0,7,10,0,0,0,0,0,0,0,0,0,0,6,6,6,6,101,Impaling Thrust,0,0,0
5020800,Rapier,Golden,15,Thrusting Sword,SwordPierce,1,pierce,standard,0,0,0,0,96,0.05,0.3,0,0.9,0,7,10,0,0,0,0,0,0,0,0,0,0,6,6,6,6,101,Impaling Thrust,0,0,0
5020900,Rapier,Draconic,15,Thrusting Sword,SwordPierce,1,pierce,standard,0,0,0,110,0,0.05,0.3,0,0.9,0,7,10,0,0,0,0,0,0,0,0,0,0,6,6,6,6,101,Impaling Thrust,0,0,0
5021000,Rapier,Bestial,15,Thrusting Sword,SwordPierce,1,pierce,standard,110,0,0,0,0,0.05,0.3,0,0.9,0,7,10,0,0,0,0,0,0,0,0,0,0,6,6,6,6,101,Impaling Thrust,0,0,0
5021100,Rapier,Night,15,Thrusting Sword,SwordPierce,1,pierce,standard,0,110,0,0,0,0.05,0.3,0.65,0.65,0,7,10,0,0,0,0,0,0,0,0,0,0,6,6,6,6,101,Impaling Thrust,0,0,0
5021200,Rapier,Lava,15,Thrusting Sword,SwordPierce,1,pierce,standard,0,0,110,0,0,0.05,0.3,0.65,0.65,0,7,10,0,0,0,0,0,0,0,0,0,0,6,6,6,6,101,Impaling Thrust,0,0,0
5021300,Rapier,Frenzy,15,Thrusting Sword,SwordPierce,1,pierce,standard,0,0,110,0,0,0.05,0.3,0.55,0.55,0,7,10,0,0,0,0,0,0,0,0,0,0,6,6,6,6,101,Impaling Thrust,0,0,0
5021400,Rapier,Death,15,Thrusting Sword,SwordPierce,1,pierce,standard,0,0,0,0,96,0.05,0.3,0.55,0.55,0,7,10,0,0,0,0,0,0,0,0,0,0,6,6,6,6,101,Impaling Thrust,0,0,0
5021500,Rapier,Godslayer,15,Thrusting Sword,SwordPierce,1,pierce,standard,0,0,0,0,96,0.05,0.3,0.55,0.55,0,7,10,0,0,0,0,0,0,0,0,0,0,6,6,6,6,101,Impaling Thrust,0,0,0
5021600,Rapier,Frost,15,Thrusting Sword,SwordPierce,1,pierce,standard,0,110,0,0,0,0.05,0.3,0.55,0,0.55,7,10,0,0,0,0,0,0,0,0,0,0,6,6,6,6,101,Impaling Thrust,0,0,0
5021700,Rapier,Aberrant,15,Thrusting Sword,SwordPierce,1,pierce,standard,110,0,0,0,0,0.05,0.3,0.55,0,0.55,7,10,0,0,0,0,0,0,0,0,0,0,6,6,6,6,101,Impaling Thrust,0,0,0
5021800,Rapier,Bloodflame,15,Thrusting Sword,SwordPierce,1,pierce,standard,0,0,110,0,0,0.05,0.3,0,0.55,0.55,7,10,0,0,0,0,0,0,0,0,0,0,6,6,6,6,101,Impaling Thrust,0,0,0
5021900,Rapier,Rotten,15,Thrusting Sword,SwordPierce,1,pierce,standard,110,0,0,0,0,0.05,0.3,0,0.55,0.55,7,10,0,0,0,0,0,0,0,0,0,0,6,6,6,6,101,Impaling Thrust,0,0,0
5022000,Rapier,Storm,15,Thrusting Sword,SwordPierce,1,pierce,standard,110,0,0,0,0,0.05,0.3,0.65,0.65,0,7,10,0,0,0,0,0,0,0,0,0,0,6,6,6,6,101,Impaling Thrust,0,0,0
5022100,Rapier,Mystic,15,Thrusting Sword,SwordPierce,1,pierce,standard,0,110,0,0,0,0.05,0.3,0,0.55,0.55,7,10,0,0,0,0,0,0,0,0,0,0,6,6,6,6,101,Impaling Thrust,0,0,0
5030000,Rogier's Rapier,Standard,15,Thrusting Sword,SwordPierce,1.1,pierce,standard,0,93,0,0,0,0.05,0.3,1.05,0,0,8,12,17,0,0,2200,0,0,0,0,0,0,6,6,6,6,218,Carian Grandeur,1,0,0
5040000,Antspur Rapier,Standard,15,Thrusting Sword,SwordPierce,1.03,pierce,standard,98,0,0,0,0,0.1,0.55,0,0.7,0.7,6,8,0,12,12,2200,0,0,0,0,0,0,6,6,6,6,101,Impaling Thrust,1,0,0
5050000,Frozen Needle,Standard,15,Thrusting Sword,SwordPierce,1,pierce,standard,0,99,0,0,0,0.1,0.6,0.75,0,0.75,8,10,10,0,10,2200,0,0,0,0,0,0,6,6,6,6,227,Chilling Mist,1,0,0
5060000,Noble's Estoc,Standard,15,Thrusting Sword,SwordPierce,1.14,pierce,standard,120,0,0,0,0,0.1,0.8,0,0,0,9,10,0,0,0,0,0,0,0,0,0,0,6,6,6,6,101,Impaling Thrust,0,0,0
5060100,Noble's Estoc,Heavy,15,Thrusting Sword,SwordPierce,1.14,pierce,standard,120,0,0,0,0,0.55,0.5,0,0,0,9,10,0,0,0,0,0,0,0,0,0,0,6,6,6,6,101,Impaling Thrust,0,0,0
5060200,Noble's Estoc,Keen,15,Thrusting Sword,SwordPierce,1.14,pierce,standard,120,0,0,0,0,0.05,1.25,0,0,0,9,10,0,0,0,0,0,0,0,0,0,0,6,6,6,6,101,Impaling Thrust,0,0,0
5060300,Noble's Estoc,Quality,15,Thrusting Sword,SwordPierce,1.14,pierce,standard,120,0,0,0,0,0.35,0.7,0,0,0,9,10,0,0,0,0,0,0,0,0,0,0,6,6,6,6,101,Impaling Thrust,0,0,0
5060400,Noble's Estoc,Glint,15,Thrusting Sword,SwordPierce,1.14,pierce,standard,0,120,0,0,0,0.05,0.3,0.9,0,0,9,10,0,0,0,0,0,0,0,0,0,0,6,6,6,6,101,Impaling Thrust,0,0,0
5060500,Noble's Estoc,Dragonkin,15,Thrusting Sword,SwordPierce,1.14,pierce,standard,0,0,0,120,0,0.05,0.3,0.8,0,0,9,10,0,0,0,0,0,0,0,0,0,0,6,6,6,6,101,Impaling Thrust,0,0,0
5060600,Noble's Estoc,Gravity,15,Thrusting Sword,SwordPierce,1.14,pierce,standard,120,0,0,0,0,0.05,0.3,0.9,0,0,9,10,0,0,0,0,0,0,0,0,0,0,6,6,6,6,101,Impaling Thrust,0,0,0
5060700,Noble's Estoc,Flame,15,Thrusting Sword,SwordPierce,1.14,pierce,standard,0,0,120,0,0,0.05,0.3,0,0.8,0,9,10,0,0,0,0,0,0,0,0,0,0,6,6,6,6,101,Impaling Thrust,0,0,0
5060800,Noble's Estoc,Golden,15,Thrusting Sword,SwordPierce,1.14,pierce,standard,0,0,0,0,104,0.05,0.3,0,0.9,0,9,10,0,0,0,0,0,0,0,0,0,0,6,6,6,6,101,Impaling Thrust,0,0,0
5060900,Noble's Estoc,Draconic,15,Thrusting Sword,SwordPierce,1.14,pierce,standard,0,0,0,120,0,0.05,0.3,0,0.9,0,9,10,0,0,0,0,0,0,0,0,0,0,6,6,6,6,101,Impaling Thrust,0,0,0
5061000,Noble's Estoc,Bestial,15,Thrusting Sword,SwordPierce,1.14,pierce,standard,120,0,0,0,0,0.05,0.3,0,0.9,0,9,10,0,0,0,0,0,0,0,0,0,0,6,6,6,6,101,Impaling Thrust,0,0,0
5061100,Noble's Estoc,Night,15,Thrusting Sword,SwordPierce,1.14,pierce,standard,0,120,0,0,0,0.05,0.3,0.65,0.65,0,9,10,0,0,0,0,0,0,0,0,0,0,6,6,6,6,101,Impaling Thrust,0,0,0
5061200,Noble's Estoc,Lava,15,Thrusting Sword,SwordPierce,1.14,pierce,standard,0,0,120,0,0,0.05,0.3,0.65,0.65,0,9,10,0,0,0,0,0,0,0,0,0,0,6,6,6,6,101,Impaling Thrust,0,0,0
5061300,Noble's Estoc,Frenzy,15,Thrusting Sword,SwordPierce,1.14,pierce,standard,0,0,120,0,0,0.05,0.3,0.55,0.55,0,9,10,0,0,0,0,0,0,0,0,0,0,6,6,6,6,101,Impaling Thrust,0,0,0
5061400,Noble's Estoc,Death,15,Thrusting Sword,SwordPierce,1.14,pierce,standard,0,0,0,0,104,0.05,0.3,0.55,0.55,0,9,10,0,0,0,0,0,0,0,0,0,0,6,6,6,6,101,Impaling Thrust,0,0,0
5061500,Noble's Estoc,Godslayer,15,Thrusting Sword,SwordPierce,1.14,pierce,standard,0,0,0,0,104,0.05,0.4,0.65,0.65,0,9,10,0,0,0,0,0,0,0,0,0,0,6,6,6,6,101,Impaling Thrust,0,0,0
5061600,Noble's Estoc,Frost,15,Thrusting Sword,SwordPierce,1.14,pierce,standard,0,120,0,0,0,0.05,0.3,0.55,0,0.55,9,10,0,0,0,0,0,0,0,0,0,0,6,6,6,6,101,Impaling Thrust,0,0,0
5061700,Noble's Estoc,Aberrant,15,Thrusting Sword,SwordPierce,1.14,pierce,standard,120,0,0,0,0,0.05,0.4,0.65,0,0.65,9,10,0,0,0,0,0,0,0,0,0,0,6,6,6,6,101,Impaling Thrust,0,0,0
5061800,Noble's Estoc,Bloodflame,15,Thrusting Sword,SwordPierce,1.14,pierce,standard,0,0,120,0,0,0.05,0.3,0,0.55,0.55,9,10,0,0,0,0,0,0,0,0,0,0,6,6,6,6,101,Impaling Thrust,0,0,0
5061900,Noble's Estoc,Rotten,15,Thrusting Sword,SwordPierce,1.14,pierce,standard,120,0,0,0,0,0.05,0.3,0,0.55,0.55,9,10,0,0,0,0,0,0,0,0,0,0,6,6,6,6,101,Impaling Thrust,0,0,0
5062000,Noble's Estoc,Storm,15,Thrusting Sword,SwordPierce,1.14,pierce,standard,120,0,0,0,0,0.05,0.3,0.65,0.65,0,9,10,0,0,0,0,0,0,0,0,0,0,6,6,6,6,101,Impaling Thrust,0,0,0
5062100,Noble's Estoc,Mystic,15,Thrusting Sword,SwordPierce,1.14,pierce,standard,0,120,0,0,0,0.05,0.3,0,0.55,0.55,9,10,0,0,0,0,0,0,0,0,0,0,6,6,6,6,101,Impaling Thrust,0,0,0
5070000,Thorn of the Guilty,Standard,15,Thrusting Sword,SwordPierce,1.1,pierce,standard,105,0,0,0,0,0.15,0.5,0.8,0,0.8,8,15,15,0,15,2200,0,0,0,0,0,0,6,6,6,6,829,,1,0,0
5080000,Foil of Caddock,Standard,15,Thrusting Sword,SwordPierce,1.14,pierce,standard,107,0,0,0,0,0.15,1.3,0,0,0,7,20,0,0,0,2200,0,0,0,0,0,0,6,6,6,6,109,Repeating Thrust,1,0,0
5090000,Quicksilver Rapier,Standard,15,Thrusting Sword,SwordPierce,1,pierce,standard,0,103,0,0,0,0.05,0.5,0.75,0.75,0,7,10,11,11,0,2200,0,0,0,0,0,0,6,6,6,6,828,,1,0,0
6000000,Bloody Helice,Standard,16,Heavy Thrusting Sword,RapierHeavy,1.17,pierce,standard,0,0,121,0,0,0.15,0.4,0,0.65,0.65,14,14,0,17,17,2200,0,0,0,0,0,0,6,6,6,6,1171,Dynast's Finesse,1,0,0
6010000,Godskin Stitcher,Standard,16,Heavy Thrusting Sword,RapierHeavy,1.1,pierce,standard,0,0,0,0,127,0.2,0.45,0.7,0.7,0,11,15,18,18,0,2200,0,0,0,0,0,0,6,6,6,6,101,Impaling Thrust,1,0,0
6020000,Great Épée,Standard,16,Heavy Thrusting Sword,RapierHeavy,1.03,pierce,standard,143,0,0,0,0,0.4,0.5,0,0,0,15,16,0,0,0,0,0,0,0,0,0,0,6,6,6,6,101,Impaling Thrust,0,0,0
6020100,Great Épée,Heavy,16,Heavy Thrusting Sword,RapierHeavy,1.03,pierce,standard,143,0,0,0,0,0.7,0.35,0,0,0,15,16,0,0,0,0,0,0,0,0,0,0,6,6,6,6,101,Impaling Thrust,0,0,0
6020200,Great Épée,Keen,16,Heavy Thrusting Sword,RapierHeavy,1.03,pierce,standard,143,0,0,0,0,0.2,0.95,0,0,0,15,16,0,0,0,0,0,0,0,0,0,0,6,6,6,6,101,Impaling Thrust,0,0,0
6020300,Great Épée,Quality,16,Heavy Thrusting Sword,RapierHeavy,1.03,pierce,standard,143,0,0,0,0,0.55,0.6,0,0,0,15,16,0,0,0,0,0,0,0,0,0,0,6,6,6,6,101,Impaling Thrust,0,0,0
6020400,Great Épée,Glint,16,Heavy Thrusting Sword,RapierHeavy,1.03,pierce,standard,0,143,0,0,0,0.15,0.2,0.9,0,0,15,16,0,0,0,0,0,0,0,0,0,0,6,6,6,6,101,Impaling Thrust,0,0,0
6020500,Great Épée,Dragonkin,16,Heavy Thrusting Sword,RapierHeavy,1.03,pierce,standard,0,0,0,143,0,0.15,0.2,0.8,0,0,15,16,0,0,0,0,0,0,0,0,0,0,6,6,6,6,101,Impaling Thrust,0,0,0
6020600,Great Épée,Gravity,16,Heavy Thrusting Sword,RapierHeavy,1.03,pierce,standard,143,0,0,0,0,0.15,0.2,0.9,0,0,15,16,0,0,0,0,0,0,0,0,0,0,6,6,6,6,101,Impaling Thrust,0,0,0
6020700,Great Épée,Flame,16,Heavy Thrusting Sword,RapierHeavy,1.03,pierce,standard,0,0,143,0,0,0.15,0.2,0,0.8,0,15,16,0,0,0,0,0,0,0,0,0,0,6,6,6,6,101,Impaling Thrust,0,0,0
6020800,Great Épée,Golden,16,Heavy Thrusting Sword,RapierHeavy,1.03,pierce,standard,0,0,0,0,124,0.15,0.2,0,0.9,0,15,16,0,0,0,0,0,0,0,0,0,0,6,6,6,6,101,Impaling Thrust,0,0,0
6020900,Great Épée,Draconic,16,Heavy Thrusting Sword,RapierHeavy,1.03,pierce,standard,0,0,0,143,0,0.15,0.2,0,0.9,0,15,16,0,0,0,0,0,0,0,0,0,0,6,6,6,6,101,Impaling Thrust,0,0,0
6021000,Great Épée,Bestial,16,Heavy Thrusting Sword,RapierHeavy,1.03,pierce,standard,143,0,0,0,0,0.15,0.2,0,0.9,0,15,16,0,0,0,0,0,0,0,0,0,0,6,6,6,6,101,Impaling Thrust,0,0,0
6021100,Great Épée,Night,16,Heavy Thrusting Sword,RapierHeavy,1.03,pierce,standard,0,143,0,0,0,0.1,0.15,0.7,0.7,0,15,16,0,0,0,0,0,0,0,0,0,0,6,6,6,6,101,Impaling Thrust,0,0,0
6021200,Great Épée,Lava,16,Heavy Thrusting Sword,RapierHeavy,1.03,pierce,standard,0,0,143,0,0,0.1,0.15,0.7,0.7,0,15,16,0,0,0,0,0,0,0,0,0,0,6,6,6,6,101,Impaling Thrust,0,0,0
6021300,Great Épée,Frenzy,16,Heavy Thrusting Sword,RapierHeavy,1.03,pierce,standard,0,0,143,0,0,0.1,0.15,0.6,0.6,0,15,16,0,0,0,0,0,0,0,0,0,0,6,6,6,6,101,Impaling Thrust,0,0,0
6021400,Great Épée,Death,16,Heavy Thrusting Sword,RapierHeavy,1.03,pierce,standard,0,0,0,0,124,0.1,0.15,0.6,0.6,0,15,16,0,0,0,0,0,0,0,0,0,0,6,6,6,6,101,Impaling Thrust,0,0,0
6021500,Great Épée,Godslayer,16,Heavy Thrusting Sword,RapierHeavy,1.03,pierce,standard,0,0,0,0,124,0.1,0.15,0.6,0.6,0,15,16,0,0,0,0,0,0,0,0,0,0,6,6,6,6,101,Impaling Thrust,0,0,0
6021600,Great Épée,Frost,16,Heavy Thrusting Sword,RapierHeavy,1.03,pierce,standard,0,143,0,0,0,0.1,0.15,0.6,0,0.6,15,16,0,0,0,0,0,0,0,0,0,0,6,6,6,6,101,Impaling Thrust,0,0,0
6021700,Great Épée,Aberrant,16,Heavy Thrusting Sword,RapierHeavy,1.03,pierce,standard,143,0,0,0,0,0.1,0.15,0.6,0,0.6,15,16,0,0,0,0,0,0,0,0,0,0,6,6,6,6,101,Impaling Thrust,0,0,0
6021800,Great Épée,Bloodflame,16,Heavy Thrusting Sword,RapierHeavy,1.03,pierce,standard,0,0,143,0,0,0.1,0.15,0,0.6,0.6,15,16,0,0,0,0,0,0,0,0,0,0,6,6,6,6,101,Impaling Thrust,0,0,0
6021900,Great Épée,Rotten,16,Heavy Thrusting Sword,RapierHeavy,1.03,pierce,standard,143,0,0,0,0,0.1,0.15,0,0.6,0.6,15,16,0,0,0,0,0,0,0,0,0,0,6,6,6,6,101,Impaling Thrust,0,0,0
6022000,Great Épée,Storm,16,Heavy Thrusting Sword,RapierHeavy,1.03,pierce,standard,143,0,0,0,0,0.1,0.15,0.7,0.7,0,15,16,0,0,0,0,0,0,0,0,0,0,6,6,6,6,101,Impaling Thrust,0,0,0
6022100,Great Épée,Mystic,16,Heavy Thrusting Sword,RapierHeavy,1.03,pierce,standard,0,143,0,0,0,0.1,0.15,0,0.6,0.6,15,16,0,0,0,0,0,0,0,0,0,0,6,6,6,6,101,Impaling Thrust,0,0,0
6030000,Carwyn's Épée,Standard,16,Heavy Thrusting Sword,RapierHeavy,1.03,pierce,standard,130,0,0,0,0,0.25,1.15,0,0,0,10,22,0,0,0,2200,0,0,0,0,0,0,6,6,6,6,141,Carwyn's Bladestorm,1,0,0
6040000,Dragon King's Cragblade,Standard,16,Heavy Thrusting Sword,RapierHeavy,1.13,pierce,standard,0,0,0,129,0,0.2,0.65,0,0.9,0,18,20,0,20,0,2200,0,0,0,0,0,0,6,6,6,6,1026,Thundercloud Form,1,0,0
6500000,Queelign's Greatsword,Standard,16,Heavy Thrusting Sword,RapierHeavy,1.155,pierce,standard,0,0,148,0,0,0.25,0.75,0,1,0,14,18,0,18,0,0,0,0,0,0,0,0,6,6,6,6,101,Impaling Thrust,1,0,0
7000000,Falchion,Standard,9,Curved Sword,SaberNormal,1.03,slash,slash,125,0,0,0,0,0.3,0.6,0,0,0,9,13,0,0,0,0,0,0,0,0,0,0,6,6,6,6,103,Spinning Slash,0,0,0
7000100,Falchion,Heavy,9,Curved Sword,SaberNormal,1.03,slash,slash,125,0,0,0,0,0.6,0.45,0,0,0,9,13,0,0,0,0,0,0,0,0,0,0,6,6,6,6,103,Spinning Slash,0,0,0
7000200,Falchion,Keen,9,Curved Sword,SaberNormal,1.03,slash,slash,125,0,0,0,0,0.15,1.05,0,0,0,9,13,0,0,0,0,0,0,0,0,0,0,6,6,6,6,103,Spinning Slash,0,0,0
7000300,Falchion,Quality,9,Curved Sword,SaberNormal,1.03,slash,slash,125,0,0,0,0,0.5,0.55,0,0,0,9,13,0,0,0,0,0,0,0,0,0,0,6,6,6,6,103,Spinning Slash,0,0,0
7000400,Falchion,Glint,9,Curved Sword,SaberNormal,1.03,slash,slash,0,125,0,0,0,0.15,0.2,0.9,0,0,9,13,0,0,0,0,0,0,0,0,0,0,6,6,6,6,103,Spinning Slash,0,0,0
7000500,Falchion,Dragonkin,9,Curved Sword,SaberNormal,1.03,slash,slash,0,0,0,125,0,0.15,0.2,0.8,0,0,9,13,0,0,0,0,0,0,0,0,0,0,6,6,6,6,103,Spinning Slash,0,0,0
7000600,Falchion,Gravity,9,Curved Sword,SaberNormal,1.03,slash,slash,125,0,0,0,0,0.15,0.2,0.9,0,0,9,13,0,0,0,0,0,0,0,0,0,0,6,6,6,6,103,Spinning Slash,0,0,0
7000700,Falchion,Flame,9,Curved Sword,SaberNormal,1.03,slash,slash,0,0,125,0,0,0.15,0.2,0,0.8,0,9,13,0,0,0,0,0,0,0,0,0,0,6,6,6,6,103,Spinning Slash,0,0,0
7000800,Falchion,Golden,9,Curved Sword,SaberNormal,1.03,slash,slash,0,0,0,0,109,0.15,0.2,0,0.9,0,9,13,0,0,0,0,0,0,0,0,0,0,6,6,6,6,103,Spinning Slash,0,0,0
7000900,Falchion,Draconic,9,Curved Sword,SaberNormal,1.03,slash,slash,0,0,0,125,0,0.15,0.2,0,0.9,0,9,13,0,0,0,0,0,0,0,0,0,0,6,6,6,6,103,Spinning Slash,0,0,0
7001000,Falchion,Bestial,9,Curved Sword,SaberNormal,1.03,slash,slash,125,0,0,0,0,0.15,0.2,0,0.9,0,9,13,0,0,0,0,0,0,0,0,0,0,6,6,6,6,103,Spinning Slash,0,0,0
7001100,Falchion,Night,9,Curved Sword,SaberNormal,1.03,slash,slash,0,125,0,0,0,0.1,0.15,0.7,0.7,0,9,13,0,0,0,0,0,0,0,0,0,0,6,6,6,6,103,Spinning Slash,0,0,0
7001200,Falchion,Lava,9,Curved Sword,SaberNormal,1.03,slash,slash,0,0,125,0,0,0.1,0.15,0.7,0.7,0,9,13,0,0,0,0,0,0,0,0,0,0,6,6,6,6,103,Spinning Slash,0,0,0
7001300,Falchion,Frenzy,9,Curved Sword,SaberNormal,1.03,slash,slash,0,0,125,0,0,0.1,0.15,0.6,0.6,0,9,13,0,0,0,0,0,0,0,0,0,0,6,6,6,6,103,Spinning Slash,0,0,0
7001400,Falchion,Death,9,Curved Sword,SaberNormal,1.03,slash,slash,0,0,0,0,109,0.1,0.15,0.6,0.6,0,9,13,0,0,0,0,0,0,0,0,0,0,6,6,6,6,103,Spinning Slash,0,0,0
7001500,Falchion,Godslayer,9,Curved Sword,SaberNormal,1.03,slash,slash,0,0,0,0,109,0.1,0.15,0.6,0.6,0,9,13,0,0,0,0,0,0,0,0,0,0,6,6,6,6,103,Spinning Slash,0,0,0
7001600,Falchion,Frost,9,Curved Sword,SaberNormal,1.03,slash,slash,0,125,0,0,0,0.1,0.15,0.6,0,0.6,9,13,0,0,0,0,0,0,0,0,0,0,6,6,6,6,103,Spinning Slash,0,0,0
7001700,Falchion,Aberrant,9,Curved Sword,SaberNormal,1.03,slash,slash,125,0,0,0,0,0.1,0.15,0.6,0,0.6,9,13,0,0,0,0,0,0,0,0,0,0,6,6,6,6,103,Spinning Slash,0,0,0
7001800,Falchion,Bloodflame,9,Curved Sword,SaberNormal,1.03,slash,slash,0,0,125,0,0,0.1,0.15,0,0.6,0.6,9,13,0,0,0,0,0,0,0,0,0,0,6,6,6,6,103,Spinning Slash,0,0,0
7001900,Falchion,Rotten,9,Curved Sword,SaberNormal,1.03,slash,slash,125,0,0,0,0,0.1,0.15,0,0.6,0.6,9,13,0,0,0,0,0,0,0,0,0,0,6,6,6,6,103,Spinning Slash,0,0,0
7002000,Falchion,Storm,9,Curved Sword,SaberNormal,1.03,slash,slash,125,0,0,0,0,0.1,0.15,0.7,0.7,0,9,13,0,0,0,0,0,0,0,0,0,0,6,6,6,6,103,Spinning Slash,0,0,0
7002100,Falchion,Mystic,9,Curved Sword,SaberNormal,1.03,slash,slash,0,125,0,0,0,0.1,0.15,0,0.6,0.6,9,13,0,0,0,0,0,0,0,0,0,0,6,6,6,6,103,Spinning Slash,0,0,0
7010000,Beastman's Curved Sword,Standard,9,Curved Sword,SaberNormal,1.06,slash,slash,113,0,0,0,0,0.45,0.45,0,1.1,0,11,11,0,15,0,2200,0,0,0,0,0,0,6,6,6,6,103,Spinning Slash,1,0,0
7020000,Shotel,Standard,9,Curved Sword,SaberNormal,0.915,slash,slash,110,0,0,0,0,0.25,0.7,0,0,0,9,19,0,0,0,0,0,0,0,0,0,0,6,6,6,6,103,Spinning Slash,0,0,0
7020100,Shotel,Heavy,9,Curved Sword,SaberNormal,0.915,slash,slash,110,0,0,0,0,0.55,0.55,0,0,0,9,19,0,0,0,0,0,0,0,0,0,0,6,6,6,6,103,Spinning Slash,0,0,0
7020200,Shotel,Keen,9,Curved Sword,SaberNormal,0.915,slash,slash,110,0,0,0,0,0.1,1.15,0,0,0,9,19,0,0,0,0,0,0,0,0,0,0,6,6,6,6,103,Spinning Slash,0,0,0
7020300,Shotel,Quality,9,Curved Sword,SaberNormal,0.915,slash,slash,110,0,0,0,0,0.45,0.65,0,0,0,9,19,0,0,0,0,0,0,0,0,0,0,6,6,6,6,103,Spinning Slash,0,0,0
7020400,Shotel,Glint,9,Curved Sword,SaberNormal,0.915,slash,slash,0,110,0,0,0,0.1,0.3,0.9,0,0,9,19,0,0,0,0,0,0,0,0,0,0,6,6,6,6,103,Spinning Slash,0,0,0
7020500,Shotel,Dragonkin,9,Curved Sword,SaberNormal,0.915,slash,slash,0,0,0,110,0,0.1,0.3,0.8,0,0,9,19,0,0,0,0,0,0,0,0,0,0,6,6,6,6,103,Spinning Slash,0,0,0
7020600,Shotel,Gravity,9,Curved Sword,SaberNormal,0.915,slash,slash,110,0,0,0,0,0.1,0.3,0.9,0,0,9,19,0,0,0,0,0,0,0,0,0,0,6,6,6,6,103,Spinning Slash,0,0,0
7020700,Shotel,Flame,9,Curved Sword,SaberNormal,0.915,slash,slash,0,0,110,0,0,0.1,0.3,0,0.8,0,9,19,0,0,0,0,0,0,0,0,0,0,6,6,6,6,103,Spinning Slash,0,0,0
7020800,Shotel,Golden,9,Curved Sword,SaberNormal,0.915,slash,slash,0,0,0,0,96,0.1,0.3,0,0.9,0,9,19,0,0,0,0,0,0,0,0,0,0,6,6,6,6,103,Spinning Slash,0,0,0
7020900,Shotel,Draconic,9,Curved Sword,SaberNormal,0.915,slash,slash,0,0,0,110,0,0.1,0.3,0,0.9,0,9,19,0,0,0,0,0,0,0,0,0,0,6,6,6,6,103,Spinning Slash,0,0,0
7021000,Shotel,Bestial,9,Curved Sword,SaberNormal,0.915,slash,slash,110,0,0,0,0,0.1,0.3,0,0.9,0,9,19,0,0,0,0,0,0,0,0,0,0,6,6,6,6,103,Spinning Slash,0,0,0
7021100,Shotel,Night,9,Curved Sword,SaberNormal,0.915,slash,slash,0,110,0,0,0,0.05,0.25,0.7,0.7,0,9,19,0,0,0,0,0,0,0,0,0,0,6,6,6,6,103,Spinning Slash,0,0,0
7021200,Shotel,Lava,9,Curved Sword,SaberNormal,0.915,slash,slash,0,0,110,0,0,0.05,0.25,0.7,0.7,0,9,19,0,0,0,0,0,0,0,0,0,0,6,6,6,6,103,Spinning Slash,0,0,0
7021300,Shotel,Frenzy,9,Curved Sword,SaberNormal,0.915,slash,slash,0,0,110,0,0,0.05,0.25,0.6,0.6,0,9,19,0,0,0,0,0,0,0,0,0,0,6,6,6,6,103,Spinning Slash,0,0,0
7021400,Shotel,Death,9,Curved Sword,SaberNormal,0.915,slash,slash,0,0,0,0,96,0.05,0.25,0.6,0.6,0,9,19,0,0,0,0,0,0,0,0,0,0,6,6,6,6,103,Spinning Slash,0,0,0
7021500,Shotel,Godslayer,9,Curved Sword,SaberNormal,0.915,slash,slash,0,0,0,0,96,0.05,0.25,0.6,0.6,0,9,19,0,0,0,0,0,0,0,0,0,0,6,6,6,6,103,Spinning Slash,0,0,0
7021600,Shotel,Frost,9,Curved Sword,SaberNormal,0.915,slash,slash,0,110,0,0,0,0.05,0.25,0.6,0,0.6,9,19,0,0,0,0,0,0,0,0,0,0,6,6,6,6,103,Spinning Slash,0,0,0
7021700,Shotel,Aberrant,9,Curved Sword,SaberNormal,0.915,slash,slash,110,0,0,0,0,0.05,0.25,0.6,0,0.6,9,19,0,0,0,0,0,0,0,0,0,0,6,6,6,6,103,Spinning Slash,0,0,0
7021800,Shotel,Bloodflame,9,Curved Sword,SaberNormal,0.915,slash,slash,0,0,110,0,0,0.05,0.25,0,0.6,0.6,9,19,0,0,0,0,0,0,0,0,0,0,6,6,6,6,103,Spinning Slash,0,0,0
7021900,Shotel,Rotten,9,Curved Sword,SaberNormal,0.915,slash,slash,110,0,0,0,0,0.05,0.25,0,0.6,0.6,9,19,0,0,0,0,0,0,0,0,0,0,6,6,6,6,103,Spinning Slash,0,0,0
7022000,Shotel,Storm,9,Curved Sword,SaberNormal,0.915,slash,slash,110,0,0,0,0,0.05,0.25,0.7,0.7,0,9,19,0,0,0,0,0,0,0,0,0,0,6,6,6,6,103,Spinning Slash,0,0,0
7022100,Shotel,Mystic,9,Curved Sword,SaberNormal,0.915,slash,slash,0,110,0,0,0,0.05,0.25,0,0.6,0.6,9,19,0,0,0,0,0,0,0,0,0,0,6,6,6,6,103,Spinning Slash,0,0,0
7030000,Shamshir,Standard,9,Curved Sword,SaberNormal,1.07,slash,slash,124,0,0,0,0,0.25,0.65,0,0,0,7,10,0,0,0,0,0,0,0,0,0,0,6,6,6,6,103,Spinning Slash,0,0,0
7030100,Shamshir,Heavy,9,Curved Sword,SaberNormal,1.07,slash,slash,124,0,0,0,0,0.55,0.5,0,0,0,7,10,0,0,0,0,0,0,0,0,0,0,6,6,6,6,103,Spinning Slash,0,0,0
7030200,Shamshir,Keen,9,Curved Sword,SaberNormal,1.07,slash,slash,124,0,0,0,0,0.1,1.1,0,0,0,7,10,0,0,0,0,0,0,0,0,0,0,6,6,6,6,103,Spinning Slash,0,0,0
7030300,Shamshir,Quality,9,Curved Sword,SaberNormal,1.07,slash,slash,124,0,0,0,0,0.45,0.6,0,0,0,7,10,0,0,0,0,0,0,0,0,0,0,6,6,6,6,103,Spinning Slash,0,0,0
7030400,Shamshir,Glint,9,Curved Sword,SaberNormal,1.07,slash,slash,0,124,0,0,0,0.1,0.25,0.9,0,0,7,10,0,0,0,0,0,0,0,0,0,0,6,6,6,6,103,Spinning Slash,0,0,0
7030500,Shamshir,Dragonkin,9,Curved Sword,SaberNormal,1.07,slash,slash,0,0,0,124,0,0.1,0.25,0.8,0,0,7,10,0,0,0,0,0,0,0,0,0,0,6,6,6,6,103,Spinning Slash,0,0,0
7030600,Shamshir,Gravity,9,Curved Sword,SaberNormal,1.07,slash,slash,124,0,0,0,0,0.1,0.25,0.9,0,0,7,10,0,0,0,0,0,0,0,0,0,0,6,6,6,6,103,Spinning Slash,0,0,0
7030700,Shamshir,Flame,9,Curved Sword,SaberNormal,1.07,slash,slash,0,0,124,0,0,0.1,0.25,0,0.8,0,7,10,0,0,0,0,0,0,0,0,0,0,6,6,6,6,103,Spinning Slash,0,0,0
7030800,Shamshir,Golden,9,Curved Sword,SaberNormal,1.07,slash,slash,0,0,0,0,108,0.1,0.25,0,0.9,0,7,10,0,0,0,0,0,0,0,0,0,0,6,6,6,6,103,Spinning Slash,0,0,0
7030900,Shamshir,Draconic,9,Curved Sword,SaberNormal,1.07,slash,slash,0,0,0,124,0,0.1,0.25,0,0.9,0,7,10,0,0,0,0,0,0,0,0,0,0,6,6,6,6,103,Spinning Slash,0,0,0
7031000,Shamshir,Bestial,9,Curved Sword,SaberNormal,1.07,slash,slash,124,0,0,0,0,0.1,0.25,0,0.9,0,7,10,0,0,0,0,0,0,0,0,0,0,6,6,6,6,103,Spinning Slash,0,0,0
7031100,Shamshir,Night,9,Curved Sword,SaberNormal,1.07,slash,slash,0,124,0,0,0,0.05,0.2,0.7,0.7,0,7,10,0,0,0,0,0,0,0,0,0,0,6,6,6,6,103,Spinning Slash,0,0,0
7031200,Shamshir,Lava,9,Curved Sword,SaberNormal,1.07,slash,slash,0,0,124,0,0,0.05,0.2,0.7,0.7,0,7,10,0,0,0,0,0,0,0,0,0,0,6,6,6,6,103,Spinning Slash,0,0,0
7031300,Shamshir,Frenzy,9,Curved Sword,SaberNormal,1.07,slash,slash,0,0,124,0,0,0.05,0.2,0.6,0.6,0,7,10,0,0,0,0,0,0,0,0,0,0,6,6,6,6,103,Spinning Slash,0,0,0
7031400,Shamshir,Death,9,Curved Sword,SaberNormal,1.07,slash,slash,0,0,0,0,108,0.05,0.2,0.6,0.6,0,7,10,0,0,0,0,0,0,0,0,0,0,6,6,6,6,103,Spinning Slash,0,0,0
7031500,Shamshir,Godslayer,9,Curved Sword,SaberNormal,1.07,slash,slash,0,0,0,0,108,0.05,0.2,0.6,0.6,0,7,10,0,0,0,0,0,0,0,0,0,0,6,6,6,6,103,Spinning Slash,0,0,0
7031600,Shamshir,Frost,9,Curved Sword,SaberNormal,1.07,slash,slash,0,124,0,0,0,0.05,0.2,0.6,0,0.6,7,10,0,0,0,0,0,0,0,0,0,0,6,6,6,6,103,Spinning Slash,0,0,0
7031700,Shamshir,Aberrant,9,Curved Sword,SaberNormal,1.07,slash,slash,124,0,0,0,0,0.05,0.2,0.6,0,0.6,7,10,0,0,0,0,0,0,0,0,0,0,6,6,6,6,103,Spinning Slash,0,0,0
7031800,Shamshir,Bloodflame,9,Curved Sword,SaberNormal,1.07,slash,slash,0,0,124,0,0,0.05,0.2,0,0.6,0.6,7,10,0,0,0,0,0,0,0,0,0,0,6,6,6,6,103,Spinning Slash,0,0,0
7031900,Shamshir,Rotten,9,Curved Sword,SaberNormal,1.07,slash,slash,124,0,0,0,0,0.05,0.2,0,0.6,0.6,7,10,0,0,0,0,0,0,0,0,0,0,6,6,6,6,103,Spinning Slash,0,0,0
7032000,Shamshir,Storm,9,Curved Sword,SaberNormal,1.07,slash,slash,124,0,0,0,0,0.05,0.2,0.7,0.7,0,7,10,0,0,0,0,0,0,0,0,0,0,6,6,6,6,103,Spinning Slash,0,0,0
7032100,Shamshir,Mystic,9,Curved Sword,SaberNormal,1.07,slash,slash,0,124,0,0,0,0.05,0.2,0,0.6,0.6,7,10,0,0,0,0,0,0,0,0,0,0,6,6,6,6,103,Spinning Slash,0,0,0
7040000,Bandit's Curved Sword,Standard,9,Curved Sword,SaberNormal,1.2,slash,slash,136,0,0,0,0,0.25,0.7,0,0,0,11,13,0,0,0,0,0,0,0,0,0,0,6,6,6,6,103,Spinning Slash,0,0,0
7040100,Bandit's Curved Sword,Heavy,9,Curved Sword,SaberNormal,1.2,slash,slash,136,0,0,0,0,0.55,0.55,0,0,0,11,13,0,0,0,0,0,0,0,0,0,0,6,6,6,6,103,Spinning Slash,0,0,0
7040200,Bandit's Curved Sword,Keen,9,Curved Sword,SaberNormal,1.2,slash,slash,136,0,0,0,0,0.1,1.15,0,0,0,11,13,0,0,0,0,0,0,0,0,0,0,6,6,6,6,103,Spinning Slash,0,0,0
7040300,Bandit's Curved Sword,Quality,9,Curved Sword,SaberNormal,1.2,slash,slash,136,0,0,0,0,0.45,0.65,0,0,0,11,13,0,0,0,0,0,0,0,0,0,0,6,6,6,6,103,Spinning Slash,0,0,0
7040400,Bandit's Curved Sword,Glint,9,Curved Sword,SaberNormal,1.2,slash,slash,0,136,0,0,0,0.1,0.3,0.9,0,0,11,13,0,0,0,0,0,0,0,0,0,0,6,6,6,6,103,Spinning Slash,0,0,0
7040500,Bandit's Curved Sword,Dragonkin,9,Curved Sword,SaberNormal,1.2,slash,slash,0,0,0,136,0,0.1,0.3,0.8,0,0,11,13,0,0,0,0,0,0,0,0,0,0,6,6,6,6,103,Spinning Slash,0,0,0
7040600,Bandit's Curved Sword,Gravity,9,Curved Sword,SaberNormal,1.2,slash,slash,136,0,0,0,0,0.1,0.3,0.9,0,0,11,13,0,0,0,0,0,0,0,0,0,0,6,6,6,6,103,Spinning Slash,0,0,0
7040700,Bandit's Curved Sword,Flame,9,Curved Sword,SaberNormal,1.2,slash,slash,0,0,136,0,0,0.1,0.3,0,0.8,0,11,13,0,0,0,0,0,0,0,0,0,0,6,6,6,6,103,Spinning Slash,0,0,0
7040800,Bandit's Curved Sword,Golden,9,Curved Sword,SaberNormal,1.2,slash,slash,0,0,0,0,118,0.1,0.3,0,0.9,0,11,13,0,0,0,0,0,0,0,0,0,0,6,6,6,6,103,Spinning Slash,0,0,0
7040900,Bandit's Curved Sword,Draconic,9,Curved Sword,SaberNormal,1.2,slash,slash,0,0,0,136,0,0.1,0.3,0,0.9,0,11,13,0,0,0,0,0,0,0,0,0,0,6,6,6,6,103,Spinning Slash,0,0,0
7041000,Bandit's Curved Sword,Bestial,9,Curved Sword,SaberNormal,1.2,slash,slash,136,0,0,0,0,0.1,0.3,0,0.9,0,11,13,0,0,0,0,0,0,0,0,0,0,6,6,6,6,103,Spinning Slash,0,0,0
7041100,Bandit's Curved Sword,Night,9,Curved Sword,SaberNormal,1.2,slash,slash,0,136,0,0,0,0.05,0.25,0.7,0.7,0,11,13,0,0,0,0,0,0,0,0,0,0,6,6,6,6,103,Spinning Slash,0,0,0
7041200,Bandit's Curved Sword,Lava,9,Curved Sword,SaberNormal,1.2,slash,slash,0,0,136,0,0,0.05,0.25,0.7,0.7,0,11,13,0,0,0,0,0,0,0,0,0,0,6,6,6,6,103,Spinning Slash,0,0,0
7041300,Bandit's Curved Sword,Frenzy,9,Curved Sword,SaberNormal,1.2,slash,slash,0,0,136,0,0,0.05,0.25,0.6,0.6,0,11,13,0,0,0,0,0,0,0,0,0,0,6,6,6,6,103,Spinning Slash,0,0,0
7041400,Bandit's Curved Sword,Death,9,Curved Sword,SaberNormal,1.2,slash,slash,0,0,0,0,118,0.05,0.25,0.6,0.6,0,11,13,0,0,0,0,0,0,0,0,0,0,6,6,6,6,103,Spinning Slash,0,0,0
7041500,Bandit's Curved Sword,Godslayer,9,Curved Sword,SaberNormal,1.2,slash,slash,0,0,0,0,118,0.05,0.25,0.6,0.6,0,11,13,0,0,0,0,0,0,0,0,0,0,6,6,6,6,103,Spinning Slash,0,0,0
7041600,Bandit's Curved Sword,Frost,9,Curved Sword,SaberNormal,1.2,slash,slash,0,136,0,0,0,0.05,0.25,0.6,0,0.6,11,13,0,0,0,0,0,0,0,0,0,0,6,6,6,6,103,Spinning Slash,0,0,0
7041700,Bandit's Curved Sword,Aberrant,9,Curved Sword,SaberNormal,1.2,slash,slash,136,0,0,0,0,0.05,0.25,0.6,0,0.6,11,13,0,0,0,0,0,0,0,0,0,0,6,6,6,6,103,Spinning Slash,0,0,0
7041800,Bandit's Curved Sword,Bloodflame,9,Curved Sword,SaberNormal,1.2,slash,slash,0,0,136,0,0,0.05,0.25,0,0.6,0.6,11,13,0,0,0,0,0,0,0,0,0,0,6,6,6,6,103,Spinning Slash,0,0,0
7041900,Bandit's Curved Sword,Rotten,9,Curved Sword,SaberNormal,1.2,slash,slash,136,0,0,0,0,0.05,0.25,0,0.6,0.6,11,13,0,0,0,0,0,0,0,0,0,0,6,6,6,6,103,Spinning Slash,0,0,0
7042000,Bandit's Curved Sword,Storm,9,Curved Sword,SaberNormal,1.2,slash,slash,136,0,0,0,0,0.05,0.25,0.7,0.7,0,11,13,0,0,0,0,0,0,0,0,0,0,6,6,6,6,103,Spinning Slash,0,0,0
7042100,Bandit's Curved Sword,Mystic,9,Curved Sword,SaberNormal,1.2,slash,slash,0,136,0,0,0,0.05,0.25,0,0.6,0.6,11,13,0,0,0,0,0,0,0,0,0,0,6,6,6,6,103,Spinning Slash,0,0,0
7050000,Magma Blade,Standard,9,Curved Sword,SaberNormal,1.06,slash,slash,0,0,119,0,0,0.25,0.5,0.75,0.75,0,9,15,0,16,0,2200,0,0,0,0,0,0,6,6,6,6,1172,Magma Shower,1,0,0
7060000,Flowing Curved Sword,Standard,9,Curved Sword,SaberNormal,1.03,slash,slash,109,0,0,0,0,0.1,1.3,0,0,0,9,17,0,0,0,2200,0,0,0,0,0,0,6,6,6,6,103,Spinning Slash,1,0,0
7070000,Wing of Astel,Standard,9,Curved Sword,SaberNormal,0.97,slash,slash,121,0,0,0,0,0.15,0.55,1.1,0,0,7,17,20,0,0,2200,0,0,0,0,0,0,6,6,6,6,1173,Nebula,1,0,0
7080000,Scavenger's Curved Sword,Standard,9,Curved Sword,SaberNormal,1.04,slash,slash,121,0,0,0,0,0.25,0.65,0,0,0,9,14,0,0,0,0,0,0,0,0,0,0,6,6,6,6,103,Spinning Slash,0,0,0
7080100,Scavenger's Curved Sword,Heavy,9,Curved Sword,SaberNormal,1.04,slash,slash,121,0,0,0,0,0.55,0.5,0,0,0,9,14,0,0,0,0,0,0,0,0,0,0,6,6,6,6,103,Spinning Slash,0,0,0
7080200,Scavenger's Curved Sword,Keen,9,Curved Sword,SaberNormal,1.04,slash,slash,121,0,0,0,0,0.1,1.1,0,0,0,9,14,0,0,0,0,0,0,0,0,0,0,6,6,6,6,103,Spinning Slash,0,0,0
7080300,Scavenger's Curved Sword,Quality,9,Curved Sword,SaberNormal,1.04,slash,slash,121,0,0,0,0,0.45,0.6,0,0,0,9,14,0,0,0,0,0,0,0,0,0,0,6,6,6,6,103,Spinning Slash,0,0,0
7080400,Scavenger's Curved Sword,Glint,9,Curved Sword,SaberNormal,1.04,slash,slash,0,121,0,0,0,0.1,0.25,0.9,0,0,9,14,0,0,0,0,0,0,0,0,0,0,6,6,6,6,103,Spinning Slash,0,0,0
7080500,Scavenger's Curved Sword,Dragonkin,9,Curved Sword,SaberNormal,1.04,slash,slash,0,0,0,121,0,0.1,0.25,0.8,0,0,9,14,0,0,0,0,0,0,0,0,0,0,6,6,6,6,103,Spinning Slash,0,0,0
7080600,Scavenger's Curved Sword,Gravity,9,Curved Sword,SaberNormal,1.04,slash,slash,121,0,0,0,0,0.1,0.25,0.9,0,0,9,14,0,0,0,0,0,0,0,0,0,0,6,6,6,6,103,Spinning Slash,0,0,0
7080700,Scavenger's Curved Sword,Flame,9,Curved Sword,SaberNormal,1.04,slash,slash,0,0,121,0,0,0.1,0.25,0,0.8,0,9,14,0,0,0,0,0,0,0,0,0,0,6,6,6,6,103,Spinning Slash,0,0,0
7080800,Scavenger's Curved Sword,Golden,9,Curved Sword,SaberNormal,1.04,slash,slash,0,0,0,0,105,0.1,0.25,0,0.9,0,9,14,0,0,0,0,0,0,0,0,0,0,6,6,6,6,103,Spinning Slash,0,0,0
7080900,Scavenger's Curved Sword,Draconic,9,Curved Sword,SaberNormal,1.04,slash,slash,0,0,0,121,0,0.1,0.25,0,0.9,0,9,14,0,0,0,0,0,0,0,0,0,0,6,6,6,6,103,Spinning Slash,0,0,0
7081000,Scavenger's Curved Sword,Bestial,9,Curved Sword,SaberNormal,1.04,slash,slash,121,0,0,0,0,0.1,0.25,0,0.9,0,9,14,0,0,0,0,0,0,0,0,0,0,6,6,6,6,103,Spinning Slash,0,0,0
7081100,Scavenger's Curved Sword,Night,9,Curved Sword,SaberNormal,1.04,slash,slash,0,121,0,0,0,0.05,0.2,0.7,0.7,0,9,14,0,0,0,0,0,0,0,0,0,0,6,6,6,6,103,Spinning Slash,0,0,0
7081200,Scavenger's Curved Sword,Lava,9,Curved Sword,SaberNormal,1.04,slash,slash,0,0,121,0,0,0.05,0.2,0.7,0.7,0,9,14,0,0,0,0,0,0,0,0,0,0,6,6,6,6,103,Spinning Slash,0,0,0
7081300,Scavenger's Curved Sword,Frenzy,9,Curved Sword,SaberNormal,1.04,slash,slash,0,0,121,0,0,0.05,0.2,0.6,0.6,0,9,14,0,0,0,0,0,0,0,0,0,0,6,6,6,6,103,Spinning Slash,0,0,0
7081400,Scavenger's Curved Sword,Death,9,Curved Sword,SaberNormal,1.04,slash,slash,0,0,0,0,105,0.05,0.2,0.6,0.6,0,9,14,0,0,0,0,0,0,0,0,0,0,6,6,6,6,103,Spinning Slash,0,0,0
7081500,Scavenger's Curved Sword,Godslayer,9,Curved Sword,SaberNormal,1.04,slash,slash,0,0,0,0,105,0.05,0.2,0.6,0.6,0,9,14,0,0,0,0,0,0,0,0,0,0,6,6,6,6,103,Spinning Slash,0,0,0
7081600,Scavenger's Curved Sword,Frost,9,Curved Sword,SaberNormal,1.04,slash,slash,0,121,0,0,0,0.05,0.2,0.6,0,0.6,9,14,0,0,0,0,0,0,0,0,0,0,6,6,6,6,103,Spinning Slash,0,0,0
7081700,Scavenger's Curved Sword,Aberrant,9,Curved Sword,SaberNormal,1.04,slash,slash,121,0,0,0,0,0.05,0.2,0.6,0,0.6,9,14,0,0,0,0,0,0,0,0,0,0,6,6,6,6,103,Spinning Slash,0,0,0
7081800,Scavenger's Curved Sword,Bloodflame,9,Curved Sword,SaberNormal,1.04,slash,slash,0,0,121,0,0,0.05,0.2,0,0.6,0.6,9,14,0,0,0,0,0,0,0,0,0,0,6,6,6,6,103,Spinning Slash,0,0,0
7081900,Scavenger's Curved Sword,Rotten,9,Curved Sword,SaberNormal,1.04,slash,slash,121,0,0,0,0,0.05,0.2,0,0.6,0.6,9,14,0,0,0,0,0,0,0,0,0,0,6,6,6,6,103,Spinning Slash,0,0,0
7082000,Scavenger's Curved Sword,Storm,9,Curved Sword,SaberNormal,1.04,slash,slash,121,0,0,0,0,0.05,0.2,0.7,0.7,0,9,14,0,0,0,0,0,0,0,0,0,0,6,6,6,6,103,Spinning Slash,0,0,0
7082100,Scavenger's Curved Sword,Mystic,9,Curved Sword,SaberNormal,1.04,slash,slash,0,121,0,0,0,0.05,0.2,0,0.6,0.6,9,14,0,0,0,0,0,0,0,0,0,0,6,6,6,6,103,Spinning Slash,0,0,0
7090000,Zephyr Blades,Standard,9,Curved Sword,SaberNormal,0.97,slash,standard,119,0,0,0,0,0.3,0.4,0.8,0.8,0,10,13,15,15,0,2200,0,0,0,0,0,0,6,6,6,6,137,Wind Dance,1,1,0
7100000,Eclipse Shotel,Standard,9,Curved Sword,SaberNormal,0.96,slash,slash,0,0,0,0,117,0.1,0.55,0.7,0.7,0,9,9,20,20,0,2200,0,0,0,0,0,0,6,6,6,6,1174,Death Flare,1,0,0
7110000,Serpent-God's Curved Sword,Standard,9,Curved Sword,SaberNormal,1.06,slash,slash,130,0,0,0,0,0.3,0.65,0,0,0,13,9,0,0,0,0,0,0,0,0,0,0,6,6,6,6,103,Spinning Slash,0,0,0
7110100,Serpent-God's Curved Sword,Heavy,9,Curved Sword,SaberNormal,1.06,slash,slash,130,0,0,0,0,0.6,0.5,0,0,0,13,9,0,0,0,0,0,0,0,0,0,0,6,6,6,6,103,Spinning Slash,0,0,0
7110200,Serpent-God's Curved Sword,Keen,9,Curved Sword,SaberNormal,1.06,slash,slash,130,0,0,0,0,0.15,1.1,0,0,0,13,9,0,0,0,0,0,0,0,0,0,0,6,6,6,6,103,Spinning Slash,0,0,0
7110300,Serpent-God's Curved Sword,Quality,9,Curved Sword,SaberNormal,1.06,slash,slash,130,0,0,0,0,0.5,0.6,0,0,0,13,9,0,0,0,0,0,0,0,0,0,0,6,6,6,6,103,Spinning Slash,0,0,0
7110400,Serpent-God's Curved Sword,Glint,9,Curved Sword,SaberNormal,1.06,slash,slash,0,130,0,0,0,0.15,0.25,0.9,0,0,13,9,0,0,0,0,0,0,0,0,0,0,6,6,6,6,103,Spinning Slash,0,0,0
7110500,Serpent-God's Curved Sword,Dragonkin,9,Curved Sword,SaberNormal,1.06,slash,slash,0,0,0,130,0,0.15,0.25,0.8,0,0,13,9,0,0,0,0,0,0,0,0,0,0,6,6,6,6,103,Spinning Slash,0,0,0
7110600,Serpent-God's Curved Sword,Gravity,9,Curved Sword,SaberNormal,1.06,slash,slash,130,0,0,0,0,0.15,0.25,0.9,0,0,13,9,0,0,0,0,0,0,0,0,0,0,6,6,6,6,103,Spinning Slash,0,0,0
7110700,Serpent-God's Curved Sword,Flame,9,Curved Sword,SaberNormal,1.06,slash,slash,0,0,130,0,0,0.15,0.25,0,0.8,0,13,9,0,0,0,0,0,0,0,0,0,0,6,6,6,6,103,Spinning Slash,0,0,0
7110800,Serpent-God's Curved Sword,Golden,9,Curved Sword,SaberNormal,1.06,slash,slash,0,0,0,0,113,0.15,0.25,0,0.9,0,13,9,0,0,0,0,0,0,0,0,0,0,6,6,6,6,103,Spinning Slash,0,0,0
7110900,Serpent-God's Curved Sword,Draconic,9,Curved Sword,SaberNormal,1.06,slash,slash,0,0,0,130,0,0.15,0.25,0,0.9,0,13,9,0,0,0,0,0,0,0,0,0,0,6,6,6,6,103,Spinning Slash,0,0,0
7111000,Serpent-God's Curved Sword,Bestial,9,Curved Sword,SaberNormal,1.06,slash,slash,130,0,0,0,0,0.15,0.25,0,0.9,0,13,9,0,0,0,0,0,0,0,0,0,0,6,6,6,6,103,Spinning Slash,0,0,0
7111100,Serpent-God's Curved Sword,Night,9,Curved Sword,SaberNormal,1.06,slash,slash,0,130,0,0,0,0.1,0.2,0.7,0.7,0,13,9,0,0,0,0,0,0,0,0,0,0,6,6,6,6,103,Spinning Slash,0,0,0
7111200,Serpent-God's Curved Sword,Lava,9,Curved Sword,SaberNormal,1.06,slash,slash,0,0,130,0,0,0.1,0.2,0.7,0.7,0,13,9,0,0,0,0,0,0,0,0,0,0,6,6,6,6,103,Spinning Slash,0,0,0
7111300,Serpent-God's Curved Sword,Frenzy,9,Curved Sword,SaberNormal,1.06,slash,slash,0,0,130,0,0,0.1,0.2,0.6,0.6,0,13,9,0,0,0,0,0,0,0,0,0,0,6,6,6,6,103,Spinning Slash,0,0,0
7111400,Serpent-God's Curved Sword,Death,9,Curved Sword,SaberNormal,1.06,slash,slash,0,0,0,0,113,0.1,0.2,0.6,0.6,0,13,9,0,0,0,0,0,0,0,0,0,0,6,6,6,6,103,Spinning Slash,0,0,0
7111500,Serpent-God's Curved Sword,Godslayer,9,Curved Sword,SaberNormal,1.06,slash,slash,0,0,0,0,113,0.1,0.2,0.6,0.6,0,13,9,0,0,0,0,0,0,0,0,0,0,6,6,6,6,103,Spinning Slash,0,0,0
7111600,Serpent-God's Curved Sword,Frost,9,Curved Sword,SaberNormal,1.06,slash,slash,0,130,0,0,0,0.1,0.2,0.6,0,0.6,13,9,0,0,0,0,0,0,0,0,0,0,6,6,6,6,103,Spinning Slash,0,0,0
7111700,Serpent-God's Curved Sword,Aberrant,9,Curved Sword,SaberNormal,1.06,slash,slash,130,0,0,0,0,0.1,0.2,0.6,0,0.6,13,9,0,0,0,0,0,0,0,0,0,0,6,6,6,6,103,Spinning Slash,0,0,0
7111800,Serpent-God's Curved Sword,Bloodflame,9,Curved Sword,SaberNormal,1.06,slash,slash,0,0,130,0,0,0.1,0.2,0,0.6,0.6,13,9,0,0,0,0,0,0,0,0,0,0,6,6,6,6,103,Spinning Slash,0,0,0
7111900,Serpent-God's Curved Sword,Rotten,9,Curved Sword,SaberNormal,1.06,slash,slash,130,0,0,0,0,0.1,0.2,0,0.6,0.6,13,9,0,0,0,0,0,0,0,0,0,0,6,6,6,6,103,Spinning Slash,0,0,0
7112000,Serpent-God's Curved Sword,Storm,9,Curved Sword,SaberNormal,1.06,slash,slash,130,0,0,0,0,0.1,0.2,0.7,0.7,0,13,9,0,0,0,0,0,0,0,0,0,0,6,6,6,6,103,Spinning Slash,0,0,0
7112100,Serpent-God's Curved Sword,Mystic,9,Curved Sword,SaberNormal,1.06,slash,slash,0,130,0,0,0,0.1,0.2,0,0.6,0.6,13,9,0,0,0,0,0,0,0,0,0,0,6,6,6,6,103,Spinning Slash,0,0,0
7120000,Mantis Blade,Standard,9,Curved Sword,SaberNormal,1.1,slash,slash,0,0,0,0,112,0.15,0.45,0.75,0.75,0,8,12,12,12,0,2200,0,0,0,0,0,0,6,6,6,6,103,Spinning Slash,1,0,0
7140000,Scimitar,Standard,9,Curved Sword,SaberNormal,1,slash,slash,122,0,0,0,0,0.25,0.65,0,0,0,7,13,0,0,0,0,0,0,0,0,0,0,6,6,6,6,103,Spinning Slash,0,0,0
7140100,Scimitar,Heavy,9,Curved Sword,SaberNormal,1,slash,slash,122,0,0,0,0,0.55,0.5,0,0,0,7,13,0,0,0,0,0,0,0,0,0,0,6,6,6,6,103,Spinning Slash,0,0,0
7140200,Scimitar,Keen,9,Curved Sword,SaberNormal,1,slash,slash,122,0,0,0,0,0.1,1.1,0,0,0,7,13,0,0,0,0,0,0,0,0,0,0,6,6,6,6,103,Spinning Slash,0,0,0
7140300,Scimitar,Quality,9,Curved Sword,SaberNormal,1,slash,slash,122,0,0,0,0,0.45,0.6,0,0,0,7,13,0,0,0,0,0,0,0,0,0,0,6,6,6,6,103,Spinning Slash,0,0,0
7140400,Scimitar,Glint,9,Curved Sword,SaberNormal,1,slash,slash,0,122,0,0,0,0.1,0.25,0.9,0,0,7,13,0,0,0,0,0,0,0,0,0,0,6,6,6,6,103,Spinning Slash,0,0,0
7140500,Scimitar,Dragonkin,9,Curved Sword,SaberNormal,1,slash,slash,0,0,0,122,0,0.1,0.25,0.8,0,0,7,13,0,0,0,0,0,0,0,0,0,0,6,6,6,6,103,Spinning Slash,0,0,0
7140600,Scimitar,Gravity,9,Curved Sword,SaberNormal,1,slash,slash,122,0,0,0,0,0.1,0.25,0.9,0,0,7,13,0,0,0,0,0,0,0,0,0,0,6,6,6,6,103,Spinning Slash,0,0,0
7140700,Scimitar,Flame,9,Curved Sword,SaberNormal,1,slash,slash,0,0,122,0,0,0.1,0.25,0,0.8,0,7,13,0,0,0,0,0,0,0,0,0,0,6,6,6,6,103,Spinning Slash,0,0,0
7140800,Scimitar,Golden,9,Curved Sword,SaberNormal,1,slash,slash,0,0,0,0,106,0.1,0.25,0,0.9,0,7,13,0,0,0,0,0,0,0,0,0,0,6,6,6,6,103,Spinning Slash,0,0,0
7140900,Scimitar,Draconic,9,Curved Sword,SaberNormal,1,slash,slash,0,0,0,122,0,0.1,0.25,0,0.9,0,7,13,0,0,0,0,0,0,0,0,0,0,6,6,6,6,103,Spinning Slash,0,0,0
7141000,Scimitar,Bestial,9,Curved Sword,SaberNormal,1,slash,slash,122,0,0,0,0,0.1,0.25,0,0.9,0,7,13,0,0,0,0,0,0,0,0,0,0,6,6,6,6,103,Spinning Slash,0,0,0
7141100,Scimitar,Night,9,Curved Sword,SaberNormal,1,slash,slash,0,122,0,0,0,0.05,0.2,0.7,0.7,0,7,13,0,0,0,0,0,0,0,0,0,0,6,6,6,6,103,Spinning Slash,0,0,0
7141200,Scimitar,Lava,9,Curved Sword,SaberNormal,1,slash,slash,0,0,122,0,0,0.05,0.2,0.7,0.7,0,7,13,0,0,0,0,0,0,0,0,0,0,6,6,6,6,103,Spinning Slash,0,0,0
7141300,Scimitar,Frenzy,9,Curved Sword,SaberNormal,1,slash,slash,0,0,122,0,0,0.05,0.2,0.6,0.6,0,7,13,0,0,0,0,0,0,0,0,0,0,6,6,6,6,103,Spinning Slash,0,0,0
7141400,Scimitar,Death,9,Curved Sword,SaberNormal,1,slash,slash,0,0,0,0,106,0.05,0.2,0.6,0.6,0,7,13,0,0,0,0,0,0,0,0,0,0,6,6,6,6,103,Spinning Slash,0,0,0
7141500,Scimitar,Godslayer,9,Curved Sword,SaberNormal,1,slash,slash,0,0,0,0,106,0.05,0.2,0.6,0.6,0,7,13,0,0,0,0,0,0,0,0,0,0,6,6,6,6,103,Spinning Slash,0,0,0
7141600,Scimitar,Frost,9,Curved Sword,SaberNormal,1,slash,slash,0,122,0,0,0,0.05,0.2,0.6,0,0.6,7,13,0,0,0,0,0,0,0,0,0,0,6,6,6,6,103,Spinning Slash,0,0,0
7141700,Scimitar,Aberrant,9,Curved Sword,SaberNormal,1,slash,slash,122,0,0,0,0,0.05,0.2,0.6,0,0.6,7,13,0,0,0,0,0,0,0,0,0,0,6,6,6,6,103,Spinning Slash,0,0,0
7141800,Scimitar,Bloodflame,9,Curved Sword,SaberNormal,1,slash,slash,0,0,122,0,0,0.05,0.2,0,0.6,0.6,7,13,0,0,0,0,0,0,0,0,0,0,6,6,6,6,103,Spinning Slash,0,0,0
7141900,Scimitar,Rotten,9,Curved Sword,SaberNormal,1,slash,slash,122,0,0,0,0,0.05,0.2,0,0.6,0.6,7,13,0,0,0,0,0,0,0,0,0,0,6,6,6,6,103,Spinning Slash,0,0,0
7142000,Scimitar,Storm,9,Curved Sword,SaberNormal,1,slash,slash,122,0,0,0,0,0.05,0.2,0.7,0.7,0,7,13,0,0,0,0,0,0,0,0,0,0,6,6,6,6,103,Spinning Slash,0,0,0
7142100,Scimitar,Mystic,9,Curved Sword,SaberNormal,1,slash,slash,0,122,0,0,0,0.05,0.2,0,0.6,0.6,7,13,0,0,0,0,0,0,0,0,0,0,6,6,6,6,103,Spinning Slash,0,0,0
7150000,Grossmesser,Standard,9,Curved Sword,SaberNormal,1.13,slash,slash,132,0,0,0,0,0.35,0.6,0,0,0,14,12,0,0,0,0,0,0,0,0,0,0,6,6,6,6,103,Spinning Slash,0,0,0
7150100,Grossmesser,Heavy,9,Curved Sword,SaberNormal,1.13,slash,slash,132,0,0,0,0,0.65,0.45,0,0,0,14,12,0,0,0,0,0,0,0,0,0,0,6,6,6,6,103,Spinning Slash,0,0,0
7150200,Grossmesser,Keen,9,Curved Sword,SaberNormal,1.13,slash,slash,132,0,0,0,0,0.2,1.05,0,0,0,14,12,0,0,0,0,0,0,0,0,0,0,6,6,6,6,103,Spinning Slash,0,0,0
7150300,Grossmesser,Quality,9,Curved Sword,SaberNormal,1.13,slash,slash,132,0,0,0,0,0.55,0.55,0,0,0,14,12,0,0,0,0,0,0,0,0,0,0,6,6,6,6,103,Spinning Slash,0,0,0
7150400,Grossmesser,Glint,9,Curved Sword,SaberNormal,1.13,slash,slash,0,132,0,0,0,0.2,0.2,0.9,0,0,14,12,0,0,0,0,0,0,0,0,0,0,6,6,6,6,103,Spinning Slash,0,0,0
7150500,Grossmesser,Dragonkin,9,Curved Sword,SaberNormal,1.13,slash,slash,0,0,0,132,0,0.2,0.2,0.8,0,0,14,12,0,0,0,0,0,0,0,0,0,0,6,6,6,6,103,Spinning Slash,0,0,0
7150600,Grossmesser,Gravity,9,Curved Sword,SaberNormal,1.13,slash,slash,132,0,0,0,0,0.2,0.2,0.9,0,0,14,12,0,0,0,0,0,0,0,0,0,0,6,6,6,6,103,Spinning Slash,0,0,0
7150700,Grossmesser,Flame,9,Curved Sword,SaberNormal,1.13,slash,slash,0,0,132,0,0,0.2,0.2,0,0.8,0,14,12,0,0,0,0,0,0,0,0,0,0,6,6,6,6,103,Spinning Slash,0,0,0
7150800,Grossmesser,Golden,9,Curved Sword,SaberNormal,1.13,slash,slash,0,0,0,0,115,0.2,0.2,0,0.9,0,14,12,0,0,0,0,0,0,0,0,0,0,6,6,6,6,103,Spinning Slash,0,0,0
7150900,Grossmesser,Draconic,9,Curved Sword,SaberNormal,1.13,slash,slash,0,0,0,132,0,0.2,0.2,0,0.9,0,14,12,0,0,0,0,0,0,0,0,0,0,6,6,6,6,103,Spinning Slash,0,0,0
7151000,Grossmesser,Bestial,9,Curved Sword,SaberNormal,1.13,slash,slash,132,0,0,0,0,0.2,0.2,0,0.9,0,14,12,0,0,0,0,0,0,0,0,0,0,6,6,6,6,103,Spinning Slash,0,0,0
7151100,Grossmesser,Night,9,Curved Sword,SaberNormal,1.13,slash,slash,0,132,0,0,0,0.15,0.15,0.7,0.7,0,14,12,0,0,0,0,0,0,0,0,0,0,6,6,6,6,103,Spinning Slash,0,0,0
7151200,Grossmesser,Lava,9,Curved Sword,SaberNormal,1.13,slash,slash,0,0,132,0,0,0.15,0.15,0.7,0.7,0,14,12,0,0,0,0,0,0,0,0,0,0,6,6,6,6,103,Spinning Slash,0,0,0
7151300,Grossmesser,Frenzy,9,Curved Sword,SaberNormal,1.13,slash,slash,0,0,132,0,0,0.15,0.15,0.6,0.6,0,14,12,0,0,0,0,0,0,0,0,0,0,6,6,6,6,103,Spinning Slash,0,0,0
7151400,Grossmesser,Death,9,Curved Sword,SaberNormal,1.13,slash,slash,0,0,0,0,115,0.15,0.15,0.6,0.6,0,14,12,0,0,0,0,0,0,0,0,0,0,6,6,6,6,103,Spinning Slash,0,0,0
7151500,Grossmesser,Godslayer,9,Curved Sword,SaberNormal,1.13,slash,slash,0,0,0,0,115,0.15,0.15,0.6,0.6,0,14,12,0,0,0,0,0,0,0,0,0,0,6,6,6,6,103,Spinning Slash,0,0,0
7151600,Grossmesser,Frost,9,Curved Sword,SaberNormal,1.13,slash,slash,0,132,0,0,0,0.15,0.15,0.6,0,0.6,14,12,0,0,0,0,0,0,0,0,0,0,6,6,6,6,103,Spinning Slash,0,0,0
7151700,Grossmesser,Aberrant,9,Curved Sword,SaberNormal,1.13,slash,slash,132,0,0,0,0,0.15,0.15,0.6,0,0.6,14,12,0,0,0,0,0,0,0,0,0,0,6,6,6,6,103,Spinning Slash,0,0,0
7151800,Grossmesser,Bloodflame,9,Curved Sword,SaberNormal,1.13,slash,slash,0,0,132,0,0,0.15,0.15,0,0.6,0.6,14,12,0,0,0,0,0,0,0,0,0,0,6,6,6,6,103,Spinning Slash,0,0,0
7151900,Grossmesser,Rotten,9,Curved Sword,SaberNormal,1.13,slash,slash,132,0,0,0,0,0.15,0.15,0,0.6,0.6,14,12,0,0,0,0,0,0,0,0,0,0,6,6,6,6,103,Spinning Slash,0,0,0
7152000,Grossmesser,Storm,9,Curved Sword,SaberNormal,1.13,slash,slash,132,0,0,0,0,0.15,0.15,0.7,0.7,0,14,12,0,0,0,0,0,0,0,0,0,0,6,6,6,6,103,Spinning Slash,0,0,0
7152100,Grossmesser,Mystic,9,Curved Sword,SaberNormal,1.13,slash,slash,0,132,0,0,0,0.15,0.15,0,0.6,0.6,14,12,0,0,0,0,0,0,0,0,0,0,6,6,6,6,103,Spinning Slash,0,0,0
7160000,Blade of Scarlet Bloom,Standard,9,Curved Sword,SaberNormal,1.04,slash,slash,114,0,0,0,0,0.15,0.5,0,0.75,0.75,9,14,0,14,14,2200,0,0,0,0,0,0,6,6,6,6,823,,1,0,0
7170000,Godskin Flayer,Standard,9,Curved Sword,SaberNormal,0.915,slash,slash,0,0,0,0,116,0.2,0.4,0.75,0.75,0,9,16,18,18,0,2200,0,0,0,0,0,0,6,6,6,6,1061,Godslayer Ascension,1,1,0
7180000,Nomad's Kilij,Standard,9,Curved Sword,SaberNormal,1.07,slash,slash,0,0,119,0,0,0.15,0.3,0.8,0.8,0,7,10,13,13,0,2200,0,0,0,0,0,0,6,6,6,6,501,Succumb to Madness,1,0,0
7500000,Spirit Sword,Standard,9,Curved Sword,SaberNormal,0.93,slash,slash,0,0,0,0,116,0.1,0.6,0.85,0.85,0,8,9,13,13,0,2200,0,0,0,0,0,0,6,6,6,6,5250,Rancor Slash,1,0,0
7510000,Falx,Standard,9,Curved Sword,SaberNormal,1.11,slash,slash,114,0,0,0,0,0.03,1.15,0,0,0,12,15,0,0,0,2200,0,0,0,0,0,0,6,6,6,6,5100,Revenger's Blade,1,1,0
7520000,Dancing Blade of Ranah,Standard,9,Curved Sword,SaberNormal,1.08,slash,slash,116,0,0,0,0,0.45,1.25,0,0,0,9,20,0,0,0,2200,0,0,0,0,0,0,6,6,6,6,5090,Unending Dance,1,1,0
7530000,Horned Warrior's Sword,Standard,9,Curved Sword,SaberNormal,1.16,slash,slash,118,0,0,0,0,0.6,0.6,0,1.05,0,11,14,0,14,0,2200,0,0,0,0,0,0,6,6,6,6,5530,Horn Calling,1,1,0
8010000,Onyx Lord's Greatsword,Standard,11,Curved Greatsword,SaberLarge,1.03,slash,slash,153,0,0,0,0,0.4,0.55,0.9,0,0,18,16,20,0,0,2200,0,0,0,0,0,0,6,6,6,6,1041,Onyx Lords' Repulsion,1,0,0
8020000,Dismounter,Standard,11,Curved Greatsword,SaberLarge,1,slash,slash,159,0,0,0,0,0.45,0.45,0,0,0,13,16,0,0,0,0,0,0,0,0,0,0,6,6,6,6,103,Spinning Slash,0,0,0
8020100,Dismounter,Heavy,11,Curved Greatsword,SaberLarge,1,slash,slash,159,0,0,0,0,0.8,0.35,0,0,0,13,16,0,0,0,0,0,0,0,0,0,0,6,6,6,6,103,Spinning Slash,0,0,0
8020200,Dismounter,Keen,11,Curved Greatsword,SaberLarge,1,slash,slash,159,0,0,0,0,0.35,0.85,0,0,0,13,16,0,0,0,0,0,0,0,0,0,0,6,6,6,6,103,Spinning Slash,0,0,0
8020300,Dismounter,Quality,11,Curved Greatsword,SaberLarge,1,slash,slash,159,0,0,0,0,0.65,0.65,0,0,0,13,16,0,0,0,0,0,0,0,0,0,0,6,6,6,6,103,Spinning Slash,0,0,0
8020400,Dismounter,Glint,11,Curved Greatsword,SaberLarge,1,slash,slash,0,159,0,0,0,0.2,0.2,0.85,0,0,13,16,0,0,0,0,0,0,0,0,0,0,6,6,6,6,103,Spinning Slash,0,0,0
8020500,Dismounter,Dragonkin,11,Curved Greatsword,SaberLarge,1,slash,slash,0,0,0,159,0,0.2,0.2,0.75,0,0,13,16,0,0,0,0,0,0,0,0,0,0,6,6,6,6,103,Spinning Slash,0,0,0
8020600,Dismounter,Gravity,11,Curved Greatsword,SaberLarge,1,slash,slash,159,0,0,0,0,0.2,0.2,0.85,0,0,13,16,0,0,0,0,0,0,0,0,0,0,6,6,6,6,103,Spinning Slash,0,0,0
8020700,Dismounter,Flame,11,Curved Greatsword,SaberLarge,1,slash,slash,0,0,159,0,0,0.2,0.2,0,0.75,0,13,16,0,0,0,0,0,0,0,0,0,0,6,6,6,6,103,Spinning Slash,0,0,0
8020800,Dismounter,Golden,11,Curved Greatsword,SaberLarge,1,slash,slash,0,0,0,0,138,0.2,0.2,0,0.85,0,13,16,0,0,0,0,0,0,0,0,0,0,6,6,6,6,103,Spinning Slash,0,0,0
8020900,Dismounter,Draconic,11,Curved Greatsword,SaberLarge,1,slash,slash,0,0,0,159,0,0.2,0.2,0,0.85,0,13,16,0,0,0,0,0,0,0,0,0,0,6,6,6,6,103,Spinning Slash,0,0,0
8021000,Dismounter,Bestial,11,Curved Greatsword,SaberLarge,1,slash,slash,159,0,0,0,0,0.2,0.2,0,0.85,0,13,16,0,0,0,0,0,0,0,0,0,0,6,6,6,6,103,Spinning Slash,0,0,0
8021100,Dismounter,Night,11,Curved Greatsword,SaberLarge,1,slash,slash,0,159,0,0,0,0.12,0.13,0.7,0.7,0,13,16,0,0,0,0,0,0,0,0,0,0,6,6,6,6,103,Spinning Slash,0,0,0
8021200,Dismounter,Lava,11,Curved Greatsword,SaberLarge,1,slash,slash,0,0,159,0,0,0.12,0.13,0.7,0.7,0,13,16,0,0,0,0,0,0,0,0,0,0,6,6,6,6,103,Spinning Slash,0,0,0
8021300,Dismounter,Frenzy,11,Curved Greatsword,SaberLarge,1,slash,slash,0,0,159,0,0,0.12,0.13,0.6,0.6,0,13,16,0,0,0,0,0,0,0,0,0,0,6,6,6,6,103,Spinning Slash,0,0,0
8021400,Dismounter,Death,11,Curved Greatsword,SaberLarge,1,slash,slash,0,0,0,0,138,0.12,0.13,0.6,0.6,0,13,16,0,0,0,0,0,0,0,0,0,0,6,6,6,6,103,Spinning Slash,0,0,0
8021500,Dismounter,Godslayer,11,Curved Greatsword,SaberLarge,1,slash,slash,0,0,0,0,138,0.12,0.13,0.6,0.6,0,13,16,0,0,0,0,0,0,0,0,0,0,6,6,6,6,103,Spinning Slash,0,0,0
8021600,Dismounter,Frost,11,Curved Greatsword,SaberLarge,1,slash,slash,0,159,0,0,0,0.12,0.13,0.6,0,0.6,13,16,0,0,0,0,0,0,0,0,0,0,6,6,6,6,103,Spinning Slash,0,0,0
8021700,Dismounter,Aberrant,11,Curved Greatsword,SaberLarge,1,slash,slash,159,0,0,0,0,0.12,0.13,0.6,0,0.6,13,16,0,0,0,0,0,0,0,0,0,0,6,6,6,6,103,Spinning Slash,0,0,0
8021800,Dismounter,Bloodflame,11,Curved Greatsword,SaberLarge,1,slash,slash,0,0,159,0,0,0.12,0.13,0,0.6,0.6,13,16,0,0,0,0,0,0,0,0,0,0,6,6,6,6,103,Spinning Slash,0,0,0
8021900,Dismounter,Rotten,11,Curved Greatsword,SaberLarge,1,slash,slash,159,0,0,0,0,0.12,0.13,0,0.6,0.6,13,16,0,0,0,0,0,0,0,0,0,0,6,6,6,6,103,Spinning Slash,0,0,0
8022000,Dismounter,Storm,11,Curved Greatsword,SaberLarge,1,slash,slash,159,0,0,0,0,0.12,0.13,0.7,0.7,0,13,16,0,0,0,0,0,0,0,0,0,0,6,6,6,6,103,Spinning Slash,0,0,0
8022100,Dismounter,Mystic,11,Curved Greatsword,SaberLarge,1,slash,slash,0,159,0,0,0,0.12,0.13,0,0.6,0.6,13,16,0,0,0,0,0,0,0,0,0,0,6,6,6,6,103,Spinning Slash,0,0,0
8030000,Bloodhound's Fang,Standard,11,Curved Greatsword,SaberLarge,1.07,slash,slash,141,0,0,0,0,0.4,0.8,0,0,0.6,18,20,0,0,0,2200,0,0,0,0,0,0,6,6,6,6,1175,Bloodhound's Finesse,1,0,0
8040000,Magma Wyrm's Scalesword,Standard,11,Curved Greatsword,SaberLarge,1.16,slash,slash,0,0,155,0,0,0.4,0.55,0.6,0.6,0,18,15,20,20,0,2200,0,0,0,0,0,0,6,6,6,6,1176,Magma Guillotine,1,0,0
8050000,Zamor Curved Sword,Standard,11,Curved Greatsword,SaberLarge,0.89,slash,slash,0,152,0,0,0,0.4,0.55,0.75,0,0.6,14,18,18,0,18,2200,0,0,0,0,0,0,6,6,6,6,1168,Zamor Ice Storm,1,0,0
8060000,Omen Cleaver,Standard,11,Curved Greatsword,SaberLarge,1.03,slash,slash,163,0,0,0,0,0.5,0.5,0,0,0,19,16,0,0,0,0,0,0,0,0,0,0,6,6,6,6,103,Spinning Slash,0,0,0
8060100,Omen Cleaver,Heavy,11,Curved Greatsword,SaberLarge,1.03,slash,slash,163,0,0,0,0,0.85,0.4,0,0,0,19,16,0,0,0,0,0,0,0,0,0,0,6,6,6,6,103,Spinning Slash,0,0,0
8060200,Omen Cleaver,Keen,11,Curved Greatsword,SaberLarge,1.03,slash,slash,163,0,0,0,0,0.4,0.9,0,0,0,19,16,0,0,0,0,0,0,0,0,0,0,6,6,6,6,103,Spinning Slash,0,0,0
8060300,Omen Cleaver,Quality,11,Curved Greatsword,SaberLarge,1.03,slash,slash,163,0,0,0,0,0.7,0.7,0,0,0,19,16,0,0,0,0,0,0,0,0,0,0,6,6,6,6,103,Spinning Slash,0,0,0
8060400,Omen Cleaver,Glint,11,Curved Greatsword,SaberLarge,1.03,slash,slash,0,163,0,0,0,0.25,0.25,0.85,0,0,19,16,0,0,0,0,0,0,0,0,0,0,6,6,6,6,103,Spinning Slash,0,0,0
8060500,Omen Cleaver,Dragonkin,11,Curved Greatsword,SaberLarge,1.03,slash,slash,0,0,0,163,0,0.25,0.25,0.75,0,0,19,16,0,0,0,0,0,0,0,0,0,0,6,6,6,6,103,Spinning Slash,0,0,0
8060600,Omen Cleaver,Gravity,11,Curved Greatsword,SaberLarge,1.03,slash,slash,163,0,0,0,0,0.25,0.25,0.85,0,0,19,16,0,0,0,0,0,0,0,0,0,0,6,6,6,6,103,Spinning Slash,0,0,0
8060700,Omen Cleaver,Flame,11,Curved Greatsword,SaberLarge,1.03,slash,slash,0,0,163,0,0,0.25,0.25,0,0.75,0,19,16,0,0,0,0,0,0,0,0,0,0,6,6,6,6,103,Spinning Slash,0,0,0
8060800,Omen Cleaver,Golden,11,Curved Greatsword,SaberLarge,1.03,slash,slash,0,0,0,0,142,0.25,0.25,0,0.85,0,19,16,0,0,0,0,0,0,0,0,0,0,6,6,6,6,103,Spinning Slash,0,0,0
8060900,Omen Cleaver,Draconic,11,Curved Greatsword,SaberLarge,1.03,slash,slash,0,0,0,163,0,0.25,0.25,0,0.85,0,19,16,0,0,0,0,0,0,0,0,0,0,6,6,6,6,103,Spinning Slash,0,0,0
8061000,Omen Cleaver,Bestial,11,Curved Greatsword,SaberLarge,1.03,slash,slash,163,0,0,0,0,0.25,0.25,0,0.85,0,19,16,0,0,0,0,0,0,0,0,0,0,6,6,6,6,103,Spinning Slash,0,0,0
8061100,Omen Cleaver,Night,11,Curved Greatsword,SaberLarge,1.03,slash,slash,0,163,0,0,0,0.17,0.18,0.7,0.7,0,19,16,0,0,0,0,0,0,0,0,0,0,6,6,6,6,103,Spinning Slash,0,0,0
8061200,Omen Cleaver,Lava,11,Curved Greatsword,SaberLarge,1.03,slash,slash,0,0,163,0,0,0.17,0.18,0.7,0.7,0,19,16,0,0,0,0,0,0,0,0,0,0,6,6,6,6,103,Spinning Slash,0,0,0
8061300,Omen Cleaver,Frenzy,11,Curved Greatsword,SaberLarge,1.03,slash,slash,0,0,163,0,0,0.17,0.18,0.6,0.6,0,19,16,0,0,0,0,0,0,0,0,0,0,6,6,6,6,103,Spinning Slash,0,0,0
8061400,Omen Cleaver,Death,11,Curved Greatsword,SaberLarge,1.03,slash,slash,0,0,0,0,142,0.17,0.18,0.6,0.6,0,19,16,0,0,0,0,0,0,0,0,0,0,6,6,6,6,103,Spinning Slash,0,0,0
8061500,Omen Cleaver,Godslayer,11,Curved Greatsword,SaberLarge,1.03,slash,slash,0,0,0,0,142,0.17,0.18,0.6,0.6,0,19,16,0,0,0,0,0,0,0,0,0,0,6,6,6,6,103,Spinning Slash,0,0,0
8061600,Omen Cleaver,Frost,11,Curved Greatsword,SaberLarge,1.03,slash,slash,0,163,0,0,0,0.17,0.18,0.6,0,0.6,19,16,0,0,0,0,0,0,0,0,0,0,6,6,6,6,103,Spinning Slash,0,0,0
8061700,Omen Cleaver,Aberrant,11,Curved Greatsword,SaberLarge,1.03,slash,slash,163,0,0,0,0,0.17,0.18,0.6,0,0.6,19,16,0,0,0,0,0,0,0,0,0,0,6,6,6,6,103,Spinning Slash,0,0,0
8061800,Omen Cleaver,Bloodflame,11,Curved Greatsword,SaberLarge,1.03,slash,slash,0,0,163,0,0,0.17,0.18,0,0.6,0.6,19,16,0,0,0,0,0,0,0,0,0,0,6,6,6,6,103,Spinning Slash,0,0,0
8061900,Omen Cleaver,Rotten,11,Curved Greatsword,SaberLarge,1.03,slash,slash,163,0,0,0,0,0.17,0.18,0,0.6,0.6,19,16,0,0,0,0,0,0,0,0,0,0,6,6,6,6,103,Spinning Slash,0,0,0
8062000,Omen Cleaver,Storm,11,Curved Greatsword,SaberLarge,1.03,slash,slash,163,0,0,0,0,0.17,0.18,0.7,0.7,0,19,16,0,0,0,0,0,0,0,0,0,0,6,6,6,6,103,Spinning Slash,0,0,0
8062100,Omen Cleaver,Mystic,11,Curved Greatsword,SaberLarge,1.03,slash,slash,0,163,0,0,0,0.17,0.18,0,0.6,0.6,19,16,0,0,0,0,0,0,0,0,0,0,6,6,6,6,103,Spinning Slash,0,0,0
8070000,Monk's Flameblade,Standard,11,Curved Greatsword,SaberLarge,0.93,slash,slash,0,0,134,0,0,0.25,0.6,0,1,0,15,18,0,25,0,2200,0,0,0,0,0,0,6,6,6,6,1058,Giantsflame Arc,1,0,0
8080000,Beastman's Cleaver,Standard,11,Curved Greatsword,SaberLarge,1.07,slash,slash,143,0,0,0,0,0.75,0.3,0,1,0,18,14,0,20,0,2200,0,0,0,0,0,0,6,6,6,6,100,Lion's Claw,1,0,0
8090000,Three Finger Blade,Standard,11,Curved Greatsword,SaberLarge,0.89,slash,slash,0,0,142,0,0,0.45,0.6,0.75,0.75,0,15,18,20,20,0,2200,0,0,0,0,0,0,6,6,6,6,825,,1,0,0
8100000,Morgott's Cursed Sword,Standard,11,Curved Greatsword,SaberLarge,0.95,slash,slash,0,0,143,0,0,0.25,0.55,0,0.65,0.65,14,16,0,18,18,2200,0,0,0,0,0,0,6,6,6,6,1027,Cursed-Blood Slice,1,0,0
8500000,Putrescence Cleaver,Standard,19,Greataxe,AxeLarge,1.06,slash,slash,0,0,0,0,148,0.85,0.4,0.85,0.85,0,20,10,20,20,0,2200,0,0,0,0,0,0,6,6,6,6,5080,Spinning Guillotine,1,0,0
8510000,Freyja's Greatsword,Standard,11,Curved Greatsword,SaberLarge,1.09,slash,slash,172,0,0,0,0,1.15,0.55,0,0,0,25,14,0,0,0,0,0,0,0,0,0,0,6,6,6,6,4150,Savage Lion's Claw,1,0,0
8520000,Horned Warrior's Greatsword,Standard,11,Curved Greatsword,SaberLarge,1.075,slash,slash,152,0,0,0,0,0.95,0.45,0.75,0.75,0,19,16,20,20,0,2200,0,0,0,0,0,0,6,6,6,6,5540,Tempest Cleave,1,0,0
8530000,Demi-Dragon Cleaver,Standard,11,Curved Greatsword,SaberLarge,1.07,slash,slash,140,0,0,0,0,0.6,0.6,0,0,0,20,15,0,0,0,0,0,0,0,0,0,0,6,6,6,6,103,Spinning Slash,0,0,0
8530100,Demi-Dragon Cleaver,Heavy,11,Curved Greatsword,SaberLarge,1.07,slash,slash,140,0,0,0,0,0.9,0.5,0,0,0,20,15,0,0,0,0,0,0,0,0,0,0,6,6,6,6,103,Spinning Slash,0,0,0
8530200,Demi-Dragon Cleaver,Keen,11,Curved Greatsword,SaberLarge,1.07,slash,slash,140,0,0,0,0,0.5,0.9,0,0,0,20,15,0,0,0,0,0,0,0,0,0,0,6,6,6,6,103,Spinning Slash,0,0,0
8530300,Demi-Dragon Cleaver,Quality,11,Curved Greatsword,SaberLarge,1.07,slash,slash,140,0,0,0,0,0.75,0.75,0,0,0,20,15,0,0,0,0,0,0,0,0,0,0,6,6,6,6,103,Spinning Slash,0,0,0
8530400,Demi-Dragon Cleaver,Glint,11,Curved Greatsword,SaberLarge,1.07,slash,slash,0,140,0,0,0,0.3,0.3,0.9,0,0,20,15,0,0,0,0,0,0,0,0,0,0,6,6,6,6,103,Spinning Slash,0,0,0
8530500,Demi-Dragon Cleaver,Dragonkin,11,Curved Greatsword,SaberLarge,1.07,slash,slash,0,0,0,140,0,0.3,0.3,1,0,0,20,15,0,0,0,0,0,0,0,0,0,0,6,6,6,6,103,Spinning Slash,0,0,0
8530600,Demi-Dragon Cleaver,Gravity,11,Curved Greatsword,SaberLarge,1.07,slash,slash,140,0,0,0,0,0.3,0.3,0.9,0,0,20,15,0,0,0,0,0,0,0,0,0,0,6,6,6,6,103,Spinning Slash,0,0,0
8530700,Demi-Dragon Cleaver,Flame,11,Curved Greatsword,SaberLarge,1.07,slash,slash,0,0,140,0,0,0.3,0.3,0,0.9,0,20,15,0,0,0,0,0,0,0,0,0,0,6,6,6,6,103,Spinning Slash,0,0,0
8530800,Demi-Dragon Cleaver,Golden,11,Curved Greatsword,SaberLarge,1.07,slash,slash,0,0,0,0,140,0.3,0.3,0,0.9,0,20,15,0,0,0,0,0,0,0,0,0,0,6,6,6,6,103,Spinning Slash,0,0,0
8530900,Demi-Dragon Cleaver,Draconic,11,Curved Greatsword,SaberLarge,1.07,slash,slash,0,0,0,140,0,0.3,0.3,0,0.9,0,20,15,0,0,0,0,0,0,0,0,0,0,6,6,6,6,103,Spinning Slash,0,0,0
8531000,Demi-Dragon Cleaver,Bestial,11,Curved Greatsword,SaberLarge,1.07,slash,slash,140,0,0,0,0,0.3,0.3,0,0.9,0,20,15,0,0,0,0,0,0,0,0,0,0,6,6,6,6,103,Spinning Slash,0,0,0
8531100,Demi-Dragon Cleaver,Night,11,Curved Greatsword,SaberLarge,1.07,slash,slash,0,140,0,0,0,0.2,0.2,0.8,0.8,0,20,15,0,0,0,0,0,0,0,0,0,0,6,6,6,6,103,Spinning Slash,0,0,0
8531200,Demi-Dragon Cleaver,Lava,11,Curved Greatsword,SaberLarge,1.07,slash,slash,0,0,140,0,0,0.2,0.2,0.75,0.75,0,20,15,0,0,0,0,0,0,0,0,0,0,6,6,6,6,103,Spinning Slash,0,0,0
8531300,Demi-Dragon Cleaver,Frenzy,11,Curved Greatsword,SaberLarge,1.07,slash,slash,0,0,140,0,0,0.2,0.2,0.65,0.65,0,20,15,0,0,0,0,0,0,0,0,0,0,6,6,6,6,103,Spinning Slash,0,0,0
8531400,Demi-Dragon Cleaver,Death,11,Curved Greatsword,SaberLarge,1.07,slash,slash,0,0,0,0,140,0.2,0.2,0.65,0.65,0,20,15,0,0,0,0,0,0,0,0,0,0,6,6,6,6,103,Spinning Slash,0,0,0
8531500,Demi-Dragon Cleaver,Godslayer,11,Curved Greatsword,SaberLarge,1.07,slash,slash,0,0,0,0,140,0.2,0.2,0.65,0.65,0,20,15,0,0,0,0,0,0,0,0,0,0,6,6,6,6,103,Spinning Slash,0,0,0
8531600,Demi-Dragon Cleaver,Frost,11,Curved Greatsword,SaberLarge,1.07,slash,slash,0,140,0,0,0,0.2,0.2,0.65,0,0.65,20,15,0,0,0,0,0,0,0,0,0,0,6,6,6,6,103,Spinning Slash,0,0,0
8531700,Demi-Dragon Cleaver,Aberrant,11,Curved Greatsword,SaberLarge,1.07,slash,slash,140,0,0,0,0,0.2,0.2,0.65,0,0.65,20,15,0,0,0,0,0,0,0,0,0,0,6,6,6,6,103,Spinning Slash,0,0,0
8531800,Demi-Dragon Cleaver,Bloodflame,11,Curved Greatsword,SaberLarge,1.07,slash,slash,0,0,140,0,0,0.2,0.2,0,0.65,0.65,20,15,0,0,0,0,0,0,0,0,0,0,6,6,6,6,103,Spinning Slash,0,0,0
8531900,Demi-Dragon Cleaver,Rotten,11,Curved Greatsword,SaberLarge,1.07,slash,slash,140,0,0,0,0,0.2,0.2,0,0.65,0.65,20,15,0,0,0,0,0,0,0,0,0,0,6,6,6,6,103,Spinning Slash,0,0,0
8532000,Demi-Dragon Cleaver,Storm,11,Curved Greatsword,SaberLarge,1.07,slash,slash,140,0,0,0,0,0.2,0.2,0.75,0.75,0,20,15,0,0,0,0,0,0,0,0,0,0,6,6,6,6,103,Spinning Slash,0,0,0
8532100,Demi-Dragon Cleaver,Mystic,11,Curved Greatsword,SaberLarge,1.07,slash,slash,0,140,0,0,0,0.2,0.2,0,0.65,0.65,20,15,0,0,0,0,0,0,0,0,0,0,6,6,6,6,103,Spinning Slash,0,0,0
9000000,Uchigatana,Standard,13,Katana,katana,1,slash,pierce,126,0,0,0,0,0.4,0.7,0,0,0,11,15,0,0,0,0,0,0,0,0,0,0,6,6,6,6,114,Unsheathe,0,0,0
9000100,Uchigatana,Heavy,13,Katana,katana,1,slash,pierce,126,0,0,0,0,0.75,0.4,0,0,0,11,15,0,0,0,0,0,0,0,0,0,0,6,6,6,6,114,Unsheathe,0,0,0
9000200,Uchigatana,Keen,13,Katana,katana,1,slash,pierce,126,0,0,0,0,0.45,1,0,0,0,11,15,0,0,0,0,0,0,0,0,0,0,6,6,6,6,114,Unsheathe,0,0,0
9000300,Uchigatana,Quality,13,Katana,katana,1,slash,pierce,126,0,0,0,0,0.6,0.8,0,0,0,11,15,0,0,0,0,0,0,0,0,0,0,6,6,6,6,114,Unsheathe,0,0,0
9000400,Uchigatana,Glint,13,Katana,katana,1,slash,pierce,0,126,0,0,0,0.25,0.45,0.9,0,0,11,15,0,0,0,0,0,0,0,0,0,0,6,6,6,6,114,Unsheathe,0,0,0
9000500,Uchigatana,Dragonkin,13,Katana,katana,1,slash,pierce,0,0,0,126,0,0.25,0.45,0.8,0,0,11,15,0,0,0,0,0,0,0,0,0,0,6,6,6,6,114,Unsheathe,0,0,0
9000600,Uchigatana,Gravity,13,Katana,katana,1,slash,pierce,126,0,0,0,0,0.25,0.45,0.9,0,0,11,15,0,0,0,0,0,0,0,0,0,0,6,6,6,6,114,Unsheathe,0,0,0
9000700,Uchigatana,Flame,13,Katana,katana,1,slash,pierce,0,0,126,0,0,0.25,0.45,0,0.8,0,11,15,0,0,0,0,0,0,0,0,0,0,6,6,6,6,114,Unsheathe,0,0,0
9000800,Uchigatana,Golden,13,Katana,katana,1,slash,pierce,0,0,0,0,110,0.25,0.45,0,0.9,0,11,15,0,0,0,0,0,0,0,0,0,0,6,6,6,6,114,Unsheathe,0,0,0
9000900,Uchigatana,Draconic,13,Katana,katana,1,slash,pierce,0,0,0,126,0,0.25,0.45,0,0.9,0,11,15,0,0,0,0,0,0,0,0,0,0,6,6,6,6,114,Unsheathe,0,0,0
9001000,Uchigatana,Bestial,13,Katana,katana,1,slash,pierce,126,0,0,0,0,0.25,0.45,0,0.9,0,11,15,0,0,0,0,0,0,0,0,0,0,6,6,6,6,114,Unsheathe,0,0,0
9001100,Uchigatana,Night,13,Katana,katana,1,slash,pierce,0,126,0,0,0,0.2,0.4,0.7,0.7,0,11,15,0,0,0,0,0,0,0,0,0,0,6,6,6,6,114,Unsheathe,0,0,0
9001200,Uchigatana,Lava,13,Katana,katana,1,slash,pierce,0,0,126,0,0,0.2,0.4,0.7,0.7,0,11,15,0,0,0,0,0,0,0,0,0,0,6,6,6,6,114,Unsheathe,0,0,0
9001300,Uchigatana,Frenzy,13,Katana,katana,1,slash,pierce,0,0,126,0,0,0.2,0.4,0.6,0.6,0,11,15,0,0,0,0,0,0,0,0,0,0,6,6,6,6,114,Unsheathe,0,0,0
9001400,Uchigatana,Death,13,Katana,katana,1,slash,pierce,0,0,0,0,110,0.2,0.4,0.6,0.6,0,11,15,0,0,0,0,0,0,0,0,0,0,6,6,6,6,114,Unsheathe,0,0,0
9001500,Uchigatana,Godslayer,13,Katana,katana,1,slash,pierce,0,0,0,0,110,0.2,0.4,0.6,0.6,0,11,15,0,0,0,0,0,0,0,0,0,0,6,6,6,6,114,Unsheathe,0,0,0
9001600,Uchigatana,Frost,13,Katana,katana,1,slash,pierce,0,126,0,0,0,0.2,0.4,0.6,0,0.6,11,15,0,0,0,0,0,0,0,0,0,0,6,6,6,6,114,Unsheathe,0,0,0
9001700,Uchigatana,Aberrant,13,Katana,katana,1,slash,pierce,126,0,0,0,0,0.2,0.4,0.6,0,0.6,11,15,0,0,0,0,0,0,0,0,0,0,6,6,6,6,114,Unsheathe,0,0,0
9001800,Uchigatana,Bloodflame,13,Katana,katana,1,slash,pierce,0,0,126,0,0,0.2,0.4,0,0.6,0.6,11,15,0,0,0,0,0,0,0,0,0,0,6,6,6,6,114,Unsheathe,0,0,0
9001900,Uchigatana,Rotten,13,Katana,katana,1,slash,pierce,126,0,0,0,0,0.2,0.4,0,0.6,0.6,11,15,0,0,0,0,0,0,0,0,0,0,6,6,6,6,114,Unsheathe,0,0,0
9002000,Uchigatana,Storm,13,Katana,katana,1,slash,pierce,126,0,0,0,0,0.2,0.4,0.7,0.7,0,11,15,0,0,0,0,0,0,0,0,0,0,6,6,6,6,114,Unsheathe,0,0,0
9002100,Uchigatana,Mystic,13,Katana,katana,1,slash,pierce,0,126,0,0,0,0.2,0.4,0,0.6,0.6,11,15,0,0,0,0,0,0,0,0,0,0,6,6,6,6,114,Unsheathe,0,0,0
9010000,Nagakiba,Standard,13,Katana,katana,1.14,slash,pierce,132,0,0,0,0,0.4,0.7,0,0,0,18,22,0,0,0,0,0,0,0,0,0,0,6,6,6,6,114,Unsheathe,0,0,0
9010100,Nagakiba,Heavy,13,Katana,katana,1.14,slash,pierce,132,0,0,0,0,0.75,0.4,0,0,0,18,22,0,0,0,0,0,0,0,0,0,0,6,6,6,6,114,Unsheathe,0,0,0
9010200,Nagakiba,Keen,13,Katana,katana,1.14,slash,pierce,132,0,0,0,0,0.45,1,0,0,0,18,22,0,0,0,0,0,0,0,0,0,0,6,6,6,6,114,Unsheathe,0,0,0
9010300,Nagakiba,Quality,13,Katana,katana,1.14,slash,pierce,132,0,0,0,0,0.6,0.8,0,0,0,18,22,0,0,0,0,0,0,0,0,0,0,6,6,6,6,114,Unsheathe,0,0,0
9010400,Nagakiba,Glint,13,Katana,katana,1.14,slash,pierce,0,132,0,0,0,0.25,0.45,0.9,0,0,18,22,0,0,0,0,0,0,0,0,0,0,6,6,6,6,114,Unsheathe,0,0,0
9010500,Nagakiba,Dragonkin,13,Katana,katana,1.14,slash,pierce,0,0,0,132,0,0.25,0.45,0.8,0,0,18,22,0,0,0,0,0,0,0,0,0,0,6,6,6,6,114,Unsheathe,0,0,0
9010600,Nagakiba,Gravity,13,Katana,katana,1.14,slash,pierce,132,0,0,0,0,0.25,0.45,0.9,0,0,18,22,0,0,0,0,0,0,0,0,0,0,6,6,6,6,114,Unsheathe,0,0,0
9010700,Nagakiba,Flame,13,Katana,katana,1.14,slash,pierce,0,0,132,0,0,0.25,0.45,0,0.8,0,18,22,0,0,0,0,0,0,0,0,0,0,6,6,6,6,114,Unsheathe,0,0,0
9010800,Nagakiba,Golden,13,Katana,katana,1.14,slash,pierce,0,0,0,0,115,0.25,0.45,0,0.9,0,18,22,0,0,0,0,0,0,0,0,0,0,6,6,6,6,114,Unsheathe,0,0,0
9010900,Nagakiba,Draconic,13,Katana,katana,1.14,slash,pierce,0,0,0,132,0,0.25,0.45,0,0.9,0,18,22,0,0,0,0,0,0,0,0,0,0,6,6,6,6,114,Unsheathe,0,0,0
9011000,Nagakiba,Bestial,13,Katana,katana,1.14,slash,pierce,132,0,0,0,0,0.25,0.45,0,0.9,0,18,22,0,0,0,0,0,0,0,0,0,0,6,6,6,6,114,Unsheathe,0,0,0
9011100,Nagakiba,Night,13,Katana,katana,1.14,slash,pierce,0,132,0,0,0,0.2,0.4,0.7,0.7,0,18,22,0,0,0,0,0,0,0,0,0,0,6,6,6,6,114,Unsheathe,0,0,0
9011200,Nagakiba,Lava,13,Katana,katana,1.14,slash,pierce,0,0,132,0,0,0.2,0.4,0.7,0.7,0,18,22,0,0,0,0,0,0,0,0,0,0,6,6,6,6,114,Unsheathe,0,0,0
9011300,Nagakiba,Frenzy,13,Katana,katana,1.14,slash,pierce,0,0,132,0,0,0.2,0.4,0.6,0.6,0,18,22,0,0,0,0,0,0,0,0,0,0,6,6,6,6,114,Unsheathe,0,0,0
9011400,Nagakiba,Death,13,Katana,katana,1.14,slash,pierce,0,0,0,0,115,0.2,0.4,0.6,0.6,0,18,22,0,0,0,0,0,0,0,0,0,0,6,6,6,6,114,Unsheathe,0,0,0
9011500,Nagakiba,Godslayer,13,Katana,katana,1.14,slash,pierce,0,0,0,0,115,0.2,0.4,0.6,0.6,0,18,22,0,0,0,0,0,0,0,0,0,0,6,6,6,6,114,Unsheathe,0,0,0
9011600,Nagakiba,Frost,13,Katana,katana,1.14,slash,pierce,0,132,0,0,0,0.2,0.4,0.6,0,0.6,18,22,0,0,0,0,0,0,0,0,0,0,6,6,6,6,114,Unsheathe,0,0,0
9011700,Nagakiba,Aberrant,13,Katana,katana,1.14,slash,pierce,132,0,0,0,0,0.2,0.4,0.6,0,0.6,18,22,0,0,0,0,0,0,0,0,0,0,6,6,6,6,114,Unsheathe,0,0,0
9011800,Nagakiba,Bloodflame,13,Katana,katana,1.14,slash,pierce,0,0,132,0,0,0.2,0.4,0,0.6,0.6,18,22,0,0,0,0,0,0,0,0,0,0,6,6,6,6,114,Unsheathe,0,0,0
9011900,Nagakiba,Rotten,13,Katana,katana,1.14,slash,pierce,132,0,0,0,0,0.2,0.4,0,0.6,0.6,18,22,0,0,0,0,0,0,0,0,0,0,6,6,6,6,114,Unsheathe,0,0,0
9012000,Nagakiba,Storm,13,Katana,katana,1.14,slash,pierce,132,0,0,0,0,0.2,0.4,0.7,0.7,0,18,22,0,0,0,0,0,0,0,0,0,0,6,6,6,6,114,Unsheathe,0,0,0
9012100,Nagakiba,Mystic,13,Katana,katana,1.14,slash,pierce,0,132,0,0,0,0.2,0.4,0,0.6,0.6,18,22,0,0,0,0,0,0,0,0,0,0,6,6,6,6,114,Unsheathe,0,0,0
9020000,Hand of Malenia,Standard,13,Katana,katana,1.14,slash,pierce,117,0,0,0,0,0.2,0.8,0,0.8,0.8,13,26,0,0,0,2200,0,0,0,0,0,0,6,6,6,6,1028,Waterfowl Dance,1,0,0
9030000,Meteoric Ore Blade,Standard,13,Katana,katana,1.035,slash,pierce,117,0,0,0,0,0.25,0.5,1.1,0,0,11,11,18,0,0,2200,0,0,0,0,0,0,6,6,6,6,1057,Cleave of Devastation,1,0,0
9040000,Rivers of Blood,Standard,13,Katana,katana,1.07,slash,pierce,0,0,122,0,0,0.2,0.6,0,0.65,0.65,10,18,0,20,20,2200,0,0,0,0,0,0,6,6,6,6,1177,Corpse Piler,1,0,0
9050000,Star Shadow,Standard,13,Katana,katana,1,slash,pierce,0,120,0,0,0,0.2,0.45,0.85,0.85,0,10,13,15,15,0,2200,0,0,0,0,0,0,6,6,6,6,181,Umbral Stance,1,0,0
9060000,Moonveil,Standard,13,Katana,katana,1.07,slash,pierce,0,119,0,0,0,0.3,0.65,0.9,0,0,12,18,23,0,0,2200,0,0,0,0,0,0,6,6,6,6,1178,Transient Moonlight,1,0,0
9070000,Dragonscale Blade,Standard,13,Katana,katana,1,slash,pierce,0,0,0,121,0,0.3,0.65,0.9,0,0,12,18,20,0,0,2200,0,0,0,0,0,0,6,6,6,6,146,Underworld Conduit,1,0,0
9080000,Serpentbone Blade,Standard,13,Katana,katana,1.04,slash,pierce,120,0,0,0,0,0.2,0.5,0,0.7,0.7,11,15,0,18,18,2200,0,0,0,0,0,0,6,6,6,6,194,Virulent Slice,1,0,0
9090000,Blade of Distant Light,Standard,13,Katana,katana,1,slash,pierce,0,0,126,0,0,0.35,0.6,0.85,0.85,0,10,13,15,15,0,2200,0,0,0,0,0,0,6,6,6,6,804,Dance of Unification,1,0,0
9500000,Sword of Night,Standard,13,Katana,katana,1.075,slash,pierce,0,125,0,0,0,0.4,0.75,0.75,0.75,0,11,18,15,15,0,2200,0,0,0,0,0,0,6,6,6,6,5260,Witching Hour Slash,1,0,0
10000000,Twinblade,Standard,14,Twinblade,SwordDoubleEdge,1,pierce,standard,137,0,0,0,0,0.4,0.8,0,0,0,10,16,0,0,0,0,0,0,0,0,0,0,6,6,6,6,103,Spinning Slash,0,0,0
10000100,Twinblade,Heavy,14,Twinblade,SwordDoubleEdge,1,pierce,standard,137,0,0,0,0,0.75,0.6,0,0,0,10,16,0,0,0,0,0,0,0,0,0,0,6,6,6,6,103,Spinning Slash,0,0,0
10000200,Twinblade,Keen,14,Twinblade,SwordDoubleEdge,1,pierce,standard,137,0,0,0,0,0.3,1.25,0,0,0,10,16,0,0,0,0,0,0,0,0,0,0,6,6,6,6,103,Spinning Slash,0,0,0
10000300,Twinblade,Quality,14,Twinblade,SwordDoubleEdge,1,pierce,standard,137,0,0,0,0,0.6,0.95,0,0,0,10,16,0,0,0,0,0,0,0,0,0,0,6,6,6,6,103,Spinning Slash,0,0,0
10000400,Twinblade,Glint,14,Twinblade,SwordDoubleEdge,1,pierce,standard,0,137,0,0,0,0.3,0.5,0.95,0,0,10,16,0,0,0,0,0,0,0,0,0,0,6,6,6,6,103,Spinning Slash,0,0,0
10000500,Twinblade,Dragonkin,14,Twinblade,SwordDoubleEdge,1,pierce,standard,0,0,0,137,0,0.3,0.5,0.85,0,0,10,16,0,0,0,0,0,0,0,0,0,0,6,6,6,6,103,Spinning Slash,0,0,0
10000600,Twinblade,Gravity,14,Twinblade,SwordDoubleEdge,1,pierce,standard,137,0,0,0,0,0.3,0.5,0.95,0,0,10,16,0,0,0,0,0,0,0,0,0,0,6,6,6,6,103,Spinning Slash,0,0,0
10000700,Twinblade,Flame,14,Twinblade,SwordDoubleEdge,1,pierce,standard,0,0,137,0,0,0.3,0.5,0,0.85,0,10,16,0,0,0,0,0,0,0,0,0,0,6,6,6,6,103,Spinning Slash,0,0,0
10000800,Twinblade,Golden,14,Twinblade,SwordDoubleEdge,1,pierce,standard,0,0,0,0,119,0.3,0.5,0,0.95,0,10,16,0,0,0,0,0,0,0,0,0,0,6,6,6,6,103,Spinning Slash,0,0,0
10000900,Twinblade,Draconic,14,Twinblade,SwordDoubleEdge,1,pierce,standard,0,0,0,137,0,0.3,0.5,0,0.95,0,10,16,0,0,0,0,0,0,0,0,0,0,6,6,6,6,103,Spinning Slash,0,0,0
10001000,Twinblade,Bestial,14,Twinblade,SwordDoubleEdge,1,pierce,standard,137,0,0,0,0,0.3,0.5,0,0.95,0,10,16,0,0,0,0,0,0,0,0,0,0,6,6,6,6,103,Spinning Slash,0,0,0
10001100,Twinblade,Night,14,Twinblade,SwordDoubleEdge,1,pierce,standard,0,137,0,0,0,0.25,0.4,0.75,0.75,0,10,16,0,0,0,0,0,0,0,0,0,0,6,6,6,6,103,Spinning Slash,0,0,0
10001200,Twinblade,Lava,14,Twinblade,SwordDoubleEdge,1,pierce,standard,0,0,137,0,0,0.25,0.4,0.75,0.75,0,10,16,0,0,0,0,0,0,0,0,0,0,6,6,6,6,103,Spinning Slash,0,0,0
10001300,Twinblade,Frenzy,14,Twinblade,SwordDoubleEdge,1,pierce,standard,0,0,137,0,0,0.25,0.4,0.65,0.65,0,10,16,0,0,0,0,0,0,0,0,0,0,6,6,6,6,103,Spinning Slash,0,0,0
10001400,Twinblade,Death,14,Twinblade,SwordDoubleEdge,1,pierce,standard,0,0,0,0,119,0.25,0.4,0.65,0.65,0,10,16,0,0,0,0,0,0,0,0,0,0,6,6,6,6,103,Spinning Slash,0,0,0
10001500,Twinblade,Godslayer,14,Twinblade,SwordDoubleEdge,1,pierce,standard,0,0,0,0,119,0.25,0.4,0.65,0.65,0,10,16,0,0,0,0,0,0,0,0,0,0,6,6,6,6,103,Spinning Slash,0,0,0
10001600,Twinblade,Frost,14,Twinblade,SwordDoubleEdge,1,pierce,standard,0,137,0,0,0,0.25,0.4,0.65,0,0.65,10,16,0,0,0,0,0,0,0,0,0,0,6,6,6,6,103,Spinning Slash,0,0,0
10001700,Twinblade,Aberrant,14,Twinblade,SwordDoubleEdge,1,pierce,standard,137,0,0,0,0,0.25,0.4,0.65,0,0.65,10,16,0,0,0,0,0,0,0,0,0,0,6,6,6,6,103,Spinning Slash,0,0,0
10001800,Twinblade,Bloodflame,14,Twinblade,SwordDoubleEdge,1,pierce,standard,0,0,137,0,0,0.25,0.4,0,0.65,0.65,10,16,0,0,0,0,0,0,0,0,0,0,6,6,6,6,103,Spinning Slash,0,0,0
10001900,Twinblade,Rotten,14,Twinblade,SwordDoubleEdge,1,pierce,standard,137,0,0,0,0,0.25,0.4,0,0.65,0.65,10,16,0,0,0,0,0,0,0,0,0,0,6,6,6,6,103,Spinning Slash,0,0,0
10002000,Twinblade,Storm,14,Twinblade,SwordDoubleEdge,1,pierce,standard,137,0,0,0,0,0.25,0.4,0.75,0.75,0,10,16,0,0,0,0,0,0,0,0,0,0,6,6,6,6,103,Spinning Slash,0,0,0
10002100,Twinblade,Mystic,14,Twinblade,SwordDoubleEdge,1,pierce,standard,0,137,0,0,0,0.25,0.4,0,0.65,0.65,10,16,0,0,0,0,0,0,0,0,0,0,6,6,6,6,103,Spinning Slash,0,0,0
10010000,Godskin Peeler,Standard,14,Twinblade,SwordDoubleEdge,1.07,pierce,standard,0,0,0,0,121,0.25,0.4,0.85,0.85,0,15,20,22,22,0,2200,0,0,0,0,0,0,6,6,6,6,810,Whirling Black Flames,1,0,0
10020000,Sulien's Razors,Standard,14,Twinblade,SwordDoubleEdge,1,slash,standard,129,0,0,0,0,0.05,1.35,0,0,0,10,20,0,0,0,2200,0,0,0,0,0,0,6,6,6,6,1030,Sulien's Mastery,1,0,0
10030000,Twinned Knight Swords,Standard,14,Twinblade,SwordDoubleEdge,1.03,pierce,standard,140,0,0,0,0,0.4,0.8,0,0,0,16,18,0,0,0,0,0,0,0,0,0,0,6,6,6,6,103,Spinning Slash,0,0,0
10030100,Twinned Knight Swords,Heavy,14,Twinblade,SwordDoubleEdge,1.03,pierce,standard,140,0,0,0,0,0.75,0.6,0,0,0,16,18,0,0,0,0,0,0,0,0,0,0,6,6,6,6,103,Spinning Slash,0,0,0
10030200,Twinned Knight Swords,Keen,14,Twinblade,SwordDoubleEdge,1.03,pierce,standard,140,0,0,0,0,0.3,1.25,0,0,0,16,18,0,0,0,0,0,0,0,0,0,0,6,6,6,6,103,Spinning Slash,0,0,0
10030300,Twinned Knight Swords,Quality,14,Twinblade,SwordDoubleEdge,1.03,pierce,standard,140,0,0,0,0,0.6,0.95,0,0,0,16,18,0,0,0,0,0,0,0,0,0,0,6,6,6,6,103,Spinning Slash,0,0,0
10030400,Twinned Knight Swords,Glint,14,Twinblade,SwordDoubleEdge,1.03,pierce,standard,0,140,0,0,0,0.3,0.5,0.95,0,0,16,18,0,0,0,0,0,0,0,0,0,0,6,6,6,6,103,Spinning Slash,0,0,0
10030500,Twinned Knight Swords,Dragonkin,14,Twinblade,SwordDoubleEdge,1.03,pierce,standard,0,0,0,140,0,0.3,0.5,0.85,0,0,16,18,0,0,0,0,0,0,0,0,0,0,6,6,6,6,103,Spinning Slash,0,0,0
10030600,Twinned Knight Swords,Gravity,14,Twinblade,SwordDoubleEdge,1.03,pierce,standard,140,0,0,0,0,0.3,0.5,0.95,0,0,16,18,0,0,0,0,0,0,0,0,0,0,6,6,6,6,103,Spinning Slash,0,0,0
10030700,Twinned Knight Swords,Flame,14,Twinblade,SwordDoubleEdge,1.03,pierce,standard,0,0,140,0,0,0.3,0.5,0,0.85,0,16,18,0,0,0,0,0,0,0,0,0,0,6,6,6,6,103,Spinning Slash,0,0,0
10030800,Twinned Knight Swords,Golden,14,Twinblade,SwordDoubleEdge,1.03,pierce,standard,0,0,0,0,122,0.3,0.5,0,0.95,0,16,18,0,0,0,0,0,0,0,0,0,0,6,6,6,6,103,Spinning Slash,0,0,0
10030900,Twinned Knight Swords,Draconic,14,Twinblade,SwordDoubleEdge,1.03,pierce,standard,0,0,0,140,0,0.3,0.5,0,0.95,0,16,18,0,0,0,0,0,0,0,0,0,0,6,6,6,6,103,Spinning Slash,0,0,0
10031000,Twinned Knight Swords,Bestial,14,Twinblade,SwordDoubleEdge,1.03,pierce,standard,140,0,0,0,0,0.3,0.5,0,0.95,0,16,18,0,0,0,0,0,0,0,0,0,0,6,6,6,6,103,Spinning Slash,0,0,0
10031100,Twinned Knight Swords,Night,14,Twinblade,SwordDoubleEdge,1.03,pierce,standard,0,140,0,0,0,0.25,0.4,0.75,0.75,0,16,18,0,0,0,0,0,0,0,0,0,0,6,6,6,6,103,Spinning Slash,0,0,0
10031200,Twinned Knight Swords,Lava,14,Twinblade,SwordDoubleEdge,1.03,pierce,standard,0,0,140,0,0,0.25,0.4,0.75,0.75,0,16,18,0,0,0,0,0,0,0,0,0,0,6,6,6,6,103,Spinning Slash,0,0,0
10031300,Twinned Knight Swords,Frenzy,14,Twinblade,SwordDoubleEdge,1.03,pierce,standard,0,0,140,0,0,0.25,0.4,0.65,0.65,0,16,18,0,0,0,0,0,0,0,0,0,0,6,6,6,6,103,Spinning Slash,0,0,0
10031400,Twinned Knight Swords,Death,14,Twinblade,SwordDoubleEdge,1.03,pierce,standard,0,0,0,0,122,0.25,0.4,0.65,0.65,0,16,18,0,0,0,0,0,0,0,0,0,0,6,6,6,6,103,Spinning Slash,0,0,0
10031500,Twinned Knight Swords,Godslayer,14,Twinblade,SwordDoubleEdge,1.03,pierce,standard,0,0,0,0,122,0.25,0.4,0.65,0.65,0,16,18,0,0,0,0,0,0,0,0,0,0,6,6,6,6,103,Spinning Slash,0,0,0
10031600,Twinned Knight Swords,Frost,14,Twinblade,SwordDoubleEdge,1.03,pierce,standard,0,140,0,0,0,0.25,0.4,0.65,0,0.65,16,18,0,0,0,0,0,0,0,0,0,0,6,6,6,6,103,Spinning Slash,0,0,0
10031700,Twinned Knight Swords,Aberrant,14,Twinblade,SwordDoubleEdge,1.03,pierce,standard,140,0,0,0,0,0.25,0.4,0.65,0,0.65,16,18,0,0,0,0,0,0,0,0,0,0,6,6,6,6,103,Spinning Slash,0,0,0
10031800,Twinned Knight Swords,Bloodflame,14,Twinblade,SwordDoubleEdge,1.03,pierce,standard,0,0,140,0,0,0.25,0.4,0,0.65,0.65,16,18,0,0,0,0,0,0,0,0,0,0,6,6,6,6,103,Spinning Slash,0,0,0
10031900,Twinned Knight Swords,Rotten,14,Twinblade,SwordDoubleEdge,1.03,pierce,standard,140,0,0,0,0,0.25,0.4,0,0.65,0.65,16,18,0,0,0,0,0,0,0,0,0,0,6,6,6,6,103,Spinning Slash,0,0,0
10032000,Twinned Knight Swords,Storm,14,Twinblade,SwordDoubleEdge,1.03,pierce,standard,140,0,0,0,0,0.25,0.4,0.75,0.75,0,16,18,0,0,0,0,0,0,0,0,0,0,6,6,6,6,103,Spinning Slash,0,0,0
10032100,Twinned Knight Swords,Mystic,14,Twinblade,SwordDoubleEdge,1.03,pierce,standard,0,140,0,0,0,0.25,0.4,0,0.65,0.65,16,18,0,0,0,0,0,0,0,0,0,0,6,6,6,6,103,Spinning Slash,0,0,0
10040000,Frozen Twinshards,Standard,14,Twinblade,SwordDoubleEdge,0.97,slash,standard,0,127,0,0,0,0.1,0.7,0.85,0,0.85,12,18,20,0,20,2200,0,0,0,0,0,0,6,6,6,6,131,,1,0,0
10050000,Eleonora's Poleblade,Standard,14,Twinblade,SwordDoubleEdge,0.97,pierce,standard,0,0,125,0,0,0.15,0.65,0,0.85,0.85,12,20,0,20,20,2200,0,0,0,0,0,0,6,6,6,6,1179,Bloodblade Dance,1,0,0
10060000,Caimar's Battlestaff,Standard,14,Twinblade,SwordDoubleEdge,1.005,strike,standard,0,132,0,0,0,0.75,0.5,0,0.8,0.8,18,15,0,25,25,2200,0,0,0,0,0,0,6,6,6,6,1203,Spiritshaper's Resplendence,1,0,0
10070000,Godwyn's Cragblades,Standard,14,Twinblade,SwordDoubleEdge,1,slash,standard,0,0,0,130,0,0.35,0.65,0,1.1,0,10,16,0,30,0,2200,0,0,0,0,0,0,6,6,6,6,820,,1,0,0
10080000,Gargoyle's Twinblade,Standard,14,Twinblade,SwordDoubleEdge,1.005,pierce,standard,123,0,0,0,0,0.35,0.5,0.85,0.85,0,15,15,15,15,0,2200,0,0,0,0,0,0,6,6,6,6,238,Valiant Cyclone,1,0,0
10090000,Gargoyle's Black Blades,Standard,14,Twinblade,SwordDoubleEdge,1.005,pierce,standard,0,0,0,0,122,0.7,0.25,0.7,0.7,0,18,15,20,20,0,2200,0,0,0,0,0,0,6,6,6,6,239,Death Cyclone,0,0,0
10100000,Palm-Ax Twinblades,Standard,14,Twinblade,SwordDoubleEdge,1,slash,standard,125,0,0,0,0,0.9,0.9,0,0,0,18,18,0,0,0,2200,0,0,0,0,0,0,6,6,6,6,148,Whirling Slice,1,0,0
10110000,Gilded Quarterstaff,Standard,14,Twinblade,SwordDoubleEdge,1,strike,pierce,130,0,0,0,0,1.27,0.55,0,0,0,21,10,0,0,0,2200,0,0,0,0,0,0,6,6,6,6,142,Vaulting Strike,1,0,0
10200000,Galvanic Culling Blade [Twinblade],Standard,14,Twinblade,SwordDoubleEdge,1,pierce,standard,0,0,0,127,0,0.55,0.7,1.15,0,0,15,12,35,0,0,2200,0,0,0,0,0,0,6,6,6,6,180,,1,0,0
10500000,Euporia,Standard,14,Twinblade,SwordDoubleEdge,1.045,pierce,standard,129,0,0,0,0,0.4,0.75,0,1.1,0,16,16,0,24,0,2200,0,0,0,0,0,0,6,6,6,6,5270,Euporia Vortex,1,0,0
10510000,Black Steel Twinblade,Standard,14,Twinblade,SwordDoubleEdge,1.07,pierce,standard,0,0,0,0,134,0.5,0.9,0,0.9,0,13,16,0,18,0,0,0,0,0,0,0,0,6,6,6,6,103,Spinning Slash,1,0,0
11000000,Mace,Standard,21,Hammer,HammerNormal,1,strike,strike,132,0,0,0,0,0.85,0.4,0,0,0,12,7,0,0,0,0,0,0,0,0,0,0,6,6,6,6,503,Kick,0,0,0
11000100,Mace,Heavy,21,Hammer,HammerNormal,1,strike,strike,132,0,0,0,0,1.2,0.3,0,0,0,12,7,0,0,0,0,0,0,0,0,0,0,6,6,6,6,503,Kick,0,0,0
11000200,Mace,Keen,21,Hammer,HammerNormal,1,strike,strike,132,0,0,0,0,0.65,0.75,0,0,0,12,7,0,0,0,0,0,0,0,0,0,0,6,6,6,6,503,Kick,0,0,0
11000300,Mace,Quality,21,Hammer,HammerNormal,1,strike,strike,132,0,0,0,0,0.9,0.55,0,0,0,12,7,0,0,0,0,0,0,0,0,0,0,6,6,6,6,503,Kick,0,0,0
11000400,Mace,Glint,21,Hammer,HammerNormal,1,strike,strike,0,132,0,0,0,0.4,0.3,0.9,0,0,12,7,0,0,0,0,0,0,0,0,0,0,6,6,6,6,503,Kick,0,0,0
11000500,Mace,Dragonkin,21,Hammer,HammerNormal,1,strike,strike,0,0,0,132,0,0.4,0.3,0.8,0,0,12,7,0,0,0,0,0,0,0,0,0,0,6,6,6,6,503,Kick,0,0,0
11000600,Mace,Gravity,21,Hammer,HammerNormal,1,strike,strike,132,0,0,0,0,0.4,0.3,0.9,0,0,12,7,0,0,0,0,0,0,0,0,0,0,6,6,6,6,503,Kick,0,0,0
11000700,Mace,Flame,21,Hammer,HammerNormal,1,strike,strike,0,0,132,0,0,0.4,0.3,0,0.8,0,12,7,0,0,0,0,0,0,0,0,0,0,6,6,6,6,503,Kick,0,0,0
11000800,Mace,Golden,21,Hammer,HammerNormal,1,strike,strike,0,0,0,0,115,0.4,0.3,0,0.9,0,12,7,0,0,0,0,0,0,0,0,0,0,6,6,6,6,503,Kick,0,0,0
11000900,Mace,Draconic,21,Hammer,HammerNormal,1,strike,strike,0,0,0,132,0,0.4,0.3,0,0.9,0,12,7,0,0,0,0,0,0,0,0,0,0,6,6,6,6,503,Kick,0,0,0
11001000,Mace,Bestial,21,Hammer,HammerNormal,1,strike,strike,132,0,0,0,0,0.4,0.3,0,0.9,0,12,7,0,0,0,0,0,0,0,0,0,0,6,6,6,6,503,Kick,0,0,0
11001100,Mace,Night,21,Hammer,HammerNormal,1,strike,strike,0,132,0,0,0,0.35,0.25,0.7,0.7,0,12,7,0,0,0,0,0,0,0,0,0,0,6,6,6,6,503,Kick,0,0,0
11001200,Mace,Lava,21,Hammer,HammerNormal,1,strike,strike,0,0,132,0,0,0.35,0.25,0.7,0.7,0,12,7,0,0,0,0,0,0,0,0,0,0,6,6,6,6,503,Kick,0,0,0
11001300,Mace,Frenzy,21,Hammer,HammerNormal,1,strike,strike,0,0,132,0,0,0.35,0.25,0.6,0.6,0,12,7,0,0,0,0,0,0,0,0,0,0,6,6,6,6,503,Kick,0,0,0
11001400,Mace,Death,21,Hammer,HammerNormal,1,strike,strike,0,0,0,0,115,0.35,0.25,0.6,0.6,0,12,7,0,0,0,0,0,0,0,0,0,0,6,6,6,6,503,Kick,0,0,0
11001500,Mace,Godslayer,21,Hammer,HammerNormal,1,strike,strike,0,0,0,0,115,0.35,0.25,0.6,0.6,0,12,7,0,0,0,0,0,0,0,0,0,0,6,6,6,6,503,Kick,0,0,0
11001600,Mace,Frost,21,Hammer,HammerNormal,1,strike,strike,0,132,0,0,0,0.35,0.25,0.6,0,0.6,12,7,0,0,0,0,0,0,0,0,0,0,6,6,6,6,503,Kick,0,0,0
11001700,Mace,Aberrant,21,Hammer,HammerNormal,1,strike,strike,132,0,0,0,0,0.35,0.25,0.6,0,0.6,12,7,0,0,0,0,0,0,0,0,0,0,6,6,6,6,503,Kick,0,0,0
11001800,Mace,Bloodflame,21,Hammer,HammerNormal,1,strike,strike,0,0,132,0,0,0.35,0.25,0,0.6,0.6,12,7,0,0,0,0,0,0,0,0,0,0,6,6,6,6,503,Kick,0,0,0
11001900,Mace,Rotten,21,Hammer,HammerNormal,1,strike,strike,132,0,0,0,0,0.35,0.25,0,0.6,0.6,12,7,0,0,0,0,0,0,0,0,0,0,6,6,6,6,503,Kick,0,0,0
11002000,Mace,Storm,21,Hammer,HammerNormal,1,strike,strike,132,0,0,0,0,0.35,0.25,0.7,0.7,0,12,7,0,0,0,0,0,0,0,0,0,0,6,6,6,6,503,Kick,0,0,0
11002100,Mace,Mystic,21,Hammer,HammerNormal,1,strike,strike,0,132,0,0,0,0.35,0.25,0,0.6,0.6,12,7,0,0,0,0,0,0,0,0,0,0,6,6,6,6,503,Kick,0,0,0
11010000,Club,Standard,21,Hammer,HammerNormal,0.955,strike,strike,118,0,0,0,0,0.7,0.2,0,0,0,10,0,0,0,0,0,0,0,0,0,0,0,6,6,6,6,650,Barbaric Roar,0,0,0
11010100,Club,Heavy,21,Hammer,HammerNormal,0.955,strike,strike,118,0,0,0,0,1.1,0.1,0,0,0,10,0,0,0,0,0,0,0,0,0,0,0,6,6,6,6,650,Barbaric Roar,0,0,0
11010200,Club,Keen,21,Hammer,HammerNormal,0.955,strike,strike,118,0,0,0,0,0.5,0.55,0,0,0,10,0,0,0,0,0,0,0,0,0,0,0,6,6,6,6,650,Barbaric Roar,0,0,0
11010300,Club,Quality,21,Hammer,HammerNormal,0.955,strike,strike,118,0,0,0,0,0.8,0.35,0,0,0,10,0,0,0,0,0,0,0,0,0,0,0,6,6,6,6,650,Barbaric Roar,0,0,0
11010400,Club,Glint,21,Hammer,HammerNormal,0.955,strike,strike,0,118,0,0,0,0.25,0.1,0.9,0,0,10,0,0,0,0,0,0,0,0,0,0,0,6,6,6,6,650,Barbaric Roar,0,0,0
11010500,Club,Dragonkin,21,Hammer,HammerNormal,0.955,strike,strike,0,0,0,118,0,0.25,0.1,0.8,0,0,10,0,0,0,0,0,0,0,0,0,0,0,6,6,6,6,650,Barbaric Roar,0,0,0
11010600,Club,Gravity,21,Hammer,HammerNormal,0.955,strike,strike,118,0,0,0,0,0.25,0.1,0.9,0,0,10,0,0,0,0,0,0,0,0,0,0,0,6,6,6,6,650,Barbaric Roar,0,0,0
11010700,Club,Flame,21,Hammer,HammerNormal,0.955,strike,strike,0,0,118,0,0,0.25,0.1,0,0.8,0,10,0,0,0,0,0,0,0,0,0,0,0,6,6,6,6,650,Barbaric Roar,0,0,0
11010800,Club,Golden,21,Hammer,HammerNormal,0.955,strike,strike,0,0,0,0,103,0.25,0.1,0,0.9,0,10,0,0,0,0,0,0,0,0,0,0,0,6,6,6,6,650,Barbaric Roar,0,0,0
11010900,Club,Draconic,21,Hammer,HammerNormal,0.955,strike,strike,0,0,0,118,0,0.25,0.1,0,0.9,0,10,0,0,0,0,0,0,0,0,0,0,0,6,6,6,6,650,Barbaric Roar,0,0,0
11011000,Club,Bestial,21,Hammer,HammerNormal,0.955,strike,strike,118,0,0,0,0,0.25,0.1,0,0.9,0,10,0,0,0,0,0,0,0,0,0,0,0,6,6,6,6,650,Barbaric Roar,0,0,0
11011100,Club,Night,21,Hammer,HammerNormal,0.955,strike,strike,0,118,0,0,0,0.2,0.05,0.7,0.7,0,10,0,0,0,0,0,0,0,0,0,0,0,6,6,6,6,650,Barbaric Roar,0,0,0
11011200,Club,Lava,21,Hammer,HammerNormal,0.955,strike,strike,0,0,118,0,0,0.2,0.05,0.7,0.7,0,10,0,0,0,0,0,0,0,0,0,0,0,6,6,6,6,650,Barbaric Roar,0,0,0
11011300,Club,Frenzy,21,Hammer,HammerNormal,0.955,strike,strike,0,0,118,0,0,0.2,0.05,0.6,0.6,0,10,0,0,0,0,0,0,0,0,0,0,0,6,6,6,6,650,Barbaric Roar,0,0,0
11011400,Club,Death,21,Hammer,HammerNormal,0.955,strike,strike,0,0,0,0,103,0.2,0.05,0.6,0.6,0,10,0,0,0,0,0,0,0,0,0,0,0,6,6,6,6,650,Barbaric Roar,0,0,0
11011500,Club,Godslayer,21,Hammer,HammerNormal,0.955,strike,strike,0,0,0,0,103,0.2,0.05,0.6,0.6,0,10,0,0,0,0,0,0,0,0,0,0,0,6,6,6,6,650,Barbaric Roar,0,0,0
11011600,Club,Frost,21,Hammer,HammerNormal,0.955,strike,strike,0,118,0,0,0,0.2,0.05,0.6,0,0.6,10,0,0,0,0,0,0,0,0,0,0,0,6,6,6,6,650,Barbaric Roar,0,0,0
11011700,Club,Aberrant,21,Hammer,HammerNormal,0.955,strike,strike,118,0,0,0,0,0.2,0.05,0.6,0,0.6,10,0,0,0,0,0,0,0,0,0,0,0,6,6,6,6,650,Barbaric Roar,0,0,0
11011800,Club,Bloodflame,21,Hammer,HammerNormal,0.955,strike,strike,0,0,118,0,0,0.2,0.05,0,0.6,0.6,10,0,0,0,0,0,0,0,0,0,0,0,6,6,6,6,650,Barbaric Roar,0,0,0
11011900,Club,Rotten,21,Hammer,HammerNormal,0.955,strike,strike,118,0,0,0,0,0.2,0.05,0,0.6,0.6,10,0,0,0,0,0,0,0,0,0,0,0,6,6,6,6,650,Barbaric Roar,0,0,0
11012000,Club,Storm,21,Hammer,HammerNormal,0.955,strike,strike,118,0,0,0,0,0.2,0.05,0.7,0.7,0,10,0,0,0,0,0,0,0,0,0,0,0,6,6,6,6,650,Barbaric Roar,0,0,0
11012100,Club,Mystic,21,Hammer,HammerNormal,0.955,strike,strike,0,118,0,0,0,0.2,0.05,0,0.6,0.6,10,0,0,0,0,0,0,0,0,0,0,0,6,6,6,6,650,Barbaric Roar,0,0,0
11020000,Leaden Maul,Standard,21,Hammer,HammerNormal,1.17,strike,strike,128,0,0,0,0,1.25,0.2,0,0,0,17,7,0,0,0,2200,0,0,0,0,0,0,6,6,6,6,149,,1,0,0
11030000,Curved Club,Standard,21,Hammer,HammerNormal,1.04,strike,strike,131,0,0,0,0,0.7,0.3,0,0,0,11,7,0,0,0,0,0,0,0,0,0,0,6,6,6,6,650,Barbaric Roar,0,0,0
11030100,Curved Club,Heavy,21,Hammer,HammerNormal,1.04,strike,strike,131,0,0,0,0,1.1,0.2,0,0,0,11,7,0,0,0,0,0,0,0,0,0,0,6,6,6,6,650,Barbaric Roar,0,0,0
11030200,Curved Club,Keen,21,Hammer,HammerNormal,1.04,strike,strike,131,0,0,0,0,0.5,0.65,0,0,0,11,7,0,0,0,0,0,0,0,0,0,0,6,6,6,6,650,Barbaric Roar,0,0,0
11030300,Curved Club,Quality,21,Hammer,HammerNormal,1.04,strike,strike,131,0,0,0,0,0.8,0.45,0,0,0,11,7,0,0,0,0,0,0,0,0,0,0,6,6,6,6,650,Barbaric Roar,0,0,0
11030400,Curved Club,Glint,21,Hammer,HammerNormal,1.04,strike,strike,0,131,0,0,0,0.25,0.2,0.9,0,0,11,7,0,0,0,0,0,0,0,0,0,0,6,6,6,6,650,Barbaric Roar,0,0,0
11030500,Curved Club,Dragonkin,21,Hammer,HammerNormal,1.04,strike,strike,0,0,0,131,0,0.25,0.2,0.8,0,0,11,7,0,0,0,0,0,0,0,0,0,0,6,6,6,6,650,Barbaric Roar,0,0,0
11030600,Curved Club,Gravity,21,Hammer,HammerNormal,1.04,strike,strike,131,0,0,0,0,0.25,0.2,0.9,0,0,11,7,0,0,0,0,0,0,0,0,0,0,6,6,6,6,650,Barbaric Roar,0,0,0
11030700,Curved Club,Flame,21,Hammer,HammerNormal,1.04,strike,strike,0,0,131,0,0,0.25,0.2,0,0.8,0,11,7,0,0,0,0,0,0,0,0,0,0,6,6,6,6,650,Barbaric Roar,0,0,0
11030800,Curved Club,Golden,21,Hammer,HammerNormal,1.04,strike,strike,0,0,0,0,114,0.25,0.2,0,0.9,0,11,7,0,0,0,0,0,0,0,0,0,0,6,6,6,6,650,Barbaric Roar,0,0,0
11030900,Curved Club,Draconic,21,Hammer,HammerNormal,1.04,strike,strike,0,0,0,131,0,0.25,0.2,0,0.9,0,11,7,0,0,0,0,0,0,0,0,0,0,6,6,6,6,650,Barbaric Roar,0,0,0
11031000,Curved Club,Bestial,21,Hammer,HammerNormal,1.04,strike,strike,131,0,0,0,0,0.25,0.2,0,0.9,0,11,7,0,0,0,0,0,0,0,0,0,0,6,6,6,6,650,Barbaric Roar,0,0,0
11031100,Curved Club,Night,21,Hammer,HammerNormal,1.04,strike,strike,0,131,0,0,0,0.2,0.15,0.7,0.7,0,11,7,0,0,0,0,0,0,0,0,0,0,6,6,6,6,650,Barbaric Roar,0,0,0
11031200,Curved Club,Lava,21,Hammer,HammerNormal,1.04,strike,strike,0,0,131,0,0,0.2,0.15,0.7,0.7,0,11,7,0,0,0,0,0,0,0,0,0,0,6,6,6,6,650,Barbaric Roar,0,0,0
11031300,Curved Club,Frenzy,21,Hammer,HammerNormal,1.04,strike,strike,0,0,131,0,0,0.2,0.15,0.6,0.6,0,11,7,0,0,0,0,0,0,0,0,0,0,6,6,6,6,650,Barbaric Roar,0,0,0
11031400,Curved Club,Death,21,Hammer,HammerNormal,1.04,strike,strike,0,0,0,0,114,0.2,0.15,0.6,0.6,0,11,7,0,0,0,0,0,0,0,0,0,0,6,6,6,6,650,Barbaric Roar,0,0,0
11031500,Curved Club,Godslayer,21,Hammer,HammerNormal,1.04,strike,strike,0,0,0,0,114,0.2,0.15,0.6,0.6,0,11,7,0,0,0,0,0,0,0,0,0,0,6,6,6,6,650,Barbaric Roar,0,0,0
11031600,Curved Club,Frost,21,Hammer,HammerNormal,1.04,strike,strike,0,131,0,0,0,0.2,0.15,0.6,0,0.6,11,7,0,0,0,0,0,0,0,0,0,0,6,6,6,6,650,Barbaric Roar,0,0,0
11031700,Curved Club,Aberrant,21,Hammer,HammerNormal,1.04,strike,strike,131,0,0,0,0,0.2,0.15,0.6,0,0.6,11,7,0,0,0,0,0,0,0,0,0,0,6,6,6,6,650,Barbaric Roar,0,0,0
11031800,Curved Club,Bloodflame,21,Hammer,HammerNormal,1.04,strike,strike,0,0,131,0,0,0.2,0.15,0,0.6,0.6,11,7,0,0,0,0,0,0,0,0,0,0,6,6,6,6,650,Barbaric Roar,0,0,0
11031900,Curved Club,Rotten,21,Hammer,HammerNormal,1.04,strike,strike,131,0,0,0,0,0.2,0.15,0,0.6,0.6,11,7,0,0,0,0,0,0,0,0,0,0,6,6,6,6,650,Barbaric Roar,0,0,0
11032000,Curved Club,Storm,21,Hammer,HammerNormal,1.04,strike,strike,131,0,0,0,0,0.2,0.15,0.7,0.7,0,11,7,0,0,0,0,0,0,0,0,0,0,6,6,6,6,650,Barbaric Roar,0,0,0
11032100,Curved Club,Mystic,21,Hammer,HammerNormal,1.04,strike,strike,0,131,0,0,0,0.2,0.15,0,0.6,0.6,11,7,0,0,0,0,0,0,0,0,0,0,6,6,6,6,650,Barbaric Roar,0,0,0
11040000,Warpick,Standard,21,Hammer,HammerNormal,0.9,strike,strike,124,0,0,0,0,0.85,0.4,0,0,0,11,9,0,0,0,0,0,0,0,0,0,0,6,6,6,6,503,Kick,0,0,0
11040100,Warpick,Heavy,21,Hammer,HammerNormal,0.9,strike,strike,124,0,0,0,0,1.2,0.3,0,0,0,11,9,0,0,0,0,0,0,0,0,0,0,6,6,6,6,503,Kick,0,0,0
11040200,Warpick,Keen,21,Hammer,HammerNormal,0.9,strike,strike,124,0,0,0,0,0.65,0.75,0,0,0,11,9,0,0,0,0,0,0,0,0,0,0,6,6,6,6,503,Kick,0,0,0
11040300,Warpick,Quality,21,Hammer,HammerNormal,0.9,strike,strike,124,0,0,0,0,0.9,0.55,0,0,0,11,9,0,0,0,0,0,0,0,0,0,0,6,6,6,6,503,Kick,0,0,0
11040400,Warpick,Glint,21,Hammer,HammerNormal,0.9,strike,strike,0,124,0,0,0,0.4,0.3,0.9,0,0,11,9,0,0,0,0,0,0,0,0,0,0,6,6,6,6,503,Kick,0,0,0
11040500,Warpick,Dragonkin,21,Hammer,HammerNormal,0.9,strike,strike,0,0,0,124,0,0.4,0.3,0.8,0,0,11,9,0,0,0,0,0,0,0,0,0,0,6,6,6,6,503,Kick,0,0,0
11040600,Warpick,Gravity,21,Hammer,HammerNormal,0.9,strike,strike,124,0,0,0,0,0.4,0.3,0.9,0,0,11,9,0,0,0,0,0,0,0,0,0,0,6,6,6,6,503,Kick,0,0,0
11040700,Warpick,Flame,21,Hammer,HammerNormal,0.9,strike,strike,0,0,124,0,0,0.4,0.3,0,0.8,0,11,9,0,0,0,0,0,0,0,0,0,0,6,6,6,6,503,Kick,0,0,0
11040800,Warpick,Golden,21,Hammer,HammerNormal,0.9,strike,strike,0,0,0,0,108,0.4,0.3,0,0.9,0,11,9,0,0,0,0,0,0,0,0,0,0,6,6,6,6,503,Kick,0,0,0
11040900,Warpick,Draconic,21,Hammer,HammerNormal,0.9,strike,strike,0,0,0,124,0,0.4,0.3,0,0.9,0,11,9,0,0,0,0,0,0,0,0,0,0,6,6,6,6,503,Kick,0,0,0
11041000,Warpick,Bestial,21,Hammer,HammerNormal,0.9,strike,strike,124,0,0,0,0,0.4,0.3,0,0.9,0,11,9,0,0,0,0,0,0,0,0,0,0,6,6,6,6,503,Kick,0,0,0
11041100,Warpick,Night,21,Hammer,HammerNormal,0.9,strike,strike,0,124,0,0,0,0.35,0.25,0.7,0.7,0,11,9,0,0,0,0,0,0,0,0,0,0,6,6,6,6,503,Kick,0,0,0
11041200,Warpick,Lava,21,Hammer,HammerNormal,0.9,strike,strike,0,0,124,0,0,0.35,0.25,0.7,0.7,0,11,9,0,0,0,0,0,0,0,0,0,0,6,6,6,6,503,Kick,0,0,0
11041300,Warpick,Frenzy,21,Hammer,HammerNormal,0.9,strike,strike,0,0,124,0,0,0.35,0.25,0.6,0.6,0,11,9,0,0,0,0,0,0,0,0,0,0,6,6,6,6,503,Kick,0,0,0
11041400,Warpick,Death,21,Hammer,HammerNormal,0.9,strike,strike,0,0,0,0,108,0.35,0.25,0.6,0.6,0,11,9,0,0,0,0,0,0,0,0,0,0,6,6,6,6,503,Kick,0,0,0
11041500,Warpick,Godslayer,21,Hammer,HammerNormal,0.9,strike,strike,0,0,0,0,108,0.35,0.25,0.6,0.6,0,11,9,0,0,0,0,0,0,0,0,0,0,6,6,6,6,503,Kick,0,0,0
11041600,Warpick,Frost,21,Hammer,HammerNormal,0.9,strike,strike,0,124,0,0,0,0.35,0.25,0.6,0,0.6,11,9,0,0,0,0,0,0,0,0,0,0,6,6,6,6,503,Kick,0,0,0
11041700,Warpick,Aberrant,21,Hammer,HammerNormal,0.9,strike,strike,124,0,0,0,0,0.35,0.25,0.6,0,0.6,11,9,0,0,0,0,0,0,0,0,0,0,6,6,6,6,503,Kick,0,0,0
11041800,Warpick,Bloodflame,21,Hammer,HammerNormal,0.9,strike,strike,0,0,124,0,0,0.35,0.25,0,0.6,0.6,11,9,0,0,0,0,0,0,0,0,0,0,6,6,6,6,503,Kick,0,0,0
11041900,Warpick,Rotten,21,Hammer,HammerNormal,0.9,strike,strike,124,0,0,0,0,0.35,0.25,0,0.6,0.6,11,9,0,0,0,0,0,0,0,0,0,0,6,6,6,6,503,Kick,0,0,0
11042000,Warpick,Storm,21,Hammer,HammerNormal,0.9,strike,strike,124,0,0,0,0,0.35,0.25,0.7,0.7,0,11,9,0,0,0,0,0,0,0,0,0,0,6,6,6,6,503,Kick,0,0,0
11042100,Warpick,Mystic,21,Hammer,HammerNormal,0.9,strike,strike,0,124,0,0,0,0.35,0.25,0,0.6,0.6,11,9,0,0,0,0,0,0,0,0,0,0,6,6,6,6,503,Kick,0,0,0
11050000,Morning Star,Standard,21,Hammer,HammerNormal,1.03,strike,strike,136,0,0,0,0,0.8,0.35,0,0,0,12,8,0,0,0,0,0,0,0,0,0,0,6,6,6,6,503,Kick,0,0,0
11050100,Morning Star,Heavy,21,Hammer,HammerNormal,1.03,strike,strike,136,0,0,0,0,1.1,0.25,0,0,0,12,8,0,0,0,0,0,0,0,0,0,0,6,6,6,6,503,Kick,0,0,0
11050200,Morning Star,Keen,21,Hammer,HammerNormal,1.03,strike,strike,136,0,0,0,0,0.6,0.7,0,0,0,12,8,0,0,0,0,0,0,0,0,0,0,6,6,6,6,503,Kick,0,0,0
11050300,Morning Star,Quality,21,Hammer,HammerNormal,1.03,strike,strike,136,0,0,0,0,0.85,0.5,0,0,0,12,8,0,0,0,0,0,0,0,0,0,0,6,6,6,6,503,Kick,0,0,0
11050400,Morning Star,Glint,21,Hammer,HammerNormal,1.03,strike,strike,0,136,0,0,0,0.35,0.25,0.9,0,0,12,8,0,0,0,0,0,0,0,0,0,0,6,6,6,6,503,Kick,0,0,0
11050500,Morning Star,Dragonkin,21,Hammer,HammerNormal,1.03,strike,strike,0,0,0,136,0,0.35,0.25,0.8,0,0,12,8,0,0,0,0,0,0,0,0,0,0,6,6,6,6,503,Kick,0,0,0
11050600,Morning Star,Gravity,21,Hammer,HammerNormal,1.03,strike,strike,136,0,0,0,0,0.35,0.25,0.9,0,0,12,8,0,0,0,0,0,0,0,0,0,0,6,6,6,6,503,Kick,0,0,0
11050700,Morning Star,Flame,21,Hammer,HammerNormal,1.03,strike,strike,0,0,136,0,0,0.35,0.25,0,0.8,0,12,8,0,0,0,0,0,0,0,0,0,0,6,6,6,6,503,Kick,0,0,0
11050800,Morning Star,Golden,21,Hammer,HammerNormal,1.03,strike,strike,0,0,0,0,118,0.35,0.25,0,0.9,0,12,8,0,0,0,0,0,0,0,0,0,0,6,6,6,6,503,Kick,0,0,0
11050900,Morning Star,Draconic,21,Hammer,HammerNormal,1.03,strike,strike,0,0,0,136,0,0.35,0.25,0,0.9,0,12,8,0,0,0,0,0,0,0,0,0,0,6,6,6,6,503,Kick,0,0,0
11051000,Morning Star,Bestial,21,Hammer,HammerNormal,1.03,strike,strike,136,0,0,0,0,0.35,0.25,0,0.9,0,12,8,0,0,0,0,0,0,0,0,0,0,6,6,6,6,503,Kick,0,0,0
11051100,Morning Star,Night,21,Hammer,HammerNormal,1.03,strike,strike,0,136,0,0,0,0.3,0.2,0.7,0.7,0,12,8,0,0,0,0,0,0,0,0,0,0,6,6,6,6,503,Kick,0,0,0
11051200,Morning Star,Lava,21,Hammer,HammerNormal,1.03,strike,strike,0,0,136,0,0,0.3,0.2,0.7,0.7,0,12,8,0,0,0,0,0,0,0,0,0,0,6,6,6,6,503,Kick,0,0,0
11051300,Morning Star,Frenzy,21,Hammer,HammerNormal,1.03,strike,strike,0,0,136,0,0,0.3,0.2,0.6,0.6,0,12,8,0,0,0,0,0,0,0,0,0,0,6,6,6,6,503,Kick,0,0,0
11051400,Morning Star,Death,21,Hammer,HammerNormal,1.03,strike,strike,0,0,0,0,118,0.3,0.2,0.6,0.6,0,12,8,0,0,0,0,0,0,0,0,0,0,6,6,6,6,503,Kick,0,0,0
11051500,Morning Star,Godslayer,21,Hammer,HammerNormal,1.03,strike,strike,0,0,0,0,118,0.3,0.2,0.6,0.6,0,12,8,0,0,0,0,0,0,0,0,0,0,6,6,6,6,503,Kick,0,0,0
11051600,Morning Star,Frost,21,Hammer,HammerNormal,1.03,strike,strike,0,136,0,0,0,0.3,0.2,0.6,0,0.6,12,8,0,0,0,0,0,0,0,0,0,0,6,6,6,6,503,Kick,0,0,0
11051700,Morning Star,Aberrant,21,Hammer,HammerNormal,1.03,strike,strike,136,0,0,0,0,0.3,0.2,0.6,0,0.6,12,8,0,0,0,0,0,0,0,0,0,0,6,6,6,6,503,Kick,0,0,0
11051800,Morning Star,Bloodflame,21,Hammer,HammerNormal,1.03,strike,strike,0,0,136,0,0,0.3,0.2,0,0.6,0.6,12,8,0,0,0,0,0,0,0,0,0,0,6,6,6,6,503,Kick,0,0,0
11051900,Morning Star,Rotten,21,Hammer,HammerNormal,1.03,strike,strike,136,0,0,0,0,0.3,0.2,0,0.6,0.6,12,8,0,0,0,0,0,0,0,0,0,0,6,6,6,6,503,Kick,0,0,0
11052000,Morning Star,Storm,21,Hammer,HammerNormal,1.03,strike,strike,136,0,0,0,0,0.3,0.2,0.7,0.7,0,12,8,0,0,0,0,0,0,0,0,0,0,6,6,6,6,503,Kick,0,0,0
11052100,Morning Star,Mystic,21,Hammer,HammerNormal,1.03,strike,strike,0,136,0,0,0,0.3,0.2,0,0.6,0.6,12,8,0,0,0,0,0,0,0,0,0,0,6,6,6,6,503,Kick,0,0,0
11060000,Varre's Bouquet,Standard,21,Hammer,HammerNormal,0.87,strike,strike,0,0,75,0,0,0.55,0.05,0,0.6,0.6,8,14,0,16,16,2200,0,0,0,0,0,0,6,6,6,6,110,Wild Strikes,1,0,0
11070000,Spiked Club,Standard,21,Hammer,HammerNormal,1.04,strike,strike,131,0,0,0,0,0.75,0.25,0,0,0,10,7,0,0,0,0,0,0,0,0,0,0,6,6,6,6,650,Barbaric Roar,0,0,0
11070100,Spiked Club,Heavy,21,Hammer,HammerNormal,1.04,strike,strike,131,0,0,0,0,1.1,0.2,0,0,0,10,7,0,0,0,0,0,0,0,0,0,0,6,6,6,6,650,Barbaric Roar,0,0,0
11070200,Spiked Club,Keen,21,Hammer,HammerNormal,1.04,strike,strike,131,0,0,0,0,0.55,0.6,0,0,0,10,7,0,0,0,0,0,0,0,0,0,0,6,6,6,6,650,Barbaric Roar,0,0,0
11070300,Spiked Club,Quality,21,Hammer,HammerNormal,1.04,strike,strike,131,0,0,0,0,0.85,0.4,0,0,0,10,7,0,0,0,0,0,0,0,0,0,0,6,6,6,6,650,Barbaric Roar,0,0,0
11070400,Spiked Club,Glint,21,Hammer,HammerNormal,1.04,strike,strike,0,131,0,0,0,0.35,0.2,0.9,0,0,10,7,0,0,0,0,0,0,0,0,0,0,6,6,6,6,650,Barbaric Roar,0,0,0
11070500,Spiked Club,Dragonkin,21,Hammer,HammerNormal,1.04,strike,strike,0,0,0,131,0,0.35,0.2,0.8,0,0,10,7,0,0,0,0,0,0,0,0,0,0,6,6,6,6,650,Barbaric Roar,0,0,0
11070600,Spiked Club,Gravity,21,Hammer,HammerNormal,1.04,strike,strike,131,0,0,0,0,0.35,0.2,0.9,0,0,10,7,0,0,0,0,0,0,0,0,0,0,6,6,6,6,650,Barbaric Roar,0,0,0
11070700,Spiked Club,Flame,21,Hammer,HammerNormal,1.04,strike,strike,0,0,131,0,0,0.35,0.2,0,0.8,0,10,7,0,0,0,0,0,0,0,0,0,0,6,6,6,6,650,Barbaric Roar,0,0,0
11070800,Spiked Club,Golden,21,Hammer,HammerNormal,1.04,strike,strike,0,0,0,0,114,0.35,0.2,0,0.9,0,10,7,0,0,0,0,0,0,0,0,0,0,6,6,6,6,650,Barbaric Roar,0,0,0
11070900,Spiked Club,Draconic,21,Hammer,HammerNormal,1.04,strike,strike,0,0,0,131,0,0.35,0.2,0,0.9,0,10,7,0,0,0,0,0,0,0,0,0,0,6,6,6,6,650,Barbaric Roar,0,0,0
11071000,Spiked Club,Bestial,21,Hammer,HammerNormal,1.04,strike,strike,131,0,0,0,0,0.35,0.2,0,0.9,0,10,7,0,0,0,0,0,0,0,0,0,0,6,6,6,6,650,Barbaric Roar,0,0,0
11071100,Spiked Club,Night,21,Hammer,HammerNormal,1.04,strike,strike,0,131,0,0,0,0.3,0.15,0.7,0.7,0,10,7,0,0,0,0,0,0,0,0,0,0,6,6,6,6,650,Barbaric Roar,0,0,0
11071200,Spiked Club,Lava,21,Hammer,HammerNormal,1.04,strike,strike,0,0,131,0,0,0.3,0.15,0.7,0.7,0,10,7,0,0,0,0,0,0,0,0,0,0,6,6,6,6,650,Barbaric Roar,0,0,0
11071300,Spiked Club,Frenzy,21,Hammer,HammerNormal,1.04,strike,strike,0,0,131,0,0,0.3,0.15,0.6,0.6,0,10,7,0,0,0,0,0,0,0,0,0,0,6,6,6,6,650,Barbaric Roar,0,0,0
11071400,Spiked Club,Death,21,Hammer,HammerNormal,1.04,strike,strike,0,0,0,0,114,0.3,0.15,0.6,0.6,0,10,7,0,0,0,0,0,0,0,0,0,0,6,6,6,6,650,Barbaric Roar,0,0,0
11071500,Spiked Club,Godslayer,21,Hammer,HammerNormal,1.04,strike,strike,0,0,0,0,114,0.3,0.15,0.6,0.6,0,10,7,0,0,0,0,0,0,0,0,0,0,6,6,6,6,650,Barbaric Roar,0,0,0
11071600,Spiked Club,Frost,21,Hammer,HammerNormal,1.04,strike,strike,0,131,0,0,0,0.3,0.15,0.6,0,0.6,10,7,0,0,0,0,0,0,0,0,0,0,6,6,6,6,650,Barbaric Roar,0,0,0
11071700,Spiked Club,Aberrant,21,Hammer,HammerNormal,1.04,strike,strike,131,0,0,0,0,0.3,0.15,0.6,0,0.6,10,7,0,0,0,0,0,0,0,0,0,0,6,6,6,6,650,Barbaric Roar,0,0,0
11071800,Spiked Club,Bloodflame,21,Hammer,HammerNormal,1.04,strike,strike,0,0,131,0,0,0.3,0.15,0,0.6,0.6,10,7,0,0,0,0,0,0,0,0,0,0,6,6,6,6,650,Barbaric Roar,0,0,0
11071900,Spiked Club,Rotten,21,Hammer,HammerNormal,1.04,strike,strike,131,0,0,0,0,0.3,0.15,0,0.6,0.6,10,7,0,0,0,0,0,0,0,0,0,0,6,6,6,6,650,Barbaric Roar,0,0,0
11072000,Spiked Club,Storm,21,Hammer,HammerNormal,1.04,strike,strike,131,0,0,0,0,0.3,0.15,0.7,0.7,0,10,7,0,0,0,0,0,0,0,0,0,0,6,6,6,6,650,Barbaric Roar,0,0,0
11072100,Spiked Club,Mystic,21,Hammer,HammerNormal,1.04,strike,strike,0,131,0,0,0,0.3,0.15,0,0.6,0.6,10,7,0,0,0,0,0,0,0,0,0,0,6,6,6,6,650,Barbaric Roar,0,0,0
11080000,Hammer,Standard,21,Hammer,HammerNormal,1.17,strike,strike,143,0,0,0,0,1,0.2,0,0,0,14,7,0,0,0,0,0,0,0,0,0,0,6,6,6,6,503,Kick,0,0,0
11080100,Hammer,Heavy,21,Hammer,HammerNormal,1.17,strike,strike,143,0,0,0,0,1.4,0.1,0,0,0,14,7,0,0,0,0,0,0,0,0,0,0,6,6,6,6,503,Kick,0,0,0
11080200,Hammer,Keen,21,Hammer,HammerNormal,1.17,strike,strike,143,0,0,0,0,0.8,0.55,0,0,0,14,7,0,0,0,0,0,0,0,0,0,0,6,6,6,6,503,Kick,0,0,0
11080300,Hammer,Quality,21,Hammer,HammerNormal,1.17,strike,strike,143,0,0,0,0,1.1,0.35,0,0,0,14,7,0,0,0,0,0,0,0,0,0,0,6,6,6,6,503,Kick,0,0,0
11080400,Hammer,Glint,21,Hammer,HammerNormal,1.17,strike,strike,0,143,0,0,0,0.6,0.1,0.9,0,0,14,7,0,0,0,0,0,0,0,0,0,0,6,6,6,6,503,Kick,0,0,0
11080500,Hammer,Dragonkin,21,Hammer,HammerNormal,1.17,strike,strike,0,0,0,143,0,0.6,0.1,0.8,0,0,14,7,0,0,0,0,0,0,0,0,0,0,6,6,6,6,503,Kick,0,0,0
11080600,Hammer,Gravity,21,Hammer,HammerNormal,1.17,strike,strike,143,0,0,0,0,0.6,0.1,0.9,0,0,14,7,0,0,0,0,0,0,0,0,0,0,6,6,6,6,503,Kick,0,0,0
11080700,Hammer,Flame,21,Hammer,HammerNormal,1.17,strike,strike,0,0,143,0,0,0.6,0.1,0,0.8,0,14,7,0,0,0,0,0,0,0,0,0,0,6,6,6,6,503,Kick,0,0,0
11080800,Hammer,Golden,21,Hammer,HammerNormal,1.17,strike,strike,0,0,0,0,124,0.6,0.1,0,0.9,0,14,7,0,0,0,0,0,0,0,0,0,0,6,6,6,6,503,Kick,0,0,0
11080900,Hammer,Draconic,21,Hammer,HammerNormal,1.17,strike,strike,0,0,0,143,0,0.6,0.1,0,0.9,0,14,7,0,0,0,0,0,0,0,0,0,0,6,6,6,6,503,Kick,0,0,0
11081000,Hammer,Bestial,21,Hammer,HammerNormal,1.17,strike,strike,143,0,0,0,0,0.6,0.1,0,0.9,0,14,7,0,0,0,0,0,0,0,0,0,0,6,6,6,6,503,Kick,0,0,0
11081100,Hammer,Night,21,Hammer,HammerNormal,1.17,strike,strike,0,143,0,0,0,0.55,0.05,0.7,0.7,0,14,7,0,0,0,0,0,0,0,0,0,0,6,6,6,6,503,Kick,0,0,0
11081200,Hammer,Lava,21,Hammer,HammerNormal,1.17,strike,strike,0,0,143,0,0,0.55,0.05,0.7,0.7,0,14,7,0,0,0,0,0,0,0,0,0,0,6,6,6,6,503,Kick,0,0,0
11081300,Hammer,Frenzy,21,Hammer,HammerNormal,1.17,strike,strike,0,0,143,0,0,0.55,0.05,0.6,0.6,0,14,7,0,0,0,0,0,0,0,0,0,0,6,6,6,6,503,Kick,0,0,0
11081400,Hammer,Death,21,Hammer,HammerNormal,1.17,strike,strike,0,0,0,0,124,0.55,0.05,0.6,0.6,0,14,7,0,0,0,0,0,0,0,0,0,0,6,6,6,6,503,Kick,0,0,0
11081500,Hammer,Godslayer,21,Hammer,HammerNormal,1.17,strike,strike,0,0,0,0,124,0.55,0.05,0.6,0.6,0,14,7,0,0,0,0,0,0,0,0,0,0,6,6,6,6,503,Kick,0,0,0
11081600,Hammer,Frost,21,Hammer,HammerNormal,1.17,strike,strike,0,143,0,0,0,0.55,0.05,0.6,0,0.6,14,7,0,0,0,0,0,0,0,0,0,0,6,6,6,6,503,Kick,0,0,0
11081700,Hammer,Aberrant,21,Hammer,HammerNormal,1.17,strike,strike,143,0,0,0,0,0.55,0.05,0.6,0,0.6,14,7,0,0,0,0,0,0,0,0,0,0,6,6,6,6,503,Kick,0,0,0
11081800,Hammer,Bloodflame,21,Hammer,HammerNormal,1.17,strike,strike,0,0,143,0,0,0.55,0.05,0,0.6,0.6,14,7,0,0,0,0,0,0,0,0,0,0,6,6,6,6,503,Kick,0,0,0
11081900,Hammer,Rotten,21,Hammer,HammerNormal,1.17,strike,strike,143,0,0,0,0,0.55,0.05,0,0.6,0.6,14,7,0,0,0,0,0,0,0,0,0,0,6,6,6,6,503,Kick,0,0,0
11082000,Hammer,Storm,21,Hammer,HammerNormal,1.17,strike,strike,143,0,0,0,0,0.55,0.05,0.7,0.7,0,14,7,0,0,0,0,0,0,0,0,0,0,6,6,6,6,503,Kick,0,0,0
11082100,Hammer,Mystic,21,Hammer,HammerNormal,1.17,strike,strike,0,143,0,0,0,0.55,0.05,0,0.6,0.6,14,7,0,0,0,0,0,0,0,0,0,0,6,6,6,6,503,Kick,0,0,0
11090000,Monk's Flamemace,Standard,21,Hammer,HammerNormal,1.14,strike,strike,0,0,126,0,0,0.65,0.25,0,1,0,13,13,0,18,0,2200,0,0,0,0,0,0,6,6,6,6,1065,,1,0,0
11100000,Envoy's Horn,Standard,21,Hammer,HammerNormal,0.97,strike,strike,0,0,0,0,121,0.6,0.25,0,1,0,10,12,0,16,0,2200,0,0,0,0,0,0,6,6,6,6,1003,Oracular Bubble,1,0,0
11110000,Scepter of the All-Knowing,Standard,21,Hammer,HammerNormal,1.06,strike,pierce,58,0,0,0,0,0.1,0,0.7,0.7,0.7,10,0,10,10,10,2400,0,20,20,20,20,20,6,6,6,6,1182,Knowledge Above All,1,0,0
11120000,Nox Flowing Hammer,Standard,21,Hammer,HammerNormal,1.17,strike,strike,0,122,0,0,0,0.45,0.45,0.8,0.8,0,14,7,16,16,0,2200,0,0,0,0,0,0,6,6,6,6,1035,Flowing Form,1,0,0
11130000,Ringed Finger,Standard,21,Hammer,HammerNormal,1.05,strike,strike,0,0,121,0,0,0.55,0.05,0.7,0.7,0,15,9,18,18,0,2200,0,0,0,0,0,0,6,6,6,6,1046,Claw Flick,1,0,0
11140000,Stone Club,Standard,21,Hammer,HammerNormal,1.105,strike,strike,140,0,0,0,0,0.9,0.2,0,0,0,16,8,0,0,0,0,0,0,0,0,0,0,6,6,6,6,503,Kick,0,0,0
11140100,Stone Club,Heavy,21,Hammer,HammerNormal,1.105,strike,strike,140,0,0,0,0,1.3,0.1,0,0,0,16,8,0,0,0,0,0,0,0,0,0,0,6,6,6,6,503,Kick,0,0,0
11140200,Stone Club,Keen,21,Hammer,HammerNormal,1.105,strike,strike,140,0,0,0,0,0.7,0.55,0,0,0,16,8,0,0,0,0,0,0,0,0,0,0,6,6,6,6,503,Kick,0,0,0
11140300,Stone Club,Quality,21,Hammer,HammerNormal,1.105,strike,strike,140,0,0,0,0,1,0.35,0,0,0,16,8,0,0,0,0,0,0,0,0,0,0,6,6,6,6,503,Kick,0,0,0
11140400,Stone Club,Glint,21,Hammer,HammerNormal,1.105,strike,strike,0,140,0,0,0,0.5,0.1,0.9,0,0,16,8,0,0,0,0,0,0,0,0,0,0,6,6,6,6,503,Kick,0,0,0
11140500,Stone Club,Dragonkin,21,Hammer,HammerNormal,1.105,strike,strike,0,0,0,140,0,0.5,0.1,0.8,0,0,16,8,0,0,0,0,0,0,0,0,0,0,6,6,6,6,503,Kick,0,0,0
11140600,Stone Club,Gravity,21,Hammer,HammerNormal,1.105,strike,strike,140,0,0,0,0,0.5,0.1,0.9,0,0,16,8,0,0,0,0,0,0,0,0,0,0,6,6,6,6,503,Kick,0,0,0
11140700,Stone Club,Flame,21,Hammer,HammerNormal,1.105,strike,strike,0,0,140,0,0,0.5,0.1,0,0.8,0,16,8,0,0,0,0,0,0,0,0,0,0,6,6,6,6,503,Kick,0,0,0
11140800,Stone Club,Golden,21,Hammer,HammerNormal,1.105,strike,strike,0,0,0,0,122,0.5,0.1,0,0.9,0,16,8,0,0,0,0,0,0,0,0,0,0,6,6,6,6,503,Kick,0,0,0
11140900,Stone Club,Draconic,21,Hammer,HammerNormal,1.105,strike,strike,0,0,0,140,0,0.5,0.1,0,0.9,0,16,8,0,0,0,0,0,0,0,0,0,0,6,6,6,6,503,Kick,0,0,0
11141000,Stone Club,Bestial,21,Hammer,HammerNormal,1.105,strike,strike,140,0,0,0,0,0.5,0.1,0,0.9,0,16,8,0,0,0,0,0,0,0,0,0,0,6,6,6,6,503,Kick,0,0,0
11141100,Stone Club,Night,21,Hammer,HammerNormal,1.105,strike,strike,0,140,0,0,0,0.45,0.05,0.7,0.7,0,16,8,0,0,0,0,0,0,0,0,0,0,6,6,6,6,503,Kick,0,0,0
11141200,Stone Club,Lava,21,Hammer,HammerNormal,1.105,strike,strike,0,0,140,0,0,0.45,0.05,0.7,0.7,0,16,8,0,0,0,0,0,0,0,0,0,0,6,6,6,6,503,Kick,0,0,0
11141300,Stone Club,Frenzy,21,Hammer,HammerNormal,1.105,strike,strike,0,0,140,0,0,0.45,0.05,0.6,0.6,0,16,8,0,0,0,0,0,0,0,0,0,0,6,6,6,6,503,Kick,0,0,0
11141400,Stone Club,Death,21,Hammer,HammerNormal,1.105,strike,strike,0,0,0,0,122,0.45,0.05,0.6,0.6,0,16,8,0,0,0,0,0,0,0,0,0,0,6,6,6,6,503,Kick,0,0,0
11141500,Stone Club,Godslayer,21,Hammer,HammerNormal,1.105,strike,strike,0,0,0,0,122,0.45,0.05,0.6,0.6,0,16,8,0,0,0,0,0,0,0,0,0,0,6,6,6,6,503,Kick,0,0,0
11141600,Stone Club,Frost,21,Hammer,HammerNormal,1.105,strike,strike,0,140,0,0,0,0.45,0.05,0.6,0,0.6,16,8,0,0,0,0,0,0,0,0,0,0,6,6,6,6,503,Kick,0,0,0
11141700,Stone Club,Aberrant,21,Hammer,HammerNormal,1.105,strike,strike,140,0,0,0,0,0.45,0.05,0.6,0,0.6,16,8,0,0,0,0,0,0,0,0,0,0,6,6,6,6,503,Kick,0,0,0
11141800,Stone Club,Bloodflame,21,Hammer,HammerNormal,1.105,strike,strike,0,0,140,0,0,0.45,0.05,0,0.6,0.6,16,8,0,0,0,0,0,0,0,0,0,0,6,6,6,6,503,Kick,0,0,0
11141900,Stone Club,Rotten,21,Hammer,HammerNormal,1.105,strike,strike,140,0,0,0,0,0.45,0.05,0,0.6,0.6,16,8,0,0,0,0,0,0,0,0,0,0,6,6,6,6,503,Kick,0,0,0
11142000,Stone Club,Storm,21,Hammer,HammerNormal,1.105,strike,strike,140,0,0,0,0,0.45,0.05,0.7,0.7,0,16,8,0,0,0,0,0,0,0,0,0,0,6,6,6,6,503,Kick,0,0,0
11142100,Stone Club,Mystic,21,Hammer,HammerNormal,1.105,strike,strike,0,140,0,0,0,0.45,0.05,0,0.6,0.6,16,8,0,0,0,0,0,0,0,0,0,0,6,6,6,6,503,Kick,0,0,0
11150000,Marika's Hammer,Standard,21,Hammer,HammerNormal,1.1,strike,strike,0,0,0,0,129,0.8,0.25,0,1.15,0,15,0,0,30,0,2200,0,0,0,0,0,0,6,6,6,6,1029,Gold Breaker,1,0,0
11160000,Zamor Star Mace,Standard,21,Hammer,HammerNormal,1,strike,strike,0,120,0,0,0,0.6,0.05,0.75,0,0.75,16,7,20,0,20,2200,0,0,0,0,0,0,6,6,6,6,821,,1,0,0
11180000,Hammer of Virtue,Standard,21,Hammer,HammerNormal,1.17,strike,pierce,0,0,0,0,130,0.95,0.2,0,1.05,0,14,7,0,20,0,2200,0,0,0,0,0,0,6,6,6,6,182,Virtuous Consecration,1,0,0
11190000,Tricia's Pomander - Fire,Standard,21,Hammer,HammerNormal,1.17,strike,strike,0,0,132,0,0,0.65,0.15,0,0,0.95,14,7,0,0,18,2200,0,0,0,0,0,0,6,6,6,6,1201,Aromatic Chain-Whip,1,0,0
11191000,Tricia's Pomander - Lightning,Standard,21,Hammer,HammerNormal,1.17,strike,strike,0,0,0,132,0,0.65,0.15,0,0,1,14,7,0,0,18,2200,0,0,0,0,0,0,6,6,6,6,1201,Aromatic Chain-Whip,1,0,0
11192000,Tricia's Pomander - Frost,Standard,21,Hammer,HammerNormal,1.17,strike,strike,0,132,0,0,0,0.65,0.15,0,0,0.9,14,7,0,0,18,2200,0,0,0,0,0,0,6,6,6,6,1201,Aromatic Chain-Whip,1,0,0
11193000,Tricia's Pomander - Frenzy,Standard,21,Hammer,HammerNormal,1.17,strike,strike,0,0,132,0,0,0.65,0.15,0,0,0.9,14,7,0,0,18,2200,0,0,0,0,0,0,6,6,6,6,1201,Aromatic Chain-Whip,1,0,0
11200000,Restored Marika's Hammer,Standard,21,Hammer,HammerNormal,1.1,strike,strike,0,0,0,0,129,0.8,0.25,0,1.15,0,15,0,0,30,0,2200,0,0,0,0,0,0,6,6,6,6,154,,1,0,0
11500000,Flowerstone Gavel,Standard,21,Hammer,HammerNormal,1.1,pierce,pierce,0,0,0,135,0,0.75,0.25,0,0.9,0,14,8,0,15,0,2200,0,0,0,0,0,0,6,6,6,6,5380,Flower Dragonbolt,1,0,0
12000000,Large Club,Standard,23,Great Hammer,HammerLarge,1.015,strike,strike,151,0,0,0,0,0.7,0.2,0,0,0,22,0,0,0,0,0,0,0,0,0,0,0,6,6,6,6,650,Barbaric Roar,0,0,0
12000100,Large Club,Heavy,23,Great Hammer,HammerLarge,1.015,strike,strike,151,0,0,0,0,1.1,0.1,0,0,0,22,0,0,0,0,0,0,0,0,0,0,0,6,6,6,6,650,Barbaric Roar,0,0,0
12000200,Large Club,Keen,23,Great Hammer,HammerLarge,1.015,strike,strike,151,0,0,0,0,0.5,0.55,0,0,0,22,0,0,0,0,0,0,0,0,0,0,0,6,6,6,6,650,Barbaric Roar,0,0,0
12000300,Large Club,Quality,23,Great Hammer,HammerLarge,1.015,strike,strike,151,0,0,0,0,0.8,0.35,0,0,0,22,0,0,0,0,0,0,0,0,0,0,0,6,6,6,6,650,Barbaric Roar,0,0,0
12000400,Large Club,Glint,23,Great Hammer,HammerLarge,1.015,strike,strike,0,151,0,0,0,0.25,0.1,0.9,0,0,22,0,0,0,0,0,0,0,0,0,0,0,6,6,6,6,650,Barbaric Roar,0,0,0
12000500,Large Club,Dragonkin,23,Great Hammer,HammerLarge,1.015,strike,strike,0,0,0,151,0,0.25,0.1,0.8,0,0,22,0,0,0,0,0,0,0,0,0,0,0,6,6,6,6,650,Barbaric Roar,0,0,0
12000600,Large Club,Gravity,23,Great Hammer,HammerLarge,1.015,strike,strike,151,0,0,0,0,0.25,0.1,0.9,0,0,22,0,0,0,0,0,0,0,0,0,0,0,6,6,6,6,650,Barbaric Roar,0,0,0
12000700,Large Club,Flame,23,Great Hammer,HammerLarge,1.015,strike,strike,0,0,151,0,0,0.25,0.1,0,0.8,0,22,0,0,0,0,0,0,0,0,0,0,0,6,6,6,6,650,Barbaric Roar,0,0,0
12000800,Large Club,Golden,23,Great Hammer,HammerLarge,1.015,strike,strike,0,0,0,0,131,0.25,0.1,0,0.9,0,22,0,0,0,0,0,0,0,0,0,0,0,6,6,6,6,650,Barbaric Roar,0,0,0
12000900,Large Club,Draconic,23,Great Hammer,HammerLarge,1.015,strike,strike,0,0,0,151,0,0.25,0.1,0,0.9,0,22,0,0,0,0,0,0,0,0,0,0,0,6,6,6,6,650,Barbaric Roar,0,0,0
12001000,Large Club,Bestial,23,Great Hammer,HammerLarge,1.015,strike,strike,151,0,0,0,0,0.25,0.1,0,0.9,0,22,0,0,0,0,0,0,0,0,0,0,0,6,6,6,6,650,Barbaric Roar,0,0,0
12001100,Large Club,Night,23,Great Hammer,HammerLarge,1.015,strike,strike,0,151,0,0,0,0.2,0.05,0.7,0.7,0,22,0,0,0,0,0,0,0,0,0,0,0,6,6,6,6,650,Barbaric Roar,0,0,0
12001200,Large Club,Lava,23,Great Hammer,HammerLarge,1.015,strike,strike,0,0,151,0,0,0.2,0.05,0.7,0.7,0,22,0,0,0,0,0,0,0,0,0,0,0,6,6,6,6,650,Barbaric Roar,0,0,0
12001300,Large Club,Frenzy,23,Great Hammer,HammerLarge,1.015,strike,strike,0,0,151,0,0,0.2,0.05,0.6,0.6,0,22,0,0,0,0,0,0,0,0,0,0,0,6,6,6,6,650,Barbaric Roar,0,0,0
12001400,Large Club,Death,23,Great Hammer,HammerLarge,1.015,strike,strike,0,0,0,0,131,0.2,0.05,0.6,0.6,0,22,0,0,0,0,0,0,0,0,0,0,0,6,6,6,6,650,Barbaric Roar,0,0,0
12001500,Large Club,Godslayer,23,Great Hammer,HammerLarge,1.015,strike,strike,0,0,0,0,131,0.2,0.05,0.6,0.6,0,22,0,0,0,0,0,0,0,0,0,0,0,6,6,6,6,650,Barbaric Roar,0,0,0
12001600,Large Club,Frost,23,Great Hammer,HammerLarge,1.015,strike,strike,0,151,0,0,0,0.2,0.05,0.6,0,0.6,22,0,0,0,0,0,0,0,0,0,0,0,6,6,6,6,650,Barbaric Roar,0,0,0
12001700,Large Club,Aberrant,23,Great Hammer,HammerLarge,1.015,strike,strike,151,0,0,0,0,0.2,0.05,0.6,0,0.6,22,0,0,0,0,0,0,0,0,0,0,0,6,6,6,6,650,Barbaric Roar,0,0,0
12001800,Large Club,Bloodflame,23,Great Hammer,HammerLarge,1.015,strike,strike,0,0,151,0,0,0.2,0.05,0,0.6,0.6,22,0,0,0,0,0,0,0,0,0,0,0,6,6,6,6,650,Barbaric Roar,0,0,0
12001900,Large Club,Rotten,23,Great Hammer,HammerLarge,1.015,strike,strike,151,0,0,0,0,0.2,0.05,0,0.6,0.6,22,0,0,0,0,0,0,0,0,0,0,0,6,6,6,6,650,Barbaric Roar,0,0,0
12002000,Large Club,Storm,23,Great Hammer,HammerLarge,1.015,strike,strike,151,0,0,0,0,0.2,0.05,0.7,0.7,0,22,0,0,0,0,0,0,0,0,0,0,0,6,6,6,6,650,Barbaric Roar,0,0,0
12002100,Large Club,Mystic,23,Great Hammer,HammerLarge,1.015,strike,strike,0,151,0,0,0,0.2,0.05,0,0.6,0.6,22,0,0,0,0,0,0,0,0,0,0,0,6,6,6,6,650,Barbaric Roar,0,0,0
12010000,Greathorn Hammer,Standard,23,Great Hammer,HammerLarge,1.04,strike,strike,0,134,0,0,0,0.65,0.25,0,0.75,0.75,20,10,0,18,18,2200,0,0,0,0,0,0,6,6,6,6,650,Barbaric Roar,1,0,0
12020000,Battle Hammer,Standard,23,Great Hammer,HammerLarge,1.01,strike,strike,151,0,0,0,0,0.8,0.25,0,0,0,26,8,0,0,0,0,0,0,0,0,0,0,6,6,6,6,654,Braggart's Roar,0,0,0
12020100,Battle Hammer,Heavy,23,Great Hammer,HammerLarge,1.01,strike,strike,151,0,0,0,0,1.2,0.15,0,0,0,26,8,0,0,0,0,0,0,0,0,0,0,6,6,6,6,654,Braggart's Roar,0,0,0
12020200,Battle Hammer,Keen,23,Great Hammer,HammerLarge,1.01,strike,strike,151,0,0,0,0,0.6,0.6,0,0,0,26,8,0,0,0,0,0,0,0,0,0,0,6,6,6,6,654,Braggart's Roar,0,0,0
12020300,Battle Hammer,Quality,23,Great Hammer,HammerLarge,1.01,strike,strike,151,0,0,0,0,0.9,0.4,0,0,0,26,8,0,0,0,0,0,0,0,0,0,0,6,6,6,6,654,Braggart's Roar,0,0,0
12020400,Battle Hammer,Glint,23,Great Hammer,HammerLarge,1.01,strike,strike,0,151,0,0,0,0.5,0.15,0.9,0,0,26,8,0,0,0,0,0,0,0,0,0,0,6,6,6,6,654,Braggart's Roar,0,0,0
12020500,Battle Hammer,Dragonkin,23,Great Hammer,HammerLarge,1.01,strike,strike,0,0,0,151,0,0.5,0.15,0.8,0,0,26,8,0,0,0,0,0,0,0,0,0,0,6,6,6,6,654,Braggart's Roar,0,0,0
12020600,Battle Hammer,Gravity,23,Great Hammer,HammerLarge,1.01,strike,strike,151,0,0,0,0,0.5,0.15,0.9,0,0,26,8,0,0,0,0,0,0,0,0,0,0,6,6,6,6,654,Braggart's Roar,0,0,0
12020700,Battle Hammer,Flame,23,Great Hammer,HammerLarge,1.01,strike,strike,0,0,151,0,0,0.5,0.15,0,0.8,0,26,8,0,0,0,0,0,0,0,0,0,0,6,6,6,6,654,Braggart's Roar,0,0,0
12020800,Battle Hammer,Golden,23,Great Hammer,HammerLarge,1.01,strike,strike,0,0,0,0,131,0.5,0.15,0,0.9,0,26,8,0,0,0,0,0,0,0,0,0,0,6,6,6,6,654,Braggart's Roar,0,0,0
12020900,Battle Hammer,Draconic,23,Great Hammer,HammerLarge,1.01,strike,strike,0,0,0,151,0,0.5,0.15,0,0.9,0,26,8,0,0,0,0,0,0,0,0,0,0,6,6,6,6,654,Braggart's Roar,0,0,0
12021000,Battle Hammer,Bestial,23,Great Hammer,HammerLarge,1.01,strike,strike,151,0,0,0,0,0.5,0.15,0,0.9,0,26,8,0,0,0,0,0,0,0,0,0,0,6,6,6,6,654,Braggart's Roar,0,0,0
12021100,Battle Hammer,Night,23,Great Hammer,HammerLarge,1.01,strike,strike,0,151,0,0,0,0.4,0.1,0.7,0.7,0,26,8,0,0,0,0,0,0,0,0,0,0,6,6,6,6,654,Braggart's Roar,0,0,0
12021200,Battle Hammer,Lava,23,Great Hammer,HammerLarge,1.01,strike,strike,0,0,151,0,0,0.4,0.1,0.7,0.7,0,26,8,0,0,0,0,0,0,0,0,0,0,6,6,6,6,654,Braggart's Roar,0,0,0
12021300,Battle Hammer,Frenzy,23,Great Hammer,HammerLarge,1.01,strike,strike,0,0,151,0,0,0.4,0.1,0.6,0.6,0,26,8,0,0,0,0,0,0,0,0,0,0,6,6,6,6,654,Braggart's Roar,0,0,0
12021400,Battle Hammer,Death,23,Great Hammer,HammerLarge,1.01,strike,strike,0,0,0,0,131,0.4,0.1,0.6,0.6,0,26,8,0,0,0,0,0,0,0,0,0,0,6,6,6,6,654,Braggart's Roar,0,0,0
12021500,Battle Hammer,Godslayer,23,Great Hammer,HammerLarge,1.01,strike,strike,0,0,0,0,131,0.4,0.1,0.6,0.6,0,26,8,0,0,0,0,0,0,0,0,0,0,6,6,6,6,654,Braggart's Roar,0,0,0
12021600,Battle Hammer,Frost,23,Great Hammer,HammerLarge,1.01,strike,strike,0,151,0,0,0,0.4,0.1,0.6,0,0.6,26,8,0,0,0,0,0,0,0,0,0,0,6,6,6,6,654,Braggart's Roar,0,0,0
12021700,Battle Hammer,Aberrant,23,Great Hammer,HammerLarge,1.01,strike,strike,151,0,0,0,0,0.4,0.1,0.6,0,0.6,26,8,0,0,0,0,0,0,0,0,0,0,6,6,6,6,654,Braggart's Roar,0,0,0
12021800,Battle Hammer,Bloodflame,23,Great Hammer,HammerLarge,1.01,strike,strike,0,0,151,0,0,0.4,0.1,0,0.6,0.6,26,8,0,0,0,0,0,0,0,0,0,0,6,6,6,6,654,Braggart's Roar,0,0,0
12021900,Battle Hammer,Rotten,23,Great Hammer,HammerLarge,1.01,strike,strike,151,0,0,0,0,0.4,0.1,0,0.6,0.6,26,8,0,0,0,0,0,0,0,0,0,0,6,6,6,6,654,Braggart's Roar,0,0,0
12022000,Battle Hammer,Storm,23,Great Hammer,HammerLarge,1.01,strike,strike,151,0,0,0,0,0.4,0.1,0.7,0.7,0,26,8,0,0,0,0,0,0,0,0,0,0,6,6,6,6,654,Braggart's Roar,0,0,0
12022100,Battle Hammer,Mystic,23,Great Hammer,HammerLarge,1.01,strike,strike,0,151,0,0,0,0.4,0.1,0,0.6,0.6,26,8,0,0,0,0,0,0,0,0,0,0,6,6,6,6,654,Braggart's Roar,0,0,0
12030000,Underworld Greatmace,Standard,23,Great Hammer,HammerLarge,1.06,strike,strike,0,0,0,141,0,0.65,0.1,1.1,0,0,18,0,30,0,0,2200,0,0,0,0,0,0,6,6,6,6,309,Cragbolt Slam,1,0,0
12040000,Crimson Briar-Bough,Standard,23,Great Hammer,HammerLarge,1.01,strike,strike,143,0,0,0,0,0.6,0.1,0.75,0,0.75,20,10,20,0,20,2200,0,0,0,0,0,0,6,6,6,6,816,,1,0,0
12060000,Great Mace,Standard,23,Great Hammer,HammerLarge,1.06,strike,strike,154,0,0,0,0,0.7,0.3,0,0,0,28,0,0,0,0,0,0,0,0,0,0,0,6,6,6,6,700,Endure,0,0,0
12060100,Great Mace,Heavy,23,Great Hammer,HammerLarge,1.06,strike,strike,154,0,0,0,0,1.15,0.2,0,0,0,28,0,0,0,0,0,0,0,0,0,0,0,6,6,6,6,700,Endure,0,0,0
12060200,Great Mace,Keen,23,Great Hammer,HammerLarge,1.06,strike,strike,154,0,0,0,0,0.55,0.65,0,0,0,28,0,0,0,0,0,0,0,0,0,0,0,6,6,6,6,700,Endure,0,0,0
12060300,Great Mace,Quality,23,Great Hammer,HammerLarge,1.06,strike,strike,154,0,0,0,0,0.85,0.45,0,0,0,28,0,0,0,0,0,0,0,0,0,0,0,6,6,6,6,700,Endure,0,0,0
12060400,Great Mace,Glint,23,Great Hammer,HammerLarge,1.06,strike,strike,0,154,0,0,0,0.3,0.2,0.9,0,0,28,0,0,0,0,0,0,0,0,0,0,0,6,6,6,6,700,Endure,0,0,0
12060500,Great Mace,Dragonkin,23,Great Hammer,HammerLarge,1.06,strike,strike,0,0,0,154,0,0.3,0.2,0.8,0,0,28,0,0,0,0,0,0,0,0,0,0,0,6,6,6,6,700,Endure,0,0,0
12060600,Great Mace,Gravity,23,Great Hammer,HammerLarge,1.06,strike,strike,154,0,0,0,0,0.3,0.2,0.9,0,0,28,0,0,0,0,0,0,0,0,0,0,0,6,6,6,6,700,Endure,0,0,0
12060700,Great Mace,Flame,23,Great Hammer,HammerLarge,1.06,strike,strike,0,0,154,0,0,0.3,0.2,0,0.8,0,28,0,0,0,0,0,0,0,0,0,0,0,6,6,6,6,700,Endure,0,0,0
12060800,Great Mace,Golden,23,Great Hammer,HammerLarge,1.06,strike,strike,0,0,0,0,134,0.3,0.2,0,0.9,0,28,0,0,0,0,0,0,0,0,0,0,0,6,6,6,6,700,Endure,0,0,0
12060900,Great Mace,Draconic,23,Great Hammer,HammerLarge,1.06,strike,strike,0,0,0,154,0,0.3,0.2,0,0.9,0,28,0,0,0,0,0,0,0,0,0,0,0,6,6,6,6,700,Endure,0,0,0
12061000,Great Mace,Bestial,23,Great Hammer,HammerLarge,1.06,strike,strike,154,0,0,0,0,0.3,0.2,0,0.9,0,28,0,0,0,0,0,0,0,0,0,0,0,6,6,6,6,700,Endure,0,0,0
12061100,Great Mace,Night,23,Great Hammer,HammerLarge,1.06,strike,strike,0,154,0,0,0,0.25,0.15,0.7,0.7,0,28,0,0,0,0,0,0,0,0,0,0,0,6,6,6,6,700,Endure,0,0,0
12061200,Great Mace,Lava,23,Great Hammer,HammerLarge,1.06,strike,strike,0,0,154,0,0,0.25,0.15,0.7,0.7,0,28,0,0,0,0,0,0,0,0,0,0,0,6,6,6,6,700,Endure,0,0,0
12061300,Great Mace,Frenzy,23,Great Hammer,HammerLarge,1.06,strike,strike,0,0,154,0,0,0.25,0.15,0.6,0.6,0,28,0,0,0,0,0,0,0,0,0,0,0,6,6,6,6,700,Endure,0,0,0
12061400,Great Mace,Death,23,Great Hammer,HammerLarge,1.06,strike,strike,0,0,0,0,134,0.25,0.15,0.6,0.6,0,28,0,0,0,0,0,0,0,0,0,0,0,6,6,6,6,700,Endure,0,0,0
12061500,Great Mace,Godslayer,23,Great Hammer,HammerLarge,1.06,strike,strike,0,0,0,0,134,0.25,0.15,0.6,0.6,0,28,0,0,0,0,0,0,0,0,0,0,0,6,6,6,6,700,Endure,0,0,0
12061600,Great Mace,Frost,23,Great Hammer,HammerLarge,1.06,strike,strike,0,154,0,0,0,0.25,0.15,0.6,0,0.6,28,0,0,0,0,0,0,0,0,0,0,0,6,6,6,6,700,Endure,0,0,0
12061700,Great Mace,Aberrant,23,Great Hammer,HammerLarge,1.06,strike,strike,154,0,0,0,0,0.25,0.15,0.6,0,0.6,28,0,0,0,0,0,0,0,0,0,0,0,6,6,6,6,700,Endure,0,0,0
12061800,Great Mace,Bloodflame,23,Great Hammer,HammerLarge,1.06,strike,strike,0,0,154,0,0,0.25,0.15,0,0.6,0.6,28,0,0,0,0,0,0,0,0,0,0,0,6,6,6,6,700,Endure,0,0,0
12061900,Great Mace,Rotten,23,Great Hammer,HammerLarge,1.06,strike,strike,154,0,0,0,0,0.25,0.15,0,0.6,0.6,28,0,0,0,0,0,0,0,0,0,0,0,6,6,6,6,700,Endure,0,0,0
12062000,Great Mace,Storm,23,Great Hammer,HammerLarge,1.06,strike,strike,154,0,0,0,0,0.25,0.15,0.7,0.7,0,28,0,0,0,0,0,0,0,0,0,0,0,6,6,6,6,700,Endure,0,0,0
12062100,Great Mace,Mystic,23,Great Hammer,HammerLarge,1.06,strike,strike,0,154,0,0,0,0.25,0.15,0,0.6,0.6,28,0,0,0,0,0,0,0,0,0,0,0,6,6,6,6,700,Endure,0,0,0
12070000,Sigur's Greatmace,Standard,23,Great Hammer,HammerLarge,1.06,strike,strike,150,0,0,0,0,1.07,0.25,0,0,0,35,5,0,0,0,2200,0,0,0,0,0,0,6,6,6,6,1056,Omen's Roar,1,0,0
12080000,Curved Great Club,Standard,23,Great Hammer,HammerLarge,1.01,strike,strike,167,0,0,0,0,0.65,0.3,0,0,0,24,10,0,0,0,0,0,0,0,0,0,0,6,6,6,6,650,Barbaric Roar,0,0,0
12080100,Curved Great Club,Heavy,23,Great Hammer,HammerLarge,1.01,strike,strike,167,0,0,0,0,1.1,0.2,0,0,0,24,10,0,0,0,0,0,0,0,0,0,0,6,6,6,6,650,Barbaric Roar,0,0,0
12080200,Curved Great Club,Keen,23,Great Hammer,HammerLarge,1.01,strike,strike,167,0,0,0,0,0.5,0.65,0,0,0,24,10,0,0,0,0,0,0,0,0,0,0,6,6,6,6,650,Barbaric Roar,0,0,0
12080300,Curved Great Club,Quality,23,Great Hammer,HammerLarge,1.01,strike,strike,167,0,0,0,0,0.8,0.45,0,0,0,24,10,0,0,0,0,0,0,0,0,0,0,6,6,6,6,650,Barbaric Roar,0,0,0
12080400,Curved Great Club,Glint,23,Great Hammer,HammerLarge,1.01,strike,strike,0,167,0,0,0,0.25,0.2,0.9,0,0,24,10,0,0,0,0,0,0,0,0,0,0,6,6,6,6,650,Barbaric Roar,0,0,0
12080500,Curved Great Club,Dragonkin,23,Great Hammer,HammerLarge,1.01,strike,strike,0,0,0,167,0,0.25,0.2,0.8,0,0,24,10,0,0,0,0,0,0,0,0,0,0,6,6,6,6,650,Barbaric Roar,0,0,0
12080600,Curved Great Club,Gravity,23,Great Hammer,HammerLarge,1.01,strike,strike,167,0,0,0,0,0.25,0.2,0.9,0,0,24,10,0,0,0,0,0,0,0,0,0,0,6,6,6,6,650,Barbaric Roar,0,0,0
12080700,Curved Great Club,Flame,23,Great Hammer,HammerLarge,1.01,strike,strike,0,0,167,0,0,0.25,0.2,0,0.8,0,24,10,0,0,0,0,0,0,0,0,0,0,6,6,6,6,650,Barbaric Roar,0,0,0
12080800,Curved Great Club,Golden,23,Great Hammer,HammerLarge,1.01,strike,strike,0,0,0,0,145,0.25,0.2,0,0.9,0,24,10,0,0,0,0,0,0,0,0,0,0,6,6,6,6,650,Barbaric Roar,0,0,0
12080900,Curved Great Club,Draconic,23,Great Hammer,HammerLarge,1.01,strike,strike,0,0,0,167,0,0.25,0.2,0,0.9,0,24,10,0,0,0,0,0,0,0,0,0,0,6,6,6,6,650,Barbaric Roar,0,0,0
12081000,Curved Great Club,Bestial,23,Great Hammer,HammerLarge,1.01,strike,strike,167,0,0,0,0,0.25,0.2,0,0.9,0,24,10,0,0,0,0,0,0,0,0,0,0,6,6,6,6,650,Barbaric Roar,0,0,0
12081100,Curved Great Club,Night,23,Great Hammer,HammerLarge,1.01,strike,strike,0,167,0,0,0,0.2,0.15,0.7,0.7,0,24,10,0,0,0,0,0,0,0,0,0,0,6,6,6,6,650,Barbaric Roar,0,0,0
12081200,Curved Great Club,Lava,23,Great Hammer,HammerLarge,1.01,strike,strike,0,0,167,0,0,0.2,0.15,0.7,0.7,0,24,10,0,0,0,0,0,0,0,0,0,0,6,6,6,6,650,Barbaric Roar,0,0,0
12081300,Curved Great Club,Frenzy,23,Great Hammer,HammerLarge,1.01,strike,strike,0,0,167,0,0,0.2,0.15,0.6,0.6,0,24,10,0,0,0,0,0,0,0,0,0,0,6,6,6,6,650,Barbaric Roar,0,0,0
12081400,Curved Great Club,Death,23,Great Hammer,HammerLarge,1.01,strike,strike,0,0,0,0,145,0.2,0.15,0.6,0.6,0,24,10,0,0,0,0,0,0,0,0,0,0,6,6,6,6,650,Barbaric Roar,0,0,0
12081500,Curved Great Club,Godslayer,23,Great Hammer,HammerLarge,1.01,strike,strike,0,0,0,0,145,0.2,0.15,0.6,0.6,0,24,10,0,0,0,0,0,0,0,0,0,0,6,6,6,6,650,Barbaric Roar,0,0,0
12081600,Curved Great Club,Frost,23,Great Hammer,HammerLarge,1.01,strike,strike,0,167,0,0,0,0.2,0.15,0.6,0,0.6,24,10,0,0,0,0,0,0,0,0,0,0,6,6,6,6,650,Barbaric Roar,0,0,0
12081700,Curved Great Club,Aberrant,23,Great Hammer,HammerLarge,1.01,strike,strike,167,0,0,0,0,0.2,0.15,0.6,0,0.6,24,10,0,0,0,0,0,0,0,0,0,0,6,6,6,6,650,Barbaric Roar,0,0,0
12081800,Curved Great Club,Bloodflame,23,Great Hammer,HammerLarge,1.01,strike,strike,0,0,167,0,0,0.2,0.15,0,0.6,0.6,24,10,0,0,0,0,0,0,0,0,0,0,6,6,6,6,650,Barbaric Roar,0,0,0
12081900,Curved Great Club,Rotten,23,Great Hammer,HammerLarge,1.01,strike,strike,167,0,0,0,0,0.2,0.15,0,0.6,0.6,24,10,0,0,0,0,0,0,0,0,0,0,6,6,6,6,650,Barbaric Roar,0,0,0
12082000,Curved Great Club,Storm,23,Great Hammer,HammerLarge,1.01,strike,strike,167,0,0,0,0,0.2,0.15,0.7,0.7,0,24,10,0,0,0,0,0,0,0,0,0,0,6,6,6,6,650,Barbaric Roar,0,0,0
12082100,Curved Great Club,Mystic,23,Great Hammer,HammerLarge,1.01,strike,strike,0,167,0,0,0,0.2,0.15,0,0.6,0.6,24,10,0,0,0,0,0,0,0,0,0,0,6,6,6,6,650,Barbaric Roar,0,0,0
12090000,Einar's Hammer,Standard,23,Great Hammer,HammerLarge,1.06,strike,strike,0,149,0,0,0,0.75,0.25,0.85,0,0.85,25,0,20,0,20,2200,0,0,0,0,0,0,6,6,6,6,1064,Einar's Icestorm,1,0,0
12130000,Celebrant's Skull,Standard,23,Great Hammer,HammerLarge,0.965,strike,strike,0,0,0,0,138,0.7,0.1,0.75,0.75,0,18,12,15,15,0,2200,0,0,0,0,0,0,6,6,6,6,650,Barbaric Roar,1,0,0
12140000,Pickaxe,Standard,23,Great Hammer,HammerLarge,1.03,pierce,pierce,166,0,0,0,0,0.65,0.35,0,0,0,22,10,0,0,0,0,0,0,0,0,0,0,6,6,6,6,700,Endure,0,0,0
12140100,Pickaxe,Heavy,23,Great Hammer,HammerLarge,1.03,pierce,pierce,166,0,0,0,0,1.1,0.25,0,0,0,22,10,0,0,0,0,0,0,0,0,0,0,6,6,6,6,700,Endure,0,0,0
12140200,Pickaxe,Keen,23,Great Hammer,HammerLarge,1.03,pierce,pierce,166,0,0,0,0,0.5,0.7,0,0,0,22,10,0,0,0,0,0,0,0,0,0,0,6,6,6,6,700,Endure,0,0,0
12140300,Pickaxe,Quality,23,Great Hammer,HammerLarge,1.03,pierce,pierce,166,0,0,0,0,0.8,0.5,0,0,0,22,10,0,0,0,0,0,0,0,0,0,0,6,6,6,6,700,Endure,0,0,0
12140400,Pickaxe,Glint,23,Great Hammer,HammerLarge,1.03,pierce,pierce,0,166,0,0,0,0.25,0.25,0.9,0,0,22,10,0,0,0,0,0,0,0,0,0,0,6,6,6,6,700,Endure,0,0,0
12140500,Pickaxe,Dragonkin,23,Great Hammer,HammerLarge,1.03,pierce,pierce,0,0,0,166,0,0.25,0.25,0.8,0,0,22,10,0,0,0,0,0,0,0,0,0,0,6,6,6,6,700,Endure,0,0,0
12140600,Pickaxe,Gravity,23,Great Hammer,HammerLarge,1.03,pierce,pierce,166,0,0,0,0,0.25,0.25,0.9,0,0,22,10,0,0,0,0,0,0,0,0,0,0,6,6,6,6,700,Endure,0,0,0
12140700,Pickaxe,Flame,23,Great Hammer,HammerLarge,1.03,pierce,pierce,0,0,166,0,0,0.25,0.25,0,0.8,0,22,10,0,0,0,0,0,0,0,0,0,0,6,6,6,6,700,Endure,0,0,0
12140800,Pickaxe,Golden,23,Great Hammer,HammerLarge,1.03,pierce,pierce,0,0,0,0,144,0.25,0.25,0,0.9,0,22,10,0,0,0,0,0,0,0,0,0,0,6,6,6,6,700,Endure,0,0,0
12140900,Pickaxe,Draconic,23,Great Hammer,HammerLarge,1.03,pierce,pierce,0,0,0,166,0,0.25,0.25,0,0.9,0,22,10,0,0,0,0,0,0,0,0,0,0,6,6,6,6,700,Endure,0,0,0
12141000,Pickaxe,Bestial,23,Great Hammer,HammerLarge,1.03,pierce,pierce,166,0,0,0,0,0.25,0.25,0,0.9,0,22,10,0,0,0,0,0,0,0,0,0,0,6,6,6,6,700,Endure,0,0,0
12141100,Pickaxe,Night,23,Great Hammer,HammerLarge,1.03,pierce,pierce,0,166,0,0,0,0.2,0.2,0.7,0.7,0,22,10,0,0,0,0,0,0,0,0,0,0,6,6,6,6,700,Endure,0,0,0
12141200,Pickaxe,Lava,23,Great Hammer,HammerLarge,1.03,pierce,pierce,0,0,166,0,0,0.2,0.2,0.7,0.7,0,22,10,0,0,0,0,0,0,0,0,0,0,6,6,6,6,700,Endure,0,0,0
12141300,Pickaxe,Frenzy,23,Great Hammer,HammerLarge,1.03,pierce,pierce,0,0,166,0,0,0.2,0.2,0.6,0.6,0,22,10,0,0,0,0,0,0,0,0,0,0,6,6,6,6,700,Endure,0,0,0
12141400,Pickaxe,Death,23,Great Hammer,HammerLarge,1.03,pierce,pierce,0,0,0,0,144,0.2,0.2,0.6,0.6,0,22,10,0,0,0,0,0,0,0,0,0,0,6,6,6,6,700,Endure,0,0,0
12141500,Pickaxe,Godslayer,23,Great Hammer,HammerLarge,1.03,pierce,pierce,0,0,0,0,144,0.2,0.2,0.6,0.6,0,22,10,0,0,0,0,0,0,0,0,0,0,6,6,6,6,700,Endure,0,0,0
12141600,Pickaxe,Frost,23,Great Hammer,HammerLarge,1.03,pierce,pierce,0,166,0,0,0,0.2,0.2,0.6,0,0.6,22,10,0,0,0,0,0,0,0,0,0,0,6,6,6,6,700,Endure,0,0,0
12141700,Pickaxe,Aberrant,23,Great Hammer,HammerLarge,1.03,pierce,pierce,166,0,0,0,0,0.2,0.2,0.6,0,0.6,22,10,0,0,0,0,0,0,0,0,0,0,6,6,6,6,700,Endure,0,0,0
12141800,Pickaxe,Bloodflame,23,Great Hammer,HammerLarge,1.03,pierce,pierce,0,0,166,0,0,0.2,0.2,0,0.6,0.6,22,10,0,0,0,0,0,0,0,0,0,0,6,6,6,6,700,Endure,0,0,0
12141900,Pickaxe,Rotten,23,Great Hammer,HammerLarge,1.03,pierce,pierce,166,0,0,0,0,0.2,0.2,0,0.6,0.6,22,10,0,0,0,0,0,0,0,0,0,0,6,6,6,6,700,Endure,0,0,0
12142000,Pickaxe,Storm,23,Great Hammer,HammerLarge,1.03,pierce,pierce,166,0,0,0,0,0.2,0.2,0.7,0.7,0,22,10,0,0,0,0,0,0,0,0,0,0,6,6,6,6,700,Endure,0,0,0
12142100,Pickaxe,Mystic,23,Great Hammer,HammerLarge,1.03,pierce,pierce,0,166,0,0,0,0.2,0.2,0,0.6,0.6,22,10,0,0,0,0,0,0,0,0,0,0,6,6,6,6,700,Endure,0,0,0
12150000,Beastclaw Greathammer,Standard,23,Great Hammer,HammerLarge,1,strike,strike,145,0,0,0,0,0.85,0.15,0,1,0,18,10,0,20,0,2200,0,0,0,0,0,0,6,6,6,6,1044,Regal Beastclaw,1,0,0
12160000,Envoy's Long Horn,Standard,23,Great Hammer,HammerLarge,1.05,strike,strike,0,0,0,0,130,0.65,0.15,0,1.1,0,23,11,0,18,0,2200,0,0,0,0,0,0,6,6,6,6,1004,Bubble Shower,1,0,0
12170000,Cranial Vessel Candlestand,Standard,23,Great Hammer,HammerLarge,1.17,strike,strike,0,0,136,0,0,0.75,0.25,0,1,0,22,8,0,25,0,2200,0,0,0,0,0,0,6,6,6,6,1000,Surge of Faith,1,0,0
12180000,Great Stars,Standard,23,Great Hammer,HammerLarge,1.07,strike,strike,155,0,0,0,0,0.8,0.25,0,0,0,22,12,0,0,0,0,0,0,0,0,0,0,6,6,6,6,700,Endure,0,0,0
12180100,Great Stars,Heavy,23,Great Hammer,HammerLarge,1.07,strike,strike,155,0,0,0,0,1.2,0.15,0,0,0,22,12,0,0,0,0,0,0,0,0,0,0,6,6,6,6,700,Endure,0,0,0
12180200,Great Stars,Keen,23,Great Hammer,HammerLarge,1.07,strike,strike,155,0,0,0,0,0.6,0.6,0,0,0,22,12,0,0,0,0,0,0,0,0,0,0,6,6,6,6,700,Endure,0,0,0
12180300,Great Stars,Quality,23,Great Hammer,HammerLarge,1.07,strike,strike,155,0,0,0,0,0.9,0.4,0,0,0,22,12,0,0,0,0,0,0,0,0,0,0,6,6,6,6,700,Endure,0,0,0
12180400,Great Stars,Glint,23,Great Hammer,HammerLarge,1.07,strike,strike,0,155,0,0,0,0.5,0.15,0.9,0,0,22,12,0,0,0,0,0,0,0,0,0,0,6,6,6,6,700,Endure,0,0,0
12180500,Great Stars,Dragonkin,23,Great Hammer,HammerLarge,1.07,strike,strike,0,0,0,155,0,0.5,0.15,0.8,0,0,22,12,0,0,0,0,0,0,0,0,0,0,6,6,6,6,700,Endure,0,0,0
12180600,Great Stars,Gravity,23,Great Hammer,HammerLarge,1.07,strike,strike,155,0,0,0,0,0.5,0.15,0.9,0,0,22,12,0,0,0,0,0,0,0,0,0,0,6,6,6,6,700,Endure,0,0,0
12180700,Great Stars,Flame,23,Great Hammer,HammerLarge,1.07,strike,strike,0,0,155,0,0,0.5,0.15,0,0.8,0,22,12,0,0,0,0,0,0,0,0,0,0,6,6,6,6,700,Endure,0,0,0
12180800,Great Stars,Golden,23,Great Hammer,HammerLarge,1.07,strike,strike,0,0,0,0,135,0.5,0.15,0,0.9,0,22,12,0,0,0,0,0,0,0,0,0,0,6,6,6,6,700,Endure,0,0,0
12180900,Great Stars,Draconic,23,Great Hammer,HammerLarge,1.07,strike,strike,0,0,0,155,0,0.5,0.15,0,0.9,0,22,12,0,0,0,0,0,0,0,0,0,0,6,6,6,6,700,Endure,0,0,0
12181000,Great Stars,Bestial,23,Great Hammer,HammerLarge,1.07,strike,strike,155,0,0,0,0,0.5,0.15,0,0.9,0,22,12,0,0,0,0,0,0,0,0,0,0,6,6,6,6,700,Endure,0,0,0
12181100,Great Stars,Night,23,Great Hammer,HammerLarge,1.07,strike,strike,0,155,0,0,0,0.4,0.1,0.7,0.7,0,22,12,0,0,0,0,0,0,0,0,0,0,6,6,6,6,700,Endure,0,0,0
12181200,Great Stars,Lava,23,Great Hammer,HammerLarge,1.07,strike,strike,0,0,155,0,0,0.4,0.1,0.7,0.7,0,22,12,0,0,0,0,0,0,0,0,0,0,6,6,6,6,700,Endure,0,0,0
12181300,Great Stars,Frenzy,23,Great Hammer,HammerLarge,1.07,strike,strike,0,0,155,0,0,0.4,0.1,0.6,0.6,0,22,12,0,0,0,0,0,0,0,0,0,0,6,6,6,6,700,Endure,0,0,0
12181400,Great Stars,Death,23,Great Hammer,HammerLarge,1.07,strike,strike,0,0,0,0,135,0.4,0.1,0.6,0.6,0,22,12,0,0,0,0,0,0,0,0,0,0,6,6,6,6,700,Endure,0,0,0
12181500,Great Stars,Godslayer,23,Great Hammer,HammerLarge,1.07,strike,strike,0,0,0,0,135,0.4,0.1,0.6,0.6,0,22,12,0,0,0,0,0,0,0,0,0,0,6,6,6,6,700,Endure,0,0,0
12181600,Great Stars,Frost,23,Great Hammer,HammerLarge,1.07,strike,strike,0,155,0,0,0,0.4,0.1,0.6,0,0.6,22,12,0,0,0,0,0,0,0,0,0,0,6,6,6,6,700,Endure,0,0,0
12181700,Great Stars,Aberrant,23,Great Hammer,HammerLarge,1.07,strike,strike,155,0,0,0,0,0.4,0.1,0.6,0,0.6,22,12,0,0,0,0,0,0,0,0,0,0,6,6,6,6,700,Endure,0,0,0
12181800,Great Stars,Bloodflame,23,Great Hammer,HammerLarge,1.07,strike,strike,0,0,155,0,0,0.4,0.1,0,0.6,0.6,22,12,0,0,0,0,0,0,0,0,0,0,6,6,6,6,700,Endure,0,0,0
12181900,Great Stars,Rotten,23,Great Hammer,HammerLarge,1.07,strike,strike,155,0,0,0,0,0.4,0.1,0,0.6,0.6,22,12,0,0,0,0,0,0,0,0,0,0,6,6,6,6,700,Endure,0,0,0
12182000,Great Stars,Storm,23,Great Hammer,HammerLarge,1.07,strike,strike,155,0,0,0,0,0.4,0.1,0.7,0.7,0,22,12,0,0,0,0,0,0,0,0,0,0,6,6,6,6,700,Endure,0,0,0
12182100,Great Stars,Mystic,23,Great Hammer,HammerLarge,1.07,strike,strike,0,155,0,0,0,0.4,0.1,0,0.6,0.6,22,12,0,0,0,0,0,0,0,0,0,0,6,6,6,6,700,Endure,0,0,0
12190000,Brick Hammer,Standard,23,Great Hammer,HammerLarge,1.05,strike,strike,140,0,0,0,0,0.85,0.2,0,0,0,31,0,0,0,0,0,0,0,0,0,0,0,6,6,6,6,650,Barbaric Roar,0,0,0
12190100,Brick Hammer,Heavy,23,Great Hammer,HammerLarge,1.05,strike,strike,140,0,0,0,0,1.25,0.1,0,0,0,31,0,0,0,0,0,0,0,0,0,0,0,6,6,6,6,650,Barbaric Roar,0,0,0
12190200,Brick Hammer,Keen,23,Great Hammer,HammerLarge,1.05,strike,strike,140,0,0,0,0,0.65,0.55,0,0,0,31,0,0,0,0,0,0,0,0,0,0,0,6,6,6,6,650,Barbaric Roar,0,0,0
12190300,Brick Hammer,Quality,23,Great Hammer,HammerLarge,1.05,strike,strike,140,0,0,0,0,0.95,0.35,0,0,0,31,0,0,0,0,0,0,0,0,0,0,0,6,6,6,6,650,Barbaric Roar,0,0,0
12190400,Brick Hammer,Glint,23,Great Hammer,HammerLarge,1.05,strike,strike,0,140,0,0,0,0.55,0.1,0.9,0,0,31,0,0,0,0,0,0,0,0,0,0,0,6,6,6,6,650,Barbaric Roar,0,0,0
12190500,Brick Hammer,Dragonkin,23,Great Hammer,HammerLarge,1.05,strike,strike,0,0,0,140,0,0.55,0.1,0.8,0,0,31,0,0,0,0,0,0,0,0,0,0,0,6,6,6,6,650,Barbaric Roar,0,0,0
12190600,Brick Hammer,Gravity,23,Great Hammer,HammerLarge,1.05,strike,strike,140,0,0,0,0,0.55,0.1,0.9,0,0,31,0,0,0,0,0,0,0,0,0,0,0,6,6,6,6,650,Barbaric Roar,0,0,0
12190700,Brick Hammer,Flame,23,Great Hammer,HammerLarge,1.05,strike,strike,0,0,140,0,0,0.55,0.1,0,0.8,0,31,0,0,0,0,0,0,0,0,0,0,0,6,6,6,6,650,Barbaric Roar,0,0,0
12190800,Brick Hammer,Golden,23,Great Hammer,HammerLarge,1.05,strike,strike,0,0,0,0,122,0.55,0.1,0,0.9,0,31,0,0,0,0,0,0,0,0,0,0,0,6,6,6,6,650,Barbaric Roar,0,0,0
12190900,Brick Hammer,Draconic,23,Great Hammer,HammerLarge,1.05,strike,strike,0,0,0,140,0,0.55,0.1,0,0.9,0,31,0,0,0,0,0,0,0,0,0,0,0,6,6,6,6,650,Barbaric Roar,0,0,0
12191000,Brick Hammer,Bestial,23,Great Hammer,HammerLarge,1.05,strike,strike,140,0,0,0,0,0.55,0.1,0,0.9,0,31,0,0,0,0,0,0,0,0,0,0,0,6,6,6,6,650,Barbaric Roar,0,0,0
12191100,Brick Hammer,Night,23,Great Hammer,HammerLarge,1.05,strike,strike,0,140,0,0,0,0.45,0.05,0.7,0.7,0,31,0,0,0,0,0,0,0,0,0,0,0,6,6,6,6,650,Barbaric Roar,0,0,0
12191200,Brick Hammer,Lava,23,Great Hammer,HammerLarge,1.05,strike,strike,0,0,140,0,0,0.45,0.05,0.7,0.7,0,31,0,0,0,0,0,0,0,0,0,0,0,6,6,6,6,650,Barbaric Roar,0,0,0
12191300,Brick Hammer,Frenzy,23,Great Hammer,HammerLarge,1.05,strike,strike,0,0,140,0,0,0.45,0.05,0.6,0.6,0,31,0,0,0,0,0,0,0,0,0,0,0,6,6,6,6,650,Barbaric Roar,0,0,0
12191400,Brick Hammer,Death,23,Great Hammer,HammerLarge,1.05,strike,strike,0,0,0,0,122,0.45,0.05,0.6,0.6,0,31,0,0,0,0,0,0,0,0,0,0,0,6,6,6,6,650,Barbaric Roar,0,0,0
12191500,Brick Hammer,Godslayer,23,Great Hammer,HammerLarge,1.05,strike,strike,0,0,0,0,122,0.45,0.05,0.6,0.6,0,31,0,0,0,0,0,0,0,0,0,0,0,6,6,6,6,650,Barbaric Roar,0,0,0
12191600,Brick Hammer,Frost,23,Great Hammer,HammerLarge,1.05,strike,strike,0,140,0,0,0,0.45,0.05,0.6,0,0.6,31,0,0,0,0,0,0,0,0,0,0,0,6,6,6,6,650,Barbaric Roar,0,0,0
12191700,Brick Hammer,Aberrant,23,Great Hammer,HammerLarge,1.05,strike,strike,140,0,0,0,0,0.45,0.05,0.6,0,0.6,31,0,0,0,0,0,0,0,0,0,0,0,6,6,6,6,650,Barbaric Roar,0,0,0
12191800,Brick Hammer,Bloodflame,23,Great Hammer,HammerLarge,1.05,strike,strike,0,0,140,0,0,0.45,0.05,0,0.6,0.6,31,0,0,0,0,0,0,0,0,0,0,0,6,6,6,6,650,Barbaric Roar,0,0,0
12191900,Brick Hammer,Rotten,23,Great Hammer,HammerLarge,1.05,strike,strike,140,0,0,0,0,0.45,0.05,0,0.6,0.6,31,0,0,0,0,0,0,0,0,0,0,0,6,6,6,6,650,Barbaric Roar,0,0,0
12192000,Brick Hammer,Storm,23,Great Hammer,HammerLarge,1.05,strike,strike,140,0,0,0,0,0.45,0.05,0.7,0.7,0,31,0,0,0,0,0,0,0,0,0,0,0,6,6,6,6,650,Barbaric Roar,0,0,0
12192100,Brick Hammer,Mystic,23,Great Hammer,HammerLarge,1.05,strike,strike,0,140,0,0,0,0.45,0.05,0,0.6,0.6,31,0,0,0,0,0,0,0,0,0,0,0,6,6,6,6,650,Barbaric Roar,0,0,0
12200000,Devourer's Scepter,Standard,23,Great Hammer,HammerLarge,1.12,strike,strike,0,0,142,0,0,0.75,0.1,0.75,0.75,0,20,10,15,15,0,2200,0,0,0,0,0,0,6,6,6,6,1183,Devourer of Worlds,1,0,0
12210000,Rotten Battle Hammer,Standard,23,Great Hammer,HammerLarge,1.01,strike,strike,126,0,0,0,0,0.65,0.2,0,0.7,0.7,20,8,0,15,15,2200,0,0,0,0,0,0,6,6,6,6,654,Braggart's Roar,1,0,0
12500000,Smithscript Greathammer,Standard,23,Great Hammer,HammerLarge,0.96,strike,strike,168,0,0,0,0,0.8,0.25,0,0,0,20,10,0,0,0,0,0,0,0,0,0,0,6,6,6,6,700,Endure,0,0,0
12500100,Smithscript Greathammer,Heavy,23,Great Hammer,HammerLarge,0.96,strike,strike,168,0,0,0,0,1.2,0.15,0,0,0,20,10,0,0,0,0,0,0,0,0,0,0,6,6,6,6,700,Endure,0,0,0
12500200,Smithscript Greathammer,Keen,23,Great Hammer,HammerLarge,0.96,strike,strike,168,0,0,0,0,0.6,0.6,0,0,0,20,10,0,0,0,0,0,0,0,0,0,0,6,6,6,6,700,Endure,0,0,0
12500300,Smithscript Greathammer,Quality,23,Great Hammer,HammerLarge,0.96,strike,strike,168,0,0,0,0,0.9,0.4,0,0,0,20,10,0,0,0,0,0,0,0,0,0,0,6,6,6,6,700,Endure,0,0,0
12500400,Smithscript Greathammer,Glint,23,Great Hammer,HammerLarge,0.96,strike,strike,0,168,0,0,0,0.5,0.15,0.9,0,0,20,10,0,0,0,0,0,0,0,0,0,0,6,6,6,6,700,Endure,0,0,0
12500500,Smithscript Greathammer,Dragonkin,23,Great Hammer,HammerLarge,0.96,strike,strike,0,0,0,168,0,0.5,0.15,0.8,0,0,20,10,0,0,0,0,0,0,0,0,0,0,6,6,6,6,700,Endure,0,0,0
12500600,Smithscript Greathammer,Gravity,23,Great Hammer,HammerLarge,0.96,strike,strike,168,0,0,0,0,0.5,0.15,0.9,0,0,20,10,0,0,0,0,0,0,0,0,0,0,6,6,6,6,700,Endure,0,0,0
12500700,Smithscript Greathammer,Flame,23,Great Hammer,HammerLarge,0.96,strike,strike,0,0,168,0,0,0.5,0.15,0,0.8,0,20,10,0,0,0,0,0,0,0,0,0,0,6,6,6,6,700,Endure,0,0,0
12500800,Smithscript Greathammer,Golden,23,Great Hammer,HammerLarge,0.96,strike,strike,0,0,0,0,146,0.5,0.15,0,0.9,0,20,10,0,0,0,0,0,0,0,0,0,0,6,6,6,6,700,Endure,0,0,0
12500900,Smithscript Greathammer,Draconic,23,Great Hammer,HammerLarge,0.96,strike,strike,0,0,0,168,0,0.5,0.15,0,0.9,0,20,10,0,0,0,0,0,0,0,0,0,0,6,6,6,6,700,Endure,0,0,0
12501000,Smithscript Greathammer,Bestial,23,Great Hammer,HammerLarge,0.96,strike,strike,168,0,0,0,0,0.5,0.15,0,0.9,0,20,10,0,0,0,0,0,0,0,0,0,0,6,6,6,6,700,Endure,0,0,0
12501100,Smithscript Greathammer,Night,23,Great Hammer,HammerLarge,0.96,strike,strike,0,168,0,0,0,0.4,0.1,0.7,0.7,0,20,10,0,0,0,0,0,0,0,0,0,0,6,6,6,6,700,Endure,0,0,0
12501200,Smithscript Greathammer,Lava,23,Great Hammer,HammerLarge,0.96,strike,strike,0,0,168,0,0,0.4,0.1,0.7,0.7,0,20,10,0,0,0,0,0,0,0,0,0,0,6,6,6,6,700,Endure,0,0,0
12501300,Smithscript Greathammer,Frenzy,23,Great Hammer,HammerLarge,0.96,strike,strike,0,0,168,0,0,0.4,0.1,0.6,0.6,0,20,10,0,0,0,0,0,0,0,0,0,0,6,6,6,6,700,Endure,0,0,0
12501400,Smithscript Greathammer,Death,23,Great Hammer,HammerLarge,0.96,strike,strike,0,0,0,0,146,0.4,0.1,0.6,0.6,0,20,10,0,0,0,0,0,0,0,0,0,0,6,6,6,6,700,Endure,0,0,0
12501500,Smithscript Greathammer,Godslayer,23,Great Hammer,HammerLarge,0.96,strike,strike,0,0,0,0,146,0.4,0.1,0.6,0.6,0,20,10,0,0,0,0,0,0,0,0,0,0,6,6,6,6,700,Endure,0,0,0
12501600,Smithscript Greathammer,Frost,23,Great Hammer,HammerLarge,0.96,strike,strike,0,168,0,0,0,0.4,0.1,0.6,0,0.6,20,10,0,0,0,0,0,0,0,0,0,0,6,6,6,6,700,Endure,0,0,0
12501700,Smithscript Greathammer,Aberrant,23,Great Hammer,HammerLarge,0.96,strike,strike,168,0,0,0,0,0.4,0.1,0.6,0,0.6,20,10,0,0,0,0,0,0,0,0,0,0,6,6,6,6,700,Endure,0,0,0
12501800,Smithscript Greathammer,Bloodflame,23,Great Hammer,HammerLarge,0.96,strike,strike,0,0,168,0,0,0.4,0.1,0,0.6,0.6,20,10,0,0,0,0,0,0,0,0,0,0,6,6,6,6,700,Endure,0,0,0
12501900,Smithscript Greathammer,Rotten,23,Great Hammer,HammerLarge,0.96,strike,strike,168,0,0,0,0,0.4,0.1,0,0.6,0.6,20,10,0,0,0,0,0,0,0,0,0,0,6,6,6,6,700,Endure,0,0,0
12502000,Smithscript Greathammer,Storm,23,Great Hammer,HammerLarge,0.96,strike,strike,168,0,0,0,0,0.4,0.1,0.7,0.7,0,20,10,0,0,0,0,0,0,0,0,0,0,6,6,6,6,700,Endure,0,0,0
12502100,Smithscript Greathammer,Mystic,23,Great Hammer,HammerLarge,0.96,strike,strike,0,168,0,0,0,0.4,0.1,0,0.6,0.6,20,10,0,0,0,0,0,0,0,0,0,0,6,6,6,6,700,Endure,0,0,0
12510000,Anvil Hammer,Standard,41,Colossal Weapon,AxhammerLarge,1.045,strike,strike,0,0,169,0,0,1,0.1,0.7,0.7,0,25,10,20,20,0,2200,0,0,0,0,0,0,6,6,6,6,5280,Smithing Art Spears,1,0,0
12520000,Black Steel Greathammer,Standard,23,Great Hammer,HammerLarge,1.075,strike,strike,0,0,0,0,153,1,0.25,0,1,0,17,11,0,25,0,0,0,0,0,0,0,0,6,6,6,6,700,Endure,1,0,0
12530000,Bloodfiend's Arm,Standard,41,Colossal Weapon,AxhammerLarge,1.015,strike,strike,0,0,198,0,0,1,0.05,0,0.75,0.75,25,11,0,16,16,0,0,0,0,0,0,0,6,6,6,6,700,Endure,1,0,0
13000000,Nightrider Flail,Standard,24,Flail,Flail,1.03,strike,strike,129,0,0,0,0,0.7,0.3,0,0,0,24,10,0,0,0,0,0,0,0,0,0,0,6,6,6,6,125,Spinning Chain,0,0,0
13000100,Nightrider Flail,Heavy,24,Flail,Flail,1.03,strike,strike,129,0,0,0,0,1.1,0.2,0,0,0,24,10,0,0,0,0,0,0,0,0,0,0,6,6,6,6,125,Spinning Chain,0,0,0
13000200,Nightrider Flail,Keen,24,Flail,Flail,1.03,strike,strike,129,0,0,0,0,0.6,0.55,0,0,0,24,10,0,0,0,0,0,0,0,0,0,0,6,6,6,6,125,Spinning Chain,0,0,0
13000300,Nightrider Flail,Quality,24,Flail,Flail,1.03,strike,strike,129,0,0,0,0,0.8,0.45,0,0,0,24,10,0,0,0,0,0,0,0,0,0,0,6,6,6,6,125,Spinning Chain,0,0,0
13000400,Nightrider Flail,Glint,24,Flail,Flail,1.03,strike,strike,0,129,0,0,0,0.4,0.25,0.9,0,0,24,10,0,0,0,0,0,0,0,0,0,0,6,6,6,6,125,Spinning Chain,0,0,0
13000500,Nightrider Flail,Dragonkin,24,Flail,Flail,1.03,strike,strike,0,0,0,129,0,0.4,0.25,0.8,0,0,24,10,0,0,0,0,0,0,0,0,0,0,6,6,6,6,125,Spinning Chain,0,0,0
13000600,Nightrider Flail,Gravity,24,Flail,Flail,1.03,strike,strike,129,0,0,0,0,0.4,0.25,0.9,0,0,24,10,0,0,0,0,0,0,0,0,0,0,6,6,6,6,125,Spinning Chain,0,0,0
13000700,Nightrider Flail,Flame,24,Flail,Flail,1.03,strike,strike,0,0,129,0,0,0.4,0.25,0,0.8,0,24,10,0,0,0,0,0,0,0,0,0,0,6,6,6,6,125,Spinning Chain,0,0,0
13000800,Nightrider Flail,Golden,24,Flail,Flail,1.03,strike,strike,0,0,0,0,112,0.4,0.25,0,0.9,0,24,10,0,0,0,0,0,0,0,0,0,0,6,6,6,6,125,Spinning Chain,0,0,0
13000900,Nightrider Flail,Draconic,24,Flail,Flail,1.03,strike,strike,0,0,0,129,0,0.4,0.25,0,0.9,0,24,10,0,0,0,0,0,0,0,0,0,0,6,6,6,6,125,Spinning Chain,0,0,0
13001000,Nightrider Flail,Bestial,24,Flail,Flail,1.03,strike,strike,129,0,0,0,0,0.4,0.25,0,0.9,0,24,10,0,0,0,0,0,0,0,0,0,0,6,6,6,6,125,Spinning Chain,0,0,0
13001100,Nightrider Flail,Night,24,Flail,Flail,1.03,strike,strike,0,129,0,0,0,0.35,0.2,0.7,0.7,0,24,10,0,0,0,0,0,0,0,0,0,0,6,6,6,6,125,Spinning Chain,0,0,0
13001200,Nightrider Flail,Lava,24,Flail,Flail,1.03,strike,strike,0,0,129,0,0,0.35,0.2,0.7,0.7,0,24,10,0,0,0,0,0,0,0,0,0,0,6,6,6,6,125,Spinning Chain,0,0,0
13001300,Nightrider Flail,Frenzy,24,Flail,Flail,1.03,strike,strike,0,0,129,0,0,0.35,0.2,0.6,0.6,0,24,10,0,0,0,0,0,0,0,0,0,0,6,6,6,6,125,Spinning Chain,0,0,0
13001400,Nightrider Flail,Death,24,Flail,Flail,1.03,strike,strike,0,0,0,0,112,0.35,0.2,0.6,0.6,0,24,10,0,0,0,0,0,0,0,0,0,0,6,6,6,6,125,Spinning Chain,0,0,0
13001500,Nightrider Flail,Godslayer,24,Flail,Flail,1.03,strike,strike,0,0,0,0,112,0.35,0.2,0.6,0.6,0,24,10,0,0,0,0,0,0,0,0,0,0,6,6,6,6,125,Spinning Chain,0,0,0
13001600,Nightrider Flail,Frost,24,Flail,Flail,1.03,strike,strike,0,129,0,0,0,0.35,0.2,0.6,0,0.6,24,10,0,0,0,0,0,0,0,0,0,0,6,6,6,6,125,Spinning Chain,0,0,0
13001700,Nightrider Flail,Aberrant,24,Flail,Flail,1.03,strike,strike,129,0,0,0,0,0.35,0.2,0.6,0,0.6,24,10,0,0,0,0,0,0,0,0,0,0,6,6,6,6,125,Spinning Chain,0,0,0
13001800,Nightrider Flail,Bloodflame,24,Flail,Flail,1.03,strike,strike,0,0,129,0,0,0.35,0.2,0,0.6,0.6,24,10,0,0,0,0,0,0,0,0,0,0,6,6,6,6,125,Spinning Chain,0,0,0
13001900,Nightrider Flail,Rotten,24,Flail,Flail,1.03,strike,strike,129,0,0,0,0,0.35,0.2,0,0.6,0.6,24,10,0,0,0,0,0,0,0,0,0,0,6,6,6,6,125,Spinning Chain,0,0,0
13002000,Nightrider Flail,Storm,24,Flail,Flail,1.03,strike,strike,129,0,0,0,0,0.35,0.2,0.7,0.7,0,24,10,0,0,0,0,0,0,0,0,0,0,6,6,6,6,125,Spinning Chain,0,0,0
13002100,Nightrider Flail,Mystic,24,Flail,Flail,1.03,strike,strike,0,129,0,0,0,0.35,0.2,0,0.6,0.6,24,10,0,0,0,0,0,0,0,0,0,0,6,6,6,6,125,Spinning Chain,0,0,0
13010000,Flail,Standard,24,Flail,Flail,1,strike,strike,125,0,0,0,0,0.6,0.3,0,0,0,10,18,0,0,0,0,0,0,0,0,0,0,6,6,6,6,125,Spinning Chain,0,0,0
13010100,Flail,Heavy,24,Flail,Flail,1,strike,strike,125,0,0,0,0,1,0.2,0,0,0,10,18,0,0,0,0,0,0,0,0,0,0,6,6,6,6,125,Spinning Chain,0,0,0
13010200,Flail,Keen,24,Flail,Flail,1,strike,strike,125,0,0,0,0,0.5,0.55,0,0,0,10,18,0,0,0,0,0,0,0,0,0,0,6,6,6,6,125,Spinning Chain,0,0,0
13010300,Flail,Quality,24,Flail,Flail,1,strike,strike,125,0,0,0,0,0.7,0.45,0,0,0,10,18,0,0,0,0,0,0,0,0,0,0,6,6,6,6,125,Spinning Chain,0,0,0
13010400,Flail,Glint,24,Flail,Flail,1,strike,strike,0,125,0,0,0,0.3,0.25,0.9,0,0,10,18,0,0,0,0,0,0,0,0,0,0,6,6,6,6,125,Spinning Chain,0,0,0
13010500,Flail,Dragonkin,24,Flail,Flail,1,strike,strike,0,0,0,125,0,0.3,0.25,0.8,0,0,10,18,0,0,0,0,0,0,0,0,0,0,6,6,6,6,125,Spinning Chain,0,0,0
13010600,Flail,Gravity,24,Flail,Flail,1,strike,strike,125,0,0,0,0,0.3,0.25,0.9,0,0,10,18,0,0,0,0,0,0,0,0,0,0,6,6,6,6,125,Spinning Chain,0,0,0
13010700,Flail,Flame,24,Flail,Flail,1,strike,strike,0,0,125,0,0,0.3,0.25,0,0.8,0,10,18,0,0,0,0,0,0,0,0,0,0,6,6,6,6,125,Spinning Chain,0,0,0
13010800,Flail,Golden,24,Flail,Flail,1,strike,strike,0,0,0,0,109,0.3,0.25,0,0.9,0,10,18,0,0,0,0,0,0,0,0,0,0,6,6,6,6,125,Spinning Chain,0,0,0
13010900,Flail,Draconic,24,Flail,Flail,1,strike,strike,0,0,0,125,0,0.3,0.25,0,0.9,0,10,18,0,0,0,0,0,0,0,0,0,0,6,6,6,6,125,Spinning Chain,0,0,0
13011000,Flail,Bestial,24,Flail,Flail,1,strike,strike,125,0,0,0,0,0.3,0.25,0,0.9,0,10,18,0,0,0,0,0,0,0,0,0,0,6,6,6,6,125,Spinning Chain,0,0,0
13011100,Flail,Night,24,Flail,Flail,1,strike,strike,0,125,0,0,0,0.25,0.2,0.7,0.7,0,10,18,0,0,0,0,0,0,0,0,0,0,6,6,6,6,125,Spinning Chain,0,0,0
13011200,Flail,Lava,24,Flail,Flail,1,strike,strike,0,0,125,0,0,0.25,0.2,0.7,0.7,0,10,18,0,0,0,0,0,0,0,0,0,0,6,6,6,6,125,Spinning Chain,0,0,0
13011300,Flail,Frenzy,24,Flail,Flail,1,strike,strike,0,0,125,0,0,0.25,0.2,0.6,0.6,0,10,18,0,0,0,0,0,0,0,0,0,0,6,6,6,6,125,Spinning Chain,0,0,0
13011400,Flail,Death,24,Flail,Flail,1,strike,strike,0,0,0,0,109,0.25,0.2,0.6,0.6,0,10,18,0,0,0,0,0,0,0,0,0,0,6,6,6,6,125,Spinning Chain,0,0,0
13011500,Flail,Godslayer,24,Flail,Flail,1,strike,strike,0,0,0,0,109,0.25,0.2,0.6,0.6,0,10,18,0,0,0,0,0,0,0,0,0,0,6,6,6,6,125,Spinning Chain,0,0,0
13011600,Flail,Frost,24,Flail,Flail,1,strike,strike,0,125,0,0,0,0.25,0.2,0.6,0,0.6,10,18,0,0,0,0,0,0,0,0,0,0,6,6,6,6,125,Spinning Chain,0,0,0
13011700,Flail,Aberrant,24,Flail,Flail,1,strike,strike,125,0,0,0,0,0.25,0.2,0.6,0,0.6,10,18,0,0,0,0,0,0,0,0,0,0,6,6,6,6,125,Spinning Chain,0,0,0
13011800,Flail,Bloodflame,24,Flail,Flail,1,strike,strike,0,0,125,0,0,0.25,0.2,0,0.6,0.6,10,18,0,0,0,0,0,0,0,0,0,0,6,6,6,6,125,Spinning Chain,0,0,0
13011900,Flail,Rotten,24,Flail,Flail,1,strike,strike,125,0,0,0,0,0.25,0.2,0,0.6,0.6,10,18,0,0,0,0,0,0,0,0,0,0,6,6,6,6,125,Spinning Chain,0,0,0
13012000,Flail,Storm,24,Flail,Flail,1,strike,strike,125,0,0,0,0,0.25,0.2,0.7,0.7,0,10,18,0,0,0,0,0,0,0,0,0,0,6,6,6,6,125,Spinning Chain,0,0,0
13012100,Flail,Mystic,24,Flail,Flail,1,strike,strike,0,125,0,0,0,0.25,0.2,0,0.6,0.6,10,18,0,0,0,0,0,0,0,0,0,0,6,6,6,6,125,Spinning Chain,0,0,0
13020000,Family Heads,Standard,24,Flail,Flail,1.04,strike,strike,0,0,0,0,115,0.35,0.4,0.7,0.7,0,8,10,15,15,0,2200,0,0,0,0,0,0,6,6,6,6,1184,Familial Rancor,1,0,0
13030000,Bastard's Stars,Standard,24,Flail,Flail,1.04,strike,strike,118,0,0,0,0,0.5,0.5,1,0,0,14,11,18,0,0,2200,0,0,0,0,0,0,6,6,6,6,1047,Nebula,1,0,0
13040000,Chainlink Flail,Standard,24,Flail,Flail,1.2,strike,strike,125,0,0,0,0,0.6,0.4,0,0,0,18,12,0,0,0,0,0,0,0,0,0,0,6,6,6,6,125,Spinning Chain,0,0,0
13040100,Chainlink Flail,Heavy,24,Flail,Flail,1.2,strike,strike,125,0,0,0,0,1,0.3,0,0,0,18,12,0,0,0,0,0,0,0,0,0,0,6,6,6,6,125,Spinning Chain,0,0,0
13040200,Chainlink Flail,Keen,24,Flail,Flail,1.2,strike,strike,125,0,0,0,0,0.5,0.65,0,0,0,18,12,0,0,0,0,0,0,0,0,0,0,6,6,6,6,125,Spinning Chain,0,0,0
13040300,Chainlink Flail,Quality,24,Flail,Flail,1.2,strike,strike,125,0,0,0,0,0.7,0.55,0,0,0,18,12,0,0,0,0,0,0,0,0,0,0,6,6,6,6,125,Spinning Chain,0,0,0
13040400,Chainlink Flail,Glint,24,Flail,Flail,1.2,strike,strike,0,125,0,0,0,0.3,0.35,0.9,0,0,18,12,0,0,0,0,0,0,0,0,0,0,6,6,6,6,125,Spinning Chain,0,0,0
13040500,Chainlink Flail,Dragonkin,24,Flail,Flail,1.2,strike,strike,0,0,0,125,0,0.3,0.35,0.8,0,0,18,12,0,0,0,0,0,0,0,0,0,0,6,6,6,6,125,Spinning Chain,0,0,0
13040600,Chainlink Flail,Gravity,24,Flail,Flail,1.2,strike,strike,125,0,0,0,0,0.3,0.35,0.9,0,0,18,12,0,0,0,0,0,0,0,0,0,0,6,6,6,6,125,Spinning Chain,0,0,0
13040700,Chainlink Flail,Flame,24,Flail,Flail,1.2,strike,strike,0,0,125,0,0,0.3,0.35,0,0.8,0,18,12,0,0,0,0,0,0,0,0,0,0,6,6,6,6,125,Spinning Chain,0,0,0
13040800,Chainlink Flail,Golden,24,Flail,Flail,1.2,strike,strike,0,0,0,0,109,0.3,0.35,0,0.9,0,18,12,0,0,0,0,0,0,0,0,0,0,6,6,6,6,125,Spinning Chain,0,0,0
13040900,Chainlink Flail,Draconic,24,Flail,Flail,1.2,strike,strike,0,0,0,125,0,0.3,0.35,0,0.9,0,18,12,0,0,0,0,0,0,0,0,0,0,6,6,6,6,125,Spinning Chain,0,0,0
13041000,Chainlink Flail,Bestial,24,Flail,Flail,1.2,strike,strike,125,0,0,0,0,0.3,0.35,0,0.9,0,18,12,0,0,0,0,0,0,0,0,0,0,6,6,6,6,125,Spinning Chain,0,0,0
13041100,Chainlink Flail,Night,24,Flail,Flail,1.2,strike,strike,0,125,0,0,0,0.25,0.3,0.7,0.7,0,18,12,0,0,0,0,0,0,0,0,0,0,6,6,6,6,125,Spinning Chain,0,0,0
13041200,Chainlink Flail,Lava,24,Flail,Flail,1.2,strike,strike,0,0,125,0,0,0.25,0.3,0.7,0.7,0,18,12,0,0,0,0,0,0,0,0,0,0,6,6,6,6,125,Spinning Chain,0,0,0
13041300,Chainlink Flail,Frenzy,24,Flail,Flail,1.2,strike,strike,0,0,125,0,0,0.25,0.3,0.6,0.6,0,18,12,0,0,0,0,0,0,0,0,0,0,6,6,6,6,125,Spinning Chain,0,0,0
13041400,Chainlink Flail,Death,24,Flail,Flail,1.2,strike,strike,0,0,0,0,109,0.25,0.3,0.6,0.6,0,18,12,0,0,0,0,0,0,0,0,0,0,6,6,6,6,125,Spinning Chain,0,0,0
13041500,Chainlink Flail,Godslayer,24,Flail,Flail,1.2,strike,strike,0,0,0,0,109,0.25,0.3,0.6,0.6,0,18,12,0,0,0,0,0,0,0,0,0,0,6,6,6,6,125,Spinning Chain,0,0,0
13041600,Chainlink Flail,Frost,24,Flail,Flail,1.2,strike,strike,0,125,0,0,0,0.25,0.3,0.6,0,0.6,18,12,0,0,0,0,0,0,0,0,0,0,6,6,6,6,125,Spinning Chain,0,0,0
13041700,Chainlink Flail,Aberrant,24,Flail,Flail,1.2,strike,strike,125,0,0,0,0,0.25,0.3,0.6,0,0.6,18,12,0,0,0,0,0,0,0,0,0,0,6,6,6,6,125,Spinning Chain,0,0,0
13041800,Chainlink Flail,Bloodflame,24,Flail,Flail,1.2,strike,strike,0,0,125,0,0,0.25,0.3,0,0.6,0.6,18,12,0,0,0,0,0,0,0,0,0,0,6,6,6,6,125,Spinning Chain,0,0,0
13041900,Chainlink Flail,Rotten,24,Flail,Flail,1.2,strike,strike,125,0,0,0,0,0.25,0.3,0,0.6,0.6,18,12,0,0,0,0,0,0,0,0,0,0,6,6,6,6,125,Spinning Chain,0,0,0
13042000,Chainlink Flail,Storm,24,Flail,Flail,1.2,strike,strike,125,0,0,0,0,0.25,0.3,0.7,0.7,0,18,12,0,0,0,0,0,0,0,0,0,0,6,6,6,6,125,Spinning Chain,0,0,0
13042100,Chainlink Flail,Mystic,24,Flail,Flail,1.2,strike,strike,0,125,0,0,0,0.25,0.3,0,0.6,0.6,18,12,0,0,0,0,0,0,0,0,0,0,6,6,6,6,125,Spinning Chain,0,0,0
13050000,Mohgwyn Censer,Standard,24,Flail,Flail,1.04,strike,strike,0,0,116,0,0,0.35,0.35,0,0.75,0.75,9,9,0,15,15,2200,0,0,0,0,0,0,6,6,6,6,110,Wild Strikes,1,0,0
13060000,Seething Flail,Standard,24,Flail,Flail,1,strike,strike,0,0,120,0,0,0.45,0.2,0.75,0.75,0,10,16,18,18,0,2200,0,0,0,0,0,0,6,6,6,6,231,Magma Splash,1,0,0
13500000,Serpent Flail,Standard,24,Flail,Flail,1.03,strike,strike,0,0,121,0,0,0.55,0.55,0,1.05,0,15,15,0,24,0,2200,0,0,0,0,0,0,6,6,6,6,5500,"Flare, O Serpent",1,0,0
14000000,Battle Axe,Standard,17,Axe,AxeNormal,1.07,standard,standard,141,0,0,0,0,0.6,0.3,0,0,0,12,8,0,0,0,0,0,0,0,0,0,0,6,6,6,6,110,Wild Strikes,0,0,0
14000100,Battle Axe,Heavy,17,Axe,AxeNormal,1.07,standard,standard,141,0,0,0,0,1,0.2,0,0,0,12,8,0,0,0,0,0,0,0,0,0,0,6,6,6,6,110,Wild Strikes,0,0,0
14000200,Battle Axe,Keen,17,Axe,AxeNormal,1.07,standard,standard,141,0,0,0,0,0.5,0.7,0,0,0,12,8,0,0,0,0,0,0,0,0,0,0,6,6,6,6,110,Wild Strikes,0,0,0
14000300,Battle Axe,Quality,17,Axe,AxeNormal,1.07,standard,standard,141,0,0,0,0,0.7,0.5,0,0,0,12,8,0,0,0,0,0,0,0,0,0,0,6,6,6,6,110,Wild Strikes,0,0,0
14000400,Battle Axe,Glint,17,Axe,AxeNormal,1.07,standard,standard,0,141,0,0,0,0.4,0.2,0.9,0,0,12,8,0,0,0,0,0,0,0,0,0,0,6,6,6,6,110,Wild Strikes,0,0,0
14000500,Battle Axe,Dragonkin,17,Axe,AxeNormal,1.07,standard,standard,0,0,0,141,0,0.4,0.2,0.8,0,0,12,8,0,0,0,0,0,0,0,0,0,0,6,6,6,6,110,Wild Strikes,0,0,0
14000600,Battle Axe,Gravity,17,Axe,AxeNormal,1.07,standard,standard,141,0,0,0,0,0.4,0.2,0.9,0,0,12,8,0,0,0,0,0,0,0,0,0,0,6,6,6,6,110,Wild Strikes,0,0,0
14000700,Battle Axe,Flame,17,Axe,AxeNormal,1.07,standard,standard,0,0,141,0,0,0.4,0.2,0,0.8,0,12,8,0,0,0,0,0,0,0,0,0,0,6,6,6,6,110,Wild Strikes,0,0,0
14000800,Battle Axe,Golden,17,Axe,AxeNormal,1.07,standard,standard,0,0,0,0,123,0.4,0.2,0,0.9,0,12,8,0,0,0,0,0,0,0,0,0,0,6,6,6,6,110,Wild Strikes,0,0,0
14000900,Battle Axe,Draconic,17,Axe,AxeNormal,1.07,standard,standard,0,0,0,141,0,0.4,0.2,0,0.9,0,12,8,0,0,0,0,0,0,0,0,0,0,6,6,6,6,110,Wild Strikes,0,0,0
14001000,Battle Axe,Bestial,17,Axe,AxeNormal,1.07,standard,standard,141,0,0,0,0,0.4,0.2,0,0.9,0,12,8,0,0,0,0,0,0,0,0,0,0,6,6,6,6,110,Wild Strikes,0,0,0
14001100,Battle Axe,Night,17,Axe,AxeNormal,1.07,standard,standard,0,141,0,0,0,0.35,0.15,0.7,0.7,0,12,8,0,0,0,0,0,0,0,0,0,0,6,6,6,6,110,Wild Strikes,0,0,0
14001200,Battle Axe,Lava,17,Axe,AxeNormal,1.07,standard,standard,0,0,141,0,0,0.35,0.15,0.7,0.7,0,12,8,0,0,0,0,0,0,0,0,0,0,6,6,6,6,110,Wild Strikes,0,0,0
14001300,Battle Axe,Frenzy,17,Axe,AxeNormal,1.07,standard,standard,0,0,141,0,0,0.35,0.15,0.6,0.6,0,12,8,0,0,0,0,0,0,0,0,0,0,6,6,6,6,110,Wild Strikes,0,0,0
14001400,Battle Axe,Death,17,Axe,AxeNormal,1.07,standard,standard,0,0,0,0,123,0.35,0.15,0.6,0.6,0,12,8,0,0,0,0,0,0,0,0,0,0,6,6,6,6,110,Wild Strikes,0,0,0
14001500,Battle Axe,Godslayer,17,Axe,AxeNormal,1.07,standard,standard,0,0,0,0,123,0.35,0.15,0.6,0.6,0,12,8,0,0,0,0,0,0,0,0,0,0,6,6,6,6,110,Wild Strikes,0,0,0
14001600,Battle Axe,Frost,17,Axe,AxeNormal,1.07,standard,standard,0,141,0,0,0,0.35,0.15,0.6,0,0.6,12,8,0,0,0,0,0,0,0,0,0,0,6,6,6,6,110,Wild Strikes,0,0,0
14001700,Battle Axe,Aberrant,17,Axe,AxeNormal,1.07,standard,standard,141,0,0,0,0,0.35,0.15,0.6,0,0.6,12,8,0,0,0,0,0,0,0,0,0,0,6,6,6,6,110,Wild Strikes,0,0,0
14001800,Battle Axe,Bloodflame,17,Axe,AxeNormal,1.07,standard,standard,0,0,141,0,0,0.35,0.15,0,0.6,0.6,12,8,0,0,0,0,0,0,0,0,0,0,6,6,6,6,110,Wild Strikes,0,0,0
14001900,Battle Axe,Rotten,17,Axe,AxeNormal,1.07,standard,standard,141,0,0,0,0,0.35,0.15,0,0.6,0.6,12,8,0,0,0,0,0,0,0,0,0,0,6,6,6,6,110,Wild Strikes,0,0,0
14002000,Battle Axe,Storm,17,Axe,AxeNormal,1.07,standard,standard,141,0,0,0,0,0.35,0.15,0.7,0.7,0,12,8,0,0,0,0,0,0,0,0,0,0,6,6,6,6,110,Wild Strikes,0,0,0
14002100,Battle Axe,Mystic,17,Axe,AxeNormal,1.07,standard,standard,0,141,0,0,0,0.35,0.15,0,0.6,0.6,12,8,0,0,0,0,0,0,0,0,0,0,6,6,6,6,110,Wild Strikes,0,0,0
14010000,Forked Hatchet,Standard,17,Axe,AxeNormal,0.9,standard,standard,116,0,0,0,0,0.5,0.4,0,0,0,9,14,0,0,0,0,0,0,0,0,0,0,6,6,6,6,800,Quickstep,0,0,0
14010100,Forked Hatchet,Heavy,17,Axe,AxeNormal,0.9,standard,standard,116,0,0,0,0,0.9,0.3,0,0,0,9,14,0,0,0,0,0,0,0,0,0,0,6,6,6,6,800,Quickstep,0,0,0
14010200,Forked Hatchet,Keen,17,Axe,AxeNormal,0.9,standard,standard,116,0,0,0,0,0.4,0.8,0,0,0,9,14,0,0,0,0,0,0,0,0,0,0,6,6,6,6,800,Quickstep,0,0,0
14010300,Forked Hatchet,Quality,17,Axe,AxeNormal,0.9,standard,standard,116,0,0,0,0,0.65,0.65,0,0,0,9,14,0,0,0,0,0,0,0,0,0,0,6,6,6,6,800,Quickstep,0,0,0
14010400,Forked Hatchet,Glint,17,Axe,AxeNormal,0.9,standard,standard,0,116,0,0,0,0.3,0.25,0.9,0,0,9,14,0,0,0,0,0,0,0,0,0,0,6,6,6,6,800,Quickstep,0,0,0
14010500,Forked Hatchet,Dragonkin,17,Axe,AxeNormal,0.9,standard,standard,0,0,0,116,0,0.3,0.25,0.8,0,0,9,14,0,0,0,0,0,0,0,0,0,0,6,6,6,6,800,Quickstep,0,0,0
14010600,Forked Hatchet,Gravity,17,Axe,AxeNormal,0.9,standard,standard,116,0,0,0,0,0.3,0.25,0.9,0,0,9,14,0,0,0,0,0,0,0,0,0,0,6,6,6,6,800,Quickstep,0,0,0
14010700,Forked Hatchet,Flame,17,Axe,AxeNormal,0.9,standard,standard,0,0,116,0,0,0.3,0.25,0,0.8,0,9,14,0,0,0,0,0,0,0,0,0,0,6,6,6,6,800,Quickstep,0,0,0
14010800,Forked Hatchet,Golden,17,Axe,AxeNormal,0.9,standard,standard,0,0,0,0,101,0.3,0.25,0,0.9,0,9,14,0,0,0,0,0,0,0,0,0,0,6,6,6,6,800,Quickstep,0,0,0
14010900,Forked Hatchet,Draconic,17,Axe,AxeNormal,0.9,standard,standard,0,0,0,116,0,0.3,0.25,0,0.9,0,9,14,0,0,0,0,0,0,0,0,0,0,6,6,6,6,800,Quickstep,0,0,0
14011000,Forked Hatchet,Bestial,17,Axe,AxeNormal,0.9,standard,standard,116,0,0,0,0,0.3,0.25,0,0.9,0,9,14,0,0,0,0,0,0,0,0,0,0,6,6,6,6,800,Quickstep,0,0,0
14011100,Forked Hatchet,Night,17,Axe,AxeNormal,0.9,standard,standard,0,116,0,0,0,0.25,0.2,0.7,0.7,0,9,14,0,0,0,0,0,0,0,0,0,0,6,6,6,6,800,Quickstep,0,0,0
14011200,Forked Hatchet,Lava,17,Axe,AxeNormal,0.9,standard,standard,0,0,116,0,0,0.25,0.2,0.7,0.7,0,9,14,0,0,0,0,0,0,0,0,0,0,6,6,6,6,800,Quickstep,0,0,0
14011300,Forked Hatchet,Frenzy,17,Axe,AxeNormal,0.9,standard,standard,0,0,116,0,0,0.25,0.2,0.6,0.6,0,9,14,0,0,0,0,0,0,0,0,0,0,6,6,6,6,800,Quickstep,0,0,0
14011400,Forked Hatchet,Death,17,Axe,AxeNormal,0.9,standard,standard,0,0,0,0,101,0.25,0.2,0.6,0.6,0,9,14,0,0,0,0,0,0,0,0,0,0,6,6,6,6,800,Quickstep,0,0,0
14011500,Forked Hatchet,Godslayer,17,Axe,AxeNormal,0.9,standard,standard,0,0,0,0,101,0.25,0.2,0.6,0.6,0,9,14,0,0,0,0,0,0,0,0,0,0,6,6,6,6,800,Quickstep,0,0,0
14011600,Forked Hatchet,Frost,17,Axe,AxeNormal,0.9,standard,standard,0,116,0,0,0,0.25,0.2,0.6,0,0.6,9,14,0,0,0,0,0,0,0,0,0,0,6,6,6,6,800,Quickstep,0,0,0
14011700,Forked Hatchet,Aberrant,17,Axe,AxeNormal,0.9,standard,standard,116,0,0,0,0,0.25,0.2,0.6,0,0.6,9,14,0,0,0,0,0,0,0,0,0,0,6,6,6,6,800,Quickstep,0,0,0
14011800,Forked Hatchet,Bloodflame,17,Axe,AxeNormal,0.9,standard,standard,0,0,116,0,0,0.25,0.2,0,0.6,0.6,9,14,0,0,0,0,0,0,0,0,0,0,6,6,6,6,800,Quickstep,0,0,0
14011900,Forked Hatchet,Rotten,17,Axe,AxeNormal,0.9,standard,standard,116,0,0,0,0,0.25,0.2,0,0.6,0.6,9,14,0,0,0,0,0,0,0,0,0,0,6,6,6,6,800,Quickstep,0,0,0
14012000,Forked Hatchet,Storm,17,Axe,AxeNormal,0.9,standard,standard,116,0,0,0,0,0.25,0.2,0.7,0.7,0,9,14,0,0,0,0,0,0,0,0,0,0,6,6,6,6,800,Quickstep,0,0,0
14012100,Forked Hatchet,Mystic,17,Axe,AxeNormal,0.9,standard,standard,0,116,0,0,0,0.25,0.2,0,0.6,0.6,9,14,0,0,0,0,0,0,0,0,0,0,6,6,6,6,800,Quickstep,0,0,0
14020000,Hand Axe,Standard,17,Axe,AxeNormal,0.97,standard,standard,130,0,0,0,0,0.5,0.4,0,0,0,9,8,0,0,0,0,0,0,0,0,0,0,6,6,6,6,800,Quickstep,0,0,0
14020100,Hand Axe,Heavy,17,Axe,AxeNormal,0.97,standard,standard,130,0,0,0,0,0.9,0.3,0,0,0,9,8,0,0,0,0,0,0,0,0,0,0,6,6,6,6,800,Quickstep,0,0,0
14020200,Hand Axe,Keen,17,Axe,AxeNormal,0.97,standard,standard,130,0,0,0,0,0.4,0.8,0,0,0,9,8,0,0,0,0,0,0,0,0,0,0,6,6,6,6,800,Quickstep,0,0,0
14020300,Hand Axe,Quality,17,Axe,AxeNormal,0.97,standard,standard,130,0,0,0,0,0.65,0.65,0,0,0,9,8,0,0,0,0,0,0,0,0,0,0,6,6,6,6,800,Quickstep,0,0,0
14020400,Hand Axe,Glint,17,Axe,AxeNormal,0.97,standard,standard,0,130,0,0,0,0.3,0.25,0.9,0,0,9,8,0,0,0,0,0,0,0,0,0,0,6,6,6,6,800,Quickstep,0,0,0
14020500,Hand Axe,Dragonkin,17,Axe,AxeNormal,0.97,standard,standard,0,0,0,130,0,0.3,0.25,0.8,0,0,9,8,0,0,0,0,0,0,0,0,0,0,6,6,6,6,800,Quickstep,0,0,0
14020600,Hand Axe,Gravity,17,Axe,AxeNormal,0.97,standard,standard,130,0,0,0,0,0.3,0.25,0.9,0,0,9,8,0,0,0,0,0,0,0,0,0,0,6,6,6,6,800,Quickstep,0,0,0
14020700,Hand Axe,Flame,17,Axe,AxeNormal,0.97,standard,standard,0,0,130,0,0,0.3,0.25,0,0.8,0,9,8,0,0,0,0,0,0,0,0,0,0,6,6,6,6,800,Quickstep,0,0,0
14020800,Hand Axe,Golden,17,Axe,AxeNormal,0.97,standard,standard,0,0,0,0,113,0.3,0.25,0,0.9,0,9,8,0,0,0,0,0,0,0,0,0,0,6,6,6,6,800,Quickstep,0,0,0
14020900,Hand Axe,Draconic,17,Axe,AxeNormal,0.97,standard,standard,0,0,0,130,0,0.3,0.25,0,0.9,0,9,8,0,0,0,0,0,0,0,0,0,0,6,6,6,6,800,Quickstep,0,0,0
14021000,Hand Axe,Bestial,17,Axe,AxeNormal,0.97,standard,standard,130,0,0,0,0,0.3,0.25,0,0.9,0,9,8,0,0,0,0,0,0,0,0,0,0,6,6,6,6,800,Quickstep,0,0,0
14021100,Hand Axe,Night,17,Axe,AxeNormal,0.97,standard,standard,0,130,0,0,0,0.25,0.2,0.7,0.7,0,9,8,0,0,0,0,0,0,0,0,0,0,6,6,6,6,800,Quickstep,0,0,0
14021200,Hand Axe,Lava,17,Axe,AxeNormal,0.97,standard,standard,0,0,130,0,0,0.25,0.2,0.7,0.7,0,9,8,0,0,0,0,0,0,0,0,0,0,6,6,6,6,800,Quickstep,0,0,0
14021300,Hand Axe,Frenzy,17,Axe,AxeNormal,0.97,standard,standard,0,0,130,0,0,0.25,0.2,0.6,0.6,0,9,8,0,0,0,0,0,0,0,0,0,0,6,6,6,6,800,Quickstep,0,0,0
14021400,Hand Axe,Death,17,Axe,AxeNormal,0.97,standard,standard,0,0,0,0,113,0.25,0.2,0.6,0.6,0,9,8,0,0,0,0,0,0,0,0,0,0,6,6,6,6,800,Quickstep,0,0,0
14021500,Hand Axe,Godslayer,17,Axe,AxeNormal,0.97,standard,standard,0,0,0,0,113,0.25,0.2,0.6,0.6,0,9,8,0,0,0,0,0,0,0,0,0,0,6,6,6,6,800,Quickstep,0,0,0
14021600,Hand Axe,Frost,17,Axe,AxeNormal,0.97,standard,standard,0,130,0,0,0,0.25,0.2,0.6,0,0.6,9,8,0,0,0,0,0,0,0,0,0,0,6,6,6,6,800,Quickstep,0,0,0
14021700,Hand Axe,Aberrant,17,Axe,AxeNormal,0.97,standard,standard,130,0,0,0,0,0.25,0.2,0.6,0,0.6,9,8,0,0,0,0,0,0,0,0,0,0,6,6,6,6,800,Quickstep,0,0,0
14021800,Hand Axe,Bloodflame,17,Axe,AxeNormal,0.97,standard,standard,0,0,130,0,0,0.25,0.2,0,0.6,0.6,9,8,0,0,0,0,0,0,0,0,0,0,6,6,6,6,800,Quickstep,0,0,0
14021900,Hand Axe,Rotten,17,Axe,AxeNormal,0.97,standard,standard,130,0,0,0,0,0.25,0.2,0,0.6,0.6,9,8,0,0,0,0,0,0,0,0,0,0,6,6,6,6,800,Quickstep,0,0,0
14022000,Hand Axe,Storm,17,Axe,AxeNormal,0.97,standard,standard,130,0,0,0,0,0.25,0.2,0.7,0.7,0,9,8,0,0,0,0,0,0,0,0,0,0,6,6,6,6,800,Quickstep,0,0,0
14022100,Hand Axe,Mystic,17,Axe,AxeNormal,0.97,standard,standard,0,130,0,0,0,0.25,0.2,0,0.6,0.6,9,8,0,0,0,0,0,0,0,0,0,0,6,6,6,6,800,Quickstep,0,0,0
14030000,Jawbone Axe,Standard,17,Axe,AxeNormal,1.06,standard,standard,0,124,0,0,0,0.65,0.65,0,0.65,0.65,14,8,0,12,12,2200,0,0,0,0,0,0,6,6,6,6,110,Wild Strikes,1,0,0
14040000,Iron Cleaver,Standard,17,Axe,AxeNormal,1.13,standard,standard,138,0,0,0,0,0.55,0.35,0,0,0,15,7,0,0,0,0,0,0,0,0,0,0,6,6,6,6,110,Wild Strikes,0,0,0
14040100,Iron Cleaver,Heavy,17,Axe,AxeNormal,1.13,standard,standard,138,0,0,0,0,0.95,0.25,0,0,0,15,7,0,0,0,0,0,0,0,0,0,0,6,6,6,6,110,Wild Strikes,0,0,0
14040200,Iron Cleaver,Keen,17,Axe,AxeNormal,1.13,standard,standard,138,0,0,0,0,0.45,0.75,0,0,0,15,7,0,0,0,0,0,0,0,0,0,0,6,6,6,6,110,Wild Strikes,0,0,0
14040300,Iron Cleaver,Quality,17,Axe,AxeNormal,1.13,standard,standard,138,0,0,0,0,0.65,0.55,0,0,0,15,7,0,0,0,0,0,0,0,0,0,0,6,6,6,6,110,Wild Strikes,0,0,0
14040400,Iron Cleaver,Glint,17,Axe,AxeNormal,1.13,standard,standard,0,138,0,0,0,0.35,0.25,0.9,0,0,15,7,0,0,0,0,0,0,0,0,0,0,6,6,6,6,110,Wild Strikes,0,0,0
14040500,Iron Cleaver,Dragonkin,17,Axe,AxeNormal,1.13,standard,standard,0,0,0,138,0,0.35,0.25,0.8,0,0,15,7,0,0,0,0,0,0,0,0,0,0,6,6,6,6,110,Wild Strikes,0,0,0
14040600,Iron Cleaver,Gravity,17,Axe,AxeNormal,1.13,standard,standard,138,0,0,0,0,0.35,0.25,0.9,0,0,15,7,0,0,0,0,0,0,0,0,0,0,6,6,6,6,110,Wild Strikes,0,0,0
14040700,Iron Cleaver,Flame,17,Axe,AxeNormal,1.13,standard,standard,0,0,138,0,0,0.35,0.25,0,0.8,0,15,7,0,0,0,0,0,0,0,0,0,0,6,6,6,6,110,Wild Strikes,0,0,0
14040800,Iron Cleaver,Golden,17,Axe,AxeNormal,1.13,standard,standard,0,0,0,0,120,0.35,0.25,0,0.9,0,15,7,0,0,0,0,0,0,0,0,0,0,6,6,6,6,110,Wild Strikes,0,0,0
14040900,Iron Cleaver,Draconic,17,Axe,AxeNormal,1.13,standard,standard,0,0,0,138,0,0.35,0.25,0,0.9,0,15,7,0,0,0,0,0,0,0,0,0,0,6,6,6,6,110,Wild Strikes,0,0,0
14041000,Iron Cleaver,Bestial,17,Axe,AxeNormal,1.13,standard,standard,138,0,0,0,0,0.35,0.25,0,0.9,0,15,7,0,0,0,0,0,0,0,0,0,0,6,6,6,6,110,Wild Strikes,0,0,0
14041100,Iron Cleaver,Night,17,Axe,AxeNormal,1.13,standard,standard,0,138,0,0,0,0.3,0.2,0.7,0.7,0,15,7,0,0,0,0,0,0,0,0,0,0,6,6,6,6,110,Wild Strikes,0,0,0
14041200,Iron Cleaver,Lava,17,Axe,AxeNormal,1.13,standard,standard,0,0,138,0,0,0.3,0.2,0.7,0.7,0,15,7,0,0,0,0,0,0,0,0,0,0,6,6,6,6,110,Wild Strikes,0,0,0
14041300,Iron Cleaver,Frenzy,17,Axe,AxeNormal,1.13,standard,standard,0,0,138,0,0,0.3,0.2,0.6,0.6,0,15,7,0,0,0,0,0,0,0,0,0,0,6,6,6,6,110,Wild Strikes,0,0,0
14041400,Iron Cleaver,Death,17,Axe,AxeNormal,1.13,standard,standard,0,0,0,0,120,0.3,0.2,0.6,0.6,0,15,7,0,0,0,0,0,0,0,0,0,0,6,6,6,6,110,Wild Strikes,0,0,0
14041500,Iron Cleaver,Godslayer,17,Axe,AxeNormal,1.13,standard,standard,0,0,0,0,120,0.3,0.2,0.6,0.6,0,15,7,0,0,0,0,0,0,0,0,0,0,6,6,6,6,110,Wild Strikes,0,0,0
14041600,Iron Cleaver,Frost,17,Axe,AxeNormal,1.13,standard,standard,0,138,0,0,0,0.3,0.2,0.6,0,0.6,15,7,0,0,0,0,0,0,0,0,0,0,6,6,6,6,110,Wild Strikes,0,0,0
14041700,Iron Cleaver,Aberrant,17,Axe,AxeNormal,1.13,standard,standard,138,0,0,0,0,0.3,0.2,0.6,0,0.6,15,7,0,0,0,0,0,0,0,0,0,0,6,6,6,6,110,Wild Strikes,0,0,0
14041800,Iron Cleaver,Bloodflame,17,Axe,AxeNormal,1.13,standard,standard,0,0,138,0,0,0.3,0.2,0,0.6,0.6,15,7,0,0,0,0,0,0,0,0,0,0,6,6,6,6,110,Wild Strikes,0,0,0
14041900,Iron Cleaver,Rotten,17,Axe,AxeNormal,1.13,standard,standard,138,0,0,0,0,0.3,0.2,0,0.6,0.6,15,7,0,0,0,0,0,0,0,0,0,0,6,6,6,6,110,Wild Strikes,0,0,0
14042000,Iron Cleaver,Storm,17,Axe,AxeNormal,1.13,standard,standard,138,0,0,0,0,0.3,0.2,0.7,0.7,0,15,7,0,0,0,0,0,0,0,0,0,0,6,6,6,6,110,Wild Strikes,0,0,0
14042100,Iron Cleaver,Mystic,17,Axe,AxeNormal,1.13,standard,standard,0,138,0,0,0,0.3,0.2,0,0.6,0.6,15,7,0,0,0,0,0,0,0,0,0,0,6,6,6,6,110,Wild Strikes,0,0,0
14050000,Ripple Blade,Standard,17,Axe,AxeNormal,1.07,standard,standard,120,0,0,0,0,0.25,0.25,0,0,1.25,11,11,0,0,20,2200,0,0,0,0,0,0,6,6,6,6,110,Wild Strikes,1,0,0
14060000,Celebrant's Cleaver,Standard,17,Axe,AxeNormal,1.07,standard,standard,0,0,0,0,119,0.55,0.1,0.75,0.75,0,10,9,12,12,0,2200,0,0,0,0,0,0,6,6,6,6,110,Wild Strikes,1,0,0
14070000,Glintstone Cleaver,Standard,17,Axe,AxeNormal,1.13,standard,standard,0,129,0,0,0,0.75,0,1.05,0,0,12,7,25,0,0,2200,0,0,0,0,0,0,6,6,6,6,818,,1,0,0
14080000,Icerind Hatchet,Standard,17,Axe,AxeNormal,0.98,standard,standard,0,115,0,0,0,0.35,0.45,0.75,0,0.75,10,15,15,0,15,2200,0,0,0,0,0,0,6,6,6,6,160,Hoarfrost Stomp,1,0,0
14090000,Axe of Epiphany,Standard,17,Axe,AxeNormal,1.07,standard,standard,0,0,0,0,132,0.6,0.15,0,1.1,0,11,8,0,20,0,2200,0,0,0,0,0,0,6,6,6,6,603,Golden Vow,1,0,0
14100000,Highland Axe,Standard,17,Axe,AxeNormal,1.07,standard,standard,141,0,0,0,0,0.65,0.25,0,0,0,12,9,0,0,0,0,0,0,0,0,0,0,6,6,6,6,651,War Cry,0,0,0
14100100,Highland Axe,Heavy,17,Axe,AxeNormal,1.07,standard,standard,141,0,0,0,0,1.05,0.15,0,0,0,12,9,0,0,0,0,0,0,0,0,0,0,6,6,6,6,651,War Cry,0,0,0
14100200,Highland Axe,Keen,17,Axe,AxeNormal,1.07,standard,standard,141,0,0,0,0,0.55,0.65,0,0,0,12,9,0,0,0,0,0,0,0,0,0,0,6,6,6,6,651,War Cry,0,0,0
14100300,Highland Axe,Quality,17,Axe,AxeNormal,1.07,standard,standard,141,0,0,0,0,0.75,0.45,0,0,0,12,9,0,0,0,0,0,0,0,0,0,0,6,6,6,6,651,War Cry,0,0,0
14100400,Highland Axe,Glint,17,Axe,AxeNormal,1.07,standard,standard,0,141,0,0,0,0.45,0.15,0.9,0,0,12,9,0,0,0,0,0,0,0,0,0,0,6,6,6,6,651,War Cry,0,0,0
14100500,Highland Axe,Dragonkin,17,Axe,AxeNormal,1.07,standard,standard,0,0,0,141,0,0.45,0.15,0.8,0,0,12,9,0,0,0,0,0,0,0,0,0,0,6,6,6,6,651,War Cry,0,0,0
14100600,Highland Axe,Gravity,17,Axe,AxeNormal,1.07,standard,standard,141,0,0,0,0,0.45,0.15,0.9,0,0,12,9,0,0,0,0,0,0,0,0,0,0,6,6,6,6,651,War Cry,0,0,0
14100700,Highland Axe,Flame,17,Axe,AxeNormal,1.07,standard,standard,0,0,141,0,0,0.45,0.15,0,0.8,0,12,9,0,0,0,0,0,0,0,0,0,0,6,6,6,6,651,War Cry,0,0,0
14100800,Highland Axe,Golden,17,Axe,AxeNormal,1.07,standard,standard,0,0,0,0,123,0.45,0.15,0,0.9,0,12,9,0,0,0,0,0,0,0,0,0,0,6,6,6,6,651,War Cry,0,0,0
14100900,Highland Axe,Draconic,17,Axe,AxeNormal,1.07,standard,standard,0,0,0,141,0,0.45,0.15,0,0.9,0,12,9,0,0,0,0,0,0,0,0,0,0,6,6,6,6,651,War Cry,0,0,0
14101000,Highland Axe,Bestial,17,Axe,AxeNormal,1.07,standard,standard,141,0,0,0,0,0.45,0.15,0,0.9,0,12,9,0,0,0,0,0,0,0,0,0,0,6,6,6,6,651,War Cry,0,0,0
14101100,Highland Axe,Night,17,Axe,AxeNormal,1.07,standard,standard,0,141,0,0,0,0.4,0.1,0.7,0.7,0,12,9,0,0,0,0,0,0,0,0,0,0,6,6,6,6,651,War Cry,0,0,0
14101200,Highland Axe,Lava,17,Axe,AxeNormal,1.07,standard,standard,0,0,141,0,0,0.4,0.1,0.7,0.7,0,12,9,0,0,0,0,0,0,0,0,0,0,6,6,6,6,651,War Cry,0,0,0
14101300,Highland Axe,Frenzy,17,Axe,AxeNormal,1.07,standard,standard,0,0,141,0,0,0.4,0.1,0.6,0.6,0,12,9,0,0,0,0,0,0,0,0,0,0,6,6,6,6,651,War Cry,0,0,0
14101400,Highland Axe,Death,17,Axe,AxeNormal,1.07,standard,standard,0,0,0,0,123,0.4,0.1,0.6,0.6,0,12,9,0,0,0,0,0,0,0,0,0,0,6,6,6,6,651,War Cry,0,0,0
14101500,Highland Axe,Godslayer,17,Axe,AxeNormal,1.07,standard,standard,0,0,0,0,123,0.4,0.1,0.6,0.6,0,12,9,0,0,0,0,0,0,0,0,0,0,6,6,6,6,651,War Cry,0,0,0
14101600,Highland Axe,Frost,17,Axe,AxeNormal,1.07,standard,standard,0,141,0,0,0,0.4,0.1,0.6,0,0.6,12,9,0,0,0,0,0,0,0,0,0,0,6,6,6,6,651,War Cry,0,0,0
14101700,Highland Axe,Aberrant,17,Axe,AxeNormal,1.07,standard,standard,141,0,0,0,0,0.4,0.1,0.6,0,0.6,12,9,0,0,0,0,0,0,0,0,0,0,6,6,6,6,651,War Cry,0,0,0
14101800,Highland Axe,Bloodflame,17,Axe,AxeNormal,1.07,standard,standard,0,0,141,0,0,0.4,0.1,0,0.6,0.6,12,9,0,0,0,0,0,0,0,0,0,0,6,6,6,6,651,War Cry,0,0,0
14101900,Highland Axe,Rotten,17,Axe,AxeNormal,1.07,standard,standard,141,0,0,0,0,0.4,0.1,0,0.6,0.6,12,9,0,0,0,0,0,0,0,0,0,0,6,6,6,6,651,War Cry,0,0,0
14102000,Highland Axe,Storm,17,Axe,AxeNormal,1.07,standard,standard,141,0,0,0,0,0.4,0.1,0.7,0.7,0,12,9,0,0,0,0,0,0,0,0,0,0,6,6,6,6,651,War Cry,0,0,0
14102100,Highland Axe,Mystic,17,Axe,AxeNormal,1.07,standard,standard,0,141,0,0,0,0.4,0.1,0,0.6,0.6,12,9,0,0,0,0,0,0,0,0,0,0,6,6,6,6,651,War Cry,0,0,0
14110000,Sacrificial Axe,Standard,17,Axe,AxeNormal,1.06,standard,standard,0,0,0,0,128,0.6,0.15,0.8,0.8,0,13,10,15,15,0,2200,0,0,0,0,0,0,6,6,6,6,110,Wild Strikes,1,0,0
14120000,Rosus' Axe,Standard,17,Axe,AxeNormal,1.1,standard,standard,0,0,0,0,133,0.6,0.05,0.75,0.75,0,14,10,16,16,0,2200,0,0,0,0,0,0,6,6,6,6,1185,Rosus's Summons,1,0,0
14130000,Axe of Fell Prophecy,Standard,17,Axe,AxeNormal,1.07,standard,standard,0,0,135,0,0,0.6,0.3,0,1.1,0,12,9,0,25,0,2200,0,0,0,0,0,0,6,6,6,6,826,,1,0,0
14140000,Stormhawk Axe,Standard,17,Axe,AxeNormal,1.1,standard,standard,130,0,0,0,0,0.55,0.35,0.8,0.8,0,10,10,15,15,0,2200,0,0,0,0,0,0,6,6,6,6,1186,Thunderstorm,1,0,0
14150000,Bloodhound Hookblade,Standard,17,Axe,AxeNormal,1.1,slash,standard,134,0,0,0,0,0.25,1.2,0,0,0,5,25,0,0,0,2200,0,0,0,0,0,0,6,6,6,6,136,Bloodhound Assault,1,0,0
14160000,Rimeheart,Standard,17,Axe,AxeNormal,0.97,strike,standard,0,132,0,0,0,0.55,0.3,0.85,0,0.85,13,9,15,0,15,2200,0,0,0,0,0,0,6,6,6,6,143,Icy Fling,1,1,0
14170000,Bloodflame Kamas,Standard,17,Axe,AxeNormal,0.97,strike,standard,0,0,111,0,0,0.4,0.7,0,0.78,0.78,10,13,0,15,15,2200,0,0,0,0,0,0,6,6,6,6,1062,Cull the Sacrifice,1,1,0
14500000,Smithscript Axe,Standard,17,Axe,AxeNormal,1.045,standard,standard,154,0,0,0,0,0.65,0.25,0,0,0,13,10,0,0,0,0,0,0,0,0,0,0,6,6,6,6,110,Wild Strikes,0,0,0
14500100,Smithscript Axe,Heavy,17,Axe,AxeNormal,1.045,standard,standard,154,0,0,0,0,1.05,0.15,0,0,0,13,10,0,0,0,0,0,0,0,0,0,0,6,6,6,6,110,Wild Strikes,0,0,0
14500200,Smithscript Axe,Keen,17,Axe,AxeNormal,1.045,standard,standard,154,0,0,0,0,0.55,0.65,0,0,0,13,10,0,0,0,0,0,0,0,0,0,0,6,6,6,6,110,Wild Strikes,0,0,0
14500300,Smithscript Axe,Quality,17,Axe,AxeNormal,1.045,standard,standard,154,0,0,0,0,0.75,0.45,0,0,0,13,10,0,0,0,0,0,0,0,0,0,0,6,6,6,6,110,Wild Strikes,0,0,0
14500400,Smithscript Axe,Glint,17,Axe,AxeNormal,1.045,standard,standard,0,154,0,0,0,0.45,0.15,0.9,0,0,13,10,0,0,0,0,0,0,0,0,0,0,6,6,6,6,110,Wild Strikes,0,0,0
14500500,Smithscript Axe,Dragonkin,17,Axe,AxeNormal,1.045,standard,standard,0,0,0,154,0,0.45,0.15,0.8,0,0,13,10,0,0,0,0,0,0,0,0,0,0,6,6,6,6,110,Wild Strikes,0,0,0
14500600,Smithscript Axe,Gravity,17,Axe,AxeNormal,1.045,standard,standard,154,0,0,0,0,0.45,0.15,0.9,0,0,13,10,0,0,0,0,0,0,0,0,0,0,6,6,6,6,110,Wild Strikes,0,0,0
14500700,Smithscript Axe,Flame,17,Axe,AxeNormal,1.045,standard,standard,0,0,154,0,0,0.45,0.15,0,0.8,0,13,10,0,0,0,0,0,0,0,0,0,0,6,6,6,6,110,Wild Strikes,0,0,0
14500800,Smithscript Axe,Golden,17,Axe,AxeNormal,1.045,standard,standard,0,0,0,0,134,0.45,0.15,0,0.9,0,13,10,0,0,0,0,0,0,0,0,0,0,6,6,6,6,110,Wild Strikes,0,0,0
14500900,Smithscript Axe,Draconic,17,Axe,AxeNormal,1.045,standard,standard,0,0,0,154,0,0.45,0.15,0,0.9,0,13,10,0,0,0,0,0,0,0,0,0,0,6,6,6,6,110,Wild Strikes,0,0,0
14501000,Smithscript Axe,Bestial,17,Axe,AxeNormal,1.045,standard,standard,154,0,0,0,0,0.45,0.15,0,0.9,0,13,10,0,0,0,0,0,0,0,0,0,0,6,6,6,6,110,Wild Strikes,0,0,0
14501100,Smithscript Axe,Night,17,Axe,AxeNormal,1.045,standard,standard,0,154,0,0,0,0.4,0.1,0.7,0.7,0,13,10,0,0,0,0,0,0,0,0,0,0,6,6,6,6,110,Wild Strikes,0,0,0
14501200,Smithscript Axe,Lava,17,Axe,AxeNormal,1.045,standard,standard,0,0,154,0,0,0.4,0.1,0.7,0.7,0,13,10,0,0,0,0,0,0,0,0,0,0,6,6,6,6,110,Wild Strikes,0,0,0
14501300,Smithscript Axe,Frenzy,17,Axe,AxeNormal,1.045,standard,standard,0,0,154,0,0,0.4,0.1,0.6,0.6,0,13,10,0,0,0,0,0,0,0,0,0,0,6,6,6,6,110,Wild Strikes,0,0,0
14501400,Smithscript Axe,Death,17,Axe,AxeNormal,1.045,standard,standard,0,0,0,0,134,0.4,0.1,0.6,0.6,0,13,10,0,0,0,0,0,0,0,0,0,0,6,6,6,6,110,Wild Strikes,0,0,0
14501500,Smithscript Axe,Godslayer,17,Axe,AxeNormal,1.045,standard,standard,0,0,0,0,134,0.4,0.1,0.6,0.6,0,13,10,0,0,0,0,0,0,0,0,0,0,6,6,6,6,110,Wild Strikes,0,0,0
14501600,Smithscript Axe,Frost,17,Axe,AxeNormal,1.045,standard,standard,0,154,0,0,0,0.4,0.1,0.6,0,0.6,13,10,0,0,0,0,0,0,0,0,0,0,6,6,6,6,110,Wild Strikes,0,0,0
14501700,Smithscript Axe,Aberrant,17,Axe,AxeNormal,1.045,standard,standard,154,0,0,0,0,0.4,0.1,0.6,0,0.6,13,10,0,0,0,0,0,0,0,0,0,0,6,6,6,6,110,Wild Strikes,0,0,0
14501800,Smithscript Axe,Bloodflame,17,Axe,AxeNormal,1.045,standard,standard,0,0,154,0,0,0.4,0.1,0,0.6,0.6,13,10,0,0,0,0,0,0,0,0,0,0,6,6,6,6,110,Wild Strikes,0,0,0
14501900,Smithscript Axe,Rotten,17,Axe,AxeNormal,1.045,standard,standard,154,0,0,0,0,0.4,0.1,0,0.6,0.6,13,10,0,0,0,0,0,0,0,0,0,0,6,6,6,6,110,Wild Strikes,0,0,0
14502000,Smithscript Axe,Storm,17,Axe,AxeNormal,1.045,standard,standard,154,0,0,0,0,0.4,0.1,0.7,0.7,0,13,10,0,0,0,0,0,0,0,0,0,0,6,6,6,6,110,Wild Strikes,0,0,0
14502100,Smithscript Axe,Mystic,17,Axe,AxeNormal,1.045,standard,standard,0,154,0,0,0,0.4,0.1,0,0.6,0.6,13,10,0,0,0,0,0,0,0,0,0,0,6,6,6,6,110,Wild Strikes,0,0,0
14510000,Death Knight's Twin Axes,Standard,17,Axe,AxeNormal,1.06,standard,standard,0,0,0,139,0,0.65,0.3,0,1.1,0,14,12,0,16,0,2200,0,0,0,0,0,0,6,6,6,6,5130,Blinkbolt: Twinaxe,1,1,0
14520000,Messmer Soldier's Axe,Standard,17,Axe,AxeNormal,1.06,standard,standard,162,0,0,0,0,0.65,0.25,0,0,0,14,10,0,0,0,0,0,0,0,0,0,0,6,6,6,6,651,War Cry,0,0,0
14520100,Messmer Soldier's Axe,Heavy,17,Axe,AxeNormal,1.06,standard,standard,162,0,0,0,0,1.05,0.15,0,0,0,14,10,0,0,0,0,0,0,0,0,0,0,6,6,6,6,651,War Cry,0,0,0
14520200,Messmer Soldier's Axe,Keen,17,Axe,AxeNormal,1.06,standard,standard,162,0,0,0,0,0.55,0.65,0,0,0,14,10,0,0,0,0,0,0,0,0,0,0,6,6,6,6,651,War Cry,0,0,0
14520300,Messmer Soldier's Axe,Quality,17,Axe,AxeNormal,1.06,standard,standard,162,0,0,0,0,0.75,0.45,0,0,0,14,10,0,0,0,0,0,0,0,0,0,0,6,6,6,6,651,War Cry,0,0,0
14520400,Messmer Soldier's Axe,Glint,17,Axe,AxeNormal,1.06,standard,standard,0,162,0,0,0,0.45,0.15,0.9,0,0,14,10,0,0,0,0,0,0,0,0,0,0,6,6,6,6,651,War Cry,0,0,0
14520500,Messmer Soldier's Axe,Dragonkin,17,Axe,AxeNormal,1.06,standard,standard,0,0,0,162,0,0.45,0.15,0.8,0,0,14,10,0,0,0,0,0,0,0,0,0,0,6,6,6,6,651,War Cry,0,0,0
14520600,Messmer Soldier's Axe,Gravity,17,Axe,AxeNormal,1.06,standard,standard,162,0,0,0,0,0.45,0.15,0.9,0,0,14,10,0,0,0,0,0,0,0,0,0,0,6,6,6,6,651,War Cry,0,0,0
14520700,Messmer Soldier's Axe,Flame,17,Axe,AxeNormal,1.06,standard,standard,0,0,162,0,0,0.45,0.15,0,0.8,0,14,10,0,0,0,0,0,0,0,0,0,0,6,6,6,6,651,War Cry,0,0,0
14520800,Messmer Soldier's Axe,Golden,17,Axe,AxeNormal,1.06,standard,standard,0,0,0,0,141,0.45,0.15,0,0.9,0,14,10,0,0,0,0,0,0,0,0,0,0,6,6,6,6,651,War Cry,0,0,0
14520900,Messmer Soldier's Axe,Draconic,17,Axe,AxeNormal,1.06,standard,standard,0,0,0,162,0,0.45,0.15,0,0.9,0,14,10,0,0,0,0,0,0,0,0,0,0,6,6,6,6,651,War Cry,0,0,0
14521000,Messmer Soldier's Axe,Bestial,17,Axe,AxeNormal,1.06,standard,standard,162,0,0,0,0,0.45,0.15,0,0.9,0,14,10,0,0,0,0,0,0,0,0,0,0,6,6,6,6,651,War Cry,0,0,0
14521100,Messmer Soldier's Axe,Night,17,Axe,AxeNormal,1.06,standard,standard,0,162,0,0,0,0.4,0.1,0.7,0.7,0,14,10,0,0,0,0,0,0,0,0,0,0,6,6,6,6,651,War Cry,0,0,0
14521200,Messmer Soldier's Axe,Lava,17,Axe,AxeNormal,1.06,standard,standard,0,0,162,0,0,0.4,0.1,0.7,0.7,0,14,10,0,0,0,0,0,0,0,0,0,0,6,6,6,6,651,War Cry,0,0,0
14521300,Messmer Soldier's Axe,Frenzy,17,Axe,AxeNormal,1.06,standard,standard,0,0,162,0,0,0.4,0.1,0.6,0.6,0,14,10,0,0,0,0,0,0,0,0,0,0,6,6,6,6,651,War Cry,0,0,0
14521400,Messmer Soldier's Axe,Death,17,Axe,AxeNormal,1.06,standard,standard,0,0,0,0,141,0.4,0.1,0.6,0.6,0,14,10,0,0,0,0,0,0,0,0,0,0,6,6,6,6,651,War Cry,0,0,0
14521500,Messmer Soldier's Axe,Godslayer,17,Axe,AxeNormal,1.06,standard,standard,0,0,0,0,141,0.4,0.1,0.6,0.6,0,14,10,0,0,0,0,0,0,0,0,0,0,6,6,6,6,651,War Cry,0,0,0
14521600,Messmer Soldier's Axe,Frost,17,Axe,AxeNormal,1.06,standard,standard,0,162,0,0,0,0.4,0.1,0.6,0,0.6,14,10,0,0,0,0,0,0,0,0,0,0,6,6,6,6,651,War Cry,0,0,0
14521700,Messmer Soldier's Axe,Aberrant,17,Axe,AxeNormal,1.06,standard,standard,162,0,0,0,0,0.4,0.1,0.6,0,0.6,14,10,0,0,0,0,0,0,0,0,0,0,6,6,6,6,651,War Cry,0,0,0
14521800,Messmer Soldier's Axe,Bloodflame,17,Axe,AxeNormal,1.06,standard,standard,0,0,162,0,0,0.4,0.1,0,0.6,0.6,14,10,0,0,0,0,0,0,0,0,0,0,6,6,6,6,651,War Cry,0,0,0
14521900,Messmer Soldier's Axe,Rotten,17,Axe,AxeNormal,1.06,standard,standard,162,0,0,0,0,0.4,0.1,0,0.6,0.6,14,10,0,0,0,0,0,0,0,0,0,0,6,6,6,6,651,War Cry,0,0,0
14522000,Messmer Soldier's Axe,Storm,17,Axe,AxeNormal,1.06,standard,standard,162,0,0,0,0,0.4,0.1,0.7,0.7,0,14,10,0,0,0,0,0,0,0,0,0,0,6,6,6,6,651,War Cry,0,0,0
14522100,Messmer Soldier's Axe,Mystic,17,Axe,AxeNormal,1.06,standard,standard,0,162,0,0,0,0.4,0.1,0,0.6,0.6,14,10,0,0,0,0,0,0,0,0,0,0,6,6,6,6,651,War Cry,0,0,0
14540000,Forked-Tongue Hatchet,Standard,17,Axe,AxeNormal,1,pierce,standard,125,0,0,0,0,0.8,0.8,0,0,0,10,13,0,0,0,2200,0,0,0,0,0,0,6,6,6,6,800,Quickstep,1,0,0
15000000,Greataxe,Standard,19,Greataxe,AxeLarge,1.005,standard,standard,174,0,0,0,0,0.65,0.25,0,0,0,30,8,0,0,0,0,0,0,0,0,0,0,6,6,6,6,650,Barbaric Roar,0,0,0
15000100,Greataxe,Heavy,19,Greataxe,AxeLarge,1.005,standard,standard,174,0,0,0,0,1.05,0.15,0,0,0,30,8,0,0,0,0,0,0,0,0,0,0,6,6,6,6,650,Barbaric Roar,0,0,0
15000200,Greataxe,Keen,19,Greataxe,AxeLarge,1.005,standard,standard,174,0,0,0,0,0.55,0.65,0,0,0,30,8,0,0,0,0,0,0,0,0,0,0,6,6,6,6,650,Barbaric Roar,0,0,0
15000300,Greataxe,Quality,19,Greataxe,AxeLarge,1.005,standard,standard,174,0,0,0,0,0.75,0.45,0,0,0,30,8,0,0,0,0,0,0,0,0,0,0,6,6,6,6,650,Barbaric Roar,0,0,0
15000400,Greataxe,Glint,19,Greataxe,AxeLarge,1.005,standard,standard,0,174,0,0,0,0.45,0.1,0.9,0,0,30,8,0,0,0,0,0,0,0,0,0,0,6,6,6,6,650,Barbaric Roar,0,0,0
15000500,Greataxe,Dragonkin,19,Greataxe,AxeLarge,1.005,standard,standard,0,0,0,174,0,0.45,0.1,0.8,0,0,30,8,0,0,0,0,0,0,0,0,0,0,6,6,6,6,650,Barbaric Roar,0,0,0
15000600,Greataxe,Gravity,19,Greataxe,AxeLarge,1.005,standard,standard,174,0,0,0,0,0.45,0.1,0.9,0,0,30,8,0,0,0,0,0,0,0,0,0,0,6,6,6,6,650,Barbaric Roar,0,0,0
15000700,Greataxe,Flame,19,Greataxe,AxeLarge,1.005,standard,standard,0,0,174,0,0,0.45,0.1,0,0.8,0,30,8,0,0,0,0,0,0,0,0,0,0,6,6,6,6,650,Barbaric Roar,0,0,0
15000800,Greataxe,Golden,19,Greataxe,AxeLarge,1.005,standard,standard,0,0,0,0,151,0.45,0.1,0,0.9,0,30,8,0,0,0,0,0,0,0,0,0,0,6,6,6,6,650,Barbaric Roar,0,0,0
15000900,Greataxe,Draconic,19,Greataxe,AxeLarge,1.005,standard,standard,0,0,0,174,0,0.45,0.1,0,0.9,0,30,8,0,0,0,0,0,0,0,0,0,0,6,6,6,6,650,Barbaric Roar,0,0,0
15001000,Greataxe,Bestial,19,Greataxe,AxeLarge,1.005,standard,standard,174,0,0,0,0,0.45,0.1,0,0.9,0,30,8,0,0,0,0,0,0,0,0,0,0,6,6,6,6,650,Barbaric Roar,0,0,0
15001100,Greataxe,Night,19,Greataxe,AxeLarge,1.005,standard,standard,0,174,0,0,0,0.4,0.05,0.7,0.7,0,30,8,0,0,0,0,0,0,0,0,0,0,6,6,6,6,650,Barbaric Roar,0,0,0
15001200,Greataxe,Lava,19,Greataxe,AxeLarge,1.005,standard,standard,0,0,174,0,0,0.4,0.05,0.7,0.7,0,30,8,0,0,0,0,0,0,0,0,0,0,6,6,6,6,650,Barbaric Roar,0,0,0
15001300,Greataxe,Frenzy,19,Greataxe,AxeLarge,1.005,standard,standard,0,0,174,0,0,0.4,0.05,0.6,0.6,0,30,8,0,0,0,0,0,0,0,0,0,0,6,6,6,6,650,Barbaric Roar,0,0,0
15001400,Greataxe,Death,19,Greataxe,AxeLarge,1.005,standard,standard,0,0,0,0,151,0.4,0.05,0.6,0.6,0,30,8,0,0,0,0,0,0,0,0,0,0,6,6,6,6,650,Barbaric Roar,0,0,0
15001500,Greataxe,Godslayer,19,Greataxe,AxeLarge,1.005,standard,standard,0,0,0,0,151,0.4,0.05,0.6,0.6,0,30,8,0,0,0,0,0,0,0,0,0,0,6,6,6,6,650,Barbaric Roar,0,0,0
15001600,Greataxe,Frost,19,Greataxe,AxeLarge,1.005,standard,standard,0,174,0,0,0,0.4,0.05,0.6,0,0.6,30,8,0,0,0,0,0,0,0,0,0,0,6,6,6,6,650,Barbaric Roar,0,0,0
15001700,Greataxe,Aberrant,19,Greataxe,AxeLarge,1.005,standard,standard,174,0,0,0,0,0.4,0.05,0.6,0,0.6,30,8,0,0,0,0,0,0,0,0,0,0,6,6,6,6,650,Barbaric Roar,0,0,0
15001800,Greataxe,Bloodflame,19,Greataxe,AxeLarge,1.005,standard,standard,0,0,174,0,0,0.4,0.05,0,0.6,0.6,30,8,0,0,0,0,0,0,0,0,0,0,6,6,6,6,650,Barbaric Roar,0,0,0
15001900,Greataxe,Rotten,19,Greataxe,AxeLarge,1.005,standard,standard,174,0,0,0,0,0.4,0.05,0,0.6,0.6,30,8,0,0,0,0,0,0,0,0,0,0,6,6,6,6,650,Barbaric Roar,0,0,0
15002000,Greataxe,Storm,19,Greataxe,AxeLarge,1.005,standard,standard,174,0,0,0,0,0.4,0.05,0.7,0.7,0,30,8,0,0,0,0,0,0,0,0,0,0,6,6,6,6,650,Barbaric Roar,0,0,0
15002100,Greataxe,Mystic,19,Greataxe,AxeLarge,1.005,standard,standard,0,174,0,0,0,0.4,0.05,0,0.6,0.6,30,8,0,0,0,0,0,0,0,0,0,0,6,6,6,6,650,Barbaric Roar,0,0,0
15010000,Warped Axe,Standard,17,Axe,AxeNormal,1.23,standard,standard,136,0,0,0,0,0.7,0.2,0,0,0,24,8,0,0,0,0,0,0,0,0,0,0,6,6,6,6,651,War Cry,0,0,0
15010100,Warped Axe,Heavy,17,Axe,AxeNormal,1.23,standard,standard,136,0,0,0,0,1.1,0.1,0,0,0,24,8,0,0,0,0,0,0,0,0,0,0,6,6,6,6,651,War Cry,0,0,0
15010200,Warped Axe,Keen,17,Axe,AxeNormal,1.23,standard,standard,136,0,0,0,0,0.6,0.6,0,0,0,24,8,0,0,0,0,0,0,0,0,0,0,6,6,6,6,651,War Cry,0,0,0
15010300,Warped Axe,Quality,17,Axe,AxeNormal,1.23,standard,standard,136,0,0,0,0,0.8,0.4,0,0,0,24,8,0,0,0,0,0,0,0,0,0,0,6,6,6,6,651,War Cry,0,0,0
15010400,Warped Axe,Glint,17,Axe,AxeNormal,1.23,standard,standard,0,136,0,0,0,0.5,0.1,0.9,0,0,24,8,0,0,0,0,0,0,0,0,0,0,6,6,6,6,651,War Cry,0,0,0
15010500,Warped Axe,Dragonkin,17,Axe,AxeNormal,1.23,standard,standard,0,0,0,136,0,0.5,0.1,0.8,0,0,24,8,0,0,0,0,0,0,0,0,0,0,6,6,6,6,651,War Cry,0,0,0
15010600,Warped Axe,Gravity,17,Axe,AxeNormal,1.23,standard,standard,136,0,0,0,0,0.5,0.1,0.9,0,0,24,8,0,0,0,0,0,0,0,0,0,0,6,6,6,6,651,War Cry,0,0,0
15010700,Warped Axe,Flame,17,Axe,AxeNormal,1.23,standard,standard,0,0,136,0,0,0.5,0.1,0,0.8,0,24,8,0,0,0,0,0,0,0,0,0,0,6,6,6,6,651,War Cry,0,0,0
15010800,Warped Axe,Golden,17,Axe,AxeNormal,1.23,standard,standard,0,0,0,0,118,0.5,0.1,0,0.9,0,24,8,0,0,0,0,0,0,0,0,0,0,6,6,6,6,651,War Cry,0,0,0
15010900,Warped Axe,Draconic,17,Axe,AxeNormal,1.23,standard,standard,0,0,0,136,0,0.5,0.1,0,0.9,0,24,8,0,0,0,0,0,0,0,0,0,0,6,6,6,6,651,War Cry,0,0,0
15011000,Warped Axe,Bestial,17,Axe,AxeNormal,1.23,standard,standard,136,0,0,0,0,0.5,0.1,0,0.9,0,24,8,0,0,0,0,0,0,0,0,0,0,6,6,6,6,651,War Cry,0,0,0
15011100,Warped Axe,Night,17,Axe,AxeNormal,1.23,standard,standard,0,136,0,0,0,0.45,0.05,0.7,0.7,0,24,8,0,0,0,0,0,0,0,0,0,0,6,6,6,6,651,War Cry,0,0,0
15011200,Warped Axe,Lava,17,Axe,AxeNormal,1.23,standard,standard,0,0,136,0,0,0.45,0.05,0.7,0.7,0,24,8,0,0,0,0,0,0,0,0,0,0,6,6,6,6,651,War Cry,0,0,0
15011300,Warped Axe,Frenzy,17,Axe,AxeNormal,1.23,standard,standard,0,0,136,0,0,0.45,0.05,0.6,0.6,0,24,8,0,0,0,0,0,0,0,0,0,0,6,6,6,6,651,War Cry,0,0,0
15011400,Warped Axe,Death,17,Axe,AxeNormal,1.23,standard,standard,0,0,0,0,118,0.45,0.05,0.6,0.6,0,24,8,0,0,0,0,0,0,0,0,0,0,6,6,6,6,651,War Cry,0,0,0
15011500,Warped Axe,Godslayer,17,Axe,AxeNormal,1.23,standard,standard,0,0,0,0,118,0.45,0.05,0.6,0.6,0,24,8,0,0,0,0,0,0,0,0,0,0,6,6,6,6,651,War Cry,0,0,0
15011600,Warped Axe,Frost,17,Axe,AxeNormal,1.23,standard,standard,0,136,0,0,0,0.45,0.05,0.6,0,0.6,24,8,0,0,0,0,0,0,0,0,0,0,6,6,6,6,651,War Cry,0,0,0
15011700,Warped Axe,Aberrant,17,Axe,AxeNormal,1.23,standard,standard,136,0,0,0,0,0.45,0.05,0.6,0,0.6,24,8,0,0,0,0,0,0,0,0,0,0,6,6,6,6,651,War Cry,0,0,0
15011800,Warped Axe,Bloodflame,17,Axe,AxeNormal,1.23,standard,standard,0,0,136,0,0,0.45,0.05,0,0.6,0.6,24,8,0,0,0,0,0,0,0,0,0,0,6,6,6,6,651,War Cry,0,0,0
15011900,Warped Axe,Rotten,17,Axe,AxeNormal,1.23,standard,standard,136,0,0,0,0,0.45,0.05,0,0.6,0.6,24,8,0,0,0,0,0,0,0,0,0,0,6,6,6,6,651,War Cry,0,0,0
15012000,Warped Axe,Storm,17,Axe,AxeNormal,1.23,standard,standard,136,0,0,0,0,0.45,0.05,0.7,0.7,0,24,8,0,0,0,0,0,0,0,0,0,0,6,6,6,6,651,War Cry,0,0,0
15012100,Warped Axe,Mystic,17,Axe,AxeNormal,1.23,standard,standard,0,136,0,0,0,0.45,0.05,0,0.6,0.6,24,8,0,0,0,0,0,0,0,0,0,0,6,6,6,6,651,War Cry,0,0,0
15020000,Great Omenkiller Cleaver,Standard,19,Greataxe,AxeLarge,1,standard,standard,163,0,0,0,0,0.55,0.55,0,0,0,23,12,0,0,0,0,0,0,0,0,0,0,6,6,6,6,110,Wild Strikes,0,0,0
15020100,Great Omenkiller Cleaver,Heavy,19,Greataxe,AxeLarge,1,standard,standard,163,0,0,0,0,1,0.45,0,0,0,23,12,0,0,0,0,0,0,0,0,0,0,6,6,6,6,110,Wild Strikes,0,0,0
15020200,Great Omenkiller Cleaver,Keen,19,Greataxe,AxeLarge,1,standard,standard,163,0,0,0,0,0.45,1,0,0,0,23,12,0,0,0,0,0,0,0,0,0,0,6,6,6,6,110,Wild Strikes,0,0,0
15020300,Great Omenkiller Cleaver,Quality,19,Greataxe,AxeLarge,1,standard,standard,163,0,0,0,0,0.75,0.75,0,0,0,23,12,0,0,0,0,0,0,0,0,0,0,6,6,6,6,110,Wild Strikes,0,0,0
15020400,Great Omenkiller Cleaver,Glint,19,Greataxe,AxeLarge,1,standard,standard,0,163,0,0,0,0.35,0.35,0.85,0,0,23,12,0,0,0,0,0,0,0,0,0,0,6,6,6,6,110,Wild Strikes,0,0,0
15020500,Great Omenkiller Cleaver,Dragonkin,19,Greataxe,AxeLarge,1,standard,standard,0,0,0,163,0,0.35,0.35,0.75,0,0,23,12,0,0,0,0,0,0,0,0,0,0,6,6,6,6,110,Wild Strikes,0,0,0
15020600,Great Omenkiller Cleaver,Gravity,19,Greataxe,AxeLarge,1,standard,standard,163,0,0,0,0,0.35,0.35,0.85,0,0,23,12,0,0,0,0,0,0,0,0,0,0,6,6,6,6,110,Wild Strikes,0,0,0
15020700,Great Omenkiller Cleaver,Flame,19,Greataxe,AxeLarge,1,standard,standard,0,0,163,0,0,0.35,0.35,0,0.75,0,23,12,0,0,0,0,0,0,0,0,0,0,6,6,6,6,110,Wild Strikes,0,0,0
15020800,Great Omenkiller Cleaver,Golden,19,Greataxe,AxeLarge,1,standard,standard,0,0,0,0,142,0.35,0.35,0,0.85,0,23,12,0,0,0,0,0,0,0,0,0,0,6,6,6,6,110,Wild Strikes,0,0,0
15020900,Great Omenkiller Cleaver,Draconic,19,Greataxe,AxeLarge,1,standard,standard,0,0,0,163,0,0.35,0.35,0,0.85,0,23,12,0,0,0,0,0,0,0,0,0,0,6,6,6,6,110,Wild Strikes,0,0,0
15021000,Great Omenkiller Cleaver,Bestial,19,Greataxe,AxeLarge,1,standard,standard,163,0,0,0,0,0.35,0.35,0,0.85,0,23,12,0,0,0,0,0,0,0,0,0,0,6,6,6,6,110,Wild Strikes,0,0,0
15021100,Great Omenkiller Cleaver,Night,19,Greataxe,AxeLarge,1,standard,standard,0,163,0,0,0,0.3,0.3,0.7,0.7,0,23,12,0,0,0,0,0,0,0,0,0,0,6,6,6,6,110,Wild Strikes,0,0,0
15021200,Great Omenkiller Cleaver,Lava,19,Greataxe,AxeLarge,1,standard,standard,0,0,163,0,0,0.3,0.3,0.7,0.7,0,23,12,0,0,0,0,0,0,0,0,0,0,6,6,6,6,110,Wild Strikes,0,0,0
15021300,Great Omenkiller Cleaver,Frenzy,19,Greataxe,AxeLarge,1,standard,standard,0,0,163,0,0,0.3,0.3,0.6,0.6,0,23,12,0,0,0,0,0,0,0,0,0,0,6,6,6,6,110,Wild Strikes,0,0,0
15021400,Great Omenkiller Cleaver,Death,19,Greataxe,AxeLarge,1,standard,standard,0,0,0,0,142,0.3,0.3,0.6,0.6,0,23,12,0,0,0,0,0,0,0,0,0,0,6,6,6,6,110,Wild Strikes,0,0,0
15021500,Great Omenkiller Cleaver,Godslayer,19,Greataxe,AxeLarge,1,standard,standard,0,0,0,0,142,0.3,0.3,0.6,0.6,0,23,12,0,0,0,0,0,0,0,0,0,0,6,6,6,6,110,Wild Strikes,0,0,0
15021600,Great Omenkiller Cleaver,Frost,19,Greataxe,AxeLarge,1,standard,standard,0,163,0,0,0,0.3,0.3,0.6,0,0.6,23,12,0,0,0,0,0,0,0,0,0,0,6,6,6,6,110,Wild Strikes,0,0,0
15021700,Great Omenkiller Cleaver,Aberrant,19,Greataxe,AxeLarge,1,standard,standard,163,0,0,0,0,0.3,0.3,0.6,0,0.6,23,12,0,0,0,0,0,0,0,0,0,0,6,6,6,6,110,Wild Strikes,0,0,0
15021800,Great Omenkiller Cleaver,Bloodflame,19,Greataxe,AxeLarge,1,standard,standard,0,0,163,0,0,0.3,0.3,0,0.6,0.6,23,12,0,0,0,0,0,0,0,0,0,0,6,6,6,6,110,Wild Strikes,0,0,0
15021900,Great Omenkiller Cleaver,Rotten,19,Greataxe,AxeLarge,1,standard,standard,163,0,0,0,0,0.3,0.3,0,0.6,0.6,23,12,0,0,0,0,0,0,0,0,0,0,6,6,6,6,110,Wild Strikes,0,0,0
15022000,Great Omenkiller Cleaver,Storm,19,Greataxe,AxeLarge,1,standard,standard,163,0,0,0,0,0.3,0.3,0.7,0.7,0,23,12,0,0,0,0,0,0,0,0,0,0,6,6,6,6,110,Wild Strikes,0,0,0
15022100,Great Omenkiller Cleaver,Mystic,19,Greataxe,AxeLarge,1,standard,standard,0,163,0,0,0,0.3,0.3,0,0.6,0.6,23,12,0,0,0,0,0,0,0,0,0,0,6,6,6,6,110,Wild Strikes,0,0,0
15030000,Crescent Moon Axe,Standard,19,Greataxe,AxeLarge,1.03,standard,standard,168,0,0,0,0,0.6,0.3,0,0,0,25,15,0,0,0,0,0,0,0,0,0,0,6,6,6,6,651,War Cry,0,0,0
15030100,Crescent Moon Axe,Heavy,19,Greataxe,AxeLarge,1.03,standard,standard,168,0,0,0,0,1,0.2,0,0,0,25,15,0,0,0,0,0,0,0,0,0,0,6,6,6,6,651,War Cry,0,0,0
15030200,Crescent Moon Axe,Keen,19,Greataxe,AxeLarge,1.03,standard,standard,168,0,0,0,0,0.5,0.7,0,0,0,25,15,0,0,0,0,0,0,0,0,0,0,6,6,6,6,651,War Cry,0,0,0
15030300,Crescent Moon Axe,Quality,19,Greataxe,AxeLarge,1.03,standard,standard,168,0,0,0,0,0.7,0.5,0,0,0,25,15,0,0,0,0,0,0,0,0,0,0,6,6,6,6,651,War Cry,0,0,0
15030400,Crescent Moon Axe,Glint,19,Greataxe,AxeLarge,1.03,standard,standard,0,168,0,0,0,0.4,0.15,0.9,0,0,25,15,0,0,0,0,0,0,0,0,0,0,6,6,6,6,651,War Cry,0,0,0
15030500,Crescent Moon Axe,Dragonkin,19,Greataxe,AxeLarge,1.03,standard,standard,0,0,0,168,0,0.4,0.15,0.8,0,0,25,15,0,0,0,0,0,0,0,0,0,0,6,6,6,6,651,War Cry,0,0,0
15030600,Crescent Moon Axe,Gravity,19,Greataxe,AxeLarge,1.03,standard,standard,168,0,0,0,0,0.4,0.15,0.9,0,0,25,15,0,0,0,0,0,0,0,0,0,0,6,6,6,6,651,War Cry,0,0,0
15030700,Crescent Moon Axe,Flame,19,Greataxe,AxeLarge,1.03,standard,standard,0,0,168,0,0,0.4,0.15,0,0.8,0,25,15,0,0,0,0,0,0,0,0,0,0,6,6,6,6,651,War Cry,0,0,0
15030800,Crescent Moon Axe,Golden,19,Greataxe,AxeLarge,1.03,standard,standard,0,0,0,0,146,0.4,0.15,0,0.9,0,25,15,0,0,0,0,0,0,0,0,0,0,6,6,6,6,651,War Cry,0,0,0
15030900,Crescent Moon Axe,Draconic,19,Greataxe,AxeLarge,1.03,standard,standard,0,0,0,168,0,0.4,0.15,0,0.9,0,25,15,0,0,0,0,0,0,0,0,0,0,6,6,6,6,651,War Cry,0,0,0
15031000,Crescent Moon Axe,Bestial,19,Greataxe,AxeLarge,1.03,standard,standard,168,0,0,0,0,0.4,0.15,0,0.9,0,25,15,0,0,0,0,0,0,0,0,0,0,6,6,6,6,651,War Cry,0,0,0
15031100,Crescent Moon Axe,Night,19,Greataxe,AxeLarge,1.03,standard,standard,0,168,0,0,0,0.35,0.1,0.7,0.7,0,25,15,0,0,0,0,0,0,0,0,0,0,6,6,6,6,651,War Cry,0,0,0
15031200,Crescent Moon Axe,Lava,19,Greataxe,AxeLarge,1.03,standard,standard,0,0,168,0,0,0.35,0.1,0.7,0.7,0,25,15,0,0,0,0,0,0,0,0,0,0,6,6,6,6,651,War Cry,0,0,0
15031300,Crescent Moon Axe,Frenzy,19,Greataxe,AxeLarge,1.03,standard,standard,0,0,168,0,0,0.35,0.1,0.6,0.6,0,25,15,0,0,0,0,0,0,0,0,0,0,6,6,6,6,651,War Cry,0,0,0
15031400,Crescent Moon Axe,Death,19,Greataxe,AxeLarge,1.03,standard,standard,0,0,0,0,146,0.35,0.1,0.6,0.6,0,25,15,0,0,0,0,0,0,0,0,0,0,6,6,6,6,651,War Cry,0,0,0
15031500,Crescent Moon Axe,Godslayer,19,Greataxe,AxeLarge,1.03,standard,standard,0,0,0,0,146,0.35,0.1,0.6,0.6,0,25,15,0,0,0,0,0,0,0,0,0,0,6,6,6,6,651,War Cry,0,0,0
15031600,Crescent Moon Axe,Frost,19,Greataxe,AxeLarge,1.03,standard,standard,0,168,0,0,0,0.35,0.1,0.6,0,0.6,25,15,0,0,0,0,0,0,0,0,0,0,6,6,6,6,651,War Cry,0,0,0
15031700,Crescent Moon Axe,Aberrant,19,Greataxe,AxeLarge,1.03,standard,standard,168,0,0,0,0,0.35,0.1,0.6,0,0.6,25,15,0,0,0,0,0,0,0,0,0,0,6,6,6,6,651,War Cry,0,0,0
15031800,Crescent Moon Axe,Bloodflame,19,Greataxe,AxeLarge,1.03,standard,standard,0,0,168,0,0,0.35,0.1,0,0.6,0.6,25,15,0,0,0,0,0,0,0,0,0,0,6,6,6,6,651,War Cry,0,0,0
15031900,Crescent Moon Axe,Rotten,19,Greataxe,AxeLarge,1.03,standard,standard,168,0,0,0,0,0.35,0.1,0,0.6,0.6,25,15,0,0,0,0,0,0,0,0,0,0,6,6,6,6,651,War Cry,0,0,0
15032000,Crescent Moon Axe,Storm,19,Greataxe,AxeLarge,1.03,standard,standard,168,0,0,0,0,0.35,0.1,0.7,0.7,0,25,15,0,0,0,0,0,0,0,0,0,0,6,6,6,6,651,War Cry,0,0,0
15032100,Crescent Moon Axe,Mystic,19,Greataxe,AxeLarge,1.03,standard,standard,0,168,0,0,0,0.35,0.1,0,0.6,0.6,25,15,0,0,0,0,0,0,0,0,0,0,6,6,6,6,651,War Cry,0,0,0
15040000,Axe of Godrick,Standard,19,Greataxe,AxeLarge,1,standard,standard,142,0,0,0,0,0.85,0.3,0.7,0.7,0,25,15,22,22,0,2200,0,0,0,0,0,0,6,6,6,6,1051,Twister Shot,1,0,0
15050000,Longhaft Axe,Standard,19,Greataxe,AxeLarge,1.03,standard,standard,168,0,0,0,0,0.65,0.4,0,0,0,24,8,0,0,0,0,0,0,0,0,0,0,6,6,6,6,651,War Cry,0,0,0
15050100,Longhaft Axe,Heavy,19,Greataxe,AxeLarge,1.03,standard,standard,168,0,0,0,0,1.1,0.3,0,0,0,24,8,0,0,0,0,0,0,0,0,0,0,6,6,6,6,651,War Cry,0,0,0
15050200,Longhaft Axe,Keen,19,Greataxe,AxeLarge,1.03,standard,standard,168,0,0,0,0,0.55,0.8,0,0,0,24,8,0,0,0,0,0,0,0,0,0,0,6,6,6,6,651,War Cry,0,0,0
15050300,Longhaft Axe,Quality,19,Greataxe,AxeLarge,1.03,standard,standard,168,0,0,0,0,0.75,0.6,0,0,0,24,8,0,0,0,0,0,0,0,0,0,0,6,6,6,6,651,War Cry,0,0,0
15050400,Longhaft Axe,Glint,19,Greataxe,AxeLarge,1.03,standard,standard,0,168,0,0,0,0.45,0.25,0.8,0,0,24,8,0,0,0,0,0,0,0,0,0,0,6,6,6,6,651,War Cry,0,0,0
15050500,Longhaft Axe,Dragonkin,19,Greataxe,AxeLarge,1.03,standard,standard,0,0,0,168,0,0.45,0.25,0.7,0,0,24,8,0,0,0,0,0,0,0,0,0,0,6,6,6,6,651,War Cry,0,0,0
15050600,Longhaft Axe,Gravity,19,Greataxe,AxeLarge,1.03,standard,standard,168,0,0,0,0,0.45,0.25,0.8,0,0,24,8,0,0,0,0,0,0,0,0,0,0,6,6,6,6,651,War Cry,0,0,0
15050700,Longhaft Axe,Flame,19,Greataxe,AxeLarge,1.03,standard,standard,0,0,168,0,0,0.45,0.25,0,0.7,0,24,8,0,0,0,0,0,0,0,0,0,0,6,6,6,6,651,War Cry,0,0,0
15050800,Longhaft Axe,Golden,19,Greataxe,AxeLarge,1.03,standard,standard,0,0,0,0,146,0.45,0.25,0,0.8,0,24,8,0,0,0,0,0,0,0,0,0,0,6,6,6,6,651,War Cry,0,0,0
15050900,Longhaft Axe,Draconic,19,Greataxe,AxeLarge,1.03,standard,standard,0,0,0,168,0,0.45,0.25,0,0.8,0,24,8,0,0,0,0,0,0,0,0,0,0,6,6,6,6,651,War Cry,0,0,0
15051000,Longhaft Axe,Bestial,19,Greataxe,AxeLarge,1.03,standard,standard,168,0,0,0,0,0.45,0.25,0,0.8,0,24,8,0,0,0,0,0,0,0,0,0,0,6,6,6,6,651,War Cry,0,0,0
15051100,Longhaft Axe,Night,19,Greataxe,AxeLarge,1.03,standard,standard,0,168,0,0,0,0.4,0.2,0.65,0.65,0,24,8,0,0,0,0,0,0,0,0,0,0,6,6,6,6,651,War Cry,0,0,0
15051200,Longhaft Axe,Lava,19,Greataxe,AxeLarge,1.03,standard,standard,0,0,168,0,0,0.4,0.2,0.65,0.65,0,24,8,0,0,0,0,0,0,0,0,0,0,6,6,6,6,651,War Cry,0,0,0
15051300,Longhaft Axe,Frenzy,19,Greataxe,AxeLarge,1.03,standard,standard,0,0,168,0,0,0.4,0.2,0.55,0.55,0,24,8,0,0,0,0,0,0,0,0,0,0,6,6,6,6,651,War Cry,0,0,0
15051400,Longhaft Axe,Death,19,Greataxe,AxeLarge,1.03,standard,standard,0,0,0,0,146,0.4,0.2,0.55,0.55,0,24,8,0,0,0,0,0,0,0,0,0,0,6,6,6,6,651,War Cry,0,0,0
15051500,Longhaft Axe,Godslayer,19,Greataxe,AxeLarge,1.03,standard,standard,0,0,0,0,146,0.4,0.2,0.55,0.55,0,24,8,0,0,0,0,0,0,0,0,0,0,6,6,6,6,651,War Cry,0,0,0
15051600,Longhaft Axe,Frost,19,Greataxe,AxeLarge,1.03,standard,standard,0,168,0,0,0,0.4,0.2,0.55,0,0.55,24,8,0,0,0,0,0,0,0,0,0,0,6,6,6,6,651,War Cry,0,0,0
15051700,Longhaft Axe,Aberrant,19,Greataxe,AxeLarge,1.03,standard,standard,168,0,0,0,0,0.4,0.2,0.55,0,0.55,24,8,0,0,0,0,0,0,0,0,0,0,6,6,6,6,651,War Cry,0,0,0
15051800,Longhaft Axe,Bloodflame,19,Greataxe,AxeLarge,1.03,standard,standard,0,0,168,0,0,0.4,0.2,0,0.55,0.55,24,8,0,0,0,0,0,0,0,0,0,0,6,6,6,6,651,War Cry,0,0,0
15051900,Longhaft Axe,Rotten,19,Greataxe,AxeLarge,1.03,standard,standard,168,0,0,0,0,0.4,0.2,0,0.55,0.55,24,8,0,0,0,0,0,0,0,0,0,0,6,6,6,6,651,War Cry,0,0,0
15052000,Longhaft Axe,Storm,19,Greataxe,AxeLarge,1.03,standard,standard,168,0,0,0,0,0.4,0.2,0.65,0.65,0,24,8,0,0,0,0,0,0,0,0,0,0,6,6,6,6,651,War Cry,0,0,0
15052100,Longhaft Axe,Mystic,19,Greataxe,AxeLarge,1.03,standard,standard,0,168,0,0,0,0.4,0.2,0,0.55,0.55,24,8,0,0,0,0,0,0,0,0,0,0,6,6,6,6,651,War Cry,0,0,0
15060000,Rusted Anchor,Standard,19,Greataxe,AxeLarge,0.99,pierce,pierce,169,0,0,0,0,0.75,0.25,0,0,0,26,9,0,0,0,0,0,0,0,0,0,0,6,6,6,6,650,Barbaric Roar,0,0,0
15060100,Rusted Anchor,Heavy,19,Greataxe,AxeLarge,0.99,pierce,pierce,169,0,0,0,0,1.15,0.15,0,0,0,26,9,0,0,0,0,0,0,0,0,0,0,6,6,6,6,650,Barbaric Roar,0,0,0
15060200,Rusted Anchor,Keen,19,Greataxe,AxeLarge,0.99,pierce,pierce,169,0,0,0,0,0.65,0.65,0,0,0,26,9,0,0,0,0,0,0,0,0,0,0,6,6,6,6,650,Barbaric Roar,0,0,0
15060300,Rusted Anchor,Quality,19,Greataxe,AxeLarge,0.99,pierce,pierce,169,0,0,0,0,0.85,0.45,0,0,0,26,9,0,0,0,0,0,0,0,0,0,0,6,6,6,6,650,Barbaric Roar,0,0,0
15060400,Rusted Anchor,Glint,19,Greataxe,AxeLarge,0.99,pierce,pierce,0,169,0,0,0,0.55,0.1,0.9,0,0,26,9,0,0,0,0,0,0,0,0,0,0,6,6,6,6,650,Barbaric Roar,0,0,0
15060500,Rusted Anchor,Dragonkin,19,Greataxe,AxeLarge,0.99,pierce,pierce,0,0,0,169,0,0.55,0.1,0.8,0,0,26,9,0,0,0,0,0,0,0,0,0,0,6,6,6,6,650,Barbaric Roar,0,0,0
15060600,Rusted Anchor,Gravity,19,Greataxe,AxeLarge,0.99,pierce,pierce,169,0,0,0,0,0.55,0.1,0.9,0,0,26,9,0,0,0,0,0,0,0,0,0,0,6,6,6,6,650,Barbaric Roar,0,0,0
15060700,Rusted Anchor,Flame,19,Greataxe,AxeLarge,0.99,pierce,pierce,0,0,169,0,0,0.55,0.1,0,0.8,0,26,9,0,0,0,0,0,0,0,0,0,0,6,6,6,6,650,Barbaric Roar,0,0,0
15060800,Rusted Anchor,Golden,19,Greataxe,AxeLarge,0.99,pierce,pierce,0,0,0,0,147,0.55,0.1,0,0.9,0,26,9,0,0,0,0,0,0,0,0,0,0,6,6,6,6,650,Barbaric Roar,0,0,0
15060900,Rusted Anchor,Draconic,19,Greataxe,AxeLarge,0.99,pierce,pierce,0,0,0,169,0,0.55,0.1,0,0.9,0,26,9,0,0,0,0,0,0,0,0,0,0,6,6,6,6,650,Barbaric Roar,0,0,0
15061000,Rusted Anchor,Bestial,19,Greataxe,AxeLarge,0.99,pierce,pierce,169,0,0,0,0,0.55,0.1,0,0.9,0,26,9,0,0,0,0,0,0,0,0,0,0,6,6,6,6,650,Barbaric Roar,0,0,0
15061100,Rusted Anchor,Night,19,Greataxe,AxeLarge,0.99,pierce,pierce,0,169,0,0,0,0.5,0.05,0.7,0.7,0,26,9,0,0,0,0,0,0,0,0,0,0,6,6,6,6,650,Barbaric Roar,0,0,0
15061200,Rusted Anchor,Lava,19,Greataxe,AxeLarge,0.99,pierce,pierce,0,0,169,0,0,0.5,0.05,0.7,0.7,0,26,9,0,0,0,0,0,0,0,0,0,0,6,6,6,6,650,Barbaric Roar,0,0,0
15061300,Rusted Anchor,Frenzy,19,Greataxe,AxeLarge,0.99,pierce,pierce,0,0,169,0,0,0.5,0.05,0.6,0.6,0,26,9,0,0,0,0,0,0,0,0,0,0,6,6,6,6,650,Barbaric Roar,0,0,0
15061400,Rusted Anchor,Death,19,Greataxe,AxeLarge,0.99,pierce,pierce,0,0,0,0,147,0.5,0.05,0.6,0.6,0,26,9,0,0,0,0,0,0,0,0,0,0,6,6,6,6,650,Barbaric Roar,0,0,0
15061500,Rusted Anchor,Godslayer,19,Greataxe,AxeLarge,0.99,pierce,pierce,0,0,0,0,147,0.5,0.05,0.6,0.6,0,26,9,0,0,0,0,0,0,0,0,0,0,6,6,6,6,650,Barbaric Roar,0,0,0
15061600,Rusted Anchor,Frost,19,Greataxe,AxeLarge,0.99,pierce,pierce,0,169,0,0,0,0.5,0.05,0.6,0,0.6,26,9,0,0,0,0,0,0,0,0,0,0,6,6,6,6,650,Barbaric Roar,0,0,0
15061700,Rusted Anchor,Aberrant,19,Greataxe,AxeLarge,0.99,pierce,pierce,169,0,0,0,0,0.5,0.05,0.6,0,0.6,26,9,0,0,0,0,0,0,0,0,0,0,6,6,6,6,650,Barbaric Roar,0,0,0
15061800,Rusted Anchor,Bloodflame,19,Greataxe,AxeLarge,0.99,pierce,pierce,0,0,169,0,0,0.5,0.05,0,0.6,0.6,26,9,0,0,0,0,0,0,0,0,0,0,6,6,6,6,650,Barbaric Roar,0,0,0
15061900,Rusted Anchor,Rotten,19,Greataxe,AxeLarge,0.99,pierce,pierce,169,0,0,0,0,0.5,0.05,0,0.6,0.6,26,9,0,0,0,0,0,0,0,0,0,0,6,6,6,6,650,Barbaric Roar,0,0,0
15062000,Rusted Anchor,Storm,19,Greataxe,AxeLarge,0.99,pierce,pierce,169,0,0,0,0,0.5,0.05,0.7,0.7,0,26,9,0,0,0,0,0,0,0,0,0,0,6,6,6,6,650,Barbaric Roar,0,0,0
15062100,Rusted Anchor,Mystic,19,Greataxe,AxeLarge,0.99,pierce,pierce,0,169,0,0,0,0.5,0.05,0,0.6,0.6,26,9,0,0,0,0,0,0,0,0,0,0,6,6,6,6,650,Barbaric Roar,0,0,0
15080000,Executioner's Greataxe,Standard,19,Greataxe,AxeLarge,1.09,standard,standard,172,0,0,0,0,0.65,0.3,0,0,0,24,8,0,0,0,0,0,0,0,0,0,0,6,6,6,6,651,War Cry,0,0,0
15080100,Executioner's Greataxe,Heavy,19,Greataxe,AxeLarge,1.09,standard,standard,172,0,0,0,0,1.1,0.2,0,0,0,24,8,0,0,0,0,0,0,0,0,0,0,6,6,6,6,651,War Cry,0,0,0
15080200,Executioner's Greataxe,Keen,19,Greataxe,AxeLarge,1.09,standard,standard,172,0,0,0,0,0.55,0.7,0,0,0,24,8,0,0,0,0,0,0,0,0,0,0,6,6,6,6,651,War Cry,0,0,0
15080300,Executioner's Greataxe,Quality,19,Greataxe,AxeLarge,1.09,standard,standard,172,0,0,0,0,0.75,0.5,0,0,0,24,8,0,0,0,0,0,0,0,0,0,0,6,6,6,6,651,War Cry,0,0,0
15080400,Executioner's Greataxe,Glint,19,Greataxe,AxeLarge,1.09,standard,standard,0,172,0,0,0,0.45,0.2,0.85,0,0,24,8,0,0,0,0,0,0,0,0,0,0,6,6,6,6,651,War Cry,0,0,0
15080500,Executioner's Greataxe,Dragonkin,19,Greataxe,AxeLarge,1.09,standard,standard,0,0,0,172,0,0.45,0.2,0.75,0,0,24,8,0,0,0,0,0,0,0,0,0,0,6,6,6,6,651,War Cry,0,0,0
15080600,Executioner's Greataxe,Gravity,19,Greataxe,AxeLarge,1.09,standard,standard,172,0,0,0,0,0.45,0.2,0.85,0,0,24,8,0,0,0,0,0,0,0,0,0,0,6,6,6,6,651,War Cry,0,0,0
15080700,Executioner's Greataxe,Flame,19,Greataxe,AxeLarge,1.09,standard,standard,0,0,172,0,0,0.45,0.2,0,0.75,0,24,8,0,0,0,0,0,0,0,0,0,0,6,6,6,6,651,War Cry,0,0,0
15080800,Executioner's Greataxe,Golden,19,Greataxe,AxeLarge,1.09,standard,standard,0,0,0,0,150,0.45,0.2,0,0.85,0,24,8,0,0,0,0,0,0,0,0,0,0,6,6,6,6,651,War Cry,0,0,0
15080900,Executioner's Greataxe,Draconic,19,Greataxe,AxeLarge,1.09,standard,standard,0,0,0,172,0,0.45,0.2,0,0.85,0,24,8,0,0,0,0,0,0,0,0,0,0,6,6,6,6,651,War Cry,0,0,0
15081000,Executioner's Greataxe,Bestial,19,Greataxe,AxeLarge,1.09,standard,standard,172,0,0,0,0,0.45,0.2,0,0.85,0,24,8,0,0,0,0,0,0,0,0,0,0,6,6,6,6,651,War Cry,0,0,0
15081100,Executioner's Greataxe,Night,19,Greataxe,AxeLarge,1.09,standard,standard,0,172,0,0,0,0.4,0.15,0.7,0.7,0,24,8,0,0,0,0,0,0,0,0,0,0,6,6,6,6,651,War Cry,0,0,0
15081200,Executioner's Greataxe,Lava,19,Greataxe,AxeLarge,1.09,standard,standard,0,0,172,0,0,0.4,0.15,0.7,0.7,0,24,8,0,0,0,0,0,0,0,0,0,0,6,6,6,6,651,War Cry,0,0,0
15081300,Executioner's Greataxe,Frenzy,19,Greataxe,AxeLarge,1.09,standard,standard,0,0,172,0,0,0.4,0.15,0.6,0.6,0,24,8,0,0,0,0,0,0,0,0,0,0,6,6,6,6,651,War Cry,0,0,0
15081400,Executioner's Greataxe,Death,19,Greataxe,AxeLarge,1.09,standard,standard,0,0,0,0,150,0.4,0.15,0.6,0.6,0,24,8,0,0,0,0,0,0,0,0,0,0,6,6,6,6,651,War Cry,0,0,0
15081500,Executioner's Greataxe,Godslayer,19,Greataxe,AxeLarge,1.09,standard,standard,0,0,0,0,150,0.4,0.15,0.6,0.6,0,24,8,0,0,0,0,0,0,0,0,0,0,6,6,6,6,651,War Cry,0,0,0
15081600,Executioner's Greataxe,Frost,19,Greataxe,AxeLarge,1.09,standard,standard,0,172,0,0,0,0.4,0.15,0.6,0,0.6,24,8,0,0,0,0,0,0,0,0,0,0,6,6,6,6,651,War Cry,0,0,0
15081700,Executioner's Greataxe,Aberrant,19,Greataxe,AxeLarge,1.09,standard,standard,172,0,0,0,0,0.4,0.15,0.6,0,0.6,24,8,0,0,0,0,0,0,0,0,0,0,6,6,6,6,651,War Cry,0,0,0
15081800,Executioner's Greataxe,Bloodflame,19,Greataxe,AxeLarge,1.09,standard,standard,0,0,172,0,0,0.4,0.15,0,0.6,0.6,24,8,0,0,0,0,0,0,0,0,0,0,6,6,6,6,651,War Cry,0,0,0
15081900,Executioner's Greataxe,Rotten,19,Greataxe,AxeLarge,1.09,standard,standard,172,0,0,0,0,0.4,0.15,0,0.6,0.6,24,8,0,0,0,0,0,0,0,0,0,0,6,6,6,6,651,War Cry,0,0,0
15082000,Executioner's Greataxe,Storm,19,Greataxe,AxeLarge,1.09,standard,standard,172,0,0,0,0,0.4,0.15,0.7,0.7,0,24,8,0,0,0,0,0,0,0,0,0,0,6,6,6,6,651,War Cry,0,0,0
15082100,Executioner's Greataxe,Mystic,19,Greataxe,AxeLarge,1.09,standard,standard,0,172,0,0,0,0.4,0.15,0,0.6,0.6,24,8,0,0,0,0,0,0,0,0,0,0,6,6,6,6,651,War Cry,0,0,0
15090000,Axe of Rust,Standard,19,Greataxe,AxeLarge,1.005,strike,standard,145,0,0,0,0,1.4,0.1,0,0,0,24,8,0,0,0,2200,0,0,0,0,0,0,6,6,6,6,824,,1,0,0
15110000,Winged Greathorn,Standard,19,Greataxe,AxeLarge,1,standard,standard,0,130,0,0,0,0.65,0.35,0,0.7,0.7,25,18,0,20,20,2200,0,0,0,0,0,0,6,6,6,6,1013,Soul Stifler,1,0,0
15120000,Butchering Knife,Standard,19,Greataxe,AxeLarge,0.86,standard,standard,154,0,0,0,0,0.55,0.56,0,0,0,16,20,0,0,0,0,0,0,0,0,0,0,6,6,6,6,650,Barbaric Roar,0,0,0
15120100,Butchering Knife,Heavy,19,Greataxe,AxeLarge,0.86,standard,standard,154,0,0,0,0,1,0.55,0,0,0,16,20,0,0,0,0,0,0,0,0,0,0,6,6,6,6,650,Barbaric Roar,0,0,0
15120200,Butchering Knife,Keen,19,Greataxe,AxeLarge,0.86,standard,standard,154,0,0,0,0,0.45,1.1,0,0,0,16,20,0,0,0,0,0,0,0,0,0,0,6,6,6,6,650,Barbaric Roar,0,0,0
15120300,Butchering Knife,Quality,19,Greataxe,AxeLarge,0.86,standard,standard,154,0,0,0,0,0.75,0.85,0,0,0,16,20,0,0,0,0,0,0,0,0,0,0,6,6,6,6,650,Barbaric Roar,0,0,0
15120400,Butchering Knife,Glint,19,Greataxe,AxeLarge,0.86,standard,standard,0,154,0,0,0,0.35,0.45,0.85,0,0,16,20,0,0,0,0,0,0,0,0,0,0,6,6,6,6,650,Barbaric Roar,0,0,0
15120500,Butchering Knife,Dragonkin,19,Greataxe,AxeLarge,0.86,standard,standard,0,0,0,154,0,0.35,0.45,0.75,0,0,16,20,0,0,0,0,0,0,0,0,0,0,6,6,6,6,650,Barbaric Roar,0,0,0
15120600,Butchering Knife,Gravity,19,Greataxe,AxeLarge,0.86,standard,standard,154,0,0,0,0,0.35,0.45,0.85,0,0,16,20,0,0,0,0,0,0,0,0,0,0,6,6,6,6,650,Barbaric Roar,0,0,0
15120700,Butchering Knife,Flame,19,Greataxe,AxeLarge,0.86,standard,standard,0,0,154,0,0,0.35,0.45,0,0.75,0,16,20,0,0,0,0,0,0,0,0,0,0,6,6,6,6,650,Barbaric Roar,0,0,0
15120800,Butchering Knife,Golden,19,Greataxe,AxeLarge,0.86,standard,standard,0,0,0,0,134,0.35,0.45,0,0.85,0,16,20,0,0,0,0,0,0,0,0,0,0,6,6,6,6,650,Barbaric Roar,0,0,0
15120900,Butchering Knife,Draconic,19,Greataxe,AxeLarge,0.86,standard,standard,0,0,0,154,0,0.35,0.45,0,0.85,0,16,20,0,0,0,0,0,0,0,0,0,0,6,6,6,6,650,Barbaric Roar,0,0,0
15121000,Butchering Knife,Bestial,19,Greataxe,AxeLarge,0.86,standard,standard,154,0,0,0,0,0.35,0.45,0,0.85,0,16,20,0,0,0,0,0,0,0,0,0,0,6,6,6,6,650,Barbaric Roar,0,0,0
15121100,Butchering Knife,Night,19,Greataxe,AxeLarge,0.86,standard,standard,0,154,0,0,0,0.3,0.4,0.7,0.7,0,16,20,0,0,0,0,0,0,0,0,0,0,6,6,6,6,650,Barbaric Roar,0,0,0
15121200,Butchering Knife,Lava,19,Greataxe,AxeLarge,0.86,standard,standard,0,0,154,0,0,0.3,0.4,0.7,0.7,0,16,20,0,0,0,0,0,0,0,0,0,0,6,6,6,6,650,Barbaric Roar,0,0,0
15121300,Butchering Knife,Frenzy,19,Greataxe,AxeLarge,0.86,standard,standard,0,0,154,0,0,0.3,0.4,0.6,0.6,0,16,20,0,0,0,0,0,0,0,0,0,0,6,6,6,6,650,Barbaric Roar,0,0,0
15121400,Butchering Knife,Death,19,Greataxe,AxeLarge,0.86,standard,standard,0,0,0,0,134,0.3,0.4,0.6,0.6,0,16,20,0,0,0,0,0,0,0,0,0,0,6,6,6,6,650,Barbaric Roar,0,0,0
15121500,Butchering Knife,Godslayer,19,Greataxe,AxeLarge,0.86,standard,standard,0,0,0,0,134,0.3,0.4,0.6,0.6,0,16,20,0,0,0,0,0,0,0,0,0,0,6,6,6,6,650,Barbaric Roar,0,0,0
15121600,Butchering Knife,Frost,19,Greataxe,AxeLarge,0.86,standard,standard,0,154,0,0,0,0.3,0.4,0.6,0,0.6,16,20,0,0,0,0,0,0,0,0,0,0,6,6,6,6,650,Barbaric Roar,0,0,0
15121700,Butchering Knife,Aberrant,19,Greataxe,AxeLarge,0.86,standard,standard,154,0,0,0,0,0.3,0.4,0.6,0,0.6,16,20,0,0,0,0,0,0,0,0,0,0,6,6,6,6,650,Barbaric Roar,0,0,0
15121800,Butchering Knife,Bloodflame,19,Greataxe,AxeLarge,0.86,standard,standard,0,0,154,0,0,0.3,0.4,0,0.6,0.6,16,20,0,0,0,0,0,0,0,0,0,0,6,6,6,6,650,Barbaric Roar,0,0,0
15121900,Butchering Knife,Rotten,19,Greataxe,AxeLarge,0.86,standard,standard,154,0,0,0,0,0.3,0.4,0,0.6,0.6,16,20,0,0,0,0,0,0,0,0,0,0,6,6,6,6,650,Barbaric Roar,0,0,0
15122000,Butchering Knife,Storm,19,Greataxe,AxeLarge,0.86,standard,standard,154,0,0,0,0,0.3,0.4,0.7,0.7,0,16,20,0,0,0,0,0,0,0,0,0,0,6,6,6,6,650,Barbaric Roar,0,0,0
15122100,Butchering Knife,Mystic,19,Greataxe,AxeLarge,0.86,standard,standard,0,154,0,0,0,0.3,0.4,0,0.6,0.6,16,20,0,0,0,0,0,0,0,0,0,0,6,6,6,6,650,Barbaric Roar,0,0,0
15130000,Gargoyle's Great Axe,Standard,19,Greataxe,AxeLarge,0.86,standard,standard,140,0,0,0,0,1.1,0.8,0,0,0,25,8,0,0,0,2200,0,0,0,0,0,0,6,6,6,6,186,Valiant Upheaval,1,0,0
15140000,Gargoyle's Black Axe,Standard,19,Greataxe,AxeLarge,0.86,standard,standard,0,0,0,0,140,0.7,0.15,0.7,0.7,0,18,8,22,22,0,2200,0,0,0,0,0,0,6,6,6,6,187,Kindred's Upheaval,0,0,0
15500000,Death Knight's Longhaft Axe,Standard,19,Greataxe,AxeLarge,1.015,standard,standard,0,0,0,146,0,0.9,0.4,0,1,0,18,10,0,23,0,2200,0,0,0,0,0,0,6,6,6,6,5140,Blinkbolt: Long-hafted Axe,1,0,0
15510000,Bonny Butchering Knife,Standard,19,Greataxe,AxeLarge,0.86,standard,standard,148,0,0,0,0,0.95,0.95,0,0,0,16,20,0,0,0,2200,0,0,0,0,0,0,6,6,6,6,5520,Hone Blade,1,0,0
16000000,Short Spear,Standard,25,Spear,SpearNormal,1,pierce,pierce,129,0,0,0,0,0.2,0.8,0,0,0,10,10,0,0,0,0,0,0,0,0,0,0,6,6,6,6,101,Impaling Thrust,0,0,0
16000100,Short Spear,Heavy,25,Spear,SpearNormal,1,pierce,pierce,129,0,0,0,0,0.55,0.65,0,0,0,10,10,0,0,0,0,0,0,0,0,0,0,6,6,6,6,101,Impaling Thrust,0,0,0
16000200,Short Spear,Keen,25,Spear,SpearNormal,1,pierce,pierce,129,0,0,0,0,0.05,1.25,0,0,0,10,10,0,0,0,0,0,0,0,0,0,0,6,6,6,6,101,Impaling Thrust,0,0,0
16000300,Short Spear,Quality,25,Spear,SpearNormal,1,pierce,pierce,129,0,0,0,0,0.3,1,0,0,0,10,10,0,0,0,0,0,0,0,0,0,0,6,6,6,6,101,Impaling Thrust,0,0,0
16000400,Short Spear,Glint,25,Spear,SpearNormal,1,pierce,pierce,0,129,0,0,0,0.1,0.55,0.85,0,0,10,10,0,0,0,0,0,0,0,0,0,0,6,6,6,6,101,Impaling Thrust,0,0,0
16000500,Short Spear,Dragonkin,25,Spear,SpearNormal,1,pierce,pierce,0,0,0,129,0,0.1,0.55,0.75,0,0,10,10,0,0,0,0,0,0,0,0,0,0,6,6,6,6,101,Impaling Thrust,0,0,0
16000600,Short Spear,Gravity,25,Spear,SpearNormal,1,pierce,pierce,129,0,0,0,0,0.1,0.55,0.85,0,0,10,10,0,0,0,0,0,0,0,0,0,0,6,6,6,6,101,Impaling Thrust,0,0,0
16000700,Short Spear,Flame,25,Spear,SpearNormal,1,pierce,pierce,0,0,129,0,0,0.1,0.55,0,0.75,0,10,10,0,0,0,0,0,0,0,0,0,0,6,6,6,6,101,Impaling Thrust,0,0,0
16000800,Short Spear,Golden,25,Spear,SpearNormal,1,pierce,pierce,0,0,0,0,112,0.1,0.55,0,0.85,0,10,10,0,0,0,0,0,0,0,0,0,0,6,6,6,6,101,Impaling Thrust,0,0,0
16000900,Short Spear,Draconic,25,Spear,SpearNormal,1,pierce,pierce,0,0,0,129,0,0.1,0.55,0,0.85,0,10,10,0,0,0,0,0,0,0,0,0,0,6,6,6,6,101,Impaling Thrust,0,0,0
16001000,Short Spear,Bestial,25,Spear,SpearNormal,1,pierce,pierce,129,0,0,0,0,0.1,0.55,0,0.85,0,10,10,0,0,0,0,0,0,0,0,0,0,6,6,6,6,101,Impaling Thrust,0,0,0
16001100,Short Spear,Night,25,Spear,SpearNormal,1,pierce,pierce,0,129,0,0,0,0.05,0.5,0.7,0.7,0,10,10,0,0,0,0,0,0,0,0,0,0,6,6,6,6,101,Impaling Thrust,0,0,0
16001200,Short Spear,Lava,25,Spear,SpearNormal,1,pierce,pierce,0,0,129,0,0,0.05,0.5,0.7,0.7,0,10,10,0,0,0,0,0,0,0,0,0,0,6,6,6,6,101,Impaling Thrust,0,0,0
16001300,Short Spear,Frenzy,25,Spear,SpearNormal,1,pierce,pierce,0,0,129,0,0,0.05,0.5,0.6,0.6,0,10,10,0,0,0,0,0,0,0,0,0,0,6,6,6,6,101,Impaling Thrust,0,0,0
16001400,Short Spear,Death,25,Spear,SpearNormal,1,pierce,pierce,0,0,0,0,112,0.05,0.5,0.6,0.6,0,10,10,0,0,0,0,0,0,0,0,0,0,6,6,6,6,101,Impaling Thrust,0,0,0
16001500,Short Spear,Godslayer,25,Spear,SpearNormal,1,pierce,pierce,0,0,0,0,112,0.05,0.5,0.6,0.6,0,10,10,0,0,0,0,0,0,0,0,0,0,6,6,6,6,101,Impaling Thrust,0,0,0
16001600,Short Spear,Frost,25,Spear,SpearNormal,1,pierce,pierce,0,129,0,0,0,0.05,0.5,0.6,0,0.6,10,10,0,0,0,0,0,0,0,0,0,0,6,6,6,6,101,Impaling Thrust,0,0,0
16001700,Short Spear,Aberrant,25,Spear,SpearNormal,1,pierce,pierce,129,0,0,0,0,0.05,0.5,0.6,0,0.6,10,10,0,0,0,0,0,0,0,0,0,0,6,6,6,6,101,Impaling Thrust,0,0,0
16001800,Short Spear,Bloodflame,25,Spear,SpearNormal,1,pierce,pierce,0,0,129,0,0,0.05,0.5,0,0.6,0.6,10,10,0,0,0,0,0,0,0,0,0,0,6,6,6,6,101,Impaling Thrust,0,0,0
16001900,Short Spear,Rotten,25,Spear,SpearNormal,1,pierce,pierce,129,0,0,0,0,0.05,0.5,0,0.6,0.6,10,10,0,0,0,0,0,0,0,0,0,0,6,6,6,6,101,Impaling Thrust,0,0,0
16002000,Short Spear,Storm,25,Spear,SpearNormal,1,pierce,pierce,129,0,0,0,0,0.05,0.5,0.7,0.7,0,10,10,0,0,0,0,0,0,0,0,0,0,6,6,6,6,101,Impaling Thrust,0,0,0
16002100,Short Spear,Mystic,25,Spear,SpearNormal,1,pierce,pierce,0,129,0,0,0,0.05,0.5,0,0.6,0.6,10,10,0,0,0,0,0,0,0,0,0,0,6,6,6,6,101,Impaling Thrust,0,0,0
16010000,Spear,Standard,25,Spear,SpearNormal,1.07,pierce,pierce,131,0,0,0,0,0.25,0.75,0,0,0,12,15,0,0,0,0,0,0,0,0,0,0,6,6,6,6,101,Impaling Thrust,0,0,0
16010100,Spear,Heavy,25,Spear,SpearNormal,1.07,pierce,pierce,131,0,0,0,0,0.6,0.6,0,0,0,12,15,0,0,0,0,0,0,0,0,0,0,6,6,6,6,101,Impaling Thrust,0,0,0
16010200,Spear,Keen,25,Spear,SpearNormal,1.07,pierce,pierce,131,0,0,0,0,0.05,1.2,0,0,0,12,15,0,0,0,0,0,0,0,0,0,0,6,6,6,6,101,Impaling Thrust,0,0,0
16010300,Spear,Quality,25,Spear,SpearNormal,1.07,pierce,pierce,131,0,0,0,0,0.35,0.9,0,0,0,12,15,0,0,0,0,0,0,0,0,0,0,6,6,6,6,101,Impaling Thrust,0,0,0
16010400,Spear,Glint,25,Spear,SpearNormal,1.07,pierce,pierce,0,131,0,0,0,0.15,0.45,0.85,0,0,12,15,0,0,0,0,0,0,0,0,0,0,6,6,6,6,101,Impaling Thrust,0,0,0
16010500,Spear,Dragonkin,25,Spear,SpearNormal,1.07,pierce,pierce,0,0,0,131,0,0.15,0.45,0.75,0,0,12,15,0,0,0,0,0,0,0,0,0,0,6,6,6,6,101,Impaling Thrust,0,0,0
16010600,Spear,Gravity,25,Spear,SpearNormal,1.07,pierce,pierce,131,0,0,0,0,0.15,0.45,0.85,0,0,12,15,0,0,0,0,0,0,0,0,0,0,6,6,6,6,101,Impaling Thrust,0,0,0
16010700,Spear,Flame,25,Spear,SpearNormal,1.07,pierce,pierce,0,0,131,0,0,0.15,0.45,0,0.75,0,12,15,0,0,0,0,0,0,0,0,0,0,6,6,6,6,101,Impaling Thrust,0,0,0
16010800,Spear,Golden,25,Spear,SpearNormal,1.07,pierce,pierce,0,0,0,0,114,0.15,0.45,0,0.85,0,12,15,0,0,0,0,0,0,0,0,0,0,6,6,6,6,101,Impaling Thrust,0,0,0
16010900,Spear,Draconic,25,Spear,SpearNormal,1.07,pierce,pierce,0,0,0,131,0,0.15,0.45,0,0.85,0,12,15,0,0,0,0,0,0,0,0,0,0,6,6,6,6,101,Impaling Thrust,0,0,0
16011000,Spear,Bestial,25,Spear,SpearNormal,1.07,pierce,pierce,131,0,0,0,0,0.15,0.45,0,0.85,0,12,15,0,0,0,0,0,0,0,0,0,0,6,6,6,6,101,Impaling Thrust,0,0,0
16011100,Spear,Night,25,Spear,SpearNormal,1.07,pierce,pierce,0,131,0,0,0,0.1,0.4,0.7,0.7,0,12,15,0,0,0,0,0,0,0,0,0,0,6,6,6,6,101,Impaling Thrust,0,0,0
16011200,Spear,Lava,25,Spear,SpearNormal,1.07,pierce,pierce,0,0,131,0,0,0.1,0.4,0.7,0.7,0,12,15,0,0,0,0,0,0,0,0,0,0,6,6,6,6,101,Impaling Thrust,0,0,0
16011300,Spear,Frenzy,25,Spear,SpearNormal,1.07,pierce,pierce,0,0,131,0,0,0.1,0.4,0.6,0.6,0,12,15,0,0,0,0,0,0,0,0,0,0,6,6,6,6,101,Impaling Thrust,0,0,0
16011400,Spear,Death,25,Spear,SpearNormal,1.07,pierce,pierce,0,0,0,0,114,0.1,0.4,0.6,0.6,0,12,15,0,0,0,0,0,0,0,0,0,0,6,6,6,6,101,Impaling Thrust,0,0,0
16011500,Spear,Godslayer,25,Spear,SpearNormal,1.07,pierce,pierce,0,0,0,0,114,0.1,0.4,0.6,0.6,0,12,15,0,0,0,0,0,0,0,0,0,0,6,6,6,6,101,Impaling Thrust,0,0,0
16011600,Spear,Frost,25,Spear,SpearNormal,1.07,pierce,pierce,0,131,0,0,0,0.1,0.4,0.6,0,0.6,12,15,0,0,0,0,0,0,0,0,0,0,6,6,6,6,101,Impaling Thrust,0,0,0
16011700,Spear,Aberrant,25,Spear,SpearNormal,1.07,pierce,pierce,131,0,0,0,0,0.1,0.4,0.6,0,0.6,12,15,0,0,0,0,0,0,0,0,0,0,6,6,6,6,101,Impaling Thrust,0,0,0
16011800,Spear,Bloodflame,25,Spear,SpearNormal,1.07,pierce,pierce,0,0,131,0,0,0.1,0.4,0,0.6,0.6,12,15,0,0,0,0,0,0,0,0,0,0,6,6,6,6,101,Impaling Thrust,0,0,0
16011900,Spear,Rotten,25,Spear,SpearNormal,1.07,pierce,pierce,131,0,0,0,0,0.1,0.4,0,0.6,0.6,12,15,0,0,0,0,0,0,0,0,0,0,6,6,6,6,101,Impaling Thrust,0,0,0
16012000,Spear,Storm,25,Spear,SpearNormal,1.07,pierce,pierce,131,0,0,0,0,0.1,0.4,0.7,0.7,0,12,15,0,0,0,0,0,0,0,0,0,0,6,6,6,6,101,Impaling Thrust,0,0,0
16012100,Spear,Mystic,25,Spear,SpearNormal,1.07,pierce,pierce,0,131,0,0,0,0.1,0.4,0,0.6,0.6,12,15,0,0,0,0,0,0,0,0,0,0,6,6,6,6,101,Impaling Thrust,0,0,0
16020000,Crystal Spear,Standard,25,Spear,SpearNormal,1.14,pierce,pierce,0,128,0,0,0,0.55,0.65,0.95,0,0,10,16,16,0,0,2200,0,0,0,0,0,0,6,6,6,6,101,Impaling Thrust,1,0,0
16030000,Clayman's Harpoon,Standard,25,Spear,SpearNormal,1.14,pierce,pierce,0,0,0,125,0,0.5,0.65,0.9,0,0,12,10,12,0,0,2200,0,0,0,0,0,0,6,6,6,6,101,Impaling Thrust,1,0,0
16040000,Cleanrot Spear,Standard,25,Spear,SpearNormal,1.14,pierce,pierce,0,0,0,0,129,0.4,0.6,0,1,0,15,15,0,18,0,2200,0,0,0,0,0,0,6,6,6,6,1187,Sacred Phalanx,1,0,0
16050000,Partisan,Standard,25,Spear,SpearNormal,1.24,pierce,pierce,141,0,0,0,0,0.4,0.7,0,0,0,15,12,0,0,0,0,0,0,0,0,0,0,6,6,6,6,101,Impaling Thrust,0,0,0
16050100,Partisan,Heavy,25,Spear,SpearNormal,1.24,pierce,pierce,141,0,0,0,0,0.75,0.55,0,0,0,15,12,0,0,0,0,0,0,0,0,0,0,6,6,6,6,101,Impaling Thrust,0,0,0
16050200,Partisan,Keen,25,Spear,SpearNormal,1.24,pierce,pierce,141,0,0,0,0,0.2,1.15,0,0,0,15,12,0,0,0,0,0,0,0,0,0,0,6,6,6,6,101,Impaling Thrust,0,0,0
16050300,Partisan,Quality,25,Spear,SpearNormal,1.24,pierce,pierce,141,0,0,0,0,0.5,0.85,0,0,0,15,12,0,0,0,0,0,0,0,0,0,0,6,6,6,6,101,Impaling Thrust,0,0,0
16050400,Partisan,Glint,25,Spear,SpearNormal,1.24,pierce,pierce,0,141,0,0,0,0.3,0.4,0.85,0,0,15,12,0,0,0,0,0,0,0,0,0,0,6,6,6,6,101,Impaling Thrust,0,0,0
16050500,Partisan,Dragonkin,25,Spear,SpearNormal,1.24,pierce,pierce,0,0,0,141,0,0.3,0.4,0.75,0,0,15,12,0,0,0,0,0,0,0,0,0,0,6,6,6,6,101,Impaling Thrust,0,0,0
16050600,Partisan,Gravity,25,Spear,SpearNormal,1.24,pierce,pierce,141,0,0,0,0,0.3,0.4,0.85,0,0,15,12,0,0,0,0,0,0,0,0,0,0,6,6,6,6,101,Impaling Thrust,0,0,0
16050700,Partisan,Flame,25,Spear,SpearNormal,1.24,pierce,pierce,0,0,141,0,0,0.3,0.4,0,0.75,0,15,12,0,0,0,0,0,0,0,0,0,0,6,6,6,6,101,Impaling Thrust,0,0,0
16050800,Partisan,Golden,25,Spear,SpearNormal,1.24,pierce,pierce,0,0,0,0,123,0.3,0.4,0,0.85,0,15,12,0,0,0,0,0,0,0,0,0,0,6,6,6,6,101,Impaling Thrust,0,0,0
16050900,Partisan,Draconic,25,Spear,SpearNormal,1.24,pierce,pierce,0,0,0,141,0,0.3,0.4,0,0.85,0,15,12,0,0,0,0,0,0,0,0,0,0,6,6,6,6,101,Impaling Thrust,0,0,0
16051000,Partisan,Bestial,25,Spear,SpearNormal,1.24,pierce,pierce,141,0,0,0,0,0.3,0.4,0,0.85,0,15,12,0,0,0,0,0,0,0,0,0,0,6,6,6,6,101,Impaling Thrust,0,0,0
16051100,Partisan,Night,25,Spear,SpearNormal,1.24,pierce,pierce,0,141,0,0,0,0.25,0.35,0.7,0.7,0,15,12,0,0,0,0,0,0,0,0,0,0,6,6,6,6,101,Impaling Thrust,0,0,0
16051200,Partisan,Lava,25,Spear,SpearNormal,1.24,pierce,pierce,0,0,141,0,0,0.25,0.35,0.7,0.7,0,15,12,0,0,0,0,0,0,0,0,0,0,6,6,6,6,101,Impaling Thrust,0,0,0
16051300,Partisan,Frenzy,25,Spear,SpearNormal,1.24,pierce,pierce,0,0,141,0,0,0.25,0.35,0.6,0.6,0,15,12,0,0,0,0,0,0,0,0,0,0,6,6,6,6,101,Impaling Thrust,0,0,0
16051400,Partisan,Death,25,Spear,SpearNormal,1.24,pierce,pierce,0,0,0,0,123,0.25,0.35,0.6,0.6,0,15,12,0,0,0,0,0,0,0,0,0,0,6,6,6,6,101,Impaling Thrust,0,0,0
16051500,Partisan,Godslayer,25,Spear,SpearNormal,1.24,pierce,pierce,0,0,0,0,123,0.25,0.35,0.6,0.6,0,15,12,0,0,0,0,0,0,0,0,0,0,6,6,6,6,101,Impaling Thrust,0,0,0
16051600,Partisan,Frost,25,Spear,SpearNormal,1.24,pierce,pierce,0,141,0,0,0,0.25,0.35,0.6,0,0.6,15,12,0,0,0,0,0,0,0,0,0,0,6,6,6,6,101,Impaling Thrust,0,0,0
16051700,Partisan,Aberrant,25,Spear,SpearNormal,1.24,pierce,pierce,141,0,0,0,0,0.25,0.35,0.6,0,0.6,15,12,0,0,0,0,0,0,0,0,0,0,6,6,6,6,101,Impaling Thrust,0,0,0
16051800,Partisan,Bloodflame,25,Spear,SpearNormal,1.24,pierce,pierce,0,0,141,0,0,0.25,0.35,0,0.6,0.6,15,12,0,0,0,0,0,0,0,0,0,0,6,6,6,6,101,Impaling Thrust,0,0,0
16051900,Partisan,Rotten,25,Spear,SpearNormal,1.24,pierce,pierce,141,0,0,0,0,0.25,0.35,0,0.6,0.6,15,12,0,0,0,0,0,0,0,0,0,0,6,6,6,6,101,Impaling Thrust,0,0,0
16052000,Partisan,Storm,25,Spear,SpearNormal,1.24,pierce,pierce,141,0,0,0,0,0.25,0.35,0.7,0.7,0,15,12,0,0,0,0,0,0,0,0,0,0,6,6,6,6,101,Impaling Thrust,0,0,0
16052100,Partisan,Mystic,25,Spear,SpearNormal,1.24,pierce,pierce,0,141,0,0,0,0.25,0.35,0,0.6,0.6,15,12,0,0,0,0,0,0,0,0,0,0,6,6,6,6,101,Impaling Thrust,0,0,0
16060000,Celebrant's Rib-Rake,Standard,25,Spear,SpearNormal,1.12,pierce,pierce,0,0,0,0,110,0.25,0.5,0.75,0.75,0,8,14,15,15,0,2200,0,0,0,0,0,0,6,6,6,6,102,Piercing Fang,1,0,0
16070000,Pike,Standard,25,Spear,SpearNormal,1.435,pierce,pierce,132,0,0,0,0,0.35,0.75,0,0,0,12,20,0,0,0,0,0,0,0,0,0,0,6,6,6,6,101,Impaling Thrust,0,0,0
16070100,Pike,Heavy,25,Spear,SpearNormal,1.435,pierce,pierce,132,0,0,0,0,0.7,0.6,0,0,0,12,20,0,0,0,0,0,0,0,0,0,0,6,6,6,6,101,Impaling Thrust,0,0,0
16070200,Pike,Keen,25,Spear,SpearNormal,1.435,pierce,pierce,132,0,0,0,0,0.15,1.2,0,0,0,12,20,0,0,0,0,0,0,0,0,0,0,6,6,6,6,101,Impaling Thrust,0,0,0
16070300,Pike,Quality,25,Spear,SpearNormal,1.435,pierce,pierce,132,0,0,0,0,0.45,0.9,0,0,0,12,20,0,0,0,0,0,0,0,0,0,0,6,6,6,6,101,Impaling Thrust,0,0,0
16070400,Pike,Glint,25,Spear,SpearNormal,1.435,pierce,pierce,0,132,0,0,0,0.25,0.45,0.85,0,0,12,20,0,0,0,0,0,0,0,0,0,0,6,6,6,6,101,Impaling Thrust,0,0,0
16070500,Pike,Dragonkin,25,Spear,SpearNormal,1.435,pierce,pierce,0,0,0,132,0,0.25,0.45,0.75,0,0,12,20,0,0,0,0,0,0,0,0,0,0,6,6,6,6,101,Impaling Thrust,0,0,0
16070600,Pike,Gravity,25,Spear,SpearNormal,1.435,pierce,pierce,132,0,0,0,0,0.25,0.45,0.85,0,0,12,20,0,0,0,0,0,0,0,0,0,0,6,6,6,6,101,Impaling Thrust,0,0,0
16070700,Pike,Flame,25,Spear,SpearNormal,1.435,pierce,pierce,0,0,132,0,0,0.25,0.45,0,0.75,0,12,20,0,0,0,0,0,0,0,0,0,0,6,6,6,6,101,Impaling Thrust,0,0,0
16070800,Pike,Golden,25,Spear,SpearNormal,1.435,pierce,pierce,0,0,0,0,115,0.25,0.45,0,0.85,0,12,20,0,0,0,0,0,0,0,0,0,0,6,6,6,6,101,Impaling Thrust,0,0,0
16070900,Pike,Draconic,25,Spear,SpearNormal,1.435,pierce,pierce,0,0,0,132,0,0.25,0.45,0,0.85,0,12,20,0,0,0,0,0,0,0,0,0,0,6,6,6,6,101,Impaling Thrust,0,0,0
16071000,Pike,Bestial,25,Spear,SpearNormal,1.435,pierce,pierce,132,0,0,0,0,0.25,0.45,0,0.85,0,12,20,0,0,0,0,0,0,0,0,0,0,6,6,6,6,101,Impaling Thrust,0,0,0
16071100,Pike,Night,25,Spear,SpearNormal,1.435,pierce,pierce,0,132,0,0,0,0.2,0.4,0.7,0.7,0,12,20,0,0,0,0,0,0,0,0,0,0,6,6,6,6,101,Impaling Thrust,0,0,0
16071200,Pike,Lava,25,Spear,SpearNormal,1.435,pierce,pierce,0,0,132,0,0,0.2,0.4,0.7,0.7,0,12,20,0,0,0,0,0,0,0,0,0,0,6,6,6,6,101,Impaling Thrust,0,0,0
16071300,Pike,Frenzy,25,Spear,SpearNormal,1.435,pierce,pierce,0,0,132,0,0,0.2,0.4,0.6,0.6,0,12,20,0,0,0,0,0,0,0,0,0,0,6,6,6,6,101,Impaling Thrust,0,0,0
16071400,Pike,Death,25,Spear,SpearNormal,1.435,pierce,pierce,0,0,0,0,115,0.2,0.4,0.6,0.6,0,12,20,0,0,0,0,0,0,0,0,0,0,6,6,6,6,101,Impaling Thrust,0,0,0
16071500,Pike,Godslayer,25,Spear,SpearNormal,1.435,pierce,pierce,0,0,0,0,115,0.2,0.4,0.6,0.6,0,12,20,0,0,0,0,0,0,0,0,0,0,6,6,6,6,101,Impaling Thrust,0,0,0
16071600,Pike,Frost,25,Spear,SpearNormal,1.435,pierce,pierce,0,132,0,0,0,0.2,0.4,0.6,0,0.6,12,20,0,0,0,0,0,0,0,0,0,0,6,6,6,6,101,Impaling Thrust,0,0,0
16071700,Pike,Aberrant,25,Spear,SpearNormal,1.435,pierce,pierce,132,0,0,0,0,0.2,0.4,0.6,0,0.6,12,20,0,0,0,0,0,0,0,0,0,0,6,6,6,6,101,Impaling Thrust,0,0,0
16071800,Pike,Bloodflame,25,Spear,SpearNormal,1.435,pierce,pierce,0,0,132,0,0,0.2,0.4,0,0.6,0.6,12,20,0,0,0,0,0,0,0,0,0,0,6,6,6,6,101,Impaling Thrust,0,0,0
16071900,Pike,Rotten,25,Spear,SpearNormal,1.435,pierce,pierce,132,0,0,0,0,0.2,0.4,0,0.6,0.6,12,20,0,0,0,0,0,0,0,0,0,0,6,6,6,6,101,Impaling Thrust,0,0,0
16072000,Pike,Storm,25,Spear,SpearNormal,1.435,pierce,pierce,132,0,0,0,0,0.2,0.4,0.7,0.7,0,12,20,0,0,0,0,0,0,0,0,0,0,6,6,6,6,101,Impaling Thrust,0,0,0
16072100,Pike,Mystic,25,Spear,SpearNormal,1.435,pierce,pierce,0,132,0,0,0,0.2,0.4,0,0.6,0.6,12,20,0,0,0,0,0,0,0,0,0,0,6,6,6,6,101,Impaling Thrust,0,0,0
16080000,Torchpole,Standard,25,Spear,SpearNormal,1.22,pierce,pierce,0,0,121,0,0,0.65,0.95,0,0,0,14,15,0,0,0,2200,0,0,0,0,0,0,6,6,6,6,101,Impaling Thrust,1,0,0
16090000,Bolt of Gransax,Standard,25,Spear,SpearNormal,1.41,pierce,pierce,0,0,0,131,0,0.4,0.6,0,1,0,20,20,0,35,0,2200,0,0,0,0,0,0,6,6,6,6,1049,Lightning Spear of Gransax,1,0,0
16100000,Spear of Tranquility,Standard,25,Spear,SpearNormal,1.07,pierce,pierce,0,129,0,0,0,0.2,0.55,0,0.75,0.75,12,8,0,14,14,2200,0,0,0,0,0,0,6,6,6,6,128,Soporific Assault,1,0,0
16110000,Cross-Naginata,Standard,25,Spear,SpearNormal,1.34,pierce,pierce,140,0,0,0,0,0.4,0.65,0,0,0,16,20,0,0,0,0,0,0,0,0,0,0,6,6,6,6,101,Impaling Thrust,0,0,0
16110100,Cross-Naginata,Heavy,25,Spear,SpearNormal,1.34,pierce,pierce,140,0,0,0,0,0.75,0.5,0,0,0,16,20,0,0,0,0,0,0,0,0,0,0,6,6,6,6,101,Impaling Thrust,0,0,0
16110200,Cross-Naginata,Keen,25,Spear,SpearNormal,1.34,pierce,pierce,140,0,0,0,0,0.2,1.1,0,0,0,16,20,0,0,0,0,0,0,0,0,0,0,6,6,6,6,101,Impaling Thrust,0,0,0
16110300,Cross-Naginata,Quality,25,Spear,SpearNormal,1.34,pierce,pierce,140,0,0,0,0,0.5,0.8,0,0,0,16,20,0,0,0,0,0,0,0,0,0,0,6,6,6,6,101,Impaling Thrust,0,0,0
16110400,Cross-Naginata,Glint,25,Spear,SpearNormal,1.34,pierce,pierce,0,140,0,0,0,0.3,0.35,0.85,0,0,16,20,0,0,0,0,0,0,0,0,0,0,6,6,6,6,101,Impaling Thrust,0,0,0
16110500,Cross-Naginata,Dragonkin,25,Spear,SpearNormal,1.34,pierce,pierce,0,0,0,140,0,0.3,0.35,0.75,0,0,16,20,0,0,0,0,0,0,0,0,0,0,6,6,6,6,101,Impaling Thrust,0,0,0
16110600,Cross-Naginata,Gravity,25,Spear,SpearNormal,1.34,pierce,pierce,140,0,0,0,0,0.3,0.35,0.85,0,0,16,20,0,0,0,0,0,0,0,0,0,0,6,6,6,6,101,Impaling Thrust,0,0,0
16110700,Cross-Naginata,Flame,25,Spear,SpearNormal,1.34,pierce,pierce,0,0,140,0,0,0.3,0.35,0,0.75,0,16,20,0,0,0,0,0,0,0,0,0,0,6,6,6,6,101,Impaling Thrust,0,0,0
16110800,Cross-Naginata,Golden,25,Spear,SpearNormal,1.34,pierce,pierce,0,0,0,0,122,0.3,0.35,0,0.85,0,16,20,0,0,0,0,0,0,0,0,0,0,6,6,6,6,101,Impaling Thrust,0,0,0
16110900,Cross-Naginata,Draconic,25,Spear,SpearNormal,1.34,pierce,pierce,0,0,0,140,0,0.3,0.35,0,0.85,0,16,20,0,0,0,0,0,0,0,0,0,0,6,6,6,6,101,Impaling Thrust,0,0,0
16111000,Cross-Naginata,Bestial,25,Spear,SpearNormal,1.34,pierce,pierce,140,0,0,0,0,0.3,0.35,0,0.85,0,16,20,0,0,0,0,0,0,0,0,0,0,6,6,6,6,101,Impaling Thrust,0,0,0
16111100,Cross-Naginata,Night,25,Spear,SpearNormal,1.34,pierce,pierce,0,140,0,0,0,0.25,0.3,0.7,0.7,0,16,20,0,0,0,0,0,0,0,0,0,0,6,6,6,6,101,Impaling Thrust,0,0,0
16111200,Cross-Naginata,Lava,25,Spear,SpearNormal,1.34,pierce,pierce,0,0,140,0,0,0.25,0.3,0.7,0.7,0,16,20,0,0,0,0,0,0,0,0,0,0,6,6,6,6,101,Impaling Thrust,0,0,0
16111300,Cross-Naginata,Frenzy,25,Spear,SpearNormal,1.34,pierce,pierce,0,0,140,0,0,0.25,0.3,0.6,0.6,0,16,20,0,0,0,0,0,0,0,0,0,0,6,6,6,6,101,Impaling Thrust,0,0,0
16111400,Cross-Naginata,Death,25,Spear,SpearNormal,1.34,pierce,pierce,0,0,0,0,122,0.25,0.3,0.6,0.6,0,16,20,0,0,0,0,0,0,0,0,0,0,6,6,6,6,101,Impaling Thrust,0,0,0
16111500,Cross-Naginata,Godslayer,25,Spear,SpearNormal,1.34,pierce,pierce,0,0,0,0,122,0.25,0.3,0.6,0.6,0,16,20,0,0,0,0,0,0,0,0,0,0,6,6,6,6,101,Impaling Thrust,0,0,0
16111600,Cross-Naginata,Frost,25,Spear,SpearNormal,1.34,pierce,pierce,0,140,0,0,0,0.25,0.3,0.6,0,0.6,16,20,0,0,0,0,0,0,0,0,0,0,6,6,6,6,101,Impaling Thrust,0,0,0
16111700,Cross-Naginata,Aberrant,25,Spear,SpearNormal,1.34,pierce,pierce,140,0,0,0,0,0.25,0.3,0.6,0,0.6,16,20,0,0,0,0,0,0,0,0,0,0,6,6,6,6,101,Impaling Thrust,0,0,0
16111800,Cross-Naginata,Bloodflame,25,Spear,SpearNormal,1.34,pierce,pierce,0,0,140,0,0,0.25,0.3,0,0.6,0.6,16,20,0,0,0,0,0,0,0,0,0,0,6,6,6,6,101,Impaling Thrust,0,0,0
16111900,Cross-Naginata,Rotten,25,Spear,SpearNormal,1.34,pierce,pierce,140,0,0,0,0,0.25,0.3,0,0.6,0.6,16,20,0,0,0,0,0,0,0,0,0,0,6,6,6,6,101,Impaling Thrust,0,0,0
16112000,Cross-Naginata,Storm,25,Spear,SpearNormal,1.34,pierce,pierce,140,0,0,0,0,0.25,0.3,0.7,0.7,0,16,20,0,0,0,0,0,0,0,0,0,0,6,6,6,6,101,Impaling Thrust,0,0,0
16112100,Cross-Naginata,Mystic,25,Spear,SpearNormal,1.34,pierce,pierce,0,140,0,0,0,0.25,0.3,0,0.6,0.6,16,20,0,0,0,0,0,0,0,0,0,0,6,6,6,6,101,Impaling Thrust,0,0,0
16120000,Death Ritual Spear,Standard,25,Spear,SpearNormal,1.24,pierce,pierce,0,0,0,0,130,0.45,0.45,0.8,0.8,0,13,17,18,18,0,2200,0,0,0,0,0,0,6,6,6,6,1024,Spearcall Ritual,1,0,0
16130000,Inquisitor's Girandole,Standard,25,Spear,SpearNormal,1.27,pierce,pierce,0,0,126,0,0,0.4,0.5,0.8,0.8,0,15,15,16,16,0,2200,0,0,0,0,0,0,6,6,6,6,101,Impaling Thrust,1,0,0
16140000,Spiked Spear,Standard,25,Spear,SpearNormal,1.21,pierce,pierce,138,0,0,0,0,0.35,0.75,0,0,0,14,16,0,0,0,0,0,0,0,0,0,0,6,6,6,6,101,Impaling Thrust,0,0,0
16140100,Spiked Spear,Heavy,25,Spear,SpearNormal,1.21,pierce,pierce,138,0,0,0,0,0.7,0.6,0,0,0,14,16,0,0,0,0,0,0,0,0,0,0,6,6,6,6,101,Impaling Thrust,0,0,0
16140200,Spiked Spear,Keen,25,Spear,SpearNormal,1.21,pierce,pierce,138,0,0,0,0,0.15,1.2,0,0,0,14,16,0,0,0,0,0,0,0,0,0,0,6,6,6,6,101,Impaling Thrust,0,0,0
16140300,Spiked Spear,Quality,25,Spear,SpearNormal,1.21,pierce,pierce,138,0,0,0,0,0.45,0.9,0,0,0,14,16,0,0,0,0,0,0,0,0,0,0,6,6,6,6,101,Impaling Thrust,0,0,0
16140400,Spiked Spear,Glint,25,Spear,SpearNormal,1.21,pierce,pierce,0,138,0,0,0,0.25,0.45,0.85,0,0,14,16,0,0,0,0,0,0,0,0,0,0,6,6,6,6,101,Impaling Thrust,0,0,0
16140500,Spiked Spear,Dragonkin,25,Spear,SpearNormal,1.21,pierce,pierce,0,0,0,138,0,0.25,0.45,0.75,0,0,14,16,0,0,0,0,0,0,0,0,0,0,6,6,6,6,101,Impaling Thrust,0,0,0
16140600,Spiked Spear,Gravity,25,Spear,SpearNormal,1.21,pierce,pierce,138,0,0,0,0,0.25,0.45,0.85,0,0,14,16,0,0,0,0,0,0,0,0,0,0,6,6,6,6,101,Impaling Thrust,0,0,0
16140700,Spiked Spear,Flame,25,Spear,SpearNormal,1.21,pierce,pierce,0,0,138,0,0,0.25,0.45,0,0.75,0,14,16,0,0,0,0,0,0,0,0,0,0,6,6,6,6,101,Impaling Thrust,0,0,0
16140800,Spiked Spear,Golden,25,Spear,SpearNormal,1.21,pierce,pierce,0,0,0,0,120,0.25,0.45,0,0.85,0,14,16,0,0,0,0,0,0,0,0,0,0,6,6,6,6,101,Impaling Thrust,0,0,0
16140900,Spiked Spear,Draconic,25,Spear,SpearNormal,1.21,pierce,pierce,0,0,0,138,0,0.25,0.45,0,0.85,0,14,16,0,0,0,0,0,0,0,0,0,0,6,6,6,6,101,Impaling Thrust,0,0,0
16141000,Spiked Spear,Bestial,25,Spear,SpearNormal,1.21,pierce,pierce,138,0,0,0,0,0.25,0.45,0,0.85,0,14,16,0,0,0,0,0,0,0,0,0,0,6,6,6,6,101,Impaling Thrust,0,0,0
16141100,Spiked Spear,Night,25,Spear,SpearNormal,1.21,pierce,pierce,0,138,0,0,0,0.2,0.4,0.7,0.7,0,14,16,0,0,0,0,0,0,0,0,0,0,6,6,6,6,101,Impaling Thrust,0,0,0
16141200,Spiked Spear,Lava,25,Spear,SpearNormal,1.21,pierce,pierce,0,0,138,0,0,0.2,0.4,0.7,0.7,0,14,16,0,0,0,0,0,0,0,0,0,0,6,6,6,6,101,Impaling Thrust,0,0,0
16141300,Spiked Spear,Frenzy,25,Spear,SpearNormal,1.21,pierce,pierce,0,0,138,0,0,0.2,0.4,0.6,0.6,0,14,16,0,0,0,0,0,0,0,0,0,0,6,6,6,6,101,Impaling Thrust,0,0,0
16141400,Spiked Spear,Death,25,Spear,SpearNormal,1.21,pierce,pierce,0,0,0,0,120,0.2,0.4,0.6,0.6,0,14,16,0,0,0,0,0,0,0,0,0,0,6,6,6,6,101,Impaling Thrust,0,0,0
16141500,Spiked Spear,Godslayer,25,Spear,SpearNormal,1.21,pierce,pierce,0,0,0,0,120,0.2,0.4,0.6,0.6,0,14,16,0,0,0,0,0,0,0,0,0,0,6,6,6,6,101,Impaling Thrust,0,0,0
16141600,Spiked Spear,Frost,25,Spear,SpearNormal,1.21,pierce,pierce,0,138,0,0,0,0.2,0.4,0.6,0,0.6,14,16,0,0,0,0,0,0,0,0,0,0,6,6,6,6,101,Impaling Thrust,0,0,0
16141700,Spiked Spear,Aberrant,25,Spear,SpearNormal,1.21,pierce,pierce,138,0,0,0,0,0.2,0.4,0.6,0,0.6,14,16,0,0,0,0,0,0,0,0,0,0,6,6,6,6,101,Impaling Thrust,0,0,0
16141800,Spiked Spear,Bloodflame,25,Spear,SpearNormal,1.21,pierce,pierce,0,0,138,0,0,0.2,0.4,0,0.6,0.6,14,16,0,0,0,0,0,0,0,0,0,0,6,6,6,6,101,Impaling Thrust,0,0,0
16141900,Spiked Spear,Rotten,25,Spear,SpearNormal,1.21,pierce,pierce,138,0,0,0,0,0.2,0.4,0,0.6,0.6,14,16,0,0,0,0,0,0,0,0,0,0,6,6,6,6,101,Impaling Thrust,0,0,0
16142000,Spiked Spear,Storm,25,Spear,SpearNormal,1.21,pierce,pierce,138,0,0,0,0,0.2,0.4,0.7,0.7,0,14,16,0,0,0,0,0,0,0,0,0,0,6,6,6,6,101,Impaling Thrust,0,0,0
16142100,Spiked Spear,Mystic,25,Spear,SpearNormal,1.21,pierce,pierce,0,138,0,0,0,0.2,0.4,0,0.6,0.6,14,16,0,0,0,0,0,0,0,0,0,0,6,6,6,6,101,Impaling Thrust,0,0,0
16150000,Iron Spear,Standard,25,Spear,SpearNormal,1.07,pierce,pierce,131,0,0,0,0,0.35,0.75,0,0,0,13,11,0,0,0,0,0,0,0,0,0,0,6,6,6,6,101,Impaling Thrust,0,0,0
16150100,Iron Spear,Heavy,25,Spear,SpearNormal,1.07,pierce,pierce,131,0,0,0,0,0.7,0.6,0,0,0,13,11,0,0,0,0,0,0,0,0,0,0,6,6,6,6,101,Impaling Thrust,0,0,0
16150200,Iron Spear,Keen,25,Spear,SpearNormal,1.07,pierce,pierce,131,0,0,0,0,0.15,1.2,0,0,0,13,11,0,0,0,0,0,0,0,0,0,0,6,6,6,6,101,Impaling Thrust,0,0,0
16150300,Iron Spear,Quality,25,Spear,SpearNormal,1.07,pierce,pierce,131,0,0,0,0,0.45,0.9,0,0,0,13,11,0,0,0,0,0,0,0,0,0,0,6,6,6,6,101,Impaling Thrust,0,0,0
16150400,Iron Spear,Glint,25,Spear,SpearNormal,1.07,pierce,pierce,0,131,0,0,0,0.25,0.45,0.85,0,0,13,11,0,0,0,0,0,0,0,0,0,0,6,6,6,6,101,Impaling Thrust,0,0,0
16150500,Iron Spear,Dragonkin,25,Spear,SpearNormal,1.07,pierce,pierce,0,0,0,131,0,0.25,0.45,0.75,0,0,13,11,0,0,0,0,0,0,0,0,0,0,6,6,6,6,101,Impaling Thrust,0,0,0
16150600,Iron Spear,Gravity,25,Spear,SpearNormal,1.07,pierce,pierce,131,0,0,0,0,0.25,0.45,0.85,0,0,13,11,0,0,0,0,0,0,0,0,0,0,6,6,6,6,101,Impaling Thrust,0,0,0
16150700,Iron Spear,Flame,25,Spear,SpearNormal,1.07,pierce,pierce,0,0,131,0,0,0.25,0.45,0,0.75,0,13,11,0,0,0,0,0,0,0,0,0,0,6,6,6,6,101,Impaling Thrust,0,0,0
16150800,Iron Spear,Golden,25,Spear,SpearNormal,1.07,pierce,pierce,0,0,0,0,114,0.25,0.45,0,0.85,0,13,11,0,0,0,0,0,0,0,0,0,0,6,6,6,6,101,Impaling Thrust,0,0,0
16150900,Iron Spear,Draconic,25,Spear,SpearNormal,1.07,pierce,pierce,0,0,0,131,0,0.25,0.45,0,0.85,0,13,11,0,0,0,0,0,0,0,0,0,0,6,6,6,6,101,Impaling Thrust,0,0,0
16151000,Iron Spear,Bestial,25,Spear,SpearNormal,1.07,pierce,pierce,131,0,0,0,0,0.25,0.45,0,0.85,0,13,11,0,0,0,0,0,0,0,0,0,0,6,6,6,6,101,Impaling Thrust,0,0,0
16151100,Iron Spear,Night,25,Spear,SpearNormal,1.07,pierce,pierce,0,131,0,0,0,0.2,0.4,0.7,0.7,0,13,11,0,0,0,0,0,0,0,0,0,0,6,6,6,6,101,Impaling Thrust,0,0,0
16151200,Iron Spear,Lava,25,Spear,SpearNormal,1.07,pierce,pierce,0,0,131,0,0,0.2,0.4,0.7,0.7,0,13,11,0,0,0,0,0,0,0,0,0,0,6,6,6,6,101,Impaling Thrust,0,0,0
16151300,Iron Spear,Frenzy,25,Spear,SpearNormal,1.07,pierce,pierce,0,0,131,0,0,0.2,0.4,0.6,0.6,0,13,11,0,0,0,0,0,0,0,0,0,0,6,6,6,6,101,Impaling Thrust,0,0,0
16151400,Iron Spear,Death,25,Spear,SpearNormal,1.07,pierce,pierce,0,0,0,0,114,0.2,0.4,0.6,0.6,0,13,11,0,0,0,0,0,0,0,0,0,0,6,6,6,6,101,Impaling Thrust,0,0,0
16151500,Iron Spear,Godslayer,25,Spear,SpearNormal,1.07,pierce,pierce,0,0,0,0,114,0.2,0.4,0.6,0.6,0,13,11,0,0,0,0,0,0,0,0,0,0,6,6,6,6,101,Impaling Thrust,0,0,0
16151600,Iron Spear,Frost,25,Spear,SpearNormal,1.07,pierce,pierce,0,131,0,0,0,0.2,0.4,0.6,0,0.6,13,11,0,0,0,0,0,0,0,0,0,0,6,6,6,6,101,Impaling Thrust,0,0,0
16151700,Iron Spear,Aberrant,25,Spear,SpearNormal,1.07,pierce,pierce,131,0,0,0,0,0.2,0.4,0.6,0,0.6,13,11,0,0,0,0,0,0,0,0,0,0,6,6,6,6,101,Impaling Thrust,0,0,0
16151800,Iron Spear,Bloodflame,25,Spear,SpearNormal,1.07,pierce,pierce,0,0,131,0,0,0.2,0.4,0,0.6,0.6,13,11,0,0,0,0,0,0,0,0,0,0,6,6,6,6,101,Impaling Thrust,0,0,0
16151900,Iron Spear,Rotten,25,Spear,SpearNormal,1.07,pierce,pierce,131,0,0,0,0,0.2,0.4,0,0.6,0.6,13,11,0,0,0,0,0,0,0,0,0,0,6,6,6,6,101,Impaling Thrust,0,0,0
16152000,Iron Spear,Storm,25,Spear,SpearNormal,1.07,pierce,pierce,131,0,0,0,0,0.2,0.4,0.7,0.7,0,13,11,0,0,0,0,0,0,0,0,0,0,6,6,6,6,101,Impaling Thrust,0,0,0
16152100,Iron Spear,Mystic,25,Spear,SpearNormal,1.07,pierce,pierce,0,131,0,0,0,0.2,0.4,0,0.6,0.6,13,11,0,0,0,0,0,0,0,0,0,0,6,6,6,6,101,Impaling Thrust,0,0,0
16160000,Rotten Crystal Spear,Standard,25,Spear,SpearNormal,1.14,pierce,pierce,122,0,0,0,0,0.45,0.55,0,0.75,0.75,10,16,0,16,16,2200,0,0,0,0,0,0,6,6,6,6,109,Repeating Thrust,1,0,0
16170000,Phalanx Pike,Standard,25,Spear,SpearNormal,1,pierce,pierce,138,0,0,0,0,0.95,0.95,0,0,0,18,18,0,0,0,2200,0,0,0,0,0,0,6,6,6,6,656,Pikeman's Flourish,1,0,0
16180000,Crucifix of Eochaid,Standard,25,Spear,SpearNormal,1.21,pierce,pierce,128,0,0,0,0,0.35,0.55,0.8,0,0.8,6,12,22,0,22,2200,0,0,0,0,0,0,6,6,6,6,1207,,1,0,0
16500000,Smithscript Spear,Standard,25,Spear,SpearNormal,1.01,pierce,standard,152,0,0,0,0,0.35,0.75,0,0,0,9,12,0,0,0,0,0,0,0,0,0,0,6,6,6,6,101,Impaling Thrust,0,0,0
16500100,Smithscript Spear,Heavy,25,Spear,SpearNormal,1.01,pierce,standard,152,0,0,0,0,0.7,0.6,0,0,0,9,12,0,0,0,0,0,0,0,0,0,0,6,6,6,6,101,Impaling Thrust,0,0,0
16500200,Smithscript Spear,Keen,25,Spear,SpearNormal,1.01,pierce,standard,152,0,0,0,0,0.15,1.2,0,0,0,9,12,0,0,0,0,0,0,0,0,0,0,6,6,6,6,101,Impaling Thrust,0,0,0
16500300,Smithscript Spear,Quality,25,Spear,SpearNormal,1.01,pierce,standard,152,0,0,0,0,0.45,0.9,0,0,0,9,12,0,0,0,0,0,0,0,0,0,0,6,6,6,6,101,Impaling Thrust,0,0,0
16500400,Smithscript Spear,Glint,25,Spear,SpearNormal,1.01,pierce,standard,0,152,0,0,0,0.25,0.45,0.85,0,0,9,12,0,0,0,0,0,0,0,0,0,0,6,6,6,6,101,Impaling Thrust,0,0,0
16500500,Smithscript Spear,Dragonkin,25,Spear,SpearNormal,1.01,pierce,standard,0,0,0,152,0,0.25,0.45,0.75,0,0,9,12,0,0,0,0,0,0,0,0,0,0,6,6,6,6,101,Impaling Thrust,0,0,0
16500600,Smithscript Spear,Gravity,25,Spear,SpearNormal,1.01,pierce,standard,152,0,0,0,0,0.25,0.45,0.85,0,0,9,12,0,0,0,0,0,0,0,0,0,0,6,6,6,6,101,Impaling Thrust,0,0,0
16500700,Smithscript Spear,Flame,25,Spear,SpearNormal,1.01,pierce,standard,0,0,152,0,0,0.25,0.45,0,0.75,0,9,12,0,0,0,0,0,0,0,0,0,0,6,6,6,6,101,Impaling Thrust,0,0,0
16500800,Smithscript Spear,Golden,25,Spear,SpearNormal,1.01,pierce,standard,0,0,0,0,132,0.25,0.45,0,0.85,0,9,12,0,0,0,0,0,0,0,0,0,0,6,6,6,6,101,Impaling Thrust,0,0,0
16500900,Smithscript Spear,Draconic,25,Spear,SpearNormal,1.01,pierce,standard,0,0,0,152,0,0.25,0.45,0,0.85,0,9,12,0,0,0,0,0,0,0,0,0,0,6,6,6,6,101,Impaling Thrust,0,0,0
16501000,Smithscript Spear,Bestial,25,Spear,SpearNormal,1.01,pierce,standard,152,0,0,0,0,0.25,0.45,0,0.85,0,9,12,0,0,0,0,0,0,0,0,0,0,6,6,6,6,101,Impaling Thrust,0,0,0
16501100,Smithscript Spear,Night,25,Spear,SpearNormal,1.01,pierce,standard,0,152,0,0,0,0.2,0.4,0.7,0.7,0,9,12,0,0,0,0,0,0,0,0,0,0,6,6,6,6,101,Impaling Thrust,0,0,0
16501200,Smithscript Spear,Lava,25,Spear,SpearNormal,1.01,pierce,standard,0,0,152,0,0,0.2,0.4,0.7,0.7,0,9,12,0,0,0,0,0,0,0,0,0,0,6,6,6,6,101,Impaling Thrust,0,0,0
16501300,Smithscript Spear,Frenzy,25,Spear,SpearNormal,1.01,pierce,standard,0,0,152,0,0,0.2,0.4,0.6,0.6,0,9,12,0,0,0,0,0,0,0,0,0,0,6,6,6,6,101,Impaling Thrust,0,0,0
16501400,Smithscript Spear,Death,25,Spear,SpearNormal,1.01,pierce,standard,0,0,0,0,132,0.2,0.4,0.6,0.6,0,9,12,0,0,0,0,0,0,0,0,0,0,6,6,6,6,101,Impaling Thrust,0,0,0
16501500,Smithscript Spear,Godslayer,25,Spear,SpearNormal,1.01,pierce,standard,0,0,0,0,132,0.2,0.4,0.6,0.6,0,9,12,0,0,0,0,0,0,0,0,0,0,6,6,6,6,101,Impaling Thrust,0,0,0
16501600,Smithscript Spear,Frost,25,Spear,SpearNormal,1.01,pierce,standard,0,152,0,0,0,0.2,0.4,0.6,0,0.6,9,12,0,0,0,0,0,0,0,0,0,0,6,6,6,6,101,Impaling Thrust,0,0,0
16501700,Smithscript Spear,Aberrant,25,Spear,SpearNormal,1.01,pierce,standard,152,0,0,0,0,0.2,0.4,0.6,0,0.6,9,12,0,0,0,0,0,0,0,0,0,0,6,6,6,6,101,Impaling Thrust,0,0,0
16501800,Smithscript Spear,Bloodflame,25,Spear,SpearNormal,1.01,pierce,standard,0,0,152,0,0,0.2,0.4,0,0.6,0.6,9,12,0,0,0,0,0,0,0,0,0,0,6,6,6,6,101,Impaling Thrust,0,0,0
16501900,Smithscript Spear,Rotten,25,Spear,SpearNormal,1.01,pierce,standard,152,0,0,0,0,0.2,0.4,0,0.6,0.6,9,12,0,0,0,0,0,0,0,0,0,0,6,6,6,6,101,Impaling Thrust,0,0,0
16502000,Smithscript Spear,Storm,25,Spear,SpearNormal,1.01,pierce,standard,152,0,0,0,0,0.2,0.4,0.7,0.7,0,9,12,0,0,0,0,0,0,0,0,0,0,6,6,6,6,101,Impaling Thrust,0,0,0
16502100,Smithscript Spear,Mystic,25,Spear,SpearNormal,1.01,pierce,standard,0,152,0,0,0,0.2,0.4,0,0.6,0.6,9,12,0,0,0,0,0,0,0,0,0,0,6,6,6,6,101,Impaling Thrust,0,0,0
16520000,Swift Spear,Standard,25,Spear,SpearNormal,1,pierce,standard,161,0,0,0,0,0.45,1.2,0,0,0,10,26,0,0,0,0,0,0,0,0,0,0,6,6,6,6,101,Impaling Thrust,1,0,0
16540000,Bloodfiend's Fork,Standard,25,Spear,SpearNormal,1.03,pierce,standard,0,0,151,0,0,0.35,0.75,0,0.85,0.85,8,14,0,13,13,0,0,0,0,0,0,0,6,6,6,6,650,Barbaric Roar,1,0,0
16550000,Bloodfiend's Sacred Spear,Standard,28,Heavy Spear,SpearHeavy,1,pierce,standard,0,0,130,0,0,0.75,0.5,0,0.7,0.7,18,12,0,15,15,2200,0,0,0,0,0,0,6,6,6,6,5560,Bloodfiends' Bloodboon,1,0,0
16560000,Gaelor's Mancatcher,Standard,25,Spear,SpearNormal,1.435,pierce,pierce,128,0,0,0,0,0.45,0.7,0,0,0,15,20,0,0,0,0,0,0,0,0,0,0,6,6,6,6,105,Ancient Thunderclap,0,0,0
16560100,Gaelor's Mancatcher,Heavy,25,Spear,SpearNormal,1.435,pierce,pierce,128,0,0,0,0,0.8,0.55,0,0,0,15,20,0,0,0,0,0,0,0,0,0,0,6,6,6,6,105,Ancient Thunderclap,0,0,0
16560200,Gaelor's Mancatcher,Keen,25,Spear,SpearNormal,1.435,pierce,pierce,128,0,0,0,0,0.25,1.15,0,0,0,15,20,0,0,0,0,0,0,0,0,0,0,6,6,6,6,105,Ancient Thunderclap,0,0,0
16560300,Gaelor's Mancatcher,Quality,25,Spear,SpearNormal,1.435,pierce,pierce,128,0,0,0,0,0.55,0.85,0,0,0,15,20,0,0,0,0,0,0,0,0,0,0,6,6,6,6,105,Ancient Thunderclap,0,0,0
16560400,Gaelor's Mancatcher,Glint,25,Spear,SpearNormal,1.435,pierce,pierce,0,128,0,0,0,0.35,0.4,0.9,0,0,15,20,0,0,0,0,0,0,0,0,0,0,6,6,6,6,105,Ancient Thunderclap,0,0,0
16560500,Gaelor's Mancatcher,Dragonkin,25,Spear,SpearNormal,1.435,pierce,pierce,0,0,0,128,0,0.35,0.4,0.8,0,0,15,20,0,0,0,0,0,0,0,0,0,0,6,6,6,6,105,Ancient Thunderclap,0,0,0
16560600,Gaelor's Mancatcher,Gravity,25,Spear,SpearNormal,1.435,pierce,pierce,128,0,0,0,0,0.35,0.4,0.9,0,0,15,20,0,0,0,0,0,0,0,0,0,0,6,6,6,6,105,Ancient Thunderclap,0,0,0
16560700,Gaelor's Mancatcher,Flame,25,Spear,SpearNormal,1.435,pierce,pierce,0,0,128,0,0,0.35,0.4,0,0.8,0,15,20,0,0,0,0,0,0,0,0,0,0,6,6,6,6,105,Ancient Thunderclap,0,0,0
16560800,Gaelor's Mancatcher,Golden,25,Spear,SpearNormal,1.435,pierce,pierce,0,0,0,0,128,0.35,0.4,0,0.9,0,15,20,0,0,0,0,0,0,0,0,0,0,6,6,6,6,105,Ancient Thunderclap,0,0,0
16560900,Gaelor's Mancatcher,Draconic,25,Spear,SpearNormal,1.435,pierce,pierce,0,0,0,128,0,0.35,0.4,0,0.9,0,15,20,0,0,0,0,0,0,0,0,0,0,6,6,6,6,105,Ancient Thunderclap,0,0,0
16561000,Gaelor's Mancatcher,Bestial,25,Spear,SpearNormal,1.435,pierce,pierce,128,0,0,0,0,0.35,0.4,0,0.9,0,15,20,0,0,0,0,0,0,0,0,0,0,6,6,6,6,105,Ancient Thunderclap,0,0,0
16561100,Gaelor's Mancatcher,Night,25,Spear,SpearNormal,1.435,pierce,pierce,0,128,0,0,0,0.3,0.35,0.75,0.75,0,15,20,0,0,0,0,0,0,0,0,0,0,6,6,6,6,105,Ancient Thunderclap,0,0,0
16561200,Gaelor's Mancatcher,Lava,25,Spear,SpearNormal,1.435,pierce,pierce,0,0,128,0,0,0.3,0.35,0.75,0.75,0,15,20,0,0,0,0,0,0,0,0,0,0,6,6,6,6,105,Ancient Thunderclap,0,0,0
16561300,Gaelor's Mancatcher,Frenzy,25,Spear,SpearNormal,1.435,pierce,pierce,0,0,128,0,0,0.3,0.35,0.65,0.65,0,15,20,0,0,0,0,0,0,0,0,0,0,6,6,6,6,105,Ancient Thunderclap,0,0,0
16561400,Gaelor's Mancatcher,Death,25,Spear,SpearNormal,1.435,pierce,pierce,0,0,0,0,128,0.3,0.35,0.65,0.65,0,15,20,0,0,0,0,0,0,0,0,0,0,6,6,6,6,105,Ancient Thunderclap,0,0,0
16561500,Gaelor's Mancatcher,Godslayer,25,Spear,SpearNormal,1.435,pierce,pierce,0,0,0,0,128,0.3,0.35,0.65,0.65,0,15,20,0,0,0,0,0,0,0,0,0,0,6,6,6,6,105,Ancient Thunderclap,0,0,0
16561600,Gaelor's Mancatcher,Frost,25,Spear,SpearNormal,1.435,pierce,pierce,0,128,0,0,0,0.3,0.35,0.65,0,0.65,15,20,0,0,0,0,0,0,0,0,0,0,6,6,6,6,105,Ancient Thunderclap,0,0,0
16561700,Gaelor's Mancatcher,Aberrant,25,Spear,SpearNormal,1.435,pierce,pierce,128,0,0,0,0,0.3,0.35,0.65,0,0.65,15,20,0,0,0,0,0,0,0,0,0,0,6,6,6,6,105,Ancient Thunderclap,0,0,0
16561800,Gaelor's Mancatcher,Bloodflame,25,Spear,SpearNormal,1.435,pierce,pierce,0,0,128,0,0,0.3,0.35,0,0.65,0.65,15,20,0,0,0,0,0,0,0,0,0,0,6,6,6,6,105,Ancient Thunderclap,0,0,0
16561900,Gaelor's Mancatcher,Rotten,25,Spear,SpearNormal,1.435,pierce,pierce,128,0,0,0,0,0.3,0.35,0,0.65,0.65,15,20,0,0,0,0,0,0,0,0,0,0,6,6,6,6,105,Ancient Thunderclap,0,0,0
16562000,Gaelor's Mancatcher,Storm,25,Spear,SpearNormal,1.435,pierce,pierce,128,0,0,0,0,0.3,0.35,0.75,0.75,0,15,20,0,0,0,0,0,0,0,0,0,0,6,6,6,6,105,Ancient Thunderclap,0,0,0
16562100,Gaelor's Mancatcher,Mystic,25,Spear,SpearNormal,1.435,pierce,pierce,0,128,0,0,0,0.3,0.35,0,0.65,0.65,15,20,0,0,0,0,0,0,0,0,0,0,6,6,6,6,105,Ancient Thunderclap,0,0,0
17010000,Mohgwyn's Sacred Spear,Standard,28,Heavy Spear,SpearHeavy,1.1,pierce,pierce,0,0,135,0,0,0.65,0.3,0,0.9,0.9,18,14,0,25,25,2200,0,0,0,0,0,0,6,6,6,6,1034,Bloodboon Ritual,1,0,0
17020000,Siluria's Tree,Standard,28,Heavy Spear,SpearHeavy,1.1,pierce,pierce,140,0,0,0,0,0.9,0.2,0,0.9,0,25,10,0,25,0,2200,0,0,0,0,0,0,6,6,6,6,1009,Siluria's Woe,1,0,0
17030000,Serpent-Hunter,Standard,28,Heavy Spear,SpearHeavy,1.12,pierce,pierce,111,0,0,0,0,0.7,0.35,0,0,0,0,0,0,0,0,2200,0,0,0,0,0,0,6,6,6,6,1188,Great-Serpent Hunt,1,0,0
17050000,Vyke's War Spear,Standard,28,Heavy Spear,SpearHeavy,1,pierce,pierce,0,0,142,0,0,0.75,0.25,0.75,0.75,0,15,18,18,18,0,2200,0,0,0,0,0,0,6,6,6,6,127,Spear of Frenzy,1,0,0
17060000,Lance,Standard,28,Heavy Spear,SpearHeavy,1.07,pierce,pierce,141,0,0,0,0,0.5,0.4,0,0,0,20,14,0,0,0,0,0,0,0,0,0,0,6,6,6,6,101,Impaling Thrust,0,0,0
17060100,Lance,Heavy,28,Heavy Spear,SpearHeavy,1.07,pierce,pierce,141,0,0,0,0,0.95,0.35,0,0,0,20,14,0,0,0,0,0,0,0,0,0,0,6,6,6,6,101,Impaling Thrust,0,0,0
17060200,Lance,Keen,28,Heavy Spear,SpearHeavy,1.07,pierce,pierce,141,0,0,0,0,0.45,0.85,0,0,0,20,14,0,0,0,0,0,0,0,0,0,0,6,6,6,6,101,Impaling Thrust,0,0,0
17060300,Lance,Quality,28,Heavy Spear,SpearHeavy,1.07,pierce,pierce,141,0,0,0,0,0.7,0.6,0,0,0,20,14,0,0,0,0,0,0,0,0,0,0,6,6,6,6,101,Impaling Thrust,0,0,0
17060400,Lance,Glint,28,Heavy Spear,SpearHeavy,1.07,pierce,pierce,0,141,0,0,0,0.4,0.25,0.9,0,0,20,14,0,0,0,0,0,0,0,0,0,0,6,6,6,6,101,Impaling Thrust,0,0,0
17060500,Lance,Dragonkin,28,Heavy Spear,SpearHeavy,1.07,pierce,pierce,0,0,0,141,0,0.4,0.25,0.8,0,0,20,14,0,0,0,0,0,0,0,0,0,0,6,6,6,6,101,Impaling Thrust,0,0,0
17060600,Lance,Gravity,28,Heavy Spear,SpearHeavy,1.07,pierce,pierce,141,0,0,0,0,0.4,0.25,0.9,0,0,20,14,0,0,0,0,0,0,0,0,0,0,6,6,6,6,101,Impaling Thrust,0,0,0
17060700,Lance,Flame,28,Heavy Spear,SpearHeavy,1.07,pierce,pierce,0,0,141,0,0,0.4,0.25,0,0.8,0,20,14,0,0,0,0,0,0,0,0,0,0,6,6,6,6,101,Impaling Thrust,0,0,0
17060800,Lance,Golden,28,Heavy Spear,SpearHeavy,1.07,pierce,pierce,0,0,0,0,123,0.4,0.25,0,0.9,0,20,14,0,0,0,0,0,0,0,0,0,0,6,6,6,6,101,Impaling Thrust,0,0,0
17060900,Lance,Draconic,28,Heavy Spear,SpearHeavy,1.07,pierce,pierce,0,0,0,141,0,0.4,0.25,0,0.9,0,20,14,0,0,0,0,0,0,0,0,0,0,6,6,6,6,101,Impaling Thrust,0,0,0
17061000,Lance,Bestial,28,Heavy Spear,SpearHeavy,1.07,pierce,pierce,141,0,0,0,0,0.4,0.25,0,0.9,0,20,14,0,0,0,0,0,0,0,0,0,0,6,6,6,6,101,Impaling Thrust,0,0,0
17061100,Lance,Night,28,Heavy Spear,SpearHeavy,1.07,pierce,pierce,0,141,0,0,0,0.35,0.2,0.7,0.7,0,20,14,0,0,0,0,0,0,0,0,0,0,6,6,6,6,101,Impaling Thrust,0,0,0
17061200,Lance,Lava,28,Heavy Spear,SpearHeavy,1.07,pierce,pierce,0,0,141,0,0,0.35,0.2,0.7,0.7,0,20,14,0,0,0,0,0,0,0,0,0,0,6,6,6,6,101,Impaling Thrust,0,0,0
17061300,Lance,Frenzy,28,Heavy Spear,SpearHeavy,1.07,pierce,pierce,0,0,141,0,0,0.35,0.2,0.6,0.6,0,20,14,0,0,0,0,0,0,0,0,0,0,6,6,6,6,101,Impaling Thrust,0,0,0
17061400,Lance,Death,28,Heavy Spear,SpearHeavy,1.07,pierce,pierce,0,0,0,0,123,0.35,0.2,0.6,0.6,0,20,14,0,0,0,0,0,0,0,0,0,0,6,6,6,6,101,Impaling Thrust,0,0,0
17061500,Lance,Godslayer,28,Heavy Spear,SpearHeavy,1.07,pierce,pierce,0,0,0,0,123,0.35,0.2,0.6,0.6,0,20,14,0,0,0,0,0,0,0,0,0,0,6,6,6,6,101,Impaling Thrust,0,0,0
17061600,Lance,Frost,28,Heavy Spear,SpearHeavy,1.07,pierce,pierce,0,141,0,0,0,0.35,0.2,0.6,0,0.6,20,14,0,0,0,0,0,0,0,0,0,0,6,6,6,6,101,Impaling Thrust,0,0,0
17061700,Lance,Aberrant,28,Heavy Spear,SpearHeavy,1.07,pierce,pierce,141,0,0,0,0,0.35,0.2,0.6,0,0.6,20,14,0,0,0,0,0,0,0,0,0,0,6,6,6,6,101,Impaling Thrust,0,0,0
17061800,Lance,Bloodflame,28,Heavy Spear,SpearHeavy,1.07,pierce,pierce,0,0,141,0,0,0.35,0.2,0,0.6,0.6,20,14,0,0,0,0,0,0,0,0,0,0,6,6,6,6,101,Impaling Thrust,0,0,0
17061900,Lance,Rotten,28,Heavy Spear,SpearHeavy,1.07,pierce,pierce,141,0,0,0,0,0.35,0.2,0,0.6,0.6,20,14,0,0,0,0,0,0,0,0,0,0,6,6,6,6,101,Impaling Thrust,0,0,0
17062000,Lance,Storm,28,Heavy Spear,SpearHeavy,1.07,pierce,pierce,141,0,0,0,0,0.35,0.2,0.7,0.7,0,20,14,0,0,0,0,0,0,0,0,0,0,6,6,6,6,101,Impaling Thrust,0,0,0
17062100,Lance,Mystic,28,Heavy Spear,SpearHeavy,1.07,pierce,pierce,0,141,0,0,0,0.35,0.2,0,0.6,0.6,20,14,0,0,0,0,0,0,0,0,0,0,6,6,6,6,101,Impaling Thrust,0,0,0
17070000,Treespear,Standard,28,Heavy Spear,SpearHeavy,1.105,pierce,pierce,0,0,0,0,132,0.6,0.4,0,1,0,15,18,0,22,0,2200,0,0,0,0,0,0,6,6,6,6,604,Sacred Order,1,0,0
17080000,Spear of the Dreaming,Standard,28,Heavy Spear,SpearHeavy,1.105,pierce,pierce,0,145,0,0,0,0.45,0.5,0,0.9,0.9,15,18,0,18,18,2200,0,0,0,0,0,0,6,6,6,6,165,Impaling Vapors,1,0,0
17090000,Cragsplitter,Standard,28,Heavy Spear,SpearHeavy,1.105,pierce,pierce,144,0,0,0,0,1.15,0.65,0,0,0,26,9,0,0,0,2200,0,0,0,0,0,0,6,6,6,6,1205,,1,0,0
17500000,Spear of the Impaler,Standard,28,Heavy Spear,SpearHeavy,1.105,pierce,standard,0,0,146,0,0,0.5,1,0,1,0,14,22,0,22,0,2200,0,0,0,0,0,0,6,6,6,6,5190,Messmer's Assault,1,0,0
17510000,Messmer Soldier's Spear,Standard,28,Heavy Spear,SpearHeavy,1.015,pierce,standard,163,0,0,0,0,0.5,0.4,0,0,0,19,16,0,0,0,0,0,0,0,0,0,0,6,6,6,6,101,Impaling Thrust,0,0,0
17510100,Messmer Soldier's Spear,Heavy,28,Heavy Spear,SpearHeavy,1.015,pierce,standard,163,0,0,0,0,0.95,0.35,0,0,0,19,16,0,0,0,0,0,0,0,0,0,0,6,6,6,6,101,Impaling Thrust,0,0,0
17510200,Messmer Soldier's Spear,Keen,28,Heavy Spear,SpearHeavy,1.015,pierce,standard,163,0,0,0,0,0.45,0.85,0,0,0,19,16,0,0,0,0,0,0,0,0,0,0,6,6,6,6,101,Impaling Thrust,0,0,0
17510300,Messmer Soldier's Spear,Quality,28,Heavy Spear,SpearHeavy,1.015,pierce,standard,163,0,0,0,0,0.7,0.6,0,0,0,19,16,0,0,0,0,0,0,0,0,0,0,6,6,6,6,101,Impaling Thrust,0,0,0
17510400,Messmer Soldier's Spear,Glint,28,Heavy Spear,SpearHeavy,1.015,pierce,standard,0,163,0,0,0,0.4,0.25,0.9,0,0,19,16,0,0,0,0,0,0,0,0,0,0,6,6,6,6,101,Impaling Thrust,0,0,0
17510500,Messmer Soldier's Spear,Dragonkin,28,Heavy Spear,SpearHeavy,1.015,pierce,standard,0,0,0,163,0,0.4,0.25,0.8,0,0,19,16,0,0,0,0,0,0,0,0,0,0,6,6,6,6,101,Impaling Thrust,0,0,0
17510600,Messmer Soldier's Spear,Gravity,28,Heavy Spear,SpearHeavy,1.015,pierce,standard,163,0,0,0,0,0.4,0.25,0.9,0,0,19,16,0,0,0,0,0,0,0,0,0,0,6,6,6,6,101,Impaling Thrust,0,0,0
17510700,Messmer Soldier's Spear,Flame,28,Heavy Spear,SpearHeavy,1.015,pierce,standard,0,0,163,0,0,0.4,0.25,0,0.8,0,19,16,0,0,0,0,0,0,0,0,0,0,6,6,6,6,101,Impaling Thrust,0,0,0
17510800,Messmer Soldier's Spear,Golden,28,Heavy Spear,SpearHeavy,1.015,pierce,standard,0,0,0,0,142,0.4,0.25,0,0.9,0,19,16,0,0,0,0,0,0,0,0,0,0,6,6,6,6,101,Impaling Thrust,0,0,0
17510900,Messmer Soldier's Spear,Draconic,28,Heavy Spear,SpearHeavy,1.015,pierce,standard,0,0,0,163,0,0.4,0.25,0,0.9,0,19,16,0,0,0,0,0,0,0,0,0,0,6,6,6,6,101,Impaling Thrust,0,0,0
17511000,Messmer Soldier's Spear,Bestial,28,Heavy Spear,SpearHeavy,1.015,pierce,standard,163,0,0,0,0,0.4,0.25,0,0.9,0,19,16,0,0,0,0,0,0,0,0,0,0,6,6,6,6,101,Impaling Thrust,0,0,0
17511100,Messmer Soldier's Spear,Night,28,Heavy Spear,SpearHeavy,1.015,pierce,standard,0,163,0,0,0,0.35,0.2,0.7,0.7,0,19,16,0,0,0,0,0,0,0,0,0,0,6,6,6,6,101,Impaling Thrust,0,0,0
17511200,Messmer Soldier's Spear,Lava,28,Heavy Spear,SpearHeavy,1.015,pierce,standard,0,0,163,0,0,0.35,0.2,0.7,0.7,0,19,16,0,0,0,0,0,0,0,0,0,0,6,6,6,6,101,Impaling Thrust,0,0,0
17511300,Messmer Soldier's Spear,Frenzy,28,Heavy Spear,SpearHeavy,1.015,pierce,standard,0,0,163,0,0,0.35,0.2,0.6,0.6,0,19,16,0,0,0,0,0,0,0,0,0,0,6,6,6,6,101,Impaling Thrust,0,0,0
17511400,Messmer Soldier's Spear,Death,28,Heavy Spear,SpearHeavy,1.015,pierce,standard,0,0,0,0,142,0.35,0.2,0.6,0.6,0,19,16,0,0,0,0,0,0,0,0,0,0,6,6,6,6,101,Impaling Thrust,0,0,0
17511500,Messmer Soldier's Spear,Godslayer,28,Heavy Spear,SpearHeavy,1.015,pierce,standard,0,0,0,0,142,0.35,0.2,0.6,0.6,0,19,16,0,0,0,0,0,0,0,0,0,0,6,6,6,6,101,Impaling Thrust,0,0,0
17511600,Messmer Soldier's Spear,Frost,28,Heavy Spear,SpearHeavy,1.015,pierce,standard,0,163,0,0,0,0.35,0.2,0.6,0,0.6,19,16,0,0,0,0,0,0,0,0,0,0,6,6,6,6,101,Impaling Thrust,0,0,0
17511700,Messmer Soldier's Spear,Aberrant,28,Heavy Spear,SpearHeavy,1.015,pierce,standard,163,0,0,0,0,0.35,0.2,0.6,0,0.6,19,16,0,0,0,0,0,0,0,0,0,0,6,6,6,6,101,Impaling Thrust,0,0,0
17511800,Messmer Soldier's Spear,Bloodflame,28,Heavy Spear,SpearHeavy,1.015,pierce,standard,0,0,163,0,0,0.35,0.2,0,0.6,0.6,19,16,0,0,0,0,0,0,0,0,0,0,6,6,6,6,101,Impaling Thrust,0,0,0
17511900,Messmer Soldier's Spear,Rotten,28,Heavy Spear,SpearHeavy,1.015,pierce,standard,163,0,0,0,0,0.35,0.2,0,0.6,0.6,19,16,0,0,0,0,0,0,0,0,0,0,6,6,6,6,101,Impaling Thrust,0,0,0
17512000,Messmer Soldier's Spear,Storm,28,Heavy Spear,SpearHeavy,1.015,pierce,standard,163,0,0,0,0,0.35,0.2,0.7,0.7,0,19,16,0,0,0,0,0,0,0,0,0,0,6,6,6,6,101,Impaling Thrust,0,0,0
17512100,Messmer Soldier's Spear,Mystic,28,Heavy Spear,SpearHeavy,1.015,pierce,standard,0,163,0,0,0,0.35,0.2,0,0.6,0.6,19,16,0,0,0,0,0,0,0,0,0,0,6,6,6,6,101,Impaling Thrust,0,0,0
17520000,Barbed Staff-Spear,Standard,28,Heavy Spear,SpearHeavy,1.02,pierce,standard,141,0,0,0,0,0.75,0.5,0,1,0,18,14,0,22,0,2200,0,0,0,0,0,0,6,6,6,6,5470,Jori's Inquisition,1,0,0
18000000,Halberd,Standard,29,Halberd,SpearAxe,1,pierce,standard,144,0,0,0,0,0.52,0.38,0,0,0,14,12,0,0,0,0,0,0,0,0,0,0,6,6,6,6,103,Spinning Slash,0,0,0
18000100,Halberd,Heavy,29,Halberd,SpearAxe,1,pierce,standard,144,0,0,0,0,0.87,0.33,0,0,0,14,12,0,0,0,0,0,0,0,0,0,0,6,6,6,6,103,Spinning Slash,0,0,0
18000200,Halberd,Keen,29,Halberd,SpearAxe,1,pierce,standard,144,0,0,0,0,0.47,0.83,0,0,0,14,12,0,0,0,0,0,0,0,0,0,0,6,6,6,6,103,Spinning Slash,0,0,0
18000300,Halberd,Quality,29,Halberd,SpearAxe,1,pierce,standard,144,0,0,0,0,0.72,0.58,0,0,0,14,12,0,0,0,0,0,0,0,0,0,0,6,6,6,6,103,Spinning Slash,0,0,0
18000400,Halberd,Glint,29,Halberd,SpearAxe,1,pierce,standard,0,144,0,0,0,0.42,0.23,0.9,0,0,14,12,0,0,0,0,0,0,0,0,0,0,6,6,6,6,103,Spinning Slash,0,0,0
18000500,Halberd,Dragonkin,29,Halberd,SpearAxe,1,pierce,standard,0,0,0,144,0,0.42,0.23,0.8,0,0,14,12,0,0,0,0,0,0,0,0,0,0,6,6,6,6,103,Spinning Slash,0,0,0
18000600,Halberd,Gravity,29,Halberd,SpearAxe,1,pierce,standard,144,0,0,0,0,0.42,0.23,0.9,0,0,14,12,0,0,0,0,0,0,0,0,0,0,6,6,6,6,103,Spinning Slash,0,0,0
18000700,Halberd,Flame,29,Halberd,SpearAxe,1,pierce,standard,0,0,144,0,0,0.42,0.23,0,0.8,0,14,12,0,0,0,0,0,0,0,0,0,0,6,6,6,6,103,Spinning Slash,0,0,0
18000800,Halberd,Golden,29,Halberd,SpearAxe,1,pierce,standard,0,0,0,0,125,0.42,0.23,0,0.9,0,14,12,0,0,0,0,0,0,0,0,0,0,6,6,6,6,103,Spinning Slash,0,0,0
18000900,Halberd,Draconic,29,Halberd,SpearAxe,1,pierce,standard,0,0,0,144,0,0.42,0.23,0,0.9,0,14,12,0,0,0,0,0,0,0,0,0,0,6,6,6,6,103,Spinning Slash,0,0,0
18001000,Halberd,Bestial,29,Halberd,SpearAxe,1,pierce,standard,144,0,0,0,0,0.42,0.23,0,0.9,0,14,12,0,0,0,0,0,0,0,0,0,0,6,6,6,6,103,Spinning Slash,0,0,0
18001100,Halberd,Night,29,Halberd,SpearAxe,1,pierce,standard,0,144,0,0,0,0.37,0.18,0.7,0.7,0,14,12,0,0,0,0,0,0,0,0,0,0,6,6,6,6,103,Spinning Slash,0,0,0
18001200,Halberd,Lava,29,Halberd,SpearAxe,1,pierce,standard,0,0,144,0,0,0.37,0.18,0.7,0.7,0,14,12,0,0,0,0,0,0,0,0,0,0,6,6,6,6,103,Spinning Slash,0,0,0
18001300,Halberd,Frenzy,29,Halberd,SpearAxe,1,pierce,standard,0,0,144,0,0,0.37,0.18,0.6,0.6,0,14,12,0,0,0,0,0,0,0,0,0,0,6,6,6,6,103,Spinning Slash,0,0,0
18001400,Halberd,Death,29,Halberd,SpearAxe,1,pierce,standard,0,0,0,0,125,0.37,0.18,0.6,0.6,0,14,12,0,0,0,0,0,0,0,0,0,0,6,6,6,6,103,Spinning Slash,0,0,0
18001500,Halberd,Godslayer,29,Halberd,SpearAxe,1,pierce,standard,0,0,0,0,125,0.37,0.18,0.6,0.6,0,14,12,0,0,0,0,0,0,0,0,0,0,6,6,6,6,103,Spinning Slash,0,0,0
18001600,Halberd,Frost,29,Halberd,SpearAxe,1,pierce,standard,0,144,0,0,0,0.37,0.18,0.6,0,0.6,14,12,0,0,0,0,0,0,0,0,0,0,6,6,6,6,103,Spinning Slash,0,0,0
18001700,Halberd,Aberrant,29,Halberd,SpearAxe,1,pierce,standard,144,0,0,0,0,0.37,0.18,0.6,0,0.6,14,12,0,0,0,0,0,0,0,0,0,0,6,6,6,6,103,Spinning Slash,0,0,0
18001800,Halberd,Bloodflame,29,Halberd,SpearAxe,1,pierce,standard,0,0,144,0,0,0.37,0.18,0,0.6,0.6,14,12,0,0,0,0,0,0,0,0,0,0,6,6,6,6,103,Spinning Slash,0,0,0
18001900,Halberd,Rotten,29,Halberd,SpearAxe,1,pierce,standard,144,0,0,0,0,0.37,0.18,0,0.6,0.6,14,12,0,0,0,0,0,0,0,0,0,0,6,6,6,6,103,Spinning Slash,0,0,0
18002000,Halberd,Storm,29,Halberd,SpearAxe,1,pierce,standard,144,0,0,0,0,0.37,0.18,0.7,0.7,0,14,12,0,0,0,0,0,0,0,0,0,0,6,6,6,6,103,Spinning Slash,0,0,0
18002100,Halberd,Mystic,29,Halberd,SpearAxe,1,pierce,standard,0,144,0,0,0,0.37,0.18,0,0.6,0.6,14,12,0,0,0,0,0,0,0,0,0,0,6,6,6,6,103,Spinning Slash,0,0,0
18010000,Pest's Glaive,Standard,29,Halberd,SpearAxe,0.97,pierce,standard,120,0,0,0,0,0.35,0.65,0,0.7,0.7,13,13,0,15,15,2200,0,0,0,0,0,0,6,6,6,6,103,Spinning Slash,1,0,0
18020000,Lucerne,Standard,29,Halberd,SpearAxe,0.93,pierce,standard,141,0,0,0,0,0.47,0.43,0,0,0,15,12,0,0,0,0,0,0,0,0,0,0,6,6,6,6,103,Spinning Slash,0,0,0
18020100,Lucerne,Heavy,29,Halberd,SpearAxe,0.93,pierce,standard,141,0,0,0,0,0.82,0.38,0,0,0,15,12,0,0,0,0,0,0,0,0,0,0,6,6,6,6,103,Spinning Slash,0,0,0
18020200,Lucerne,Keen,29,Halberd,SpearAxe,0.93,pierce,standard,141,0,0,0,0,0.42,0.88,0,0,0,15,12,0,0,0,0,0,0,0,0,0,0,6,6,6,6,103,Spinning Slash,0,0,0
18020300,Lucerne,Quality,29,Halberd,SpearAxe,0.93,pierce,standard,141,0,0,0,0,0.67,0.63,0,0,0,15,12,0,0,0,0,0,0,0,0,0,0,6,6,6,6,103,Spinning Slash,0,0,0
18020400,Lucerne,Glint,29,Halberd,SpearAxe,0.93,pierce,standard,0,141,0,0,0,0.37,0.28,0.9,0,0,15,12,0,0,0,0,0,0,0,0,0,0,6,6,6,6,103,Spinning Slash,0,0,0
18020500,Lucerne,Dragonkin,29,Halberd,SpearAxe,0.93,pierce,standard,0,0,0,141,0,0.37,0.28,0.8,0,0,15,12,0,0,0,0,0,0,0,0,0,0,6,6,6,6,103,Spinning Slash,0,0,0
18020600,Lucerne,Gravity,29,Halberd,SpearAxe,0.93,pierce,standard,141,0,0,0,0,0.37,0.28,0.9,0,0,15,12,0,0,0,0,0,0,0,0,0,0,6,6,6,6,103,Spinning Slash,0,0,0
18020700,Lucerne,Flame,29,Halberd,SpearAxe,0.93,pierce,standard,0,0,141,0,0,0.37,0.28,0,0.8,0,15,12,0,0,0,0,0,0,0,0,0,0,6,6,6,6,103,Spinning Slash,0,0,0
18020800,Lucerne,Golden,29,Halberd,SpearAxe,0.93,pierce,standard,0,0,0,0,123,0.37,0.28,0,0.9,0,15,12,0,0,0,0,0,0,0,0,0,0,6,6,6,6,103,Spinning Slash,0,0,0
18020900,Lucerne,Draconic,29,Halberd,SpearAxe,0.93,pierce,standard,0,0,0,141,0,0.37,0.28,0,0.9,0,15,12,0,0,0,0,0,0,0,0,0,0,6,6,6,6,103,Spinning Slash,0,0,0
18021000,Lucerne,Bestial,29,Halberd,SpearAxe,0.93,pierce,standard,141,0,0,0,0,0.37,0.28,0,0.9,0,15,12,0,0,0,0,0,0,0,0,0,0,6,6,6,6,103,Spinning Slash,0,0,0
18021100,Lucerne,Night,29,Halberd,SpearAxe,0.93,pierce,standard,0,141,0,0,0,0.32,0.23,0.7,0.7,0,15,12,0,0,0,0,0,0,0,0,0,0,6,6,6,6,103,Spinning Slash,0,0,0
18021200,Lucerne,Lava,29,Halberd,SpearAxe,0.93,pierce,standard,0,0,141,0,0,0.32,0.23,0.7,0.7,0,15,12,0,0,0,0,0,0,0,0,0,0,6,6,6,6,103,Spinning Slash,0,0,0
18021300,Lucerne,Frenzy,29,Halberd,SpearAxe,0.93,pierce,standard,0,0,141,0,0,0.32,0.23,0.6,0.6,0,15,12,0,0,0,0,0,0,0,0,0,0,6,6,6,6,103,Spinning Slash,0,0,0
18021400,Lucerne,Death,29,Halberd,SpearAxe,0.93,pierce,standard,0,0,0,0,123,0.32,0.23,0.6,0.6,0,15,12,0,0,0,0,0,0,0,0,0,0,6,6,6,6,103,Spinning Slash,0,0,0
18021500,Lucerne,Godslayer,29,Halberd,SpearAxe,0.93,pierce,standard,0,0,0,0,123,0.32,0.23,0.6,0.6,0,15,12,0,0,0,0,0,0,0,0,0,0,6,6,6,6,103,Spinning Slash,0,0,0
18021600,Lucerne,Frost,29,Halberd,SpearAxe,0.93,pierce,standard,0,141,0,0,0,0.32,0.23,0.6,0,0.6,15,12,0,0,0,0,0,0,0,0,0,0,6,6,6,6,103,Spinning Slash,0,0,0
18021700,Lucerne,Aberrant,29,Halberd,SpearAxe,0.93,pierce,standard,141,0,0,0,0,0.32,0.23,0.6,0,0.6,15,12,0,0,0,0,0,0,0,0,0,0,6,6,6,6,103,Spinning Slash,0,0,0
18021800,Lucerne,Bloodflame,29,Halberd,SpearAxe,0.93,pierce,standard,0,0,141,0,0,0.32,0.23,0,0.6,0.6,15,12,0,0,0,0,0,0,0,0,0,0,6,6,6,6,103,Spinning Slash,0,0,0
18021900,Lucerne,Rotten,29,Halberd,SpearAxe,0.93,pierce,standard,141,0,0,0,0,0.32,0.23,0,0.6,0.6,15,12,0,0,0,0,0,0,0,0,0,0,6,6,6,6,103,Spinning Slash,0,0,0
18022000,Lucerne,Storm,29,Halberd,SpearAxe,0.93,pierce,standard,141,0,0,0,0,0.32,0.23,0.7,0.7,0,15,12,0,0,0,0,0,0,0,0,0,0,6,6,6,6,103,Spinning Slash,0,0,0
18022100,Lucerne,Mystic,29,Halberd,SpearAxe,0.93,pierce,standard,0,141,0,0,0,0.32,0.23,0,0.6,0.6,15,12,0,0,0,0,0,0,0,0,0,0,6,6,6,6,103,Spinning Slash,0,0,0
18030000,Banished Knight's Halberd,Standard,29,Halberd,SpearAxe,1,pierce,standard,126,0,0,0,0,0.42,0.13,0.7,0.7,0,8,8,12,12,0,2200,0,0,0,0,0,0,6,6,6,6,126,Storm Stance,1,0,0
18040000,Commander's Standard,Standard,29,Halberd,SpearAxe,1.145,pierce,standard,138,0,0,0,0,0.85,0.85,0,0,0,24,14,0,0,0,2200,0,0,0,0,0,0,6,6,6,6,1010,Rallying Standard,1,0,0
18050000,Nightrider Glaive,Standard,29,Halberd,SpearAxe,1.16,pierce,standard,148,0,0,0,0,0.6,0.3,0,0,0,26,10,0,0,0,0,0,0,0,0,0,0,6,6,6,6,103,Spinning Slash,0,0,0
18050100,Nightrider Glaive,Heavy,29,Halberd,SpearAxe,1.16,pierce,standard,148,0,0,0,0,0.95,0.25,0,0,0,26,10,0,0,0,0,0,0,0,0,0,0,6,6,6,6,103,Spinning Slash,0,0,0
18050200,Nightrider Glaive,Keen,29,Halberd,SpearAxe,1.16,pierce,standard,148,0,0,0,0,0.55,0.75,0,0,0,26,10,0,0,0,0,0,0,0,0,0,0,6,6,6,6,103,Spinning Slash,0,0,0
18050300,Nightrider Glaive,Quality,29,Halberd,SpearAxe,1.16,pierce,standard,148,0,0,0,0,0.8,0.5,0,0,0,26,10,0,0,0,0,0,0,0,0,0,0,6,6,6,6,103,Spinning Slash,0,0,0
18050400,Nightrider Glaive,Glint,29,Halberd,SpearAxe,1.16,pierce,standard,0,148,0,0,0,0.5,0.15,0.9,0,0,26,10,0,0,0,0,0,0,0,0,0,0,6,6,6,6,103,Spinning Slash,0,0,0
18050500,Nightrider Glaive,Dragonkin,29,Halberd,SpearAxe,1.16,pierce,standard,0,0,0,148,0,0.5,0.15,0.8,0,0,26,10,0,0,0,0,0,0,0,0,0,0,6,6,6,6,103,Spinning Slash,0,0,0
18050600,Nightrider Glaive,Gravity,29,Halberd,SpearAxe,1.16,pierce,standard,148,0,0,0,0,0.5,0.15,0.9,0,0,26,10,0,0,0,0,0,0,0,0,0,0,6,6,6,6,103,Spinning Slash,0,0,0
18050700,Nightrider Glaive,Flame,29,Halberd,SpearAxe,1.16,pierce,standard,0,0,148,0,0,0.5,0.15,0,0.8,0,26,10,0,0,0,0,0,0,0,0,0,0,6,6,6,6,103,Spinning Slash,0,0,0
18050800,Nightrider Glaive,Golden,29,Halberd,SpearAxe,1.16,pierce,standard,0,0,0,0,129,0.5,0.15,0,0.9,0,26,10,0,0,0,0,0,0,0,0,0,0,6,6,6,6,103,Spinning Slash,0,0,0
18050900,Nightrider Glaive,Draconic,29,Halberd,SpearAxe,1.16,pierce,standard,0,0,0,148,0,0.5,0.15,0,0.9,0,26,10,0,0,0,0,0,0,0,0,0,0,6,6,6,6,103,Spinning Slash,0,0,0
18051000,Nightrider Glaive,Bestial,29,Halberd,SpearAxe,1.16,pierce,standard,148,0,0,0,0,0.5,0.15,0,0.9,0,26,10,0,0,0,0,0,0,0,0,0,0,6,6,6,6,103,Spinning Slash,0,0,0
18051100,Nightrider Glaive,Night,29,Halberd,SpearAxe,1.16,pierce,standard,0,148,0,0,0,0.45,0.1,0.7,0.7,0,26,10,0,0,0,0,0,0,0,0,0,0,6,6,6,6,103,Spinning Slash,0,0,0
18051200,Nightrider Glaive,Lava,29,Halberd,SpearAxe,1.16,pierce,standard,0,0,148,0,0,0.45,0.1,0.7,0.7,0,26,10,0,0,0,0,0,0,0,0,0,0,6,6,6,6,103,Spinning Slash,0,0,0
18051300,Nightrider Glaive,Frenzy,29,Halberd,SpearAxe,1.16,pierce,standard,0,0,148,0,0,0.45,0.1,0.6,0.6,0,26,10,0,0,0,0,0,0,0,0,0,0,6,6,6,6,103,Spinning Slash,0,0,0
18051400,Nightrider Glaive,Death,29,Halberd,SpearAxe,1.16,pierce,standard,0,0,0,0,129,0.45,0.1,0.6,0.6,0,26,10,0,0,0,0,0,0,0,0,0,0,6,6,6,6,103,Spinning Slash,0,0,0
18051500,Nightrider Glaive,Godslayer,29,Halberd,SpearAxe,1.16,pierce,standard,0,0,0,0,129,0.45,0.1,0.6,0.6,0,26,10,0,0,0,0,0,0,0,0,0,0,6,6,6,6,103,Spinning Slash,0,0,0
18051600,Nightrider Glaive,Frost,29,Halberd,SpearAxe,1.16,pierce,standard,0,148,0,0,0,0.45,0.1,0.6,0,0.6,26,10,0,0,0,0,0,0,0,0,0,0,6,6,6,6,103,Spinning Slash,0,0,0
18051700,Nightrider Glaive,Aberrant,29,Halberd,SpearAxe,1.16,pierce,standard,148,0,0,0,0,0.45,0.1,0.6,0,0.6,26,10,0,0,0,0,0,0,0,0,0,0,6,6,6,6,103,Spinning Slash,0,0,0
18051800,Nightrider Glaive,Bloodflame,29,Halberd,SpearAxe,1.16,pierce,standard,0,0,148,0,0,0.45,0.1,0,0.6,0.6,26,10,0,0,0,0,0,0,0,0,0,0,6,6,6,6,103,Spinning Slash,0,0,0
18051900,Nightrider Glaive,Rotten,29,Halberd,SpearAxe,1.16,pierce,standard,148,0,0,0,0,0.45,0.1,0,0.6,0.6,26,10,0,0,0,0,0,0,0,0,0,0,6,6,6,6,103,Spinning Slash,0,0,0
18052000,Nightrider Glaive,Storm,29,Halberd,SpearAxe,1.16,pierce,standard,148,0,0,0,0,0.45,0.1,0.7,0.7,0,26,10,0,0,0,0,0,0,0,0,0,0,6,6,6,6,103,Spinning Slash,0,0,0
18052100,Nightrider Glaive,Mystic,29,Halberd,SpearAxe,1.16,pierce,standard,0,148,0,0,0,0.45,0.1,0,0.6,0.6,26,10,0,0,0,0,0,0,0,0,0,0,6,6,6,6,103,Spinning Slash,0,0,0
18060000,Ripple Crescent Halberd,Standard,29,Halberd,SpearAxe,1.015,pierce,standard,130,0,0,0,0,0.3,0.2,0,0,1.25,12,12,0,0,20,2200,0,0,0,0,0,0,6,6,6,6,103,Spinning Slash,1,0,0
18070000,Vulgar Militia Saw,Standard,29,Halberd,SpearAxe,0.96,pierce,standard,126,0,0,0,0,0.4,0.6,0,1,0,15,13,0,18,0,2200,0,0,0,0,0,0,6,6,6,6,103,Spinning Slash,1,0,0
18080000,Golden Halberd,Standard,29,Halberd,SpearAxe,1.15,pierce,standard,0,0,0,0,147,0.85,0.4,0,0.85,0,18,14,0,20,0,2200,0,0,0,0,0,0,6,6,6,6,603,Golden Vow,1,0,0
18090000,Glaive,Standard,29,Halberd,SpearAxe,1.1,pierce,standard,152,0,0,0,0,0.5,0.5,0,0,0,18,15,0,0,0,0,0,0,0,0,0,0,6,6,6,6,103,Spinning Slash,0,0,0
18090100,Glaive,Heavy,29,Halberd,SpearAxe,1.1,pierce,standard,152,0,0,0,0,0.85,0.45,0,0,0,18,15,0,0,0,0,0,0,0,0,0,0,6,6,6,6,103,Spinning Slash,0,0,0
18090200,Glaive,Keen,29,Halberd,SpearAxe,1.1,pierce,standard,152,0,0,0,0,0.45,0.95,0,0,0,18,15,0,0,0,0,0,0,0,0,0,0,6,6,6,6,103,Spinning Slash,0,0,0
18090300,Glaive,Quality,29,Halberd,SpearAxe,1.1,pierce,standard,152,0,0,0,0,0.7,0.7,0,0,0,18,15,0,0,0,0,0,0,0,0,0,0,6,6,6,6,103,Spinning Slash,0,0,0
18090400,Glaive,Glint,29,Halberd,SpearAxe,1.1,pierce,standard,0,152,0,0,0,0.35,0.35,0.9,0,0,18,15,0,0,0,0,0,0,0,0,0,0,6,6,6,6,103,Spinning Slash,0,0,0
18090500,Glaive,Dragonkin,29,Halberd,SpearAxe,1.1,pierce,standard,0,0,0,152,0,0.35,0.35,0.8,0,0,18,15,0,0,0,0,0,0,0,0,0,0,6,6,6,6,103,Spinning Slash,0,0,0
18090600,Glaive,Gravity,29,Halberd,SpearAxe,1.1,pierce,standard,152,0,0,0,0,0.35,0.35,0.9,0,0,18,15,0,0,0,0,0,0,0,0,0,0,6,6,6,6,103,Spinning Slash,0,0,0
18090700,Glaive,Flame,29,Halberd,SpearAxe,1.1,pierce,standard,0,0,152,0,0,0.35,0.35,0,0.8,0,18,15,0,0,0,0,0,0,0,0,0,0,6,6,6,6,103,Spinning Slash,0,0,0
18090800,Glaive,Golden,29,Halberd,SpearAxe,1.1,pierce,standard,0,0,0,0,132,0.35,0.35,0,0.9,0,18,15,0,0,0,0,0,0,0,0,0,0,6,6,6,6,103,Spinning Slash,0,0,0
18090900,Glaive,Draconic,29,Halberd,SpearAxe,1.1,pierce,standard,0,0,0,152,0,0.35,0.35,0,0.9,0,18,15,0,0,0,0,0,0,0,0,0,0,6,6,6,6,103,Spinning Slash,0,0,0
18091000,Glaive,Bestial,29,Halberd,SpearAxe,1.1,pierce,standard,152,0,0,0,0,0.35,0.35,0,0.9,0,18,15,0,0,0,0,0,0,0,0,0,0,6,6,6,6,103,Spinning Slash,0,0,0
18091100,Glaive,Night,29,Halberd,SpearAxe,1.1,pierce,standard,0,152,0,0,0,0.3,0.3,0.7,0.7,0,18,15,0,0,0,0,0,0,0,0,0,0,6,6,6,6,103,Spinning Slash,0,0,0
18091200,Glaive,Lava,29,Halberd,SpearAxe,1.1,pierce,standard,0,0,152,0,0,0.3,0.3,0.7,0.7,0,18,15,0,0,0,0,0,0,0,0,0,0,6,6,6,6,103,Spinning Slash,0,0,0
18091300,Glaive,Frenzy,29,Halberd,SpearAxe,1.1,pierce,standard,0,0,152,0,0,0.3,0.3,0.6,0.6,0,18,15,0,0,0,0,0,0,0,0,0,0,6,6,6,6,103,Spinning Slash,0,0,0
18091400,Glaive,Death,29,Halberd,SpearAxe,1.1,pierce,standard,0,0,0,0,132,0.3,0.3,0.6,0.6,0,18,15,0,0,0,0,0,0,0,0,0,0,6,6,6,6,103,Spinning Slash,0,0,0
18091500,Glaive,Godslayer,29,Halberd,SpearAxe,1.1,pierce,standard,0,0,0,0,132,0.3,0.3,0.6,0.6,0,18,15,0,0,0,0,0,0,0,0,0,0,6,6,6,6,103,Spinning Slash,0,0,0
18091600,Glaive,Frost,29,Halberd,SpearAxe,1.1,pierce,standard,0,152,0,0,0,0.3,0.3,0.6,0,0.6,18,15,0,0,0,0,0,0,0,0,0,0,6,6,6,6,103,Spinning Slash,0,0,0
18091700,Glaive,Aberrant,29,Halberd,SpearAxe,1.1,pierce,standard,152,0,0,0,0,0.3,0.3,0.6,0,0.6,18,15,0,0,0,0,0,0,0,0,0,0,6,6,6,6,103,Spinning Slash,0,0,0
18091800,Glaive,Bloodflame,29,Halberd,SpearAxe,1.1,pierce,standard,0,0,152,0,0,0.3,0.3,0,0.6,0.6,18,15,0,0,0,0,0,0,0,0,0,0,6,6,6,6,103,Spinning Slash,0,0,0
18091900,Glaive,Rotten,29,Halberd,SpearAxe,1.1,pierce,standard,152,0,0,0,0,0.3,0.3,0,0.6,0.6,18,15,0,0,0,0,0,0,0,0,0,0,6,6,6,6,103,Spinning Slash,0,0,0
18092000,Glaive,Storm,29,Halberd,SpearAxe,1.1,pierce,standard,152,0,0,0,0,0.3,0.3,0.7,0.7,0,18,15,0,0,0,0,0,0,0,0,0,0,6,6,6,6,103,Spinning Slash,0,0,0
18092100,Glaive,Mystic,29,Halberd,SpearAxe,1.1,pierce,standard,0,152,0,0,0,0.3,0.3,0,0.6,0.6,18,15,0,0,0,0,0,0,0,0,0,0,6,6,6,6,103,Spinning Slash,0,0,0
18100000,Loretta's War Sickle,Standard,29,Halberd,SpearAxe,1.1,pierce,standard,0,149,0,0,0,0.6,0.6,1.1,0,0,13,13,25,0,0,2200,0,0,0,0,0,0,6,6,6,6,118,Loretta's Slash,1,0,0
18110000,Guardian's Spearblade (straight sword),Standard,3,Straight Sword,SwordNormal,1.03,pierce,standard,0,0,0,0,119,0.35,0.45,0,0.95,0,8,10,0,20,0,2200,0,0,0,0,0,0,6,6,6,6,229,Erdtree Mastery,1,0,0
18120000,Glaive of the Ancients (Draconic),Standard,29,Halberd,SpearAxe,1.1,pierce,standard,0,0,0,150,0,0.75,0.75,0,0.95,0,20,15,0,25,0,2200,0,0,0,0,0,0,6,6,6,6,815,,1,0,0
18130000,Vulgar Militia Shotel,Standard,29,Halberd,SpearAxe,0.96,pierce,standard,121,0,0,0,0,0.45,0.55,0,1,0,8,12,0,16,0,2200,0,0,0,0,0,0,6,6,6,6,103,Spinning Slash,1,0,0
18140000,Dragon Halberd,Standard,29,Halberd,SpearAxe,1.075,pierce,standard,0,0,0,135,0,0.75,0.5,0.9,0,0,18,10,22,0,0,2200,0,0,0,0,0,0,6,6,6,6,1166,,1,0,0
18150000,Gargoyle's Halberd,Standard,29,Halberd,SpearAxe,1.08,pierce,standard,131,0,0,0,0,0.5,0.4,0.8,0.8,0,20,10,18,18,0,2200,0,0,0,0,0,0,6,6,6,6,103,Spinning Slash,1,0,0
18160000,Gargoyle's Black Halberd,Standard,29,Halberd,SpearAxe,1.08,pierce,standard,0,0,0,0,128,0.5,0.35,0.7,0.7,0,20,10,22,22,0,2200,0,0,0,0,0,0,6,6,6,6,103,Spinning Slash,1,0,0
18170000,Reaver's Odachi,Standard,94,Great Katana,GreatKatana,1.1,slash,standard,151,0,0,0,0,0.9,0.9,0,0,0,20,20,0,0,0,2200,0,0,0,0,0,0,6,6,6,6,145,Heart Piercer,1,0,0
18180000,Rhys' Swordspear,Standard,29,Halberd,SpearAxe,1.03,pierce,standard,0,139,0,0,0,0.5,0.5,1.2,0,0,12,12,27,0,0,2200,0,0,0,0,0,0,6,6,6,6,813,,1,0,0
18190000,Starcaller Mattock,Standard,29,Halberd,SpearAxe,0.93,pierce,standard,128,0,0,0,0,0.65,0.15,0.95,0,0,10,0,20,0,0,2200,0,0,0,0,0,0,6,6,6,6,657,,1,0,0
18200000,Blightpole,Standard,29,Halberd,SpearAxe,1.1,strike,standard,0,0,0,0,119,0.1,0,0.85,0.85,0,0,0,22,22,0,2200,0,0,0,0,0,0,6,6,6,6,103,Spinning Slash,1,0,0
18250000,Halberd of Archea,Standard,29,Halberd,SpearAxe,1.15,pierce,standard,143,0,0,0,0,0.75,0.4,0,1.15,0,18,8,0,32,0,2200,0,0,0,0,0,0,6,6,6,6,162,,1,0,0
18500000,Spirit Glaive,Standard,29,Halberd,SpearAxe,0.95,slash,pierce,0,0,0,0,150,0.75,0.55,0.75,0.75,0,16,12,16,16,0,2200,0,0,0,0,0,0,6,6,6,6,5290,Rancor Flurry,1,0,0
18510000,Poleblade of the Bud,Standard,29,Halberd,SpearAxe,1.14,slash,pierce,140,0,0,0,0,0.55,0.75,0,0.75,0.75,14,22,0,20,20,2200,0,0,0,0,0,0,6,6,6,6,5300,Romina's Purification,1,0,0
18520000,Glaive of the Crusade,Standard,29,Halberd,SpearAxe,0.95,slash,pierce,0,0,133,0,0,0.65,0.65,0,1.1,0,13,13,0,30,0,2200,0,0,0,0,0,0,6,6,6,6,161,,1,0,0
19000000,Scythe,Standard,31,Scythe,Sickle,1,slash,slash,155,0,0,0,0,0.3,0.65,0,0,0,14,14,0,0,0,0,0,0,0,0,0,0,6,6,6,6,103,Spinning Slash,0,0,0
19000100,Scythe,Heavy,31,Scythe,Sickle,1,slash,slash,155,0,0,0,0,0.6,0.5,0,0,0,14,14,0,0,0,0,0,0,0,0,0,0,6,6,6,6,103,Spinning Slash,0,0,0
19000200,Scythe,Keen,31,Scythe,Sickle,1,slash,slash,155,0,0,0,0,0.1,1.15,0,0,0,14,14,0,0,0,0,0,0,0,0,0,0,6,6,6,6,103,Spinning Slash,0,0,0
19000300,Scythe,Quality,31,Scythe,Sickle,1,slash,slash,155,0,0,0,0,0.45,0.65,0,0,0,14,14,0,0,0,0,0,0,0,0,0,0,6,6,6,6,103,Spinning Slash,0,0,0
19000400,Scythe,Glint,31,Scythe,Sickle,1,slash,slash,0,155,0,0,0,0.15,0.3,0.85,0,0,14,14,0,0,0,0,0,0,0,0,0,0,6,6,6,6,103,Spinning Slash,0,0,0
19000500,Scythe,Dragonkin,31,Scythe,Sickle,1,slash,slash,0,0,0,155,0,0.15,0.3,0.75,0,0,14,14,0,0,0,0,0,0,0,0,0,0,6,6,6,6,103,Spinning Slash,0,0,0
19000600,Scythe,Gravity,31,Scythe,Sickle,1,slash,slash,155,0,0,0,0,0.15,0.3,0.85,0,0,14,14,0,0,0,0,0,0,0,0,0,0,6,6,6,6,103,Spinning Slash,0,0,0
19000700,Scythe,Flame,31,Scythe,Sickle,1,slash,slash,0,0,155,0,0,0.15,0.3,0,0.75,0,14,14,0,0,0,0,0,0,0,0,0,0,6,6,6,6,103,Spinning Slash,0,0,0
19000800,Scythe,Golden,31,Scythe,Sickle,1,slash,slash,0,0,0,0,135,0.15,0.3,0,0.85,0,14,14,0,0,0,0,0,0,0,0,0,0,6,6,6,6,103,Spinning Slash,0,0,0
19000900,Scythe,Draconic,31,Scythe,Sickle,1,slash,slash,0,0,0,155,0,0.15,0.3,0,0.85,0,14,14,0,0,0,0,0,0,0,0,0,0,6,6,6,6,103,Spinning Slash,0,0,0
19001000,Scythe,Bestial,31,Scythe,Sickle,1,slash,slash,155,0,0,0,0,0.15,0.3,0,0.85,0,14,14,0,0,0,0,0,0,0,0,0,0,6,6,6,6,103,Spinning Slash,0,0,0
19001100,Scythe,Night,31,Scythe,Sickle,1,slash,slash,0,155,0,0,0,0.1,0.2,0.7,0.7,0,14,14,0,0,0,0,0,0,0,0,0,0,6,6,6,6,103,Spinning Slash,0,0,0
19001200,Scythe,Lava,31,Scythe,Sickle,1,slash,slash,0,0,155,0,0,0.1,0.2,0.7,0.7,0,14,14,0,0,0,0,0,0,0,0,0,0,6,6,6,6,103,Spinning Slash,0,0,0
19001300,Scythe,Frenzy,31,Scythe,Sickle,1,slash,slash,0,0,155,0,0,0.1,0.2,0.6,0.6,0,14,14,0,0,0,0,0,0,0,0,0,0,6,6,6,6,103,Spinning Slash,0,0,0
19001400,Scythe,Death,31,Scythe,Sickle,1,slash,slash,0,0,0,0,135,0.1,0.2,0.6,0.6,0,14,14,0,0,0,0,0,0,0,0,0,0,6,6,6,6,103,Spinning Slash,0,0,0
19001500,Scythe,Godslayer,31,Scythe,Sickle,1,slash,slash,0,0,0,0,135,0.1,0.2,0.6,0.6,0,14,14,0,0,0,0,0,0,0,0,0,0,6,6,6,6,103,Spinning Slash,0,0,0
19001600,Scythe,Frost,31,Scythe,Sickle,1,slash,slash,0,155,0,0,0,0.1,0.2,0.6,0,0.6,14,14,0,0,0,0,0,0,0,0,0,0,6,6,6,6,103,Spinning Slash,0,0,0
19001700,Scythe,Aberrant,31,Scythe,Sickle,1,slash,slash,155,0,0,0,0,0.1,0.2,0.6,0,0.6,14,14,0,0,0,0,0,0,0,0,0,0,6,6,6,6,103,Spinning Slash,0,0,0
19001800,Scythe,Bloodflame,31,Scythe,Sickle,1,slash,slash,0,0,155,0,0,0.1,0.2,0,0.6,0.6,14,14,0,0,0,0,0,0,0,0,0,0,6,6,6,6,103,Spinning Slash,0,0,0
19001900,Scythe,Rotten,31,Scythe,Sickle,1,slash,slash,155,0,0,0,0,0.1,0.2,0,0.6,0.6,14,14,0,0,0,0,0,0,0,0,0,0,6,6,6,6,103,Spinning Slash,0,0,0
19002000,Scythe,Storm,31,Scythe,Sickle,1,slash,slash,155,0,0,0,0,0.1,0.2,0.7,0.7,0,14,14,0,0,0,0,0,0,0,0,0,0,6,6,6,6,103,Spinning Slash,0,0,0
19002100,Scythe,Mystic,31,Scythe,Sickle,1,slash,slash,0,155,0,0,0,0.1,0.2,0,0.6,0.6,14,14,0,0,0,0,0,0,0,0,0,0,6,6,6,6,103,Spinning Slash,0,0,0
19010000,Grave Scythe,Standard,31,Scythe,Sickle,1.06,slash,slash,166,0,0,0,0,0.35,0.65,0,0,0,17,13,0,0,0,0,0,0,0,0,0,0,6,6,6,6,103,Spinning Slash,0,0,0
19010100,Grave Scythe,Heavy,31,Scythe,Sickle,1.06,slash,slash,166,0,0,0,0,0.65,0.5,0,0,0,17,13,0,0,0,0,0,0,0,0,0,0,6,6,6,6,103,Spinning Slash,0,0,0
19010200,Grave Scythe,Keen,31,Scythe,Sickle,1.06,slash,slash,166,0,0,0,0,0.15,1.15,0,0,0,17,13,0,0,0,0,0,0,0,0,0,0,6,6,6,6,103,Spinning Slash,0,0,0
19010300,Grave Scythe,Quality,31,Scythe,Sickle,1.06,slash,slash,166,0,0,0,0,0.5,0.65,0,0,0,17,13,0,0,0,0,0,0,0,0,0,0,6,6,6,6,103,Spinning Slash,0,0,0
19010400,Grave Scythe,Glint,31,Scythe,Sickle,1.06,slash,slash,0,166,0,0,0,0.2,0.3,0.85,0,0,17,13,0,0,0,0,0,0,0,0,0,0,6,6,6,6,103,Spinning Slash,0,0,0
19010500,Grave Scythe,Dragonkin,31,Scythe,Sickle,1.06,slash,slash,0,0,0,166,0,0.2,0.3,0.75,0,0,17,13,0,0,0,0,0,0,0,0,0,0,6,6,6,6,103,Spinning Slash,0,0,0
19010600,Grave Scythe,Gravity,31,Scythe,Sickle,1.06,slash,slash,166,0,0,0,0,0.2,0.3,0.85,0,0,17,13,0,0,0,0,0,0,0,0,0,0,6,6,6,6,103,Spinning Slash,0,0,0
19010700,Grave Scythe,Flame,31,Scythe,Sickle,1.06,slash,slash,0,0,166,0,0,0.2,0.3,0,0.75,0,17,13,0,0,0,0,0,0,0,0,0,0,6,6,6,6,103,Spinning Slash,0,0,0
19010800,Grave Scythe,Golden,31,Scythe,Sickle,1.06,slash,slash,0,0,0,0,144,0.2,0.3,0,0.85,0,17,13,0,0,0,0,0,0,0,0,0,0,6,6,6,6,103,Spinning Slash,0,0,0
19010900,Grave Scythe,Draconic,31,Scythe,Sickle,1.06,slash,slash,0,0,0,166,0,0.2,0.3,0,0.85,0,17,13,0,0,0,0,0,0,0,0,0,0,6,6,6,6,103,Spinning Slash,0,0,0
19011000,Grave Scythe,Bestial,31,Scythe,Sickle,1.06,slash,slash,166,0,0,0,0,0.2,0.3,0,0.85,0,17,13,0,0,0,0,0,0,0,0,0,0,6,6,6,6,103,Spinning Slash,0,0,0
19011100,Grave Scythe,Night,31,Scythe,Sickle,1.06,slash,slash,0,166,0,0,0,0.15,0.2,0.7,0.7,0,17,13,0,0,0,0,0,0,0,0,0,0,6,6,6,6,103,Spinning Slash,0,0,0
19011200,Grave Scythe,Lava,31,Scythe,Sickle,1.06,slash,slash,0,0,166,0,0,0.15,0.2,0.7,0.7,0,17,13,0,0,0,0,0,0,0,0,0,0,6,6,6,6,103,Spinning Slash,0,0,0
19011300,Grave Scythe,Frenzy,31,Scythe,Sickle,1.06,slash,slash,0,0,166,0,0,0.15,0.2,0.6,0.6,0,17,13,0,0,0,0,0,0,0,0,0,0,6,6,6,6,103,Spinning Slash,0,0,0
19011400,Grave Scythe,Death,31,Scythe,Sickle,1.06,slash,slash,0,0,0,0,144,0.15,0.2,0.6,0.6,0,17,13,0,0,0,0,0,0,0,0,0,0,6,6,6,6,103,Spinning Slash,0,0,0
19011500,Grave Scythe,Godslayer,31,Scythe,Sickle,1.06,slash,slash,0,0,0,0,144,0.15,0.2,0.6,0.6,0,17,13,0,0,0,0,0,0,0,0,0,0,6,6,6,6,103,Spinning Slash,0,0,0
19011600,Grave Scythe,Frost,31,Scythe,Sickle,1.06,slash,slash,0,166,0,0,0,0.15,0.2,0.6,0,0.6,17,13,0,0,0,0,0,0,0,0,0,0,6,6,6,6,103,Spinning Slash,0,0,0
19011700,Grave Scythe,Aberrant,31,Scythe,Sickle,1.06,slash,slash,166,0,0,0,0,0.15,0.2,0.6,0,0.6,17,13,0,0,0,0,0,0,0,0,0,0,6,6,6,6,103,Spinning Slash,0,0,0
19011800,Grave Scythe,Bloodflame,31,Scythe,Sickle,1.06,slash,slash,0,0,166,0,0,0.15,0.2,0,0.6,0.6,17,13,0,0,0,0,0,0,0,0,0,0,6,6,6,6,103,Spinning Slash,0,0,0
19011900,Grave Scythe,Rotten,31,Scythe,Sickle,1.06,slash,slash,166,0,0,0,0,0.15,0.2,0,0.6,0.6,17,13,0,0,0,0,0,0,0,0,0,0,6,6,6,6,103,Spinning Slash,0,0,0
19012000,Grave Scythe,Storm,31,Scythe,Sickle,1.06,slash,slash,166,0,0,0,0,0.15,0.2,0.7,0.7,0,17,13,0,0,0,0,0,0,0,0,0,0,6,6,6,6,103,Spinning Slash,0,0,0
19012100,Grave Scythe,Mystic,31,Scythe,Sickle,1.06,slash,slash,0,166,0,0,0,0.15,0.2,0,0.6,0.6,17,13,0,0,0,0,0,0,0,0,0,0,6,6,6,6,103,Spinning Slash,0,0,0
19020000,Halo Scythe,Standard,31,Scythe,Sickle,1.03,slash,slash,0,0,0,0,146,0.4,0.6,0,1,0,13,16,0,15,0,2200,0,0,0,0,0,0,6,6,6,6,222,Sacred Ring of Light,1,0,0
19040000,War Scythe [Heavy],Standard,31,Scythe,Sickle,1.06,slash,slash,147,0,0,0,0,1.1,0.6,0,0,0,20,15,0,0,0,2200,0,0,0,0,0,0,6,6,6,6,138,Lunging Harvest,1,0,0
19050000,Rosus' Harvester,Standard,31,Scythe,Sickle,1.06,slash,slash,0,0,0,0,143,0.2,0.6,0.85,0.85,0,10,16,18,18,0,2200,0,0,0,0,0,0,6,6,6,6,177,Blighted Summoning,1,0,0
19060000,Winged Scythe,Standard,31,Scythe,Sickle,1,slash,slash,0,0,0,0,141,0.3,0.85,0,0.85,0,16,16,0,24,0,2200,0,0,0,0,0,0,6,6,6,6,1189,Angel's Wings,1,0,0
19070000,Scarlet Triscythe,Standard,31,Scythe,Sickle,1.06,slash,slash,146,0,0,0,0,0.3,0.65,0,0.75,0.75,13,17,0,20,20,2200,0,0,0,0,0,0,6,6,6,6,808,Rotten Assault,1,0,0
19500000,Obsidian Lamina,Standard,31,Scythe,Sickle,0.97,slash,slash,0,0,144,0,0,0.25,0.65,0,0.8,0.8,12,20,0,17,17,2200,0,0,0,0,0,0,6,6,6,6,5120,Dynastic Sickleplay,1,0,0
20000000,Whip,Standard,39,Whip,Whip,1,strike,strike,115,0,0,0,0,0.2,0.7,0,0,0,8,14,0,0,0,0,0,0,0,0,0,0,6,6,6,6,503,Kick,0,0,0
20000100,Whip,Heavy,39,Whip,Whip,1,strike,strike,115,0,0,0,0,0.5,0.55,0,0,0,8,14,0,0,0,0,0,0,0,0,0,0,6,6,6,6,503,Kick,0,0,0
20000200,Whip,Keen,39,Whip,Whip,1,strike,strike,115,0,0,0,0,0.05,1.15,0,0,0,8,14,0,0,0,0,0,0,0,0,0,0,6,6,6,6,503,Kick,0,0,0
20000300,Whip,Quality,39,Whip,Whip,1,strike,strike,115,0,0,0,0,0.45,0.75,0,0,0,8,14,0,0,0,0,0,0,0,0,0,0,6,6,6,6,503,Kick,0,0,0
20000400,Whip,Glint,39,Whip,Whip,1,strike,strike,0,115,0,0,0,0.1,0.3,0.85,0,0,8,14,0,0,0,0,0,0,0,0,0,0,6,6,6,6,503,Kick,0,0,0
20000500,Whip,Dragonkin,39,Whip,Whip,1,strike,strike,0,0,0,115,0,0.1,0.3,0.75,0,0,8,14,0,0,0,0,0,0,0,0,0,0,6,6,6,6,503,Kick,0,0,0
20000600,Whip,Gravity,39,Whip,Whip,1,strike,strike,115,0,0,0,0,0.1,0.3,0.85,0,0,8,14,0,0,0,0,0,0,0,0,0,0,6,6,6,6,503,Kick,0,0,0
20000700,Whip,Flame,39,Whip,Whip,1,strike,strike,0,0,115,0,0,0.1,0.3,0,0.75,0,8,14,0,0,0,0,0,0,0,0,0,0,6,6,6,6,503,Kick,0,0,0
20000800,Whip,Golden,39,Whip,Whip,1,strike,strike,0,0,0,0,100,0.1,0.3,0,0.85,0,8,14,0,0,0,0,0,0,0,0,0,0,6,6,6,6,503,Kick,0,0,0
20000900,Whip,Draconic,39,Whip,Whip,1,strike,strike,0,0,0,115,0,0.1,0.3,0,0.85,0,8,14,0,0,0,0,0,0,0,0,0,0,6,6,6,6,503,Kick,0,0,0
20001000,Whip,Bestial,39,Whip,Whip,1,strike,strike,115,0,0,0,0,0.1,0.3,0,0.85,0,8,14,0,0,0,0,0,0,0,0,0,0,6,6,6,6,503,Kick,0,0,0
20001100,Whip,Night,39,Whip,Whip,1,strike,strike,0,115,0,0,0,0.05,0.2,0.7,0.7,0,8,14,0,0,0,0,0,0,0,0,0,0,6,6,6,6,503,Kick,0,0,0
20001200,Whip,Lava,39,Whip,Whip,1,strike,strike,0,0,115,0,0,0.05,0.2,0.7,0.7,0,8,14,0,0,0,0,0,0,0,0,0,0,6,6,6,6,503,Kick,0,0,0
20001300,Whip,Frenzy,39,Whip,Whip,1,strike,strike,0,0,115,0,0,0.05,0.2,0.6,0.6,0,8,14,0,0,0,0,0,0,0,0,0,0,6,6,6,6,503,Kick,0,0,0
20001400,Whip,Death,39,Whip,Whip,1,strike,strike,0,0,0,0,100,0.05,0.2,0.6,0.6,0,8,14,0,0,0,0,0,0,0,0,0,0,6,6,6,6,503,Kick,0,0,0
20001500,Whip,Godslayer,39,Whip,Whip,1,strike,strike,0,0,0,0,100,0.05,0.2,0.6,0.6,0,8,14,0,0,0,0,0,0,0,0,0,0,6,6,6,6,503,Kick,0,0,0
20001600,Whip,Frost,39,Whip,Whip,1,strike,strike,0,115,0,0,0,0.05,0.2,0.6,0,0.6,8,14,0,0,0,0,0,0,0,0,0,0,6,6,6,6,503,Kick,0,0,0
20001700,Whip,Aberrant,39,Whip,Whip,1,strike,strike,115,0,0,0,0,0.05,0.2,0.6,0,0.6,8,14,0,0,0,0,0,0,0,0,0,0,6,6,6,6,503,Kick,0,0,0
20001800,Whip,Bloodflame,39,Whip,Whip,1,strike,strike,0,0,115,0,0,0.05,0.2,0,0.6,0.6,8,14,0,0,0,0,0,0,0,0,0,0,6,6,6,6,503,Kick,0,0,0
20001900,Whip,Rotten,39,Whip,Whip,1,strike,strike,115,0,0,0,0,0.05,0.2,0,0.6,0.6,8,14,0,0,0,0,0,0,0,0,0,0,6,6,6,6,503,Kick,0,0,0
20002000,Whip,Storm,39,Whip,Whip,1,strike,strike,115,0,0,0,0,0.05,0.2,0.7,0.7,0,8,14,0,0,0,0,0,0,0,0,0,0,6,6,6,6,503,Kick,0,0,0
20002100,Whip,Mystic,39,Whip,Whip,1,strike,strike,0,115,0,0,0,0.05,0.2,0,0.6,0.6,8,14,0,0,0,0,0,0,0,0,0,0,6,6,6,6,503,Kick,0,0,0
20020000,Thorned Whip,Standard,39,Whip,Whip,1.07,strike,strike,117,0,0,0,0,0.25,0.7,0,0,0,8,16,0,0,0,0,0,0,0,0,0,0,6,6,6,6,503,Kick,0,0,0
20020100,Thorned Whip,Heavy,39,Whip,Whip,1.07,strike,strike,117,0,0,0,0,0.55,0.55,0,0,0,8,16,0,0,0,0,0,0,0,0,0,0,6,6,6,6,503,Kick,0,0,0
20020200,Thorned Whip,Keen,39,Whip,Whip,1.07,strike,strike,117,0,0,0,0,0.1,1.15,0,0,0,8,16,0,0,0,0,0,0,0,0,0,0,6,6,6,6,503,Kick,0,0,0
20020300,Thorned Whip,Quality,39,Whip,Whip,1.07,strike,strike,117,0,0,0,0,0.5,0.75,0,0,0,8,16,0,0,0,0,0,0,0,0,0,0,6,6,6,6,503,Kick,0,0,0
20020400,Thorned Whip,Glint,39,Whip,Whip,1.07,strike,strike,0,117,0,0,0,0.15,0.3,0.85,0,0,8,16,0,0,0,0,0,0,0,0,0,0,6,6,6,6,503,Kick,0,0,0
20020500,Thorned Whip,Dragonkin,39,Whip,Whip,1.07,strike,strike,0,0,0,117,0,0.15,0.3,0.75,0,0,8,16,0,0,0,0,0,0,0,0,0,0,6,6,6,6,503,Kick,0,0,0
20020600,Thorned Whip,Gravity,39,Whip,Whip,1.07,strike,strike,117,0,0,0,0,0.15,0.3,0.85,0,0,8,16,0,0,0,0,0,0,0,0,0,0,6,6,6,6,503,Kick,0,0,0
20020700,Thorned Whip,Flame,39,Whip,Whip,1.07,strike,strike,0,0,117,0,0,0.15,0.3,0,0.75,0,8,16,0,0,0,0,0,0,0,0,0,0,6,6,6,6,503,Kick,0,0,0
20020800,Thorned Whip,Golden,39,Whip,Whip,1.07,strike,strike,0,0,0,0,102,0.15,0.3,0,0.85,0,8,16,0,0,0,0,0,0,0,0,0,0,6,6,6,6,503,Kick,0,0,0
20020900,Thorned Whip,Draconic,39,Whip,Whip,1.07,strike,strike,0,0,0,117,0,0.15,0.3,0,0.85,0,8,16,0,0,0,0,0,0,0,0,0,0,6,6,6,6,503,Kick,0,0,0
20021000,Thorned Whip,Bestial,39,Whip,Whip,1.07,strike,strike,117,0,0,0,0,0.15,0.3,0,0.85,0,8,16,0,0,0,0,0,0,0,0,0,0,6,6,6,6,503,Kick,0,0,0
20021100,Thorned Whip,Night,39,Whip,Whip,1.07,strike,strike,0,117,0,0,0,0.1,0.2,0.7,0.7,0,8,16,0,0,0,0,0,0,0,0,0,0,6,6,6,6,503,Kick,0,0,0
20021200,Thorned Whip,Lava,39,Whip,Whip,1.07,strike,strike,0,0,117,0,0,0.1,0.2,0.7,0.7,0,8,16,0,0,0,0,0,0,0,0,0,0,6,6,6,6,503,Kick,0,0,0
20021300,Thorned Whip,Frenzy,39,Whip,Whip,1.07,strike,strike,0,0,117,0,0,0.1,0.2,0.6,0.6,0,8,16,0,0,0,0,0,0,0,0,0,0,6,6,6,6,503,Kick,0,0,0
20021400,Thorned Whip,Death,39,Whip,Whip,1.07,strike,strike,0,0,0,0,102,0.1,0.2,0.6,0.6,0,8,16,0,0,0,0,0,0,0,0,0,0,6,6,6,6,503,Kick,0,0,0
20021500,Thorned Whip,Godslayer,39,Whip,Whip,1.07,strike,strike,0,0,0,0,102,0.1,0.2,0.6,0.6,0,8,16,0,0,0,0,0,0,0,0,0,0,6,6,6,6,503,Kick,0,0,0
20021600,Thorned Whip,Frost,39,Whip,Whip,1.07,strike,strike,0,117,0,0,0,0.1,0.2,0.6,0,0.6,8,16,0,0,0,0,0,0,0,0,0,0,6,6,6,6,503,Kick,0,0,0
20021700,Thorned Whip,Aberrant,39,Whip,Whip,1.07,strike,strike,117,0,0,0,0,0.1,0.2,0.6,0,0.6,8,16,0,0,0,0,0,0,0,0,0,0,6,6,6,6,503,Kick,0,0,0
20021800,Thorned Whip,Bloodflame,39,Whip,Whip,1.07,strike,strike,0,0,117,0,0,0.1,0.2,0,0.6,0.6,8,16,0,0,0,0,0,0,0,0,0,0,6,6,6,6,503,Kick,0,0,0
20021900,Thorned Whip,Rotten,39,Whip,Whip,1.07,strike,strike,117,0,0,0,0,0.1,0.2,0,0.6,0.6,8,16,0,0,0,0,0,0,0,0,0,0,6,6,6,6,503,Kick,0,0,0
20022000,Thorned Whip,Storm,39,Whip,Whip,1.07,strike,strike,117,0,0,0,0,0.1,0.2,0.7,0.7,0,8,16,0,0,0,0,0,0,0,0,0,0,6,6,6,6,503,Kick,0,0,0
20022100,Thorned Whip,Mystic,39,Whip,Whip,1.07,strike,strike,0,117,0,0,0,0.1,0.2,0,0.6,0.6,8,16,0,0,0,0,0,0,0,0,0,0,6,6,6,6,503,Kick,0,0,0
20030000,Magma Whip Candlestick,Standard,39,Whip,Whip,1.03,strike,strike,0,0,121,0,0,0.35,0.65,0.85,0.85,0,8,14,16,16,0,2200,0,0,0,0,0,0,6,6,6,6,1006,Sea of Magma,1,0,0
20050000,Hoslow's Petal Whip,Standard,39,Whip,Whip,1.13,strike,strike,115,0,0,0,0,0.55,0.55,0.7,0,0.7,10,20,15,0,15,2200,0,0,0,0,0,0,6,6,6,6,503,Kick,1,0,0
20060000,Giant's Red Braid,Standard,39,Whip,Whip,1.03,strike,strike,0,0,123,0,0,0.45,0.8,0,1,0,18,12,0,21,0,2200,0,0,0,0,0,0,6,6,6,6,1045,Flame Dance,1,0,0
20070000,Urumi,Standard,39,Whip,Whip,1.06,slash,slash,125,0,0,0,0,0.25,0.8,0,0,0,10,19,0,0,0,0,0,0,0,0,0,0,6,6,6,6,503,Kick,0,0,0
20070100,Urumi,Heavy,39,Whip,Whip,1.06,slash,slash,125,0,0,0,0,0.55,0.65,0,0,0,10,19,0,0,0,0,0,0,0,0,0,0,6,6,6,6,503,Kick,0,0,0
20070200,Urumi,Keen,39,Whip,Whip,1.06,slash,slash,125,0,0,0,0,0.1,1.25,0,0,0,10,19,0,0,0,0,0,0,0,0,0,0,6,6,6,6,503,Kick,0,0,0
20070300,Urumi,Quality,39,Whip,Whip,1.06,slash,slash,125,0,0,0,0,0.5,0.85,0,0,0,10,19,0,0,0,0,0,0,0,0,0,0,6,6,6,6,503,Kick,0,0,0
20070400,Urumi,Glint,39,Whip,Whip,1.06,slash,slash,0,125,0,0,0,0.15,0.4,0.85,0,0,10,19,0,0,0,0,0,0,0,0,0,0,6,6,6,6,503,Kick,0,0,0
20070500,Urumi,Dragonkin,39,Whip,Whip,1.06,slash,slash,0,0,0,125,0,0.15,0.4,0.75,0,0,10,19,0,0,0,0,0,0,0,0,0,0,6,6,6,6,503,Kick,0,0,0
20070600,Urumi,Gravity,39,Whip,Whip,1.06,slash,slash,125,0,0,0,0,0.15,0.4,0.85,0,0,10,19,0,0,0,0,0,0,0,0,0,0,6,6,6,6,503,Kick,0,0,0
20070700,Urumi,Flame,39,Whip,Whip,1.06,slash,slash,0,0,125,0,0,0.15,0.4,0,0.75,0,10,19,0,0,0,0,0,0,0,0,0,0,6,6,6,6,503,Kick,0,0,0
20070800,Urumi,Golden,39,Whip,Whip,1.06,slash,slash,0,0,0,0,109,0.15,0.4,0,0.85,0,10,19,0,0,0,0,0,0,0,0,0,0,6,6,6,6,503,Kick,0,0,0
20070900,Urumi,Draconic,39,Whip,Whip,1.06,slash,slash,0,0,0,125,0,0.15,0.4,0,0.85,0,10,19,0,0,0,0,0,0,0,0,0,0,6,6,6,6,503,Kick,0,0,0
20071000,Urumi,Bestial,39,Whip,Whip,1.06,slash,slash,125,0,0,0,0,0.15,0.4,0,0.85,0,10,19,0,0,0,0,0,0,0,0,0,0,6,6,6,6,503,Kick,0,0,0
20071100,Urumi,Night,39,Whip,Whip,1.06,slash,slash,0,125,0,0,0,0.1,0.3,0.7,0.7,0,10,19,0,0,0,0,0,0,0,0,0,0,6,6,6,6,503,Kick,0,0,0
20071200,Urumi,Lava,39,Whip,Whip,1.06,slash,slash,0,0,125,0,0,0.1,0.3,0.7,0.7,0,10,19,0,0,0,0,0,0,0,0,0,0,6,6,6,6,503,Kick,0,0,0
20071300,Urumi,Frenzy,39,Whip,Whip,1.06,slash,slash,0,0,125,0,0,0.1,0.3,0.6,0.6,0,10,19,0,0,0,0,0,0,0,0,0,0,6,6,6,6,503,Kick,0,0,0
20071400,Urumi,Death,39,Whip,Whip,1.06,slash,slash,0,0,0,0,109,0.1,0.3,0.6,0.6,0,10,19,0,0,0,0,0,0,0,0,0,0,6,6,6,6,503,Kick,0,0,0
20071500,Urumi,Godslayer,39,Whip,Whip,1.06,slash,slash,0,0,0,0,109,0.1,0.3,0.6,0.6,0,10,19,0,0,0,0,0,0,0,0,0,0,6,6,6,6,503,Kick,0,0,0
20071600,Urumi,Frost,39,Whip,Whip,1.06,slash,slash,0,125,0,0,0,0.1,0.3,0.6,0,0.6,10,19,0,0,0,0,0,0,0,0,0,0,6,6,6,6,503,Kick,0,0,0
20071700,Urumi,Aberrant,39,Whip,Whip,1.06,slash,slash,125,0,0,0,0,0.1,0.3,0.6,0,0.6,10,19,0,0,0,0,0,0,0,0,0,0,6,6,6,6,503,Kick,0,0,0
20071800,Urumi,Bloodflame,39,Whip,Whip,1.06,slash,slash,0,0,125,0,0,0.1,0.3,0,0.6,0.6,10,19,0,0,0,0,0,0,0,0,0,0,6,6,6,6,503,Kick,0,0,0
20071900,Urumi,Rotten,39,Whip,Whip,1.06,slash,slash,125,0,0,0,0,0.1,0.3,0,0.6,0.6,10,19,0,0,0,0,0,0,0,0,0,0,6,6,6,6,503,Kick,0,0,0
20072000,Urumi,Storm,39,Whip,Whip,1.06,slash,slash,125,0,0,0,0,0.1,0.3,0.7,0.7,0,10,19,0,0,0,0,0,0,0,0,0,0,6,6,6,6,503,Kick,0,0,0
20072100,Urumi,Mystic,39,Whip,Whip,1.06,slash,slash,0,125,0,0,0,0.1,0.3,0,0.6,0.6,10,19,0,0,0,0,0,0,0,0,0,0,6,6,6,6,503,Kick,0,0,0
20500000,Tooth Whip,Standard,39,Whip,Whip,1.06,strike,strike,111,0,0,0,0,0.25,1.1,0,0,0,10,24,0,0,0,2200,0,0,0,0,0,0,6,6,6,6,5420,Painful Strike,1,0,0
21000000,Caestus,Standard,35,Fist,Knuckle,1,strike,strike,103,0,0,0,0,0.45,0.45,0,0,0,8,8,0,0,0,0,0,0,0,0,0,0,6,6,6,6,700,Endure,0,1,0
21000100,Caestus,Heavy,35,Fist,Knuckle,1,strike,strike,103,0,0,0,0,0.8,0.35,0,0,0,8,8,0,0,0,0,0,0,0,0,0,0,6,6,6,6,700,Endure,0,1,0
21000200,Caestus,Keen,35,Fist,Knuckle,1,strike,strike,103,0,0,0,0,0.35,0.8,0,0,0,8,8,0,0,0,0,0,0,0,0,0,0,6,6,6,6,700,Endure,0,1,0
21000300,Caestus,Quality,35,Fist,Knuckle,1,strike,strike,103,0,0,0,0,0.75,0.75,0,0,0,8,8,0,0,0,0,0,0,0,0,0,0,6,6,6,6,700,Endure,0,1,0
21000400,Caestus,Glint,35,Fist,Knuckle,1,strike,strike,0,103,0,0,0,0.3,0.3,0.9,0,0,8,8,0,0,0,0,0,0,0,0,0,0,6,6,6,6,700,Endure,0,1,0
21000500,Caestus,Dragonkin,35,Fist,Knuckle,1,strike,strike,0,0,0,103,0,0.3,0.3,0.8,0,0,8,8,0,0,0,0,0,0,0,0,0,0,6,6,6,6,700,Endure,0,1,0
21000600,Caestus,Gravity,35,Fist,Knuckle,1,strike,strike,103,0,0,0,0,0.3,0.3,0.9,0,0,8,8,0,0,0,0,0,0,0,0,0,0,6,6,6,6,700,Endure,0,1,0
21000700,Caestus,Flame,35,Fist,Knuckle,1,strike,strike,0,0,103,0,0,0.3,0.3,0,0.8,0,8,8,0,0,0,0,0,0,0,0,0,0,6,6,6,6,700,Endure,0,1,0
21000800,Caestus,Golden,35,Fist,Knuckle,1,strike,strike,0,0,0,0,90,0.3,0.3,0,0.9,0,8,8,0,0,0,0,0,0,0,0,0,0,6,6,6,6,700,Endure,0,1,0
21000900,Caestus,Draconic,35,Fist,Knuckle,1,strike,strike,0,0,0,103,0,0.3,0.3,0,0.9,0,8,8,0,0,0,0,0,0,0,0,0,0,6,6,6,6,700,Endure,0,1,0
21001000,Caestus,Bestial,35,Fist,Knuckle,1,strike,strike,103,0,0,0,0,0.3,0.3,0,0.9,0,8,8,0,0,0,0,0,0,0,0,0,0,6,6,6,6,700,Endure,0,1,0
21001100,Caestus,Night,35,Fist,Knuckle,1,strike,strike,0,103,0,0,0,0.25,0.25,0.7,0.7,0,8,8,0,0,0,0,0,0,0,0,0,0,6,6,6,6,700,Endure,0,1,0
21001200,Caestus,Lava,35,Fist,Knuckle,1,strike,strike,0,0,103,0,0,0.25,0.25,0.7,0.7,0,8,8,0,0,0,0,0,0,0,0,0,0,6,6,6,6,700,Endure,0,1,0
21001300,Caestus,Frenzy,35,Fist,Knuckle,1,strike,strike,0,0,103,0,0,0.25,0.25,0.6,0.6,0,8,8,0,0,0,0,0,0,0,0,0,0,6,6,6,6,700,Endure,0,1,0
21001400,Caestus,Death,35,Fist,Knuckle,1,strike,strike,0,0,0,0,90,0.25,0.25,0.6,0.6,0,8,8,0,0,0,0,0,0,0,0,0,0,6,6,6,6,700,Endure,0,1,0
21001500,Caestus,Godslayer,35,Fist,Knuckle,1,strike,strike,0,0,0,0,90,0.25,0.25,0.6,0.6,0,8,8,0,0,0,0,0,0,0,0,0,0,6,6,6,6,700,Endure,0,1,0
21001600,Caestus,Frost,35,Fist,Knuckle,1,strike,strike,0,103,0,0,0,0.25,0.25,0.6,0,0.6,8,8,0,0,0,0,0,0,0,0,0,0,6,6,6,6,700,Endure,0,1,0
21001700,Caestus,Aberrant,35,Fist,Knuckle,1,strike,strike,103,0,0,0,0,0.25,0.25,0.6,0,0.6,8,8,0,0,0,0,0,0,0,0,0,0,6,6,6,6,700,Endure,0,1,0
21001800,Caestus,Bloodflame,35,Fist,Knuckle,1,strike,strike,0,0,103,0,0,0.25,0.25,0,0.6,0.6,8,8,0,0,0,0,0,0,0,0,0,0,6,6,6,6,700,Endure,0,1,0
21001900,Caestus,Rotten,35,Fist,Knuckle,1,strike,strike,103,0,0,0,0,0.25,0.25,0,0.6,0.6,8,8,0,0,0,0,0,0,0,0,0,0,6,6,6,6,700,Endure,0,1,0
21002000,Caestus,Storm,35,Fist,Knuckle,1,strike,strike,103,0,0,0,0,0.25,0.25,0.7,0.7,0,8,8,0,0,0,0,0,0,0,0,0,0,6,6,6,6,700,Endure,0,1,0
21002100,Caestus,Mystic,35,Fist,Knuckle,1,strike,strike,0,103,0,0,0,0.25,0.25,0,0.6,0.6,8,8,0,0,0,0,0,0,0,0,0,0,6,6,6,6,700,Endure,0,1,0
21010000,Spiked Caestus,Standard,35,Fist,Knuckle,1,strike,strike,105,0,0,0,0,0.45,0.45,0,0,0,8,9,0,0,0,0,0,0,0,0,0,0,6,6,6,6,700,Endure,0,1,0
21010100,Spiked Caestus,Heavy,35,Fist,Knuckle,1,strike,strike,105,0,0,0,0,0.8,0.35,0,0,0,8,9,0,0,0,0,0,0,0,0,0,0,6,6,6,6,700,Endure,0,1,0
21010200,Spiked Caestus,Keen,35,Fist,Knuckle,1,strike,strike,105,0,0,0,0,0.35,0.8,0,0,0,8,9,0,0,0,0,0,0,0,0,0,0,6,6,6,6,700,Endure,0,1,0
21010300,Spiked Caestus,Quality,35,Fist,Knuckle,1,strike,strike,105,0,0,0,0,0.75,0.75,0,0,0,8,9,0,0,0,0,0,0,0,0,0,0,6,6,6,6,700,Endure,0,1,0
21010400,Spiked Caestus,Glint,35,Fist,Knuckle,1,strike,strike,0,105,0,0,0,0.3,0.3,0.9,0,0,8,9,0,0,0,0,0,0,0,0,0,0,6,6,6,6,700,Endure,0,1,0
21010500,Spiked Caestus,Dragonkin,35,Fist,Knuckle,1,strike,strike,0,0,0,105,0,0.3,0.3,0.8,0,0,8,9,0,0,0,0,0,0,0,0,0,0,6,6,6,6,700,Endure,0,1,0
21010600,Spiked Caestus,Gravity,35,Fist,Knuckle,1,strike,strike,105,0,0,0,0,0.3,0.3,0.9,0,0,8,9,0,0,0,0,0,0,0,0,0,0,6,6,6,6,700,Endure,0,1,0
21010700,Spiked Caestus,Flame,35,Fist,Knuckle,1,strike,strike,0,0,105,0,0,0.3,0.3,0,0.8,0,8,9,0,0,0,0,0,0,0,0,0,0,6,6,6,6,700,Endure,0,1,0
21010800,Spiked Caestus,Golden,35,Fist,Knuckle,1,strike,strike,0,0,0,0,91,0.3,0.3,0,0.9,0,8,9,0,0,0,0,0,0,0,0,0,0,6,6,6,6,700,Endure,0,1,0
21010900,Spiked Caestus,Draconic,35,Fist,Knuckle,1,strike,strike,0,0,0,105,0,0.3,0.3,0,0.9,0,8,9,0,0,0,0,0,0,0,0,0,0,6,6,6,6,700,Endure,0,1,0
21011000,Spiked Caestus,Bestial,35,Fist,Knuckle,1,strike,strike,105,0,0,0,0,0.3,0.3,0,0.9,0,8,9,0,0,0,0,0,0,0,0,0,0,6,6,6,6,700,Endure,0,1,0
21011100,Spiked Caestus,Night,35,Fist,Knuckle,1,strike,strike,0,105,0,0,0,0.25,0.25,0.7,0.7,0,8,9,0,0,0,0,0,0,0,0,0,0,6,6,6,6,700,Endure,0,1,0
21011200,Spiked Caestus,Lava,35,Fist,Knuckle,1,strike,strike,0,0,105,0,0,0.25,0.25,0.7,0.7,0,8,9,0,0,0,0,0,0,0,0,0,0,6,6,6,6,700,Endure,0,1,0
21011300,Spiked Caestus,Frenzy,35,Fist,Knuckle,1,strike,strike,0,0,105,0,0,0.25,0.25,0.6,0.6,0,8,9,0,0,0,0,0,0,0,0,0,0,6,6,6,6,700,Endure,0,1,0
21011400,Spiked Caestus,Death,35,Fist,Knuckle,1,strike,strike,0,0,0,0,91,0.25,0.25,0.6,0.6,0,8,9,0,0,0,0,0,0,0,0,0,0,6,6,6,6,700,Endure,0,1,0
21011500,Spiked Caestus,Godslayer,35,Fist,Knuckle,1,strike,strike,0,0,0,0,91,0.25,0.25,0.6,0.6,0,8,9,0,0,0,0,0,0,0,0,0,0,6,6,6,6,700,Endure,0,1,0
21011600,Spiked Caestus,Frost,35,Fist,Knuckle,1,strike,strike,0,105,0,0,0,0.25,0.25,0.6,0,0.6,8,9,0,0,0,0,0,0,0,0,0,0,6,6,6,6,700,Endure,0,1,0
21011700,Spiked Caestus,Aberrant,35,Fist,Knuckle,1,strike,strike,105,0,0,0,0,0.25,0.25,0.6,0,0.6,8,9,0,0,0,0,0,0,0,0,0,0,6,6,6,6,700,Endure,0,1,0
21011800,Spiked Caestus,Bloodflame,35,Fist,Knuckle,1,strike,strike,0,0,105,0,0,0.25,0.25,0,0.6,0.6,8,9,0,0,0,0,0,0,0,0,0,0,6,6,6,6,700,Endure,0,1,0
21011900,Spiked Caestus,Rotten,35,Fist,Knuckle,1,strike,strike,105,0,0,0,0,0.25,0.25,0,0.6,0.6,8,9,0,0,0,0,0,0,0,0,0,0,6,6,6,6,700,Endure,0,1,0
21012000,Spiked Caestus,Storm,35,Fist,Knuckle,1,strike,strike,105,0,0,0,0,0.25,0.25,0.7,0.7,0,8,9,0,0,0,0,0,0,0,0,0,0,6,6,6,6,700,Endure,0,1,0
21012100,Spiked Caestus,Mystic,35,Fist,Knuckle,1,strike,strike,0,105,0,0,0,0.25,0.25,0,0.6,0.6,8,9,0,0,0,0,0,0,0,0,0,0,6,6,6,6,700,Endure,0,1,0
21020000,Daergraf's Opus,Standard,35,Fist,Knuckle,1.06,strike,strike,0,0,0,103,0,0.65,0.1,1.05,0,0,11,8,20,0,0,2200,0,0,0,0,0,0,6,6,6,6,179,Frozen Lightning Orb,1,1,0
21060000,Grafted Dragon,Standard,35,Fist,Knuckle,1.1,strike,strike,0,0,115,0,0,0.75,0.75,0,0.75,0,16,14,0,20,0,2200,0,0,0,0,0,0,6,6,6,6,1011,Bear Witness!,1,1,0
21070000,Iron Ball,Standard,35,Fist,Knuckle,1.06,strike,strike,116,0,0,0,0,0.55,0.4,0,0,0,11,8,0,0,0,0,0,0,0,0,0,0,6,6,6,6,700,Endure,0,1,0
21070100,Iron Ball,Heavy,35,Fist,Knuckle,1.06,strike,strike,116,0,0,0,0,0.9,0.3,0,0,0,11,8,0,0,0,0,0,0,0,0,0,0,6,6,6,6,700,Endure,0,1,0
21070200,Iron Ball,Keen,35,Fist,Knuckle,1.06,strike,strike,116,0,0,0,0,0.45,0.75,0,0,0,11,8,0,0,0,0,0,0,0,0,0,0,6,6,6,6,700,Endure,0,1,0
21070300,Iron Ball,Quality,35,Fist,Knuckle,1.06,strike,strike,116,0,0,0,0,0.85,0.7,0,0,0,11,8,0,0,0,0,0,0,0,0,0,0,6,6,6,6,700,Endure,0,1,0
21070400,Iron Ball,Glint,35,Fist,Knuckle,1.06,strike,strike,0,116,0,0,0,0.5,0.15,0.9,0,0,11,8,0,0,0,0,0,0,0,0,0,0,6,6,6,6,700,Endure,0,1,0
21070500,Iron Ball,Dragonkin,35,Fist,Knuckle,1.06,strike,strike,0,0,0,116,0,0.5,0.15,0.8,0,0,11,8,0,0,0,0,0,0,0,0,0,0,6,6,6,6,700,Endure,0,1,0
21070600,Iron Ball,Gravity,35,Fist,Knuckle,1.06,strike,strike,116,0,0,0,0,0.5,0.15,0.9,0,0,11,8,0,0,0,0,0,0,0,0,0,0,6,6,6,6,700,Endure,0,1,0
21070700,Iron Ball,Flame,35,Fist,Knuckle,1.06,strike,strike,0,0,116,0,0,0.5,0.15,0,0.8,0,11,8,0,0,0,0,0,0,0,0,0,0,6,6,6,6,700,Endure,0,1,0
21070800,Iron Ball,Golden,35,Fist,Knuckle,1.06,strike,strike,0,0,0,0,101,0.5,0.15,0,0.9,0,11,8,0,0,0,0,0,0,0,0,0,0,6,6,6,6,700,Endure,0,1,0
21070900,Iron Ball,Draconic,35,Fist,Knuckle,1.06,strike,strike,0,0,0,116,0,0.5,0.15,0,0.9,0,11,8,0,0,0,0,0,0,0,0,0,0,6,6,6,6,700,Endure,0,1,0
21071000,Iron Ball,Bestial,35,Fist,Knuckle,1.06,strike,strike,116,0,0,0,0,0.5,0.15,0,0.9,0,11,8,0,0,0,0,0,0,0,0,0,0,6,6,6,6,700,Endure,0,1,0
21071100,Iron Ball,Night,35,Fist,Knuckle,1.06,strike,strike,0,116,0,0,0,0.45,0.1,0.7,0.7,0,11,8,0,0,0,0,0,0,0,0,0,0,6,6,6,6,700,Endure,0,1,0
21071200,Iron Ball,Lava,35,Fist,Knuckle,1.06,strike,strike,0,0,116,0,0,0.45,0.1,0.7,0.7,0,11,8,0,0,0,0,0,0,0,0,0,0,6,6,6,6,700,Endure,0,1,0
21071300,Iron Ball,Frenzy,35,Fist,Knuckle,1.06,strike,strike,0,0,116,0,0,0.45,0.1,0.6,0.6,0,11,8,0,0,0,0,0,0,0,0,0,0,6,6,6,6,700,Endure,0,1,0
21071400,Iron Ball,Death,35,Fist,Knuckle,1.06,strike,strike,0,0,0,0,101,0.45,0.1,0.6,0.6,0,11,8,0,0,0,0,0,0,0,0,0,0,6,6,6,6,700,Endure,0,1,0
21071500,Iron Ball,Godslayer,35,Fist,Knuckle,1.06,strike,strike,0,0,0,0,101,0.45,0.1,0.6,0.6,0,11,8,0,0,0,0,0,0,0,0,0,0,6,6,6,6,700,Endure,0,1,0
21071600,Iron Ball,Frost,35,Fist,Knuckle,1.06,strike,strike,0,116,0,0,0,0.45,0.1,0.6,0,0.6,11,8,0,0,0,0,0,0,0,0,0,0,6,6,6,6,700,Endure,0,1,0
21071700,Iron Ball,Aberrant,35,Fist,Knuckle,1.06,strike,strike,116,0,0,0,0,0.45,0.1,0.6,0,0.6,11,8,0,0,0,0,0,0,0,0,0,0,6,6,6,6,700,Endure,0,1,0
21071800,Iron Ball,Bloodflame,35,Fist,Knuckle,1.06,strike,strike,0,0,116,0,0,0.45,0.1,0,0.6,0.6,11,8,0,0,0,0,0,0,0,0,0,0,6,6,6,6,700,Endure,0,1,0
21071900,Iron Ball,Rotten,35,Fist,Knuckle,1.06,strike,strike,116,0,0,0,0,0.45,0.1,0,0.6,0.6,11,8,0,0,0,0,0,0,0,0,0,0,6,6,6,6,700,Endure,0,1,0
21072000,Iron Ball,Storm,35,Fist,Knuckle,1.06,strike,strike,116,0,0,0,0,0.45,0.1,0.7,0.7,0,11,8,0,0,0,0,0,0,0,0,0,0,6,6,6,6,700,Endure,0,1,0
21072100,Iron Ball,Mystic,35,Fist,Knuckle,1.06,strike,strike,0,116,0,0,0,0.45,0.1,0,0.6,0.6,11,8,0,0,0,0,0,0,0,0,0,0,6,6,6,6,700,Endure,0,1,0
21080000,Star Fist,Standard,35,Fist,Knuckle,1.145,strike,strike,121,0,0,0,0,0.55,0.4,0,0,0,12,8,0,0,0,0,0,0,0,0,0,0,6,6,6,6,700,Endure,0,1,0
21080100,Star Fist,Heavy,35,Fist,Knuckle,1.145,strike,strike,121,0,0,0,0,0.9,0.3,0,0,0,12,8,0,0,0,0,0,0,0,0,0,0,6,6,6,6,700,Endure,0,1,0
21080200,Star Fist,Keen,35,Fist,Knuckle,1.145,strike,strike,121,0,0,0,0,0.45,0.75,0,0,0,12,8,0,0,0,0,0,0,0,0,0,0,6,6,6,6,700,Endure,0,1,0
21080300,Star Fist,Quality,35,Fist,Knuckle,1.145,strike,strike,121,0,0,0,0,0.85,0.7,0,0,0,12,8,0,0,0,0,0,0,0,0,0,0,6,6,6,6,700,Endure,0,1,0
21080400,Star Fist,Glint,35,Fist,Knuckle,1.145,strike,strike,0,121,0,0,0,0.5,0.15,0.9,0,0,12,8,0,0,0,0,0,0,0,0,0,0,6,6,6,6,700,Endure,0,1,0
21080500,Star Fist,Dragonkin,35,Fist,Knuckle,1.145,strike,strike,0,0,0,121,0,0.5,0.15,0.8,0,0,12,8,0,0,0,0,0,0,0,0,0,0,6,6,6,6,700,Endure,0,1,0
21080600,Star Fist,Gravity,35,Fist,Knuckle,1.145,strike,strike,121,0,0,0,0,0.5,0.15,0.9,0,0,12,8,0,0,0,0,0,0,0,0,0,0,6,6,6,6,700,Endure,0,1,0
21080700,Star Fist,Flame,35,Fist,Knuckle,1.145,strike,strike,0,0,121,0,0,0.5,0.15,0,0.8,0,12,8,0,0,0,0,0,0,0,0,0,0,6,6,6,6,700,Endure,0,1,0
21080800,Star Fist,Golden,35,Fist,Knuckle,1.145,strike,strike,0,0,0,0,105,0.5,0.15,0,0.9,0,12,8,0,0,0,0,0,0,0,0,0,0,6,6,6,6,700,Endure,0,1,0
21080900,Star Fist,Draconic,35,Fist,Knuckle,1.145,strike,strike,0,0,0,121,0,0.5,0.15,0,0.9,0,12,8,0,0,0,0,0,0,0,0,0,0,6,6,6,6,700,Endure,0,1,0
21081000,Star Fist,Bestial,35,Fist,Knuckle,1.145,strike,strike,121,0,0,0,0,0.5,0.15,0,0.9,0,12,8,0,0,0,0,0,0,0,0,0,0,6,6,6,6,700,Endure,0,1,0
21081100,Star Fist,Night,35,Fist,Knuckle,1.145,strike,strike,0,121,0,0,0,0.45,0.1,0.7,0.7,0,12,8,0,0,0,0,0,0,0,0,0,0,6,6,6,6,700,Endure,0,1,0
21081200,Star Fist,Lava,35,Fist,Knuckle,1.145,strike,strike,0,0,121,0,0,0.45,0.1,0.7,0.7,0,12,8,0,0,0,0,0,0,0,0,0,0,6,6,6,6,700,Endure,0,1,0
21081300,Star Fist,Frenzy,35,Fist,Knuckle,1.145,strike,strike,0,0,121,0,0,0.45,0.1,0.6,0.6,0,12,8,0,0,0,0,0,0,0,0,0,0,6,6,6,6,700,Endure,0,1,0
21081400,Star Fist,Death,35,Fist,Knuckle,1.145,strike,strike,0,0,0,0,105,0.45,0.1,0.6,0.6,0,12,8,0,0,0,0,0,0,0,0,0,0,6,6,6,6,700,Endure,0,1,0
21081500,Star Fist,Godslayer,35,Fist,Knuckle,1.145,strike,strike,0,0,0,0,105,0.45,0.1,0.6,0.6,0,12,8,0,0,0,0,0,0,0,0,0,0,6,6,6,6,700,Endure,0,1,0
21081600,Star Fist,Frost,35,Fist,Knuckle,1.145,strike,strike,0,121,0,0,0,0.45,0.1,0.6,0,0.6,12,8,0,0,0,0,0,0,0,0,0,0,6,6,6,6,700,Endure,0,1,0
21081700,Star Fist,Aberrant,35,Fist,Knuckle,1.145,strike,strike,121,0,0,0,0,0.45,0.1,0.6,0,0.6,12,8,0,0,0,0,0,0,0,0,0,0,6,6,6,6,700,Endure,0,1,0
21081800,Star Fist,Bloodflame,35,Fist,Knuckle,1.145,strike,strike,0,0,121,0,0,0.45,0.1,0,0.6,0.6,12,8,0,0,0,0,0,0,0,0,0,0,6,6,6,6,700,Endure,0,1,0
21081900,Star Fist,Rotten,35,Fist,Knuckle,1.145,strike,strike,121,0,0,0,0,0.45,0.1,0,0.6,0.6,12,8,0,0,0,0,0,0,0,0,0,0,6,6,6,6,700,Endure,0,1,0
21082000,Star Fist,Storm,35,Fist,Knuckle,1.145,strike,strike,121,0,0,0,0,0.45,0.1,0.7,0.7,0,12,8,0,0,0,0,0,0,0,0,0,0,6,6,6,6,700,Endure,0,1,0
21082100,Star Fist,Mystic,35,Fist,Knuckle,1.145,strike,strike,0,121,0,0,0,0.45,0.1,0,0.6,0.6,12,8,0,0,0,0,0,0,0,0,0,0,6,6,6,6,700,Endure,0,1,0
21090000,Furnace Fists,Standard,35,Fist,Knuckle,1.06,strike,strike,0,0,111,0,0,0.75,0.3,0,1.05,0,11,8,0,20,0,2200,0,0,0,0,0,0,6,6,6,6,809,Fell Furnace,1,1,0
21100000,Katar,Standard,35,Fist,Knuckle,1.07,slash,pierce,112,0,0,0,0,0.45,0.5,0,0,0,8,10,0,0,0,0,0,0,0,0,0,0,6,6,6,6,101,Impaling Thrust,0,1,0
21100100,Katar,Heavy,35,Fist,Knuckle,1.07,slash,pierce,112,0,0,0,0,0.8,0.4,0,0,0,8,10,0,0,0,0,0,0,0,0,0,0,6,6,6,6,101,Impaling Thrust,0,1,0
21100200,Katar,Keen,35,Fist,Knuckle,1.07,slash,pierce,112,0,0,0,0,0.35,0.85,0,0,0,8,10,0,0,0,0,0,0,0,0,0,0,6,6,6,6,101,Impaling Thrust,0,1,0
21100300,Katar,Quality,35,Fist,Knuckle,1.07,slash,pierce,112,0,0,0,0,0.75,0.8,0,0,0,8,10,0,0,0,0,0,0,0,0,0,0,6,6,6,6,101,Impaling Thrust,0,1,0
21100400,Katar,Glint,35,Fist,Knuckle,1.07,slash,pierce,0,112,0,0,0,0.2,0.45,0.9,0,0,8,10,0,0,0,0,0,0,0,0,0,0,6,6,6,6,101,Impaling Thrust,0,1,0
21100500,Katar,Dragonkin,35,Fist,Knuckle,1.07,slash,pierce,0,0,0,112,0,0.2,0.45,0.8,0,0,8,10,0,0,0,0,0,0,0,0,0,0,6,6,6,6,101,Impaling Thrust,0,1,0
21100600,Katar,Gravity,35,Fist,Knuckle,1.07,slash,pierce,112,0,0,0,0,0.2,0.45,0.9,0,0,8,10,0,0,0,0,0,0,0,0,0,0,6,6,6,6,101,Impaling Thrust,0,1,0
21100700,Katar,Flame,35,Fist,Knuckle,1.07,slash,pierce,0,0,112,0,0,0.2,0.45,0,0.8,0,8,10,0,0,0,0,0,0,0,0,0,0,6,6,6,6,101,Impaling Thrust,0,1,0
21100800,Katar,Golden,35,Fist,Knuckle,1.07,slash,pierce,0,0,0,0,97,0.2,0.45,0,0.9,0,8,10,0,0,0,0,0,0,0,0,0,0,6,6,6,6,101,Impaling Thrust,0,1,0
21100900,Katar,Draconic,35,Fist,Knuckle,1.07,slash,pierce,0,0,0,112,0,0.2,0.45,0,0.9,0,8,10,0,0,0,0,0,0,0,0,0,0,6,6,6,6,101,Impaling Thrust,0,1,0
21101000,Katar,Bestial,35,Fist,Knuckle,1.07,slash,pierce,112,0,0,0,0,0.2,0.45,0,0.9,0,8,10,0,0,0,0,0,0,0,0,0,0,6,6,6,6,101,Impaling Thrust,0,1,0
21101100,Katar,Night,35,Fist,Knuckle,1.07,slash,pierce,0,112,0,0,0,0.15,0.4,0.7,0.7,0,8,10,0,0,0,0,0,0,0,0,0,0,6,6,6,6,101,Impaling Thrust,0,1,0
21101200,Katar,Lava,35,Fist,Knuckle,1.07,slash,pierce,0,0,112,0,0,0.15,0.4,0.7,0.7,0,8,10,0,0,0,0,0,0,0,0,0,0,6,6,6,6,101,Impaling Thrust,0,1,0
21101300,Katar,Frenzy,35,Fist,Knuckle,1.07,slash,pierce,0,0,112,0,0,0.15,0.4,0.6,0.6,0,8,10,0,0,0,0,0,0,0,0,0,0,6,6,6,6,101,Impaling Thrust,0,1,0
21101400,Katar,Death,35,Fist,Knuckle,1.07,slash,pierce,0,0,0,0,97,0.15,0.4,0.6,0.6,0,8,10,0,0,0,0,0,0,0,0,0,0,6,6,6,6,101,Impaling Thrust,0,1,0
21101500,Katar,Godslayer,35,Fist,Knuckle,1.07,slash,pierce,0,0,0,0,97,0.15,0.4,0.6,0.6,0,8,10,0,0,0,0,0,0,0,0,0,0,6,6,6,6,101,Impaling Thrust,0,1,0
21101600,Katar,Frost,35,Fist,Knuckle,1.07,slash,pierce,0,112,0,0,0,0.15,0.4,0.6,0,0.6,8,10,0,0,0,0,0,0,0,0,0,0,6,6,6,6,101,Impaling Thrust,0,1,0
21101700,Katar,Aberrant,35,Fist,Knuckle,1.07,slash,pierce,112,0,0,0,0,0.15,0.4,0.6,0,0.6,8,10,0,0,0,0,0,0,0,0,0,0,6,6,6,6,101,Impaling Thrust,0,1,0
21101800,Katar,Bloodflame,35,Fist,Knuckle,1.07,slash,pierce,0,0,112,0,0,0.15,0.4,0,0.6,0.6,8,10,0,0,0,0,0,0,0,0,0,0,6,6,6,6,101,Impaling Thrust,0,1,0
21101900,Katar,Rotten,35,Fist,Knuckle,1.07,slash,pierce,112,0,0,0,0,0.15,0.4,0,0.6,0.6,8,10,0,0,0,0,0,0,0,0,0,0,6,6,6,6,101,Impaling Thrust,0,1,0
21102000,Katar,Storm,35,Fist,Knuckle,1.07,slash,pierce,112,0,0,0,0,0.15,0.4,0.7,0.7,0,8,10,0,0,0,0,0,0,0,0,0,0,6,6,6,6,101,Impaling Thrust,0,1,0
21102100,Katar,Mystic,35,Fist,Knuckle,1.07,slash,pierce,0,112,0,0,0,0.15,0.4,0,0.6,0.6,8,10,0,0,0,0,0,0,0,0,0,0,6,6,6,6,101,Impaling Thrust,0,1,0
21110000,Clinging Bone,Standard,35,Fist,Knuckle,1.11,slash,pierce,0,0,0,0,107,0.25,0.75,0.8,0.8,0,8,10,15,15,0,2200,0,0,0,0,0,0,6,6,6,6,205,Lifesteal Fist,1,1,0
21120000,Veteran's Prosthesis,Standard,35,Fist,Knuckle,1.2,slash,pierce,0,0,0,110,0,0.55,0.55,0,1.1,0,15,12,0,20,0,2200,0,0,0,0,0,0,6,6,6,6,1190,Storm Kick,1,1,0
21130000,Cipher Pata,Standard,35,Fist,Knuckle,1.01,slash,pierce,0,0,0,0,113,0.25,0.85,0,1,0,0,0,0,16,0,2200,0,0,0,0,0,0,6,6,6,6,1191,Unblockable Blade,1,1,0
21500000,Thiollier's Hidden Needle,Standard,35,Fist,Knuckle,0.94,pierce,pierce,0,102,0,0,0,0.2,0.75,0,0.75,0.75,10,15,0,15,15,2200,0,0,0,0,0,0,6,6,6,6,5210,Sleep Evermore,1,1,0
21510000,Pata,Standard,35,Fist,Knuckle,1.2,pierce,standard,137,0,0,0,0,0.45,0.5,0,0,0,11,15,0,0,0,0,0,0,0,0,0,0,6,6,6,6,101,Impaling Thrust,0,1,0
21510100,Pata,Heavy,35,Fist,Knuckle,1.2,pierce,standard,137,0,0,0,0,0.8,0.4,0,0,0,11,15,0,0,0,0,0,0,0,0,0,0,6,6,6,6,101,Impaling Thrust,0,1,0
21510200,Pata,Keen,35,Fist,Knuckle,1.2,pierce,standard,137,0,0,0,0,0.35,0.85,0,0,0,11,15,0,0,0,0,0,0,0,0,0,0,6,6,6,6,101,Impaling Thrust,0,1,0
21510300,Pata,Quality,35,Fist,Knuckle,1.2,pierce,standard,137,0,0,0,0,0.75,0.8,0,0,0,11,15,0,0,0,0,0,0,0,0,0,0,6,6,6,6,101,Impaling Thrust,0,1,0
21510400,Pata,Glint,35,Fist,Knuckle,1.2,pierce,standard,0,137,0,0,0,0.2,0.45,0.9,0,0,11,15,0,0,0,0,0,0,0,0,0,0,6,6,6,6,101,Impaling Thrust,0,1,0
21510500,Pata,Dragonkin,35,Fist,Knuckle,1.2,pierce,standard,0,0,0,137,0,0.2,0.45,0.8,0,0,11,15,0,0,0,0,0,0,0,0,0,0,6,6,6,6,101,Impaling Thrust,0,1,0
21510600,Pata,Gravity,35,Fist,Knuckle,1.2,pierce,standard,137,0,0,0,0,0.2,0.45,0.9,0,0,11,15,0,0,0,0,0,0,0,0,0,0,6,6,6,6,101,Impaling Thrust,0,1,0
21510700,Pata,Flame,35,Fist,Knuckle,1.2,pierce,standard,0,0,137,0,0,0.2,0.45,0,0.8,0,11,15,0,0,0,0,0,0,0,0,0,0,6,6,6,6,101,Impaling Thrust,0,1,0
21510800,Pata,Golden,35,Fist,Knuckle,1.2,pierce,standard,0,0,0,0,119,0.2,0.45,0,0.9,0,11,15,0,0,0,0,0,0,0,0,0,0,6,6,6,6,101,Impaling Thrust,0,1,0
21510900,Pata,Draconic,35,Fist,Knuckle,1.2,pierce,standard,0,0,0,137,0,0.2,0.45,0,0.9,0,11,15,0,0,0,0,0,0,0,0,0,0,6,6,6,6,101,Impaling Thrust,0,1,0
21511000,Pata,Bestial,35,Fist,Knuckle,1.2,pierce,standard,137,0,0,0,0,0.2,0.45,0,0.9,0,11,15,0,0,0,0,0,0,0,0,0,0,6,6,6,6,101,Impaling Thrust,0,1,0
21511100,Pata,Night,35,Fist,Knuckle,1.2,pierce,standard,0,137,0,0,0,0.15,0.4,0.7,0.7,0,11,15,0,0,0,0,0,0,0,0,0,0,6,6,6,6,101,Impaling Thrust,0,1,0
21511200,Pata,Lava,35,Fist,Knuckle,1.2,pierce,standard,0,0,137,0,0,0.15,0.4,0.7,0.7,0,11,15,0,0,0,0,0,0,0,0,0,0,6,6,6,6,101,Impaling Thrust,0,1,0
21511300,Pata,Frenzy,35,Fist,Knuckle,1.2,pierce,standard,0,0,137,0,0,0.15,0.4,0.6,0.6,0,11,15,0,0,0,0,0,0,0,0,0,0,6,6,6,6,101,Impaling Thrust,0,1,0
21511400,Pata,Death,35,Fist,Knuckle,1.2,pierce,standard,0,0,0,0,119,0.15,0.4,0.6,0.6,0,11,15,0,0,0,0,0,0,0,0,0,0,6,6,6,6,101,Impaling Thrust,0,1,0
21511500,Pata,Godslayer,35,Fist,Knuckle,1.2,pierce,standard,0,0,0,0,119,0.15,0.4,0.6,0.6,0,11,15,0,0,0,0,0,0,0,0,0,0,6,6,6,6,101,Impaling Thrust,0,1,0
21511600,Pata,Frost,35,Fist,Knuckle,1.2,pierce,standard,0,137,0,0,0,0.15,0.4,0.6,0,0.6,11,15,0,0,0,0,0,0,0,0,0,0,6,6,6,6,101,Impaling Thrust,0,1,0
21511700,Pata,Aberrant,35,Fist,Knuckle,1.2,pierce,standard,137,0,0,0,0,0.15,0.4,0.6,0,0.6,11,15,0,0,0,0,0,0,0,0,0,0,6,6,6,6,101,Impaling Thrust,0,1,0
21511800,Pata,Bloodflame,35,Fist,Knuckle,1.2,pierce,standard,0,0,137,0,0,0.15,0.4,0,0.6,0.6,11,15,0,0,0,0,0,0,0,0,0,0,6,6,6,6,101,Impaling Thrust,0,1,0
21511900,Pata,Rotten,35,Fist,Knuckle,1.2,pierce,standard,137,0,0,0,0,0.15,0.4,0,0.6,0.6,11,15,0,0,0,0,0,0,0,0,0,0,6,6,6,6,101,Impaling Thrust,0,1,0
21512000,Pata,Storm,35,Fist,Knuckle,1.2,pierce,standard,137,0,0,0,0,0.15,0.4,0.7,0.7,0,11,15,0,0,0,0,0,0,0,0,0,0,6,6,6,6,101,Impaling Thrust,0,1,0
21512100,Pata,Mystic,35,Fist,Knuckle,1.2,pierce,standard,0,137,0,0,0,0.15,0.4,0,0.6,0.6,11,15,0,0,0,0,0,0,0,0,0,0,6,6,6,6,101,Impaling Thrust,0,1,0
21520000,Poisoned Hand,Standard,35,Fist,Knuckle,0.97,strike,strike,105,0,0,0,0,0.55,0.45,0,0.75,0.75,8,8,0,18,18,2200,0,0,0,0,0,0,6,6,6,6,5310,Poison Spear-Hand Strike,1,1,0
21530000,Madding Hand,Standard,35,Fist,Knuckle,0.97,strike,strike,0,0,107,0,0,0.55,0.45,0.75,0.75,0,8,8,16,16,0,2200,0,0,0,0,0,0,6,6,6,6,5320,Madding Spear-Hand Strike,1,1,0
21540000,Golem Fist,Standard,35,Fist,Knuckle,1.27,strike,strike,121,0,0,0,0,0.55,0.4,0,0,0,24,8,0,0,0,0,0,0,0,0,0,0,6,6,6,6,700,Endure,0,1,0
21540100,Golem Fist,Heavy,35,Fist,Knuckle,1.27,strike,strike,121,0,0,0,0,0.9,0.3,0,0,0,24,8,0,0,0,0,0,0,0,0,0,0,6,6,6,6,700,Endure,0,1,0
21540200,Golem Fist,Keen,35,Fist,Knuckle,1.27,strike,strike,121,0,0,0,0,0.45,0.75,0,0,0,24,8,0,0,0,0,0,0,0,0,0,0,6,6,6,6,700,Endure,0,1,0
21540300,Golem Fist,Quality,35,Fist,Knuckle,1.27,strike,strike,121,0,0,0,0,0.85,0.7,0,0,0,24,8,0,0,0,0,0,0,0,0,0,0,6,6,6,6,700,Endure,0,1,0
21540400,Golem Fist,Glint,35,Fist,Knuckle,1.27,strike,strike,0,121,0,0,0,0.5,0.15,0.9,0,0,24,8,0,0,0,0,0,0,0,0,0,0,6,6,6,6,700,Endure,0,1,0
21540500,Golem Fist,Dragonkin,35,Fist,Knuckle,1.27,strike,strike,0,0,0,121,0,0.5,0.15,0.8,0,0,24,8,0,0,0,0,0,0,0,0,0,0,6,6,6,6,700,Endure,0,1,0
21540600,Golem Fist,Gravity,35,Fist,Knuckle,1.27,strike,strike,121,0,0,0,0,0.5,0.15,0.9,0,0,24,8,0,0,0,0,0,0,0,0,0,0,6,6,6,6,700,Endure,0,1,0
21540700,Golem Fist,Flame,35,Fist,Knuckle,1.27,strike,strike,0,0,121,0,0,0.5,0.15,0,0.8,0,24,8,0,0,0,0,0,0,0,0,0,0,6,6,6,6,700,Endure,0,1,0
21540800,Golem Fist,Golden,35,Fist,Knuckle,1.27,strike,strike,0,0,0,0,105,0.5,0.15,0,0.9,0,24,8,0,0,0,0,0,0,0,0,0,0,6,6,6,6,700,Endure,0,1,0
21540900,Golem Fist,Draconic,35,Fist,Knuckle,1.27,strike,strike,0,0,0,121,0,0.5,0.15,0,0.9,0,24,8,0,0,0,0,0,0,0,0,0,0,6,6,6,6,700,Endure,0,1,0
21541000,Golem Fist,Bestial,35,Fist,Knuckle,1.27,strike,strike,121,0,0,0,0,0.5,0.15,0,0.9,0,24,8,0,0,0,0,0,0,0,0,0,0,6,6,6,6,700,Endure,0,1,0
21541100,Golem Fist,Night,35,Fist,Knuckle,1.27,strike,strike,0,121,0,0,0,0.45,0.1,0.7,0.7,0,24,8,0,0,0,0,0,0,0,0,0,0,6,6,6,6,700,Endure,0,1,0
21541200,Golem Fist,Lava,35,Fist,Knuckle,1.27,strike,strike,0,0,121,0,0,0.45,0.1,0.7,0.7,0,24,8,0,0,0,0,0,0,0,0,0,0,6,6,6,6,700,Endure,0,1,0
21541300,Golem Fist,Frenzy,35,Fist,Knuckle,1.27,strike,strike,0,0,121,0,0,0.45,0.1,0.6,0.6,0,24,8,0,0,0,0,0,0,0,0,0,0,6,6,6,6,700,Endure,0,1,0
21541400,Golem Fist,Death,35,Fist,Knuckle,1.27,strike,strike,0,0,0,0,105,0.45,0.1,0.6,0.6,0,24,8,0,0,0,0,0,0,0,0,0,0,6,6,6,6,700,Endure,0,1,0
21541500,Golem Fist,Godslayer,35,Fist,Knuckle,1.27,strike,strike,0,0,0,0,105,0.45,0.1,0.6,0.6,0,24,8,0,0,0,0,0,0,0,0,0,0,6,6,6,6,700,Endure,0,1,0
21541600,Golem Fist,Frost,35,Fist,Knuckle,1.27,strike,strike,0,121,0,0,0,0.45,0.1,0.6,0,0.6,24,8,0,0,0,0,0,0,0,0,0,0,6,6,6,6,700,Endure,0,1,0
21541700,Golem Fist,Aberrant,35,Fist,Knuckle,1.27,strike,strike,121,0,0,0,0,0.45,0.1,0.6,0,0.6,24,8,0,0,0,0,0,0,0,0,0,0,6,6,6,6,700,Endure,0,1,0
21541800,Golem Fist,Bloodflame,35,Fist,Knuckle,1.27,strike,strike,0,0,121,0,0,0.45,0.1,0,0.6,0.6,24,8,0,0,0,0,0,0,0,0,0,0,6,6,6,6,700,Endure,0,1,0
21541900,Golem Fist,Rotten,35,Fist,Knuckle,1.27,strike,strike,121,0,0,0,0,0.45,0.1,0,0.6,0.6,24,8,0,0,0,0,0,0,0,0,0,0,6,6,6,6,700,Endure,0,1,0
21542000,Golem Fist,Storm,35,Fist,Knuckle,1.27,strike,strike,121,0,0,0,0,0.45,0.1,0.7,0.7,0,24,8,0,0,0,0,0,0,0,0,0,0,6,6,6,6,700,Endure,0,1,0
21542100,Golem Fist,Mystic,35,Fist,Knuckle,1.27,strike,strike,0,121,0,0,0,0.45,0.1,0,0.6,0.6,24,8,0,0,0,0,0,0,0,0,0,0,6,6,6,6,700,Endure,0,1,0
21550000,Shield of Night,Standard,65,Small Shield,ShieldSmall,1,strike,strike,0,75,0,0,0,0,0.32,0.25,0.25,0,8,15,0,0,0,2200,0,0,0,0,0,0,6,6,6,6,5440,Revenge of the Night,1,0,0
22000000,Hookclaws,Standard,37,Claw,Claw,1,slash,pierce,102,0,0,0,0,0.3,0.6,0,0,0,8,14,0,0,0,0,0,0,0,0,0,0,6,6,6,6,800,Quickstep,0,1,0
22000100,Hookclaws,Heavy,37,Claw,Claw,1,slash,pierce,102,0,0,0,0,0.6,0.5,0,0,0,8,14,0,0,0,0,0,0,0,0,0,0,6,6,6,6,800,Quickstep,0,1,0
22000200,Hookclaws,Keen,37,Claw,Claw,1,slash,pierce,102,0,0,0,0,0.2,1,0,0,0,8,14,0,0,0,0,0,0,0,0,0,0,6,6,6,6,800,Quickstep,0,1,0
22000300,Hookclaws,Quality,37,Claw,Claw,1,slash,pierce,102,0,0,0,0,0.5,0.7,0,0,0,8,14,0,0,0,0,0,0,0,0,0,0,6,6,6,6,800,Quickstep,0,1,0
22000400,Hookclaws,Glint,37,Claw,Claw,1,slash,pierce,0,102,0,0,0,0.1,0.25,0.9,0,0,8,14,0,0,0,0,0,0,0,0,0,0,6,6,6,6,800,Quickstep,0,1,0
22000500,Hookclaws,Dragonkin,37,Claw,Claw,1,slash,pierce,0,0,0,102,0,0.1,0.25,0.8,0,0,8,14,0,0,0,0,0,0,0,0,0,0,6,6,6,6,800,Quickstep,0,1,0
22000600,Hookclaws,Gravity,37,Claw,Claw,1,slash,pierce,102,0,0,0,0,0.1,0.25,0.9,0,0,8,14,0,0,0,0,0,0,0,0,0,0,6,6,6,6,800,Quickstep,0,1,0
22000700,Hookclaws,Flame,37,Claw,Claw,1,slash,pierce,0,0,102,0,0,0.1,0.25,0,0.8,0,8,14,0,0,0,0,0,0,0,0,0,0,6,6,6,6,800,Quickstep,0,1,0
22000800,Hookclaws,Golden,37,Claw,Claw,1,slash,pierce,0,0,0,0,89,0.1,0.25,0,0.9,0,8,14,0,0,0,0,0,0,0,0,0,0,6,6,6,6,800,Quickstep,0,1,0
22000900,Hookclaws,Draconic,37,Claw,Claw,1,slash,pierce,0,0,0,102,0,0.1,0.25,0,0.9,0,8,14,0,0,0,0,0,0,0,0,0,0,6,6,6,6,800,Quickstep,0,1,0
22001000,Hookclaws,Bestial,37,Claw,Claw,1,slash,pierce,102,0,0,0,0,0.1,0.25,0,0.9,0,8,14,0,0,0,0,0,0,0,0,0,0,6,6,6,6,800,Quickstep,0,1,0
22001100,Hookclaws,Night,37,Claw,Claw,1,slash,pierce,0,102,0,0,0,0.05,0.2,0.7,0.7,0,8,14,0,0,0,0,0,0,0,0,0,0,6,6,6,6,800,Quickstep,0,1,0
22001200,Hookclaws,Lava,37,Claw,Claw,1,slash,pierce,0,0,102,0,0,0.05,0.2,0.7,0.7,0,8,14,0,0,0,0,0,0,0,0,0,0,6,6,6,6,800,Quickstep,0,1,0
22001300,Hookclaws,Frenzy,37,Claw,Claw,1,slash,pierce,0,0,102,0,0,0.05,0.2,0.6,0.6,0,8,14,0,0,0,0,0,0,0,0,0,0,6,6,6,6,800,Quickstep,0,1,0
22001400,Hookclaws,Death,37,Claw,Claw,1,slash,pierce,0,0,0,0,89,0.05,0.2,0.6,0.6,0,8,14,0,0,0,0,0,0,0,0,0,0,6,6,6,6,800,Quickstep,0,1,0
22001500,Hookclaws,Godslayer,37,Claw,Claw,1,slash,pierce,0,0,0,0,89,0.05,0.2,0.6,0.6,0,8,14,0,0,0,0,0,0,0,0,0,0,6,6,6,6,800,Quickstep,0,1,0
22001600,Hookclaws,Frost,37,Claw,Claw,1,slash,pierce,0,102,0,0,0,0.05,0.2,0.6,0,0.6,8,14,0,0,0,0,0,0,0,0,0,0,6,6,6,6,800,Quickstep,0,1,0
22001700,Hookclaws,Aberrant,37,Claw,Claw,1,slash,pierce,102,0,0,0,0,0.05,0.2,0.6,0,0.6,8,14,0,0,0,0,0,0,0,0,0,0,6,6,6,6,800,Quickstep,0,1,0
22001800,Hookclaws,Bloodflame,37,Claw,Claw,1,slash,pierce,0,0,102,0,0,0.05,0.2,0,0.6,0.6,8,14,0,0,0,0,0,0,0,0,0,0,6,6,6,6,800,Quickstep,0,1,0
22001900,Hookclaws,Rotten,37,Claw,Claw,1,slash,pierce,102,0,0,0,0,0.05,0.2,0,0.6,0.6,8,14,0,0,0,0,0,0,0,0,0,0,6,6,6,6,800,Quickstep,0,1,0
22002000,Hookclaws,Storm,37,Claw,Claw,1,slash,pierce,102,0,0,0,0,0.05,0.2,0.7,0.7,0,8,14,0,0,0,0,0,0,0,0,0,0,6,6,6,6,800,Quickstep,0,1,0
22002100,Hookclaws,Mystic,37,Claw,Claw,1,slash,pierce,0,102,0,0,0,0.05,0.2,0,0.6,0.6,8,14,0,0,0,0,0,0,0,0,0,0,6,6,6,6,800,Quickstep,0,1,0
22010000,Venomous Fang,Standard,37,Claw,Claw,0.99,slash,pierce,106,0,0,0,0,0.4,0.6,0,0,0,9,9,0,0,0,0,0,0,0,0,0,0,6,6,6,6,800,Quickstep,0,1,0
22010100,Venomous Fang,Heavy,37,Claw,Claw,0.99,slash,pierce,106,0,0,0,0,0.7,0.5,0,0,0,9,9,0,0,0,0,0,0,0,0,0,0,6,6,6,6,800,Quickstep,0,1,0
22010200,Venomous Fang,Keen,37,Claw,Claw,0.99,slash,pierce,106,0,0,0,0,0.3,1,0,0,0,9,9,0,0,0,0,0,0,0,0,0,0,6,6,6,6,800,Quickstep,0,1,0
22010300,Venomous Fang,Quality,37,Claw,Claw,0.99,slash,pierce,106,0,0,0,0,0.6,0.7,0,0,0,9,9,0,0,0,0,0,0,0,0,0,0,6,6,6,6,800,Quickstep,0,1,0
22010400,Venomous Fang,Glint,37,Claw,Claw,0.99,slash,pierce,0,106,0,0,0,0.2,0.25,0.9,0,0,9,9,0,0,0,0,0,0,0,0,0,0,6,6,6,6,800,Quickstep,0,1,0
22010500,Venomous Fang,Dragonkin,37,Claw,Claw,0.99,slash,pierce,0,0,0,106,0,0.2,0.25,0.8,0,0,9,9,0,0,0,0,0,0,0,0,0,0,6,6,6,6,800,Quickstep,0,1,0
22010600,Venomous Fang,Gravity,37,Claw,Claw,0.99,slash,pierce,106,0,0,0,0,0.2,0.25,0.9,0,0,9,9,0,0,0,0,0,0,0,0,0,0,6,6,6,6,800,Quickstep,0,1,0
22010700,Venomous Fang,Flame,37,Claw,Claw,0.99,slash,pierce,0,0,106,0,0,0.2,0.25,0,0.8,0,9,9,0,0,0,0,0,0,0,0,0,0,6,6,6,6,800,Quickstep,0,1,0
22010800,Venomous Fang,Golden,37,Claw,Claw,0.99,slash,pierce,0,0,0,0,92,0.2,0.25,0,0.9,0,9,9,0,0,0,0,0,0,0,0,0,0,6,6,6,6,800,Quickstep,0,1,0
22010900,Venomous Fang,Draconic,37,Claw,Claw,0.99,slash,pierce,0,0,0,106,0,0.2,0.25,0,0.9,0,9,9,0,0,0,0,0,0,0,0,0,0,6,6,6,6,800,Quickstep,0,1,0
22011000,Venomous Fang,Bestial,37,Claw,Claw,0.99,slash,pierce,106,0,0,0,0,0.2,0.25,0,0.9,0,9,9,0,0,0,0,0,0,0,0,0,0,6,6,6,6,800,Quickstep,0,1,0
22011100,Venomous Fang,Night,37,Claw,Claw,0.99,slash,pierce,0,106,0,0,0,0.15,0.2,0.7,0.7,0,9,9,0,0,0,0,0,0,0,0,0,0,6,6,6,6,800,Quickstep,0,1,0
22011200,Venomous Fang,Lava,37,Claw,Claw,0.99,slash,pierce,0,0,106,0,0,0.15,0.2,0.7,0.7,0,9,9,0,0,0,0,0,0,0,0,0,0,6,6,6,6,800,Quickstep,0,1,0
22011300,Venomous Fang,Frenzy,37,Claw,Claw,0.99,slash,pierce,0,0,106,0,0,0.15,0.2,0.6,0.6,0,9,9,0,0,0,0,0,0,0,0,0,0,6,6,6,6,800,Quickstep,0,1,0
22011400,Venomous Fang,Death,37,Claw,Claw,0.99,slash,pierce,0,0,0,0,92,0.15,0.2,0.6,0.6,0,9,9,0,0,0,0,0,0,0,0,0,0,6,6,6,6,800,Quickstep,0,1,0
22011500,Venomous Fang,Godslayer,37,Claw,Claw,0.99,slash,pierce,0,0,0,0,92,0.15,0.2,0.6,0.6,0,9,9,0,0,0,0,0,0,0,0,0,0,6,6,6,6,800,Quickstep,0,1,0
22011600,Venomous Fang,Frost,37,Claw,Claw,0.99,slash,pierce,0,106,0,0,0,0.15,0.2,0.6,0,0.6,9,9,0,0,0,0,0,0,0,0,0,0,6,6,6,6,800,Quickstep,0,1,0
22011700,Venomous Fang,Aberrant,37,Claw,Claw,0.99,slash,pierce,106,0,0,0,0,0.15,0.2,0.6,0,0.6,9,9,0,0,0,0,0,0,0,0,0,0,6,6,6,6,800,Quickstep,0,1,0
22011800,Venomous Fang,Bloodflame,37,Claw,Claw,0.99,slash,pierce,0,0,106,0,0,0.15,0.2,0,0.6,0.6,9,9,0,0,0,0,0,0,0,0,0,0,6,6,6,6,800,Quickstep,0,1,0
22011900,Venomous Fang,Rotten,37,Claw,Claw,0.99,slash,pierce,106,0,0,0,0,0.15,0.2,0,0.6,0.6,9,9,0,0,0,0,0,0,0,0,0,0,6,6,6,6,800,Quickstep,0,1,0
22012000,Venomous Fang,Storm,37,Claw,Claw,0.99,slash,pierce,106,0,0,0,0,0.15,0.2,0.7,0.7,0,9,9,0,0,0,0,0,0,0,0,0,0,6,6,6,6,800,Quickstep,0,1,0
22012100,Venomous Fang,Mystic,37,Claw,Claw,0.99,slash,pierce,0,106,0,0,0,0.15,0.2,0,0.6,0.6,9,9,0,0,0,0,0,0,0,0,0,0,6,6,6,6,800,Quickstep,0,1,0
22020000,Bloodhound Claws,Standard,37,Claw,Claw,1.06,slash,pierce,94,0,0,0,0,0.25,0.75,0.75,0,0.75,9,13,15,0,15,2200,0,0,0,0,0,0,6,6,6,6,801,Bloodhound's Step,1,1,0
22030000,Raptor Talons,Standard,37,Claw,Claw,0.97,slash,pierce,98,0,0,0,0,0.3,0.6,0,0,0,6,14,0,0,0,0,0,0,0,0,0,0,6,6,6,6,800,Quickstep,0,1,0
22030100,Raptor Talons,Heavy,37,Claw,Claw,0.97,slash,pierce,98,0,0,0,0,0.6,0.5,0,0,0,6,14,0,0,0,0,0,0,0,0,0,0,6,6,6,6,800,Quickstep,0,1,0
22030200,Raptor Talons,Keen,37,Claw,Claw,0.97,slash,pierce,98,0,0,0,0,0.2,1,0,0,0,6,14,0,0,0,0,0,0,0,0,0,0,6,6,6,6,800,Quickstep,0,1,0
22030300,Raptor Talons,Quality,37,Claw,Claw,0.97,slash,pierce,98,0,0,0,0,0.5,0.7,0,0,0,6,14,0,0,0,0,0,0,0,0,0,0,6,6,6,6,800,Quickstep,0,1,0
22030400,Raptor Talons,Glint,37,Claw,Claw,0.97,slash,pierce,0,98,0,0,0,0.1,0.25,0.9,0,0,6,14,0,0,0,0,0,0,0,0,0,0,6,6,6,6,800,Quickstep,0,1,0
22030500,Raptor Talons,Dragonkin,37,Claw,Claw,0.97,slash,pierce,0,0,0,98,0,0.1,0.25,0.8,0,0,6,14,0,0,0,0,0,0,0,0,0,0,6,6,6,6,800,Quickstep,0,1,0
22030600,Raptor Talons,Gravity,37,Claw,Claw,0.97,slash,pierce,98,0,0,0,0,0.1,0.25,0.9,0,0,6,14,0,0,0,0,0,0,0,0,0,0,6,6,6,6,800,Quickstep,0,1,0
22030700,Raptor Talons,Flame,37,Claw,Claw,0.97,slash,pierce,0,0,98,0,0,0.1,0.25,0,0.8,0,6,14,0,0,0,0,0,0,0,0,0,0,6,6,6,6,800,Quickstep,0,1,0
22030800,Raptor Talons,Golden,37,Claw,Claw,0.97,slash,pierce,0,0,0,0,85,0.1,0.25,0,0.9,0,6,14,0,0,0,0,0,0,0,0,0,0,6,6,6,6,800,Quickstep,0,1,0
22030900,Raptor Talons,Draconic,37,Claw,Claw,0.97,slash,pierce,0,0,0,98,0,0.1,0.25,0,0.9,0,6,14,0,0,0,0,0,0,0,0,0,0,6,6,6,6,800,Quickstep,0,1,0
22031000,Raptor Talons,Bestial,37,Claw,Claw,0.97,slash,pierce,98,0,0,0,0,0.1,0.25,0,0.9,0,6,14,0,0,0,0,0,0,0,0,0,0,6,6,6,6,800,Quickstep,0,1,0
22031100,Raptor Talons,Night,37,Claw,Claw,0.97,slash,pierce,0,98,0,0,0,0.05,0.2,0.7,0.7,0,6,14,0,0,0,0,0,0,0,0,0,0,6,6,6,6,800,Quickstep,0,1,0
22031200,Raptor Talons,Lava,37,Claw,Claw,0.97,slash,pierce,0,0,98,0,0,0.05,0.2,0.7,0.7,0,6,14,0,0,0,0,0,0,0,0,0,0,6,6,6,6,800,Quickstep,0,1,0
22031300,Raptor Talons,Frenzy,37,Claw,Claw,0.97,slash,pierce,0,0,98,0,0,0.05,0.2,0.6,0.6,0,6,14,0,0,0,0,0,0,0,0,0,0,6,6,6,6,800,Quickstep,0,1,0
22031400,Raptor Talons,Death,37,Claw,Claw,0.97,slash,pierce,0,0,0,0,85,0.05,0.2,0.6,0.6,0,6,14,0,0,0,0,0,0,0,0,0,0,6,6,6,6,800,Quickstep,0,1,0
22031500,Raptor Talons,Godslayer,37,Claw,Claw,0.97,slash,pierce,0,0,0,0,85,0.05,0.2,0.6,0.6,0,6,14,0,0,0,0,0,0,0,0,0,0,6,6,6,6,800,Quickstep,0,1,0
22031600,Raptor Talons,Frost,37,Claw,Claw,0.97,slash,pierce,0,98,0,0,0,0.05,0.2,0.6,0,0.6,6,14,0,0,0,0,0,0,0,0,0,0,6,6,6,6,800,Quickstep,0,1,0
22031700,Raptor Talons,Aberrant,37,Claw,Claw,0.97,slash,pierce,98,0,0,0,0,0.05,0.2,0.6,0,0.6,6,14,0,0,0,0,0,0,0,0,0,0,6,6,6,6,800,Quickstep,0,1,0
22031800,Raptor Talons,Bloodflame,37,Claw,Claw,0.97,slash,pierce,0,0,98,0,0,0.05,0.2,0,0.6,0.6,6,14,0,0,0,0,0,0,0,0,0,0,6,6,6,6,800,Quickstep,0,1,0
22031900,Raptor Talons,Rotten,37,Claw,Claw,0.97,slash,pierce,98,0,0,0,0,0.05,0.2,0,0.6,0.6,6,14,0,0,0,0,0,0,0,0,0,0,6,6,6,6,800,Quickstep,0,1,0
22032000,Raptor Talons,Storm,37,Claw,Claw,0.97,slash,pierce,98,0,0,0,0,0.05,0.2,0.7,0.7,0,6,14,0,0,0,0,0,0,0,0,0,0,6,6,6,6,800,Quickstep,0,1,0
22032100,Raptor Talons,Mystic,37,Claw,Claw,0.97,slash,pierce,0,98,0,0,0,0.05,0.2,0,0.6,0.6,6,14,0,0,0,0,0,0,0,0,0,0,6,6,6,6,800,Quickstep,0,1,0
22040000,Stone Claws,Standard,37,Claw,Claw,1,slash,pierce,96,0,0,0,0,0.5,0.05,0,1.05,0,8,14,0,22,0,2200,0,0,0,0,0,0,6,6,6,6,817,,1,1,0
22050000,Emyr's Great Talons,Standard,37,Claw,Claw,1,slash,pierce,94,0,0,0,0,0.35,1.3,0,0,0,12,25,0,0,0,2200,0,0,0,0,0,0,6,6,6,6,129,Evisceration,1,1,0
22500000,Claws of Night,Standard,37,Claw,Claw,1.11,slash,pierce,0,100,0,0,0,0.2,0.75,0.8,0.8,0,8,16,20,20,0,2200,0,0,0,0,0,0,6,6,6,6,5510,Scattershot (Claws),1,1,0
23000000,Prelate's Inferno Crozier,Standard,41,Colossal Weapon,AxhammerLarge,1.25,strike,strike,0,0,156,0,0,0.9,0.05,0,0.9,0,30,8,0,20,0,2200,0,0,0,0,0,0,6,6,6,6,113,Prelate's Charge,1,0,0
23010000,Watchdog's Staff,Standard,41,Colossal Weapon,AxhammerLarge,1.15,strike,strike,0,165,0,0,0,1,0.05,0.9,0,0,25,10,25,0,0,2200,0,0,0,0,0,0,6,6,6,6,1192,Sorcery of the Crozier,1,0,0
23020000,Great Club,Standard,41,Colossal Weapon,AxhammerLarge,1.12,strike,strike,154,0,0,0,0,0.95,0.1,0,0,0,35,0,0,0,0,2200,0,0,0,0,0,0,6,6,6,6,213,Golden Land,1,0,0
23030000,Envoy's Greathorn,Standard,41,Colossal Weapon,AxhammerLarge,1.1575,strike,strike,0,0,0,0,164,0.8,0.1,0,1.1,0,28,12,0,24,0,2200,0,0,0,0,0,0,6,6,6,6,1005,Great Oracular Bubble,1,0,0
23040000,Duelist Greataxe,Standard,41,Colossal Weapon,AxhammerLarge,1.03,standard,standard,195,0,0,0,0,0.85,0.25,0,0,0,30,10,0,0,0,0,0,0,0,0,0,0,6,6,6,6,700,Endure,0,0,0
23040100,Duelist Greataxe,Heavy,41,Colossal Weapon,AxhammerLarge,1.03,standard,standard,195,0,0,0,0,1.1,0.25,0,0,0,30,10,0,0,0,0,0,0,0,0,0,0,6,6,6,6,700,Endure,0,0,0
23040200,Duelist Greataxe,Keen,41,Colossal Weapon,AxhammerLarge,1.03,standard,standard,195,0,0,0,0,0.7,0.75,0,0,0,30,10,0,0,0,0,0,0,0,0,0,0,6,6,6,6,700,Endure,0,0,0
23040300,Duelist Greataxe,Quality,41,Colossal Weapon,AxhammerLarge,1.03,standard,standard,195,0,0,0,0,0.8,0.55,0,0,0,30,10,0,0,0,0,0,0,0,0,0,0,6,6,6,6,700,Endure,0,0,0
23040400,Duelist Greataxe,Glint,41,Colossal Weapon,AxhammerLarge,1.03,standard,standard,0,195,0,0,0,0.55,0.25,0.9,0,0,30,10,0,0,0,0,0,0,0,0,0,0,6,6,6,6,700,Endure,0,0,0
23040500,Duelist Greataxe,Dragonkin,41,Colossal Weapon,AxhammerLarge,1.03,standard,standard,0,0,0,195,0,0.55,0.25,0.8,0,0,30,10,0,0,0,0,0,0,0,0,0,0,6,6,6,6,700,Endure,0,0,0
23040600,Duelist Greataxe,Gravity,41,Colossal Weapon,AxhammerLarge,1.03,standard,standard,195,0,0,0,0,0.55,0.25,0.9,0,0,30,10,0,0,0,0,0,0,0,0,0,0,6,6,6,6,700,Endure,0,0,0
23040700,Duelist Greataxe,Flame,41,Colossal Weapon,AxhammerLarge,1.03,standard,standard,0,0,195,0,0,0.55,0.25,0,0.8,0,30,10,0,0,0,0,0,0,0,0,0,0,6,6,6,6,700,Endure,0,0,0
23040800,Duelist Greataxe,Golden,41,Colossal Weapon,AxhammerLarge,1.03,standard,standard,0,0,0,0,170,0.55,0.25,0,0.9,0,30,10,0,0,0,0,0,0,0,0,0,0,6,6,6,6,700,Endure,0,0,0
23040900,Duelist Greataxe,Draconic,41,Colossal Weapon,AxhammerLarge,1.03,standard,standard,0,0,0,195,0,0.55,0.25,0,0.9,0,30,10,0,0,0,0,0,0,0,0,0,0,6,6,6,6,700,Endure,0,0,0
23041000,Duelist Greataxe,Bestial,41,Colossal Weapon,AxhammerLarge,1.03,standard,standard,195,0,0,0,0,0.55,0.25,0,0.9,0,30,10,0,0,0,0,0,0,0,0,0,0,6,6,6,6,700,Endure,0,0,0
23041100,Duelist Greataxe,Night,41,Colossal Weapon,AxhammerLarge,1.03,standard,standard,0,195,0,0,0,0.5,0.2,0.7,0.7,0,30,10,0,0,0,0,0,0,0,0,0,0,6,6,6,6,700,Endure,0,0,0
23041200,Duelist Greataxe,Lava,41,Colossal Weapon,AxhammerLarge,1.03,standard,standard,0,0,195,0,0,0.5,0.2,0.7,0.7,0,30,10,0,0,0,0,0,0,0,0,0,0,6,6,6,6,700,Endure,0,0,0
23041300,Duelist Greataxe,Frenzy,41,Colossal Weapon,AxhammerLarge,1.03,standard,standard,0,0,195,0,0,0.5,0.2,0.6,0.6,0,30,10,0,0,0,0,0,0,0,0,0,0,6,6,6,6,700,Endure,0,0,0
23041400,Duelist Greataxe,Death,41,Colossal Weapon,AxhammerLarge,1.03,standard,standard,0,0,0,0,170,0.5,0.2,0.6,0.6,0,30,10,0,0,0,0,0,0,0,0,0,0,6,6,6,6,700,Endure,0,0,0
23041500,Duelist Greataxe,Godslayer,41,Colossal Weapon,AxhammerLarge,1.03,standard,standard,0,0,0,0,170,0.5,0.2,0.6,0.6,0,30,10,0,0,0,0,0,0,0,0,0,0,6,6,6,6,700,Endure,0,0,0
23041600,Duelist Greataxe,Frost,41,Colossal Weapon,AxhammerLarge,1.03,standard,standard,0,195,0,0,0,0.5,0.2,0.6,0,0.6,30,10,0,0,0,0,0,0,0,0,0,0,6,6,6,6,700,Endure,0,0,0
23041700,Duelist Greataxe,Aberrant,41,Colossal Weapon,AxhammerLarge,1.03,standard,standard,195,0,0,0,0,0.5,0.2,0.6,0,0.6,30,10,0,0,0,0,0,0,0,0,0,0,6,6,6,6,700,Endure,0,0,0
23041800,Duelist Greataxe,Bloodflame,41,Colossal Weapon,AxhammerLarge,1.03,standard,standard,0,0,195,0,0,0.5,0.2,0,0.6,0.6,30,10,0,0,0,0,0,0,0,0,0,0,6,6,6,6,700,Endure,0,0,0
23041900,Duelist Greataxe,Rotten,41,Colossal Weapon,AxhammerLarge,1.03,standard,standard,195,0,0,0,0,0.5,0.2,0,0.6,0.6,30,10,0,0,0,0,0,0,0,0,0,0,6,6,6,6,700,Endure,0,0,0
23042000,Duelist Greataxe,Storm,41,Colossal Weapon,AxhammerLarge,1.03,standard,standard,195,0,0,0,0,0.5,0.2,0.7,0.7,0,30,10,0,0,0,0,0,0,0,0,0,0,6,6,6,6,700,Endure,0,0,0
23042100,Duelist Greataxe,Mystic,41,Colossal Weapon,AxhammerLarge,1.03,standard,standard,0,195,0,0,0,0.5,0.2,0,0.6,0.6,30,10,0,0,0,0,0,0,0,0,0,0,6,6,6,6,700,Endure,0,0,0
23050000,Axe of Godfrey,Standard,41,Colossal Weapon,AxhammerLarge,1,standard,standard,165,0,0,0,0,1.15,0.6,0,0,0,40,14,0,0,0,2200,0,0,0,0,0,0,6,6,6,6,1031,Regal Roar,1,0,0
23060000,Dragon Greatclaw,Standard,41,Colossal Weapon,AxhammerLarge,0.93,standard,standard,0,0,0,165,0,0.95,0.05,0,1,0,25,14,0,30,0,2200,0,0,0,0,0,0,6,6,6,6,827,,1,0,0
23070000,Staff of the Avatar,Standard,41,Colossal Weapon,AxhammerLarge,1.18,strike,strike,0,0,0,0,170,1.1,0.05,0,0.8,0,34,8,0,24,0,2200,0,0,0,0,0,0,6,6,6,6,1193,Erdtree Slam,1,0,0
23080000,Fallingstar Beast Jaw,Standard,41,Colossal Weapon,AxhammerLarge,1.23,strike,pierce,158,0,0,0,0,0.75,0.25,0.9,0,0,30,12,25,0,0,2200,0,0,0,0,0,0,6,6,6,6,1194,Gravity Bolt,1,0,0
23090000,Greatstaff of Decay,Standard,41,Colossal Weapon,AxhammerLarge,1.15,strike,strike,171,0,0,0,0,0.7,0.05,0,0.85,0.85,20,10,0,20,20,2200,0,0,0,0,0,0,6,6,6,6,510,Break the Seal,1,0,0
23100000,Ghiza's Wheel,Standard,41,Colossal Weapon,AxhammerLarge,1.025,standard,standard,156,0,0,0,0,1.05,0.85,0,0,0,28,18,0,0,0,2200,0,0,0,0,0,0,6,6,6,6,1039,Spinning Wheel,1,0,0
23110000,Giant-Crusher,Standard,41,Colossal Weapon,AxhammerLarge,1.295,strike,strike,178,0,0,0,0,1.1,0.05,0,0,0,60,0,0,0,0,0,0,0,0,0,0,0,6,6,6,6,700,Endure,0,0,0
23110100,Giant-Crusher,Heavy,41,Colossal Weapon,AxhammerLarge,1.295,strike,strike,178,0,0,0,0,1.35,0.05,0,0,0,60,0,0,0,0,0,0,0,0,0,0,0,6,6,6,6,700,Endure,0,0,0
23110200,Giant-Crusher,Keen,41,Colossal Weapon,AxhammerLarge,1.295,strike,strike,178,0,0,0,0,0.75,0.55,0,0,0,60,0,0,0,0,0,0,0,0,0,0,0,6,6,6,6,700,Endure,0,0,0
23110300,Giant-Crusher,Quality,41,Colossal Weapon,AxhammerLarge,1.295,strike,strike,178,0,0,0,0,1.05,0.35,0,0,0,60,0,0,0,0,0,0,0,0,0,0,0,6,6,6,6,700,Endure,0,0,0
23110400,Giant-Crusher,Glint,41,Colossal Weapon,AxhammerLarge,1.295,strike,strike,0,178,0,0,0,0.6,0.05,0.9,0,0,60,0,0,0,0,0,0,0,0,0,0,0,6,6,6,6,700,Endure,0,0,0
23110500,Giant-Crusher,Dragonkin,41,Colossal Weapon,AxhammerLarge,1.295,strike,strike,0,0,0,178,0,0.6,0.05,0.8,0,0,60,0,0,0,0,0,0,0,0,0,0,0,6,6,6,6,700,Endure,0,0,0
23110600,Giant-Crusher,Gravity,41,Colossal Weapon,AxhammerLarge,1.295,strike,strike,178,0,0,0,0,0.6,0.05,0.9,0,0,60,0,0,0,0,0,0,0,0,0,0,0,6,6,6,6,700,Endure,0,0,0
23110700,Giant-Crusher,Flame,41,Colossal Weapon,AxhammerLarge,1.295,strike,strike,0,0,178,0,0,0.6,0.05,0,0.8,0,60,0,0,0,0,0,0,0,0,0,0,0,6,6,6,6,700,Endure,0,0,0
23110800,Giant-Crusher,Golden,41,Colossal Weapon,AxhammerLarge,1.295,strike,strike,0,0,0,0,155,0.6,0.05,0,0.9,0,60,0,0,0,0,0,0,0,0,0,0,0,6,6,6,6,700,Endure,0,0,0
23110900,Giant-Crusher,Draconic,41,Colossal Weapon,AxhammerLarge,1.295,strike,strike,0,0,0,178,0,0.6,0.05,0,0.9,0,60,0,0,0,0,0,0,0,0,0,0,0,6,6,6,6,700,Endure,0,0,0
23111000,Giant-Crusher,Bestial,41,Colossal Weapon,AxhammerLarge,1.295,strike,strike,178,0,0,0,0,0.6,0.05,0,0.9,0,60,0,0,0,0,0,0,0,0,0,0,0,6,6,6,6,700,Endure,0,0,0
23111100,Giant-Crusher,Night,41,Colossal Weapon,AxhammerLarge,1.295,strike,strike,0,178,0,0,0,0.55,0,0.7,0.7,0,60,0,0,0,0,0,0,0,0,0,0,0,6,6,6,6,700,Endure,0,0,0
23111200,Giant-Crusher,Lava,41,Colossal Weapon,AxhammerLarge,1.295,strike,strike,0,0,178,0,0,0.55,0,0.7,0.7,0,60,0,0,0,0,0,0,0,0,0,0,0,6,6,6,6,700,Endure,0,0,0
23111300,Giant-Crusher,Frenzy,41,Colossal Weapon,AxhammerLarge,1.295,strike,strike,0,0,178,0,0,0.55,0,0.6,0.6,0,60,0,0,0,0,0,0,0,0,0,0,0,6,6,6,6,700,Endure,0,0,0
23111400,Giant-Crusher,Death,41,Colossal Weapon,AxhammerLarge,1.295,strike,strike,0,0,0,0,155,0.55,0,0.6,0.6,0,60,0,0,0,0,0,0,0,0,0,0,0,6,6,6,6,700,Endure,0,0,0
23111500,Giant-Crusher,Godslayer,41,Colossal Weapon,AxhammerLarge,1.295,strike,strike,0,0,0,0,155,0.55,0,0.6,0.6,0,60,0,0,0,0,0,0,0,0,0,0,0,6,6,6,6,700,Endure,0,0,0
23111600,Giant-Crusher,Frost,41,Colossal Weapon,AxhammerLarge,1.295,strike,strike,0,178,0,0,0,0.55,0,0.6,0,0.6,60,0,0,0,0,0,0,0,0,0,0,0,6,6,6,6,700,Endure,0,0,0
23111700,Giant-Crusher,Aberrant,41,Colossal Weapon,AxhammerLarge,1.295,strike,strike,178,0,0,0,0,0.55,0,0.6,0,0.6,60,0,0,0,0,0,0,0,0,0,0,0,6,6,6,6,700,Endure,0,0,0
23111800,Giant-Crusher,Bloodflame,41,Colossal Weapon,AxhammerLarge,1.295,strike,strike,0,0,178,0,0,0.55,0,0,0.6,0.6,60,0,0,0,0,0,0,0,0,0,0,0,6,6,6,6,700,Endure,0,0,0
23111900,Giant-Crusher,Rotten,41,Colossal Weapon,AxhammerLarge,1.295,strike,strike,178,0,0,0,0,0.55,0,0,0.6,0.6,60,0,0,0,0,0,0,0,0,0,0,0,6,6,6,6,700,Endure,0,0,0
23112000,Giant-Crusher,Storm,41,Colossal Weapon,AxhammerLarge,1.295,strike,strike,178,0,0,0,0,0.55,0,0.7,0.7,0,60,0,0,0,0,0,0,0,0,0,0,0,6,6,6,6,700,Endure,0,0,0
23112100,Giant-Crusher,Mystic,41,Colossal Weapon,AxhammerLarge,1.295,strike,strike,0,178,0,0,0,0.55,0,0,0.6,0.6,60,0,0,0,0,0,0,0,0,0,0,0,6,6,6,6,700,Endure,0,0,0
23120000,Golem's Halberd,Standard,41,Colossal Weapon,AxhammerLarge,1.08,pierce,standard,182,0,0,0,0,0.8,0.3,0,0,0,36,14,0,0,0,0,0,0,0,0,0,0,6,6,6,6,700,Endure,0,0,0
23120100,Golem's Halberd,Heavy,41,Colossal Weapon,AxhammerLarge,1.08,pierce,standard,182,0,0,0,0,1.05,0.3,0,0,0,36,14,0,0,0,0,0,0,0,0,0,0,6,6,6,6,700,Endure,0,0,0
23120200,Golem's Halberd,Keen,41,Colossal Weapon,AxhammerLarge,1.08,pierce,standard,182,0,0,0,0,0.65,0.8,0,0,0,36,14,0,0,0,0,0,0,0,0,0,0,6,6,6,6,700,Endure,0,0,0
23120300,Golem's Halberd,Quality,41,Colossal Weapon,AxhammerLarge,1.08,pierce,standard,182,0,0,0,0,0.75,0.6,0,0,0,36,14,0,0,0,0,0,0,0,0,0,0,6,6,6,6,700,Endure,0,0,0
23120400,Golem's Halberd,Glint,41,Colossal Weapon,AxhammerLarge,1.08,pierce,standard,0,182,0,0,0,0.5,0.3,0.9,0,0,36,14,0,0,0,0,0,0,0,0,0,0,6,6,6,6,700,Endure,0,0,0
23120500,Golem's Halberd,Dragonkin,41,Colossal Weapon,AxhammerLarge,1.08,pierce,standard,0,0,0,182,0,0.5,0.3,0.8,0,0,36,14,0,0,0,0,0,0,0,0,0,0,6,6,6,6,700,Endure,0,0,0
23120600,Golem's Halberd,Gravity,41,Colossal Weapon,AxhammerLarge,1.08,pierce,standard,182,0,0,0,0,0.5,0.3,0.9,0,0,36,14,0,0,0,0,0,0,0,0,0,0,6,6,6,6,700,Endure,0,0,0
23120700,Golem's Halberd,Flame,41,Colossal Weapon,AxhammerLarge,1.08,pierce,standard,0,0,182,0,0,0.5,0.3,0,0.8,0,36,14,0,0,0,0,0,0,0,0,0,0,6,6,6,6,700,Endure,0,0,0
23120800,Golem's Halberd,Golden,41,Colossal Weapon,AxhammerLarge,1.08,pierce,standard,0,0,0,0,158,0.5,0.3,0,0.9,0,36,14,0,0,0,0,0,0,0,0,0,0,6,6,6,6,700,Endure,0,0,0
23120900,Golem's Halberd,Draconic,41,Colossal Weapon,AxhammerLarge,1.08,pierce,standard,0,0,0,182,0,0.5,0.3,0,0.9,0,36,14,0,0,0,0,0,0,0,0,0,0,6,6,6,6,700,Endure,0,0,0
23121000,Golem's Halberd,Bestial,41,Colossal Weapon,AxhammerLarge,1.08,pierce,standard,182,0,0,0,0,0.5,0.3,0,0.9,0,36,14,0,0,0,0,0,0,0,0,0,0,6,6,6,6,700,Endure,0,0,0
23121100,Golem's Halberd,Night,41,Colossal Weapon,AxhammerLarge,1.08,pierce,standard,0,182,0,0,0,0.45,0.25,0.7,0.7,0,36,14,0,0,0,0,0,0,0,0,0,0,6,6,6,6,700,Endure,0,0,0
23121200,Golem's Halberd,Lava,41,Colossal Weapon,AxhammerLarge,1.08,pierce,standard,0,0,182,0,0,0.45,0.25,0.7,0.7,0,36,14,0,0,0,0,0,0,0,0,0,0,6,6,6,6,700,Endure,0,0,0
23121300,Golem's Halberd,Frenzy,41,Colossal Weapon,AxhammerLarge,1.08,pierce,standard,0,0,182,0,0,0.45,0.25,0.6,0.6,0,36,14,0,0,0,0,0,0,0,0,0,0,6,6,6,6,700,Endure,0,0,0
23121400,Golem's Halberd,Death,41,Colossal Weapon,AxhammerLarge,1.08,pierce,standard,0,0,0,0,158,0.45,0.25,0.6,0.6,0,36,14,0,0,0,0,0,0,0,0,0,0,6,6,6,6,700,Endure,0,0,0
23121500,Golem's Halberd,Godslayer,41,Colossal Weapon,AxhammerLarge,1.08,pierce,standard,0,0,0,0,158,0.45,0.25,0.6,0.6,0,36,14,0,0,0,0,0,0,0,0,0,0,6,6,6,6,700,Endure,0,0,0
23121600,Golem's Halberd,Frost,41,Colossal Weapon,AxhammerLarge,1.08,pierce,standard,0,182,0,0,0,0.45,0.25,0.6,0,0.6,36,14,0,0,0,0,0,0,0,0,0,0,6,6,6,6,700,Endure,0,0,0
23121700,Golem's Halberd,Aberrant,41,Colossal Weapon,AxhammerLarge,1.08,pierce,standard,182,0,0,0,0,0.45,0.25,0.6,0,0.6,36,14,0,0,0,0,0,0,0,0,0,0,6,6,6,6,700,Endure,0,0,0
23121800,Golem's Halberd,Bloodflame,41,Colossal Weapon,AxhammerLarge,1.08,pierce,standard,0,0,182,0,0,0.45,0.25,0,0.6,0.6,36,14,0,0,0,0,0,0,0,0,0,0,6,6,6,6,700,Endure,0,0,0
23121900,Golem's Halberd,Rotten,41,Colossal Weapon,AxhammerLarge,1.08,pierce,standard,182,0,0,0,0,0.45,0.25,0,0.6,0.6,36,14,0,0,0,0,0,0,0,0,0,0,6,6,6,6,700,Endure,0,0,0
23122000,Golem's Halberd,Storm,41,Colossal Weapon,AxhammerLarge,1.08,pierce,standard,182,0,0,0,0,0.45,0.25,0.7,0.7,0,36,14,0,0,0,0,0,0,0,0,0,0,6,6,6,6,700,Endure,0,0,0
23122100,Golem's Halberd,Mystic,41,Colossal Weapon,AxhammerLarge,1.08,pierce,standard,0,182,0,0,0,0.45,0.25,0,0.6,0.6,36,14,0,0,0,0,0,0,0,0,0,0,6,6,6,6,700,Endure,0,0,0
23130000,Troll's Hammer,Standard,41,Colossal Weapon,AxhammerLarge,1.105,strike,strike,153,0,0,0,0,1,0.05,0,0.9,0,20,8,0,20,0,2200,0,0,0,0,0,0,6,6,6,6,653,Troll's Roar,1,0,0
23140000,Rotten Staff,Standard,41,Colossal Weapon,AxhammerLarge,1.15,strike,strike,163,0,0,0,0,0.8,0.05,0,0.65,0.65,30,8,0,20,20,2200,0,0,0,0,0,0,6,6,6,6,1204,Rotten Slam,1,0,0
23150000,Rotten Greataxe,Standard,41,Colossal Weapon,AxhammerLarge,1.03,standard,standard,162,0,0,0,0,0.5,0.2,0,0.6,0.6,20,10,0,18,18,2200,0,0,0,0,0,0,6,6,6,6,700,Endure,1,0,0
23160000,Lodestone of Gelmir,Standard,41,Colossal Weapon,AxhammerLarge,1.03,standard,standard,0,0,169,0,0,0.75,0.1,0.85,0.85,0,20,0,25,25,0,2200,0,0,0,0,0,0,6,6,6,6,660,Magma Crush,1,0,0
23170000,Crystaline Claw,Standard,19,Greataxe,AxeLarge,1.15,standard,standard,0,142,0,0,0,0.7,0,0.95,0,0,16,0,21,0,0,2200,0,0,0,0,0,0,6,6,6,6,1066,,1,0,0
23500000,Devonia's Hammer,Standard,41,Colossal Weapon,AxhammerLarge,1.015,strike,strike,175,0,0,0,0,1.05,0.2,0,1.05,0,25,13,0,25,0,2200,0,0,0,0,0,0,6,6,6,6,5180,Devonia's Vortex,1,0,0
23510000,Shadow Sunflower Blossom,Standard,41,Colossal Weapon,AxhammerLarge,0.955,strike,strike,168,0,0,0,0,0.75,0,0.9,0,0.9,18,0,22,0,22,2200,0,0,0,0,0,0,6,6,6,6,5160,Shadow Sunflower Headbutt,1,0,0
23520000,Gazing Finger,Standard,41,Colossal Weapon,AxhammerLarge,0.935,strike,strike,167,0,0,0,0,0.7,0.4,1.1,0,0,20,8,25,0,0,2200,0,0,0,0,0,0,6,6,6,6,5390,Kowtower's Resentment,1,0,0
24000000,Torch,Standard,87,Torch,Torch,0.91,strike,strike,112,0,6,0,0,0.5,0.35,0,0,0,5,5,0,0,0,0,0,0,0,0,0,0,6,6,6,6,117,Torch Attack,1,0,0
24020000,Steel-Wire Torch,Standard,87,Torch,Torch,0.96,strike,strike,0,0,109,0,0,0.35,0.65,0,0,0,10,8,0,0,0,2200,0,0,0,0,0,0,6,6,6,6,223,Firebreather,1,0,0
24040000,St. Trina's Torch,Standard,87,Torch,Torch,0.96,strike,strike,0,91,0,0,0,0.2,0.2,0,0.45,0.45,7,7,0,14,14,2200,0,0,0,0,0,0,6,6,6,6,1195,Fires of Slumber,1,0,0
24050000,Ghostflame Torch,Standard,87,Torch,Torch,0.89,strike,strike,0,0,0,0,90,0.2,0.2,0.45,0.45,0,7,7,14,14,0,0,0,0,0,0,0,0,6,6,6,6,117,Torch Attack,1,0,0
24060000,Beast-Repellent Torch,Standard,87,Torch,Torch,0.97,strike,strike,103,0,17,0,0,0.4,0.05,0,0.65,0,12,8,0,14,0,0,0,0,0,0,0,0,6,6,6,6,117,Torch Attack,1,0,0
24070000,Sentry's Torch,Standard,87,Torch,Torch,1.12,strike,strike,0,0,0,0,100,0.35,0.01,0,0.65,0,15,8,0,15,0,2200,0,0,0,0,0,0,6,6,6,6,117,Torch Attack,1,0,0
24500000,Nanaya's Torch,Standard,87,Torch,Torch,1.015,strike,strike,0,0,100,0,0,0.2,0.2,0.45,0.45,0,10,10,15,15,0,2200,0,0,0,0,0,0,6,6,6,6,5330,Feeble Lord's Frenzied Flame,1,0,0
24510000,Lamenting Visage,Standard,87,Torch,Torch,0.985,strike,strike,71,0,0,0,0,0.96,0,0,0,0,9,0,0,0,0,2200,0,0,0,0,0,0,6,6,6,6,5460,Blindfold of Happiness,1,0,0
30000000,Buckler,Standard,65,Small Shield,ShieldSmall,0.93,strike,strike,68,0,0,0,0,0.1,0.3,0,0,0,8,13,0,0,0,0,0,0,0,0,0,0,6,6,6,6,303,Buckler Parry,1,0,0
30010000,Perfumer's Shield,Standard,65,Small Shield,ShieldSmall,0.97,strike,strike,67,0,0,0,0,0.24,0,0,0,0,8,0,0,0,0,0,0,0,0,0,0,0,6,6,6,6,302,Parry,1,0,0
30020000,Man-Serpent's Shield,Standard,65,Small Shield,ShieldSmall,1,strike,strike,70,0,0,0,0,0.24,0,0,0,0,8,0,0,0,0,0,0,0,0,0,0,0,6,6,6,6,303,Buckler Parry,1,0,0
30030000,Rickety Shield,Standard,65,Small Shield,ShieldSmall,1,strike,strike,70,0,0,0,0,0.24,0,0,0,0,8,0,0,0,0,0,0,0,0,0,0,0,6,6,6,6,302,Parry,1,0,0
30040000,Pillory Shield,Standard,65,Small Shield,ShieldSmall,1.07,strike,strike,71,0,0,0,0,0.24,0,0,0,0,5,0,0,0,0,0,0,0,0,0,0,0,6,6,6,6,10,No Skill,1,0,0
30060000,Beastman's Jar-Shield,Standard,67,Medium Shield,ShieldNormal,0.96,strike,strike,71,0,0,0,0,0.24,0,0,0,0,10,0,0,0,0,0,0,0,0,0,0,0,6,6,6,6,10,No Skill,1,0,0
30070000,Red Thorn Roundshield,Standard,65,Small Shield,ShieldSmall,1,strike,strike,70,0,0,0,0,0.24,0,0,0,0,8,0,0,0,0,0,0,0,0,0,0,0,6,6,6,6,302,Parry,1,0,0
30080000,Scripture Wooden Shield,Standard,65,Small Shield,ShieldSmall,1,strike,strike,70,0,0,0,0,0.24,0,0,0,0,8,0,0,0,0,0,0,0,0,0,0,0,6,6,6,6,302,Parry,1,0,0
30090000,Riveted Wooden Shield,Standard,65,Small Shield,ShieldSmall,1.03,strike,strike,72,0,0,0,0,0.24,0,0,0,0,8,0,0,0,0,0,0,0,0,0,0,0,6,6,6,6,302,Parry,1,0,0
30100000,Blue-White Wooden Shield,Standard,65,Small Shield,ShieldSmall,1.03,strike,strike,72,0,0,0,0,0.24,0,0,0,0,8,0,0,0,0,0,0,0,0,0,0,0,6,6,6,6,303,Buckler Parry,1,0,0
30110000,Rift Shield,Standard,65,Small Shield,ShieldSmall,1,strike,strike,70,0,0,0,0,0.24,0,0,0,0,8,0,0,0,0,0,0,0,0,0,0,0,6,6,6,6,303,Buckler Parry,1,0,0
30120000,Iron Roundshield,Standard,65,Small Shield,ShieldSmall,1.06,strike,strike,74,0,0,0,0,0.24,0,0,0,0,8,0,0,0,0,0,0,0,0,0,0,0,6,6,6,6,302,Parry,1,0,0
30130000,Gilded Iron Shield,Standard,65,Small Shield,ShieldSmall,1.06,strike,strike,74,0,0,0,0,0.24,0,0,0,0,8,0,0,0,0,0,0,0,0,0,0,0,6,6,6,6,302,Parry,1,0,0
30140000,Ice Crest Shield,Standard,65,Small Shield,ShieldSmall,1.06,strike,strike,74,0,0,0,0,0.24,0,0,0,0,9,0,0,0,0,2200,0,0,0,0,0,0,6,6,6,6,303,Buckler Parry,1,0,0
30150000,Smoldering Shield,Standard,65,Small Shield,ShieldSmall,1.06,strike,strike,58,0,37,0,0,0.24,0,0,0.4,0,10,9,0,12,0,2200,0,0,0,0,0,0,6,6,6,6,303,Buckler Parry,1,0,0
30160000,NEW - Hermit's Buckler,Standard,65,Small Shield,ShieldSmall,0.93,strike,strike,68,0,0,0,0,0.1,0.3,0,0,0,8,13,0,0,0,0,0,0,0,0,0,0,6,6,6,6,303,Buckler Parry,1,0,0
30170000,NEW - Shield of Alacrity,Standard,65,Small Shield,ShieldSmall,0.93,strike,strike,68,0,0,0,0,0.1,0.3,0,0,0,8,13,0,0,0,0,0,0,0,0,0,0,6,6,6,6,303,Buckler Parry,1,0,0
30190000,Spiralhorn Shield,Standard,65,Small Shield,ShieldSmall,1.04,strike,strike,75,0,0,0,0,0.24,0,0,0,0,8,10,0,0,0,0,0,0,0,0,0,0,6,6,6,6,302,Parry,1,0,0
30200000,Coil Shield,Standard,65,Small Shield,ShieldSmall,0.97,strike,strike,77,0,0,0,0,0.24,0,0,0,0,10,10,0,0,0,2200,0,0,0,0,0,0,6,6,6,6,1007,Viper Bite,1,0,0
30300000,Crest of the Dragon Cult,Standard,67,Medium Shield,ShieldNormal,0.93,strike,strike,78,0,0,0,0,0.4,0,0,0,0,12,0,0,0,0,2200,0,0,0,0,0,0,6,6,6,6,10,No Skill,1,0,0
30510000,Smithscript Shield,Standard,65,Small Shield,ShieldSmall,1.03,strike,strike,72,0,0,0,0,0.35,0.15,0.05,0.05,0,10,15,11,11,0,2200,10000,0,0,0,0,0,6,6,6,6,5370,Discus Hurl,1,0,0
31000000,Kite Shield,Standard,67,Medium Shield,ShieldNormal,0.93,strike,strike,78,0,0,0,0,0.4,0,0,0,0,12,0,0,0,0,0,0,0,0,0,0,0,6,6,6,6,10,No Skill,1,0,0
31010000,Marred Leather Shield,Standard,67,Medium Shield,ShieldNormal,0.9,strike,strike,75,0,0,0,0,0.4,0,0,0,0,8,0,0,0,0,0,0,0,0,0,0,0,6,6,6,6,10,No Skill,1,0,0
31020000,Marred Wooden Shield,Standard,67,Medium Shield,ShieldNormal,0.955,strike,strike,76,0,0,0,0,0.4,0,0,0,0,8,0,0,0,0,0,0,0,0,0,0,0,6,6,6,6,10,No Skill,1,0,0
31030000,Banished Knight's Shield,Standard,67,Medium Shield,ShieldNormal,1.07,strike,strike,81,0,0,0,0,0.4,0,0,0,0,14,0,0,0,0,2200,0,0,0,0,0,0,6,6,6,6,10,No Skill,1,0,0
31040000,Albinauric Shield,Standard,67,Medium Shield,ShieldNormal,0.93,strike,strike,78,0,0,0,0,0.4,0,0,0,0,11,0,0,0,0,0,0,0,0,0,0,0,6,6,6,6,302,Parry,1,0,0
31050000,Sun Realm Shield,Standard,67,Medium Shield,ShieldNormal,0.94,strike,strike,74,0,0,0,0,0.4,0,0,0,0,8,0,0,0,0,0,0,0,0,0,0,0,6,6,6,6,302,Parry,1,0,0
31060000,Silver Mirrorshield,Standard,67,Medium Shield,ShieldNormal,0.86,strike,strike,59,38,0,0,0,0.4,0,0.3,0,0,12,10,10,0,0,2200,0,0,0,0,0,0,6,6,6,6,10,No Skill,1,0,0
31070000,Round Shield,Standard,67,Medium Shield,ShieldNormal,0.955,strike,strike,76,0,0,0,0,0.4,0,0,0,0,8,0,0,0,0,0,0,0,0,0,0,0,6,6,6,6,302,Parry,1,0,0
31080000,Scorpion Kite Shield,Standard,67,Medium Shield,ShieldNormal,0.93,strike,strike,78,0,0,0,0,0.4,0,0,0,0,12,0,0,0,0,0,0,0,0,0,0,0,6,6,6,6,302,Parry,1,0,0
31090000,Twinbird Kite Shield,Standard,67,Medium Shield,ShieldNormal,0.93,strike,strike,78,0,0,0,0,0.4,0,0,0,0,12,0,0,0,0,0,0,0,0,0,0,0,6,6,6,6,10,No Skill,1,0,0
31100000,Blue-Gold Kite Shield,Standard,67,Medium Shield,ShieldNormal,1,strike,strike,80,0,0,0,0,0.4,0,0,0,0,12,0,0,0,0,0,0,0,0,0,0,0,6,6,6,6,302,Parry,1,0,0
31130000,Brass Shield,Standard,67,Medium Shield,ShieldNormal,1.175,strike,strike,84,0,0,0,0,0.4,0,0,0,0,16,0,0,0,0,0,0,0,0,0,0,0,6,6,6,6,307,Golden Parry,1,0,0
31140000,Great Turtle Shell,Standard,67,Medium Shield,ShieldNormal,1.015,strike,strike,81,0,0,0,0,0.4,0,0,0,0,14,0,0,0,0,0,0,0,0,0,0,0,6,6,6,6,301,Barricade Shield,1,0,0
31170000,Shield of the Guilty,Standard,65,Small Shield,ShieldSmall,1,strike,strike,75,0,0,0,0,0.4,0,0,0,0,8,0,0,0,0,0,0,0,0,0,0,0,6,6,6,6,300,Shield Bash,1,0,0
31180000,NEW - Shield of Starlight,Standard,67,Medium Shield,ShieldNormal,0.93,strike,strike,63,40,0,0,0,0.4,0,0.3,0,0,8,8,0,0,0,0,0,0,0,0,0,0,6,6,6,6,10,No Skill,1,0,0
31190000,Carian Knight's Shield,Standard,67,Medium Shield,ShieldNormal,0.93,strike,strike,63,40,0,0,0,0.4,0,0.3,0,0,10,10,15,0,0,0,0,0,0,0,0,0,6,6,6,6,10,No Skill,1,0,0
31230000,Large Leather Shield,Standard,67,Medium Shield,ShieldNormal,0.9,strike,strike,75,0,0,0,0,0.4,0,0,0,0,8,0,0,0,0,0,0,0,0,0,0,0,6,6,6,6,302,Parry,1,0,0
31240000,Horse Crest Wooden Shield,Standard,67,Medium Shield,ShieldNormal,0.935,strike,strike,76,0,0,0,0,0.4,0,0,0,0,8,0,0,0,0,0,0,0,0,0,0,0,6,6,6,6,10,No Skill,1,0,0
31250000,Candletree Wooden Shield,Standard,67,Medium Shield,ShieldNormal,0.935,strike,strike,76,0,0,0,0,0.4,0,0,0,0,8,0,0,0,0,0,0,0,0,0,0,0,6,6,6,6,302,Parry,1,0,0
31260000,Flame Crest Wooden Shield,Standard,67,Medium Shield,ShieldNormal,0.935,strike,strike,76,0,0,0,0,0.4,0,0,0,0,8,0,0,0,0,0,0,0,0,0,0,0,6,6,6,6,302,Parry,1,0,0
31270000,Hawk Crest Wooden Shield,Standard,67,Medium Shield,ShieldNormal,0.935,strike,strike,76,0,0,0,0,0.4,0,0,0,0,8,0,0,0,0,0,0,0,0,0,0,0,6,6,6,6,302,Parry,1,0,0
31280000,Beast Crest Heater Shield,Standard,67,Medium Shield,ShieldNormal,0.915,strike,strike,77,0,0,0,0,0.4,0,0,0,0,10,0,0,0,0,0,0,0,0,0,0,0,6,6,6,6,302,Parry,1,0,0
31290000,Red Crest Heater Shield,Standard,67,Medium Shield,ShieldNormal,0.915,strike,strike,77,0,0,0,0,0.4,0,0,0,0,10,0,0,0,0,0,0,0,0,0,0,0,6,6,6,6,302,Parry,1,0,0
31300000,Blue Crest Heater Shield,Standard,67,Medium Shield,ShieldNormal,0.915,strike,strike,77,0,0,0,0,0.4,0,0,0,0,10,0,0,0,0,0,0,0,0,0,0,0,6,6,6,6,302,Parry,1,0,0
31310000,Eclipse Crest Heater Shield,Standard,67,Medium Shield,ShieldNormal,0.915,strike,strike,77,0,0,0,0,0.4,0,0,0,0,10,0,0,0,0,0,0,0,0,0,0,0,6,6,6,6,10,No Skill,1,0,0
31320000,Inverted Hawk Heater Shield,Standard,67,Medium Shield,ShieldNormal,0.915,strike,strike,77,0,0,0,0,0.4,0,0,0,0,10,0,0,0,0,0,0,0,0,0,0,0,6,6,6,6,302,Parry,1,0,0
31330000,Heater Shield,Standard,67,Medium Shield,ShieldNormal,0.915,strike,strike,77,0,0,0,0,0.4,0,0,0,0,10,0,0,0,0,0,0,0,0,0,0,0,6,6,6,6,302,Parry,1,0,0
31340000,Black Leather Shield,Standard,67,Medium Shield,ShieldNormal,0.9,strike,strike,75,0,0,0,0,0.4,0,0,0,0,10,0,0,0,0,0,0,0,0,0,0,0,6,6,6,6,10,No Skill,1,0,0
31350000,Aegis of Hadea,Standard,67,Medium Shield,ShieldNormal,0.915,strike,strike,30,0,0,0,0,0,0,0,1,0,0,0,0,40,0,2900,0,20,26,22,22,21,6,6,6,6,310,Cast Incantation,1,0,0
31500000,Messmer Soldier Shield,Standard,67,Medium Shield,ShieldNormal,1,strike,strike,80,0,0,0,0,0.4,0,0,0,0,10,0,0,0,0,0,10000,0,0,0,0,0,6,6,6,6,10,No Skill,1,0,0
31510000,Wolf Crest Shield,Standard,67,Medium Shield,ShieldNormal,1.03,strike,strike,82,0,0,0,0,0.4,0,0,0,0,12,0,0,0,0,0,10000,0,0,0,0,0,6,6,6,6,10,No Skill,1,0,0
31520000,Serpent Crest Shield,Standard,67,Medium Shield,ShieldNormal,1.03,strike,strike,82,0,0,0,0,0.4,0,0,0,0,12,0,0,0,0,0,10000,0,0,0,0,0,6,6,6,6,10,No Skill,1,0,0
31530000,Golden Lion Shield,Standard,67,Medium Shield,ShieldNormal,1.015,strike,strike,81,0,0,0,0,0.6,0,0,0,0,11,0,0,0,0,2200,10000,0,0,0,0,0,6,6,6,6,5480,Roaring Bash,1,0,0
32000000,Dragon Towershield,Standard,69,Greatshield,ShieldLarge,1.045,strike,strike,115,0,0,0,0,0.5,0,0,0,0,20,0,0,0,0,0,0,0,0,0,0,0,6,6,6,6,300,Shield Bash,1,0,0
32020000,Distinguished Greatshield,Standard,69,Greatshield,ShieldLarge,1.07,strike,strike,112,0,0,0,0,0.5,0,0,0,0,32,0,0,0,0,0,0,0,0,0,0,0,6,6,6,6,10,No Skill,1,0,0
32030000,Crucible Hornshield,Standard,69,Greatshield,ShieldLarge,0.935,strike,strike,123,0,0,0,0,0.5,0,0,0,0,26,0,0,0,0,2200,0,0,0,0,0,0,6,6,6,6,300,Shield Bash,1,0,0
32040000,Dragonclaw Shield,Standard,69,Greatshield,ShieldLarge,0.97,strike,strike,99,0,0,64,0,0.4,0.2,0,0,0,28,12,0,0,0,2200,0,0,0,0,0,0,6,6,6,6,300,Shield Bash,1,0,0
32050000,Briar Greatshield,Standard,69,Greatshield,ShieldLarge,0.9025,strike,strike,98,0,0,0,0,0.5,0,0,0,0,21,0,0,0,0,0,0,0,0,0,0,0,6,6,6,6,300,Shield Bash,1,0,0
32080000,Erdtree Greatshield,Standard,69,Greatshield,ShieldLarge,0.93,strike,strike,100,0,0,0,65,0.5,0,0,0.3,0,30,0,0,12,0,2200,0,0,0,0,0,0,6,6,6,6,1196,Golden Retaliation,1,0,0
32090000,Golden Beast Crest Shield,Standard,69,Greatshield,ShieldLarge,0.955,strike,strike,104,0,0,0,0,0.5,0,0,0,0,20,0,0,0,0,0,0,0,0,0,0,0,6,6,6,6,10,No Skill,1,0,0
32120000,Jellyfish Shield,Standard,69,Greatshield,ShieldLarge,0.88,strike,strike,103,0,0,0,0,0.5,0,0,0,0,20,14,0,0,0,2200,0,0,0,0,0,0,6,6,6,6,1197,Contagious Fury,1,0,0
32130000,Fingerprint Stone Shield,Standard,69,Greatshield,ShieldLarge,1.24,strike,strike,139,0,0,0,0,0.5,0,0,0,0,48,0,0,0,0,0,0,0,0,0,0,0,6,6,6,6,300,Shield Bash,1,0,0
32140000,Icon Shield,Standard,69,Greatshield,ShieldLarge,0.94,strike,strike,111,0,0,0,0,0.5,0,0,0,0,22,0,0,0,0,2200,0,0,0,0,0,0,6,6,6,6,10,No Skill,1,0,0
32150000,One-Eyed Shield,Standard,69,Greatshield,ShieldLarge,1.09,strike,strike,146,0,0,0,0,0.5,0,0,0,0,36,0,0,0,0,2200,0,0,0,0,0,0,6,6,6,6,1001,Flame Spit,1,0,0
32160000,Visage Shield,Standard,69,Greatshield,ShieldLarge,1.15,strike,strike,155,0,0,0,0,0.5,0,0,0,0,44,0,0,0,0,2200,0,0,0,0,0,0,6,6,6,6,1002,Tongues of Fire,1,0,0
32170000,Spiked Palisade Shield,Standard,69,Greatshield,ShieldLarge,0.94,strike,strike,116,0,0,0,0,0.5,0,0,0,0,20,0,0,0,0,0,0,0,0,0,0,0,6,6,6,6,300,Shield Bash,1,0,0
32190000,Manor Towershield,Standard,69,Greatshield,ShieldLarge,1.015,strike,strike,111,0,0,0,0,0.5,0,0,0,0,30,0,0,0,0,0,0,0,0,0,0,0,6,6,6,6,300,Shield Bash,1,0,0
32200000,Crossed-Tree Towershield,Standard,69,Greatshield,ShieldLarge,1.015,strike,strike,111,0,0,0,0,0.5,0,0,0,0,30,0,0,0,0,0,0,0,0,0,0,0,6,6,6,6,300,Shield Bash,1,0,0
32210000,Inverted Hawk Towershield,Standard,69,Greatshield,ShieldLarge,1.015,strike,strike,111,0,0,0,0,0.5,0,0,0,0,30,0,0,0,0,0,0,0,0,0,0,0,6,6,6,6,300,Shield Bash,1,0,0
32220000,Ant's Skull Plate,Standard,69,Greatshield,ShieldLarge,0.97,strike,strike,114,0,0,0,0,0.5,0,0,0,0,28,0,0,0,0,2200,0,0,0,0,0,0,6,6,6,6,300,Shield Bash,1,0,0
32230000,Redmane Greatshield,Standard,69,Greatshield,ShieldLarge,0.965,strike,strike,108,0,0,0,0,0.5,0,0,0,0,30,0,0,0,0,0,0,0,0,0,0,0,6,6,6,6,10,No Skill,1,0,0
32240000,Eclipse Crest Greatshield,Standard,69,Greatshield,ShieldLarge,1,strike,strike,110,0,0,0,0,0.5,0,0,0,0,32,0,0,0,0,0,0,0,0,0,0,0,6,6,6,6,10,No Skill,1,0,0
32250000,Cuckoo Greatshield,Standard,69,Greatshield,ShieldLarge,1,strike,strike,110,0,0,0,0,0.5,0,0,0,0,32,0,0,0,0,0,0,0,0,0,0,0,6,6,6,6,10,No Skill,1,0,0
32260000,Golden Greatshield,Standard,69,Greatshield,ShieldLarge,1.03,strike,strike,113,0,0,0,0,0.5,0,0,0,0,34,0,0,0,0,0,0,0,0,0,0,0,6,6,6,6,10,No Skill,1,0,0
32270000,Gilded Greatshield,Standard,69,Greatshield,ShieldLarge,1.045,strike,strike,115,0,0,0,0,0.5,0,0,0,0,20,20,0,0,0,0,0,0,0,0,0,0,6,6,6,6,10,No Skill,1,0,0
32280000,Haligtree Crest Greatshield,Standard,69,Greatshield,ShieldLarge,1.1,strike,strike,116,0,0,0,0,0.5,0,0,0,0,36,0,0,0,0,0,0,0,0,0,0,0,6,6,6,6,10,No Skill,1,0,0
32290000,Wooden Greatshield,Standard,69,Greatshield,ShieldLarge,0.88,strike,strike,95,0,0,0,0,0.5,0,0,0,0,14,0,0,0,0,0,0,0,0,0,0,0,6,6,6,6,10,No Skill,1,0,0
32300000,Lordsworn's Shield,Standard,69,Greatshield,ShieldLarge,0.91,strike,strike,99,0,0,0,0,0.5,0,0,0,0,16,0,0,0,0,0,0,0,0,0,0,0,6,6,6,6,300,Shield Bash,1,0,0
32500000,Black Steel Greatshield,Standard,69,Greatshield,ShieldLarge,1.075,strike,strike,119,0,0,0,0,0.5,0,0,0,0,35,0,0,0,0,0,10000,0,0,0,0,0,6,6,6,6,300,Shield Bash,1,0,0
32520000,Verdigris Greatshield,Standard,69,Greatshield,ShieldLarge,1.225,strike,strike,162,0,0,0,0,0.5,0,0,0,0,49,0,0,0,0,2200,10000,0,0,0,0,0,6,6,6,6,5230,Moore's Charge,1,0,0
33000000,Glintstone Staff,Standard,57,Staff,Staff,1,strike,strike,0,25,0,0,0,0,0,0.8,0,0,0,0,10,0,0,2400,0,21,20,22,26,22,6,6,6,6,10,No Skill,1,0,0
33050000,Gelmir Glintstone Staff,Standard,57,Staff,Staff,0.97,strike,strike,0,0,29,0,0,0,0,0.8,0.8,0,0,0,6,6,0,2400,0,25,24,23,27,25,6,6,6,6,10,No Skill,1,0,0
33060000,Demi-Human Queen's Staff,Standard,57,Staff,Staff,1,strike,strike,0,0,0,0,30,0,0,0.8,0.8,0,0,0,6,6,0,2400,0,27,25,25,24,23,6,6,6,6,10,No Skill,1,0,0
33120000,Digger's Staff,Standard,57,Staff,Staff,1.09,strike,strike,38,0,0,0,0,0,0,0.8,0,0,0,0,10,0,0,2400,0,20,22,21,22,26,6,6,6,6,10,No Skill,1,0,0
33180000,Prince of Death's Staff,Standard,57,Staff,Staff,1,strike,strike,0,0,0,0,35,0,0,1,1,0,0,0,18,18,0,2400,0,27,25,25,24,23,6,6,6,6,10,No Skill,1,0,0
33200000,Academy Glintstone Staff,Standard,57,Staff,Staff,1,strike,strike,0,0,0,25,0,0,0,0.8,0,0,0,0,10,0,0,2400,0,22,26,22,20,21,6,6,6,6,10,No Skill,1,0,0
33230000,Azur's Glintstone Staff,Standard,57,Staff,Staff,1.045,strike,strike,0,24,0,0,0,0,0,1,0,0,0,0,35,0,0,2400,0,21,20,22,26,22,6,6,6,6,10,No Skill,1,0,0
33240000,Lusat's Glintstone Staff,Standard,57,Staff,Staff,1.045,strike,strike,0,25,0,0,0,0,0,1,1,0,0,0,18,18,0,2400,0,25,23,24,25,27,6,6,6,6,10,No Skill,1,0,0
33250000,Meteorite Staff,Standard,57,Staff,Staff,1.09,strike,strike,39,0,0,0,0,0,0,1,0,0,0,0,35,0,0,2400,0,20,22,21,22,26,6,6,6,6,10,No Skill,1,0,0
33260000,Staff of the Guilty,Standard,57,Staff,Staff,1.09,strike,strike,38,0,0,0,0,0,0,1,0,1,0,0,18,0,18,2400,0,23,25,27,25,24,6,6,6,6,10,No Skill,1,0,0
33280000,Staff of Loss,Standard,57,Staff,Staff,0.97,strike,strike,0,22,0,0,0,0,0,0.8,0.8,0,0,0,6,6,0,2400,0,25,23,24,25,27,6,6,6,6,10,No Skill,1,0,0
33290000,Dragonkin Scepter,Standard,57,Staff,Staff,1,strike,strike,0,0,0,25,0,0,0,1,0,0,0,0,35,0,0,2400,0,22,26,22,20,21,6,6,6,6,10,No Skill,1,0,0
33300000,Ranni's Staff,Standard,57,Staff,Staff,1.09,strike,strike,0,25,0,0,0,0,0,0.8,0,0.8,0,0,6,0,6,2400,0,25,23,27,24,25,6,6,6,6,10,No Skill,1,0,0
33310000,Snow Witch Staff,Standard,57,Staff,Staff,1.09,strike,strike,0,35,0,0,0,0,0,1,0,1,0,0,18,0,18,2400,0,25,23,27,24,25,6,6,6,6,10,No Skill,1,0,0
33320000,Staff of Briar,Standard,57,Staff,Staff,1.09,strike,strike,38,0,0,0,0,0,0,0.8,0,0.8,0,0,6,0,6,2400,0,23,25,27,25,24,6,6,6,6,10,No Skill,1,0,0
33330000,Lavastone Staff,Standard,57,Staff,Staff,0.97,strike,strike,0,0,29,0,0,0,0,1,1,0,0,0,18,18,0,2400,0,25,24,23,27,25,6,6,6,6,10,No Skill,1,0,0
33340000,Tempestcaller Staff,Standard,57,Staff,Staff,0.97,strike,strike,29,0,0,0,0,0,0,1,1,0,0,0,18,18,0,2400,0,23,24,25,27,25,6,6,6,6,10,No Skill,1,0,0
33350000,Stormcaller Staff,Standard,57,Staff,Staff,0.97,strike,strike,29,0,0,0,0,0,0,0.8,0.8,0,0,0,6,6,0,2400,0,23,24,25,27,25,6,6,6,6,10,No Skill,1,0,0
33510000,Staff of the Great Beyond,Standard,57,Staff,Staff,1.03,strike,strike,5,5,5,5,5,0,0,0.3,0.3,0.3,0,0,10,10,10,2400,0,29,29,29,29,29,6,6,6,6,10,No Skill,1,0,0
34000000,Finger Seal,Standard,61,Seal,Talisman,1,strike,strike,0,0,0,0,25,0,0,0,0.8,0,0,0,0,10,0,2400,0,22,22,26,21,20,6,6,6,6,10,No Skill,1,0,0
34010000,Godslayer's Seal,Standard,61,Seal,Talisman,1,strike,strike,0,0,0,0,25,0,0,1,1,0,0,0,18,18,0,2400,0,27,25,24,25,23,6,6,6,6,10,No Skill,1,0,0
34020000,Giant's Seal,Standard,61,Seal,Talisman,1,strike,strike,0,0,25,0,0,0,0,0,1,0,0,0,0,35,0,2400,0,22,26,20,21,22,6,6,6,6,10,No Skill,1,0,0
34030000,Gravel Stone Seal,Standard,61,Seal,Talisman,1,strike,strike,0,0,0,25,0,0,0,0,0.8,0,0,0,0,10,0,2400,0,22,22,26,20,21,6,6,6,6,10,No Skill,1,0,0
34040000,Clawmark Seal,Standard,61,Seal,Talisman,1,strike,strike,31,0,0,0,0,0,0,0,0.8,0,0,0,0,10,0,2400,0,20,26,22,22,21,6,6,6,6,10,No Skill,1,0,0
34060000,Golden Order Seal,Standard,61,Seal,Talisman,1,strike,strike,0,0,0,0,25,0,0,0,1,0,0,0,0,35,0,2400,0,22,22,26,21,20,6,6,6,6,10,No Skill,1,0,0
34090000,Frenzied Flame Seal,Standard,61,Seal,Talisman,1,strike,strike,0,0,25,0,0,0,0,1,1,0,0,0,18,18,0,2400,0,25,24,23,25,27,6,6,6,6,10,No Skill,1,0,0
34100000,Godskin Seal,Standard,61,Seal,Talisman,1,strike,strike,0,0,0,0,25,0,0,0.8,0.8,0,0,0,6,6,0,2400,0,27,25,24,25,23,6,6,6,6,10,No Skill,1,0,0
34110000,Fire Monk's Seal,Standard,61,Seal,Talisman,1,strike,strike,0,0,25,0,0,0,0,0,0.8,0,0,0,0,10,0,2400,0,22,26,20,21,22,6,6,6,6,10,No Skill,1,0,0
34120000,Dragon Cult Seal,Standard,61,Seal,Talisman,1,strike,strike,0,0,0,25,0,0,0,0,1,0,0,0,0,35,0,2400,0,22,22,26,20,21,6,6,6,6,10,No Skill,1,0,0
34130000,Earthbreaker Seal,Standard,61,Seal,Talisman,1,strike,strike,31,0,0,0,0,0,0,0,1,0,0,0,0,35,0,2400,0,20,26,22,22,21,6,6,6,6,10,No Skill,1,0,0
34140000,Fingerprint Seal,Standard,61,Seal,Talisman,1,strike,strike,0,0,25,0,0,0,0,0.8,0.8,0,0,0,6,6,0,2400,0,25,24,23,25,27,6,6,6,6,10,No Skill,1,0,0
34150000,Mohgwyn Seal,Standard,61,Seal,Talisman,1,strike,strike,0,0,25,0,0,0,0,0,1,1,0,0,0,18,18,2400,0,25,25,23,27,24,6,6,6,6,10,No Skill,1,0,0
34160000,War Surgeon's Seal,Standard,61,Seal,Talisman,1,strike,strike,0,0,25,0,0,0,0,0,0.8,0.8,0,0,0,6,6,2400,0,25,25,23,27,24,6,6,6,6,10,No Skill,1,0,0
34170000,Seal of Rot,Standard,61,Seal,Talisman,1,strike,strike,25,0,0,0,0,0,0,0,1,1,0,0,0,18,18,2400,0,23,24,27,25,25,6,6,6,6,10,No Skill,1,0,0
34180000,Pest's Seal,Standard,61,Seal,Talisman,1,strike,strike,25,0,0,0,0,0,0,0,0.8,0.8,0,0,0,6,6,2400,0,23,24,27,25,25,6,6,6,6,10,No Skill,1,0,0
34190000,Spiritshaper Seal,Standard,61,Seal,Talisman,1,strike,strike,0,25,0,0,0,0,0,0,1,1,0,0,0,18,18,2400,0,25,23,24,25,27,6,6,6,6,10,No Skill,1,0,0
34200000,Mystic Seal,Standard,61,Seal,Talisman,1,strike,strike,0,25,0,0,0,0,0,0,0.8,0.8,0,0,0,6,6,2400,0,25,23,24,25,27,6,6,6,6,10,No Skill,1,0,0
40000000,Shortbow,Standard,50,Light Bow,BowSmall,1,standard,standard,82,82,82,82,82,0.15,0.95,0,0,0,8,10,0,0,0,0,0,0,0,0,0,0,6,6,6,6,401,Barrage,1,0,0
40010000,Misbegotten Shortbow,Standard,50,Light Bow,BowSmall,1,standard,standard,85,85,85,85,85,0.2,0.25,0,0.9,0,16,8,0,0,0,0,0,0,0,0,0,0,6,6,6,6,401,Barrage,1,0,0
40020000,Red Branch Shortbow,Standard,50,Light Bow,BowSmall,1,standard,standard,82,82,82,82,82,0.85,0.35,0,0,0,16,8,0,0,0,0,0,0,0,0,0,0,6,6,6,6,401,Barrage,1,0,0
40030000,Harp Bow,Standard,50,Light Bow,BowSmall,1,standard,standard,78,78,78,78,78,0.15,0.35,0,0.7,0.7,9,9,0,0,0,2200,0,0,0,0,0,0,6,6,6,6,401,Barrage,1,0,0
40050000,Composite Bow,Standard,50,Light Bow,BowSmall,1,standard,standard,84,84,84,84,84,0.6,0.8,0,0,0,12,12,0,0,0,0,0,0,0,0,0,0,6,6,6,6,402,Mighty Shot,1,0,0
40500000,Bone Bow,Standard,50,Light Bow,BowSmall,1,standard,standard,83,83,83,83,83,0.2,0.3,0.7,0.7,0,8,11,0,0,0,2200,0,0,0,0,0,0,6,6,6,6,5600,Rancor Shot,1,0,0
41000000,Longbow,Standard,51,Bow,BowNormal,1,standard,standard,100,100,100,100,100,0.9,0.3,0,0,0,14,9,0,0,0,0,0,0,0,0,0,0,6,6,6,6,402,Mighty Shot,1,0,0
41010000,Albinauric Bow,Standard,51,Bow,BowNormal,1,standard,standard,103,103,103,103,103,0.25,0.25,0.85,0,0,7,18,0,0,0,0,0,0,0,0,0,0,6,6,6,6,402,Mighty Shot,1,0,0
41020000,Horn Bow,Standard,51,Bow,BowNormal,1,standard,standard,99,99,99,99,99,0.2,0.2,0,0.7,0.7,8,8,0,10,10,0,0,0,0,0,0,0,6,6,6,6,404,Enchanted Shot,1,0,0
41030000,Erdtree Bow,Standard,51,Bow,BowNormal,1,standard,standard,105,105,105,105,105,0.25,0.2,0,0.9,0,8,12,0,14,0,2200,0,0,0,0,0,0,6,6,6,6,402,Mighty Shot,1,0,0
41040000,Serpent Bow,Standard,51,Bow,BowNormal,1,standard,standard,102,102,102,102,102,0.3,0.1,0,0.7,0.7,8,15,0,0,11,2200,0,0,0,0,0,0,6,6,6,6,402,Mighty Shot,1,0,0
41060000,Pulley Bow,Standard,51,Bow,BowNormal,1,standard,standard,97,97,97,97,97,0.8,0.8,0,0,0,11,11,0,0,0,0,0,0,0,0,0,0,6,6,6,6,402,Mighty Shot,1,0,0
41070000,Black Bow,Standard,51,Bow,BowNormal,1,standard,standard,88,88,88,88,88,0.2,0.95,0,0,0,9,20,0,0,0,2200,0,0,0,0,0,0,6,6,6,6,401,Barrage,1,0,0
41080000,Scadu Sapling,Standard,50,Light Bow,BowSmall,1,standard,standard,83,83,83,83,83,0.15,0.35,0,1,0,0,10,0,22,0,2200,0,0,0,0,0,0,6,6,6,6,410,,1,0,0
41090000,Devonia's Longbow,Standard,51,Bow,BowNormal,1,standard,standard,91,91,91,91,91,0.45,0.2,0,0.9,0,10,0,0,25,0,2200,0,0,0,0,0,0,6,6,6,6,411,,1,0,0
41510000,Ansbach's Longbow,Standard,51,Bow,BowNormal,1,standard,standard,90,90,90,90,90,0.25,0.25,0,0.7,0.7,9,15,0,20,20,2200,0,0,0,0,0,0,6,6,6,6,5360,Fan Shot,1,0,0
42000000,Lion Greatbow,Standard,53,Greatbow,BowLarge,1,standard,standard,150,150,150,150,150,0.6,0.05,0.8,0,0,22,18,0,0,0,2200,0,0,0,0,0,0,6,6,6,6,1169,Radahn's Rain,1,0,0
42010000,Golem Greatbow,Standard,53,Greatbow,BowLarge,1,standard,standard,163,163,163,163,163,1,0.2,0,0,0,24,18,0,0,0,2200,0,0,0,0,0,0,6,6,6,6,400,Titanic Shot,1,0,0
42030000,Erdtree Greatbow,Standard,53,Greatbow,BowLarge,1,standard,standard,160,160,160,160,160,0.45,0.1,0,0.8,0,20,14,0,14,0,2200,0,0,0,0,0,0,6,6,6,6,400,Titanic Shot,1,0,0
42040000,Greatbow,Standard,53,Greatbow,BowLarge,1,standard,standard,156,156,156,156,156,0.9,0.7,0,0,0,20,20,0,0,0,0,0,0,0,0,0,0,6,6,6,6,400,Titanic Shot,1,0,0
42500000,Igon's Greatbow,Standard,53,Greatbow,BowLarge,1,standard,standard,150,150,150,150,150,1,1,0,0,0,23,16,0,0,0,0,0,0,0,0,0,0,6,6,6,6,400,Titanic Shot,1,0,0
43000000,Soldier's Crossbow,Standard,55,Crossbow,ClossBow,0.97,standard,standard,86,86,86,86,86,0.75,0.75,0,0,0,10,8,0,0,0,2200,0,0,0,0,0,0,6,6,6,6,503,Kick,1,0,0
43020000,Light Crossbow,Standard,55,Crossbow,ClossBow,1,standard,standard,83,83,83,83,83,0.2,0.9,0,0,0,12,8,0,0,0,2200,0,0,0,0,0,0,6,6,6,6,503,Kick,1,0,0
43030000,Heavy Crossbow,Standard,55,Crossbow,ClossBow,1.06,standard,standard,103,103,103,103,103,0.9,0.25,0,0,0,14,10,0,0,0,2200,0,0,0,0,0,0,6,6,6,6,503,Kick,1,0,0
43050000,Pulley Crossbow,Standard,55,Crossbow,ClossBow,1,standard,standard,68,68,68,68,68,0.55,0.55,0,0,0.65,9,10,0,0,0,2200,0,0,0,0,0,0,6,6,6,6,503,Kick,1,0,0
43060000,Full Moon Crossbow,Standard,55,Crossbow,ClossBow,1,standard,standard,98,98,98,98,98,0.35,0.25,1,0,0,10,10,14,0,0,2200,0,0,0,0,0,0,6,6,6,6,503,Kick,1,0,0
43080000,Arbalest,Standard,55,Crossbow,ClossBow,1.09,standard,standard,108,108,108,108,108,0.85,0.85,0,0,0,18,12,0,0,0,2200,0,0,0,0,0,0,6,6,6,6,503,Kick,1,0,0
43110000,Crepus's Black-Key Crossbow,Standard,55,Crossbow,ClossBow,1.045,standard,standard,92,92,92,92,92,0.3,1,0,0,0,14,16,0,0,0,2200,0,0,0,0,0,0,6,6,6,6,503,Kick,1,0,0
43500000,Repeating Crossbow,Standard,55,Crossbow,ClossBow,1,standard,standard,77,77,77,77,77,0.75,0.75,0,0,0,13,15,0,0,0,2200,0,0,0,0,0,0,6,6,6,6,5340,Repeating Fire,1,0,0
43510000,Spread Crossbow,Standard,55,Crossbow,ClossBow,1,standard,standard,73,73,73,73,73,0.8,0.35,0,0,0,17,11,0,0,0,2200,0,0,0,0,0,0,6,6,6,6,503,Kick,1,0,0
44000000,Hand Ballista,Standard,56,Ballista,Ballista,1,standard,standard,165,165,165,165,165,1,0.4,0,0,0,30,14,0,0,0,2200,0,0,0,0,0,0,6,6,6,6,503,Kick,1,0,0
44010000,Jar Cannon,Standard,56,Ballista,Ballista,1.12,standard,standard,172,172,172,172,172,0.45,0.1,0,0,1,34,12,0,0,0,2200,0,0,0,0,0,0,6,6,6,6,503,Kick,1,0,0
44500000,Rabbath's Cannon,Standard,56,Ballista,Ballista,1,standard,standard,168,168,168,168,168,0.75,0.1,0.75,0,0,28,16,0,0,0,2200,0,0,0,0,0,0,6,6,6,6,503,Kick,1,0,0
60500000,Dryleaf Arts,Standard,88,Hand-to-Hand,HandToHand,1,strike,strike,103,0,0,0,0,0.45,0.45,0,0,0,8,8,0,0,0,0,0,0,0,0,0,0,6,6,6,6,4010,Palm Blast,0,1,0
60500100,Dryleaf Arts,Heavy,88,Hand-to-Hand,HandToHand,1,strike,strike,103,0,0,0,0,0.8,0.35,0,0,0,8,8,0,0,0,0,0,0,0,0,0,0,6,6,6,6,4010,Palm Blast,0,1,0
60500200,Dryleaf Arts,Keen,88,Hand-to-Hand,HandToHand,1,strike,strike,103,0,0,0,0,0.35,0.8,0,0,0,8,8,0,0,0,0,0,0,0,0,0,0,6,6,6,6,4010,Palm Blast,0,1,0
60500300,Dryleaf Arts,Quality,88,Hand-to-Hand,HandToHand,1,strike,strike,103,0,0,0,0,0.75,0.75,0,0,0,8,8,0,0,0,0,0,0,0,0,0,0,6,6,6,6,4010,Palm Blast,0,1,0
60500400,Dryleaf Arts,Glint,88,Hand-to-Hand,HandToHand,1,strike,strike,0,103,0,0,0,0.3,0.3,0.9,0,0,8,8,0,0,0,0,0,0,0,0,0,0,6,6,6,6,4010,Palm Blast,0,1,0
60500500,Dryleaf Arts,Dragonkin,88,Hand-to-Hand,HandToHand,1,strike,strike,0,0,0,103,0,0.3,0.3,0.8,0,0,8,8,0,0,0,0,0,0,0,0,0,0,6,6,6,6,4010,Palm Blast,0,1,0
60500600,Dryleaf Arts,Gravity,88,Hand-to-Hand,HandToHand,1,strike,strike,103,0,0,0,0,0.3,0.3,0.9,0,0,8,8,0,0,0,0,0,0,0,0,0,0,6,6,6,6,4010,Palm Blast,0,1,0
60500700,Dryleaf Arts,Flame,88,Hand-to-Hand,HandToHand,1,strike,strike,0,0,103,0,0,0.3,0.3,0,0.8,0,8,8,0,0,0,0,0,0,0,0,0,0,6,6,6,6,4010,Palm Blast,0,1,0
60500800,Dryleaf Arts,Golden,88,Hand-to-Hand,HandToHand,1,strike,strike,0,0,0,0,90,0.3,0.3,0,0.9,0,8,8,0,0,0,0,0,0,0,0,0,0,6,6,6,6,4010,Palm Blast,0,1,0
60500900,Dryleaf Arts,Draconic,88,Hand-to-Hand,HandToHand,1,strike,strike,0,0,0,103,0,0.3,0.3,0,0.9,0,8,8,0,0,0,0,0,0,0,0,0,0,6,6,6,6,4010,Palm Blast,0,1,0
60501000,Dryleaf Arts,Bestial,88,Hand-to-Hand,HandToHand,1,strike,strike,103,0,0,0,0,0.3,0.3,0,0.9,0,8,8,0,0,0,0,0,0,0,0,0,0,6,6,6,6,4010,Palm Blast,0,1,0
60501100,Dryleaf Arts,Night,88,Hand-to-Hand,HandToHand,1,strike,strike,0,103,0,0,0,0.25,0.25,0.7,0.7,0,8,8,0,0,0,0,0,0,0,0,0,0,6,6,6,6,4010,Palm Blast,0,1,0
60501200,Dryleaf Arts,Lava,88,Hand-to-Hand,HandToHand,1,strike,strike,0,0,103,0,0,0.25,0.25,0.7,0.7,0,8,8,0,0,0,0,0,0,0,0,0,0,6,6,6,6,4010,Palm Blast,0,1,0
60501300,Dryleaf Arts,Frenzy,88,Hand-to-Hand,HandToHand,1,strike,strike,0,0,103,0,0,0.25,0.25,0.6,0.6,0,8,8,0,0,0,0,0,0,0,0,0,0,6,6,6,6,4010,Palm Blast,0,1,0
60501400,Dryleaf Arts,Death,88,Hand-to-Hand,HandToHand,1,strike,strike,0,0,0,0,90,0.25,0.25,0.6,0.6,0,8,8,0,0,0,0,0,0,0,0,0,0,6,6,6,6,4010,Palm Blast,0,1,0
60501500,Dryleaf Arts,Godslayer,88,Hand-to-Hand,HandToHand,1,strike,strike,0,0,0,0,90,0.25,0.25,0.6,0.6,0,8,8,0,0,0,0,0,0,0,0,0,0,6,6,6,6,4010,Palm Blast,0,1,0
60501600,Dryleaf Arts,Frost,88,Hand-to-Hand,HandToHand,1,strike,strike,0,103,0,0,0,0.25,0.25,0.6,0,0.6,8,8,0,0,0,0,0,0,0,0,0,0,6,6,6,6,4010,Palm Blast,0,1,0
60501700,Dryleaf Arts,Aberrant,88,Hand-to-Hand,HandToHand,1,strike,strike,103,0,0,0,0,0.25,0.25,0.6,0,0.6,8,8,0,0,0,0,0,0,0,0,0,0,6,6,6,6,4010,Palm Blast,0,1,0
60501800,Dryleaf Arts,Bloodflame,88,Hand-to-Hand,HandToHand,1,strike,strike,0,0,103,0,0,0.25,0.25,0,0.6,0.6,8,8,0,0,0,0,0,0,0,0,0,0,6,6,6,6,4010,Palm Blast,0,1,0
60501900,Dryleaf Arts,Rotten,88,Hand-to-Hand,HandToHand,1,strike,strike,103,0,0,0,0,0.25,0.25,0,0.6,0.6,8,8,0,0,0,0,0,0,0,0,0,0,6,6,6,6,4010,Palm Blast,0,1,0
60502000,Dryleaf Arts,Storm,88,Hand-to-Hand,HandToHand,1,strike,strike,103,0,0,0,0,0.25,0.25,0.7,0.7,0,8,8,0,0,0,0,0,0,0,0,0,0,6,6,6,6,4010,Palm Blast,0,1,0
60502100,Dryleaf Arts,Mystic,88,Hand-to-Hand,HandToHand,1,strike,strike,0,103,0,0,0,0.25,0.25,0,0.6,0.6,8,8,0,0,0,0,0,0,0,0,0,0,6,6,6,6,4010,Palm Blast,0,1,0
60510000,Dane's Footwork,Standard,88,Hand-to-Hand,HandToHand,1,strike,strike,103,0,0,0,0,0.45,0.45,0,0,0,8,8,0,0,0,0,0,0,0,0,0,0,6,6,6,6,4010,Palm Blast,0,1,0
60510100,Dane's Footwork,Heavy,88,Hand-to-Hand,HandToHand,1,strike,strike,103,0,0,0,0,0.8,0.35,0,0,0,8,8,0,0,0,0,0,0,0,0,0,0,6,6,6,6,4010,Palm Blast,0,1,0
60510200,Dane's Footwork,Keen,88,Hand-to-Hand,HandToHand,1,strike,strike,103,0,0,0,0,0.35,0.85,0,0,0,8,8,0,0,0,0,0,0,0,0,0,0,6,6,6,6,4010,Palm Blast,0,1,0
60510300,Dane's Footwork,Quality,88,Hand-to-Hand,HandToHand,1,strike,strike,103,0,0,0,0,0.75,0.75,0,0,0,8,8,0,0,0,0,0,0,0,0,0,0,6,6,6,6,4010,Palm Blast,0,1,0
60510400,Dane's Footwork,Glint,88,Hand-to-Hand,HandToHand,1,strike,strike,0,103,0,0,0,0.3,0.3,0.9,0,0,8,8,0,0,0,0,0,0,0,0,0,0,6,6,6,6,4010,Palm Blast,0,1,0
60510500,Dane's Footwork,Dragonkin,88,Hand-to-Hand,HandToHand,1,strike,strike,0,0,0,103,0,0.3,0.3,0.8,0,0,8,8,0,0,0,0,0,0,0,0,0,0,6,6,6,6,4010,Palm Blast,0,1,0
60510600,Dane's Footwork,Gravity,88,Hand-to-Hand,HandToHand,1,strike,strike,103,0,0,0,0,0.3,0.3,0.9,0,0,8,8,0,0,0,0,0,0,0,0,0,0,6,6,6,6,4010,Palm Blast,0,1,0
60510700,Dane's Footwork,Flame,88,Hand-to-Hand,HandToHand,1,strike,strike,0,0,103,0,0,0.3,0.3,0,0.8,0,8,8,0,0,0,0,0,0,0,0,0,0,6,6,6,6,4010,Palm Blast,0,1,0
60510800,Dane's Footwork,Golden,88,Hand-to-Hand,HandToHand,1,strike,strike,0,0,0,0,90,0.3,0.3,0,0.9,0,8,8,0,0,0,0,0,0,0,0,0,0,6,6,6,6,4010,Palm Blast,0,1,0
60510900,Dane's Footwork,Draconic,88,Hand-to-Hand,HandToHand,1,strike,strike,0,0,0,103,0,0.3,0.3,0,0.9,0,8,8,0,0,0,0,0,0,0,0,0,0,6,6,6,6,4010,Palm Blast,0,1,0
60511000,Dane's Footwork,Bestial,88,Hand-to-Hand,HandToHand,1,strike,strike,103,0,0,0,0,0.3,0.3,0,0.9,0,8,8,0,0,0,0,0,0,0,0,0,0,6,6,6,6,4010,Palm Blast,0,1,0
60511100,Dane's Footwork,Night,88,Hand-to-Hand,HandToHand,1,strike,strike,0,103,0,0,0,0.25,0.25,0.7,0.7,0,8,8,0,0,0,0,0,0,0,0,0,0,6,6,6,6,4010,Palm Blast,0,1,0
60511200,Dane's Footwork,Lava,88,Hand-to-Hand,HandToHand,1,strike,strike,0,0,103,0,0,0.25,0.25,0.7,0.7,0,8,8,0,0,0,0,0,0,0,0,0,0,6,6,6,6,4010,Palm Blast,0,1,0
60511300,Dane's Footwork,Frenzy,88,Hand-to-Hand,HandToHand,1,strike,strike,0,0,103,0,0,0.25,0.25,0.6,0.6,0,8,8,0,0,0,0,0,0,0,0,0,0,6,6,6,6,4010,Palm Blast,0,1,0
60511400,Dane's Footwork,Death,88,Hand-to-Hand,HandToHand,1,strike,strike,0,0,0,0,90,0.25,0.25,0.6,0.6,0,8,8,0,0,0,0,0,0,0,0,0,0,6,6,6,6,4010,Palm Blast,0,1,0
60511500,Dane's Footwork,Godslayer,88,Hand-to-Hand,HandToHand,1,strike,strike,0,0,0,0,90,0.25,0.25,0.6,0.6,0,8,8,0,0,0,0,0,0,0,0,0,0,6,6,6,6,4010,Palm Blast,0,1,0
60511600,Dane's Footwork,Frost,88,Hand-to-Hand,HandToHand,1,strike,strike,0,103,0,0,0,0.25,0.25,0.6,0,0.6,8,8,0,0,0,0,0,0,0,0,0,0,6,6,6,6,4010,Palm Blast,0,1,0
60511700,Dane's Footwork,Aberrant,88,Hand-to-Hand,HandToHand,1,strike,strike,103,0,0,0,0,0.25,0.25,0.6,0,0.6,8,8,0,0,0,0,0,0,0,0,0,0,6,6,6,6,4010,Palm Blast,0,1,0
60511800,Dane's Footwork,Bloodflame,88,Hand-to-Hand,HandToHand,1,strike,strike,0,0,103,0,0,0.25,0.25,0,0.6,0.6,8,8,0,0,0,0,0,0,0,0,0,0,6,6,6,6,4010,Palm Blast,0,1,0
60511900,Dane's Footwork,Rotten,88,Hand-to-Hand,HandToHand,1,strike,strike,103,0,0,0,0,0.25,0.25,0,0.6,0.6,8,8,0,0,0,0,0,0,0,0,0,0,6,6,6,6,4010,Palm Blast,0,1,0
60512000,Dane's Footwork,Storm,88,Hand-to-Hand,HandToHand,1,strike,strike,103,0,0,0,0,0.25,0.25,0.7,0.7,0,8,8,0,0,0,0,0,0,0,0,0,0,6,6,6,6,4010,Palm Blast,0,1,0
60512100,Dane's Footwork,Mystic,88,Hand-to-Hand,HandToHand,1,strike,strike,0,103,0,0,0,0.25,0.25,0,0.6,0.6,8,8,0,0,0,0,0,0,0,0,0,0,6,6,6,6,4010,Palm Blast,0,1,0
60520000,Rancor Touch,Standard,88,Hand-to-Hand,HandToHand,1,strike,strike,0,0,0,0,93,0.55,0.55,0.8,0.8,0,8,8,15,15,0,2200,0,0,0,0,0,0,6,6,6,6,670,Rancorous Summoning,1,1,0
60530000,Bracelet of Shadow,Standard,88,Hand-to-Hand,HandToHand,1,strike,strike,86,0,0,0,0,0.2,0.9,0,0,0,0,40,0,0,0,2200,0,0,0,0,0,0,6,6,6,6,703,Shadow Dash,1,1,0
60540000,Bracelet of Gold,Standard,88,Hand-to-Hand,HandToHand,1,strike,strike,86,0,0,0,0,0.9,0.2,0,0,0,40,0,0,0,0,2200,0,0,0,0,0,0,6,6,6,6,704,Berserker's Leap,1,1,0
61500000,Firespark Perfume Bottle,Standard,89,Perfume Bottle,PerfumeBottle,1,standard,standard,0,0,144,0,0,0.1,0.2,0,0.55,0.8,0,5,0,7,10,0,0,0,0,0,0,0,6,6,6,6,503,Kick,1,1,0
61510000,Chilling Perfume Bottle,Standard,89,Perfume Bottle,PerfumeBottle,1,standard,standard,0,138,0,0,0,0.1,0.2,0.45,0,0.9,0,5,12,0,12,0,0,0,0,0,0,0,6,6,6,6,503,Kick,1,1,0
61520000,Frenzyflame Perfume Bottle,Standard,89,Perfume Bottle,PerfumeBottle,1,standard,standard,0,0,138,0,0,0.1,0.2,0.35,0.35,0.7,0,5,8,8,10,0,0,0,0,0,0,0,6,6,6,6,503,Kick,1,1,0
61530000,Lightning Perfume Bottle,Standard,89,Perfume Bottle,PerfumeBottle,1,standard,standard,0,0,0,144,0,0.1,0.2,0,0.55,0.8,0,5,0,10,10,0,0,0,0,0,0,0,6,6,6,6,503,Kick,1,1,0
61540000,Deadly Poison Perfume Bottle,Standard,89,Perfume Bottle,PerfumeBottle,1,standard,standard,105,0,0,0,0,0.1,0.2,0,0.45,0.9,0,5,0,12,12,2200,0,0,0,0,0,0,6,6,6,6,5490,Deadly Poison Spray,1,1,0
62500000,Dueling Shield,Standard,90,Thrusting Shield,ThrustingShield,1,pierce,standard,144,0,0,0,0,0.4,0.5,0,0,0,14,15,0,0,0,0,0,0,0,0,0,0,6,6,6,6,8000,,0,0,0
62500100,Dueling Shield,Heavy,90,Thrusting Shield,ThrustingShield,1,pierce,standard,144,0,0,0,0,0.7,0.35,0,0,0,14,15,0,0,0,0,0,0,0,0,0,0,6,6,6,6,8000,,0,0,0
62500200,Dueling Shield,Keen,90,Thrusting Shield,ThrustingShield,1,pierce,standard,144,0,0,0,0,0.2,0.95,0,0,0,14,15,0,0,0,0,0,0,0,0,0,0,6,6,6,6,8000,,0,0,0
62500300,Dueling Shield,Quality,90,Thrusting Shield,ThrustingShield,1,pierce,standard,144,0,0,0,0,0.55,0.6,0,0,0,14,15,0,0,0,0,0,0,0,0,0,0,6,6,6,6,8000,,0,0,0
62500400,Dueling Shield,Glint,90,Thrusting Shield,ThrustingShield,1,pierce,standard,0,144,0,0,0,0.15,0.2,0.9,0,0,14,15,0,0,0,0,0,0,0,0,0,0,6,6,6,6,8000,,0,0,0
62500500,Dueling Shield,Dragonkin,90,Thrusting Shield,ThrustingShield,1,pierce,standard,0,0,0,144,0,0.15,0.2,0.8,0,0,14,15,0,0,0,0,0,0,0,0,0,0,6,6,6,6,8000,,0,0,0
62500600,Dueling Shield,Gravity,90,Thrusting Shield,ThrustingShield,1,pierce,standard,144,0,0,0,0,0.15,0.2,0.9,0,0,14,15,0,0,0,0,0,0,0,0,0,0,6,6,6,6,8000,,0,0,0
62500700,Dueling Shield,Flame,90,Thrusting Shield,ThrustingShield,1,pierce,standard,0,0,144,0,0,0.15,0.2,0,0.8,0,14,15,0,0,0,0,0,0,0,0,0,0,6,6,6,6,8000,,0,0,0
62500800,Dueling Shield,Golden,90,Thrusting Shield,ThrustingShield,1,pierce,standard,0,0,0,0,125,0.15,0.2,0,0.9,0,14,15,0,0,0,0,0,0,0,0,0,0,6,6,6,6,8000,,0,0,0
62500900,Dueling Shield,Draconic,90,Thrusting Shield,ThrustingShield,1,pierce,standard,0,0,0,144,0,0.15,0.2,0,0.9,0,14,15,0,0,0,0,0,0,0,0,0,0,6,6,6,6,8000,,0,0,0
62501000,Dueling Shield,Bestial,90,Thrusting Shield,ThrustingShield,1,pierce,standard,144,0,0,0,0,0.15,0.2,0,0.9,0,14,15,0,0,0,0,0,0,0,0,0,0,6,6,6,6,8000,,0,0,0
62501100,Dueling Shield,Night,90,Thrusting Shield,ThrustingShield,1,pierce,standard,0,144,0,0,0,0.1,0.15,0.7,0.7,0,14,15,0,0,0,0,0,0,0,0,0,0,6,6,6,6,8000,,0,0,0
62501200,Dueling Shield,Lava,90,Thrusting Shield,ThrustingShield,1,pierce,standard,0,0,144,0,0,0.1,0.15,0.7,0.7,0,14,15,0,0,0,0,0,0,0,0,0,0,6,6,6,6,8000,,0,0,0
62501300,Dueling Shield,Frenzy,90,Thrusting Shield,ThrustingShield,1,pierce,standard,0,0,144,0,0,0.1,0.15,0.6,0.6,0,14,15,0,0,0,0,0,0,0,0,0,0,6,6,6,6,8000,,0,0,0
62501400,Dueling Shield,Death,90,Thrusting Shield,ThrustingShield,1,pierce,standard,0,0,0,0,125,0.1,0.15,0.6,0.6,0,14,15,0,0,0,0,0,0,0,0,0,0,6,6,6,6,8000,,0,0,0
62501500,Dueling Shield,Godslayer,90,Thrusting Shield,ThrustingShield,1,pierce,standard,0,0,0,0,125,0.1,0.15,0.6,0.6,0,14,15,0,0,0,0,0,0,0,0,0,0,6,6,6,6,8000,,0,0,0
62501600,Dueling Shield,Frost,90,Thrusting Shield,ThrustingShield,1,pierce,standard,0,144,0,0,0,0.1,0.15,0.6,0,0.6,14,15,0,0,0,0,0,0,0,0,0,0,6,6,6,6,8000,,0,0,0
62501700,Dueling Shield,Aberrant,90,Thrusting Shield,ThrustingShield,1,pierce,standard,144,0,0,0,0,0.1,0.15,0.6,0,0.6,14,15,0,0,0,0,0,0,0,0,0,0,6,6,6,6,8000,,0,0,0
62501800,Dueling Shield,Bloodflame,90,Thrusting Shield,ThrustingShield,1,pierce,standard,0,0,144,0,0,0.1,0.15,0,0.6,0.6,14,15,0,0,0,0,0,0,0,0,0,0,6,6,6,6,8000,,0,0,0
62501900,Dueling Shield,Rotten,90,Thrusting Shield,ThrustingShield,1,pierce,standard,144,0,0,0,0,0.1,0.15,0,0.6,0.6,14,15,0,0,0,0,0,0,0,0,0,0,6,6,6,6,8000,,0,0,0
62502000,Dueling Shield,Storm,90,Thrusting Shield,ThrustingShield,1,pierce,standard,144,0,0,0,0,0.1,0.15,0.7,0.7,0,14,15,0,0,0,0,0,0,0,0,0,0,6,6,6,6,8000,,0,0,0
62502100,Dueling Shield,Mystic,90,Thrusting Shield,ThrustingShield,1,pierce,standard,0,144,0,0,0,0.1,0.15,0,0.6,0.6,14,15,0,0,0,0,0,0,0,0,0,0,6,6,6,6,8000,,0,0,0
62510000,Carian Thrusting Shield,Standard,90,Thrusting Shield,ThrustingShield,1.045,pierce,standard,0,152,0,0,0,0.45,0.75,0.8,0,0,13,15,17,0,0,0,0,0,0,0,0,0,6,6,6,6,8000,,1,0,0
63500000,Smithscript Dagger,Standard,91,Throwing Blade,ThrowingWeapon,1,pierce,pierce,80,0,0,0,0,0.35,0.65,0,0,0,5,11,0,0,0,0,0,0,0,0,0,0,6,6,6,6,4020,Piercing Throw,0,1,0
63500100,Smithscript Dagger,Heavy,91,Throwing Blade,ThrowingWeapon,1,pierce,pierce,80,0,0,0,0,0.65,0.5,0,0,0,5,11,0,0,0,0,0,0,0,0,0,0,6,6,6,6,4020,Piercing Throw,0,1,0
63500200,Smithscript Dagger,Keen,91,Throwing Blade,ThrowingWeapon,1,pierce,pierce,80,0,0,0,0,0.1,1.15,0,0,0,5,11,0,0,0,0,0,0,0,0,0,0,6,6,6,6,4020,Piercing Throw,0,1,0
63500300,Smithscript Dagger,Quality,91,Throwing Blade,ThrowingWeapon,1,pierce,pierce,80,0,0,0,0,0.45,0.7,0,0,0,5,11,0,0,0,0,0,0,0,0,0,0,6,6,6,6,4020,Piercing Throw,0,1,0
63500400,Smithscript Dagger,Glint,91,Throwing Blade,ThrowingWeapon,1,pierce,pierce,0,80,0,0,0,0.1,0.4,0.95,0,0,5,11,0,0,0,0,0,0,0,0,0,0,6,6,6,6,4020,Piercing Throw,0,1,0
63500500,Smithscript Dagger,Dragonkin,91,Throwing Blade,ThrowingWeapon,1,pierce,pierce,0,0,0,80,0,0.1,0.4,0.85,0,0,5,11,0,0,0,0,0,0,0,0,0,0,6,6,6,6,4020,Piercing Throw,0,1,0
63500600,Smithscript Dagger,Gravity,91,Throwing Blade,ThrowingWeapon,1,pierce,pierce,80,0,0,0,0,0.1,0.4,0.95,0,0,5,11,0,0,0,0,0,0,0,0,0,0,6,6,6,6,4020,Piercing Throw,0,1,0
63500700,Smithscript Dagger,Flame,91,Throwing Blade,ThrowingWeapon,1,pierce,pierce,0,0,80,0,0,0.1,0.4,0,0.85,0,5,11,0,0,0,0,0,0,0,0,0,0,6,6,6,6,4020,Piercing Throw,0,1,0
63500800,Smithscript Dagger,Golden,91,Throwing Blade,ThrowingWeapon,1,pierce,pierce,0,0,0,0,70,0.1,0.4,0,0.95,0,5,11,0,0,0,0,0,0,0,0,0,0,6,6,6,6,4020,Piercing Throw,0,1,0
63500900,Smithscript Dagger,Draconic,91,Throwing Blade,ThrowingWeapon,1,pierce,pierce,0,0,0,80,0,0.1,0.4,0,0.95,0,5,11,0,0,0,0,0,0,0,0,0,0,6,6,6,6,4020,Piercing Throw,0,1,0
63501000,Smithscript Dagger,Bestial,91,Throwing Blade,ThrowingWeapon,1,pierce,pierce,80,0,0,0,0,0.1,0.4,0,0.95,0,5,11,0,0,0,0,0,0,0,0,0,0,6,6,6,6,4020,Piercing Throw,0,1,0
63501100,Smithscript Dagger,Night,91,Throwing Blade,ThrowingWeapon,1,pierce,pierce,0,80,0,0,0,0.05,0.4,0.7,0.7,0,5,11,0,0,0,0,0,0,0,0,0,0,6,6,6,6,4020,Piercing Throw,0,1,0
63501200,Smithscript Dagger,Lava,91,Throwing Blade,ThrowingWeapon,1,pierce,pierce,0,0,80,0,0,0.05,0.4,0.7,0.7,0,5,11,0,0,0,0,0,0,0,0,0,0,6,6,6,6,4020,Piercing Throw,0,1,0
63501300,Smithscript Dagger,Frenzy,91,Throwing Blade,ThrowingWeapon,1,pierce,pierce,0,0,80,0,0,0.05,0.4,0.6,0.6,0,5,11,0,0,0,0,0,0,0,0,0,0,6,6,6,6,4020,Piercing Throw,0,1,0
63501400,Smithscript Dagger,Death,91,Throwing Blade,ThrowingWeapon,1,pierce,pierce,0,0,0,0,70,0.05,0.4,0.6,0.6,0,5,11,0,0,0,0,0,0,0,0,0,0,6,6,6,6,4020,Piercing Throw,0,1,0
63501500,Smithscript Dagger,Godslayer,91,Throwing Blade,ThrowingWeapon,1,pierce,pierce,0,0,0,0,70,0.05,0.4,0.6,0.6,0,5,11,0,0,0,0,0,0,0,0,0,0,6,6,6,6,4020,Piercing Throw,0,1,0
63501600,Smithscript Dagger,Frost,91,Throwing Blade,ThrowingWeapon,1,pierce,pierce,0,80,0,0,0,0.05,0.4,0.6,0,0.6,5,11,0,0,0,0,0,0,0,0,0,0,6,6,6,6,4020,Piercing Throw,0,1,0
63501700,Smithscript Dagger,Aberrant,91,Throwing Blade,ThrowingWeapon,1,pierce,pierce,80,0,0,0,0,0.05,0.4,0.6,0,0.6,5,11,0,0,0,0,0,0,0,0,0,0,6,6,6,6,4020,Piercing Throw,0,1,0
63501800,Smithscript Dagger,Bloodflame,91,Throwing Blade,ThrowingWeapon,1,pierce,pierce,0,0,80,0,0,0.05,0.4,0,0.6,0.6,5,11,0,0,0,0,0,0,0,0,0,0,6,6,6,6,4020,Piercing Throw,0,1,0
63501900,Smithscript Dagger,Rotten,91,Throwing Blade,ThrowingWeapon,1,pierce,pierce,80,0,0,0,0,0.05,0.4,0,0.6,0.6,5,11,0,0,0,0,0,0,0,0,0,0,6,6,6,6,4020,Piercing Throw,0,1,0
63502000,Smithscript Dagger,Storm,91,Throwing Blade,ThrowingWeapon,1,pierce,pierce,80,0,0,0,0,0.05,0.4,0.7,0.7,0,5,11,0,0,0,0,0,0,0,0,0,0,6,6,6,6,4020,Piercing Throw,0,1,0
63502100,Smithscript Dagger,Mystic,91,Throwing Blade,ThrowingWeapon,1,pierce,pierce,0,80,0,0,0,0.05,0.4,0,0.6,0.6,5,11,0,0,0,0,0,0,0,0,0,0,6,6,6,6,4020,Piercing Throw,0,1,0
64500000,Backhand Blade,Standard,92,Reverse-hand Blade,ReverseHandSword,1,slash,pierce,121,0,0,0,0,0.1,0.8,0,0,0,10,13,0,0,0,0,0,0,0,0,0,0,6,6,6,6,4090,Blind Spot,0,1,0
64500100,Backhand Blade,Heavy,92,Reverse-hand Blade,ReverseHandSword,1,slash,pierce,121,0,0,0,0,0.55,0.5,0,0,0,10,13,0,0,0,0,0,0,0,0,0,0,6,6,6,6,4090,Blind Spot,0,1,0
64500200,Backhand Blade,Keen,92,Reverse-hand Blade,ReverseHandSword,1,slash,pierce,121,0,0,0,0,0.05,1.25,0,0,0,10,13,0,0,0,0,0,0,0,0,0,0,6,6,6,6,4090,Blind Spot,0,1,0
64500300,Backhand Blade,Quality,92,Reverse-hand Blade,ReverseHandSword,1,slash,pierce,121,0,0,0,0,0.35,0.7,0,0,0,10,13,0,0,0,0,0,0,0,0,0,0,6,6,6,6,4090,Blind Spot,0,1,0
64500400,Backhand Blade,Glint,92,Reverse-hand Blade,ReverseHandSword,1,slash,pierce,0,121,0,0,0,0.05,0.3,0.9,0,0,10,13,0,0,0,0,0,0,0,0,0,0,6,6,6,6,4090,Blind Spot,0,1,0
64500500,Backhand Blade,Dragonkin,92,Reverse-hand Blade,ReverseHandSword,1,slash,pierce,0,0,0,121,0,0.05,0.3,0.8,0,0,10,13,0,0,0,0,0,0,0,0,0,0,6,6,6,6,4090,Blind Spot,0,1,0
64500600,Backhand Blade,Gravity,92,Reverse-hand Blade,ReverseHandSword,1,slash,pierce,121,0,0,0,0,0.05,0.3,0.9,0,0,10,13,0,0,0,0,0,0,0,0,0,0,6,6,6,6,4090,Blind Spot,0,1,0
64500700,Backhand Blade,Flame,92,Reverse-hand Blade,ReverseHandSword,1,slash,pierce,0,0,121,0,0,0.05,0.3,0,0.8,0,10,13,0,0,0,0,0,0,0,0,0,0,6,6,6,6,4090,Blind Spot,0,1,0
64500800,Backhand Blade,Golden,92,Reverse-hand Blade,ReverseHandSword,1,slash,pierce,0,0,0,0,105,0.05,0.3,0,0.9,0,10,13,0,0,0,0,0,0,0,0,0,0,6,6,6,6,4090,Blind Spot,0,1,0
64500900,Backhand Blade,Draconic,92,Reverse-hand Blade,ReverseHandSword,1,slash,pierce,0,0,0,121,0,0.05,0.3,0,0.9,0,10,13,0,0,0,0,0,0,0,0,0,0,6,6,6,6,4090,Blind Spot,0,1,0
64501000,Backhand Blade,Bestial,92,Reverse-hand Blade,ReverseHandSword,1,slash,pierce,121,0,0,0,0,0.05,0.3,0,0.9,0,10,13,0,0,0,0,0,0,0,0,0,0,6,6,6,6,4090,Blind Spot,0,1,0
64501100,Backhand Blade,Night,92,Reverse-hand Blade,ReverseHandSword,1,slash,pierce,0,121,0,0,0,0.05,0.3,0.65,0.65,0,10,13,0,0,0,0,0,0,0,0,0,0,6,6,6,6,4090,Blind Spot,0,1,0
64501200,Backhand Blade,Lava,92,Reverse-hand Blade,ReverseHandSword,1,slash,pierce,0,0,121,0,0,0.05,0.3,0.65,0.65,0,10,13,0,0,0,0,0,0,0,0,0,0,6,6,6,6,4090,Blind Spot,0,1,0
64501300,Backhand Blade,Frenzy,92,Reverse-hand Blade,ReverseHandSword,1,slash,pierce,0,0,121,0,0,0.05,0.3,0.55,0.55,0,10,13,0,0,0,0,0,0,0,0,0,0,6,6,6,6,4090,Blind Spot,0,1,0
64501400,Backhand Blade,Death,92,Reverse-hand Blade,ReverseHandSword,1,slash,pierce,0,0,0,0,105,0.05,0.3,0.55,0.55,0,10,13,0,0,0,0,0,0,0,0,0,0,6,6,6,6,4090,Blind Spot,0,1,0
64501500,Backhand Blade,Godslayer,92,Reverse-hand Blade,ReverseHandSword,1,slash,pierce,0,0,0,0,105,0.05,0.3,0.55,0.55,0,10,13,0,0,0,0,0,0,0,0,0,0,6,6,6,6,4090,Blind Spot,0,1,0
64501600,Backhand Blade,Frost,92,Reverse-hand Blade,ReverseHandSword,1,slash,pierce,0,121,0,0,0,0.05,0.3,0.55,0,0.55,10,13,0,0,0,0,0,0,0,0,0,0,6,6,6,6,4090,Blind Spot,0,1,0
64501700,Backhand Blade,Aberrant,92,Reverse-hand Blade,ReverseHandSword,1,slash,pierce,121,0,0,0,0,0.05,0.3,0.55,0,0.55,10,13,0,0,0,0,0,0,0,0,0,0,6,6,6,6,4090,Blind Spot,0,1,0
64501800,Backhand Blade,Bloodflame,92,Reverse-hand Blade,ReverseHandSword,1,slash,pierce,0,0,121,0,0,0.05,0.3,0,0.55,0.55,10,13,0,0,0,0,0,0,0,0,0,0,6,6,6,6,4090,Blind Spot,0,1,0
64501900,Backhand Blade,Rotten,92,Reverse-hand Blade,ReverseHandSword,1,slash,pierce,121,0,0,0,0,0.05,0.3,0,0.55,0.55,10,13,0,0,0,0,0,0,0,0,0,0,6,6,6,6,4090,Blind Spot,0,1,0
64502000,Backhand Blade,Storm,92,Reverse-hand Blade,ReverseHandSword,1,slash,pierce,121,0,0,0,0,0.05,0.3,0.65,0.65,0,10,13,0,0,0,0,0,0,0,0,0,0,6,6,6,6,4090,Blind Spot,0,1,0
64502100,Backhand Blade,Mystic,92,Reverse-hand Blade,ReverseHandSword,1,slash,pierce,0,121,0,0,0,0.05,0.3,0,0.55,0.55,10,13,0,0,0,0,0,0,0,0,0,0,6,6,6,6,4090,Blind Spot,0,1,0
64510000,Smithscript Cirque,Standard,92,Reverse-hand Blade,ReverseHandSword,1,slash,slash,115,0,0,0,0,0.1,0.8,0,0,0,9,14,0,0,0,0,0,0,0,0,0,0,6,6,6,6,4090,Blind Spot,0,1,0
64510100,Smithscript Cirque,Heavy,92,Reverse-hand Blade,ReverseHandSword,1,slash,slash,115,0,0,0,0,0.55,0.5,0,0,0,9,14,0,0,0,0,0,0,0,0,0,0,6,6,6,6,4090,Blind Spot,0,1,0
64510200,Smithscript Cirque,Keen,92,Reverse-hand Blade,ReverseHandSword,1,slash,slash,115,0,0,0,0,0.05,1.25,0,0,0,9,14,0,0,0,0,0,0,0,0,0,0,6,6,6,6,4090,Blind Spot,0,1,0
64510300,Smithscript Cirque,Quality,92,Reverse-hand Blade,ReverseHandSword,1,slash,slash,115,0,0,0,0,0.35,0.7,0,0,0,9,14,0,0,0,0,0,0,0,0,0,0,6,6,6,6,4090,Blind Spot,0,1,0
64510400,Smithscript Cirque,Glint,92,Reverse-hand Blade,ReverseHandSword,1,slash,slash,0,115,0,0,0,0.05,0.3,0.9,0,0,9,14,0,0,0,0,0,0,0,0,0,0,6,6,6,6,4090,Blind Spot,0,1,0
64510500,Smithscript Cirque,Dragonkin,92,Reverse-hand Blade,ReverseHandSword,1,slash,slash,0,0,0,115,0,0.05,0.3,0.8,0,0,9,14,0,0,0,0,0,0,0,0,0,0,6,6,6,6,4090,Blind Spot,0,1,0
64510600,Smithscript Cirque,Gravity,92,Reverse-hand Blade,ReverseHandSword,1,slash,slash,115,0,0,0,0,0.05,0.3,0.9,0,0,9,14,0,0,0,0,0,0,0,0,0,0,6,6,6,6,4090,Blind Spot,0,1,0
64510700,Smithscript Cirque,Flame,92,Reverse-hand Blade,ReverseHandSword,1,slash,slash,0,0,115,0,0,0.05,0.3,0,0.8,0,9,14,0,0,0,0,0,0,0,0,0,0,6,6,6,6,4090,Blind Spot,0,1,0
64510800,Smithscript Cirque,Golden,92,Reverse-hand Blade,ReverseHandSword,1,slash,slash,0,0,0,0,100,0.05,0.3,0,0.9,0,9,14,0,0,0,0,0,0,0,0,0,0,6,6,6,6,4090,Blind Spot,0,1,0
64510900,Smithscript Cirque,Draconic,92,Reverse-hand Blade,ReverseHandSword,1,slash,slash,0,0,0,115,0,0.05,0.3,0,0.9,0,9,14,0,0,0,0,0,0,0,0,0,0,6,6,6,6,4090,Blind Spot,0,1,0
64511000,Smithscript Cirque,Bestial,92,Reverse-hand Blade,ReverseHandSword,1,slash,slash,115,0,0,0,0,0.05,0.3,0,0.9,0,9,14,0,0,0,0,0,0,0,0,0,0,6,6,6,6,4090,Blind Spot,0,1,0
64511100,Smithscript Cirque,Night,92,Reverse-hand Blade,ReverseHandSword,1,slash,slash,0,115,0,0,0,0.05,0.3,0.65,0.65,0,9,14,0,0,0,0,0,0,0,0,0,0,6,6,6,6,4090,Blind Spot,0,1,0
64511200,Smithscript Cirque,Lava,92,Reverse-hand Blade,ReverseHandSword,1,slash,slash,0,0,115,0,0,0.05,0.3,0.65,0.65,0,9,14,0,0,0,0,0,0,0,0,0,0,6,6,6,6,4090,Blind Spot,0,1,0
64511300,Smithscript Cirque,Frenzy,92,Reverse-hand Blade,ReverseHandSword,1,slash,slash,0,0,115,0,0,0.05,0.3,0.55,0.55,0,9,14,0,0,0,0,0,0,0,0,0,0,6,6,6,6,4090,Blind Spot,0,1,0
64511400,Smithscript Cirque,Death,92,Reverse-hand Blade,ReverseHandSword,1,slash,slash,0,0,0,0,100,0.05,0.3,0.55,0.55,0,9,14,0,0,0,0,0,0,0,0,0,0,6,6,6,6,4090,Blind Spot,0,1,0
64511500,Smithscript Cirque,Godslayer,92,Reverse-hand Blade,ReverseHandSword,1,slash,slash,0,0,0,0,100,0.05,0.3,0.55,0.55,0,9,14,0,0,0,0,0,0,0,0,0,0,6,6,6,6,4090,Blind Spot,0,1,0
64511600,Smithscript Cirque,Frost,92,Reverse-hand Blade,ReverseHandSword,1,slash,slash,0,115,0,0,0,0.05,0.3,0.55,0,0.55,9,14,0,0,0,0,0,0,0,0,0,0,6,6,6,6,4090,Blind Spot,0,1,0
64511700,Smithscript Cirque,Aberrant,92,Reverse-hand Blade,ReverseHandSword,1,slash,slash,115,0,0,0,0,0.05,0.3,0.55,0,0.55,9,14,0,0,0,0,0,0,0,0,0,0,6,6,6,6,4090,Blind Spot,0,1,0
64511800,Smithscript Cirque,Bloodflame,92,Reverse-hand Blade,ReverseHandSword,1,slash,slash,0,0,115,0,0,0.05,0.3,0,0.55,0.55,9,14,0,0,0,0,0,0,0,0,0,0,6,6,6,6,4090,Blind Spot,0,1,0
64511900,Smithscript Cirque,Rotten,92,Reverse-hand Blade,ReverseHandSword,1,slash,slash,115,0,0,0,0,0.05,0.3,0,0.55,0.55,9,14,0,0,0,0,0,0,0,0,0,0,6,6,6,6,4090,Blind Spot,0,1,0
64512000,Smithscript Cirque,Storm,92,Reverse-hand Blade,ReverseHandSword,1,slash,slash,115,0,0,0,0,0.05,0.3,0.65,0.65,0,9,14,0,0,0,0,0,0,0,0,0,0,6,6,6,6,4090,Blind Spot,0,1,0
64512100,Smithscript Cirque,Mystic,92,Reverse-hand Blade,ReverseHandSword,1,slash,slash,0,115,0,0,0,0.05,0.3,0,0.55,0.55,9,14,0,0,0,0,0,0,0,0,0,0,6,6,6,6,4090,Blind Spot,0,1,0
64520000,Curseblade's Cirque,Standard,92,Reverse-hand Blade,ReverseHandSword,1.18,slash,slash,108,0,0,0,0,0.45,1.15,0,0,0,9,22,0,0,0,2200,0,0,0,0,0,0,6,6,6,6,5350,Deadly Dance,1,1,0
64530000,Fingerslayer blade,Standard,9,Curved Sword,SaberNormal,1,slash,pierce,0,112,0,0,0,0.1,0.45,0.65,0.65,0,7,11,15,15,0,2200,10000,0,0,0,0,0,6,6,6,6,155,,1,0,0
64550000,Crescent Moons,Standard,92,Reverse-hand Blade,ReverseHandSword,1,slash,slash,0,106,0,0,0,0.1,0.55,0.75,0,0.75,0,10,18,0,18,2200,0,0,0,0,0,0,6,6,6,6,5431,,1,1,0
66500000,Great Katana,Standard,94,Great Katana,GreatKatana,1,slash,pierce,167,0,0,0,0,0.4,0.5,0,0,0,14,18,0,0,0,0,0,0,0,0,0,0,6,6,6,6,4110,Overhead Stance,0,0,0
66500100,Great Katana,Heavy,94,Great Katana,GreatKatana,1,slash,pierce,167,0,0,0,0,0.7,0.35,0,0,0,14,18,0,0,0,0,0,0,0,0,0,0,6,6,6,6,4110,Overhead Stance,0,0,0
66500200,Great Katana,Keen,94,Great Katana,GreatKatana,1,slash,pierce,167,0,0,0,0,0.2,0.95,0,0,0,14,18,0,0,0,0,0,0,0,0,0,0,6,6,6,6,4110,Overhead Stance,0,0,0
66500300,Great Katana,Quality,94,Great Katana,GreatKatana,1,slash,pierce,167,0,0,0,0,0.55,0.6,0,0,0,14,18,0,0,0,0,0,0,0,0,0,0,6,6,6,6,4110,Overhead Stance,0,0,0
66500400,Great Katana,Glint,94,Great Katana,GreatKatana,1,slash,pierce,0,167,0,0,0,0.15,0.2,0.9,0,0,14,18,0,0,0,0,0,0,0,0,0,0,6,6,6,6,4110,Overhead Stance,0,0,0
66500500,Great Katana,Dragonkin,94,Great Katana,GreatKatana,1,slash,pierce,0,0,0,167,0,0.15,0.2,0.8,0,0,14,18,0,0,0,0,0,0,0,0,0,0,6,6,6,6,4110,Overhead Stance,0,0,0
66500600,Great Katana,Gravity,94,Great Katana,GreatKatana,1,slash,pierce,167,0,0,0,0,0.15,0.2,0.9,0,0,14,18,0,0,0,0,0,0,0,0,0,0,6,6,6,6,4110,Overhead Stance,0,0,0
66500700,Great Katana,Flame,94,Great Katana,GreatKatana,1,slash,pierce,0,0,167,0,0,0.15,0.2,0,0.8,0,14,18,0,0,0,0,0,0,0,0,0,0,6,6,6,6,4110,Overhead Stance,0,0,0
66500800,Great Katana,Golden,94,Great Katana,GreatKatana,1,slash,pierce,0,0,0,0,145,0.15,0.2,0,0.9,0,14,18,0,0,0,0,0,0,0,0,0,0,6,6,6,6,4110,Overhead Stance,0,0,0
66500900,Great Katana,Draconic,94,Great Katana,GreatKatana,1,slash,pierce,0,0,0,167,0,0.15,0.2,0,0.9,0,14,18,0,0,0,0,0,0,0,0,0,0,6,6,6,6,4110,Overhead Stance,0,0,0
66501000,Great Katana,Bestial,94,Great Katana,GreatKatana,1,slash,pierce,167,0,0,0,0,0.15,0.2,0,0.9,0,14,18,0,0,0,0,0,0,0,0,0,0,6,6,6,6,4110,Overhead Stance,0,0,0
66501100,Great Katana,Night,94,Great Katana,GreatKatana,1,slash,pierce,0,167,0,0,0,0.1,0.15,0.7,0.7,0,14,18,0,0,0,0,0,0,0,0,0,0,6,6,6,6,4110,Overhead Stance,0,0,0
66501200,Great Katana,Lava,94,Great Katana,GreatKatana,1,slash,pierce,0,0,167,0,0,0.1,0.15,0.7,0.7,0,14,18,0,0,0,0,0,0,0,0,0,0,6,6,6,6,4110,Overhead Stance,0,0,0
66501300,Great Katana,Frenzy,94,Great Katana,GreatKatana,1,slash,pierce,0,0,167,0,0,0.1,0.15,0.6,0.6,0,14,18,0,0,0,0,0,0,0,0,0,0,6,6,6,6,4110,Overhead Stance,0,0,0
66501400,Great Katana,Death,94,Great Katana,GreatKatana,1,slash,pierce,0,0,0,0,145,0.1,0.15,0.6,0.6,0,14,18,0,0,0,0,0,0,0,0,0,0,6,6,6,6,4110,Overhead Stance,0,0,0
66501500,Great Katana,Godslayer,94,Great Katana,GreatKatana,1,slash,pierce,0,0,0,0,145,0.1,0.15,0.6,0.6,0,14,18,0,0,0,0,0,0,0,0,0,0,6,6,6,6,4110,Overhead Stance,0,0,0
66501600,Great Katana,Frost,94,Great Katana,GreatKatana,1,slash,pierce,0,167,0,0,0,0.1,0.15,0.6,0,0.6,14,18,0,0,0,0,0,0,0,0,0,0,6,6,6,6,4110,Overhead Stance,0,0,0
66501700,Great Katana,Aberrant,94,Great Katana,GreatKatana,1,slash,pierce,167,0,0,0,0,0.1,0.15,0.6,0,0.6,14,18,0,0,0,0,0,0,0,0,0,0,6,6,6,6,4110,Overhead Stance,0,0,0
66501800,Great Katana,Bloodflame,94,Great Katana,GreatKatana,1,slash,pierce,0,0,167,0,0,0.1,0.15,0,0.6,0.6,14,18,0,0,0,0,0,0,0,0,0,0,6,6,6,6,4110,Overhead Stance,0,0,0
66501900,Great Katana,Rotten,94,Great Katana,GreatKatana,1,slash,pierce,167,0,0,0,0,0.1,0.15,0,0.6,0.6,14,18,0,0,0,0,0,0,0,0,0,0,6,6,6,6,4110,Overhead Stance,0,0,0
66502000,Great Katana,Storm,94,Great Katana,GreatKatana,1,slash,pierce,167,0,0,0,0,0.1,0.15,0.7,0.7,0,14,18,0,0,0,0,0,0,0,0,0,0,6,6,6,6,4110,Overhead Stance,0,0,0
66502100,Great Katana,Mystic,94,Great Katana,GreatKatana,1,slash,pierce,0,167,0,0,0,0.1,0.15,0,0.6,0.6,14,18,0,0,0,0,0,0,0,0,0,0,6,6,6,6,4110,Overhead Stance,0,0,0
66510000,Dragon-Hunter's Great Katana,Standard,94,Great Katana,GreatKatana,1.045,slash,pierce,152,0,0,0,0,0.95,0.95,0,0,0,15,20,0,0,0,2200,0,0,0,0,0,0,6,6,6,6,5000,Dragonwound Slash,1,0,0
66520000,Rakshasa's Great Katana,Standard,94,Great Katana,GreatKatana,1.035,slash,pierce,0,0,155,0,0,0.45,0.7,0,0.7,0.7,12,20,0,15,15,2200,0,0,0,0,0,0,6,6,6,6,5450,Weed Cutter,1,0,0
66530000,Eagle's Edge,Standard,94,Great Katana,GreatKatana,1,slash,pierce,157,0,0,0,0,0.55,0.55,0.85,0.85,0,15,15,20,20,0,2200,0,0,0,0,0,0,6,6,6,6,806,Storm's Reckoning,1,0,0
67500000,Milady,Standard,93,Light Greatsword,LightGreatsword,0.985,pierce,standard,133,0,0,0,0,0.55,0.55,0,0,0,14,15,0,0,0,0,0,0,0,0,0,0,6,6,6,6,101,Impaling Thrust,0,0,0
67500100,Milady,Heavy,93,Light Greatsword,LightGreatsword,0.985,pierce,standard,133,0,0,0,0,1.15,0.45,0,0,0,14,15,0,0,0,0,0,0,0,0,0,0,6,6,6,6,101,Impaling Thrust,0,0,0
67500200,Milady,Keen,93,Light Greatsword,LightGreatsword,0.985,pierce,standard,133,0,0,0,0,0.45,1.15,0,0,0,14,15,0,0,0,0,0,0,0,0,0,0,6,6,6,6,101,Impaling Thrust,0,0,0
67500300,Milady,Quality,93,Light Greatsword,LightGreatsword,0.985,pierce,standard,133,0,0,0,0,0.85,0.85,0,0,0,14,15,0,0,0,0,0,0,0,0,0,0,6,6,6,6,101,Impaling Thrust,0,0,0
67500400,Milady,Glint,93,Light Greatsword,LightGreatsword,0.985,pierce,standard,0,133,0,0,0,0.25,0.25,0.9,0,0,14,15,0,0,0,0,0,0,0,0,0,0,6,6,6,6,101,Impaling Thrust,0,0,0
67500500,Milady,Dragonkin,93,Light Greatsword,LightGreatsword,0.985,pierce,standard,0,0,0,133,0,0.25,0.25,0.8,0,0,14,15,0,0,0,0,0,0,0,0,0,0,6,6,6,6,101,Impaling Thrust,0,0,0
67500600,Milady,Gravity,93,Light Greatsword,LightGreatsword,0.985,pierce,standard,133,0,0,0,0,0.25,0.25,0.9,0,0,14,15,0,0,0,0,0,0,0,0,0,0,6,6,6,6,101,Impaling Thrust,0,0,0
67500700,Milady,Flame,93,Light Greatsword,LightGreatsword,0.985,pierce,standard,0,0,133,0,0,0.25,0.25,0,0.8,0,14,15,0,0,0,0,0,0,0,0,0,0,6,6,6,6,101,Impaling Thrust,0,0,0
67500800,Milady,Golden,93,Light Greatsword,LightGreatsword,0.985,pierce,standard,0,0,0,0,116,0.25,0.25,0,0.9,0,14,15,0,0,0,0,0,0,0,0,0,0,6,6,6,6,101,Impaling Thrust,0,0,0
67500900,Milady,Draconic,93,Light Greatsword,LightGreatsword,0.985,pierce,standard,0,0,0,133,0,0.25,0.25,0,0.9,0,14,15,0,0,0,0,0,0,0,0,0,0,6,6,6,6,101,Impaling Thrust,0,0,0
67501000,Milady,Bestial,93,Light Greatsword,LightGreatsword,0.985,pierce,standard,133,0,0,0,0,0.25,0.25,0,0.9,0,14,15,0,0,0,0,0,0,0,0,0,0,6,6,6,6,101,Impaling Thrust,0,0,0
67501100,Milady,Night,93,Light Greatsword,LightGreatsword,0.985,pierce,standard,0,133,0,0,0,0.25,0.25,0.7,0.7,0,14,15,0,0,0,0,0,0,0,0,0,0,6,6,6,6,101,Impaling Thrust,0,0,0
67501200,Milady,Lava,93,Light Greatsword,LightGreatsword,0.985,pierce,standard,0,0,133,0,0,0.25,0.25,0.7,0.7,0,14,15,0,0,0,0,0,0,0,0,0,0,6,6,6,6,101,Impaling Thrust,0,0,0
67501300,Milady,Frenzy,93,Light Greatsword,LightGreatsword,0.985,pierce,standard,0,0,133,0,0,0.25,0.25,0.6,0.6,0,14,15,0,0,0,0,0,0,0,0,0,0,6,6,6,6,101,Impaling Thrust,0,0,0
67501400,Milady,Death,93,Light Greatsword,LightGreatsword,0.985,pierce,standard,0,0,0,0,116,0.25,0.25,0.6,0.6,0,14,15,0,0,0,0,0,0,0,0,0,0,6,6,6,6,101,Impaling Thrust,0,0,0
67501500,Milady,Godslayer,93,Light Greatsword,LightGreatsword,0.985,pierce,standard,0,0,0,0,116,0.25,0.25,0.6,0.6,0,14,15,0,0,0,0,0,0,0,0,0,0,6,6,6,6,101,Impaling Thrust,0,0,0
67501600,Milady,Frost,93,Light Greatsword,LightGreatsword,0.985,pierce,standard,0,133,0,0,0,0.25,0.25,0.6,0,0.6,14,15,0,0,0,0,0,0,0,0,0,0,6,6,6,6,101,Impaling Thrust,0,0,0
67501700,Milady,Aberrant,93,Light Greatsword,LightGreatsword,0.985,pierce,standard,133,0,0,0,0,0.25,0.25,0.6,0,0.6,14,15,0,0,0,0,0,0,0,0,0,0,6,6,6,6,101,Impaling Thrust,0,0,0
67501800,Milady,Bloodflame,93,Light Greatsword,LightGreatsword,0.985,pierce,standard,0,0,133,0,0,0.25,0.25,0,0.6,0.6,14,15,0,0,0,0,0,0,0,0,0,0,6,6,6,6,101,Impaling Thrust,0,0,0
67501900,Milady,Rotten,93,Light Greatsword,LightGreatsword,0.985,pierce,standard,133,0,0,0,0,0.25,0.25,0,0.6,0.6,14,15,0,0,0,0,0,0,0,0,0,0,6,6,6,6,101,Impaling Thrust,0,0,0
67502000,Milady,Storm,93,Light Greatsword,LightGreatsword,0.985,pierce,standard,133,0,0,0,0,0.25,0.25,0.7,0.7,0,14,15,0,0,0,0,0,0,0,0,0,0,6,6,6,6,101,Impaling Thrust,0,0,0
67502100,Milady,Mystic,93,Light Greatsword,LightGreatsword,0.985,pierce,standard,0,133,0,0,0,0.25,0.25,0,0.6,0.6,14,15,0,0,0,0,0,0,0,0,0,0,6,6,6,6,101,Impaling Thrust,0,0,0
67510000,Leda's Sword,Standard,93,Light Greatsword,LightGreatsword,1.015,pierce,standard,0,0,0,0,122,0.65,0.65,0,0.85,0,15,15,0,23,0,2200,0,0,0,0,0,0,6,6,6,6,5010,Needle Piercer,1,0,0
67520000,Rellana's Twin Blades,Standard,93,Light Greatsword,LightGreatsword,1.03,pierce,standard,0,118,118,0,0,0.6,0.6,0.6,0.6,0,13,16,16,16,0,2200,0,0,0,0,0,0,6,6,6,6,5170,Moon-and-Fire Stance,1,1,0
67530000,Sword of the Cosmos,Standard,93,Light Greatsword,LightGreatsword,0.985,pierce,standard,124,0,0,0,0,0.55,0.55,1.15,0,0,12,12,24,0,0,2200,0,0,0,0,0,0,6,6,6,6,1202,Cosmic Stance,1,0,0
67540000,Konrad's Bloodletter,Standard,93,Light Greatsword,LightGreatsword,0.985,pierce,standard,0,0,121,0,0,0.45,0.45,0,0.75,0.75,12,12,0,19,19,2200,0,0,0,0,0,0,6,6,6,6,1206,,1,0,0
67550000,Nia's Passot,Standard,93,Light Greatsword,LightGreatsword,0.985,pierce,standard,124,0,0,0,0,0.55,1.25,0,0,0,12,36,0,0,0,2200,0,0,0,0,0,0,6,6,6,6,130,,1,0,0
67700000,Primeval Splinter,Standard,93,Light Greatsword,LightGreatsword,0.985,pierce,standard,0,123,0,0,0,0.3,0.3,1.2,0,0,8,8,33,0,0,2200,0,0,0,0,0,0,6,6,6,6,4120,Wing Stance,1,0,0
68500000,Beast Claw,Standard,95,Beast Claw,BeastClaw,1,slash,slash,113,0,0,0,0,0.6,0.35,0,0,0,11,9,0,0,0,0,0,0,0,0,0,0,6,6,6,6,4070,Savage Claws,0,1,0
68500100,Beast Claw,Heavy,95,Beast Claw,BeastClaw,1,slash,slash,113,0,0,0,0,0.95,0.25,0,0,0,11,9,0,0,0,0,0,0,0,0,0,0,6,6,6,6,4070,Savage Claws,0,1,0
68500200,Beast Claw,Keen,95,Beast Claw,BeastClaw,1,slash,slash,113,0,0,0,0,0.5,0.7,0,0,0,11,9,0,0,0,0,0,0,0,0,0,0,6,6,6,6,4070,Savage Claws,0,1,0
68500300,Beast Claw,Quality,95,Beast Claw,BeastClaw,1,slash,slash,113,0,0,0,0,0.9,0.65,0,0,0,11,9,0,0,0,0,0,0,0,0,0,0,6,6,6,6,4070,Savage Claws,0,1,0
68500400,Beast Claw,Glint,95,Beast Claw,BeastClaw,1,slash,slash,0,113,0,0,0,0.55,0.1,0.9,0,0,11,9,0,0,0,0,0,0,0,0,0,0,6,6,6,6,4070,Savage Claws,0,1,0
68500500,Beast Claw,Dragonkin,95,Beast Claw,BeastClaw,1,slash,slash,0,0,0,113,0,0.55,0.1,0.8,0,0,11,9,0,0,0,0,0,0,0,0,0,0,6,6,6,6,4070,Savage Claws,0,1,0
68500600,Beast Claw,Gravity,95,Beast Claw,BeastClaw,1,slash,slash,113,0,0,0,0,0.55,0.1,0.9,0,0,11,9,0,0,0,0,0,0,0,0,0,0,6,6,6,6,4070,Savage Claws,0,1,0
68500700,Beast Claw,Flame,95,Beast Claw,BeastClaw,1,slash,slash,0,0,113,0,0,0.55,0.1,0,0.8,0,11,9,0,0,0,0,0,0,0,0,0,0,6,6,6,6,4070,Savage Claws,0,1,0
68500800,Beast Claw,Golden,95,Beast Claw,BeastClaw,1,slash,slash,0,0,0,0,98,0.55,0.1,0,0.9,0,11,9,0,0,0,0,0,0,0,0,0,0,6,6,6,6,4070,Savage Claws,0,1,0
68500900,Beast Claw,Draconic,95,Beast Claw,BeastClaw,1,slash,slash,0,0,0,113,0,0.55,0.1,0,0.9,0,11,9,0,0,0,0,0,0,0,0,0,0,6,6,6,6,4070,Savage Claws,0,1,0
68501000,Beast Claw,Bestial,95,Beast Claw,BeastClaw,1,slash,slash,113,0,0,0,0,0.55,0.1,0,0.9,0,11,9,0,0,0,0,0,0,0,0,0,0,6,6,6,6,4070,Savage Claws,0,1,0
68501100,Beast Claw,Night,95,Beast Claw,BeastClaw,1,slash,slash,0,113,0,0,0,0.5,0.05,0.7,0.7,0,11,9,0,0,0,0,0,0,0,0,0,0,6,6,6,6,4070,Savage Claws,0,1,0
68501200,Beast Claw,Lava,95,Beast Claw,BeastClaw,1,slash,slash,0,0,113,0,0,0.5,0.05,0.7,0.7,0,11,9,0,0,0,0,0,0,0,0,0,0,6,6,6,6,4070,Savage Claws,0,1,0
68501300,Beast Claw,Frenzy,95,Beast Claw,BeastClaw,1,slash,slash,0,0,113,0,0,0.5,0.05,0.6,0.6,0,11,9,0,0,0,0,0,0,0,0,0,0,6,6,6,6,4070,Savage Claws,0,1,0
68501400,Beast Claw,Death,95,Beast Claw,BeastClaw,1,slash,slash,0,0,0,0,98,0.5,0.05,0.6,0.6,0,11,9,0,0,0,0,0,0,0,0,0,0,6,6,6,6,4070,Savage Claws,0,1,0
68501500,Beast Claw,Godslayer,95,Beast Claw,BeastClaw,1,slash,slash,0,0,0,0,98,0.5,0.05,0.6,0.6,0,11,9,0,0,0,0,0,0,0,0,0,0,6,6,6,6,4070,Savage Claws,0,1,0
68501600,Beast Claw,Frost,95,Beast Claw,BeastClaw,1,slash,slash,0,113,0,0,0,0.5,0.05,0.6,0,0.6,11,9,0,0,0,0,0,0,0,0,0,0,6,6,6,6,4070,Savage Claws,0,1,0
68501700,Beast Claw,Aberrant,95,Beast Claw,BeastClaw,1,slash,slash,113,0,0,0,0,0.5,0.05,0.6,0,0.6,11,9,0,0,0,0,0,0,0,0,0,0,6,6,6,6,4070,Savage Claws,0,1,0
68501800,Beast Claw,Bloodflame,95,Beast Claw,BeastClaw,1,slash,slash,0,0,113,0,0,0.5,0.05,0,0.6,0.6,11,9,0,0,0,0,0,0,0,0,0,0,6,6,6,6,4070,Savage Claws,0,1,0
68501900,Beast Claw,Rotten,95,Beast Claw,BeastClaw,1,slash,slash,113,0,0,0,0,0.5,0.05,0,0.6,0.6,11,9,0,0,0,0,0,0,0,0,0,0,6,6,6,6,4070,Savage Claws,0,1,0
68502000,Beast Claw,Storm,95,Beast Claw,BeastClaw,1,slash,slash,113,0,0,0,0,0.5,0.05,0.7,0.7,0,11,9,0,0,0,0,0,0,0,0,0,0,6,6,6,6,4070,Savage Claws,0,1,0
68502100,Beast Claw,Mystic,95,Beast Claw,BeastClaw,1,slash,slash,0,113,0,0,0,0.5,0.05,0,0.6,0.6,11,9,0,0,0,0,0,0,0,0,0,0,6,6,6,6,4070,Savage Claws,0,1,0
68510000,Red Bear's Claw,Standard,95,Beast Claw,BeastClaw,1.06,slash,slash,104,0,0,0,0,0.75,0.2,0,0.95,0,20,10,0,0,0,2200,0,0,0,0,0,0,6,6,6,6,4080,Red Bear Hunt,1,1,0
68540000,Goras' Claw,Standard,95,Beast Claw,BeastClaw,1,slash,slash,0,100,0,0,0,0.6,0.05,0,0.75,0.75,7,0,0,16,16,2200,0,0,0,0,0,0,6,6,6,6,812,,1,1,0
68550000,Transcendent Talons,Standard,95,Beast Claw,BeastClaw,1,slash,pierce,0,0,0,105,0,0.55,0.35,1,0,0,12,8,36,0,0,2200,0,0,0,0,0,0,6,6,6,6,5610,,0,1,0
69500000,Smithscript Rosary,Standard,88,Hand-to-Hand,HandToHand,1,strike,slash,124,0,0,0,0,0.95,0.95,0,0,0,20,20,0,0,0,2200,0,0,0,0,0,0,6,6,6,6,188,,1,1,0
