weapon_id,name,affinity,effect_ids,bleed,frost,poison,scarlet_rot,sleep,madness,death,bleed_uses_status_correction,frost_uses_status_correction,poison_uses_status_correction,scarlet_rot_uses_status_correction,sleep_uses_status_correction,madness_uses_status_correction,death_uses_status_correction
33200000,Academy Glintstone Staff,Standard,,0,0,0,0,0,0,0,,,,,,,
31350000,Aegis of Hadea,Standard,,0,0,0,0,0,0,0,,,,,,,
3070000,Alabaster Lord's Sword,Standard,,0,0,0,0,0,0,0,,,,,,,
41010000,Albinauric Bow,Standard,1940,0,0,0,0,0,0,0,,,,,,,
31040000,Albinauric Shield,Standard,,0,0,0,0,0,0,0,,,,,,,
4500000,Ancient Meteoric Ore Greatsword,Standard,,0,0,0,0,0,0,0,,,,,,,
41510000,Ansbach's Longbow,Standard,1940,0,0,0,0,0,0,0,,,,,,,
32220000,Ant's Skull Plate,Standard,6505|5322200,0,0,90,0,0,0,0,,,1,,,,
5040000,Antspur Rapier,Standard,6604,0,0,0,70,0,0,0,,,,1,,,
12510000,Anvil Hammer,Standard,,0,0,0,0,0,0,0,,,,,,,
43080000,Arbalest,Standard,,0,0,0,0,0,0,0,,,,,,,
14090000,Axe of Epiphany,Standard,,0,0,0,0,0,0,0,,,,,,,
14130000,Axe of Fell Prophecy,Standard,108500,0,0,0,0,0,0,0,,,,,,,
23050000,Axe of Godfrey,Standard,50020,0,0,0,0,0,0,0,,,,,,,
15040000,Axe of Godrick,Standard,50040,0,0,0,0,0,0,0,,,,,,,
15090000,Axe of Rust,Standard,,0,0,0,0,0,0,0,,,,,,,
33230000,Azur's Glintstone Staff,Standard,,0,0,0,0,0,0,0,,,,,,,
64501700,Backhand Blade,Aberrant,105013,70,0,0,0,0,0,0,1,,,,,,
64501000,Backhand Blade,Bestial,,0,0,0,0,0,0,0,,,,,,,
64501800,Backhand Blade,Bloodflame,105013,70,0,0,0,0,0,0,1,,,,,,
64501400,Backhand Blade,Death,108013,0,0,0,0,0,0,86,,,,,,,1
64500900,Backhand Blade,Draconic,,0,0,0,0,0,0,0,,,,,,,
64500500,Backhand Blade,Dragonkin,107513,0,86,0,0,0,0,0,,1,,,,,
64500700,Backhand Blade,Flame,108500,0,0,0,0,0,0,0,,,,,,,
64501300,Backhand Blade,Frenzy,6756,0,0,0,0,0,68,0,,,,,,1,
64501600,Backhand Blade,Frost,107513,0,86,0,0,0,0,0,,1,,,,,
64500400,Backhand Blade,Glint,,0,0,0,0,0,0,0,,,,,,,
64501500,Backhand Blade,Godslayer,1620000,0,0,0,0,0,0,0,,,,,,,
64500800,Backhand Blade,Golden,,0,0,0,0,0,0,0,,,,,,,
64500600,Backhand Blade,Gravity,,0,0,0,0,0,0,0,,,,,,,
64500100,Backhand Blade,Heavy,,0,0,0,0,0,0,0,,,,,,,
64500200,Backhand Blade,Keen,,0,0,0,0,0,0,0,,,,,,,
64501200,Backhand Blade,Lava,,0,0,0,0,0,0,0,,,,,,,
64502100,Backhand Blade,Mystic,105563,0,0,0,0,81,0,0,,,,,1,,
64501100,Backhand Blade,Night,,0,0,0,0,0,0,0,,,,,,,
64500300,Backhand Blade,Quality,,0,0,0,0,0,0,0,,,,,,,
64501900,Backhand Blade,Rotten,106013,0,0,81,0,0,0,0,,,1,,,,
64500000,Backhand Blade,Standard,,0,0,0,0,0,0,0,,,,,,,
64502000,Backhand Blade,Storm,,0,0,0,0,0,0,0,,,,,,,
7041700,Bandit's Curved Sword,Aberrant,105013,70,0,0,0,0,0,0,1,,,,,,
7041000,Bandit's Curved Sword,Bestial,,0,0,0,0,0,0,0,,,,,,,
7041800,Bandit's Curved Sword,Bloodflame,105013,70,0,0,0,0,0,0,1,,,,,,
7041400,Bandit's Curved Sword,Death,108013,0,0,0,0,0,0,86,,,,,,,1
7040900,Bandit's Curved Sword,Draconic,,0,0,0,0,0,0,0,,,,,,,
7040500,Bandit's Curved Sword,Dragonkin,107513,0,86,0,0,0,0,0,,1,,,,,
7040700,Bandit's Curved Sword,Flame,108500,0,0,0,0,0,0,0,,,,,,,
7041300,Bandit's Curved Sword,Frenzy,6756,0,0,0,0,0,68,0,,,,,,1,
7041600,Bandit's Curved Sword,Frost,107513,0,86,0,0,0,0,0,,1,,,,,
7040400,Bandit's Curved Sword,Glint,,0,0,0,0,0,0,0,,,,,,,
7041500,Bandit's Curved Sword,Godslayer,1620000,0,0,0,0,0,0,0,,,,,,,
7040800,Bandit's Curved Sword,Golden,,0,0,0,0,0,0,0,,,,,,,
7040600,Bandit's Curved Sword,Gravity,,0,0,0,0,0,0,0,,,,,,,
7040100,Bandit's Curved Sword,Heavy,,0,0,0,0,0,0,0,,,,,,,
7040200,Bandit's Curved Sword,Keen,,0,0,0,0,0,0,0,,,,,,,
7041200,Bandit's Curved Sword,Lava,,0,0,0,0,0,0,0,,,,,,,
7042100,Bandit's Curved Sword,Mystic,105563,0,0,0,0,81,0,0,,,,,1,,
7041100,Bandit's Curved Sword,Night,,0,0,0,0,0,0,0,,,,,,,
7040300,Bandit's Curved Sword,Quality,,0,0,0,0,0,0,0,,,,,,,
7041900,Bandit's Curved Sword,Rotten,106013,0,0,81,0,0,0,0,,,1,,,,
7040000,Bandit's Curved Sword,Standard,,0,0,0,0,0,0,0,,,,,,,
7042000,Bandit's Curved Sword,Storm,,0,0,0,0,0,0,0,,,,,,,
3080000,Banished Knight's Greatsword,Standard,,0,0,0,0,0,0,0,,,,,,,
18030000,Banished Knight's Halberd,Standard,,0,0,0,0,0,0,0,,,,,,,
31030000,Banished Knight's Shield,Standard,,0,0,0,0,0,0,0,,,,,,,
17520000,Barbed Staff-Spear,Standard,6402,55,0,0,0,0,0,0,1,,,,,,
3001700,Bastard Sword,Aberrant,105111,82,0,0,0,0,0,0,1,,,,,,
3001000,Bastard Sword,Bestial,,0,0,0,0,0,0,0,,,,,,,
3001800,Bastard Sword,Bloodflame,105111,82,0,0,0,0,0,0,1,,,,,,
3001400,Bastard Sword,Death,108111,0,0,0,0,0,0,100,,,,,,,1
3000900,Bastard Sword,Draconic,,0,0,0,0,0,0,0,,,,,,,
3000500,Bastard Sword,Dragonkin,107611,0,100,0,0,0,0,0,,1,,,,,
3000700,Bastard Sword,Flame,108500,0,0,0,0,0,0,0,,,,,,,
3001300,Bastard Sword,Frenzy,6754,0,0,0,0,0,75,0,,,,,,1,
3001600,Bastard Sword,Frost,107611,0,100,0,0,0,0,0,,1,,,,,
3000400,Bastard Sword,Glint,,0,0,0,0,0,0,0,,,,,,,
3001500,Bastard Sword,Godslayer,1620000,0,0,0,0,0,0,0,,,,,,,
3000800,Bastard Sword,Golden,,0,0,0,0,0,0,0,,,,,,,
3000600,Bastard Sword,Gravity,,0,0,0,0,0,0,0,,,,,,,
3000100,Bastard Sword,Heavy,,0,0,0,0,0,0,0,,,,,,,
3000200,Bastard Sword,Keen,,0,0,0,0,0,0,0,,,,,,,
3001200,Bastard Sword,Lava,,0,0,0,0,0,0,0,,,,,,,
3002100,Bastard Sword,Mystic,105611,0,0,0,0,95,0,0,,,,,1,,
3001100,Bastard Sword,Night,,0,0,0,0,0,0,0,,,,,,,
3000300,Bastard Sword,Quality,,0,0,0,0,0,0,0,,,,,,,
3001900,Bastard Sword,Rotten,106111,0,0,95,0,0,0,0,,,1,,,,
3000000,Bastard Sword,Standard,,0,0,0,0,0,0,0,,,,,,,
3002000,Bastard Sword,Storm,,0,0,0,0,0,0,0,,,,,,,
13030000,Bastard's Stars,Standard,,0,0,0,0,0,0,0,,,,,,,
14001700,Battle Axe,Aberrant,105015,72,0,0,0,0,0,0,1,,,,,,
14001000,Battle Axe,Bestial,,0,0,0,0,0,0,0,,,,,,,
14001800,Battle Axe,Bloodflame,105015,72,0,0,0,0,0,0,1,,,,,,
14001400,Battle Axe,Death,108015,0,0,0,0,0,0,89,,,,,,,1
14000900,Battle Axe,Draconic,,0,0,0,0,0,0,0,,,,,,,
14000500,Battle Axe,Dragonkin,107515,0,89,0,0,0,0,0,,1,,,,,
14000700,Battle Axe,Flame,108500,0,0,0,0,0,0,0,,,,,,,
14001300,Battle Axe,Frenzy,6753,0,0,0,0,0,70,0,,,,,,1,
14001600,Battle Axe,Frost,107515,0,89,0,0,0,0,0,,1,,,,,
14000400,Battle Axe,Glint,,0,0,0,0,0,0,0,,,,,,,
14001500,Battle Axe,Godslayer,1620000,0,0,0,0,0,0,0,,,,,,,
14000800,Battle Axe,Golden,,0,0,0,0,0,0,0,,,,,,,
14000600,Battle Axe,Gravity,,0,0,0,0,0,0,0,,,,,,,
14000100,Battle Axe,Heavy,,0,0,0,0,0,0,0,,,,,,,
14000200,Battle Axe,Keen,,0,0,0,0,0,0,0,,,,,,,
14001200,Battle Axe,Lava,,0,0,0,0,0,0,0,,,,,,,
14002100,Battle Axe,Mystic,105515,0,0,0,0,83,0,0,,,,,1,,
14001100,Battle Axe,Night,,0,0,0,0,0,0,0,,,,,,,
14000300,Battle Axe,Quality,,0,0,0,0,0,0,0,,,,,,,
14001900,Battle Axe,Rotten,106015,0,0,83,0,0,0,0,,,1,,,,
14000000,Battle Axe,Standard,,0,0,0,0,0,0,0,,,,,,,
14002000,Battle Axe,Storm,,0,0,0,0,0,0,0,,,,,,,
12021700,Battle Hammer,Aberrant,105111,82,0,0,0,0,0,0,1,,,,,,
12021000,Battle Hammer,Bestial,,0,0,0,0,0,0,0,,,,,,,
12021800,Battle Hammer,Bloodflame,105111,82,0,0,0,0,0,0,1,,,,,,
12021400,Battle Hammer,Death,108111,0,0,0,0,0,0,100,,,,,,,1
12020900,Battle Hammer,Draconic,,0,0,0,0,0,0,0,,,,,,,
12020500,Battle Hammer,Dragonkin,107611,0,100,0,0,0,0,0,,1,,,,,
12020700,Battle Hammer,Flame,108500,0,0,0,0,0,0,0,,,,,,,
12021300,Battle Hammer,Frenzy,6754,0,0,0,0,0,75,0,,,,,,1,
12021600,Battle Hammer,Frost,107611,0,100,0,0,0,0,0,,1,,,,,
12020400,Battle Hammer,Glint,,0,0,0,0,0,0,0,,,,,,,
12021500,Battle Hammer,Godslayer,1620000,0,0,0,0,0,0,0,,,,,,,
12020800,Battle Hammer,Golden,,0,0,0,0,0,0,0,,,,,,,
12020600,Battle Hammer,Gravity,,0,0,0,0,0,0,0,,,,,,,
12020100,Battle Hammer,Heavy,,0,0,0,0,0,0,0,,,,,,,
12020200,Battle Hammer,Keen,,0,0,0,0,0,0,0,,,,,,,
12021200,Battle Hammer,Lava,,0,0,0,0,0,0,0,,,,,,,
12022100,Battle Hammer,Mystic,105611,0,0,0,0,95,0,0,,,,,1,,
12021100,Battle Hammer,Night,,0,0,0,0,0,0,0,,,,,,,
12020300,Battle Hammer,Quality,,0,0,0,0,0,0,0,,,,,,,
12021900,Battle Hammer,Rotten,106111,0,0,95,0,0,0,0,,,1,,,,
12020000,Battle Hammer,Standard,,0,0,0,0,0,0,0,,,,,,,
12022000,Battle Hammer,Storm,,0,0,0,0,0,0,0,,,,,,,
68501700,Beast Claw,Aberrant,105075,82,0,0,0,0,0,0,1,,,,,,
68501000,Beast Claw,Bestial,6400,45,0,0,0,0,0,0,1,,,,,,
68501800,Beast Claw,Bloodflame,105075,82,0,0,0,0,0,0,1,,,,,,
68501400,Beast Claw,Death,6400|108011,45,0,0,0,0,0,83,1,,,,,,1
68500900,Beast Claw,Draconic,6400,45,0,0,0,0,0,0,1,,,,,,
68500500,Beast Claw,Dragonkin,6400|107511,45,83,0,0,0,0,0,1,1,,,,,
68500700,Beast Claw,Flame,6400|108500,45,0,0,0,0,0,0,1,,,,,,
68501300,Beast Claw,Frenzy,6400|6752,45,0,0,0,0,65,0,1,,,,,1,
68501600,Beast Claw,Frost,6400|107511,45,83,0,0,0,0,0,1,1,,,,,
68500400,Beast Claw,Glint,6400,45,0,0,0,0,0,0,1,,,,,,
68501500,Beast Claw,Godslayer,6400|1620000,45,0,0,0,0,0,0,1,,,,,,
68500800,Beast Claw,Golden,6400,45,0,0,0,0,0,0,1,,,,,,
68500600,Beast Claw,Gravity,6400,45,0,0,0,0,0,0,1,,,,,,
68500100,Beast Claw,Heavy,6400,45,0,0,0,0,0,0,1,,,,,,
68500200,Beast Claw,Keen,6400,45,0,0,0,0,0,0,1,,,,,,
68501200,Beast Claw,Lava,6400,45,0,0,0,0,0,0,1,,,,,,
68502100,Beast Claw,Mystic,6400|105561,45,0,0,0,79,0,0,1,,,,1,,
68501100,Beast Claw,Night,6400,45,0,0,0,0,0,0,1,,,,,,
68500300,Beast Claw,Quality,6400,45,0,0,0,0,0,0,1,,,,,,
68501900,Beast Claw,Rotten,6400|106011,45,0,79,0,0,0,0,1,,1,,,,
68500000,Beast Claw,Standard,6400,45,0,0,0,0,0,0,1,,,,,,
68502000,Beast Claw,Storm,6400,45,0,0,0,0,0,0,1,,,,,,
31280000,Beast Crest Heater Shield,Standard,,0,0,0,0,0,0,0,,,,,,,
24060000,Beast-Repellent Torch,Standard,415,0,0,0,0,0,0,0,,,,,,,
12150000,Beastclaw Greathammer,Standard,,0,0,0,0,0,0,0,,,,,,,
8080000,Beastman's Cleaver,Standard,,0,0,0,0,0,0,0,,,,,,,
7010000,Beastman's Curved Sword,Standard,,0,0,0,0,0,0,0,,,,,,,
30060000,Beastman's Jar-Shield,Standard,,0,0,0,0,0,0,0,,,,,,,
41070000,Black Bow,Standard,1940,0,0,0,0,0,0,0,,,,,,,
1010000,Black Knife,Standard,1620000,0,0,0,0,0,0,0,,,,,,,
31340000,Black Leather Shield,Standard,,0,0,0,0,0,0,0,,,,,,,
12520000,Black Steel Greathammer,Standard,,0,0,0,0,0,0,0,,,,,,,
32500000,Black Steel Greatshield,Standard,,0,0,0,0,0,0,0,,,,,,,
10510000,Black Steel Twinblade,Standard,,0,0,0,0,0,0,0,,,,,,,
1160000,Blade of Calling,Standard,,0,0,0,0,0,0,0,,,,,,,
9090000,Blade of Distant Light,Standard,6410|6754,50,0,0,0,0,75,0,1,,,,,1,
7160000,Blade of Scarlet Bloom,Standard,6601,0,0,0,55,0,0,0,,,,1,,,
2120000,Blade of Valor,Standard,,0,0,0,0,0,0,0,,,,,,,
3140000,Blasphemous Blade,Standard,5031400|50060,0,0,0,0,0,0,0,,,,,,,
18200000,Blightpole,Standard,108113|5031500,0,0,0,0,0,0,104,,,,,,,1
12530000,Bloodfiend's Arm,Standard,105265,105,0,0,0,0,0,0,1,,,,,,
16540000,Bloodfiend's Fork,Standard,105168,91,0,0,0,0,0,0,1,,,,,,
16550000,Bloodfiend's Sacred Spear,Standard,105200,83,0,0,0,0,0,0,1,,,,,,
14170000,Bloodflame Kamas,Standard,105015,72,0,0,0,0,0,0,1,,,,,,
22020000,Bloodhound Claws,Standard,105075,82,0,0,0,0,0,0,1,,,,,,
14150000,Bloodhound Hookblade,Standard,105168,91,0,0,0,0,0,0,1,,,,,,
8030000,Bloodhound's Fang,Standard,105200,83,0,0,0,0,0,0,1,,,,,,
1141700,Bloodstained Dagger,Aberrant,105075,82,0,0,0,0,0,0,1,,,,,,
1141000,Bloodstained Dagger,Bestial,6400,45,0,0,0,0,0,0,1,,,,,,
1141800,Bloodstained Dagger,Bloodflame,105075,82,0,0,0,0,0,0,1,,,,,,
1141400,Bloodstained Dagger,Death,6400|108011,45,0,0,0,0,0,83,1,,,,,,1
1140900,Bloodstained Dagger,Draconic,6400,45,0,0,0,0,0,0,1,,,,,,
1140500,Bloodstained Dagger,Dragonkin,6400|107511,45,83,0,0,0,0,0,1,1,,,,,
1140700,Bloodstained Dagger,Flame,6400|108500,45,0,0,0,0,0,0,1,,,,,,
1141300,Bloodstained Dagger,Frenzy,6400|6752,45,0,0,0,0,65,0,1,,,,,1,
1141600,Bloodstained Dagger,Frost,6400|107511,45,83,0,0,0,0,0,1,1,,,,,
1140400,Bloodstained Dagger,Glint,6400,45,0,0,0,0,0,0,1,,,,,,
1141500,Bloodstained Dagger,Godslayer,6400|1620000,45,0,0,0,0,0,0,1,,,,,,
1140800,Bloodstained Dagger,Golden,6400,45,0,0,0,0,0,0,1,,,,,,
1140600,Bloodstained Dagger,Gravity,6400,45,0,0,0,0,0,0,1,,,,,,
1140100,Bloodstained Dagger,Heavy,6400,45,0,0,0,0,0,0,1,,,,,,
1140200,Bloodstained Dagger,Keen,6400,45,0,0,0,0,0,0,1,,,,,,
1141200,Bloodstained Dagger,Lava,6400,45,0,0,0,0,0,0,1,,,,,,
1142100,Bloodstained Dagger,Mystic,6400|105561,45,0,0,0,79,0,0,1,,,,1,,
1141100,Bloodstained Dagger,Night,6400,45,0,0,0,0,0,0,1,,,,,,
1140300,Bloodstained Dagger,Quality,6400,45,0,0,0,0,0,0,1,,,,,,
1141900,Bloodstained Dagger,Rotten,6400|106011,45,0,79,0,0,0,0,1,,1,,,,
1140000,Bloodstained Dagger,Standard,6400,45,0,0,0,0,0,0,1,,,,,,
1142000,Bloodstained Dagger,Storm,6400,45,0,0,0,0,0,0,1,,,,,,
6000000,Bloody Helice,Standard,105111,82,0,0,0,0,0,0,1,,,,,,
31300000,Blue Crest Heater Shield,Standard,,0,0,0,0,0,0,0,,,,,,,
31100000,Blue-Gold Kite Shield,Standard,,0,0,0,0,0,0,0,,,,,,,
30100000,Blue-White Wooden Shield,Standard,5018000,0,0,0,0,0,0,0,,,,,,,
16090000,Bolt of Gransax,Standard,,0,0,0,0,0,0,0,,,,,,,
40500000,Bone Bow,Standard,1940,0,0,0,0,0,0,0,,,,,,,
15510000,Bonny Butchering Knife,Standard,5151200|5151201,0,0,0,0,0,0,0,,,,,,,
60540000,Bracelet of Gold,Standard,,0,0,0,0,0,0,0,,,,,,,
60530000,Bracelet of Shadow,Standard,,0,0,0,0,0,0,0,,,,,,,
31130000,Brass Shield,Standard,5030000,0,0,0,0,0,0,0,,,,,,,
32050000,Briar Greatshield,Standard,6405,70,0,0,0,0,0,0,1,,,,,,
12191700,Brick Hammer,Aberrant,105111,82,0,0,0,0,0,0,1,,,,,,
12191000,Brick Hammer,Bestial,,0,0,0,0,0,0,0,,,,,,,
12191800,Brick Hammer,Bloodflame,105111,82,0,0,0,0,0,0,1,,,,,,
12191400,Brick Hammer,Death,108111,0,0,0,0,0,0,100,,,,,,,1
12190900,Brick Hammer,Draconic,,0,0,0,0,0,0,0,,,,,,,
12190500,Brick Hammer,Dragonkin,107611,0,100,0,0,0,0,0,,1,,,,,
12190700,Brick Hammer,Flame,108500,0,0,0,0,0,0,0,,,,,,,
12191300,Brick Hammer,Frenzy,6754,0,0,0,0,0,75,0,,,,,,1,
12191600,Brick Hammer,Frost,107611,0,100,0,0,0,0,0,,1,,,,,
12190400,Brick Hammer,Glint,,0,0,0,0,0,0,0,,,,,,,
12191500,Brick Hammer,Godslayer,1620000,0,0,0,0,0,0,0,,,,,,,
12190800,Brick Hammer,Golden,,0,0,0,0,0,0,0,,,,,,,
12190600,Brick Hammer,Gravity,,0,0,0,0,0,0,0,,,,,,,
12190100,Brick Hammer,Heavy,,0,0,0,0,0,0,0,,,,,,,
12190200,Brick Hammer,Keen,,0,0,0,0,0,0,0,,,,,,,
12191200,Brick Hammer,Lava,,0,0,0,0,0,0,0,,,,,,,
12192100,Brick Hammer,Mystic,105611,0,0,0,0,95,0,0,,,,,1,,
12191100,Brick Hammer,Night,,0,0,0,0,0,0,0,,,,,,,
12190300,Brick Hammer,Quality,,0,0,0,0,0,0,0,,,,,,,
12191900,Brick Hammer,Rotten,106111,0,0,95,0,0,0,0,,,1,,,,
12190000,Brick Hammer,Standard,,0,0,0,0,0,0,0,,,,,,,
12192000,Brick Hammer,Storm,,0,0,0,0,0,0,0,,,,,,,
2021700,Broadsword,Aberrant,105013,70,0,0,0,0,0,0,1,,,,,,
2021000,Broadsword,Bestial,,0,0,0,0,0,0,0,,,,,,,
2021800,Broadsword,Bloodflame,105013,70,0,0,0,0,0,0,1,,,,,,
2021400,Broadsword,Death,108013,0,0,0,0,0,0,86,,,,,,,1
2020900,Broadsword,Draconic,,0,0,0,0,0,0,0,,,,,,,
2020500,Broadsword,Dragonkin,107513,0,86,0,0,0,0,0,,1,,,,,
2020700,Broadsword,Flame,108500,0,0,0,0,0,0,0,,,,,,,
2021300,Broadsword,Frenzy,6756,0,0,0,0,0,68,0,,,,,,1,
2021600,Broadsword,Frost,107513,0,86,0,0,0,0,0,,1,,,,,
2020400,Broadsword,Glint,,0,0,0,0,0,0,0,,,,,,,
2021500,Broadsword,Godslayer,1620000,0,0,0,0,0,0,0,,,,,,,
2020800,Broadsword,Golden,,0,0,0,0,0,0,0,,,,,,,
2020600,Broadsword,Gravity,,0,0,0,0,0,0,0,,,,,,,
2020100,Broadsword,Heavy,,0,0,0,0,0,0,0,,,,,,,
2020200,Broadsword,Keen,,0,0,0,0,0,0,0,,,,,,,
2021200,Broadsword,Lava,,0,0,0,0,0,0,0,,,,,,,
2022100,Broadsword,Mystic,105563,0,0,0,0,81,0,0,,,,,1,,
2021100,Broadsword,Night,,0,0,0,0,0,0,0,,,,,,,
2020300,Broadsword,Quality,,0,0,0,0,0,0,0,,,,,,,
2021900,Broadsword,Rotten,106013,0,0,81,0,0,0,0,,,1,,,,
2020000,Broadsword,Standard,,0,0,0,0,0,0,0,,,,,,,
2022000,Broadsword,Storm,,0,0,0,0,0,0,0,,,,,,,
30000000,Buckler,Standard,,0,0,0,0,0,0,0,,,,,,,
15121700,Butchering Knife,Aberrant,105111|5151200|5151201,82,0,0,0,0,0,0,1,,,,,,
15121000,Butchering Knife,Bestial,5151200|5151201,0,0,0,0,0,0,0,,,,,,,
15121800,Butchering Knife,Bloodflame,105111|5151200|5151201,82,0,0,0,0,0,0,1,,,,,,
15121400,Butchering Knife,Death,108111|5151200|5151201,0,0,0,0,0,0,100,,,,,,,1
15120900,Butchering Knife,Draconic,5151200|5151201,0,0,0,0,0,0,0,,,,,,,
15120500,Butchering Knife,Dragonkin,107611|5151200|5151201,0,100,0,0,0,0,0,,1,,,,,
15120700,Butchering Knife,Flame,108500|5151200|5151201,0,0,0,0,0,0,0,,,,,,,
15121300,Butchering Knife,Frenzy,6754|5151200|5151201,0,0,0,0,0,75,0,,,,,,1,
15121600,Butchering Knife,Frost,107611|5151200|5151201,0,100,0,0,0,0,0,,1,,,,,
15120400,Butchering Knife,Glint,5151200|5151201,0,0,0,0,0,0,0,,,,,,,
15121500,Butchering Knife,Godslayer,1620000|5151200|5151201,0,0,0,0,0,0,0,,,,,,,
15120800,Butchering Knife,Golden,5151200|5151201,0,0,0,0,0,0,0,,,,,,,
15120600,Butchering Knife,Gravity,5151200|5151201,0,0,0,0,0,0,0,,,,,,,
15120100,Butchering Knife,Heavy,5151200|5151201,0,0,0,0,0,0,0,,,,,,,
15120200,Butchering Knife,Keen,5151200|5151201,0,0,0,0,0,0,0,,,,,,,
15121200,Butchering Knife,Lava,5151200|5151201,0,0,0,0,0,0,0,,,,,,,
15122100,Butchering Knife,Mystic,105611|5151200|5151201,0,0,0,0,95,0,0,,,,,1,,
15121100,Butchering Knife,Night,5151200|5151201,0,0,0,0,0,0,0,,,,,,,
15120300,Butchering Knife,Quality,5151200|5151201,0,0,0,0,0,0,0,,,,,,,
15121900,Butchering Knife,Rotten,106111|5151200|5151201,0,0,95,0,0,0,0,,,1,,,,
15120000,Butchering Knife,Standard,5151200|5151201,0,0,0,0,0,0,0,,,,,,,
15122000,Butchering Knife,Storm,5151200|5151201,0,0,0,0,0,0,0,,,,,,,
21001700,Caestus,Aberrant,105011,68,0,0,0,0,0,0,1,,,,,,
21001000,Caestus,Bestial,,0,0,0,0,0,0,0,,,,,,,
21001800,Caestus,Bloodflame,105011,68,0,0,0,0,0,0,1,,,,,,
21001400,Caestus,Death,108011,0,0,0,0,0,0,83,,,,,,,1
21000900,Caestus,Draconic,,0,0,0,0,0,0,0,,,,,,,
21000500,Caestus,Dragonkin,107511,0,83,0,0,0,0,0,,1,,,,,
21000700,Caestus,Flame,108500,0,0,0,0,0,0,0,,,,,,,
21001300,Caestus,Frenzy,6752,0,0,0,0,0,65,0,,,,,,1,
21001600,Caestus,Frost,107511,0,83,0,0,0,0,0,,1,,,,,
21000400,Caestus,Glint,,0,0,0,0,0,0,0,,,,,,,
21001500,Caestus,Godslayer,1620000,0,0,0,0,0,0,0,,,,,,,
21000800,Caestus,Golden,,0,0,0,0,0,0,0,,,,,,,
21000600,Caestus,Gravity,,0,0,0,0,0,0,0,,,,,,,
21000100,Caestus,Heavy,,0,0,0,0,0,0,0,,,,,,,
21000200,Caestus,Keen,,0,0,0,0,0,0,0,,,,,,,
21001200,Caestus,Lava,,0,0,0,0,0,0,0,,,,,,,
21002100,Caestus,Mystic,105561,0,0,0,0,79,0,0,,,,,1,,
21001100,Caestus,Night,,0,0,0,0,0,0,0,,,,,,,
21000300,Caestus,Quality,,0,0,0,0,0,0,0,,,,,,,
21001900,Caestus,Rotten,106011,0,0,79,0,0,0,0,,,1,,,,
21000000,Caestus,Standard,,0,0,0,0,0,0,0,,,,,,,
21002000,Caestus,Storm,,0,0,0,0,0,0,0,,,,,,,
10060000,Caimar's Battlestaff,Standard,105563,0,0,0,0,81,0,0,,,,,1,,
31250000,Candletree Wooden Shield,Standard,,0,0,0,0,0,0,0,,,,,,,
2211700,Cane Sword,Aberrant,105013,70,0,0,0,0,0,0,1,,,,,,
2211000,Cane Sword,Bestial,,0,0,0,0,0,0,0,,,,,,,
2211800,Cane Sword,Bloodflame,105013,70,0,0,0,0,0,0,1,,,,,,
2211400,Cane Sword,Death,108013,0,0,0,0,0,0,86,,,,,,,1
2210900,Cane Sword,Draconic,,0,0,0,0,0,0,0,,,,,,,
2210500,Cane Sword,Dragonkin,107513,0,86,0,0,0,0,0,,1,,,,,
2210700,Cane Sword,Flame,108500,0,0,0,0,0,0,0,,,,,,,
2211300,Cane Sword,Frenzy,6756,0,0,0,0,0,68,0,,,,,,1,
2211600,Cane Sword,Frost,107513,0,86,0,0,0,0,0,,1,,,,,
2210400,Cane Sword,Glint,,0,0,0,0,0,0,0,,,,,,,
2211500,Cane Sword,Godslayer,1620000,0,0,0,0,0,0,0,,,,,,,
2210800,Cane Sword,Golden,,0,0,0,0,0,0,0,,,,,,,
2210600,Cane Sword,Gravity,,0,0,0,0,0,0,0,,,,,,,
2210100,Cane Sword,Heavy,,0,0,0,0,0,0,0,,,,,,,
2210200,Cane Sword,Keen,,0,0,0,0,0,0,0,,,,,,,
2211200,Cane Sword,Lava,,0,0,0,0,0,0,0,,,,,,,
2212100,Cane Sword,Mystic,105563,0,0,0,0,81,0,0,,,,,1,,
2211100,Cane Sword,Night,,0,0,0,0,0,0,0,,,,,,,
2210300,Cane Sword,Quality,,0,0,0,0,0,0,0,,,,,,,
2211900,Cane Sword,Rotten,106013,0,0,81,0,0,0,0,,,1,,,,
2210000,Cane Sword,Standard,,0,0,0,0,0,0,0,,,,,,,
2212000,Cane Sword,Storm,,0,0,0,0,0,0,0,,,,,,,
31190000,Carian Knight's Shield,Standard,,0,0,0,0,0,0,0,,,,,,,
2180000,Carian Knight's Sword,Standard,,0,0,0,0,0,0,0,,,,,,,
2530000,Carian Sorcery Sword,Standard,5025300|20018694,0,0,0,0,0,0,0,,,,,,,
62510000,Carian Thrusting Shield,Standard,,0,0,0,0,0,0,0,,,,,,,
6030000,Carwyn's Épée,Standard,,0,0,0,0,0,0,0,,,,,,,
14060000,Celebrant's Cleaver,Standard,1620000|5140600|5010601,0,0,0,0,0,0,0,,,,,,,
16060000,Celebrant's Rib-Rake,Standard,6410|1620000|5160600|5010601,50,0,0,0,0,0,0,1,,,,,,
1060000,Celebrant's Sickle,Standard,1620000|5014000,0,0,0,0,0,0,0,,,,,,,
12130000,Celebrant's Skull,Standard,1620000|5121300|5010601,0,0,0,0,0,0,0,,,,,,,
3110000,Celestial Blade,Standard,,0,0,0,0,0,0,0,,,,,,,
13041700,Chainlink Flail,Aberrant,105168,91,0,0,0,0,0,0,1,,,,,,
13041000,Chainlink Flail,Bestial,6401,50,0,0,0,0,0,0,1,,,,,,
13041800,Chainlink Flail,Bloodflame,105168,91,0,0,0,0,0,0,1,,,,,,
13041400,Chainlink Flail,Death,6401|108015,50,0,0,0,0,0,89,1,,,,,,1
13040900,Chainlink Flail,Draconic,6401,50,0,0,0,0,0,0,1,,,,,,
13040500,Chainlink Flail,Dragonkin,6401|107515,50,89,0,0,0,0,0,1,1,,,,,
13040700,Chainlink Flail,Flame,6401|108500,50,0,0,0,0,0,0,1,,,,,,
13041300,Chainlink Flail,Frenzy,6401|6753,50,0,0,0,0,70,0,1,,,,,1,
13041600,Chainlink Flail,Frost,6401|107515,50,89,0,0,0,0,0,1,1,,,,,
13040400,Chainlink Flail,Glint,6401,50,0,0,0,0,0,0,1,,,,,,
13041500,Chainlink Flail,Godslayer,6401|1620000,50,0,0,0,0,0,0,1,,,,,,
13040800,Chainlink Flail,Golden,6401,50,0,0,0,0,0,0,1,,,,,,
13040600,Chainlink Flail,Gravity,6401,50,0,0,0,0,0,0,1,,,,,,
13040100,Chainlink Flail,Heavy,6401,50,0,0,0,0,0,0,1,,,,,,
13040200,Chainlink Flail,Keen,6401,50,0,0,0,0,0,0,1,,,,,,
13041200,Chainlink Flail,Lava,6401,50,0,0,0,0,0,0,1,,,,,,
13042100,Chainlink Flail,Mystic,6401|105515,50,0,0,0,83,0,0,1,,,,1,,
13041100,Chainlink Flail,Night,6401,50,0,0,0,0,0,0,1,,,,,,
13040300,Chainlink Flail,Quality,6401,50,0,0,0,0,0,0,1,,,,,,
13041900,Chainlink Flail,Rotten,6401|106015,50,0,83,0,0,0,0,1,,1,,,,
13040000,Chainlink Flail,Standard,6401,50,0,0,0,0,0,0,1,,,,,,
13042000,Chainlink Flail,Storm,6401,50,0,0,0,0,0,0,1,,,,,,
61510000,Chilling Perfume Bottle,Standard,6701,0,60,0,0,0,0,0,,1,,,,,
1110000,Cinquedea,Standard,5011000,0,0,0,0,0,0,0,,,,,,,
21130000,Cipher Pata,Standard,,0,0,0,0,0,0,0,,,,,,,
34040000,Clawmark Seal,Standard,,0,0,0,0,0,0,0,,,,,,,
22500000,Claws of Night,Standard,6400,45,0,0,0,0,0,0,1,,,,,,
16030000,Clayman's Harpoon,Standard,107513,0,86,0,0,0,0,0,,1,,,,,
3181700,Claymore,Aberrant,105111,82,0,0,0,0,0,0,1,,,,,,
3181000,Claymore,Bestial,,0,0,0,0,0,0,0,,,,,,,
3181800,Claymore,Bloodflame,105111,82,0,0,0,0,0,0,1,,,,,,
3181400,Claymore,Death,108111,0,0,0,0,0,0,100,,,,,,,1
3180900,Claymore,Draconic,,0,0,0,0,0,0,0,,,,,,,
3180500,Claymore,Dragonkin,107611,0,100,0,0,0,0,0,,1,,,,,
3180700,Claymore,Flame,108500,0,0,0,0,0,0,0,,,,,,,
3181300,Claymore,Frenzy,6754,0,0,0,0,0,75,0,,,,,,1,
3181600,Claymore,Frost,107611,0,100,0,0,0,0,0,,1,,,,,
3180400,Claymore,Glint,,0,0,0,0,0,0,0,,,,,,,
3181500,Claymore,Godslayer,1620000,0,0,0,0,0,0,0,,,,,,,
3180800,Claymore,Golden,,0,0,0,0,0,0,0,,,,,,,
3180600,Claymore,Gravity,,0,0,0,0,0,0,0,,,,,,,
3180100,Claymore,Heavy,,0,0,0,0,0,0,0,,,,,,,
3180200,Claymore,Keen,,0,0,0,0,0,0,0,,,,,,,
3181200,Claymore,Lava,,0,0,0,0,0,0,0,,,,,,,
3182100,Claymore,Mystic,105611,0,0,0,0,95,0,0,,,,,1,,
3181100,Claymore,Night,,0,0,0,0,0,0,0,,,,,,,
3180300,Claymore,Quality,,0,0,0,0,0,0,0,,,,,,,
3181900,Claymore,Rotten,106111,0,0,95,0,0,0,0,,,1,,,,
3180000,Claymore,Standard,,0,0,0,0,0,0,0,,,,,,,
3182000,Claymore,Storm,,0,0,0,0,0,0,0,,,,,,,
5011700,Cleanrot Knight's Sword,Aberrant,105013,70,0,0,0,0,0,0,1,,,,,,
5011000,Cleanrot Knight's Sword,Bestial,,0,0,0,0,0,0,0,,,,,,,
5011800,Cleanrot Knight's Sword,Bloodflame,105013,70,0,0,0,0,0,0,1,,,,,,
5011400,Cleanrot Knight's Sword,Death,108013,0,0,0,0,0,0,86,,,,,,,1
5010900,Cleanrot Knight's Sword,Draconic,,0,0,0,0,0,0,0,,,,,,,
5010500,Cleanrot Knight's Sword,Dragonkin,107513,0,86,0,0,0,0,0,,1,,,,,
5010700,Cleanrot Knight's Sword,Flame,108500,0,0,0,0,0,0,0,,,,,,,
5011300,Cleanrot Knight's Sword,Frenzy,6756,0,0,0,0,0,68,0,,,,,,1,
5011600,Cleanrot Knight's Sword,Frost,107513,0,86,0,0,0,0,0,,1,,,,,
5010400,Cleanrot Knight's Sword,Glint,,0,0,0,0,0,0,0,,,,,,,
5011500,Cleanrot Knight's Sword,Godslayer,1620000,0,0,0,0,0,0,0,,,,,,,
5010800,Cleanrot Knight's Sword,Golden,,0,0,0,0,0,0,0,,,,,,,
5010600,Cleanrot Knight's Sword,Gravity,,0,0,0,0,0,0,0,,,,,,,
5010100,Cleanrot Knight's Sword,Heavy,,0,0,0,0,0,0,0,,,,,,,
5010200,Cleanrot Knight's Sword,Keen,,0,0,0,0,0,0,0,,,,,,,
5011200,Cleanrot Knight's Sword,Lava,,0,0,0,0,0,0,0,,,,,,,
5012100,Cleanrot Knight's Sword,Mystic,105563,0,0,0,0,81,0,0,,,,,1,,
5011100,Cleanrot Knight's Sword,Night,,0,0,0,0,0,0,0,,,,,,,
5010300,Cleanrot Knight's Sword,Quality,,0,0,0,0,0,0,0,,,,,,,
5011900,Cleanrot Knight's Sword,Rotten,106013,0,0,81,0,0,0,0,,,1,,,,
5010000,Cleanrot Knight's Sword,Standard,,0,0,0,0,0,0,0,,,,,,,
5012000,Cleanrot Knight's Sword,Storm,,0,0,0,0,0,0,0,,,,,,,
16040000,Cleanrot Spear,Standard,5160400,0,0,0,0,0,0,0,,,,,,,
21110000,Clinging Bone,Standard,108011,0,0,0,0,0,0,83,,,,,,,1
11011700,Club,Aberrant,105015,72,0,0,0,0,0,0,1,,,,,,
11011000,Club,Bestial,,0,0,0,0,0,0,0,,,,,,,
11011800,Club,Bloodflame,105015,72,0,0,0,0,0,0,1,,,,,,
11011400,Club,Death,108015,0,0,0,0,0,0,89,,,,,,,1
11010900,Club,Draconic,,0,0,0,0,0,0,0,,,,,,,
11010500,Club,Dragonkin,107515,0,89,0,0,0,0,0,,1,,,,,
11010700,Club,Flame,108500,0,0,0,0,0,0,0,,,,,,,
11011300,Club,Frenzy,6753,0,0,0,0,0,70,0,,,,,,1,
11011600,Club,Frost,107515,0,89,0,0,0,0,0,,1,,,,,
11010400,Club,Glint,,0,0,0,0,0,0,0,,,,,,,
11011500,Club,Godslayer,1620000,0,0,0,0,0,0,0,,,,,,,
11010800,Club,Golden,,0,0,0,0,0,0,0,,,,,,,
11010600,Club,Gravity,,0,0,0,0,0,0,0,,,,,,,
11010100,Club,Heavy,,0,0,0,0,0,0,0,,,,,,,
11010200,Club,Keen,,0,0,0,0,0,0,0,,,,,,,
11011200,Club,Lava,,0,0,0,0,0,0,0,,,,,,,
11012100,Club,Mystic,105515,0,0,0,0,83,0,0,,,,,1,,
11011100,Club,Night,,0,0,0,0,0,0,0,,,,,,,
11010300,Club,Quality,,0,0,0,0,0,0,0,,,,,,,
11011900,Club,Rotten,106015,0,0,83,0,0,0,0,,,1,,,,
11010000,Club,Standard,,0,0,0,0,0,0,0,,,,,,,
11012000,Club,Storm,,0,0,0,0,0,0,0,,,,,,,
2110000,Coded Sword,Standard,,0,0,0,0,0,0,0,,,,,,,
30200000,Coil Shield,Standard,6502|5302000,0,0,72,0,0,0,0,,,1,,,,
18040000,Commander's Standard,Standard,,0,0,0,0,0,0,0,,,,,,,
40050000,Composite Bow,Standard,1940,0,0,0,0,0,0,0,,,,,,,
17090000,Cragsplitter,Standard,,0,0,0,0,0,0,0,,,,,,,
12170000,Cranial Vessel Candlestand,Standard,108500,0,0,0,0,0,0,0,,,,,,,
43110000,Crepus's Black-Key Crossbow,Standard,,0,0,0,0,0,0,0,,,,,,,
15031700,Crescent Moon Axe,Aberrant,105111,82,0,0,0,0,0,0,1,,,,,,
15031000,Crescent Moon Axe,Bestial,,0,0,0,0,0,0,0,,,,,,,
15031800,Crescent Moon Axe,Bloodflame,105111,82,0,0,0,0,0,0,1,,,,,,
15031400,Crescent Moon Axe,Death,108111,0,0,0,0,0,0,100,,,,,,,1
15030900,Crescent Moon Axe,Draconic,,0,0,0,0,0,0,0,,,,,,,
15030500,Crescent Moon Axe,Dragonkin,107611,0,100,0,0,0,0,0,,1,,,,,
15030700,Crescent Moon Axe,Flame,108500,0,0,0,0,0,0,0,,,,,,,
15031300,Crescent Moon Axe,Frenzy,6754,0,0,0,0,0,75,0,,,,,,1,
15031600,Crescent Moon Axe,Frost,107611,0,100,0,0,0,0,0,,1,,,,,
15030400,Crescent Moon Axe,Glint,,0,0,0,0,0,0,0,,,,,,,
15031500,Crescent Moon Axe,Godslayer,1620000,0,0,0,0,0,0,0,,,,,,,
15030800,Crescent Moon Axe,Golden,,0,0,0,0,0,0,0,,,,,,,
15030600,Crescent Moon Axe,Gravity,,0,0,0,0,0,0,0,,,,,,,
15030100,Crescent Moon Axe,Heavy,,0,0,0,0,0,0,0,,,,,,,
15030200,Crescent Moon Axe,Keen,,0,0,0,0,0,0,0,,,,,,,
15031200,Crescent Moon Axe,Lava,,0,0,0,0,0,0,0,,,,,,,
15032100,Crescent Moon Axe,Mystic,105611,0,0,0,0,95,0,0,,,,,1,,
15031100,Crescent Moon Axe,Night,,0,0,0,0,0,0,0,,,,,,,
15030300,Crescent Moon Axe,Quality,,0,0,0,0,0,0,0,,,,,,,
15031900,Crescent Moon Axe,Rotten,106111,0,0,95,0,0,0,0,,,1,,,,
15030000,Crescent Moon Axe,Standard,,0,0,0,0,0,0,0,,,,,,,
15032000,Crescent Moon Axe,Storm,,0,0,0,0,0,0,0,,,,,,,
64550000,Crescent Moons,Standard,107513,0,86,0,0,0,0,0,,1,,,,,
30300000,Crest of the Dragon Cult,Standard,5012000,0,0,0,0,0,0,0,,,,,,,
12040000,Crimson Briar-Bough,Standard,105262,100,0,0,0,0,0,0,1,,,,,,
16111700,Cross-Naginata,Aberrant,105168,91,0,0,0,0,0,0,1,,,,,,
16111000,Cross-Naginata,Bestial,6410,50,0,0,0,0,0,0,1,,,,,,
16111800,Cross-Naginata,Bloodflame,105168,91,0,0,0,0,0,0,1,,,,,,
16111400,Cross-Naginata,Death,6410|108013,50,0,0,0,0,0,86,1,,,,,,1
16110900,Cross-Naginata,Draconic,6410,50,0,0,0,0,0,0,1,,,,,,
16110500,Cross-Naginata,Dragonkin,6410|107513,50,86,0,0,0,0,0,1,1,,,,,
16110700,Cross-Naginata,Flame,6410|108500,50,0,0,0,0,0,0,1,,,,,,
16111300,Cross-Naginata,Frenzy,6410|6756,50,0,0,0,0,68,0,1,,,,,1,
16111600,Cross-Naginata,Frost,6410|107513,50,86,0,0,0,0,0,1,1,,,,,
16110400,Cross-Naginata,Glint,6410,50,0,0,0,0,0,0,1,,,,,,
16111500,Cross-Naginata,Godslayer,6410|1620000,50,0,0,0,0,0,0,1,,,,,,
16110800,Cross-Naginata,Golden,6410,50,0,0,0,0,0,0,1,,,,,,
16110600,Cross-Naginata,Gravity,6410,50,0,0,0,0,0,0,1,,,,,,
16110100,Cross-Naginata,Heavy,6410,50,0,0,0,0,0,0,1,,,,,,
16110200,Cross-Naginata,Keen,6410,50,0,0,0,0,0,0,1,,,,,,
16111200,Cross-Naginata,Lava,6410,50,0,0,0,0,0,0,1,,,,,,
16112100,Cross-Naginata,Mystic,6410|105563,50,0,0,0,81,0,0,1,,,,1,,
16111100,Cross-Naginata,Night,6410,50,0,0,0,0,0,0,1,,,,,,
16110300,Cross-Naginata,Quality,6410,50,0,0,0,0,0,0,1,,,,,,
16111900,Cross-Naginata,Rotten,6410|106013,50,0,81,0,0,0,0,1,,1,,,,
16110000,Cross-Naginata,Standard,6410,50,0,0,0,0,0,0,1,,,,,,
16112000,Cross-Naginata,Storm,6410,50,0,0,0,0,0,0,1,,,,,,
32200000,Crossed-Tree Towershield,Standard,,0,0,0,0,0,0,0,,,,,,,
32030000,Crucible Hornshield,Standard,,0,0,0,0,0,0,0,,,,,,,
16180000,Crucifix of Eochaid,Standard,105168,91,0,0,0,0,0,0,1,,,,,,
1050000,Crystal Knife,Standard,107511|5023000,0,83,0,0,0,0,0,,1,,,,,
16020000,Crystal Spear,Standard,,0,0,0,0,0,0,0,,,,,,,
2150000,Crystal Sword,Standard,,0,0,0,0,0,0,0,,,,,,,
23170000,Crystaline Claw,Standard,,0,0,0,0,0,0,0,,,,,,,
32250000,Cuckoo Greatshield,Standard,,0,0,0,0,0,0,0,,,,,,,
64520000,Curseblade's Cirque,Standard,105013,70,0,0,0,0,0,0,1,,,,,,
11031700,Curved Club,Aberrant,105015,72,0,0,0,0,0,0,1,,,,,,
11031000,Curved Club,Bestial,,0,0,0,0,0,0,0,,,,,,,
11031800,Curved Club,Bloodflame,105015,72,0,0,0,0,0,0,1,,,,,,
11031400,Curved Club,Death,108015,0,0,0,0,0,0,89,,,,,,,1
11030900,Curved Club,Draconic,,0,0,0,0,0,0,0,,,,,,,
11030500,Curved Club,Dragonkin,107515,0,89,0,0,0,0,0,,1,,,,,
11030700,Curved Club,Flame,108500,0,0,0,0,0,0,0,,,,,,,
11031300,Curved Club,Frenzy,6753,0,0,0,0,0,70,0,,,,,,1,
11031600,Curved Club,Frost,107515,0,89,0,0,0,0,0,,1,,,,,
11030400,Curved Club,Glint,,0,0,0,0,0,0,0,,,,,,,
11031500,Curved Club,Godslayer,1620000,0,0,0,0,0,0,0,,,,,,,
11030800,Curved Club,Golden,,0,0,0,0,0,0,0,,,,,,,
11030600,Curved Club,Gravity,,0,0,0,0,0,0,0,,,,,,,
11030100,Curved Club,Heavy,,0,0,0,0,0,0,0,,,,,,,
11030200,Curved Club,Keen,,0,0,0,0,0,0,0,,,,,,,
11031200,Curved Club,Lava,,0,0,0,0,0,0,0,,,,,,,
11032100,Curved Club,Mystic,105515,0,0,0,0,83,0,0,,,,,1,,
11031100,Curved Club,Night,,0,0,0,0,0,0,0,,,,,,,
11030300,Curved Club,Quality,,0,0,0,0,0,0,0,,,,,,,
11031900,Curved Club,Rotten,106015,0,0,83,0,0,0,0,,,1,,,,
11030000,Curved Club,Standard,,0,0,0,0,0,0,0,,,,,,,
11032000,Curved Club,Storm,,0,0,0,0,0,0,0,,,,,,,
12081700,Curved Great Club,Aberrant,105111,82,0,0,0,0,0,0,1,,,,,,
12081000,Curved Great Club,Bestial,,0,0,0,0,0,0,0,,,,,,,
12081800,Curved Great Club,Bloodflame,105111,82,0,0,0,0,0,0,1,,,,,,
12081400,Curved Great Club,Death,108111,0,0,0,0,0,0,100,,,,,,,1
12080900,Curved Great Club,Draconic,,0,0,0,0,0,0,0,,,,,,,
12080500,Curved Great Club,Dragonkin,107611,0,100,0,0,0,0,0,,1,,,,,
12080700,Curved Great Club,Flame,108500,0,0,0,0,0,0,0,,,,,,,
12081300,Curved Great Club,Frenzy,6754,0,0,0,0,0,75,0,,,,,,1,
12081600,Curved Great Club,Frost,107611,0,100,0,0,0,0,0,,1,,,,,
12080400,Curved Great Club,Glint,,0,0,0,0,0,0,0,,,,,,,
12081500,Curved Great Club,Godslayer,1620000,0,0,0,0,0,0,0,,,,,,,
12080800,Curved Great Club,Golden,,0,0,0,0,0,0,0,,,,,,,
12080600,Curved Great Club,Gravity,,0,0,0,0,0,0,0,,,,,,,
12080100,Curved Great Club,Heavy,,0,0,0,0,0,0,0,,,,,,,
12080200,Curved Great Club,Keen,,0,0,0,0,0,0,0,,,,,,,
12081200,Curved Great Club,Lava,,0,0,0,0,0,0,0,,,,,,,
12082100,Curved Great Club,Mystic,105611,0,0,0,0,95,0,0,,,,,1,,
12081100,Curved Great Club,Night,,0,0,0,0,0,0,0,,,,,,,
12080300,Curved Great Club,Quality,,0,0,0,0,0,0,0,,,,,,,
12081900,Curved Great Club,Rotten,106111,0,0,95,0,0,0,0,,,1,,,,
12080000,Curved Great Club,Standard,,0,0,0,0,0,0,0,,,,,,,
12082000,Curved Great Club,Storm,,0,0,0,0,0,0,0,,,,,,,
21020000,Daergraf's Opus,Standard,107511,0,83,0,0,0,0,0,,1,,,,,
1001700,Dagger,Aberrant,105011,68,0,0,0,0,0,0,1,,,,,,
1001000,Dagger,Bestial,,0,0,0,0,0,0,0,,,,,,,
1001800,Dagger,Bloodflame,105011,68,0,0,0,0,0,0,1,,,,,,
1001400,Dagger,Death,108011,0,0,0,0,0,0,83,,,,,,,1
1000900,Dagger,Draconic,,0,0,0,0,0,0,0,,,,,,,
1000500,Dagger,Dragonkin,107511,0,83,0,0,0,0,0,,1,,,,,
1000700,Dagger,Flame,108500,0,0,0,0,0,0,0,,,,,,,
1001300,Dagger,Frenzy,6752,0,0,0,0,0,65,0,,,,,,1,
1001600,Dagger,Frost,107511,0,83,0,0,0,0,0,,1,,,,,
1000400,Dagger,Glint,,0,0,0,0,0,0,0,,,,,,,
1001500,Dagger,Godslayer,1620000,0,0,0,0,0,0,0,,,,,,,
1000800,Dagger,Golden,,0,0,0,0,0,0,0,,,,,,,
1000600,Dagger,Gravity,,0,0,0,0,0,0,0,,,,,,,
1000100,Dagger,Heavy,,0,0,0,0,0,0,0,,,,,,,
1000200,Dagger,Keen,,0,0,0,0,0,0,0,,,,,,,
1001200,Dagger,Lava,,0,0,0,0,0,0,0,,,,,,,
1002100,Dagger,Mystic,105561,0,0,0,0,79,0,0,,,,,1,,
1001100,Dagger,Night,,0,0,0,0,0,0,0,,,,,,,
1000300,Dagger,Quality,,0,0,0,0,0,0,0,,,,,,,
1001900,Dagger,Rotten,106011,0,0,79,0,0,0,0,,,1,,,,
1000000,Dagger,Standard,,0,0,0,0,0,0,0,,,,,,,
1002000,Dagger,Storm,,0,0,0,0,0,0,0,,,,,,,
7520000,Dancing Blade of Ranah,Standard,,0,0,0,0,0,0,0,,,,,,,
60511700,Dane's Footwork,Aberrant,105011,68,0,0,0,0,0,0,1,,,,,,
60511000,Dane's Footwork,Bestial,,0,0,0,0,0,0,0,,,,,,,
60511800,Dane's Footwork,Bloodflame,105011,68,0,0,0,0,0,0,1,,,,,,
60511400,Dane's Footwork,Death,108011,0,0,0,0,0,0,83,,,,,,,1
60510900,Dane's Footwork,Draconic,,0,0,0,0,0,0,0,,,,,,,
60510500,Dane's Footwork,Dragonkin,107511,0,83,0,0,0,0,0,,1,,,,,
60510700,Dane's Footwork,Flame,108500,0,0,0,0,0,0,0,,,,,,,
60511300,Dane's Footwork,Frenzy,6752,0,0,0,0,0,65,0,,,,,,1,
60511600,Dane's Footwork,Frost,107511,0,83,0,0,0,0,0,,1,,,,,
60510400,Dane's Footwork,Glint,,0,0,0,0,0,0,0,,,,,,,
60511500,Dane's Footwork,Godslayer,1620000,0,0,0,0,0,0,0,,,,,,,
60510800,Dane's Footwork,Golden,,0,0,0,0,0,0,0,,,,,,,
60510600,Dane's Footwork,Gravity,,0,0,0,0,0,0,0,,,,,,,
60510100,Dane's Footwork,Heavy,,0,0,0,0,0,0,0,,,,,,,
60510200,Dane's Footwork,Keen,,0,0,0,0,0,0,0,,,,,,,
60511200,Dane's Footwork,Lava,,0,0,0,0,0,0,0,,,,,,,
60512100,Dane's Footwork,Mystic,105561,0,0,0,0,79,0,0,,,,,1,,
60511100,Dane's Footwork,Night,,0,0,0,0,0,0,0,,,,,,,
60510300,Dane's Footwork,Quality,,0,0,0,0,0,0,0,,,,,,,
60511900,Dane's Footwork,Rotten,106011,0,0,79,0,0,0,0,,,1,,,,
60510000,Dane's Footwork,Standard,,0,0,0,0,0,0,0,,,,,,,
60512000,Dane's Footwork,Storm,,0,0,0,0,0,0,0,,,,,,,
3090000,Dark Moon Greatsword,Standard,107611,0,100,0,0,0,0,0,,1,,,,,
61540000,Deadly Poison Perfume Bottle,Standard,6511,0,0,66,0,0,0,0,,,1,,,,
15500000,Death Knight's Longhaft Axe,Standard,108111,0,0,0,0,0,0,100,,,,,,,1
14510000,Death Knight's Twin Axes,Standard,108015,0,0,0,0,0,0,89,,,,,,,1
16120000,Death Ritual Spear,Standard,107513,0,86,0,0,0,0,0,,1,,,,,
3200000,Death's Poker,Standard,107611,0,100,0,0,0,0,0,,1,,,,,
1180000,Deathrite Dagger,Standard,108011,0,0,0,0,0,0,83,,,,,,,1
8531700,Demi-Dragon Cleaver,Aberrant,105125,100,0,0,0,0,0,0,1,,,,,,
8531000,Demi-Dragon Cleaver,Bestial,6402,55,0,0,0,0,0,0,1,,,,,,
8531800,Demi-Dragon Cleaver,Bloodflame,105125,100,0,0,0,0,0,0,1,,,,,,
8531400,Demi-Dragon Cleaver,Death,6402|108111,55,0,0,0,0,0,100,1,,,,,,1
8530900,Demi-Dragon Cleaver,Draconic,6402,55,0,0,0,0,0,0,1,,,,,,
8530500,Demi-Dragon Cleaver,Dragonkin,6402|107611,55,100,0,0,0,0,0,1,1,,,,,
8530700,Demi-Dragon Cleaver,Flame,6402|108500,55,0,0,0,0,0,0,1,,,,,,
8531300,Demi-Dragon Cleaver,Frenzy,6402|6754,55,0,0,0,0,75,0,1,,,,,1,
8531600,Demi-Dragon Cleaver,Frost,6402|107611,55,100,0,0,0,0,0,1,1,,,,,
8530400,Demi-Dragon Cleaver,Glint,6402,55,0,0,0,0,0,0,1,,,,,,
8531500,Demi-Dragon Cleaver,Godslayer,6402|1620000,55,0,0,0,0,0,0,1,,,,,,
8530800,Demi-Dragon Cleaver,Golden,6402,55,0,0,0,0,0,0,1,,,,,,
8530600,Demi-Dragon Cleaver,Gravity,6402,55,0,0,0,0,0,0,1,,,,,,
8530100,Demi-Dragon Cleaver,Heavy,6402,55,0,0,0,0,0,0,1,,,,,,
8530200,Demi-Dragon Cleaver,Keen,6402,55,0,0,0,0,0,0,1,,,,,,
8531200,Demi-Dragon Cleaver,Lava,6402,55,0,0,0,0,0,0,1,,,,,,
8532100,Demi-Dragon Cleaver,Mystic,6402|105611,55,0,0,0,95,0,0,1,,,,1,,
8531100,Demi-Dragon Cleaver,Night,6402,55,0,0,0,0,0,0,1,,,,,,
8530300,Demi-Dragon Cleaver,Quality,6402,55,0,0,0,0,0,0,1,,,,,,
8531900,Demi-Dragon Cleaver,Rotten,6402|106111,55,0,95,0,0,0,0,1,,1,,,,
8530000,Demi-Dragon Cleaver,Standard,6402,55,0,0,0,0,0,0,1,,,,,,
8532000,Demi-Dragon Cleaver,Storm,6402,55,0,0,0,0,0,0,1,,,,,,
33060000,Demi-Human Queen's Staff,Standard,,0,0,0,0,0,0,0,,,,,,,
23500000,Devonia's Hammer,Standard,,0,0,0,0,0,0,0,,,,,,,
41090000,Devonia's Longbow,Standard,1940,0,0,0,0,0,0,0,,,,,,,
12200000,Devourer's Scepter,Standard,,0,0,0,0,0,0,0,,,,,,,
33120000,Digger's Staff,Standard,,0,0,0,0,0,0,0,,,,,,,
8021700,Dismounter,Aberrant,105111,82,0,0,0,0,0,0,1,,,,,,
8021000,Dismounter,Bestial,,0,0,0,0,0,0,0,,,,,,,
8021800,Dismounter,Bloodflame,105111,82,0,0,0,0,0,0,1,,,,,,
8021400,Dismounter,Death,108111,0,0,0,0,0,0,100,,,,,,,1
8020900,Dismounter,Draconic,,0,0,0,0,0,0,0,,,,,,,
8020500,Dismounter,Dragonkin,107611,0,100,0,0,0,0,0,,1,,,,,
8020700,Dismounter,Flame,108500,0,0,0,0,0,0,0,,,,,,,
8021300,Dismounter,Frenzy,6754,0,0,0,0,0,75,0,,,,,,1,
8021600,Dismounter,Frost,107611,0,100,0,0,0,0,0,,1,,,,,
8020400,Dismounter,Glint,,0,0,0,0,0,0,0,,,,,,,
8021500,Dismounter,Godslayer,1620000,0,0,0,0,0,0,0,,,,,,,
8020800,Dismounter,Golden,,0,0,0,0,0,0,0,,,,,,,
8020600,Dismounter,Gravity,,0,0,0,0,0,0,0,,,,,,,
8020100,Dismounter,Heavy,,0,0,0,0,0,0,0,,,,,,,
8020200,Dismounter,Keen,,0,0,0,0,0,0,0,,,,,,,
8021200,Dismounter,Lava,,0,0,0,0,0,0,0,,,,,,,
8022100,Dismounter,Mystic,105611,0,0,0,0,95,0,0,,,,,1,,
8021100,Dismounter,Night,,0,0,0,0,0,0,0,,,,,,,
8020300,Dismounter,Quality,,0,0,0,0,0,0,0,,,,,,,
8021900,Dismounter,Rotten,106111,0,0,95,0,0,0,0,,,1,,,,
8020000,Dismounter,Standard,,0,0,0,0,0,0,0,,,,,,,
8022000,Dismounter,Storm,,0,0,0,0,0,0,0,,,,,,,
32020000,Distinguished Greatshield,Standard,,0,0,0,0,0,0,0,,,,,,,
34120000,Dragon Cult Seal,Standard,,0,0,0,0,0,0,0,,,,,,,
1200000,Dragon Cult Twin Daggers (dagger),Standard,108011,0,0,0,0,0,0,83,,,,,,,1
23060000,Dragon Greatclaw,Standard,,0,0,0,0,0,0,0,,,,,,,
18140000,Dragon Halberd,Standard,107611,0,100,0,0,0,0,0,,1,,,,,
6040000,Dragon King's Cragblade,Standard,,0,0,0,0,0,0,0,,,,,,,
32000000,Dragon Towershield,Standard,,0,0,0,0,0,0,0,,,,,,,
66510000,Dragon-Hunter's Great Katana,Standard,6402,55,0,0,0,0,0,0,1,,,,,,
32040000,Dragonclaw Shield,Standard,,0,0,0,0,0,0,0,,,,,,,
33290000,Dragonkin Scepter,Standard,,0,0,0,0,0,0,0,,,,,,,
2250000,Dragonkin Seeker Sword,Standard,107513,0,86,0,0,0,0,0,,1,,,,,
9070000,Dragonscale Blade,Standard,107513|6410,50,86,0,0,0,0,0,1,1,,,,,
60501700,Dryleaf Arts,Aberrant,105011,68,0,0,0,0,0,0,1,,,,,,
60501000,Dryleaf Arts,Bestial,,0,0,0,0,0,0,0,,,,,,,
60501800,Dryleaf Arts,Bloodflame,105011,68,0,0,0,0,0,0,1,,,,,,
60501400,Dryleaf Arts,Death,108011,0,0,0,0,0,0,83,,,,,,,1
60500900,Dryleaf Arts,Draconic,,0,0,0,0,0,0,0,,,,,,,
60500500,Dryleaf Arts,Dragonkin,107511,0,83,0,0,0,0,0,,1,,,,,
60500700,Dryleaf Arts,Flame,108500,0,0,0,0,0,0,0,,,,,,,
60501300,Dryleaf Arts,Frenzy,6752,0,0,0,0,0,65,0,,,,,,1,
60501600,Dryleaf Arts,Frost,107511,0,83,0,0,0,0,0,,1,,,,,
60500400,Dryleaf Arts,Glint,,0,0,0,0,0,0,0,,,,,,,
60501500,Dryleaf Arts,Godslayer,1620000,0,0,0,0,0,0,0,,,,,,,
60500800,Dryleaf Arts,Golden,,0,0,0,0,0,0,0,,,,,,,
60500600,Dryleaf Arts,Gravity,,0,0,0,0,0,0,0,,,,,,,
60500100,Dryleaf Arts,Heavy,,0,0,0,0,0,0,0,,,,,,,
60500200,Dryleaf Arts,Keen,,0,0,0,0,0,0,0,,,,,,,
60501200,Dryleaf Arts,Lava,,0,0,0,0,0,0,0,,,,,,,
60502100,Dryleaf Arts,Mystic,105561,0,0,0,0,79,0,0,,,,,1,,
60501100,Dryleaf Arts,Night,,0,0,0,0,0,0,0,,,,,,,
60500300,Dryleaf Arts,Quality,,0,0,0,0,0,0,0,,,,,,,
60501900,Dryleaf Arts,Rotten,106011,0,0,79,0,0,0,0,,,1,,,,
60500000,Dryleaf Arts,Standard,,0,0,0,0,0,0,0,,,,,,,
60502000,Dryleaf Arts,Storm,,0,0,0,0,0,0,0,,,,,,,
62501700,Dueling Shield,Aberrant,105111,82,0,0,0,0,0,0,1,,,,,,
62501000,Dueling Shield,Bestial,,0,0,0,0,0,0,0,,,,,,,
62501800,Dueling Shield,Bloodflame,105111,82,0,0,0,0,0,0,1,,,,,,
62501400,Dueling Shield,Death,108111,0,0,0,0,0,0,100,,,,,,,1
62500900,Dueling Shield,Draconic,,0,0,0,0,0,0,0,,,,,,,
62500500,Dueling Shield,Dragonkin,107611,0,100,0,0,0,0,0,,1,,,,,
62500700,Dueling Shield,Flame,108500,0,0,0,0,0,0,0,,,,,,,
62501300,Dueling Shield,Frenzy,6754,0,0,0,0,0,75,0,,,,,,1,
62501600,Dueling Shield,Frost,107611,0,100,0,0,0,0,0,,1,,,,,
62500400,Dueling Shield,Glint,,0,0,0,0,0,0,0,,,,,,,
62501500,Dueling Shield,Godslayer,1620000,0,0,0,0,0,0,0,,,,,,,
62500800,Dueling Shield,Golden,,0,0,0,0,0,0,0,,,,,,,
62500600,Dueling Shield,Gravity,,0,0,0,0,0,0,0,,,,,,,
62500100,Dueling Shield,Heavy,,0,0,0,0,0,0,0,,,,,,,
62500200,Dueling Shield,Keen,,0,0,0,0,0,0,0,,,,,,,
62501200,Dueling Shield,Lava,,0,0,0,0,0,0,0,,,,,,,
62502100,Dueling Shield,Mystic,105611,0,0,0,0,95,0,0,,,,,1,,
62501100,Dueling Shield,Night,,0,0,0,0,0,0,0,,,,,,,
62500300,Dueling Shield,Quality,,0,0,0,0,0,0,0,,,,,,,
62501900,Dueling Shield,Rotten,106111,0,0,95,0,0,0,0,,,1,,,,
62500000,Dueling Shield,Standard,,0,0,0,0,0,0,0,,,,,,,
62502000,Dueling Shield,Storm,,0,0,0,0,0,0,0,,,,,,,
23041700,Duelist Greataxe,Aberrant,105265,105,0,0,0,0,0,0,1,,,,,,
23041000,Duelist Greataxe,Bestial,,0,0,0,0,0,0,0,,,,,,,
23041800,Duelist Greataxe,Bloodflame,105265,105,0,0,0,0,0,0,1,,,,,,
23041400,Duelist Greataxe,Death,108215,0,0,0,0,0,0,130,,,,,,,1
23040900,Duelist Greataxe,Draconic,,0,0,0,0,0,0,0,,,,,,,
23040500,Duelist Greataxe,Dragonkin,107715,0,130,0,0,0,0,0,,1,,,,,
23040700,Duelist Greataxe,Flame,108500,0,0,0,0,0,0,0,,,,,,,
23041300,Duelist Greataxe,Frenzy,6758,0,0,0,0,0,90,0,,,,,,1,
23041600,Duelist Greataxe,Frost,107715,0,130,0,0,0,0,0,,1,,,,,
23040400,Duelist Greataxe,Glint,,0,0,0,0,0,0,0,,,,,,,
23041500,Duelist Greataxe,Godslayer,1620000,0,0,0,0,0,0,0,,,,,,,
23040800,Duelist Greataxe,Golden,,0,0,0,0,0,0,0,,,,,,,
23040600,Duelist Greataxe,Gravity,,0,0,0,0,0,0,0,,,,,,,
23040100,Duelist Greataxe,Heavy,,0,0,0,0,0,0,0,,,,,,,
23040200,Duelist Greataxe,Keen,,0,0,0,0,0,0,0,,,,,,,
23041200,Duelist Greataxe,Lava,,0,0,0,0,0,0,0,,,,,,,
23042100,Duelist Greataxe,Mystic,105715,0,0,0,0,121,0,0,,,,,1,,
23041100,Duelist Greataxe,Night,,0,0,0,0,0,0,0,,,,,,,
23040300,Duelist Greataxe,Quality,,0,0,0,0,0,0,0,,,,,,,
23041900,Duelist Greataxe,Rotten,106215,0,0,121,0,0,0,0,,,1,,,,
23040000,Duelist Greataxe,Standard,,0,0,0,0,0,0,0,,,,,,,
23042000,Duelist Greataxe,Storm,,0,0,0,0,0,0,0,,,,,,,
3240000,Dyru's Greatsword,Standard,,0,0,0,0,0,0,0,,,,,,,
66530000,Eagle's Edge,Standard,6402,55,0,0,0,0,0,0,1,,,,,,
34130000,Earthbreaker Seal,Standard,,0,0,0,0,0,0,0,,,,,,,
32240000,Eclipse Crest Greatshield,Standard,5322400,0,0,0,0,0,0,0,,,,,,,
31310000,Eclipse Crest Heater Shield,Standard,,0,0,0,0,0,0,0,,,,,,,
7100000,Eclipse Shotel,Standard,108013,0,0,0,0,0,0,86,,,,,,,1
12090000,Einar's Hammer,Standard,107715,0,130,0,0,0,0,0,,1,,,,,
10050000,Eleonora's Poleblade,Standard,105013,70,0,0,0,0,0,0,1,,,,,,
22050000,Emyr's Great Talons,Standard,6400,45,0,0,0,0,0,0,1,,,,,,
23030000,Envoy's Greathorn,Standard,,0,0,0,0,0,0,0,,,,,,,
11100000,Envoy's Horn,Standard,,0,0,0,0,0,0,0,,,,,,,
12160000,Envoy's Long Horn,Standard,,0,0,0,0,0,0,0,,,,,,,
1150000,Erdsteel Dagger,Standard,5021000,0,0,0,0,0,0,0,,,,,,,
41030000,Erdtree Bow,Standard,1940,0,0,0,0,0,0,0,,,,,,,
42030000,Erdtree Greatbow,Standard,,0,0,0,0,0,0,0,,,,,,,
32080000,Erdtree Greatshield,Standard,,0,0,0,0,0,0,0,,,,,,,
5001700,Estoc,Aberrant,105013,70,0,0,0,0,0,0,1,,,,,,
5001000,Estoc,Bestial,,0,0,0,0,0,0,0,,,,,,,
5001800,Estoc,Bloodflame,105013,70,0,0,0,0,0,0,1,,,,,,
5001400,Estoc,Death,108013,0,0,0,0,0,0,86,,,,,,,1
5000900,Estoc,Draconic,,0,0,0,0,0,0,0,,,,,,,
5000500,Estoc,Dragonkin,107513,0,86,0,0,0,0,0,,1,,,,,
5000700,Estoc,Flame,108500,0,0,0,0,0,0,0,,,,,,,
5001300,Estoc,Frenzy,6756,0,0,0,0,0,68,0,,,,,,1,
5001600,Estoc,Frost,107513,0,86,0,0,0,0,0,,1,,,,,
5000400,Estoc,Glint,,0,0,0,0,0,0,0,,,,,,,
5001500,Estoc,Godslayer,1620000,0,0,0,0,0,0,0,,,,,,,
5000800,Estoc,Golden,,0,0,0,0,0,0,0,,,,,,,
5000600,Estoc,Gravity,,0,0,0,0,0,0,0,,,,,,,
5000100,Estoc,Heavy,,0,0,0,0,0,0,0,,,,,,,
5000200,Estoc,Keen,,0,0,0,0,0,0,0,,,,,,,
5001200,Estoc,Lava,,0,0,0,0,0,0,0,,,,,,,
5002100,Estoc,Mystic,105563,0,0,0,0,81,0,0,,,,,1,,
5001100,Estoc,Night,,0,0,0,0,0,0,0,,,,,,,
5000300,Estoc,Quality,,0,0,0,0,0,0,0,,,,,,,
5001900,Estoc,Rotten,106013,0,0,81,0,0,0,0,,,1,,,,
5000000,Estoc,Standard,,0,0,0,0,0,0,0,,,,,,,
5002000,Estoc,Storm,,0,0,0,0,0,0,0,,,,,,,
10500000,Euporia,Standard,19870|19871,0,0,0,0,0,0,0,,,,,,,
15081700,Executioner's Greataxe,Aberrant,105111,82,0,0,0,0,0,0,1,,,,,,
15081000,Executioner's Greataxe,Bestial,,0,0,0,0,0,0,0,,,,,,,
15081800,Executioner's Greataxe,Bloodflame,105111,82,0,0,0,0,0,0,1,,,,,,
15081400,Executioner's Greataxe,Death,108111,0,0,0,0,0,0,100,,,,,,,1
15080900,Executioner's Greataxe,Draconic,,0,0,0,0,0,0,0,,,,,,,
15080500,Executioner's Greataxe,Dragonkin,107611,0,100,0,0,0,0,0,,1,,,,,
15080700,Executioner's Greataxe,Flame,108500,0,0,0,0,0,0,0,,,,,,,
15081300,Executioner's Greataxe,Frenzy,6754,0,0,0,0,0,75,0,,,,,,1,
15081600,Executioner's Greataxe,Frost,107611,0,100,0,0,0,0,0,,1,,,,,
15080400,Executioner's Greataxe,Glint,,0,0,0,0,0,0,0,,,,,,,
15081500,Executioner's Greataxe,Godslayer,1620000,0,0,0,0,0,0,0,,,,,,,
15080800,Executioner's Greataxe,Golden,,0,0,0,0,0,0,0,,,,,,,
15080600,Executioner's Greataxe,Gravity,,0,0,0,0,0,0,0,,,,,,,
15080100,Executioner's Greataxe,Heavy,,0,0,0,0,0,0,0,,,,,,,
15080200,Executioner's Greataxe,Keen,,0,0,0,0,0,0,0,,,,,,,
15081200,Executioner's Greataxe,Lava,,0,0,0,0,0,0,0,,,,,,,
15082100,Executioner's Greataxe,Mystic,105611,0,0,0,0,95,0,0,,,,,1,,
15081100,Executioner's Greataxe,Night,,0,0,0,0,0,0,0,,,,,,,
15080300,Executioner's Greataxe,Quality,,0,0,0,0,0,0,0,,,,,,,
15081900,Executioner's Greataxe,Rotten,106111,0,0,95,0,0,0,0,,,1,,,,
15080000,Executioner's Greataxe,Standard,,0,0,0,0,0,0,0,,,,,,,
15082000,Executioner's Greataxe,Storm,,0,0,0,0,0,0,0,,,,,,,
7001700,Falchion,Aberrant,105013,70,0,0,0,0,0,0,1,,,,,,
7001000,Falchion,Bestial,,0,0,0,0,0,0,0,,,,,,,
7001800,Falchion,Bloodflame,105013,70,0,0,0,0,0,0,1,,,,,,
7001400,Falchion,Death,108013,0,0,0,0,0,0,86,,,,,,,1
7000900,Falchion,Draconic,,0,0,0,0,0,0,0,,,,,,,
7000500,Falchion,Dragonkin,107513,0,86,0,0,0,0,0,,1,,,,,
7000700,Falchion,Flame,108500,0,0,0,0,0,0,0,,,,,,,
7001300,Falchion,Frenzy,6756,0,0,0,0,0,68,0,,,,,,1,
7001600,Falchion,Frost,107513,0,86,0,0,0,0,0,,1,,,,,
7000400,Falchion,Glint,,0,0,0,0,0,0,0,,,,,,,
7001500,Falchion,Godslayer,1620000,0,0,0,0,0,0,0,,,,,,,
7000800,Falchion,Golden,,0,0,0,0,0,0,0,,,,,,,
7000600,Falchion,Gravity,,0,0,0,0,0,0,0,,,,,,,
7000100,Falchion,Heavy,,0,0,0,0,0,0,0,,,,,,,
7000200,Falchion,Keen,,0,0,0,0,0,0,0,,,,,,,
7001200,Falchion,Lava,,0,0,0,0,0,0,0,,,,,,,
7002100,Falchion,Mystic,105563,0,0,0,0,81,0,0,,,,,1,,
7001100,Falchion,Night,,0,0,0,0,0,0,0,,,,,,,
7000300,Falchion,Quality,,0,0,0,0,0,0,0,,,,,,,
7001900,Falchion,Rotten,106013,0,0,81,0,0,0,0,,,1,,,,
7000000,Falchion,Standard,,0,0,0,0,0,0,0,,,,,,,
7002000,Falchion,Storm,,0,0,0,0,0,0,0,,,,,,,
23080000,Fallingstar Beast Jaw,Standard,,0,0,0,0,0,0,0,,,,,,,
7510000,Falx,Standard,105013,70,0,0,0,0,0,0,1,,,,,,
13020000,Family Heads,Standard,107515,0,89,0,0,0,0,0,,1,,,,,
34000000,Finger Seal,Standard,,0,0,0,0,0,0,0,,,,,,,
4140000,Fingerprint Hexmark [Frenzy],Standard,6757,0,0,0,0,0,87,0,,,,,,1,
34140000,Fingerprint Seal,Standard,,0,0,0,0,0,0,0,,,,,,,
32130000,Fingerprint Stone Shield,Standard,6753,0,0,0,0,0,70,0,,,,,,1,
64530000,Fingerslayer blade,Standard,,0,0,0,0,0,0,0,,,,,,,
4520000,Fire Knight's Greatsword,Standard,108500,0,0,0,0,0,0,0,,,,,,,
1510000,Fire Knight's Shortsword,Standard,108500,0,0,0,0,0,0,0,,,,,,,
34110000,Fire Monk's Seal,Standard,,0,0,0,0,0,0,0,,,,,,,
61500000,Firespark Perfume Bottle,Standard,,0,0,0,0,0,0,0,,,,,,,
13011700,Flail,Aberrant,105168,91,0,0,0,0,0,0,1,,,,,,
13011000,Flail,Bestial,6401,50,0,0,0,0,0,0,1,,,,,,
13011800,Flail,Bloodflame,105168,91,0,0,0,0,0,0,1,,,,,,
13011400,Flail,Death,6401|108015,50,0,0,0,0,0,89,1,,,,,,1
13010900,Flail,Draconic,6401,50,0,0,0,0,0,0,1,,,,,,
13010500,Flail,Dragonkin,6401|107515,50,89,0,0,0,0,0,1,1,,,,,
13010700,Flail,Flame,6401|108500,50,0,0,0,0,0,0,1,,,,,,
13011300,Flail,Frenzy,6401|6753,50,0,0,0,0,70,0,1,,,,,1,
13011600,Flail,Frost,6401|107515,50,89,0,0,0,0,0,1,1,,,,,
13010400,Flail,Glint,6401,50,0,0,0,0,0,0,1,,,,,,
13011500,Flail,Godslayer,6401|1620000,50,0,0,0,0,0,0,1,,,,,,
13010800,Flail,Golden,6401,50,0,0,0,0,0,0,1,,,,,,
13010600,Flail,Gravity,6401,50,0,0,0,0,0,0,1,,,,,,
13010100,Flail,Heavy,6401,50,0,0,0,0,0,0,1,,,,,,
13010200,Flail,Keen,6401,50,0,0,0,0,0,0,1,,,,,,
13011200,Flail,Lava,6401,50,0,0,0,0,0,0,1,,,,,,
13012100,Flail,Mystic,6401|105515,50,0,0,0,83,0,0,1,,,,1,,
13011100,Flail,Night,6401,50,0,0,0,0,0,0,1,,,,,,
13010300,Flail,Quality,6401,50,0,0,0,0,0,0,1,,,,,,
13011900,Flail,Rotten,6401|106015,50,0,83,0,0,0,0,1,,1,,,,
13010000,Flail,Standard,6401,50,0,0,0,0,0,0,1,,,,,,
13012000,Flail,Storm,6401,50,0,0,0,0,0,0,1,,,,,,
3051700,Flamberge,Aberrant,105200,83,0,0,0,0,0,0,1,,,,,,
3051000,Flamberge,Bestial,6402,55,0,0,0,0,0,0,1,,,,,,
3051800,Flamberge,Bloodflame,105200,83,0,0,0,0,0,0,1,,,,,,
3051400,Flamberge,Death,6402|108111,55,0,0,0,0,0,100,1,,,,,,1
3050900,Flamberge,Draconic,6402,55,0,0,0,0,0,0,1,,,,,,
3050500,Flamberge,Dragonkin,6402|107611,55,100,0,0,0,0,0,1,1,,,,,
3050700,Flamberge,Flame,6402|108500,55,0,0,0,0,0,0,1,,,,,,
3051300,Flamberge,Frenzy,6402|6754,55,0,0,0,0,75,0,1,,,,,1,
3051600,Flamberge,Frost,6402|107611,55,100,0,0,0,0,0,1,1,,,,,
3050400,Flamberge,Glint,6402,55,0,0,0,0,0,0,1,,,,,,
3051500,Flamberge,Godslayer,6402|1620000,55,0,0,0,0,0,0,1,,,,,,
3050800,Flamberge,Golden,6402,55,0,0,0,0,0,0,1,,,,,,
3050600,Flamberge,Gravity,6402,55,0,0,0,0,0,0,1,,,,,,
3050100,Flamberge,Heavy,6402,55,0,0,0,0,0,0,1,,,,,,
3050200,Flamberge,Keen,6402,55,0,0,0,0,0,0,1,,,,,,
3051200,Flamberge,Lava,6402,55,0,0,0,0,0,0,1,,,,,,
3052100,Flamberge,Mystic,6402|105611,55,0,0,0,95,0,0,1,,,,1,,
3051100,Flamberge,Night,6402,55,0,0,0,0,0,0,1,,,,,,
3050300,Flamberge,Quality,6402,55,0,0,0,0,0,0,1,,,,,,
3051900,Flamberge,Rotten,6402|106111,55,0,95,0,0,0,0,1,,1,,,,
3050000,Flamberge,Standard,6402,55,0,0,0,0,0,0,1,,,,,,
3052000,Flamberge,Storm,6402,55,0,0,0,0,0,0,1,,,,,,
31260000,Flame Crest Wooden Shield,Standard,,0,0,0,0,0,0,0,,,,,,,
11500000,Flowerstone Gavel,Standard,,0,0,0,0,0,0,0,,,,,,,
7060000,Flowing Curved Sword,Standard,,0,0,0,0,0,0,0,,,,,,,
5080000,Foil of Caddock,Standard,105013,70,0,0,0,0,0,0,1,,,,,,
3011700,Forked Greatsword,Aberrant,105200,83,0,0,0,0,0,0,1,,,,,,
3011000,Forked Greatsword,Bestial,6402,55,0,0,0,0,0,0,1,,,,,,
3011800,Forked Greatsword,Bloodflame,105200,83,0,0,0,0,0,0,1,,,,,,
3011400,Forked Greatsword,Death,6402|108111,55,0,0,0,0,0,100,1,,,,,,1
3010900,Forked Greatsword,Draconic,6402,55,0,0,0,0,0,0,1,,,,,,
3010500,Forked Greatsword,Dragonkin,6402|107611,55,100,0,0,0,0,0,1,1,,,,,
3010700,Forked Greatsword,Flame,6402|108500,55,0,0,0,0,0,0,1,,,,,,
3011300,Forked Greatsword,Frenzy,6402|6754,55,0,0,0,0,75,0,1,,,,,1,
3011600,Forked Greatsword,Frost,6402|107611,55,100,0,0,0,0,0,1,1,,,,,
3010400,Forked Greatsword,Glint,6402,55,0,0,0,0,0,0,1,,,,,,
3011500,Forked Greatsword,Godslayer,6402|1620000,55,0,0,0,0,0,0,1,,,,,,
3010800,Forked Greatsword,Golden,6402,55,0,0,0,0,0,0,1,,,,,,
3010600,Forked Greatsword,Gravity,6402,55,0,0,0,0,0,0,1,,,,,,
3010100,Forked Greatsword,Heavy,6402,55,0,0,0,0,0,0,1,,,,,,
3010200,Forked Greatsword,Keen,6402,55,0,0,0,0,0,0,1,,,,,,
3011200,Forked Greatsword,Lava,6402,55,0,0,0,0,0,0,1,,,,,,
3012100,Forked Greatsword,Mystic,6402|105611,55,0,0,0,95,0,0,1,,,,1,,
3011100,Forked Greatsword,Night,6402,55,0,0,0,0,0,0,1,,,,,,
3010300,Forked Greatsword,Quality,6402,55,0,0,0,0,0,0,1,,,,,,
3011900,Forked Greatsword,Rotten,6402|106111,55,0,95,0,0,0,0,1,,1,,,,
3010000,Forked Greatsword,Standard,6402,55,0,0,0,0,0,0,1,,,,,,
3012000,Forked Greatsword,Storm,6402,55,0,0,0,0,0,0,1,,,,,,
14011700,Forked Hatchet,Aberrant,105168,91,0,0,0,0,0,0,1,,,,,,
14011000,Forked Hatchet,Bestial,6401,50,0,0,0,0,0,0,1,,,,,,
14011800,Forked Hatchet,Bloodflame,105168,91,0,0,0,0,0,0,1,,,,,,
14011400,Forked Hatchet,Death,6401|108015,50,0,0,0,0,0,89,1,,,,,,1
14010900,Forked Hatchet,Draconic,6401,50,0,0,0,0,0,0,1,,,,,,
14010500,Forked Hatchet,Dragonkin,6401|107515,50,89,0,0,0,0,0,1,1,,,,,
14010700,Forked Hatchet,Flame,6401|108500,50,0,0,0,0,0,0,1,,,,,,
14011300,Forked Hatchet,Frenzy,6401|6753,50,0,0,0,0,70,0,1,,,,,1,
14011600,Forked Hatchet,Frost,6401|107515,50,89,0,0,0,0,0,1,1,,,,,
14010400,Forked Hatchet,Glint,6401,50,0,0,0,0,0,0,1,,,,,,
14011500,Forked Hatchet,Godslayer,6401|1620000,50,0,0,0,0,0,0,1,,,,,,
14010800,Forked Hatchet,Golden,6401,50,0,0,0,0,0,0,1,,,,,,
14010600,Forked Hatchet,Gravity,6401,50,0,0,0,0,0,0,1,,,,,,
14010100,Forked Hatchet,Heavy,6401,50,0,0,0,0,0,0,1,,,,,,
14010200,Forked Hatchet,Keen,6401,50,0,0,0,0,0,0,1,,,,,,
14011200,Forked Hatchet,Lava,6401,50,0,0,0,0,0,0,1,,,,,,
14012100,Forked Hatchet,Mystic,6401|105515,50,0,0,0,83,0,0,1,,,,1,,
14011100,Forked Hatchet,Night,6401,50,0,0,0,0,0,0,1,,,,,,
14010300,Forked Hatchet,Quality,6401,50,0,0,0,0,0,0,1,,,,,,
14011900,Forked Hatchet,Rotten,6401|106015,50,0,83,0,0,0,0,1,,1,,,,
14010000,Forked Hatchet,Standard,6401,50,0,0,0,0,0,0,1,,,,,,
14012000,Forked Hatchet,Storm,6401,50,0,0,0,0,0,0,1,,,,,,
14540000,Forked-Tongue Hatchet,Standard,6401,50,0,0,0,0,0,0,1,,,,,,
34090000,Frenzied Flame Seal,Standard,5200100,0,0,0,0,0,0,0,,,,,,,
61520000,Frenzyflame Perfume Bottle,Standard,6751,0,0,0,0,0,60,0,,,,,,1,
8510000,Freyja's Greatsword,Standard,,0,0,0,0,0,0,0,,,,,,,
5050000,Frozen Needle,Standard,107513,0,86,0,0,0,0,0,,1,,,,,
10040000,Frozen Twinshards,Standard,107513,0,86,0,0,0,0,0,,1,,,,,
43060000,Full Moon Crossbow,Standard,,0,0,0,0,0,0,0,,,,,,,
21090000,Furnace Fists,Standard,108500,0,0,0,0,0,0,0,,,,,,,
16561700,Gaelor's Mancatcher,Aberrant,105118,91,0,0,0,0,0,0,1,,,,,,
16561000,Gaelor's Mancatcher,Bestial,6401,50,0,0,0,0,0,0,1,,,,,,
16561800,Gaelor's Mancatcher,Bloodflame,105118,91,0,0,0,0,0,0,1,,,,,,
16561400,Gaelor's Mancatcher,Death,108013|6401,50,0,0,0,0,0,86,1,,,,,,1
16560900,Gaelor's Mancatcher,Draconic,6401,50,0,0,0,0,0,0,1,,,,,,
16560500,Gaelor's Mancatcher,Dragonkin,107513|6401,50,86,0,0,0,0,0,1,1,,,,,
16560700,Gaelor's Mancatcher,Flame,108500|6401,50,0,0,0,0,0,0,1,,,,,,
16561300,Gaelor's Mancatcher,Frenzy,6756|6401,50,0,0,0,0,68,0,1,,,,,1,
16561600,Gaelor's Mancatcher,Frost,107513|6401,50,86,0,0,0,0,0,1,1,,,,,
16560400,Gaelor's Mancatcher,Glint,6401,50,0,0,0,0,0,0,1,,,,,,
16561500,Gaelor's Mancatcher,Godslayer,1620000|6401,50,0,0,0,0,0,0,1,,,,,,
16560800,Gaelor's Mancatcher,Golden,6401,50,0,0,0,0,0,0,1,,,,,,
16560600,Gaelor's Mancatcher,Gravity,6401,50,0,0,0,0,0,0,1,,,,,,
16560100,Gaelor's Mancatcher,Heavy,6401,50,0,0,0,0,0,0,1,,,,,,
16560200,Gaelor's Mancatcher,Keen,6401,50,0,0,0,0,0,0,1,,,,,,
16561200,Gaelor's Mancatcher,Lava,6401,50,0,0,0,0,0,0,1,,,,,,
16562100,Gaelor's Mancatcher,Mystic,105563|6401,50,0,0,0,81,0,0,1,,,,1,,
16561100,Gaelor's Mancatcher,Night,6401,50,0,0,0,0,0,0,1,,,,,,
16560300,Gaelor's Mancatcher,Quality,6401,50,0,0,0,0,0,0,1,,,,,,
16561900,Gaelor's Mancatcher,Rotten,106013|6401,50,0,81,0,0,0,0,1,,1,,,,
16560000,Gaelor's Mancatcher,Standard,6401,50,0,0,0,0,0,0,1,,,,,,
16562000,Gaelor's Mancatcher,Storm,6401,50,0,0,0,0,0,0,1,,,,,,
10200000,Galvanic Culling Blade [Twinblade],Standard,107513,0,86,0,0,0,0,0,,1,,,,,
15140000,Gargoyle's Black Axe,Standard,1620000,0,0,0,0,0,0,0,,,,,,,
10090000,Gargoyle's Black Blades,Standard,,0,0,0,0,0,0,0,,,,,,,
18160000,Gargoyle's Black Halberd,Standard,1620000,0,0,0,0,0,0,0,,,,,,,
3210000,Gargoyle's Blackblade,Standard,1620000,0,0,0,0,0,0,0,,,,,,,
15130000,Gargoyle's Great Axe,Standard,,0,0,0,0,0,0,0,,,,,,,
3190000,Gargoyle's Greatsword,Standard,,0,0,0,0,0,0,0,,,,,,,
18150000,Gargoyle's Halberd,Standard,,0,0,0,0,0,0,0,,,,,,,
10080000,Gargoyle's Twinblade,Standard,,0,0,0,0,0,0,0,,,,,,,
23520000,Gazing Finger,Standard,,0,0,0,0,0,0,0,,,,,,,
33050000,Gelmir Glintstone Staff,Standard,,0,0,0,0,0,0,0,,,,,,,
23100000,Ghiza's Wheel,Standard,6404,65,0,0,0,0,0,0,1,,,,,,
24050000,Ghostflame Torch,Standard,6702|415,0,65,0,0,0,0,0,,1,,,,,
20060000,Giant's Red Braid,Standard,108500,0,0,0,0,0,0,0,,,,,,,
34020000,Giant's Seal,Standard,5200100,0,0,0,0,0,0,0,,,,,,,
23111700,Giant-Crusher,Aberrant,105265,105,0,0,0,0,0,0,1,,,,,,
23111000,Giant-Crusher,Bestial,,0,0,0,0,0,0,0,,,,,,,
23111800,Giant-Crusher,Bloodflame,105265,105,0,0,0,0,0,0,1,,,,,,
23111400,Giant-Crusher,Death,108215,0,0,0,0,0,0,130,,,,,,,1
23110900,Giant-Crusher,Draconic,,0,0,0,0,0,0,0,,,,,,,
23110500,Giant-Crusher,Dragonkin,107715,0,130,0,0,0,0,0,,1,,,,,
23110700,Giant-Crusher,Flame,108500,0,0,0,0,0,0,0,,,,,,,
23111300,Giant-Crusher,Frenzy,6758,0,0,0,0,0,90,0,,,,,,1,
23111600,Giant-Crusher,Frost,107715,0,130,0,0,0,0,0,,1,,,,,
23110400,Giant-Crusher,Glint,,0,0,0,0,0,0,0,,,,,,,
23111500,Giant-Crusher,Godslayer,1620000,0,0,0,0,0,0,0,,,,,,,
23110800,Giant-Crusher,Golden,,0,0,0,0,0,0,0,,,,,,,
23110600,Giant-Crusher,Gravity,,0,0,0,0,0,0,0,,,,,,,
23110100,Giant-Crusher,Heavy,,0,0,0,0,0,0,0,,,,,,,
23110200,Giant-Crusher,Keen,,0,0,0,0,0,0,0,,,,,,,
23111200,Giant-Crusher,Lava,,0,0,0,0,0,0,0,,,,,,,
23112100,Giant-Crusher,Mystic,105715,0,0,0,0,121,0,0,,,,,1,,
23111100,Giant-Crusher,Night,,0,0,0,0,0,0,0,,,,,,,
23110300,Giant-Crusher,Quality,,0,0,0,0,0,0,0,,,,,,,
23111900,Giant-Crusher,Rotten,106215,0,0,121,0,0,0,0,,,1,,,,
23110000,Giant-Crusher,Standard,,0,0,0,0,0,0,0,,,,,,,
23112000,Giant-Crusher,Storm,,0,0,0,0,0,0,0,,,,,,,
32270000,Gilded Greatshield,Standard,,0,0,0,0,0,0,0,,,,,,,
30130000,Gilded Iron Shield,Standard,,0,0,0,0,0,0,0,,,,,,,
10110000,Gilded Quarterstaff,Standard,,0,0,0,0,0,0,0,,,,,,,
18091700,Glaive,Aberrant,105111,82,0,0,0,0,0,0,1,,,,,,
18091000,Glaive,Bestial,,0,0,0,0,0,0,0,,,,,,,
18091800,Glaive,Bloodflame,105111,82,0,0,0,0,0,0,1,,,,,,
18091400,Glaive,Death,108111,0,0,0,0,0,0,100,,,,,,,1
18090900,Glaive,Draconic,,0,0,0,0,0,0,0,,,,,,,
18090500,Glaive,Dragonkin,107611,0,100,0,0,0,0,0,,1,,,,,
18090700,Glaive,Flame,108500,0,0,0,0,0,0,0,,,,,,,
18091300,Glaive,Frenzy,6754,0,0,0,0,0,75,0,,,,,,1,
18091600,Glaive,Frost,107611,0,100,0,0,0,0,0,,1,,,,,
18090400,Glaive,Glint,,0,0,0,0,0,0,0,,,,,,,
18091500,Glaive,Godslayer,1620000,0,0,0,0,0,0,0,,,,,,,
18090800,Glaive,Golden,,0,0,0,0,0,0,0,,,,,,,
18090600,Glaive,Gravity,,0,0,0,0,0,0,0,,,,,,,
18090100,Glaive,Heavy,,0,0,0,0,0,0,0,,,,,,,
18090200,Glaive,Keen,,0,0,0,0,0,0,0,,,,,,,
18091200,Glaive,Lava,,0,0,0,0,0,0,0,,,,,,,
18092100,Glaive,Mystic,105611,0,0,0,0,95,0,0,,,,,1,,
18091100,Glaive,Night,,0,0,0,0,0,0,0,,,,,,,
18090300,Glaive,Quality,,0,0,0,0,0,0,0,,,,,,,
18091900,Glaive,Rotten,106111,0,0,95,0,0,0,0,,,1,,,,
18090000,Glaive,Standard,,0,0,0,0,0,0,0,,,,,,,
18092000,Glaive,Storm,,0,0,0,0,0,0,0,,,,,,,
18120000,Glaive of the Ancients (Draconic),Standard,,0,0,0,0,0,0,0,,,,,,,
18520000,Glaive of the Crusade,Standard,108500|1878,0,0,0,0,0,0,0,,,,,,,
14070000,Glintstone Cleaver,Standard,,0,0,0,0,0,0,0,,,,,,,
1070000,Glintstone Kris,Standard,1910,0,0,0,0,0,0,0,,,,,,,
33000000,Glintstone Staff,Standard,,0,0,0,0,0,0,0,,,,,,,
7170000,Godskin Flayer,Standard,1620000,0,0,0,0,0,0,0,,,,,,,
10010000,Godskin Peeler,Standard,1620000,0,0,0,0,0,0,0,,,,,,,
34100000,Godskin Seal,Standard,,0,0,0,0,0,0,0,,,,,,,
6010000,Godskin Stitcher,Standard,1620000,0,0,0,0,0,0,0,,,,,,,
4070000,Godslayer's Greatsword,Standard,1620000,0,0,0,0,0,0,0,,,,,,,
34010000,Godslayer's Seal,Standard,,0,0,0,0,0,0,0,,,,,,,
10070000,Godwyn's Cragblades,Standard,,0,0,0,0,0,0,0,,,,,,,
32090000,Golden Beast Crest Shield,Standard,,0,0,0,0,0,0,0,,,,,,,
2070000,Golden Epitaph,Standard,,0,0,0,0,0,0,0,,,,,,,
32260000,Golden Greatshield,Standard,,0,0,0,0,0,0,0,,,,,,,
18080000,Golden Halberd,Standard,,0,0,0,0,0,0,0,,,,,,,
31530000,Golden Lion Shield,Standard,,0,0,0,0,0,0,0,,,,,,,
3170000,Golden Order Greatsword,Standard,,0,0,0,0,0,0,0,,,,,,,
34060000,Golden Order Seal,Standard,,0,0,0,0,0,0,0,,,,,,,
21541700,Golem Fist,Aberrant,105011,68,0,0,0,0,0,0,1,,,,,,
21541000,Golem Fist,Bestial,,0,0,0,0,0,0,0,,,,,,,
21541800,Golem Fist,Bloodflame,105011,68,0,0,0,0,0,0,1,,,,,,
21541400,Golem Fist,Death,108011,0,0,0,0,0,0,83,,,,,,,1
21540900,Golem Fist,Draconic,,0,0,0,0,0,0,0,,,,,,,
21540500,Golem Fist,Dragonkin,107511,0,83,0,0,0,0,0,,1,,,,,
21540700,Golem Fist,Flame,108500,0,0,0,0,0,0,0,,,,,,,
21541300,Golem Fist,Frenzy,6752,0,0,0,0,0,65,0,,,,,,1,
21541600,Golem Fist,Frost,107511,0,83,0,0,0,0,0,,1,,,,,
21540400,Golem Fist,Glint,,0,0,0,0,0,0,0,,,,,,,
21541500,Golem Fist,Godslayer,1620000,0,0,0,0,0,0,0,,,,,,,
21540800,Golem Fist,Golden,,0,0,0,0,0,0,0,,,,,,,
21540600,Golem Fist,Gravity,,0,0,0,0,0,0,0,,,,,,,
21540100,Golem Fist,Heavy,,0,0,0,0,0,0,0,,,,,,,
21540200,Golem Fist,Keen,,0,0,0,0,0,0,0,,,,,,,
21541200,Golem Fist,Lava,,0,0,0,0,0,0,0,,,,,,,
21542100,Golem Fist,Mystic,105561,0,0,0,0,79,0,0,,,,,1,,
21541100,Golem Fist,Night,,0,0,0,0,0,0,0,,,,,,,
21540300,Golem Fist,Quality,,0,0,0,0,0,0,0,,,,,,,
21541900,Golem Fist,Rotten,106011,0,0,79,0,0,0,0,,,1,,,,
21540000,Golem Fist,Standard,,0,0,0,0,0,0,0,,,,,,,
21542000,Golem Fist,Storm,,0,0,0,0,0,0,0,,,,,,,
42010000,Golem Greatbow,Standard,,0,0,0,0,0,0,0,,,,,,,
23121700,Golem's Halberd,Aberrant,105265,105,0,0,0,0,0,0,1,,,,,,
23121000,Golem's Halberd,Bestial,,0,0,0,0,0,0,0,,,,,,,
23121800,Golem's Halberd,Bloodflame,105265,105,0,0,0,0,0,0,1,,,,,,
23121400,Golem's Halberd,Death,108215,0,0,0,0,0,0,130,,,,,,,1
23120900,Golem's Halberd,Draconic,,0,0,0,0,0,0,0,,,,,,,
23120500,Golem's Halberd,Dragonkin,107715,0,130,0,0,0,0,0,,1,,,,,
23120700,Golem's Halberd,Flame,108500,0,0,0,0,0,0,0,,,,,,,
23121300,Golem's Halberd,Frenzy,6758,0,0,0,0,0,90,0,,,,,,1,
23121600,Golem's Halberd,Frost,107715,0,130,0,0,0,0,0,,1,,,,,
23120400,Golem's Halberd,Glint,,0,0,0,0,0,0,0,,,,,,,
23121500,Golem's Halberd,Godslayer,1620000,0,0,0,0,0,0,0,,,,,,,
23120800,Golem's Halberd,Golden,,0,0,0,0,0,0,0,,,,,,,
23120600,Golem's Halberd,Gravity,,0,0,0,0,0,0,0,,,,,,,
23120100,Golem's Halberd,Heavy,,0,0,0,0,0,0,0,,,,,,,
23120200,Golem's Halberd,Keen,,0,0,0,0,0,0,0,,,,,,,
23121200,Golem's Halberd,Lava,,0,0,0,0,0,0,0,,,,,,,
23122100,Golem's Halberd,Mystic,105715,0,0,0,0,121,0,0,,,,,1,,
23121100,Golem's Halberd,Night,,0,0,0,0,0,0,0,,,,,,,
23120300,Golem's Halberd,Quality,,0,0,0,0,0,0,0,,,,,,,
23121900,Golem's Halberd,Rotten,106215,0,0,121,0,0,0,0,,,1,,,,
23120000,Golem's Halberd,Standard,,0,0,0,0,0,0,0,,,,,,,
23122000,Golem's Halberd,Storm,,0,0,0,0,0,0,0,,,,,,,
68540000,Goras' Claw,Standard,6400|105561,45,0,0,0,79,0,0,1,,,,1,,
4100000,Grafted Blade Greatsword,Standard,,0,0,0,0,0,0,0,,,,,,,
21060000,Grafted Dragon,Standard,108500,0,0,0,0,0,0,0,,,,,,,
19011700,Grave Scythe,Aberrant,105200|5190100,83,0,0,0,0,0,0,1,,,,,,
19011000,Grave Scythe,Bestial,6402|5190100,55,0,0,0,0,0,0,1,,,,,,
19011800,Grave Scythe,Bloodflame,105200|5190100,83,0,0,0,0,0,0,1,,,,,,
19011400,Grave Scythe,Death,6402|108111|5190100,55,0,0,0,0,0,100,1,,,,,,1
19010900,Grave Scythe,Draconic,6402|5190100,55,0,0,0,0,0,0,1,,,,,,
19010500,Grave Scythe,Dragonkin,6402|107611|5190100,55,100,0,0,0,0,0,1,1,,,,,
19010700,Grave Scythe,Flame,6402|108500|5190100,55,0,0,0,0,0,0,1,,,,,,
19011300,Grave Scythe,Frenzy,6402|6754|5190100,55,0,0,0,0,75,0,1,,,,,1,
19011600,Grave Scythe,Frost,6402|107611|5190100,55,100,0,0,0,0,0,1,1,,,,,
19010400,Grave Scythe,Glint,6402|5190100,55,0,0,0,0,0,0,1,,,,,,
19011500,Grave Scythe,Godslayer,6402|1620000|5190100,55,0,0,0,0,0,0,1,,,,,,
19010800,Grave Scythe,Golden,6402|5190100,55,0,0,0,0,0,0,1,,,,,,
19010600,Grave Scythe,Gravity,6402|5190100,55,0,0,0,0,0,0,1,,,,,,
19010100,Grave Scythe,Heavy,6402|5190100,55,0,0,0,0,0,0,1,,,,,,
19010200,Grave Scythe,Keen,6402|5190100,55,0,0,0,0,0,0,1,,,,,,
19011200,Grave Scythe,Lava,6402|5190100,55,0,0,0,0,0,0,1,,,,,,
19012100,Grave Scythe,Mystic,6402|105611|5190100,55,0,0,0,95,0,0,1,,,,1,,
19011100,Grave Scythe,Night,6402|5190100,55,0,0,0,0,0,0,1,,,,,,
19010300,Grave Scythe,Quality,6402|5190100,55,0,0,0,0,0,0,1,,,,,,
19011900,Grave Scythe,Rotten,6402|106111|5190100,55,0,95,0,0,0,0,1,,1,,,,
19010000,Grave Scythe,Standard,6402|5190100,55,0,0,0,0,0,0,1,,,,,,
19012000,Grave Scythe,Storm,6402|5190100,55,0,0,0,0,0,0,1,,,,,,
34030000,Gravel Stone Seal,Standard,,0,0,0,0,0,0,0,,,,,,,
4120000,Gravelstone Arcblades,Standard,,0,0,0,0,0,0,0,,,,,,,
23020000,Great Club,Standard,,0,0,0,0,0,0,0,,,,,,,
66501700,Great Katana,Aberrant,105200,83,0,0,0,0,0,0,1,,,,,,
66501000,Great Katana,Bestial,6402,55,0,0,0,0,0,0,1,,,,,,
66501800,Great Katana,Bloodflame,105200,83,0,0,0,0,0,0,1,,,,,,
66501400,Great Katana,Death,6402|108111,55,0,0,0,0,0,100,1,,,,,,1
66500900,Great Katana,Draconic,6402,55,0,0,0,0,0,0,1,,,,,,
66500500,Great Katana,Dragonkin,6402|107611,55,100,0,0,0,0,0,1,1,,,,,
66500700,Great Katana,Flame,6402|108500,55,0,0,0,0,0,0,1,,,,,,
66501300,Great Katana,Frenzy,6402|6754,55,0,0,0,0,75,0,1,,,,,1,
66501600,Great Katana,Frost,6402|107611,55,100,0,0,0,0,0,1,1,,,,,
66500400,Great Katana,Glint,6402,55,0,0,0,0,0,0,1,,,,,,
66501500,Great Katana,Godslayer,6402|1620000,55,0,0,0,0,0,0,1,,,,,,
66500800,Great Katana,Golden,6402,55,0,0,0,0,0,0,1,,,,,,
66500600,Great Katana,Gravity,6402,55,0,0,0,0,0,0,1,,,,,,
66500100,Great Katana,Heavy,6402,55,0,0,0,0,0,0,1,,,,,,
66500200,Great Katana,Keen,6402,55,0,0,0,0,0,0,1,,,,,,
66501200,Great Katana,Lava,6402,55,0,0,0,0,0,0,1,,,,,,
66502100,Great Katana,Mystic,6402|105611,55,0,0,0,95,0,0,1,,,,1,,
66501100,Great Katana,Night,6402,55,0,0,0,0,0,0,1,,,,,,
66500300,Great Katana,Quality,6402,55,0,0,0,0,0,0,1,,,,,,
66501900,Great Katana,Rotten,6402|106111,55,0,95,0,0,0,0,1,,1,,,,
66500000,Great Katana,Standard,6402,55,0,0,0,0,0,0,1,,,,,,
66502000,Great Katana,Storm,6402,55,0,0,0,0,0,0,1,,,,,,
1091700,Great Knife,Aberrant,105075,82,0,0,0,0,0,0,1,,,,,,
1091000,Great Knife,Bestial,6400,45,0,0,0,0,0,0,1,,,,,,
1091800,Great Knife,Bloodflame,105075,82,0,0,0,0,0,0,1,,,,,,
1091400,Great Knife,Death,6400|108011,45,0,0,0,0,0,83,1,,,,,,1
1090900,Great Knife,Draconic,6400,45,0,0,0,0,0,0,1,,,,,,
1090500,Great Knife,Dragonkin,6400|107511,45,83,0,0,0,0,0,1,1,,,,,
1090700,Great Knife,Flame,6400|108500,45,0,0,0,0,0,0,1,,,,,,
1091300,Great Knife,Frenzy,6400|6752,45,0,0,0,0,65,0,1,,,,,1,
1091600,Great Knife,Frost,6400|107511,45,83,0,0,0,0,0,1,1,,,,,
1090400,Great Knife,Glint,6400,45,0,0,0,0,0,0,1,,,,,,
1091500,Great Knife,Godslayer,6400|1620000,45,0,0,0,0,0,0,1,,,,,,
1090800,Great Knife,Golden,6400,45,0,0,0,0,0,0,1,,,,,,
1090600,Great Knife,Gravity,6400,45,0,0,0,0,0,0,1,,,,,,
1090100,Great Knife,Heavy,6400,45,0,0,0,0,0,0,1,,,,,,
1090200,Great Knife,Keen,6400,45,0,0,0,0,0,0,1,,,,,,
1091200,Great Knife,Lava,6400,45,0,0,0,0,0,0,1,,,,,,
1092100,Great Knife,Mystic,6400|105561,45,0,0,0,79,0,0,1,,,,1,,
1091100,Great Knife,Night,6400,45,0,0,0,0,0,0,1,,,,,,
1090300,Great Knife,Quality,6400,45,0,0,0,0,0,0,1,,,,,,
1091900,Great Knife,Rotten,6400|106011,45,0,79,0,0,0,0,1,,1,,,,
1090000,Great Knife,Standard,6400,45,0,0,0,0,0,0,1,,,,,,
1092000,Great Knife,Storm,6400,45,0,0,0,0,0,0,1,,,,,,
12061700,Great Mace,Aberrant,105111,82,0,0,0,0,0,0,1,,,,,,
12061000,Great Mace,Bestial,,0,0,0,0,0,0,0,,,,,,,
12061800,Great Mace,Bloodflame,105111,82,0,0,0,0,0,0,1,,,,,,
12061400,Great Mace,Death,108111,0,0,0,0,0,0,100,,,,,,,1
12060900,Great Mace,Draconic,,0,0,0,0,0,0,0,,,,,,,
12060500,Great Mace,Dragonkin,107611,0,100,0,0,0,0,0,,1,,,,,
12060700,Great Mace,Flame,108500,0,0,0,0,0,0,0,,,,,,,
12061300,Great Mace,Frenzy,6754,0,0,0,0,0,75,0,,,,,,1,
12061600,Great Mace,Frost,107611,0,100,0,0,0,0,0,,1,,,,,
12060400,Great Mace,Glint,,0,0,0,0,0,0,0,,,,,,,
12061500,Great Mace,Godslayer,1620000,0,0,0,0,0,0,0,,,,,,,
12060800,Great Mace,Golden,,0,0,0,0,0,0,0,,,,,,,
12060600,Great Mace,Gravity,,0,0,0,0,0,0,0,,,,,,,
12060100,Great Mace,Heavy,,0,0,0,0,0,0,0,,,,,,,
12060200,Great Mace,Keen,,0,0,0,0,0,0,0,,,,,,,
12061200,Great Mace,Lava,,0,0,0,0,0,0,0,,,,,,,
12062100,Great Mace,Mystic,105611,0,0,0,0,95,0,0,,,,,1,,
12061100,Great Mace,Night,,0,0,0,0,0,0,0,,,,,,,
12060300,Great Mace,Quality,,0,0,0,0,0,0,0,,,,,,,
12061900,Great Mace,Rotten,106111,0,0,95,0,0,0,0,,,1,,,,
12060000,Great Mace,Standard,,0,0,0,0,0,0,0,,,,,,,
12062000,Great Mace,Storm,,0,0,0,0,0,0,0,,,,,,,
15021700,Great Omenkiller Cleaver,Aberrant,105200,83,0,0,0,0,0,0,1,,,,,,
15021000,Great Omenkiller Cleaver,Bestial,6402,55,0,0,0,0,0,0,1,,,,,,
15021800,Great Omenkiller Cleaver,Bloodflame,105200,83,0,0,0,0,0,0,1,,,,,,
15021400,Great Omenkiller Cleaver,Death,6402|108111,55,0,0,0,0,0,100,1,,,,,,1
15020900,Great Omenkiller Cleaver,Draconic,6402,55,0,0,0,0,0,0,1,,,,,,
15020500,Great Omenkiller Cleaver,Dragonkin,6402|107611,55,100,0,0,0,0,0,1,1,,,,,
15020700,Great Omenkiller Cleaver,Flame,6402|108500,55,0,0,0,0,0,0,1,,,,,,
15021300,Great Omenkiller Cleaver,Frenzy,6402|6754,55,0,0,0,0,75,0,1,,,,,1,
15021600,Great Omenkiller Cleaver,Frost,6402|107611,55,100,0,0,0,0,0,1,1,,,,,
15020400,Great Omenkiller Cleaver,Glint,6402,55,0,0,0,0,0,0,1,,,,,,
15021500,Great Omenkiller Cleaver,Godslayer,6402|1620000,55,0,0,0,0,0,0,1,,,,,,
15020800,Great Omenkiller Cleaver,Golden,6402,55,0,0,0,0,0,0,1,,,,,,
15020600,Great Omenkiller Cleaver,Gravity,6402,55,0,0,0,0,0,0,1,,,,,,
15020100,Great Omenkiller Cleaver,Heavy,6402,55,0,0,0,0,0,0,1,,,,,,
15020200,Great Omenkiller Cleaver,Keen,6402,55,0,0,0,0,0,0,1,,,,,,
15021200,Great Omenkiller Cleaver,Lava,6402,55,0,0,0,0,0,0,1,,,,,,
15022100,Great Omenkiller Cleaver,Mystic,6402|105611,55,0,0,0,95,0,0,1,,,,1,,
15021100,Great Omenkiller Cleaver,Night,6402,55,0,0,0,0,0,0,1,,,,,,
15020300,Great Omenkiller Cleaver,Quality,6402,55,0,0,0,0,0,0,1,,,,,,
15021900,Great Omenkiller Cleaver,Rotten,6402|106111,55,0,95,0,0,0,0,1,,1,,,,
15020000,Great Omenkiller Cleaver,Standard,6402,55,0,0,0,0,0,0,1,,,,,,
15022000,Great Omenkiller Cleaver,Storm,6402,55,0,0,0,0,0,0,1,,,,,,
12181700,Great Stars,Aberrant,105200|5121800|5121801,83,0,0,0,0,0,0,1,,,,,,
12181000,Great Stars,Bestial,6402|5121800|5121801,55,0,0,0,0,0,0,1,,,,,,
12181800,Great Stars,Bloodflame,105200|5121800|5121801,83,0,0,0,0,0,0,1,,,,,,
12181400,Great Stars,Death,6402|108111|5121800|5121801,55,0,0,0,0,0,100,1,,,,,,1
12180900,Great Stars,Draconic,6402|5121800|5121801,55,0,0,0,0,0,0,1,,,,,,
12180500,Great Stars,Dragonkin,6402|107611|5121800|5121801,55,100,0,0,0,0,0,1,1,,,,,
12180700,Great Stars,Flame,6402|108500|5121800|5121801,55,0,0,0,0,0,0,1,,,,,,
12181300,Great Stars,Frenzy,6402|6754|5121800|5121801,55,0,0,0,0,75,0,1,,,,,1,
12181600,Great Stars,Frost,6402|107611|5121800|5121801,55,100,0,0,0,0,0,1,1,,,,,
12180400,Great Stars,Glint,6402|5121800|5121801,55,0,0,0,0,0,0,1,,,,,,
12181500,Great Stars,Godslayer,6402|1620000|5121800|5121801,55,0,0,0,0,0,0,1,,,,,,
12180800,Great Stars,Golden,6402|5121800|5121801,55,0,0,0,0,0,0,1,,,,,,
12180600,Great Stars,Gravity,6402|5121800|5121801,55,0,0,0,0,0,0,1,,,,,,
12180100,Great Stars,Heavy,6402|5121800|5121801,55,0,0,0,0,0,0,1,,,,,,
12180200,Great Stars,Keen,6402|5121800|5121801,55,0,0,0,0,0,0,1,,,,,,
12181200,Great Stars,Lava,6402|5121800|5121801,55,0,0,0,0,0,0,1,,,,,,
12182100,Great Stars,Mystic,6402|105611|5121800|5121801,55,0,0,0,95,0,0,1,,,,1,,
12181100,Great Stars,Night,6402|5121800|5121801,55,0,0,0,0,0,0,1,,,,,,
12180300,Great Stars,Quality,6402|5121800|5121801,55,0,0,0,0,0,0,1,,,,,,
12181900,Great Stars,Rotten,6402|106111|5121800|5121801,55,0,95,0,0,0,0,1,,1,,,,
12180000,Great Stars,Standard,6402|5121800|5121801,55,0,0,0,0,0,0,1,,,,,,
12182000,Great Stars,Storm,6402|5121800|5121801,55,0,0,0,0,0,0,1,,,,,,
31140000,Great Turtle Shell,Standard,5311400,0,0,0,0,0,0,0,,,,,,,
6021700,Great Épée,Aberrant,105111,82,0,0,0,0,0,0,1,,,,,,
6021000,Great Épée,Bestial,,0,0,0,0,0,0,0,,,,,,,
6021800,Great Épée,Bloodflame,105111,82,0,0,0,0,0,0,1,,,,,,
6021400,Great Épée,Death,108111,0,0,0,0,0,0,100,,,,,,,1
6020900,Great Épée,Draconic,,0,0,0,0,0,0,0,,,,,,,
6020500,Great Épée,Dragonkin,107611,0,100,0,0,0,0,0,,1,,,,,
6020700,Great Épée,Flame,108500,0,0,0,0,0,0,0,,,,,,,
6021300,Great Épée,Frenzy,6754,0,0,0,0,0,75,0,,,,,,1,
6021600,Great Épée,Frost,107611,0,100,0,0,0,0,0,,1,,,,,
6020400,Great Épée,Glint,,0,0,0,0,0,0,0,,,,,,,
6021500,Great Épée,Godslayer,1620000,0,0,0,0,0,0,0,,,,,,,
6020800,Great Épée,Golden,,0,0,0,0,0,0,0,,,,,,,
6020600,Great Épée,Gravity,,0,0,0,0,0,0,0,,,,,,,
6020100,Great Épée,Heavy,,0,0,0,0,0,0,0,,,,,,,
6020200,Great Épée,Keen,,0,0,0,0,0,0,0,,,,,,,
6021200,Great Épée,Lava,,0,0,0,0,0,0,0,,,,,,,
6022100,Great Épée,Mystic,105611,0,0,0,0,95,0,0,,,,,1,,
6021100,Great Épée,Night,,0,0,0,0,0,0,0,,,,,,,
6020300,Great Épée,Quality,,0,0,0,0,0,0,0,,,,,,,
6021900,Great Épée,Rotten,106111,0,0,95,0,0,0,0,,,1,,,,
6020000,Great Épée,Standard,,0,0,0,0,0,0,0,,,,,,,
6022000,Great Épée,Storm,,0,0,0,0,0,0,0,,,,,,,
15001700,Greataxe,Aberrant,105111,82,0,0,0,0,0,0,1,,,,,,
15001000,Greataxe,Bestial,,0,0,0,0,0,0,0,,,,,,,
15001800,Greataxe,Bloodflame,105111,82,0,0,0,0,0,0,1,,,,,,
15001400,Greataxe,Death,108111,0,0,0,0,0,0,100,,,,,,,1
15000900,Greataxe,Draconic,,0,0,0,0,0,0,0,,,,,,,
15000500,Greataxe,Dragonkin,107611,0,100,0,0,0,0,0,,1,,,,,
15000700,Greataxe,Flame,108500,0,0,0,0,0,0,0,,,,,,,
15001300,Greataxe,Frenzy,6754,0,0,0,0,0,75,0,,,,,,1,
15001600,Greataxe,Frost,107611,0,100,0,0,0,0,0,,1,,,,,
15000400,Greataxe,Glint,,0,0,0,0,0,0,0,,,,,,,
15001500,Greataxe,Godslayer,1620000,0,0,0,0,0,0,0,,,,,,,
15000800,Greataxe,Golden,,0,0,0,0,0,0,0,,,,,,,
15000600,Greataxe,Gravity,,0,0,0,0,0,0,0,,,,,,,
15000100,Greataxe,Heavy,,0,0,0,0,0,0,0,,,,,,,
15000200,Greataxe,Keen,,0,0,0,0,0,0,0,,,,,,,
15001200,Greataxe,Lava,,0,0,0,0,0,0,0,,,,,,,
15002100,Greataxe,Mystic,105611,0,0,0,0,95,0,0,,,,,1,,
15001100,Greataxe,Night,,0,0,0,0,0,0,0,,,,,,,
15000300,Greataxe,Quality,,0,0,0,0,0,0,0,,,,,,,
15001900,Greataxe,Rotten,106111,0,0,95,0,0,0,0,,,1,,,,
15000000,Greataxe,Standard,,0,0,0,0,0,0,0,,,,,,,
15002000,Greataxe,Storm,,0,0,0,0,0,0,0,,,,,,,
42040000,Greatbow,Standard,,0,0,0,0,0,0,0,,,,,,,
12010000,Greathorn Hammer,Standard,105611|5120100,0,0,0,0,95,0,0,,,,,1,,
23090000,Greatstaff of Decay,Standard,107215,0,0,0,105,0,0,0,,,,1,,,
4001700,Greatsword,Aberrant,105212,100,0,0,0,0,0,0,1,,,,,,
4001000,Greatsword,Bestial,,0,0,0,0,0,0,0,,,,,,,
4001800,Greatsword,Bloodflame,105212,100,0,0,0,0,0,0,1,,,,,,
4001400,Greatsword,Death,108212,0,0,0,0,0,0,123,,,,,,,1
4000900,Greatsword,Draconic,,0,0,0,0,0,0,0,,,,,,,
4000500,Greatsword,Dragonkin,107712,0,123,0,0,0,0,0,,1,,,,,
4000700,Greatsword,Flame,108500,0,0,0,0,0,0,0,,,,,,,
4001300,Greatsword,Frenzy,6757,0,0,0,0,0,87,0,,,,,,1,
4001600,Greatsword,Frost,107712,0,123,0,0,0,0,0,,1,,,,,
4000400,Greatsword,Glint,,0,0,0,0,0,0,0,,,,,,,
4001500,Greatsword,Godslayer,1620000,0,0,0,0,0,0,0,,,,,,,
4000800,Greatsword,Golden,,0,0,0,0,0,0,0,,,,,,,
4000600,Greatsword,Gravity,,0,0,0,0,0,0,0,,,,,,,
4000100,Greatsword,Heavy,,0,0,0,0,0,0,0,,,,,,,
4000200,Greatsword,Keen,,0,0,0,0,0,0,0,,,,,,,
4001200,Greatsword,Lava,,0,0,0,0,0,0,0,,,,,,,
4002100,Greatsword,Mystic,105712,0,0,0,0,116,0,0,,,,,1,,
4001100,Greatsword,Night,,0,0,0,0,0,0,0,,,,,,,
4000300,Greatsword,Quality,,0,0,0,0,0,0,0,,,,,,,
4001900,Greatsword,Rotten,106212,0,0,116,0,0,0,0,,,1,,,,
4000000,Greatsword,Standard,,0,0,0,0,0,0,0,,,,,,,
4002000,Greatsword,Storm,,0,0,0,0,0,0,0,,,,,,,
3510000,Greatsword of Damnation,Standard,,0,0,0,0,0,0,0,,,,,,,
3560000,Greatsword of Midra,Standard,6754,0,0,0,0,0,75,0,,,,,,1,
3550000,Greatsword of Solitude,Standard,,0,0,0,0,0,0,0,,,,,,,
4530000,Greatswords of Radahn,Standard,,0,0,0,0,0,0,0,,,,,,,
7151700,Grossmesser,Aberrant,105013,70,0,0,0,0,0,0,1,,,,,,
7151000,Grossmesser,Bestial,,0,0,0,0,0,0,0,,,,,,,
7151800,Grossmesser,Bloodflame,105013,70,0,0,0,0,0,0,1,,,,,,
7151400,Grossmesser,Death,108013,0,0,0,0,0,0,86,,,,,,,1
7150900,Grossmesser,Draconic,,0,0,0,0,0,0,0,,,,,,,
7150500,Grossmesser,Dragonkin,107513,0,86,0,0,0,0,0,,1,,,,,
7150700,Grossmesser,Flame,108500,0,0,0,0,0,0,0,,,,,,,
7151300,Grossmesser,Frenzy,6756,0,0,0,0,0,68,0,,,,,,1,
7151600,Grossmesser,Frost,107513,0,86,0,0,0,0,0,,1,,,,,
7150400,Grossmesser,Glint,,0,0,0,0,0,0,0,,,,,,,
7151500,Grossmesser,Godslayer,1620000,0,0,0,0,0,0,0,,,,,,,
7150800,Grossmesser,Golden,,0,0,0,0,0,0,0,,,,,,,
7150600,Grossmesser,Gravity,,0,0,0,0,0,0,0,,,,,,,
7150100,Grossmesser,Heavy,,0,0,0,0,0,0,0,,,,,,,
7150200,Grossmesser,Keen,,0,0,0,0,0,0,0,,,,,,,
7151200,Grossmesser,Lava,,0,0,0,0,0,0,0,,,,,,,
7152100,Grossmesser,Mystic,105563,0,0,0,0,81,0,0,,,,,1,,
7151100,Grossmesser,Night,,0,0,0,0,0,0,0,,,,,,,
7150300,Grossmesser,Quality,,0,0,0,0,0,0,0,,,,,,,
7151900,Grossmesser,Rotten,106013,0,0,81,0,0,0,0,,,1,,,,
7150000,Grossmesser,Standard,,0,0,0,0,0,0,0,,,,,,,
7152000,Grossmesser,Storm,,0,0,0,0,0,0,0,,,,,,,
18110000,Guardian's Spearblade (straight sword),Standard,,0,0,0,0,0,0,0,,,,,,,
18001700,Halberd,Aberrant,105111,82,0,0,0,0,0,0,1,,,,,,
18001000,Halberd,Bestial,,0,0,0,0,0,0,0,,,,,,,
18001800,Halberd,Bloodflame,105111,82,0,0,0,0,0,0,1,,,,,,
18001400,Halberd,Death,108111,0,0,0,0,0,0,100,,,,,,,1
18000900,Halberd,Draconic,,0,0,0,0,0,0,0,,,,,,,
18000500,Halberd,Dragonkin,107611,0,100,0,0,0,0,0,,1,,,,,
18000700,Halberd,Flame,108500,0,0,0,0,0,0,0,,,,,,,
18001300,Halberd,Frenzy,6754,0,0,0,0,0,75,0,,,,,,1,
18001600,Halberd,Frost,107611,0,100,0,0,0,0,0,,1,,,,,
18000400,Halberd,Glint,,0,0,0,0,0,0,0,,,,,,,
18001500,Halberd,Godslayer,1620000,0,0,0,0,0,0,0,,,,,,,
18000800,Halberd,Golden,,0,0,0,0,0,0,0,,,,,,,
18000600,Halberd,Gravity,,0,0,0,0,0,0,0,,,,,,,
18000100,Halberd,Heavy,,0,0,0,0,0,0,0,,,,,,,
18000200,Halberd,Keen,,0,0,0,0,0,0,0,,,,,,,
18001200,Halberd,Lava,,0,0,0,0,0,0,0,,,,,,,
18002100,Halberd,Mystic,105611,0,0,0,0,95,0,0,,,,,1,,
18001100,Halberd,Night,,0,0,0,0,0,0,0,,,,,,,
18000300,Halberd,Quality,,0,0,0,0,0,0,0,,,,,,,
18001900,Halberd,Rotten,106111,0,0,95,0,0,0,0,,,1,,,,
18000000,Halberd,Standard,,0,0,0,0,0,0,0,,,,,,,
18002000,Halberd,Storm,,0,0,0,0,0,0,0,,,,,,,
18250000,Halberd of Archea,Standard,,0,0,0,0,0,0,0,,,,,,,
32280000,Haligtree Crest Greatshield,Standard,,0,0,0,0,0,0,0,,,,,,,
19020000,Halo Scythe,Standard,6402,55,0,0,0,0,0,0,1,,,,,,
11081700,Hammer,Aberrant,105015,72,0,0,0,0,0,0,1,,,,,,
11081000,Hammer,Bestial,,0,0,0,0,0,0,0,,,,,,,
11081800,Hammer,Bloodflame,105015,72,0,0,0,0,0,0,1,,,,,,
11081400,Hammer,Death,108015,0,0,0,0,0,0,89,,,,,,,1
11080900,Hammer,Draconic,,0,0,0,0,0,0,0,,,,,,,
11080500,Hammer,Dragonkin,107515,0,89,0,0,0,0,0,,1,,,,,
11080700,Hammer,Flame,108500,0,0,0,0,0,0,0,,,,,,,
11081300,Hammer,Frenzy,6753,0,0,0,0,0,70,0,,,,,,1,
11081600,Hammer,Frost,107515,0,89,0,0,0,0,0,,1,,,,,
11080400,Hammer,Glint,,0,0,0,0,0,0,0,,,,,,,
11081500,Hammer,Godslayer,1620000,0,0,0,0,0,0,0,,,,,,,
11080800,Hammer,Golden,,0,0,0,0,0,0,0,,,,,,,
11080600,Hammer,Gravity,,0,0,0,0,0,0,0,,,,,,,
11080100,Hammer,Heavy,,0,0,0,0,0,0,0,,,,,,,
11080200,Hammer,Keen,,0,0,0,0,0,0,0,,,,,,,
11081200,Hammer,Lava,,0,0,0,0,0,0,0,,,,,,,
11082100,Hammer,Mystic,105515,0,0,0,0,83,0,0,,,,,1,,
11081100,Hammer,Night,,0,0,0,0,0,0,0,,,,,,,
11080300,Hammer,Quality,,0,0,0,0,0,0,0,,,,,,,
11081900,Hammer,Rotten,106015,0,0,83,0,0,0,0,,,1,,,,
11080000,Hammer,Standard,,0,0,0,0,0,0,0,,,,,,,
11082000,Hammer,Storm,,0,0,0,0,0,0,0,,,,,,,
11180000,Hammer of Virtue,Standard,,0,0,0,0,0,0,0,,,,,,,
14021700,Hand Axe,Aberrant,105015,72,0,0,0,0,0,0,1,,,,,,
14021000,Hand Axe,Bestial,,0,0,0,0,0,0,0,,,,,,,
14021800,Hand Axe,Bloodflame,105015,72,0,0,0,0,0,0,1,,,,,,
14021400,Hand Axe,Death,108015,0,0,0,0,0,0,89,,,,,,,1
14020900,Hand Axe,Draconic,,0,0,0,0,0,0,0,,,,,,,
14020500,Hand Axe,Dragonkin,107515,0,89,0,0,0,0,0,,1,,,,,
14020700,Hand Axe,Flame,108500,0,0,0,0,0,0,0,,,,,,,
14021300,Hand Axe,Frenzy,6753,0,0,0,0,0,70,0,,,,,,1,
14021600,Hand Axe,Frost,107515,0,89,0,0,0,0,0,,1,,,,,
14020400,Hand Axe,Glint,,0,0,0,0,0,0,0,,,,,,,
14021500,Hand Axe,Godslayer,1620000,0,0,0,0,0,0,0,,,,,,,
14020800,Hand Axe,Golden,,0,0,0,0,0,0,0,,,,,,,
14020600,Hand Axe,Gravity,,0,0,0,0,0,0,0,,,,,,,
14020100,Hand Axe,Heavy,,0,0,0,0,0,0,0,,,,,,,
14020200,Hand Axe,Keen,,0,0,0,0,0,0,0,,,,,,,
14021200,Hand Axe,Lava,,0,0,0,0,0,0,0,,,,,,,
14022100,Hand Axe,Mystic,105515,0,0,0,0,83,0,0,,,,,1,,
14021100,Hand Axe,Night,,0,0,0,0,0,0,0,,,,,,,
14020300,Hand Axe,Quality,,0,0,0,0,0,0,0,,,,,,,
14021900,Hand Axe,Rotten,106015,0,0,83,0,0,0,0,,,1,,,,
14020000,Hand Axe,Standard,,0,0,0,0,0,0,0,,,,,,,
14022000,Hand Axe,Storm,,0,0,0,0,0,0,0,,,,,,,
44000000,Hand Ballista,Standard,,0,0,0,0,0,0,0,,,,,,,
9020000,Hand of Malenia,Standard,6410|6604|50030,50,0,0,70,0,0,0,1,,,1,,,
40030000,Harp Bow,Standard,1940,0,0,0,0,0,0,0,,,,,,,
31270000,Hawk Crest Wooden Shield,Standard,,0,0,0,0,0,0,0,,,,,,,
31330000,Heater Shield,Standard,,0,0,0,0,0,0,0,,,,,,,
43030000,Heavy Crossbow,Standard,,0,0,0,0,0,0,0,,,,,,,
3130000,Helphen's Steeple,Standard,107611,0,100,0,0,0,0,0,,1,,,,,
14101700,Highland Axe,Aberrant,105015,72,0,0,0,0,0,0,1,,,,,,
14101000,Highland Axe,Bestial,,0,0,0,0,0,0,0,,,,,,,
14101800,Highland Axe,Bloodflame,105015,72,0,0,0,0,0,0,1,,,,,,
14101400,Highland Axe,Death,108015,0,0,0,0,0,0,89,,,,,,,1
14100900,Highland Axe,Draconic,,0,0,0,0,0,0,0,,,,,,,
14100500,Highland Axe,Dragonkin,107515,0,89,0,0,0,0,0,,1,,,,,
14100700,Highland Axe,Flame,108500,0,0,0,0,0,0,0,,,,,,,
14101300,Highland Axe,Frenzy,6753,0,0,0,0,0,70,0,,,,,,1,
14101600,Highland Axe,Frost,107515,0,89,0,0,0,0,0,,1,,,,,
14100400,Highland Axe,Glint,,0,0,0,0,0,0,0,,,,,,,
14101500,Highland Axe,Godslayer,1620000,0,0,0,0,0,0,0,,,,,,,
14100800,Highland Axe,Golden,,0,0,0,0,0,0,0,,,,,,,
14100600,Highland Axe,Gravity,,0,0,0,0,0,0,0,,,,,,,
14100100,Highland Axe,Heavy,,0,0,0,0,0,0,0,,,,,,,
14100200,Highland Axe,Keen,,0,0,0,0,0,0,0,,,,,,,
14101200,Highland Axe,Lava,,0,0,0,0,0,0,0,,,,,,,
14102100,Highland Axe,Mystic,105515,0,0,0,0,83,0,0,,,,,1,,
14101100,Highland Axe,Night,,0,0,0,0,0,0,0,,,,,,,
14100300,Highland Axe,Quality,,0,0,0,0,0,0,0,,,,,,,
14101900,Highland Axe,Rotten,106015,0,0,83,0,0,0,0,,,1,,,,
14100000,Highland Axe,Standard,,0,0,0,0,0,0,0,,,,,,,
14102000,Highland Axe,Storm,,0,0,0,0,0,0,0,,,,,,,
22001700,Hookclaws,Aberrant,105011,68,0,0,0,0,0,0,1,,,,,,
22001000,Hookclaws,Bestial,,0,0,0,0,0,0,0,,,,,,,
22001800,Hookclaws,Bloodflame,105011,68,0,0,0,0,0,0,1,,,,,,
22001400,Hookclaws,Death,108011,0,0,0,0,0,0,83,,,,,,,1
22000900,Hookclaws,Draconic,,0,0,0,0,0,0,0,,,,,,,
22000500,Hookclaws,Dragonkin,107511,0,83,0,0,0,0,0,,1,,,,,
22000700,Hookclaws,Flame,108500,0,0,0,0,0,0,0,,,,,,,
22001300,Hookclaws,Frenzy,6752,0,0,0,0,0,65,0,,,,,,1,
22001600,Hookclaws,Frost,107511,0,83,0,0,0,0,0,,1,,,,,
22000400,Hookclaws,Glint,,0,0,0,0,0,0,0,,,,,,,
22001500,Hookclaws,Godslayer,1620000,0,0,0,0,0,0,0,,,,,,,
22000800,Hookclaws,Golden,,0,0,0,0,0,0,0,,,,,,,
22000600,Hookclaws,Gravity,,0,0,0,0,0,0,0,,,,,,,
22000100,Hookclaws,Heavy,,0,0,0,0,0,0,0,,,,,,,
22000200,Hookclaws,Keen,,0,0,0,0,0,0,0,,,,,,,
22001200,Hookclaws,Lava,,0,0,0,0,0,0,0,,,,,,,
22002100,Hookclaws,Mystic,105561,0,0,0,0,79,0,0,,,,,1,,
22001100,Hookclaws,Night,,0,0,0,0,0,0,0,,,,,,,
22000300,Hookclaws,Quality,,0,0,0,0,0,0,0,,,,,,,
22001900,Hookclaws,Rotten,106011,0,0,79,0,0,0,0,,,1,,,,
22000000,Hookclaws,Standard,,0,0,0,0,0,0,0,,,,,,,
22002000,Hookclaws,Storm,,0,0,0,0,0,0,0,,,,,,,
41020000,Horn Bow,Standard,1940,0,0,0,0,0,0,0,,,,,,,
8520000,Horned Warrior's Greatsword,Standard,,0,0,0,0,0,0,0,,,,,,,
7530000,Horned Warrior's Sword,Standard,,0,0,0,0,0,0,0,,,,,,,
31240000,Horse Crest Wooden Shield,Standard,,0,0,0,0,0,0,0,,,,,,,
20050000,Hoslow's Petal Whip,Standard,105168,91,0,0,0,0,0,0,1,,,,,,
30140000,Ice Crest Shield,Standard,5019000,0,0,0,0,0,0,0,,,,,,,
14080000,Icerind Hatchet,Standard,107515,0,89,0,0,0,0,0,,1,,,,,
32140000,Icon Shield,Standard,5321400,0,0,0,0,0,0,0,,,,,,,
42500000,Igon's Greatbow,Standard,5425000,0,0,0,0,0,0,0,,,,,,,
16130000,Inquisitor's Girandole,Standard,6410,50,0,0,0,0,0,0,1,,,,,,
2090000,Inseparable Sword,Standard,,0,0,0,0,0,0,0,,,,,,,
31320000,Inverted Hawk Heater Shield,Standard,,0,0,0,0,0,0,0,,,,,,,
32210000,Inverted Hawk Towershield,Standard,,0,0,0,0,0,0,0,,,,,,,
21071700,Iron Ball,Aberrant,105011,68,0,0,0,0,0,0,1,,,,,,
21071000,Iron Ball,Bestial,,0,0,0,0,0,0,0,,,,,,,
21071800,Iron Ball,Bloodflame,105011,68,0,0,0,0,0,0,1,,,,,,
21071400,Iron Ball,Death,108011,0,0,0,0,0,0,83,,,,,,,1
21070900,Iron Ball,Draconic,,0,0,0,0,0,0,0,,,,,,,
21070500,Iron Ball,Dragonkin,107511,0,83,0,0,0,0,0,,1,,,,,
21070700,Iron Ball,Flame,108500,0,0,0,0,0,0,0,,,,,,,
21071300,Iron Ball,Frenzy,6752,0,0,0,0,0,65,0,,,,,,1,
21071600,Iron Ball,Frost,107511,0,83,0,0,0,0,0,,1,,,,,
21070400,Iron Ball,Glint,,0,0,0,0,0,0,0,,,,,,,
21071500,Iron Ball,Godslayer,1620000,0,0,0,0,0,0,0,,,,,,,
21070800,Iron Ball,Golden,,0,0,0,0,0,0,0,,,,,,,
21070600,Iron Ball,Gravity,,0,0,0,0,0,0,0,,,,,,,
21070100,Iron Ball,Heavy,,0,0,0,0,0,0,0,,,,,,,
21070200,Iron Ball,Keen,,0,0,0,0,0,0,0,,,,,,,
21071200,Iron Ball,Lava,,0,0,0,0,0,0,0,,,,,,,
21072100,Iron Ball,Mystic,105561,0,0,0,0,79,0,0,,,,,1,,
21071100,Iron Ball,Night,,0,0,0,0,0,0,0,,,,,,,
21070300,Iron Ball,Quality,,0,0,0,0,0,0,0,,,,,,,
21071900,Iron Ball,Rotten,106011,0,0,79,0,0,0,0,,,1,,,,
21070000,Iron Ball,Standard,,0,0,0,0,0,0,0,,,,,,,
21072000,Iron Ball,Storm,,0,0,0,0,0,0,0,,,,,,,
14041700,Iron Cleaver,Aberrant,105015,72,0,0,0,0,0,0,1,,,,,,
14041000,Iron Cleaver,Bestial,,0,0,0,0,0,0,0,,,,,,,
14041800,Iron Cleaver,Bloodflame,105015,72,0,0,0,0,0,0,1,,,,,,
14041400,Iron Cleaver,Death,108015,0,0,0,0,0,0,89,,,,,,,1
14040900,Iron Cleaver,Draconic,,0,0,0,0,0,0,0,,,,,,,
14040500,Iron Cleaver,Dragonkin,107515,0,89,0,0,0,0,0,,1,,,,,
14040700,Iron Cleaver,Flame,108500,0,0,0,0,0,0,0,,,,,,,
14041300,Iron Cleaver,Frenzy,6753,0,0,0,0,0,70,0,,,,,,1,
14041600,Iron Cleaver,Frost,107515,0,89,0,0,0,0,0,,1,,,,,
14040400,Iron Cleaver,Glint,,0,0,0,0,0,0,0,,,,,,,
14041500,Iron Cleaver,Godslayer,1620000,0,0,0,0,0,0,0,,,,,,,
14040800,Iron Cleaver,Golden,,0,0,0,0,0,0,0,,,,,,,
14040600,Iron Cleaver,Gravity,,0,0,0,0,0,0,0,,,,,,,
14040100,Iron Cleaver,Heavy,,0,0,0,0,0,0,0,,,,,,,
14040200,Iron Cleaver,Keen,,0,0,0,0,0,0,0,,,,,,,
14041200,Iron Cleaver,Lava,,0,0,0,0,0,0,0,,,,,,,
14042100,Iron Cleaver,Mystic,105515,0,0,0,0,83,0,0,,,,,1,,
14041100,Iron Cleaver,Night,,0,0,0,0,0,0,0,,,,,,,
14040300,Iron Cleaver,Quality,,0,0,0,0,0,0,0,,,,,,,
14041900,Iron Cleaver,Rotten,106015,0,0,83,0,0,0,0,,,1,,,,
14040000,Iron Cleaver,Standard,,0,0,0,0,0,0,0,,,,,,,
14042000,Iron Cleaver,Storm,,0,0,0,0,0,0,0,,,,,,,
3021700,Iron Greatsword,Aberrant,105111,82,0,0,0,0,0,0,1,,,,,,
3021000,Iron Greatsword,Bestial,,0,0,0,0,0,0,0,,,,,,,
3021800,Iron Greatsword,Bloodflame,105111,82,0,0,0,0,0,0,1,,,,,,
3021400,Iron Greatsword,Death,108111,0,0,0,0,0,0,100,,,,,,,1
3020900,Iron Greatsword,Draconic,,0,0,0,0,0,0,0,,,,,,,
3020500,Iron Greatsword,Dragonkin,107611,0,100,0,0,0,0,0,,1,,,,,
3020700,Iron Greatsword,Flame,108500,0,0,0,0,0,0,0,,,,,,,
3021300,Iron Greatsword,Frenzy,6754,0,0,0,0,0,75,0,,,,,,1,
3021600,Iron Greatsword,Frost,107611,0,100,0,0,0,0,0,,1,,,,,
3020400,Iron Greatsword,Glint,,0,0,0,0,0,0,0,,,,,,,
3021500,Iron Greatsword,Godslayer,1620000,0,0,0,0,0,0,0,,,,,,,
3020800,Iron Greatsword,Golden,,0,0,0,0,0,0,0,,,,,,,
3020600,Iron Greatsword,Gravity,,0,0,0,0,0,0,0,,,,,,,
3020100,Iron Greatsword,Heavy,,0,0,0,0,0,0,0,,,,,,,
3020200,Iron Greatsword,Keen,,0,0,0,0,0,0,0,,,,,,,
3021200,Iron Greatsword,Lava,,0,0,0,0,0,0,0,,,,,,,
3022100,Iron Greatsword,Mystic,105611,0,0,0,0,95,0,0,,,,,1,,
3021100,Iron Greatsword,Night,,0,0,0,0,0,0,0,,,,,,,
3020300,Iron Greatsword,Quality,,0,0,0,0,0,0,0,,,,,,,
3021900,Iron Greatsword,Rotten,106111,0,0,95,0,0,0,0,,,1,,,,
3020000,Iron Greatsword,Standard,,0,0,0,0,0,0,0,,,,,,,
3022000,Iron Greatsword,Storm,,0,0,0,0,0,0,0,,,,,,,
30120000,Iron Roundshield,Standard,,0,0,0,0,0,0,0,,,,,,,
16151700,Iron Spear,Aberrant,105013,70,0,0,0,0,0,0,1,,,,,,
16151000,Iron Spear,Bestial,,0,0,0,0,0,0,0,,,,,,,
16151800,Iron Spear,Bloodflame,105013,70,0,0,0,0,0,0,1,,,,,,
16151400,Iron Spear,Death,108013,0,0,0,0,0,0,86,,,,,,,1
16150900,Iron Spear,Draconic,,0,0,0,0,0,0,0,,,,,,,
16150500,Iron Spear,Dragonkin,107513,0,86,0,0,0,0,0,,1,,,,,
16150700,Iron Spear,Flame,108500,0,0,0,0,0,0,0,,,,,,,
16151300,Iron Spear,Frenzy,6756,0,0,0,0,0,68,0,,,,,,1,
16151600,Iron Spear,Frost,107513,0,86,0,0,0,0,0,,1,,,,,
16150400,Iron Spear,Glint,,0,0,0,0,0,0,0,,,,,,,
16151500,Iron Spear,Godslayer,1620000,0,0,0,0,0,0,0,,,,,,,
16150800,Iron Spear,Golden,,0,0,0,0,0,0,0,,,,,,,
16150600,Iron Spear,Gravity,,0,0,0,0,0,0,0,,,,,,,
16150100,Iron Spear,Heavy,,0,0,0,0,0,0,0,,,,,,,
16150200,Iron Spear,Keen,,0,0,0,0,0,0,0,,,,,,,
16151200,Iron Spear,Lava,,0,0,0,0,0,0,0,,,,,,,
16152100,Iron Spear,Mystic,105563,0,0,0,0,81,0,0,,,,,1,,
16151100,Iron Spear,Night,,0,0,0,0,0,0,0,,,,,,,
16150300,Iron Spear,Quality,,0,0,0,0,0,0,0,,,,,,,
16151900,Iron Spear,Rotten,106013,0,0,81,0,0,0,0,,,1,,,,
16150000,Iron Spear,Standard,,0,0,0,0,0,0,0,,,,,,,
16152000,Iron Spear,Storm,,0,0,0,0,0,0,0,,,,,,,
1130000,Ivory Sickle,Standard,6752|5015000,0,0,0,0,0,65,0,,,,,,1,
44010000,Jar Cannon,Standard,,0,0,0,0,0,0,0,,,,,,,
14030000,Jawbone Axe,Standard,105515,0,0,0,0,83,0,0,,,,,1,,
32120000,Jellyfish Shield,Standard,,0,0,0,0,0,0,0,,,,,,,
21101700,Katar,Aberrant,105011,68,0,0,0,0,0,0,1,,,,,,
21101000,Katar,Bestial,,0,0,0,0,0,0,0,,,,,,,
21101800,Katar,Bloodflame,105011,68,0,0,0,0,0,0,1,,,,,,
21101400,Katar,Death,108011,0,0,0,0,0,0,83,,,,,,,1
21100900,Katar,Draconic,,0,0,0,0,0,0,0,,,,,,,
21100500,Katar,Dragonkin,107511,0,83,0,0,0,0,0,,1,,,,,
21100700,Katar,Flame,108500,0,0,0,0,0,0,0,,,,,,,
21101300,Katar,Frenzy,6752,0,0,0,0,0,65,0,,,,,,1,
21101600,Katar,Frost,107511,0,83,0,0,0,0,0,,1,,,,,
21100400,Katar,Glint,,0,0,0,0,0,0,0,,,,,,,
21101500,Katar,Godslayer,1620000,0,0,0,0,0,0,0,,,,,,,
21100800,Katar,Golden,,0,0,0,0,0,0,0,,,,,,,
21100600,Katar,Gravity,,0,0,0,0,0,0,0,,,,,,,
21100100,Katar,Heavy,,0,0,0,0,0,0,0,,,,,,,
21100200,Katar,Keen,,0,0,0,0,0,0,0,,,,,,,
21101200,Katar,Lava,,0,0,0,0,0,0,0,,,,,,,
21102100,Katar,Mystic,105561,0,0,0,0,79,0,0,,,,,1,,
21101100,Katar,Night,,0,0,0,0,0,0,0,,,,,,,
21100300,Katar,Quality,,0,0,0,0,0,0,0,,,,,,,
21101900,Katar,Rotten,106011,0,0,79,0,0,0,0,,,1,,,,
21100000,Katar,Standard,,0,0,0,0,0,0,0,,,,,,,
21102000,Katar,Storm,,0,0,0,0,0,0,0,,,,,,,
31000000,Kite Shield,Standard,,0,0,0,0,0,0,0,,,,,,,
3041700,Knight's Greatsword,Aberrant,105111,82,0,0,0,0,0,0,1,,,,,,
3041000,Knight's Greatsword,Bestial,,0,0,0,0,0,0,0,,,,,,,
3041800,Knight's Greatsword,Bloodflame,105111,82,0,0,0,0,0,0,1,,,,,,
3041400,Knight's Greatsword,Death,108111,0,0,0,0,0,0,100,,,,,,,1
3040900,Knight's Greatsword,Draconic,,0,0,0,0,0,0,0,,,,,,,
3040500,Knight's Greatsword,Dragonkin,107611,0,100,0,0,0,0,0,,1,,,,,
3040700,Knight's Greatsword,Flame,108500,0,0,0,0,0,0,0,,,,,,,
3041300,Knight's Greatsword,Frenzy,6754,0,0,0,0,0,75,0,,,,,,1,
3041600,Knight's Greatsword,Frost,107611,0,100,0,0,0,0,0,,1,,,,,
3040400,Knight's Greatsword,Glint,,0,0,0,0,0,0,0,,,,,,,
3041500,Knight's Greatsword,Godslayer,1620000,0,0,0,0,0,0,0,,,,,,,
3040800,Knight's Greatsword,Golden,,0,0,0,0,0,0,0,,,,,,,
3040600,Knight's Greatsword,Gravity,,0,0,0,0,0,0,0,,,,,,,
3040100,Knight's Greatsword,Heavy,,0,0,0,0,0,0,0,,,,,,,
3040200,Knight's Greatsword,Keen,,0,0,0,0,0,0,0,,,,,,,
3041200,Knight's Greatsword,Lava,,0,0,0,0,0,0,0,,,,,,,
3042100,Knight's Greatsword,Mystic,105611,0,0,0,0,95,0,0,,,,,1,,
3041100,Knight's Greatsword,Night,,0,0,0,0,0,0,0,,,,,,,
3040300,Knight's Greatsword,Quality,,0,0,0,0,0,0,0,,,,,,,
3041900,Knight's Greatsword,Rotten,106111,0,0,95,0,0,0,0,,,1,,,,
3040000,Knight's Greatsword,Standard,,0,0,0,0,0,0,0,,,,,,,
3042000,Knight's Greatsword,Storm,,0,0,0,0,0,0,0,,,,,,,
67540000,Konrad's Bloodletter,Standard,105013,70,0,0,0,0,0,0,1,,,,,,
24510000,Lamenting Visage,Standard,415|5245100,0,0,0,0,0,0,0,,,,,,,
17061700,Lance,Aberrant,105111,82,0,0,0,0,0,0,1,,,,,,
17061000,Lance,Bestial,,0,0,0,0,0,0,0,,,,,,,
17061800,Lance,Bloodflame,105111,82,0,0,0,0,0,0,1,,,,,,
17061400,Lance,Death,108111,0,0,0,0,0,0,100,,,,,,,1
17060900,Lance,Draconic,,0,0,0,0,0,0,0,,,,,,,
17060500,Lance,Dragonkin,107611,0,100,0,0,0,0,0,,1,,,,,
17060700,Lance,Flame,108500,0,0,0,0,0,0,0,,,,,,,
17061300,Lance,Frenzy,6754,0,0,0,0,0,75,0,,,,,,1,
17061600,Lance,Frost,107611,0,100,0,0,0,0,0,,1,,,,,
17060400,Lance,Glint,,0,0,0,0,0,0,0,,,,,,,
17061500,Lance,Godslayer,1620000,0,0,0,0,0,0,0,,,,,,,
17060800,Lance,Golden,,0,0,0,0,0,0,0,,,,,,,
17060600,Lance,Gravity,,0,0,0,0,0,0,0,,,,,,,
17060100,Lance,Heavy,,0,0,0,0,0,0,0,,,,,,,
17060200,Lance,Keen,,0,0,0,0,0,0,0,,,,,,,
17061200,Lance,Lava,,0,0,0,0,0,0,0,,,,,,,
17062100,Lance,Mystic,105611,0,0,0,0,95,0,0,,,,,1,,
17061100,Lance,Night,,0,0,0,0,0,0,0,,,,,,,
17060300,Lance,Quality,,0,0,0,0,0,0,0,,,,,,,
17061900,Lance,Rotten,106111,0,0,95,0,0,0,0,,,1,,,,
17060000,Lance,Standard,,0,0,0,0,0,0,0,,,,,,,
17062000,Lance,Storm,,0,0,0,0,0,0,0,,,,,,,
12001700,Large Club,Aberrant,105111,82,0,0,0,0,0,0,1,,,,,,
12001000,Large Club,Bestial,,0,0,0,0,0,0,0,,,,,,,
12001800,Large Club,Bloodflame,105111,82,0,0,0,0,0,0,1,,,,,,
12001400,Large Club,Death,108111,0,0,0,0,0,0,100,,,,,,,1
12000900,Large Club,Draconic,,0,0,0,0,0,0,0,,,,,,,
12000500,Large Club,Dragonkin,107611,0,100,0,0,0,0,0,,1,,,,,
12000700,Large Club,Flame,108500,0,0,0,0,0,0,0,,,,,,,
12001300,Large Club,Frenzy,6754,0,0,0,0,0,75,0,,,,,,1,
12001600,Large Club,Frost,107611,0,100,0,0,0,0,0,,1,,,,,
12000400,Large Club,Glint,,0,0,0,0,0,0,0,,,,,,,
12001500,Large Club,Godslayer,1620000,0,0,0,0,0,0,0,,,,,,,
12000800,Large Club,Golden,,0,0,0,0,0,0,0,,,,,,,
12000600,Large Club,Gravity,,0,0,0,0,0,0,0,,,,,,,
12000100,Large Club,Heavy,,0,0,0,0,0,0,0,,,,,,,
12000200,Large Club,Keen,,0,0,0,0,0,0,0,,,,,,,
12001200,Large Club,Lava,,0,0,0,0,0,0,0,,,,,,,
12002100,Large Club,Mystic,105611,0,0,0,0,95,0,0,,,,,1,,
12001100,Large Club,Night,,0,0,0,0,0,0,0,,,,,,,
12000300,Large Club,Quality,,0,0,0,0,0,0,0,,,,,,,
12001900,Large Club,Rotten,106111,0,0,95,0,0,0,0,,,1,,,,
12000000,Large Club,Standard,,0,0,0,0,0,0,0,,,,,,,
12002000,Large Club,Storm,,0,0,0,0,0,0,0,,,,,,,
31230000,Large Leather Shield,Standard,,0,0,0,0,0,0,0,,,,,,,
33330000,Lavastone Staff,Standard,,0,0,0,0,0,0,0,,,,,,,
11020000,Leaden Maul,Standard,,0,0,0,0,0,0,0,,,,,,,
67510000,Leda's Sword,Standard,,0,0,0,0,0,0,0,,,,,,,
43020000,Light Crossbow,Standard,,0,0,0,0,0,0,0,,,,,,,
61530000,Lightning Perfume Bottle,Standard,,0,0,0,0,0,0,0,,,,,,,
42000000,Lion Greatbow,Standard,1937,0,0,0,0,0,0,0,,,,,,,
3521700,Lizard Greatsword,Aberrant,105111,82,0,0,0,0,0,0,1,,,,,,
3521000,Lizard Greatsword,Bestial,,0,0,0,0,0,0,0,,,,,,,
3521800,Lizard Greatsword,Bloodflame,105111,82,0,0,0,0,0,0,1,,,,,,
3521400,Lizard Greatsword,Death,108111,0,0,0,0,0,0,100,,,,,,,1
3520900,Lizard Greatsword,Draconic,,0,0,0,0,0,0,0,,,,,,,
3520500,Lizard Greatsword,Dragonkin,107611,0,100,0,0,0,0,0,,1,,,,,
3520700,Lizard Greatsword,Flame,108500,0,0,0,0,0,0,0,,,,,,,
3521300,Lizard Greatsword,Frenzy,6754,0,0,0,0,0,75,0,,,,,,1,
3521600,Lizard Greatsword,Frost,107611,0,100,0,0,0,0,0,,1,,,,,
3520400,Lizard Greatsword,Glint,,0,0,0,0,0,0,0,,,,,,,
3521500,Lizard Greatsword,Godslayer,1620000,0,0,0,0,0,0,0,,,,,,,
3520800,Lizard Greatsword,Golden,,0,0,0,0,0,0,0,,,,,,,
3520600,Lizard Greatsword,Gravity,,0,0,0,0,0,0,0,,,,,,,
3520100,Lizard Greatsword,Heavy,,0,0,0,0,0,0,0,,,,,,,
3520200,Lizard Greatsword,Keen,,0,0,0,0,0,0,0,,,,,,,
3521200,Lizard Greatsword,Lava,,0,0,0,0,0,0,0,,,,,,,
3522100,Lizard Greatsword,Mystic,105611,0,0,0,0,95,0,0,,,,,1,,
3521100,Lizard Greatsword,Night,,0,0,0,0,0,0,0,,,,,,,
3520300,Lizard Greatsword,Quality,,0,0,0,0,0,0,0,,,,,,,
3521900,Lizard Greatsword,Rotten,106111,0,0,95,0,0,0,0,,,1,,,,
3520000,Lizard Greatsword,Standard,,0,0,0,0,0,0,0,,,,,,,
3522000,Lizard Greatsword,Storm,,0,0,0,0,0,0,0,,,,,,,
23160000,Lodestone of Gelmir,Standard,,0,0,0,0,0,0,0,,,,,,,
41000000,Longbow,Standard,1940,0,0,0,0,0,0,0,,,,,,,
15051700,Longhaft Axe,Aberrant,105111,82,0,0,0,0,0,0,1,,,,,,
15051000,Longhaft Axe,Bestial,,0,0,0,0,0,0,0,,,,,,,
15051800,Longhaft Axe,Bloodflame,105111,82,0,0,0,0,0,0,1,,,,,,
15051400,Longhaft Axe,Death,108111,0,0,0,0,0,0,100,,,,,,,1
15050900,Longhaft Axe,Draconic,,0,0,0,0,0,0,0,,,,,,,
15050500,Longhaft Axe,Dragonkin,107611,0,100,0,0,0,0,0,,1,,,,,
15050700,Longhaft Axe,Flame,108500,0,0,0,0,0,0,0,,,,,,,
15051300,Longhaft Axe,Frenzy,6754,0,0,0,0,0,75,0,,,,,,1,
15051600,Longhaft Axe,Frost,107611,0,100,0,0,0,0,0,,1,,,,,
15050400,Longhaft Axe,Glint,,0,0,0,0,0,0,0,,,,,,,
15051500,Longhaft Axe,Godslayer,1620000,0,0,0,0,0,0,0,,,,,,,
15050800,Longhaft Axe,Golden,,0,0,0,0,0,0,0,,,,,,,
15050600,Longhaft Axe,Gravity,,0,0,0,0,0,0,0,,,,,,,
15050100,Longhaft Axe,Heavy,,0,0,0,0,0,0,0,,,,,,,
15050200,Longhaft Axe,Keen,,0,0,0,0,0,0,0,,,,,,,
15051200,Longhaft Axe,Lava,,0,0,0,0,0,0,0,,,,,,,
15052100,Longhaft Axe,Mystic,105611,0,0,0,0,95,0,0,,,,,1,,
15051100,Longhaft Axe,Night,,0,0,0,0,0,0,0,,,,,,,
15050300,Longhaft Axe,Quality,,0,0,0,0,0,0,0,,,,,,,
15051900,Longhaft Axe,Rotten,106111,0,0,95,0,0,0,0,,,1,,,,
15050000,Longhaft Axe,Standard,,0,0,0,0,0,0,0,,,,,,,
15052000,Longhaft Axe,Storm,,0,0,0,0,0,0,0,,,,,,,
2001700,Longsword,Aberrant,105013,70,0,0,0,0,0,0,1,,,,,,
2001000,Longsword,Bestial,,0,0,0,0,0,0,0,,,,,,,
2001800,Longsword,Bloodflame,105013,70,0,0,0,0,0,0,1,,,,,,
2001400,Longsword,Death,108013,0,0,0,0,0,0,86,,,,,,,1
2000900,Longsword,Draconic,,0,0,0,0,0,0,0,,,,,,,
2000500,Longsword,Dragonkin,107513,0,86,0,0,0,0,0,,1,,,,,
2000700,Longsword,Flame,108500,0,0,0,0,0,0,0,,,,,,,
2001300,Longsword,Frenzy,6756,0,0,0,0,0,68,0,,,,,,1,
2001600,Longsword,Frost,107513,0,86,0,0,0,0,0,,1,,,,,
2000400,Longsword,Glint,,0,0,0,0,0,0,0,,,,,,,
2001500,Longsword,Godslayer,1620000,0,0,0,0,0,0,0,,,,,,,
2000800,Longsword,Golden,,0,0,0,0,0,0,0,,,,,,,
2000600,Longsword,Gravity,,0,0,0,0,0,0,0,,,,,,,
2000100,Longsword,Heavy,,0,0,0,0,0,0,0,,,,,,,
2000200,Longsword,Keen,,0,0,0,0,0,0,0,,,,,,,
2001200,Longsword,Lava,,0,0,0,0,0,0,0,,,,,,,
2002100,Longsword,Mystic,105563,0,0,0,0,81,0,0,,,,,1,,
2001100,Longsword,Night,,0,0,0,0,0,0,0,,,,,,,
2000300,Longsword,Quality,,0,0,0,0,0,0,0,,,,,,,
2001900,Longsword,Rotten,106013,0,0,81,0,0,0,0,,,1,,,,
2000000,Longsword,Standard,,0,0,0,0,0,0,0,,,,,,,
2002000,Longsword,Storm,,0,0,0,0,0,0,0,,,,,,,
3031700,Lordsworn's Greatsword,Aberrant,105111,82,0,0,0,0,0,0,1,,,,,,
3031000,Lordsworn's Greatsword,Bestial,,0,0,0,0,0,0,0,,,,,,,
3031800,Lordsworn's Greatsword,Bloodflame,105111,82,0,0,0,0,0,0,1,,,,,,
3031400,Lordsworn's Greatsword,Death,108111,0,0,0,0,0,0,100,,,,,,,1
3030900,Lordsworn's Greatsword,Draconic,,0,0,0,0,0,0,0,,,,,,,
3030500,Lordsworn's Greatsword,Dragonkin,107611,0,100,0,0,0,0,0,,1,,,,,
3030700,Lordsworn's Greatsword,Flame,108500,0,0,0,0,0,0,0,,,,,,,
3031300,Lordsworn's Greatsword,Frenzy,6754,0,0,0,0,0,75,0,,,,,,1,
3031600,Lordsworn's Greatsword,Frost,107611,0,100,0,0,0,0,0,,1,,,,,
3030400,Lordsworn's Greatsword,Glint,,0,0,0,0,0,0,0,,,,,,,
3031500,Lordsworn's Greatsword,Godslayer,1620000,0,0,0,0,0,0,0,,,,,,,
3030800,Lordsworn's Greatsword,Golden,,0,0,0,0,0,0,0,,,,,,,
3030600,Lordsworn's Greatsword,Gravity,,0,0,0,0,0,0,0,,,,,,,
3030100,Lordsworn's Greatsword,Heavy,,0,0,0,0,0,0,0,,,,,,,
3030200,Lordsworn's Greatsword,Keen,,0,0,0,0,0,0,0,,,,,,,
3031200,Lordsworn's Greatsword,Lava,,0,0,0,0,0,0,0,,,,,,,
3032100,Lordsworn's Greatsword,Mystic,105611,0,0,0,0,95,0,0,,,,,1,,
3031100,Lordsworn's Greatsword,Night,,0,0,0,0,0,0,0,,,,,,,
3030300,Lordsworn's Greatsword,Quality,,0,0,0,0,0,0,0,,,,,,,
3031900,Lordsworn's Greatsword,Rotten,106111,0,0,95,0,0,0,0,,,1,,,,
3030000,Lordsworn's Greatsword,Standard,,0,0,0,0,0,0,0,,,,,,,
3032000,Lordsworn's Greatsword,Storm,,0,0,0,0,0,0,0,,,,,,,
32300000,Lordsworn's Shield,Standard,,0,0,0,0,0,0,0,,,,,,,
2041700,Lordsworn's Straight Sword,Aberrant,105013,70,0,0,0,0,0,0,1,,,,,,
2041000,Lordsworn's Straight Sword,Bestial,,0,0,0,0,0,0,0,,,,,,,
2041800,Lordsworn's Straight Sword,Bloodflame,105013,70,0,0,0,0,0,0,1,,,,,,
2041400,Lordsworn's Straight Sword,Death,108013,0,0,0,0,0,0,86,,,,,,,1
2040900,Lordsworn's Straight Sword,Draconic,,0,0,0,0,0,0,0,,,,,,,
2040500,Lordsworn's Straight Sword,Dragonkin,107513,0,86,0,0,0,0,0,,1,,,,,
2040700,Lordsworn's Straight Sword,Flame,108500,0,0,0,0,0,0,0,,,,,,,
2041300,Lordsworn's Straight Sword,Frenzy,6756,0,0,0,0,0,68,0,,,,,,1,
2041600,Lordsworn's Straight Sword,Frost,107513,0,86,0,0,0,0,0,,1,,,,,
2040400,Lordsworn's Straight Sword,Glint,,0,0,0,0,0,0,0,,,,,,,
2041500,Lordsworn's Straight Sword,Godslayer,1620000,0,0,0,0,0,0,0,,,,,,,
2040800,Lordsworn's Straight Sword,Golden,,0,0,0,0,0,0,0,,,,,,,
2040600,Lordsworn's Straight Sword,Gravity,,0,0,0,0,0,0,0,,,,,,,
2040100,Lordsworn's Straight Sword,Heavy,,0,0,0,0,0,0,0,,,,,,,
2040200,Lordsworn's Straight Sword,Keen,,0,0,0,0,0,0,0,,,,,,,
2041200,Lordsworn's Straight Sword,Lava,,0,0,0,0,0,0,0,,,,,,,
2042100,Lordsworn's Straight Sword,Mystic,105563,0,0,0,0,81,0,0,,,,,1,,
2041100,Lordsworn's Straight Sword,Night,,0,0,0,0,0,0,0,,,,,,,
2040300,Lordsworn's Straight Sword,Quality,,0,0,0,0,0,0,0,,,,,,,
2041900,Lordsworn's Straight Sword,Rotten,106013,0,0,81,0,0,0,0,,,1,,,,
2040000,Lordsworn's Straight Sword,Standard,,0,0,0,0,0,0,0,,,,,,,
2042000,Lordsworn's Straight Sword,Storm,,0,0,0,0,0,0,0,,,,,,,
18100000,Loretta's War Sickle,Standard,,0,0,0,0,0,0,0,,,,,,,
18021700,Lucerne,Aberrant,105111,82,0,0,0,0,0,0,1,,,,,,
18021000,Lucerne,Bestial,,0,0,0,0,0,0,0,,,,,,,
18021800,Lucerne,Bloodflame,105111,82,0,0,0,0,0,0,1,,,,,,
18021400,Lucerne,Death,108111,0,0,0,0,0,0,100,,,,,,,1
18020900,Lucerne,Draconic,,0,0,0,0,0,0,0,,,,,,,
18020500,Lucerne,Dragonkin,107611,0,100,0,0,0,0,0,,1,,,,,
18020700,Lucerne,Flame,108500,0,0,0,0,0,0,0,,,,,,,
18021300,Lucerne,Frenzy,6754,0,0,0,0,0,75,0,,,,,,1,
18021600,Lucerne,Frost,107611,0,100,0,0,0,0,0,,1,,,,,
18020400,Lucerne,Glint,,0,0,0,0,0,0,0,,,,,,,
18021500,Lucerne,Godslayer,1620000,0,0,0,0,0,0,0,,,,,,,
18020800,Lucerne,Golden,,0,0,0,0,0,0,0,,,,,,,
18020600,Lucerne,Gravity,,0,0,0,0,0,0,0,,,,,,,
18020100,Lucerne,Heavy,,0,0,0,0,0,0,0,,,,,,,
18020200,Lucerne,Keen,,0,0,0,0,0,0,0,,,,,,,
18021200,Lucerne,Lava,,0,0,0,0,0,0,0,,,,,,,
18022100,Lucerne,Mystic,105611,0,0,0,0,95,0,0,,,,,1,,
18021100,Lucerne,Night,,0,0,0,0,0,0,0,,,,,,,
18020300,Lucerne,Quality,,0,0,0,0,0,0,0,,,,,,,
18021900,Lucerne,Rotten,106111,0,0,95,0,0,0,0,,,1,,,,
18020000,Lucerne,Standard,,0,0,0,0,0,0,0,,,,,,,
18022000,Lucerne,Storm,,0,0,0,0,0,0,0,,,,,,,
33240000,Lusat's Glintstone Staff,Standard,,0,0,0,0,0,0,0,,,,,,,
11001700,Mace,Aberrant,105015,72,0,0,0,0,0,0,1,,,,,,
11001000,Mace,Bestial,,0,0,0,0,0,0,0,,,,,,,
11001800,Mace,Bloodflame,105015,72,0,0,0,0,0,0,1,,,,,,
11001400,Mace,Death,108015,0,0,0,0,0,0,89,,,,,,,1
11000900,Mace,Draconic,,0,0,0,0,0,0,0,,,,,,,
11000500,Mace,Dragonkin,107515,0,89,0,0,0,0,0,,1,,,,,
11000700,Mace,Flame,108500,0,0,0,0,0,0,0,,,,,,,
11001300,Mace,Frenzy,6753,0,0,0,0,0,70,0,,,,,,1,
11001600,Mace,Frost,107515,0,89,0,0,0,0,0,,1,,,,,
11000400,Mace,Glint,,0,0,0,0,0,0,0,,,,,,,
11001500,Mace,Godslayer,1620000,0,0,0,0,0,0,0,,,,,,,
11000800,Mace,Golden,,0,0,0,0,0,0,0,,,,,,,
11000600,Mace,Gravity,,0,0,0,0,0,0,0,,,,,,,
11000100,Mace,Heavy,,0,0,0,0,0,0,0,,,,,,,
11000200,Mace,Keen,,0,0,0,0,0,0,0,,,,,,,
11001200,Mace,Lava,,0,0,0,0,0,0,0,,,,,,,
11002100,Mace,Mystic,105515,0,0,0,0,83,0,0,,,,,1,,
11001100,Mace,Night,,0,0,0,0,0,0,0,,,,,,,
11000300,Mace,Quality,,0,0,0,0,0,0,0,,,,,,,
11001900,Mace,Rotten,106015,0,0,83,0,0,0,0,,,1,,,,
11000000,Mace,Standard,,0,0,0,0,0,0,0,,,,,,,
11002000,Mace,Storm,,0,0,0,0,0,0,0,,,,,,,
2270000,Maddening Brand [Frenzy],Standard,6756,0,0,0,0,0,68,0,,,,,,1,
21530000,Madding Hand,Standard,6750|5215300,0,0,0,0,0,55,0,,,,,,1,
7050000,Magma Blade,Standard,,0,0,0,0,0,0,0,,,,,,,
20030000,Magma Whip Candlestick,Standard,,0,0,0,0,0,0,0,,,,,,,
8040000,Magma Wyrm's Scalesword,Standard,,0,0,0,0,0,0,0,,,,,,,
1501700,Main-gauche,Aberrant,105011,68,0,0,0,0,0,0,1,,,,,,
1501000,Main-gauche,Bestial,,0,0,0,0,0,0,0,,,,,,,
1501800,Main-gauche,Bloodflame,105011,68,0,0,0,0,0,0,1,,,,,,
1501400,Main-gauche,Death,108011,0,0,0,0,0,0,83,,,,,,,1
1500900,Main-gauche,Draconic,,0,0,0,0,0,0,0,,,,,,,
1500500,Main-gauche,Dragonkin,107511,0,83,0,0,0,0,0,,1,,,,,
1500700,Main-gauche,Flame,108500,0,0,0,0,0,0,0,,,,,,,
1501300,Main-gauche,Frenzy,6752,0,0,0,0,0,65,0,,,,,,1,
1501600,Main-gauche,Frost,107511,0,83,0,0,0,0,0,,1,,,,,
1500400,Main-gauche,Glint,,0,0,0,0,0,0,0,,,,,,,
1501500,Main-gauche,Godslayer,1620000,0,0,0,0,0,0,0,,,,,,,
1500800,Main-gauche,Golden,,0,0,0,0,0,0,0,,,,,,,
1500600,Main-gauche,Gravity,,0,0,0,0,0,0,0,,,,,,,
1500100,Main-gauche,Heavy,,0,0,0,0,0,0,0,,,,,,,
1500200,Main-gauche,Keen,,0,0,0,0,0,0,0,,,,,,,
1501200,Main-gauche,Lava,,0,0,0,0,0,0,0,,,,,,,
1502100,Main-gauche,Mystic,105561,0,0,0,0,79,0,0,,,,,1,,
1501100,Main-gauche,Night,,0,0,0,0,0,0,0,,,,,,,
1500300,Main-gauche,Quality,,0,0,0,0,0,0,0,,,,,,,
1501900,Main-gauche,Rotten,106011,0,0,79,0,0,0,0,,,1,,,,
1500000,Main-gauche,Standard,,0,0,0,0,0,0,0,,,,,,,
1502000,Main-gauche,Storm,,0,0,0,0,0,0,0,,,,,,,
4020000,Maliketh's Black Blade,Standard,1620000|50000,0,0,0,0,0,0,0,,,,,,,
3300000,Maliketh's Black Blade (restored),Standard,1620000|50001,0,0,0,0,0,0,0,,,,,,,
30020000,Man-Serpent's Shield,Standard,5026000,0,0,0,0,0,0,0,,,,,,,
32190000,Manor Towershield,Standard,,0,0,0,0,0,0,0,,,,,,,
7120000,Mantis Blade,Standard,108013,0,0,0,0,0,0,86,,,,,,,1
3150000,Marais Executioner's Sword,Standard,105200,83,0,0,0,0,0,0,1,,,,,,
11150000,Marika's Hammer,Standard,50010,0,0,0,0,0,0,0,,,,,,,
31010000,Marred Leather Shield,Standard,6401,50,0,0,0,0,0,0,1,,,,,,
31020000,Marred Wooden Shield,Standard,6401,50,0,0,0,0,0,0,1,,,,,,
31500000,Messmer Soldier Shield,Standard,,0,0,0,0,0,0,0,,,,,,,
14521700,Messmer Soldier's Axe,Aberrant,105015,72,0,0,0,0,0,0,1,,,,,,
14521000,Messmer Soldier's Axe,Bestial,,0,0,0,0,0,0,0,,,,,,,
14521800,Messmer Soldier's Axe,Bloodflame,105015,72,0,0,0,0,0,0,1,,,,,,
14521400,Messmer Soldier's Axe,Death,108015,0,0,0,0,0,0,89,,,,,,,1
14520900,Messmer Soldier's Axe,Draconic,,0,0,0,0,0,0,0,,,,,,,
14520500,Messmer Soldier's Axe,Dragonkin,107515,0,89,0,0,0,0,0,,1,,,,,
14520700,Messmer Soldier's Axe,Flame,108500,0,0,0,0,0,0,0,,,,,,,
14521300,Messmer Soldier's Axe,Frenzy,6753,0,0,0,0,0,70,0,,,,,,1,
14521600,Messmer Soldier's Axe,Frost,107515,0,89,0,0,0,0,0,,1,,,,,
14520400,Messmer Soldier's Axe,Glint,,0,0,0,0,0,0,0,,,,,,,
14521500,Messmer Soldier's Axe,Godslayer,1620000,0,0,0,0,0,0,0,,,,,,,
14520800,Messmer Soldier's Axe,Golden,,0,0,0,0,0,0,0,,,,,,,
14520600,Messmer Soldier's Axe,Gravity,,0,0,0,0,0,0,0,,,,,,,
14520100,Messmer Soldier's Axe,Heavy,,0,0,0,0,0,0,0,,,,,,,
14520200,Messmer Soldier's Axe,Keen,,0,0,0,0,0,0,0,,,,,,,
14521200,Messmer Soldier's Axe,Lava,,0,0,0,0,0,0,0,,,,,,,
14522100,Messmer Soldier's Axe,Mystic,105515,0,0,0,0,83,0,0,,,,,1,,
14521100,Messmer Soldier's Axe,Night,,0,0,0,0,0,0,0,,,,,,,
14520300,Messmer Soldier's Axe,Quality,,0,0,0,0,0,0,0,,,,,,,
14521900,Messmer Soldier's Axe,Rotten,106015,0,0,83,0,0,0,0,,,1,,,,
14520000,Messmer Soldier's Axe,Standard,,0,0,0,0,0,0,0,,,,,,,
14522000,Messmer Soldier's Axe,Storm,,0,0,0,0,0,0,0,,,,,,,
17511700,Messmer Soldier's Spear,Aberrant,105111,82,0,0,0,0,0,0,1,,,,,,
17511000,Messmer Soldier's Spear,Bestial,,0,0,0,0,0,0,0,,,,,,,
17511800,Messmer Soldier's Spear,Bloodflame,105111,82,0,0,0,0,0,0,1,,,,,,
17511400,Messmer Soldier's Spear,Death,108111,0,0,0,0,0,0,100,,,,,,,1
17510900,Messmer Soldier's Spear,Draconic,,0,0,0,0,0,0,0,,,,,,,
17510500,Messmer Soldier's Spear,Dragonkin,107611,0,100,0,0,0,0,0,,1,,,,,
17510700,Messmer Soldier's Spear,Flame,108500,0,0,0,0,0,0,0,,,,,,,
17511300,Messmer Soldier's Spear,Frenzy,6754,0,0,0,0,0,75,0,,,,,,1,
17511600,Messmer Soldier's Spear,Frost,107611,0,100,0,0,0,0,0,,1,,,,,
17510400,Messmer Soldier's Spear,Glint,,0,0,0,0,0,0,0,,,,,,,
17511500,Messmer Soldier's Spear,Godslayer,1620000,0,0,0,0,0,0,0,,,,,,,
17510800,Messmer Soldier's Spear,Golden,,0,0,0,0,0,0,0,,,,,,,
17510600,Messmer Soldier's Spear,Gravity,,0,0,0,0,0,0,0,,,,,,,
17510100,Messmer Soldier's Spear,Heavy,,0,0,0,0,0,0,0,,,,,,,
17510200,Messmer Soldier's Spear,Keen,,0,0,0,0,0,0,0,,,,,,,
17511200,Messmer Soldier's Spear,Lava,,0,0,0,0,0,0,0,,,,,,,
17512100,Messmer Soldier's Spear,Mystic,105611,0,0,0,0,95,0,0,,,,,1,,
17511100,Messmer Soldier's Spear,Night,,0,0,0,0,0,0,0,,,,,,,
17510300,Messmer Soldier's Spear,Quality,,0,0,0,0,0,0,0,,,,,,,
17511900,Messmer Soldier's Spear,Rotten,106111,0,0,95,0,0,0,0,,,1,,,,
17510000,Messmer Soldier's Spear,Standard,,0,0,0,0,0,0,0,,,,,,,
17512000,Messmer Soldier's Spear,Storm,,0,0,0,0,0,0,0,,,,,,,
9030000,Meteoric Ore Blade,Standard,,0,0,0,0,0,0,0,,,,,,,
33250000,Meteorite Staff,Standard,,0,0,0,0,0,0,0,,,,,,,
1170000,Midnight Dagger,Standard,5020000,0,0,0,0,0,0,0,,,,,,,
67501700,Milady,Aberrant,105013,70,0,0,0,0,0,0,1,,,,,,
67501000,Milady,Bestial,,0,0,0,0,0,0,0,,,,,,,
67501800,Milady,Bloodflame,105013,70,0,0,0,0,0,0,1,,,,,,
67501400,Milady,Death,108013,0,0,0,0,0,0,86,,,,,,,1
67500900,Milady,Draconic,,0,0,0,0,0,0,0,,,,,,,
67500500,Milady,Dragonkin,107513,0,86,0,0,0,0,0,,1,,,,,
67500700,Milady,Flame,108500,0,0,0,0,0,0,0,,,,,,,
67501300,Milady,Frenzy,6756,0,0,0,0,0,68,0,,,,,,1,
67501600,Milady,Frost,107513,0,86,0,0,0,0,0,,1,,,,,
67500400,Milady,Glint,,0,0,0,0,0,0,0,,,,,,,
67501500,Milady,Godslayer,1620000,0,0,0,0,0,0,0,,,,,,,
67500800,Milady,Golden,,0,0,0,0,0,0,0,,,,,,,
67500600,Milady,Gravity,,0,0,0,0,0,0,0,,,,,,,
67500100,Milady,Heavy,,0,0,0,0,0,0,0,,,,,,,
67500200,Milady,Keen,,0,0,0,0,0,0,0,,,,,,,
67501200,Milady,Lava,,0,0,0,0,0,0,0,,,,,,,
67502100,Milady,Mystic,105563,0,0,0,0,81,0,0,,,,,1,,
67501100,Milady,Night,,0,0,0,0,0,0,0,,,,,,,
67500300,Milady,Quality,,0,0,0,0,0,0,0,,,,,,,
67501900,Milady,Rotten,106013,0,0,81,0,0,0,0,,,1,,,,
67500000,Milady,Standard,,0,0,0,0,0,0,0,,,,,,,
67502000,Milady,Storm,,0,0,0,0,0,0,0,,,,,,,
2200000,Miquellan Knight's Sword,Standard,108500,0,0,0,0,0,0,0,,,,,,,
40010000,Misbegotten Shortbow,Standard,1940,0,0,0,0,0,0,0,,,,,,,
1031700,Miséricorde,Aberrant,105011,68,0,0,0,0,0,0,1,,,,,,
1031000,Miséricorde,Bestial,,0,0,0,0,0,0,0,,,,,,,
1031800,Miséricorde,Bloodflame,105011,68,0,0,0,0,0,0,1,,,,,,
1031400,Miséricorde,Death,108011,0,0,0,0,0,0,83,,,,,,,1
1030900,Miséricorde,Draconic,,0,0,0,0,0,0,0,,,,,,,
1030500,Miséricorde,Dragonkin,107511,0,83,0,0,0,0,0,,1,,,,,
1030700,Miséricorde,Flame,108500,0,0,0,0,0,0,0,,,,,,,
1031300,Miséricorde,Frenzy,6752,0,0,0,0,0,65,0,,,,,,1,
1031600,Miséricorde,Frost,107511,0,83,0,0,0,0,0,,1,,,,,
1030400,Miséricorde,Glint,,0,0,0,0,0,0,0,,,,,,,
1031500,Miséricorde,Godslayer,1620000,0,0,0,0,0,0,0,,,,,,,
1030800,Miséricorde,Golden,,0,0,0,0,0,0,0,,,,,,,
1030600,Miséricorde,Gravity,,0,0,0,0,0,0,0,,,,,,,
1030100,Miséricorde,Heavy,,0,0,0,0,0,0,0,,,,,,,
1030200,Miséricorde,Keen,,0,0,0,0,0,0,0,,,,,,,
1031200,Miséricorde,Lava,,0,0,0,0,0,0,0,,,,,,,
1032100,Miséricorde,Mystic,105561,0,0,0,0,79,0,0,,,,,1,,
1031100,Miséricorde,Night,,0,0,0,0,0,0,0,,,,,,,
1030300,Miséricorde,Quality,,0,0,0,0,0,0,0,,,,,,,
1031900,Miséricorde,Rotten,106011,0,0,79,0,0,0,0,,,1,,,,
1030000,Miséricorde,Standard,,0,0,0,0,0,0,0,,,,,,,
1032000,Miséricorde,Storm,,0,0,0,0,0,0,0,,,,,,,
13050000,Mohgwyn Censer,Standard,105168,91,0,0,0,0,0,0,1,,,,,,
34150000,Mohgwyn Seal,Standard,,0,0,0,0,0,0,0,,,,,,,
17010000,Mohgwyn's Sacred Spear,Standard,105200,83,0,0,0,0,0,0,1,,,,,,
8070000,Monk's Flameblade,Standard,108500,0,0,0,0,0,0,0,,,,,,,
11090000,Monk's Flamemace,Standard,108500|2100,0,0,0,0,0,0,0,,,,,,,
4540000,Moonrithyll's Knight Sword,Standard,,0,0,0,0,0,0,0,,,,,,,
9060000,Moonveil,Standard,,0,0,0,0,0,0,0,,,,,,,
8100000,Morgott's Cursed Sword,Standard,105200|50050,83,0,0,0,0,0,0,1,,,,,,
11051700,Morning Star,Aberrant,105168,91,0,0,0,0,0,0,1,,,,,,
11051000,Morning Star,Bestial,6401,50,0,0,0,0,0,0,1,,,,,,
11051800,Morning Star,Bloodflame,105168,91,0,0,0,0,0,0,1,,,,,,
11051400,Morning Star,Death,6401|108015,50,0,0,0,0,0,89,1,,,,,,1
11050900,Morning Star,Draconic,6401,50,0,0,0,0,0,0,1,,,,,,
11050500,Morning Star,Dragonkin,6401|107515,50,89,0,0,0,0,0,1,1,,,,,
11050700,Morning Star,Flame,6401|108500,50,0,0,0,0,0,0,1,,,,,,
11051300,Morning Star,Frenzy,6401|6753,50,0,0,0,0,70,0,1,,,,,1,
11051600,Morning Star,Frost,6401|107515,50,89,0,0,0,0,0,1,1,,,,,
11050400,Morning Star,Glint,6401,50,0,0,0,0,0,0,1,,,,,,
11051500,Morning Star,Godslayer,6401|1620000,50,0,0,0,0,0,0,1,,,,,,
11050800,Morning Star,Golden,6401,50,0,0,0,0,0,0,1,,,,,,
11050600,Morning Star,Gravity,6401,50,0,0,0,0,0,0,1,,,,,,
11050100,Morning Star,Heavy,6401,50,0,0,0,0,0,0,1,,,,,,
11050200,Morning Star,Keen,6401,50,0,0,0,0,0,0,1,,,,,,
11051200,Morning Star,Lava,6401,50,0,0,0,0,0,0,1,,,,,,
11052100,Morning Star,Mystic,6401|105515,50,0,0,0,83,0,0,1,,,,1,,
11051100,Morning Star,Night,6401,50,0,0,0,0,0,0,1,,,,,,
11050300,Morning Star,Quality,6401,50,0,0,0,0,0,0,1,,,,,,
11051900,Morning Star,Rotten,6401|106015,50,0,83,0,0,0,0,1,,1,,,,
11050000,Morning Star,Standard,6401,50,0,0,0,0,0,0,1,,,,,,
11052000,Morning Star,Storm,6401,50,0,0,0,0,0,0,1,,,,,,
34200000,Mystic Seal,Standard,,0,0,0,0,0,0,0,,,,,,,
30160000,NEW - Hermit's Buckler,Standard,5027000,0,0,0,0,0,0,0,,,,,,,
30170000,NEW - Shield of Alacrity,Standard,5028000,0,0,0,0,0,0,0,,,,,,,
31180000,NEW - Shield of Starlight,Standard,5029000,0,0,0,0,0,0,0,,,,,,,
9011700,Nagakiba,Aberrant,105168,91,0,0,0,0,0,0,1,,,,,,
9011000,Nagakiba,Bestial,6410,50,0,0,0,0,0,0,1,,,,,,
9011800,Nagakiba,Bloodflame,105168,91,0,0,0,0,0,0,1,,,,,,
9011400,Nagakiba,Death,6410|108013,50,0,0,0,0,0,86,1,,,,,,1
9010900,Nagakiba,Draconic,6410,50,0,0,0,0,0,0,1,,,,,,
9010500,Nagakiba,Dragonkin,6410|107513,50,86,0,0,0,0,0,1,1,,,,,
9010700,Nagakiba,Flame,6410|108500,50,0,0,0,0,0,0,1,,,,,,
9011300,Nagakiba,Frenzy,6410|6756,50,0,0,0,0,68,0,1,,,,,1,
9011600,Nagakiba,Frost,6410|107513,50,86,0,0,0,0,0,1,1,,,,,
9010400,Nagakiba,Glint,6410,50,0,0,0,0,0,0,1,,,,,,
9011500,Nagakiba,Godslayer,6410|1620000,50,0,0,0,0,0,0,1,,,,,,
9010800,Nagakiba,Golden,6410,50,0,0,0,0,0,0,1,,,,,,
9010600,Nagakiba,Gravity,6410,50,0,0,0,0,0,0,1,,,,,,
9010100,Nagakiba,Heavy,6410,50,0,0,0,0,0,0,1,,,,,,
9010200,Nagakiba,Keen,6410,50,0,0,0,0,0,0,1,,,,,,
9011200,Nagakiba,Lava,6410,50,0,0,0,0,0,0,1,,,,,,
9012100,Nagakiba,Mystic,6410|105563,50,0,0,0,81,0,0,1,,,,1,,
9011100,Nagakiba,Night,6410,50,0,0,0,0,0,0,1,,,,,,
9010300,Nagakiba,Quality,6410,50,0,0,0,0,0,0,1,,,,,,
9011900,Nagakiba,Rotten,6410|106013,50,0,81,0,0,0,0,1,,1,,,,
9010000,Nagakiba,Standard,6410,50,0,0,0,0,0,0,1,,,,,,
9012000,Nagakiba,Storm,6410,50,0,0,0,0,0,0,1,,,,,,
24500000,Nanaya's Torch,Standard,6752|415,0,0,0,0,0,65,0,,,,,,1,
67550000,Nia's Passot,Standard,,0,0,0,0,0,0,0,,,,,,,
13001700,Nightrider Flail,Aberrant,105168,91,0,0,0,0,0,0,1,,,,,,
13001000,Nightrider Flail,Bestial,6401,50,0,0,0,0,0,0,1,,,,,,
13001800,Nightrider Flail,Bloodflame,105168,91,0,0,0,0,0,0,1,,,,,,
13001400,Nightrider Flail,Death,6401|108015,50,0,0,0,0,0,89,1,,,,,,1
13000900,Nightrider Flail,Draconic,6401,50,0,0,0,0,0,0,1,,,,,,
13000500,Nightrider Flail,Dragonkin,6401|107515,50,89,0,0,0,0,0,1,1,,,,,
13000700,Nightrider Flail,Flame,6401|108500,50,0,0,0,0,0,0,1,,,,,,
13001300,Nightrider Flail,Frenzy,6401|6753,50,0,0,0,0,70,0,1,,,,,1,
13001600,Nightrider Flail,Frost,6401|107515,50,89,0,0,0,0,0,1,1,,,,,
13000400,Nightrider Flail,Glint,6401,50,0,0,0,0,0,0,1,,,,,,
13001500,Nightrider Flail,Godslayer,6401|1620000,50,0,0,0,0,0,0,1,,,,,,
13000800,Nightrider Flail,Golden,6401,50,0,0,0,0,0,0,1,,,,,,
13000600,Nightrider Flail,Gravity,6401,50,0,0,0,0,0,0,1,,,,,,
13000100,Nightrider Flail,Heavy,6401,50,0,0,0,0,0,0,1,,,,,,
13000200,Nightrider Flail,Keen,6401,50,0,0,0,0,0,0,1,,,,,,
13001200,Nightrider Flail,Lava,6401,50,0,0,0,0,0,0,1,,,,,,
13002100,Nightrider Flail,Mystic,6401|105515,50,0,0,0,83,0,0,1,,,,1,,
13001100,Nightrider Flail,Night,6401,50,0,0,0,0,0,0,1,,,,,,
13000300,Nightrider Flail,Quality,6401,50,0,0,0,0,0,0,1,,,,,,
13001900,Nightrider Flail,Rotten,6401|106015,50,0,83,0,0,0,0,1,,1,,,,
13000000,Nightrider Flail,Standard,6401,50,0,0,0,0,0,0,1,,,,,,
13002000,Nightrider Flail,Storm,6401,50,0,0,0,0,0,0,1,,,,,,
18051700,Nightrider Glaive,Aberrant,105111|5180500,82,0,0,0,0,0,0,1,,,,,,
18051000,Nightrider Glaive,Bestial,5180500,0,0,0,0,0,0,0,,,,,,,
18051800,Nightrider Glaive,Bloodflame,105111|5180500,82,0,0,0,0,0,0,1,,,,,,
18051400,Nightrider Glaive,Death,108111|5180500,0,0,0,0,0,0,100,,,,,,,1
18050900,Nightrider Glaive,Draconic,5180500,0,0,0,0,0,0,0,,,,,,,
18050500,Nightrider Glaive,Dragonkin,107611|5180500,0,100,0,0,0,0,0,,1,,,,,
18050700,Nightrider Glaive,Flame,108500|5180500,0,0,0,0,0,0,0,,,,,,,
18051300,Nightrider Glaive,Frenzy,6754|5180500,0,0,0,0,0,75,0,,,,,,1,
18051600,Nightrider Glaive,Frost,107611|5180500,0,100,0,0,0,0,0,,1,,,,,
18050400,Nightrider Glaive,Glint,5180500,0,0,0,0,0,0,0,,,,,,,
18051500,Nightrider Glaive,Godslayer,1620000|5180500,0,0,0,0,0,0,0,,,,,,,
18050800,Nightrider Glaive,Golden,5180500,0,0,0,0,0,0,0,,,,,,,
18050600,Nightrider Glaive,Gravity,5180500,0,0,0,0,0,0,0,,,,,,,
18050100,Nightrider Glaive,Heavy,5180500,0,0,0,0,0,0,0,,,,,,,
18050200,Nightrider Glaive,Keen,5180500,0,0,0,0,0,0,0,,,,,,,
18051200,Nightrider Glaive,Lava,5180500,0,0,0,0,0,0,0,,,,,,,
18052100,Nightrider Glaive,Mystic,105611|5180500,0,0,0,0,95,0,0,,,,,1,,
18051100,Nightrider Glaive,Night,5180500,0,0,0,0,0,0,0,,,,,,,
18050300,Nightrider Glaive,Quality,5180500,0,0,0,0,0,0,0,,,,,,,
18051900,Nightrider Glaive,Rotten,106111|5180500,0,0,95,0,0,0,0,,,1,,,,
18050000,Nightrider Glaive,Standard,5180500,0,0,0,0,0,0,0,,,,,,,
18052000,Nightrider Glaive,Storm,5180500,0,0,0,0,0,0,0,,,,,,,
5061700,Noble's Estoc,Aberrant,105013,70,0,0,0,0,0,0,1,,,,,,
5061000,Noble's Estoc,Bestial,,0,0,0,0,0,0,0,,,,,,,
5061800,Noble's Estoc,Bloodflame,105013,70,0,0,0,0,0,0,1,,,,,,
5061400,Noble's Estoc,Death,108013,0,0,0,0,0,0,86,,,,,,,1
5060900,Noble's Estoc,Draconic,,0,0,0,0,0,0,0,,,,,,,
5060500,Noble's Estoc,Dragonkin,107513,0,86,0,0,0,0,0,,1,,,,,
5060700,Noble's Estoc,Flame,108500,0,0,0,0,0,0,0,,,,,,,
5061300,Noble's Estoc,Frenzy,6756,0,0,0,0,0,68,0,,,,,,1,
5061600,Noble's Estoc,Frost,107513,0,86,0,0,0,0,0,,1,,,,,
5060400,Noble's Estoc,Glint,,0,0,0,0,0,0,0,,,,,,,
5061500,Noble's Estoc,Godslayer,1620000,0,0,0,0,0,0,0,,,,,,,
5060800,Noble's Estoc,Golden,,0,0,0,0,0,0,0,,,,,,,
5060600,Noble's Estoc,Gravity,,0,0,0,0,0,0,0,,,,,,,
5060100,Noble's Estoc,Heavy,,0,0,0,0,0,0,0,,,,,,,
5060200,Noble's Estoc,Keen,,0,0,0,0,0,0,0,,,,,,,
5061200,Noble's Estoc,Lava,,0,0,0,0,0,0,0,,,,,,,
5062100,Noble's Estoc,Mystic,105563,0,0,0,0,81,0,0,,,,,1,,
5061100,Noble's Estoc,Night,,0,0,0,0,0,0,0,,,,,,,
5060300,Noble's Estoc,Quality,,0,0,0,0,0,0,0,,,,,,,
5061900,Noble's Estoc,Rotten,106013,0,0,81,0,0,0,0,,,1,,,,
5060000,Noble's Estoc,Standard,,0,0,0,0,0,0,0,,,,,,,
5062000,Noble's Estoc,Storm,,0,0,0,0,0,0,0,,,,,,,
2231700,Noble's Slender Sword,Aberrant,105013,70,0,0,0,0,0,0,1,,,,,,
2231000,Noble's Slender Sword,Bestial,,0,0,0,0,0,0,0,,,,,,,
2231800,Noble's Slender Sword,Bloodflame,105013,70,0,0,0,0,0,0,1,,,,,,
2231400,Noble's Slender Sword,Death,108013,0,0,0,0,0,0,86,,,,,,,1
2230900,Noble's Slender Sword,Draconic,,0,0,0,0,0,0,0,,,,,,,
2230500,Noble's Slender Sword,Dragonkin,107513,0,86,0,0,0,0,0,,1,,,,,
2230700,Noble's Slender Sword,Flame,108500,0,0,0,0,0,0,0,,,,,,,
2231300,Noble's Slender Sword,Frenzy,6756,0,0,0,0,0,68,0,,,,,,1,
2231600,Noble's Slender Sword,Frost,107513,0,86,0,0,0,0,0,,1,,,,,
2230400,Noble's Slender Sword,Glint,,0,0,0,0,0,0,0,,,,,,,
2231500,Noble's Slender Sword,Godslayer,1620000,0,0,0,0,0,0,0,,,,,,,
2230800,Noble's Slender Sword,Golden,,0,0,0,0,0,0,0,,,,,,,
2230600,Noble's Slender Sword,Gravity,,0,0,0,0,0,0,0,,,,,,,
2230100,Noble's Slender Sword,Heavy,,0,0,0,0,0,0,0,,,,,,,
2230200,Noble's Slender Sword,Keen,,0,0,0,0,0,0,0,,,,,,,
2231200,Noble's Slender Sword,Lava,,0,0,0,0,0,0,0,,,,,,,
2232100,Noble's Slender Sword,Mystic,105563,0,0,0,0,81,0,0,,,,,1,,
2231100,Noble's Slender Sword,Night,,0,0,0,0,0,0,0,,,,,,,
2230300,Noble's Slender Sword,Quality,,0,0,0,0,0,0,0,,,,,,,
2231900,Noble's Slender Sword,Rotten,106013,0,0,81,0,0,0,0,,,1,,,,
2230000,Noble's Slender Sword,Standard,,0,0,0,0,0,0,0,,,,,,,
2232000,Noble's Slender Sword,Storm,,0,0,0,0,0,0,0,,,,,,,
7180000,Nomad's Kilij,Standard,6756,0,0,0,0,0,68,0,,,,,,1,
11120000,Nox Flowing Hammer,Standard,,0,0,0,0,0,0,0,,,,,,,
2080000,Nox Flowing Sword,Standard,,0,0,0,0,0,0,0,,,,,,,
19500000,Obsidian Lamina,Standard,105200,83,0,0,0,0,0,0,1,,,,,,
8061700,Omen Cleaver,Aberrant,105111,82,0,0,0,0,0,0,1,,,,,,
8061000,Omen Cleaver,Bestial,,0,0,0,0,0,0,0,,,,,,,
8061800,Omen Cleaver,Bloodflame,105111,82,0,0,0,0,0,0,1,,,,,,
8061400,Omen Cleaver,Death,108111,0,0,0,0,0,0,100,,,,,,,1
8060900,Omen Cleaver,Draconic,,0,0,0,0,0,0,0,,,,,,,
8060500,Omen Cleaver,Dragonkin,107611,0,100,0,0,0,0,0,,1,,,,,
8060700,Omen Cleaver,Flame,108500,0,0,0,0,0,0,0,,,,,,,
8061300,Omen Cleaver,Frenzy,6754,0,0,0,0,0,75,0,,,,,,1,
8061600,Omen Cleaver,Frost,107611,0,100,0,0,0,0,0,,1,,,,,
8060400,Omen Cleaver,Glint,,0,0,0,0,0,0,0,,,,,,,
8061500,Omen Cleaver,Godslayer,1620000,0,0,0,0,0,0,0,,,,,,,
8060800,Omen Cleaver,Golden,,0,0,0,0,0,0,0,,,,,,,
8060600,Omen Cleaver,Gravity,,0,0,0,0,0,0,0,,,,,,,
8060100,Omen Cleaver,Heavy,,0,0,0,0,0,0,0,,,,,,,
8060200,Omen Cleaver,Keen,,0,0,0,0,0,0,0,,,,,,,
8061200,Omen Cleaver,Lava,,0,0,0,0,0,0,0,,,,,,,
8062100,Omen Cleaver,Mystic,105611,0,0,0,0,95,0,0,,,,,1,,
8061100,Omen Cleaver,Night,,0,0,0,0,0,0,0,,,,,,,
8060300,Omen Cleaver,Quality,,0,0,0,0,0,0,0,,,,,,,
8061900,Omen Cleaver,Rotten,106111,0,0,95,0,0,0,0,,,1,,,,
8060000,Omen Cleaver,Standard,,0,0,0,0,0,0,0,,,,,,,
8062000,Omen Cleaver,Storm,,0,0,0,0,0,0,0,,,,,,,
32150000,One-Eyed Shield,Standard,,0,0,0,0,0,0,0,,,,,,,
8010000,Onyx Lord's Greatsword,Standard,,0,0,0,0,0,0,0,,,,,,,
3060000,Ordovis's Greatsword,Standard,,0,0,0,0,0,0,0,,,,,,,
2060000,Ornamental Straight Sword,Standard,,0,0,0,0,0,0,0,,,,,,,
4130000,Osian's Greatsword [Quality],Standard,,0,0,0,0,0,0,0,,,,,,,
10100000,Palm-Ax Twinblades,Standard,105013,70,0,0,0,0,0,0,1,,,,,,
1021700,Parrying Dagger,Aberrant,105011,68,0,0,0,0,0,0,1,,,,,,
1021000,Parrying Dagger,Bestial,,0,0,0,0,0,0,0,,,,,,,
1021800,Parrying Dagger,Bloodflame,105011,68,0,0,0,0,0,0,1,,,,,,
1021400,Parrying Dagger,Death,108011,0,0,0,0,0,0,83,,,,,,,1
1020900,Parrying Dagger,Draconic,,0,0,0,0,0,0,0,,,,,,,
1020500,Parrying Dagger,Dragonkin,107511,0,83,0,0,0,0,0,,1,,,,,
1020700,Parrying Dagger,Flame,108500,0,0,0,0,0,0,0,,,,,,,
1021300,Parrying Dagger,Frenzy,6752,0,0,0,0,0,65,0,,,,,,1,
1021600,Parrying Dagger,Frost,107511,0,83,0,0,0,0,0,,1,,,,,
1020400,Parrying Dagger,Glint,,0,0,0,0,0,0,0,,,,,,,
1021500,Parrying Dagger,Godslayer,1620000,0,0,0,0,0,0,0,,,,,,,
1020800,Parrying Dagger,Golden,,0,0,0,0,0,0,0,,,,,,,
1020600,Parrying Dagger,Gravity,,0,0,0,0,0,0,0,,,,,,,
1020100,Parrying Dagger,Heavy,,0,0,0,0,0,0,0,,,,,,,
1020200,Parrying Dagger,Keen,,0,0,0,0,0,0,0,,,,,,,
1021200,Parrying Dagger,Lava,,0,0,0,0,0,0,0,,,,,,,
1022100,Parrying Dagger,Mystic,105561,0,0,0,0,79,0,0,,,,,1,,
1021100,Parrying Dagger,Night,,0,0,0,0,0,0,0,,,,,,,
1020300,Parrying Dagger,Quality,,0,0,0,0,0,0,0,,,,,,,
1021900,Parrying Dagger,Rotten,106011,0,0,79,0,0,0,0,,,1,,,,
1020000,Parrying Dagger,Standard,,0,0,0,0,0,0,0,,,,,,,
1022000,Parrying Dagger,Storm,,0,0,0,0,0,0,0,,,,,,,
16051700,Partisan,Aberrant,105013,70,0,0,0,0,0,0,1,,,,,,
16051000,Partisan,Bestial,,0,0,0,0,0,0,0,,,,,,,
16051800,Partisan,Bloodflame,105013,70,0,0,0,0,0,0,1,,,,,,
16051400,Partisan,Death,108013,0,0,0,0,0,0,86,,,,,,,1
16050900,Partisan,Draconic,,0,0,0,0,0,0,0,,,,,,,
16050500,Partisan,Dragonkin,107513,0,86,0,0,0,0,0,,1,,,,,
16050700,Partisan,Flame,108500,0,0,0,0,0,0,0,,,,,,,
16051300,Partisan,Frenzy,6756,0,0,0,0,0,68,0,,,,,,1,
16051600,Partisan,Frost,107513,0,86,0,0,0,0,0,,1,,,,,
16050400,Partisan,Glint,,0,0,0,0,0,0,0,,,,,,,
16051500,Partisan,Godslayer,1620000,0,0,0,0,0,0,0,,,,,,,
16050800,Partisan,Golden,,0,0,0,0,0,0,0,,,,,,,
16050600,Partisan,Gravity,,0,0,0,0,0,0,0,,,,,,,
16050100,Partisan,Heavy,,0,0,0,0,0,0,0,,,,,,,
16050200,Partisan,Keen,,0,0,0,0,0,0,0,,,,,,,
16051200,Partisan,Lava,,0,0,0,0,0,0,0,,,,,,,
16052100,Partisan,Mystic,105563,0,0,0,0,81,0,0,,,,,1,,
16051100,Partisan,Night,,0,0,0,0,0,0,0,,,,,,,
16050300,Partisan,Quality,,0,0,0,0,0,0,0,,,,,,,
16051900,Partisan,Rotten,106013,0,0,81,0,0,0,0,,,1,,,,
16050000,Partisan,Standard,,0,0,0,0,0,0,0,,,,,,,
16052000,Partisan,Storm,,0,0,0,0,0,0,0,,,,,,,
21511700,Pata,Aberrant,105011,68,0,0,0,0,0,0,1,,,,,,
21511000,Pata,Bestial,,0,0,0,0,0,0,0,,,,,,,
21511800,Pata,Bloodflame,105011,68,0,0,0,0,0,0,1,,,,,,
21511400,Pata,Death,108011,0,0,0,0,0,0,83,,,,,,,1
21510900,Pata,Draconic,,0,0,0,0,0,0,0,,,,,,,
21510500,Pata,Dragonkin,107511,0,83,0,0,0,0,0,,1,,,,,
21510700,Pata,Flame,108500,0,0,0,0,0,0,0,,,,,,,
21511300,Pata,Frenzy,6752,0,0,0,0,0,65,0,,,,,,1,
21511600,Pata,Frost,107511,0,83,0,0,0,0,0,,1,,,,,
21510400,Pata,Glint,,0,0,0,0,0,0,0,,,,,,,
21511500,Pata,Godslayer,1620000,0,0,0,0,0,0,0,,,,,,,
21510800,Pata,Golden,,0,0,0,0,0,0,0,,,,,,,
21510600,Pata,Gravity,,0,0,0,0,0,0,0,,,,,,,
21510100,Pata,Heavy,,0,0,0,0,0,0,0,,,,,,,
21510200,Pata,Keen,,0,0,0,0,0,0,0,,,,,,,
21511200,Pata,Lava,,0,0,0,0,0,0,0,,,,,,,
21512100,Pata,Mystic,105561,0,0,0,0,79,0,0,,,,,1,,
21511100,Pata,Night,,0,0,0,0,0,0,0,,,,,,,
21510300,Pata,Quality,,0,0,0,0,0,0,0,,,,,,,
21511900,Pata,Rotten,106011,0,0,79,0,0,0,0,,,1,,,,
21510000,Pata,Standard,,0,0,0,0,0,0,0,,,,,,,
21512000,Pata,Storm,,0,0,0,0,0,0,0,,,,,,,
30010000,Perfumer's Shield,Standard,5300100,0,0,0,0,0,0,0,,,,,,,
18010000,Pest's Glaive,Standard,6605|5180100,0,0,0,75,0,0,0,,,,1,,,
34180000,Pest's Seal,Standard,,0,0,0,0,0,0,0,,,,,,,
16170000,Phalanx Pike,Standard,,0,0,0,0,0,0,0,,,,,,,
12141700,Pickaxe,Aberrant,105111,82,0,0,0,0,0,0,1,,,,,,
12141000,Pickaxe,Bestial,,0,0,0,0,0,0,0,,,,,,,
12141800,Pickaxe,Bloodflame,105111,82,0,0,0,0,0,0,1,,,,,,
12141400,Pickaxe,Death,108111,0,0,0,0,0,0,100,,,,,,,1
12140900,Pickaxe,Draconic,,0,0,0,0,0,0,0,,,,,,,
12140500,Pickaxe,Dragonkin,107611,0,100,0,0,0,0,0,,1,,,,,
12140700,Pickaxe,Flame,108500,0,0,0,0,0,0,0,,,,,,,
12141300,Pickaxe,Frenzy,6754,0,0,0,0,0,75,0,,,,,,1,
12141600,Pickaxe,Frost,107611,0,100,0,0,0,0,0,,1,,,,,
12140400,Pickaxe,Glint,,0,0,0,0,0,0,0,,,,,,,
12141500,Pickaxe,Godslayer,1620000,0,0,0,0,0,0,0,,,,,,,
12140800,Pickaxe,Golden,,0,0,0,0,0,0,0,,,,,,,
12140600,Pickaxe,Gravity,,0,0,0,0,0,0,0,,,,,,,
12140100,Pickaxe,Heavy,,0,0,0,0,0,0,0,,,,,,,
12140200,Pickaxe,Keen,,0,0,0,0,0,0,0,,,,,,,
12141200,Pickaxe,Lava,,0,0,0,0,0,0,0,,,,,,,
12142100,Pickaxe,Mystic,105611,0,0,0,0,95,0,0,,,,,1,,
12141100,Pickaxe,Night,,0,0,0,0,0,0,0,,,,,,,
12140300,Pickaxe,Quality,,0,0,0,0,0,0,0,,,,,,,
12141900,Pickaxe,Rotten,106111,0,0,95,0,0,0,0,,,1,,,,
12140000,Pickaxe,Standard,,0,0,0,0,0,0,0,,,,,,,
12142000,Pickaxe,Storm,,0,0,0,0,0,0,0,,,,,,,
16071700,Pike,Aberrant,105013,70,0,0,0,0,0,0,1,,,,,,
16071000,Pike,Bestial,,0,0,0,0,0,0,0,,,,,,,
16071800,Pike,Bloodflame,105013,70,0,0,0,0,0,0,1,,,,,,
16071400,Pike,Death,108013,0,0,0,0,0,0,86,,,,,,,1
16070900,Pike,Draconic,,0,0,0,0,0,0,0,,,,,,,
16070500,Pike,Dragonkin,107513,0,86,0,0,0,0,0,,1,,,,,
16070700,Pike,Flame,108500,0,0,0,0,0,0,0,,,,,,,
16071300,Pike,Frenzy,6756,0,0,0,0,0,68,0,,,,,,1,
16071600,Pike,Frost,107513,0,86,0,0,0,0,0,,1,,,,,
16070400,Pike,Glint,,0,0,0,0,0,0,0,,,,,,,
16071500,Pike,Godslayer,1620000,0,0,0,0,0,0,0,,,,,,,
16070800,Pike,Golden,,0,0,0,0,0,0,0,,,,,,,
16070600,Pike,Gravity,,0,0,0,0,0,0,0,,,,,,,
16070100,Pike,Heavy,,0,0,0,0,0,0,0,,,,,,,
16070200,Pike,Keen,,0,0,0,0,0,0,0,,,,,,,
16071200,Pike,Lava,,0,0,0,0,0,0,0,,,,,,,
16072100,Pike,Mystic,105563,0,0,0,0,81,0,0,,,,,1,,
16071100,Pike,Night,,0,0,0,0,0,0,0,,,,,,,
16070300,Pike,Quality,,0,0,0,0,0,0,0,,,,,,,
16071900,Pike,Rotten,106013,0,0,81,0,0,0,0,,,1,,,,
16070000,Pike,Standard,,0,0,0,0,0,0,0,,,,,,,
16072000,Pike,Storm,,0,0,0,0,0,0,0,,,,,,,
30040000,Pillory Shield,Standard,5300400,0,0,0,0,0,0,0,,,,,,,
21520000,Poisoned Hand,Standard,6510|5215200,0,0,60,0,0,0,0,,,1,,,,
18510000,Poleblade of the Bud,Standard,6605,0,0,0,75,0,0,0,,,,1,,,
23000000,Prelate's Inferno Crozier,Standard,108500,0,0,0,0,0,0,0,,,,,,,
67700000,Primeval Splinter,Standard,,0,0,0,0,0,0,0,,,,,,,
33180000,Prince of Death's Staff,Standard,,0,0,0,0,0,0,0,,,,,,,
41060000,Pulley Bow,Standard,1940,0,0,0,0,0,0,0,,,,,,,
43050000,Pulley Crossbow,Standard,,0,0,0,0,0,0,0,,,,,,,
8500000,Putrescence Cleaver,Standard,108111|107611,0,100,0,0,0,0,100,,1,,,,,1
6500000,Queelign's Greatsword,Standard,108500,0,0,0,0,0,0,0,,,,,,,
1400000,Quicksilver Fragment,Standard,,0,0,0,0,0,0,0,,,,,,,
5090000,Quicksilver Rapier,Standard,108600,0,0,0,0,0,0,0,,,,,,,
44500000,Rabbath's Cannon,Standard,,0,0,0,0,0,0,0,,,,,,,
66520000,Rakshasa's Great Katana,Standard,105200|5665201,83,0,0,0,0,0,0,1,,,,,,
60520000,Rancor Touch,Standard,107511,0,83,0,0,0,0,0,,1,,,,,
33300000,Ranni's Staff,Standard,,0,0,0,0,0,0,0,,,,,,,
5021700,Rapier,Aberrant,105013,70,0,0,0,0,0,0,1,,,,,,
5021000,Rapier,Bestial,,0,0,0,0,0,0,0,,,,,,,
5021800,Rapier,Bloodflame,105013,70,0,0,0,0,0,0,1,,,,,,
5021400,Rapier,Death,108013,0,0,0,0,0,0,86,,,,,,,1
5020900,Rapier,Draconic,,0,0,0,0,0,0,0,,,,,,,
5020500,Rapier,Dragonkin,107513,0,86,0,0,0,0,0,,1,,,,,
5020700,Rapier,Flame,108500,0,0,0,0,0,0,0,,,,,,,
5021300,Rapier,Frenzy,6756,0,0,0,0,0,68,0,,,,,,1,
5021600,Rapier,Frost,107513,0,86,0,0,0,0,0,,1,,,,,
5020400,Rapier,Glint,,0,0,0,0,0,0,0,,,,,,,
5021500,Rapier,Godslayer,1620000,0,0,0,0,0,0,0,,,,,,,
5020800,Rapier,Golden,,0,0,0,0,0,0,0,,,,,,,
5020600,Rapier,Gravity,,0,0,0,0,0,0,0,,,,,,,
5020100,Rapier,Heavy,,0,0,0,0,0,0,0,,,,,,,
5020200,Rapier,Keen,,0,0,0,0,0,0,0,,,,,,,
5021200,Rapier,Lava,,0,0,0,0,0,0,0,,,,,,,
5022100,Rapier,Mystic,105563,0,0,0,0,81,0,0,,,,,1,,
5021100,Rapier,Night,,0,0,0,0,0,0,0,,,,,,,
5020300,Rapier,Quality,,0,0,0,0,0,0,0,,,,,,,
5021900,Rapier,Rotten,106013,0,0,81,0,0,0,0,,,1,,,,
5020000,Rapier,Standard,,0,0,0,0,0,0,0,,,,,,,
5022000,Rapier,Storm,,0,0,0,0,0,0,0,,,,,,,
22031700,Raptor Talons,Aberrant,105075|5220300,82,0,0,0,0,0,0,1,,,,,,
22031000,Raptor Talons,Bestial,6400|5220300,45,0,0,0,0,0,0,1,,,,,,
22031800,Raptor Talons,Bloodflame,105075|5220300,82,0,0,0,0,0,0,1,,,,,,
22031400,Raptor Talons,Death,6400|108011|5220300,45,0,0,0,0,0,83,1,,,,,,1
22030900,Raptor Talons,Draconic,6400|5220300,45,0,0,0,0,0,0,1,,,,,,
22030500,Raptor Talons,Dragonkin,6400|107511|5220300,45,83,0,0,0,0,0,1,1,,,,,
22030700,Raptor Talons,Flame,6400|108500|5220300,45,0,0,0,0,0,0,1,,,,,,
22031300,Raptor Talons,Frenzy,6400|6752|5220300,45,0,0,0,0,65,0,1,,,,,1,
22031600,Raptor Talons,Frost,6400|107511|5220300,45,83,0,0,0,0,0,1,1,,,,,
22030400,Raptor Talons,Glint,6400|5220300,45,0,0,0,0,0,0,1,,,,,,
22031500,Raptor Talons,Godslayer,6400|1620000|5220300,45,0,0,0,0,0,0,1,,,,,,
22030800,Raptor Talons,Golden,6400|5220300,45,0,0,0,0,0,0,1,,,,,,
22030600,Raptor Talons,Gravity,6400|5220300,45,0,0,0,0,0,0,1,,,,,,
22030100,Raptor Talons,Heavy,6400|5220300,45,0,0,0,0,0,0,1,,,,,,
22030200,Raptor Talons,Keen,6400|5220300,45,0,0,0,0,0,0,1,,,,,,
22031200,Raptor Talons,Lava,6400|5220300,45,0,0,0,0,0,0,1,,,,,,
22032100,Raptor Talons,Mystic,6400|105561|5220300,45,0,0,0,79,0,0,1,,,,1,,
22031100,Raptor Talons,Night,6400|5220300,45,0,0,0,0,0,0,1,,,,,,
22030300,Raptor Talons,Quality,6400|5220300,45,0,0,0,0,0,0,1,,,,,,
22031900,Raptor Talons,Rotten,6400|106011|5220300,45,0,79,0,0,0,0,1,,1,,,,
22030000,Raptor Talons,Standard,6400|5220300,45,0,0,0,0,0,0,1,,,,,,
22032000,Raptor Talons,Storm,6400|5220300,45,0,0,0,0,0,0,1,,,,,,
18170000,Reaver's Odachi,Standard,6410,50,0,0,0,0,0,0,1,,,,,,
68510000,Red Bear's Claw,Standard,6400,45,0,0,0,0,0,0,1,,,,,,
40020000,Red Branch Shortbow,Standard,1940,0,0,0,0,0,0,0,,,,,,,
31290000,Red Crest Heater Shield,Standard,,0,0,0,0,0,0,0,,,,,,,
30070000,Red Thorn Roundshield,Standard,,0,0,0,0,0,0,0,,,,,,,
32230000,Redmane Greatshield,Standard,,0,0,0,0,0,0,0,,,,,,,
1040000,Reduvia,Standard,105075,82,0,0,0,0,0,0,1,,,,,,
3250000,Regal Splitblade (GS),Standard,,0,0,0,0,0,0,0,,,,,,,
2220000,Regalia of Eochaid,Standard,105013,70,0,0,0,0,0,0,1,,,,,,
67520000,Rellana's Twin Blades,Standard,,0,0,0,0,0,0,0,,,,,,,
43500000,Repeating Crossbow,Standard,,0,0,0,0,0,0,0,,,,,,,
11200000,Restored Marika's Hammer,Standard,50011,0,0,0,0,0,0,0,,,,,,,
18180000,Rhys' Swordspear,Standard,,0,0,0,0,0,0,0,,,,,,,
30030000,Rickety Shield,Standard,,0,0,0,0,0,0,0,,,,,,,
30110000,Rift Shield,Standard,5301100,0,0,0,0,0,0,0,,,,,,,
14160000,Rimeheart,Standard,107515,0,89,0,0,0,0,0,,1,,,,,
11130000,Ringed Finger,Standard,,0,0,0,0,0,0,0,,,,,,,
14050000,Ripple Blade,Standard,,0,0,0,0,0,0,0,,,,,,,
18060000,Ripple Crescent Halberd,Standard,,0,0,0,0,0,0,0,,,,,,,
9040000,Rivers of Blood,Standard,105168,91,0,0,0,0,0,0,1,,,,,,
30090000,Riveted Wooden Shield,Standard,,0,0,0,0,0,0,0,,,,,,,
5030000,Rogier's Rapier,Standard,,0,0,0,0,0,0,0,,,,,,,
14120000,Rosus' Axe,Standard,108015,0,0,0,0,0,0,89,,,,,,,1
19050000,Rosus' Harvester,Standard,6402|108111,55,0,0,0,0,0,100,1,,,,,,1
12210000,Rotten Battle Hammer,Standard,6605,0,0,0,75,0,0,0,,,,1,,,
16160000,Rotten Crystal Spear,Standard,6604,0,0,0,70,0,0,0,,,,1,,,
2260000,Rotten Crystal Sword,Standard,6604,0,0,0,70,0,0,0,,,,1,,,
23150000,Rotten Greataxe,Standard,107215,0,0,0,105,0,0,0,,,,1,,,
23140000,Rotten Staff,Standard,107215|4000061,0,0,0,105,0,0,0,,,,1,,,
31070000,Round Shield,Standard,,0,0,0,0,0,0,0,,,,,,,
4060000,Royal Greatsword,Standard,107712,0,123,0,0,0,0,0,,1,,,,,
4080000,Ruins Greatsword,Standard,,0,0,0,0,0,0,0,,,,,,,
15061700,Rusted Anchor,Aberrant,105111,82,0,0,0,0,0,0,1,,,,,,
15061000,Rusted Anchor,Bestial,,0,0,0,0,0,0,0,,,,,,,
15061800,Rusted Anchor,Bloodflame,105111,82,0,0,0,0,0,0,1,,,,,,
15061400,Rusted Anchor,Death,108111,0,0,0,0,0,0,100,,,,,,,1
15060900,Rusted Anchor,Draconic,,0,0,0,0,0,0,0,,,,,,,
15060500,Rusted Anchor,Dragonkin,107611,0,100,0,0,0,0,0,,1,,,,,
15060700,Rusted Anchor,Flame,108500,0,0,0,0,0,0,0,,,,,,,
15061300,Rusted Anchor,Frenzy,6754,0,0,0,0,0,75,0,,,,,,1,
15061600,Rusted Anchor,Frost,107611,0,100,0,0,0,0,0,,1,,,,,
15060400,Rusted Anchor,Glint,,0,0,0,0,0,0,0,,,,,,,
15061500,Rusted Anchor,Godslayer,1620000,0,0,0,0,0,0,0,,,,,,,
15060800,Rusted Anchor,Golden,,0,0,0,0,0,0,0,,,,,,,
15060600,Rusted Anchor,Gravity,,0,0,0,0,0,0,0,,,,,,,
15060100,Rusted Anchor,Heavy,,0,0,0,0,0,0,0,,,,,,,
15060200,Rusted Anchor,Keen,,0,0,0,0,0,0,0,,,,,,,
15061200,Rusted Anchor,Lava,,0,0,0,0,0,0,0,,,,,,,
15062100,Rusted Anchor,Mystic,105611,0,0,0,0,95,0,0,,,,,1,,
15061100,Rusted Anchor,Night,,0,0,0,0,0,0,0,,,,,,,
15060300,Rusted Anchor,Quality,,0,0,0,0,0,0,0,,,,,,,
15061900,Rusted Anchor,Rotten,106111,0,0,95,0,0,0,0,,,1,,,,
15060000,Rusted Anchor,Standard,,0,0,0,0,0,0,0,,,,,,,
15062000,Rusted Anchor,Storm,,0,0,0,0,0,0,0,,,,,,,
3100000,Sacred Relic Sword,Standard,,0,0,0,0,0,0,0,,,,,,,
14110000,Sacrificial Axe,Standard,108015|5141100,0,0,0,0,0,0,89,,,,,,,1
41080000,Scadu Sapling,Standard,1940,0,0,0,0,0,0,0,,,,,,,
19070000,Scarlet Triscythe,Standard,6402|107215,55,0,0,105,0,0,0,1,,,1,,,
7081700,Scavenger's Curved Sword,Aberrant,105168,91,0,0,0,0,0,0,1,,,,,,
7081000,Scavenger's Curved Sword,Bestial,6410,50,0,0,0,0,0,0,1,,,,,,
7081800,Scavenger's Curved Sword,Bloodflame,105168,91,0,0,0,0,0,0,1,,,,,,
7081400,Scavenger's Curved Sword,Death,6410|108013,50,0,0,0,0,0,86,1,,,,,,1
7080900,Scavenger's Curved Sword,Draconic,6410,50,0,0,0,0,0,0,1,,,,,,
7080500,Scavenger's Curved Sword,Dragonkin,6410|107513,50,86,0,0,0,0,0,1,1,,,,,
7080700,Scavenger's Curved Sword,Flame,6410|108500,50,0,0,0,0,0,0,1,,,,,,
7081300,Scavenger's Curved Sword,Frenzy,6410|6756,50,0,0,0,0,68,0,1,,,,,1,
7081600,Scavenger's Curved Sword,Frost,6410|107513,50,86,0,0,0,0,0,1,1,,,,,
7080400,Scavenger's Curved Sword,Glint,6410,50,0,0,0,0,0,0,1,,,,,,
7081500,Scavenger's Curved Sword,Godslayer,6410|1620000,50,0,0,0,0,0,0,1,,,,,,
7080800,Scavenger's Curved Sword,Golden,6410,50,0,0,0,0,0,0,1,,,,,,
7080600,Scavenger's Curved Sword,Gravity,6410,50,0,0,0,0,0,0,1,,,,,,
7080100,Scavenger's Curved Sword,Heavy,6410,50,0,0,0,0,0,0,1,,,,,,
7080200,Scavenger's Curved Sword,Keen,6410,50,0,0,0,0,0,0,1,,,,,,
7081200,Scavenger's Curved Sword,Lava,6410,50,0,0,0,0,0,0,1,,,,,,
7082100,Scavenger's Curved Sword,Mystic,6410|105563,50,0,0,0,81,0,0,1,,,,1,,
7081100,Scavenger's Curved Sword,Night,6410,50,0,0,0,0,0,0,1,,,,,,
7080300,Scavenger's Curved Sword,Quality,6410,50,0,0,0,0,0,0,1,,,,,,
7081900,Scavenger's Curved Sword,Rotten,6410|106013,50,0,81,0,0,0,0,1,,1,,,,
7080000,Scavenger's Curved Sword,Standard,6410,50,0,0,0,0,0,0,1,,,,,,
7082000,Scavenger's Curved Sword,Storm,6410,50,0,0,0,0,0,0,1,,,,,,
11110000,Scepter of the All-Knowing,Standard,,0,0,0,0,0,0,0,,,,,,,
7141700,Scimitar,Aberrant,105013,70,0,0,0,0,0,0,1,,,,,,
7141000,Scimitar,Bestial,,0,0,0,0,0,0,0,,,,,,,
7141800,Scimitar,Bloodflame,105013,70,0,0,0,0,0,0,1,,,,,,
7141400,Scimitar,Death,108013,0,0,0,0,0,0,86,,,,,,,1
7140900,Scimitar,Draconic,,0,0,0,0,0,0,0,,,,,,,
7140500,Scimitar,Dragonkin,107513,0,86,0,0,0,0,0,,1,,,,,
7140700,Scimitar,Flame,108500,0,0,0,0,0,0,0,,,,,,,
7141300,Scimitar,Frenzy,6756,0,0,0,0,0,68,0,,,,,,1,
7141600,Scimitar,Frost,107513,0,86,0,0,0,0,0,,1,,,,,
7140400,Scimitar,Glint,,0,0,0,0,0,0,0,,,,,,,
7141500,Scimitar,Godslayer,1620000,0,0,0,0,0,0,0,,,,,,,
7140800,Scimitar,Golden,,0,0,0,0,0,0,0,,,,,,,
7140600,Scimitar,Gravity,,0,0,0,0,0,0,0,,,,,,,
7140100,Scimitar,Heavy,,0,0,0,0,0,0,0,,,,,,,
7140200,Scimitar,Keen,,0,0,0,0,0,0,0,,,,,,,
7141200,Scimitar,Lava,,0,0,0,0,0,0,0,,,,,,,
7142100,Scimitar,Mystic,105563,0,0,0,0,81,0,0,,,,,1,,
7141100,Scimitar,Night,,0,0,0,0,0,0,0,,,,,,,
7140300,Scimitar,Quality,,0,0,0,0,0,0,0,,,,,,,
7141900,Scimitar,Rotten,106013,0,0,81,0,0,0,0,,,1,,,,
7140000,Scimitar,Standard,,0,0,0,0,0,0,0,,,,,,,
7142000,Scimitar,Storm,,0,0,0,0,0,0,0,,,,,,,
31080000,Scorpion Kite Shield,Standard,5017000,0,0,0,0,0,0,0,,,,,,,
1080000,Scorpion's Stinger,Standard,107011,0,0,0,68,0,0,0,,,,1,,,
30080000,Scripture Wooden Shield,Standard,,0,0,0,0,0,0,0,,,,,,,
19001700,Scythe,Aberrant,105200,83,0,0,0,0,0,0,1,,,,,,
19001000,Scythe,Bestial,6402,55,0,0,0,0,0,0,1,,,,,,
19001800,Scythe,Bloodflame,105200,83,0,0,0,0,0,0,1,,,,,,
19001400,Scythe,Death,6402|108111,55,0,0,0,0,0,100,1,,,,,,1
19000900,Scythe,Draconic,6402,55,0,0,0,0,0,0,1,,,,,,
19000500,Scythe,Dragonkin,6402|107611,55,100,0,0,0,0,0,1,1,,,,,
19000700,Scythe,Flame,6402|108500,55,0,0,0,0,0,0,1,,,,,,
19001300,Scythe,Frenzy,6402|6754,55,0,0,0,0,75,0,1,,,,,1,
19001600,Scythe,Frost,6402|107611,55,100,0,0,0,0,0,1,1,,,,,
19000400,Scythe,Glint,6402,55,0,0,0,0,0,0,1,,,,,,
19001500,Scythe,Godslayer,6402|1620000,55,0,0,0,0,0,0,1,,,,,,
19000800,Scythe,Golden,6402,55,0,0,0,0,0,0,1,,,,,,
19000600,Scythe,Gravity,6402,55,0,0,0,0,0,0,1,,,,,,
19000100,Scythe,Heavy,6402,55,0,0,0,0,0,0,1,,,,,,
19000200,Scythe,Keen,6402,55,0,0,0,0,0,0,1,,,,,,
19001200,Scythe,Lava,6402,55,0,0,0,0,0,0,1,,,,,,
19002100,Scythe,Mystic,6402|105611,55,0,0,0,95,0,0,1,,,,1,,
19001100,Scythe,Night,6402,55,0,0,0,0,0,0,1,,,,,,
19000300,Scythe,Quality,6402,55,0,0,0,0,0,0,1,,,,,,
19001900,Scythe,Rotten,6402|106111,55,0,95,0,0,0,0,1,,1,,,,
19000000,Scythe,Standard,6402,55,0,0,0,0,0,0,1,,,,,,
19002000,Scythe,Storm,6402,55,0,0,0,0,0,0,1,,,,,,
34170000,Seal of Rot,Standard,,0,0,0,0,0,0,0,,,,,,,
13060000,Seething Flail,Standard,,0,0,0,0,0,0,0,,,,,,,
24070000,Sentry's Torch,Standard,415,0,0,0,0,0,0,0,,,,,,,
41040000,Serpent Bow,Standard,1938|1940,0,0,0,0,0,0,0,,,,,,,
31520000,Serpent Crest Shield,Standard,,0,0,0,0,0,0,0,,,,,,,
13500000,Serpent Flail,Standard,108500,0,0,0,0,0,0,0,,,,,,,
7111700,Serpent-God's Curved Sword,Aberrant,105013|5071100,70,0,0,0,0,0,0,1,,,,,,
7111000,Serpent-God's Curved Sword,Bestial,5071100,0,0,0,0,0,0,0,,,,,,,
7111800,Serpent-God's Curved Sword,Bloodflame,105013|5071100,70,0,0,0,0,0,0,1,,,,,,
7111400,Serpent-God's Curved Sword,Death,108013|5071100,0,0,0,0,0,0,86,,,,,,,1
7110900,Serpent-God's Curved Sword,Draconic,5071100,0,0,0,0,0,0,0,,,,,,,
7110500,Serpent-God's Curved Sword,Dragonkin,107513|5071100,0,86,0,0,0,0,0,,1,,,,,
7110700,Serpent-God's Curved Sword,Flame,108500|5071100,0,0,0,0,0,0,0,,,,,,,
7111300,Serpent-God's Curved Sword,Frenzy,6756|5071100,0,0,0,0,0,68,0,,,,,,1,
7111600,Serpent-God's Curved Sword,Frost,107513|5071100,0,86,0,0,0,0,0,,1,,,,,
7110400,Serpent-God's Curved Sword,Glint,5071100,0,0,0,0,0,0,0,,,,,,,
7111500,Serpent-God's Curved Sword,Godslayer,1620000|5071100,0,0,0,0,0,0,0,,,,,,,
7110800,Serpent-God's Curved Sword,Golden,5071100,0,0,0,0,0,0,0,,,,,,,
7110600,Serpent-God's Curved Sword,Gravity,5071100,0,0,0,0,0,0,0,,,,,,,
7110100,Serpent-God's Curved Sword,Heavy,5071100,0,0,0,0,0,0,0,,,,,,,
7110200,Serpent-God's Curved Sword,Keen,5071100,0,0,0,0,0,0,0,,,,,,,
7111200,Serpent-God's Curved Sword,Lava,5071100,0,0,0,0,0,0,0,,,,,,,
7112100,Serpent-God's Curved Sword,Mystic,105563|5071100,0,0,0,0,81,0,0,,,,,1,,
7111100,Serpent-God's Curved Sword,Night,5071100,0,0,0,0,0,0,0,,,,,,,
7110300,Serpent-God's Curved Sword,Quality,5071100,0,0,0,0,0,0,0,,,,,,,
7111900,Serpent-God's Curved Sword,Rotten,106013|5071100,0,0,81,0,0,0,0,,,1,,,,
7110000,Serpent-God's Curved Sword,Standard,5071100,0,0,0,0,0,0,0,,,,,,,
7112000,Serpent-God's Curved Sword,Storm,5071100,0,0,0,0,0,0,0,,,,,,,
17030000,Serpent-Hunter,Standard,,0,0,0,0,0,0,0,,,,,,,
9080000,Serpentbone Blade,Standard,106125,0,0,115,0,0,0,0,,,1,,,,
23510000,Shadow Sunflower Blossom,Standard,105265,105,0,0,0,0,0,0,1,,,,,,
7031700,Shamshir,Aberrant,105013,70,0,0,0,0,0,0,1,,,,,,
7031000,Shamshir,Bestial,,0,0,0,0,0,0,0,,,,,,,
7031800,Shamshir,Bloodflame,105013,70,0,0,0,0,0,0,1,,,,,,
7031400,Shamshir,Death,108013,0,0,0,0,0,0,86,,,,,,,1
7030900,Shamshir,Draconic,,0,0,0,0,0,0,0,,,,,,,
7030500,Shamshir,Dragonkin,107513,0,86,0,0,0,0,0,,1,,,,,
7030700,Shamshir,Flame,108500,0,0,0,0,0,0,0,,,,,,,
7031300,Shamshir,Frenzy,6756,0,0,0,0,0,68,0,,,,,,1,
7031600,Shamshir,Frost,107513,0,86,0,0,0,0,0,,1,,,,,
7030400,Shamshir,Glint,,0,0,0,0,0,0,0,,,,,,,
7031500,Shamshir,Godslayer,1620000,0,0,0,0,0,0,0,,,,,,,
7030800,Shamshir,Golden,,0,0,0,0,0,0,0,,,,,,,
7030600,Shamshir,Gravity,,0,0,0,0,0,0,0,,,,,,,
7030100,Shamshir,Heavy,,0,0,0,0,0,0,0,,,,,,,
7030200,Shamshir,Keen,,0,0,0,0,0,0,0,,,,,,,
7031200,Shamshir,Lava,,0,0,0,0,0,0,0,,,,,,,
7032100,Shamshir,Mystic,105563,0,0,0,0,81,0,0,,,,,1,,
7031100,Shamshir,Night,,0,0,0,0,0,0,0,,,,,,,
7030300,Shamshir,Quality,,0,0,0,0,0,0,0,,,,,,,
7031900,Shamshir,Rotten,106013,0,0,81,0,0,0,0,,,1,,,,
7030000,Shamshir,Standard,,0,0,0,0,0,0,0,,,,,,,
7032000,Shamshir,Storm,,0,0,0,0,0,0,0,,,,,,,
21550000,Shield of Night,Standard,5215500,0,0,0,0,0,0,0,,,,,,,
31170000,Shield of the Guilty,Standard,6401|5025000,50,0,0,0,0,0,0,1,,,,,,
16001700,Short Spear,Aberrant,105013,70,0,0,0,0,0,0,1,,,,,,
16001000,Short Spear,Bestial,,0,0,0,0,0,0,0,,,,,,,
16001800,Short Spear,Bloodflame,105013,70,0,0,0,0,0,0,1,,,,,,
16001400,Short Spear,Death,108013,0,0,0,0,0,0,86,,,,,,,1
16000900,Short Spear,Draconic,,0,0,0,0,0,0,0,,,,,,,
16000500,Short Spear,Dragonkin,107513,0,86,0,0,0,0,0,,1,,,,,
16000700,Short Spear,Flame,108500,0,0,0,0,0,0,0,,,,,,,
16001300,Short Spear,Frenzy,6756,0,0,0,0,0,68,0,,,,,,1,
16001600,Short Spear,Frost,107513,0,86,0,0,0,0,0,,1,,,,,
16000400,Short Spear,Glint,,0,0,0,0,0,0,0,,,,,,,
16001500,Short Spear,Godslayer,1620000,0,0,0,0,0,0,0,,,,,,,
16000800,Short Spear,Golden,,0,0,0,0,0,0,0,,,,,,,
16000600,Short Spear,Gravity,,0,0,0,0,0,0,0,,,,,,,
16000100,Short Spear,Heavy,,0,0,0,0,0,0,0,,,,,,,
16000200,Short Spear,Keen,,0,0,0,0,0,0,0,,,,,,,
16001200,Short Spear,Lava,,0,0,0,0,0,0,0,,,,,,,
16002100,Short Spear,Mystic,105563,0,0,0,0,81,0,0,,,,,1,,
16001100,Short Spear,Night,,0,0,0,0,0,0,0,,,,,,,
16000300,Short Spear,Quality,,0,0,0,0,0,0,0,,,,,,,
16001900,Short Spear,Rotten,106013,0,0,81,0,0,0,0,,,1,,,,
16000000,Short Spear,Standard,,0,0,0,0,0,0,0,,,,,,,
16002000,Short Spear,Storm,,0,0,0,0,0,0,0,,,,,,,
2011700,Short Sword,Aberrant,105013,70,0,0,0,0,0,0,1,,,,,,
2011000,Short Sword,Bestial,,0,0,0,0,0,0,0,,,,,,,
2011800,Short Sword,Bloodflame,105013,70,0,0,0,0,0,0,1,,,,,,
2011400,Short Sword,Death,108013,0,0,0,0,0,0,86,,,,,,,1
2010900,Short Sword,Draconic,,0,0,0,0,0,0,0,,,,,,,
2010500,Short Sword,Dragonkin,107513,0,86,0,0,0,0,0,,1,,,,,
2010700,Short Sword,Flame,108500,0,0,0,0,0,0,0,,,,,,,
2011300,Short Sword,Frenzy,6756,0,0,0,0,0,68,0,,,,,,1,
2011600,Short Sword,Frost,107513,0,86,0,0,0,0,0,,1,,,,,
2010400,Short Sword,Glint,,0,0,0,0,0,0,0,,,,,,,
2011500,Short Sword,Godslayer,1620000,0,0,0,0,0,0,0,,,,,,,
2010800,Short Sword,Golden,,0,0,0,0,0,0,0,,,,,,,
2010600,Short Sword,Gravity,,0,0,0,0,0,0,0,,,,,,,
2010100,Short Sword,Heavy,,0,0,0,0,0,0,0,,,,,,,
2010200,Short Sword,Keen,,0,0,0,0,0,0,0,,,,,,,
2011200,Short Sword,Lava,,0,0,0,0,0,0,0,,,,,,,
2012100,Short Sword,Mystic,105563,0,0,0,0,81,0,0,,,,,1,,
2011100,Short Sword,Night,,0,0,0,0,0,0,0,,,,,,,
2010300,Short Sword,Quality,,0,0,0,0,0,0,0,,,,,,,
2011900,Short Sword,Rotten,106013,0,0,81,0,0,0,0,,,1,,,,
2010000,Short Sword,Standard,,0,0,0,0,0,0,0,,,,,,,
2012000,Short Sword,Storm,,0,0,0,0,0,0,0,,,,,,,
40000000,Shortbow,Standard,1940,0,0,0,0,0,0,0,,,,,,,
7021700,Shotel,Aberrant,105013,70,0,0,0,0,0,0,1,,,,,,
7021000,Shotel,Bestial,,0,0,0,0,0,0,0,,,,,,,
7021800,Shotel,Bloodflame,105013,70,0,0,0,0,0,0,1,,,,,,
7021400,Shotel,Death,108013,0,0,0,0,0,0,86,,,,,,,1
7020900,Shotel,Draconic,,0,0,0,0,0,0,0,,,,,,,
7020500,Shotel,Dragonkin,107513,0,86,0,0,0,0,0,,1,,,,,
7020700,Shotel,Flame,108500,0,0,0,0,0,0,0,,,,,,,
7021300,Shotel,Frenzy,6756,0,0,0,0,0,68,0,,,,,,1,
7021600,Shotel,Frost,107513,0,86,0,0,0,0,0,,1,,,,,
7020400,Shotel,Glint,,0,0,0,0,0,0,0,,,,,,,
7021500,Shotel,Godslayer,1620000,0,0,0,0,0,0,0,,,,,,,
7020800,Shotel,Golden,,0,0,0,0,0,0,0,,,,,,,
7020600,Shotel,Gravity,,0,0,0,0,0,0,0,,,,,,,
7020100,Shotel,Heavy,,0,0,0,0,0,0,0,,,,,,,
7020200,Shotel,Keen,,0,0,0,0,0,0,0,,,,,,,
7021200,Shotel,Lava,,0,0,0,0,0,0,0,,,,,,,
7022100,Shotel,Mystic,105563,0,0,0,0,81,0,0,,,,,1,,
7021100,Shotel,Night,,0,0,0,0,0,0,0,,,,,,,
7020300,Shotel,Quality,,0,0,0,0,0,0,0,,,,,,,
7021900,Shotel,Rotten,106013,0,0,81,0,0,0,0,,,1,,,,
7020000,Shotel,Standard,,0,0,0,0,0,0,0,,,,,,,
7022000,Shotel,Storm,,0,0,0,0,0,0,0,,,,,,,
12070000,Sigur's Greatmace,Standard,105265,105,0,0,0,0,0,0,1,,,,,,
17020000,Siluria's Tree,Standard,,0,0,0,0,0,0,0,,,,,,,
31060000,Silver Mirrorshield,Standard,,0,0,0,0,0,0,0,,,,,,,
14501700,Smithscript Axe,Aberrant,105015,72,0,0,0,0,0,0,1,,,,,,
14501000,Smithscript Axe,Bestial,,0,0,0,0,0,0,0,,,,,,,
14501800,Smithscript Axe,Bloodflame,105015,72,0,0,0,0,0,0,1,,,,,,
14501400,Smithscript Axe,Death,108015,0,0,0,0,0,0,89,,,,,,,1
14500900,Smithscript Axe,Draconic,,0,0,0,0,0,0,0,,,,,,,
14500500,Smithscript Axe,Dragonkin,107515,0,89,0,0,0,0,0,,1,,,,,
14500700,Smithscript Axe,Flame,108500,0,0,0,0,0,0,0,,,,,,,
14501300,Smithscript Axe,Frenzy,6753,0,0,0,0,0,70,0,,,,,,1,
14501600,Smithscript Axe,Frost,107515,0,89,0,0,0,0,0,,1,,,,,
14500400,Smithscript Axe,Glint,,0,0,0,0,0,0,0,,,,,,,
14501500,Smithscript Axe,Godslayer,1620000,0,0,0,0,0,0,0,,,,,,,
14500800,Smithscript Axe,Golden,,0,0,0,0,0,0,0,,,,,,,
14500600,Smithscript Axe,Gravity,,0,0,0,0,0,0,0,,,,,,,
14500100,Smithscript Axe,Heavy,,0,0,0,0,0,0,0,,,,,,,
14500200,Smithscript Axe,Keen,,0,0,0,0,0,0,0,,,,,,,
14501200,Smithscript Axe,Lava,,0,0,0,0,0,0,0,,,,,,,
14502100,Smithscript Axe,Mystic,105515,0,0,0,0,83,0,0,,,,,1,,
14501100,Smithscript Axe,Night,,0,0,0,0,0,0,0,,,,,,,
14500300,Smithscript Axe,Quality,,0,0,0,0,0,0,0,,,,,,,
14501900,Smithscript Axe,Rotten,106015,0,0,83,0,0,0,0,,,1,,,,
14500000,Smithscript Axe,Standard,,0,0,0,0,0,0,0,,,,,,,
14502000,Smithscript Axe,Storm,,0,0,0,0,0,0,0,,,,,,,
64511700,Smithscript Cirque,Aberrant,105013,70,0,0,0,0,0,0,1,,,,,,
64511000,Smithscript Cirque,Bestial,,0,0,0,0,0,0,0,,,,,,,
64511800,Smithscript Cirque,Bloodflame,105013,70,0,0,0,0,0,0,1,,,,,,
64511400,Smithscript Cirque,Death,108013,0,0,0,0,0,0,86,,,,,,,1
64510900,Smithscript Cirque,Draconic,,0,0,0,0,0,0,0,,,,,,,
64510500,Smithscript Cirque,Dragonkin,107513,0,86,0,0,0,0,0,,1,,,,,
64510700,Smithscript Cirque,Flame,108500,0,0,0,0,0,0,0,,,,,,,
64511300,Smithscript Cirque,Frenzy,6756,0,0,0,0,0,68,0,,,,,,1,
64511600,Smithscript Cirque,Frost,107513,0,86,0,0,0,0,0,,1,,,,,
64510400,Smithscript Cirque,Glint,,0,0,0,0,0,0,0,,,,,,,
64511500,Smithscript Cirque,Godslayer,1620000,0,0,0,0,0,0,0,,,,,,,
64510800,Smithscript Cirque,Golden,,0,0,0,0,0,0,0,,,,,,,
64510600,Smithscript Cirque,Gravity,,0,0,0,0,0,0,0,,,,,,,
64510100,Smithscript Cirque,Heavy,,0,0,0,0,0,0,0,,,,,,,
64510200,Smithscript Cirque,Keen,,0,0,0,0,0,0,0,,,,,,,
64511200,Smithscript Cirque,Lava,,0,0,0,0,0,0,0,,,,,,,
64512100,Smithscript Cirque,Mystic,105563,0,0,0,0,81,0,0,,,,,1,,
64511100,Smithscript Cirque,Night,,0,0,0,0,0,0,0,,,,,,,
64510300,Smithscript Cirque,Quality,,0,0,0,0,0,0,0,,,,,,,
64511900,Smithscript Cirque,Rotten,106013,0,0,81,0,0,0,0,,,1,,,,
64510000,Smithscript Cirque,Standard,,0,0,0,0,0,0,0,,,,,,,
64512000,Smithscript Cirque,Storm,,0,0,0,0,0,0,0,,,,,,,
63501700,Smithscript Dagger,Aberrant,105011,68,0,0,0,0,0,0,1,,,,,,
63501000,Smithscript Dagger,Bestial,,0,0,0,0,0,0,0,,,,,,,
63501800,Smithscript Dagger,Bloodflame,105011,68,0,0,0,0,0,0,1,,,,,,
63501400,Smithscript Dagger,Death,108011,0,0,0,0,0,0,83,,,,,,,1
63500900,Smithscript Dagger,Draconic,,0,0,0,0,0,0,0,,,,,,,
63500500,Smithscript Dagger,Dragonkin,107511,0,83,0,0,0,0,0,,1,,,,,
63500700,Smithscript Dagger,Flame,108500,0,0,0,0,0,0,0,,,,,,,
63501300,Smithscript Dagger,Frenzy,6752,0,0,0,0,0,65,0,,,,,,1,
63501600,Smithscript Dagger,Frost,107511,0,83,0,0,0,0,0,,1,,,,,
63500400,Smithscript Dagger,Glint,,0,0,0,0,0,0,0,,,,,,,
63501500,Smithscript Dagger,Godslayer,1620000,0,0,0,0,0,0,0,,,,,,,
63500800,Smithscript Dagger,Golden,,0,0,0,0,0,0,0,,,,,,,
63500600,Smithscript Dagger,Gravity,,0,0,0,0,0,0,0,,,,,,,
63500100,Smithscript Dagger,Heavy,,0,0,0,0,0,0,0,,,,,,,
63500200,Smithscript Dagger,Keen,,0,0,0,0,0,0,0,,,,,,,
63501200,Smithscript Dagger,Lava,,0,0,0,0,0,0,0,,,,,,,
63502100,Smithscript Dagger,Mystic,105561,0,0,0,0,79,0,0,,,,,1,,
63501100,Smithscript Dagger,Night,,0,0,0,0,0,0,0,,,,,,,
63500300,Smithscript Dagger,Quality,,0,0,0,0,0,0,0,,,,,,,
63501900,Smithscript Dagger,Rotten,106011,0,0,79,0,0,0,0,,,1,,,,
63500000,Smithscript Dagger,Standard,,0,0,0,0,0,0,0,,,,,,,
63502000,Smithscript Dagger,Storm,,0,0,0,0,0,0,0,,,,,,,
12501700,Smithscript Greathammer,Aberrant,105111,82,0,0,0,0,0,0,1,,,,,,
12501000,Smithscript Greathammer,Bestial,,0,0,0,0,0,0,0,,,,,,,
12501800,Smithscript Greathammer,Bloodflame,105111,82,0,0,0,0,0,0,1,,,,,,
12501400,Smithscript Greathammer,Death,,0,0,0,0,0,0,0,,,,,,,
12500900,Smithscript Greathammer,Draconic,,0,0,0,0,0,0,0,,,,,,,
12500500,Smithscript Greathammer,Dragonkin,107611,0,100,0,0,0,0,0,,1,,,,,
12500700,Smithscript Greathammer,Flame,108500,0,0,0,0,0,0,0,,,,,,,
12501300,Smithscript Greathammer,Frenzy,6754,0,0,0,0,0,75,0,,,,,,1,
12501600,Smithscript Greathammer,Frost,107611,0,100,0,0,0,0,0,,1,,,,,
12500400,Smithscript Greathammer,Glint,,0,0,0,0,0,0,0,,,,,,,
12501500,Smithscript Greathammer,Godslayer,1620000,0,0,0,0,0,0,0,,,,,,,
12500800,Smithscript Greathammer,Golden,,0,0,0,0,0,0,0,,,,,,,
12500600,Smithscript Greathammer,Gravity,,0,0,0,0,0,0,0,,,,,,,
12500100,Smithscript Greathammer,Heavy,,0,0,0,0,0,0,0,,,,,,,
12500200,Smithscript Greathammer,Keen,,0,0,0,0,0,0,0,,,,,,,
12501200,Smithscript Greathammer,Lava,,0,0,0,0,0,0,0,,,,,,,
12502100,Smithscript Greathammer,Mystic,105611,0,0,0,0,95,0,0,,,,,1,,
12501100,Smithscript Greathammer,Night,,0,0,0,0,0,0,0,,,,,,,
12500300,Smithscript Greathammer,Quality,,0,0,0,0,0,0,0,,,,,,,
12501900,Smithscript Greathammer,Rotten,106111,0,0,95,0,0,0,0,,,1,,,,
12500000,Smithscript Greathammer,Standard,,0,0,0,0,0,0,0,,,,,,,
12502000,Smithscript Greathammer,Storm,,0,0,0,0,0,0,0,,,,,,,
69500000,Smithscript Rosary,Standard,,0,0,0,0,0,0,0,,,,,,,
30510000,Smithscript Shield,Standard,,0,0,0,0,0,0,0,,,,,,,
16501700,Smithscript Spear,Aberrant,105013,70,0,0,0,0,0,0,1,,,,,,
16501000,Smithscript Spear,Bestial,,0,0,0,0,0,0,0,,,,,,,
16501800,Smithscript Spear,Bloodflame,105013,70,0,0,0,0,0,0,1,,,,,,
16501400,Smithscript Spear,Death,108013,0,0,0,0,0,0,86,,,,,,,1
16500900,Smithscript Spear,Draconic,,0,0,0,0,0,0,0,,,,,,,
16500500,Smithscript Spear,Dragonkin,107513,0,86,0,0,0,0,0,,1,,,,,
16500700,Smithscript Spear,Flame,108500,0,0,0,0,0,0,0,,,,,,,
16501300,Smithscript Spear,Frenzy,6756,0,0,0,0,0,68,0,,,,,,1,
16501600,Smithscript Spear,Frost,107513,0,86,0,0,0,0,0,,1,,,,,
16500400,Smithscript Spear,Glint,,0,0,0,0,0,0,0,,,,,,,
16501500,Smithscript Spear,Godslayer,1620000,0,0,0,0,0,0,0,,,,,,,
16500800,Smithscript Spear,Golden,,0,0,0,0,0,0,0,,,,,,,
16500600,Smithscript Spear,Gravity,,0,0,0,0,0,0,0,,,,,,,
16500100,Smithscript Spear,Heavy,,0,0,0,0,0,0,0,,,,,,,
16500200,Smithscript Spear,Keen,,0,0,0,0,0,0,0,,,,,,,
16501200,Smithscript Spear,Lava,,0,0,0,0,0,0,0,,,,,,,
16502100,Smithscript Spear,Mystic,105563,0,0,0,0,81,0,0,,,,,1,,
16501100,Smithscript Spear,Night,,0,0,0,0,0,0,0,,,,,,,
16500300,Smithscript Spear,Quality,,0,0,0,0,0,0,0,,,,,,,
16501900,Smithscript Spear,Rotten,106013,0,0,81,0,0,0,0,,,1,,,,
16500000,Smithscript Spear,Standard,,0,0,0,0,0,0,0,,,,,,,
16502000,Smithscript Spear,Storm,,0,0,0,0,0,0,0,,,,,,,
30150000,Smoldering Shield,Standard,5013000,0,0,0,0,0,0,0,,,,,,,
33310000,Snow Witch Staff,Standard,,0,0,0,0,0,0,0,,,,,,,
43000000,Soldier's Crossbow,Standard,,0,0,0,0,0,0,0,,,,,,,
16011700,Spear,Aberrant,105013,70,0,0,0,0,0,0,1,,,,,,
16011000,Spear,Bestial,,0,0,0,0,0,0,0,,,,,,,
16011800,Spear,Bloodflame,105013,70,0,0,0,0,0,0,1,,,,,,
16011400,Spear,Death,108013,0,0,0,0,0,0,86,,,,,,,1
16010900,Spear,Draconic,,0,0,0,0,0,0,0,,,,,,,
16010500,Spear,Dragonkin,107513,0,86,0,0,0,0,0,,1,,,,,
16010700,Spear,Flame,108500,0,0,0,0,0,0,0,,,,,,,
16011300,Spear,Frenzy,6756,0,0,0,0,0,68,0,,,,,,1,
16011600,Spear,Frost,107513,0,86,0,0,0,0,0,,1,,,,,
16010400,Spear,Glint,,0,0,0,0,0,0,0,,,,,,,
16011500,Spear,Godslayer,1620000,0,0,0,0,0,0,0,,,,,,,
16010800,Spear,Golden,,0,0,0,0,0,0,0,,,,,,,
16010600,Spear,Gravity,,0,0,0,0,0,0,0,,,,,,,
16010100,Spear,Heavy,,0,0,0,0,0,0,0,,,,,,,
16010200,Spear,Keen,,0,0,0,0,0,0,0,,,,,,,
16011200,Spear,Lava,,0,0,0,0,0,0,0,,,,,,,
16012100,Spear,Mystic,105563,0,0,0,0,81,0,0,,,,,1,,
16011100,Spear,Night,,0,0,0,0,0,0,0,,,,,,,
16010300,Spear,Quality,,0,0,0,0,0,0,0,,,,,,,
16011900,Spear,Rotten,106013,0,0,81,0,0,0,0,,,1,,,,
16010000,Spear,Standard,,0,0,0,0,0,0,0,,,,,,,
16012000,Spear,Storm,,0,0,0,0,0,0,0,,,,,,,
16100000,Spear of Tranquility,Standard,105563,0,0,0,0,81,0,0,,,,,1,,
17080000,Spear of the Dreaming,Standard,105712,0,0,0,0,116,0,0,,,,,1,,
17500000,Spear of the Impaler,Standard,108500,0,0,0,0,0,0,0,,,,,,,
21011700,Spiked Caestus,Aberrant,105075,82,0,0,0,0,0,0,1,,,,,,
21011000,Spiked Caestus,Bestial,6400,45,0,0,0,0,0,0,1,,,,,,
21011800,Spiked Caestus,Bloodflame,105075,82,0,0,0,0,0,0,1,,,,,,
21011400,Spiked Caestus,Death,6400|108011,45,0,0,0,0,0,83,1,,,,,,1
21010900,Spiked Caestus,Draconic,6400,45,0,0,0,0,0,0,1,,,,,,
21010500,Spiked Caestus,Dragonkin,6400|107511,45,83,0,0,0,0,0,1,1,,,,,
21010700,Spiked Caestus,Flame,6400|108500,45,0,0,0,0,0,0,1,,,,,,
21011300,Spiked Caestus,Frenzy,6400|6752,45,0,0,0,0,65,0,1,,,,,1,
21011600,Spiked Caestus,Frost,6400|107511,45,83,0,0,0,0,0,1,1,,,,,
21010400,Spiked Caestus,Glint,6400,45,0,0,0,0,0,0,1,,,,,,
21011500,Spiked Caestus,Godslayer,6400|1620000,45,0,0,0,0,0,0,1,,,,,,
21010800,Spiked Caestus,Golden,6400,45,0,0,0,0,0,0,1,,,,,,
21010600,Spiked Caestus,Gravity,6400,45,0,0,0,0,0,0,1,,,,,,
21010100,Spiked Caestus,Heavy,6400,45,0,0,0,0,0,0,1,,,,,,
21010200,Spiked Caestus,Keen,6400,45,0,0,0,0,0,0,1,,,,,,
21011200,Spiked Caestus,Lava,6400,45,0,0,0,0,0,0,1,,,,,,
21012100,Spiked Caestus,Mystic,6400|105561,45,0,0,0,79,0,0,1,,,,1,,
21011100,Spiked Caestus,Night,6400,45,0,0,0,0,0,0,1,,,,,,
21010300,Spiked Caestus,Quality,6400,45,0,0,0,0,0,0,1,,,,,,
21011900,Spiked Caestus,Rotten,6400|106011,45,0,79,0,0,0,0,1,,1,,,,
21010000,Spiked Caestus,Standard,6400,45,0,0,0,0,0,0,1,,,,,,
21012000,Spiked Caestus,Storm,6400,45,0,0,0,0,0,0,1,,,,,,
11071700,Spiked Club,Aberrant,105168,91,0,0,0,0,0,0,1,,,,,,
11071000,Spiked Club,Bestial,6401,50,0,0,0,0,0,0,1,,,,,,
11071800,Spiked Club,Bloodflame,105168,91,0,0,0,0,0,0,1,,,,,,
11071400,Spiked Club,Death,6401|108015,50,0,0,0,0,0,89,1,,,,,,1
11070900,Spiked Club,Draconic,6401,50,0,0,0,0,0,0,1,,,,,,
11070500,Spiked Club,Dragonkin,6401|107515,50,89,0,0,0,0,0,1,1,,,,,
11070700,Spiked Club,Flame,6401|108500,50,0,0,0,0,0,0,1,,,,,,
11071300,Spiked Club,Frenzy,6401|6753,50,0,0,0,0,70,0,1,,,,,1,
11071600,Spiked Club,Frost,6401|107515,50,89,0,0,0,0,0,1,1,,,,,
11070400,Spiked Club,Glint,6401,50,0,0,0,0,0,0,1,,,,,,
11071500,Spiked Club,Godslayer,6401|1620000,50,0,0,0,0,0,0,1,,,,,,
11070800,Spiked Club,Golden,6401,50,0,0,0,0,0,0,1,,,,,,
11070600,Spiked Club,Gravity,6401,50,0,0,0,0,0,0,1,,,,,,
11070100,Spiked Club,Heavy,6401,50,0,0,0,0,0,0,1,,,,,,
11070200,Spiked Club,Keen,6401,50,0,0,0,0,0,0,1,,,,,,
11071200,Spiked Club,Lava,6401,50,0,0,0,0,0,0,1,,,,,,
11072100,Spiked Club,Mystic,6401|105515,50,0,0,0,83,0,0,1,,,,1,,
11071100,Spiked Club,Night,6401,50,0,0,0,0,0,0,1,,,,,,
11070300,Spiked Club,Quality,6401,50,0,0,0,0,0,0,1,,,,,,
11071900,Spiked Club,Rotten,6401|106015,50,0,83,0,0,0,0,1,,1,,,,
11070000,Spiked Club,Standard,6401,50,0,0,0,0,0,0,1,,,,,,
11072000,Spiked Club,Storm,6401,50,0,0,0,0,0,0,1,,,,,,
32170000,Spiked Palisade Shield,Standard,6405,70,0,0,0,0,0,0,1,,,,,,
16141700,Spiked Spear,Aberrant,105168,91,0,0,0,0,0,0,1,,,,,,
16141000,Spiked Spear,Bestial,6410,50,0,0,0,0,0,0,1,,,,,,
16141800,Spiked Spear,Bloodflame,105168,91,0,0,0,0,0,0,1,,,,,,
16141400,Spiked Spear,Death,6410|108013,50,0,0,0,0,0,86,1,,,,,,1
16140900,Spiked Spear,Draconic,6410,50,0,0,0,0,0,0,1,,,,,,
16140500,Spiked Spear,Dragonkin,6410|107513,50,86,0,0,0,0,0,1,1,,,,,
16140700,Spiked Spear,Flame,6410|108500,50,0,0,0,0,0,0,1,,,,,,
16141300,Spiked Spear,Frenzy,6410|6756,50,0,0,0,0,68,0,1,,,,,1,
16141600,Spiked Spear,Frost,6410|107513,50,86,0,0,0,0,0,1,1,,,,,
16140400,Spiked Spear,Glint,6410,50,0,0,0,0,0,0,1,,,,,,
16141500,Spiked Spear,Godslayer,6410|1620000,50,0,0,0,0,0,0,1,,,,,,
16140800,Spiked Spear,Golden,6410,50,0,0,0,0,0,0,1,,,,,,
16140600,Spiked Spear,Gravity,6410,50,0,0,0,0,0,0,1,,,,,,
16140100,Spiked Spear,Heavy,6410,50,0,0,0,0,0,0,1,,,,,,
16140200,Spiked Spear,Keen,6410,50,0,0,0,0,0,0,1,,,,,,
16141200,Spiked Spear,Lava,6410,50,0,0,0,0,0,0,1,,,,,,
16142100,Spiked Spear,Mystic,6410|105563,50,0,0,0,81,0,0,1,,,,1,,
16141100,Spiked Spear,Night,6410,50,0,0,0,0,0,0,1,,,,,,
16140300,Spiked Spear,Quality,6410,50,0,0,0,0,0,0,1,,,,,,
16141900,Spiked Spear,Rotten,6410|106013,50,0,81,0,0,0,0,1,,1,,,,
16140000,Spiked Spear,Standard,6410,50,0,0,0,0,0,0,1,,,,,,
16142000,Spiked Spear,Storm,6410,50,0,0,0,0,0,0,1,,,,,,
30190000,Spiralhorn Shield,Standard,6400|5301900,45,0,0,0,0,0,0,1,,,,,,
18500000,Spirit Glaive,Standard,107611,0,100,0,0,0,0,0,,1,,,,,
7500000,Spirit Sword,Standard,107513,0,86,0,0,0,0,0,,1,,,,,
34190000,Spiritshaper Seal,Standard,,0,0,0,0,0,0,0,,,,,,,
43510000,Spread Crossbow,Standard,,0,0,0,0,0,0,0,,,,,,,
24040000,St. Trina's Torch,Standard,6452|415,0,0,0,0,72,0,0,,,,,1,,
33320000,Staff of Briar,Standard,,0,0,0,0,0,0,0,,,,,,,
33280000,Staff of Loss,Standard,,0,0,0,0,0,0,0,,,,,,,
23070000,Staff of the Avatar,Standard,4000060,0,0,0,0,0,0,0,,,,,,,
33510000,Staff of the Great Beyond,Standard,,0,0,0,0,0,0,0,,,,,,,
33260000,Staff of the Guilty,Standard,,0,0,0,0,0,0,0,,,,,,,
21081700,Star Fist,Aberrant,105075,82,0,0,0,0,0,0,1,,,,,,
21081000,Star Fist,Bestial,6400,45,0,0,0,0,0,0,1,,,,,,
21081800,Star Fist,Bloodflame,105075,82,0,0,0,0,0,0,1,,,,,,
21081400,Star Fist,Death,6400|108011,45,0,0,0,0,0,83,1,,,,,,1
21080900,Star Fist,Draconic,6400,45,0,0,0,0,0,0,1,,,,,,
21080500,Star Fist,Dragonkin,6400|107511,45,83,0,0,0,0,0,1,1,,,,,
21080700,Star Fist,Flame,6400|108500,45,0,0,0,0,0,0,1,,,,,,
21081300,Star Fist,Frenzy,6400|6752,45,0,0,0,0,65,0,1,,,,,1,
21081600,Star Fist,Frost,6400|107511,45,83,0,0,0,0,0,1,1,,,,,
21080400,Star Fist,Glint,6400,45,0,0,0,0,0,0,1,,,,,,
21081500,Star Fist,Godslayer,6400|1620000,45,0,0,0,0,0,0,1,,,,,,
21080800,Star Fist,Golden,6400,45,0,0,0,0,0,0,1,,,,,,
21080600,Star Fist,Gravity,6400,45,0,0,0,0,0,0,1,,,,,,
21080100,Star Fist,Heavy,6400,45,0,0,0,0,0,0,1,,,,,,
21080200,Star Fist,Keen,6400,45,0,0,0,0,0,0,1,,,,,,
21081200,Star Fist,Lava,6400,45,0,0,0,0,0,0,1,,,,,,
21082100,Star Fist,Mystic,6400|105561,45,0,0,0,79,0,0,1,,,,1,,
21081100,Star Fist,Night,6400,45,0,0,0,0,0,0,1,,,,,,
21080300,Star Fist,Quality,6400,45,0,0,0,0,0,0,1,,,,,,
21081900,Star Fist,Rotten,6400|106011,45,0,79,0,0,0,0,1,,1,,,,
21080000,Star Fist,Standard,6400,45,0,0,0,0,0,0,1,,,,,,
21082000,Star Fist,Storm,6400,45,0,0,0,0,0,0,1,,,,,,
9050000,Star Shadow,Standard,6410,50,0,0,0,0,0,0,1,,,,,,
2520000,Star-Lined Sword,Standard,6410,50,0,0,0,0,0,0,1,,,,,,
18190000,Starcaller Mattock,Standard,,0,0,0,0,0,0,0,,,,,,,
4050000,Starscourge Greatsword,Standard,,0,0,0,0,0,0,0,,,,,,,
24020000,Steel-Wire Torch,Standard,415,0,0,0,0,0,0,0,,,,,,,
22040000,Stone Claws,Standard,,0,0,0,0,0,0,0,,,,,,,
11141700,Stone Club,Aberrant,105015,72,0,0,0,0,0,0,1,,,,,,
11141000,Stone Club,Bestial,,0,0,0,0,0,0,0,,,,,,,
11141800,Stone Club,Bloodflame,105015,72,0,0,0,0,0,0,1,,,,,,
11141400,Stone Club,Death,108015,0,0,0,0,0,0,89,,,,,,,1
11140900,Stone Club,Draconic,,0,0,0,0,0,0,0,,,,,,,
11140500,Stone Club,Dragonkin,107515,0,89,0,0,0,0,0,,1,,,,,
11140700,Stone Club,Flame,108500,0,0,0,0,0,0,0,,,,,,,
11141300,Stone Club,Frenzy,6753,0,0,0,0,0,70,0,,,,,,1,
11141600,Stone Club,Frost,107515,0,89,0,0,0,0,0,,1,,,,,
11140400,Stone Club,Glint,,0,0,0,0,0,0,0,,,,,,,
11141500,Stone Club,Godslayer,1620000,0,0,0,0,0,0,0,,,,,,,
11140800,Stone Club,Golden,,0,0,0,0,0,0,0,,,,,,,
11140600,Stone Club,Gravity,,0,0,0,0,0,0,0,,,,,,,
11140100,Stone Club,Heavy,,0,0,0,0,0,0,0,,,,,,,
11140200,Stone Club,Keen,,0,0,0,0,0,0,0,,,,,,,
11141200,Stone Club,Lava,,0,0,0,0,0,0,0,,,,,,,
11142100,Stone Club,Mystic,105515,0,0,0,0,83,0,0,,,,,1,,
11141100,Stone Club,Night,,0,0,0,0,0,0,0,,,,,,,
11140300,Stone Club,Quality,,0,0,0,0,0,0,0,,,,,,,
11141900,Stone Club,Rotten,106015,0,0,83,0,0,0,0,,,1,,,,
11140000,Stone Club,Standard,,0,0,0,0,0,0,0,,,,,,,
11142000,Stone Club,Storm,,0,0,0,0,0,0,0,,,,,,,
2540000,Stone-Sheathed Sword,Standard,,0,0,0,0,0,0,0,,,,,,,
33350000,Stormcaller Staff,Standard,,0,0,0,0,0,0,0,,,,,,,
1300000,Stormcaller's Dirk,Standard,1886,0,0,0,0,0,0,0,,,,,,,
14140000,Stormhawk Axe,Standard,,0,0,0,0,0,0,0,,,,,,,
10020000,Sulien's Razors,Standard,,0,0,0,0,0,0,0,,,,,,,
31050000,Sun Realm Shield,Standard,,0,0,0,0,0,0,0,,,,,,,
1120000,Surgeon's Catlinger [bloodflame],Standard,105075|5016000,82,0,0,0,0,0,0,1,,,,,,
16520000,Swift Spear,Standard,,0,0,0,0,0,0,0,,,,,,,
3501700,Sword Lance,Aberrant,105111,82,0,0,0,0,0,0,1,,,,,,
3501000,Sword Lance,Bestial,,0,0,0,0,0,0,0,,,,,,,
3501800,Sword Lance,Bloodflame,105111,82,0,0,0,0,0,0,1,,,,,,
3501400,Sword Lance,Death,108111,0,0,0,0,0,0,100,,,,,,,1
3500900,Sword Lance,Draconic,,0,0,0,0,0,0,0,,,,,,,
3500500,Sword Lance,Dragonkin,107611,0,100,0,0,0,0,0,,1,,,,,
3500700,Sword Lance,Flame,108500,0,0,0,0,0,0,0,,,,,,,
3501300,Sword Lance,Frenzy,6754,0,0,0,0,0,75,0,,,,,,1,
3501600,Sword Lance,Frost,107611,0,100,0,0,0,0,0,,1,,,,,
3500400,Sword Lance,Glint,,0,0,0,0,0,0,0,,,,,,,
3501500,Sword Lance,Godslayer,1620000,0,0,0,0,0,0,0,,,,,,,
3500800,Sword Lance,Golden,,0,0,0,0,0,0,0,,,,,,,
3500600,Sword Lance,Gravity,,0,0,0,0,0,0,0,,,,,,,
3500100,Sword Lance,Heavy,,0,0,0,0,0,0,0,,,,,,,
3500200,Sword Lance,Keen,,0,0,0,0,0,0,0,,,,,,,
3501200,Sword Lance,Lava,,0,0,0,0,0,0,0,,,,,,,
3502100,Sword Lance,Mystic,105611,0,0,0,0,95,0,0,,,,,1,,
3501100,Sword Lance,Night,,0,0,0,0,0,0,0,,,,,,,
3500300,Sword Lance,Quality,,0,0,0,0,0,0,0,,,,,,,
3501900,Sword Lance,Rotten,106111,0,0,95,0,0,0,0,,,1,,,,
3500000,Sword Lance,Standard,,0,0,0,0,0,0,0,,,,,,,
3502000,Sword Lance,Storm,,0,0,0,0,0,0,0,,,,,,,
2560000,Sword of Darkness,Standard,,0,0,0,0,0,0,0,,,,,,,
3230000,Sword of Hadea,Standard,,0,0,0,0,0,0,0,,,,,,,
2550000,Sword of Light,Standard,,0,0,0,0,0,0,0,,,,,,,
3160000,Sword of Milos,Standard,105200|5031600,83,0,0,0,0,0,0,1,,,,,,
9500000,Sword of Night,Standard,6410,50,0,0,0,0,0,0,1,,,,,,
2140000,Sword of Night and Flame,Standard,108500,0,0,0,0,0,0,0,,,,,,,
2190000,Sword of St. Trina,Standard,105575,0,0,0,0,95,0,0,,,,,1,,
67530000,Sword of the Cosmos,Standard,,0,0,0,0,0,0,0,,,,,,,
3120000,Sword of the Cyclops,Standard,108500,0,0,0,0,0,0,0,,,,,,,
33340000,Tempestcaller Staff,Standard,,0,0,0,0,0,0,0,,,,,,,
21500000,Thiollier's Hidden Needle,Standard,20001039,0,0,0,0,42,0,0,,,,,1,,
5070000,Thorn of the Guilty,Standard,105013,70,0,0,0,0,0,0,1,,,,,,
20021700,Thorned Whip,Aberrant,105168,91,0,0,0,0,0,0,1,,,,,,
20021000,Thorned Whip,Bestial,6401,50,0,0,0,0,0,0,1,,,,,,
20021800,Thorned Whip,Bloodflame,105168,91,0,0,0,0,0,0,1,,,,,,
20021400,Thorned Whip,Death,6401|108015,50,0,0,0,0,0,89,1,,,,,,1
20020900,Thorned Whip,Draconic,6401,50,0,0,0,0,0,0,1,,,,,,
20020500,Thorned Whip,Dragonkin,6401|107515,50,89,0,0,0,0,0,1,1,,,,,
20020700,Thorned Whip,Flame,6401|108500,50,0,0,0,0,0,0,1,,,,,,
20021300,Thorned Whip,Frenzy,6401|6753,50,0,0,0,0,70,0,1,,,,,1,
20021600,Thorned Whip,Frost,6401|107515,50,89,0,0,0,0,0,1,1,,,,,
20020400,Thorned Whip,Glint,6401,50,0,0,0,0,0,0,1,,,,,,
20021500,Thorned Whip,Godslayer,6401|1620000,50,0,0,0,0,0,0,1,,,,,,
20020800,Thorned Whip,Golden,6401,50,0,0,0,0,0,0,1,,,,,,
20020600,Thorned Whip,Gravity,6401,50,0,0,0,0,0,0,1,,,,,,
20020100,Thorned Whip,Heavy,6401,50,0,0,0,0,0,0,1,,,,,,
20020200,Thorned Whip,Keen,6401,50,0,0,0,0,0,0,1,,,,,,
20021200,Thorned Whip,Lava,6401,50,0,0,0,0,0,0,1,,,,,,
20022100,Thorned Whip,Mystic,6401|105515,50,0,0,0,83,0,0,1,,,,1,,
20021100,Thorned Whip,Night,6401,50,0,0,0,0,0,0,1,,,,,,
20020300,Thorned Whip,Quality,6401,50,0,0,0,0,0,0,1,,,,,,
20021900,Thorned Whip,Rotten,6401|106015,50,0,83,0,0,0,0,1,,1,,,,
20020000,Thorned Whip,Standard,6401,50,0,0,0,0,0,0,1,,,,,,
20022000,Thorned Whip,Storm,6401,50,0,0,0,0,0,0,1,,,,,,
8090000,Three Finger Blade,Standard,6754,0,0,0,0,0,75,0,,,,,,1,
20500000,Tooth Whip,Standard,6511,0,0,66,0,0,0,0,,,1,,,,
24000000,Torch,Standard,415,0,0,0,0,0,0,0,,,,,,,
16080000,Torchpole,Standard,108500,0,0,0,0,0,0,0,,,,,,,
68550000,Transcendent Talons,Standard,107511,0,83,0,0,0,0,0,,1,,,,,
17070000,Treespear,Standard,,0,0,0,0,0,0,0,,,,,,,
11190000,Tricia's Pomander - Fire,Standard,108501,0,0,0,0,0,0,0,,,,,,,
11193000,Tricia's Pomander - Frenzy,Standard,6751,0,0,0,0,0,60,0,,,,,,1,
11192000,Tricia's Pomander - Frost,Standard,6701,0,60,0,0,0,0,0,,1,,,,,
11191000,Tricia's Pomander - Lightning,Standard,,0,0,0,0,0,0,0,,,,,,,
4110000,Troll Knight's Sword,Standard,,0,0,0,0,0,0,0,,,,,,,
4031700,Troll's Golden Sword,Aberrant,105212,100,0,0,0,0,0,0,1,,,,,,
4031000,Troll's Golden Sword,Bestial,,0,0,0,0,0,0,0,,,,,,,
4031800,Troll's Golden Sword,Bloodflame,105212,100,0,0,0,0,0,0,1,,,,,,
4031400,Troll's Golden Sword,Death,108212,0,0,0,0,0,0,123,,,,,,,1
4030900,Troll's Golden Sword,Draconic,,0,0,0,0,0,0,0,,,,,,,
4030500,Troll's Golden Sword,Dragonkin,107712,0,123,0,0,0,0,0,,1,,,,,
4030700,Troll's Golden Sword,Flame,108500,0,0,0,0,0,0,0,,,,,,,
4031300,Troll's Golden Sword,Frenzy,6757,0,0,0,0,0,87,0,,,,,,1,
4031600,Troll's Golden Sword,Frost,107712,0,123,0,0,0,0,0,,1,,,,,
4030400,Troll's Golden Sword,Glint,,0,0,0,0,0,0,0,,,,,,,
4031500,Troll's Golden Sword,Godslayer,1620000,0,0,0,0,0,0,0,,,,,,,
4030800,Troll's Golden Sword,Golden,,0,0,0,0,0,0,0,,,,,,,
4030600,Troll's Golden Sword,Gravity,,0,0,0,0,0,0,0,,,,,,,
4030100,Troll's Golden Sword,Heavy,,0,0,0,0,0,0,0,,,,,,,
4030200,Troll's Golden Sword,Keen,,0,0,0,0,0,0,0,,,,,,,
4031200,Troll's Golden Sword,Lava,,0,0,0,0,0,0,0,,,,,,,
4032100,Troll's Golden Sword,Mystic,105712,0,0,0,0,116,0,0,,,,,1,,
4031100,Troll's Golden Sword,Night,,0,0,0,0,0,0,0,,,,,,,
4030300,Troll's Golden Sword,Quality,,0,0,0,0,0,0,0,,,,,,,
4031900,Troll's Golden Sword,Rotten,106212,0,0,116,0,0,0,0,,,1,,,,
4030000,Troll's Golden Sword,Standard,,0,0,0,0,0,0,0,,,,,,,
4032000,Troll's Golden Sword,Storm,,0,0,0,0,0,0,0,,,,,,,
23130000,Troll's Hammer,Standard,,0,0,0,0,0,0,0,,,,,,,
31090000,Twinbird Kite Shield,Standard,5310900,0,0,0,0,0,0,0,,,,,,,
10001700,Twinblade,Aberrant,105013,70,0,0,0,0,0,0,1,,,,,,
10001000,Twinblade,Bestial,,0,0,0,0,0,0,0,,,,,,,
10001800,Twinblade,Bloodflame,105013,70,0,0,0,0,0,0,1,,,,,,
10001400,Twinblade,Death,108013,0,0,0,0,0,0,86,,,,,,,1
10000900,Twinblade,Draconic,,0,0,0,0,0,0,0,,,,,,,
10000500,Twinblade,Dragonkin,107513,0,86,0,0,0,0,0,,1,,,,,
10000700,Twinblade,Flame,108500,0,0,0,0,0,0,0,,,,,,,
10001300,Twinblade,Frenzy,6756,0,0,0,0,0,68,0,,,,,,1,
10001600,Twinblade,Frost,107513,0,86,0,0,0,0,0,,1,,,,,
10000400,Twinblade,Glint,,0,0,0,0,0,0,0,,,,,,,
10001500,Twinblade,Godslayer,1620000,0,0,0,0,0,0,0,,,,,,,
10000800,Twinblade,Golden,,0,0,0,0,0,0,0,,,,,,,
10000600,Twinblade,Gravity,,0,0,0,0,0,0,0,,,,,,,
10000100,Twinblade,Heavy,,0,0,0,0,0,0,0,,,,,,,
10000200,Twinblade,Keen,,0,0,0,0,0,0,0,,,,,,,
10001200,Twinblade,Lava,,0,0,0,0,0,0,0,,,,,,,
10002100,Twinblade,Mystic,105563,0,0,0,0,81,0,0,,,,,1,,
10001100,Twinblade,Night,,0,0,0,0,0,0,0,,,,,,,
10000300,Twinblade,Quality,,0,0,0,0,0,0,0,,,,,,,
10001900,Twinblade,Rotten,106013,0,0,81,0,0,0,0,,,1,,,,
10000000,Twinblade,Standard,,0,0,0,0,0,0,0,,,,,,,
10002000,Twinblade,Storm,,0,0,0,0,0,0,0,,,,,,,
10031700,Twinned Knight Swords,Aberrant,105013,70,0,0,0,0,0,0,1,,,,,,
10031000,Twinned Knight Swords,Bestial,,0,0,0,0,0,0,0,,,,,,,
10031800,Twinned Knight Swords,Bloodflame,105013,70,0,0,0,0,0,0,1,,,,,,
10031400,Twinned Knight Swords,Death,108013,0,0,0,0,0,0,86,,,,,,,1
10030900,Twinned Knight Swords,Draconic,,0,0,0,0,0,0,0,,,,,,,
10030500,Twinned Knight Swords,Dragonkin,107513,0,86,0,0,0,0,0,,1,,,,,
10030700,Twinned Knight Swords,Flame,108500,0,0,0,0,0,0,0,,,,,,,
10031300,Twinned Knight Swords,Frenzy,6756,0,0,0,0,0,68,0,,,,,,1,
10031600,Twinned Knight Swords,Frost,107513,0,86,0,0,0,0,0,,1,,,,,
10030400,Twinned Knight Swords,Glint,,0,0,0,0,0,0,0,,,,,,,
10031500,Twinned Knight Swords,Godslayer,1620000,0,0,0,0,0,0,0,,,,,,,
10030800,Twinned Knight Swords,Golden,,0,0,0,0,0,0,0,,,,,,,
10030600,Twinned Knight Swords,Gravity,,0,0,0,0,0,0,0,,,,,,,
10030100,Twinned Knight Swords,Heavy,,0,0,0,0,0,0,0,,,,,,,
10030200,Twinned Knight Swords,Keen,,0,0,0,0,0,0,0,,,,,,,
10031200,Twinned Knight Swords,Lava,,0,0,0,0,0,0,0,,,,,,,
10032100,Twinned Knight Swords,Mystic,105563,0,0,0,0,81,0,0,,,,,1,,
10031100,Twinned Knight Swords,Night,,0,0,0,0,0,0,0,,,,,,,
10030300,Twinned Knight Swords,Quality,,0,0,0,0,0,0,0,,,,,,,
10031900,Twinned Knight Swords,Rotten,106013,0,0,81,0,0,0,0,,,1,,,,
10030000,Twinned Knight Swords,Standard,,0,0,0,0,0,0,0,,,,,,,
10032000,Twinned Knight Swords,Storm,,0,0,0,0,0,0,0,,,,,,,
9001700,Uchigatana,Aberrant,105168,91,0,0,0,0,0,0,1,,,,,,
9001000,Uchigatana,Bestial,6410,50,0,0,0,0,0,0,1,,,,,,
9001800,Uchigatana,Bloodflame,105168,91,0,0,0,0,0,0,1,,,,,,
9001400,Uchigatana,Death,6410|108013,50,0,0,0,0,0,86,1,,,,,,1
9000900,Uchigatana,Draconic,6410,50,0,0,0,0,0,0,1,,,,,,
9000500,Uchigatana,Dragonkin,6410|107513,50,86,0,0,0,0,0,1,1,,,,,
9000700,Uchigatana,Flame,6410|108500,50,0,0,0,0,0,0,1,,,,,,
9001300,Uchigatana,Frenzy,6410|6756,50,0,0,0,0,68,0,1,,,,,1,
9001600,Uchigatana,Frost,6410|107513,50,86,0,0,0,0,0,1,1,,,,,
9000400,Uchigatana,Glint,6410,50,0,0,0,0,0,0,1,,,,,,
9001500,Uchigatana,Godslayer,6410|1620000,50,0,0,0,0,0,0,1,,,,,,
9000800,Uchigatana,Golden,6410,50,0,0,0,0,0,0,1,,,,,,
9000600,Uchigatana,Gravity,6410,50,0,0,0,0,0,0,1,,,,,,
9000100,Uchigatana,Heavy,6410,50,0,0,0,0,0,0,1,,,,,,
9000200,Uchigatana,Keen,6410,50,0,0,0,0,0,0,1,,,,,,
9001200,Uchigatana,Lava,6410,50,0,0,0,0,0,0,1,,,,,,
9002100,Uchigatana,Mystic,6410|105563,50,0,0,0,81,0,0,1,,,,1,,
9001100,Uchigatana,Night,6410,50,0,0,0,0,0,0,1,,,,,,
9000300,Uchigatana,Quality,6410,50,0,0,0,0,0,0,1,,,,,,
9001900,Uchigatana,Rotten,6410|106013,50,0,81,0,0,0,0,1,,1,,,,
9000000,Uchigatana,Standard,6410,50,0,0,0,0,0,0,1,,,,,,
9002000,Uchigatana,Storm,6410,50,0,0,0,0,0,0,1,,,,,,
12030000,Underworld Greatmace,Standard,107611|6402,55,100,0,0,0,0,0,1,1,,,,,
20071700,Urumi,Aberrant,105015,72,0,0,0,0,0,0,1,,,,,,
20071000,Urumi,Bestial,,0,0,0,0,0,0,0,,,,,,,
20071800,Urumi,Bloodflame,105015,72,0,0,0,0,0,0,1,,,,,,
20071400,Urumi,Death,108015,0,0,0,0,0,0,89,,,,,,,1
20070900,Urumi,Draconic,,0,0,0,0,0,0,0,,,,,,,
20070500,Urumi,Dragonkin,107515,0,89,0,0,0,0,0,,1,,,,,
20070700,Urumi,Flame,108500,0,0,0,0,0,0,0,,,,,,,
20071300,Urumi,Frenzy,6753,0,0,0,0,0,70,0,,,,,,1,
20071600,Urumi,Frost,107515,0,89,0,0,0,0,0,,1,,,,,
20070400,Urumi,Glint,,0,0,0,0,0,0,0,,,,,,,
20071500,Urumi,Godslayer,1620000,0,0,0,0,0,0,0,,,,,,,
20070800,Urumi,Golden,,0,0,0,0,0,0,0,,,,,,,
20070600,Urumi,Gravity,,0,0,0,0,0,0,0,,,,,,,
20070100,Urumi,Heavy,,0,0,0,0,0,0,0,,,,,,,
20070200,Urumi,Keen,,0,0,0,0,0,0,0,,,,,,,
20071200,Urumi,Lava,,0,0,0,0,0,0,0,,,,,,,
20072100,Urumi,Mystic,105515,0,0,0,0,83,0,0,,,,,1,,
20071100,Urumi,Night,,0,0,0,0,0,0,0,,,,,,,
20070300,Urumi,Quality,,0,0,0,0,0,0,0,,,,,,,
20071900,Urumi,Rotten,106015,0,0,83,0,0,0,0,,,1,,,,
20070000,Urumi,Standard,,0,0,0,0,0,0,0,,,,,,,
20072000,Urumi,Storm,,0,0,0,0,0,0,0,,,,,,,
11060000,Varre's Bouquet,Standard,105175,100,0,0,0,0,0,0,1,,,,,,
2510000,Velvet Sword of St. Trina,Standard,20001029|1879,0,0,0,0,42,0,0,,,,,1,,
22011700,Venomous Fang,Aberrant,105011|6512,68,0,72,0,0,0,0,1,,1,,,,
22011000,Venomous Fang,Bestial,6512,0,0,72,0,0,0,0,,,1,,,,
22011800,Venomous Fang,Bloodflame,105011|6512,68,0,72,0,0,0,0,1,,1,,,,
22011400,Venomous Fang,Death,108011|6512,0,0,72,0,0,0,83,,,1,,,,1
22010900,Venomous Fang,Draconic,6512,0,0,72,0,0,0,0,,,1,,,,
22010500,Venomous Fang,Dragonkin,107511|6512,0,83,72,0,0,0,0,,1,1,,,,
22010700,Venomous Fang,Flame,108500|6512,0,0,72,0,0,0,0,,,1,,,,
22011300,Venomous Fang,Frenzy,6752|6512,0,0,72,0,0,65,0,,,1,,,1,
22011600,Venomous Fang,Frost,107511|6512,0,83,72,0,0,0,0,,1,1,,,,
22010400,Venomous Fang,Glint,6512,0,0,72,0,0,0,0,,,1,,,,
22011500,Venomous Fang,Godslayer,1620000|6512,0,0,72,0,0,0,0,,,1,,,,
22010800,Venomous Fang,Golden,6512,0,0,72,0,0,0,0,,,1,,,,
22010600,Venomous Fang,Gravity,6512,0,0,72,0,0,0,0,,,1,,,,
22010100,Venomous Fang,Heavy,6512,0,0,72,0,0,0,0,,,1,,,,
22010200,Venomous Fang,Keen,6512,0,0,72,0,0,0,0,,,1,,,,
22011200,Venomous Fang,Lava,6512,0,0,72,0,0,0,0,,,1,,,,
22012100,Venomous Fang,Mystic,105561|6512,0,0,72,0,79,0,0,,,1,,1,,
22011100,Venomous Fang,Night,6512,0,0,72,0,0,0,0,,,1,,,,
22010300,Venomous Fang,Quality,6512,0,0,72,0,0,0,0,,,1,,,,
22011900,Venomous Fang,Rotten,106200,0,0,96,0,0,0,0,,,1,,,,
22010000,Venomous Fang,Standard,6512,0,0,72,0,0,0,0,,,1,,,,
22012000,Venomous Fang,Storm,6512,0,0,72,0,0,0,0,,,1,,,,
32520000,Verdigris Greatshield,Standard,,0,0,0,0,0,0,0,,,,,,,
21120000,Veteran's Prosthesis,Standard,,0,0,0,0,0,0,0,,,,,,,
32160000,Visage Shield,Standard,,0,0,0,0,0,0,0,,,,,,,
18070000,Vulgar Militia Saw,Standard,6402,55,0,0,0,0,0,0,1,,,,,,
18130000,Vulgar Militia Shotel,Standard,,0,0,0,0,0,0,0,,,,,,,
17050000,Vyke's War Spear,Standard,6754,0,0,0,0,0,75,0,,,,,,1,
1101700,Wakizashi,Aberrant,105075,82,0,0,0,0,0,0,1,,,,,,
1101000,Wakizashi,Bestial,6400,45,0,0,0,0,0,0,1,,,,,,
1101800,Wakizashi,Bloodflame,105075,82,0,0,0,0,0,0,1,,,,,,
1101400,Wakizashi,Death,6400|108011,45,0,0,0,0,0,83,1,,,,,,1
1100900,Wakizashi,Draconic,6400,45,0,0,0,0,0,0,1,,,,,,
1100500,Wakizashi,Dragonkin,6400|107511,45,83,0,0,0,0,0,1,1,,,,,
1100700,Wakizashi,Flame,6400|108500,45,0,0,0,0,0,0,1,,,,,,
1101300,Wakizashi,Frenzy,6400|6752,45,0,0,0,0,65,0,1,,,,,1,
1101600,Wakizashi,Frost,6400|107511,45,83,0,0,0,0,0,1,1,,,,,
1100400,Wakizashi,Glint,6400,45,0,0,0,0,0,0,1,,,,,,
1101500,Wakizashi,Godslayer,6400|1620000,45,0,0,0,0,0,0,1,,,,,,
1100800,Wakizashi,Golden,6400,45,0,0,0,0,0,0,1,,,,,,
1100600,Wakizashi,Gravity,6400,45,0,0,0,0,0,0,1,,,,,,
1100100,Wakizashi,Heavy,6400,45,0,0,0,0,0,0,1,,,,,,
1100200,Wakizashi,Keen,6400,45,0,0,0,0,0,0,1,,,,,,
1101200,Wakizashi,Lava,6400,45,0,0,0,0,0,0,1,,,,,,
1102100,Wakizashi,Mystic,6400|105561,45,0,0,0,79,0,0,1,,,,1,,
1101100,Wakizashi,Night,6400,45,0,0,0,0,0,0,1,,,,,,
1100300,Wakizashi,Quality,6400,45,0,0,0,0,0,0,1,,,,,,
1101900,Wakizashi,Rotten,6400|106011,45,0,79,0,0,0,0,1,,1,,,,
1100000,Wakizashi,Standard,6400,45,0,0,0,0,0,0,1,,,,,,
1102000,Wakizashi,Storm,6400,45,0,0,0,0,0,0,1,,,,,,
19040000,War Scythe [Heavy],Standard,6402,55,0,0,0,0,0,0,1,,,,,,
34160000,War Surgeon's Seal,Standard,,0,0,0,0,0,0,0,,,,,,,
2241700,Warhawk's Talon,Aberrant,105013,70,0,0,0,0,0,0,1,,,,,,
2241000,Warhawk's Talon,Bestial,,0,0,0,0,0,0,0,,,,,,,
2241800,Warhawk's Talon,Bloodflame,105013,70,0,0,0,0,0,0,1,,,,,,
2241400,Warhawk's Talon,Death,108013,0,0,0,0,0,0,86,,,,,,,1
2240900,Warhawk's Talon,Draconic,,0,0,0,0,0,0,0,,,,,,,
2240500,Warhawk's Talon,Dragonkin,107513,0,86,0,0,0,0,0,,1,,,,,
2240700,Warhawk's Talon,Flame,108500,0,0,0,0,0,0,0,,,,,,,
2241300,Warhawk's Talon,Frenzy,6756,0,0,0,0,0,68,0,,,,,,1,
2241600,Warhawk's Talon,Frost,107513,0,86,0,0,0,0,0,,1,,,,,
2240400,Warhawk's Talon,Glint,,0,0,0,0,0,0,0,,,,,,,
2241500,Warhawk's Talon,Godslayer,1620000,0,0,0,0,0,0,0,,,,,,,
2240800,Warhawk's Talon,Golden,,0,0,0,0,0,0,0,,,,,,,
2240600,Warhawk's Talon,Gravity,,0,0,0,0,0,0,0,,,,,,,
2240100,Warhawk's Talon,Heavy,,0,0,0,0,0,0,0,,,,,,,
2240200,Warhawk's Talon,Keen,,0,0,0,0,0,0,0,,,,,,,
2241200,Warhawk's Talon,Lava,,0,0,0,0,0,0,0,,,,,,,
2242100,Warhawk's Talon,Mystic,105563,0,0,0,0,81,0,0,,,,,1,,
2241100,Warhawk's Talon,Night,,0,0,0,0,0,0,0,,,,,,,
2240300,Warhawk's Talon,Quality,,0,0,0,0,0,0,0,,,,,,,
2241900,Warhawk's Talon,Rotten,106013,0,0,81,0,0,0,0,,,1,,,,
2240000,Warhawk's Talon,Standard,,0,0,0,0,0,0,0,,,,,,,
2242000,Warhawk's Talon,Storm,,0,0,0,0,0,0,0,,,,,,,
15011700,Warped Axe,Aberrant,105015,72,0,0,0,0,0,0,1,,,,,,
15011000,Warped Axe,Bestial,,0,0,0,0,0,0,0,,,,,,,
15011800,Warped Axe,Bloodflame,105015,72,0,0,0,0,0,0,1,,,,,,
15011400,Warped Axe,Death,108015,0,0,0,0,0,0,89,,,,,,,1
15010900,Warped Axe,Draconic,,0,0,0,0,0,0,0,,,,,,,
15010500,Warped Axe,Dragonkin,107515,0,89,0,0,0,0,0,,1,,,,,
15010700,Warped Axe,Flame,108500,0,0,0,0,0,0,0,,,,,,,
15011300,Warped Axe,Frenzy,6753,0,0,0,0,0,70,0,,,,,,1,
15011600,Warped Axe,Frost,107515,0,89,0,0,0,0,0,,1,,,,,
15010400,Warped Axe,Glint,,0,0,0,0,0,0,0,,,,,,,
15011500,Warped Axe,Godslayer,1620000,0,0,0,0,0,0,0,,,,,,,
15010800,Warped Axe,Golden,,0,0,0,0,0,0,0,,,,,,,
15010600,Warped Axe,Gravity,,0,0,0,0,0,0,0,,,,,,,
15010100,Warped Axe,Heavy,,0,0,0,0,0,0,0,,,,,,,
15010200,Warped Axe,Keen,,0,0,0,0,0,0,0,,,,,,,
15011200,Warped Axe,Lava,,0,0,0,0,0,0,0,,,,,,,
15012100,Warped Axe,Mystic,105515,0,0,0,0,83,0,0,,,,,1,,
15011100,Warped Axe,Night,,0,0,0,0,0,0,0,,,,,,,
15010300,Warped Axe,Quality,,0,0,0,0,0,0,0,,,,,,,
15011900,Warped Axe,Rotten,106015,0,0,83,0,0,0,0,,,1,,,,
15010000,Warped Axe,Standard,,0,0,0,0,0,0,0,,,,,,,
15012000,Warped Axe,Storm,,0,0,0,0,0,0,0,,,,,,,
11041700,Warpick,Aberrant,105015,72,0,0,0,0,0,0,1,,,,,,
11041000,Warpick,Bestial,,0,0,0,0,0,0,0,,,,,,,
11041800,Warpick,Bloodflame,105015,72,0,0,0,0,0,0,1,,,,,,
11041400,Warpick,Death,108015,0,0,0,0,0,0,89,,,,,,,1
11040900,Warpick,Draconic,,0,0,0,0,0,0,0,,,,,,,
11040500,Warpick,Dragonkin,107515,0,89,0,0,0,0,0,,1,,,,,
11040700,Warpick,Flame,108500,0,0,0,0,0,0,0,,,,,,,
11041300,Warpick,Frenzy,6753,0,0,0,0,0,70,0,,,,,,1,
11041600,Warpick,Frost,107515,0,89,0,0,0,0,0,,1,,,,,
11040400,Warpick,Glint,,0,0,0,0,0,0,0,,,,,,,
11041500,Warpick,Godslayer,1620000,0,0,0,0,0,0,0,,,,,,,
11040800,Warpick,Golden,,0,0,0,0,0,0,0,,,,,,,
11040600,Warpick,Gravity,,0,0,0,0,0,0,0,,,,,,,
11040100,Warpick,Heavy,,0,0,0,0,0,0,0,,,,,,,
11040200,Warpick,Keen,,0,0,0,0,0,0,0,,,,,,,
11041200,Warpick,Lava,,0,0,0,0,0,0,0,,,,,,,
11042100,Warpick,Mystic,105515,0,0,0,0,83,0,0,,,,,1,,
11041100,Warpick,Night,,0,0,0,0,0,0,0,,,,,,,
11040300,Warpick,Quality,,0,0,0,0,0,0,0,,,,,,,
11041900,Warpick,Rotten,106015,0,0,83,0,0,0,0,,,1,,,,
11040000,Warpick,Standard,,0,0,0,0,0,0,0,,,,,,,
11042000,Warpick,Storm,,0,0,0,0,0,0,0,,,,,,,
4011700,Watchdog's Greatsword,Aberrant,105212,100,0,0,0,0,0,0,1,,,,,,
4011000,Watchdog's Greatsword,Bestial,,0,0,0,0,0,0,0,,,,,,,
4011800,Watchdog's Greatsword,Bloodflame,105212,100,0,0,0,0,0,0,1,,,,,,
4011400,Watchdog's Greatsword,Death,108212,0,0,0,0,0,0,123,,,,,,,1
4010900,Watchdog's Greatsword,Draconic,,0,0,0,0,0,0,0,,,,,,,
4010500,Watchdog's Greatsword,Dragonkin,107712,0,123,0,0,0,0,0,,1,,,,,
4010700,Watchdog's Greatsword,Flame,108500,0,0,0,0,0,0,0,,,,,,,
4011300,Watchdog's Greatsword,Frenzy,6757,0,0,0,0,0,87,0,,,,,,1,
4011600,Watchdog's Greatsword,Frost,107712,0,123,0,0,0,0,0,,1,,,,,
4010400,Watchdog's Greatsword,Glint,,0,0,0,0,0,0,0,,,,,,,
4011500,Watchdog's Greatsword,Godslayer,1620000,0,0,0,0,0,0,0,,,,,,,
4010800,Watchdog's Greatsword,Golden,,0,0,0,0,0,0,0,,,,,,,
4010600,Watchdog's Greatsword,Gravity,,0,0,0,0,0,0,0,,,,,,,
4010100,Watchdog's Greatsword,Heavy,,0,0,0,0,0,0,0,,,,,,,
4010200,Watchdog's Greatsword,Keen,,0,0,0,0,0,0,0,,,,,,,
4011200,Watchdog's Greatsword,Lava,,0,0,0,0,0,0,0,,,,,,,
4012100,Watchdog's Greatsword,Mystic,105712,0,0,0,0,116,0,0,,,,,1,,
4011100,Watchdog's Greatsword,Night,,0,0,0,0,0,0,0,,,,,,,
4010300,Watchdog's Greatsword,Quality,,0,0,0,0,0,0,0,,,,,,,
4011900,Watchdog's Greatsword,Rotten,106212,0,0,116,0,0,0,0,,,1,,,,
4010000,Watchdog's Greatsword,Standard,,0,0,0,0,0,0,0,,,,,,,
4012000,Watchdog's Greatsword,Storm,,0,0,0,0,0,0,0,,,,,,,
23010000,Watchdog's Staff,Standard,,0,0,0,0,0,0,0,,,,,,,
2051700,Weathered Straight Sword,Aberrant,105013,70,0,0,0,0,0,0,1,,,,,,
2051000,Weathered Straight Sword,Bestial,,0,0,0,0,0,0,0,,,,,,,
2051800,Weathered Straight Sword,Bloodflame,105013,70,0,0,0,0,0,0,1,,,,,,
2051400,Weathered Straight Sword,Death,108013,0,0,0,0,0,0,86,,,,,,,1
2050900,Weathered Straight Sword,Draconic,,0,0,0,0,0,0,0,,,,,,,
2050500,Weathered Straight Sword,Dragonkin,107513,0,86,0,0,0,0,0,,1,,,,,
2050700,Weathered Straight Sword,Flame,108500,0,0,0,0,0,0,0,,,,,,,
2051300,Weathered Straight Sword,Frenzy,6756,0,0,0,0,0,68,0,,,,,,1,
2051600,Weathered Straight Sword,Frost,107513,0,86,0,0,0,0,0,,1,,,,,
2050400,Weathered Straight Sword,Glint,,0,0,0,0,0,0,0,,,,,,,
2051500,Weathered Straight Sword,Godslayer,1620000,0,0,0,0,0,0,0,,,,,,,
2050800,Weathered Straight Sword,Golden,,0,0,0,0,0,0,0,,,,,,,
2050600,Weathered Straight Sword,Gravity,,0,0,0,0,0,0,0,,,,,,,
2050100,Weathered Straight Sword,Heavy,,0,0,0,0,0,0,0,,,,,,,
2050200,Weathered Straight Sword,Keen,,0,0,0,0,0,0,0,,,,,,,
2051200,Weathered Straight Sword,Lava,,0,0,0,0,0,0,0,,,,,,,
2052100,Weathered Straight Sword,Mystic,105563,0,0,0,0,81,0,0,,,,,1,,
2051100,Weathered Straight Sword,Night,,0,0,0,0,0,0,0,,,,,,,
2050300,Weathered Straight Sword,Quality,,0,0,0,0,0,0,0,,,,,,,
2051900,Weathered Straight Sword,Rotten,106013,0,0,81,0,0,0,0,,,1,,,,
2050000,Weathered Straight Sword,Standard,,0,0,0,0,0,0,0,,,,,,,
2052000,Weathered Straight Sword,Storm,,0,0,0,0,0,0,0,,,,,,,
20001700,Whip,Aberrant,105015,72,0,0,0,0,0,0,1,,,,,,
20001000,Whip,Bestial,,0,0,0,0,0,0,0,,,,,,,
20001800,Whip,Bloodflame,105015,72,0,0,0,0,0,0,1,,,,,,
20001400,Whip,Death,108015,0,0,0,0,0,0,89,,,,,,,1
20000900,Whip,Draconic,,0,0,0,0,0,0,0,,,,,,,
20000500,Whip,Dragonkin,107515,0,89,0,0,0,0,0,,1,,,,,
20000700,Whip,Flame,108500,0,0,0,0,0,0,0,,,,,,,
20001300,Whip,Frenzy,6753,0,0,0,0,0,70,0,,,,,,1,
20001600,Whip,Frost,107515,0,89,0,0,0,0,0,,1,,,,,
20000400,Whip,Glint,,0,0,0,0,0,0,0,,,,,,,
20001500,Whip,Godslayer,1620000,0,0,0,0,0,0,0,,,,,,,
20000800,Whip,Golden,,0,0,0,0,0,0,0,,,,,,,
20000600,Whip,Gravity,,0,0,0,0,0,0,0,,,,,,,
20000100,Whip,Heavy,,0,0,0,0,0,0,0,,,,,,,
20000200,Whip,Keen,,0,0,0,0,0,0,0,,,,,,,
20001200,Whip,Lava,,0,0,0,0,0,0,0,,,,,,,
20002100,Whip,Mystic,105515,0,0,0,0,83,0,0,,,,,1,,
20001100,Whip,Night,,0,0,0,0,0,0,0,,,,,,,
20000300,Whip,Quality,,0,0,0,0,0,0,0,,,,,,,
20001900,Whip,Rotten,106015,0,0,83,0,0,0,0,,,1,,,,
20000000,Whip,Standard,,0,0,0,0,0,0,0,,,,,,,
20002000,Whip,Storm,,0,0,0,0,0,0,0,,,,,,,
7070000,Wing of Astel,Standard,,0,0,0,0,0,0,0,,,,,,,
15110000,Winged Greathorn,Standard,105611,0,0,0,0,95,0,0,,,,,1,,
19060000,Winged Scythe,Standard,6402,55,0,0,0,0,0,0,1,,,,,,
31510000,Wolf Crest Shield,Standard,,0,0,0,0,0,0,0,,,,,,,
32290000,Wooden Greatshield,Standard,,0,0,0,0,0,0,0,,,,,,,
2030000,Yura's Kanabo,Standard,105013,70,0,0,0,0,0,0,1,,,,,,
8050000,Zamor Curved Sword,Standard,107611,0,100,0,0,0,0,0,,1,,,,,
11160000,Zamor Star Mace,Standard,107515|105015,72,89,0,0,0,0,0,1,1,,,,,
7090000,Zephyr Blades,Standard,,0,0,0,0,0,0,0,,,,,,,
4041700,Zweihander,Aberrant,105212,100,0,0,0,0,0,0,1,,,,,,
4041000,Zweihander,Bestial,,0,0,0,0,0,0,0,,,,,,,
4041800,Zweihander,Bloodflame,105212,100,0,0,0,0,0,0,1,,,,,,
4041400,Zweihander,Death,108212,0,0,0,0,0,0,123,,,,,,,1
4040900,Zweihander,Draconic,,0,0,0,0,0,0,0,,,,,,,
4040500,Zweihander,Dragonkin,107712,0,123,0,0,0,0,0,,1,,,,,
4040700,Zweihander,Flame,108500,0,0,0,0,0,0,0,,,,,,,
4041300,Zweihander,Frenzy,6757,0,0,0,0,0,87,0,,,,,,1,
4041600,Zweihander,Frost,107712,0,123,0,0,0,0,0,,1,,,,,
4040400,Zweihander,Glint,,0,0,0,0,0,0,0,,,,,,,
4041500,Zweihander,Godslayer,1620000,0,0,0,0,0,0,0,,,,,,,
4040800,Zweihander,Golden,,0,0,0,0,0,0,0,,,,,,,
4040600,Zweihander,Gravity,,0,0,0,0,0,0,0,,,,,,,
4040100,Zweihander,Heavy,,0,0,0,0,0,0,0,,,,,,,
4040200,Zweihander,Keen,,0,0,0,0,0,0,0,,,,,,,
4041200,Zweihander,Lava,,0,0,0,0,0,0,0,,,,,,,
4042100,Zweihander,Mystic,105712,0,0,0,0,116,0,0,,,,,1,,
4041100,Zweihander,Night,,0,0,0,0,0,0,0,,,,,,,
4040300,Zweihander,Quality,,0,0,0,0,0,0,0,,,,,,,
4041900,Zweihander,Rotten,106212,0,0,116,0,0,0,0,,,1,,,,
4040000,Zweihander,Standard,,0,0,0,0,0,0,0,,,,,,,
4042000,Zweihander,Storm,,0,0,0,0,0,0,0,,,,,,,
