weapon_id,name,affinity,weapon_type_name,weapon_type_keys,attack_element_correct_id,str_scaling,str_grade,str_effective,dex_scaling,dex_grade,dex_effective,int_scaling,int_grade,int_effective,fai_scaling,fai_grade,fai_effective,arc_scaling,arc_grade,arc_effective,usable_stats,dead_stats
33200000,Academy Glintstone Staff,Standard,Staff,Staff,0,0.00,-,0,0.00,-,0,0.80,C,1,0.00,-,0,0.00,-,0,INT,STR|DEX|FAI|ARC
31350000,Aegis of Hadea,Standard,Medium Shield,ShieldNormal,0,0.00,-,0,0.00,-,0,0.00,-,0,1.00,B,1,0.00,-,0,FAI,STR|DEX|INT|ARC
3070000,Alabaster Lord's Sword,Standard,Greatsword,SwordLarge,0,0.25,D,1,0.10,E,1,1.20,B,1,0.00,-,0,0.00,-,0,STR|DEX|INT,FAI|ARC
41010000,Albinauric Bow,Standard,Bow,BowNormal,0,0.25,D,1,0.25,D,1,0.85,C,1,0.00,-,0,0.00,-,0,STR|DEX|INT,FAI|ARC
31040000,Albinauric Shield,Standard,Medium Shield,ShieldNormal,0,0.40,D,1,0.00,-,0,0.00,-,0,0.00,-,0,0.00,-,0,STR,DEX|INT|FAI|ARC
4500000,Ancient Meteoric Ore Greatsword,Standard,Colossal Sword,SwordGigantic,0,1.00,B,1,0.15,E,1,1.00,B,1,0.00,-,0,0.00,-,0,STR|DEX|INT,FAI|ARC
41510000,Ansbach's Longbow,Standard,Bow,BowNormal,0,0.25,D,1,0.25,D,1,0.00,-,0,0.70,C,1,0.70,C,1,STR|DEX|FAI|ARC,INT
32220000,Ant's Skull Plate,Standard,Greatshield,ShieldLarge,0,0.50,D,1,0.00,-,0,0.00,-,0,0.00,-,0,0.00,-,0,STR,DEX|INT|FAI|ARC
5040000,Antspur Rapier,Standard,Thrusting Sword,SwordPierce,0,0.10,E,1,0.55,D,1,0.00,-,0,0.70,C,1,0.70,C,1,STR|DEX|FAI|ARC,INT
12510000,Anvil Hammer,Standard,Colossal Weapon,AxhammerLarge,0,1.00,B,1,0.10,E,1,0.70,C,1,0.70,C,1,0.00,-,0,STR|DEX|INT|FAI,ARC
43080000,Arbalest,Standard,Crossbow,ClossBow,0,0.85,C,1,0.85,C,1,0.00,-,0,0.00,-,0,0.00,-,0,STR|DEX,INT|FAI|ARC
14090000,Axe of Epiphany,Standard,Axe,AxeNormal,0,0.60,C,1,0.15,E,1,0.00,-,0,1.10,B,1,0.00,-,0,STR|DEX|FAI,INT|ARC
14130000,Axe of Fell Prophecy,Standard,Axe,AxeNormal,0,0.60,C,1,0.30,D,1,0.00,-,0,1.10,B,1,0.00,-,0,STR|DEX|FAI,INT|ARC
23050000,Axe of Godfrey,Standard,Colossal Weapon,AxhammerLarge,0,1.15,B,1,0.60,C,1,0.00,-,0,0.00,-,0,0.00,-,0,STR|DEX,INT|FAI|ARC
15040000,Axe of Godrick,Standard,Greataxe,AxeLarge,0,0.85,C,1,0.30,D,1,0.70,C,1,0.70,C,1,0.00,-,0,STR|DEX|INT|FAI,ARC
15090000,Axe of Rust,Standard,Greataxe,AxeLarge,0,1.40,A,1,0.10,E,1,0.00,-,0,0.00,-,0,0.00,-,0,STR|DEX,INT|FAI|ARC
33230000,Azur's Glintstone Staff,Standard,Staff,Staff,0,0.00,-,0,0.00,-,0,1.00,B,1,0.00,-,0,0.00,-,0,INT,STR|DEX|FAI|ARC
64501700,Backhand Blade,Aberrant,Reverse-hand Blade,ReverseHandSword,0,0.05,E,1,0.30,D,1,0.55,D,1,0.00,-,0,0.55,D,1,STR|DEX|INT|ARC,FAI
64501000,Backhand Blade,Bestial,Reverse-hand Blade,ReverseHandSword,0,0.05,E,1,0.30,D,1,0.00,-,0,0.90,B,1,0.00,-,0,STR|DEX|FAI,INT|ARC
64501800,Backhand Blade,Bloodflame,Reverse-hand Blade,ReverseHandSword,0,0.05,E,1,0.30,D,1,0.00,-,0,0.55,D,1,0.55,D,1,STR|DEX|FAI|ARC,INT
64501400,Backhand Blade,Death,Reverse-hand Blade,ReverseHandSword,0,0.05,E,1,0.30,D,1,0.55,D,1,0.55,D,1,0.00,-,0,STR|DEX|INT|FAI,ARC
64500900,Backhand Blade,Draconic,Reverse-hand Blade,ReverseHandSword,0,0.05,E,1,0.30,D,1,0.00,-,0,0.90,B,1,0.00,-,0,STR|DEX|FAI,INT|ARC
64500500,Backhand Blade,Dragonkin,Reverse-hand Blade,ReverseHandSword,0,0.05,E,1,0.30,D,1,0.80,C,1,0.00,-,0,0.00,-,0,STR|DEX|INT,FAI|ARC
64500700,Backhand Blade,Flame,Reverse-hand Blade,ReverseHandSword,0,0.05,E,1,0.30,D,1,0.00,-,0,0.80,C,1,0.00,-,0,STR|DEX|FAI,INT|ARC
64501300,Backhand Blade,Frenzy,Reverse-hand Blade,ReverseHandSword,0,0.05,E,1,0.30,D,1,0.55,D,1,0.55,D,1,0.00,-,0,STR|DEX|INT|FAI,ARC
64501600,Backhand Blade,Frost,Reverse-hand Blade,ReverseHandSword,0,0.05,E,1,0.30,D,1,0.55,D,1,0.00,-,0,0.55,D,1,STR|DEX|INT|ARC,FAI
64500400,Backhand Blade,Glint,Reverse-hand Blade,ReverseHandSword,0,0.05,E,1,0.30,D,1,0.90,B,1,0.00,-,0,0.00,-,0,STR|DEX|INT,FAI|ARC
64501500,Backhand Blade,Godslayer,Reverse-hand Blade,ReverseHandSword,0,0.05,E,1,0.30,D,1,0.55,D,1,0.55,D,1,0.00,-,0,STR|DEX|INT|FAI,ARC
64500800,Backhand Blade,Golden,Reverse-hand Blade,ReverseHandSword,0,0.05,E,1,0.30,D,1,0.00,-,0,0.90,B,1,0.00,-,0,STR|DEX|FAI,INT|ARC
64500600,Backhand Blade,Gravity,Reverse-hand Blade,ReverseHandSword,0,0.05,E,1,0.30,D,1,0.90,B,1,0.00,-,0,0.00,-,0,STR|DEX|INT,FAI|ARC
64500100,Backhand Blade,Heavy,Reverse-hand Blade,ReverseHandSword,0,0.55,D,1,0.50,D,1,0.00,-,0,0.00,-,0,0.00,-,0,STR|DEX,INT|FAI|ARC
64500200,Backhand Blade,Keen,Reverse-hand Blade,ReverseHandSword,0,0.05,E,1,1.25,B,1,0.00,-,0,0.00,-,0,0.00,-,0,STR|DEX,INT|FAI|ARC
64501200,Backhand Blade,Lava,Reverse-hand Blade,ReverseHandSword,0,0.05,E,1,0.30,D,1,0.65,C,1,0.65,C,1,0.00,-,0,STR|DEX|INT|FAI,ARC
64502100,Backhand Blade,Mystic,Reverse-hand Blade,ReverseHandSword,0,0.05,E,1,0.30,D,1,0.00,-,0,0.55,D,1,0.55,D,1,STR|DEX|FAI|ARC,INT
64501100,Backhand Blade,Night,Reverse-hand Blade,ReverseHandSword,0,0.05,E,1,0.30,D,1,0.65,C,1,0.65,C,1,0.00,-,0,STR|DEX|INT|FAI,ARC
64500300,Backhand Blade,Quality,Reverse-hand Blade,ReverseHandSword,0,0.35,D,1,0.70,C,1,0.00,-,0,0.00,-,0,0.00,-,0,STR|DEX,INT|FAI|ARC
64501900,Backhand Blade,Rotten,Reverse-hand Blade,ReverseHandSword,0,0.05,E,1,0.30,D,1,0.00,-,0,0.55,D,1,0.55,D,1,STR|DEX|FAI|ARC,INT
64500000,Backhand Blade,Standard,Reverse-hand Blade,ReverseHandSword,0,0.10,E,1,0.80,C,1,0.00,-,0,0.00,-,0,0.00,-,0,STR|DEX,INT|FAI|ARC
64502000,Backhand Blade,Storm,Reverse-hand Blade,ReverseHandSword,0,0.05,E,1,0.30,D,1,0.65,C,1,0.65,C,1,0.00,-,0,STR|DEX|INT|FAI,ARC
7041700,Bandit's Curved Sword,Aberrant,Curved Sword,SaberNormal,0,0.05,E,1,0.25,D,1,0.60,C,1,0.00,-,0,0.60,C,1,STR|DEX|INT|ARC,FAI
7041000,Bandit's Curved Sword,Bestial,Curved Sword,SaberNormal,0,0.10,E,1,0.30,D,1,0.00,-,0,0.90,B,1,0.00,-,0,STR|DEX|FAI,INT|ARC
7041800,Bandit's Curved Sword,Bloodflame,Curved Sword,SaberNormal,0,0.05,E,1,0.25,D,1,0.00,-,0,0.60,C,1,0.60,C,1,STR|DEX|FAI|ARC,INT
7041400,Bandit's Curved Sword,Death,Curved Sword,SaberNormal,0,0.05,E,1,0.25,D,1,0.60,C,1,0.60,C,1,0.00,-,0,STR|DEX|INT|FAI,ARC
7040900,Bandit's Curved Sword,Draconic,Curved Sword,SaberNormal,0,0.10,E,1,0.30,D,1,0.00,-,0,0.90,B,1,0.00,-,0,STR|DEX|FAI,INT|ARC
7040500,Bandit's Curved Sword,Dragonkin,Curved Sword,SaberNormal,0,0.10,E,1,0.30,D,1,0.80,C,1,0.00,-,0,0.00,-,0,STR|DEX|INT,FAI|ARC
7040700,Bandit's Curved Sword,Flame,Curved Sword,SaberNormal,0,0.10,E,1,0.30,D,1,0.00,-,0,0.80,C,1,0.00,-,0,STR|DEX|FAI,INT|ARC
7041300,Bandit's Curved Sword,Frenzy,Curved Sword,SaberNormal,0,0.05,E,1,0.25,D,1,0.60,C,1,0.60,C,1,0.00,-,0,STR|DEX|INT|FAI,ARC
7041600,Bandit's Curved Sword,Frost,Curved Sword,SaberNormal,0,0.05,E,1,0.25,D,1,0.60,C,1,0.00,-,0,0.60,C,1,STR|DEX|INT|ARC,FAI
7040400,Bandit's Curved Sword,Glint,Curved Sword,SaberNormal,0,0.10,E,1,0.30,D,1,0.90,B,1,0.00,-,0,0.00,-,0,STR|DEX|INT,FAI|ARC
7041500,Bandit's Curved Sword,Godslayer,Curved Sword,SaberNormal,0,0.05,E,1,0.25,D,1,0.60,C,1,0.60,C,1,0.00,-,0,STR|DEX|INT|FAI,ARC
7040800,Bandit's Curved Sword,Golden,Curved Sword,SaberNormal,0,0.10,E,1,0.30,D,1,0.00,-,0,0.90,B,1,0.00,-,0,STR|DEX|FAI,INT|ARC
7040600,Bandit's Curved Sword,Gravity,Curved Sword,SaberNormal,0,0.10,E,1,0.30,D,1,0.90,B,1,0.00,-,0,0.00,-,0,STR|DEX|INT,FAI|ARC
7040100,Bandit's Curved Sword,Heavy,Curved Sword,SaberNormal,0,0.55,D,1,0.55,D,1,0.00,-,0,0.00,-,0,0.00,-,0,STR|DEX,INT|FAI|ARC
7040200,Bandit's Curved Sword,Keen,Curved Sword,SaberNormal,0,0.10,E,1,1.15,B,1,0.00,-,0,0.00,-,0,0.00,-,0,STR|DEX,INT|FAI|ARC
7041200,Bandit's Curved Sword,Lava,Curved Sword,SaberNormal,0,0.05,E,1,0.25,D,1,0.70,C,1,0.70,C,1,0.00,-,0,STR|DEX|INT|FAI,ARC
7042100,Bandit's Curved Sword,Mystic,Curved Sword,SaberNormal,0,0.05,E,1,0.25,D,1,0.00,-,0,0.60,C,1,0.60,C,1,STR|DEX|FAI|ARC,INT
7041100,Bandit's Curved Sword,Night,Curved Sword,SaberNormal,0,0.05,E,1,0.25,D,1,0.70,C,1,0.70,C,1,0.00,-,0,STR|DEX|INT|FAI,ARC
7040300,Bandit's Curved Sword,Quality,Curved Sword,SaberNormal,0,0.45,D,1,0.65,C,1,0.00,-,0,0.00,-,0,0.00,-,0,STR|DEX,INT|FAI|ARC
7041900,Bandit's Curved Sword,Rotten,Curved Sword,SaberNormal,0,0.05,E,1,0.25,D,1,0.00,-,0,0.60,C,1,0.60,C,1,STR|DEX|FAI|ARC,INT
7040000,Bandit's Curved Sword,Standard,Curved Sword,SaberNormal,0,0.25,D,1,0.70,C,1,0.00,-,0,0.00,-,0,0.00,-,0,STR|DEX,INT|FAI|ARC
7042000,Bandit's Curved Sword,Storm,Curved Sword,SaberNormal,0,0.05,E,1,0.25,D,1,0.70,C,1,0.70,C,1,0.00,-,0,STR|DEX|INT|FAI,ARC
3080000,Banished Knight's Greatsword,Standard,Greatsword,SwordLarge,0,0.15,E,1,0.10,E,1,0.70,C,1,0.70,C,1,0.00,-,0,STR|DEX|INT|FAI,ARC
18030000,Banished Knight's Halberd,Standard,Halberd,SpearAxe,0,0.42,D,1,0.13,E,1,0.70,C,1,0.70,C,1,0.00,-,0,STR|DEX|INT|FAI,ARC
31030000,Banished Knight's Shield,Standard,Medium Shield,ShieldNormal,0,0.40,D,1,0.00,-,0,0.00,-,0,0.00,-,0,0.00,-,0,STR,DEX|INT|FAI|ARC
17520000,Barbed Staff-Spear,Standard,Heavy Spear,SpearHeavy,0,0.75,C,1,0.50,D,1,0.00,-,0,1.00,B,1,0.00,-,0,STR|DEX|FAI,INT|ARC
3001700,Bastard Sword,Aberrant,Greatsword,SwordLarge,0,0.15,E,1,0.10,E,1,0.60,C,1,0.00,-,0,0.60,C,1,STR|DEX|INT|ARC,FAI
3001000,Bastard Sword,Bestial,Greatsword,SwordLarge,0,0.25,D,1,0.10,E,1,0.00,-,0,0.90,B,1,0.00,-,0,STR|DEX|FAI,INT|ARC
3001800,Bastard Sword,Bloodflame,Greatsword,SwordLarge,0,0.15,E,1,0.10,E,1,0.00,-,0,0.60,C,1,0.60,C,1,STR|DEX|FAI|ARC,INT
3001400,Bastard Sword,Death,Greatsword,SwordLarge,0,0.15,E,1,0.10,E,1,0.60,C,1,0.60,C,1,0.00,-,0,STR|DEX|INT|FAI,ARC
3000900,Bastard Sword,Draconic,Greatsword,SwordLarge,0,0.25,D,1,0.10,E,1,0.00,-,0,0.90,B,1,0.00,-,0,STR|DEX|FAI,INT|ARC
3000500,Bastard Sword,Dragonkin,Greatsword,SwordLarge,0,0.25,D,1,0.10,E,1,0.80,C,1,0.00,-,0,0.00,-,0,STR|DEX|INT,FAI|ARC
3000700,Bastard Sword,Flame,Greatsword,SwordLarge,0,0.25,D,1,0.10,E,1,0.00,-,0,0.80,C,1,0.00,-,0,STR|DEX|FAI,INT|ARC
3001300,Bastard Sword,Frenzy,Greatsword,SwordLarge,0,0.15,E,1,0.10,E,1,0.60,C,1,0.60,C,1,0.00,-,0,STR|DEX|INT|FAI,ARC
3001600,Bastard Sword,Frost,Greatsword,SwordLarge,0,0.15,E,1,0.10,E,1,0.60,C,1,0.00,-,0,0.60,C,1,STR|DEX|INT|ARC,FAI
3000400,Bastard Sword,Glint,Greatsword,SwordLarge,0,0.25,D,1,0.10,E,1,0.90,B,1,0.00,-,0,0.00,-,0,STR|DEX|INT,FAI|ARC
3001500,Bastard Sword,Godslayer,Greatsword,SwordLarge,0,0.15,E,1,0.10,E,1,0.60,C,1,0.60,C,1,0.00,-,0,STR|DEX|INT|FAI,ARC
3000800,Bastard Sword,Golden,Greatsword,SwordLarge,0,0.25,D,1,0.10,E,1,0.00,-,0,0.90,B,1,0.00,-,0,STR|DEX|FAI,INT|ARC
3000600,Bastard Sword,Gravity,Greatsword,SwordLarge,0,0.25,D,1,0.10,E,1,0.90,B,1,0.00,-,0,0.00,-,0,STR|DEX|INT,FAI|ARC
3000100,Bastard Sword,Heavy,Greatsword,SwordLarge,0,1.00,B,1,0.15,E,1,0.00,-,0,0.00,-,0,0.00,-,0,STR|DEX,INT|FAI|ARC
3000200,Bastard Sword,Keen,Greatsword,SwordLarge,0,0.45,D,1,0.60,C,1,0.00,-,0,0.00,-,0,0.00,-,0,STR|DEX,INT|FAI|ARC
3001200,Bastard Sword,Lava,Greatsword,SwordLarge,0,0.15,E,1,0.10,E,1,0.70,C,1,0.70,C,1,0.00,-,0,STR|DEX|INT|FAI,ARC
3002100,Bastard Sword,Mystic,Greatsword,SwordLarge,0,0.15,E,1,0.10,E,1,0.00,-,0,0.60,C,1,0.60,C,1,STR|DEX|FAI|ARC,INT
3001100,Bastard Sword,Night,Greatsword,SwordLarge,0,0.15,E,1,0.10,E,1,0.70,C,1,0.70,C,1,0.00,-,0,STR|DEX|INT|FAI,ARC
3000300,Bastard Sword,Quality,Greatsword,SwordLarge,0,0.75,C,1,0.50,D,1,0.00,-,0,0.00,-,0,0.00,-,0,STR|DEX,INT|FAI|ARC
3001900,Bastard Sword,Rotten,Greatsword,SwordLarge,0,0.15,E,1,0.10,E,1,0.00,-,0,0.60,C,1,0.60,C,1,STR|DEX|FAI|ARC,INT
3000000,Bastard Sword,Standard,Greatsword,SwordLarge,0,0.60,C,1,0.30,D,1,0.00,-,0,0.00,-,0,0.00,-,0,STR|DEX,INT|FAI|ARC
3002000,Bastard Sword,Storm,Greatsword,SwordLarge,0,0.15,E,1,0.10,E,1,0.70,C,1,0.70,C,1,0.00,-,0,STR|DEX|INT|FAI,ARC
13030000,Bastard's Stars,Standard,Flail,Flail,0,0.50,D,1,0.50,D,1,1.00,B,1,0.00,-,0,0.00,-,0,STR|DEX|INT,FAI|ARC
14001700,Battle Axe,Aberrant,Axe,AxeNormal,0,0.35,D,1,0.15,E,1,0.60,C,1,0.00,-,0,0.60,C,1,STR|DEX|INT|ARC,FAI
14001000,Battle Axe,Bestial,Axe,AxeNormal,0,0.40,D,1,0.20,E,1,0.00,-,0,0.90,B,1,0.00,-,0,STR|DEX|FAI,INT|ARC
14001800,Battle Axe,Bloodflame,Axe,AxeNormal,0,0.35,D,1,0.15,E,1,0.00,-,0,0.60,C,1,0.60,C,1,STR|DEX|FAI|ARC,INT
14001400,Battle Axe,Death,Axe,AxeNormal,0,0.35,D,1,0.15,E,1,0.60,C,1,0.60,C,1,0.00,-,0,STR|DEX|INT|FAI,ARC
14000900,Battle Axe,Draconic,Axe,AxeNormal,0,0.40,D,1,0.20,E,1,0.00,-,0,0.90,B,1,0.00,-,0,STR|DEX|FAI,INT|ARC
14000500,Battle Axe,Dragonkin,Axe,AxeNormal,0,0.40,D,1,0.20,E,1,0.80,C,1,0.00,-,0,0.00,-,0,STR|DEX|INT,FAI|ARC
14000700,Battle Axe,Flame,Axe,AxeNormal,0,0.40,D,1,0.20,E,1,0.00,-,0,0.80,C,1,0.00,-,0,STR|DEX|FAI,INT|ARC
14001300,Battle Axe,Frenzy,Axe,AxeNormal,0,0.35,D,1,0.15,E,1,0.60,C,1,0.60,C,1,0.00,-,0,STR|DEX|INT|FAI,ARC
14001600,Battle Axe,Frost,Axe,AxeNormal,0,0.35,D,1,0.15,E,1,0.60,C,1,0.00,-,0,0.60,C,1,STR|DEX|INT|ARC,FAI
14000400,Battle Axe,Glint,Axe,AxeNormal,0,0.40,D,1,0.20,E,1,0.90,B,1,0.00,-,0,0.00,-,0,STR|DEX|INT,FAI|ARC
14001500,Battle Axe,Godslayer,Axe,AxeNormal,0,0.35,D,1,0.15,E,1,0.60,C,1,0.60,C,1,0.00,-,0,STR|DEX|INT|FAI,ARC
14000800,Battle Axe,Golden,Axe,AxeNormal,0,0.40,D,1,0.20,E,1,0.00,-,0,0.90,B,1,0.00,-,0,STR|DEX|FAI,INT|ARC
14000600,Battle Axe,Gravity,Axe,AxeNormal,0,0.40,D,1,0.20,E,1,0.90,B,1,0.00,-,0,0.00,-,0,STR|DEX|INT,FAI|ARC
14000100,Battle Axe,Heavy,Axe,AxeNormal,0,1.00,B,1,0.20,E,1,0.00,-,0,0.00,-,0,0.00,-,0,STR|DEX,INT|FAI|ARC
14000200,Battle Axe,Keen,Axe,AxeNormal,0,0.50,D,1,0.70,C,1,0.00,-,0,0.00,-,0,0.00,-,0,STR|DEX,INT|FAI|ARC
14001200,Battle Axe,Lava,Axe,AxeNormal,0,0.35,D,1,0.15,E,1,0.70,C,1,0.70,C,1,0.00,-,0,STR|DEX|INT|FAI,ARC
14002100,Battle Axe,Mystic,Axe,AxeNormal,0,0.35,D,1,0.15,E,1,0.00,-,0,0.60,C,1,0.60,C,1,STR|DEX|FAI|ARC,INT
14001100,Battle Axe,Night,Axe,AxeNormal,0,0.35,D,1,0.15,E,1,0.70,C,1,0.70,C,1,0.00,-,0,STR|DEX|INT|FAI,ARC
14000300,Battle Axe,Quality,Axe,AxeNormal,0,0.70,C,1,0.50,D,1,0.00,-,0,0.00,-,0,0.00,-,0,STR|DEX,INT|FAI|ARC
14001900,Battle Axe,Rotten,Axe,AxeNormal,0,0.35,D,1,0.15,E,1,0.00,-,0,0.60,C,1,0.60,C,1,STR|DEX|FAI|ARC,INT
14000000,Battle Axe,Standard,Axe,AxeNormal,0,0.60,C,1,0.30,D,1,0.00,-,0,0.00,-,0,0.00,-,0,STR|DEX,INT|FAI|ARC
14002000,Battle Axe,Storm,Axe,AxeNormal,0,0.35,D,1,0.15,E,1,0.70,C,1,0.70,C,1,0.00,-,0,STR|DEX|INT|FAI,ARC
12021700,Battle Hammer,Aberrant,Great Hammer,HammerLarge,0,0.40,D,1,0.10,E,1,0.60,C,1,0.00,-,0,0.60,C,1,STR|DEX|INT|ARC,FAI
12021000,Battle Hammer,Bestial,Great Hammer,HammerLarge,0,0.50,D,1,0.15,E,1,0.00,-,0,0.90,B,1,0.00,-,0,STR|DEX|FAI,INT|ARC
12021800,Battle Hammer,Bloodflame,Great Hammer,HammerLarge,0,0.40,D,1,0.10,E,1,0.00,-,0,0.60,C,1,0.60,C,1,STR|DEX|FAI|ARC,INT
12021400,Battle Hammer,Death,Great Hammer,HammerLarge,0,0.40,D,1,0.10,E,1,0.60,C,1,0.60,C,1,0.00,-,0,STR|DEX|INT|FAI,ARC
12020900,Battle Hammer,Draconic,Great Hammer,HammerLarge,0,0.50,D,1,0.15,E,1,0.00,-,0,0.90,B,1,0.00,-,0,STR|DEX|FAI,INT|ARC
12020500,Battle Hammer,Dragonkin,Great Hammer,HammerLarge,0,0.50,D,1,0.15,E,1,0.80,C,1,0.00,-,0,0.00,-,0,STR|DEX|INT,FAI|ARC
12020700,Battle Hammer,Flame,Great Hammer,HammerLarge,0,0.50,D,1,0.15,E,1,0.00,-,0,0.80,C,1,0.00,-,0,STR|DEX|FAI,INT|ARC
12021300,Battle Hammer,Frenzy,Great Hammer,HammerLarge,0,0.40,D,1,0.10,E,1,0.60,C,1,0.60,C,1,0.00,-,0,STR|DEX|INT|FAI,ARC
12021600,Battle Hammer,Frost,Great Hammer,HammerLarge,0,0.40,D,1,0.10,E,1,0.60,C,1,0.00,-,0,0.60,C,1,STR|DEX|INT|ARC,FAI
12020400,Battle Hammer,Glint,Great Hammer,HammerLarge,0,0.50,D,1,0.15,E,1,0.90,B,1,0.00,-,0,0.00,-,0,STR|DEX|INT,FAI|ARC
12021500,Battle Hammer,Godslayer,Great Hammer,HammerLarge,0,0.40,D,1,0.10,E,1,0.60,C,1,0.60,C,1,0.00,-,0,STR|DEX|INT|FAI,ARC
12020800,Battle Hammer,Golden,Great Hammer,HammerLarge,0,0.50,D,1,0.15,E,1,0.00,-,0,0.90,B,1,0.00,-,0,STR|DEX|FAI,INT|ARC
12020600,Battle Hammer,Gravity,Great Hammer,HammerLarge,0,0.50,D,1,0.15,E,1,0.90,B,1,0.00,-,0,0.00,-,0,STR|DEX|INT,FAI|ARC
12020100,Battle Hammer,Heavy,Great Hammer,HammerLarge,0,1.20,B,1,0.15,E,1,0.00,-,0,0.00,-,0,0.00,-,0,STR|DEX,INT|FAI|ARC
12020200,Battle Hammer,Keen,Great Hammer,HammerLarge,0,0.60,C,1,0.60,C,1,0.00,-,0,0.00,-,0,0.00,-,0,STR|DEX,INT|FAI|ARC
12021200,Battle Hammer,Lava,Great Hammer,HammerLarge,0,0.40,D,1,0.10,E,1,0.70,C,1,0.70,C,1,0.00,-,0,STR|DEX|INT|FAI,ARC
12022100,Battle Hammer,Mystic,Great Hammer,HammerLarge,0,0.40,D,1,0.10,E,1,0.00,-,0,0.60,C,1,0.60,C,1,STR|DEX|FAI|ARC,INT
12021100,Battle Hammer,Night,Great Hammer,HammerLarge,0,0.40,D,1,0.10,E,1,0.70,C,1,0.70,C,1,0.00,-,0,STR|DEX|INT|FAI,ARC
12020300,Battle Hammer,Quality,Great Hammer,HammerLarge,0,0.90,B,1,0.40,D,1,0.00,-,0,0.00,-,0,0.00,-,0,STR|DEX,INT|FAI|ARC
12021900,Battle Hammer,Rotten,Great Hammer,HammerLarge,0,0.40,D,1,0.10,E,1,0.00,-,0,0.60,C,1,0.60,C,1,STR|DEX|FAI|ARC,INT
12020000,Battle Hammer,Standard,Great Hammer,HammerLarge,0,0.80,C,1,0.25,D,1,0.00,-,0,0.00,-,0,0.00,-,0,STR|DEX,INT|FAI|ARC
12022000,Battle Hammer,Storm,Great Hammer,HammerLarge,0,0.40,D,1,0.10,E,1,0.70,C,1,0.70,C,1,0.00,-,0,STR|DEX|INT|FAI,ARC
68501700,Beast Claw,Aberrant,Beast Claw,BeastClaw,0,0.50,D,1,0.05,E,1,0.60,C,1,0.00,-,0,0.60,C,1,STR|DEX|INT|ARC,FAI
68501000,Beast Claw,Bestial,Beast Claw,BeastClaw,0,0.55,D,1,0.10,E,1,0.00,-,0,0.90,B,1,0.00,-,0,STR|DEX|FAI,INT|ARC
68501800,Beast Claw,Bloodflame,Beast Claw,BeastClaw,0,0.50,D,1,0.05,E,1,0.00,-,0,0.60,C,1,0.60,C,1,STR|DEX|FAI|ARC,INT
68501400,Beast Claw,Death,Beast Claw,BeastClaw,0,0.50,D,1,0.05,E,1,0.60,C,1,0.60,C,1,0.00,-,0,STR|DEX|INT|FAI,ARC
68500900,Beast Claw,Draconic,Beast Claw,BeastClaw,0,0.55,D,1,0.10,E,1,0.00,-,0,0.90,B,1,0.00,-,0,STR|DEX|FAI,INT|ARC
68500500,Beast Claw,Dragonkin,Beast Claw,BeastClaw,0,0.55,D,1,0.10,E,1,0.80,C,1,0.00,-,0,0.00,-,0,STR|DEX|INT,FAI|ARC
68500700,Beast Claw,Flame,Beast Claw,BeastClaw,0,0.55,D,1,0.10,E,1,0.00,-,0,0.80,C,1,0.00,-,0,STR|DEX|FAI,INT|ARC
68501300,Beast Claw,Frenzy,Beast Claw,BeastClaw,0,0.50,D,1,0.05,E,1,0.60,C,1,0.60,C,1,0.00,-,0,STR|DEX|INT|FAI,ARC
68501600,Beast Claw,Frost,Beast Claw,BeastClaw,0,0.50,D,1,0.05,E,1,0.60,C,1,0.00,-,0,0.60,C,1,STR|DEX|INT|ARC,FAI
68500400,Beast Claw,Glint,Beast Claw,BeastClaw,0,0.55,D,1,0.10,E,1,0.90,B,1,0.00,-,0,0.00,-,0,STR|DEX|INT,FAI|ARC
68501500,Beast Claw,Godslayer,Beast Claw,BeastClaw,0,0.50,D,1,0.05,E,1,0.60,C,1,0.60,C,1,0.00,-,0,STR|DEX|INT|FAI,ARC
68500800,Beast Claw,Golden,Beast Claw,BeastClaw,0,0.55,D,1,0.10,E,1,0.00,-,0,0.90,B,1,0.00,-,0,STR|DEX|FAI,INT|ARC
68500600,Beast Claw,Gravity,Beast Claw,BeastClaw,0,0.55,D,1,0.10,E,1,0.90,B,1,0.00,-,0,0.00,-,0,STR|DEX|INT,FAI|ARC
68500100,Beast Claw,Heavy,Beast Claw,BeastClaw,0,0.95,B,1,0.25,D,1,0.00,-,0,0.00,-,0,0.00,-,0,STR|DEX,INT|FAI|ARC
68500200,Beast Claw,Keen,Beast Claw,BeastClaw,0,0.50,D,1,0.70,C,1,0.00,-,0,0.00,-,0,0.00,-,0,STR|DEX,INT|FAI|ARC
68501200,Beast Claw,Lava,Beast Claw,BeastClaw,0,0.50,D,1,0.05,E,1,0.70,C,1,0.70,C,1,0.00,-,0,STR|DEX|INT|FAI,ARC
68502100,Beast Claw,Mystic,Beast Claw,BeastClaw,0,0.50,D,1,0.05,E,1,0.00,-,0,0.60,C,1,0.60,C,1,STR|DEX|FAI|ARC,INT
68501100,Beast Claw,Night,Beast Claw,BeastClaw,0,0.50,D,1,0.05,E,1,0.70,C,1,0.70,C,1,0.00,-,0,STR|DEX|INT|FAI,ARC
68500300,Beast Claw,Quality,Beast Claw,BeastClaw,0,0.90,B,1,0.65,C,1,0.00,-,0,0.00,-,0,0.00,-,0,STR|DEX,INT|FAI|ARC
68501900,Beast Claw,Rotten,Beast Claw,BeastClaw,0,0.50,D,1,0.05,E,1,0.00,-,0,0.60,C,1,0.60,C,1,STR|DEX|FAI|ARC,INT
68500000,Beast Claw,Standard,Beast Claw,BeastClaw,0,0.60,C,1,0.35,D,1,0.00,-,0,0.00,-,0,0.00,-,0,STR|DEX,INT|FAI|ARC
68502000,Beast Claw,Storm,Beast Claw,BeastClaw,0,0.50,D,1,0.05,E,1,0.70,C,1,0.70,C,1,0.00,-,0,STR|DEX|INT|FAI,ARC
31280000,Beast Crest Heater Shield,Standard,Medium Shield,ShieldNormal,0,0.40,D,1,0.00,-,0,0.00,-,0,0.00,-,0,0.00,-,0,STR,DEX|INT|FAI|ARC
24060000,Beast-Repellent Torch,Standard,Torch,Torch,0,0.40,D,1,0.05,E,1,0.00,-,0,0.65,C,1,0.00,-,0,STR|DEX|FAI,INT|ARC
12150000,Beastclaw Greathammer,Standard,Great Hammer,HammerLarge,0,0.85,C,1,0.15,E,1,0.00,-,0,1.00,B,1,0.00,-,0,STR|DEX|FAI,INT|ARC
8080000,Beastman's Cleaver,Standard,Curved Greatsword,SaberLarge,0,0.75,C,1,0.30,D,1,0.00,-,0,1.00,B,1,0.00,-,0,STR|DEX|FAI,INT|ARC
7010000,Beastman's Curved Sword,Standard,Curved Sword,SaberNormal,0,0.45,D,1,0.45,D,1,0.00,-,0,1.10,B,1,0.00,-,0,STR|DEX|FAI,INT|ARC
30060000,Beastman's Jar-Shield,Standard,Medium Shield,ShieldNormal,0,0.24,E,1,0.00,-,0,0.00,-,0,0.00,-,0,0.00,-,0,STR,DEX|INT|FAI|ARC
41070000,Black Bow,Standard,Bow,BowNormal,0,0.20,E,1,0.95,B,1,0.00,-,0,0.00,-,0,0.00,-,0,STR|DEX,INT|FAI|ARC
1010000,Black Knife,Standard,Dagger,Dagger,0,0.05,E,1,0.50,D,1,0.65,C,1,0.65,C,1,0.00,-,0,STR|DEX|INT|FAI,ARC
31340000,Black Leather Shield,Standard,Medium Shield,ShieldNormal,0,0.40,D,1,0.00,-,0,0.00,-,0,0.00,-,0,0.00,-,0,STR,DEX|INT|FAI|ARC
12520000,Black Steel Greathammer,Standard,Great Hammer,HammerLarge,0,1.00,B,1,0.25,D,1,0.00,-,0,1.00,B,1,0.00,-,0,STR|DEX|FAI,INT|ARC
32500000,Black Steel Greatshield,Standard,Greatshield,ShieldLarge,10000,0.50,D,1,0.00,-,0,0.00,-,0,0.00,-,0,0.00,-,0,STR,DEX|INT|FAI|ARC
10510000,Black Steel Twinblade,Standard,Twinblade,SwordDoubleEdge,0,0.50,D,1,0.90,B,1,0.00,-,0,0.90,B,1,0.00,-,0,STR|DEX|FAI,INT|ARC
1160000,Blade of Calling,Standard,Dagger,Dagger,0,0.10,E,1,0.40,D,1,0.00,-,0,1.05,B,1,0.00,-,0,STR|DEX|FAI,INT|ARC
9090000,Blade of Distant Light,Standard,Katana,katana,0,0.35,D,1,0.60,C,1,0.85,C,1,0.85,C,1,0.00,-,0,STR|DEX|INT|FAI,ARC
7160000,Blade of Scarlet Bloom,Standard,Curved Sword,SaberNormal,0,0.15,E,1,0.50,D,1,0.00,-,0,0.75,C,1,0.75,C,1,STR|DEX|FAI|ARC,INT
2120000,Blade of Valor,Standard,Straight Sword,SwordNormal,0,0.85,C,1,0.85,C,1,0.00,-,0,0.00,-,0,0.00,-,0,STR|DEX,INT|FAI|ARC
3140000,Blasphemous Blade,Standard,Greatsword,SwordLarge,0,0.35,D,1,0.05,E,1,0.70,C,1,0.70,C,1,0.00,-,0,STR|DEX|INT|FAI,ARC
18200000,Blightpole,Standard,Halberd,SpearAxe,0,0.10,E,1,0.00,-,0,0.85,C,1,0.85,C,1,0.00,-,0,STR|INT|FAI,DEX|ARC
12530000,Bloodfiend's Arm,Standard,Colossal Weapon,AxhammerLarge,0,1.00,B,1,0.05,E,1,0.00,-,0,0.75,C,1,0.75,C,1,STR|DEX|FAI|ARC,INT
16540000,Bloodfiend's Fork,Standard,Spear,SpearNormal,0,0.35,D,1,0.75,C,1,0.00,-,0,0.85,C,1,0.85,C,1,STR|DEX|FAI|ARC,INT
16550000,Bloodfiend's Sacred Spear,Standard,Heavy Spear,SpearHeavy,0,0.75,C,1,0.50,D,1,0.00,-,0,0.70,C,1,0.70,C,1,STR|DEX|FAI|ARC,INT
14170000,Bloodflame Kamas,Standard,Axe,AxeNormal,0,0.40,D,1,0.70,C,1,0.00,-,0,0.78,C,1,0.78,C,1,STR|DEX|FAI|ARC,INT
22020000,Bloodhound Claws,Standard,Claw,Claw,0,0.25,D,1,0.75,C,1,0.75,C,1,0.00,-,0,0.75,C,1,STR|DEX|INT|ARC,FAI
14150000,Bloodhound Hookblade,Standard,Axe,AxeNormal,0,0.25,D,1,1.20,B,1,0.00,-,0,0.00,-,0,0.00,-,0,STR|DEX,INT|FAI|ARC
8030000,Bloodhound's Fang,Standard,Curved Greatsword,SaberLarge,0,0.40,D,1,0.80,C,1,0.00,-,0,0.00,-,0,0.60,C,1,STR|DEX|ARC,INT|FAI
1141700,Bloodstained Dagger,Aberrant,Dagger,Dagger,0,0.05,E,1,0.40,D,1,0.60,C,1,0.00,-,0,0.60,C,1,STR|DEX|INT|ARC,FAI
1141000,Bloodstained Dagger,Bestial,Dagger,Dagger,0,0.10,E,1,0.40,D,1,0.00,-,0,0.95,B,1,0.00,-,0,STR|DEX|FAI,INT|ARC
1141800,Bloodstained Dagger,Bloodflame,Dagger,Dagger,0,0.05,E,1,0.40,D,1,0.00,-,0,0.60,C,1,0.60,C,1,STR|DEX|FAI|ARC,INT
1141400,Bloodstained Dagger,Death,Dagger,Dagger,0,0.05,E,1,0.40,D,1,0.60,C,1,0.60,C,1,0.00,-,0,STR|DEX|INT|FAI,ARC
1140900,Bloodstained Dagger,Draconic,Dagger,Dagger,0,0.10,E,1,0.40,D,1,0.00,-,0,0.95,B,1,0.00,-,0,STR|DEX|FAI,INT|ARC
1140500,Bloodstained Dagger,Dragonkin,Dagger,Dagger,0,0.10,E,1,0.40,D,1,0.85,C,1,0.00,-,0,0.00,-,0,STR|DEX|INT,FAI|ARC
1140700,Bloodstained Dagger,Flame,Dagger,Dagger,0,0.10,E,1,0.40,D,1,0.00,-,0,0.85,C,1,0.00,-,0,STR|DEX|FAI,INT|ARC
1141300,Bloodstained Dagger,Frenzy,Dagger,Dagger,0,0.05,E,1,0.40,D,1,0.60,C,1,0.60,C,1,0.00,-,0,STR|DEX|INT|FAI,ARC
1141600,Bloodstained Dagger,Frost,Dagger,Dagger,0,0.05,E,1,0.40,D,1,0.60,C,1,0.00,-,0,0.60,C,1,STR|DEX|INT|ARC,FAI
1140400,Bloodstained Dagger,Glint,Dagger,Dagger,0,0.10,E,1,0.40,D,1,0.95,B,1,0.00,-,0,0.00,-,0,STR|DEX|INT,FAI|ARC
1141500,Bloodstained Dagger,Godslayer,Dagger,Dagger,0,0.05,E,1,0.40,D,1,0.60,C,1,0.60,C,1,0.00,-,0,STR|DEX|INT|FAI,ARC
1140800,Bloodstained Dagger,Golden,Dagger,Dagger,0,0.10,E,1,0.40,D,1,0.00,-,0,0.95,B,1,0.00,-,0,STR|DEX|FAI,INT|ARC
1140600,Bloodstained Dagger,Gravity,Dagger,Dagger,0,0.10,E,1,0.40,D,1,0.95,B,1,0.00,-,0,0.00,-,0,STR|DEX|INT,FAI|ARC
1140100,Bloodstained Dagger,Heavy,Dagger,Dagger,0,0.65,C,1,0.50,D,1,0.00,-,0,0.00,-,0,0.00,-,0,STR|DEX,INT|FAI|ARC
1140200,Bloodstained Dagger,Keen,Dagger,Dagger,0,0.10,E,1,1.15,B,1,0.00,-,0,0.00,-,0,0.00,-,0,STR|DEX,INT|FAI|ARC
1141200,Bloodstained Dagger,Lava,Dagger,Dagger,0,0.05,E,1,0.40,D,1,0.70,C,1,0.70,C,1,0.00,-,0,STR|DEX|INT|FAI,ARC
1142100,Bloodstained Dagger,Mystic,Dagger,Dagger,0,0.05,E,1,0.40,D,1,0.00,-,0,0.60,C,1,0.60,C,1,STR|DEX|FAI|ARC,INT
1141100,Bloodstained Dagger,Night,Dagger,Dagger,0,0.05,E,1,0.40,D,1,0.70,C,1,0.70,C,1,0.00,-,0,STR|DEX|INT|FAI,ARC
1140300,Bloodstained Dagger,Quality,Dagger,Dagger,0,0.45,D,1,0.70,C,1,0.00,-,0,0.00,-,0,0.00,-,0,STR|DEX,INT|FAI|ARC
1141900,Bloodstained Dagger,Rotten,Dagger,Dagger,0,0.05,E,1,0.40,D,1,0.00,-,0,0.60,C,1,0.60,C,1,STR|DEX|FAI|ARC,INT
1140000,Bloodstained Dagger,Standard,Dagger,Dagger,0,0.35,D,1,0.65,C,1,0.00,-,0,0.00,-,0,0.00,-,0,STR|DEX,INT|FAI|ARC
1142000,Bloodstained Dagger,Storm,Dagger,Dagger,0,0.05,E,1,0.40,D,1,0.70,C,1,0.70,C,1,0.00,-,0,STR|DEX|INT|FAI,ARC
6000000,Bloody Helice,Standard,Heavy Thrusting Sword,RapierHeavy,0,0.15,E,1,0.40,D,1,0.00,-,0,0.65,C,1,0.65,C,1,STR|DEX|FAI|ARC,INT
31300000,Blue Crest Heater Shield,Standard,Medium Shield,ShieldNormal,0,0.40,D,1,0.00,-,0,0.00,-,0,0.00,-,0,0.00,-,0,STR,DEX|INT|FAI|ARC
31100000,Blue-Gold Kite Shield,Standard,Medium Shield,ShieldNormal,0,0.40,D,1,0.00,-,0,0.00,-,0,0.00,-,0,0.00,-,0,STR,DEX|INT|FAI|ARC
30100000,Blue-White Wooden Shield,Standard,Small Shield,ShieldSmall,0,0.24,E,1,0.00,-,0,0.00,-,0,0.00,-,0,0.00,-,0,STR,DEX|INT|FAI|ARC
16090000,Bolt of Gransax,Standard,Spear,SpearNormal,0,0.40,D,1,0.60,C,1,0.00,-,0,1.00,B,1,0.00,-,0,STR|DEX|FAI,INT|ARC
40500000,Bone Bow,Standard,Light Bow,BowSmall,0,0.20,E,1,0.30,D,1,0.70,C,1,0.70,C,1,0.00,-,0,STR|DEX|INT|FAI,ARC
15510000,Bonny Butchering Knife,Standard,Greataxe,AxeLarge,0,0.95,B,1,0.95,B,1,0.00,-,0,0.00,-,0,0.00,-,0,STR|DEX,INT|FAI|ARC
60540000,Bracelet of Gold,Standard,Hand-to-Hand,HandToHand,0,0.90,B,1,0.20,E,1,0.00,-,0,0.00,-,0,0.00,-,0,STR|DEX,INT|FAI|ARC
60530000,Bracelet of Shadow,Standard,Hand-to-Hand,HandToHand,0,0.20,E,1,0.90,B,1,0.00,-,0,0.00,-,0,0.00,-,0,STR|DEX,INT|FAI|ARC
31130000,Brass Shield,Standard,Medium Shield,ShieldNormal,0,0.40,D,1,0.00,-,0,0.00,-,0,0.00,-,0,0.00,-,0,STR,DEX|INT|FAI|ARC
32050000,Briar Greatshield,Standard,Greatshield,ShieldLarge,0,0.50,D,1,0.00,-,0,0.00,-,0,0.00,-,0,0.00,-,0,STR,DEX|INT|FAI|ARC
12191700,Brick Hammer,Aberrant,Great Hammer,HammerLarge,0,0.45,D,1,0.05,E,1,0.60,C,1,0.00,-,0,0.60,C,1,STR|DEX|INT|ARC,FAI
12191000,Brick Hammer,Bestial,Great Hammer,HammerLarge,0,0.55,D,1,0.10,E,1,0.00,-,0,0.90,B,1,0.00,-,0,STR|DEX|FAI,INT|ARC
12191800,Brick Hammer,Bloodflame,Great Hammer,HammerLarge,0,0.45,D,1,0.05,E,1,0.00,-,0,0.60,C,1,0.60,C,1,STR|DEX|FAI|ARC,INT
12191400,Brick Hammer,Death,Great Hammer,HammerLarge,0,0.45,D,1,0.05,E,1,0.60,C,1,0.60,C,1,0.00,-,0,STR|DEX|INT|FAI,ARC
12190900,Brick Hammer,Draconic,Great Hammer,HammerLarge,0,0.55,D,1,0.10,E,1,0.00,-,0,0.90,B,1,0.00,-,0,STR|DEX|FAI,INT|ARC
12190500,Brick Hammer,Dragonkin,Great Hammer,HammerLarge,0,0.55,D,1,0.10,E,1,0.80,C,1,0.00,-,0,0.00,-,0,STR|DEX|INT,FAI|ARC
12190700,Brick Hammer,Flame,Great Hammer,HammerLarge,0,0.55,D,1,0.10,E,1,0.00,-,0,0.80,C,1,0.00,-,0,STR|DEX|FAI,INT|ARC
12191300,Brick Hammer,Frenzy,Great Hammer,HammerLarge,0,0.45,D,1,0.05,E,1,0.60,C,1,0.60,C,1,0.00,-,0,STR|DEX|INT|FAI,ARC
12191600,Brick Hammer,Frost,Great Hammer,HammerLarge,0,0.45,D,1,0.05,E,1,0.60,C,1,0.00,-,0,0.60,C,1,STR|DEX|INT|ARC,FAI
12190400,Brick Hammer,Glint,Great Hammer,HammerLarge,0,0.55,D,1,0.10,E,1,0.90,B,1,0.00,-,0,0.00,-,0,STR|DEX|INT,FAI|ARC
12191500,Brick Hammer,Godslayer,Great Hammer,HammerLarge,0,0.45,D,1,0.05,E,1,0.60,C,1,0.60,C,1,0.00,-,0,STR|DEX|INT|FAI,ARC
12190800,Brick Hammer,Golden,Great Hammer,HammerLarge,0,0.55,D,1,0.10,E,1,0.00,-,0,0.90,B,1,0.00,-,0,STR|DEX|FAI,INT|ARC
12190600,Brick Hammer,Gravity,Great Hammer,HammerLarge,0,0.55,D,1,0.10,E,1,0.90,B,1,0.00,-,0,0.00,-,0,STR|DEX|INT,FAI|ARC
12190100,Brick Hammer,Heavy,Great Hammer,HammerLarge,0,1.25,B,1,0.10,E,1,0.00,-,0,0.00,-,0,0.00,-,0,STR|DEX,INT|FAI|ARC
12190200,Brick Hammer,Keen,Great Hammer,HammerLarge,0,0.65,C,1,0.55,D,1,0.00,-,0,0.00,-,0,0.00,-,0,STR|DEX,INT|FAI|ARC
12191200,Brick Hammer,Lava,Great Hammer,HammerLarge,0,0.45,D,1,0.05,E,1,0.70,C,1,0.70,C,1,0.00,-,0,STR|DEX|INT|FAI,ARC
12192100,Brick Hammer,Mystic,Great Hammer,HammerLarge,0,0.45,D,1,0.05,E,1,0.00,-,0,0.60,C,1,0.60,C,1,STR|DEX|FAI|ARC,INT
12191100,Brick Hammer,Night,Great Hammer,HammerLarge,0,0.45,D,1,0.05,E,1,0.70,C,1,0.70,C,1,0.00,-,0,STR|DEX|INT|FAI,ARC
12190300,Brick Hammer,Quality,Great Hammer,HammerLarge,0,0.95,B,1,0.35,D,1,0.00,-,0,0.00,-,0,0.00,-,0,STR|DEX,INT|FAI|ARC
12191900,Brick Hammer,Rotten,Great Hammer,HammerLarge,0,0.45,D,1,0.05,E,1,0.00,-,0,0.60,C,1,0.60,C,1,STR|DEX|FAI|ARC,INT
12190000,Brick Hammer,Standard,Great Hammer,HammerLarge,0,0.85,C,1,0.20,E,1,0.00,-,0,0.00,-,0,0.00,-,0,STR|DEX,INT|FAI|ARC
12192000,Brick Hammer,Storm,Great Hammer,HammerLarge,0,0.45,D,1,0.05,E,1,0.70,C,1,0.70,C,1,0.00,-,0,STR|DEX|INT|FAI,ARC
2021700,Broadsword,Aberrant,Straight Sword,SwordNormal,0,0.18,E,1,0.17,E,1,0.60,C,1,0.00,-,0,0.60,C,1,STR|DEX|INT|ARC,FAI
2021000,Broadsword,Bestial,Straight Sword,SwordNormal,0,0.18,E,1,0.17,E,1,0.00,-,0,0.90,B,1,0.00,-,0,STR|DEX|FAI,INT|ARC
2021800,Broadsword,Bloodflame,Straight Sword,SwordNormal,0,0.18,E,1,0.17,E,1,0.00,-,0,0.60,C,1,0.60,C,1,STR|DEX|FAI|ARC,INT
2021400,Broadsword,Death,Straight Sword,SwordNormal,0,0.18,E,1,0.17,E,1,0.60,C,1,0.60,C,1,0.00,-,0,STR|DEX|INT|FAI,ARC
2020900,Broadsword,Draconic,Straight Sword,SwordNormal,0,0.18,E,1,0.17,E,1,0.00,-,0,0.90,B,1,0.00,-,0,STR|DEX|FAI,INT|ARC
2020500,Broadsword,Dragonkin,Straight Sword,SwordNormal,0,0.18,E,1,0.17,E,1,0.80,C,1,0.00,-,0,0.00,-,0,STR|DEX|INT,FAI|ARC
2020700,Broadsword,Flame,Straight Sword,SwordNormal,0,0.18,E,1,0.17,E,1,0.00,-,0,0.80,C,1,0.00,-,0,STR|DEX|FAI,INT|ARC
2021300,Broadsword,Frenzy,Straight Sword,SwordNormal,0,0.18,E,1,0.17,E,1,0.60,C,1,0.60,C,1,0.00,-,0,STR|DEX|INT|FAI,ARC
2021600,Broadsword,Frost,Straight Sword,SwordNormal,0,0.18,E,1,0.17,E,1,0.60,C,1,0.00,-,0,0.60,C,1,STR|DEX|INT|ARC,FAI
2020400,Broadsword,Glint,Straight Sword,SwordNormal,0,0.18,E,1,0.17,E,1,0.90,B,1,0.00,-,0,0.00,-,0,STR|DEX|INT,FAI|ARC
2021500,Broadsword,Godslayer,Straight Sword,SwordNormal,0,0.18,E,1,0.17,E,1,0.60,C,1,0.60,C,1,0.00,-,0,STR|DEX|INT|FAI,ARC
2020800,Broadsword,Golden,Straight Sword,SwordNormal,0,0.18,E,1,0.17,E,1,0.00,-,0,0.90,B,1,0.00,-,0,STR|DEX|FAI,INT|ARC
2020600,Broadsword,Gravity,Straight Sword,SwordNormal,0,0.18,E,1,0.17,E,1,0.90,B,1,0.00,-,0,0.00,-,0,STR|DEX|INT,FAI|ARC
2020100,Broadsword,Heavy,Straight Sword,SwordNormal,0,1.15,B,1,0.35,D,1,0.00,-,0,0.00,-,0,0.00,-,0,STR|DEX,INT|FAI|ARC
2020200,Broadsword,Keen,Straight Sword,SwordNormal,0,0.35,D,1,0.80,C,1,0.00,-,0,0.00,-,0,0.00,-,0,STR|DEX,INT|FAI|ARC
2021200,Broadsword,Lava,Straight Sword,SwordNormal,0,0.18,E,1,0.17,E,1,0.70,C,1,0.70,C,1,0.00,-,0,STR|DEX|INT|FAI,ARC
2022100,Broadsword,Mystic,Straight Sword,SwordNormal,0,0.18,E,1,0.17,E,1,0.00,-,0,0.60,C,1,0.60,C,1,STR|DEX|FAI|ARC,INT
2021100,Broadsword,Night,Straight Sword,SwordNormal,0,0.18,E,1,0.17,E,1,0.70,C,1,0.70,C,1,0.00,-,0,STR|DEX|INT|FAI,ARC
2020300,Broadsword,Quality,Straight Sword,SwordNormal,0,0.75,C,1,0.75,C,1,0.00,-,0,0.00,-,0,0.00,-,0,STR|DEX,INT|FAI|ARC
2021900,Broadsword,Rotten,Straight Sword,SwordNormal,0,0.18,E,1,0.17,E,1,0.00,-,0,0.60,C,1,0.60,C,1,STR|DEX|FAI|ARC,INT
2020000,Broadsword,Standard,Straight Sword,SwordNormal,0,0.45,D,1,0.45,D,1,0.00,-,0,0.00,-,0,0.00,-,0,STR|DEX,INT|FAI|ARC
2022000,Broadsword,Storm,Straight Sword,SwordNormal,0,0.18,E,1,0.17,E,1,0.70,C,1,0.70,C,1,0.00,-,0,STR|DEX|INT|FAI,ARC
30000000,Buckler,Standard,Small Shield,ShieldSmall,0,0.10,E,1,0.30,D,1,0.00,-,0,0.00,-,0,0.00,-,0,STR|DEX,INT|FAI|ARC
15121700,Butchering Knife,Aberrant,Greataxe,AxeLarge,0,0.30,D,1,0.40,D,1,0.60,C,1,0.00,-,0,0.60,C,1,STR|DEX|INT|ARC,FAI
15121000,Butchering Knife,Bestial,Greataxe,AxeLarge,0,0.35,D,1,0.45,D,1,0.00,-,0,0.85,C,1,0.00,-,0,STR|DEX|FAI,INT|ARC
15121800,Butchering Knife,Bloodflame,Greataxe,AxeLarge,0,0.30,D,1,0.40,D,1,0.00,-,0,0.60,C,1,0.60,C,1,STR|DEX|FAI|ARC,INT
15121400,Butchering Knife,Death,Greataxe,AxeLarge,0,0.30,D,1,0.40,D,1,0.60,C,1,0.60,C,1,0.00,-,0,STR|DEX|INT|FAI,ARC
15120900,Butchering Knife,Draconic,Greataxe,AxeLarge,0,0.35,D,1,0.45,D,1,0.00,-,0,0.85,C,1,0.00,-,0,STR|DEX|FAI,INT|ARC
15120500,Butchering Knife,Dragonkin,Greataxe,AxeLarge,0,0.35,D,1,0.45,D,1,0.75,C,1,0.00,-,0,0.00,-,0,STR|DEX|INT,FAI|ARC
15120700,Butchering Knife,Flame,Greataxe,AxeLarge,0,0.35,D,1,0.45,D,1,0.00,-,0,0.75,C,1,0.00,-,0,STR|DEX|FAI,INT|ARC
15121300,Butchering Knife,Frenzy,Greataxe,AxeLarge,0,0.30,D,1,0.40,D,1,0.60,C,1,0.60,C,1,0.00,-,0,STR|DEX|INT|FAI,ARC
15121600,Butchering Knife,Frost,Greataxe,AxeLarge,0,0.30,D,1,0.40,D,1,0.60,C,1,0.00,-,0,0.60,C,1,STR|DEX|INT|ARC,FAI
15120400,Butchering Knife,Glint,Greataxe,AxeLarge,0,0.35,D,1,0.45,D,1,0.85,C,1,0.00,-,0,0.00,-,0,STR|DEX|INT,FAI|ARC
15121500,Butchering Knife,Godslayer,Greataxe,AxeLarge,0,0.30,D,1,0.40,D,1,0.60,C,1,0.60,C,1,0.00,-,0,STR|DEX|INT|FAI,ARC
15120800,Butchering Knife,Golden,Greataxe,AxeLarge,0,0.35,D,1,0.45,D,1,0.00,-,0,0.85,C,1,0.00,-,0,STR|DEX|FAI,INT|ARC
15120600,Butchering Knife,Gravity,Greataxe,AxeLarge,0,0.35,D,1,0.45,D,1,0.85,C,1,0.00,-,0,0.00,-,0,STR|DEX|INT,FAI|ARC
15120100,Butchering Knife,Heavy,Greataxe,AxeLarge,0,1.00,B,1,0.55,D,1,0.00,-,0,0.00,-,0,0.00,-,0,STR|DEX,INT|FAI|ARC
15120200,Butchering Knife,Keen,Greataxe,AxeLarge,0,0.45,D,1,1.10,B,1,0.00,-,0,0.00,-,0,0.00,-,0,STR|DEX,INT|FAI|ARC
15121200,Butchering Knife,Lava,Greataxe,AxeLarge,0,0.30,D,1,0.40,D,1,0.70,C,1,0.70,C,1,0.00,-,0,STR|DEX|INT|FAI,ARC
15122100,Butchering Knife,Mystic,Greataxe,AxeLarge,0,0.30,D,1,0.40,D,1,0.00,-,0,0.60,C,1,0.60,C,1,STR|DEX|FAI|ARC,INT
15121100,Butchering Knife,Night,Greataxe,AxeLarge,0,0.30,D,1,0.40,D,1,0.70,C,1,0.70,C,1,0.00,-,0,STR|DEX|INT|FAI,ARC
15120300,Butchering Knife,Quality,Greataxe,AxeLarge,0,0.75,C,1,0.85,C,1,0.00,-,0,0.00,-,0,0.00,-,0,STR|DEX,INT|FAI|ARC
15121900,Butchering Knife,Rotten,Greataxe,AxeLarge,0,0.30,D,1,0.40,D,1,0.00,-,0,0.60,C,1,0.60,C,1,STR|DEX|FAI|ARC,INT
15120000,Butchering Knife,Standard,Greataxe,AxeLarge,0,0.55,D,1,0.56,D,1,0.00,-,0,0.00,-,0,0.00,-,0,STR|DEX,INT|FAI|ARC
15122000,Butchering Knife,Storm,Greataxe,AxeLarge,0,0.30,D,1,0.40,D,1,0.70,C,1,0.70,C,1,0.00,-,0,STR|DEX|INT|FAI,ARC
21001700,Caestus,Aberrant,Fist,Knuckle,0,0.25,D,1,0.25,D,1,0.60,C,1,0.00,-,0,0.60,C,1,STR|DEX|INT|ARC,FAI
21001000,Caestus,Bestial,Fist,Knuckle,0,0.30,D,1,0.30,D,1,0.00,-,0,0.90,B,1,0.00,-,0,STR|DEX|FAI,INT|ARC
21001800,Caestus,Bloodflame,Fist,Knuckle,0,0.25,D,1,0.25,D,1,0.00,-,0,0.60,C,1,0.60,C,1,STR|DEX|FAI|ARC,INT
21001400,Caestus,Death,Fist,Knuckle,0,0.25,D,1,0.25,D,1,0.60,C,1,0.60,C,1,0.00,-,0,STR|DEX|INT|FAI,ARC
21000900,Caestus,Draconic,Fist,Knuckle,0,0.30,D,1,0.30,D,1,0.00,-,0,0.90,B,1,0.00,-,0,STR|DEX|FAI,INT|ARC
21000500,Caestus,Dragonkin,Fist,Knuckle,0,0.30,D,1,0.30,D,1,0.80,C,1,0.00,-,0,0.00,-,0,STR|DEX|INT,FAI|ARC
21000700,Caestus,Flame,Fist,Knuckle,0,0.30,D,1,0.30,D,1,0.00,-,0,0.80,C,1,0.00,-,0,STR|DEX|FAI,INT|ARC
21001300,Caestus,Frenzy,Fist,Knuckle,0,0.25,D,1,0.25,D,1,0.60,C,1,0.60,C,1,0.00,-,0,STR|DEX|INT|FAI,ARC
21001600,Caestus,Frost,Fist,Knuckle,0,0.25,D,1,0.25,D,1,0.60,C,1,0.00,-,0,0.60,C,1,STR|DEX|INT|ARC,FAI
21000400,Caestus,Glint,Fist,Knuckle,0,0.30,D,1,0.30,D,1,0.90,B,1,0.00,-,0,0.00,-,0,STR|DEX|INT,FAI|ARC
21001500,Caestus,Godslayer,Fist,Knuckle,0,0.25,D,1,0.25,D,1,0.60,C,1,0.60,C,1,0.00,-,0,STR|DEX|INT|FAI,ARC
21000800,Caestus,Golden,Fist,Knuckle,0,0.30,D,1,0.30,D,1,0.00,-,0,0.90,B,1,0.00,-,0,STR|DEX|FAI,INT|ARC
21000600,Caestus,Gravity,Fist,Knuckle,0,0.30,D,1,0.30,D,1,0.90,B,1,0.00,-,0,0.00,-,0,STR|DEX|INT,FAI|ARC
21000100,Caestus,Heavy,Fist,Knuckle,0,0.80,C,1,0.35,D,1,0.00,-,0,0.00,-,0,0.00,-,0,STR|DEX,INT|FAI|ARC
21000200,Caestus,Keen,Fist,Knuckle,0,0.35,D,1,0.80,C,1,0.00,-,0,0.00,-,0,0.00,-,0,STR|DEX,INT|FAI|ARC
21001200,Caestus,Lava,Fist,Knuckle,0,0.25,D,1,0.25,D,1,0.70,C,1,0.70,C,1,0.00,-,0,STR|DEX|INT|FAI,ARC
21002100,Caestus,Mystic,Fist,Knuckle,0,0.25,D,1,0.25,D,1,0.00,-,0,0.60,C,1,0.60,C,1,STR|DEX|FAI|ARC,INT
21001100,Caestus,Night,Fist,Knuckle,0,0.25,D,1,0.25,D,1,0.70,C,1,0.70,C,1,0.00,-,0,STR|DEX|INT|FAI,ARC
21000300,Caestus,Quality,Fist,Knuckle,0,0.75,C,1,0.75,C,1,0.00,-,0,0.00,-,0,0.00,-,0,STR|DEX,INT|FAI|ARC
21001900,Caestus,Rotten,Fist,Knuckle,0,0.25,D,1,0.25,D,1,0.00,-,0,0.60,C,1,0.60,C,1,STR|DEX|FAI|ARC,INT
21000000,Caestus,Standard,Fist,Knuckle,0,0.45,D,1,0.45,D,1,0.00,-,0,0.00,-,0,0.00,-,0,STR|DEX,INT|FAI|ARC
21002000,Caestus,Storm,Fist,Knuckle,0,0.25,D,1,0.25,D,1,0.70,C,1,0.70,C,1,0.00,-,0,STR|DEX|INT|FAI,ARC
10060000,Caimar's Battlestaff,Standard,Twinblade,SwordDoubleEdge,0,0.75,C,1,0.50,D,1,0.00,-,0,0.80,C,1,0.80,C,1,STR|DEX|FAI|ARC,INT
31250000,Candletree Wooden Shield,Standard,Medium Shield,ShieldNormal,0,0.40,D,1,0.00,-,0,0.00,-,0,0.00,-,0,0.00,-,0,STR,DEX|INT|FAI|ARC
2211700,Cane Sword,Aberrant,Straight Sword,SwordNormal,0,0.05,E,1,0.20,E,1,0.60,C,1,0.00,-,0,0.60,C,1,STR|DEX|INT|ARC,FAI
2211000,Cane Sword,Bestial,Straight Sword,SwordNormal,0,0.10,E,1,0.25,D,1,0.00,-,0,0.90,B,1,0.00,-,0,STR|DEX|FAI,INT|ARC
2211800,Cane Sword,Bloodflame,Straight Sword,SwordNormal,0,0.05,E,1,0.20,E,1,0.00,-,0,0.60,C,1,0.60,C,1,STR|DEX|FAI|ARC,INT
2211400,Cane Sword,Death,Straight Sword,SwordNormal,0,0.05,E,1,0.20,E,1,0.60,C,1,0.60,C,1,0.00,-,0,STR|DEX|INT|FAI,ARC
2210900,Cane Sword,Draconic,Straight Sword,SwordNormal,0,0.10,E,1,0.25,D,1,0.00,-,0,0.90,B,1,0.00,-,0,STR|DEX|FAI,INT|ARC
2210500,Cane Sword,Dragonkin,Straight Sword,SwordNormal,0,0.10,E,1,0.25,D,1,0.80,C,1,0.00,-,0,0.00,-,0,STR|DEX|INT,FAI|ARC
2210700,Cane Sword,Flame,Straight Sword,SwordNormal,0,0.10,E,1,0.25,D,1,0.00,-,0,0.80,C,1,0.00,-,0,STR|DEX|FAI,INT|ARC
2211300,Cane Sword,Frenzy,Straight Sword,SwordNormal,0,0.05,E,1,0.20,E,1,0.60,C,1,0.60,C,1,0.00,-,0,STR|DEX|INT|FAI,ARC
2211600,Cane Sword,Frost,Straight Sword,SwordNormal,0,0.05,E,1,0.20,E,1,0.60,C,1,0.00,-,0,0.60,C,1,STR|DEX|INT|ARC,FAI
2210400,Cane Sword,Glint,Straight Sword,SwordNormal,0,0.10,E,1,0.25,D,1,0.90,B,1,0.00,-,0,0.00,-,0,STR|DEX|INT,FAI|ARC
2211500,Cane Sword,Godslayer,Straight Sword,SwordNormal,0,0.05,E,1,0.20,E,1,0.60,C,1,0.60,C,1,0.00,-,0,STR|DEX|INT|FAI,ARC
2210800,Cane Sword,Golden,Straight Sword,SwordNormal,0,0.10,E,1,0.25,D,1,0.00,-,0,0.90,B,1,0.00,-,0,STR|DEX|FAI,INT|ARC
2210600,Cane Sword,Gravity,Straight Sword,SwordNormal,0,0.10,E,1,0.25,D,1,0.90,B,1,0.00,-,0,0.00,-,0,STR|DEX|INT,FAI|ARC
2210100,Cane Sword,Heavy,Straight Sword,SwordNormal,0,0.70,C,1,0.45,D,1,0.00,-,0,0.00,-,0,0.00,-,0,STR|DEX,INT|FAI|ARC
2210200,Cane Sword,Keen,Straight Sword,SwordNormal,0,0.20,E,1,1.00,B,1,0.00,-,0,0.00,-,0,0.00,-,0,STR|DEX,INT|FAI|ARC
2211200,Cane Sword,Lava,Straight Sword,SwordNormal,0,0.05,E,1,0.20,E,1,0.70,C,1,0.70,C,1,0.00,-,0,STR|DEX|INT|FAI,ARC
2212100,Cane Sword,Mystic,Straight Sword,SwordNormal,0,0.05,E,1,0.20,E,1,0.00,-,0,0.60,C,1,0.60,C,1,STR|DEX|FAI|ARC,INT
2211100,Cane Sword,Night,Straight Sword,SwordNormal,0,0.05,E,1,0.20,E,1,0.70,C,1,0.70,C,1,0.00,-,0,STR|DEX|INT|FAI,ARC
2210300,Cane Sword,Quality,Straight Sword,SwordNormal,0,0.50,D,1,0.65,C,1,0.00,-,0,0.00,-,0,0.00,-,0,STR|DEX,INT|FAI|ARC
2211900,Cane Sword,Rotten,Straight Sword,SwordNormal,0,0.05,E,1,0.20,E,1,0.00,-,0,0.60,C,1,0.60,C,1,STR|DEX|FAI|ARC,INT
2210000,Cane Sword,Standard,Straight Sword,SwordNormal,0,0.30,D,1,0.60,C,1,0.00,-,0,0.00,-,0,0.00,-,0,STR|DEX,INT|FAI|ARC
2212000,Cane Sword,Storm,Straight Sword,SwordNormal,0,0.05,E,1,0.20,E,1,0.70,C,1,0.70,C,1,0.00,-,0,STR|DEX|INT|FAI,ARC
31190000,Carian Knight's Shield,Standard,Medium Shield,ShieldNormal,0,0.40,D,1,0.00,-,0,0.30,D,1,0.00,-,0,0.00,-,0,STR|INT,DEX|FAI|ARC
2180000,Carian Knight's Sword,Standard,Straight Sword,SwordNormal,0,0.30,D,1,0.10,E,1,1.00,B,1,0.00,-,0,0.00,-,0,STR|DEX|INT,FAI|ARC
2530000,Carian Sorcery Sword,Standard,Thrusting Sword,SwordPierce,0,0.00,-,0,0.10,E,1,0.90,B,1,0.00,-,0,0.00,-,0,DEX|INT,STR|FAI|ARC
62510000,Carian Thrusting Shield,Standard,Thrusting Shield,ThrustingShield,0,0.45,D,1,0.75,C,1,0.80,C,1,0.00,-,0,0.00,-,0,STR|DEX|INT,FAI|ARC
6030000,Carwyn's Épée,Standard,Heavy Thrusting Sword,RapierHeavy,0,0.25,D,1,1.15,B,1,0.00,-,0,0.00,-,0,0.00,-,0,STR|DEX,INT|FAI|ARC
14060000,Celebrant's Cleaver,Standard,Axe,AxeNormal,0,0.55,D,1,0.10,E,1,0.75,C,1,0.75,C,1,0.00,-,0,STR|DEX|INT|FAI,ARC
16060000,Celebrant's Rib-Rake,Standard,Spear,SpearNormal,0,0.25,D,1,0.50,D,1,0.75,C,1,0.75,C,1,0.00,-,0,STR|DEX|INT|FAI,ARC
1060000,Celebrant's Sickle,Standard,Dagger,Dagger,0,0.05,E,1,0.40,D,1,0.60,C,1,0.60,C,1,0.00,-,0,STR|DEX|INT|FAI,ARC
12130000,Celebrant's Skull,Standard,Great Hammer,HammerLarge,0,0.70,C,1,0.10,E,1,0.75,C,1,0.75,C,1,0.00,-,0,STR|DEX|INT|FAI,ARC
3110000,Celestial Blade,Standard,Greatsword,SwordLarge,0,0.40,D,1,0.25,D,1,1.15,B,1,0.00,-,0,0.00,-,0,STR|DEX|INT,FAI|ARC
13041700,Chainlink Flail,Aberrant,Flail,Flail,0,0.25,D,1,0.30,D,1,0.60,C,1,0.00,-,0,0.60,C,1,STR|DEX|INT|ARC,FAI
13041000,Chainlink Flail,Bestial,Flail,Flail,0,0.30,D,1,0.35,D,1,0.00,-,0,0.90,B,1,0.00,-,0,STR|DEX|FAI,INT|ARC
13041800,Chainlink Flail,Bloodflame,Flail,Flail,0,0.25,D,1,0.30,D,1,0.00,-,0,0.60,C,1,0.60,C,1,STR|DEX|FAI|ARC,INT
13041400,Chainlink Flail,Death,Flail,Flail,0,0.25,D,1,0.30,D,1,0.60,C,1,0.60,C,1,0.00,-,0,STR|DEX|INT|FAI,ARC
13040900,Chainlink Flail,Draconic,Flail,Flail,0,0.30,D,1,0.35,D,1,0.00,-,0,0.90,B,1,0.00,-,0,STR|DEX|FAI,INT|ARC
13040500,Chainlink Flail,Dragonkin,Flail,Flail,0,0.30,D,1,0.35,D,1,0.80,C,1,0.00,-,0,0.00,-,0,STR|DEX|INT,FAI|ARC
13040700,Chainlink Flail,Flame,Flail,Flail,0,0.30,D,1,0.35,D,1,0.00,-,0,0.80,C,1,0.00,-,0,STR|DEX|FAI,INT|ARC
13041300,Chainlink Flail,Frenzy,Flail,Flail,0,0.25,D,1,0.30,D,1,0.60,C,1,0.60,C,1,0.00,-,0,STR|DEX|INT|FAI,ARC
13041600,Chainlink Flail,Frost,Flail,Flail,0,0.25,D,1,0.30,D,1,0.60,C,1,0.00,-,0,0.60,C,1,STR|DEX|INT|ARC,FAI
13040400,Chainlink Flail,Glint,Flail,Flail,0,0.30,D,1,0.35,D,1,0.90,B,1,0.00,-,0,0.00,-,0,STR|DEX|INT,FAI|ARC
13041500,Chainlink Flail,Godslayer,Flail,Flail,0,0.25,D,1,0.30,D,1,0.60,C,1,0.60,C,1,0.00,-,0,STR|DEX|INT|FAI,ARC
13040800,Chainlink Flail,Golden,Flail,Flail,0,0.30,D,1,0.35,D,1,0.00,-,0,0.90,B,1,0.00,-,0,STR|DEX|FAI,INT|ARC
13040600,Chainlink Flail,Gravity,Flail,Flail,0,0.30,D,1,0.35,D,1,0.90,B,1,0.00,-,0,0.00,-,0,STR|DEX|INT,FAI|ARC
13040100,Chainlink Flail,Heavy,Flail,Flail,0,1.00,B,1,0.30,D,1,0.00,-,0,0.00,-,0,0.00,-,0,STR|DEX,INT|FAI|ARC
13040200,Chainlink Flail,Keen,Flail,Flail,0,0.50,D,1,0.65,C,1,0.00,-,0,0.00,-,0,0.00,-,0,STR|DEX,INT|FAI|ARC
13041200,Chainlink Flail,Lava,Flail,Flail,0,0.25,D,1,0.30,D,1,0.70,C,1,0.70,C,1,0.00,-,0,STR|DEX|INT|FAI,ARC
13042100,Chainlink Flail,Mystic,Flail,Flail,0,0.25,D,1,0.30,D,1,0.00,-,0,0.60,C,1,0.60,C,1,STR|DEX|FAI|ARC,INT
13041100,Chainlink Flail,Night,Flail,Flail,0,0.25,D,1,0.30,D,1,0.70,C,1,0.70,C,1,0.00,-,0,STR|DEX|INT|FAI,ARC
13040300,Chainlink Flail,Quality,Flail,Flail,0,0.70,C,1,0.55,D,1,0.00,-,0,0.00,-,0,0.00,-,0,STR|DEX,INT|FAI|ARC
13041900,Chainlink Flail,Rotten,Flail,Flail,0,0.25,D,1,0.30,D,1,0.00,-,0,0.60,C,1,0.60,C,1,STR|DEX|FAI|ARC,INT
13040000,Chainlink Flail,Standard,Flail,Flail,0,0.60,C,1,0.40,D,1,0.00,-,0,0.00,-,0,0.00,-,0,STR|DEX,INT|FAI|ARC
13042000,Chainlink Flail,Storm,Flail,Flail,0,0.25,D,1,0.30,D,1,0.70,C,1,0.70,C,1,0.00,-,0,STR|DEX|INT|FAI,ARC
61510000,Chilling Perfume Bottle,Standard,Perfume Bottle,PerfumeBottle,0,0.10,E,1,0.20,E,1,0.45,D,1,0.00,-,0,0.90,B,1,STR|DEX|INT|ARC,FAI
1110000,Cinquedea,Standard,Dagger,Dagger,0,0.10,E,1,0.30,D,1,0.00,-,0,0.85,C,1,0.00,-,0,STR|DEX|FAI,INT|ARC
21130000,Cipher Pata,Standard,Fist,Knuckle,0,0.25,D,1,0.85,C,1,0.00,-,0,1.00,B,1,0.00,-,0,STR|DEX|FAI,INT|ARC
34040000,Clawmark Seal,Standard,Seal,Talisman,0,0.00,-,0,0.00,-,0,0.00,-,0,0.80,C,1,0.00,-,0,FAI,STR|DEX|INT|ARC
22500000,Claws of Night,Standard,Claw,Claw,0,0.20,E,1,0.75,C,1,0.80,C,1,0.80,C,1,0.00,-,0,STR|DEX|INT|FAI,ARC
16030000,Clayman's Harpoon,Standard,Spear,SpearNormal,0,0.50,D,1,0.65,C,1,0.90,B,1,0.00,-,0,0.00,-,0,STR|DEX|INT,FAI|ARC
3181700,Claymore,Aberrant,Greatsword,SwordLarge,0,0.15,E,1,0.10,E,1,0.60,C,1,0.00,-,0,0.60,C,1,STR|DEX|INT|ARC,FAI
3181000,Claymore,Bestial,Greatsword,SwordLarge,0,0.25,D,1,0.10,E,1,0.00,-,0,0.90,B,1,0.00,-,0,STR|DEX|FAI,INT|ARC
3181800,Claymore,Bloodflame,Greatsword,SwordLarge,0,0.15,E,1,0.10,E,1,0.00,-,0,0.60,C,1,0.60,C,1,STR|DEX|FAI|ARC,INT
3181400,Claymore,Death,Greatsword,SwordLarge,0,0.15,E,1,0.10,E,1,0.60,C,1,0.60,C,1,0.00,-,0,STR|DEX|INT|FAI,ARC
3180900,Claymore,Draconic,Greatsword,SwordLarge,0,0.25,D,1,0.10,E,1,0.00,-,0,0.90,B,1,0.00,-,0,STR|DEX|FAI,INT|ARC
3180500,Claymore,Dragonkin,Greatsword,SwordLarge,0,0.25,D,1,0.10,E,1,0.80,C,1,0.00,-,0,0.00,-,0,STR|DEX|INT,FAI|ARC
3180700,Claymore,Flame,Greatsword,SwordLarge,0,0.25,D,1,0.10,E,1,0.00,-,0,0.80,C,1,0.00,-,0,STR|DEX|FAI,INT|ARC
3181300,Claymore,Frenzy,Greatsword,SwordLarge,0,0.15,E,1,0.10,E,1,0.60,C,1,0.60,C,1,0.00,-,0,STR|DEX|INT|FAI,ARC
3181600,Claymore,Frost,Greatsword,SwordLarge,0,0.15,E,1,0.10,E,1,0.60,C,1,0.00,-,0,0.60,C,1,STR|DEX|INT|ARC,FAI
3180400,Claymore,Glint,Greatsword,SwordLarge,0,0.25,D,1,0.10,E,1,0.90,B,1,0.00,-,0,0.00,-,0,STR|DEX|INT,FAI|ARC
3181500,Claymore,Godslayer,Greatsword,SwordLarge,0,0.15,E,1,0.10,E,1,0.60,C,1,0.60,C,1,0.00,-,0,STR|DEX|INT|FAI,ARC
3180800,Claymore,Golden,Greatsword,SwordLarge,0,0.25,D,1,0.10,E,1,0.00,-,0,0.90,B,1,0.00,-,0,STR|DEX|FAI,INT|ARC
3180600,Claymore,Gravity,Greatsword,SwordLarge,0,0.25,D,1,0.10,E,1,0.90,B,1,0.00,-,0,0.00,-,0,STR|DEX|INT,FAI|ARC
3180100,Claymore,Heavy,Greatsword,SwordLarge,0,1.00,B,1,0.15,E,1,0.00,-,0,0.00,-,0,0.00,-,0,STR|DEX,INT|FAI|ARC
3180200,Claymore,Keen,Greatsword,SwordLarge,0,0.45,D,1,0.60,C,1,0.00,-,0,0.00,-,0,0.00,-,0,STR|DEX,INT|FAI|ARC
3181200,Claymore,Lava,Greatsword,SwordLarge,0,0.15,E,1,0.10,E,1,0.70,C,1,0.70,C,1,0.00,-,0,STR|DEX|INT|FAI,ARC
3182100,Claymore,Mystic,Greatsword,SwordLarge,0,0.15,E,1,0.10,E,1,0.00,-,0,0.60,C,1,0.60,C,1,STR|DEX|FAI|ARC,INT
3181100,Claymore,Night,Greatsword,SwordLarge,0,0.15,E,1,0.10,E,1,0.70,C,1,0.70,C,1,0.00,-,0,STR|DEX|INT|FAI,ARC
3180300,Claymore,Quality,Greatsword,SwordLarge,0,0.75,C,1,0.50,D,1,0.00,-,0,0.00,-,0,0.00,-,0,STR|DEX,INT|FAI|ARC
3181900,Claymore,Rotten,Greatsword,SwordLarge,0,0.15,E,1,0.10,E,1,0.00,-,0,0.60,C,1,0.60,C,1,STR|DEX|FAI|ARC,INT
3180000,Claymore,Standard,Greatsword,SwordLarge,0,0.60,C,1,0.30,D,1,0.00,-,0,0.00,-,0,0.00,-,0,STR|DEX,INT|FAI|ARC
3182000,Claymore,Storm,Greatsword,SwordLarge,0,0.15,E,1,0.10,E,1,0.70,C,1,0.70,C,1,0.00,-,0,STR|DEX|INT|FAI,ARC
5011700,Cleanrot Knight's Sword,Aberrant,Thrusting Sword,SwordPierce,0,0.05,E,1,0.30,D,1,0.55,D,1,0.00,-,0,0.55,D,1,STR|DEX|INT|ARC,FAI
5011000,Cleanrot Knight's Sword,Bestial,Thrusting Sword,SwordPierce,0,0.05,E,1,0.30,D,1,0.00,-,0,0.90,B,1,0.00,-,0,STR|DEX|FAI,INT|ARC
5011800,Cleanrot Knight's Sword,Bloodflame,Thrusting Sword,SwordPierce,0,0.05,E,1,0.30,D,1,0.00,-,0,0.55,D,1,0.55,D,1,STR|DEX|FAI|ARC,INT
5011400,Cleanrot Knight's Sword,Death,Thrusting Sword,SwordPierce,0,0.05,E,1,0.30,D,1,0.55,D,1,0.55,D,1,0.00,-,0,STR|DEX|INT|FAI,ARC
5010900,Cleanrot Knight's Sword,Draconic,Thrusting Sword,SwordPierce,0,0.05,E,1,0.30,D,1,0.00,-,0,0.90,B,1,0.00,-,0,STR|DEX|FAI,INT|ARC
5010500,Cleanrot Knight's Sword,Dragonkin,Thrusting Sword,SwordPierce,0,0.05,E,1,0.30,D,1,0.80,C,1,0.00,-,0,0.00,-,0,STR|DEX|INT,FAI|ARC
5010700,Cleanrot Knight's Sword,Flame,Thrusting Sword,SwordPierce,0,0.05,E,1,0.30,D,1,0.00,-,0,0.80,C,1,0.00,-,0,STR|DEX|FAI,INT|ARC
5011300,Cleanrot Knight's Sword,Frenzy,Thrusting Sword,SwordPierce,0,0.05,E,1,0.30,D,1,0.55,D,1,0.55,D,1,0.00,-,0,STR|DEX|INT|FAI,ARC
5011600,Cleanrot Knight's Sword,Frost,Thrusting Sword,SwordPierce,0,0.05,E,1,0.30,D,1,0.55,D,1,0.00,-,0,0.55,D,1,STR|DEX|INT|ARC,FAI
5010400,Cleanrot Knight's Sword,Glint,Thrusting Sword,SwordPierce,0,0.05,E,1,0.30,D,1,0.90,B,1,0.00,-,0,0.00,-,0,STR|DEX|INT,FAI|ARC
5011500,Cleanrot Knight's Sword,Godslayer,Thrusting Sword,SwordPierce,0,0.05,E,1,0.30,D,1,0.55,D,1,0.55,D,1,0.00,-,0,STR|DEX|INT|FAI,ARC
5010800,Cleanrot Knight's Sword,Golden,Thrusting Sword,SwordPierce,0,0.05,E,1,0.30,D,1,0.00,-,0,1.15,B,1,0.00,-,0,STR|DEX|FAI,INT|ARC
5010600,Cleanrot Knight's Sword,Gravity,Thrusting Sword,SwordPierce,0,0.05,E,1,0.30,D,1,0.90,B,1,0.00,-,0,0.00,-,0,STR|DEX|INT,FAI|ARC
5010100,Cleanrot Knight's Sword,Heavy,Thrusting Sword,SwordPierce,0,0.55,D,1,0.50,D,1,0.00,-,0,0.00,-,0,0.00,-,0,STR|DEX,INT|FAI|ARC
5010200,Cleanrot Knight's Sword,Keen,Thrusting Sword,SwordPierce,0,0.05,E,1,1.25,B,1,0.00,-,0,0.00,-,0,0.00,-,0,STR|DEX,INT|FAI|ARC
5011200,Cleanrot Knight's Sword,Lava,Thrusting Sword,SwordPierce,0,0.05,E,1,0.30,D,1,0.65,C,1,0.65,C,1,0.00,-,0,STR|DEX|INT|FAI,ARC
5012100,Cleanrot Knight's Sword,Mystic,Thrusting Sword,SwordPierce,0,0.05,E,1,0.30,D,1,0.00,-,0,0.55,D,1,0.55,D,1,STR|DEX|FAI|ARC,INT
5011100,Cleanrot Knight's Sword,Night,Thrusting Sword,SwordPierce,0,0.05,E,1,0.30,D,1,0.65,C,1,0.65,C,1,0.00,-,0,STR|DEX|INT|FAI,ARC
5010300,Cleanrot Knight's Sword,Quality,Thrusting Sword,SwordPierce,0,0.35,D,1,0.70,C,1,0.00,-,0,0.00,-,0,0.00,-,0,STR|DEX,INT|FAI|ARC
5011900,Cleanrot Knight's Sword,Rotten,Thrusting Sword,SwordPierce,0,0.05,E,1,0.45,D,1,0.00,-,0,0.65,C,1,0.65,C,1,STR|DEX|FAI|ARC,INT
5010000,Cleanrot Knight's Sword,Standard,Thrusting Sword,SwordPierce,0,0.10,E,1,0.80,C,1,0.00,-,0,0.00,-,0,0.00,-,0,STR|DEX,INT|FAI|ARC
5012000,Cleanrot Knight's Sword,Storm,Thrusting Sword,SwordPierce,0,0.05,E,1,0.30,D,1,0.65,C,1,0.65,C,1,0.00,-,0,STR|DEX|INT|FAI,ARC
16040000,Cleanrot Spear,Standard,Spear,SpearNormal,0,0.40,D,1,0.60,C,1,0.00,-,0,1.00,B,1,0.00,-,0,STR|DEX|FAI,INT|ARC
21110000,Clinging Bone,Standard,Fist,Knuckle,0,0.25,D,1,0.75,C,1,0.80,C,1,0.80,C,1,0.00,-,0,STR|DEX|INT|FAI,ARC
11011700,Club,Aberrant,Hammer,HammerNormal,0,0.20,E,1,0.05,E,1,0.60,C,1,0.00,-,0,0.60,C,1,STR|DEX|INT|ARC,FAI
11011000,Club,Bestial,Hammer,HammerNormal,0,0.25,D,1,0.10,E,1,0.00,-,0,0.90,B,1,0.00,-,0,STR|DEX|FAI,INT|ARC
11011800,Club,Bloodflame,Hammer,HammerNormal,0,0.20,E,1,0.05,E,1,0.00,-,0,0.60,C,1,0.60,C,1,STR|DEX|FAI|ARC,INT
11011400,Club,Death,Hammer,HammerNormal,0,0.20,E,1,0.05,E,1,0.60,C,1,0.60,C,1,0.00,-,0,STR|DEX|INT|FAI,ARC
11010900,Club,Draconic,Hammer,HammerNormal,0,0.25,D,1,0.10,E,1,0.00,-,0,0.90,B,1,0.00,-,0,STR|DEX|FAI,INT|ARC
11010500,Club,Dragonkin,Hammer,HammerNormal,0,0.25,D,1,0.10,E,1,0.80,C,1,0.00,-,0,0.00,-,0,STR|DEX|INT,FAI|ARC
11010700,Club,Flame,Hammer,HammerNormal,0,0.25,D,1,0.10,E,1,0.00,-,0,0.80,C,1,0.00,-,0,STR|DEX|FAI,INT|ARC
11011300,Club,Frenzy,Hammer,HammerNormal,0,0.20,E,1,0.05,E,1,0.60,C,1,0.60,C,1,0.00,-,0,STR|DEX|INT|FAI,ARC
11011600,Club,Frost,Hammer,HammerNormal,0,0.20,E,1,0.05,E,1,0.60,C,1,0.00,-,0,0.60,C,1,STR|DEX|INT|ARC,FAI
11010400,Club,Glint,Hammer,HammerNormal,0,0.25,D,1,0.10,E,1,0.90,B,1,0.00,-,0,0.00,-,0,STR|DEX|INT,FAI|ARC
11011500,Club,Godslayer,Hammer,HammerNormal,0,0.20,E,1,0.05,E,1,0.60,C,1,0.60,C,1,0.00,-,0,STR|DEX|INT|FAI,ARC
11010800,Club,Golden,Hammer,HammerNormal,0,0.25,D,1,0.10,E,1,0.00,-,0,0.90,B,1,0.00,-,0,STR|DEX|FAI,INT|ARC
11010600,Club,Gravity,Hammer,HammerNormal,0,0.25,D,1,0.10,E,1,0.90,B,1,0.00,-,0,0.00,-,0,STR|DEX|INT,FAI|ARC
11010100,Club,Heavy,Hammer,HammerNormal,0,1.10,B,1,0.10,E,1,0.00,-,0,0.00,-,0,0.00,-,0,STR|DEX,INT|FAI|ARC
11010200,Club,Keen,Hammer,HammerNormal,0,0.50,D,1,0.55,D,1,0.00,-,0,0.00,-,0,0.00,-,0,STR|DEX,INT|FAI|ARC
11011200,Club,Lava,Hammer,HammerNormal,0,0.20,E,1,0.05,E,1,0.70,C,1,0.70,C,1,0.00,-,0,STR|DEX|INT|FAI,ARC
11012100,Club,Mystic,Hammer,HammerNormal,0,0.20,E,1,0.05,E,1,0.00,-,0,0.60,C,1,0.60,C,1,STR|DEX|FAI|ARC,INT
11011100,Club,Night,Hammer,HammerNormal,0,0.20,E,1,0.05,E,1,0.70,C,1,0.70,C,1,0.00,-,0,STR|DEX|INT|FAI,ARC
11010300,Club,Quality,Hammer,HammerNormal,0,0.80,C,1,0.35,D,1,0.00,-,0,0.00,-,0,0.00,-,0,STR|DEX,INT|FAI|ARC
11011900,Club,Rotten,Hammer,HammerNormal,0,0.20,E,1,0.05,E,1,0.00,-,0,0.60,C,1,0.60,C,1,STR|DEX|FAI|ARC,INT
11010000,Club,Standard,Hammer,HammerNormal,0,0.70,C,1,0.20,E,1,0.00,-,0,0.00,-,0,0.00,-,0,STR|DEX,INT|FAI|ARC
11012000,Club,Storm,Hammer,HammerNormal,0,0.20,E,1,0.05,E,1,0.70,C,1,0.70,C,1,0.00,-,0,STR|DEX|INT|FAI,ARC
2110000,Coded Sword,Standard,Straight Sword,SwordNormal,0,0.05,E,1,0.05,E,1,0.00,-,0,1.30,B,1,0.00,-,0,STR|DEX|FAI,INT|ARC
30200000,Coil Shield,Standard,Small Shield,ShieldSmall,0,0.24,E,1,0.00,-,0,0.00,-,0,0.00,-,0,0.00,-,0,STR,DEX|INT|FAI|ARC
18040000,Commander's Standard,Standard,Halberd,SpearAxe,0,0.85,C,1,0.85,C,1,0.00,-,0,0.00,-,0,0.00,-,0,STR|DEX,INT|FAI|ARC
40050000,Composite Bow,Standard,Light Bow,BowSmall,0,0.60,C,1,0.80,C,1,0.00,-,0,0.00,-,0,0.00,-,0,STR|DEX,INT|FAI|ARC
17090000,Cragsplitter,Standard,Heavy Spear,SpearHeavy,0,1.15,B,1,0.65,C,1,0.00,-,0,0.00,-,0,0.00,-,0,STR|DEX,INT|FAI|ARC
12170000,Cranial Vessel Candlestand,Standard,Great Hammer,HammerLarge,0,0.75,C,1,0.25,D,1,0.00,-,0,1.00,B,1,0.00,-,0,STR|DEX|FAI,INT|ARC
43110000,Crepus's Black-Key Crossbow,Standard,Crossbow,ClossBow,0,0.30,D,1,1.00,B,1,0.00,-,0,0.00,-,0,0.00,-,0,STR|DEX,INT|FAI|ARC
15031700,Crescent Moon Axe,Aberrant,Greataxe,AxeLarge,0,0.35,D,1,0.10,E,1,0.60,C,1,0.00,-,0,0.60,C,1,STR|DEX|INT|ARC,FAI
15031000,Crescent Moon Axe,Bestial,Greataxe,AxeLarge,0,0.40,D,1,0.15,E,1,0.00,-,0,0.90,B,1,0.00,-,0,STR|DEX|FAI,INT|ARC
15031800,Crescent Moon Axe,Bloodflame,Greataxe,AxeLarge,0,0.35,D,1,0.10,E,1,0.00,-,0,0.60,C,1,0.60,C,1,STR|DEX|FAI|ARC,INT
15031400,Crescent Moon Axe,Death,Greataxe,AxeLarge,0,0.35,D,1,0.10,E,1,0.60,C,1,0.60,C,1,0.00,-,0,STR|DEX|INT|FAI,ARC
15030900,Crescent Moon Axe,Draconic,Greataxe,AxeLarge,0,0.40,D,1,0.15,E,1,0.00,-,0,0.90,B,1,0.00,-,0,STR|DEX|FAI,INT|ARC
15030500,Crescent Moon Axe,Dragonkin,Greataxe,AxeLarge,0,0.40,D,1,0.15,E,1,0.80,C,1,0.00,-,0,0.00,-,0,STR|DEX|INT,FAI|ARC
15030700,Crescent Moon Axe,Flame,Greataxe,AxeLarge,0,0.40,D,1,0.15,E,1,0.00,-,0,0.80,C,1,0.00,-,0,STR|DEX|FAI,INT|ARC
15031300,Crescent Moon Axe,Frenzy,Greataxe,AxeLarge,0,0.35,D,1,0.10,E,1,0.60,C,1,0.60,C,1,0.00,-,0,STR|DEX|INT|FAI,ARC
15031600,Crescent Moon Axe,Frost,Greataxe,AxeLarge,0,0.35,D,1,0.10,E,1,0.60,C,1,0.00,-,0,0.60,C,1,STR|DEX|INT|ARC,FAI
15030400,Crescent Moon Axe,Glint,Greataxe,AxeLarge,0,0.40,D,1,0.15,E,1,0.90,B,1,0.00,-,0,0.00,-,0,STR|DEX|INT,FAI|ARC
15031500,Crescent Moon Axe,Godslayer,Greataxe,AxeLarge,0,0.35,D,1,0.10,E,1,0.60,C,1,0.60,C,1,0.00,-,0,STR|DEX|INT|FAI,ARC
15030800,Crescent Moon Axe,Golden,Greataxe,AxeLarge,0,0.40,D,1,0.15,E,1,0.00,-,0,0.90,B,1,0.00,-,0,STR|DEX|FAI,INT|ARC
15030600,Crescent Moon Axe,Gravity,Greataxe,AxeLarge,0,0.40,D,1,0.15,E,1,0.90,B,1,0.00,-,0,0.00,-,0,STR|DEX|INT,FAI|ARC
15030100,Crescent Moon Axe,Heavy,Greataxe,AxeLarge,0,1.00,B,1,0.20,E,1,0.00,-,0,0.00,-,0,0.00,-,0,STR|DEX,INT|FAI|ARC
15030200,Crescent Moon Axe,Keen,Greataxe,AxeLarge,0,0.50,D,1,0.70,C,1,0.00,-,0,0.00,-,0,0.00,-,0,STR|DEX,INT|FAI|ARC
15031200,Crescent Moon Axe,Lava,Greataxe,AxeLarge,0,0.35,D,1,0.10,E,1,0.70,C,1,0.70,C,1,0.00,-,0,STR|DEX|INT|FAI,ARC
15032100,Crescent Moon Axe,Mystic,Greataxe,AxeLarge,0,0.35,D,1,0.10,E,1,0.00,-,0,0.60,C,1,0.60,C,1,STR|DEX|FAI|ARC,INT
15031100,Crescent Moon Axe,Night,Greataxe,AxeLarge,0,0.35,D,1,0.10,E,1,0.70,C,1,0.70,C,1,0.00,-,0,STR|DEX|INT|FAI,ARC
15030300,Crescent Moon Axe,Quality,Greataxe,AxeLarge,0,0.70,C,1,0.50,D,1,0.00,-,0,0.00,-,0,0.00,-,0,STR|DEX,INT|FAI|ARC
15031900,Crescent Moon Axe,Rotten,Greataxe,AxeLarge,0,0.35,D,1,0.10,E,1,0.00,-,0,0.60,C,1,0.60,C,1,STR|DEX|FAI|ARC,INT
15030000,Crescent Moon Axe,Standard,Greataxe,AxeLarge,0,0.60,C,1,0.30,D,1,0.00,-,0,0.00,-,0,0.00,-,0,STR|DEX,INT|FAI|ARC
15032000,Crescent Moon Axe,Storm,Greataxe,AxeLarge,0,0.35,D,1,0.10,E,1,0.70,C,1,0.70,C,1,0.00,-,0,STR|DEX|INT|FAI,ARC
64550000,Crescent Moons,Standard,Reverse-hand Blade,ReverseHandSword,0,0.10,E,1,0.55,D,1,0.75,C,1,0.00,-,0,0.75,C,1,STR|DEX|INT|ARC,FAI
30300000,Crest of the Dragon Cult,Standard,Medium Shield,ShieldNormal,0,0.40,D,1,0.00,-,0,0.00,-,0,0.00,-,0,0.00,-,0,STR,DEX|INT|FAI|ARC
12040000,Crimson Briar-Bough,Standard,Great Hammer,HammerLarge,0,0.60,C,1,0.10,E,1,0.75,C,1,0.00,-,0,0.75,C,1,STR|DEX|INT|ARC,FAI
16111700,Cross-Naginata,Aberrant,Spear,SpearNormal,0,0.25,D,1,0.30,D,1,0.60,C,1,0.00,-,0,0.60,C,1,STR|DEX|INT|ARC,FAI
16111000,Cross-Naginata,Bestial,Spear,SpearNormal,0,0.30,D,1,0.35,D,1,0.00,-,0,0.85,C,1,0.00,-,0,STR|DEX|FAI,INT|ARC
16111800,Cross-Naginata,Bloodflame,Spear,SpearNormal,0,0.25,D,1,0.30,D,1,0.00,-,0,0.60,C,1,0.60,C,1,STR|DEX|FAI|ARC,INT
16111400,Cross-Naginata,Death,Spear,SpearNormal,0,0.25,D,1,0.30,D,1,0.60,C,1,0.60,C,1,0.00,-,0,STR|DEX|INT|FAI,ARC
16110900,Cross-Naginata,Draconic,Spear,SpearNormal,0,0.30,D,1,0.35,D,1,0.00,-,0,0.85,C,1,0.00,-,0,STR|DEX|FAI,INT|ARC
16110500,Cross-Naginata,Dragonkin,Spear,SpearNormal,0,0.30,D,1,0.35,D,1,0.75,C,1,0.00,-,0,0.00,-,0,STR|DEX|INT,FAI|ARC
16110700,Cross-Naginata,Flame,Spear,SpearNormal,0,0.30,D,1,0.35,D,1,0.00,-,0,0.75,C,1,0.00,-,0,STR|DEX|FAI,INT|ARC
16111300,Cross-Naginata,Frenzy,Spear,SpearNormal,0,0.25,D,1,0.30,D,1,0.60,C,1,0.60,C,1,0.00,-,0,STR|DEX|INT|FAI,ARC
16111600,Cross-Naginata,Frost,Spear,SpearNormal,0,0.25,D,1,0.30,D,1,0.60,C,1,0.00,-,0,0.60,C,1,STR|DEX|INT|ARC,FAI
16110400,Cross-Naginata,Glint,Spear,SpearNormal,0,0.30,D,1,0.35,D,1,0.85,C,1,0.00,-,0,0.00,-,0,STR|DEX|INT,FAI|ARC
16111500,Cross-Naginata,Godslayer,Spear,SpearNormal,0,0.25,D,1,0.30,D,1,0.60,C,1,0.60,C,1,0.00,-,0,STR|DEX|INT|FAI,ARC
16110800,Cross-Naginata,Golden,Spear,SpearNormal,0,0.30,D,1,0.35,D,1,0.00,-,0,0.85,C,1,0.00,-,0,STR|DEX|FAI,INT|ARC
16110600,Cross-Naginata,Gravity,Spear,SpearNormal,0,0.30,D,1,0.35,D,1,0.85,C,1,0.00,-,0,0.00,-,0,STR|DEX|INT,FAI|ARC
16110100,Cross-Naginata,Heavy,Spear,SpearNormal,0,0.75,C,1,0.50,D,1,0.00,-,0,0.00,-,0,0.00,-,0,STR|DEX,INT|FAI|ARC
16110200,Cross-Naginata,Keen,Spear,SpearNormal,0,0.20,E,1,1.10,B,1,0.00,-,0,0.00,-,0,0.00,-,0,STR|DEX,INT|FAI|ARC
16111200,Cross-Naginata,Lava,Spear,SpearNormal,0,0.25,D,1,0.30,D,1,0.70,C,1,0.70,C,1,0.00,-,0,STR|DEX|INT|FAI,ARC
16112100,Cross-Naginata,Mystic,Spear,SpearNormal,0,0.25,D,1,0.30,D,1,0.00,-,0,0.60,C,1,0.60,C,1,STR|DEX|FAI|ARC,INT
16111100,Cross-Naginata,Night,Spear,SpearNormal,0,0.25,D,1,0.30,D,1,0.70,C,1,0.70,C,1,0.00,-,0,STR|DEX|INT|FAI,ARC
16110300,Cross-Naginata,Quality,Spear,SpearNormal,0,0.50,D,1,0.80,C,1,0.00,-,0,0.00,-,0,0.00,-,0,STR|DEX,INT|FAI|ARC
16111900,Cross-Naginata,Rotten,Spear,SpearNormal,0,0.25,D,1,0.30,D,1,0.00,-,0,0.60,C,1,0.60,C,1,STR|DEX|FAI|ARC,INT
16110000,Cross-Naginata,Standard,Spear,SpearNormal,0,0.40,D,1,0.65,C,1,0.00,-,0,0.00,-,0,0.00,-,0,STR|DEX,INT|FAI|ARC
16112000,Cross-Naginata,Storm,Spear,SpearNormal,0,0.25,D,1,0.30,D,1,0.70,C,1,0.70,C,1,0.00,-,0,STR|DEX|INT|FAI,ARC
32200000,Crossed-Tree Towershield,Standard,Greatshield,ShieldLarge,0,0.50,D,1,0.00,-,0,0.00,-,0,0.00,-,0,0.00,-,0,STR,DEX|INT|FAI|ARC
32030000,Crucible Hornshield,Standard,Greatshield,ShieldLarge,0,0.50,D,1,0.00,-,0,0.00,-,0,0.00,-,0,0.00,-,0,STR,DEX|INT|FAI|ARC
16180000,Crucifix of Eochaid,Standard,Spear,SpearNormal,0,0.35,D,1,0.55,D,1,0.80,C,1,0.00,-,0,0.80,C,1,STR|DEX|INT|ARC,FAI
1050000,Crystal Knife,Standard,Dagger,Dagger,0,0.10,E,1,0.30,D,1,0.80,C,1,0.00,-,0,0.00,-,0,STR|DEX|INT,FAI|ARC
16020000,Crystal Spear,Standard,Spear,SpearNormal,0,0.55,D,1,0.65,C,1,0.95,B,1,0.00,-,0,0.00,-,0,STR|DEX|INT,FAI|ARC
2150000,Crystal Sword,Standard,Straight Sword,SwordNormal,0,0.18,E,1,0.17,E,1,0.75,C,1,0.75,C,1,0.00,-,0,STR|DEX|INT|FAI,ARC
23170000,Crystaline Claw,Standard,Greataxe,AxeLarge,0,0.70,C,1,0.00,-,0,0.95,B,1,0.00,-,0,0.00,-,0,STR|INT,DEX|FAI|ARC
32250000,Cuckoo Greatshield,Standard,Greatshield,ShieldLarge,0,0.50,D,1,0.00,-,0,0.00,-,0,0.00,-,0,0.00,-,0,STR,DEX|INT|FAI|ARC
64520000,Curseblade's Cirque,Standard,Reverse-hand Blade,ReverseHandSword,0,0.45,D,1,1.15,B,1,0.00,-,0,0.00,-,0,0.00,-,0,STR|DEX,INT|FAI|ARC
11031700,Curved Club,Aberrant,Hammer,HammerNormal,0,0.20,E,1,0.15,E,1,0.60,C,1,0.00,-,0,0.60,C,1,STR|DEX|INT|ARC,FAI
11031000,Curved Club,Bestial,Hammer,HammerNormal,0,0.25,D,1,0.20,E,1,0.00,-,0,0.90,B,1,0.00,-,0,STR|DEX|FAI,INT|ARC
11031800,Curved Club,Bloodflame,Hammer,HammerNormal,0,0.20,E,1,0.15,E,1,0.00,-,0,0.60,C,1,0.60,C,1,STR|DEX|FAI|ARC,INT
11031400,Curved Club,Death,Hammer,HammerNormal,0,0.20,E,1,0.15,E,1,0.60,C,1,0.60,C,1,0.00,-,0,STR|DEX|INT|FAI,ARC
11030900,Curved Club,Draconic,Hammer,HammerNormal,0,0.25,D,1,0.20,E,1,0.00,-,0,0.90,B,1,0.00,-,0,STR|DEX|FAI,INT|ARC
11030500,Curved Club,Dragonkin,Hammer,HammerNormal,0,0.25,D,1,0.20,E,1,0.80,C,1,0.00,-,0,0.00,-,0,STR|DEX|INT,FAI|ARC
11030700,Curved Club,Flame,Hammer,HammerNormal,0,0.25,D,1,0.20,E,1,0.00,-,0,0.80,C,1,0.00,-,0,STR|DEX|FAI,INT|ARC
11031300,Curved Club,Frenzy,Hammer,HammerNormal,0,0.20,E,1,0.15,E,1,0.60,C,1,0.60,C,1,0.00,-,0,STR|DEX|INT|FAI,ARC
11031600,Curved Club,Frost,Hammer,HammerNormal,0,0.20,E,1,0.15,E,1,0.60,C,1,0.00,-,0,0.60,C,1,STR|DEX|INT|ARC,FAI
11030400,Curved Club,Glint,Hammer,HammerNormal,0,0.25,D,1,0.20,E,1,0.90,B,1,0.00,-,0,0.00,-,0,STR|DEX|INT,FAI|ARC
11031500,Curved Club,Godslayer,Hammer,HammerNormal,0,0.20,E,1,0.15,E,1,0.60,C,1,0.60,C,1,0.00,-,0,STR|DEX|INT|FAI,ARC
11030800,Curved Club,Golden,Hammer,HammerNormal,0,0.25,D,1,0.20,E,1,0.00,-,0,0.90,B,1,0.00,-,0,STR|DEX|FAI,INT|ARC
11030600,Curved Club,Gravity,Hammer,HammerNormal,0,0.25,D,1,0.20,E,1,0.90,B,1,0.00,-,0,0.00,-,0,STR|DEX|INT,FAI|ARC
11030100,Curved Club,Heavy,Hammer,HammerNormal,0,1.10,B,1,0.20,E,1,0.00,-,0,0.00,-,0,0.00,-,0,STR|DEX,INT|FAI|ARC
11030200,Curved Club,Keen,Hammer,HammerNormal,0,0.50,D,1,0.65,C,1,0.00,-,0,0.00,-,0,0.00,-,0,STR|DEX,INT|FAI|ARC
11031200,Curved Club,Lava,Hammer,HammerNormal,0,0.20,E,1,0.15,E,1,0.70,C,1,0.70,C,1,0.00,-,0,STR|DEX|INT|FAI,ARC
11032100,Curved Club,Mystic,Hammer,HammerNormal,0,0.20,E,1,0.15,E,1,0.00,-,0,0.60,C,1,0.60,C,1,STR|DEX|FAI|ARC,INT
11031100,Curved Club,Night,Hammer,HammerNormal,0,0.20,E,1,0.15,E,1,0.70,C,1,0.70,C,1,0.00,-,0,STR|DEX|INT|FAI,ARC
11030300,Curved Club,Quality,Hammer,HammerNormal,0,0.80,C,1,0.45,D,1,0.00,-,0,0.00,-,0,0.00,-,0,STR|DEX,INT|FAI|ARC
11031900,Curved Club,Rotten,Hammer,HammerNormal,0,0.20,E,1,0.15,E,1,0.00,-,0,0.60,C,1,0.60,C,1,STR|DEX|FAI|ARC,INT
11030000,Curved Club,Standard,Hammer,HammerNormal,0,0.70,C,1,0.30,D,1,0.00,-,0,0.00,-,0,0.00,-,0,STR|DEX,INT|FAI|ARC
11032000,Curved Club,Storm,Hammer,HammerNormal,0,0.20,E,1,0.15,E,1,0.70,C,1,0.70,C,1,0.00,-,0,STR|DEX|INT|FAI,ARC
12081700,Curved Great Club,Aberrant,Great Hammer,HammerLarge,0,0.20,E,1,0.15,E,1,0.60,C,1,0.00,-,0,0.60,C,1,STR|DEX|INT|ARC,FAI
12081000,Curved Great Club,Bestial,Great Hammer,HammerLarge,0,0.25,D,1,0.20,E,1,0.00,-,0,0.90,B,1,0.00,-,0,STR|DEX|FAI,INT|ARC
12081800,Curved Great Club,Bloodflame,Great Hammer,HammerLarge,0,0.20,E,1,0.15,E,1,0.00,-,0,0.60,C,1,0.60,C,1,STR|DEX|FAI|ARC,INT
12081400,Curved Great Club,Death,Great Hammer,HammerLarge,0,0.20,E,1,0.15,E,1,0.60,C,1,0.60,C,1,0.00,-,0,STR|DEX|INT|FAI,ARC
12080900,Curved Great Club,Draconic,Great Hammer,HammerLarge,0,0.25,D,1,0.20,E,1,0.00,-,0,0.90,B,1,0.00,-,0,STR|DEX|FAI,INT|ARC
12080500,Curved Great Club,Dragonkin,Great Hammer,HammerLarge,0,0.25,D,1,0.20,E,1,0.80,C,1,0.00,-,0,0.00,-,0,STR|DEX|INT,FAI|ARC
12080700,Curved Great Club,Flame,Great Hammer,HammerLarge,0,0.25,D,1,0.20,E,1,0.00,-,0,0.80,C,1,0.00,-,0,STR|DEX|FAI,INT|ARC
12081300,Curved Great Club,Frenzy,Great Hammer,HammerLarge,0,0.20,E,1,0.15,E,1,0.60,C,1,0.60,C,1,0.00,-,0,STR|DEX|INT|FAI,ARC
12081600,Curved Great Club,Frost,Great Hammer,HammerLarge,0,0.20,E,1,0.15,E,1,0.60,C,1,0.00,-,0,0.60,C,1,STR|DEX|INT|ARC,FAI
12080400,Curved Great Club,Glint,Great Hammer,HammerLarge,0,0.25,D,1,0.20,E,1,0.90,B,1,0.00,-,0,0.00,-,0,STR|DEX|INT,FAI|ARC
12081500,Curved Great Club,Godslayer,Great Hammer,HammerLarge,0,0.20,E,1,0.15,E,1,0.60,C,1,0.60,C,1,0.00,-,0,STR|DEX|INT|FAI,ARC
12080800,Curved Great Club,Golden,Great Hammer,HammerLarge,0,0.25,D,1,0.20,E,1,0.00,-,0,0.90,B,1,0.00,-,0,STR|DEX|FAI,INT|ARC
12080600,Curved Great Club,Gravity,Great Hammer,HammerLarge,0,0.25,D,1,0.20,E,1,0.90,B,1,0.00,-,0,0.00,-,0,STR|DEX|INT,FAI|ARC
12080100,Curved Great Club,Heavy,Great Hammer,HammerLarge,0,1.10,B,1,0.20,E,1,0.00,-,0,0.00,-,0,0.00,-,0,STR|DEX,INT|FAI|ARC
12080200,Curved Great Club,Keen,Great Hammer,HammerLarge,0,0.50,D,1,0.65,C,1,0.00,-,0,0.00,-,0,0.00,-,0,STR|DEX,INT|FAI|ARC
12081200,Curved Great Club,Lava,Great Hammer,HammerLarge,0,0.20,E,1,0.15,E,1,0.70,C,1,0.70,C,1,0.00,-,0,STR|DEX|INT|FAI,ARC
12082100,Curved Great Club,Mystic,Great Hammer,HammerLarge,0,0.20,E,1,0.15,E,1,0.00,-,0,0.60,C,1,0.60,C,1,STR|DEX|FAI|ARC,INT
12081100,Curved Great Club,Night,Great Hammer,HammerLarge,0,0.20,E,1,0.15,E,1,0.70,C,1,0.70,C,1,0.00,-,0,STR|DEX|INT|FAI,ARC
12080300,Curved Great Club,Quality,Great Hammer,HammerLarge,0,0.80,C,1,0.45,D,1,0.00,-,0,0.00,-,0,0.00,-,0,STR|DEX,INT|FAI|ARC
12081900,Curved Great Club,Rotten,Great Hammer,HammerLarge,0,0.20,E,1,0.15,E,1,0.00,-,0,0.60,C,1,0.60,C,1,STR|DEX|FAI|ARC,INT
12080000,Curved Great Club,Standard,Great Hammer,HammerLarge,0,0.65,C,1,0.30,D,1,0.00,-,0,0.00,-,0,0.00,-,0,STR|DEX,INT|FAI|ARC
12082000,Curved Great Club,Storm,Great Hammer,HammerLarge,0,0.20,E,1,0.15,E,1,0.70,C,1,0.70,C,1,0.00,-,0,STR|DEX|INT|FAI,ARC
21020000,Daergraf's Opus,Standard,Fist,Knuckle,0,0.65,C,1,0.10,E,1,1.05,B,1,0.00,-,0,0.00,-,0,STR|DEX|INT,FAI|ARC
1001700,Dagger,Aberrant,Dagger,Dagger,0,0.05,E,1,0.40,D,1,0.60,C,1,0.00,-,0,0.60,C,1,STR|DEX|INT|ARC,FAI
1001000,Dagger,Bestial,Dagger,Dagger,0,0.10,E,1,0.40,D,1,0.00,-,0,0.95,B,1,0.00,-,0,STR|DEX|FAI,INT|ARC
1001800,Dagger,Bloodflame,Dagger,Dagger,0,0.05,E,1,0.40,D,1,0.00,-,0,0.60,C,1,0.60,C,1,STR|DEX|FAI|ARC,INT
1001400,Dagger,Death,Dagger,Dagger,0,0.05,E,1,0.40,D,1,0.60,C,1,0.60,C,1,0.00,-,0,STR|DEX|INT|FAI,ARC
1000900,Dagger,Draconic,Dagger,Dagger,0,0.10,E,1,0.40,D,1,0.00,-,0,0.95,B,1,0.00,-,0,STR|DEX|FAI,INT|ARC
1000500,Dagger,Dragonkin,Dagger,Dagger,0,0.10,E,1,0.40,D,1,0.85,C,1,0.00,-,0,0.00,-,0,STR|DEX|INT,FAI|ARC
1000700,Dagger,Flame,Dagger,Dagger,0,0.10,E,1,0.40,D,1,0.00,-,0,0.85,C,1,0.00,-,0,STR|DEX|FAI,INT|ARC
1001300,Dagger,Frenzy,Dagger,Dagger,0,0.05,E,1,0.40,D,1,0.60,C,1,0.60,C,1,0.00,-,0,STR|DEX|INT|FAI,ARC
1001600,Dagger,Frost,Dagger,Dagger,0,0.05,E,1,0.40,D,1,0.60,C,1,0.00,-,0,0.60,C,1,STR|DEX|INT|ARC,FAI
1000400,Dagger,Glint,Dagger,Dagger,0,0.10,E,1,0.40,D,1,0.95,B,1,0.00,-,0,0.00,-,0,STR|DEX|INT,FAI|ARC
1001500,Dagger,Godslayer,Dagger,Dagger,0,0.05,E,1,0.40,D,1,0.60,C,1,0.60,C,1,0.00,-,0,STR|DEX|INT|FAI,ARC
1000800,Dagger,Golden,Dagger,Dagger,0,0.10,E,1,0.40,D,1,0.00,-,0,0.95,B,1,0.00,-,0,STR|DEX|FAI,INT|ARC
1000600,Dagger,Gravity,Dagger,Dagger,0,0.10,E,1,0.40,D,1,0.95,B,1,0.00,-,0,0.00,-,0,STR|DEX|INT,FAI|ARC
1000100,Dagger,Heavy,Dagger,Dagger,0,0.65,C,1,0.50,D,1,0.00,-,0,0.00,-,0,0.00,-,0,STR|DEX,INT|FAI|ARC
1000200,Dagger,Keen,Dagger,Dagger,0,0.10,E,1,1.15,B,1,0.00,-,0,0.00,-,0,0.00,-,0,STR|DEX,INT|FAI|ARC
1001200,Dagger,Lava,Dagger,Dagger,0,0.05,E,1,0.40,D,1,0.70,C,1,0.70,C,1,0.00,-,0,STR|DEX|INT|FAI,ARC
1002100,Dagger,Mystic,Dagger,Dagger,0,0.05,E,1,0.40,D,1,0.00,-,0,0.60,C,1,0.60,C,1,STR|DEX|FAI|ARC,INT
1001100,Dagger,Night,Dagger,Dagger,0,0.05,E,1,0.40,D,1,0.70,C,1,0.70,C,1,0.00,-,0,STR|DEX|INT|FAI,ARC
1000300,Dagger,Quality,Dagger,Dagger,0,0.45,D,1,0.70,C,1,0.00,-,0,0.00,-,0,0.00,-,0,STR|DEX,INT|FAI|ARC
1001900,Dagger,Rotten,Dagger,Dagger,0,0.05,E,1,0.40,D,1,0.00,-,0,0.60,C,1,0.60,C,1,STR|DEX|FAI|ARC,INT
1000000,Dagger,Standard,Dagger,Dagger,0,0.35,D,1,0.65,C,1,0.00,-,0,0.00,-,0,0.00,-,0,STR|DEX,INT|FAI|ARC
1002000,Dagger,Storm,Dagger,Dagger,0,0.05,E,1,0.40,D,1,0.70,C,1,0.70,C,1,0.00,-,0,STR|DEX|INT|FAI,ARC
7520000,Dancing Blade of Ranah,Standard,Curved Sword,SaberNormal,0,0.45,D,1,1.25,B,1,0.00,-,0,0.00,-,0,0.00,-,0,STR|DEX,INT|FAI|ARC
60511700,Dane's Footwork,Aberrant,Hand-to-Hand,HandToHand,0,0.25,D,1,0.25,D,1,0.60,C,1,0.00,-,0,0.60,C,1,STR|DEX|INT|ARC,FAI
60511000,Dane's Footwork,Bestial,Hand-to-Hand,HandToHand,0,0.30,D,1,0.30,D,1,0.00,-,0,0.90,B,1,0.00,-,0,STR|DEX|FAI,INT|ARC
60511800,Dane's Footwork,Bloodflame,Hand-to-Hand,HandToHand,0,0.25,D,1,0.25,D,1,0.00,-,0,0.60,C,1,0.60,C,1,STR|DEX|FAI|ARC,INT
60511400,Dane's Footwork,Death,Hand-to-Hand,HandToHand,0,0.25,D,1,0.25,D,1,0.60,C,1,0.60,C,1,0.00,-,0,STR|DEX|INT|FAI,ARC
60510900,Dane's Footwork,Draconic,Hand-to-Hand,HandToHand,0,0.30,D,1,0.30,D,1,0.00,-,0,0.90,B,1,0.00,-,0,STR|DEX|FAI,INT|ARC
60510500,Dane's Footwork,Dragonkin,Hand-to-Hand,HandToHand,0,0.30,D,1,0.30,D,1,0.80,C,1,0.00,-,0,0.00,-,0,STR|DEX|INT,FAI|ARC
60510700,Dane's Footwork,Flame,Hand-to-Hand,HandToHand,0,0.30,D,1,0.30,D,1,0.00,-,0,0.80,C,1,0.00,-,0,STR|DEX|FAI,INT|ARC
60511300,Dane's Footwork,Frenzy,Hand-to-Hand,HandToHand,0,0.25,D,1,0.25,D,1,0.60,C,1,0.60,C,1,0.00,-,0,STR|DEX|INT|FAI,ARC
60511600,Dane's Footwork,Frost,Hand-to-Hand,HandToHand,0,0.25,D,1,0.25,D,1,0.60,C,1,0.00,-,0,0.60,C,1,STR|DEX|INT|ARC,FAI
60510400,Dane's Footwork,Glint,Hand-to-Hand,HandToHand,0,0.30,D,1,0.30,D,1,0.90,B,1,0.00,-,0,0.00,-,0,STR|DEX|INT,FAI|ARC
60511500,Dane's Footwork,Godslayer,Hand-to-Hand,HandToHand,0,0.25,D,1,0.25,D,1,0.60,C,1,0.60,C,1,0.00,-,0,STR|DEX|INT|FAI,ARC
60510800,Dane's Footwork,Golden,Hand-to-Hand,HandToHand,0,0.30,D,1,0.30,D,1,0.00,-,0,0.90,B,1,0.00,-,0,STR|DEX|FAI,INT|ARC
60510600,Dane's Footwork,Gravity,Hand-to-Hand,HandToHand,0,0.30,D,1,0.30,D,1,0.90,B,1,0.00,-,0,0.00,-,0,STR|DEX|INT,FAI|ARC
60510100,Dane's Footwork,Heavy,Hand-to-Hand,HandToHand,0,0.80,C,1,0.35,D,1,0.00,-,0,0.00,-,0,0.00,-,0,STR|DEX,INT|FAI|ARC
60510200,Dane's Footwork,Keen,Hand-to-Hand,HandToHand,0,0.35,D,1,0.85,C,1,0.00,-,0,0.00,-,0,0.00,-,0,STR|DEX,INT|FAI|ARC
60511200,Dane's Footwork,Lava,Hand-to-Hand,HandToHand,0,0.25,D,1,0.25,D,1,0.70,C,1,0.70,C,1,0.00,-,0,STR|DEX|INT|FAI,ARC
60512100,Dane's Footwork,Mystic,Hand-to-Hand,HandToHand,0,0.25,D,1,0.25,D,1,0.00,-,0,0.60,C,1,0.60,C,1,STR|DEX|FAI|ARC,INT
60511100,Dane's Footwork,Night,Hand-to-Hand,HandToHand,0,0.25,D,1,0.25,D,1,0.70,C,1,0.70,C,1,0.00,-,0,STR|DEX|INT|FAI,ARC
60510300,Dane's Footwork,Quality,Hand-to-Hand,HandToHand,0,0.75,C,1,0.75,C,1,0.00,-,0,0.00,-,0,0.00,-,0,STR|DEX,INT|FAI|ARC
60511900,Dane's Footwork,Rotten,Hand-to-Hand,HandToHand,0,0.25,D,1,0.25,D,1,0.00,-,0,0.60,C,1,0.60,C,1,STR|DEX|FAI|ARC,INT
60510000,Dane's Footwork,Standard,Hand-to-Hand,HandToHand,0,0.45,D,1,0.45,D,1,0.00,-,0,0.00,-,0,0.00,-,0,STR|DEX,INT|FAI|ARC
60512000,Dane's Footwork,Storm,Hand-to-Hand,HandToHand,0,0.25,D,1,0.25,D,1,0.70,C,1,0.70,C,1,0.00,-,0,STR|DEX|INT|FAI,ARC
3090000,Dark Moon Greatsword,Standard,Greatsword,SwordLarge,0,0.25,D,1,0.05,E,1,0.85,C,1,0.00,-,0,0.65,C,1,STR|DEX|INT|ARC,FAI
61540000,Deadly Poison Perfume Bottle,Standard,Perfume Bottle,PerfumeBottle,0,0.10,E,1,0.20,E,1,0.00,-,0,0.45,D,1,0.90,B,1,STR|DEX|FAI|ARC,INT
15500000,Death Knight's Longhaft Axe,Standard,Greataxe,AxeLarge,0,0.90,B,1,0.40,D,1,0.00,-,0,1.00,B,1,0.00,-,0,STR|DEX|FAI,INT|ARC
14510000,Death Knight's Twin Axes,Standard,Axe,AxeNormal,0,0.65,C,1,0.30,D,1,0.00,-,0,1.10,B,1,0.00,-,0,STR|DEX|FAI,INT|ARC
16120000,Death Ritual Spear,Standard,Spear,SpearNormal,0,0.45,D,1,0.45,D,1,0.80,C,1,0.80,C,1,0.00,-,0,STR|DEX|INT|FAI,ARC
3200000,Death's Poker,Standard,Greatsword,SwordLarge,0,0.15,E,1,0.15,E,1,0.75,C,1,0.75,C,1,0.00,-,0,STR|DEX|INT|FAI,ARC
1180000,Deathrite Dagger,Standard,Dagger,Dagger,0,0.05,E,1,0.45,D,1,0.70,C,1,0.70,C,1,0.00,-,0,STR|DEX|INT|FAI,ARC
8531700,Demi-Dragon Cleaver,Aberrant,Curved Greatsword,SaberLarge,0,0.20,E,1,0.20,E,1,0.65,C,1,0.00,-,0,0.65,C,1,STR|DEX|INT|ARC,FAI
8531000,Demi-Dragon Cleaver,Bestial,Curved Greatsword,SaberLarge,0,0.30,D,1,0.30,D,1,0.00,-,0,0.90,B,1,0.00,-,0,STR|DEX|FAI,INT|ARC
8531800,Demi-Dragon Cleaver,Bloodflame,Curved Greatsword,SaberLarge,0,0.20,E,1,0.20,E,1,0.00,-,0,0.65,C,1,0.65,C,1,STR|DEX|FAI|ARC,INT
8531400,Demi-Dragon Cleaver,Death,Curved Greatsword,SaberLarge,0,0.20,E,1,0.20,E,1,0.65,C,1,0.65,C,1,0.00,-,0,STR|DEX|INT|FAI,ARC
8530900,Demi-Dragon Cleaver,Draconic,Curved Greatsword,SaberLarge,0,0.30,D,1,0.30,D,1,0.00,-,0,0.90,B,1,0.00,-,0,STR|DEX|FAI,INT|ARC
8530500,Demi-Dragon Cleaver,Dragonkin,Curved Greatsword,SaberLarge,0,0.30,D,1,0.30,D,1,1.00,B,1,0.00,-,0,0.00,-,0,STR|DEX|INT,FAI|ARC
8530700,Demi-Dragon Cleaver,Flame,Curved Greatsword,SaberLarge,0,0.30,D,1,0.30,D,1,0.00,-,0,0.90,B,1,0.00,-,0,STR|DEX|FAI,INT|ARC
8531300,Demi-Dragon Cleaver,Frenzy,Curved Greatsword,SaberLarge,0,0.20,E,1,0.20,E,1,0.65,C,1,0.65,C,1,0.00,-,0,STR|DEX|INT|FAI,ARC
8531600,Demi-Dragon Cleaver,Frost,Curved Greatsword,SaberLarge,0,0.20,E,1,0.20,E,1,0.65,C,1,0.00,-,0,0.65,C,1,STR|DEX|INT|ARC,FAI
8530400,Demi-Dragon Cleaver,Glint,Curved Greatsword,SaberLarge,0,0.30,D,1,0.30,D,1,0.90,B,1,0.00,-,0,0.00,-,0,STR|DEX|INT,FAI|ARC
8531500,Demi-Dragon Cleaver,Godslayer,Curved Greatsword,SaberLarge,0,0.20,E,1,0.20,E,1,0.65,C,1,0.65,C,1,0.00,-,0,STR|DEX|INT|FAI,ARC
8530800,Demi-Dragon Cleaver,Golden,Curved Greatsword,SaberLarge,0,0.30,D,1,0.30,D,1,0.00,-,0,0.90,B,1,0.00,-,0,STR|DEX|FAI,INT|ARC
8530600,Demi-Dragon Cleaver,Gravity,Curved Greatsword,SaberLarge,0,0.30,D,1,0.30,D,1,0.90,B,1,0.00,-,0,0.00,-,0,STR|DEX|INT,FAI|ARC
8530100,Demi-Dragon Cleaver,Heavy,Curved Greatsword,SaberLarge,0,0.90,B,1,0.50,D,1,0.00,-,0,0.00,-,0,0.00,-,0,STR|DEX,INT|FAI|ARC
8530200,Demi-Dragon Cleaver,Keen,Curved Greatsword,SaberLarge,0,0.50,D,1,0.90,B,1,0.00,-,0,0.00,-,0,0.00,-,0,STR|DEX,INT|FAI|ARC
8531200,Demi-Dragon Cleaver,Lava,Curved Greatsword,SaberLarge,0,0.20,E,1,0.20,E,1,0.75,C,1,0.75,C,1,0.00,-,0,STR|DEX|INT|FAI,ARC
8532100,Demi-Dragon Cleaver,Mystic,Curved Greatsword,SaberLarge,0,0.20,E,1,0.20,E,1,0.00,-,0,0.65,C,1,0.65,C,1,STR|DEX|FAI|ARC,INT
8531100,Demi-Dragon Cleaver,Night,Curved Greatsword,SaberLarge,0,0.20,E,1,0.20,E,1,0.80,C,1,0.80,C,1,0.00,-,0,STR|DEX|INT|FAI,ARC
8530300,Demi-Dragon Cleaver,Quality,Curved Greatsword,SaberLarge,0,0.75,C,1,0.75,C,1,0.00,-,0,0.00,-,0,0.00,-,0,STR|DEX,INT|FAI|ARC
8531900,Demi-Dragon Cleaver,Rotten,Curved Greatsword,SaberLarge,0,0.20,E,1,0.20,E,1,0.00,-,0,0.65,C,1,0.65,C,1,STR|DEX|FAI|ARC,INT
8530000,Demi-Dragon Cleaver,Standard,Curved Greatsword,SaberLarge,0,0.60,C,1,0.60,C,1,0.00,-,0,0.00,-,0,0.00,-,0,STR|DEX,INT|FAI|ARC
8532000,Demi-Dragon Cleaver,Storm,Curved Greatsword,SaberLarge,0,0.20,E,1,0.20,E,1,0.75,C,1,0.75,C,1,0.00,-,0,STR|DEX|INT|FAI,ARC
33060000,Demi-Human Queen's Staff,Standard,Staff,Staff,0,0.00,-,0,0.00,-,0,0.80,C,1,0.80,C,1,0.00,-,0,INT|FAI,STR|DEX|ARC
23500000,Devonia's Hammer,Standard,Colossal Weapon,AxhammerLarge,0,1.05,B,1,0.20,E,1,0.00,-,0,1.05,B,1,0.00,-,0,STR|DEX|FAI,INT|ARC
41090000,Devonia's Longbow,Standard,Bow,BowNormal,0,0.45,D,1,0.20,E,1,0.00,-,0,0.90,B,1,0.00,-,0,STR|DEX|FAI,INT|ARC
12200000,Devourer's Scepter,Standard,Great Hammer,HammerLarge,0,0.75,C,1,0.10,E,1,0.75,C,1,0.75,C,1,0.00,-,0,STR|DEX|INT|FAI,ARC
33120000,Digger's Staff,Standard,Staff,Staff,0,0.00,-,0,0.00,-,0,0.80,C,1,0.00,-,0,0.00,-,0,INT,STR|DEX|FAI|ARC
8021700,Dismounter,Aberrant,Curved Greatsword,SaberLarge,0,0.12,E,1,0.13,E,1,0.60,C,1,0.00,-,0,0.60,C,1,STR|DEX|INT|ARC,FAI
8021000,Dismounter,Bestial,Curved Greatsword,SaberLarge,0,0.20,E,1,0.20,E,1,0.00,-,0,0.85,C,1,0.00,-,0,STR|DEX|FAI,INT|ARC
8021800,Dismounter,Bloodflame,Curved Greatsword,SaberLarge,0,0.12,E,1,0.13,E,1,0.00,-,0,0.60,C,1,0.60,C,1,STR|DEX|FAI|ARC,INT
8021400,Dismounter,Death,Curved Greatsword,SaberLarge,0,0.12,E,1,0.13,E,1,0.60,C,1,0.60,C,1,0.00,-,0,STR|DEX|INT|FAI,ARC
8020900,Dismounter,Draconic,Curved Greatsword,SaberLarge,0,0.20,E,1,0.20,E,1,0.00,-,0,0.85,C,1,0.00,-,0,STR|DEX|FAI,INT|ARC
8020500,Dismounter,Dragonkin,Curved Greatsword,SaberLarge,0,0.20,E,1,0.20,E,1,0.75,C,1,0.00,-,0,0.00,-,0,STR|DEX|INT,FAI|ARC
8020700,Dismounter,Flame,Curved Greatsword,SaberLarge,0,0.20,E,1,0.20,E,1,0.00,-,0,0.75,C,1,0.00,-,0,STR|DEX|FAI,INT|ARC
8021300,Dismounter,Frenzy,Curved Greatsword,SaberLarge,0,0.12,E,1,0.13,E,1,0.60,C,1,0.60,C,1,0.00,-,0,STR|DEX|INT|FAI,ARC
8021600,Dismounter,Frost,Curved Greatsword,SaberLarge,0,0.12,E,1,0.13,E,1,0.60,C,1,0.00,-,0,0.60,C,1,STR|DEX|INT|ARC,FAI
8020400,Dismounter,Glint,Curved Greatsword,SaberLarge,0,0.20,E,1,0.20,E,1,0.85,C,1,0.00,-,0,0.00,-,0,STR|DEX|INT,FAI|ARC
8021500,Dismounter,Godslayer,Curved Greatsword,SaberLarge,0,0.12,E,1,0.13,E,1,0.60,C,1,0.60,C,1,0.00,-,0,STR|DEX|INT|FAI,ARC
8020800,Dismounter,Golden,Curved Greatsword,SaberLarge,0,0.20,E,1,0.20,E,1,0.00,-,0,0.85,C,1,0.00,-,0,STR|DEX|FAI,INT|ARC
8020600,Dismounter,Gravity,Curved Greatsword,SaberLarge,0,0.20,E,1,0.20,E,1,0.85,C,1,0.00,-,0,0.00,-,0,STR|DEX|INT,FAI|ARC
8020100,Dismounter,Heavy,Curved Greatsword,SaberLarge,0,0.80,C,1,0.35,D,1,0.00,-,0,0.00,-,0,0.00,-,0,STR|DEX,INT|FAI|ARC
8020200,Dismounter,Keen,Curved Greatsword,SaberLarge,0,0.35,D,1,0.85,C,1,0.00,-,0,0.00,-,0,0.00,-,0,STR|DEX,INT|FAI|ARC
8021200,Dismounter,Lava,Curved Greatsword,SaberLarge,0,0.12,E,1,0.13,E,1,0.70,C,1,0.70,C,1,0.00,-,0,STR|DEX|INT|FAI,ARC
8022100,Dismounter,Mystic,Curved Greatsword,SaberLarge,0,0.12,E,1,0.13,E,1,0.00,-,0,0.60,C,1,0.60,C,1,STR|DEX|FAI|ARC,INT
8021100,Dismounter,Night,Curved Greatsword,SaberLarge,0,0.12,E,1,0.13,E,1,0.70,C,1,0.70,C,1,0.00,-,0,STR|DEX|INT|FAI,ARC
8020300,Dismounter,Quality,Curved Greatsword,SaberLarge,0,0.65,C,1,0.65,C,1,0.00,-,0,0.00,-,0,0.00,-,0,STR|DEX,INT|FAI|ARC
8021900,Dismounter,Rotten,Curved Greatsword,SaberLarge,0,0.12,E,1,0.13,E,1,0.00,-,0,0.60,C,1,0.60,C,1,STR|DEX|FAI|ARC,INT
8020000,Dismounter,Standard,Curved Greatsword,SaberLarge,0,0.45,D,1,0.45,D,1,0.00,-,0,0.00,-,0,0.00,-,0,STR|DEX,INT|FAI|ARC
8022000,Dismounter,Storm,Curved Greatsword,SaberLarge,0,0.12,E,1,0.13,E,1,0.70,C,1,0.70,C,1,0.00,-,0,STR|DEX|INT|FAI,ARC
32020000,Distinguished Greatshield,Standard,Greatshield,ShieldLarge,0,0.50,D,1,0.00,-,0,0.00,-,0,0.00,-,0,0.00,-,0,STR,DEX|INT|FAI|ARC
34120000,Dragon Cult Seal,Standard,Seal,Talisman,0,0.00,-,0,0.00,-,0,0.00,-,0,1.00,B,1,0.00,-,0,FAI,STR|DEX|INT|ARC
1200000,Dragon Cult Twin Daggers (dagger),Standard,Dagger,Dagger,0,0.15,E,1,0.40,D,1,0.00,-,0,1.00,B,1,0.00,-,0,STR|DEX|FAI,INT|ARC
23060000,Dragon Greatclaw,Standard,Colossal Weapon,AxhammerLarge,0,0.95,B,1,0.05,E,1,0.00,-,0,1.00,B,1,0.00,-,0,STR|DEX|FAI,INT|ARC
18140000,Dragon Halberd,Standard,Halberd,SpearAxe,0,0.75,C,1,0.50,D,1,0.90,B,1,0.00,-,0,0.00,-,0,STR|DEX|INT,FAI|ARC
6040000,Dragon King's Cragblade,Standard,Heavy Thrusting Sword,RapierHeavy,0,0.20,E,1,0.65,C,1,0.00,-,0,0.90,B,1,0.00,-,0,STR|DEX|FAI,INT|ARC
32000000,Dragon Towershield,Standard,Greatshield,ShieldLarge,0,0.50,D,1,0.00,-,0,0.00,-,0,0.00,-,0,0.00,-,0,STR,DEX|INT|FAI|ARC
66510000,Dragon-Hunter's Great Katana,Standard,Great Katana,GreatKatana,0,0.95,B,1,0.95,B,1,0.00,-,0,0.00,-,0,0.00,-,0,STR|DEX,INT|FAI|ARC
32040000,Dragonclaw Shield,Standard,Greatshield,ShieldLarge,0,0.40,D,1,0.20,E,1,0.00,-,0,0.00,-,0,0.00,-,0,STR|DEX,INT|FAI|ARC
33290000,Dragonkin Scepter,Standard,Staff,Staff,0,0.00,-,0,0.00,-,0,1.00,B,1,0.00,-,0,0.00,-,0,INT,STR|DEX|FAI|ARC
2250000,Dragonkin Seeker Sword,Standard,Straight Sword,SwordNormal,0,0.10,E,1,0.30,D,1,1.00,B,1,0.00,-,0,0.00,-,0,STR|DEX|INT,FAI|ARC
9070000,Dragonscale Blade,Standard,Katana,katana,0,0.30,D,1,0.65,C,1,0.90,B,1,0.00,-,0,0.00,-,0,STR|DEX|INT,FAI|ARC
60501700,Dryleaf Arts,Aberrant,Hand-to-Hand,HandToHand,0,0.25,D,1,0.25,D,1,0.60,C,1,0.00,-,0,0.60,C,1,STR|DEX|INT|ARC,FAI
60501000,Dryleaf Arts,Bestial,Hand-to-Hand,HandToHand,0,0.30,D,1,0.30,D,1,0.00,-,0,0.90,B,1,0.00,-,0,STR|DEX|FAI,INT|ARC
60501800,Dryleaf Arts,Bloodflame,Hand-to-Hand,HandToHand,0,0.25,D,1,0.25,D,1,0.00,-,0,0.60,C,1,0.60,C,1,STR|DEX|FAI|ARC,INT
60501400,Dryleaf Arts,Death,Hand-to-Hand,HandToHand,0,0.25,D,1,0.25,D,1,0.60,C,1,0.60,C,1,0.00,-,0,STR|DEX|INT|FAI,ARC
60500900,Dryleaf Arts,Draconic,Hand-to-Hand,HandToHand,0,0.30,D,1,0.30,D,1,0.00,-,0,0.90,B,1,0.00,-,0,STR|DEX|FAI,INT|ARC
60500500,Dryleaf Arts,Dragonkin,Hand-to-Hand,HandToHand,0,0.30,D,1,0.30,D,1,0.80,C,1,0.00,-,0,0.00,-,0,STR|DEX|INT,FAI|ARC
60500700,Dryleaf Arts,Flame,Hand-to-Hand,HandToHand,0,0.30,D,1,0.30,D,1,0.00,-,0,0.80,C,1,0.00,-,0,STR|DEX|FAI,INT|ARC
60501300,Dryleaf Arts,Frenzy,Hand-to-Hand,HandToHand,0,0.25,D,1,0.25,D,1,0.60,C,1,0.60,C,1,0.00,-,0,STR|DEX|INT|FAI,ARC
60501600,Dryleaf Arts,Frost,Hand-to-Hand,HandToHand,0,0.25,D,1,0.25,D,1,0.60,C,1,0.00,-,0,0.60,C,1,STR|DEX|INT|ARC,FAI
60500400,Dryleaf Arts,Glint,Hand-to-Hand,HandToHand,0,0.30,D,1,0.30,D,1,0.90,B,1,0.00,-,0,0.00,-,0,STR|DEX|INT,FAI|ARC
60501500,Dryleaf Arts,Godslayer,Hand-to-Hand,HandToHand,0,0.25,D,1,0.25,D,1,0.60,C,1,0.60,C,1,0.00,-,0,STR|DEX|INT|FAI,ARC
60500800,Dryleaf Arts,Golden,Hand-to-Hand,HandToHand,0,0.30,D,1,0.30,D,1,0.00,-,0,0.90,B,1,0.00,-,0,STR|DEX|FAI,INT|ARC
60500600,Dryleaf Arts,Gravity,Hand-to-Hand,HandToHand,0,0.30,D,1,0.30,D,1,0.90,B,1,0.00,-,0,0.00,-,0,STR|DEX|INT,FAI|ARC
60500100,Dryleaf Arts,Heavy,Hand-to-Hand,HandToHand,0,0.80,C,1,0.35,D,1,0.00,-,0,0.00,-,0,0.00,-,0,STR|DEX,INT|FAI|ARC
60500200,Dryleaf Arts,Keen,Hand-to-Hand,HandToHand,0,0.35,D,1,0.80,C,1,0.00,-,0,0.00,-,0,0.00,-,0,STR|DEX,INT|FAI|ARC
60501200,Dryleaf Arts,Lava,Hand-to-Hand,HandToHand,0,0.25,D,1,0.25,D,1,0.70,C,1,0.70,C,1,0.00,-,0,STR|DEX|INT|FAI,ARC
60502100,Dryleaf Arts,Mystic,Hand-to-Hand,HandToHand,0,0.25,D,1,0.25,D,1,0.00,-,0,0.60,C,1,0.60,C,1,STR|DEX|FAI|ARC,INT
60501100,Dryleaf Arts,Night,Hand-to-Hand,HandToHand,0,0.25,D,1,0.25,D,1,0.70,C,1,0.70,C,1,0.00,-,0,STR|DEX|INT|FAI,ARC
60500300,Dryleaf Arts,Quality,Hand-to-Hand,HandToHand,0,0.75,C,1,0.75,C,1,0.00,-,0,0.00,-,0,0.00,-,0,STR|DEX,INT|FAI|ARC
60501900,Dryleaf Arts,Rotten,Hand-to-Hand,HandToHand,0,0.25,D,1,0.25,D,1,0.00,-,0,0.60,C,1,0.60,C,1,STR|DEX|FAI|ARC,INT
60500000,Dryleaf Arts,Standard,Hand-to-Hand,HandToHand,0,0.45,D,1,0.45,D,1,0.00,-,0,0.00,-,0,0.00,-,0,STR|DEX,INT|FAI|ARC
60502000,Dryleaf Arts,Storm,Hand-to-Hand,HandToHand,0,0.25,D,1,0.25,D,1,0.70,C,1,0.70,C,1,0.00,-,0,STR|DEX|INT|FAI,ARC
62501700,Dueling Shield,Aberrant,Thrusting Shield,ThrustingShield,0,0.10,E,1,0.15,E,1,0.60,C,1,0.00,-,0,0.60,C,1,STR|DEX|INT|ARC,FAI
62501000,Dueling Shield,Bestial,Thrusting Shield,ThrustingShield,0,0.15,E,1,0.20,E,1,0.00,-,0,0.90,B,1,0.00,-,0,STR|DEX|FAI,INT|ARC
62501800,Dueling Shield,Bloodflame,Thrusting Shield,ThrustingShield,0,0.10,E,1,0.15,E,1,0.00,-,0,0.60,C,1,0.60,C,1,STR|DEX|FAI|ARC,INT
62501400,Dueling Shield,Death,Thrusting Shield,ThrustingShield,0,0.10,E,1,0.15,E,1,0.60,C,1,0.60,C,1,0.00,-,0,STR|DEX|INT|FAI,ARC
62500900,Dueling Shield,Draconic,Thrusting Shield,ThrustingShield,0,0.15,E,1,0.20,E,1,0.00,-,0,0.90,B,1,0.00,-,0,STR|DEX|FAI,INT|ARC
62500500,Dueling Shield,Dragonkin,Thrusting Shield,ThrustingShield,0,0.15,E,1,0.20,E,1,0.80,C,1,0.00,-,0,0.00,-,0,STR|DEX|INT,FAI|ARC
62500700,Dueling Shield,Flame,Thrusting Shield,ThrustingShield,0,0.15,E,1,0.20,E,1,0.00,-,0,0.80,C,1,0.00,-,0,STR|DEX|FAI,INT|ARC
62501300,Dueling Shield,Frenzy,Thrusting Shield,ThrustingShield,0,0.10,E,1,0.15,E,1,0.60,C,1,0.60,C,1,0.00,-,0,STR|DEX|INT|FAI,ARC
62501600,Dueling Shield,Frost,Thrusting Shield,ThrustingShield,0,0.10,E,1,0.15,E,1,0.60,C,1,0.00,-,0,0.60,C,1,STR|DEX|INT|ARC,FAI
62500400,Dueling Shield,Glint,Thrusting Shield,ThrustingShield,0,0.15,E,1,0.20,E,1,0.90,B,1,0.00,-,0,0.00,-,0,STR|DEX|INT,FAI|ARC
62501500,Dueling Shield,Godslayer,Thrusting Shield,ThrustingShield,0,0.10,E,1,0.15,E,1,0.60,C,1,0.60,C,1,0.00,-,0,STR|DEX|INT|FAI,ARC
62500800,Dueling Shield,Golden,Thrusting Shield,ThrustingShield,0,0.15,E,1,0.20,E,1,0.00,-,0,0.90,B,1,0.00,-,0,STR|DEX|FAI,INT|ARC
62500600,Dueling Shield,Gravity,Thrusting Shield,ThrustingShield,0,0.15,E,1,0.20,E,1,0.90,B,1,0.00,-,0,0.00,-,0,STR|DEX|INT,FAI|ARC
62500100,Dueling Shield,Heavy,Thrusting Shield,ThrustingShield,0,0.70,C,1,0.35,D,1,0.00,-,0,0.00,-,0,0.00,-,0,STR|DEX,INT|FAI|ARC
62500200,Dueling Shield,Keen,Thrusting Shield,ThrustingShield,0,0.20,E,1,0.95,B,1,0.00,-,0,0.00,-,0,0.00,-,0,STR|DEX,INT|FAI|ARC
62501200,Dueling Shield,Lava,Thrusting Shield,ThrustingShield,0,0.10,E,1,0.15,E,1,0.70,C,1,0.70,C,1,0.00,-,0,STR|DEX|INT|FAI,ARC
62502100,Dueling Shield,Mystic,Thrusting Shield,ThrustingShield,0,0.10,E,1,0.15,E,1,0.00,-,0,0.60,C,1,0.60,C,1,STR|DEX|FAI|ARC,INT
62501100,Dueling Shield,Night,Thrusting Shield,ThrustingShield,0,0.10,E,1,0.15,E,1,0.70,C,1,0.70,C,1,0.00,-,0,STR|DEX|INT|FAI,ARC
62500300,Dueling Shield,Quality,Thrusting Shield,ThrustingShield,0,0.55,D,1,0.60,C,1,0.00,-,0,0.00,-,0,0.00,-,0,STR|DEX,INT|FAI|ARC
62501900,Dueling Shield,Rotten,Thrusting Shield,ThrustingShield,0,0.10,E,1,0.15,E,1,0.00,-,0,0.60,C,1,0.60,C,1,STR|DEX|FAI|ARC,INT
62500000,Dueling Shield,Standard,Thrusting Shield,ThrustingShield,0,0.40,D,1,0.50,D,1,0.00,-,0,0.00,-,0,0.00,-,0,STR|DEX,INT|FAI|ARC
62502000,Dueling Shield,Storm,Thrusting Shield,ThrustingShield,0,0.10,E,1,0.15,E,1,0.70,C,1,0.70,C,1,0.00,-,0,STR|DEX|INT|FAI,ARC
23041700,Duelist Greataxe,Aberrant,Colossal Weapon,AxhammerLarge,0,0.50,D,1,0.20,E,1,0.60,C,1,0.00,-,0,0.60,C,1,STR|DEX|INT|ARC,FAI
23041000,Duelist Greataxe,Bestial,Colossal Weapon,AxhammerLarge,0,0.55,D,1,0.25,D,1,0.00,-,0,0.90,B,1,0.00,-,0,STR|DEX|FAI,INT|ARC
23041800,Duelist Greataxe,Bloodflame,Colossal Weapon,AxhammerLarge,0,0.50,D,1,0.20,E,1,0.00,-,0,0.60,C,1,0.60,C,1,STR|DEX|FAI|ARC,INT
23041400,Duelist Greataxe,Death,Colossal Weapon,AxhammerLarge,0,0.50,D,1,0.20,E,1,0.60,C,1,0.60,C,1,0.00,-,0,STR|DEX|INT|FAI,ARC
23040900,Duelist Greataxe,Draconic,Colossal Weapon,AxhammerLarge,0,0.55,D,1,0.25,D,1,0.00,-,0,0.90,B,1,0.00,-,0,STR|DEX|FAI,INT|ARC
23040500,Duelist Greataxe,Dragonkin,Colossal Weapon,AxhammerLarge,0,0.55,D,1,0.25,D,1,0.80,C,1,0.00,-,0,0.00,-,0,STR|DEX|INT,FAI|ARC
23040700,Duelist Greataxe,Flame,Colossal Weapon,AxhammerLarge,0,0.55,D,1,0.25,D,1,0.00,-,0,0.80,C,1,0.00,-,0,STR|DEX|FAI,INT|ARC
23041300,Duelist Greataxe,Frenzy,Colossal Weapon,AxhammerLarge,0,0.50,D,1,0.20,E,1,0.60,C,1,0.60,C,1,0.00,-,0,STR|DEX|INT|FAI,ARC
23041600,Duelist Greataxe,Frost,Colossal Weapon,AxhammerLarge,0,0.50,D,1,0.20,E,1,0.60,C,1,0.00,-,0,0.60,C,1,STR|DEX|INT|ARC,FAI
23040400,Duelist Greataxe,Glint,Colossal Weapon,AxhammerLarge,0,0.55,D,1,0.25,D,1,0.90,B,1,0.00,-,0,0.00,-,0,STR|DEX|INT,FAI|ARC
23041500,Duelist Greataxe,Godslayer,Colossal Weapon,AxhammerLarge,0,0.50,D,1,0.20,E,1,0.60,C,1,0.60,C,1,0.00,-,0,STR|DEX|INT|FAI,ARC
23040800,Duelist Greataxe,Golden,Colossal Weapon,AxhammerLarge,0,0.55,D,1,0.25,D,1,0.00,-,0,0.90,B,1,0.00,-,0,STR|DEX|FAI,INT|ARC
23040600,Duelist Greataxe,Gravity,Colossal Weapon,AxhammerLarge,0,0.55,D,1,0.25,D,1,0.90,B,1,0.00,-,0,0.00,-,0,STR|DEX|INT,FAI|ARC
23040100,Duelist Greataxe,Heavy,Colossal Weapon,AxhammerLarge,0,1.10,B,1,0.25,D,1,0.00,-,0,0.00,-,0,0.00,-,0,STR|DEX,INT|FAI|ARC
23040200,Duelist Greataxe,Keen,Colossal Weapon,AxhammerLarge,0,0.70,C,1,0.75,C,1,0.00,-,0,0.00,-,0,0.00,-,0,STR|DEX,INT|FAI|ARC
23041200,Duelist Greataxe,Lava,Colossal Weapon,AxhammerLarge,0,0.50,D,1,0.20,E,1,0.70,C,1,0.70,C,1,0.00,-,0,STR|DEX|INT|FAI,ARC
23042100,Duelist Greataxe,Mystic,Colossal Weapon,AxhammerLarge,0,0.50,D,1,0.20,E,1,0.00,-,0,0.60,C,1,0.60,C,1,STR|DEX|FAI|ARC,INT
23041100,Duelist Greataxe,Night,Colossal Weapon,AxhammerLarge,0,0.50,D,1,0.20,E,1,0.70,C,1,0.70,C,1,0.00,-,0,STR|DEX|INT|FAI,ARC
23040300,Duelist Greataxe,Quality,Colossal Weapon,AxhammerLarge,0,0.80,C,1,0.55,D,1,0.00,-,0,0.00,-,0,0.00,-,0,STR|DEX,INT|FAI|ARC
23041900,Duelist Greataxe,Rotten,Colossal Weapon,AxhammerLarge,0,0.50,D,1,0.20,E,1,0.00,-,0,0.60,C,1,0.60,C,1,STR|DEX|FAI|ARC,INT
23040000,Duelist Greataxe,Standard,Colossal Weapon,AxhammerLarge,0,0.85,C,1,0.25,D,1,0.00,-,0,0.00,-,0,0.00,-,0,STR|DEX,INT|FAI|ARC
23042000,Duelist Greataxe,Storm,Colossal Weapon,AxhammerLarge,0,0.50,D,1,0.20,E,1,0.70,C,1,0.70,C,1,0.00,-,0,STR|DEX|INT|FAI,ARC
3240000,Dyru's Greatsword,Standard,Greatsword,SwordLarge,0,0.55,D,1,0.25,D,1,0.85,C,1,0.85,C,1,0.00,-,0,STR|DEX|INT|FAI,ARC
66530000,Eagle's Edge,Standard,Great Katana,GreatKatana,0,0.55,D,1,0.55,D,1,0.85,C,1,0.85,C,1,0.00,-,0,STR|DEX|INT|FAI,ARC
34130000,Earthbreaker Seal,Standard,Seal,Talisman,0,0.00,-,0,0.00,-,0,0.00,-,0,1.00,B,1,0.00,-,0,FAI,STR|DEX|INT|ARC
32240000,Eclipse Crest Greatshield,Standard,Greatshield,ShieldLarge,0,0.50,D,1,0.00,-,0,0.00,-,0,0.00,-,0,0.00,-,0,STR,DEX|INT|FAI|ARC
31310000,Eclipse Crest Heater Shield,Standard,Medium Shield,ShieldNormal,0,0.40,D,1,0.00,-,0,0.00,-,0,0.00,-,0,0.00,-,0,STR,DEX|INT|FAI|ARC
7100000,Eclipse Shotel,Standard,Curved Sword,SaberNormal,0,0.10,E,1,0.55,D,1,0.70,C,1,0.70,C,1,0.00,-,0,STR|DEX|INT|FAI,ARC
12090000,Einar's Hammer,Standard,Great Hammer,HammerLarge,0,0.75,C,1,0.25,D,1,0.85,C,1,0.00,-,0,0.85,C,1,STR|DEX|INT|ARC,FAI
10050000,Eleonora's Poleblade,Standard,Twinblade,SwordDoubleEdge,0,0.15,E,1,0.65,C,1,0.00,-,0,0.85,C,1,0.85,C,1,STR|DEX|FAI|ARC,INT
22050000,Emyr's Great Talons,Standard,Claw,Claw,0,0.35,D,1,1.30,B,1,0.00,-,0,0.00,-,0,0.00,-,0,STR|DEX,INT|FAI|ARC
23030000,Envoy's Greathorn,Standard,Colossal Weapon,AxhammerLarge,0,0.80,C,1,0.10,E,1,0.00,-,0,1.10,B,1,0.00,-,0,STR|DEX|FAI,INT|ARC
11100000,Envoy's Horn,Standard,Hammer,HammerNormal,0,0.60,C,1,0.25,D,1,0.00,-,0,1.00,B,1,0.00,-,0,STR|DEX|FAI,INT|ARC
12160000,Envoy's Long Horn,Standard,Great Hammer,HammerLarge,0,0.65,C,1,0.15,E,1,0.00,-,0,1.10,B,1,0.00,-,0,STR|DEX|FAI,INT|ARC
1150000,Erdsteel Dagger,Standard,Dagger,Dagger,0,0.10,E,1,0.30,D,1,0.00,-,0,0.85,C,1,0.00,-,0,STR|DEX|FAI,INT|ARC
41030000,Erdtree Bow,Standard,Bow,BowNormal,0,0.25,D,1,0.20,E,1,0.00,-,0,0.90,B,1,0.00,-,0,STR|DEX|FAI,INT|ARC
42030000,Erdtree Greatbow,Standard,Greatbow,BowLarge,0,0.45,D,1,0.10,E,1,0.00,-,0,0.80,C,1,0.00,-,0,STR|DEX|FAI,INT|ARC
32080000,Erdtree Greatshield,Standard,Greatshield,ShieldLarge,0,0.50,D,1,0.00,-,0,0.00,-,0,0.30,D,1,0.00,-,0,STR|FAI,DEX|INT|ARC
5001700,Estoc,Aberrant,Thrusting Sword,SwordPierce,0,0.05,E,1,0.30,D,1,0.55,D,1,0.00,-,0,0.55,D,1,STR|DEX|INT|ARC,FAI
5001000,Estoc,Bestial,Thrusting Sword,SwordPierce,0,0.05,E,1,0.30,D,1,0.00,-,0,0.90,B,1,0.00,-,0,STR|DEX|FAI,INT|ARC
5001800,Estoc,Bloodflame,Thrusting Sword,SwordPierce,0,0.05,E,1,0.30,D,1,0.00,-,0,0.55,D,1,0.55,D,1,STR|DEX|FAI|ARC,INT
5001400,Estoc,Death,Thrusting Sword,SwordPierce,0,0.05,E,1,0.30,D,1,0.55,D,1,0.55,D,1,0.00,-,0,STR|DEX|INT|FAI,ARC
5000900,Estoc,Draconic,Thrusting Sword,SwordPierce,0,0.05,E,1,0.30,D,1,0.00,-,0,0.90,B,1,0.00,-,0,STR|DEX|FAI,INT|ARC
5000500,Estoc,Dragonkin,Thrusting Sword,SwordPierce,0,0.05,E,1,0.30,D,1,0.80,C,1,0.00,-,0,0.00,-,0,STR|DEX|INT,FAI|ARC
5000700,Estoc,Flame,Thrusting Sword,SwordPierce,0,0.05,E,1,0.30,D,1,0.00,-,0,0.80,C,1,0.00,-,0,STR|DEX|FAI,INT|ARC
5001300,Estoc,Frenzy,Thrusting Sword,SwordPierce,0,0.05,E,1,0.30,D,1,0.55,D,1,0.55,D,1,0.00,-,0,STR|DEX|INT|FAI,ARC
5001600,Estoc,Frost,Thrusting Sword,SwordPierce,0,0.05,E,1,0.30,D,1,0.55,D,1,0.00,-,0,0.55,D,1,STR|DEX|INT|ARC,FAI
5000400,Estoc,Glint,Thrusting Sword,SwordPierce,0,0.05,E,1,0.30,D,1,0.90,B,1,0.00,-,0,0.00,-,0,STR|DEX|INT,FAI|ARC
5001500,Estoc,Godslayer,Thrusting Sword,SwordPierce,0,0.05,E,1,0.30,D,1,0.55,D,1,0.55,D,1,0.00,-,0,STR|DEX|INT|FAI,ARC
5000800,Estoc,Golden,Thrusting Sword,SwordPierce,0,0.05,E,1,0.30,D,1,0.00,-,0,0.90,B,1,0.00,-,0,STR|DEX|FAI,INT|ARC
5000600,Estoc,Gravity,Thrusting Sword,SwordPierce,0,0.05,E,1,0.30,D,1,0.90,B,1,0.00,-,0,0.00,-,0,STR|DEX|INT,FAI|ARC
5000100,Estoc,Heavy,Thrusting Sword,SwordPierce,0,0.55,D,1,0.50,D,1,0.00,-,0,0.00,-,0,0.00,-,0,STR|DEX,INT|FAI|ARC
5000200,Estoc,Keen,Thrusting Sword,SwordPierce,0,0.05,E,1,1.25,B,1,0.00,-,0,0.00,-,0,0.00,-,0,STR|DEX,INT|FAI|ARC
5001200,Estoc,Lava,Thrusting Sword,SwordPierce,0,0.05,E,1,0.30,D,1,0.65,C,1,0.65,C,1,0.00,-,0,STR|DEX|INT|FAI,ARC
5002100,Estoc,Mystic,Thrusting Sword,SwordPierce,0,0.05,E,1,0.30,D,1,0.00,-,0,0.55,D,1,0.55,D,1,STR|DEX|FAI|ARC,INT
5001100,Estoc,Night,Thrusting Sword,SwordPierce,0,0.05,E,1,0.30,D,1,0.65,C,1,0.65,C,1,0.00,-,0,STR|DEX|INT|FAI,ARC
5000300,Estoc,Quality,Thrusting Sword,SwordPierce,0,0.35,D,1,0.70,C,1,0.00,-,0,0.00,-,0,0.00,-,0,STR|DEX,INT|FAI|ARC
5001900,Estoc,Rotten,Thrusting Sword,SwordPierce,0,0.05,E,1,0.30,D,1,0.00,-,0,0.55,D,1,0.55,D,1,STR|DEX|FAI|ARC,INT
5000000,Estoc,Standard,Thrusting Sword,SwordPierce,0,0.10,E,1,0.80,C,1,0.00,-,0,0.00,-,0,0.00,-,0,STR|DEX,INT|FAI|ARC
5002000,Estoc,Storm,Thrusting Sword,SwordPierce,0,0.05,E,1,0.30,D,1,0.65,C,1,0.65,C,1,0.00,-,0,STR|DEX|INT|FAI,ARC
10500000,Euporia,Standard,Twinblade,SwordDoubleEdge,0,0.40,D,1,0.75,C,1,0.00,-,0,1.10,B,1,0.00,-,0,STR|DEX|FAI,INT|ARC
15081700,Executioner's Greataxe,Aberrant,Greataxe,AxeLarge,0,0.40,D,1,0.15,E,1,0.60,C,1,0.00,-,0,0.60,C,1,STR|DEX|INT|ARC,FAI
15081000,Executioner's Greataxe,Bestial,Greataxe,AxeLarge,0,0.45,D,1,0.20,E,1,0.00,-,0,0.85,C,1,0.00,-,0,STR|DEX|FAI,INT|ARC
15081800,Executioner's Greataxe,Bloodflame,Greataxe,AxeLarge,0,0.40,D,1,0.15,E,1,0.00,-,0,0.60,C,1,0.60,C,1,STR|DEX|FAI|ARC,INT
15081400,Executioner's Greataxe,Death,Greataxe,AxeLarge,0,0.40,D,1,0.15,E,1,0.60,C,1,0.60,C,1,0.00,-,0,STR|DEX|INT|FAI,ARC
15080900,Executioner's Greataxe,Draconic,Greataxe,AxeLarge,0,0.45,D,1,0.20,E,1,0.00,-,0,0.85,C,1,0.00,-,0,STR|DEX|FAI,INT|ARC
15080500,Executioner's Greataxe,Dragonkin,Greataxe,AxeLarge,0,0.45,D,1,0.20,E,1,0.75,C,1,0.00,-,0,0.00,-,0,STR|DEX|INT,FAI|ARC
15080700,Executioner's Greataxe,Flame,Greataxe,AxeLarge,0,0.45,D,1,0.20,E,1,0.00,-,0,0.75,C,1,0.00,-,0,STR|DEX|FAI,INT|ARC
15081300,Executioner's Greataxe,Frenzy,Greataxe,AxeLarge,0,0.40,D,1,0.15,E,1,0.60,C,1,0.60,C,1,0.00,-,0,STR|DEX|INT|FAI,ARC
15081600,Executioner's Greataxe,Frost,Greataxe,AxeLarge,0,0.40,D,1,0.15,E,1,0.60,C,1,0.00,-,0,0.60,C,1,STR|DEX|INT|ARC,FAI
15080400,Executioner's Greataxe,Glint,Greataxe,AxeLarge,0,0.45,D,1,0.20,E,1,0.85,C,1,0.00,-,0,0.00,-,0,STR|DEX|INT,FAI|ARC
15081500,Executioner's Greataxe,Godslayer,Greataxe,AxeLarge,0,0.40,D,1,0.15,E,1,0.60,C,1,0.60,C,1,0.00,-,0,STR|DEX|INT|FAI,ARC
15080800,Executioner's Greataxe,Golden,Greataxe,AxeLarge,0,0.45,D,1,0.20,E,1,0.00,-,0,0.85,C,1,0.00,-,0,STR|DEX|FAI,INT|ARC
15080600,Executioner's Greataxe,Gravity,Greataxe,AxeLarge,0,0.45,D,1,0.20,E,1,0.85,C,1,0.00,-,0,0.00,-,0,STR|DEX|INT,FAI|ARC
15080100,Executioner's Greataxe,Heavy,Greataxe,AxeLarge,0,1.10,B,1,0.20,E,1,0.00,-,0,0.00,-,0,0.00,-,0,STR|DEX,INT|FAI|ARC
15080200,Executioner's Greataxe,Keen,Greataxe,AxeLarge,0,0.55,D,1,0.70,C,1,0.00,-,0,0.00,-,0,0.00,-,0,STR|DEX,INT|FAI|ARC
15081200,Executioner's Greataxe,Lava,Greataxe,AxeLarge,0,0.40,D,1,0.15,E,1,0.70,C,1,0.70,C,1,0.00,-,0,STR|DEX|INT|FAI,ARC
15082100,Executioner's Greataxe,Mystic,Greataxe,AxeLarge,0,0.40,D,1,0.15,E,1,0.00,-,0,0.60,C,1,0.60,C,1,STR|DEX|FAI|ARC,INT
15081100,Executioner's Greataxe,Night,Greataxe,AxeLarge,0,0.40,D,1,0.15,E,1,0.70,C,1,0.70,C,1,0.00,-,0,STR|DEX|INT|FAI,ARC
15080300,Executioner's Greataxe,Quality,Greataxe,AxeLarge,0,0.75,C,1,0.50,D,1,0.00,-,0,0.00,-,0,0.00,-,0,STR|DEX,INT|FAI|ARC
15081900,Executioner's Greataxe,Rotten,Greataxe,AxeLarge,0,0.40,D,1,0.15,E,1,0.00,-,0,0.60,C,1,0.60,C,1,STR|DEX|FAI|ARC,INT
15080000,Executioner's Greataxe,Standard,Greataxe,AxeLarge,0,0.65,C,1,0.30,D,1,0.00,-,0,0.00,-,0,0.00,-,0,STR|DEX,INT|FAI|ARC
15082000,Executioner's Greataxe,Storm,Greataxe,AxeLarge,0,0.40,D,1,0.15,E,1,0.70,C,1,0.70,C,1,0.00,-,0,STR|DEX|INT|FAI,ARC
7001700,Falchion,Aberrant,Curved Sword,SaberNormal,0,0.10,E,1,0.15,E,1,0.60,C,1,0.00,-,0,0.60,C,1,STR|DEX|INT|ARC,FAI
7001000,Falchion,Bestial,Curved Sword,SaberNormal,0,0.15,E,1,0.20,E,1,0.00,-,0,0.90,B,1,0.00,-,0,STR|DEX|FAI,INT|ARC
7001800,Falchion,Bloodflame,Curved Sword,SaberNormal,0,0.10,E,1,0.15,E,1,0.00,-,0,0.60,C,1,0.60,C,1,STR|DEX|FAI|ARC,INT
7001400,Falchion,Death,Curved Sword,SaberNormal,0,0.10,E,1,0.15,E,1,0.60,C,1,0.60,C,1,0.00,-,0,STR|DEX|INT|FAI,ARC
7000900,Falchion,Draconic,Curved Sword,SaberNormal,0,0.15,E,1,0.20,E,1,0.00,-,0,0.90,B,1,0.00,-,0,STR|DEX|FAI,INT|ARC
7000500,Falchion,Dragonkin,Curved Sword,SaberNormal,0,0.15,E,1,0.20,E,1,0.80,C,1,0.00,-,0,0.00,-,0,STR|DEX|INT,FAI|ARC
7000700,Falchion,Flame,Curved Sword,SaberNormal,0,0.15,E,1,0.20,E,1,0.00,-,0,0.80,C,1,0.00,-,0,STR|DEX|FAI,INT|ARC
7001300,Falchion,Frenzy,Curved Sword,SaberNormal,0,0.10,E,1,0.15,E,1,0.60,C,1,0.60,C,1,0.00,-,0,STR|DEX|INT|FAI,ARC
7001600,Falchion,Frost,Curved Sword,SaberNormal,0,0.10,E,1,0.15,E,1,0.60,C,1,0.00,-,0,0.60,C,1,STR|DEX|INT|ARC,FAI
7000400,Falchion,Glint,Curved Sword,SaberNormal,0,0.15,E,1,0.20,E,1,0.90,B,1,0.00,-,0,0.00,-,0,STR|DEX|INT,FAI|ARC
7001500,Falchion,Godslayer,Curved Sword,SaberNormal,0,0.10,E,1,0.15,E,1,0.60,C,1,0.60,C,1,0.00,-,0,STR|DEX|INT|FAI,ARC
7000800,Falchion,Golden,Curved Sword,SaberNormal,0,0.15,E,1,0.20,E,1,0.00,-,0,0.90,B,1,0.00,-,0,STR|DEX|FAI,INT|ARC
7000600,Falchion,Gravity,Curved Sword,SaberNormal,0,0.15,E,1,0.20,E,1,0.90,B,1,0.00,-,0,0.00,-,0,STR|DEX|INT,FAI|ARC
7000100,Falchion,Heavy,Curved Sword,SaberNormal,0,0.60,C,1,0.45,D,1,0.00,-,0,0.00,-,0,0.00,-,0,STR|DEX,INT|FAI|ARC
7000200,Falchion,Keen,Curved Sword,SaberNormal,0,0.15,E,1,1.05,B,1,0.00,-,0,0.00,-,0,0.00,-,0,STR|DEX,INT|FAI|ARC
7001200,Falchion,Lava,Curved Sword,SaberNormal,0,0.10,E,1,0.15,E,1,0.70,C,1,0.70,C,1,0.00,-,0,STR|DEX|INT|FAI,ARC
7002100,Falchion,Mystic,Curved Sword,SaberNormal,0,0.10,E,1,0.15,E,1,0.00,-,0,0.60,C,1,0.60,C,1,STR|DEX|FAI|ARC,INT
7001100,Falchion,Night,Curved Sword,SaberNormal,0,0.10,E,1,0.15,E,1,0.70,C,1,0.70,C,1,0.00,-,0,STR|DEX|INT|FAI,ARC
7000300,Falchion,Quality,Curved Sword,SaberNormal,0,0.50,D,1,0.55,D,1,0.00,-,0,0.00,-,0,0.00,-,0,STR|DEX,INT|FAI|ARC
7001900,Falchion,Rotten,Curved Sword,SaberNormal,0,0.10,E,1,0.15,E,1,0.00,-,0,0.60,C,1,0.60,C,1,STR|DEX|FAI|ARC,INT
7000000,Falchion,Standard,Curved Sword,SaberNormal,0,0.30,D,1,0.60,C,1,0.00,-,0,0.00,-,0,0.00,-,0,STR|DEX,INT|FAI|ARC
7002000,Falchion,Storm,Curved Sword,SaberNormal,0,0.10,E,1,0.15,E,1,0.70,C,1,0.70,C,1,0.00,-,0,STR|DEX|INT|FAI,ARC
23080000,Fallingstar Beast Jaw,Standard,Colossal Weapon,AxhammerLarge,0,0.75,C,1,0.25,D,1,0.90,B,1,0.00,-,0,0.00,-,0,STR|DEX|INT,FAI|ARC
7510000,Falx,Standard,Curved Sword,SaberNormal,0,0.03,E,1,1.15,B,1,0.00,-,0,0.00,-,0,0.00,-,0,STR|DEX,INT|FAI|ARC
13020000,Family Heads,Standard,Flail,Flail,0,0.35,D,1,0.40,D,1,0.70,C,1,0.70,C,1,0.00,-,0,STR|DEX|INT|FAI,ARC
34000000,Finger Seal,Standard,Seal,Talisman,0,0.00,-,0,0.00,-,0,0.00,-,0,0.80,C,1,0.00,-,0,FAI,STR|DEX|INT|ARC
4140000,Fingerprint Hexmark [Frenzy],Standard,Colossal Sword,SwordGigantic,0,0.60,C,1,0.30,D,1,0.80,C,1,0.80,C,1,0.00,-,0,STR|DEX|INT|FAI,ARC
34140000,Fingerprint Seal,Standard,Seal,Talisman,0,0.00,-,0,0.00,-,0,0.80,C,1,0.80,C,1,0.00,-,0,INT|FAI,STR|DEX|ARC
32130000,Fingerprint Stone Shield,Standard,Greatshield,ShieldLarge,0,0.50,D,1,0.00,-,0,0.00,-,0,0.00,-,0,0.00,-,0,STR,DEX|INT|FAI|ARC
64530000,Fingerslayer blade,Standard,Curved Sword,SaberNormal,10000,0.10,E,0,0.45,D,0,0.65,C,1,0.65,C,0,0.00,-,0,INT,STR|DEX|FAI|ARC
4520000,Fire Knight's Greatsword,Standard,Colossal Sword,SwordGigantic,0,0.90,B,1,0.35,D,1,0.00,-,0,0.95,B,1,0.00,-,0,STR|DEX|FAI,INT|ARC
1510000,Fire Knight's Shortsword,Standard,Dagger,Dagger,0,0.15,E,1,0.45,D,1,0.00,-,0,0.90,B,1,0.00,-,0,STR|DEX|FAI,INT|ARC
34110000,Fire Monk's Seal,Standard,Seal,Talisman,0,0.00,-,0,0.00,-,0,0.00,-,0,0.80,C,1,0.00,-,0,FAI,STR|DEX|INT|ARC
61500000,Firespark Perfume Bottle,Standard,Perfume Bottle,PerfumeBottle,0,0.10,E,1,0.20,E,1,0.00,-,0,0.55,D,1,0.80,C,1,STR|DEX|FAI|ARC,INT
13011700,Flail,Aberrant,Flail,Flail,0,0.25,D,1,0.20,E,1,0.60,C,1,0.00,-,0,0.60,C,1,STR|DEX|INT|ARC,FAI
13011000,Flail,Bestial,Flail,Flail,0,0.30,D,1,0.25,D,1,0.00,-,0,0.90,B,1,0.00,-,0,STR|DEX|FAI,INT|ARC
13011800,Flail,Bloodflame,Flail,Flail,0,0.25,D,1,0.20,E,1,0.00,-,0,0.60,C,1,0.60,C,1,STR|DEX|FAI|ARC,INT
13011400,Flail,Death,Flail,Flail,0,0.25,D,1,0.20,E,1,0.60,C,1,0.60,C,1,0.00,-,0,STR|DEX|INT|FAI,ARC
13010900,Flail,Draconic,Flail,Flail,0,0.30,D,1,0.25,D,1,0.00,-,0,0.90,B,1,0.00,-,0,STR|DEX|FAI,INT|ARC
13010500,Flail,Dragonkin,Flail,Flail,0,0.30,D,1,0.25,D,1,0.80,C,1,0.00,-,0,0.00,-,0,STR|DEX|INT,FAI|ARC
13010700,Flail,Flame,Flail,Flail,0,0.30,D,1,0.25,D,1,0.00,-,0,0.80,C,1,0.00,-,0,STR|DEX|FAI,INT|ARC
13011300,Flail,Frenzy,Flail,Flail,0,0.25,D,1,0.20,E,1,0.60,C,1,0.60,C,1,0.00,-,0,STR|DEX|INT|FAI,ARC
13011600,Flail,Frost,Flail,Flail,0,0.25,D,1,0.20,E,1,0.60,C,1,0.00,-,0,0.60,C,1,STR|DEX|INT|ARC,FAI
13010400,Flail,Glint,Flail,Flail,0,0.30,D,1,0.25,D,1,0.90,B,1,0.00,-,0,0.00,-,0,STR|DEX|INT,FAI|ARC
13011500,Flail,Godslayer,Flail,Flail,0,0.25,D,1,0.20,E,1,0.60,C,1,0.60,C,1,0.00,-,0,STR|DEX|INT|FAI,ARC
13010800,Flail,Golden,Flail,Flail,0,0.30,D,1,0.25,D,1,0.00,-,0,0.90,B,1,0.00,-,0,STR|DEX|FAI,INT|ARC
13010600,Flail,Gravity,Flail,Flail,0,0.30,D,1,0.25,D,1,0.90,B,1,0.00,-,0,0.00,-,0,STR|DEX|INT,FAI|ARC
13010100,Flail,Heavy,Flail,Flail,0,1.00,B,1,0.20,E,1,0.00,-,0,0.00,-,0,0.00,-,0,STR|DEX,INT|FAI|ARC
13010200,Flail,Keen,Flail,Flail,0,0.50,D,1,0.55,D,1,0.00,-,0,0.00,-,0,0.00,-,0,STR|DEX,INT|FAI|ARC
13011200,Flail,Lava,Flail,Flail,0,0.25,D,1,0.20,E,1,0.70,C,1,0.70,C,1,0.00,-,0,STR|DEX|INT|FAI,ARC
13012100,Flail,Mystic,Flail,Flail,0,0.25,D,1,0.20,E,1,0.00,-,0,0.60,C,1,0.60,C,1,STR|DEX|FAI|ARC,INT
13011100,Flail,Night,Flail,Flail,0,0.25,D,1,0.20,E,1,0.70,C,1,0.70,C,1,0.00,-,0,STR|DEX|INT|FAI,ARC
13010300,Flail,Quality,Flail,Flail,0,0.70,C,1,0.45,D,1,0.00,-,0,0.00,-,0,0.00,-,0,STR|DEX,INT|FAI|ARC
13011900,Flail,Rotten,Flail,Flail,0,0.25,D,1,0.20,E,1,0.00,-,0,0.60,C,1,0.60,C,1,STR|DEX|FAI|ARC,INT
13010000,Flail,Standard,Flail,Flail,0,0.60,C,1,0.30,D,1,0.00,-,0,0.00,-,0,0.00,-,0,STR|DEX,INT|FAI|ARC
13012000,Flail,Storm,Flail,Flail,0,0.25,D,1,0.20,E,1,0.70,C,1,0.70,C,1,0.00,-,0,STR|DEX|INT|FAI,ARC
3051700,Flamberge,Aberrant,Greatsword,SwordLarge,0,0.15,E,1,0.10,E,1,0.60,C,1,0.00,-,0,0.60,C,1,STR|DEX|INT|ARC,FAI
3051000,Flamberge,Bestial,Greatsword,SwordLarge,0,0.25,D,1,0.10,E,1,0.00,-,0,0.90,B,1,0.00,-,0,STR|DEX|FAI,INT|ARC
3051800,Flamberge,Bloodflame,Greatsword,SwordLarge,0,0.15,E,1,0.10,E,1,0.00,-,0,0.60,C,1,0.60,C,1,STR|DEX|FAI|ARC,INT
3051400,Flamberge,Death,Greatsword,SwordLarge,0,0.15,E,1,0.10,E,1,0.60,C,1,0.60,C,1,0.00,-,0,STR|DEX|INT|FAI,ARC
3050900,Flamberge,Draconic,Greatsword,SwordLarge,0,0.25,D,1,0.10,E,1,0.00,-,0,0.90,B,1,0.00,-,0,STR|DEX|FAI,INT|ARC
3050500,Flamberge,Dragonkin,Greatsword,SwordLarge,0,0.25,D,1,0.10,E,1,0.80,C,1,0.00,-,0,0.00,-,0,STR|DEX|INT,FAI|ARC
3050700,Flamberge,Flame,Greatsword,SwordLarge,0,0.25,D,1,0.10,E,1,0.00,-,0,0.80,C,1,0.00,-,0,STR|DEX|FAI,INT|ARC
3051300,Flamberge,Frenzy,Greatsword,SwordLarge,0,0.15,E,1,0.10,E,1,0.60,C,1,0.60,C,1,0.00,-,0,STR|DEX|INT|FAI,ARC
3051600,Flamberge,Frost,Greatsword,SwordLarge,0,0.15,E,1,0.10,E,1,0.60,C,1,0.00,-,0,0.60,C,1,STR|DEX|INT|ARC,FAI
3050400,Flamberge,Glint,Greatsword,SwordLarge,0,0.25,D,1,0.10,E,1,0.90,B,1,0.00,-,0,0.00,-,0,STR|DEX|INT,FAI|ARC
3051500,Flamberge,Godslayer,Greatsword,SwordLarge,0,0.15,E,1,0.10,E,1,0.60,C,1,0.60,C,1,0.00,-,0,STR|DEX|INT|FAI,ARC
3050800,Flamberge,Golden,Greatsword,SwordLarge,0,0.25,D,1,0.10,E,1,0.00,-,0,0.90,B,1,0.00,-,0,STR|DEX|FAI,INT|ARC
3050600,Flamberge,Gravity,Greatsword,SwordLarge,0,0.25,D,1,0.10,E,1,0.90,B,1,0.00,-,0,0.00,-,0,STR|DEX|INT,FAI|ARC
3050100,Flamberge,Heavy,Greatsword,SwordLarge,0,1.00,B,1,0.15,E,1,0.00,-,0,0.00,-,0,0.00,-,0,STR|DEX,INT|FAI|ARC
3050200,Flamberge,Keen,Greatsword,SwordLarge,0,0.45,D,1,0.60,C,1,0.00,-,0,0.00,-,0,0.00,-,0,STR|DEX,INT|FAI|ARC
3051200,Flamberge,Lava,Greatsword,SwordLarge,0,0.15,E,1,0.10,E,1,0.70,C,1,0.70,C,1,0.00,-,0,STR|DEX|INT|FAI,ARC
3052100,Flamberge,Mystic,Greatsword,SwordLarge,0,0.15,E,1,0.10,E,1,0.00,-,0,0.60,C,1,0.60,C,1,STR|DEX|FAI|ARC,INT
3051100,Flamberge,Night,Greatsword,SwordLarge,0,0.15,E,1,0.10,E,1,0.70,C,1,0.70,C,1,0.00,-,0,STR|DEX|INT|FAI,ARC
3050300,Flamberge,Quality,Greatsword,SwordLarge,0,0.75,C,1,0.50,D,1,0.00,-,0,0.00,-,0,0.00,-,0,STR|DEX,INT|FAI|ARC
3051900,Flamberge,Rotten,Greatsword,SwordLarge,0,0.15,E,1,0.10,E,1,0.00,-,0,0.60,C,1,0.60,C,1,STR|DEX|FAI|ARC,INT
3050000,Flamberge,Standard,Greatsword,SwordLarge,0,0.60,C,1,0.30,D,1,0.00,-,0,0.00,-,0,0.00,-,0,STR|DEX,INT|FAI|ARC
3052000,Flamberge,Storm,Greatsword,SwordLarge,0,0.15,E,1,0.10,E,1,0.70,C,1,0.70,C,1,0.00,-,0,STR|DEX|INT|FAI,ARC
31260000,Flame Crest Wooden Shield,Standard,Medium Shield,ShieldNormal,0,0.40,D,1,0.00,-,0,0.00,-,0,0.00,-,0,0.00,-,0,STR,DEX|INT|FAI|ARC
11500000,Flowerstone Gavel,Standard,Hammer,HammerNormal,0,0.75,C,1,0.25,D,1,0.00,-,0,0.90,B,1,0.00,-,0,STR|DEX|FAI,INT|ARC
7060000,Flowing Curved Sword,Standard,Curved Sword,SaberNormal,0,0.10,E,1,1.30,B,1,0.00,-,0,0.00,-,0,0.00,-,0,STR|DEX,INT|FAI|ARC
5080000,Foil of Caddock,Standard,Thrusting Sword,SwordPierce,0,0.15,E,1,1.30,B,1,0.00,-,0,0.00,-,0,0.00,-,0,STR|DEX,INT|FAI|ARC
3011700,Forked Greatsword,Aberrant,Greatsword,SwordLarge,0,0.15,E,1,0.10,E,1,0.60,C,1,0.00,-,0,0.60,C,1,STR|DEX|INT|ARC,FAI
3011000,Forked Greatsword,Bestial,Greatsword,SwordLarge,0,0.25,D,1,0.10,E,1,0.00,-,0,0.90,B,1,0.00,-,0,STR|DEX|FAI,INT|ARC
3011800,Forked Greatsword,Bloodflame,Greatsword,SwordLarge,0,0.15,E,1,0.10,E,1,0.00,-,0,0.60,C,1,0.60,C,1,STR|DEX|FAI|ARC,INT
3011400,Forked Greatsword,Death,Greatsword,SwordLarge,0,0.15,E,1,0.10,E,1,0.60,C,1,0.60,C,1,0.00,-,0,STR|DEX|INT|FAI,ARC
3010900,Forked Greatsword,Draconic,Greatsword,SwordLarge,0,0.25,D,1,0.10,E,1,0.00,-,0,0.90,B,1,0.00,-,0,STR|DEX|FAI,INT|ARC
3010500,Forked Greatsword,Dragonkin,Greatsword,SwordLarge,0,0.25,D,1,0.10,E,1,0.80,C,1,0.00,-,0,0.00,-,0,STR|DEX|INT,FAI|ARC
3010700,Forked Greatsword,Flame,Greatsword,SwordLarge,0,0.25,D,1,0.10,E,1,0.00,-,0,0.80,C,1,0.00,-,0,STR|DEX|FAI,INT|ARC
3011300,Forked Greatsword,Frenzy,Greatsword,SwordLarge,0,0.15,E,1,0.10,E,1,0.60,C,1,0.60,C,1,0.00,-,0,STR|DEX|INT|FAI,ARC
3011600,Forked Greatsword,Frost,Greatsword,SwordLarge,0,0.15,E,1,0.10,E,1,0.60,C,1,0.00,-,0,0.60,C,1,STR|DEX|INT|ARC,FAI
3010400,Forked Greatsword,Glint,Greatsword,SwordLarge,0,0.25,D,1,0.10,E,1,0.90,B,1,0.00,-,0,0.00,-,0,STR|DEX|INT,FAI|ARC
3011500,Forked Greatsword,Godslayer,Greatsword,SwordLarge,0,0.15,E,1,0.10,E,1,0.60,C,1,0.60,C,1,0.00,-,0,STR|DEX|INT|FAI,ARC
3010800,Forked Greatsword,Golden,Greatsword,SwordLarge,0,0.25,D,1,0.10,E,1,0.00,-,0,0.90,B,1,0.00,-,0,STR|DEX|FAI,INT|ARC
3010600,Forked Greatsword,Gravity,Greatsword,SwordLarge,0,0.25,D,1,0.10,E,1,0.90,B,1,0.00,-,0,0.00,-,0,STR|DEX|INT,FAI|ARC
3010100,Forked Greatsword,Heavy,Greatsword,SwordLarge,0,1.00,B,1,0.15,E,1,0.00,-,0,0.00,-,0,0.00,-,0,STR|DEX,INT|FAI|ARC
3010200,Forked Greatsword,Keen,Greatsword,SwordLarge,0,0.45,D,1,0.60,C,1,0.00,-,0,0.00,-,0,0.00,-,0,STR|DEX,INT|FAI|ARC
3011200,Forked Greatsword,Lava,Greatsword,SwordLarge,0,0.15,E,1,0.10,E,1,0.70,C,1,0.70,C,1,0.00,-,0,STR|DEX|INT|FAI,ARC
3012100,Forked Greatsword,Mystic,Greatsword,SwordLarge,0,0.15,E,1,0.10,E,1,0.00,-,0,0.60,C,1,0.60,C,1,STR|DEX|FAI|ARC,INT
3011100,Forked Greatsword,Night,Greatsword,SwordLarge,0,0.15,E,1,0.10,E,1,0.70,C,1,0.70,C,1,0.00,-,0,STR|DEX|INT|FAI,ARC
3010300,Forked Greatsword,Quality,Greatsword,SwordLarge,0,0.75,C,1,0.50,D,1,0.00,-,0,0.00,-,0,0.00,-,0,STR|DEX,INT|FAI|ARC
3011900,Forked Greatsword,Rotten,Greatsword,SwordLarge,0,0.15,E,1,0.10,E,1,0.00,-,0,0.60,C,1,0.60,C,1,STR|DEX|FAI|ARC,INT
3010000,Forked Greatsword,Standard,Greatsword,SwordLarge,0,0.60,C,1,0.30,D,1,0.00,-,0,0.00,-,0,0.00,-,0,STR|DEX,INT|FAI|ARC
3012000,Forked Greatsword,Storm,Greatsword,SwordLarge,0,0.15,E,1,0.10,E,1,0.70,C,1,0.70,C,1,0.00,-,0,STR|DEX|INT|FAI,ARC
14011700,Forked Hatchet,Aberrant,Axe,AxeNormal,0,0.25,D,1,0.20,E,1,0.60,C,1,0.00,-,0,0.60,C,1,STR|DEX|INT|ARC,FAI
14011000,Forked Hatchet,Bestial,Axe,AxeNormal,0,0.30,D,1,0.25,D,1,0.00,-,0,0.90,B,1,0.00,-,0,STR|DEX|FAI,INT|ARC
14011800,Forked Hatchet,Bloodflame,Axe,AxeNormal,0,0.25,D,1,0.20,E,1,0.00,-,0,0.60,C,1,0.60,C,1,STR|DEX|FAI|ARC,INT
14011400,Forked Hatchet,Death,Axe,AxeNormal,0,0.25,D,1,0.20,E,1,0.60,C,1,0.60,C,1,0.00,-,0,STR|DEX|INT|FAI,ARC
14010900,Forked Hatchet,Draconic,Axe,AxeNormal,0,0.30,D,1,0.25,D,1,0.00,-,0,0.90,B,1,0.00,-,0,STR|DEX|FAI,INT|ARC
14010500,Forked Hatchet,Dragonkin,Axe,AxeNormal,0,0.30,D,1,0.25,D,1,0.80,C,1,0.00,-,0,0.00,-,0,STR|DEX|INT,FAI|ARC
14010700,Forked Hatchet,Flame,Axe,AxeNormal,0,0.30,D,1,0.25,D,1,0.00,-,0,0.80,C,1,0.00,-,0,STR|DEX|FAI,INT|ARC
14011300,Forked Hatchet,Frenzy,Axe,AxeNormal,0,0.25,D,1,0.20,E,1,0.60,C,1,0.60,C,1,0.00,-,0,STR|DEX|INT|FAI,ARC
14011600,Forked Hatchet,Frost,Axe,AxeNormal,0,0.25,D,1,0.20,E,1,0.60,C,1,0.00,-,0,0.60,C,1,STR|DEX|INT|ARC,FAI
14010400,Forked Hatchet,Glint,Axe,AxeNormal,0,0.30,D,1,0.25,D,1,0.90,B,1,0.00,-,0,0.00,-,0,STR|DEX|INT,FAI|ARC
14011500,Forked Hatchet,Godslayer,Axe,AxeNormal,0,0.25,D,1,0.20,E,1,0.60,C,1,0.60,C,1,0.00,-,0,STR|DEX|INT|FAI,ARC
14010800,Forked Hatchet,Golden,Axe,AxeNormal,0,0.30,D,1,0.25,D,1,0.00,-,0,0.90,B,1,0.00,-,0,STR|DEX|FAI,INT|ARC
14010600,Forked Hatchet,Gravity,Axe,AxeNormal,0,0.30,D,1,0.25,D,1,0.90,B,1,0.00,-,0,0.00,-,0,STR|DEX|INT,FAI|ARC
14010100,Forked Hatchet,Heavy,Axe,AxeNormal,0,0.90,B,1,0.30,D,1,0.00,-,0,0.00,-,0,0.00,-,0,STR|DEX,INT|FAI|ARC
14010200,Forked Hatchet,Keen,Axe,AxeNormal,0,0.40,D,1,0.80,C,1,0.00,-,0,0.00,-,0,0.00,-,0,STR|DEX,INT|FAI|ARC
14011200,Forked Hatchet,Lava,Axe,AxeNormal,0,0.25,D,1,0.20,E,1,0.70,C,1,0.70,C,1,0.00,-,0,STR|DEX|INT|FAI,ARC
14012100,Forked Hatchet,Mystic,Axe,AxeNormal,0,0.25,D,1,0.20,E,1,0.00,-,0,0.60,C,1,0.60,C,1,STR|DEX|FAI|ARC,INT
14011100,Forked Hatchet,Night,Axe,AxeNormal,0,0.25,D,1,0.20,E,1,0.70,C,1,0.70,C,1,0.00,-,0,STR|DEX|INT|FAI,ARC
14010300,Forked Hatchet,Quality,Axe,AxeNormal,0,0.65,C,1,0.65,C,1,0.00,-,0,0.00,-,0,0.00,-,0,STR|DEX,INT|FAI|ARC
14011900,Forked Hatchet,Rotten,Axe,AxeNormal,0,0.25,D,1,0.20,E,1,0.00,-,0,0.60,C,1,0.60,C,1,STR|DEX|FAI|ARC,INT
14010000,Forked Hatchet,Standard,Axe,AxeNormal,0,0.50,D,1,0.40,D,1,0.00,-,0,0.00,-,0,0.00,-,0,STR|DEX,INT|FAI|ARC
14012000,Forked Hatchet,Storm,Axe,AxeNormal,0,0.25,D,1,0.20,E,1,0.70,C,1,0.70,C,1,0.00,-,0,STR|DEX|INT|FAI,ARC
14540000,Forked-Tongue Hatchet,Standard,Axe,AxeNormal,0,0.80,C,1,0.80,C,1,0.00,-,0,0.00,-,0,0.00,-,0,STR|DEX,INT|FAI|ARC
34090000,Frenzied Flame Seal,Standard,Seal,Talisman,0,0.00,-,0,0.00,-,0,1.00,B,1,1.00,B,1,0.00,-,0,INT|FAI,STR|DEX|ARC
61520000,Frenzyflame Perfume Bottle,Standard,Perfume Bottle,PerfumeBottle,0,0.10,E,1,0.20,E,1,0.35,D,1,0.35,D,1,0.70,C,1,STR|DEX|INT|FAI|ARC,
8510000,Freyja's Greatsword,Standard,Curved Greatsword,SaberLarge,0,1.15,B,1,0.55,D,1,0.00,-,0,0.00,-,0,0.00,-,0,STR|DEX,INT|FAI|ARC
5050000,Frozen Needle,Standard,Thrusting Sword,SwordPierce,0,0.10,E,1,0.60,C,1,0.75,C,1,0.00,-,0,0.75,C,1,STR|DEX|INT|ARC,FAI
10040000,Frozen Twinshards,Standard,Twinblade,SwordDoubleEdge,0,0.10,E,1,0.70,C,1,0.85,C,1,0.00,-,0,0.85,C,1,STR|DEX|INT|ARC,FAI
43060000,Full Moon Crossbow,Standard,Crossbow,ClossBow,0,0.35,D,1,0.25,D,1,1.00,B,1,0.00,-,0,0.00,-,0,STR|DEX|INT,FAI|ARC
21090000,Furnace Fists,Standard,Fist,Knuckle,0,0.75,C,1,0.30,D,1,0.00,-,0,1.05,B,1,0.00,-,0,STR|DEX|FAI,INT|ARC
16561700,Gaelor's Mancatcher,Aberrant,Spear,SpearNormal,0,0.30,D,1,0.35,D,1,0.65,C,1,0.00,-,0,0.65,C,1,STR|DEX|INT|ARC,FAI
16561000,Gaelor's Mancatcher,Bestial,Spear,SpearNormal,0,0.35,D,1,0.40,D,1,0.00,-,0,0.90,B,1,0.00,-,0,STR|DEX|FAI,INT|ARC
16561800,Gaelor's Mancatcher,Bloodflame,Spear,SpearNormal,0,0.30,D,1,0.35,D,1,0.00,-,0,0.65,C,1,0.65,C,1,STR|DEX|FAI|ARC,INT
16561400,Gaelor's Mancatcher,Death,Spear,SpearNormal,0,0.30,D,1,0.35,D,1,0.65,C,1,0.65,C,1,0.00,-,0,STR|DEX|INT|FAI,ARC
16560900,Gaelor's Mancatcher,Draconic,Spear,SpearNormal,0,0.35,D,1,0.40,D,1,0.00,-,0,0.90,B,1,0.00,-,0,STR|DEX|FAI,INT|ARC
16560500,Gaelor's Mancatcher,Dragonkin,Spear,SpearNormal,0,0.35,D,1,0.40,D,1,0.80,C,1,0.00,-,0,0.00,-,0,STR|DEX|INT,FAI|ARC
16560700,Gaelor's Mancatcher,Flame,Spear,SpearNormal,0,0.35,D,1,0.40,D,1,0.00,-,0,0.80,C,1,0.00,-,0,STR|DEX|FAI,INT|ARC
16561300,Gaelor's Mancatcher,Frenzy,Spear,SpearNormal,0,0.30,D,1,0.35,D,1,0.65,C,1,0.65,C,1,0.00,-,0,STR|DEX|INT|FAI,ARC
16561600,Gaelor's Mancatcher,Frost,Spear,SpearNormal,0,0.30,D,1,0.35,D,1,0.65,C,1,0.00,-,0,0.65,C,1,STR|DEX|INT|ARC,FAI
16560400,Gaelor's Mancatcher,Glint,Spear,SpearNormal,0,0.35,D,1,0.40,D,1,0.90,B,1,0.00,-,0,0.00,-,0,STR|DEX|INT,FAI|ARC
16561500,Gaelor's Mancatcher,Godslayer,Spear,SpearNormal,0,0.30,D,1,0.35,D,1,0.65,C,1,0.65,C,1,0.00,-,0,STR|DEX|INT|FAI,ARC
16560800,Gaelor's Mancatcher,Golden,Spear,SpearNormal,0,0.35,D,1,0.40,D,1,0.00,-,0,0.90,B,1,0.00,-,0,STR|DEX|FAI,INT|ARC
16560600,Gaelor's Mancatcher,Gravity,Spear,SpearNormal,0,0.35,D,1,0.40,D,1,0.90,B,1,0.00,-,0,0.00,-,0,STR|DEX|INT,FAI|ARC
16560100,Gaelor's Mancatcher,Heavy,Spear,SpearNormal,0,0.80,C,1,0.55,D,1,0.00,-,0,0.00,-,0,0.00,-,0,STR|DEX,INT|FAI|ARC
16560200,Gaelor's Mancatcher,Keen,Spear,SpearNormal,0,0.25,D,1,1.15,B,1,0.00,-,0,0.00,-,0,0.00,-,0,STR|DEX,INT|FAI|ARC
16561200,Gaelor's Mancatcher,Lava,Spear,SpearNormal,0,0.30,D,1,0.35,D,1,0.75,C,1,0.75,C,1,0.00,-,0,STR|DEX|INT|FAI,ARC
16562100,Gaelor's Mancatcher,Mystic,Spear,SpearNormal,0,0.30,D,1,0.35,D,1,0.00,-,0,0.65,C,1,0.65,C,1,STR|DEX|FAI|ARC,INT
16561100,Gaelor's Mancatcher,Night,Spear,SpearNormal,0,0.30,D,1,0.35,D,1,0.75,C,1,0.75,C,1,0.00,-,0,STR|DEX|INT|FAI,ARC
16560300,Gaelor's Mancatcher,Quality,Spear,SpearNormal,0,0.55,D,1,0.85,C,1,0.00,-,0,0.00,-,0,0.00,-,0,STR|DEX,INT|FAI|ARC
16561900,Gaelor's Mancatcher,Rotten,Spear,SpearNormal,0,0.30,D,1,0.35,D,1,0.00,-,0,0.65,C,1,0.65,C,1,STR|DEX|FAI|ARC,INT
16560000,Gaelor's Mancatcher,Standard,Spear,SpearNormal,0,0.45,D,1,0.70,C,1,0.00,-,0,0.00,-,0,0.00,-,0,STR|DEX,INT|FAI|ARC
16562000,Gaelor's Mancatcher,Storm,Spear,SpearNormal,0,0.30,D,1,0.35,D,1,0.75,C,1,0.75,C,1,0.00,-,0,STR|DEX|INT|FAI,ARC
10200000,Galvanic Culling Blade [Twinblade],Standard,Twinblade,SwordDoubleEdge,0,0.55,D,1,0.70,C,1,1.15,B,1,0.00,-,0,0.00,-,0,STR|DEX|INT,FAI|ARC
15140000,Gargoyle's Black Axe,Standard,Greataxe,AxeLarge,0,0.70,C,1,0.15,E,1,0.70,C,1,0.70,C,1,0.00,-,0,STR|DEX|INT|FAI,ARC
10090000,Gargoyle's Black Blades,Standard,Twinblade,SwordDoubleEdge,0,0.70,C,1,0.25,D,1,0.70,C,1,0.70,C,1,0.00,-,0,STR|DEX|INT|FAI,ARC
18160000,Gargoyle's Black Halberd,Standard,Halberd,SpearAxe,0,0.50,D,1,0.35,D,1,0.70,C,1,0.70,C,1,0.00,-,0,STR|DEX|INT|FAI,ARC
3210000,Gargoyle's Blackblade,Standard,Greatsword,SwordLarge,0,0.17,E,1,0.13,E,1,0.70,C,1,0.70,C,1,0.00,-,0,STR|DEX|INT|FAI,ARC
15130000,Gargoyle's Great Axe,Standard,Greataxe,AxeLarge,0,1.10,B,1,0.80,C,1,0.00,-,0,0.00,-,0,0.00,-,0,STR|DEX,INT|FAI|ARC
3190000,Gargoyle's Greatsword,Standard,Greatsword,SwordLarge,0,0.17,E,1,0.13,E,1,0.80,C,1,0.80,C,1,0.00,-,0,STR|DEX|INT|FAI,ARC
18150000,Gargoyle's Halberd,Standard,Halberd,SpearAxe,0,0.50,D,1,0.40,D,1,0.80,C,1,0.80,C,1,0.00,-,0,STR|DEX|INT|FAI,ARC
10080000,Gargoyle's Twinblade,Standard,Twinblade,SwordDoubleEdge,0,0.35,D,1,0.50,D,1,0.85,C,1,0.85,C,1,0.00,-,0,STR|DEX|INT|FAI,ARC
23520000,Gazing Finger,Standard,Colossal Weapon,AxhammerLarge,0,0.70,C,1,0.40,D,1,1.10,B,1,0.00,-,0,0.00,-,0,STR|DEX|INT,FAI|ARC
33050000,Gelmir Glintstone Staff,Standard,Staff,Staff,0,0.00,-,0,0.00,-,0,0.80,C,1,0.80,C,1,0.00,-,0,INT|FAI,STR|DEX|ARC
23100000,Ghiza's Wheel,Standard,Colossal Weapon,AxhammerLarge,0,1.05,B,1,0.85,C,1,0.00,-,0,0.00,-,0,0.00,-,0,STR|DEX,INT|FAI|ARC
24050000,Ghostflame Torch,Standard,Torch,Torch,0,0.20,E,1,0.20,E,1,0.45,D,1,0.45,D,1,0.00,-,0,STR|DEX|INT|FAI,ARC
20060000,Giant's Red Braid,Standard,Whip,Whip,0,0.45,D,1,0.80,C,1,0.00,-,0,1.00,B,1,0.00,-,0,STR|DEX|FAI,INT|ARC
34020000,Giant's Seal,Standard,Seal,Talisman,0,0.00,-,0,0.00,-,0,0.00,-,0,1.00,B,1,0.00,-,0,FAI,STR|DEX|INT|ARC
23111700,Giant-Crusher,Aberrant,Colossal Weapon,AxhammerLarge,0,0.55,D,1,0.00,-,0,0.60,C,1,0.00,-,0,0.60,C,1,STR|INT|ARC,DEX|FAI
23111000,Giant-Crusher,Bestial,Colossal Weapon,AxhammerLarge,0,0.60,C,1,0.05,E,1,0.00,-,0,0.90,B,1,0.00,-,0,STR|DEX|FAI,INT|ARC
23111800,Giant-Crusher,Bloodflame,Colossal Weapon,AxhammerLarge,0,0.55,D,1,0.00,-,0,0.00,-,0,0.60,C,1,0.60,C,1,STR|FAI|ARC,DEX|INT
23111400,Giant-Crusher,Death,Colossal Weapon,AxhammerLarge,0,0.55,D,1,0.00,-,0,0.60,C,1,0.60,C,1,0.00,-,0,STR|INT|FAI,DEX|ARC
23110900,Giant-Crusher,Draconic,Colossal Weapon,AxhammerLarge,0,0.60,C,1,0.05,E,1,0.00,-,0,0.90,B,1,0.00,-,0,STR|DEX|FAI,INT|ARC
23110500,Giant-Crusher,Dragonkin,Colossal Weapon,AxhammerLarge,0,0.60,C,1,0.05,E,1,0.80,C,1,0.00,-,0,0.00,-,0,STR|DEX|INT,FAI|ARC
23110700,Giant-Crusher,Flame,Colossal Weapon,AxhammerLarge,0,0.60,C,1,0.05,E,1,0.00,-,0,0.80,C,1,0.00,-,0,STR|DEX|FAI,INT|ARC
23111300,Giant-Crusher,Frenzy,Colossal Weapon,AxhammerLarge,0,0.55,D,1,0.00,-,0,0.60,C,1,0.60,C,1,0.00,-,0,STR|INT|FAI,DEX|ARC
23111600,Giant-Crusher,Frost,Colossal Weapon,AxhammerLarge,0,0.55,D,1,0.00,-,0,0.60,C,1,0.00,-,0,0.60,C,1,STR|INT|ARC,DEX|FAI
23110400,Giant-Crusher,Glint,Colossal Weapon,AxhammerLarge,0,0.60,C,1,0.05,E,1,0.90,B,1,0.00,-,0,0.00,-,0,STR|DEX|INT,FAI|ARC
23111500,Giant-Crusher,Godslayer,Colossal Weapon,AxhammerLarge,0,0.55,D,1,0.00,-,0,0.60,C,1,0.60,C,1,0.00,-,0,STR|INT|FAI,DEX|ARC
23110800,Giant-Crusher,Golden,Colossal Weapon,AxhammerLarge,0,0.60,C,1,0.05,E,1,0.00,-,0,0.90,B,1,0.00,-,0,STR|DEX|FAI,INT|ARC
23110600,Giant-Crusher,Gravity,Colossal Weapon,AxhammerLarge,0,0.60,C,1,0.05,E,1,0.90,B,1,0.00,-,0,0.00,-,0,STR|DEX|INT,FAI|ARC
23110100,Giant-Crusher,Heavy,Colossal Weapon,AxhammerLarge,0,1.35,B,1,0.05,E,1,0.00,-,0,0.00,-,0,0.00,-,0,STR|DEX,INT|FAI|ARC
23110200,Giant-Crusher,Keen,Colossal Weapon,AxhammerLarge,0,0.75,C,1,0.55,D,1,0.00,-,0,0.00,-,0,0.00,-,0,STR|DEX,INT|FAI|ARC
23111200,Giant-Crusher,Lava,Colossal Weapon,AxhammerLarge,0,0.55,D,1,0.00,-,0,0.70,C,1,0.70,C,1,0.00,-,0,STR|INT|FAI,DEX|ARC
23112100,Giant-Crusher,Mystic,Colossal Weapon,AxhammerLarge,0,0.55,D,1,0.00,-,0,0.00,-,0,0.60,C,1,0.60,C,1,STR|FAI|ARC,DEX|INT
23111100,Giant-Crusher,Night,Colossal Weapon,AxhammerLarge,0,0.55,D,1,0.00,-,0,0.70,C,1,0.70,C,1,0.00,-,0,STR|INT|FAI,DEX|ARC
23110300,Giant-Crusher,Quality,Colossal Weapon,AxhammerLarge,0,1.05,B,1,0.35,D,1,0.00,-,0,0.00,-,0,0.00,-,0,STR|DEX,INT|FAI|ARC
23111900,Giant-Crusher,Rotten,Colossal Weapon,AxhammerLarge,0,0.55,D,1,0.00,-,0,0.00,-,0,0.60,C,1,0.60,C,1,STR|FAI|ARC,DEX|INT
23110000,Giant-Crusher,Standard,Colossal Weapon,AxhammerLarge,0,1.10,B,1,0.05,E,1,0.00,-,0,0.00,-,0,0.00,-,0,STR|DEX,INT|FAI|ARC
23112000,Giant-Crusher,Storm,Colossal Weapon,AxhammerLarge,0,0.55,D,1,0.00,-,0,0.70,C,1,0.70,C,1,0.00,-,0,STR|INT|FAI,DEX|ARC
32270000,Gilded Greatshield,Standard,Greatshield,ShieldLarge,0,0.50,D,1,0.00,-,0,0.00,-,0,0.00,-,0,0.00,-,0,STR,DEX|INT|FAI|ARC
30130000,Gilded Iron Shield,Standard,Small Shield,ShieldSmall,0,0.24,E,1,0.00,-,0,0.00,-,0,0.00,-,0,0.00,-,0,STR,DEX|INT|FAI|ARC
10110000,Gilded Quarterstaff,Standard,Twinblade,SwordDoubleEdge,0,1.27,B,1,0.55,D,1,0.00,-,0,0.00,-,0,0.00,-,0,STR|DEX,INT|FAI|ARC
18091700,Glaive,Aberrant,Halberd,SpearAxe,0,0.30,D,1,0.30,D,1,0.60,C,1,0.00,-,0,0.60,C,1,STR|DEX|INT|ARC,FAI
18091000,Glaive,Bestial,Halberd,SpearAxe,0,0.35,D,1,0.35,D,1,0.00,-,0,0.90,B,1,0.00,-,0,STR|DEX|FAI,INT|ARC
18091800,Glaive,Bloodflame,Halberd,SpearAxe,0,0.30,D,1,0.30,D,1,0.00,-,0,0.60,C,1,0.60,C,1,STR|DEX|FAI|ARC,INT
18091400,Glaive,Death,Halberd,SpearAxe,0,0.30,D,1,0.30,D,1,0.60,C,1,0.60,C,1,0.00,-,0,STR|DEX|INT|FAI,ARC
18090900,Glaive,Draconic,Halberd,SpearAxe,0,0.35,D,1,0.35,D,1,0.00,-,0,0.90,B,1,0.00,-,0,STR|DEX|FAI,INT|ARC
18090500,Glaive,Dragonkin,Halberd,SpearAxe,0,0.35,D,1,0.35,D,1,0.80,C,1,0.00,-,0,0.00,-,0,STR|DEX|INT,FAI|ARC
18090700,Glaive,Flame,Halberd,SpearAxe,0,0.35,D,1,0.35,D,1,0.00,-,0,0.80,C,1,0.00,-,0,STR|DEX|FAI,INT|ARC
18091300,Glaive,Frenzy,Halberd,SpearAxe,0,0.30,D,1,0.30,D,1,0.60,C,1,0.60,C,1,0.00,-,0,STR|DEX|INT|FAI,ARC
18091600,Glaive,Frost,Halberd,SpearAxe,0,0.30,D,1,0.30,D,1,0.60,C,1,0.00,-,0,0.60,C,1,STR|DEX|INT|ARC,FAI
18090400,Glaive,Glint,Halberd,SpearAxe,0,0.35,D,1,0.35,D,1,0.90,B,1,0.00,-,0,0.00,-,0,STR|DEX|INT,FAI|ARC
18091500,Glaive,Godslayer,Halberd,SpearAxe,0,0.30,D,1,0.30,D,1,0.60,C,1,0.60,C,1,0.00,-,0,STR|DEX|INT|FAI,ARC
18090800,Glaive,Golden,Halberd,SpearAxe,0,0.35,D,1,0.35,D,1,0.00,-,0,0.90,B,1,0.00,-,0,STR|DEX|FAI,INT|ARC
18090600,Glaive,Gravity,Halberd,SpearAxe,0,0.35,D,1,0.35,D,1,0.90,B,1,0.00,-,0,0.00,-,0,STR|DEX|INT,FAI|ARC
18090100,Glaive,Heavy,Halberd,SpearAxe,0,0.85,C,1,0.45,D,1,0.00,-,0,0.00,-,0,0.00,-,0,STR|DEX,INT|FAI|ARC
18090200,Glaive,Keen,Halberd,SpearAxe,0,0.45,D,1,0.95,B,1,0.00,-,0,0.00,-,0,0.00,-,0,STR|DEX,INT|FAI|ARC
18091200,Glaive,Lava,Halberd,SpearAxe,0,0.30,D,1,0.30,D,1,0.70,C,1,0.70,C,1,0.00,-,0,STR|DEX|INT|FAI,ARC
18092100,Glaive,Mystic,Halberd,SpearAxe,0,0.30,D,1,0.30,D,1,0.00,-,0,0.60,C,1,0.60,C,1,STR|DEX|FAI|ARC,INT
18091100,Glaive,Night,Halberd,SpearAxe,0,0.30,D,1,0.30,D,1,0.70,C,1,0.70,C,1,0.00,-,0,STR|DEX|INT|FAI,ARC
18090300,Glaive,Quality,Halberd,SpearAxe,0,0.70,C,1,0.70,C,1,0.00,-,0,0.00,-,0,0.00,-,0,STR|DEX,INT|FAI|ARC
18091900,Glaive,Rotten,Halberd,SpearAxe,0,0.30,D,1,0.30,D,1,0.00,-,0,0.60,C,1,0.60,C,1,STR|DEX|FAI|ARC,INT
18090000,Glaive,Standard,Halberd,SpearAxe,0,0.50,D,1,0.50,D,1,0.00,-,0,0.00,-,0,0.00,-,0,STR|DEX,INT|FAI|ARC
18092000,Glaive,Storm,Halberd,SpearAxe,0,0.30,D,1,0.30,D,1,0.70,C,1,0.70,C,1,0.00,-,0,STR|DEX|INT|FAI,ARC
18120000,Glaive of the Ancients (Draconic),Standard,Halberd,SpearAxe,0,0.75,C,1,0.75,C,1,0.00,-,0,0.95,B,1,0.00,-,0,STR|DEX|FAI,INT|ARC
18520000,Glaive of the Crusade,Standard,Halberd,SpearAxe,0,0.65,C,1,0.65,C,1,0.00,-,0,1.10,B,1,0.00,-,0,STR|DEX|FAI,INT|ARC
14070000,Glintstone Cleaver,Standard,Axe,AxeNormal,0,0.75,C,1,0.00,-,0,1.05,B,1,0.00,-,0,0.00,-,0,STR|INT,DEX|FAI|ARC
1070000,Glintstone Kris,Standard,Dagger,Dagger,0,0.10,E,1,0.30,D,1,0.85,C,1,0.00,-,0,0.00,-,0,STR|DEX|INT,FAI|ARC
33000000,Glintstone Staff,Standard,Staff,Staff,0,0.00,-,0,0.00,-,0,0.80,C,1,0.00,-,0,0.00,-,0,INT,STR|DEX|FAI|ARC
7170000,Godskin Flayer,Standard,Curved Sword,SaberNormal,0,0.20,E,1,0.40,D,1,0.75,C,1,0.75,C,1,0.00,-,0,STR|DEX|INT|FAI,ARC
10010000,Godskin Peeler,Standard,Twinblade,SwordDoubleEdge,0,0.25,D,1,0.40,D,1,0.85,C,1,0.85,C,1,0.00,-,0,STR|DEX|INT|FAI,ARC
34100000,Godskin Seal,Standard,Seal,Talisman,0,0.00,-,0,0.00,-,0,0.80,C,1,0.80,C,1,0.00,-,0,INT|FAI,STR|DEX|ARC
6010000,Godskin Stitcher,Standard,Heavy Thrusting Sword,RapierHeavy,0,0.20,E,1,0.45,D,1,0.70,C,1,0.70,C,1,0.00,-,0,STR|DEX|INT|FAI,ARC
4070000,Godslayer's Greatsword,Standard,Colossal Sword,SwordGigantic,0,0.70,C,1,0.30,D,1,0.70,C,1,0.70,C,1,0.00,-,0,STR|DEX|INT|FAI,ARC
34010000,Godslayer's Seal,Standard,Seal,Talisman,0,0.00,-,0,0.00,-,0,1.00,B,1,1.00,B,1,0.00,-,0,INT|FAI,STR|DEX|ARC
10070000,Godwyn's Cragblades,Standard,Twinblade,SwordDoubleEdge,0,0.35,D,1,0.65,C,1,0.00,-,0,1.10,B,1,0.00,-,0,STR|DEX|FAI,INT|ARC
32090000,Golden Beast Crest Shield,Standard,Greatshield,ShieldLarge,0,0.50,D,1,0.00,-,0,0.00,-,0,0.00,-,0,0.00,-,0,STR,DEX|INT|FAI|ARC
2070000,Golden Epitaph,Standard,Straight Sword,SwordNormal,0,0.18,E,1,0.17,E,1,0.00,-,0,0.90,B,1,0.00,-,0,STR|DEX|FAI,INT|ARC
32260000,Golden Greatshield,Standard,Greatshield,ShieldLarge,0,0.50,D,1,0.00,-,0,0.00,-,0,0.00,-,0,0.00,-,0,STR,DEX|INT|FAI|ARC
18080000,Golden Halberd,Standard,Halberd,SpearAxe,0,0.85,C,1,0.40,D,1,0.00,-,0,0.85,C,1,0.00,-,0,STR|DEX|FAI,INT|ARC
31530000,Golden Lion Shield,Standard,Medium Shield,ShieldNormal,10000,0.60,C,1,0.00,-,0,0.00,-,0,0.00,-,0,0.00,-,0,STR,DEX|INT|FAI|ARC
3170000,Golden Order Greatsword,Standard,Greatsword,SwordLarge,0,0.20,E,1,0.05,E,1,0.00,-,0,1.25,B,1,0.00,-,0,STR|DEX|FAI,INT|ARC
34060000,Golden Order Seal,Standard,Seal,Talisman,0,0.00,-,0,0.00,-,0,0.00,-,0,1.00,B,1,0.00,-,0,FAI,STR|DEX|INT|ARC
21541700,Golem Fist,Aberrant,Fist,Knuckle,0,0.45,D,1,0.10,E,1,0.60,C,1,0.00,-,0,0.60,C,1,STR|DEX|INT|ARC,FAI
21541000,Golem Fist,Bestial,Fist,Knuckle,0,0.50,D,1,0.15,E,1,0.00,-,0,0.90,B,1,0.00,-,0,STR|DEX|FAI,INT|ARC
21541800,Golem Fist,Bloodflame,Fist,Knuckle,0,0.45,D,1,0.10,E,1,0.00,-,0,0.60,C,1,0.60,C,1,STR|DEX|FAI|ARC,INT
21541400,Golem Fist,Death,Fist,Knuckle,0,0.45,D,1,0.10,E,1,0.60,C,1,0.60,C,1,0.00,-,0,STR|DEX|INT|FAI,ARC
21540900,Golem Fist,Draconic,Fist,Knuckle,0,0.50,D,1,0.15,E,1,0.00,-,0,0.90,B,1,0.00,-,0,STR|DEX|FAI,INT|ARC
21540500,Golem Fist,Dragonkin,Fist,Knuckle,0,0.50,D,1,0.15,E,1,0.80,C,1,0.00,-,0,0.00,-,0,STR|DEX|INT,FAI|ARC
21540700,Golem Fist,Flame,Fist,Knuckle,0,0.50,D,1,0.15,E,1,0.00,-,0,0.80,C,1,0.00,-,0,STR|DEX|FAI,INT|ARC
21541300,Golem Fist,Frenzy,Fist,Knuckle,0,0.45,D,1,0.10,E,1,0.60,C,1,0.60,C,1,0.00,-,0,STR|DEX|INT|FAI,ARC
21541600,Golem Fist,Frost,Fist,Knuckle,0,0.45,D,1,0.10,E,1,0.60,C,1,0.00,-,0,0.60,C,1,STR|DEX|INT|ARC,FAI
21540400,Golem Fist,Glint,Fist,Knuckle,0,0.50,D,1,0.15,E,1,0.90,B,1,0.00,-,0,0.00,-,0,STR|DEX|INT,FAI|ARC
21541500,Golem Fist,Godslayer,Fist,Knuckle,0,0.45,D,1,0.10,E,1,0.60,C,1,0.60,C,1,0.00,-,0,STR|DEX|INT|FAI,ARC
21540800,Golem Fist,Golden,Fist,Knuckle,0,0.50,D,1,0.15,E,1,0.00,-,0,0.90,B,1,0.00,-,0,STR|DEX|FAI,INT|ARC
21540600,Golem Fist,Gravity,Fist,Knuckle,0,0.50,D,1,0.15,E,1,0.90,B,1,0.00,-,0,0.00,-,0,STR|DEX|INT,FAI|ARC
21540100,Golem Fist,Heavy,Fist,Knuckle,0,0.90,B,1,0.30,D,1,0.00,-,0,0.00,-,0,0.00,-,0,STR|DEX,INT|FAI|ARC
21540200,Golem Fist,Keen,Fist,Knuckle,0,0.45,D,1,0.75,C,1,0.00,-,0,0.00,-,0,0.00,-,0,STR|DEX,INT|FAI|ARC
21541200,Golem Fist,Lava,Fist,Knuckle,0,0.45,D,1,0.10,E,1,0.70,C,1,0.70,C,1,0.00,-,0,STR|DEX|INT|FAI,ARC
21542100,Golem Fist,Mystic,Fist,Knuckle,0,0.45,D,1,0.10,E,1,0.00,-,0,0.60,C,1,0.60,C,1,STR|DEX|FAI|ARC,INT
21541100,Golem Fist,Night,Fist,Knuckle,0,0.45,D,1,0.10,E,1,0.70,C,1,0.70,C,1,0.00,-,0,STR|DEX|INT|FAI,ARC
21540300,Golem Fist,Quality,Fist,Knuckle,0,0.85,C,1,0.70,C,1,0.00,-,0,0.00,-,0,0.00,-,0,STR|DEX,INT|FAI|ARC
21541900,Golem Fist,Rotten,Fist,Knuckle,0,0.45,D,1,0.10,E,1,0.00,-,0,0.60,C,1,0.60,C,1,STR|DEX|FAI|ARC,INT
21540000,Golem Fist,Standard,Fist,Knuckle,0,0.55,D,1,0.40,D,1,0.00,-,0,0.00,-,0,0.00,-,0,STR|DEX,INT|FAI|ARC
21542000,Golem Fist,Storm,Fist,Knuckle,0,0.45,D,1,0.10,E,1,0.70,C,1,0.70,C,1,0.00,-,0,STR|DEX|INT|FAI,ARC
42010000,Golem Greatbow,Standard,Greatbow,BowLarge,0,1.00,B,1,0.20,E,1,0.00,-,0,0.00,-,0,0.00,-,0,STR|DEX,INT|FAI|ARC
23121700,Golem's Halberd,Aberrant,Colossal Weapon,AxhammerLarge,0,0.45,D,1,0.25,D,1,0.60,C,1,0.00,-,0,0.60,C,1,STR|DEX|INT|ARC,FAI
23121000,Golem's Halberd,Bestial,Colossal Weapon,AxhammerLarge,0,0.50,D,1,0.30,D,1,0.00,-,0,0.90,B,1,0.00,-,0,STR|DEX|FAI,INT|ARC
23121800,Golem's Halberd,Bloodflame,Colossal Weapon,AxhammerLarge,0,0.45,D,1,0.25,D,1,0.00,-,0,0.60,C,1,0.60,C,1,STR|DEX|FAI|ARC,INT
23121400,Golem's Halberd,Death,Colossal Weapon,AxhammerLarge,0,0.45,D,1,0.25,D,1,0.60,C,1,0.60,C,1,0.00,-,0,STR|DEX|INT|FAI,ARC
23120900,Golem's Halberd,Draconic,Colossal Weapon,AxhammerLarge,0,0.50,D,1,0.30,D,1,0.00,-,0,0.90,B,1,0.00,-,0,STR|DEX|FAI,INT|ARC
23120500,Golem's Halberd,Dragonkin,Colossal Weapon,AxhammerLarge,0,0.50,D,1,0.30,D,1,0.80,C,1,0.00,-,0,0.00,-,0,STR|DEX|INT,FAI|ARC
23120700,Golem's Halberd,Flame,Colossal Weapon,AxhammerLarge,0,0.50,D,1,0.30,D,1,0.00,-,0,0.80,C,1,0.00,-,0,STR|DEX|FAI,INT|ARC
23121300,Golem's Halberd,Frenzy,Colossal Weapon,AxhammerLarge,0,0.45,D,1,0.25,D,1,0.60,C,1,0.60,C,1,0.00,-,0,STR|DEX|INT|FAI,ARC
23121600,Golem's Halberd,Frost,Colossal Weapon,AxhammerLarge,0,0.45,D,1,0.25,D,1,0.60,C,1,0.00,-,0,0.60,C,1,STR|DEX|INT|ARC,FAI
23120400,Golem's Halberd,Glint,Colossal Weapon,AxhammerLarge,0,0.50,D,1,0.30,D,1,0.90,B,1,0.00,-,0,0.00,-,0,STR|DEX|INT,FAI|ARC
23121500,Golem's Halberd,Godslayer,Colossal Weapon,AxhammerLarge,0,0.45,D,1,0.25,D,1,0.60,C,1,0.60,C,1,0.00,-,0,STR|DEX|INT|FAI,ARC
23120800,Golem's Halberd,Golden,Colossal Weapon,AxhammerLarge,0,0.50,D,1,0.30,D,1,0.00,-,0,0.90,B,1,0.00,-,0,STR|DEX|FAI,INT|ARC
23120600,Golem's Halberd,Gravity,Colossal Weapon,AxhammerLarge,0,0.50,D,1,0.30,D,1,0.90,B,1,0.00,-,0,0.00,-,0,STR|DEX|INT,FAI|ARC
23120100,Golem's Halberd,Heavy,Colossal Weapon,AxhammerLarge,0,1.05,B,1,0.30,D,1,0.00,-,0,0.00,-,0,0.00,-,0,STR|DEX,INT|FAI|ARC
23120200,Golem's Halberd,Keen,Colossal Weapon,AxhammerLarge,0,0.65,C,1,0.80,C,1,0.00,-,0,0.00,-,0,0.00,-,0,STR|DEX,INT|FAI|ARC
23121200,Golem's Halberd,Lava,Colossal Weapon,AxhammerLarge,0,0.45,D,1,0.25,D,1,0.70,C,1,0.70,C,1,0.00,-,0,STR|DEX|INT|FAI,ARC
23122100,Golem's Halberd,Mystic,Colossal Weapon,AxhammerLarge,0,0.45,D,1,0.25,D,1,0.00,-,0,0.60,C,1,0.60,C,1,STR|DEX|FAI|ARC,INT
23121100,Golem's Halberd,Night,Colossal Weapon,AxhammerLarge,0,0.45,D,1,0.25,D,1,0.70,C,1,0.70,C,1,0.00,-,0,STR|DEX|INT|FAI,ARC
23120300,Golem's Halberd,Quality,Colossal Weapon,AxhammerLarge,0,0.75,C,1,0.60,C,1,0.00,-,0,0.00,-,0,0.00,-,0,STR|DEX,INT|FAI|ARC
23121900,Golem's Halberd,Rotten,Colossal Weapon,AxhammerLarge,0,0.45,D,1,0.25,D,1,0.00,-,0,0.60,C,1,0.60,C,1,STR|DEX|FAI|ARC,INT
23120000,Golem's Halberd,Standard,Colossal Weapon,AxhammerLarge,0,0.80,C,1,0.30,D,1,0.00,-,0,0.00,-,0,0.00,-,0,STR|DEX,INT|FAI|ARC
23122000,Golem's Halberd,Storm,Colossal Weapon,AxhammerLarge,0,0.45,D,1,0.25,D,1,0.70,C,1,0.70,C,1,0.00,-,0,STR|DEX|INT|FAI,ARC
68540000,Goras' Claw,Standard,Beast Claw,BeastClaw,0,0.60,C,1,0.05,E,1,0.00,-,0,0.75,C,1,0.75,C,1,STR|DEX|FAI|ARC,INT
4100000,Grafted Blade Greatsword,Standard,Colossal Sword,SwordGigantic,0,1.25,B,1,0.45,D,1,0.00,-,0,0.00,-,0,0.00,-,0,STR|DEX,INT|FAI|ARC
21060000,Grafted Dragon,Standard,Fist,Knuckle,0,0.75,C,1,0.75,C,1,0.00,-,0,0.75,C,1,0.00,-,0,STR|DEX|FAI,INT|ARC
19011700,Grave Scythe,Aberrant,Scythe,Sickle,0,0.15,E,1,0.20,E,1,0.60,C,1,0.00,-,0,0.60,C,1,STR|DEX|INT|ARC,FAI
19011000,Grave Scythe,Bestial,Scythe,Sickle,0,0.20,E,1,0.30,D,1,0.00,-,0,0.85,C,1,0.00,-,0,STR|DEX|FAI,INT|ARC
19011800,Grave Scythe,Bloodflame,Scythe,Sickle,0,0.15,E,1,0.20,E,1,0.00,-,0,0.60,C,1,0.60,C,1,STR|DEX|FAI|ARC,INT
19011400,Grave Scythe,Death,Scythe,Sickle,0,0.15,E,1,0.20,E,1,0.60,C,1,0.60,C,1,0.00,-,0,STR|DEX|INT|FAI,ARC
19010900,Grave Scythe,Draconic,Scythe,Sickle,0,0.20,E,1,0.30,D,1,0.00,-,0,0.85,C,1,0.00,-,0,STR|DEX|FAI,INT|ARC
19010500,Grave Scythe,Dragonkin,Scythe,Sickle,0,0.20,E,1,0.30,D,1,0.75,C,1,0.00,-,0,0.00,-,0,STR|DEX|INT,FAI|ARC
19010700,Grave Scythe,Flame,Scythe,Sickle,0,0.20,E,1,0.30,D,1,0.00,-,0,0.75,C,1,0.00,-,0,STR|DEX|FAI,INT|ARC
19011300,Grave Scythe,Frenzy,Scythe,Sickle,0,0.15,E,1,0.20,E,1,0.60,C,1,0.60,C,1,0.00,-,0,STR|DEX|INT|FAI,ARC
19011600,Grave Scythe,Frost,Scythe,Sickle,0,0.15,E,1,0.20,E,1,0.60,C,1,0.00,-,0,0.60,C,1,STR|DEX|INT|ARC,FAI
19010400,Grave Scythe,Glint,Scythe,Sickle,0,0.20,E,1,0.30,D,1,0.85,C,1,0.00,-,0,0.00,-,0,STR|DEX|INT,FAI|ARC
19011500,Grave Scythe,Godslayer,Scythe,Sickle,0,0.15,E,1,0.20,E,1,0.60,C,1,0.60,C,1,0.00,-,0,STR|DEX|INT|FAI,ARC
19010800,Grave Scythe,Golden,Scythe,Sickle,0,0.20,E,1,0.30,D,1,0.00,-,0,0.85,C,1,0.00,-,0,STR|DEX|FAI,INT|ARC
19010600,Grave Scythe,Gravity,Scythe,Sickle,0,0.20,E,1,0.30,D,1,0.85,C,1,0.00,-,0,0.00,-,0,STR|DEX|INT,FAI|ARC
19010100,Grave Scythe,Heavy,Scythe,Sickle,0,0.65,C,1,0.50,D,1,0.00,-,0,0.00,-,0,0.00,-,0,STR|DEX,INT|FAI|ARC
19010200,Grave Scythe,Keen,Scythe,Sickle,0,0.15,E,1,1.15,B,1,0.00,-,0,0.00,-,0,0.00,-,0,STR|DEX,INT|FAI|ARC
19011200,Grave Scythe,Lava,Scythe,Sickle,0,0.15,E,1,0.20,E,1,0.70,C,1,0.70,C,1,0.00,-,0,STR|DEX|INT|FAI,ARC
19012100,Grave Scythe,Mystic,Scythe,Sickle,0,0.15,E,1,0.20,E,1,0.00,-,0,0.60,C,1,0.60,C,1,STR|DEX|FAI|ARC,INT
19011100,Grave Scythe,Night,Scythe,Sickle,0,0.15,E,1,0.20,E,1,0.70,C,1,0.70,C,1,0.00,-,0,STR|DEX|INT|FAI,ARC
19010300,Grave Scythe,Quality,Scythe,Sickle,0,0.50,D,1,0.65,C,1,0.00,-,0,0.00,-,0,0.00,-,0,STR|DEX,INT|FAI|ARC
19011900,Grave Scythe,Rotten,Scythe,Sickle,0,0.15,E,1,0.20,E,1,0.00,-,0,0.60,C,1,0.60,C,1,STR|DEX|FAI|ARC,INT
19010000,Grave Scythe,Standard,Scythe,Sickle,0,0.35,D,1,0.65,C,1,0.00,-,0,0.00,-,0,0.00,-,0,STR|DEX,INT|FAI|ARC
19012000,Grave Scythe,Storm,Scythe,Sickle,0,0.15,E,1,0.20,E,1,0.70,C,1,0.70,C,1,0.00,-,0,STR|DEX|INT|FAI,ARC
34030000,Gravel Stone Seal,Standard,Seal,Talisman,0,0.00,-,0,0.00,-,0,0.00,-,0,0.80,C,1,0.00,-,0,FAI,STR|DEX|INT|ARC
4120000,Gravelstone Arcblades,Standard,Colossal Sword,SwordGigantic,0,0.95,B,1,0.45,D,1,0.00,-,0,0.95,B,1,0.00,-,0,STR|DEX|FAI,INT|ARC
23020000,Great Club,Standard,Colossal Weapon,AxhammerLarge,0,0.95,B,1,0.10,E,1,0.00,-,0,0.00,-,0,0.00,-,0,STR|DEX,INT|FAI|ARC
66501700,Great Katana,Aberrant,Great Katana,GreatKatana,0,0.10,E,1,0.15,E,1,0.60,C,1,0.00,-,0,0.60,C,1,STR|DEX|INT|ARC,FAI
66501000,Great Katana,Bestial,Great Katana,GreatKatana,0,0.15,E,1,0.20,E,1,0.00,-,0,0.90,B,1,0.00,-,0,STR|DEX|FAI,INT|ARC
66501800,Great Katana,Bloodflame,Great Katana,GreatKatana,0,0.10,E,1,0.15,E,1,0.00,-,0,0.60,C,1,0.60,C,1,STR|DEX|FAI|ARC,INT
66501400,Great Katana,Death,Great Katana,GreatKatana,0,0.10,E,1,0.15,E,1,0.60,C,1,0.60,C,1,0.00,-,0,STR|DEX|INT|FAI,ARC
66500900,Great Katana,Draconic,Great Katana,GreatKatana,0,0.15,E,1,0.20,E,1,0.00,-,0,0.90,B,1,0.00,-,0,STR|DEX|FAI,INT|ARC
66500500,Great Katana,Dragonkin,Great Katana,GreatKatana,0,0.15,E,1,0.20,E,1,0.80,C,1,0.00,-,0,0.00,-,0,STR|DEX|INT,FAI|ARC
66500700,Great Katana,Flame,Great Katana,GreatKatana,0,0.15,E,1,0.20,E,1,0.00,-,0,0.80,C,1,0.00,-,0,STR|DEX|FAI,INT|ARC
66501300,Great Katana,Frenzy,Great Katana,GreatKatana,0,0.10,E,1,0.15,E,1,0.60,C,1,0.60,C,1,0.00,-,0,STR|DEX|INT|FAI,ARC
66501600,Great Katana,Frost,Great Katana,GreatKatana,0,0.10,E,1,0.15,E,1,0.60,C,1,0.00,-,0,0.60,C,1,STR|DEX|INT|ARC,FAI
66500400,Great Katana,Glint,Great Katana,GreatKatana,0,0.15,E,1,0.20,E,1,0.90,B,1,0.00,-,0,0.00,-,0,STR|DEX|INT,FAI|ARC
66501500,Great Katana,Godslayer,Great Katana,GreatKatana,0,0.10,E,1,0.15,E,1,0.60,C,1,0.60,C,1,0.00,-,0,STR|DEX|INT|FAI,ARC
66500800,Great Katana,Golden,Great Katana,GreatKatana,0,0.15,E,1,0.20,E,1,0.00,-,0,0.90,B,1,0.00,-,0,STR|DEX|FAI,INT|ARC
66500600,Great Katana,Gravity,Great Katana,GreatKatana,0,0.15,E,1,0.20,E,1,0.90,B,1,0.00,-,0,0.00,-,0,STR|DEX|INT,FAI|ARC
66500100,Great Katana,Heavy,Great Katana,GreatKatana,0,0.70,C,1,0.35,D,1,0.00,-,0,0.00,-,0,0.00,-,0,STR|DEX,INT|FAI|ARC
66500200,Great Katana,Keen,Great Katana,GreatKatana,0,0.20,E,1,0.95,B,1,0.00,-,0,0.00,-,0,0.00,-,0,STR|DEX,INT|FAI|ARC
66501200,Great Katana,Lava,Great Katana,GreatKatana,0,0.10,E,1,0.15,E,1,0.70,C,1,0.70,C,1,0.00,-,0,STR|DEX|INT|FAI,ARC
66502100,Great Katana,Mystic,Great Katana,GreatKatana,0,0.10,E,1,0.15,E,1,0.00,-,0,0.60,C,1,0.60,C,1,STR|DEX|FAI|ARC,INT
66501100,Great Katana,Night,Great Katana,GreatKatana,0,0.10,E,1,0.15,E,1,0.70,C,1,0.70,C,1,0.00,-,0,STR|DEX|INT|FAI,ARC
66500300,Great Katana,Quality,Great Katana,GreatKatana,0,0.55,D,1,0.60,C,1,0.00,-,0,0.00,-,0,0.00,-,0,STR|DEX,INT|FAI|ARC
66501900,Great Katana,Rotten,Great Katana,GreatKatana,0,0.10,E,1,0.15,E,1,0.00,-,0,0.60,C,1,0.60,C,1,STR|DEX|FAI|ARC,INT
66500000,Great Katana,Standard,Great Katana,GreatKatana,0,0.40,D,1,0.50,D,1,0.00,-,0,0.00,-,0,0.00,-,0,STR|DEX,INT|FAI|ARC
66502000,Great Katana,Storm,Great Katana,GreatKatana,0,0.10,E,1,0.15,E,1,0.70,C,1,0.70,C,1,0.00,-,0,STR|DEX|INT|FAI,ARC
1091700,Great Knife,Aberrant,Dagger,Dagger,0,0.05,E,1,0.40,D,1,0.60,C,1,0.00,-,0,0.60,C,1,STR|DEX|INT|ARC,FAI
1091000,Great Knife,Bestial,Dagger,Dagger,0,0.10,E,1,0.40,D,1,0.00,-,0,0.95,B,1,0.00,-,0,STR|DEX|FAI,INT|ARC
1091800,Great Knife,Bloodflame,Dagger,Dagger,0,0.05,E,1,0.40,D,1,0.00,-,0,0.60,C,1,0.60,C,1,STR|DEX|FAI|ARC,INT
1091400,Great Knife,Death,Dagger,Dagger,0,0.05,E,1,0.40,D,1,0.60,C,1,0.60,C,1,0.00,-,0,STR|DEX|INT|FAI,ARC
1090900,Great Knife,Draconic,Dagger,Dagger,0,0.10,E,1,0.40,D,1,0.00,-,0,0.95,B,1,0.00,-,0,STR|DEX|FAI,INT|ARC
1090500,Great Knife,Dragonkin,Dagger,Dagger,0,0.10,E,1,0.40,D,1,0.85,C,1,0.00,-,0,0.00,-,0,STR|DEX|INT,FAI|ARC
1090700,Great Knife,Flame,Dagger,Dagger,0,0.10,E,1,0.40,D,1,0.00,-,0,0.85,C,1,0.00,-,0,STR|DEX|FAI,INT|ARC
1091300,Great Knife,Frenzy,Dagger,Dagger,0,0.05,E,1,0.40,D,1,0.60,C,1,0.60,C,1,0.00,-,0,STR|DEX|INT|FAI,ARC
1091600,Great Knife,Frost,Dagger,Dagger,0,0.05,E,1,0.40,D,1,0.60,C,1,0.00,-,0,0.60,C,1,STR|DEX|INT|ARC,FAI
1090400,Great Knife,Glint,Dagger,Dagger,0,0.10,E,1,0.40,D,1,0.95,B,1,0.00,-,0,0.00,-,0,STR|DEX|INT,FAI|ARC
1091500,Great Knife,Godslayer,Dagger,Dagger,0,0.05,E,1,0.40,D,1,0.60,C,1,0.60,C,1,0.00,-,0,STR|DEX|INT|FAI,ARC
1090800,Great Knife,Golden,Dagger,Dagger,0,0.10,E,1,0.40,D,1,0.00,-,0,0.95,B,1,0.00,-,0,STR|DEX|FAI,INT|ARC
1090600,Great Knife,Gravity,Dagger,Dagger,0,0.10,E,1,0.40,D,1,0.95,B,1,0.00,-,0,0.00,-,0,STR|DEX|INT,FAI|ARC
1090100,Great Knife,Heavy,Dagger,Dagger,0,0.65,C,1,0.50,D,1,0.00,-,0,0.00,-,0,0.00,-,0,STR|DEX,INT|FAI|ARC
1090200,Great Knife,Keen,Dagger,Dagger,0,0.10,E,1,1.15,B,1,0.00,-,0,0.00,-,0,0.00,-,0,STR|DEX,INT|FAI|ARC
1091200,Great Knife,Lava,Dagger,Dagger,0,0.05,E,1,0.40,D,1,0.70,C,1,0.70,C,1,0.00,-,0,STR|DEX|INT|FAI,ARC
1092100,Great Knife,Mystic,Dagger,Dagger,0,0.05,E,1,0.40,D,1,0.00,-,0,0.60,C,1,0.60,C,1,STR|DEX|FAI|ARC,INT
1091100,Great Knife,Night,Dagger,Dagger,0,0.05,E,1,0.40,D,1,0.70,C,1,0.70,C,1,0.00,-,0,STR|DEX|INT|FAI,ARC
1090300,Great Knife,Quality,Dagger,Dagger,0,0.45,D,1,0.70,C,1,0.00,-,0,0.00,-,0,0.00,-,0,STR|DEX,INT|FAI|ARC
1091900,Great Knife,Rotten,Dagger,Dagger,0,0.05,E,1,0.40,D,1,0.00,-,0,0.60,C,1,0.60,C,1,STR|DEX|FAI|ARC,INT
1090000,Great Knife,Standard,Dagger,Dagger,0,0.35,D,1,0.65,C,1,0.00,-,0,0.00,-,0,0.00,-,0,STR|DEX,INT|FAI|ARC
1092000,Great Knife,Storm,Dagger,Dagger,0,0.05,E,1,0.40,D,1,0.70,C,1,0.70,C,1,0.00,-,0,STR|DEX|INT|FAI,ARC
12061700,Great Mace,Aberrant,Great Hammer,HammerLarge,0,0.25,D,1,0.15,E,1,0.60,C,1,0.00,-,0,0.60,C,1,STR|DEX|INT|ARC,FAI
12061000,Great Mace,Bestial,Great Hammer,HammerLarge,0,0.30,D,1,0.20,E,1,0.00,-,0,0.90,B,1,0.00,-,0,STR|DEX|FAI,INT|ARC
12061800,Great Mace,Bloodflame,Great Hammer,HammerLarge,0,0.25,D,1,0.15,E,1,0.00,-,0,0.60,C,1,0.60,C,1,STR|DEX|FAI|ARC,INT
12061400,Great Mace,Death,Great Hammer,HammerLarge,0,0.25,D,1,0.15,E,1,0.60,C,1,0.60,C,1,0.00,-,0,STR|DEX|INT|FAI,ARC
12060900,Great Mace,Draconic,Great Hammer,HammerLarge,0,0.30,D,1,0.20,E,1,0.00,-,0,0.90,B,1,0.00,-,0,STR|DEX|FAI,INT|ARC
12060500,Great Mace,Dragonkin,Great Hammer,HammerLarge,0,0.30,D,1,0.20,E,1,0.80,C,1,0.00,-,0,0.00,-,0,STR|DEX|INT,FAI|ARC
12060700,Great Mace,Flame,Great Hammer,HammerLarge,0,0.30,D,1,0.20,E,1,0.00,-,0,0.80,C,1,0.00,-,0,STR|DEX|FAI,INT|ARC
12061300,Great Mace,Frenzy,Great Hammer,HammerLarge,0,0.25,D,1,0.15,E,1,0.60,C,1,0.60,C,1,0.00,-,0,STR|DEX|INT|FAI,ARC
12061600,Great Mace,Frost,Great Hammer,HammerLarge,0,0.25,D,1,0.15,E,1,0.60,C,1,0.00,-,0,0.60,C,1,STR|DEX|INT|ARC,FAI
12060400,Great Mace,Glint,Great Hammer,HammerLarge,0,0.30,D,1,0.20,E,1,0.90,B,1,0.00,-,0,0.00,-,0,STR|DEX|INT,FAI|ARC
12061500,Great Mace,Godslayer,Great Hammer,HammerLarge,0,0.25,D,1,0.15,E,1,0.60,C,1,0.60,C,1,0.00,-,0,STR|DEX|INT|FAI,ARC
12060800,Great Mace,Golden,Great Hammer,HammerLarge,0,0.30,D,1,0.20,E,1,0.00,-,0,0.90,B,1,0.00,-,0,STR|DEX|FAI,INT|ARC
12060600,Great Mace,Gravity,Great Hammer,HammerLarge,0,0.30,D,1,0.20,E,1,0.90,B,1,0.00,-,0,0.00,-,0,STR|DEX|INT,FAI|ARC
12060100,Great Mace,Heavy,Great Hammer,HammerLarge,0,1.15,B,1,0.20,E,1,0.00,-,0,0.00,-,0,0.00,-,0,STR|DEX,INT|FAI|ARC
12060200,Great Mace,Keen,Great Hammer,HammerLarge,0,0.55,D,1,0.65,C,1,0.00,-,0,0.00,-,0,0.00,-,0,STR|DEX,INT|FAI|ARC
12061200,Great Mace,Lava,Great Hammer,HammerLarge,0,0.25,D,1,0.15,E,1,0.70,C,1,0.70,C,1,0.00,-,0,STR|DEX|INT|FAI,ARC
12062100,Great Mace,Mystic,Great Hammer,HammerLarge,0,0.25,D,1,0.15,E,1,0.00,-,0,0.60,C,1,0.60,C,1,STR|DEX|FAI|ARC,INT
12061100,Great Mace,Night,Great Hammer,HammerLarge,0,0.25,D,1,0.15,E,1,0.70,C,1,0.70,C,1,0.00,-,0,STR|DEX|INT|FAI,ARC
12060300,Great Mace,Quality,Great Hammer,HammerLarge,0,0.85,C,1,0.45,D,1,0.00,-,0,0.00,-,0,0.00,-,0,STR|DEX,INT|FAI|ARC
12061900,Great Mace,Rotten,Great Hammer,HammerLarge,0,0.25,D,1,0.15,E,1,0.00,-,0,0.60,C,1,0.60,C,1,STR|DEX|FAI|ARC,INT
12060000,Great Mace,Standard,Great Hammer,HammerLarge,0,0.70,C,1,0.30,D,1,0.00,-,0,0.00,-,0,0.00,-,0,STR|DEX,INT|FAI|ARC
12062000,Great Mace,Storm,Great Hammer,HammerLarge,0,0.25,D,1,0.15,E,1,0.70,C,1,0.70,C,1,0.00,-,0,STR|DEX|INT|FAI,ARC
15021700,Great Omenkiller Cleaver,Aberrant,Greataxe,AxeLarge,0,0.30,D,1,0.30,D,1,0.60,C,1,0.00,-,0,0.60,C,1,STR|DEX|INT|ARC,FAI
15021000,Great Omenkiller Cleaver,Bestial,Greataxe,AxeLarge,0,0.35,D,1,0.35,D,1,0.00,-,0,0.85,C,1,0.00,-,0,STR|DEX|FAI,INT|ARC
15021800,Great Omenkiller Cleaver,Bloodflame,Greataxe,AxeLarge,0,0.30,D,1,0.30,D,1,0.00,-,0,0.60,C,1,0.60,C,1,STR|DEX|FAI|ARC,INT
15021400,Great Omenkiller Cleaver,Death,Greataxe,AxeLarge,0,0.30,D,1,0.30,D,1,0.60,C,1,0.60,C,1,0.00,-,0,STR|DEX|INT|FAI,ARC
15020900,Great Omenkiller Cleaver,Draconic,Greataxe,AxeLarge,0,0.35,D,1,0.35,D,1,0.00,-,0,0.85,C,1,0.00,-,0,STR|DEX|FAI,INT|ARC
15020500,Great Omenkiller Cleaver,Dragonkin,Greataxe,AxeLarge,0,0.35,D,1,0.35,D,1,0.75,C,1,0.00,-,0,0.00,-,0,STR|DEX|INT,FAI|ARC
15020700,Great Omenkiller Cleaver,Flame,Greataxe,AxeLarge,0,0.35,D,1,0.35,D,1,0.00,-,0,0.75,C,1,0.00,-,0,STR|DEX|FAI,INT|ARC
15021300,Great Omenkiller Cleaver,Frenzy,Greataxe,AxeLarge,0,0.30,D,1,0.30,D,1,0.60,C,1,0.60,C,1,0.00,-,0,STR|DEX|INT|FAI,ARC
15021600,Great Omenkiller Cleaver,Frost,Greataxe,AxeLarge,0,0.30,D,1,0.30,D,1,0.60,C,1,0.00,-,0,0.60,C,1,STR|DEX|INT|ARC,FAI
15020400,Great Omenkiller Cleaver,Glint,Greataxe,AxeLarge,0,0.35,D,1,0.35,D,1,0.85,C,1,0.00,-,0,0.00,-,0,STR|DEX|INT,FAI|ARC
15021500,Great Omenkiller Cleaver,Godslayer,Greataxe,AxeLarge,0,0.30,D,1,0.30,D,1,0.60,C,1,0.60,C,1,0.00,-,0,STR|DEX|INT|FAI,ARC
15020800,Great Omenkiller Cleaver,Golden,Greataxe,AxeLarge,0,0.35,D,1,0.35,D,1,0.00,-,0,0.85,C,1,0.00,-,0,STR|DEX|FAI,INT|ARC
15020600,Great Omenkiller Cleaver,Gravity,Greataxe,AxeLarge,0,0.35,D,1,0.35,D,1,0.85,C,1,0.00,-,0,0.00,-,0,STR|DEX|INT,FAI|ARC
15020100,Great Omenkiller Cleaver,Heavy,Greataxe,AxeLarge,0,1.00,B,1,0.45,D,1,0.00,-,0,0.00,-,0,0.00,-,0,STR|DEX,INT|FAI|ARC
15020200,Great Omenkiller Cleaver,Keen,Greataxe,AxeLarge,0,0.45,D,1,1.00,B,1,0.00,-,0,0.00,-,0,0.00,-,0,STR|DEX,INT|FAI|ARC
15021200,Great Omenkiller Cleaver,Lava,Greataxe,AxeLarge,0,0.30,D,1,0.30,D,1,0.70,C,1,0.70,C,1,0.00,-,0,STR|DEX|INT|FAI,ARC
15022100,Great Omenkiller Cleaver,Mystic,Greataxe,AxeLarge,0,0.30,D,1,0.30,D,1,0.00,-,0,0.60,C,1,0.60,C,1,STR|DEX|FAI|ARC,INT
15021100,Great Omenkiller Cleaver,Night,Greataxe,AxeLarge,0,0.30,D,1,0.30,D,1,0.70,C,1,0.70,C,1,0.00,-,0,STR|DEX|INT|FAI,ARC
15020300,Great Omenkiller Cleaver,Quality,Greataxe,AxeLarge,0,0.75,C,1,0.75,C,1,0.00,-,0,0.00,-,0,0.00,-,0,STR|DEX,INT|FAI|ARC
15021900,Great Omenkiller Cleaver,Rotten,Greataxe,AxeLarge,0,0.30,D,1,0.30,D,1,0.00,-,0,0.60,C,1,0.60,C,1,STR|DEX|FAI|ARC,INT
15020000,Great Omenkiller Cleaver,Standard,Greataxe,AxeLarge,0,0.55,D,1,0.55,D,1,0.00,-,0,0.00,-,0,0.00,-,0,STR|DEX,INT|FAI|ARC
15022000,Great Omenkiller Cleaver,Storm,Greataxe,AxeLarge,0,0.30,D,1,0.30,D,1,0.70,C,1,0.70,C,1,0.00,-,0,STR|DEX|INT|FAI,ARC
12181700,Great Stars,Aberrant,Great Hammer,HammerLarge,0,0.40,D,1,0.10,E,1,0.60,C,1,0.00,-,0,0.60,C,1,STR|DEX|INT|ARC,FAI
12181000,Great Stars,Bestial,Great Hammer,HammerLarge,0,0.50,D,1,0.15,E,1,0.00,-,0,0.90,B,1,0.00,-,0,STR|DEX|FAI,INT|ARC
12181800,Great Stars,Bloodflame,Great Hammer,HammerLarge,0,0.40,D,1,0.10,E,1,0.00,-,0,0.60,C,1,0.60,C,1,STR|DEX|FAI|ARC,INT
12181400,Great Stars,Death,Great Hammer,HammerLarge,0,0.40,D,1,0.10,E,1,0.60,C,1,0.60,C,1,0.00,-,0,STR|DEX|INT|FAI,ARC
12180900,Great Stars,Draconic,Great Hammer,HammerLarge,0,0.50,D,1,0.15,E,1,0.00,-,0,0.90,B,1,0.00,-,0,STR|DEX|FAI,INT|ARC
12180500,Great Stars,Dragonkin,Great Hammer,HammerLarge,0,0.50,D,1,0.15,E,1,0.80,C,1,0.00,-,0,0.00,-,0,STR|DEX|INT,FAI|ARC
12180700,Great Stars,Flame,Great Hammer,HammerLarge,0,0.50,D,1,0.15,E,1,0.00,-,0,0.80,C,1,0.00,-,0,STR|DEX|FAI,INT|ARC
12181300,Great Stars,Frenzy,Great Hammer,HammerLarge,0,0.40,D,1,0.10,E,1,0.60,C,1,0.60,C,1,0.00,-,0,STR|DEX|INT|FAI,ARC
12181600,Great Stars,Frost,Great Hammer,HammerLarge,0,0.40,D,1,0.10,E,1,0.60,C,1,0.00,-,0,0.60,C,1,STR|DEX|INT|ARC,FAI
12180400,Great Stars,Glint,Great Hammer,HammerLarge,0,0.50,D,1,0.15,E,1,0.90,B,1,0.00,-,0,0.00,-,0,STR|DEX|INT,FAI|ARC
12181500,Great Stars,Godslayer,Great Hammer,HammerLarge,0,0.40,D,1,0.10,E,1,0.60,C,1,0.60,C,1,0.00,-,0,STR|DEX|INT|FAI,ARC
12180800,Great Stars,Golden,Great Hammer,HammerLarge,0,0.50,D,1,0.15,E,1,0.00,-,0,0.90,B,1,0.00,-,0,STR|DEX|FAI,INT|ARC
12180600,Great Stars,Gravity,Great Hammer,HammerLarge,0,0.50,D,1,0.15,E,1,0.90,B,1,0.00,-,0,0.00,-,0,STR|DEX|INT,FAI|ARC
12180100,Great Stars,Heavy,Great Hammer,HammerLarge,0,1.20,B,1,0.15,E,1,0.00,-,0,0.00,-,0,0.00,-,0,STR|DEX,INT|FAI|ARC
12180200,Great Stars,Keen,Great Hammer,HammerLarge,0,0.60,C,1,0.60,C,1,0.00,-,0,0.00,-,0,0.00,-,0,STR|DEX,INT|FAI|ARC
12181200,Great Stars,Lava,Great Hammer,HammerLarge,0,0.40,D,1,0.10,E,1,0.70,C,1,0.70,C,1,0.00,-,0,STR|DEX|INT|FAI,ARC
12182100,Great Stars,Mystic,Great Hammer,HammerLarge,0,0.40,D,1,0.10,E,1,0.00,-,0,0.60,C,1,0.60,C,1,STR|DEX|FAI|ARC,INT
12181100,Great Stars,Night,Great Hammer,HammerLarge,0,0.40,D,1,0.10,E,1,0.70,C,1,0.70,C,1,0.00,-,0,STR|DEX|INT|FAI,ARC
12180300,Great Stars,Quality,Great Hammer,HammerLarge,0,0.90,B,1,0.40,D,1,0.00,-,0,0.00,-,0,0.00,-,0,STR|DEX,INT|FAI|ARC
12181900,Great Stars,Rotten,Great Hammer,HammerLarge,0,0.40,D,1,0.10,E,1,0.00,-,0,0.60,C,1,0.60,C,1,STR|DEX|FAI|ARC,INT
12180000,Great Stars,Standard,Great Hammer,HammerLarge,0,0.80,C,1,0.25,D,1,0.00,-,0,0.00,-,0,0.00,-,0,STR|DEX,INT|FAI|ARC
12182000,Great Stars,Storm,Great Hammer,HammerLarge,0,0.40,D,1,0.10,E,1,0.70,C,1,0.70,C,1,0.00,-,0,STR|DEX|INT|FAI,ARC
31140000,Great Turtle Shell,Standard,Medium Shield,ShieldNormal,0,0.40,D,1,0.00,-,0,0.00,-,0,0.00,-,0,0.00,-,0,STR,DEX|INT|FAI|ARC
6021700,Great Épée,Aberrant,Heavy Thrusting Sword,RapierHeavy,0,0.10,E,1,0.15,E,1,0.60,C,1,0.00,-,0,0.60,C,1,STR|DEX|INT|ARC,FAI
6021000,Great Épée,Bestial,Heavy Thrusting Sword,RapierHeavy,0,0.15,E,1,0.20,E,1,0.00,-,0,0.90,B,1,0.00,-,0,STR|DEX|FAI,INT|ARC
6021800,Great Épée,Bloodflame,Heavy Thrusting Sword,RapierHeavy,0,0.10,E,1,0.15,E,1,0.00,-,0,0.60,C,1,0.60,C,1,STR|DEX|FAI|ARC,INT
6021400,Great Épée,Death,Heavy Thrusting Sword,RapierHeavy,0,0.10,E,1,0.15,E,1,0.60,C,1,0.60,C,1,0.00,-,0,STR|DEX|INT|FAI,ARC
6020900,Great Épée,Draconic,Heavy Thrusting Sword,RapierHeavy,0,0.15,E,1,0.20,E,1,0.00,-,0,0.90,B,1,0.00,-,0,STR|DEX|FAI,INT|ARC
6020500,Great Épée,Dragonkin,Heavy Thrusting Sword,RapierHeavy,0,0.15,E,1,0.20,E,1,0.80,C,1,0.00,-,0,0.00,-,0,STR|DEX|INT,FAI|ARC
6020700,Great Épée,Flame,Heavy Thrusting Sword,RapierHeavy,0,0.15,E,1,0.20,E,1,0.00,-,0,0.80,C,1,0.00,-,0,STR|DEX|FAI,INT|ARC
6021300,Great Épée,Frenzy,Heavy Thrusting Sword,RapierHeavy,0,0.10,E,1,0.15,E,1,0.60,C,1,0.60,C,1,0.00,-,0,STR|DEX|INT|FAI,ARC
6021600,Great Épée,Frost,Heavy Thrusting Sword,RapierHeavy,0,0.10,E,1,0.15,E,1,0.60,C,1,0.00,-,0,0.60,C,1,STR|DEX|INT|ARC,FAI
6020400,Great Épée,Glint,Heavy Thrusting Sword,RapierHeavy,0,0.15,E,1,0.20,E,1,0.90,B,1,0.00,-,0,0.00,-,0,STR|DEX|INT,FAI|ARC
6021500,Great Épée,Godslayer,Heavy Thrusting Sword,RapierHeavy,0,0.10,E,1,0.15,E,1,0.60,C,1,0.60,C,1,0.00,-,0,STR|DEX|INT|FAI,ARC
6020800,Great Épée,Golden,Heavy Thrusting Sword,RapierHeavy,0,0.15,E,1,0.20,E,1,0.00,-,0,0.90,B,1,0.00,-,0,STR|DEX|FAI,INT|ARC
6020600,Great Épée,Gravity,Heavy Thrusting Sword,RapierHeavy,0,0.15,E,1,0.20,E,1,0.90,B,1,0.00,-,0,0.00,-,0,STR|DEX|INT,FAI|ARC
6020100,Great Épée,Heavy,Heavy Thrusting Sword,RapierHeavy,0,0.70,C,1,0.35,D,1,0.00,-,0,0.00,-,0,0.00,-,0,STR|DEX,INT|FAI|ARC
6020200,Great Épée,Keen,Heavy Thrusting Sword,RapierHeavy,0,0.20,E,1,0.95,B,1,0.00,-,0,0.00,-,0,0.00,-,0,STR|DEX,INT|FAI|ARC
6021200,Great Épée,Lava,Heavy Thrusting Sword,RapierHeavy,0,0.10,E,1,0.15,E,1,0.70,C,1,0.70,C,1,0.00,-,0,STR|DEX|INT|FAI,ARC
6022100,Great Épée,Mystic,Heavy Thrusting Sword,RapierHeavy,0,0.10,E,1,0.15,E,1,0.00,-,0,0.60,C,1,0.60,C,1,STR|DEX|FAI|ARC,INT
6021100,Great Épée,Night,Heavy Thrusting Sword,RapierHeavy,0,0.10,E,1,0.15,E,1,0.70,C,1,0.70,C,1,0.00,-,0,STR|DEX|INT|FAI,ARC
6020300,Great Épée,Quality,Heavy Thrusting Sword,RapierHeavy,0,0.55,D,1,0.60,C,1,0.00,-,0,0.00,-,0,0.00,-,0,STR|DEX,INT|FAI|ARC
6021900,Great Épée,Rotten,Heavy Thrusting Sword,RapierHeavy,0,0.10,E,1,0.15,E,1,0.00,-,0,0.60,C,1,0.60,C,1,STR|DEX|FAI|ARC,INT
6020000,Great Épée,Standard,Heavy Thrusting Sword,RapierHeavy,0,0.40,D,1,0.50,D,1,0.00,-,0,0.00,-,0,0.00,-,0,STR|DEX,INT|FAI|ARC
6022000,Great Épée,Storm,Heavy Thrusting Sword,RapierHeavy,0,0.10,E,1,0.15,E,1,0.70,C,1,0.70,C,1,0.00,-,0,STR|DEX|INT|FAI,ARC
15001700,Greataxe,Aberrant,Greataxe,AxeLarge,0,0.40,D,1,0.05,E,1,0.60,C,1,0.00,-,0,0.60,C,1,STR|DEX|INT|ARC,FAI
15001000,Greataxe,Bestial,Greataxe,AxeLarge,0,0.45,D,1,0.10,E,1,0.00,-,0,0.90,B,1,0.00,-,0,STR|DEX|FAI,INT|ARC
15001800,Greataxe,Bloodflame,Greataxe,AxeLarge,0,0.40,D,1,0.05,E,1,0.00,-,0,0.60,C,1,0.60,C,1,STR|DEX|FAI|ARC,INT
15001400,Greataxe,Death,Greataxe,AxeLarge,0,0.40,D,1,0.05,E,1,0.60,C,1,0.60,C,1,0.00,-,0,STR|DEX|INT|FAI,ARC
15000900,Greataxe,Draconic,Greataxe,AxeLarge,0,0.45,D,1,0.10,E,1,0.00,-,0,0.90,B,1,0.00,-,0,STR|DEX|FAI,INT|ARC
15000500,Greataxe,Dragonkin,Greataxe,AxeLarge,0,0.45,D,1,0.10,E,1,0.80,C,1,0.00,-,0,0.00,-,0,STR|DEX|INT,FAI|ARC
15000700,Greataxe,Flame,Greataxe,AxeLarge,0,0.45,D,1,0.10,E,1,0.00,-,0,0.80,C,1,0.00,-,0,STR|DEX|FAI,INT|ARC
15001300,Greataxe,Frenzy,Greataxe,AxeLarge,0,0.40,D,1,0.05,E,1,0.60,C,1,0.60,C,1,0.00,-,0,STR|DEX|INT|FAI,ARC
15001600,Greataxe,Frost,Greataxe,AxeLarge,0,0.40,D,1,0.05,E,1,0.60,C,1,0.00,-,0,0.60,C,1,STR|DEX|INT|ARC,FAI
15000400,Greataxe,Glint,Greataxe,AxeLarge,0,0.45,D,1,0.10,E,1,0.90,B,1,0.00,-,0,0.00,-,0,STR|DEX|INT,FAI|ARC
15001500,Greataxe,Godslayer,Greataxe,AxeLarge,0,0.40,D,1,0.05,E,1,0.60,C,1,0.60,C,1,0.00,-,0,STR|DEX|INT|FAI,ARC
15000800,Greataxe,Golden,Greataxe,AxeLarge,0,0.45,D,1,0.10,E,1,0.00,-,0,0.90,B,1,0.00,-,0,STR|DEX|FAI,INT|ARC
15000600,Greataxe,Gravity,Greataxe,AxeLarge,0,0.45,D,1,0.10,E,1,0.90,B,1,0.00,-,0,0.00,-,0,STR|DEX|INT,FAI|ARC
15000100,Greataxe,Heavy,Greataxe,AxeLarge,0,1.05,B,1,0.15,E,1,0.00,-,0,0.00,-,0,0.00,-,0,STR|DEX,INT|FAI|ARC
15000200,Greataxe,Keen,Greataxe,AxeLarge,0,0.55,D,1,0.65,C,1,0.00,-,0,0.00,-,0,0.00,-,0,STR|DEX,INT|FAI|ARC
15001200,Greataxe,Lava,Greataxe,AxeLarge,0,0.40,D,1,0.05,E,1,0.70,C,1,0.70,C,1,0.00,-,0,STR|DEX|INT|FAI,ARC
15002100,Greataxe,Mystic,Greataxe,AxeLarge,0,0.40,D,1,0.05,E,1,0.00,-,0,0.60,C,1,0.60,C,1,STR|DEX|FAI|ARC,INT
15001100,Greataxe,Night,Greataxe,AxeLarge,0,0.40,D,1,0.05,E,1,0.70,C,1,0.70,C,1,0.00,-,0,STR|DEX|INT|FAI,ARC
15000300,Greataxe,Quality,Greataxe,AxeLarge,0,0.75,C,1,0.45,D,1,0.00,-,0,0.00,-,0,0.00,-,0,STR|DEX,INT|FAI|ARC
15001900,Greataxe,Rotten,Greataxe,AxeLarge,0,0.40,D,1,0.05,E,1,0.00,-,0,0.60,C,1,0.60,C,1,STR|DEX|FAI|ARC,INT
15000000,Greataxe,Standard,Greataxe,AxeLarge,0,0.65,C,1,0.25,D,1,0.00,-,0,0.00,-,0,0.00,-,0,STR|DEX,INT|FAI|ARC
15002000,Greataxe,Storm,Greataxe,AxeLarge,0,0.40,D,1,0.05,E,1,0.70,C,1,0.70,C,1,0.00,-,0,STR|DEX|INT|FAI,ARC
42040000,Greatbow,Standard,Greatbow,BowLarge,0,0.90,B,1,0.70,C,1,0.00,-,0,0.00,-,0,0.00,-,0,STR|DEX,INT|FAI|ARC
12010000,Greathorn Hammer,Standard,Great Hammer,HammerLarge,0,0.65,C,1,0.25,D,1,0.00,-,0,0.75,C,1,0.75,C,1,STR|DEX|FAI|ARC,INT
23090000,Greatstaff of Decay,Standard,Colossal Weapon,AxhammerLarge,0,0.70,C,1,0.05,E,1,0.00,-,0,0.85,C,1,0.85,C,1,STR|DEX|FAI|ARC,INT
4001700,Greatsword,Aberrant,Colossal Sword,SwordGigantic,0,0.40,D,1,0.30,D,1,0.60,C,1,0.00,-,0,0.60,C,1,STR|DEX|INT|ARC,FAI
4001000,Greatsword,Bestial,Colossal Sword,SwordGigantic,0,0.45,D,1,0.35,D,1,0.00,-,0,0.90,B,1,0.00,-,0,STR|DEX|FAI,INT|ARC
4001800,Greatsword,Bloodflame,Colossal Sword,SwordGigantic,0,0.40,D,1,0.30,D,1,0.00,-,0,0.60,C,1,0.60,C,1,STR|DEX|FAI|ARC,INT
4001400,Greatsword,Death,Colossal Sword,SwordGigantic,0,0.40,D,1,0.30,D,1,0.60,C,1,0.60,C,1,0.00,-,0,STR|DEX|INT|FAI,ARC
4000900,Greatsword,Draconic,Colossal Sword,SwordGigantic,0,0.45,D,1,0.35,D,1,0.00,-,0,0.90,B,1,0.00,-,0,STR|DEX|FAI,INT|ARC
4000500,Greatsword,Dragonkin,Colossal Sword,SwordGigantic,0,0.45,D,1,0.35,D,1,0.80,C,1,0.00,-,0,0.00,-,0,STR|DEX|INT,FAI|ARC
4000700,Greatsword,Flame,Colossal Sword,SwordGigantic,0,0.45,D,1,0.35,D,1,0.00,-,0,0.80,C,1,0.00,-,0,STR|DEX|FAI,INT|ARC
4001300,Greatsword,Frenzy,Colossal Sword,SwordGigantic,0,0.40,D,1,0.30,D,1,0.60,C,1,0.60,C,1,0.00,-,0,STR|DEX|INT|FAI,ARC
4001600,Greatsword,Frost,Colossal Sword,SwordGigantic,0,0.40,D,1,0.30,D,1,0.60,C,1,0.00,-,0,0.60,C,1,STR|DEX|INT|ARC,FAI
4000400,Greatsword,Glint,Colossal Sword,SwordGigantic,0,0.45,D,1,0.35,D,1,0.90,B,1,0.00,-,0,0.00,-,0,STR|DEX|INT,FAI|ARC
4001500,Greatsword,Godslayer,Colossal Sword,SwordGigantic,0,0.40,D,1,0.30,D,1,0.60,C,1,0.60,C,1,0.00,-,0,STR|DEX|INT|FAI,ARC
4000800,Greatsword,Golden,Colossal Sword,SwordGigantic,0,0.45,D,1,0.35,D,1,0.00,-,0,0.90,B,1,0.00,-,0,STR|DEX|FAI,INT|ARC
4000600,Greatsword,Gravity,Colossal Sword,SwordGigantic,0,0.45,D,1,0.35,D,1,0.90,B,1,0.00,-,0,0.00,-,0,STR|DEX|INT,FAI|ARC
4000100,Greatsword,Heavy,Colossal Sword,SwordGigantic,0,1.05,B,1,0.35,D,1,0.00,-,0,0.00,-,0,0.00,-,0,STR|DEX,INT|FAI|ARC
4000200,Greatsword,Keen,Colossal Sword,SwordGigantic,0,0.45,D,1,0.90,B,1,0.00,-,0,0.00,-,0,0.00,-,0,STR|DEX,INT|FAI|ARC
4001200,Greatsword,Lava,Colossal Sword,SwordGigantic,0,0.40,D,1,0.30,D,1,0.70,C,1,0.70,C,1,0.00,-,0,STR|DEX|INT|FAI,ARC
4002100,Greatsword,Mystic,Colossal Sword,SwordGigantic,0,0.40,D,1,0.30,D,1,0.00,-,0,0.60,C,1,0.60,C,1,STR|DEX|FAI|ARC,INT
4001100,Greatsword,Night,Colossal Sword,SwordGigantic,0,0.40,D,1,0.30,D,1,0.70,C,1,0.70,C,1,0.00,-,0,STR|DEX|INT|FAI,ARC
4000300,Greatsword,Quality,Colossal Sword,SwordGigantic,0,0.75,C,1,0.70,C,1,0.00,-,0,0.00,-,0,0.00,-,0,STR|DEX,INT|FAI|ARC
4001900,Greatsword,Rotten,Colossal Sword,SwordGigantic,0,0.40,D,1,0.30,D,1,0.00,-,0,0.60,C,1,0.60,C,1,STR|DEX|FAI|ARC,INT
4000000,Greatsword,Standard,Colossal Sword,SwordGigantic,0,0.80,C,1,0.35,D,1,0.00,-,0,0.00,-,0,0.00,-,0,STR|DEX,INT|FAI|ARC
4002000,Greatsword,Storm,Colossal Sword,SwordGigantic,0,0.40,D,1,0.30,D,1,0.70,C,1,0.70,C,1,0.00,-,0,STR|DEX|INT|FAI,ARC
3510000,Greatsword of Damnation,Standard,Greatsword,SwordLarge,0,0.55,D,1,0.45,D,1,0.00,-,0,1.05,B,1,0.00,-,0,STR|DEX|FAI,INT|ARC
3560000,Greatsword of Midra,Standard,Greatsword,SwordLarge,0,0.45,D,1,0.30,D,1,0.85,C,1,0.85,C,1,0.00,-,0,STR|DEX|INT|FAI,ARC
3550000,Greatsword of Solitude,Standard,Greatsword,SwordLarge,0,0.75,C,1,0.15,E,1,0.85,C,1,0.85,C,1,0.00,-,0,STR|DEX|INT|FAI,ARC
4530000,Greatswords of Radahn,Standard,Colossal Sword,SwordGigantic,0,0.95,B,1,0.50,D,1,0.00,-,0,0.95,B,1,0.00,-,0,STR|DEX|FAI,INT|ARC
7151700,Grossmesser,Aberrant,Curved Sword,SaberNormal,0,0.15,E,1,0.15,E,1,0.60,C,1,0.00,-,0,0.60,C,1,STR|DEX|INT|ARC,FAI
7151000,Grossmesser,Bestial,Curved Sword,SaberNormal,0,0.20,E,1,0.20,E,1,0.00,-,0,0.90,B,1,0.00,-,0,STR|DEX|FAI,INT|ARC
7151800,Grossmesser,Bloodflame,Curved Sword,SaberNormal,0,0.15,E,1,0.15,E,1,0.00,-,0,0.60,C,1,0.60,C,1,STR|DEX|FAI|ARC,INT
7151400,Grossmesser,Death,Curved Sword,SaberNormal,0,0.15,E,1,0.15,E,1,0.60,C,1,0.60,C,1,0.00,-,0,STR|DEX|INT|FAI,ARC
7150900,Grossmesser,Draconic,Curved Sword,SaberNormal,0,0.20,E,1,0.20,E,1,0.00,-,0,0.90,B,1,0.00,-,0,STR|DEX|FAI,INT|ARC
7150500,Grossmesser,Dragonkin,Curved Sword,SaberNormal,0,0.20,E,1,0.20,E,1,0.80,C,1,0.00,-,0,0.00,-,0,STR|DEX|INT,FAI|ARC
7150700,Grossmesser,Flame,Curved Sword,SaberNormal,0,0.20,E,1,0.20,E,1,0.00,-,0,0.80,C,1,0.00,-,0,STR|DEX|FAI,INT|ARC
7151300,Grossmesser,Frenzy,Curved Sword,SaberNormal,0,0.15,E,1,0.15,E,1,0.60,C,1,0.60,C,1,0.00,-,0,STR|DEX|INT|FAI,ARC
7151600,Grossmesser,Frost,Curved Sword,SaberNormal,0,0.15,E,1,0.15,E,1,0.60,C,1,0.00,-,0,0.60,C,1,STR|DEX|INT|ARC,FAI
7150400,Grossmesser,Glint,Curved Sword,SaberNormal,0,0.20,E,1,0.20,E,1,0.90,B,1,0.00,-,0,0.00,-,0,STR|DEX|INT,FAI|ARC
7151500,Grossmesser,Godslayer,Curved Sword,SaberNormal,0,0.15,E,1,0.15,E,1,0.60,C,1,0.60,C,1,0.00,-,0,STR|DEX|INT|FAI,ARC
7150800,Grossmesser,Golden,Curved Sword,SaberNormal,0,0.20,E,1,0.20,E,1,0.00,-,0,0.90,B,1,0.00,-,0,STR|DEX|FAI,INT|ARC
7150600,Grossmesser,Gravity,Curved Sword,SaberNormal,0,0.20,E,1,0.20,E,1,0.90,B,1,0.00,-,0,0.00,-,0,STR|DEX|INT,FAI|ARC
7150100,Grossmesser,Heavy,Curved Sword,SaberNormal,0,0.65,C,1,0.45,D,1,0.00,-,0,0.00,-,0,0.00,-,0,STR|DEX,INT|FAI|ARC
7150200,Grossmesser,Keen,Curved Sword,SaberNormal,0,0.20,E,1,1.05,B,1,0.00,-,0,0.00,-,0,0.00,-,0,STR|DEX,INT|FAI|ARC
7151200,Grossmesser,Lava,Curved Sword,SaberNormal,0,0.15,E,1,0.15,E,1,0.70,C,1,0.70,C,1,0.00,-,0,STR|DEX|INT|FAI,ARC
7152100,Grossmesser,Mystic,Curved Sword,SaberNormal,0,0.15,E,1,0.15,E,1,0.00,-,0,0.60,C,1,0.60,C,1,STR|DEX|FAI|ARC,INT
7151100,Grossmesser,Night,Curved Sword,SaberNormal,0,0.15,E,1,0.15,E,1,0.70,C,1,0.70,C,1,0.00,-,0,STR|DEX|INT|FAI,ARC
7150300,Grossmesser,Quality,Curved Sword,SaberNormal,0,0.55,D,1,0.55,D,1,0.00,-,0,0.00,-,0,0.00,-,0,STR|DEX,INT|FAI|ARC
7151900,Grossmesser,Rotten,Curved Sword,SaberNormal,0,0.15,E,1,0.15,E,1,0.00,-,0,0.60,C,1,0.60,C,1,STR|DEX|FAI|ARC,INT
7150000,Grossmesser,Standard,Curved Sword,SaberNormal,0,0.35,D,1,0.60,C,1,0.00,-,0,0.00,-,0,0.00,-,0,STR|DEX,INT|FAI|ARC
7152000,Grossmesser,Storm,Curved Sword,SaberNormal,0,0.15,E,1,0.15,E,1,0.70,C,1,0.70,C,1,0.00,-,0,STR|DEX|INT|FAI,ARC
18110000,Guardian's Spearblade (straight sword),Standard,Straight Sword,SwordNormal,0,0.35,D,1,0.45,D,1,0.00,-,0,0.95,B,1,0.00,-,0,STR|DEX|FAI,INT|ARC
18001700,Halberd,Aberrant,Halberd,SpearAxe,0,0.37,D,1,0.18,E,1,0.60,C,1,0.00,-,0,0.60,C,1,STR|DEX|INT|ARC,FAI
18001000,Halberd,Bestial,Halberd,SpearAxe,0,0.42,D,1,0.23,E,1,0.00,-,0,0.90,B,1,0.00,-,0,STR|DEX|FAI,INT|ARC
18001800,Halberd,Bloodflame,Halberd,SpearAxe,0,0.37,D,1,0.18,E,1,0.00,-,0,0.60,C,1,0.60,C,1,STR|DEX|FAI|ARC,INT
18001400,Halberd,Death,Halberd,SpearAxe,0,0.37,D,1,0.18,E,1,0.60,C,1,0.60,C,1,0.00,-,0,STR|DEX|INT|FAI,ARC
18000900,Halberd,Draconic,Halberd,SpearAxe,0,0.42,D,1,0.23,E,1,0.00,-,0,0.90,B,1,0.00,-,0,STR|DEX|FAI,INT|ARC
18000500,Halberd,Dragonkin,Halberd,SpearAxe,0,0.42,D,1,0.23,E,1,0.80,C,1,0.00,-,0,0.00,-,0,STR|DEX|INT,FAI|ARC
18000700,Halberd,Flame,Halberd,SpearAxe,0,0.42,D,1,0.23,E,1,0.00,-,0,0.80,C,1,0.00,-,0,STR|DEX|FAI,INT|ARC
18001300,Halberd,Frenzy,Halberd,SpearAxe,0,0.37,D,1,0.18,E,1,0.60,C,1,0.60,C,1,0.00,-,0,STR|DEX|INT|FAI,ARC
18001600,Halberd,Frost,Halberd,SpearAxe,0,0.37,D,1,0.18,E,1,0.60,C,1,0.00,-,0,0.60,C,1,STR|DEX|INT|ARC,FAI
18000400,Halberd,Glint,Halberd,SpearAxe,0,0.42,D,1,0.23,E,1,0.90,B,1,0.00,-,0,0.00,-,0,STR|DEX|INT,FAI|ARC
18001500,Halberd,Godslayer,Halberd,SpearAxe,0,0.37,D,1,0.18,E,1,0.60,C,1,0.60,C,1,0.00,-,0,STR|DEX|INT|FAI,ARC
18000800,Halberd,Golden,Halberd,SpearAxe,0,0.42,D,1,0.23,E,1,0.00,-,0,0.90,B,1,0.00,-,0,STR|DEX|FAI,INT|ARC
18000600,Halberd,Gravity,Halberd,SpearAxe,0,0.42,D,1,0.23,E,1,0.90,B,1,0.00,-,0,0.00,-,0,STR|DEX|INT,FAI|ARC
18000100,Halberd,Heavy,Halberd,SpearAxe,0,0.87,C,1,0.33,D,1,0.00,-,0,0.00,-,0,0.00,-,0,STR|DEX,INT|FAI|ARC
18000200,Halberd,Keen,Halberd,SpearAxe,0,0.47,D,1,0.83,C,1,0.00,-,0,0.00,-,0,0.00,-,0,STR|DEX,INT|FAI|ARC
18001200,Halberd,Lava,Halberd,SpearAxe,0,0.37,D,1,0.18,E,1,0.70,C,1,0.70,C,1,0.00,-,0,STR|DEX|INT|FAI,ARC
18002100,Halberd,Mystic,Halberd,SpearAxe,0,0.37,D,1,0.18,E,1,0.00,-,0,0.60,C,1,0.60,C,1,STR|DEX|FAI|ARC,INT
18001100,Halberd,Night,Halberd,SpearAxe,0,0.37,D,1,0.18,E,1,0.70,C,1,0.70,C,1,0.00,-,0,STR|DEX|INT|FAI,ARC
18000300,Halberd,Quality,Halberd,SpearAxe,0,0.72,C,1,0.58,D,1,0.00,-,0,0.00,-,0,0.00,-,0,STR|DEX,INT|FAI|ARC
18001900,Halberd,Rotten,Halberd,SpearAxe,0,0.37,D,1,0.18,E,1,0.00,-,0,0.60,C,1,0.60,C,1,STR|DEX|FAI|ARC,INT
18000000,Halberd,Standard,Halberd,SpearAxe,0,0.52,D,1,0.38,D,1,0.00,-,0,0.00,-,0,0.00,-,0,STR|DEX,INT|FAI|ARC
18002000,Halberd,Storm,Halberd,SpearAxe,0,0.37,D,1,0.18,E,1,0.70,C,1,0.70,C,1,0.00,-,0,STR|DEX|INT|FAI,ARC
18250000,Halberd of Archea,Standard,Halberd,SpearAxe,0,0.75,C,1,0.40,D,1,0.00,-,0,1.15,B,1,0.00,-,0,STR|DEX|FAI,INT|ARC
32280000,Haligtree Crest Greatshield,Standard,Greatshield,ShieldLarge,0,0.50,D,1,0.00,-,0,0.00,-,0,0.00,-,0,0.00,-,0,STR,DEX|INT|FAI|ARC
19020000,Halo Scythe,Standard,Scythe,Sickle,0,0.40,D,1,0.60,C,1,0.00,-,0,1.00,B,1,0.00,-,0,STR|DEX|FAI,INT|ARC
11081700,Hammer,Aberrant,Hammer,HammerNormal,0,0.55,D,1,0.05,E,1,0.60,C,1,0.00,-,0,0.60,C,1,STR|DEX|INT|ARC,FAI
11081000,Hammer,Bestial,Hammer,HammerNormal,0,0.60,C,1,0.10,E,1,0.00,-,0,0.90,B,1,0.00,-,0,STR|DEX|FAI,INT|ARC
11081800,Hammer,Bloodflame,Hammer,HammerNormal,0,0.55,D,1,0.05,E,1,0.00,-,0,0.60,C,1,0.60,C,1,STR|DEX|FAI|ARC,INT
11081400,Hammer,Death,Hammer,HammerNormal,0,0.55,D,1,0.05,E,1,0.60,C,1,0.60,C,1,0.00,-,0,STR|DEX|INT|FAI,ARC
11080900,Hammer,Draconic,Hammer,HammerNormal,0,0.60,C,1,0.10,E,1,0.00,-,0,0.90,B,1,0.00,-,0,STR|DEX|FAI,INT|ARC
11080500,Hammer,Dragonkin,Hammer,HammerNormal,0,0.60,C,1,0.10,E,1,0.80,C,1,0.00,-,0,0.00,-,0,STR|DEX|INT,FAI|ARC
11080700,Hammer,Flame,Hammer,HammerNormal,0,0.60,C,1,0.10,E,1,0.00,-,0,0.80,C,1,0.00,-,0,STR|DEX|FAI,INT|ARC
11081300,Hammer,Frenzy,Hammer,HammerNormal,0,0.55,D,1,0.05,E,1,0.60,C,1,0.60,C,1,0.00,-,0,STR|DEX|INT|FAI,ARC
11081600,Hammer,Frost,Hammer,HammerNormal,0,0.55,D,1,0.05,E,1,0.60,C,1,0.00,-,0,0.60,C,1,STR|DEX|INT|ARC,FAI
11080400,Hammer,Glint,Hammer,HammerNormal,0,0.60,C,1,0.10,E,1,0.90,B,1,0.00,-,0,0.00,-,0,STR|DEX|INT,FAI|ARC
11081500,Hammer,Godslayer,Hammer,HammerNormal,0,0.55,D,1,0.05,E,1,0.60,C,1,0.60,C,1,0.00,-,0,STR|DEX|INT|FAI,ARC
11080800,Hammer,Golden,Hammer,HammerNormal,0,0.60,C,1,0.10,E,1,0.00,-,0,0.90,B,1,0.00,-,0,STR|DEX|FAI,INT|ARC
11080600,Hammer,Gravity,Hammer,HammerNormal,0,0.60,C,1,0.10,E,1,0.90,B,1,0.00,-,0,0.00,-,0,STR|DEX|INT,FAI|ARC
11080100,Hammer,Heavy,Hammer,HammerNormal,0,1.40,A,1,0.10,E,1,0.00,-,0,0.00,-,0,0.00,-,0,STR|DEX,INT|FAI|ARC
11080200,Hammer,Keen,Hammer,HammerNormal,0,0.80,C,1,0.55,D,1,0.00,-,0,0.00,-,0,0.00,-,0,STR|DEX,INT|FAI|ARC
11081200,Hammer,Lava,Hammer,HammerNormal,0,0.55,D,1,0.05,E,1,0.70,C,1,0.70,C,1,0.00,-,0,STR|DEX|INT|FAI,ARC
11082100,Hammer,Mystic,Hammer,HammerNormal,0,0.55,D,1,0.05,E,1,0.00,-,0,0.60,C,1,0.60,C,1,STR|DEX|FAI|ARC,INT
11081100,Hammer,Night,Hammer,HammerNormal,0,0.55,D,1,0.05,E,1,0.70,C,1,0.70,C,1,0.00,-,0,STR|DEX|INT|FAI,ARC
11080300,Hammer,Quality,Hammer,HammerNormal,0,1.10,B,1,0.35,D,1,0.00,-,0,0.00,-,0,0.00,-,0,STR|DEX,INT|FAI|ARC
11081900,Hammer,Rotten,Hammer,HammerNormal,0,0.55,D,1,0.05,E,1,0.00,-,0,0.60,C,1,0.60,C,1,STR|DEX|FAI|ARC,INT
11080000,Hammer,Standard,Hammer,HammerNormal,0,1.00,B,1,0.20,E,1,0.00,-,0,0.00,-,0,0.00,-,0,STR|DEX,INT|FAI|ARC
11082000,Hammer,Storm,Hammer,HammerNormal,0,0.55,D,1,0.05,E,1,0.70,C,1,0.70,C,1,0.00,-,0,STR|DEX|INT|FAI,ARC
11180000,Hammer of Virtue,Standard,Hammer,HammerNormal,0,0.95,B,1,0.20,E,1,0.00,-,0,1.05,B,1,0.00,-,0,STR|DEX|FAI,INT|ARC
14021700,Hand Axe,Aberrant,Axe,AxeNormal,0,0.25,D,1,0.20,E,1,0.60,C,1,0.00,-,0,0.60,C,1,STR|DEX|INT|ARC,FAI
14021000,Hand Axe,Bestial,Axe,AxeNormal,0,0.30,D,1,0.25,D,1,0.00,-,0,0.90,B,1,0.00,-,0,STR|DEX|FAI,INT|ARC
14021800,Hand Axe,Bloodflame,Axe,AxeNormal,0,0.25,D,1,0.20,E,1,0.00,-,0,0.60,C,1,0.60,C,1,STR|DEX|FAI|ARC,INT
14021400,Hand Axe,Death,Axe,AxeNormal,0,0.25,D,1,0.20,E,1,0.60,C,1,0.60,C,1,0.00,-,0,STR|DEX|INT|FAI,ARC
14020900,Hand Axe,Draconic,Axe,AxeNormal,0,0.30,D,1,0.25,D,1,0.00,-,0,0.90,B,1,0.00,-,0,STR|DEX|FAI,INT|ARC
14020500,Hand Axe,Dragonkin,Axe,AxeNormal,0,0.30,D,1,0.25,D,1,0.80,C,1,0.00,-,0,0.00,-,0,STR|DEX|INT,FAI|ARC
14020700,Hand Axe,Flame,Axe,AxeNormal,0,0.30,D,1,0.25,D,1,0.00,-,0,0.80,C,1,0.00,-,0,STR|DEX|FAI,INT|ARC
14021300,Hand Axe,Frenzy,Axe,AxeNormal,0,0.25,D,1,0.20,E,1,0.60,C,1,0.60,C,1,0.00,-,0,STR|DEX|INT|FAI,ARC
14021600,Hand Axe,Frost,Axe,AxeNormal,0,0.25,D,1,0.20,E,1,0.60,C,1,0.00,-,0,0.60,C,1,STR|DEX|INT|ARC,FAI
14020400,Hand Axe,Glint,Axe,AxeNormal,0,0.30,D,1,0.25,D,1,0.90,B,1,0.00,-,0,0.00,-,0,STR|DEX|INT,FAI|ARC
14021500,Hand Axe,Godslayer,Axe,AxeNormal,0,0.25,D,1,0.20,E,1,0.60,C,1,0.60,C,1,0.00,-,0,STR|DEX|INT|FAI,ARC
14020800,Hand Axe,Golden,Axe,AxeNormal,0,0.30,D,1,0.25,D,1,0.00,-,0,0.90,B,1,0.00,-,0,STR|DEX|FAI,INT|ARC
14020600,Hand Axe,Gravity,Axe,AxeNormal,0,0.30,D,1,0.25,D,1,0.90,B,1,0.00,-,0,0.00,-,0,STR|DEX|INT,FAI|ARC
14020100,Hand Axe,Heavy,Axe,AxeNormal,0,0.90,B,1,0.30,D,1,0.00,-,0,0.00,-,0,0.00,-,0,STR|DEX,INT|FAI|ARC
14020200,Hand Axe,Keen,Axe,AxeNormal,0,0.40,D,1,0.80,C,1,0.00,-,0,0.00,-,0,0.00,-,0,STR|DEX,INT|FAI|ARC
14021200,Hand Axe,Lava,Axe,AxeNormal,0,0.25,D,1,0.20,E,1,0.70,C,1,0.70,C,1,0.00,-,0,STR|DEX|INT|FAI,ARC
14022100,Hand Axe,Mystic,Axe,AxeNormal,0,0.25,D,1,0.20,E,1,0.00,-,0,0.60,C,1,0.60,C,1,STR|DEX|FAI|ARC,INT
14021100,Hand Axe,Night,Axe,AxeNormal,0,0.25,D,1,0.20,E,1,0.70,C,1,0.70,C,1,0.00,-,0,STR|DEX|INT|FAI,ARC
14020300,Hand Axe,Quality,Axe,AxeNormal,0,0.65,C,1,0.65,C,1,0.00,-,0,0.00,-,0,0.00,-,0,STR|DEX,INT|FAI|ARC
14021900,Hand Axe,Rotten,Axe,AxeNormal,0,0.25,D,1,0.20,E,1,0.00,-,0,0.60,C,1,0.60,C,1,STR|DEX|FAI|ARC,INT
14020000,Hand Axe,Standard,Axe,AxeNormal,0,0.50,D,1,0.40,D,1,0.00,-,0,0.00,-,0,0.00,-,0,STR|DEX,INT|FAI|ARC
14022000,Hand Axe,Storm,Axe,AxeNormal,0,0.25,D,1,0.20,E,1,0.70,C,1,0.70,C,1,0.00,-,0,STR|DEX|INT|FAI,ARC
44000000,Hand Ballista,Standard,Ballista,Ballista,0,1.00,B,1,0.40,D,1,0.00,-,0,0.00,-,0,0.00,-,0,STR|DEX,INT|FAI|ARC
9020000,Hand of Malenia,Standard,Katana,katana,0,0.20,E,1,0.80,C,1,0.00,-,0,0.80,C,1,0.80,C,1,STR|DEX|FAI|ARC,INT
40030000,Harp Bow,Standard,Light Bow,BowSmall,0,0.15,E,1,0.35,D,1,0.00,-,0,0.70,C,1,0.70,C,1,STR|DEX|FAI|ARC,INT
31270000,Hawk Crest Wooden Shield,Standard,Medium Shield,ShieldNormal,0,0.40,D,1,0.00,-,0,0.00,-,0,0.00,-,0,0.00,-,0,STR,DEX|INT|FAI|ARC
31330000,Heater Shield,Standard,Medium Shield,ShieldNormal,0,0.40,D,1,0.00,-,0,0.00,-,0,0.00,-,0,0.00,-,0,STR,DEX|INT|FAI|ARC
43030000,Heavy Crossbow,Standard,Crossbow,ClossBow,0,0.90,B,1,0.25,D,1,0.00,-,0,0.00,-,0,0.00,-,0,STR|DEX,INT|FAI|ARC
3130000,Helphen's Steeple,Standard,Greatsword,SwordLarge,0,0.35,D,1,0.05,E,1,0.70,C,1,0.70,C,1,0.00,-,0,STR|DEX|INT|FAI,ARC
14101700,Highland Axe,Aberrant,Axe,AxeNormal,0,0.40,D,1,0.10,E,1,0.60,C,1,0.00,-,0,0.60,C,1,STR|DEX|INT|ARC,FAI
14101000,Highland Axe,Bestial,Axe,AxeNormal,0,0.45,D,1,0.15,E,1,0.00,-,0,0.90,B,1,0.00,-,0,STR|DEX|FAI,INT|ARC
14101800,Highland Axe,Bloodflame,Axe,AxeNormal,0,0.40,D,1,0.10,E,1,0.00,-,0,0.60,C,1,0.60,C,1,STR|DEX|FAI|ARC,INT
14101400,Highland Axe,Death,Axe,AxeNormal,0,0.40,D,1,0.10,E,1,0.60,C,1,0.60,C,1,0.00,-,0,STR|DEX|INT|FAI,ARC
14100900,Highland Axe,Draconic,Axe,AxeNormal,0,0.45,D,1,0.15,E,1,0.00,-,0,0.90,B,1,0.00,-,0,STR|DEX|FAI,INT|ARC
14100500,Highland Axe,Dragonkin,Axe,AxeNormal,0,0.45,D,1,0.15,E,1,0.80,C,1,0.00,-,0,0.00,-,0,STR|DEX|INT,FAI|ARC
14100700,Highland Axe,Flame,Axe,AxeNormal,0,0.45,D,1,0.15,E,1,0.00,-,0,0.80,C,1,0.00,-,0,STR|DEX|FAI,INT|ARC
14101300,Highland Axe,Frenzy,Axe,AxeNormal,0,0.40,D,1,0.10,E,1,0.60,C,1,0.60,C,1,0.00,-,0,STR|DEX|INT|FAI,ARC
14101600,Highland Axe,Frost,Axe,AxeNormal,0,0.40,D,1,0.10,E,1,0.60,C,1,0.00,-,0,0.60,C,1,STR|DEX|INT|ARC,FAI
14100400,Highland Axe,Glint,Axe,AxeNormal,0,0.45,D,1,0.15,E,1,0.90,B,1,0.00,-,0,0.00,-,0,STR|DEX|INT,FAI|ARC
14101500,Highland Axe,Godslayer,Axe,AxeNormal,0,0.40,D,1,0.10,E,1,0.60,C,1,0.60,C,1,0.00,-,0,STR|DEX|INT|FAI,ARC
14100800,Highland Axe,Golden,Axe,AxeNormal,0,0.45,D,1,0.15,E,1,0.00,-,0,0.90,B,1,0.00,-,0,STR|DEX|FAI,INT|ARC
14100600,Highland Axe,Gravity,Axe,AxeNormal,0,0.45,D,1,0.15,E,1,0.90,B,1,0.00,-,0,0.00,-,0,STR|DEX|INT,FAI|ARC
14100100,Highland Axe,Heavy,Axe,AxeNormal,0,1.05,B,1,0.15,E,1,0.00,-,0,0.00,-,0,0.00,-,0,STR|DEX,INT|FAI|ARC
14100200,Highland Axe,Keen,Axe,AxeNormal,0,0.55,D,1,0.65,C,1,0.00,-,0,0.00,-,0,0.00,-,0,STR|DEX,INT|FAI|ARC
14101200,Highland Axe,Lava,Axe,AxeNormal,0,0.40,D,1,0.10,E,1,0.70,C,1,0.70,C,1,0.00,-,0,STR|DEX|INT|FAI,ARC
14102100,Highland Axe,Mystic,Axe,AxeNormal,0,0.40,D,1,0.10,E,1,0.00,-,0,0.60,C,1,0.60,C,1,STR|DEX|FAI|ARC,INT
14101100,Highland Axe,Night,Axe,AxeNormal,0,0.40,D,1,0.10,E,1,0.70,C,1,0.70,C,1,0.00,-,0,STR|DEX|INT|FAI,ARC
14100300,Highland Axe,Quality,Axe,AxeNormal,0,0.75,C,1,0.45,D,1,0.00,-,0,0.00,-,0,0.00,-,0,STR|DEX,INT|FAI|ARC
14101900,Highland Axe,Rotten,Axe,AxeNormal,0,0.40,D,1,0.10,E,1,0.00,-,0,0.60,C,1,0.60,C,1,STR|DEX|FAI|ARC,INT
14100000,Highland Axe,Standard,Axe,AxeNormal,0,0.65,C,1,0.25,D,1,0.00,-,0,0.00,-,0,0.00,-,0,STR|DEX,INT|FAI|ARC
14102000,Highland Axe,Storm,Axe,AxeNormal,0,0.40,D,1,0.10,E,1,0.70,C,1,0.70,C,1,0.00,-,0,STR|DEX|INT|FAI,ARC
22001700,Hookclaws,Aberrant,Claw,Claw,0,0.05,E,1,0.20,E,1,0.60,C,1,0.00,-,0,0.60,C,1,STR|DEX|INT|ARC,FAI
22001000,Hookclaws,Bestial,Claw,Claw,0,0.10,E,1,0.25,D,1,0.00,-,0,0.90,B,1,0.00,-,0,STR|DEX|FAI,INT|ARC
22001800,Hookclaws,Bloodflame,Claw,Claw,0,0.05,E,1,0.20,E,1,0.00,-,0,0.60,C,1,0.60,C,1,STR|DEX|FAI|ARC,INT
22001400,Hookclaws,Death,Claw,Claw,0,0.05,E,1,0.20,E,1,0.60,C,1,0.60,C,1,0.00,-,0,STR|DEX|INT|FAI,ARC
22000900,Hookclaws,Draconic,Claw,Claw,0,0.10,E,1,0.25,D,1,0.00,-,0,0.90,B,1,0.00,-,0,STR|DEX|FAI,INT|ARC
22000500,Hookclaws,Dragonkin,Claw,Claw,0,0.10,E,1,0.25,D,1,0.80,C,1,0.00,-,0,0.00,-,0,STR|DEX|INT,FAI|ARC
22000700,Hookclaws,Flame,Claw,Claw,0,0.10,E,1,0.25,D,1,0.00,-,0,0.80,C,1,0.00,-,0,STR|DEX|FAI,INT|ARC
22001300,Hookclaws,Frenzy,Claw,Claw,0,0.05,E,1,0.20,E,1,0.60,C,1,0.60,C,1,0.00,-,0,STR|DEX|INT|FAI,ARC
22001600,Hookclaws,Frost,Claw,Claw,0,0.05,E,1,0.20,E,1,0.60,C,1,0.00,-,0,0.60,C,1,STR|DEX|INT|ARC,FAI
22000400,Hookclaws,Glint,Claw,Claw,0,0.10,E,1,0.25,D,1,0.90,B,1,0.00,-,0,0.00,-,0,STR|DEX|INT,FAI|ARC
22001500,Hookclaws,Godslayer,Claw,Claw,0,0.05,E,1,0.20,E,1,0.60,C,1,0.60,C,1,0.00,-,0,STR|DEX|INT|FAI,ARC
22000800,Hookclaws,Golden,Claw,Claw,0,0.10,E,1,0.25,D,1,0.00,-,0,0.90,B,1,0.00,-,0,STR|DEX|FAI,INT|ARC
22000600,Hookclaws,Gravity,Claw,Claw,0,0.10,E,1,0.25,D,1,0.90,B,1,0.00,-,0,0.00,-,0,STR|DEX|INT,FAI|ARC
22000100,Hookclaws,Heavy,Claw,Claw,0,0.60,C,1,0.50,D,1,0.00,-,0,0.00,-,0,0.00,-,0,STR|DEX,INT|FAI|ARC
22000200,Hookclaws,Keen,Claw,Claw,0,0.20,E,1,1.00,B,1,0.00,-,0,0.00,-,0,0.00,-,0,STR|DEX,INT|FAI|ARC
22001200,Hookclaws,Lava,Claw,Claw,0,0.05,E,1,0.20,E,1,0.70,C,1,0.70,C,1,0.00,-,0,STR|DEX|INT|FAI,ARC
22002100,Hookclaws,Mystic,Claw,Claw,0,0.05,E,1,0.20,E,1,0.00,-,0,0.60,C,1,0.60,C,1,STR|DEX|FAI|ARC,INT
22001100,Hookclaws,Night,Claw,Claw,0,0.05,E,1,0.20,E,1,0.70,C,1,0.70,C,1,0.00,-,0,STR|DEX|INT|FAI,ARC
22000300,Hookclaws,Quality,Claw,Claw,0,0.50,D,1,0.70,C,1,0.00,-,0,0.00,-,0,0.00,-,0,STR|DEX,INT|FAI|ARC
22001900,Hookclaws,Rotten,Claw,Claw,0,0.05,E,1,0.20,E,1,0.00,-,0,0.60,C,1,0.60,C,1,STR|DEX|FAI|ARC,INT
22000000,Hookclaws,Standard,Claw,Claw,0,0.30,D,1,0.60,C,1,0.00,-,0,0.00,-,0,0.00,-,0,STR|DEX,INT|FAI|ARC
22002000,Hookclaws,Storm,Claw,Claw,0,0.05,E,1,0.20,E,1,0.70,C,1,0.70,C,1,0.00,-,0,STR|DEX|INT|FAI,ARC
41020000,Horn Bow,Standard,Bow,BowNormal,0,0.20,E,1,0.20,E,1,0.00,-,0,0.70,C,1,0.70,C,1,STR|DEX|FAI|ARC,INT
8520000,Horned Warrior's Greatsword,Standard,Curved Greatsword,SaberLarge,0,0.95,B,1,0.45,D,1,0.75,C,1,0.75,C,1,0.00,-,0,STR|DEX|INT|FAI,ARC
7530000,Horned Warrior's Sword,Standard,Curved Sword,SaberNormal,0,0.60,C,1,0.60,C,1,0.00,-,0,1.05,B,1,0.00,-,0,STR|DEX|FAI,INT|ARC
31240000,Horse Crest Wooden Shield,Standard,Medium Shield,ShieldNormal,0,0.40,D,1,0.00,-,0,0.00,-,0,0.00,-,0,0.00,-,0,STR,DEX|INT|FAI|ARC
20050000,Hoslow's Petal Whip,Standard,Whip,Whip,0,0.55,D,1,0.55,D,1,0.70,C,1,0.00,-,0,0.70,C,1,STR|DEX|INT|ARC,FAI
30140000,Ice Crest Shield,Standard,Small Shield,ShieldSmall,0,0.24,E,1,0.00,-,0,0.00,-,0,0.00,-,0,0.00,-,0,STR,DEX|INT|FAI|ARC
14080000,Icerind Hatchet,Standard,Axe,AxeNormal,0,0.35,D,1,0.45,D,1,0.75,C,1,0.00,-,0,0.75,C,1,STR|DEX|INT|ARC,FAI
32140000,Icon Shield,Standard,Greatshield,ShieldLarge,0,0.50,D,1,0.00,-,0,0.00,-,0,0.00,-,0,0.00,-,0,STR,DEX|INT|FAI|ARC
42500000,Igon's Greatbow,Standard,Greatbow,BowLarge,0,1.00,B,1,1.00,B,1,0.00,-,0,0.00,-,0,0.00,-,0,STR|DEX,INT|FAI|ARC
16130000,Inquisitor's Girandole,Standard,Spear,SpearNormal,0,0.40,D,1,0.50,D,1,0.80,C,1,0.80,C,1,0.00,-,0,STR|DEX|INT|FAI,ARC
2090000,Inseparable Sword,Standard,Greatsword,SwordLarge,0,0.45,D,1,0.45,D,1,0.00,-,0,1.10,B,1,0.00,-,0,STR|DEX|FAI,INT|ARC
31320000,Inverted Hawk Heater Shield,Standard,Medium Shield,ShieldNormal,0,0.40,D,1,0.00,-,0,0.00,-,0,0.00,-,0,0.00,-,0,STR,DEX|INT|FAI|ARC
32210000,Inverted Hawk Towershield,Standard,Greatshield,ShieldLarge,0,0.50,D,1,0.00,-,0,0.00,-,0,0.00,-,0,0.00,-,0,STR,DEX|INT|FAI|ARC
21071700,Iron Ball,Aberrant,Fist,Knuckle,0,0.45,D,1,0.10,E,1,0.60,C,1,0.00,-,0,0.60,C,1,STR|DEX|INT|ARC,FAI
21071000,Iron Ball,Bestial,Fist,Knuckle,0,0.50,D,1,0.15,E,1,0.00,-,0,0.90,B,1,0.00,-,0,STR|DEX|FAI,INT|ARC
21071800,Iron Ball,Bloodflame,Fist,Knuckle,0,0.45,D,1,0.10,E,1,0.00,-,0,0.60,C,1,0.60,C,1,STR|DEX|FAI|ARC,INT
21071400,Iron Ball,Death,Fist,Knuckle,0,0.45,D,1,0.10,E,1,0.60,C,1,0.60,C,1,0.00,-,0,STR|DEX|INT|FAI,ARC
21070900,Iron Ball,Draconic,Fist,Knuckle,0,0.50,D,1,0.15,E,1,0.00,-,0,0.90,B,1,0.00,-,0,STR|DEX|FAI,INT|ARC
21070500,Iron Ball,Dragonkin,Fist,Knuckle,0,0.50,D,1,0.15,E,1,0.80,C,1,0.00,-,0,0.00,-,0,STR|DEX|INT,FAI|ARC
21070700,Iron Ball,Flame,Fist,Knuckle,0,0.50,D,1,0.15,E,1,0.00,-,0,0.80,C,1,0.00,-,0,STR|DEX|FAI,INT|ARC
21071300,Iron Ball,Frenzy,Fist,Knuckle,0,0.45,D,1,0.10,E,1,0.60,C,1,0.60,C,1,0.00,-,0,STR|DEX|INT|FAI,ARC
21071600,Iron Ball,Frost,Fist,Knuckle,0,0.45,D,1,0.10,E,1,0.60,C,1,0.00,-,0,0.60,C,1,STR|DEX|INT|ARC,FAI
21070400,Iron Ball,Glint,Fist,Knuckle,0,0.50,D,1,0.15,E,1,0.90,B,1,0.00,-,0,0.00,-,0,STR|DEX|INT,FAI|ARC
21071500,Iron Ball,Godslayer,Fist,Knuckle,0,0.45,D,1,0.10,E,1,0.60,C,1,0.60,C,1,0.00,-,0,STR|DEX|INT|FAI,ARC
21070800,Iron Ball,Golden,Fist,Knuckle,0,0.50,D,1,0.15,E,1,0.00,-,0,0.90,B,1,0.00,-,0,STR|DEX|FAI,INT|ARC
21070600,Iron Ball,Gravity,Fist,Knuckle,0,0.50,D,1,0.15,E,1,0.90,B,1,0.00,-,0,0.00,-,0,STR|DEX|INT,FAI|ARC
21070100,Iron Ball,Heavy,Fist,Knuckle,0,0.90,B,1,0.30,D,1,0.00,-,0,0.00,-,0,0.00,-,0,STR|DEX,INT|FAI|ARC
21070200,Iron Ball,Keen,Fist,Knuckle,0,0.45,D,1,0.75,C,1,0.00,-,0,0.00,-,0,0.00,-,0,STR|DEX,INT|FAI|ARC
21071200,Iron Ball,Lava,Fist,Knuckle,0,0.45,D,1,0.10,E,1,0.70,C,1,0.70,C,1,0.00,-,0,STR|DEX|INT|FAI,ARC
21072100,Iron Ball,Mystic,Fist,Knuckle,0,0.45,D,1,0.10,E,1,0.00,-,0,0.60,C,1,0.60,C,1,STR|DEX|FAI|ARC,INT
21071100,Iron Ball,Night,Fist,Knuckle,0,0.45,D,1,0.10,E,1,0.70,C,1,0.70,C,1,0.00,-,0,STR|DEX|INT|FAI,ARC
21070300,Iron Ball,Quality,Fist,Knuckle,0,0.85,C,1,0.70,C,1,0.00,-,0,0.00,-,0,0.00,-,0,STR|DEX,INT|FAI|ARC
21071900,Iron Ball,Rotten,Fist,Knuckle,0,0.45,D,1,0.10,E,1,0.00,-,0,0.60,C,1,0.60,C,1,STR|DEX|FAI|ARC,INT
21070000,Iron Ball,Standard,Fist,Knuckle,0,0.55,D,1,0.40,D,1,0.00,-,0,0.00,-,0,0.00,-,0,STR|DEX,INT|FAI|ARC
21072000,Iron Ball,Storm,Fist,Knuckle,0,0.45,D,1,0.10,E,1,0.70,C,1,0.70,C,1,0.00,-,0,STR|DEX|INT|FAI,ARC
14041700,Iron Cleaver,Aberrant,Axe,AxeNormal,0,0.30,D,1,0.20,E,1,0.60,C,1,0.00,-,0,0.60,C,1,STR|DEX|INT|ARC,FAI
14041000,Iron Cleaver,Bestial,Axe,AxeNormal,0,0.35,D,1,0.25,D,1,0.00,-,0,0.90,B,1,0.00,-,0,STR|DEX|FAI,INT|ARC
14041800,Iron Cleaver,Bloodflame,Axe,AxeNormal,0,0.30,D,1,0.20,E,1,0.00,-,0,0.60,C,1,0.60,C,1,STR|DEX|FAI|ARC,INT
14041400,Iron Cleaver,Death,Axe,AxeNormal,0,0.30,D,1,0.20,E,1,0.60,C,1,0.60,C,1,0.00,-,0,STR|DEX|INT|FAI,ARC
14040900,Iron Cleaver,Draconic,Axe,AxeNormal,0,0.35,D,1,0.25,D,1,0.00,-,0,0.90,B,1,0.00,-,0,STR|DEX|FAI,INT|ARC
14040500,Iron Cleaver,Dragonkin,Axe,AxeNormal,0,0.35,D,1,0.25,D,1,0.80,C,1,0.00,-,0,0.00,-,0,STR|DEX|INT,FAI|ARC
14040700,Iron Cleaver,Flame,Axe,AxeNormal,0,0.35,D,1,0.25,D,1,0.00,-,0,0.80,C,1,0.00,-,0,STR|DEX|FAI,INT|ARC
14041300,Iron Cleaver,Frenzy,Axe,AxeNormal,0,0.30,D,1,0.20,E,1,0.60,C,1,0.60,C,1,0.00,-,0,STR|DEX|INT|FAI,ARC
14041600,Iron Cleaver,Frost,Axe,AxeNormal,0,0.30,D,1,0.20,E,1,0.60,C,1,0.00,-,0,0.60,C,1,STR|DEX|INT|ARC,FAI
14040400,Iron Cleaver,Glint,Axe,AxeNormal,0,0.35,D,1,0.25,D,1,0.90,B,1,0.00,-,0,0.00,-,0,STR|DEX|INT,FAI|ARC
14041500,Iron Cleaver,Godslayer,Axe,AxeNormal,0,0.30,D,1,0.20,E,1,0.60,C,1,0.60,C,1,0.00,-,0,STR|DEX|INT|FAI,ARC
14040800,Iron Cleaver,Golden,Axe,AxeNormal,0,0.35,D,1,0.25,D,1,0.00,-,0,0.90,B,1,0.00,-,0,STR|DEX|FAI,INT|ARC
14040600,Iron Cleaver,Gravity,Axe,AxeNormal,0,0.35,D,1,0.25,D,1,0.90,B,1,0.00,-,0,0.00,-,0,STR|DEX|INT,FAI|ARC
14040100,Iron Cleaver,Heavy,Axe,AxeNormal,0,0.95,B,1,0.25,D,1,0.00,-,0,0.00,-,0,0.00,-,0,STR|DEX,INT|FAI|ARC
14040200,Iron Cleaver,Keen,Axe,AxeNormal,0,0.45,D,1,0.75,C,1,0.00,-,0,0.00,-,0,0.00,-,0,STR|DEX,INT|FAI|ARC
14041200,Iron Cleaver,Lava,Axe,AxeNormal,0,0.30,D,1,0.20,E,1,0.70,C,1,0.70,C,1,0.00,-,0,STR|DEX|INT|FAI,ARC
14042100,Iron Cleaver,Mystic,Axe,AxeNormal,0,0.30,D,1,0.20,E,1,0.00,-,0,0.60,C,1,0.60,C,1,STR|DEX|FAI|ARC,INT
14041100,Iron Cleaver,Night,Axe,AxeNormal,0,0.30,D,1,0.20,E,1,0.70,C,1,0.70,C,1,0.00,-,0,STR|DEX|INT|FAI,ARC
14040300,Iron Cleaver,Quality,Axe,AxeNormal,0,0.65,C,1,0.55,D,1,0.00,-,0,0.00,-,0,0.00,-,0,STR|DEX,INT|FAI|ARC
14041900,Iron Cleaver,Rotten,Axe,AxeNormal,0,0.30,D,1,0.20,E,1,0.00,-,0,0.60,C,1,0.60,C,1,STR|DEX|FAI|ARC,INT
14040000,Iron Cleaver,Standard,Axe,AxeNormal,0,0.55,D,1,0.35,D,1,0.00,-,0,0.00,-,0,0.00,-,0,STR|DEX,INT|FAI|ARC
14042000,Iron Cleaver,Storm,Axe,AxeNormal,0,0.30,D,1,0.20,E,1,0.70,C,1,0.70,C,1,0.00,-,0,STR|DEX|INT|FAI,ARC
3021700,Iron Greatsword,Aberrant,Greatsword,SwordLarge,0,0.15,E,1,0.10,E,1,0.60,C,1,0.00,-,0,0.60,C,1,STR|DEX|INT|ARC,FAI
3021000,Iron Greatsword,Bestial,Greatsword,SwordLarge,0,0.25,D,1,0.10,E,1,0.00,-,0,0.90,B,1,0.00,-,0,STR|DEX|FAI,INT|ARC
3021800,Iron Greatsword,Bloodflame,Greatsword,SwordLarge,0,0.15,E,1,0.10,E,1,0.00,-,0,0.60,C,1,0.60,C,1,STR|DEX|FAI|ARC,INT
3021400,Iron Greatsword,Death,Greatsword,SwordLarge,0,0.15,E,1,0.10,E,1,0.60,C,1,0.60,C,1,0.00,-,0,STR|DEX|INT|FAI,ARC
3020900,Iron Greatsword,Draconic,Greatsword,SwordLarge,0,0.25,D,1,0.10,E,1,0.00,-,0,0.90,B,1,0.00,-,0,STR|DEX|FAI,INT|ARC
3020500,Iron Greatsword,Dragonkin,Greatsword,SwordLarge,0,0.25,D,1,0.10,E,1,0.80,C,1,0.00,-,0,0.00,-,0,STR|DEX|INT,FAI|ARC
3020700,Iron Greatsword,Flame,Greatsword,SwordLarge,0,0.25,D,1,0.10,E,1,0.00,-,0,0.80,C,1,0.00,-,0,STR|DEX|FAI,INT|ARC
3021300,Iron Greatsword,Frenzy,Greatsword,SwordLarge,0,0.15,E,1,0.10,E,1,0.60,C,1,0.60,C,1,0.00,-,0,STR|DEX|INT|FAI,ARC
3021600,Iron Greatsword,Frost,Greatsword,SwordLarge,0,0.15,E,1,0.10,E,1,0.60,C,1,0.00,-,0,0.60,C,1,STR|DEX|INT|ARC,FAI
3020400,Iron Greatsword,Glint,Greatsword,SwordLarge,0,0.25,D,1,0.10,E,1,0.90,B,1,0.00,-,0,0.00,-,0,STR|DEX|INT,FAI|ARC
3021500,Iron Greatsword,Godslayer,Greatsword,SwordLarge,0,0.15,E,1,0.10,E,1,0.60,C,1,0.60,C,1,0.00,-,0,STR|DEX|INT|FAI,ARC
3020800,Iron Greatsword,Golden,Greatsword,SwordLarge,0,0.25,D,1,0.10,E,1,0.00,-,0,0.90,B,1,0.00,-,0,STR|DEX|FAI,INT|ARC
3020600,Iron Greatsword,Gravity,Greatsword,SwordLarge,0,0.25,D,1,0.10,E,1,0.90,B,1,0.00,-,0,0.00,-,0,STR|DEX|INT,FAI|ARC
3020100,Iron Greatsword,Heavy,Greatsword,SwordLarge,0,1.00,B,1,0.15,E,1,0.00,-,0,0.00,-,0,0.00,-,0,STR|DEX,INT|FAI|ARC
3020200,Iron Greatsword,Keen,Greatsword,SwordLarge,0,0.45,D,1,0.60,C,1,0.00,-,0,0.00,-,0,0.00,-,0,STR|DEX,INT|FAI|ARC
3021200,Iron Greatsword,Lava,Greatsword,SwordLarge,0,0.15,E,1,0.10,E,1,0.70,C,1,0.70,C,1,0.00,-,0,STR|DEX|INT|FAI,ARC
3022100,Iron Greatsword,Mystic,Greatsword,SwordLarge,0,0.15,E,1,0.10,E,1,0.00,-,0,0.60,C,1,0.60,C,1,STR|DEX|FAI|ARC,INT
3021100,Iron Greatsword,Night,Greatsword,SwordLarge,0,0.15,E,1,0.10,E,1,0.70,C,1,0.70,C,1,0.00,-,0,STR|DEX|INT|FAI,ARC
3020300,Iron Greatsword,Quality,Greatsword,SwordLarge,0,0.75,C,1,0.50,D,1,0.00,-,0,0.00,-,0,0.00,-,0,STR|DEX,INT|FAI|ARC
3021900,Iron Greatsword,Rotten,Greatsword,SwordLarge,0,0.15,E,1,0.10,E,1,0.00,-,0,0.60,C,1,0.60,C,1,STR|DEX|FAI|ARC,INT
3020000,Iron Greatsword,Standard,Greatsword,SwordLarge,0,0.60,C,1,0.30,D,1,0.00,-,0,0.00,-,0,0.00,-,0,STR|DEX,INT|FAI|ARC
3022000,Iron Greatsword,Storm,Greatsword,SwordLarge,0,0.15,E,1,0.10,E,1,0.70,C,1,0.70,C,1,0.00,-,0,STR|DEX|INT|FAI,ARC
30120000,Iron Roundshield,Standard,Small Shield,ShieldSmall,0,0.24,E,1,0.00,-,0,0.00,-,0,0.00,-,0,0.00,-,0,STR,DEX|INT|FAI|ARC
16151700,Iron Spear,Aberrant,Spear,SpearNormal,0,0.20,E,1,0.40,D,1,0.60,C,1,0.00,-,0,0.60,C,1,STR|DEX|INT|ARC,FAI
16151000,Iron Spear,Bestial,Spear,SpearNormal,0,0.25,D,1,0.45,D,1,0.00,-,0,0.85,C,1,0.00,-,0,STR|DEX|FAI,INT|ARC
16151800,Iron Spear,Bloodflame,Spear,SpearNormal,0,0.20,E,1,0.40,D,1,0.00,-,0,0.60,C,1,0.60,C,1,STR|DEX|FAI|ARC,INT
16151400,Iron Spear,Death,Spear,SpearNormal,0,0.20,E,1,0.40,D,1,0.60,C,1,0.60,C,1,0.00,-,0,STR|DEX|INT|FAI,ARC
16150900,Iron Spear,Draconic,Spear,SpearNormal,0,0.25,D,1,0.45,D,1,0.00,-,0,0.85,C,1,0.00,-,0,STR|DEX|FAI,INT|ARC
16150500,Iron Spear,Dragonkin,Spear,SpearNormal,0,0.25,D,1,0.45,D,1,0.75,C,1,0.00,-,0,0.00,-,0,STR|DEX|INT,FAI|ARC
16150700,Iron Spear,Flame,Spear,SpearNormal,0,0.25,D,1,0.45,D,1,0.00,-,0,0.75,C,1,0.00,-,0,STR|DEX|FAI,INT|ARC
16151300,Iron Spear,Frenzy,Spear,SpearNormal,0,0.20,E,1,0.40,D,1,0.60,C,1,0.60,C,1,0.00,-,0,STR|DEX|INT|FAI,ARC
16151600,Iron Spear,Frost,Spear,SpearNormal,0,0.20,E,1,0.40,D,1,0.60,C,1,0.00,-,0,0.60,C,1,STR|DEX|INT|ARC,FAI
16150400,Iron Spear,Glint,Spear,SpearNormal,0,0.25,D,1,0.45,D,1,0.85,C,1,0.00,-,0,0.00,-,0,STR|DEX|INT,FAI|ARC
16151500,Iron Spear,Godslayer,Spear,SpearNormal,0,0.20,E,1,0.40,D,1,0.60,C,1,0.60,C,1,0.00,-,0,STR|DEX|INT|FAI,ARC
16150800,Iron Spear,Golden,Spear,SpearNormal,0,0.25,D,1,0.45,D,1,0.00,-,0,0.85,C,1,0.00,-,0,STR|DEX|FAI,INT|ARC
16150600,Iron Spear,Gravity,Spear,SpearNormal,0,0.25,D,1,0.45,D,1,0.85,C,1,0.00,-,0,0.00,-,0,STR|DEX|INT,FAI|ARC
16150100,Iron Spear,Heavy,Spear,SpearNormal,0,0.70,C,1,0.60,C,1,0.00,-,0,0.00,-,0,0.00,-,0,STR|DEX,INT|FAI|ARC
16150200,Iron Spear,Keen,Spear,SpearNormal,0,0.15,E,1,1.20,B,1,0.00,-,0,0.00,-,0,0.00,-,0,STR|DEX,INT|FAI|ARC
16151200,Iron Spear,Lava,Spear,SpearNormal,0,0.20,E,1,0.40,D,1,0.70,C,1,0.70,C,1,0.00,-,0,STR|DEX|INT|FAI,ARC
16152100,Iron Spear,Mystic,Spear,SpearNormal,0,0.20,E,1,0.40,D,1,0.00,-,0,0.60,C,1,0.60,C,1,STR|DEX|FAI|ARC,INT
16151100,Iron Spear,Night,Spear,SpearNormal,0,0.20,E,1,0.40,D,1,0.70,C,1,0.70,C,1,0.00,-,0,STR|DEX|INT|FAI,ARC
16150300,Iron Spear,Quality,Spear,SpearNormal,0,0.45,D,1,0.90,B,1,0.00,-,0,0.00,-,0,0.00,-,0,STR|DEX,INT|FAI|ARC
16151900,Iron Spear,Rotten,Spear,SpearNormal,0,0.20,E,1,0.40,D,1,0.00,-,0,0.60,C,1,0.60,C,1,STR|DEX|FAI|ARC,INT
16150000,Iron Spear,Standard,Spear,SpearNormal,0,0.35,D,1,0.75,C,1,0.00,-,0,0.00,-,0,0.00,-,0,STR|DEX,INT|FAI|ARC
16152000,Iron Spear,Storm,Spear,SpearNormal,0,0.20,E,1,0.40,D,1,0.70,C,1,0.70,C,1,0.00,-,0,STR|DEX|INT|FAI,ARC
1130000,Ivory Sickle,Standard,Dagger,Dagger,0,0.05,E,1,0.40,D,1,0.60,C,1,0.60,C,1,0.00,-,0,STR|DEX|INT|FAI,ARC
44010000,Jar Cannon,Standard,Ballista,Ballista,0,0.45,D,1,0.10,E,1,0.00,-,0,0.00,-,0,1.00,B,1,STR|DEX|ARC,INT|FAI
14030000,Jawbone Axe,Standard,Axe,AxeNormal,0,0.65,C,1,0.65,C,1,0.00,-,0,0.65,C,1,0.65,C,1,STR|DEX|FAI|ARC,INT
32120000,Jellyfish Shield,Standard,Greatshield,ShieldLarge,0,0.50,D,1,0.00,-,0,0.00,-,0,0.00,-,0,0.00,-,0,STR,DEX|INT|FAI|ARC
21101700,Katar,Aberrant,Fist,Knuckle,0,0.15,E,1,0.40,D,1,0.60,C,1,0.00,-,0,0.60,C,1,STR|DEX|INT|ARC,FAI
21101000,Katar,Bestial,Fist,Knuckle,0,0.20,E,1,0.45,D,1,0.00,-,0,0.90,B,1,0.00,-,0,STR|DEX|FAI,INT|ARC
21101800,Katar,Bloodflame,Fist,Knuckle,0,0.15,E,1,0.40,D,1,0.00,-,0,0.60,C,1,0.60,C,1,STR|DEX|FAI|ARC,INT
21101400,Katar,Death,Fist,Knuckle,0,0.15,E,1,0.40,D,1,0.60,C,1,0.60,C,1,0.00,-,0,STR|DEX|INT|FAI,ARC
21100900,Katar,Draconic,Fist,Knuckle,0,0.20,E,1,0.45,D,1,0.00,-,0,0.90,B,1,0.00,-,0,STR|DEX|FAI,INT|ARC
21100500,Katar,Dragonkin,Fist,Knuckle,0,0.20,E,1,0.45,D,1,0.80,C,1,0.00,-,0,0.00,-,0,STR|DEX|INT,FAI|ARC
21100700,Katar,Flame,Fist,Knuckle,0,0.20,E,1,0.45,D,1,0.00,-,0,0.80,C,1,0.00,-,0,STR|DEX|FAI,INT|ARC
21101300,Katar,Frenzy,Fist,Knuckle,0,0.15,E,1,0.40,D,1,0.60,C,1,0.60,C,1,0.00,-,0,STR|DEX|INT|FAI,ARC
21101600,Katar,Frost,Fist,Knuckle,0,0.15,E,1,0.40,D,1,0.60,C,1,0.00,-,0,0.60,C,1,STR|DEX|INT|ARC,FAI
21100400,Katar,Glint,Fist,Knuckle,0,0.20,E,1,0.45,D,1,0.90,B,1,0.00,-,0,0.00,-,0,STR|DEX|INT,FAI|ARC
21101500,Katar,Godslayer,Fist,Knuckle,0,0.15,E,1,0.40,D,1,0.60,C,1,0.60,C,1,0.00,-,0,STR|DEX|INT|FAI,ARC
21100800,Katar,Golden,Fist,Knuckle,0,0.20,E,1,0.45,D,1,0.00,-,0,0.90,B,1,0.00,-,0,STR|DEX|FAI,INT|ARC
21100600,Katar,Gravity,Fist,Knuckle,0,0.20,E,1,0.45,D,1,0.90,B,1,0.00,-,0,0.00,-,0,STR|DEX|INT,FAI|ARC
21100100,Katar,Heavy,Fist,Knuckle,0,0.80,C,1,0.40,D,1,0.00,-,0,0.00,-,0,0.00,-,0,STR|DEX,INT|FAI|ARC
21100200,Katar,Keen,Fist,Knuckle,0,0.35,D,1,0.85,C,1,0.00,-,0,0.00,-,0,0.00,-,0,STR|DEX,INT|FAI|ARC
21101200,Katar,Lava,Fist,Knuckle,0,0.15,E,1,0.40,D,1,0.70,C,1,0.70,C,1,0.00,-,0,STR|DEX|INT|FAI,ARC
21102100,Katar,Mystic,Fist,Knuckle,0,0.15,E,1,0.40,D,1,0.00,-,0,0.60,C,1,0.60,C,1,STR|DEX|FAI|ARC,INT
21101100,Katar,Night,Fist,Knuckle,0,0.15,E,1,0.40,D,1,0.70,C,1,0.70,C,1,0.00,-,0,STR|DEX|INT|FAI,ARC
21100300,Katar,Quality,Fist,Knuckle,0,0.75,C,1,0.80,C,1,0.00,-,0,0.00,-,0,0.00,-,0,STR|DEX,INT|FAI|ARC
21101900,Katar,Rotten,Fist,Knuckle,0,0.15,E,1,0.40,D,1,0.00,-,0,0.60,C,1,0.60,C,1,STR|DEX|FAI|ARC,INT
21100000,Katar,Standard,Fist,Knuckle,0,0.45,D,1,0.50,D,1,0.00,-,0,0.00,-,0,0.00,-,0,STR|DEX,INT|FAI|ARC
21102000,Katar,Storm,Fist,Knuckle,0,0.15,E,1,0.40,D,1,0.70,C,1,0.70,C,1,0.00,-,0,STR|DEX|INT|FAI,ARC
31000000,Kite Shield,Standard,Medium Shield,ShieldNormal,0,0.40,D,1,0.00,-,0,0.00,-,0,0.00,-,0,0.00,-,0,STR,DEX|INT|FAI|ARC
3041700,Knight's Greatsword,Aberrant,Greatsword,SwordLarge,0,0.22,E,1,0.13,E,1,0.60,C,1,0.00,-,0,0.60,C,1,STR|DEX|INT|ARC,FAI
3041000,Knight's Greatsword,Bestial,Greatsword,SwordLarge,0,0.30,D,1,0.15,E,1,0.00,-,0,0.90,B,1,0.00,-,0,STR|DEX|FAI,INT|ARC
3041800,Knight's Greatsword,Bloodflame,Greatsword,SwordLarge,0,0.22,E,1,0.13,E,1,0.00,-,0,0.60,C,1,0.60,C,1,STR|DEX|FAI|ARC,INT
3041400,Knight's Greatsword,Death,Greatsword,SwordLarge,0,0.22,E,1,0.13,E,1,0.60,C,1,0.60,C,1,0.00,-,0,STR|DEX|INT|FAI,ARC
3040900,Knight's Greatsword,Draconic,Greatsword,SwordLarge,0,0.30,D,1,0.15,E,1,0.00,-,0,0.90,B,1,0.00,-,0,STR|DEX|FAI,INT|ARC
3040500,Knight's Greatsword,Dragonkin,Greatsword,SwordLarge,0,0.30,D,1,0.15,E,1,0.80,C,1,0.00,-,0,0.00,-,0,STR|DEX|INT,FAI|ARC
3040700,Knight's Greatsword,Flame,Greatsword,SwordLarge,0,0.30,D,1,0.15,E,1,0.00,-,0,0.80,C,1,0.00,-,0,STR|DEX|FAI,INT|ARC
3041300,Knight's Greatsword,Frenzy,Greatsword,SwordLarge,0,0.22,E,1,0.13,E,1,0.60,C,1,0.60,C,1,0.00,-,0,STR|DEX|INT|FAI,ARC
3041600,Knight's Greatsword,Frost,Greatsword,SwordLarge,0,0.22,E,1,0.13,E,1,0.60,C,1,0.00,-,0,0.60,C,1,STR|DEX|INT|ARC,FAI
3040400,Knight's Greatsword,Glint,Greatsword,SwordLarge,0,0.30,D,1,0.15,E,1,0.90,B,1,0.00,-,0,0.00,-,0,STR|DEX|INT,FAI|ARC
3041500,Knight's Greatsword,Godslayer,Greatsword,SwordLarge,0,0.22,E,1,0.13,E,1,0.60,C,1,0.60,C,1,0.00,-,0,STR|DEX|INT|FAI,ARC
3040800,Knight's Greatsword,Golden,Greatsword,SwordLarge,0,0.30,D,1,0.15,E,1,0.00,-,0,0.90,B,1,0.00,-,0,STR|DEX|FAI,INT|ARC
3040600,Knight's Greatsword,Gravity,Greatsword,SwordLarge,0,0.30,D,1,0.15,E,1,0.90,B,1,0.00,-,0,0.00,-,0,STR|DEX|INT,FAI|ARC
3040100,Knight's Greatsword,Heavy,Greatsword,SwordLarge,0,1.00,B,1,0.25,D,1,0.00,-,0,0.00,-,0,0.00,-,0,STR|DEX,INT|FAI|ARC
3040200,Knight's Greatsword,Keen,Greatsword,SwordLarge,0,0.50,D,1,0.65,C,1,0.00,-,0,0.00,-,0,0.00,-,0,STR|DEX,INT|FAI|ARC
3041200,Knight's Greatsword,Lava,Greatsword,SwordLarge,0,0.22,E,1,0.13,E,1,0.70,C,1,0.70,C,1,0.00,-,0,STR|DEX|INT|FAI,ARC
3042100,Knight's Greatsword,Mystic,Greatsword,SwordLarge,0,0.22,E,1,0.13,E,1,0.00,-,0,0.60,C,1,0.60,C,1,STR|DEX|FAI|ARC,INT
3041100,Knight's Greatsword,Night,Greatsword,SwordLarge,0,0.22,E,1,0.13,E,1,0.70,C,1,0.70,C,1,0.00,-,0,STR|DEX|INT|FAI,ARC
3040300,Knight's Greatsword,Quality,Greatsword,SwordLarge,0,0.90,B,1,0.65,C,1,0.00,-,0,0.00,-,0,0.00,-,0,STR|DEX,INT|FAI|ARC
3041900,Knight's Greatsword,Rotten,Greatsword,SwordLarge,0,0.22,E,1,0.13,E,1,0.00,-,0,0.60,C,1,0.60,C,1,STR|DEX|FAI|ARC,INT
3040000,Knight's Greatsword,Standard,Greatsword,SwordLarge,0,0.60,C,1,0.40,D,1,0.00,-,0,0.00,-,0,0.00,-,0,STR|DEX,INT|FAI|ARC
3042000,Knight's Greatsword,Storm,Greatsword,SwordLarge,0,0.22,E,1,0.13,E,1,0.70,C,1,0.70,C,1,0.00,-,0,STR|DEX|INT|FAI,ARC
67540000,Konrad's Bloodletter,Standard,Light Greatsword,LightGreatsword,0,0.45,D,1,0.45,D,1,0.00,-,0,0.75,C,1,0.75,C,1,STR|DEX|FAI|ARC,INT
24510000,Lamenting Visage,Standard,Torch,Torch,0,0.96,B,1,0.00,-,0,0.00,-,0,0.00,-,0,0.00,-,0,STR,DEX|INT|FAI|ARC
17061700,Lance,Aberrant,Heavy Spear,SpearHeavy,0,0.35,D,1,0.20,E,1,0.60,C,1,0.00,-,0,0.60,C,1,STR|DEX|INT|ARC,FAI
17061000,Lance,Bestial,Heavy Spear,SpearHeavy,0,0.40,D,1,0.25,D,1,0.00,-,0,0.90,B,1,0.00,-,0,STR|DEX|FAI,INT|ARC
17061800,Lance,Bloodflame,Heavy Spear,SpearHeavy,0,0.35,D,1,0.20,E,1,0.00,-,0,0.60,C,1,0.60,C,1,STR|DEX|FAI|ARC,INT
17061400,Lance,Death,Heavy Spear,SpearHeavy,0,0.35,D,1,0.20,E,1,0.60,C,1,0.60,C,1,0.00,-,0,STR|DEX|INT|FAI,ARC
17060900,Lance,Draconic,Heavy Spear,SpearHeavy,0,0.40,D,1,0.25,D,1,0.00,-,0,0.90,B,1,0.00,-,0,STR|DEX|FAI,INT|ARC
17060500,Lance,Dragonkin,Heavy Spear,SpearHeavy,0,0.40,D,1,0.25,D,1,0.80,C,1,0.00,-,0,0.00,-,0,STR|DEX|INT,FAI|ARC
17060700,Lance,Flame,Heavy Spear,SpearHeavy,0,0.40,D,1,0.25,D,1,0.00,-,0,0.80,C,1,0.00,-,0,STR|DEX|FAI,INT|ARC
17061300,Lance,Frenzy,Heavy Spear,SpearHeavy,0,0.35,D,1,0.20,E,1,0.60,C,1,0.60,C,1,0.00,-,0,STR|DEX|INT|FAI,ARC
17061600,Lance,Frost,Heavy Spear,SpearHeavy,0,0.35,D,1,0.20,E,1,0.60,C,1,0.00,-,0,0.60,C,1,STR|DEX|INT|ARC,FAI
17060400,Lance,Glint,Heavy Spear,SpearHeavy,0,0.40,D,1,0.25,D,1,0.90,B,1,0.00,-,0,0.00,-,0,STR|DEX|INT,FAI|ARC
17061500,Lance,Godslayer,Heavy Spear,SpearHeavy,0,0.35,D,1,0.20,E,1,0.60,C,1,0.60,C,1,0.00,-,0,STR|DEX|INT|FAI,ARC
17060800,Lance,Golden,Heavy Spear,SpearHeavy,0,0.40,D,1,0.25,D,1,0.00,-,0,0.90,B,1,0.00,-,0,STR|DEX|FAI,INT|ARC
17060600,Lance,Gravity,Heavy Spear,SpearHeavy,0,0.40,D,1,0.25,D,1,0.90,B,1,0.00,-,0,0.00,-,0,STR|DEX|INT,FAI|ARC
17060100,Lance,Heavy,Heavy Spear,SpearHeavy,0,0.95,B,1,0.35,D,1,0.00,-,0,0.00,-,0,0.00,-,0,STR|DEX,INT|FAI|ARC
17060200,Lance,Keen,Heavy Spear,SpearHeavy,0,0.45,D,1,0.85,C,1,0.00,-,0,0.00,-,0,0.00,-,0,STR|DEX,INT|FAI|ARC
17061200,Lance,Lava,Heavy Spear,SpearHeavy,0,0.35,D,1,0.20,E,1,0.70,C,1,0.70,C,1,0.00,-,0,STR|DEX|INT|FAI,ARC
17062100,Lance,Mystic,Heavy Spear,SpearHeavy,0,0.35,D,1,0.20,E,1,0.00,-,0,0.60,C,1,0.60,C,1,STR|DEX|FAI|ARC,INT
17061100,Lance,Night,Heavy Spear,SpearHeavy,0,0.35,D,1,0.20,E,1,0.70,C,1,0.70,C,1,0.00,-,0,STR|DEX|INT|FAI,ARC
17060300,Lance,Quality,Heavy Spear,SpearHeavy,0,0.70,C,1,0.60,C,1,0.00,-,0,0.00,-,0,0.00,-,0,STR|DEX,INT|FAI|ARC
17061900,Lance,Rotten,Heavy Spear,SpearHeavy,0,0.35,D,1,0.20,E,1,0.00,-,0,0.60,C,1,0.60,C,1,STR|DEX|FAI|ARC,INT
17060000,Lance,Standard,Heavy Spear,SpearHeavy,0,0.50,D,1,0.40,D,1,0.00,-,0,0.00,-,0,0.00,-,0,STR|DEX,INT|FAI|ARC
17062000,Lance,Storm,Heavy Spear,SpearHeavy,0,0.35,D,1,0.20,E,1,0.70,C,1,0.70,C,1,0.00,-,0,STR|DEX|INT|FAI,ARC
12001700,Large Club,Aberrant,Great Hammer,HammerLarge,0,0.20,E,1,0.05,E,1,0.60,C,1,0.00,-,0,0.60,C,1,STR|DEX|INT|ARC,FAI
12001000,Large Club,Bestial,Great Hammer,HammerLarge,0,0.25,D,1,0.10,E,1,0.00,-,0,0.90,B,1,0.00,-,0,STR|DEX|FAI,INT|ARC
12001800,Large Club,Bloodflame,Great Hammer,HammerLarge,0,0.20,E,1,0.05,E,1,0.00,-,0,0.60,C,1,0.60,C,1,STR|DEX|FAI|ARC,INT
12001400,Large Club,Death,Great Hammer,HammerLarge,0,0.20,E,1,0.05,E,1,0.60,C,1,0.60,C,1,0.00,-,0,STR|DEX|INT|FAI,ARC
12000900,Large Club,Draconic,Great Hammer,HammerLarge,0,0.25,D,1,0.10,E,1,0.00,-,0,0.90,B,1,0.00,-,0,STR|DEX|FAI,INT|ARC
12000500,Large Club,Dragonkin,Great Hammer,HammerLarge,0,0.25,D,1,0.10,E,1,0.80,C,1,0.00,-,0,0.00,-,0,STR|DEX|INT,FAI|ARC
12000700,Large Club,Flame,Great Hammer,HammerLarge,0,0.25,D,1,0.10,E,1,0.00,-,0,0.80,C,1,0.00,-,0,STR|DEX|FAI,INT|ARC
12001300,Large Club,Frenzy,Great Hammer,HammerLarge,0,0.20,E,1,0.05,E,1,0.60,C,1,0.60,C,1,0.00,-,0,STR|DEX|INT|FAI,ARC
12001600,Large Club,Frost,Great Hammer,HammerLarge,0,0.20,E,1,0.05,E,1,0.60,C,1,0.00,-,0,0.60,C,1,STR|DEX|INT|ARC,FAI
12000400,Large Club,Glint,Great Hammer,HammerLarge,0,0.25,D,1,0.10,E,1,0.90,B,1,0.00,-,0,0.00,-,0,STR|DEX|INT,FAI|ARC
12001500,Large Club,Godslayer,Great Hammer,HammerLarge,0,0.20,E,1,0.05,E,1,0.60,C,1,0.60,C,1,0.00,-,0,STR|DEX|INT|FAI,ARC
12000800,Large Club,Golden,Great Hammer,HammerLarge,0,0.25,D,1,0.10,E,1,0.00,-,0,0.90,B,1,0.00,-,0,STR|DEX|FAI,INT|ARC
12000600,Large Club,Gravity,Great Hammer,HammerLarge,0,0.25,D,1,0.10,E,1,0.90,B,1,0.00,-,0,0.00,-,0,STR|DEX|INT,FAI|ARC
12000100,Large Club,Heavy,Great Hammer,HammerLarge,0,1.10,B,1,0.10,E,1,0.00,-,0,0.00,-,0,0.00,-,0,STR|DEX,INT|FAI|ARC
12000200,Large Club,Keen,Great Hammer,HammerLarge,0,0.50,D,1,0.55,D,1,0.00,-,0,0.00,-,0,0.00,-,0,STR|DEX,INT|FAI|ARC
12001200,Large Club,Lava,Great Hammer,HammerLarge,0,0.20,E,1,0.05,E,1,0.70,C,1,0.70,C,1,0.00,-,0,STR|DEX|INT|FAI,ARC
12002100,Large Club,Mystic,Great Hammer,HammerLarge,0,0.20,E,1,0.05,E,1,0.00,-,0,0.60,C,1,0.60,C,1,STR|DEX|FAI|ARC,INT
12001100,Large Club,Night,Great Hammer,HammerLarge,0,0.20,E,1,0.05,E,1,0.70,C,1,0.70,C,1,0.00,-,0,STR|DEX|INT|FAI,ARC
12000300,Large Club,Quality,Great Hammer,HammerLarge,0,0.80,C,1,0.35,D,1,0.00,-,0,0.00,-,0,0.00,-,0,STR|DEX,INT|FAI|ARC
12001900,Large Club,Rotten,Great Hammer,HammerLarge,0,0.20,E,1,0.05,E,1,0.00,-,0,0.60,C,1,0.60,C,1,STR|DEX|FAI|ARC,INT
12000000,Large Club,Standard,Great Hammer,HammerLarge,0,0.70,C,1,0.20,E,1,0.00,-,0,0.00,-,0,0.00,-,0,STR|DEX,INT|FAI|ARC
12002000,Large Club,Storm,Great Hammer,HammerLarge,0,0.20,E,1,0.05,E,1,0.70,C,1,0.70,C,1,0.00,-,0,STR|DEX|INT|FAI,ARC
31230000,Large Leather Shield,Standard,Medium Shield,ShieldNormal,0,0.40,D,1,0.00,-,0,0.00,-,0,0.00,-,0,0.00,-,0,STR,DEX|INT|FAI|ARC
33330000,Lavastone Staff,Standard,Staff,Staff,0,0.00,-,0,0.00,-,0,1.00,B,1,1.00,B,1,0.00,-,0,INT|FAI,STR|DEX|ARC
11020000,Leaden Maul,Standard,Hammer,HammerNormal,0,1.25,B,1,0.20,E,1,0.00,-,0,0.00,-,0,0.00,-,0,STR|DEX,INT|FAI|ARC
67510000,Leda's Sword,Standard,Light Greatsword,LightGreatsword,0,0.65,C,1,0.65,C,1,0.00,-,0,0.85,C,1,0.00,-,0,STR|DEX|FAI,INT|ARC
43020000,Light Crossbow,Standard,Crossbow,ClossBow,0,0.20,E,1,0.90,B,1,0.00,-,0,0.00,-,0,0.00,-,0,STR|DEX,INT|FAI|ARC
61530000,Lightning Perfume Bottle,Standard,Perfume Bottle,PerfumeBottle,0,0.10,E,1,0.20,E,1,0.00,-,0,0.55,D,1,0.80,C,1,STR|DEX|FAI|ARC,INT
42000000,Lion Greatbow,Standard,Greatbow,BowLarge,0,0.60,C,1,0.05,E,1,0.80,C,1,0.00,-,0,0.00,-,0,STR|DEX|INT,FAI|ARC
3521700,Lizard Greatsword,Aberrant,Greatsword,SwordLarge,0,0.15,E,1,0.10,E,1,0.60,C,1,0.00,-,0,0.60,C,1,STR|DEX|INT|ARC,FAI
3521000,Lizard Greatsword,Bestial,Greatsword,SwordLarge,0,0.25,D,1,0.10,E,1,0.00,-,0,0.90,B,1,0.00,-,0,STR|DEX|FAI,INT|ARC
3521800,Lizard Greatsword,Bloodflame,Greatsword,SwordLarge,0,0.15,E,1,0.10,E,1,0.00,-,0,0.60,C,1,0.60,C,1,STR|DEX|FAI|ARC,INT
3521400,Lizard Greatsword,Death,Greatsword,SwordLarge,0,0.15,E,1,0.10,E,1,0.60,C,1,0.60,C,1,0.00,-,0,STR|DEX|INT|FAI,ARC
3520900,Lizard Greatsword,Draconic,Greatsword,SwordLarge,0,0.25,D,1,0.10,E,1,0.00,-,0,0.90,B,1,0.00,-,0,STR|DEX|FAI,INT|ARC
3520500,Lizard Greatsword,Dragonkin,Greatsword,SwordLarge,0,0.25,D,1,0.10,E,1,0.80,C,1,0.00,-,0,0.00,-,0,STR|DEX|INT,FAI|ARC
3520700,Lizard Greatsword,Flame,Greatsword,SwordLarge,0,0.25,D,1,0.10,E,1,0.00,-,0,0.80,C,1,0.00,-,0,STR|DEX|FAI,INT|ARC
3521300,Lizard Greatsword,Frenzy,Greatsword,SwordLarge,0,0.15,E,1,0.10,E,1,0.60,C,1,0.60,C,1,0.00,-,0,STR|DEX|INT|FAI,ARC
3521600,Lizard Greatsword,Frost,Greatsword,SwordLarge,0,0.15,E,1,0.10,E,1,0.60,C,1,0.00,-,0,0.60,C,1,STR|DEX|INT|ARC,FAI
3520400,Lizard Greatsword,Glint,Greatsword,SwordLarge,0,0.25,D,1,0.10,E,1,0.90,B,1,0.00,-,0,0.00,-,0,STR|DEX|INT,FAI|ARC
3521500,Lizard Greatsword,Godslayer,Greatsword,SwordLarge,0,0.15,E,1,0.10,E,1,0.60,C,1,0.60,C,1,0.00,-,0,STR|DEX|INT|FAI,ARC
3520800,Lizard Greatsword,Golden,Greatsword,SwordLarge,0,0.25,D,1,0.10,E,1,0.00,-,0,0.90,B,1,0.00,-,0,STR|DEX|FAI,INT|ARC
3520600,Lizard Greatsword,Gravity,Greatsword,SwordLarge,0,0.25,D,1,0.10,E,1,0.90,B,1,0.00,-,0,0.00,-,0,STR|DEX|INT,FAI|ARC
3520100,Lizard Greatsword,Heavy,Greatsword,SwordLarge,0,1.00,B,1,0.15,E,1,0.00,-,0,0.00,-,0,0.00,-,0,STR|DEX,INT|FAI|ARC
3520200,Lizard Greatsword,Keen,Greatsword,SwordLarge,0,0.45,D,1,0.60,C,1,0.00,-,0,0.00,-,0,0.00,-,0,STR|DEX,INT|FAI|ARC
3521200,Lizard Greatsword,Lava,Greatsword,SwordLarge,0,0.15,E,1,0.10,E,1,0.70,C,1,0.70,C,1,0.00,-,0,STR|DEX|INT|FAI,ARC
3522100,Lizard Greatsword,Mystic,Greatsword,SwordLarge,0,0.15,E,1,0.10,E,1,0.00,-,0,0.60,C,1,0.60,C,1,STR|DEX|FAI|ARC,INT
3521100,Lizard Greatsword,Night,Greatsword,SwordLarge,0,0.15,E,1,0.10,E,1,0.70,C,1,0.70,C,1,0.00,-,0,STR|DEX|INT|FAI,ARC
3520300,Lizard Greatsword,Quality,Greatsword,SwordLarge,0,0.75,C,1,0.50,D,1,0.00,-,0,0.00,-,0,0.00,-,0,STR|DEX,INT|FAI|ARC
3521900,Lizard Greatsword,Rotten,Greatsword,SwordLarge,0,0.15,E,1,0.10,E,1,0.00,-,0,0.60,C,1,0.60,C,1,STR|DEX|FAI|ARC,INT
3520000,Lizard Greatsword,Standard,Greatsword,SwordLarge,0,0.60,C,1,0.30,D,1,0.00,-,0,0.00,-,0,0.00,-,0,STR|DEX,INT|FAI|ARC
3522000,Lizard Greatsword,Storm,Greatsword,SwordLarge,0,0.15,E,1,0.10,E,1,0.70,C,1,0.70,C,1,0.00,-,0,STR|DEX|INT|FAI,ARC
23160000,Lodestone of Gelmir,Standard,Colossal Weapon,AxhammerLarge,0,0.75,C,1,0.10,E,1,0.85,C,1,0.85,C,1,0.00,-,0,STR|DEX|INT|FAI,ARC
41000000,Longbow,Standard,Bow,BowNormal,0,0.90,B,1,0.30,D,1,0.00,-,0,0.00,-,0,0.00,-,0,STR|DEX,INT|FAI|ARC
15051700,Longhaft Axe,Aberrant,Greataxe,AxeLarge,0,0.40,D,1,0.20,E,1,0.55,D,1,0.00,-,0,0.55,D,1,STR|DEX|INT|ARC,FAI
15051000,Longhaft Axe,Bestial,Greataxe,AxeLarge,0,0.45,D,1,0.25,D,1,0.00,-,0,0.80,C,1,0.00,-,0,STR|DEX|FAI,INT|ARC
15051800,Longhaft Axe,Bloodflame,Greataxe,AxeLarge,0,0.40,D,1,0.20,E,1,0.00,-,0,0.55,D,1,0.55,D,1,STR|DEX|FAI|ARC,INT
15051400,Longhaft Axe,Death,Greataxe,AxeLarge,0,0.40,D,1,0.20,E,1,0.55,D,1,0.55,D,1,0.00,-,0,STR|DEX|INT|FAI,ARC
15050900,Longhaft Axe,Draconic,Greataxe,AxeLarge,0,0.45,D,1,0.25,D,1,0.00,-,0,0.80,C,1,0.00,-,0,STR|DEX|FAI,INT|ARC
15050500,Longhaft Axe,Dragonkin,Greataxe,AxeLarge,0,0.45,D,1,0.25,D,1,0.70,C,1,0.00,-,0,0.00,-,0,STR|DEX|INT,FAI|ARC
15050700,Longhaft Axe,Flame,Greataxe,AxeLarge,0,0.45,D,1,0.25,D,1,0.00,-,0,0.70,C,1,0.00,-,0,STR|DEX|FAI,INT|ARC
15051300,Longhaft Axe,Frenzy,Greataxe,AxeLarge,0,0.40,D,1,0.20,E,1,0.55,D,1,0.55,D,1,0.00,-,0,STR|DEX|INT|FAI,ARC
15051600,Longhaft Axe,Frost,Greataxe,AxeLarge,0,0.40,D,1,0.20,E,1,0.55,D,1,0.00,-,0,0.55,D,1,STR|DEX|INT|ARC,FAI
15050400,Longhaft Axe,Glint,Greataxe,AxeLarge,0,0.45,D,1,0.25,D,1,0.80,C,1,0.00,-,0,0.00,-,0,STR|DEX|INT,FAI|ARC
15051500,Longhaft Axe,Godslayer,Greataxe,AxeLarge,0,0.40,D,1,0.20,E,1,0.55,D,1,0.55,D,1,0.00,-,0,STR|DEX|INT|FAI,ARC
15050800,Longhaft Axe,Golden,Greataxe,AxeLarge,0,0.45,D,1,0.25,D,1,0.00,-,0,0.80,C,1,0.00,-,0,STR|DEX|FAI,INT|ARC
15050600,Longhaft Axe,Gravity,Greataxe,AxeLarge,0,0.45,D,1,0.25,D,1,0.80,C,1,0.00,-,0,0.00,-,0,STR|DEX|INT,FAI|ARC
15050100,Longhaft Axe,Heavy,Greataxe,AxeLarge,0,1.10,B,1,0.30,D,1,0.00,-,0,0.00,-,0,0.00,-,0,STR|DEX,INT|FAI|ARC
15050200,Longhaft Axe,Keen,Greataxe,AxeLarge,0,0.55,D,1,0.80,C,1,0.00,-,0,0.00,-,0,0.00,-,0,STR|DEX,INT|FAI|ARC
15051200,Longhaft Axe,Lava,Greataxe,AxeLarge,0,0.40,D,1,0.20,E,1,0.65,C,1,0.65,C,1,0.00,-,0,STR|DEX|INT|FAI,ARC
15052100,Longhaft Axe,Mystic,Greataxe,AxeLarge,0,0.40,D,1,0.20,E,1,0.00,-,0,0.55,D,1,0.55,D,1,STR|DEX|FAI|ARC,INT
15051100,Longhaft Axe,Night,Greataxe,AxeLarge,0,0.40,D,1,0.20,E,1,0.65,C,1,0.65,C,1,0.00,-,0,STR|DEX|INT|FAI,ARC
15050300,Longhaft Axe,Quality,Greataxe,AxeLarge,0,0.75,C,1,0.60,C,1,0.00,-,0,0.00,-,0,0.00,-,0,STR|DEX,INT|FAI|ARC
15051900,Longhaft Axe,Rotten,Greataxe,AxeLarge,0,0.40,D,1,0.20,E,1,0.00,-,0,0.55,D,1,0.55,D,1,STR|DEX|FAI|ARC,INT
15050000,Longhaft Axe,Standard,Greataxe,AxeLarge,0,0.65,C,1,0.40,D,1,0.00,-,0,0.00,-,0,0.00,-,0,STR|DEX,INT|FAI|ARC
15052000,Longhaft Axe,Storm,Greataxe,AxeLarge,0,0.40,D,1,0.20,E,1,0.65,C,1,0.65,C,1,0.00,-,0,STR|DEX|INT|FAI,ARC
2001700,Longsword,Aberrant,Straight Sword,SwordNormal,0,0.18,E,1,0.17,E,1,0.60,C,1,0.00,-,0,0.60,C,1,STR|DEX|INT|ARC,FAI
2001000,Longsword,Bestial,Straight Sword,SwordNormal,0,0.18,E,1,0.17,E,1,0.00,-,0,0.90,B,1,0.00,-,0,STR|DEX|FAI,INT|ARC
2001800,Longsword,Bloodflame,Straight Sword,SwordNormal,0,0.18,E,1,0.17,E,1,0.00,-,0,0.60,C,1,0.60,C,1,STR|DEX|FAI|ARC,INT
2001400,Longsword,Death,Straight Sword,SwordNormal,0,0.18,E,1,0.17,E,1,0.60,C,1,0.60,C,1,0.00,-,0,STR|DEX|INT|FAI,ARC
2000900,Longsword,Draconic,Straight Sword,SwordNormal,0,0.18,E,1,0.17,E,1,0.00,-,0,0.90,B,1,0.00,-,0,STR|DEX|FAI,INT|ARC
2000500,Longsword,Dragonkin,Straight Sword,SwordNormal,0,0.18,E,1,0.17,E,1,0.80,C,1,0.00,-,0,0.00,-,0,STR|DEX|INT,FAI|ARC
2000700,Longsword,Flame,Straight Sword,SwordNormal,0,0.18,E,1,0.17,E,1,0.00,-,0,0.80,C,1,0.00,-,0,STR|DEX|FAI,INT|ARC
2001300,Longsword,Frenzy,Straight Sword,SwordNormal,0,0.18,E,1,0.17,E,1,0.60,C,1,0.60,C,1,0.00,-,0,STR|DEX|INT|FAI,ARC
2001600,Longsword,Frost,Straight Sword,SwordNormal,0,0.18,E,1,0.17,E,1,0.60,C,1,0.00,-,0,0.60,C,1,STR|DEX|INT|ARC,FAI
2000400,Longsword,Glint,Straight Sword,SwordNormal,0,0.18,E,1,0.17,E,1,0.90,B,1,0.00,-,0,0.00,-,0,STR|DEX|INT,FAI|ARC
2001500,Longsword,Godslayer,Straight Sword,SwordNormal,0,0.18,E,1,0.17,E,1,0.60,C,1,0.60,C,1,0.00,-,0,STR|DEX|INT|FAI,ARC
2000800,Longsword,Golden,Straight Sword,SwordNormal,0,0.18,E,1,0.17,E,1,0.00,-,0,0.90,B,1,0.00,-,0,STR|DEX|FAI,INT|ARC
2000600,Longsword,Gravity,Straight Sword,SwordNormal,0,0.18,E,1,0.17,E,1,0.90,B,1,0.00,-,0,0.00,-,0,STR|DEX|INT,FAI|ARC
2000100,Longsword,Heavy,Straight Sword,SwordNormal,0,0.80,C,1,0.35,D,1,0.00,-,0,0.00,-,0,0.00,-,0,STR|DEX,INT|FAI|ARC
2000200,Longsword,Keen,Straight Sword,SwordNormal,0,0.35,D,1,0.80,C,1,0.00,-,0,0.00,-,0,0.00,-,0,STR|DEX,INT|FAI|ARC
2001200,Longsword,Lava,Straight Sword,SwordNormal,0,0.18,E,1,0.17,E,1,0.70,C,1,0.70,C,1,0.00,-,0,STR|DEX|INT|FAI,ARC
2002100,Longsword,Mystic,Straight Sword,SwordNormal,0,0.18,E,1,0.17,E,1,0.00,-,0,0.60,C,1,0.60,C,1,STR|DEX|FAI|ARC,INT
2001100,Longsword,Night,Straight Sword,SwordNormal,0,0.18,E,1,0.17,E,1,0.70,C,1,0.70,C,1,0.00,-,0,STR|DEX|INT|FAI,ARC
2000300,Longsword,Quality,Straight Sword,SwordNormal,0,0.75,C,1,0.75,C,1,0.00,-,0,0.00,-,0,0.00,-,0,STR|DEX,INT|FAI|ARC
2001900,Longsword,Rotten,Straight Sword,SwordNormal,0,0.18,E,1,0.17,E,1,0.00,-,0,0.60,C,1,0.60,C,1,STR|DEX|FAI|ARC,INT
2000000,Longsword,Standard,Straight Sword,SwordNormal,0,0.45,D,1,0.45,D,1,0.00,-,0,0.00,-,0,0.00,-,0,STR|DEX,INT|FAI|ARC
2002000,Longsword,Storm,Straight Sword,SwordNormal,0,0.18,E,1,0.17,E,1,0.70,C,1,0.70,C,1,0.00,-,0,STR|DEX|INT|FAI,ARC
3031700,Lordsworn's Greatsword,Aberrant,Greatsword,SwordLarge,0,0.15,E,1,0.10,E,1,0.60,C,1,0.00,-,0,0.60,C,1,STR|DEX|INT|ARC,FAI
3031000,Lordsworn's Greatsword,Bestial,Greatsword,SwordLarge,0,0.25,D,1,0.10,E,1,0.00,-,0,0.90,B,1,0.00,-,0,STR|DEX|FAI,INT|ARC
3031800,Lordsworn's Greatsword,Bloodflame,Greatsword,SwordLarge,0,0.15,E,1,0.10,E,1,0.00,-,0,0.60,C,1,0.60,C,1,STR|DEX|FAI|ARC,INT
3031400,Lordsworn's Greatsword,Death,Greatsword,SwordLarge,0,0.15,E,1,0.10,E,1,0.60,C,1,0.60,C,1,0.00,-,0,STR|DEX|INT|FAI,ARC
3030900,Lordsworn's Greatsword,Draconic,Greatsword,SwordLarge,0,0.25,D,1,0.10,E,1,0.00,-,0,0.90,B,1,0.00,-,0,STR|DEX|FAI,INT|ARC
3030500,Lordsworn's Greatsword,Dragonkin,Greatsword,SwordLarge,0,0.25,D,1,0.10,E,1,0.80,C,1,0.00,-,0,0.00,-,0,STR|DEX|INT,FAI|ARC
3030700,Lordsworn's Greatsword,Flame,Greatsword,SwordLarge,0,0.25,D,1,0.10,E,1,0.00,-,0,0.80,C,1,0.00,-,0,STR|DEX|FAI,INT|ARC
3031300,Lordsworn's Greatsword,Frenzy,Greatsword,SwordLarge,0,0.15,E,1,0.10,E,1,0.60,C,1,0.60,C,1,0.00,-,0,STR|DEX|INT|FAI,ARC
3031600,Lordsworn's Greatsword,Frost,Greatsword,SwordLarge,0,0.15,E,1,0.10,E,1,0.60,C,1,0.00,-,0,0.60,C,1,STR|DEX|INT|ARC,FAI
3030400,Lordsworn's Greatsword,Glint,Greatsword,SwordLarge,0,0.25,D,1,0.10,E,1,0.90,B,1,0.00,-,0,0.00,-,0,STR|DEX|INT,FAI|ARC
3031500,Lordsworn's Greatsword,Godslayer,Greatsword,SwordLarge,0,0.15,E,1,0.10,E,1,0.60,C,1,0.60,C,1,0.00,-,0,STR|DEX|INT|FAI,ARC
3030800,Lordsworn's Greatsword,Golden,Greatsword,SwordLarge,0,0.25,D,1,0.10,E,1,0.00,-,0,0.90,B,1,0.00,-,0,STR|DEX|FAI,INT|ARC
3030600,Lordsworn's Greatsword,Gravity,Greatsword,SwordLarge,0,0.25,D,1,0.10,E,1,0.90,B,1,0.00,-,0,0.00,-,0,STR|DEX|INT,FAI|ARC
3030100,Lordsworn's Greatsword,Heavy,Greatsword,SwordLarge,0,1.00,B,1,0.15,E,1,0.00,-,0,0.00,-,0,0.00,-,0,STR|DEX,INT|FAI|ARC
3030200,Lordsworn's Greatsword,Keen,Greatsword,SwordLarge,0,0.45,D,1,0.60,C,1,0.00,-,0,0.00,-,0,0.00,-,0,STR|DEX,INT|FAI|ARC
3031200,Lordsworn's Greatsword,Lava,Greatsword,SwordLarge,0,0.15,E,1,0.10,E,1,0.70,C,1,0.70,C,1,0.00,-,0,STR|DEX|INT|FAI,ARC
3032100,Lordsworn's Greatsword,Mystic,Greatsword,SwordLarge,0,0.15,E,1,0.10,E,1,0.00,-,0,0.60,C,1,0.60,C,1,STR|DEX|FAI|ARC,INT
3031100,Lordsworn's Greatsword,Night,Greatsword,SwordLarge,0,0.15,E,1,0.10,E,1,0.70,C,1,0.70,C,1,0.00,-,0,STR|DEX|INT|FAI,ARC
3030300,Lordsworn's Greatsword,Quality,Greatsword,SwordLarge,0,0.85,C,1,0.60,C,1,0.00,-,0,0.00,-,0,0.00,-,0,STR|DEX,INT|FAI|ARC
3031900,Lordsworn's Greatsword,Rotten,Greatsword,SwordLarge,0,0.15,E,1,0.10,E,1,0.00,-,0,0.60,C,1,0.60,C,1,STR|DEX|FAI|ARC,INT
3030000,Lordsworn's Greatsword,Standard,Greatsword,SwordLarge,0,0.60,C,1,0.30,D,1,0.00,-,0,0.00,-,0,0.00,-,0,STR|DEX,INT|FAI|ARC
3032000,Lordsworn's Greatsword,Storm,Greatsword,SwordLarge,0,0.15,E,1,0.10,E,1,0.70,C,1,0.70,C,1,0.00,-,0,STR|DEX|INT|FAI,ARC
32300000,Lordsworn's Shield,Standard,Greatshield,ShieldLarge,0,0.50,D,1,0.00,-,0,0.00,-,0,0.00,-,0,0.00,-,0,STR,DEX|INT|FAI|ARC
2041700,Lordsworn's Straight Sword,Aberrant,Straight Sword,SwordNormal,0,0.18,E,1,0.17,E,1,0.60,C,1,0.00,-,0,0.60,C,1,STR|DEX|INT|ARC,FAI
2041000,Lordsworn's Straight Sword,Bestial,Straight Sword,SwordNormal,0,0.18,E,1,0.17,E,1,0.00,-,0,0.90,B,1,0.00,-,0,STR|DEX|FAI,INT|ARC
2041800,Lordsworn's Straight Sword,Bloodflame,Straight Sword,SwordNormal,0,0.18,E,1,0.17,E,1,0.00,-,0,0.60,C,1,0.60,C,1,STR|DEX|FAI|ARC,INT
2041400,Lordsworn's Straight Sword,Death,Straight Sword,SwordNormal,0,0.18,E,1,0.17,E,1,0.60,C,1,0.60,C,1,0.00,-,0,STR|DEX|INT|FAI,ARC
2040900,Lordsworn's Straight Sword,Draconic,Straight Sword,SwordNormal,0,0.18,E,1,0.17,E,1,0.00,-,0,0.90,B,1,0.00,-,0,STR|DEX|FAI,INT|ARC
2040500,Lordsworn's Straight Sword,Dragonkin,Straight Sword,SwordNormal,0,0.18,E,1,0.17,E,1,0.80,C,1,0.00,-,0,0.00,-,0,STR|DEX|INT,FAI|ARC
2040700,Lordsworn's Straight Sword,Flame,Straight Sword,SwordNormal,0,0.18,E,1,0.17,E,1,0.00,-,0,0.80,C,1,0.00,-,0,STR|DEX|FAI,INT|ARC
2041300,Lordsworn's Straight Sword,Frenzy,Straight Sword,SwordNormal,0,0.18,E,1,0.17,E,1,0.60,C,1,0.60,C,1,0.00,-,0,STR|DEX|INT|FAI,ARC
2041600,Lordsworn's Straight Sword,Frost,Straight Sword,SwordNormal,0,0.18,E,1,0.17,E,1,0.60,C,1,0.00,-,0,0.60,C,1,STR|DEX|INT|ARC,FAI
2040400,Lordsworn's Straight Sword,Glint,Straight Sword,SwordNormal,0,0.18,E,1,0.17,E,1,0.90,B,1,0.00,-,0,0.00,-,0,STR|DEX|INT,FAI|ARC
2041500,Lordsworn's Straight Sword,Godslayer,Straight Sword,SwordNormal,0,0.18,E,1,0.17,E,1,0.60,C,1,0.60,C,1,0.00,-,0,STR|DEX|INT|FAI,ARC
2040800,Lordsworn's Straight Sword,Golden,Straight Sword,SwordNormal,0,0.18,E,1,0.17,E,1,0.00,-,0,0.90,B,1,0.00,-,0,STR|DEX|FAI,INT|ARC
2040600,Lordsworn's Straight Sword,Gravity,Straight Sword,SwordNormal,0,0.18,E,1,0.17,E,1,0.90,B,1,0.00,-,0,0.00,-,0,STR|DEX|INT,FAI|ARC
2040100,Lordsworn's Straight Sword,Heavy,Straight Sword,SwordNormal,0,1.00,B,1,0.35,D,1,0.00,-,0,0.00,-,0,0.00,-,0,STR|DEX,INT|FAI|ARC
2040200,Lordsworn's Straight Sword,Keen,Straight Sword,SwordNormal,0,0.35,D,1,0.80,C,1,0.00,-,0,0.00,-,0,0.00,-,0,STR|DEX,INT|FAI|ARC
2041200,Lordsworn's Straight Sword,Lava,Straight Sword,SwordNormal,0,0.18,E,1,0.17,E,1,0.70,C,1,0.70,C,1,0.00,-,0,STR|DEX|INT|FAI,ARC
2042100,Lordsworn's Straight Sword,Mystic,Straight Sword,SwordNormal,0,0.18,E,1,0.17,E,1,0.00,-,0,0.60,C,1,0.60,C,1,STR|DEX|FAI|ARC,INT
2041100,Lordsworn's Straight Sword,Night,Straight Sword,SwordNormal,0,0.18,E,1,0.17,E,1,0.70,C,1,0.70,C,1,0.00,-,0,STR|DEX|INT|FAI,ARC
2040300,Lordsworn's Straight Sword,Quality,Straight Sword,SwordNormal,0,0.75,C,1,0.75,C,1,0.00,-,0,0.00,-,0,0.00,-,0,STR|DEX,INT|FAI|ARC
2041900,Lordsworn's Straight Sword,Rotten,Straight Sword,SwordNormal,0,0.18,E,1,0.17,E,1,0.00,-,0,0.60,C,1,0.60,C,1,STR|DEX|FAI|ARC,INT
2040000,Lordsworn's Straight Sword,Standard,Straight Sword,SwordNormal,0,0.45,D,1,0.45,D,1,0.00,-,0,0.00,-,0,0.00,-,0,STR|DEX,INT|FAI|ARC
2042000,Lordsworn's Straight Sword,Storm,Straight Sword,SwordNormal,0,0.18,E,1,0.17,E,1,0.70,C,1,0.70,C,1,0.00,-,0,STR|DEX|INT|FAI,ARC
18100000,Loretta's War Sickle,Standard,Halberd,SpearAxe,0,0.60,C,1,0.60,C,1,1.10,B,1,0.00,-,0,0.00,-,0,STR|DEX|INT,FAI|ARC
18021700,Lucerne,Aberrant,Halberd,SpearAxe,0,0.32,D,1,0.23,E,1,0.60,C,1,0.00,-,0,0.60,C,1,STR|DEX|INT|ARC,FAI
18021000,Lucerne,Bestial,Halberd,SpearAxe,0,0.37,D,1,0.28,D,1,0.00,-,0,0.90,B,1,0.00,-,0,STR|DEX|FAI,INT|ARC
18021800,Lucerne,Bloodflame,Halberd,SpearAxe,0,0.32,D,1,0.23,E,1,0.00,-,0,0.60,C,1,0.60,C,1,STR|DEX|FAI|ARC,INT
18021400,Lucerne,Death,Halberd,SpearAxe,0,0.32,D,1,0.23,E,1,0.60,C,1,0.60,C,1,0.00,-,0,STR|DEX|INT|FAI,ARC
18020900,Lucerne,Draconic,Halberd,SpearAxe,0,0.37,D,1,0.28,D,1,0.00,-,0,0.90,B,1,0.00,-,0,STR|DEX|FAI,INT|ARC
18020500,Lucerne,Dragonkin,Halberd,SpearAxe,0,0.37,D,1,0.28,D,1,0.80,C,1,0.00,-,0,0.00,-,0,STR|DEX|INT,FAI|ARC
18020700,Lucerne,Flame,Halberd,SpearAxe,0,0.37,D,1,0.28,D,1,0.00,-,0,0.80,C,1,0.00,-,0,STR|DEX|FAI,INT|ARC
18021300,Lucerne,Frenzy,Halberd,SpearAxe,0,0.32,D,1,0.23,E,1,0.60,C,1,0.60,C,1,0.00,-,0,STR|DEX|INT|FAI,ARC
18021600,Lucerne,Frost,Halberd,SpearAxe,0,0.32,D,1,0.23,E,1,0.60,C,1,0.00,-,0,0.60,C,1,STR|DEX|INT|ARC,FAI
18020400,Lucerne,Glint,Halberd,SpearAxe,0,0.37,D,1,0.28,D,1,0.90,B,1,0.00,-,0,0.00,-,0,STR|DEX|INT,FAI|ARC
18021500,Lucerne,Godslayer,Halberd,SpearAxe,0,0.32,D,1,0.23,E,1,0.60,C,1,0.60,C,1,0.00,-,0,STR|DEX|INT|FAI,ARC
18020800,Lucerne,Golden,Halberd,SpearAxe,0,0.37,D,1,0.28,D,1,0.00,-,0,0.90,B,1,0.00,-,0,STR|DEX|FAI,INT|ARC
18020600,Lucerne,Gravity,Halberd,SpearAxe,0,0.37,D,1,0.28,D,1,0.90,B,1,0.00,-,0,0.00,-,0,STR|DEX|INT,FAI|ARC
18020100,Lucerne,Heavy,Halberd,SpearAxe,0,0.82,C,1,0.38,D,1,0.00,-,0,0.00,-,0,0.00,-,0,STR|DEX,INT|FAI|ARC
18020200,Lucerne,Keen,Halberd,SpearAxe,0,0.42,D,1,0.88,C,1,0.00,-,0,0.00,-,0,0.00,-,0,STR|DEX,INT|FAI|ARC
18021200,Lucerne,Lava,Halberd,SpearAxe,0,0.32,D,1,0.23,E,1,0.70,C,1,0.70,C,1,0.00,-,0,STR|DEX|INT|FAI,ARC
18022100,Lucerne,Mystic,Halberd,SpearAxe,0,0.32,D,1,0.23,E,1,0.00,-,0,0.60,C,1,0.60,C,1,STR|DEX|FAI|ARC,INT
18021100,Lucerne,Night,Halberd,SpearAxe,0,0.32,D,1,0.23,E,1,0.70,C,1,0.70,C,1,0.00,-,0,STR|DEX|INT|FAI,ARC
18020300,Lucerne,Quality,Halberd,SpearAxe,0,0.67,C,1,0.63,C,1,0.00,-,0,0.00,-,0,0.00,-,0,STR|DEX,INT|FAI|ARC
18021900,Lucerne,Rotten,Halberd,SpearAxe,0,0.32,D,1,0.23,E,1,0.00,-,0,0.60,C,1,0.60,C,1,STR|DEX|FAI|ARC,INT
18020000,Lucerne,Standard,Halberd,SpearAxe,0,0.47,D,1,0.43,D,1,0.00,-,0,0.00,-,0,0.00,-,0,STR|DEX,INT|FAI|ARC
18022000,Lucerne,Storm,Halberd,SpearAxe,0,0.32,D,1,0.23,E,1,0.70,C,1,0.70,C,1,0.00,-,0,STR|DEX|INT|FAI,ARC
33240000,Lusat's Glintstone Staff,Standard,Staff,Staff,0,0.00,-,0,0.00,-,0,1.00,B,1,1.00,B,1,0.00,-,0,INT|FAI,STR|DEX|ARC
11001700,Mace,Aberrant,Hammer,HammerNormal,0,0.35,D,1,0.25,D,1,0.60,C,1,0.00,-,0,0.60,C,1,STR|DEX|INT|ARC,FAI
11001000,Mace,Bestial,Hammer,HammerNormal,0,0.40,D,1,0.30,D,1,0.00,-,0,0.90,B,1,0.00,-,0,STR|DEX|FAI,INT|ARC
11001800,Mace,Bloodflame,Hammer,HammerNormal,0,0.35,D,1,0.25,D,1,0.00,-,0,0.60,C,1,0.60,C,1,STR|DEX|FAI|ARC,INT
11001400,Mace,Death,Hammer,HammerNormal,0,0.35,D,1,0.25,D,1,0.60,C,1,0.60,C,1,0.00,-,0,STR|DEX|INT|FAI,ARC
11000900,Mace,Draconic,Hammer,HammerNormal,0,0.40,D,1,0.30,D,1,0.00,-,0,0.90,B,1,0.00,-,0,STR|DEX|FAI,INT|ARC
11000500,Mace,Dragonkin,Hammer,HammerNormal,0,0.40,D,1,0.30,D,1,0.80,C,1,0.00,-,0,0.00,-,0,STR|DEX|INT,FAI|ARC
11000700,Mace,Flame,Hammer,HammerNormal,0,0.40,D,1,0.30,D,1,0.00,-,0,0.80,C,1,0.00,-,0,STR|DEX|FAI,INT|ARC
11001300,Mace,Frenzy,Hammer,HammerNormal,0,0.35,D,1,0.25,D,1,0.60,C,1,0.60,C,1,0.00,-,0,STR|DEX|INT|FAI,ARC
11001600,Mace,Frost,Hammer,HammerNormal,0,0.35,D,1,0.25,D,1,0.60,C,1,0.00,-,0,0.60,C,1,STR|DEX|INT|ARC,FAI
11000400,Mace,Glint,Hammer,HammerNormal,0,0.40,D,1,0.30,D,1,0.90,B,1,0.00,-,0,0.00,-,0,STR|DEX|INT,FAI|ARC
11001500,Mace,Godslayer,Hammer,HammerNormal,0,0.35,D,1,0.25,D,1,0.60,C,1,0.60,C,1,0.00,-,0,STR|DEX|INT|FAI,ARC
11000800,Mace,Golden,Hammer,HammerNormal,0,0.40,D,1,0.30,D,1,0.00,-,0,0.90,B,1,0.00,-,0,STR|DEX|FAI,INT|ARC
11000600,Mace,Gravity,Hammer,HammerNormal,0,0.40,D,1,0.30,D,1,0.90,B,1,0.00,-,0,0.00,-,0,STR|DEX|INT,FAI|ARC
11000100,Mace,Heavy,Hammer,HammerNormal,0,1.20,B,1,0.30,D,1,0.00,-,0,0.00,-,0,0.00,-,0,STR|DEX,INT|FAI|ARC
11000200,Mace,Keen,Hammer,HammerNormal,0,0.65,C,1,0.75,C,1,0.00,-,0,0.00,-,0,0.00,-,0,STR|DEX,INT|FAI|ARC
11001200,Mace,Lava,Hammer,HammerNormal,0,0.35,D,1,0.25,D,1,0.70,C,1,0.70,C,1,0.00,-,0,STR|DEX|INT|FAI,ARC
11002100,Mace,Mystic,Hammer,HammerNormal,0,0.35,D,1,0.25,D,1,0.00,-,0,0.60,C,1,0.60,C,1,STR|DEX|FAI|ARC,INT
11001100,Mace,Night,Hammer,HammerNormal,0,0.35,D,1,0.25,D,1,0.70,C,1,0.70,C,1,0.00,-,0,STR|DEX|INT|FAI,ARC
11000300,Mace,Quality,Hammer,HammerNormal,0,0.90,B,1,0.55,D,1,0.00,-,0,0.00,-,0,0.00,-,0,STR|DEX,INT|FAI|ARC
11001900,Mace,Rotten,Hammer,HammerNormal,0,0.35,D,1,0.25,D,1,0.00,-,0,0.60,C,1,0.60,C,1,STR|DEX|FAI|ARC,INT
11000000,Mace,Standard,Hammer,HammerNormal,0,0.85,C,1,0.40,D,1,0.00,-,0,0.00,-,0,0.00,-,0,STR|DEX,INT|FAI|ARC
11002000,Mace,Storm,Hammer,HammerNormal,0,0.35,D,1,0.25,D,1,0.70,C,1,0.70,C,1,0.00,-,0,STR|DEX|INT|FAI,ARC
2270000,Maddening Brand [Frenzy],Standard,Straight Sword,SwordNormal,0,0.20,E,1,0.20,E,1,0.70,C,1,0.70,C,1,0.00,-,0,STR|DEX|INT|FAI,ARC
21530000,Madding Hand,Standard,Fist,Knuckle,0,0.55,D,1,0.45,D,1,0.75,C,1,0.75,C,1,0.00,-,0,STR|DEX|INT|FAI,ARC
7050000,Magma Blade,Standard,Curved Sword,SaberNormal,0,0.25,D,1,0.50,D,1,0.75,C,1,0.75,C,1,0.00,-,0,STR|DEX|INT|FAI,ARC
20030000,Magma Whip Candlestick,Standard,Whip,Whip,0,0.35,D,1,0.65,C,1,0.85,C,1,0.85,C,1,0.00,-,0,STR|DEX|INT|FAI,ARC
8040000,Magma Wyrm's Scalesword,Standard,Curved Greatsword,SaberLarge,0,0.40,D,1,0.55,D,1,0.60,C,1,0.60,C,1,0.00,-,0,STR|DEX|INT|FAI,ARC
1501700,Main-gauche,Aberrant,Dagger,Dagger,0,0.05,E,1,0.40,D,1,0.60,C,1,0.00,-,0,0.60,C,1,STR|DEX|INT|ARC,FAI
1501000,Main-gauche,Bestial,Dagger,Dagger,0,0.10,E,1,0.40,D,1,0.00,-,0,0.95,B,1,0.00,-,0,STR|DEX|FAI,INT|ARC
1501800,Main-gauche,Bloodflame,Dagger,Dagger,0,0.05,E,1,0.40,D,1,0.00,-,0,0.60,C,1,0.60,C,1,STR|DEX|FAI|ARC,INT
1501400,Main-gauche,Death,Dagger,Dagger,0,0.05,E,1,0.40,D,1,0.60,C,1,0.60,C,1,0.00,-,0,STR|DEX|INT|FAI,ARC
1500900,Main-gauche,Draconic,Dagger,Dagger,0,0.10,E,1,0.40,D,1,0.00,-,0,0.95,B,1,0.00,-,0,STR|DEX|FAI,INT|ARC
1500500,Main-gauche,Dragonkin,Dagger,Dagger,0,0.10,E,1,0.40,D,1,0.85,C,1,0.00,-,0,0.00,-,0,STR|DEX|INT,FAI|ARC
1500700,Main-gauche,Flame,Dagger,Dagger,0,0.10,E,1,0.40,D,1,0.00,-,0,0.85,C,1,0.00,-,0,STR|DEX|FAI,INT|ARC
1501300,Main-gauche,Frenzy,Dagger,Dagger,0,0.05,E,1,0.40,D,1,0.60,C,1,0.60,C,1,0.00,-,0,STR|DEX|INT|FAI,ARC
1501600,Main-gauche,Frost,Dagger,Dagger,0,0.05,E,1,0.40,D,1,0.60,C,1,0.00,-,0,0.60,C,1,STR|DEX|INT|ARC,FAI
1500400,Main-gauche,Glint,Dagger,Dagger,0,0.10,E,1,0.40,D,1,0.95,B,1,0.00,-,0,0.00,-,0,STR|DEX|INT,FAI|ARC
1501500,Main-gauche,Godslayer,Dagger,Dagger,0,0.05,E,1,0.40,D,1,0.60,C,1,0.60,C,1,0.00,-,0,STR|DEX|INT|FAI,ARC
1500800,Main-gauche,Golden,Dagger,Dagger,0,0.10,E,1,0.40,D,1,0.00,-,0,0.95,B,1,0.00,-,0,STR|DEX|FAI,INT|ARC
1500600,Main-gauche,Gravity,Dagger,Dagger,0,0.10,E,1,0.40,D,1,0.95,B,1,0.00,-,0,0.00,-,0,STR|DEX|INT,FAI|ARC
1500100,Main-gauche,Heavy,Dagger,Dagger,0,0.65,C,1,0.50,D,1,0.00,-,0,0.00,-,0,0.00,-,0,STR|DEX,INT|FAI|ARC
1500200,Main-gauche,Keen,Dagger,Dagger,0,0.10,E,1,1.15,B,1,0.00,-,0,0.00,-,0,0.00,-,0,STR|DEX,INT|FAI|ARC
1501200,Main-gauche,Lava,Dagger,Dagger,0,0.05,E,1,0.40,D,1,0.70,C,1,0.70,C,1,0.00,-,0,STR|DEX|INT|FAI,ARC
1502100,Main-gauche,Mystic,Dagger,Dagger,0,0.05,E,1,0.40,D,1,0.00,-,0,0.60,C,1,0.60,C,1,STR|DEX|FAI|ARC,INT
1501100,Main-gauche,Night,Dagger,Dagger,0,0.05,E,1,0.40,D,1,0.70,C,1,0.70,C,1,0.00,-,0,STR|DEX|INT|FAI,ARC
1500300,Main-gauche,Quality,Dagger,Dagger,0,0.45,D,1,0.70,C,1,0.00,-,0,0.00,-,0,0.00,-,0,STR|DEX,INT|FAI|ARC
1501900,Main-gauche,Rotten,Dagger,Dagger,0,0.05,E,1,0.40,D,1,0.00,-,0,0.60,C,1,0.60,C,1,STR|DEX|FAI|ARC,INT
1500000,Main-gauche,Standard,Dagger,Dagger,0,0.35,D,1,0.65,C,1,0.00,-,0,0.00,-,0,0.00,-,0,STR|DEX,INT|FAI|ARC
1502000,Main-gauche,Storm,Dagger,Dagger,0,0.05,E,1,0.40,D,1,0.70,C,1,0.70,C,1,0.00,-,0,STR|DEX|INT|FAI,ARC
4020000,Maliketh's Black Blade,Standard,Colossal Sword,SwordGigantic,0,0.95,B,1,0.15,E,1,0.60,C,1,0.60,C,1,0.00,-,0,STR|DEX|INT|FAI,ARC
3300000,Maliketh's Black Blade (restored),Standard,Greatsword,SwordLarge,0,0.65,C,1,0.25,D,1,0.80,C,1,0.80,C,1,0.00,-,0,STR|DEX|INT|FAI,ARC
30020000,Man-Serpent's Shield,Standard,Small Shield,ShieldSmall,0,0.24,E,1,0.00,-,0,0.00,-,0,0.00,-,0,0.00,-,0,STR,DEX|INT|FAI|ARC
32190000,Manor Towershield,Standard,Greatshield,ShieldLarge,0,0.50,D,1,0.00,-,0,0.00,-,0,0.00,-,0,0.00,-,0,STR,DEX|INT|FAI|ARC
7120000,Mantis Blade,Standard,Curved Sword,SaberNormal,0,0.15,E,1,0.45,D,1,0.75,C,1,0.75,C,1,0.00,-,0,STR|DEX|INT|FAI,ARC
3150000,Marais Executioner's Sword,Standard,Greatsword,SwordLarge,0,0.25,D,1,0.10,E,1,0.65,C,1,0.00,-,0,0.80,C,1,STR|DEX|INT|ARC,FAI
11150000,Marika's Hammer,Standard,Hammer,HammerNormal,0,0.80,C,1,0.25,D,1,0.00,-,0,1.15,B,1,0.00,-,0,STR|DEX|FAI,INT|ARC
31010000,Marred Leather Shield,Standard,Medium Shield,ShieldNormal,0,0.40,D,1,0.00,-,0,0.00,-,0,0.00,-,0,0.00,-,0,STR,DEX|INT|FAI|ARC
31020000,Marred Wooden Shield,Standard,Medium Shield,ShieldNormal,0,0.40,D,1,0.00,-,0,0.00,-,0,0.00,-,0,0.00,-,0,STR,DEX|INT|FAI|ARC
31500000,Messmer Soldier Shield,Standard,Medium Shield,ShieldNormal,10000,0.40,D,1,0.00,-,0,0.00,-,0,0.00,-,0,0.00,-,0,STR,DEX|INT|FAI|ARC
14521700,Messmer Soldier's Axe,Aberrant,Axe,AxeNormal,0,0.40,D,1,0.10,E,1,0.60,C,1,0.00,-,0,0.60,C,1,STR|DEX|INT|ARC,FAI
14521000,Messmer Soldier's Axe,Bestial,Axe,AxeNormal,0,0.45,D,1,0.15,E,1,0.00,-,0,0.90,B,1,0.00,-,0,STR|DEX|FAI,INT|ARC
14521800,Messmer Soldier's Axe,Bloodflame,Axe,AxeNormal,0,0.40,D,1,0.10,E,1,0.00,-,0,0.60,C,1,0.60,C,1,STR|DEX|FAI|ARC,INT
14521400,Messmer Soldier's Axe,Death,Axe,AxeNormal,0,0.40,D,1,0.10,E,1,0.60,C,1,0.60,C,1,0.00,-,0,STR|DEX|INT|FAI,ARC
14520900,Messmer Soldier's Axe,Draconic,Axe,AxeNormal,0,0.45,D,1,0.15,E,1,0.00,-,0,0.90,B,1,0.00,-,0,STR|DEX|FAI,INT|ARC
14520500,Messmer Soldier's Axe,Dragonkin,Axe,AxeNormal,0,0.45,D,1,0.15,E,1,0.80,C,1,0.00,-,0,0.00,-,0,STR|DEX|INT,FAI|ARC
14520700,Messmer Soldier's Axe,Flame,Axe,AxeNormal,0,0.45,D,1,0.15,E,1,0.00,-,0,0.80,C,1,0.00,-,0,STR|DEX|FAI,INT|ARC
14521300,Messmer Soldier's Axe,Frenzy,Axe,AxeNormal,0,0.40,D,1,0.10,E,1,0.60,C,1,0.60,C,1,0.00,-,0,STR|DEX|INT|FAI,ARC
14521600,Messmer Soldier's Axe,Frost,Axe,AxeNormal,0,0.40,D,1,0.10,E,1,0.60,C,1,0.00,-,0,0.60,C,1,STR|DEX|INT|ARC,FAI
14520400,Messmer Soldier's Axe,Glint,Axe,AxeNormal,0,0.45,D,1,0.15,E,1,0.90,B,1,0.00,-,0,0.00,-,0,STR|DEX|INT,FAI|ARC
14521500,Messmer Soldier's Axe,Godslayer,Axe,AxeNormal,0,0.40,D,1,0.10,E,1,0.60,C,1,0.60,C,1,0.00,-,0,STR|DEX|INT|FAI,ARC
14520800,Messmer Soldier's Axe,Golden,Axe,AxeNormal,0,0.45,D,1,0.15,E,1,0.00,-,0,0.90,B,1,0.00,-,0,STR|DEX|FAI,INT|ARC
14520600,Messmer Soldier's Axe,Gravity,Axe,AxeNormal,0,0.45,D,1,0.15,E,1,0.90,B,1,0.00,-,0,0.00,-,0,STR|DEX|INT,FAI|ARC
14520100,Messmer Soldier's Axe,Heavy,Axe,AxeNormal,0,1.05,B,1,0.15,E,1,0.00,-,0,0.00,-,0,0.00,-,0,STR|DEX,INT|FAI|ARC
14520200,Messmer Soldier's Axe,Keen,Axe,AxeNormal,0,0.55,D,1,0.65,C,1,0.00,-,0,0.00,-,0,0.00,-,0,STR|DEX,INT|FAI|ARC
14521200,Messmer Soldier's Axe,Lava,Axe,AxeNormal,0,0.40,D,1,0.10,E,1,0.70,C,1,0.70,C,1,0.00,-,0,STR|DEX|INT|FAI,ARC
14522100,Messmer Soldier's Axe,Mystic,Axe,AxeNormal,0,0.40,D,1,0.10,E,1,0.00,-,0,0.60,C,1,0.60,C,1,STR|DEX|FAI|ARC,INT
14521100,Messmer Soldier's Axe,Night,Axe,AxeNormal,0,0.40,D,1,0.10,E,1,0.70,C,1,0.70,C,1,0.00,-,0,STR|DEX|INT|FAI,ARC
14520300,Messmer Soldier's Axe,Quality,Axe,AxeNormal,0,0.75,C,1,0.45,D,1,0.00,-,0,0.00,-,0,0.00,-,0,STR|DEX,INT|FAI|ARC
14521900,Messmer Soldier's Axe,Rotten,Axe,AxeNormal,0,0.40,D,1,0.10,E,1,0.00,-,0,0.60,C,1,0.60,C,1,STR|DEX|FAI|ARC,INT
14520000,Messmer Soldier's Axe,Standard,Axe,AxeNormal,0,0.65,C,1,0.25,D,1,0.00,-,0,0.00,-,0,0.00,-,0,STR|DEX,INT|FAI|ARC
14522000,Messmer Soldier's Axe,Storm,Axe,AxeNormal,0,0.40,D,1,0.10,E,1,0.70,C,1,0.70,C,1,0.00,-,0,STR|DEX|INT|FAI,ARC
17511700,Messmer Soldier's Spear,Aberrant,Heavy Spear,SpearHeavy,0,0.35,D,1,0.20,E,1,0.60,C,1,0.00,-,0,0.60,C,1,STR|DEX|INT|ARC,FAI
17511000,Messmer Soldier's Spear,Bestial,Heavy Spear,SpearHeavy,0,0.40,D,1,0.25,D,1,0.00,-,0,0.90,B,1,0.00,-,0,STR|DEX|FAI,INT|ARC
17511800,Messmer Soldier's Spear,Bloodflame,Heavy Spear,SpearHeavy,0,0.35,D,1,0.20,E,1,0.00,-,0,0.60,C,1,0.60,C,1,STR|DEX|FAI|ARC,INT
17511400,Messmer Soldier's Spear,Death,Heavy Spear,SpearHeavy,0,0.35,D,1,0.20,E,1,0.60,C,1,0.60,C,1,0.00,-,0,STR|DEX|INT|FAI,ARC
17510900,Messmer Soldier's Spear,Draconic,Heavy Spear,SpearHeavy,0,0.40,D,1,0.25,D,1,0.00,-,0,0.90,B,1,0.00,-,0,STR|DEX|FAI,INT|ARC
17510500,Messmer Soldier's Spear,Dragonkin,Heavy Spear,SpearHeavy,0,0.40,D,1,0.25,D,1,0.80,C,1,0.00,-,0,0.00,-,0,STR|DEX|INT,FAI|ARC
17510700,Messmer Soldier's Spear,Flame,Heavy Spear,SpearHeavy,0,0.40,D,1,0.25,D,1,0.00,-,0,0.80,C,1,0.00,-,0,STR|DEX|FAI,INT|ARC
17511300,Messmer Soldier's Spear,Frenzy,Heavy Spear,SpearHeavy,0,0.35,D,1,0.20,E,1,0.60,C,1,0.60,C,1,0.00,-,0,STR|DEX|INT|FAI,ARC
17511600,Messmer Soldier's Spear,Frost,Heavy Spear,SpearHeavy,0,0.35,D,1,0.20,E,1,0.60,C,1,0.00,-,0,0.60,C,1,STR|DEX|INT|ARC,FAI
17510400,Messmer Soldier's Spear,Glint,Heavy Spear,SpearHeavy,0,0.40,D,1,0.25,D,1,0.90,B,1,0.00,-,0,0.00,-,0,STR|DEX|INT,FAI|ARC
17511500,Messmer Soldier's Spear,Godslayer,Heavy Spear,SpearHeavy,0,0.35,D,1,0.20,E,1,0.60,C,1,0.60,C,1,0.00,-,0,STR|DEX|INT|FAI,ARC
17510800,Messmer Soldier's Spear,Golden,Heavy Spear,SpearHeavy,0,0.40,D,1,0.25,D,1,0.00,-,0,0.90,B,1,0.00,-,0,STR|DEX|FAI,INT|ARC
17510600,Messmer Soldier's Spear,Gravity,Heavy Spear,SpearHeavy,0,0.40,D,1,0.25,D,1,0.90,B,1,0.00,-,0,0.00,-,0,STR|DEX|INT,FAI|ARC
17510100,Messmer Soldier's Spear,Heavy,Heavy Spear,SpearHeavy,0,0.95,B,1,0.35,D,1,0.00,-,0,0.00,-,0,0.00,-,0,STR|DEX,INT|FAI|ARC
17510200,Messmer Soldier's Spear,Keen,Heavy Spear,SpearHeavy,0,0.45,D,1,0.85,C,1,0.00,-,0,0.00,-,0,0.00,-,0,STR|DEX,INT|FAI|ARC
17511200,Messmer Soldier's Spear,Lava,Heavy Spear,SpearHeavy,0,0.35,D,1,0.20,E,1,0.70,C,1,0.70,C,1,0.00,-,0,STR|DEX|INT|FAI,ARC
17512100,Messmer Soldier's Spear,Mystic,Heavy Spear,SpearHeavy,0,0.35,D,1,0.20,E,1,0.00,-,0,0.60,C,1,0.60,C,1,STR|DEX|FAI|ARC,INT
17511100,Messmer Soldier's Spear,Night,Heavy Spear,SpearHeavy,0,0.35,D,1,0.20,E,1,0.70,C,1,0.70,C,1,0.00,-,0,STR|DEX|INT|FAI,ARC
17510300,Messmer Soldier's Spear,Quality,Heavy Spear,SpearHeavy,0,0.70,C,1,0.60,C,1,0.00,-,0,0.00,-,0,0.00,-,0,STR|DEX,INT|FAI|ARC
17511900,Messmer Soldier's Spear,Rotten,Heavy Spear,SpearHeavy,0,0.35,D,1,0.20,E,1,0.00,-,0,0.60,C,1,0.60,C,1,STR|DEX|FAI|ARC,INT
17510000,Messmer Soldier's Spear,Standard,Heavy Spear,SpearHeavy,0,0.50,D,1,0.40,D,1,0.00,-,0,0.00,-,0,0.00,-,0,STR|DEX,INT|FAI|ARC
17512000,Messmer Soldier's Spear,Storm,Heavy Spear,SpearHeavy,0,0.35,D,1,0.20,E,1,0.70,C,1,0.70,C,1,0.00,-,0,STR|DEX|INT|FAI,ARC
9030000,Meteoric Ore Blade,Standard,Katana,katana,0,0.25,D,1,0.50,D,1,1.10,B,1,0.00,-,0,0.00,-,0,STR|DEX|INT,FAI|ARC
33250000,Meteorite Staff,Standard,Staff,Staff,0,0.00,-,0,0.00,-,0,1.00,B,1,0.00,-,0,0.00,-,0,INT,STR|DEX|FAI|ARC
1170000,Midnight Dagger,Standard,Dagger,Dagger,0,0.05,E,1,0.40,D,1,0.60,C,1,0.60,C,1,0.00,-,0,STR|DEX|INT|FAI,ARC
67501700,Milady,Aberrant,Light Greatsword,LightGreatsword,0,0.25,D,1,0.25,D,1,0.60,C,1,0.00,-,0,0.60,C,1,STR|DEX|INT|ARC,FAI
67501000,Milady,Bestial,Light Greatsword,LightGreatsword,0,0.25,D,1,0.25,D,1,0.00,-,0,0.90,B,1,0.00,-,0,STR|DEX|FAI,INT|ARC
67501800,Milady,Bloodflame,Light Greatsword,LightGreatsword,0,0.25,D,1,0.25,D,1,0.00,-,0,0.60,C,1,0.60,C,1,STR|DEX|FAI|ARC,INT
67501400,Milady,Death,Light Greatsword,LightGreatsword,0,0.25,D,1,0.25,D,1,0.60,C,1,0.60,C,1,0.00,-,0,STR|DEX|INT|FAI,ARC
67500900,Milady,Draconic,Light Greatsword,LightGreatsword,0,0.25,D,1,0.25,D,1,0.00,-,0,0.90,B,1,0.00,-,0,STR|DEX|FAI,INT|ARC
67500500,Milady,Dragonkin,Light Greatsword,LightGreatsword,0,0.25,D,1,0.25,D,1,0.80,C,1,0.00,-,0,0.00,-,0,STR|DEX|INT,FAI|ARC
67500700,Milady,Flame,Light Greatsword,LightGreatsword,0,0.25,D,1,0.25,D,1,0.00,-,0,0.80,C,1,0.00,-,0,STR|DEX|FAI,INT|ARC
67501300,Milady,Frenzy,Light Greatsword,LightGreatsword,0,0.25,D,1,0.25,D,1,0.60,C,1,0.60,C,1,0.00,-,0,STR|DEX|INT|FAI,ARC
67501600,Milady,Frost,Light Greatsword,LightGreatsword,0,0.25,D,1,0.25,D,1,0.60,C,1,0.00,-,0,0.60,C,1,STR|DEX|INT|ARC,FAI
67500400,Milady,Glint,Light Greatsword,LightGreatsword,0,0.25,D,1,0.25,D,1,0.90,B,1,0.00,-,0,0.00,-,0,STR|DEX|INT,FAI|ARC
67501500,Milady,Godslayer,Light Greatsword,LightGreatsword,0,0.25,D,1,0.25,D,1,0.60,C,1,0.60,C,1,0.00,-,0,STR|DEX|INT|FAI,ARC
67500800,Milady,Golden,Light Greatsword,LightGreatsword,0,0.25,D,1,0.25,D,1,0.00,-,0,0.90,B,1,0.00,-,0,STR|DEX|FAI,INT|ARC
67500600,Milady,Gravity,Light Greatsword,LightGreatsword,0,0.25,D,1,0.25,D,1,0.90,B,1,0.00,-,0,0.00,-,0,STR|DEX|INT,FAI|ARC
67500100,Milady,Heavy,Light Greatsword,LightGreatsword,0,1.15,B,1,0.45,D,1,0.00,-,0,0.00,-,0,0.00,-,0,STR|DEX,INT|FAI|ARC
67500200,Milady,Keen,Light Greatsword,LightGreatsword,0,0.45,D,1,1.15,B,1,0.00,-,0,0.00,-,0,0.00,-,0,STR|DEX,INT|FAI|ARC
67501200,Milady,Lava,Light Greatsword,LightGreatsword,0,0.25,D,1,0.25,D,1,0.70,C,1,0.70,C,1,0.00,-,0,STR|DEX|INT|FAI,ARC
67502100,Milady,Mystic,Light Greatsword,LightGreatsword,0,0.25,D,1,0.25,D,1,0.00,-,0,0.60,C,1,0.60,C,1,STR|DEX|FAI|ARC,INT
67501100,Milady,Night,Light Greatsword,LightGreatsword,0,0.25,D,1,0.25,D,1,0.70,C,1,0.70,C,1,0.00,-,0,STR|DEX|INT|FAI,ARC
67500300,Milady,Quality,Light Greatsword,LightGreatsword,0,0.85,C,1,0.85,C,1,0.00,-,0,0.00,-,0,0.00,-,0,STR|DEX,INT|FAI|ARC
67501900,Milady,Rotten,Light Greatsword,LightGreatsword,0,0.25,D,1,0.25,D,1,0.00,-,0,0.60,C,1,0.60,C,1,STR|DEX|FAI|ARC,INT
67500000,Milady,Standard,Light Greatsword,LightGreatsword,0,0.55,D,1,0.55,D,1,0.00,-,0,0.00,-,0,0.00,-,0,STR|DEX,INT|FAI|ARC
67502000,Milady,Storm,Light Greatsword,LightGreatsword,0,0.25,D,1,0.25,D,1,0.70,C,1,0.70,C,1,0.00,-,0,STR|DEX|INT|FAI,ARC
2200000,Miquellan Knight's Sword,Standard,Straight Sword,SwordNormal,0,0.20,E,1,0.20,E,1,0.00,-,0,1.00,B,1,0.00,-,0,STR|DEX|FAI,INT|ARC
40010000,Misbegotten Shortbow,Standard,Light Bow,BowSmall,0,0.20,E,1,0.25,D,1,0.00,-,0,0.90,B,1,0.00,-,0,STR|DEX|FAI,INT|ARC
1031700,Miséricorde,Aberrant,Dagger,Dagger,0,0.05,E,1,0.40,D,1,0.60,C,1,0.00,-,0,0.60,C,1,STR|DEX|INT|ARC,FAI
1031000,Miséricorde,Bestial,Dagger,Dagger,0,0.10,E,1,0.40,D,1,0.00,-,0,0.95,B,1,0.00,-,0,STR|DEX|FAI,INT|ARC
1031800,Miséricorde,Bloodflame,Dagger,Dagger,0,0.05,E,1,0.40,D,1,0.00,-,0,0.60,C,1,0.60,C,1,STR|DEX|FAI|ARC,INT
1031400,Miséricorde,Death,Dagger,Dagger,0,0.05,E,1,0.40,D,1,0.60,C,1,0.60,C,1,0.00,-,0,STR|DEX|INT|FAI,ARC
1030900,Miséricorde,Draconic,Dagger,Dagger,0,0.10,E,1,0.40,D,1,0.00,-,0,0.95,B,1,0.00,-,0,STR|DEX|FAI,INT|ARC
1030500,Miséricorde,Dragonkin,Dagger,Dagger,0,0.10,E,1,0.40,D,1,0.85,C,1,0.00,-,0,0.00,-,0,STR|DEX|INT,FAI|ARC
1030700,Miséricorde,Flame,Dagger,Dagger,0,0.10,E,1,0.40,D,1,0.00,-,0,0.85,C,1,0.00,-,0,STR|DEX|FAI,INT|ARC
1031300,Miséricorde,Frenzy,Dagger,Dagger,0,0.05,E,1,0.40,D,1,0.60,C,1,0.60,C,1,0.00,-,0,STR|DEX|INT|FAI,ARC
1031600,Miséricorde,Frost,Dagger,Dagger,0,0.05,E,1,0.40,D,1,0.60,C,1,0.00,-,0,0.60,C,1,STR|DEX|INT|ARC,FAI
1030400,Miséricorde,Glint,Dagger,Dagger,0,0.10,E,1,0.40,D,1,0.95,B,1,0.00,-,0,0.00,-,0,STR|DEX|INT,FAI|ARC
1031500,Miséricorde,Godslayer,Dagger,Dagger,0,0.05,E,1,0.40,D,1,0.60,C,1,0.60,C,1,0.00,-,0,STR|DEX|INT|FAI,ARC
1030800,Miséricorde,Golden,Dagger,Dagger,0,0.10,E,1,0.40,D,1,0.00,-,0,0.95,B,1,0.00,-,0,STR|DEX|FAI,INT|ARC
1030600,Miséricorde,Gravity,Dagger,Dagger,0,0.10,E,1,0.40,D,1,0.95,B,1,0.00,-,0,0.00,-,0,STR|DEX|INT,FAI|ARC
1030100,Miséricorde,Heavy,Dagger,Dagger,0,0.65,C,1,0.50,D,1,0.00,-,0,0.00,-,0,0.00,-,0,STR|DEX,INT|FAI|ARC
1030200,Miséricorde,Keen,Dagger,Dagger,0,0.10,E,1,1.15,B,1,0.00,-,0,0.00,-,0,0.00,-,0,STR|DEX,INT|FAI|ARC
1031200,Miséricorde,Lava,Dagger,Dagger,0,0.05,E,1,0.40,D,1,0.70,C,1,0.70,C,1,0.00,-,0,STR|DEX|INT|FAI,ARC
1032100,Miséricorde,Mystic,Dagger,Dagger,0,0.05,E,1,0.40,D,1,0.00,-,0,0.60,C,1,0.60,C,1,STR|DEX|FAI|ARC,INT
1031100,Miséricorde,Night,Dagger,Dagger,0,0.05,E,1,0.40,D,1,0.70,C,1,0.70,C,1,0.00,-,0,STR|DEX|INT|FAI,ARC
1030300,Miséricorde,Quality,Dagger,Dagger,0,0.45,D,1,0.70,C,1,0.00,-,0,0.00,-,0,0.00,-,0,STR|DEX,INT|FAI|ARC
1031900,Miséricorde,Rotten,Dagger,Dagger,0,0.05,E,1,0.40,D,1,0.00,-,0,0.60,C,1,0.60,C,1,STR|DEX|FAI|ARC,INT
1030000,Miséricorde,Standard,Dagger,Dagger,0,0.35,D,1,0.65,C,1,0.00,-,0,0.00,-,0,0.00,-,0,STR|DEX,INT|FAI|ARC
1032000,Miséricorde,Storm,Dagger,Dagger,0,0.05,E,1,0.40,D,1,0.70,C,1,0.70,C,1,0.00,-,0,STR|DEX|INT|FAI,ARC
13050000,Mohgwyn Censer,Standard,Flail,Flail,0,0.35,D,1,0.35,D,1,0.00,-,0,0.75,C,1,0.75,C,1,STR|DEX|FAI|ARC,INT
34150000,Mohgwyn Seal,Standard,Seal,Talisman,0,0.00,-,0,0.00,-,0,0.00,-,0,1.00,B,1,1.00,B,1,FAI|ARC,STR|DEX|INT
17010000,Mohgwyn's Sacred Spear,Standard,Heavy Spear,SpearHeavy,0,0.65,C,1,0.30,D,1,0.00,-,0,0.90,B,1,0.90,B,1,STR|DEX|FAI|ARC,INT
8070000,Monk's Flameblade,Standard,Curved Greatsword,SaberLarge,0,0.25,D,1,0.60,C,1,0.00,-,0,1.00,B,1,0.00,-,0,STR|DEX|FAI,INT|ARC
11090000,Monk's Flamemace,Standard,Hammer,HammerNormal,0,0.65,C,1,0.25,D,1,0.00,-,0,1.00,B,1,0.00,-,0,STR|DEX|FAI,INT|ARC
4540000,Moonrithyll's Knight Sword,Standard,Colossal Sword,SwordGigantic,0,0.95,B,1,0.15,E,1,0.95,B,1,0.00,-,0,0.00,-,0,STR|DEX|INT,FAI|ARC
9060000,Moonveil,Standard,Katana,katana,0,0.30,D,1,0.65,C,1,0.90,B,1,0.00,-,0,0.00,-,0,STR|DEX|INT,FAI|ARC
8100000,Morgott's Cursed Sword,Standard,Curved Greatsword,SaberLarge,0,0.25,D,1,0.55,D,1,0.00,-,0,0.65,C,1,0.65,C,1,STR|DEX|FAI|ARC,INT
11051700,Morning Star,Aberrant,Hammer,HammerNormal,0,0.30,D,1,0.20,E,1,0.60,C,1,0.00,-,0,0.60,C,1,STR|DEX|INT|ARC,FAI
11051000,Morning Star,Bestial,Hammer,HammerNormal,0,0.35,D,1,0.25,D,1,0.00,-,0,0.90,B,1,0.00,-,0,STR|DEX|FAI,INT|ARC
11051800,Morning Star,Bloodflame,Hammer,HammerNormal,0,0.30,D,1,0.20,E,1,0.00,-,0,0.60,C,1,0.60,C,1,STR|DEX|FAI|ARC,INT
11051400,Morning Star,Death,Hammer,HammerNormal,0,0.30,D,1,0.20,E,1,0.60,C,1,0.60,C,1,0.00,-,0,STR|DEX|INT|FAI,ARC
11050900,Morning Star,Draconic,Hammer,HammerNormal,0,0.35,D,1,0.25,D,1,0.00,-,0,0.90,B,1,0.00,-,0,STR|DEX|FAI,INT|ARC
11050500,Morning Star,Dragonkin,Hammer,HammerNormal,0,0.35,D,1,0.25,D,1,0.80,C,1,0.00,-,0,0.00,-,0,STR|DEX|INT,FAI|ARC
11050700,Morning Star,Flame,Hammer,HammerNormal,0,0.35,D,1,0.25,D,1,0.00,-,0,0.80,C,1,0.00,-,0,STR|DEX|FAI,INT|ARC
11051300,Morning Star,Frenzy,Hammer,HammerNormal,0,0.30,D,1,0.20,E,1,0.60,C,1,0.60,C,1,0.00,-,0,STR|DEX|INT|FAI,ARC
11051600,Morning Star,Frost,Hammer,HammerNormal,0,0.30,D,1,0.20,E,1,0.60,C,1,0.00,-,0,0.60,C,1,STR|DEX|INT|ARC,FAI
11050400,Morning Star,Glint,Hammer,HammerNormal,0,0.35,D,1,0.25,D,1,0.90,B,1,0.00,-,0,0.00,-,0,STR|DEX|INT,FAI|ARC
11051500,Morning Star,Godslayer,Hammer,HammerNormal,0,0.30,D,1,0.20,E,1,0.60,C,1,0.60,C,1,0.00,-,0,STR|DEX|INT|FAI,ARC
11050800,Morning Star,Golden,Hammer,HammerNormal,0,0.35,D,1,0.25,D,1,0.00,-,0,0.90,B,1,0.00,-,0,STR|DEX|FAI,INT|ARC
11050600,Morning Star,Gravity,Hammer,HammerNormal,0,0.35,D,1,0.25,D,1,0.90,B,1,0.00,-,0,0.00,-,0,STR|DEX|INT,FAI|ARC
11050100,Morning Star,Heavy,Hammer,HammerNormal,0,1.10,B,1,0.25,D,1,0.00,-,0,0.00,-,0,0.00,-,0,STR|DEX,INT|FAI|ARC
11050200,Morning Star,Keen,Hammer,HammerNormal,0,0.60,C,1,0.70,C,1,0.00,-,0,0.00,-,0,0.00,-,0,STR|DEX,INT|FAI|ARC
11051200,Morning Star,Lava,Hammer,HammerNormal,0,0.30,D,1,0.20,E,1,0.70,C,1,0.70,C,1,0.00,-,0,STR|DEX|INT|FAI,ARC
11052100,Morning Star,Mystic,Hammer,HammerNormal,0,0.30,D,1,0.20,E,1,0.00,-,0,0.60,C,1,0.60,C,1,STR|DEX|FAI|ARC,INT
11051100,Morning Star,Night,Hammer,HammerNormal,0,0.30,D,1,0.20,E,1,0.70,C,1,0.70,C,1,0.00,-,0,STR|DEX|INT|FAI,ARC
11050300,Morning Star,Quality,Hammer,HammerNormal,0,0.85,C,1,0.50,D,1,0.00,-,0,0.00,-,0,0.00,-,0,STR|DEX,INT|FAI|ARC
11051900,Morning Star,Rotten,Hammer,HammerNormal,0,0.30,D,1,0.20,E,1,0.00,-,0,0.60,C,1,0.60,C,1,STR|DEX|FAI|ARC,INT
11050000,Morning Star,Standard,Hammer,HammerNormal,0,0.80,C,1,0.35,D,1,0.00,-,0,0.00,-,0,0.00,-,0,STR|DEX,INT|FAI|ARC
11052000,Morning Star,Storm,Hammer,HammerNormal,0,0.30,D,1,0.20,E,1,0.70,C,1,0.70,C,1,0.00,-,0,STR|DEX|INT|FAI,ARC
34200000,Mystic Seal,Standard,Seal,Talisman,0,0.00,-,0,0.00,-,0,0.00,-,0,0.80,C,1,0.80,C,1,FAI|ARC,STR|DEX|INT
30160000,NEW - Hermit's Buckler,Standard,Small Shield,ShieldSmall,0,0.10,E,1,0.30,D,1,0.00,-,0,0.00,-,0,0.00,-,0,STR|DEX,INT|FAI|ARC
30170000,NEW - Shield of Alacrity,Standard,Small Shield,ShieldSmall,0,0.10,E,1,0.30,D,1,0.00,-,0,0.00,-,0,0.00,-,0,STR|DEX,INT|FAI|ARC
31180000,NEW - Shield of Starlight,Standard,Medium Shield,ShieldNormal,0,0.40,D,1,0.00,-,0,0.30,D,1,0.00,-,0,0.00,-,0,STR|INT,DEX|FAI|ARC
9011700,Nagakiba,Aberrant,Katana,katana,0,0.20,E,1,0.40,D,1,0.60,C,1,0.00,-,0,0.60,C,1,STR|DEX|INT|ARC,FAI
9011000,Nagakiba,Bestial,Katana,katana,0,0.25,D,1,0.45,D,1,0.00,-,0,0.90,B,1,0.00,-,0,STR|DEX|FAI,INT|ARC
9011800,Nagakiba,Bloodflame,Katana,katana,0,0.20,E,1,0.40,D,1,0.00,-,0,0.60,C,1,0.60,C,1,STR|DEX|FAI|ARC,INT
9011400,Nagakiba,Death,Katana,katana,0,0.20,E,1,0.40,D,1,0.60,C,1,0.60,C,1,0.00,-,0,STR|DEX|INT|FAI,ARC
9010900,Nagakiba,Draconic,Katana,katana,0,0.25,D,1,0.45,D,1,0.00,-,0,0.90,B,1,0.00,-,0,STR|DEX|FAI,INT|ARC
9010500,Nagakiba,Dragonkin,Katana,katana,0,0.25,D,1,0.45,D,1,0.80,C,1,0.00,-,0,0.00,-,0,STR|DEX|INT,FAI|ARC
9010700,Nagakiba,Flame,Katana,katana,0,0.25,D,1,0.45,D,1,0.00,-,0,0.80,C,1,0.00,-,0,STR|DEX|FAI,INT|ARC
9011300,Nagakiba,Frenzy,Katana,katana,0,0.20,E,1,0.40,D,1,0.60,C,1,0.60,C,1,0.00,-,0,STR|DEX|INT|FAI,ARC
9011600,Nagakiba,Frost,Katana,katana,0,0.20,E,1,0.40,D,1,0.60,C,1,0.00,-,0,0.60,C,1,STR|DEX|INT|ARC,FAI
9010400,Nagakiba,Glint,Katana,katana,0,0.25,D,1,0.45,D,1,0.90,B,1,0.00,-,0,0.00,-,0,STR|DEX|INT,FAI|ARC
9011500,Nagakiba,Godslayer,Katana,katana,0,0.20,E,1,0.40,D,1,0.60,C,1,0.60,C,1,0.00,-,0,STR|DEX|INT|FAI,ARC
9010800,Nagakiba,Golden,Katana,katana,0,0.25,D,1,0.45,D,1,0.00,-,0,0.90,B,1,0.00,-,0,STR|DEX|FAI,INT|ARC
9010600,Nagakiba,Gravity,Katana,katana,0,0.25,D,1,0.45,D,1,0.90,B,1,0.00,-,0,0.00,-,0,STR|DEX|INT,FAI|ARC
9010100,Nagakiba,Heavy,Katana,katana,0,0.75,C,1,0.40,D,1,0.00,-,0,0.00,-,0,0.00,-,0,STR|DEX,INT|FAI|ARC
9010200,Nagakiba,Keen,Katana,katana,0,0.45,D,1,1.00,B,1,0.00,-,0,0.00,-,0,0.00,-,0,STR|DEX,INT|FAI|ARC
9011200,Nagakiba,Lava,Katana,katana,0,0.20,E,1,0.40,D,1,0.70,C,1,0.70,C,1,0.00,-,0,STR|DEX|INT|FAI,ARC
9012100,Nagakiba,Mystic,Katana,katana,0,0.20,E,1,0.40,D,1,0.00,-,0,0.60,C,1,0.60,C,1,STR|DEX|FAI|ARC,INT
9011100,Nagakiba,Night,Katana,katana,0,0.20,E,1,0.40,D,1,0.70,C,1,0.70,C,1,0.00,-,0,STR|DEX|INT|FAI,ARC
9010300,Nagakiba,Quality,Katana,katana,0,0.60,C,1,0.80,C,1,0.00,-,0,0.00,-,0,0.00,-,0,STR|DEX,INT|FAI|ARC
9011900,Nagakiba,Rotten,Katana,katana,0,0.20,E,1,0.40,D,1,0.00,-,0,0.60,C,1,0.60,C,1,STR|DEX|FAI|ARC,INT
9010000,Nagakiba,Standard,Katana,katana,0,0.40,D,1,0.70,C,1,0.00,-,0,0.00,-,0,0.00,-,0,STR|DEX,INT|FAI|ARC
9012000,Nagakiba,Storm,Katana,katana,0,0.20,E,1,0.40,D,1,0.70,C,1,0.70,C,1,0.00,-,0,STR|DEX|INT|FAI,ARC
24500000,Nanaya's Torch,Standard,Torch,Torch,0,0.20,E,1,0.20,E,1,0.45,D,1,0.45,D,1,0.00,-,0,STR|DEX|INT|FAI,ARC
67550000,Nia's Passot,Standard,Light Greatsword,LightGreatsword,0,0.55,D,1,1.25,B,1,0.00,-,0,0.00,-,0,0.00,-,0,STR|DEX,INT|FAI|ARC
13001700,Nightrider Flail,Aberrant,Flail,Flail,0,0.35,D,1,0.20,E,1,0.60,C,1,0.00,-,0,0.60,C,1,STR|DEX|INT|ARC,FAI
13001000,Nightrider Flail,Bestial,Flail,Flail,0,0.40,D,1,0.25,D,1,0.00,-,0,0.90,B,1,0.00,-,0,STR|DEX|FAI,INT|ARC
13001800,Nightrider Flail,Bloodflame,Flail,Flail,0,0.35,D,1,0.20,E,1,0.00,-,0,0.60,C,1,0.60,C,1,STR|DEX|FAI|ARC,INT
13001400,Nightrider Flail,Death,Flail,Flail,0,0.35,D,1,0.20,E,1,0.60,C,1,0.60,C,1,0.00,-,0,STR|DEX|INT|FAI,ARC
13000900,Nightrider Flail,Draconic,Flail,Flail,0,0.40,D,1,0.25,D,1,0.00,-,0,0.90,B,1,0.00,-,0,STR|DEX|FAI,INT|ARC
13000500,Nightrider Flail,Dragonkin,Flail,Flail,0,0.40,D,1,0.25,D,1,0.80,C,1,0.00,-,0,0.00,-,0,STR|DEX|INT,FAI|ARC
13000700,Nightrider Flail,Flame,Flail,Flail,0,0.40,D,1,0.25,D,1,0.00,-,0,0.80,C,1,0.00,-,0,STR|DEX|FAI,INT|ARC
13001300,Nightrider Flail,Frenzy,Flail,Flail,0,0.35,D,1,0.20,E,1,0.60,C,1,0.60,C,1,0.00,-,0,STR|DEX|INT|FAI,ARC
13001600,Nightrider Flail,Frost,Flail,Flail,0,0.35,D,1,0.20,E,1,0.60,C,1,0.00,-,0,0.60,C,1,STR|DEX|INT|ARC,FAI
13000400,Nightrider Flail,Glint,Flail,Flail,0,0.40,D,1,0.25,D,1,0.90,B,1,0.00,-,0,0.00,-,0,STR|DEX|INT,FAI|ARC
13001500,Nightrider Flail,Godslayer,Flail,Flail,0,0.35,D,1,0.20,E,1,0.60,C,1,0.60,C,1,0.00,-,0,STR|DEX|INT|FAI,ARC
13000800,Nightrider Flail,Golden,Flail,Flail,0,0.40,D,1,0.25,D,1,0.00,-,0,0.90,B,1,0.00,-,0,STR|DEX|FAI,INT|ARC
13000600,Nightrider Flail,Gravity,Flail,Flail,0,0.40,D,1,0.25,D,1,0.90,B,1,0.00,-,0,0.00,-,0,STR|DEX|INT,FAI|ARC
13000100,Nightrider Flail,Heavy,Flail,Flail,0,1.10,B,1,0.20,E,1,0.00,-,0,0.00,-,0,0.00,-,0,STR|DEX,INT|FAI|ARC
13000200,Nightrider Flail,Keen,Flail,Flail,0,0.60,C,1,0.55,D,1,0.00,-,0,0.00,-,0,0.00,-,0,STR|DEX,INT|FAI|ARC
13001200,Nightrider Flail,Lava,Flail,Flail,0,0.35,D,1,0.20,E,1,0.70,C,1,0.70,C,1,0.00,-,0,STR|DEX|INT|FAI,ARC
13002100,Nightrider Flail,Mystic,Flail,Flail,0,0.35,D,1,0.20,E,1,0.00,-,0,0.60,C,1,0.60,C,1,STR|DEX|FAI|ARC,INT
13001100,Nightrider Flail,Night,Flail,Flail,0,0.35,D,1,0.20,E,1,0.70,C,1,0.70,C,1,0.00,-,0,STR|DEX|INT|FAI,ARC
13000300,Nightrider Flail,Quality,Flail,Flail,0,0.80,C,1,0.45,D,1,0.00,-,0,0.00,-,0,0.00,-,0,STR|DEX,INT|FAI|ARC
13001900,Nightrider Flail,Rotten,Flail,Flail,0,0.35,D,1,0.20,E,1,0.00,-,0,0.60,C,1,0.60,C,1,STR|DEX|FAI|ARC,INT
13000000,Nightrider Flail,Standard,Flail,Flail,0,0.70,C,1,0.30,D,1,0.00,-,0,0.00,-,0,0.00,-,0,STR|DEX,INT|FAI|ARC
13002000,Nightrider Flail,Storm,Flail,Flail,0,0.35,D,1,0.20,E,1,0.70,C,1,0.70,C,1,0.00,-,0,STR|DEX|INT|FAI,ARC
18051700,Nightrider Glaive,Aberrant,Halberd,SpearAxe,0,0.45,D,1,0.10,E,1,0.60,C,1,0.00,-,0,0.60,C,1,STR|DEX|INT|ARC,FAI
18051000,Nightrider Glaive,Bestial,Halberd,SpearAxe,0,0.50,D,1,0.15,E,1,0.00,-,0,0.90,B,1,0.00,-,0,STR|DEX|FAI,INT|ARC
18051800,Nightrider Glaive,Bloodflame,Halberd,SpearAxe,0,0.45,D,1,0.10,E,1,0.00,-,0,0.60,C,1,0.60,C,1,STR|DEX|FAI|ARC,INT
18051400,Nightrider Glaive,Death,Halberd,SpearAxe,0,0.45,D,1,0.10,E,1,0.60,C,1,0.60,C,1,0.00,-,0,STR|DEX|INT|FAI,ARC
18050900,Nightrider Glaive,Draconic,Halberd,SpearAxe,0,0.50,D,1,0.15,E,1,0.00,-,0,0.90,B,1,0.00,-,0,STR|DEX|FAI,INT|ARC
18050500,Nightrider Glaive,Dragonkin,Halberd,SpearAxe,0,0.50,D,1,0.15,E,1,0.80,C,1,0.00,-,0,0.00,-,0,STR|DEX|INT,FAI|ARC
18050700,Nightrider Glaive,Flame,Halberd,SpearAxe,0,0.50,D,1,0.15,E,1,0.00,-,0,0.80,C,1,0.00,-,0,STR|DEX|FAI,INT|ARC
18051300,Nightrider Glaive,Frenzy,Halberd,SpearAxe,0,0.45,D,1,0.10,E,1,0.60,C,1,0.60,C,1,0.00,-,0,STR|DEX|INT|FAI,ARC
18051600,Nightrider Glaive,Frost,Halberd,SpearAxe,0,0.45,D,1,0.10,E,1,0.60,C,1,0.00,-,0,0.60,C,1,STR|DEX|INT|ARC,FAI
18050400,Nightrider Glaive,Glint,Halberd,SpearAxe,0,0.50,D,1,0.15,E,1,0.90,B,1,0.00,-,0,0.00,-,0,STR|DEX|INT,FAI|ARC
18051500,Nightrider Glaive,Godslayer,Halberd,SpearAxe,0,0.45,D,1,0.10,E,1,0.60,C,1,0.60,C,1,0.00,-,0,STR|DEX|INT|FAI,ARC
18050800,Nightrider Glaive,Golden,Halberd,SpearAxe,0,0.50,D,1,0.15,E,1,0.00,-,0,0.90,B,1,0.00,-,0,STR|DEX|FAI,INT|ARC
18050600,Nightrider Glaive,Gravity,Halberd,SpearAxe,0,0.50,D,1,0.15,E,1,0.90,B,1,0.00,-,0,0.00,-,0,STR|DEX|INT,FAI|ARC
18050100,Nightrider Glaive,Heavy,Halberd,SpearAxe,0,0.95,B,1,0.25,D,1,0.00,-,0,0.00,-,0,0.00,-,0,STR|DEX,INT|FAI|ARC
18050200,Nightrider Glaive,Keen,Halberd,SpearAxe,0,0.55,D,1,0.75,C,1,0.00,-,0,0.00,-,0,0.00,-,0,STR|DEX,INT|FAI|ARC
18051200,Nightrider Glaive,Lava,Halberd,SpearAxe,0,0.45,D,1,0.10,E,1,0.70,C,1,0.70,C,1,0.00,-,0,STR|DEX|INT|FAI,ARC
18052100,Nightrider Glaive,Mystic,Halberd,SpearAxe,0,0.45,D,1,0.10,E,1,0.00,-,0,0.60,C,1,0.60,C,1,STR|DEX|FAI|ARC,INT
18051100,Nightrider Glaive,Night,Halberd,SpearAxe,0,0.45,D,1,0.10,E,1,0.70,C,1,0.70,C,1,0.00,-,0,STR|DEX|INT|FAI,ARC
18050300,Nightrider Glaive,Quality,Halberd,SpearAxe,0,0.80,C,1,0.50,D,1,0.00,-,0,0.00,-,0,0.00,-,0,STR|DEX,INT|FAI|ARC
18051900,Nightrider Glaive,Rotten,Halberd,SpearAxe,0,0.45,D,1,0.10,E,1,0.00,-,0,0.60,C,1,0.60,C,1,STR|DEX|FAI|ARC,INT
18050000,Nightrider Glaive,Standard,Halberd,SpearAxe,0,0.60,C,1,0.30,D,1,0.00,-,0,0.00,-,0,0.00,-,0,STR|DEX,INT|FAI|ARC
18052000,Nightrider Glaive,Storm,Halberd,SpearAxe,0,0.45,D,1,0.10,E,1,0.70,C,1,0.70,C,1,0.00,-,0,STR|DEX|INT|FAI,ARC
5061700,Noble's Estoc,Aberrant,Thrusting Sword,SwordPierce,0,0.05,E,1,0.40,D,1,0.65,C,1,0.00,-,0,0.65,C,1,STR|DEX|INT|ARC,FAI
5061000,Noble's Estoc,Bestial,Thrusting Sword,SwordPierce,0,0.05,E,1,0.30,D,1,0.00,-,0,0.90,B,1,0.00,-,0,STR|DEX|FAI,INT|ARC
5061800,Noble's Estoc,Bloodflame,Thrusting Sword,SwordPierce,0,0.05,E,1,0.30,D,1,0.00,-,0,0.55,D,1,0.55,D,1,STR|DEX|FAI|ARC,INT
5061400,Noble's Estoc,Death,Thrusting Sword,SwordPierce,0,0.05,E,1,0.30,D,1,0.55,D,1,0.55,D,1,0.00,-,0,STR|DEX|INT|FAI,ARC
5060900,Noble's Estoc,Draconic,Thrusting Sword,SwordPierce,0,0.05,E,1,0.30,D,1,0.00,-,0,0.90,B,1,0.00,-,0,STR|DEX|FAI,INT|ARC
5060500,Noble's Estoc,Dragonkin,Thrusting Sword,SwordPierce,0,0.05,E,1,0.30,D,1,0.80,C,1,0.00,-,0,0.00,-,0,STR|DEX|INT,FAI|ARC
5060700,Noble's Estoc,Flame,Thrusting Sword,SwordPierce,0,0.05,E,1,0.30,D,1,0.00,-,0,0.80,C,1,0.00,-,0,STR|DEX|FAI,INT|ARC
5061300,Noble's Estoc,Frenzy,Thrusting Sword,SwordPierce,0,0.05,E,1,0.30,D,1,0.55,D,1,0.55,D,1,0.00,-,0,STR|DEX|INT|FAI,ARC
5061600,Noble's Estoc,Frost,Thrusting Sword,SwordPierce,0,0.05,E,1,0.30,D,1,0.55,D,1,0.00,-,0,0.55,D,1,STR|DEX|INT|ARC,FAI
5060400,Noble's Estoc,Glint,Thrusting Sword,SwordPierce,0,0.05,E,1,0.30,D,1,0.90,B,1,0.00,-,0,0.00,-,0,STR|DEX|INT,FAI|ARC
5061500,Noble's Estoc,Godslayer,Thrusting Sword,SwordPierce,0,0.05,E,1,0.40,D,1,0.65,C,1,0.65,C,1,0.00,-,0,STR|DEX|INT|FAI,ARC
5060800,Noble's Estoc,Golden,Thrusting Sword,SwordPierce,0,0.05,E,1,0.30,D,1,0.00,-,0,0.90,B,1,0.00,-,0,STR|DEX|FAI,INT|ARC
5060600,Noble's Estoc,Gravity,Thrusting Sword,SwordPierce,0,0.05,E,1,0.30,D,1,0.90,B,1,0.00,-,0,0.00,-,0,STR|DEX|INT,FAI|ARC
5060100,Noble's Estoc,Heavy,Thrusting Sword,SwordPierce,0,0.55,D,1,0.50,D,1,0.00,-,0,0.00,-,0,0.00,-,0,STR|DEX,INT|FAI|ARC
5060200,Noble's Estoc,Keen,Thrusting Sword,SwordPierce,0,0.05,E,1,1.25,B,1,0.00,-,0,0.00,-,0,0.00,-,0,STR|DEX,INT|FAI|ARC
5061200,Noble's Estoc,Lava,Thrusting Sword,SwordPierce,0,0.05,E,1,0.30,D,1,0.65,C,1,0.65,C,1,0.00,-,0,STR|DEX|INT|FAI,ARC
5062100,Noble's Estoc,Mystic,Thrusting Sword,SwordPierce,0,0.05,E,1,0.30,D,1,0.00,-,0,0.55,D,1,0.55,D,1,STR|DEX|FAI|ARC,INT
5061100,Noble's Estoc,Night,Thrusting Sword,SwordPierce,0,0.05,E,1,0.30,D,1,0.65,C,1,0.65,C,1,0.00,-,0,STR|DEX|INT|FAI,ARC
5060300,Noble's Estoc,Quality,Thrusting Sword,SwordPierce,0,0.35,D,1,0.70,C,1,0.00,-,0,0.00,-,0,0.00,-,0,STR|DEX,INT|FAI|ARC
5061900,Noble's Estoc,Rotten,Thrusting Sword,SwordPierce,0,0.05,E,1,0.30,D,1,0.00,-,0,0.55,D,1,0.55,D,1,STR|DEX|FAI|ARC,INT
5060000,Noble's Estoc,Standard,Thrusting Sword,SwordPierce,0,0.10,E,1,0.80,C,1,0.00,-,0,0.00,-,0,0.00,-,0,STR|DEX,INT|FAI|ARC
5062000,Noble's Estoc,Storm,Thrusting Sword,SwordPierce,0,0.05,E,1,0.30,D,1,0.65,C,1,0.65,C,1,0.00,-,0,STR|DEX|INT|FAI,ARC
2231700,Noble's Slender Sword,Aberrant,Straight Sword,SwordNormal,0,0.05,E,1,0.20,E,1,0.60,C,1,0.00,-,0,0.60,C,1,STR|DEX|INT|ARC,FAI
2231000,Noble's Slender Sword,Bestial,Straight Sword,SwordNormal,0,0.10,E,1,0.25,D,1,0.00,-,0,0.90,B,1,0.00,-,0,STR|DEX|FAI,INT|ARC
2231800,Noble's Slender Sword,Bloodflame,Straight Sword,SwordNormal,0,0.05,E,1,0.20,E,1,0.00,-,0,0.60,C,1,0.60,C,1,STR|DEX|FAI|ARC,INT
2231400,Noble's Slender Sword,Death,Straight Sword,SwordNormal,0,0.05,E,1,0.20,E,1,0.60,C,1,0.60,C,1,0.00,-,0,STR|DEX|INT|FAI,ARC
2230900,Noble's Slender Sword,Draconic,Straight Sword,SwordNormal,0,0.10,E,1,0.25,D,1,0.00,-,0,0.90,B,1,0.00,-,0,STR|DEX|FAI,INT|ARC
2230500,Noble's Slender Sword,Dragonkin,Straight Sword,SwordNormal,0,0.10,E,1,0.25,D,1,0.80,C,1,0.00,-,0,0.00,-,0,STR|DEX|INT,FAI|ARC
2230700,Noble's Slender Sword,Flame,Straight Sword,SwordNormal,0,0.10,E,1,0.25,D,1,0.00,-,0,0.80,C,1,0.00,-,0,STR|DEX|FAI,INT|ARC
2231300,Noble's Slender Sword,Frenzy,Straight Sword,SwordNormal,0,0.05,E,1,0.20,E,1,0.60,C,1,0.60,C,1,0.00,-,0,STR|DEX|INT|FAI,ARC
2231600,Noble's Slender Sword,Frost,Straight Sword,SwordNormal,0,0.05,E,1,0.20,E,1,0.60,C,1,0.00,-,0,0.60,C,1,STR|DEX|INT|ARC,FAI
2230400,Noble's Slender Sword,Glint,Straight Sword,SwordNormal,0,0.10,E,1,0.25,D,1,0.90,B,1,0.00,-,0,0.00,-,0,STR|DEX|INT,FAI|ARC
2231500,Noble's Slender Sword,Godslayer,Straight Sword,SwordNormal,0,0.05,E,1,0.20,E,1,0.60,C,1,0.60,C,1,0.00,-,0,STR|DEX|INT|FAI,ARC
2230800,Noble's Slender Sword,Golden,Straight Sword,SwordNormal,0,0.10,E,1,0.25,D,1,0.00,-,0,0.90,B,1,0.00,-,0,STR|DEX|FAI,INT|ARC
2230600,Noble's Slender Sword,Gravity,Straight Sword,SwordNormal,0,0.10,E,1,0.25,D,1,0.90,B,1,0.00,-,0,0.00,-,0,STR|DEX|INT,FAI|ARC
2230100,Noble's Slender Sword,Heavy,Straight Sword,SwordNormal,0,0.70,C,1,0.45,D,1,0.00,-,0,0.00,-,0,0.00,-,0,STR|DEX,INT|FAI|ARC
2230200,Noble's Slender Sword,Keen,Straight Sword,SwordNormal,0,0.20,E,1,1.00,B,1,0.00,-,0,0.00,-,0,0.00,-,0,STR|DEX,INT|FAI|ARC
2231200,Noble's Slender Sword,Lava,Straight Sword,SwordNormal,0,0.05,E,1,0.20,E,1,0.70,C,1,0.70,C,1,0.00,-,0,STR|DEX|INT|FAI,ARC
2232100,Noble's Slender Sword,Mystic,Straight Sword,SwordNormal,0,0.05,E,1,0.20,E,1,0.00,-,0,0.60,C,1,0.60,C,1,STR|DEX|FAI|ARC,INT
2231100,Noble's Slender Sword,Night,Straight Sword,SwordNormal,0,0.05,E,1,0.20,E,1,0.70,C,1,0.70,C,1,0.00,-,0,STR|DEX|INT|FAI,ARC
2230300,Noble's Slender Sword,Quality,Straight Sword,SwordNormal,0,0.50,D,1,0.65,C,1,0.00,-,0,0.00,-,0,0.00,-,0,STR|DEX,INT|FAI|ARC
2231900,Noble's Slender Sword,Rotten,Straight Sword,SwordNormal,0,0.05,E,1,0.20,E,1,0.00,-,0,0.60,C,1,0.60,C,1,STR|DEX|FAI|ARC,INT
2230000,Noble's Slender Sword,Standard,Straight Sword,SwordNormal,0,0.30,D,1,0.60,C,1,0.00,-,0,0.00,-,0,0.00,-,0,STR|DEX,INT|FAI|ARC
2232000,Noble's Slender Sword,Storm,Straight Sword,SwordNormal,0,0.05,E,1,0.20,E,1,0.70,C,1,0.70,C,1,0.00,-,0,STR|DEX|INT|FAI,ARC
7180000,Nomad's Kilij,Standard,Curved Sword,SaberNormal,0,0.15,E,1,0.30,D,1,0.80,C,1,0.80,C,1,0.00,-,0,STR|DEX|INT|FAI,ARC
11120000,Nox Flowing Hammer,Standard,Hammer,HammerNormal,0,0.45,D,1,0.45,D,1,0.80,C,1,0.80,C,1,0.00,-,0,STR|DEX|INT|FAI,ARC
2080000,Nox Flowing Sword,Standard,Curved Sword,SaberNormal,0,0.15,E,1,0.55,D,1,0.65,C,1,0.65,C,1,0.00,-,0,STR|DEX|INT|FAI,ARC
19500000,Obsidian Lamina,Standard,Scythe,Sickle,0,0.25,D,1,0.65,C,1,0.00,-,0,0.80,C,1,0.80,C,1,STR|DEX|FAI|ARC,INT
8061700,Omen Cleaver,Aberrant,Curved Greatsword,SaberLarge,0,0.17,E,1,0.18,E,1,0.60,C,1,0.00,-,0,0.60,C,1,STR|DEX|INT|ARC,FAI
8061000,Omen Cleaver,Bestial,Curved Greatsword,SaberLarge,0,0.25,D,1,0.25,D,1,0.00,-,0,0.85,C,1,0.00,-,0,STR|DEX|FAI,INT|ARC
8061800,Omen Cleaver,Bloodflame,Curved Greatsword,SaberLarge,0,0.17,E,1,0.18,E,1,0.00,-,0,0.60,C,1,0.60,C,1,STR|DEX|FAI|ARC,INT
8061400,Omen Cleaver,Death,Curved Greatsword,SaberLarge,0,0.17,E,1,0.18,E,1,0.60,C,1,0.60,C,1,0.00,-,0,STR|DEX|INT|FAI,ARC
8060900,Omen Cleaver,Draconic,Curved Greatsword,SaberLarge,0,0.25,D,1,0.25,D,1,0.00,-,0,0.85,C,1,0.00,-,0,STR|DEX|FAI,INT|ARC
8060500,Omen Cleaver,Dragonkin,Curved Greatsword,SaberLarge,0,0.25,D,1,0.25,D,1,0.75,C,1,0.00,-,0,0.00,-,0,STR|DEX|INT,FAI|ARC
8060700,Omen Cleaver,Flame,Curved Greatsword,SaberLarge,0,0.25,D,1,0.25,D,1,0.00,-,0,0.75,C,1,0.00,-,0,STR|DEX|FAI,INT|ARC
8061300,Omen Cleaver,Frenzy,Curved Greatsword,SaberLarge,0,0.17,E,1,0.18,E,1,0.60,C,1,0.60,C,1,0.00,-,0,STR|DEX|INT|FAI,ARC
8061600,Omen Cleaver,Frost,Curved Greatsword,SaberLarge,0,0.17,E,1,0.18,E,1,0.60,C,1,0.00,-,0,0.60,C,1,STR|DEX|INT|ARC,FAI
8060400,Omen Cleaver,Glint,Curved Greatsword,SaberLarge,0,0.25,D,1,0.25,D,1,0.85,C,1,0.00,-,0,0.00,-,0,STR|DEX|INT,FAI|ARC
8061500,Omen Cleaver,Godslayer,Curved Greatsword,SaberLarge,0,0.17,E,1,0.18,E,1,0.60,C,1,0.60,C,1,0.00,-,0,STR|DEX|INT|FAI,ARC
8060800,Omen Cleaver,Golden,Curved Greatsword,SaberLarge,0,0.25,D,1,0.25,D,1,0.00,-,0,0.85,C,1,0.00,-,0,STR|DEX|FAI,INT|ARC
8060600,Omen Cleaver,Gravity,Curved Greatsword,SaberLarge,0,0.25,D,1,0.25,D,1,0.85,C,1,0.00,-,0,0.00,-,0,STR|DEX|INT,FAI|ARC
8060100,Omen Cleaver,Heavy,Curved Greatsword,SaberLarge,0,0.85,C,1,0.40,D,1,0.00,-,0,0.00,-,0,0.00,-,0,STR|DEX,INT|FAI|ARC
8060200,Omen Cleaver,Keen,Curved Greatsword,SaberLarge,0,0.40,D,1,0.90,B,1,0.00,-,0,0.00,-,0,0.00,-,0,STR|DEX,INT|FAI|ARC
8061200,Omen Cleaver,Lava,Curved Greatsword,SaberLarge,0,0.17,E,1,0.18,E,1,0.70,C,1,0.70,C,1,0.00,-,0,STR|DEX|INT|FAI,ARC
8062100,Omen Cleaver,Mystic,Curved Greatsword,SaberLarge,0,0.17,E,1,0.18,E,1,0.00,-,0,0.60,C,1,0.60,C,1,STR|DEX|FAI|ARC,INT
8061100,Omen Cleaver,Night,Curved Greatsword,SaberLarge,0,0.17,E,1,0.18,E,1,0.70,C,1,0.70,C,1,0.00,-,0,STR|DEX|INT|FAI,ARC
8060300,Omen Cleaver,Quality,Curved Greatsword,SaberLarge,0,0.70,C,1,0.70,C,1,0.00,-,0,0.00,-,0,0.00,-,0,STR|DEX,INT|FAI|ARC
8061900,Omen Cleaver,Rotten,Curved Greatsword,SaberLarge,0,0.17,E,1,0.18,E,1,0.00,-,0,0.60,C,1,0.60,C,1,STR|DEX|FAI|ARC,INT
8060000,Omen Cleaver,Standard,Curved Greatsword,SaberLarge,0,0.50,D,1,0.50,D,1,0.00,-,0,0.00,-,0,0.00,-,0,STR|DEX,INT|FAI|ARC
8062000,Omen Cleaver,Storm,Curved Greatsword,SaberLarge,0,0.17,E,1,0.18,E,1,0.70,C,1,0.70,C,1,0.00,-,0,STR|DEX|INT|FAI,ARC
32150000,One-Eyed Shield,Standard,Greatshield,ShieldLarge,0,0.50,D,1,0.00,-,0,0.00,-,0,0.00,-,0,0.00,-,0,STR,DEX|INT|FAI|ARC
8010000,Onyx Lord's Greatsword,Standard,Curved Greatsword,SaberLarge,0,0.40,D,1,0.55,D,1,0.90,B,1,0.00,-,0,0.00,-,0,STR|DEX|INT,FAI|ARC
3060000,Ordovis's Greatsword,Standard,Greatsword,SwordLarge,0,0.50,D,1,0.05,E,1,0.00,-,0,1.00,B,1,0.00,-,0,STR|DEX|FAI,INT|ARC
2060000,Ornamental Straight Sword,Standard,Straight Sword,SwordNormal,0,0.18,E,1,0.17,E,1,0.00,-,0,0.90,B,1,0.00,-,0,STR|DEX|FAI,INT|ARC
4130000,Osian's Greatsword [Quality],Standard,Colossal Sword,SwordGigantic,0,0.95,B,1,0.85,C,1,0.00,-,0,0.00,-,0,0.00,-,0,STR|DEX,INT|FAI|ARC
10100000,Palm-Ax Twinblades,Standard,Twinblade,SwordDoubleEdge,0,0.90,B,1,0.90,B,1,0.00,-,0,0.00,-,0,0.00,-,0,STR|DEX,INT|FAI|ARC
1021700,Parrying Dagger,Aberrant,Dagger,Dagger,0,0.05,E,1,0.40,D,1,0.60,C,1,0.00,-,0,0.60,C,1,STR|DEX|INT|ARC,FAI
1021000,Parrying Dagger,Bestial,Dagger,Dagger,0,0.10,E,1,0.40,D,1,0.00,-,0,0.95,B,1,0.00,-,0,STR|DEX|FAI,INT|ARC
1021800,Parrying Dagger,Bloodflame,Dagger,Dagger,0,0.05,E,1,0.40,D,1,0.00,-,0,0.60,C,1,0.60,C,1,STR|DEX|FAI|ARC,INT
1021400,Parrying Dagger,Death,Dagger,Dagger,0,0.05,E,1,0.40,D,1,0.60,C,1,0.60,C,1,0.00,-,0,STR|DEX|INT|FAI,ARC
1020900,Parrying Dagger,Draconic,Dagger,Dagger,0,0.10,E,1,0.40,D,1,0.00,-,0,0.95,B,1,0.00,-,0,STR|DEX|FAI,INT|ARC
1020500,Parrying Dagger,Dragonkin,Dagger,Dagger,0,0.10,E,1,0.40,D,1,0.85,C,1,0.00,-,0,0.00,-,0,STR|DEX|INT,FAI|ARC
1020700,Parrying Dagger,Flame,Dagger,Dagger,0,0.10,E,1,0.40,D,1,0.00,-,0,0.85,C,1,0.00,-,0,STR|DEX|FAI,INT|ARC
1021300,Parrying Dagger,Frenzy,Dagger,Dagger,0,0.05,E,1,0.40,D,1,0.60,C,1,0.60,C,1,0.00,-,0,STR|DEX|INT|FAI,ARC
1021600,Parrying Dagger,Frost,Dagger,Dagger,0,0.05,E,1,0.40,D,1,0.60,C,1,0.00,-,0,0.60,C,1,STR|DEX|INT|ARC,FAI
1020400,Parrying Dagger,Glint,Dagger,Dagger,0,0.10,E,1,0.40,D,1,0.95,B,1,0.00,-,0,0.00,-,0,STR|DEX|INT,FAI|ARC
1021500,Parrying Dagger,Godslayer,Dagger,Dagger,0,0.05,E,1,0.40,D,1,0.60,C,1,0.60,C,1,0.00,-,0,STR|DEX|INT|FAI,ARC
1020800,Parrying Dagger,Golden,Dagger,Dagger,0,0.10,E,1,0.40,D,1,0.00,-,0,0.95,B,1,0.00,-,0,STR|DEX|FAI,INT|ARC
1020600,Parrying Dagger,Gravity,Dagger,Dagger,0,0.10,E,1,0.40,D,1,0.95,B,1,0.00,-,0,0.00,-,0,STR|DEX|INT,FAI|ARC
1020100,Parrying Dagger,Heavy,Dagger,Dagger,0,0.65,C,1,0.50,D,1,0.00,-,0,0.00,-,0,0.00,-,0,STR|DEX,INT|FAI|ARC
1020200,Parrying Dagger,Keen,Dagger,Dagger,0,0.10,E,1,1.15,B,1,0.00,-,0,0.00,-,0,0.00,-,0,STR|DEX,INT|FAI|ARC
1021200,Parrying Dagger,Lava,Dagger,Dagger,0,0.05,E,1,0.40,D,1,0.70,C,1,0.70,C,1,0.00,-,0,STR|DEX|INT|FAI,ARC
1022100,Parrying Dagger,Mystic,Dagger,Dagger,0,0.05,E,1,0.40,D,1,0.00,-,0,0.60,C,1,0.60,C,1,STR|DEX|FAI|ARC,INT
1021100,Parrying Dagger,Night,Dagger,Dagger,0,0.05,E,1,0.40,D,1,0.70,C,1,0.70,C,1,0.00,-,0,STR|DEX|INT|FAI,ARC
1020300,Parrying Dagger,Quality,Dagger,Dagger,0,0.45,D,1,0.70,C,1,0.00,-,0,0.00,-,0,0.00,-,0,STR|DEX,INT|FAI|ARC
1021900,Parrying Dagger,Rotten,Dagger,Dagger,0,0.05,E,1,0.40,D,1,0.00,-,0,0.60,C,1,0.60,C,1,STR|DEX|FAI|ARC,INT
1020000,Parrying Dagger,Standard,Dagger,Dagger,0,0.35,D,1,0.65,C,1,0.00,-,0,0.00,-,0,0.00,-,0,STR|DEX,INT|FAI|ARC
1022000,Parrying Dagger,Storm,Dagger,Dagger,0,0.05,E,1,0.40,D,1,0.70,C,1,0.70,C,1,0.00,-,0,STR|DEX|INT|FAI,ARC
16051700,Partisan,Aberrant,Spear,SpearNormal,0,0.25,D,1,0.35,D,1,0.60,C,1,0.00,-,0,0.60,C,1,STR|DEX|INT|ARC,FAI
16051000,Partisan,Bestial,Spear,SpearNormal,0,0.30,D,1,0.40,D,1,0.00,-,0,0.85,C,1,0.00,-,0,STR|DEX|FAI,INT|ARC
16051800,Partisan,Bloodflame,Spear,SpearNormal,0,0.25,D,1,0.35,D,1,0.00,-,0,0.60,C,1,0.60,C,1,STR|DEX|FAI|ARC,INT
16051400,Partisan,Death,Spear,SpearNormal,0,0.25,D,1,0.35,D,1,0.60,C,1,0.60,C,1,0.00,-,0,STR|DEX|INT|FAI,ARC
16050900,Partisan,Draconic,Spear,SpearNormal,0,0.30,D,1,0.40,D,1,0.00,-,0,0.85,C,1,0.00,-,0,STR|DEX|FAI,INT|ARC
16050500,Partisan,Dragonkin,Spear,SpearNormal,0,0.30,D,1,0.40,D,1,0.75,C,1,0.00,-,0,0.00,-,0,STR|DEX|INT,FAI|ARC
16050700,Partisan,Flame,Spear,SpearNormal,0,0.30,D,1,0.40,D,1,0.00,-,0,0.75,C,1,0.00,-,0,STR|DEX|FAI,INT|ARC
16051300,Partisan,Frenzy,Spear,SpearNormal,0,0.25,D,1,0.35,D,1,0.60,C,1,0.60,C,1,0.00,-,0,STR|DEX|INT|FAI,ARC
16051600,Partisan,Frost,Spear,SpearNormal,0,0.25,D,1,0.35,D,1,0.60,C,1,0.00,-,0,0.60,C,1,STR|DEX|INT|ARC,FAI
16050400,Partisan,Glint,Spear,SpearNormal,0,0.30,D,1,0.40,D,1,0.85,C,1,0.00,-,0,0.00,-,0,STR|DEX|INT,FAI|ARC
16051500,Partisan,Godslayer,Spear,SpearNormal,0,0.25,D,1,0.35,D,1,0.60,C,1,0.60,C,1,0.00,-,0,STR|DEX|INT|FAI,ARC
16050800,Partisan,Golden,Spear,SpearNormal,0,0.30,D,1,0.40,D,1,0.00,-,0,0.85,C,1,0.00,-,0,STR|DEX|FAI,INT|ARC
16050600,Partisan,Gravity,Spear,SpearNormal,0,0.30,D,1,0.40,D,1,0.85,C,1,0.00,-,0,0.00,-,0,STR|DEX|INT,FAI|ARC
16050100,Partisan,Heavy,Spear,SpearNormal,0,0.75,C,1,0.55,D,1,0.00,-,0,0.00,-,0,0.00,-,0,STR|DEX,INT|FAI|ARC
16050200,Partisan,Keen,Spear,SpearNormal,0,0.20,E,1,1.15,B,1,0.00,-,0,0.00,-,0,0.00,-,0,STR|DEX,INT|FAI|ARC
16051200,Partisan,Lava,Spear,SpearNormal,0,0.25,D,1,0.35,D,1,0.70,C,1,0.70,C,1,0.00,-,0,STR|DEX|INT|FAI,ARC
16052100,Partisan,Mystic,Spear,SpearNormal,0,0.25,D,1,0.35,D,1,0.00,-,0,0.60,C,1,0.60,C,1,STR|DEX|FAI|ARC,INT
16051100,Partisan,Night,Spear,SpearNormal,0,0.25,D,1,0.35,D,1,0.70,C,1,0.70,C,1,0.00,-,0,STR|DEX|INT|FAI,ARC
16050300,Partisan,Quality,Spear,SpearNormal,0,0.50,D,1,0.85,C,1,0.00,-,0,0.00,-,0,0.00,-,0,STR|DEX,INT|FAI|ARC
16051900,Partisan,Rotten,Spear,SpearNormal,0,0.25,D,1,0.35,D,1,0.00,-,0,0.60,C,1,0.60,C,1,STR|DEX|FAI|ARC,INT
16050000,Partisan,Standard,Spear,SpearNormal,0,0.40,D,1,0.70,C,1,0.00,-,0,0.00,-,0,0.00,-,0,STR|DEX,INT|FAI|ARC
16052000,Partisan,Storm,Spear,SpearNormal,0,0.25,D,1,0.35,D,1,0.70,C,1,0.70,C,1,0.00,-,0,STR|DEX|INT|FAI,ARC
21511700,Pata,Aberrant,Fist,Knuckle,0,0.15,E,1,0.40,D,1,0.60,C,1,0.00,-,0,0.60,C,1,STR|DEX|INT|ARC,FAI
21511000,Pata,Bestial,Fist,Knuckle,0,0.20,E,1,0.45,D,1,0.00,-,0,0.90,B,1,0.00,-,0,STR|DEX|FAI,INT|ARC
21511800,Pata,Bloodflame,Fist,Knuckle,0,0.15,E,1,0.40,D,1,0.00,-,0,0.60,C,1,0.60,C,1,STR|DEX|FAI|ARC,INT
21511400,Pata,Death,Fist,Knuckle,0,0.15,E,1,0.40,D,1,0.60,C,1,0.60,C,1,0.00,-,0,STR|DEX|INT|FAI,ARC
21510900,Pata,Draconic,Fist,Knuckle,0,0.20,E,1,0.45,D,1,0.00,-,0,0.90,B,1,0.00,-,0,STR|DEX|FAI,INT|ARC
21510500,Pata,Dragonkin,Fist,Knuckle,0,0.20,E,1,0.45,D,1,0.80,C,1,0.00,-,0,0.00,-,0,STR|DEX|INT,FAI|ARC
21510700,Pata,Flame,Fist,Knuckle,0,0.20,E,1,0.45,D,1,0.00,-,0,0.80,C,1,0.00,-,0,STR|DEX|FAI,INT|ARC
21511300,Pata,Frenzy,Fist,Knuckle,0,0.15,E,1,0.40,D,1,0.60,C,1,0.60,C,1,0.00,-,0,STR|DEX|INT|FAI,ARC
21511600,Pata,Frost,Fist,Knuckle,0,0.15,E,1,0.40,D,1,0.60,C,1,0.00,-,0,0.60,C,1,STR|DEX|INT|ARC,FAI
21510400,Pata,Glint,Fist,Knuckle,0,0.20,E,1,0.45,D,1,0.90,B,1,0.00,-,0,0.00,-,0,STR|DEX|INT,FAI|ARC
21511500,Pata,Godslayer,Fist,Knuckle,0,0.15,E,1,0.40,D,1,0.60,C,1,0.60,C,1,0.00,-,0,STR|DEX|INT|FAI,ARC
21510800,Pata,Golden,Fist,Knuckle,0,0.20,E,1,0.45,D,1,0.00,-,0,0.90,B,1,0.00,-,0,STR|DEX|FAI,INT|ARC
21510600,Pata,Gravity,Fist,Knuckle,0,0.20,E,1,0.45,D,1,0.90,B,1,0.00,-,0,0.00,-,0,STR|DEX|INT,FAI|ARC
21510100,Pata,Heavy,Fist,Knuckle,0,0.80,C,1,0.40,D,1,0.00,-,0,0.00,-,0,0.00,-,0,STR|DEX,INT|FAI|ARC
21510200,Pata,Keen,Fist,Knuckle,0,0.35,D,1,0.85,C,1,0.00,-,0,0.00,-,0,0.00,-,0,STR|DEX,INT|FAI|ARC
21511200,Pata,Lava,Fist,Knuckle,0,0.15,E,1,0.40,D,1,0.70,C,1,0.70,C,1,0.00,-,0,STR|DEX|INT|FAI,ARC
21512100,Pata,Mystic,Fist,Knuckle,0,0.15,E,1,0.40,D,1,0.00,-,0,0.60,C,1,0.60,C,1,STR|DEX|FAI|ARC,INT
21511100,Pata,Night,Fist,Knuckle,0,0.15,E,1,0.40,D,1,0.70,C,1,0.70,C,1,0.00,-,0,STR|DEX|INT|FAI,ARC
21510300,Pata,Quality,Fist,Knuckle,0,0.75,C,1,0.80,C,1,0.00,-,0,0.00,-,0,0.00,-,0,STR|DEX,INT|FAI|ARC
21511900,Pata,Rotten,Fist,Knuckle,0,0.15,E,1,0.40,D,1,0.00,-,0,0.60,C,1,0.60,C,1,STR|DEX|FAI|ARC,INT
21510000,Pata,Standard,Fist,Knuckle,0,0.45,D,1,0.50,D,1,0.00,-,0,0.00,-,0,0.00,-,0,STR|DEX,INT|FAI|ARC
21512000,Pata,Storm,Fist,Knuckle,0,0.15,E,1,0.40,D,1,0.70,C,1,0.70,C,1,0.00,-,0,STR|DEX|INT|FAI,ARC
30010000,Perfumer's Shield,Standard,Small Shield,ShieldSmall,0,0.24,E,1,0.00,-,0,0.00,-,0,0.00,-,0,0.00,-,0,STR,DEX|INT|FAI|ARC
18010000,Pest's Glaive,Standard,Halberd,SpearAxe,0,0.35,D,1,0.65,C,1,0.00,-,0,0.70,C,1,0.70,C,1,STR|DEX|FAI|ARC,INT
34180000,Pest's Seal,Standard,Seal,Talisman,0,0.00,-,0,0.00,-,0,0.00,-,0,0.80,C,1,0.80,C,1,FAI|ARC,STR|DEX|INT
16170000,Phalanx Pike,Standard,Spear,SpearNormal,0,0.95,B,1,0.95,B,1,0.00,-,0,0.00,-,0,0.00,-,0,STR|DEX,INT|FAI|ARC
12141700,Pickaxe,Aberrant,Great Hammer,HammerLarge,0,0.20,E,1,0.20,E,1,0.60,C,1,0.00,-,0,0.60,C,1,STR|DEX|INT|ARC,FAI
12141000,Pickaxe,Bestial,Great Hammer,HammerLarge,0,0.25,D,1,0.25,D,1,0.00,-,0,0.90,B,1,0.00,-,0,STR|DEX|FAI,INT|ARC
12141800,Pickaxe,Bloodflame,Great Hammer,HammerLarge,0,0.20,E,1,0.20,E,1,0.00,-,0,0.60,C,1,0.60,C,1,STR|DEX|FAI|ARC,INT
12141400,Pickaxe,Death,Great Hammer,HammerLarge,0,0.20,E,1,0.20,E,1,0.60,C,1,0.60,C,1,0.00,-,0,STR|DEX|INT|FAI,ARC
12140900,Pickaxe,Draconic,Great Hammer,HammerLarge,0,0.25,D,1,0.25,D,1,0.00,-,0,0.90,B,1,0.00,-,0,STR|DEX|FAI,INT|ARC
12140500,Pickaxe,Dragonkin,Great Hammer,HammerLarge,0,0.25,D,1,0.25,D,1,0.80,C,1,0.00,-,0,0.00,-,0,STR|DEX|INT,FAI|ARC
12140700,Pickaxe,Flame,Great Hammer,HammerLarge,0,0.25,D,1,0.25,D,1,0.00,-,0,0.80,C,1,0.00,-,0,STR|DEX|FAI,INT|ARC
12141300,Pickaxe,Frenzy,Great Hammer,HammerLarge,0,0.20,E,1,0.20,E,1,0.60,C,1,0.60,C,1,0.00,-,0,STR|DEX|INT|FAI,ARC
12141600,Pickaxe,Frost,Great Hammer,HammerLarge,0,0.20,E,1,0.20,E,1,0.60,C,1,0.00,-,0,0.60,C,1,STR|DEX|INT|ARC,FAI
12140400,Pickaxe,Glint,Great Hammer,HammerLarge,0,0.25,D,1,0.25,D,1,0.90,B,1,0.00,-,0,0.00,-,0,STR|DEX|INT,FAI|ARC
12141500,Pickaxe,Godslayer,Great Hammer,HammerLarge,0,0.20,E,1,0.20,E,1,0.60,C,1,0.60,C,1,0.00,-,0,STR|DEX|INT|FAI,ARC
12140800,Pickaxe,Golden,Great Hammer,HammerLarge,0,0.25,D,1,0.25,D,1,0.00,-,0,0.90,B,1,0.00,-,0,STR|DEX|FAI,INT|ARC
12140600,Pickaxe,Gravity,Great Hammer,HammerLarge,0,0.25,D,1,0.25,D,1,0.90,B,1,0.00,-,0,0.00,-,0,STR|DEX|INT,FAI|ARC
12140100,Pickaxe,Heavy,Great Hammer,HammerLarge,0,1.10,B,1,0.25,D,1,0.00,-,0,0.00,-,0,0.00,-,0,STR|DEX,INT|FAI|ARC
12140200,Pickaxe,Keen,Great Hammer,HammerLarge,0,0.50,D,1,0.70,C,1,0.00,-,0,0.00,-,0,0.00,-,0,STR|DEX,INT|FAI|ARC
12141200,Pickaxe,Lava,Great Hammer,HammerLarge,0,0.20,E,1,0.20,E,1,0.70,C,1,0.70,C,1,0.00,-,0,STR|DEX|INT|FAI,ARC
12142100,Pickaxe,Mystic,Great Hammer,HammerLarge,0,0.20,E,1,0.20,E,1,0.00,-,0,0.60,C,1,0.60,C,1,STR|DEX|FAI|ARC,INT
12141100,Pickaxe,Night,Great Hammer,HammerLarge,0,0.20,E,1,0.20,E,1,0.70,C,1,0.70,C,1,0.00,-,0,STR|DEX|INT|FAI,ARC
12140300,Pickaxe,Quality,Great Hammer,HammerLarge,0,0.80,C,1,0.50,D,1,0.00,-,0,0.00,-,0,0.00,-,0,STR|DEX,INT|FAI|ARC
12141900,Pickaxe,Rotten,Great Hammer,HammerLarge,0,0.20,E,1,0.20,E,1,0.00,-,0,0.60,C,1,0.60,C,1,STR|DEX|FAI|ARC,INT
12140000,Pickaxe,Standard,Great Hammer,HammerLarge,0,0.65,C,1,0.35,D,1,0.00,-,0,0.00,-,0,0.00,-,0,STR|DEX,INT|FAI|ARC
12142000,Pickaxe,Storm,Great Hammer,HammerLarge,0,0.20,E,1,0.20,E,1,0.70,C,1,0.70,C,1,0.00,-,0,STR|DEX|INT|FAI,ARC
16071700,Pike,Aberrant,Spear,SpearNormal,0,0.20,E,1,0.40,D,1,0.60,C,1,0.00,-,0,0.60,C,1,STR|DEX|INT|ARC,FAI
16071000,Pike,Bestial,Spear,SpearNormal,0,0.25,D,1,0.45,D,1,0.00,-,0,0.85,C,1,0.00,-,0,STR|DEX|FAI,INT|ARC
16071800,Pike,Bloodflame,Spear,SpearNormal,0,0.20,E,1,0.40,D,1,0.00,-,0,0.60,C,1,0.60,C,1,STR|DEX|FAI|ARC,INT
16071400,Pike,Death,Spear,SpearNormal,0,0.20,E,1,0.40,D,1,0.60,C,1,0.60,C,1,0.00,-,0,STR|DEX|INT|FAI,ARC
16070900,Pike,Draconic,Spear,SpearNormal,0,0.25,D,1,0.45,D,1,0.00,-,0,0.85,C,1,0.00,-,0,STR|DEX|FAI,INT|ARC
16070500,Pike,Dragonkin,Spear,SpearNormal,0,0.25,D,1,0.45,D,1,0.75,C,1,0.00,-,0,0.00,-,0,STR|DEX|INT,FAI|ARC
16070700,Pike,Flame,Spear,SpearNormal,0,0.25,D,1,0.45,D,1,0.00,-,0,0.75,C,1,0.00,-,0,STR|DEX|FAI,INT|ARC
16071300,Pike,Frenzy,Spear,SpearNormal,0,0.20,E,1,0.40,D,1,0.60,C,1,0.60,C,1,0.00,-,0,STR|DEX|INT|FAI,ARC
16071600,Pike,Frost,Spear,SpearNormal,0,0.20,E,1,0.40,D,1,0.60,C,1,0.00,-,0,0.60,C,1,STR|DEX|INT|ARC,FAI
16070400,Pike,Glint,Spear,SpearNormal,0,0.25,D,1,0.45,D,1,0.85,C,1,0.00,-,0,0.00,-,0,STR|DEX|INT,FAI|ARC
16071500,Pike,Godslayer,Spear,SpearNormal,0,0.20,E,1,0.40,D,1,0.60,C,1,0.60,C,1,0.00,-,0,STR|DEX|INT|FAI,ARC
16070800,Pike,Golden,Spear,SpearNormal,0,0.25,D,1,0.45,D,1,0.00,-,0,0.85,C,1,0.00,-,0,STR|DEX|FAI,INT|ARC
16070600,Pike,Gravity,Spear,SpearNormal,0,0.25,D,1,0.45,D,1,0.85,C,1,0.00,-,0,0.00,-,0,STR|DEX|INT,FAI|ARC
16070100,Pike,Heavy,Spear,SpearNormal,0,0.70,C,1,0.60,C,1,0.00,-,0,0.00,-,0,0.00,-,0,STR|DEX,INT|FAI|ARC
16070200,Pike,Keen,Spear,SpearNormal,0,0.15,E,1,1.20,B,1,0.00,-,0,0.00,-,0,0.00,-,0,STR|DEX,INT|FAI|ARC
16071200,Pike,Lava,Spear,SpearNormal,0,0.20,E,1,0.40,D,1,0.70,C,1,0.70,C,1,0.00,-,0,STR|DEX|INT|FAI,ARC
16072100,Pike,Mystic,Spear,SpearNormal,0,0.20,E,1,0.40,D,1,0.00,-,0,0.60,C,1,0.60,C,1,STR|DEX|FAI|ARC,INT
16071100,Pike,Night,Spear,SpearNormal,0,0.20,E,1,0.40,D,1,0.70,C,1,0.70,C,1,0.00,-,0,STR|DEX|INT|FAI,ARC
16070300,Pike,Quality,Spear,SpearNormal,0,0.45,D,1,0.90,B,1,0.00,-,0,0.00,-,0,0.00,-,0,STR|DEX,INT|FAI|ARC
16071900,Pike,Rotten,Spear,SpearNormal,0,0.20,E,1,0.40,D,1,0.00,-,0,0.60,C,1,0.60,C,1,STR|DEX|FAI|ARC,INT
16070000,Pike,Standard,Spear,SpearNormal,0,0.35,D,1,0.75,C,1,0.00,-,0,0.00,-,0,0.00,-,0,STR|DEX,INT|FAI|ARC
16072000,Pike,Storm,Spear,SpearNormal,0,0.20,E,1,0.40,D,1,0.70,C,1,0.70,C,1,0.00,-,0,STR|DEX|INT|FAI,ARC
30040000,Pillory Shield,Standard,Small Shield,ShieldSmall,0,0.24,E,1,0.00,-,0,0.00,-,0,0.00,-,0,0.00,-,0,STR,DEX|INT|FAI|ARC
21520000,Poisoned Hand,Standard,Fist,Knuckle,0,0.55,D,1,0.45,D,1,0.00,-,0,0.75,C,1,0.75,C,1,STR|DEX|FAI|ARC,INT
18510000,Poleblade of the Bud,Standard,Halberd,SpearAxe,0,0.55,D,1,0.75,C,1,0.00,-,0,0.75,C,1,0.75,C,1,STR|DEX|FAI|ARC,INT
23000000,Prelate's Inferno Crozier,Standard,Colossal Weapon,AxhammerLarge,0,0.90,B,1,0.05,E,1,0.00,-,0,0.90,B,1,0.00,-,0,STR|DEX|FAI,INT|ARC
67700000,Primeval Splinter,Standard,Light Greatsword,LightGreatsword,0,0.30,D,1,0.30,D,1,1.20,B,1,0.00,-,0,0.00,-,0,STR|DEX|INT,FAI|ARC
33180000,Prince of Death's Staff,Standard,Staff,Staff,0,0.00,-,0,0.00,-,0,1.00,B,1,1.00,B,1,0.00,-,0,INT|FAI,STR|DEX|ARC
41060000,Pulley Bow,Standard,Bow,BowNormal,0,0.80,C,1,0.80,C,1,0.00,-,0,0.00,-,0,0.00,-,0,STR|DEX,INT|FAI|ARC
43050000,Pulley Crossbow,Standard,Crossbow,ClossBow,0,0.55,D,1,0.55,D,1,0.00,-,0,0.00,-,0,0.65,C,1,STR|DEX|ARC,INT|FAI
8500000,Putrescence Cleaver,Standard,Greataxe,AxeLarge,0,0.85,C,1,0.40,D,1,0.85,C,1,0.85,C,1,0.00,-,0,STR|DEX|INT|FAI,ARC
6500000,Queelign's Greatsword,Standard,Heavy Thrusting Sword,RapierHeavy,0,0.25,D,1,0.75,C,1,0.00,-,0,1.00,B,1,0.00,-,0,STR|DEX|FAI,INT|ARC
1400000,Quicksilver Fragment,Standard,Dagger,Dagger,0,0.10,E,1,0.55,D,1,0.75,C,1,0.75,C,1,0.00,-,0,STR|DEX|INT|FAI,ARC
5090000,Quicksilver Rapier,Standard,Thrusting Sword,SwordPierce,0,0.05,E,1,0.50,D,1,0.75,C,1,0.75,C,1,0.00,-,0,STR|DEX|INT|FAI,ARC
44500000,Rabbath's Cannon,Standard,Ballista,Ballista,0,0.75,C,1,0.10,E,1,0.75,C,1,0.00,-,0,0.00,-,0,STR|DEX|INT,FAI|ARC
66520000,Rakshasa's Great Katana,Standard,Great Katana,GreatKatana,0,0.45,D,1,0.70,C,1,0.00,-,0,0.70,C,1,0.70,C,1,STR|DEX|FAI|ARC,INT
60520000,Rancor Touch,Standard,Hand-to-Hand,HandToHand,0,0.55,D,1,0.55,D,1,0.80,C,1,0.80,C,1,0.00,-,0,STR|DEX|INT|FAI,ARC
33300000,Ranni's Staff,Standard,Staff,Staff,0,0.00,-,0,0.00,-,0,0.80,C,1,0.00,-,0,0.80,C,1,INT|ARC,STR|DEX|FAI
5021700,Rapier,Aberrant,Thrusting Sword,SwordPierce,0,0.05,E,1,0.30,D,1,0.55,D,1,0.00,-,0,0.55,D,1,STR|DEX|INT|ARC,FAI
5021000,Rapier,Bestial,Thrusting Sword,SwordPierce,0,0.05,E,1,0.30,D,1,0.00,-,0,0.90,B,1,0.00,-,0,STR|DEX|FAI,INT|ARC
5021800,Rapier,Bloodflame,Thrusting Sword,SwordPierce,0,0.05,E,1,0.30,D,1,0.00,-,0,0.55,D,1,0.55,D,1,STR|DEX|FAI|ARC,INT
5021400,Rapier,Death,Thrusting Sword,SwordPierce,0,0.05,E,1,0.30,D,1,0.55,D,1,0.55,D,1,0.00,-,0,STR|DEX|INT|FAI,ARC
5020900,Rapier,Draconic,Thrusting Sword,SwordPierce,0,0.05,E,1,0.30,D,1,0.00,-,0,0.90,B,1,0.00,-,0,STR|DEX|FAI,INT|ARC
5020500,Rapier,Dragonkin,Thrusting Sword,SwordPierce,0,0.05,E,1,0.30,D,1,0.80,C,1,0.00,-,0,0.00,-,0,STR|DEX|INT,FAI|ARC
5020700,Rapier,Flame,Thrusting Sword,SwordPierce,0,0.05,E,1,0.30,D,1,0.00,-,0,0.80,C,1,0.00,-,0,STR|DEX|FAI,INT|ARC
5021300,Rapier,Frenzy,Thrusting Sword,SwordPierce,0,0.05,E,1,0.30,D,1,0.55,D,1,0.55,D,1,0.00,-,0,STR|DEX|INT|FAI,ARC
5021600,Rapier,Frost,Thrusting Sword,SwordPierce,0,0.05,E,1,0.30,D,1,0.55,D,1,0.00,-,0,0.55,D,1,STR|DEX|INT|ARC,FAI
5020400,Rapier,Glint,Thrusting Sword,SwordPierce,0,0.05,E,1,0.30,D,1,0.90,B,1,0.00,-,0,0.00,-,0,STR|DEX|INT,FAI|ARC
5021500,Rapier,Godslayer,Thrusting Sword,SwordPierce,0,0.05,E,1,0.30,D,1,0.55,D,1,0.55,D,1,0.00,-,0,STR|DEX|INT|FAI,ARC
5020800,Rapier,Golden,Thrusting Sword,SwordPierce,0,0.05,E,1,0.30,D,1,0.00,-,0,0.90,B,1,0.00,-,0,STR|DEX|FAI,INT|ARC
5020600,Rapier,Gravity,Thrusting Sword,SwordPierce,0,0.05,E,1,0.30,D,1,0.90,B,1,0.00,-,0,0.00,-,0,STR|DEX|INT,FAI|ARC
5020100,Rapier,Heavy,Thrusting Sword,SwordPierce,0,0.55,D,1,0.50,D,1,0.00,-,0,0.00,-,0,0.00,-,0,STR|DEX,INT|FAI|ARC
5020200,Rapier,Keen,Thrusting Sword,SwordPierce,0,0.05,E,1,1.25,B,1,0.00,-,0,0.00,-,0,0.00,-,0,STR|DEX,INT|FAI|ARC
5021200,Rapier,Lava,Thrusting Sword,SwordPierce,0,0.05,E,1,0.30,D,1,0.65,C,1,0.65,C,1,0.00,-,0,STR|DEX|INT|FAI,ARC
5022100,Rapier,Mystic,Thrusting Sword,SwordPierce,0,0.05,E,1,0.30,D,1,0.00,-,0,0.55,D,1,0.55,D,1,STR|DEX|FAI|ARC,INT
5021100,Rapier,Night,Thrusting Sword,SwordPierce,0,0.05,E,1,0.30,D,1,0.65,C,1,0.65,C,1,0.00,-,0,STR|DEX|INT|FAI,ARC
5020300,Rapier,Quality,Thrusting Sword,SwordPierce,0,0.35,D,1,0.70,C,1,0.00,-,0,0.00,-,0,0.00,-,0,STR|DEX,INT|FAI|ARC
5021900,Rapier,Rotten,Thrusting Sword,SwordPierce,0,0.05,E,1,0.30,D,1,0.00,-,0,0.55,D,1,0.55,D,1,STR|DEX|FAI|ARC,INT
5020000,Rapier,Standard,Thrusting Sword,SwordPierce,0,0.10,E,1,0.80,C,1,0.00,-,0,0.00,-,0,0.00,-,0,STR|DEX,INT|FAI|ARC
5022000,Rapier,Storm,Thrusting Sword,SwordPierce,0,0.05,E,1,0.30,D,1,0.65,C,1,0.65,C,1,0.00,-,0,STR|DEX|INT|FAI,ARC
22031700,Raptor Talons,Aberrant,Claw,Claw,0,0.05,E,1,0.20,E,1,0.60,C,1,0.00,-,0,0.60,C,1,STR|DEX|INT|ARC,FAI
22031000,Raptor Talons,Bestial,Claw,Claw,0,0.10,E,1,0.25,D,1,0.00,-,0,0.90,B,1,0.00,-,0,STR|DEX|FAI,INT|ARC
22031800,Raptor Talons,Bloodflame,Claw,Claw,0,0.05,E,1,0.20,E,1,0.00,-,0,0.60,C,1,0.60,C,1,STR|DEX|FAI|ARC,INT
22031400,Raptor Talons,Death,Claw,Claw,0,0.05,E,1,0.20,E,1,0.60,C,1,0.60,C,1,0.00,-,0,STR|DEX|INT|FAI,ARC
22030900,Raptor Talons,Draconic,Claw,Claw,0,0.10,E,1,0.25,D,1,0.00,-,0,0.90,B,1,0.00,-,0,STR|DEX|FAI,INT|ARC
22030500,Raptor Talons,Dragonkin,Claw,Claw,0,0.10,E,1,0.25,D,1,0.80,C,1,0.00,-,0,0.00,-,0,STR|DEX|INT,FAI|ARC
22030700,Raptor Talons,Flame,Claw,Claw,0,0.10,E,1,0.25,D,1,0.00,-,0,0.80,C,1,0.00,-,0,STR|DEX|FAI,INT|ARC
22031300,Raptor Talons,Frenzy,Claw,Claw,0,0.05,E,1,0.20,E,1,0.60,C,1,0.60,C,1,0.00,-,0,STR|DEX|INT|FAI,ARC
22031600,Raptor Talons,Frost,Claw,Claw,0,0.05,E,1,0.20,E,1,0.60,C,1,0.00,-,0,0.60,C,1,STR|DEX|INT|ARC,FAI
22030400,Raptor Talons,Glint,Claw,Claw,0,0.10,E,1,0.25,D,1,0.90,B,1,0.00,-,0,0.00,-,0,STR|DEX|INT,FAI|ARC
22031500,Raptor Talons,Godslayer,Claw,Claw,0,0.05,E,1,0.20,E,1,0.60,C,1,0.60,C,1,0.00,-,0,STR|DEX|INT|FAI,ARC
22030800,Raptor Talons,Golden,Claw,Claw,0,0.10,E,1,0.25,D,1,0.00,-,0,0.90,B,1,0.00,-,0,STR|DEX|FAI,INT|ARC
22030600,Raptor Talons,Gravity,Claw,Claw,0,0.10,E,1,0.25,D,1,0.90,B,1,0.00,-,0,0.00,-,0,STR|DEX|INT,FAI|ARC
22030100,Raptor Talons,Heavy,Claw,Claw,0,0.60,C,1,0.50,D,1,0.00,-,0,0.00,-,0,0.00,-,0,STR|DEX,INT|FAI|ARC
22030200,Raptor Talons,Keen,Claw,Claw,0,0.20,E,1,1.00,B,1,0.00,-,0,0.00,-,0,0.00,-,0,STR|DEX,INT|FAI|ARC
22031200,Raptor Talons,Lava,Claw,Claw,0,0.05,E,1,0.20,E,1,0.70,C,1,0.70,C,1,0.00,-,0,STR|DEX|INT|FAI,ARC
22032100,Raptor Talons,Mystic,Claw,Claw,0,0.05,E,1,0.20,E,1,0.00,-,0,0.60,C,1,0.60,C,1,STR|DEX|FAI|ARC,INT
22031100,Raptor Talons,Night,Claw,Claw,0,0.05,E,1,0.20,E,1,0.70,C,1,0.70,C,1,0.00,-,0,STR|DEX|INT|FAI,ARC
22030300,Raptor Talons,Quality,Claw,Claw,0,0.50,D,1,0.70,C,1,0.00,-,0,0.00,-,0,0.00,-,0,STR|DEX,INT|FAI|ARC
22031900,Raptor Talons,Rotten,Claw,Claw,0,0.05,E,1,0.20,E,1,0.00,-,0,0.60,C,1,0.60,C,1,STR|DEX|FAI|ARC,INT
22030000,Raptor Talons,Standard,Claw,Claw,0,0.30,D,1,0.60,C,1,0.00,-,0,0.00,-,0,0.00,-,0,STR|DEX,INT|FAI|ARC
22032000,Raptor Talons,Storm,Claw,Claw,0,0.05,E,1,0.20,E,1,0.70,C,1,0.70,C,1,0.00,-,0,STR|DEX|INT|FAI,ARC
18170000,Reaver's Odachi,Standard,Great Katana,GreatKatana,0,0.90,B,1,0.90,B,1,0.00,-,0,0.00,-,0,0.00,-,0,STR|DEX,INT|FAI|ARC
68510000,Red Bear's Claw,Standard,Beast Claw,BeastClaw,0,0.75,C,1,0.20,E,1,0.00,-,0,0.95,B,1,0.00,-,0,STR|DEX|FAI,INT|ARC
40020000,Red Branch Shortbow,Standard,Light Bow,BowSmall,0,0.85,C,1,0.35,D,1,0.00,-,0,0.00,-,0,0.00,-,0,STR|DEX,INT|FAI|ARC
31290000,Red Crest Heater Shield,Standard,Medium Shield,ShieldNormal,0,0.40,D,1,0.00,-,0,0.00,-,0,0.00,-,0,0.00,-,0,STR,DEX|INT|FAI|ARC
30070000,Red Thorn Roundshield,Standard,Small Shield,ShieldSmall,0,0.24,E,1,0.00,-,0,0.00,-,0,0.00,-,0,0.00,-,0,STR,DEX|INT|FAI|ARC
32230000,Redmane Greatshield,Standard,Greatshield,ShieldLarge,0,0.50,D,1,0.00,-,0,0.00,-,0,0.00,-,0,0.00,-,0,STR,DEX|INT|FAI|ARC
1040000,Reduvia,Standard,Dagger,Dagger,0,0.05,E,1,0.50,D,1,0.00,-,0,0.65,C,1,0.65,C,1,STR|DEX|FAI|ARC,INT
3250000,Regal Splitblade (GS),Standard,Greatsword,SwordLarge,0,0.90,B,1,0.90,B,1,0.00,-,0,0.00,-,0,0.00,-,0,STR|DEX,INT|FAI|ARC
2220000,Regalia of Eochaid,Standard,Straight Sword,SwordNormal,0,0.25,D,1,0.10,E,1,0.65,C,1,0.00,-,0,0.65,C,1,STR|DEX|INT|ARC,FAI
67520000,Rellana's Twin Blades,Standard,Light Greatsword,LightGreatsword,0,0.60,C,1,0.60,C,1,0.60,C,1,0.60,C,1,0.00,-,0,STR|DEX|INT|FAI,ARC
43500000,Repeating Crossbow,Standard,Crossbow,ClossBow,0,0.75,C,1,0.75,C,1,0.00,-,0,0.00,-,0,0.00,-,0,STR|DEX,INT|FAI|ARC
11200000,Restored Marika's Hammer,Standard,Hammer,HammerNormal,0,0.80,C,1,0.25,D,1,0.00,-,0,1.15,B,1,0.00,-,0,STR|DEX|FAI,INT|ARC
18180000,Rhys' Swordspear,Standard,Halberd,SpearAxe,0,0.50,D,1,0.50,D,1,1.20,B,1,0.00,-,0,0.00,-,0,STR|DEX|INT,FAI|ARC
30030000,Rickety Shield,Standard,Small Shield,ShieldSmall,0,0.24,E,1,0.00,-,0,0.00,-,0,0.00,-,0,0.00,-,0,STR,DEX|INT|FAI|ARC
30110000,Rift Shield,Standard,Small Shield,ShieldSmall,0,0.24,E,1,0.00,-,0,0.00,-,0,0.00,-,0,0.00,-,0,STR,DEX|INT|FAI|ARC
14160000,Rimeheart,Standard,Axe,AxeNormal,0,0.55,D,1,0.30,D,1,0.85,C,1,0.00,-,0,0.85,C,1,STR|DEX|INT|ARC,FAI
11130000,Ringed Finger,Standard,Hammer,HammerNormal,0,0.55,D,1,0.05,E,1,0.70,C,1,0.70,C,1,0.00,-,0,STR|DEX|INT|FAI,ARC
14050000,Ripple Blade,Standard,Axe,AxeNormal,0,0.25,D,1,0.25,D,1,0.00,-,0,0.00,-,0,1.25,B,1,STR|DEX|ARC,INT|FAI
18060000,Ripple Crescent Halberd,Standard,Halberd,SpearAxe,0,0.30,D,1,0.20,E,1,0.00,-,0,0.00,-,0,1.25,B,1,STR|DEX|ARC,INT|FAI
9040000,Rivers of Blood,Standard,Katana,katana,0,0.20,E,1,0.60,C,1,0.00,-,0,0.65,C,1,0.65,C,1,STR|DEX|FAI|ARC,INT
30090000,Riveted Wooden Shield,Standard,Small Shield,ShieldSmall,0,0.24,E,1,0.00,-,0,0.00,-,0,0.00,-,0,0.00,-,0,STR,DEX|INT|FAI|ARC
5030000,Rogier's Rapier,Standard,Thrusting Sword,SwordPierce,0,0.05,E,1,0.30,D,1,1.05,B,1,0.00,-,0,0.00,-,0,STR|DEX|INT,FAI|ARC
14120000,Rosus' Axe,Standard,Axe,AxeNormal,0,0.60,C,1,0.05,E,1,0.75,C,1,0.75,C,1,0.00,-,0,STR|DEX|INT|FAI,ARC
19050000,Rosus' Harvester,Standard,Scythe,Sickle,0,0.20,E,1,0.60,C,1,0.85,C,1,0.85,C,1,0.00,-,0,STR|DEX|INT|FAI,ARC
12210000,Rotten Battle Hammer,Standard,Great Hammer,HammerLarge,0,0.65,C,1,0.20,E,1,0.00,-,0,0.70,C,1,0.70,C,1,STR|DEX|FAI|ARC,INT
16160000,Rotten Crystal Spear,Standard,Spear,SpearNormal,0,0.45,D,1,0.55,D,1,0.00,-,0,0.75,C,1,0.75,C,1,STR|DEX|FAI|ARC,INT
2260000,Rotten Crystal Sword,Standard,Straight Sword,SwordNormal,0,0.18,E,1,0.17,E,1,0.00,-,0,0.60,C,1,0.60,C,1,STR|DEX|FAI|ARC,INT
23150000,Rotten Greataxe,Standard,Colossal Weapon,AxhammerLarge,0,0.50,D,1,0.20,E,1,0.00,-,0,0.60,C,1,0.60,C,1,STR|DEX|FAI|ARC,INT
23140000,Rotten Staff,Standard,Colossal Weapon,AxhammerLarge,0,0.80,C,1,0.05,E,1,0.00,-,0,0.65,C,1,0.65,C,1,STR|DEX|FAI|ARC,INT
31070000,Round Shield,Standard,Medium Shield,ShieldNormal,0,0.40,D,1,0.00,-,0,0.00,-,0,0.00,-,0,0.00,-,0,STR,DEX|INT|FAI|ARC
4060000,Royal Greatsword,Standard,Colossal Sword,SwordGigantic,0,0.70,C,1,0.45,D,1,0.65,C,1,0.00,-,0,0.65,C,1,STR|DEX|INT|ARC,FAI
4080000,Ruins Greatsword,Standard,Colossal Sword,SwordGigantic,0,0.95,B,1,0.25,D,1,0.75,C,1,0.00,-,0,0.00,-,0,STR|DEX|INT,FAI|ARC
15061700,Rusted Anchor,Aberrant,Greataxe,AxeLarge,0,0.50,D,1,0.05,E,1,0.60,C,1,0.00,-,0,0.60,C,1,STR|DEX|INT|ARC,FAI
15061000,Rusted Anchor,Bestial,Greataxe,AxeLarge,0,0.55,D,1,0.10,E,1,0.00,-,0,0.90,B,1,0.00,-,0,STR|DEX|FAI,INT|ARC
15061800,Rusted Anchor,Bloodflame,Greataxe,AxeLarge,0,0.50,D,1,0.05,E,1,0.00,-,0,0.60,C,1,0.60,C,1,STR|DEX|FAI|ARC,INT
15061400,Rusted Anchor,Death,Greataxe,AxeLarge,0,0.50,D,1,0.05,E,1,0.60,C,1,0.60,C,1,0.00,-,0,STR|DEX|INT|FAI,ARC
15060900,Rusted Anchor,Draconic,Greataxe,AxeLarge,0,0.55,D,1,0.10,E,1,0.00,-,0,0.90,B,1,0.00,-,0,STR|DEX|FAI,INT|ARC
15060500,Rusted Anchor,Dragonkin,Greataxe,AxeLarge,0,0.55,D,1,0.10,E,1,0.80,C,1,0.00,-,0,0.00,-,0,STR|DEX|INT,FAI|ARC
15060700,Rusted Anchor,Flame,Greataxe,AxeLarge,0,0.55,D,1,0.10,E,1,0.00,-,0,0.80,C,1,0.00,-,0,STR|DEX|FAI,INT|ARC
15061300,Rusted Anchor,Frenzy,Greataxe,AxeLarge,0,0.50,D,1,0.05,E,1,0.60,C,1,0.60,C,1,0.00,-,0,STR|DEX|INT|FAI,ARC
15061600,Rusted Anchor,Frost,Greataxe,AxeLarge,0,0.50,D,1,0.05,E,1,0.60,C,1,0.00,-,0,0.60,C,1,STR|DEX|INT|ARC,FAI
15060400,Rusted Anchor,Glint,Greataxe,AxeLarge,0,0.55,D,1,0.10,E,1,0.90,B,1,0.00,-,0,0.00,-,0,STR|DEX|INT,FAI|ARC
15061500,Rusted Anchor,Godslayer,Greataxe,AxeLarge,0,0.50,D,1,0.05,E,1,0.60,C,1,0.60,C,1,0.00,-,0,STR|DEX|INT|FAI,ARC
15060800,Rusted Anchor,Golden,Greataxe,AxeLarge,0,0.55,D,1,0.10,E,1,0.00,-,0,0.90,B,1,0.00,-,0,STR|DEX|FAI,INT|ARC
15060600,Rusted Anchor,Gravity,Greataxe,AxeLarge,0,0.55,D,1,0.10,E,1,0.90,B,1,0.00,-,0,0.00,-,0,STR|DEX|INT,FAI|ARC
15060100,Rusted Anchor,Heavy,Greataxe,AxeLarge,0,1.15,B,1,0.15,E,1,0.00,-,0,0.00,-,0,0.00,-,0,STR|DEX,INT|FAI|ARC
15060200,Rusted Anchor,Keen,Greataxe,AxeLarge,0,0.65,C,1,0.65,C,1,0.00,-,0,0.00,-,0,0.00,-,0,STR|DEX,INT|FAI|ARC
15061200,Rusted Anchor,Lava,Greataxe,AxeLarge,0,0.50,D,1,0.05,E,1,0.70,C,1,0.70,C,1,0.00,-,0,STR|DEX|INT|FAI,ARC
15062100,Rusted Anchor,Mystic,Greataxe,AxeLarge,0,0.50,D,1,0.05,E,1,0.00,-,0,0.60,C,1,0.60,C,1,STR|DEX|FAI|ARC,INT
15061100,Rusted Anchor,Night,Greataxe,AxeLarge,0,0.50,D,1,0.05,E,1,0.70,C,1,0.70,C,1,0.00,-,0,STR|DEX|INT|FAI,ARC
15060300,Rusted Anchor,Quality,Greataxe,AxeLarge,0,0.85,C,1,0.45,D,1,0.00,-,0,0.00,-,0,0.00,-,0,STR|DEX,INT|FAI|ARC
15061900,Rusted Anchor,Rotten,Greataxe,AxeLarge,0,0.50,D,1,0.05,E,1,0.00,-,0,0.60,C,1,0.60,C,1,STR|DEX|FAI|ARC,INT
15060000,Rusted Anchor,Standard,Greataxe,AxeLarge,0,0.75,C,1,0.25,D,1,0.00,-,0,0.00,-,0,0.00,-,0,STR|DEX,INT|FAI|ARC
15062000,Rusted Anchor,Storm,Greataxe,AxeLarge,0,0.50,D,1,0.05,E,1,0.70,C,1,0.70,C,1,0.00,-,0,STR|DEX|INT|FAI,ARC
3100000,Sacred Relic Sword,Standard,Greatsword,SwordLarge,0,0.25,D,1,0.10,E,1,0.00,-,0,1.15,B,1,0.00,-,0,STR|DEX|FAI,INT|ARC
14110000,Sacrificial Axe,Standard,Axe,AxeNormal,0,0.60,C,1,0.15,E,1,0.80,C,1,0.80,C,1,0.00,-,0,STR|DEX|INT|FAI,ARC
41080000,Scadu Sapling,Standard,Light Bow,BowSmall,0,0.15,E,1,0.35,D,1,0.00,-,0,1.00,B,1,0.00,-,0,STR|DEX|FAI,INT|ARC
19070000,Scarlet Triscythe,Standard,Scythe,Sickle,0,0.30,D,1,0.65,C,1,0.00,-,0,0.75,C,1,0.75,C,1,STR|DEX|FAI|ARC,INT
7081700,Scavenger's Curved Sword,Aberrant,Curved Sword,SaberNormal,0,0.05,E,1,0.20,E,1,0.60,C,1,0.00,-,0,0.60,C,1,STR|DEX|INT|ARC,FAI
7081000,Scavenger's Curved Sword,Bestial,Curved Sword,SaberNormal,0,0.10,E,1,0.25,D,1,0.00,-,0,0.90,B,1,0.00,-,0,STR|DEX|FAI,INT|ARC
7081800,Scavenger's Curved Sword,Bloodflame,Curved Sword,SaberNormal,0,0.05,E,1,0.20,E,1,0.00,-,0,0.60,C,1,0.60,C,1,STR|DEX|FAI|ARC,INT
7081400,Scavenger's Curved Sword,Death,Curved Sword,SaberNormal,0,0.05,E,1,0.20,E,1,0.60,C,1,0.60,C,1,0.00,-,0,STR|DEX|INT|FAI,ARC
7080900,Scavenger's Curved Sword,Draconic,Curved Sword,SaberNormal,0,0.10,E,1,0.25,D,1,0.00,-,0,0.90,B,1,0.00,-,0,STR|DEX|FAI,INT|ARC
7080500,Scavenger's Curved Sword,Dragonkin,Curved Sword,SaberNormal,0,0.10,E,1,0.25,D,1,0.80,C,1,0.00,-,0,0.00,-,0,STR|DEX|INT,FAI|ARC
7080700,Scavenger's Curved Sword,Flame,Curved Sword,SaberNormal,0,0.10,E,1,0.25,D,1,0.00,-,0,0.80,C,1,0.00,-,0,STR|DEX|FAI,INT|ARC
7081300,Scavenger's Curved Sword,Frenzy,Curved Sword,SaberNormal,0,0.05,E,1,0.20,E,1,0.60,C,1,0.60,C,1,0.00,-,0,STR|DEX|INT|FAI,ARC
7081600,Scavenger's Curved Sword,Frost,Curved Sword,SaberNormal,0,0.05,E,1,0.20,E,1,0.60,C,1,0.00,-,0,0.60,C,1,STR|DEX|INT|ARC,FAI
7080400,Scavenger's Curved Sword,Glint,Curved Sword,SaberNormal,0,0.10,E,1,0.25,D,1,0.90,B,1,0.00,-,0,0.00,-,0,STR|DEX|INT,FAI|ARC
7081500,Scavenger's Curved Sword,Godslayer,Curved Sword,SaberNormal,0,0.05,E,1,0.20,E,1,0.60,C,1,0.60,C,1,0.00,-,0,STR|DEX|INT|FAI,ARC
7080800,Scavenger's Curved Sword,Golden,Curved Sword,SaberNormal,0,0.10,E,1,0.25,D,1,0.00,-,0,0.90,B,1,0.00,-,0,STR|DEX|FAI,INT|ARC
7080600,Scavenger's Curved Sword,Gravity,Curved Sword,SaberNormal,0,0.10,E,1,0.25,D,1,0.90,B,1,0.00,-,0,0.00,-,0,STR|DEX|INT,FAI|ARC
7080100,Scavenger's Curved Sword,Heavy,Curved Sword,SaberNormal,0,0.55,D,1,0.50,D,1,0.00,-,0,0.00,-,0,0.00,-,0,STR|DEX,INT|FAI|ARC
7080200,Scavenger's Curved Sword,Keen,Curved Sword,SaberNormal,0,0.10,E,1,1.10,B,1,0.00,-,0,0.00,-,0,0.00,-,0,STR|DEX,INT|FAI|ARC
7081200,Scavenger's Curved Sword,Lava,Curved Sword,SaberNormal,0,0.05,E,1,0.20,E,1,0.70,C,1,0.70,C,1,0.00,-,0,STR|DEX|INT|FAI,ARC
7082100,Scavenger's Curved Sword,Mystic,Curved Sword,SaberNormal,0,0.05,E,1,0.20,E,1,0.00,-,0,0.60,C,1,0.60,C,1,STR|DEX|FAI|ARC,INT
7081100,Scavenger's Curved Sword,Night,Curved Sword,SaberNormal,0,0.05,E,1,0.20,E,1,0.70,C,1,0.70,C,1,0.00,-,0,STR|DEX|INT|FAI,ARC
7080300,Scavenger's Curved Sword,Quality,Curved Sword,SaberNormal,0,0.45,D,1,0.60,C,1,0.00,-,0,0.00,-,0,0.00,-,0,STR|DEX,INT|FAI|ARC
7081900,Scavenger's Curved Sword,Rotten,Curved Sword,SaberNormal,0,0.05,E,1,0.20,E,1,0.00,-,0,0.60,C,1,0.60,C,1,STR|DEX|FAI|ARC,INT
7080000,Scavenger's Curved Sword,Standard,Curved Sword,SaberNormal,0,0.25,D,1,0.65,C,1,0.00,-,0,0.00,-,0,0.00,-,0,STR|DEX,INT|FAI|ARC
7082000,Scavenger's Curved Sword,Storm,Curved Sword,SaberNormal,0,0.05,E,1,0.20,E,1,0.70,C,1,0.70,C,1,0.00,-,0,STR|DEX|INT|FAI,ARC
11110000,Scepter of the All-Knowing,Standard,Hammer,HammerNormal,0,0.10,E,1,0.00,-,0,0.70,C,1,0.70,C,1,0.70,C,1,STR|INT|FAI|ARC,DEX
7141700,Scimitar,Aberrant,Curved Sword,SaberNormal,0,0.05,E,1,0.20,E,1,0.60,C,1,0.00,-,0,0.60,C,1,STR|DEX|INT|ARC,FAI
7141000,Scimitar,Bestial,Curved Sword,SaberNormal,0,0.10,E,1,0.25,D,1,0.00,-,0,0.90,B,1,0.00,-,0,STR|DEX|FAI,INT|ARC
7141800,Scimitar,Bloodflame,Curved Sword,SaberNormal,0,0.05,E,1,0.20,E,1,0.00,-,0,0.60,C,1,0.60,C,1,STR|DEX|FAI|ARC,INT
7141400,Scimitar,Death,Curved Sword,SaberNormal,0,0.05,E,1,0.20,E,1,0.60,C,1,0.60,C,1,0.00,-,0,STR|DEX|INT|FAI,ARC
7140900,Scimitar,Draconic,Curved Sword,SaberNormal,0,0.10,E,1,0.25,D,1,0.00,-,0,0.90,B,1,0.00,-,0,STR|DEX|FAI,INT|ARC
7140500,Scimitar,Dragonkin,Curved Sword,SaberNormal,0,0.10,E,1,0.25,D,1,0.80,C,1,0.00,-,0,0.00,-,0,STR|DEX|INT,FAI|ARC
7140700,Scimitar,Flame,Curved Sword,SaberNormal,0,0.10,E,1,0.25,D,1,0.00,-,0,0.80,C,1,0.00,-,0,STR|DEX|FAI,INT|ARC
7141300,Scimitar,Frenzy,Curved Sword,SaberNormal,0,0.05,E,1,0.20,E,1,0.60,C,1,0.60,C,1,0.00,-,0,STR|DEX|INT|FAI,ARC
7141600,Scimitar,Frost,Curved Sword,SaberNormal,0,0.05,E,1,0.20,E,1,0.60,C,1,0.00,-,0,0.60,C,1,STR|DEX|INT|ARC,FAI
7140400,Scimitar,Glint,Curved Sword,SaberNormal,0,0.10,E,1,0.25,D,1,0.90,B,1,0.00,-,0,0.00,-,0,STR|DEX|INT,FAI|ARC
7141500,Scimitar,Godslayer,Curved Sword,SaberNormal,0,0.05,E,1,0.20,E,1,0.60,C,1,0.60,C,1,0.00,-,0,STR|DEX|INT|FAI,ARC
7140800,Scimitar,Golden,Curved Sword,SaberNormal,0,0.10,E,1,0.25,D,1,0.00,-,0,0.90,B,1,0.00,-,0,STR|DEX|FAI,INT|ARC
7140600,Scimitar,Gravity,Curved Sword,SaberNormal,0,0.10,E,1,0.25,D,1,0.90,B,1,0.00,-,0,0.00,-,0,STR|DEX|INT,FAI|ARC
7140100,Scimitar,Heavy,Curved Sword,SaberNormal,0,0.55,D,1,0.50,D,1,0.00,-,0,0.00,-,0,0.00,-,0,STR|DEX,INT|FAI|ARC
7140200,Scimitar,Keen,Curved Sword,SaberNormal,0,0.10,E,1,1.10,B,1,0.00,-,0,0.00,-,0,0.00,-,0,STR|DEX,INT|FAI|ARC
7141200,Scimitar,Lava,Curved Sword,SaberNormal,0,0.05,E,1,0.20,E,1,0.70,C,1,0.70,C,1,0.00,-,0,STR|DEX|INT|FAI,ARC
7142100,Scimitar,Mystic,Curved Sword,SaberNormal,0,0.05,E,1,0.20,E,1,0.00,-,0,0.60,C,1,0.60,C,1,STR|DEX|FAI|ARC,INT
7141100,Scimitar,Night,Curved Sword,SaberNormal,0,0.05,E,1,0.20,E,1,0.70,C,1,0.70,C,1,0.00,-,0,STR|DEX|INT|FAI,ARC
7140300,Scimitar,Quality,Curved Sword,SaberNormal,0,0.45,D,1,0.60,C,1,0.00,-,0,0.00,-,0,0.00,-,0,STR|DEX,INT|FAI|ARC
7141900,Scimitar,Rotten,Curved Sword,SaberNormal,0,0.05,E,1,0.20,E,1,0.00,-,0,0.60,C,1,0.60,C,1,STR|DEX|FAI|ARC,INT
7140000,Scimitar,Standard,Curved Sword,SaberNormal,0,0.25,D,1,0.65,C,1,0.00,-,0,0.00,-,0,0.00,-,0,STR|DEX,INT|FAI|ARC
7142000,Scimitar,Storm,Curved Sword,SaberNormal,0,0.05,E,1,0.20,E,1,0.70,C,1,0.70,C,1,0.00,-,0,STR|DEX|INT|FAI,ARC
31080000,Scorpion Kite Shield,Standard,Medium Shield,ShieldNormal,0,0.40,D,1,0.00,-,0,0.00,-,0,0.00,-,0,0.00,-,0,STR,DEX|INT|FAI|ARC
1080000,Scorpion's Stinger,Standard,Dagger,Dagger,0,0.05,E,1,0.50,D,1,0.00,-,0,0.65,C,1,0.65,C,1,STR|DEX|FAI|ARC,INT
30080000,Scripture Wooden Shield,Standard,Small Shield,ShieldSmall,0,0.24,E,1,0.00,-,0,0.00,-,0,0.00,-,0,0.00,-,0,STR,DEX|INT|FAI|ARC
19001700,Scythe,Aberrant,Scythe,Sickle,0,0.10,E,1,0.20,E,1,0.60,C,1,0.00,-,0,0.60,C,1,STR|DEX|INT|ARC,FAI
19001000,Scythe,Bestial,Scythe,Sickle,0,0.15,E,1,0.30,D,1,0.00,-,0,0.85,C,1,0.00,-,0,STR|DEX|FAI,INT|ARC
19001800,Scythe,Bloodflame,Scythe,Sickle,0,0.10,E,1,0.20,E,1,0.00,-,0,0.60,C,1,0.60,C,1,STR|DEX|FAI|ARC,INT
19001400,Scythe,Death,Scythe,Sickle,0,0.10,E,1,0.20,E,1,0.60,C,1,0.60,C,1,0.00,-,0,STR|DEX|INT|FAI,ARC
19000900,Scythe,Draconic,Scythe,Sickle,0,0.15,E,1,0.30,D,1,0.00,-,0,0.85,C,1,0.00,-,0,STR|DEX|FAI,INT|ARC
19000500,Scythe,Dragonkin,Scythe,Sickle,0,0.15,E,1,0.30,D,1,0.75,C,1,0.00,-,0,0.00,-,0,STR|DEX|INT,FAI|ARC
19000700,Scythe,Flame,Scythe,Sickle,0,0.15,E,1,0.30,D,1,0.00,-,0,0.75,C,1,0.00,-,0,STR|DEX|FAI,INT|ARC
19001300,Scythe,Frenzy,Scythe,Sickle,0,0.10,E,1,0.20,E,1,0.60,C,1,0.60,C,1,0.00,-,0,STR|DEX|INT|FAI,ARC
19001600,Scythe,Frost,Scythe,Sickle,0,0.10,E,1,0.20,E,1,0.60,C,1,0.00,-,0,0.60,C,1,STR|DEX|INT|ARC,FAI
19000400,Scythe,Glint,Scythe,Sickle,0,0.15,E,1,0.30,D,1,0.85,C,1,0.00,-,0,0.00,-,0,STR|DEX|INT,FAI|ARC
19001500,Scythe,Godslayer,Scythe,Sickle,0,0.10,E,1,0.20,E,1,0.60,C,1,0.60,C,1,0.00,-,0,STR|DEX|INT|FAI,ARC
19000800,Scythe,Golden,Scythe,Sickle,0,0.15,E,1,0.30,D,1,0.00,-,0,0.85,C,1,0.00,-,0,STR|DEX|FAI,INT|ARC
19000600,Scythe,Gravity,Scythe,Sickle,0,0.15,E,1,0.30,D,1,0.85,C,1,0.00,-,0,0.00,-,0,STR|DEX|INT,FAI|ARC
19000100,Scythe,Heavy,Scythe,Sickle,0,0.60,C,1,0.50,D,1,0.00,-,0,0.00,-,0,0.00,-,0,STR|DEX,INT|FAI|ARC
19000200,Scythe,Keen,Scythe,Sickle,0,0.10,E,1,1.15,B,1,0.00,-,0,0.00,-,0,0.00,-,0,STR|DEX,INT|FAI|ARC
19001200,Scythe,Lava,Scythe,Sickle,0,0.10,E,1,0.20,E,1,0.70,C,1,0.70,C,1,0.00,-,0,STR|DEX|INT|FAI,ARC
19002100,Scythe,Mystic,Scythe,Sickle,0,0.10,E,1,0.20,E,1,0.00,-,0,0.60,C,1,0.60,C,1,STR|DEX|FAI|ARC,INT
19001100,Scythe,Night,Scythe,Sickle,0,0.10,E,1,0.20,E,1,0.70,C,1,0.70,C,1,0.00,-,0,STR|DEX|INT|FAI,ARC
19000300,Scythe,Quality,Scythe,Sickle,0,0.45,D,1,0.65,C,1,0.00,-,0,0.00,-,0,0.00,-,0,STR|DEX,INT|FAI|ARC
19001900,Scythe,Rotten,Scythe,Sickle,0,0.10,E,1,0.20,E,1,0.00,-,0,0.60,C,1,0.60,C,1,STR|DEX|FAI|ARC,INT
19000000,Scythe,Standard,Scythe,Sickle,0,0.30,D,1,0.65,C,1,0.00,-,0,0.00,-,0,0.00,-,0,STR|DEX,INT|FAI|ARC
19002000,Scythe,Storm,Scythe,Sickle,0,0.10,E,1,0.20,E,1,0.70,C,1,0.70,C,1,0.00,-,0,STR|DEX|INT|FAI,ARC
34170000,Seal of Rot,Standard,Seal,Talisman,0,0.00,-,0,0.00,-,0,0.00,-,0,1.00,B,1,1.00,B,1,FAI|ARC,STR|DEX|INT
13060000,Seething Flail,Standard,Flail,Flail,0,0.45,D,1,0.20,E,1,0.75,C,1,0.75,C,1,0.00,-,0,STR|DEX|INT|FAI,ARC
24070000,Sentry's Torch,Standard,Torch,Torch,0,0.35,D,1,0.01,E,1,0.00,-,0,0.65,C,1,0.00,-,0,STR|DEX|FAI,INT|ARC
41040000,Serpent Bow,Standard,Bow,BowNormal,0,0.30,D,1,0.10,E,1,0.00,-,0,0.70,C,1,0.70,C,1,STR|DEX|FAI|ARC,INT
31520000,Serpent Crest Shield,Standard,Medium Shield,ShieldNormal,10000,0.40,D,1,0.00,-,0,0.00,-,0,0.00,-,0,0.00,-,0,STR,DEX|INT|FAI|ARC
13500000,Serpent Flail,Standard,Flail,Flail,0,0.55,D,1,0.55,D,1,0.00,-,0,1.05,B,1,0.00,-,0,STR|DEX|FAI,INT|ARC
7111700,Serpent-God's Curved Sword,Aberrant,Curved Sword,SaberNormal,0,0.10,E,1,0.20,E,1,0.60,C,1,0.00,-,0,0.60,C,1,STR|DEX|INT|ARC,FAI
7111000,Serpent-God's Curved Sword,Bestial,Curved Sword,SaberNormal,0,0.15,E,1,0.25,D,1,0.00,-,0,0.90,B,1,0.00,-,0,STR|DEX|FAI,INT|ARC
7111800,Serpent-God's Curved Sword,Bloodflame,Curved Sword,SaberNormal,0,0.10,E,1,0.20,E,1,0.00,-,0,0.60,C,1,0.60,C,1,STR|DEX|FAI|ARC,INT
7111400,Serpent-God's Curved Sword,Death,Curved Sword,SaberNormal,0,0.10,E,1,0.20,E,1,0.60,C,1,0.60,C,1,0.00,-,0,STR|DEX|INT|FAI,ARC
7110900,Serpent-God's Curved Sword,Draconic,Curved Sword,SaberNormal,0,0.15,E,1,0.25,D,1,0.00,-,0,0.90,B,1,0.00,-,0,STR|DEX|FAI,INT|ARC
7110500,Serpent-God's Curved Sword,Dragonkin,Curved Sword,SaberNormal,0,0.15,E,1,0.25,D,1,0.80,C,1,0.00,-,0,0.00,-,0,STR|DEX|INT,FAI|ARC
7110700,Serpent-God's Curved Sword,Flame,Curved Sword,SaberNormal,0,0.15,E,1,0.25,D,1,0.00,-,0,0.80,C,1,0.00,-,0,STR|DEX|FAI,INT|ARC
7111300,Serpent-God's Curved Sword,Frenzy,Curved Sword,SaberNormal,0,0.10,E,1,0.20,E,1,0.60,C,1,0.60,C,1,0.00,-,0,STR|DEX|INT|FAI,ARC
7111600,Serpent-God's Curved Sword,Frost,Curved Sword,SaberNormal,0,0.10,E,1,0.20,E,1,0.60,C,1,0.00,-,0,0.60,C,1,STR|DEX|INT|ARC,FAI
7110400,Serpent-God's Curved Sword,Glint,Curved Sword,SaberNormal,0,0.15,E,1,0.25,D,1,0.90,B,1,0.00,-,0,0.00,-,0,STR|DEX|INT,FAI|ARC
7111500,Serpent-God's Curved Sword,Godslayer,Curved Sword,SaberNormal,0,0.10,E,1,0.20,E,1,0.60,C,1,0.60,C,1,0.00,-,0,STR|DEX|INT|FAI,ARC
7110800,Serpent-God's Curved Sword,Golden,Curved Sword,SaberNormal,0,0.15,E,1,0.25,D,1,0.00,-,0,0.90,B,1,0.00,-,0,STR|DEX|FAI,INT|ARC
7110600,Serpent-God's Curved Sword,Gravity,Curved Sword,SaberNormal,0,0.15,E,1,0.25,D,1,0.90,B,1,0.00,-,0,0.00,-,0,STR|DEX|INT,FAI|ARC
7110100,Serpent-God's Curved Sword,Heavy,Curved Sword,SaberNormal,0,0.60,C,1,0.50,D,1,0.00,-,0,0.00,-,0,0.00,-,0,STR|DEX,INT|FAI|ARC
7110200,Serpent-God's Curved Sword,Keen,Curved Sword,SaberNormal,0,0.15,E,1,1.10,B,1,0.00,-,0,0.00,-,0,0.00,-,0,STR|DEX,INT|FAI|ARC
7111200,Serpent-God's Curved Sword,Lava,Curved Sword,SaberNormal,0,0.10,E,1,0.20,E,1,0.70,C,1,0.70,C,1,0.00,-,0,STR|DEX|INT|FAI,ARC
7112100,Serpent-God's Curved Sword,Mystic,Curved Sword,SaberNormal,0,0.10,E,1,0.20,E,1,0.00,-,0,0.60,C,1,0.60,C,1,STR|DEX|FAI|ARC,INT
7111100,Serpent-God's Curved Sword,Night,Curved Sword,SaberNormal,0,0.10,E,1,0.20,E,1,0.70,C,1,0.70,C,1,0.00,-,0,STR|DEX|INT|FAI,ARC
7110300,Serpent-God's Curved Sword,Quality,Curved Sword,SaberNormal,0,0.50,D,1,0.60,C,1,0.00,-,0,0.00,-,0,0.00,-,0,STR|DEX,INT|FAI|ARC
7111900,Serpent-God's Curved Sword,Rotten,Curved Sword,SaberNormal,0,0.10,E,1,0.20,E,1,0.00,-,0,0.60,C,1,0.60,C,1,STR|DEX|FAI|ARC,INT
7110000,Serpent-God's Curved Sword,Standard,Curved Sword,SaberNormal,0,0.30,D,1,0.65,C,1,0.00,-,0,0.00,-,0,0.00,-,0,STR|DEX,INT|FAI|ARC
7112000,Serpent-God's Curved Sword,Storm,Curved Sword,SaberNormal,0,0.10,E,1,0.20,E,1,0.70,C,1,0.70,C,1,0.00,-,0,STR|DEX|INT|FAI,ARC
17030000,Serpent-Hunter,Standard,Heavy Spear,SpearHeavy,0,0.70,C,1,0.35,D,1,0.00,-,0,0.00,-,0,0.00,-,0,STR|DEX,INT|FAI|ARC
9080000,Serpentbone Blade,Standard,Katana,katana,0,0.20,E,1,0.50,D,1,0.00,-,0,0.70,C,1,0.70,C,1,STR|DEX|FAI|ARC,INT
23510000,Shadow Sunflower Blossom,Standard,Colossal Weapon,AxhammerLarge,0,0.75,C,1,0.00,-,0,0.90,B,1,0.00,-,0,0.90,B,1,STR|INT|ARC,DEX|FAI
7031700,Shamshir,Aberrant,Curved Sword,SaberNormal,0,0.05,E,1,0.20,E,1,0.60,C,1,0.00,-,0,0.60,C,1,STR|DEX|INT|ARC,FAI
7031000,Shamshir,Bestial,Curved Sword,SaberNormal,0,0.10,E,1,0.25,D,1,0.00,-,0,0.90,B,1,0.00,-,0,STR|DEX|FAI,INT|ARC
7031800,Shamshir,Bloodflame,Curved Sword,SaberNormal,0,0.05,E,1,0.20,E,1,0.00,-,0,0.60,C,1,0.60,C,1,STR|DEX|FAI|ARC,INT
7031400,Shamshir,Death,Curved Sword,SaberNormal,0,0.05,E,1,0.20,E,1,0.60,C,1,0.60,C,1,0.00,-,0,STR|DEX|INT|FAI,ARC
7030900,Shamshir,Draconic,Curved Sword,SaberNormal,0,0.10,E,1,0.25,D,1,0.00,-,0,0.90,B,1,0.00,-,0,STR|DEX|FAI,INT|ARC
7030500,Shamshir,Dragonkin,Curved Sword,SaberNormal,0,0.10,E,1,0.25,D,1,0.80,C,1,0.00,-,0,0.00,-,0,STR|DEX|INT,FAI|ARC
7030700,Shamshir,Flame,Curved Sword,SaberNormal,0,0.10,E,1,0.25,D,1,0.00,-,0,0.80,C,1,0.00,-,0,STR|DEX|FAI,INT|ARC
7031300,Shamshir,Frenzy,Curved Sword,SaberNormal,0,0.05,E,1,0.20,E,1,0.60,C,1,0.60,C,1,0.00,-,0,STR|DEX|INT|FAI,ARC
7031600,Shamshir,Frost,Curved Sword,SaberNormal,0,0.05,E,1,0.20,E,1,0.60,C,1,0.00,-,0,0.60,C,1,STR|DEX|INT|ARC,FAI
7030400,Shamshir,Glint,Curved Sword,SaberNormal,0,0.10,E,1,0.25,D,1,0.90,B,1,0.00,-,0,0.00,-,0,STR|DEX|INT,FAI|ARC
7031500,Shamshir,Godslayer,Curved Sword,SaberNormal,0,0.05,E,1,0.20,E,1,0.60,C,1,0.60,C,1,0.00,-,0,STR|DEX|INT|FAI,ARC
7030800,Shamshir,Golden,Curved Sword,SaberNormal,0,0.10,E,1,0.25,D,1,0.00,-,0,0.90,B,1,0.00,-,0,STR|DEX|FAI,INT|ARC
7030600,Shamshir,Gravity,Curved Sword,SaberNormal,0,0.10,E,1,0.25,D,1,0.90,B,1,0.00,-,0,0.00,-,0,STR|DEX|INT,FAI|ARC
7030100,Shamshir,Heavy,Curved Sword,SaberNormal,0,0.55,D,1,0.50,D,1,0.00,-,0,0.00,-,0,0.00,-,0,STR|DEX,INT|FAI|ARC
7030200,Shamshir,Keen,Curved Sword,SaberNormal,0,0.10,E,1,1.10,B,1,0.00,-,0,0.00,-,0,0.00,-,0,STR|DEX,INT|FAI|ARC
7031200,Shamshir,Lava,Curved Sword,SaberNormal,0,0.05,E,1,0.20,E,1,0.70,C,1,0.70,C,1,0.00,-,0,STR|DEX|INT|FAI,ARC
7032100,Shamshir,Mystic,Curved Sword,SaberNormal,0,0.05,E,1,0.20,E,1,0.00,-,0,0.60,C,1,0.60,C,1,STR|DEX|FAI|ARC,INT
7031100,Shamshir,Night,Curved Sword,SaberNormal,0,0.05,E,1,0.20,E,1,0.70,C,1,0.70,C,1,0.00,-,0,STR|DEX|INT|FAI,ARC
7030300,Shamshir,Quality,Curved Sword,SaberNormal,0,0.45,D,1,0.60,C,1,0.00,-,0,0.00,-,0,0.00,-,0,STR|DEX,INT|FAI|ARC
7031900,Shamshir,Rotten,Curved Sword,SaberNormal,0,0.05,E,1,0.20,E,1,0.00,-,0,0.60,C,1,0.60,C,1,STR|DEX|FAI|ARC,INT
7030000,Shamshir,Standard,Curved Sword,SaberNormal,0,0.25,D,1,0.65,C,1,0.00,-,0,0.00,-,0,0.00,-,0,STR|DEX,INT|FAI|ARC
7032000,Shamshir,Storm,Curved Sword,SaberNormal,0,0.05,E,1,0.20,E,1,0.70,C,1,0.70,C,1,0.00,-,0,STR|DEX|INT|FAI,ARC
21550000,Shield of Night,Standard,Small Shield,ShieldSmall,0,0.00,-,0,0.32,D,1,0.25,D,1,0.25,D,1,0.00,-,0,DEX|INT|FAI,STR|ARC
31170000,Shield of the Guilty,Standard,Small Shield,ShieldSmall,0,0.40,D,1,0.00,-,0,0.00,-,0,0.00,-,0,0.00,-,0,STR,DEX|INT|FAI|ARC
16001700,Short Spear,Aberrant,Spear,SpearNormal,0,0.05,E,1,0.50,D,1,0.60,C,1,0.00,-,0,0.60,C,1,STR|DEX|INT|ARC,FAI
16001000,Short Spear,Bestial,Spear,SpearNormal,0,0.10,E,1,0.55,D,1,0.00,-,0,0.85,C,1,0.00,-,0,STR|DEX|FAI,INT|ARC
16001800,Short Spear,Bloodflame,Spear,SpearNormal,0,0.05,E,1,0.50,D,1,0.00,-,0,0.60,C,1,0.60,C,1,STR|DEX|FAI|ARC,INT
16001400,Short Spear,Death,Spear,SpearNormal,0,0.05,E,1,0.50,D,1,0.60,C,1,0.60,C,1,0.00,-,0,STR|DEX|INT|FAI,ARC
16000900,Short Spear,Draconic,Spear,SpearNormal,0,0.10,E,1,0.55,D,1,0.00,-,0,0.85,C,1,0.00,-,0,STR|DEX|FAI,INT|ARC
16000500,Short Spear,Dragonkin,Spear,SpearNormal,0,0.10,E,1,0.55,D,1,0.75,C,1,0.00,-,0,0.00,-,0,STR|DEX|INT,FAI|ARC
16000700,Short Spear,Flame,Spear,SpearNormal,0,0.10,E,1,0.55,D,1,0.00,-,0,0.75,C,1,0.00,-,0,STR|DEX|FAI,INT|ARC
16001300,Short Spear,Frenzy,Spear,SpearNormal,0,0.05,E,1,0.50,D,1,0.60,C,1,0.60,C,1,0.00,-,0,STR|DEX|INT|FAI,ARC
16001600,Short Spear,Frost,Spear,SpearNormal,0,0.05,E,1,0.50,D,1,0.60,C,1,0.00,-,0,0.60,C,1,STR|DEX|INT|ARC,FAI
16000400,Short Spear,Glint,Spear,SpearNormal,0,0.10,E,1,0.55,D,1,0.85,C,1,0.00,-,0,0.00,-,0,STR|DEX|INT,FAI|ARC
16001500,Short Spear,Godslayer,Spear,SpearNormal,0,0.05,E,1,0.50,D,1,0.60,C,1,0.60,C,1,0.00,-,0,STR|DEX|INT|FAI,ARC
16000800,Short Spear,Golden,Spear,SpearNormal,0,0.10,E,1,0.55,D,1,0.00,-,0,0.85,C,1,0.00,-,0,STR|DEX|FAI,INT|ARC
16000600,Short Spear,Gravity,Spear,SpearNormal,0,0.10,E,1,0.55,D,1,0.85,C,1,0.00,-,0,0.00,-,0,STR|DEX|INT,FAI|ARC
16000100,Short Spear,Heavy,Spear,SpearNormal,0,0.55,D,1,0.65,C,1,0.00,-,0,0.00,-,0,0.00,-,0,STR|DEX,INT|FAI|ARC
16000200,Short Spear,Keen,Spear,SpearNormal,0,0.05,E,1,1.25,B,1,0.00,-,0,0.00,-,0,0.00,-,0,STR|DEX,INT|FAI|ARC
16001200,Short Spear,Lava,Spear,SpearNormal,0,0.05,E,1,0.50,D,1,0.70,C,1,0.70,C,1,0.00,-,0,STR|DEX|INT|FAI,ARC
16002100,Short Spear,Mystic,Spear,SpearNormal,0,0.05,E,1,0.50,D,1,0.00,-,0,0.60,C,1,0.60,C,1,STR|DEX|FAI|ARC,INT
16001100,Short Spear,Night,Spear,SpearNormal,0,0.05,E,1,0.50,D,1,0.70,C,1,0.70,C,1,0.00,-,0,STR|DEX|INT|FAI,ARC
16000300,Short Spear,Quality,Spear,SpearNormal,0,0.30,D,1,1.00,B,1,0.00,-,0,0.00,-,0,0.00,-,0,STR|DEX,INT|FAI|ARC
16001900,Short Spear,Rotten,Spear,SpearNormal,0,0.05,E,1,0.50,D,1,0.00,-,0,0.60,C,1,0.60,C,1,STR|DEX|FAI|ARC,INT
16000000,Short Spear,Standard,Spear,SpearNormal,0,0.20,E,1,0.80,C,1,0.00,-,0,0.00,-,0,0.00,-,0,STR|DEX,INT|FAI|ARC
16002000,Short Spear,Storm,Spear,SpearNormal,0,0.05,E,1,0.50,D,1,0.70,C,1,0.70,C,1,0.00,-,0,STR|DEX|INT|FAI,ARC
2011700,Short Sword,Aberrant,Straight Sword,SwordNormal,0,0.18,E,1,0.17,E,1,0.60,C,1,0.00,-,0,0.60,C,1,STR|DEX|INT|ARC,FAI
2011000,Short Sword,Bestial,Straight Sword,SwordNormal,0,0.18,E,1,0.17,E,1,0.00,-,0,0.90,B,1,0.00,-,0,STR|DEX|FAI,INT|ARC
2011800,Short Sword,Bloodflame,Straight Sword,SwordNormal,0,0.18,E,1,0.17,E,1,0.00,-,0,0.60,C,1,0.60,C,1,STR|DEX|FAI|ARC,INT
2011400,Short Sword,Death,Straight Sword,SwordNormal,0,0.18,E,1,0.17,E,1,0.60,C,1,0.60,C,1,0.00,-,0,STR|DEX|INT|FAI,ARC
2010900,Short Sword,Draconic,Straight Sword,SwordNormal,0,0.18,E,1,0.17,E,1,0.00,-,0,0.90,B,1,0.00,-,0,STR|DEX|FAI,INT|ARC
2010500,Short Sword,Dragonkin,Straight Sword,SwordNormal,0,0.18,E,1,0.17,E,1,0.80,C,1,0.00,-,0,0.00,-,0,STR|DEX|INT,FAI|ARC
2010700,Short Sword,Flame,Straight Sword,SwordNormal,0,0.18,E,1,0.17,E,1,0.00,-,0,0.80,C,1,0.00,-,0,STR|DEX|FAI,INT|ARC
2011300,Short Sword,Frenzy,Straight Sword,SwordNormal,0,0.18,E,1,0.17,E,1,0.60,C,1,0.60,C,1,0.00,-,0,STR|DEX|INT|FAI,ARC
2011600,Short Sword,Frost,Straight Sword,SwordNormal,0,0.18,E,1,0.17,E,1,0.60,C,1,0.00,-,0,0.60,C,1,STR|DEX|INT|ARC,FAI
2010400,Short Sword,Glint,Straight Sword,SwordNormal,0,0.18,E,1,0.17,E,1,0.90,B,1,0.00,-,0,0.00,-,0,STR|DEX|INT,FAI|ARC
2011500,Short Sword,Godslayer,Straight Sword,SwordNormal,0,0.18,E,1,0.17,E,1,0.60,C,1,0.60,C,1,0.00,-,0,STR|DEX|INT|FAI,ARC
2010800,Short Sword,Golden,Straight Sword,SwordNormal,0,0.18,E,1,0.17,E,1,0.00,-,0,0.90,B,1,0.00,-,0,STR|DEX|FAI,INT|ARC
2010600,Short Sword,Gravity,Straight Sword,SwordNormal,0,0.18,E,1,0.17,E,1,0.90,B,1,0.00,-,0,0.00,-,0,STR|DEX|INT,FAI|ARC
2010100,Short Sword,Heavy,Straight Sword,SwordNormal,0,0.80,C,1,0.35,D,1,0.00,-,0,0.00,-,0,0.00,-,0,STR|DEX,INT|FAI|ARC
2010200,Short Sword,Keen,Straight Sword,SwordNormal,0,0.35,D,1,0.80,C,1,0.00,-,0,0.00,-,0,0.00,-,0,STR|DEX,INT|FAI|ARC
2011200,Short Sword,Lava,Straight Sword,SwordNormal,0,0.18,E,1,0.17,E,1,0.70,C,1,0.70,C,1,0.00,-,0,STR|DEX|INT|FAI,ARC
2012100,Short Sword,Mystic,Straight Sword,SwordNormal,0,0.18,E,1,0.17,E,1,0.00,-,0,0.60,C,1,0.60,C,1,STR|DEX|FAI|ARC,INT
2011100,Short Sword,Night,Straight Sword,SwordNormal,0,0.18,E,1,0.17,E,1,0.70,C,1,0.70,C,1,0.00,-,0,STR|DEX|INT|FAI,ARC
2010300,Short Sword,Quality,Straight Sword,SwordNormal,0,0.75,C,1,0.75,C,1,0.00,-,0,0.00,-,0,0.00,-,0,STR|DEX,INT|FAI|ARC
2011900,Short Sword,Rotten,Straight Sword,SwordNormal,0,0.18,E,1,0.17,E,1,0.00,-,0,0.60,C,1,0.60,C,1,STR|DEX|FAI|ARC,INT
2010000,Short Sword,Standard,Straight Sword,SwordNormal,0,0.45,D,1,0.45,D,1,0.00,-,0,0.00,-,0,0.00,-,0,STR|DEX,INT|FAI|ARC
2012000,Short Sword,Storm,Straight Sword,SwordNormal,0,0.18,E,1,0.17,E,1,0.70,C,1,0.70,C,1,0.00,-,0,STR|DEX|INT|FAI,ARC
40000000,Shortbow,Standard,Light Bow,BowSmall,0,0.15,E,1,0.95,B,1,0.00,-,0,0.00,-,0,0.00,-,0,STR|DEX,INT|FAI|ARC
7021700,Shotel,Aberrant,Curved Sword,SaberNormal,0,0.05,E,1,0.25,D,1,0.60,C,1,0.00,-,0,0.60,C,1,STR|DEX|INT|ARC,FAI
7021000,Shotel,Bestial,Curved Sword,SaberNormal,0,0.10,E,1,0.30,D,1,0.00,-,0,0.90,B,1,0.00,-,0,STR|DEX|FAI,INT|ARC
7021800,Shotel,Bloodflame,Curved Sword,SaberNormal,0,0.05,E,1,0.25,D,1,0.00,-,0,0.60,C,1,0.60,C,1,STR|DEX|FAI|ARC,INT
7021400,Shotel,Death,Curved Sword,SaberNormal,0,0.05,E,1,0.25,D,1,0.60,C,1,0.60,C,1,0.00,-,0,STR|DEX|INT|FAI,ARC
7020900,Shotel,Draconic,Curved Sword,SaberNormal,0,0.10,E,1,0.30,D,1,0.00,-,0,0.90,B,1,0.00,-,0,STR|DEX|FAI,INT|ARC
7020500,Shotel,Dragonkin,Curved Sword,SaberNormal,0,0.10,E,1,0.30,D,1,0.80,C,1,0.00,-,0,0.00,-,0,STR|DEX|INT,FAI|ARC
7020700,Shotel,Flame,Curved Sword,SaberNormal,0,0.10,E,1,0.30,D,1,0.00,-,0,0.80,C,1,0.00,-,0,STR|DEX|FAI,INT|ARC
7021300,Shotel,Frenzy,Curved Sword,SaberNormal,0,0.05,E,1,0.25,D,1,0.60,C,1,0.60,C,1,0.00,-,0,STR|DEX|INT|FAI,ARC
7021600,Shotel,Frost,Curved Sword,SaberNormal,0,0.05,E,1,0.25,D,1,0.60,C,1,0.00,-,0,0.60,C,1,STR|DEX|INT|ARC,FAI
7020400,Shotel,Glint,Curved Sword,SaberNormal,0,0.10,E,1,0.30,D,1,0.90,B,1,0.00,-,0,0.00,-,0,STR|DEX|INT,FAI|ARC
7021500,Shotel,Godslayer,Curved Sword,SaberNormal,0,0.05,E,1,0.25,D,1,0.60,C,1,0.60,C,1,0.00,-,0,STR|DEX|INT|FAI,ARC
7020800,Shotel,Golden,Curved Sword,SaberNormal,0,0.10,E,1,0.30,D,1,0.00,-,0,0.90,B,1,0.00,-,0,STR|DEX|FAI,INT|ARC
7020600,Shotel,Gravity,Curved Sword,SaberNormal,0,0.10,E,1,0.30,D,1,0.90,B,1,0.00,-,0,0.00,-,0,STR|DEX|INT,FAI|ARC
7020100,Shotel,Heavy,Curved Sword,SaberNormal,0,0.55,D,1,0.55,D,1,0.00,-,0,0.00,-,0,0.00,-,0,STR|DEX,INT|FAI|ARC
7020200,Shotel,Keen,Curved Sword,SaberNormal,0,0.10,E,1,1.15,B,1,0.00,-,0,0.00,-,0,0.00,-,0,STR|DEX,INT|FAI|ARC
7021200,Shotel,Lava,Curved Sword,SaberNormal,0,0.05,E,1,0.25,D,1,0.70,C,1,0.70,C,1,0.00,-,0,STR|DEX|INT|FAI,ARC
7022100,Shotel,Mystic,Curved Sword,SaberNormal,0,0.05,E,1,0.25,D,1,0.00,-,0,0.60,C,1,0.60,C,1,STR|DEX|FAI|ARC,INT
7021100,Shotel,Night,Curved Sword,SaberNormal,0,0.05,E,1,0.25,D,1,0.70,C,1,0.70,C,1,0.00,-,0,STR|DEX|INT|FAI,ARC
7020300,Shotel,Quality,Curved Sword,SaberNormal,0,0.45,D,1,0.65,C,1,0.00,-,0,0.00,-,0,0.00,-,0,STR|DEX,INT|FAI|ARC
7021900,Shotel,Rotten,Curved Sword,SaberNormal,0,0.05,E,1,0.25,D,1,0.00,-,0,0.60,C,1,0.60,C,1,STR|DEX|FAI|ARC,INT
7020000,Shotel,Standard,Curved Sword,SaberNormal,0,0.25,D,1,0.70,C,1,0.00,-,0,0.00,-,0,0.00,-,0,STR|DEX,INT|FAI|ARC
7022000,Shotel,Storm,Curved Sword,SaberNormal,0,0.05,E,1,0.25,D,1,0.70,C,1,0.70,C,1,0.00,-,0,STR|DEX|INT|FAI,ARC
12070000,Sigur's Greatmace,Standard,Great Hammer,HammerLarge,0,1.07,B,1,0.25,D,1,0.00,-,0,0.00,-,0,0.00,-,0,STR|DEX,INT|FAI|ARC
17020000,Siluria's Tree,Standard,Heavy Spear,SpearHeavy,0,0.90,B,1,0.20,E,1,0.00,-,0,0.90,B,1,0.00,-,0,STR|DEX|FAI,INT|ARC
31060000,Silver Mirrorshield,Standard,Medium Shield,ShieldNormal,0,0.40,D,1,0.00,-,0,0.30,D,1,0.00,-,0,0.00,-,0,STR|INT,DEX|FAI|ARC
14501700,Smithscript Axe,Aberrant,Axe,AxeNormal,0,0.40,D,1,0.10,E,1,0.60,C,1,0.00,-,0,0.60,C,1,STR|DEX|INT|ARC,FAI
14501000,Smithscript Axe,Bestial,Axe,AxeNormal,0,0.45,D,1,0.15,E,1,0.00,-,0,0.90,B,1,0.00,-,0,STR|DEX|FAI,INT|ARC
14501800,Smithscript Axe,Bloodflame,Axe,AxeNormal,0,0.40,D,1,0.10,E,1,0.00,-,0,0.60,C,1,0.60,C,1,STR|DEX|FAI|ARC,INT
14501400,Smithscript Axe,Death,Axe,AxeNormal,0,0.40,D,1,0.10,E,1,0.60,C,1,0.60,C,1,0.00,-,0,STR|DEX|INT|FAI,ARC
14500900,Smithscript Axe,Draconic,Axe,AxeNormal,0,0.45,D,1,0.15,E,1,0.00,-,0,0.90,B,1,0.00,-,0,STR|DEX|FAI,INT|ARC
14500500,Smithscript Axe,Dragonkin,Axe,AxeNormal,0,0.45,D,1,0.15,E,1,0.80,C,1,0.00,-,0,0.00,-,0,STR|DEX|INT,FAI|ARC
14500700,Smithscript Axe,Flame,Axe,AxeNormal,0,0.45,D,1,0.15,E,1,0.00,-,0,0.80,C,1,0.00,-,0,STR|DEX|FAI,INT|ARC
14501300,Smithscript Axe,Frenzy,Axe,AxeNormal,0,0.40,D,1,0.10,E,1,0.60,C,1,0.60,C,1,0.00,-,0,STR|DEX|INT|FAI,ARC
14501600,Smithscript Axe,Frost,Axe,AxeNormal,0,0.40,D,1,0.10,E,1,0.60,C,1,0.00,-,0,0.60,C,1,STR|DEX|INT|ARC,FAI
14500400,Smithscript Axe,Glint,Axe,AxeNormal,0,0.45,D,1,0.15,E,1,0.90,B,1,0.00,-,0,0.00,-,0,STR|DEX|INT,FAI|ARC
14501500,Smithscript Axe,Godslayer,Axe,AxeNormal,0,0.40,D,1,0.10,E,1,0.60,C,1,0.60,C,1,0.00,-,0,STR|DEX|INT|FAI,ARC
14500800,Smithscript Axe,Golden,Axe,AxeNormal,0,0.45,D,1,0.15,E,1,0.00,-,0,0.90,B,1,0.00,-,0,STR|DEX|FAI,INT|ARC
14500600,Smithscript Axe,Gravity,Axe,AxeNormal,0,0.45,D,1,0.15,E,1,0.90,B,1,0.00,-,0,0.00,-,0,STR|DEX|INT,FAI|ARC
14500100,Smithscript Axe,Heavy,Axe,AxeNormal,0,1.05,B,1,0.15,E,1,0.00,-,0,0.00,-,0,0.00,-,0,STR|DEX,INT|FAI|ARC
14500200,Smithscript Axe,Keen,Axe,AxeNormal,0,0.55,D,1,0.65,C,1,0.00,-,0,0.00,-,0,0.00,-,0,STR|DEX,INT|FAI|ARC
14501200,Smithscript Axe,Lava,Axe,AxeNormal,0,0.40,D,1,0.10,E,1,0.70,C,1,0.70,C,1,0.00,-,0,STR|DEX|INT|FAI,ARC
14502100,Smithscript Axe,Mystic,Axe,AxeNormal,0,0.40,D,1,0.10,E,1,0.00,-,0,0.60,C,1,0.60,C,1,STR|DEX|FAI|ARC,INT
14501100,Smithscript Axe,Night,Axe,AxeNormal,0,0.40,D,1,0.10,E,1,0.70,C,1,0.70,C,1,0.00,-,0,STR|DEX|INT|FAI,ARC
14500300,Smithscript Axe,Quality,Axe,AxeNormal,0,0.75,C,1,0.45,D,1,0.00,-,0,0.00,-,0,0.00,-,0,STR|DEX,INT|FAI|ARC
14501900,Smithscript Axe,Rotten,Axe,AxeNormal,0,0.40,D,1,0.10,E,1,0.00,-,0,0.60,C,1,0.60,C,1,STR|DEX|FAI|ARC,INT
14500000,Smithscript Axe,Standard,Axe,AxeNormal,0,0.65,C,1,0.25,D,1,0.00,-,0,0.00,-,0,0.00,-,0,STR|DEX,INT|FAI|ARC
14502000,Smithscript Axe,Storm,Axe,AxeNormal,0,0.40,D,1,0.10,E,1,0.70,C,1,0.70,C,1,0.00,-,0,STR|DEX|INT|FAI,ARC
64511700,Smithscript Cirque,Aberrant,Reverse-hand Blade,ReverseHandSword,0,0.05,E,1,0.30,D,1,0.55,D,1,0.00,-,0,0.55,D,1,STR|DEX|INT|ARC,FAI
64511000,Smithscript Cirque,Bestial,Reverse-hand Blade,ReverseHandSword,0,0.05,E,1,0.30,D,1,0.00,-,0,0.90,B,1,0.00,-,0,STR|DEX|FAI,INT|ARC
64511800,Smithscript Cirque,Bloodflame,Reverse-hand Blade,ReverseHandSword,0,0.05,E,1,0.30,D,1,0.00,-,0,0.55,D,1,0.55,D,1,STR|DEX|FAI|ARC,INT
64511400,Smithscript Cirque,Death,Reverse-hand Blade,ReverseHandSword,0,0.05,E,1,0.30,D,1,0.55,D,1,0.55,D,1,0.00,-,0,STR|DEX|INT|FAI,ARC
64510900,Smithscript Cirque,Draconic,Reverse-hand Blade,ReverseHandSword,0,0.05,E,1,0.30,D,1,0.00,-,0,0.90,B,1,0.00,-,0,STR|DEX|FAI,INT|ARC
64510500,Smithscript Cirque,Dragonkin,Reverse-hand Blade,ReverseHandSword,0,0.05,E,1,0.30,D,1,0.80,C,1,0.00,-,0,0.00,-,0,STR|DEX|INT,FAI|ARC
64510700,Smithscript Cirque,Flame,Reverse-hand Blade,ReverseHandSword,0,0.05,E,1,0.30,D,1,0.00,-,0,0.80,C,1,0.00,-,0,STR|DEX|FAI,INT|ARC
64511300,Smithscript Cirque,Frenzy,Reverse-hand Blade,ReverseHandSword,0,0.05,E,1,0.30,D,1,0.55,D,1,0.55,D,1,0.00,-,0,STR|DEX|INT|FAI,ARC
64511600,Smithscript Cirque,Frost,Reverse-hand Blade,ReverseHandSword,0,0.05,E,1,0.30,D,1,0.55,D,1,0.00,-,0,0.55,D,1,STR|DEX|INT|ARC,FAI
64510400,Smithscript Cirque,Glint,Reverse-hand Blade,ReverseHandSword,0,0.05,E,1,0.30,D,1,0.90,B,1,0.00,-,0,0.00,-,0,STR|DEX|INT,FAI|ARC
64511500,Smithscript Cirque,Godslayer,Reverse-hand Blade,ReverseHandSword,0,0.05,E,1,0.30,D,1,0.55,D,1,0.55,D,1,0.00,-,0,STR|DEX|INT|FAI,ARC
64510800,Smithscript Cirque,Golden,Reverse-hand Blade,ReverseHandSword,0,0.05,E,1,0.30,D,1,0.00,-,0,0.90,B,1,0.00,-,0,STR|DEX|FAI,INT|ARC
64510600,Smithscript Cirque,Gravity,Reverse-hand Blade,ReverseHandSword,0,0.05,E,1,0.30,D,1,0.90,B,1,0.00,-,0,0.00,-,0,STR|DEX|INT,FAI|ARC
64510100,Smithscript Cirque,Heavy,Reverse-hand Blade,ReverseHandSword,0,0.55,D,1,0.50,D,1,0.00,-,0,0.00,-,0,0.00,-,0,STR|DEX,INT|FAI|ARC
64510200,Smithscript Cirque,Keen,Reverse-hand Blade,ReverseHandSword,0,0.05,E,1,1.25,B,1,0.00,-,0,0.00,-,0,0.00,-,0,STR|DEX,INT|FAI|ARC
64511200,Smithscript Cirque,Lava,Reverse-hand Blade,ReverseHandSword,0,0.05,E,1,0.30,D,1,0.65,C,1,0.65,C,1,0.00,-,0,STR|DEX|INT|FAI,ARC
64512100,Smithscript Cirque,Mystic,Reverse-hand Blade,ReverseHandSword,0,0.05,E,1,0.30,D,1,0.00,-,0,0.55,D,1,0.55,D,1,STR|DEX|FAI|ARC,INT
64511100,Smithscript Cirque,Night,Reverse-hand Blade,ReverseHandSword,0,0.05,E,1,0.30,D,1,0.65,C,1,0.65,C,1,0.00,-,0,STR|DEX|INT|FAI,ARC
64510300,Smithscript Cirque,Quality,Reverse-hand Blade,ReverseHandSword,0,0.35,D,1,0.70,C,1,0.00,-,0,0.00,-,0,0.00,-,0,STR|DEX,INT|FAI|ARC
64511900,Smithscript Cirque,Rotten,Reverse-hand Blade,ReverseHandSword,0,0.05,E,1,0.30,D,1,0.00,-,0,0.55,D,1,0.55,D,1,STR|DEX|FAI|ARC,INT
64510000,Smithscript Cirque,Standard,Reverse-hand Blade,ReverseHandSword,0,0.10,E,1,0.80,C,1,0.00,-,0,0.00,-,0,0.00,-,0,STR|DEX,INT|FAI|ARC
64512000,Smithscript Cirque,Storm,Reverse-hand Blade,ReverseHandSword,0,0.05,E,1,0.30,D,1,0.65,C,1,0.65,C,1,0.00,-,0,STR|DEX|INT|FAI,ARC
63501700,Smithscript Dagger,Aberrant,Throwing Blade,ThrowingWeapon,0,0.05,E,1,0.40,D,1,0.60,C,1,0.00,-,0,0.60,C,1,STR|DEX|INT|ARC,FAI
63501000,Smithscript Dagger,Bestial,Throwing Blade,ThrowingWeapon,0,0.10,E,1,0.40,D,1,0.00,-,0,0.95,B,1,0.00,-,0,STR|DEX|FAI,INT|ARC
63501800,Smithscript Dagger,Bloodflame,Throwing Blade,ThrowingWeapon,0,0.05,E,1,0.40,D,1,0.00,-,0,0.60,C,1,0.60,C,1,STR|DEX|FAI|ARC,INT
63501400,Smithscript Dagger,Death,Throwing Blade,ThrowingWeapon,0,0.05,E,1,0.40,D,1,0.60,C,1,0.60,C,1,0.00,-,0,STR|DEX|INT|FAI,ARC
63500900,Smithscript Dagger,Draconic,Throwing Blade,ThrowingWeapon,0,0.10,E,1,0.40,D,1,0.00,-,0,0.95,B,1,0.00,-,0,STR|DEX|FAI,INT|ARC
63500500,Smithscript Dagger,Dragonkin,Throwing Blade,ThrowingWeapon,0,0.10,E,1,0.40,D,1,0.85,C,1,0.00,-,0,0.00,-,0,STR|DEX|INT,FAI|ARC
63500700,Smithscript Dagger,Flame,Throwing Blade,ThrowingWeapon,0,0.10,E,1,0.40,D,1,0.00,-,0,0.85,C,1,0.00,-,0,STR|DEX|FAI,INT|ARC
63501300,Smithscript Dagger,Frenzy,Throwing Blade,ThrowingWeapon,0,0.05,E,1,0.40,D,1,0.60,C,1,0.60,C,1,0.00,-,0,STR|DEX|INT|FAI,ARC
63501600,Smithscript Dagger,Frost,Throwing Blade,ThrowingWeapon,0,0.05,E,1,0.40,D,1,0.60,C,1,0.00,-,0,0.60,C,1,STR|DEX|INT|ARC,FAI
63500400,Smithscript Dagger,Glint,Throwing Blade,ThrowingWeapon,0,0.10,E,1,0.40,D,1,0.95,B,1,0.00,-,0,0.00,-,0,STR|DEX|INT,FAI|ARC
63501500,Smithscript Dagger,Godslayer,Throwing Blade,ThrowingWeapon,0,0.05,E,1,0.40,D,1,0.60,C,1,0.60,C,1,0.00,-,0,STR|DEX|INT|FAI,ARC
63500800,Smithscript Dagger,Golden,Throwing Blade,ThrowingWeapon,0,0.10,E,1,0.40,D,1,0.00,-,0,0.95,B,1,0.00,-,0,STR|DEX|FAI,INT|ARC
63500600,Smithscript Dagger,Gravity,Throwing Blade,ThrowingWeapon,0,0.10,E,1,0.40,D,1,0.95,B,1,0.00,-,0,0.00,-,0,STR|DEX|INT,FAI|ARC
63500100,Smithscript Dagger,Heavy,Throwing Blade,ThrowingWeapon,0,0.65,C,1,0.50,D,1,0.00,-,0,0.00,-,0,0.00,-,0,STR|DEX,INT|FAI|ARC
63500200,Smithscript Dagger,Keen,Throwing Blade,ThrowingWeapon,0,0.10,E,1,1.15,B,1,0.00,-,0,0.00,-,0,0.00,-,0,STR|DEX,INT|FAI|ARC
63501200,Smithscript Dagger,Lava,Throwing Blade,ThrowingWeapon,0,0.05,E,1,0.40,D,1,0.70,C,1,0.70,C,1,0.00,-,0,STR|DEX|INT|FAI,ARC
63502100,Smithscript Dagger,Mystic,Throwing Blade,ThrowingWeapon,0,0.05,E,1,0.40,D,1,0.00,-,0,0.60,C,1,0.60,C,1,STR|DEX|FAI|ARC,INT
63501100,Smithscript Dagger,Night,Throwing Blade,ThrowingWeapon,0,0.05,E,1,0.40,D,1,0.70,C,1,0.70,C,1,0.00,-,0,STR|DEX|INT|FAI,ARC
63500300,Smithscript Dagger,Quality,Throwing Blade,ThrowingWeapon,0,0.45,D,1,0.70,C,1,0.00,-,0,0.00,-,0,0.00,-,0,STR|DEX,INT|FAI|ARC
63501900,Smithscript Dagger,Rotten,Throwing Blade,ThrowingWeapon,0,0.05,E,1,0.40,D,1,0.00,-,0,0.60,C,1,0.60,C,1,STR|DEX|FAI|ARC,INT
63500000,Smithscript Dagger,Standard,Throwing Blade,ThrowingWeapon,0,0.35,D,1,0.65,C,1,0.00,-,0,0.00,-,0,0.00,-,0,STR|DEX,INT|FAI|ARC
63502000,Smithscript Dagger,Storm,Throwing Blade,ThrowingWeapon,0,0.05,E,1,0.40,D,1,0.70,C,1,0.70,C,1,0.00,-,0,STR|DEX|INT|FAI,ARC
12501700,Smithscript Greathammer,Aberrant,Great Hammer,HammerLarge,0,0.40,D,1,0.10,E,1,0.60,C,1,0.00,-,0,0.60,C,1,STR|DEX|INT|ARC,FAI
12501000,Smithscript Greathammer,Bestial,Great Hammer,HammerLarge,0,0.50,D,1,0.15,E,1,0.00,-,0,0.90,B,1,0.00,-,0,STR|DEX|FAI,INT|ARC
12501800,Smithscript Greathammer,Bloodflame,Great Hammer,HammerLarge,0,0.40,D,1,0.10,E,1,0.00,-,0,0.60,C,1,0.60,C,1,STR|DEX|FAI|ARC,INT
12501400,Smithscript Greathammer,Death,Great Hammer,HammerLarge,0,0.40,D,1,0.10,E,1,0.60,C,1,0.60,C,1,0.00,-,0,STR|DEX|INT|FAI,ARC
12500900,Smithscript Greathammer,Draconic,Great Hammer,HammerLarge,0,0.50,D,1,0.15,E,1,0.00,-,0,0.90,B,1,0.00,-,0,STR|DEX|FAI,INT|ARC
12500500,Smithscript Greathammer,Dragonkin,Great Hammer,HammerLarge,0,0.50,D,1,0.15,E,1,0.80,C,1,0.00,-,0,0.00,-,0,STR|DEX|INT,FAI|ARC
12500700,Smithscript Greathammer,Flame,Great Hammer,HammerLarge,0,0.50,D,1,0.15,E,1,0.00,-,0,0.80,C,1,0.00,-,0,STR|DEX|FAI,INT|ARC
12501300,Smithscript Greathammer,Frenzy,Great Hammer,HammerLarge,0,0.40,D,1,0.10,E,1,0.60,C,1,0.60,C,1,0.00,-,0,STR|DEX|INT|FAI,ARC
12501600,Smithscript Greathammer,Frost,Great Hammer,HammerLarge,0,0.40,D,1,0.10,E,1,0.60,C,1,0.00,-,0,0.60,C,1,STR|DEX|INT|ARC,FAI
12500400,Smithscript Greathammer,Glint,Great Hammer,HammerLarge,0,0.50,D,1,0.15,E,1,0.90,B,1,0.00,-,0,0.00,-,0,STR|DEX|INT,FAI|ARC
12501500,Smithscript Greathammer,Godslayer,Great Hammer,HammerLarge,0,0.40,D,1,0.10,E,1,0.60,C,1,0.60,C,1,0.00,-,0,STR|DEX|INT|FAI,ARC
12500800,Smithscript Greathammer,Golden,Great Hammer,HammerLarge,0,0.50,D,1,0.15,E,1,0.00,-,0,0.90,B,1,0.00,-,0,STR|DEX|FAI,INT|ARC
12500600,Smithscript Greathammer,Gravity,Great Hammer,HammerLarge,0,0.50,D,1,0.15,E,1,0.90,B,1,0.00,-,0,0.00,-,0,STR|DEX|INT,FAI|ARC
12500100,Smithscript Greathammer,Heavy,Great Hammer,HammerLarge,0,1.20,B,1,0.15,E,1,0.00,-,0,0.00,-,0,0.00,-,0,STR|DEX,INT|FAI|ARC
12500200,Smithscript Greathammer,Keen,Great Hammer,HammerLarge,0,0.60,C,1,0.60,C,1,0.00,-,0,0.00,-,0,0.00,-,0,STR|DEX,INT|FAI|ARC
12501200,Smithscript Greathammer,Lava,Great Hammer,HammerLarge,0,0.40,D,1,0.10,E,1,0.70,C,1,0.70,C,1,0.00,-,0,STR|DEX|INT|FAI,ARC
12502100,Smithscript Greathammer,Mystic,Great Hammer,HammerLarge,0,0.40,D,1,0.10,E,1,0.00,-,0,0.60,C,1,0.60,C,1,STR|DEX|FAI|ARC,INT
12501100,Smithscript Greathammer,Night,Great Hammer,HammerLarge,0,0.40,D,1,0.10,E,1,0.70,C,1,0.70,C,1,0.00,-,0,STR|DEX|INT|FAI,ARC
12500300,Smithscript Greathammer,Quality,Great Hammer,HammerLarge,0,0.90,B,1,0.40,D,1,0.00,-,0,0.00,-,0,0.00,-,0,STR|DEX,INT|FAI|ARC
12501900,Smithscript Greathammer,Rotten,Great Hammer,HammerLarge,0,0.40,D,1,0.10,E,1,0.00,-,0,0.60,C,1,0.60,C,1,STR|DEX|FAI|ARC,INT
12500000,Smithscript Greathammer,Standard,Great Hammer,HammerLarge,0,0.80,C,1,0.25,D,1,0.00,-,0,0.00,-,0,0.00,-,0,STR|DEX,INT|FAI|ARC
12502000,Smithscript Greathammer,Storm,Great Hammer,HammerLarge,0,0.40,D,1,0.10,E,1,0.70,C,1,0.70,C,1,0.00,-,0,STR|DEX|INT|FAI,ARC
69500000,Smithscript Rosary,Standard,Hand-to-Hand,HandToHand,0,0.95,B,1,0.95,B,1,0.00,-,0,0.00,-,0,0.00,-,0,STR|DEX,INT|FAI|ARC
30510000,Smithscript Shield,Standard,Small Shield,ShieldSmall,10000,0.35,D,1,0.15,E,1,0.05,E,0,0.05,E,0,0.00,-,0,STR|DEX,INT|FAI|ARC
16501700,Smithscript Spear,Aberrant,Spear,SpearNormal,0,0.20,E,1,0.40,D,1,0.60,C,1,0.00,-,0,0.60,C,1,STR|DEX|INT|ARC,FAI
16501000,Smithscript Spear,Bestial,Spear,SpearNormal,0,0.25,D,1,0.45,D,1,0.00,-,0,0.85,C,1,0.00,-,0,STR|DEX|FAI,INT|ARC
16501800,Smithscript Spear,Bloodflame,Spear,SpearNormal,0,0.20,E,1,0.40,D,1,0.00,-,0,0.60,C,1,0.60,C,1,STR|DEX|FAI|ARC,INT
16501400,Smithscript Spear,Death,Spear,SpearNormal,0,0.20,E,1,0.40,D,1,0.60,C,1,0.60,C,1,0.00,-,0,STR|DEX|INT|FAI,ARC
16500900,Smithscript Spear,Draconic,Spear,SpearNormal,0,0.25,D,1,0.45,D,1,0.00,-,0,0.85,C,1,0.00,-,0,STR|DEX|FAI,INT|ARC
16500500,Smithscript Spear,Dragonkin,Spear,SpearNormal,0,0.25,D,1,0.45,D,1,0.75,C,1,0.00,-,0,0.00,-,0,STR|DEX|INT,FAI|ARC
16500700,Smithscript Spear,Flame,Spear,SpearNormal,0,0.25,D,1,0.45,D,1,0.00,-,0,0.75,C,1,0.00,-,0,STR|DEX|FAI,INT|ARC
16501300,Smithscript Spear,Frenzy,Spear,SpearNormal,0,0.20,E,1,0.40,D,1,0.60,C,1,0.60,C,1,0.00,-,0,STR|DEX|INT|FAI,ARC
16501600,Smithscript Spear,Frost,Spear,SpearNormal,0,0.20,E,1,0.40,D,1,0.60,C,1,0.00,-,0,0.60,C,1,STR|DEX|INT|ARC,FAI
16500400,Smithscript Spear,Glint,Spear,SpearNormal,0,0.25,D,1,0.45,D,1,0.85,C,1,0.00,-,0,0.00,-,0,STR|DEX|INT,FAI|ARC
16501500,Smithscript Spear,Godslayer,Spear,SpearNormal,0,0.20,E,1,0.40,D,1,0.60,C,1,0.60,C,1,0.00,-,0,STR|DEX|INT|FAI,ARC
16500800,Smithscript Spear,Golden,Spear,SpearNormal,0,0.25,D,1,0.45,D,1,0.00,-,0,0.85,C,1,0.00,-,0,STR|DEX|FAI,INT|ARC
16500600,Smithscript Spear,Gravity,Spear,SpearNormal,0,0.25,D,1,0.45,D,1,0.85,C,1,0.00,-,0,0.00,-,0,STR|DEX|INT,FAI|ARC
16500100,Smithscript Spear,Heavy,Spear,SpearNormal,0,0.70,C,1,0.60,C,1,0.00,-,0,0.00,-,0,0.00,-,0,STR|DEX,INT|FAI|ARC
16500200,Smithscript Spear,Keen,Spear,SpearNormal,0,0.15,E,1,1.20,B,1,0.00,-,0,0.00,-,0,0.00,-,0,STR|DEX,INT|FAI|ARC
16501200,Smithscript Spear,Lava,Spear,SpearNormal,0,0.20,E,1,0.40,D,1,0.70,C,1,0.70,C,1,0.00,-,0,STR|DEX|INT|FAI,ARC
16502100,Smithscript Spear,Mystic,Spear,SpearNormal,0,0.20,E,1,0.40,D,1,0.00,-,0,0.60,C,1,0.60,C,1,STR|DEX|FAI|ARC,INT
16501100,Smithscript Spear,Night,Spear,SpearNormal,0,0.20,E,1,0.40,D,1,0.70,C,1,0.70,C,1,0.00,-,0,STR|DEX|INT|FAI,ARC
16500300,Smithscript Spear,Quality,Spear,SpearNormal,0,0.45,D,1,0.90,B,1,0.00,-,0,0.00,-,0,0.00,-,0,STR|DEX,INT|FAI|ARC
16501900,Smithscript Spear,Rotten,Spear,SpearNormal,0,0.20,E,1,0.40,D,1,0.00,-,0,0.60,C,1,0.60,C,1,STR|DEX|FAI|ARC,INT
16500000,Smithscript Spear,Standard,Spear,SpearNormal,0,0.35,D,1,0.75,C,1,0.00,-,0,0.00,-,0,0.00,-,0,STR|DEX,INT|FAI|ARC
16502000,Smithscript Spear,Storm,Spear,SpearNormal,0,0.20,E,1,0.40,D,1,0.70,C,1,0.70,C,1,0.00,-,0,STR|DEX|INT|FAI,ARC
30150000,Smoldering Shield,Standard,Small Shield,ShieldSmall,0,0.24,E,1,0.00,-,0,0.00,-,0,0.40,D,1,0.00,-,0,STR|FAI,DEX|INT|ARC
33310000,Snow Witch Staff,Standard,Staff,Staff,0,0.00,-,0,0.00,-,0,1.00,B,1,0.00,-,0,1.00,B,1,INT|ARC,STR|DEX|FAI
43000000,Soldier's Crossbow,Standard,Crossbow,ClossBow,0,0.75,C,1,0.75,C,1,0.00,-,0,0.00,-,0,0.00,-,0,STR|DEX,INT|FAI|ARC
16011700,Spear,Aberrant,Spear,SpearNormal,0,0.10,E,1,0.40,D,1,0.60,C,1,0.00,-,0,0.60,C,1,STR|DEX|INT|ARC,FAI
16011000,Spear,Bestial,Spear,SpearNormal,0,0.15,E,1,0.45,D,1,0.00,-,0,0.85,C,1,0.00,-,0,STR|DEX|FAI,INT|ARC
16011800,Spear,Bloodflame,Spear,SpearNormal,0,0.10,E,1,0.40,D,1,0.00,-,0,0.60,C,1,0.60,C,1,STR|DEX|FAI|ARC,INT
16011400,Spear,Death,Spear,SpearNormal,0,0.10,E,1,0.40,D,1,0.60,C,1,0.60,C,1,0.00,-,0,STR|DEX|INT|FAI,ARC
16010900,Spear,Draconic,Spear,SpearNormal,0,0.15,E,1,0.45,D,1,0.00,-,0,0.85,C,1,0.00,-,0,STR|DEX|FAI,INT|ARC
16010500,Spear,Dragonkin,Spear,SpearNormal,0,0.15,E,1,0.45,D,1,0.75,C,1,0.00,-,0,0.00,-,0,STR|DEX|INT,FAI|ARC
16010700,Spear,Flame,Spear,SpearNormal,0,0.15,E,1,0.45,D,1,0.00,-,0,0.75,C,1,0.00,-,0,STR|DEX|FAI,INT|ARC
16011300,Spear,Frenzy,Spear,SpearNormal,0,0.10,E,1,0.40,D,1,0.60,C,1,0.60,C,1,0.00,-,0,STR|DEX|INT|FAI,ARC
16011600,Spear,Frost,Spear,SpearNormal,0,0.10,E,1,0.40,D,1,0.60,C,1,0.00,-,0,0.60,C,1,STR|DEX|INT|ARC,FAI
16010400,Spear,Glint,Spear,SpearNormal,0,0.15,E,1,0.45,D,1,0.85,C,1,0.00,-,0,0.00,-,0,STR|DEX|INT,FAI|ARC
16011500,Spear,Godslayer,Spear,SpearNormal,0,0.10,E,1,0.40,D,1,0.60,C,1,0.60,C,1,0.00,-,0,STR|DEX|INT|FAI,ARC
16010800,Spear,Golden,Spear,SpearNormal,0,0.15,E,1,0.45,D,1,0.00,-,0,0.85,C,1,0.00,-,0,STR|DEX|FAI,INT|ARC
16010600,Spear,Gravity,Spear,SpearNormal,0,0.15,E,1,0.45,D,1,0.85,C,1,0.00,-,0,0.00,-,0,STR|DEX|INT,FAI|ARC
16010100,Spear,Heavy,Spear,SpearNormal,0,0.60,C,1,0.60,C,1,0.00,-,0,0.00,-,0,0.00,-,0,STR|DEX,INT|FAI|ARC
16010200,Spear,Keen,Spear,SpearNormal,0,0.05,E,1,1.20,B,1,0.00,-,0,0.00,-,0,0.00,-,0,STR|DEX,INT|FAI|ARC
16011200,Spear,Lava,Spear,SpearNormal,0,0.10,E,1,0.40,D,1,0.70,C,1,0.70,C,1,0.00,-,0,STR|DEX|INT|FAI,ARC
16012100,Spear,Mystic,Spear,SpearNormal,0,0.10,E,1,0.40,D,1,0.00,-,0,0.60,C,1,0.60,C,1,STR|DEX|FAI|ARC,INT
16011100,Spear,Night,Spear,SpearNormal,0,0.10,E,1,0.40,D,1,0.70,C,1,0.70,C,1,0.00,-,0,STR|DEX|INT|FAI,ARC
16010300,Spear,Quality,Spear,SpearNormal,0,0.35,D,1,0.90,B,1,0.00,-,0,0.00,-,0,0.00,-,0,STR|DEX,INT|FAI|ARC
16011900,Spear,Rotten,Spear,SpearNormal,0,0.10,E,1,0.40,D,1,0.00,-,0,0.60,C,1,0.60,C,1,STR|DEX|FAI|ARC,INT
16010000,Spear,Standard,Spear,SpearNormal,0,0.25,D,1,0.75,C,1,0.00,-,0,0.00,-,0,0.00,-,0,STR|DEX,INT|FAI|ARC
16012000,Spear,Storm,Spear,SpearNormal,0,0.10,E,1,0.40,D,1,0.70,C,1,0.70,C,1,0.00,-,0,STR|DEX|INT|FAI,ARC
16100000,Spear of Tranquility,Standard,Spear,SpearNormal,0,0.20,E,1,0.55,D,1,0.00,-,0,0.75,C,1,0.75,C,1,STR|DEX|FAI|ARC,INT
17080000,Spear of the Dreaming,Standard,Heavy Spear,SpearHeavy,0,0.45,D,1,0.50,D,1,0.00,-,0,0.90,B,1,0.90,B,1,STR|DEX|FAI|ARC,INT
17500000,Spear of the Impaler,Standard,Heavy Spear,SpearHeavy,0,0.50,D,1,1.00,B,1,0.00,-,0,1.00,B,1,0.00,-,0,STR|DEX|FAI,INT|ARC
21011700,Spiked Caestus,Aberrant,Fist,Knuckle,0,0.25,D,1,0.25,D,1,0.60,C,1,0.00,-,0,0.60,C,1,STR|DEX|INT|ARC,FAI
21011000,Spiked Caestus,Bestial,Fist,Knuckle,0,0.30,D,1,0.30,D,1,0.00,-,0,0.90,B,1,0.00,-,0,STR|DEX|FAI,INT|ARC
21011800,Spiked Caestus,Bloodflame,Fist,Knuckle,0,0.25,D,1,0.25,D,1,0.00,-,0,0.60,C,1,0.60,C,1,STR|DEX|FAI|ARC,INT
21011400,Spiked Caestus,Death,Fist,Knuckle,0,0.25,D,1,0.25,D,1,0.60,C,1,0.60,C,1,0.00,-,0,STR|DEX|INT|FAI,ARC
21010900,Spiked Caestus,Draconic,Fist,Knuckle,0,0.30,D,1,0.30,D,1,0.00,-,0,0.90,B,1,0.00,-,0,STR|DEX|FAI,INT|ARC
21010500,Spiked Caestus,Dragonkin,Fist,Knuckle,0,0.30,D,1,0.30,D,1,0.80,C,1,0.00,-,0,0.00,-,0,STR|DEX|INT,FAI|ARC
21010700,Spiked Caestus,Flame,Fist,Knuckle,0,0.30,D,1,0.30,D,1,0.00,-,0,0.80,C,1,0.00,-,0,STR|DEX|FAI,INT|ARC
21011300,Spiked Caestus,Frenzy,Fist,Knuckle,0,0.25,D,1,0.25,D,1,0.60,C,1,0.60,C,1,0.00,-,0,STR|DEX|INT|FAI,ARC
21011600,Spiked Caestus,Frost,Fist,Knuckle,0,0.25,D,1,0.25,D,1,0.60,C,1,0.00,-,0,0.60,C,1,STR|DEX|INT|ARC,FAI
21010400,Spiked Caestus,Glint,Fist,Knuckle,0,0.30,D,1,0.30,D,1,0.90,B,1,0.00,-,0,0.00,-,0,STR|DEX|INT,FAI|ARC
21011500,Spiked Caestus,Godslayer,Fist,Knuckle,0,0.25,D,1,0.25,D,1,0.60,C,1,0.60,C,1,0.00,-,0,STR|DEX|INT|FAI,ARC
21010800,Spiked Caestus,Golden,Fist,Knuckle,0,0.30,D,1,0.30,D,1,0.00,-,0,0.90,B,1,0.00,-,0,STR|DEX|FAI,INT|ARC
21010600,Spiked Caestus,Gravity,Fist,Knuckle,0,0.30,D,1,0.30,D,1,0.90,B,1,0.00,-,0,0.00,-,0,STR|DEX|INT,FAI|ARC
21010100,Spiked Caestus,Heavy,Fist,Knuckle,0,0.80,C,1,0.35,D,1,0.00,-,0,0.00,-,0,0.00,-,0,STR|DEX,INT|FAI|ARC
21010200,Spiked Caestus,Keen,Fist,Knuckle,0,0.35,D,1,0.80,C,1,0.00,-,0,0.00,-,0,0.00,-,0,STR|DEX,INT|FAI|ARC
21011200,Spiked Caestus,Lava,Fist,Knuckle,0,0.25,D,1,0.25,D,1,0.70,C,1,0.70,C,1,0.00,-,0,STR|DEX|INT|FAI,ARC
21012100,Spiked Caestus,Mystic,Fist,Knuckle,0,0.25,D,1,0.25,D,1,0.00,-,0,0.60,C,1,0.60,C,1,STR|DEX|FAI|ARC,INT
21011100,Spiked Caestus,Night,Fist,Knuckle,0,0.25,D,1,0.25,D,1,0.70,C,1,0.70,C,1,0.00,-,0,STR|DEX|INT|FAI,ARC
21010300,Spiked Caestus,Quality,Fist,Knuckle,0,0.75,C,1,0.75,C,1,0.00,-,0,0.00,-,0,0.00,-,0,STR|DEX,INT|FAI|ARC
21011900,Spiked Caestus,Rotten,Fist,Knuckle,0,0.25,D,1,0.25,D,1,0.00,-,0,0.60,C,1,0.60,C,1,STR|DEX|FAI|ARC,INT
21010000,Spiked Caestus,Standard,Fist,Knuckle,0,0.45,D,1,0.45,D,1,0.00,-,0,0.00,-,0,0.00,-,0,STR|DEX,INT|FAI|ARC
21012000,Spiked Caestus,Storm,Fist,Knuckle,0,0.25,D,1,0.25,D,1,0.70,C,1,0.70,C,1,0.00,-,0,STR|DEX|INT|FAI,ARC
11071700,Spiked Club,Aberrant,Hammer,HammerNormal,0,0.30,D,1,0.15,E,1,0.60,C,1,0.00,-,0,0.60,C,1,STR|DEX|INT|ARC,FAI
11071000,Spiked Club,Bestial,Hammer,HammerNormal,0,0.35,D,1,0.20,E,1,0.00,-,0,0.90,B,1,0.00,-,0,STR|DEX|FAI,INT|ARC
11071800,Spiked Club,Bloodflame,Hammer,HammerNormal,0,0.30,D,1,0.15,E,1,0.00,-,0,0.60,C,1,0.60,C,1,STR|DEX|FAI|ARC,INT
11071400,Spiked Club,Death,Hammer,HammerNormal,0,0.30,D,1,0.15,E,1,0.60,C,1,0.60,C,1,0.00,-,0,STR|DEX|INT|FAI,ARC
11070900,Spiked Club,Draconic,Hammer,HammerNormal,0,0.35,D,1,0.20,E,1,0.00,-,0,0.90,B,1,0.00,-,0,STR|DEX|FAI,INT|ARC
11070500,Spiked Club,Dragonkin,Hammer,HammerNormal,0,0.35,D,1,0.20,E,1,0.80,C,1,0.00,-,0,0.00,-,0,STR|DEX|INT,FAI|ARC
11070700,Spiked Club,Flame,Hammer,HammerNormal,0,0.35,D,1,0.20,E,1,0.00,-,0,0.80,C,1,0.00,-,0,STR|DEX|FAI,INT|ARC
11071300,Spiked Club,Frenzy,Hammer,HammerNormal,0,0.30,D,1,0.15,E,1,0.60,C,1,0.60,C,1,0.00,-,0,STR|DEX|INT|FAI,ARC
11071600,Spiked Club,Frost,Hammer,HammerNormal,0,0.30,D,1,0.15,E,1,0.60,C,1,0.00,-,0,0.60,C,1,STR|DEX|INT|ARC,FAI
11070400,Spiked Club,Glint,Hammer,HammerNormal,0,0.35,D,1,0.20,E,1,0.90,B,1,0.00,-,0,0.00,-,0,STR|DEX|INT,FAI|ARC
11071500,Spiked Club,Godslayer,Hammer,HammerNormal,0,0.30,D,1,0.15,E,1,0.60,C,1,0.60,C,1,0.00,-,0,STR|DEX|INT|FAI,ARC
11070800,Spiked Club,Golden,Hammer,HammerNormal,0,0.35,D,1,0.20,E,1,0.00,-,0,0.90,B,1,0.00,-,0,STR|DEX|FAI,INT|ARC
11070600,Spiked Club,Gravity,Hammer,HammerNormal,0,0.35,D,1,0.20,E,1,0.90,B,1,0.00,-,0,0.00,-,0,STR|DEX|INT,FAI|ARC
11070100,Spiked Club,Heavy,Hammer,HammerNormal,0,1.10,B,1,0.20,E,1,0.00,-,0,0.00,-,0,0.00,-,0,STR|DEX,INT|FAI|ARC
11070200,Spiked Club,Keen,Hammer,HammerNormal,0,0.55,D,1,0.60,C,1,0.00,-,0,0.00,-,0,0.00,-,0,STR|DEX,INT|FAI|ARC
11071200,Spiked Club,Lava,Hammer,HammerNormal,0,0.30,D,1,0.15,E,1,0.70,C,1,0.70,C,1,0.00,-,0,STR|DEX|INT|FAI,ARC
11072100,Spiked Club,Mystic,Hammer,HammerNormal,0,0.30,D,1,0.15,E,1,0.00,-,0,0.60,C,1,0.60,C,1,STR|DEX|FAI|ARC,INT
11071100,Spiked Club,Night,Hammer,HammerNormal,0,0.30,D,1,0.15,E,1,0.70,C,1,0.70,C,1,0.00,-,0,STR|DEX|INT|FAI,ARC
11070300,Spiked Club,Quality,Hammer,HammerNormal,0,0.85,C,1,0.40,D,1,0.00,-,0,0.00,-,0,0.00,-,0,STR|DEX,INT|FAI|ARC
11071900,Spiked Club,Rotten,Hammer,HammerNormal,0,0.30,D,1,0.15,E,1,0.00,-,0,0.60,C,1,0.60,C,1,STR|DEX|FAI|ARC,INT
11070000,Spiked Club,Standard,Hammer,HammerNormal,0,0.75,C,1,0.25,D,1,0.00,-,0,0.00,-,0,0.00,-,0,STR|DEX,INT|FAI|ARC
11072000,Spiked Club,Storm,Hammer,HammerNormal,0,0.30,D,1,0.15,E,1,0.70,C,1,0.70,C,1,0.00,-,0,STR|DEX|INT|FAI,ARC
32170000,Spiked Palisade Shield,Standard,Greatshield,ShieldLarge,0,0.50,D,1,0.00,-,0,0.00,-,0,0.00,-,0,0.00,-,0,STR,DEX|INT|FAI|ARC
16141700,Spiked Spear,Aberrant,Spear,SpearNormal,0,0.20,E,1,0.40,D,1,0.60,C,1,0.00,-,0,0.60,C,1,STR|DEX|INT|ARC,FAI
16141000,Spiked Spear,Bestial,Spear,SpearNormal,0,0.25,D,1,0.45,D,1,0.00,-,0,0.85,C,1,0.00,-,0,STR|DEX|FAI,INT|ARC
16141800,Spiked Spear,Bloodflame,Spear,SpearNormal,0,0.20,E,1,0.40,D,1,0.00,-,0,0.60,C,1,0.60,C,1,STR|DEX|FAI|ARC,INT
16141400,Spiked Spear,Death,Spear,SpearNormal,0,0.20,E,1,0.40,D,1,0.60,C,1,0.60,C,1,0.00,-,0,STR|DEX|INT|FAI,ARC
16140900,Spiked Spear,Draconic,Spear,SpearNormal,0,0.25,D,1,0.45,D,1,0.00,-,0,0.85,C,1,0.00,-,0,STR|DEX|FAI,INT|ARC
16140500,Spiked Spear,Dragonkin,Spear,SpearNormal,0,0.25,D,1,0.45,D,1,0.75,C,1,0.00,-,0,0.00,-,0,STR|DEX|INT,FAI|ARC
16140700,Spiked Spear,Flame,Spear,SpearNormal,0,0.25,D,1,0.45,D,1,0.00,-,0,0.75,C,1,0.00,-,0,STR|DEX|FAI,INT|ARC
16141300,Spiked Spear,Frenzy,Spear,SpearNormal,0,0.20,E,1,0.40,D,1,0.60,C,1,0.60,C,1,0.00,-,0,STR|DEX|INT|FAI,ARC
16141600,Spiked Spear,Frost,Spear,SpearNormal,0,0.20,E,1,0.40,D,1,0.60,C,1,0.00,-,0,0.60,C,1,STR|DEX|INT|ARC,FAI
16140400,Spiked Spear,Glint,Spear,SpearNormal,0,0.25,D,1,0.45,D,1,0.85,C,1,0.00,-,0,0.00,-,0,STR|DEX|INT,FAI|ARC
16141500,Spiked Spear,Godslayer,Spear,SpearNormal,0,0.20,E,1,0.40,D,1,0.60,C,1,0.60,C,1,0.00,-,0,STR|DEX|INT|FAI,ARC
16140800,Spiked Spear,Golden,Spear,SpearNormal,0,0.25,D,1,0.45,D,1,0.00,-,0,0.85,C,1,0.00,-,0,STR|DEX|FAI,INT|ARC
16140600,Spiked Spear,Gravity,Spear,SpearNormal,0,0.25,D,1,0.45,D,1,0.85,C,1,0.00,-,0,0.00,-,0,STR|DEX|INT,FAI|ARC
16140100,Spiked Spear,Heavy,Spear,SpearNormal,0,0.70,C,1,0.60,C,1,0.00,-,0,0.00,-,0,0.00,-,0,STR|DEX,INT|FAI|ARC
16140200,Spiked Spear,Keen,Spear,SpearNormal,0,0.15,E,1,1.20,B,1,0.00,-,0,0.00,-,0,0.00,-,0,STR|DEX,INT|FAI|ARC
16141200,Spiked Spear,Lava,Spear,SpearNormal,0,0.20,E,1,0.40,D,1,0.70,C,1,0.70,C,1,0.00,-,0,STR|DEX|INT|FAI,ARC
16142100,Spiked Spear,Mystic,Spear,SpearNormal,0,0.20,E,1,0.40,D,1,0.00,-,0,0.60,C,1,0.60,C,1,STR|DEX|FAI|ARC,INT
16141100,Spiked Spear,Night,Spear,SpearNormal,0,0.20,E,1,0.40,D,1,0.70,C,1,0.70,C,1,0.00,-,0,STR|DEX|INT|FAI,ARC
16140300,Spiked Spear,Quality,Spear,SpearNormal,0,0.45,D,1,0.90,B,1,0.00,-,0,0.00,-,0,0.00,-,0,STR|DEX,INT|FAI|ARC
16141900,Spiked Spear,Rotten,Spear,SpearNormal,0,0.20,E,1,0.40,D,1,0.00,-,0,0.60,C,1,0.60,C,1,STR|DEX|FAI|ARC,INT
16140000,Spiked Spear,Standard,Spear,SpearNormal,0,0.35,D,1,0.75,C,1,0.00,-,0,0.00,-,0,0.00,-,0,STR|DEX,INT|FAI|ARC
16142000,Spiked Spear,Storm,Spear,SpearNormal,0,0.20,E,1,0.40,D,1,0.70,C,1,0.70,C,1,0.00,-,0,STR|DEX|INT|FAI,ARC
30190000,Spiralhorn Shield,Standard,Small Shield,ShieldSmall,0,0.24,E,1,0.00,-,0,0.00,-,0,0.00,-,0,0.00,-,0,STR,DEX|INT|FAI|ARC
18500000,Spirit Glaive,Standard,Halberd,SpearAxe,0,0.75,C,1,0.55,D,1,0.75,C,1,0.75,C,1,0.00,-,0,STR|DEX|INT|FAI,ARC
7500000,Spirit Sword,Standard,Curved Sword,SaberNormal,0,0.10,E,1,0.60,C,1,0.85,C,1,0.85,C,1,0.00,-,0,STR|DEX|INT|FAI,ARC
34190000,Spiritshaper Seal,Standard,Seal,Talisman,0,0.00,-,0,0.00,-,0,0.00,-,0,1.00,B,1,1.00,B,1,FAI|ARC,STR|DEX|INT
43510000,Spread Crossbow,Standard,Crossbow,ClossBow,0,0.80,C,1,0.35,D,1,0.00,-,0,0.00,-,0,0.00,-,0,STR|DEX,INT|FAI|ARC
24040000,St. Trina's Torch,Standard,Torch,Torch,0,0.20,E,1,0.20,E,1,0.00,-,0,0.45,D,1,0.45,D,1,STR|DEX|FAI|ARC,INT
33320000,Staff of Briar,Standard,Staff,Staff,0,0.00,-,0,0.00,-,0,0.80,C,1,0.00,-,0,0.80,C,1,INT|ARC,STR|DEX|FAI
33280000,Staff of Loss,Standard,Staff,Staff,0,0.00,-,0,0.00,-,0,0.80,C,1,0.80,C,1,0.00,-,0,INT|FAI,STR|DEX|ARC
23070000,Staff of the Avatar,Standard,Colossal Weapon,AxhammerLarge,0,1.10,B,1,0.05,E,1,0.00,-,0,0.80,C,1,0.00,-,0,STR|DEX|FAI,INT|ARC
33510000,Staff of the Great Beyond,Standard,Staff,Staff,0,0.00,-,0,0.00,-,0,0.30,D,1,0.30,D,1,0.30,D,1,INT|FAI|ARC,STR|DEX
33260000,Staff of the Guilty,Standard,Staff,Staff,0,0.00,-,0,0.00,-,0,1.00,B,1,0.00,-,0,1.00,B,1,INT|ARC,STR|DEX|FAI
21081700,Star Fist,Aberrant,Fist,Knuckle,0,0.45,D,1,0.10,E,1,0.60,C,1,0.00,-,0,0.60,C,1,STR|DEX|INT|ARC,FAI
21081000,Star Fist,Bestial,Fist,Knuckle,0,0.50,D,1,0.15,E,1,0.00,-,0,0.90,B,1,0.00,-,0,STR|DEX|FAI,INT|ARC
21081800,Star Fist,Bloodflame,Fist,Knuckle,0,0.45,D,1,0.10,E,1,0.00,-,0,0.60,C,1,0.60,C,1,STR|DEX|FAI|ARC,INT
21081400,Star Fist,Death,Fist,Knuckle,0,0.45,D,1,0.10,E,1,0.60,C,1,0.60,C,1,0.00,-,0,STR|DEX|INT|FAI,ARC
21080900,Star Fist,Draconic,Fist,Knuckle,0,0.50,D,1,0.15,E,1,0.00,-,0,0.90,B,1,0.00,-,0,STR|DEX|FAI,INT|ARC
21080500,Star Fist,Dragonkin,Fist,Knuckle,0,0.50,D,1,0.15,E,1,0.80,C,1,0.00,-,0,0.00,-,0,STR|DEX|INT,FAI|ARC
21080700,Star Fist,Flame,Fist,Knuckle,0,0.50,D,1,0.15,E,1,0.00,-,0,0.80,C,1,0.00,-,0,STR|DEX|FAI,INT|ARC
21081300,Star Fist,Frenzy,Fist,Knuckle,0,0.45,D,1,0.10,E,1,0.60,C,1,0.60,C,1,0.00,-,0,STR|DEX|INT|FAI,ARC
21081600,Star Fist,Frost,Fist,Knuckle,0,0.45,D,1,0.10,E,1,0.60,C,1,0.00,-,0,0.60,C,1,STR|DEX|INT|ARC,FAI
21080400,Star Fist,Glint,Fist,Knuckle,0,0.50,D,1,0.15,E,1,0.90,B,1,0.00,-,0,0.00,-,0,STR|DEX|INT,FAI|ARC
21081500,Star Fist,Godslayer,Fist,Knuckle,0,0.45,D,1,0.10,E,1,0.60,C,1,0.60,C,1,0.00,-,0,STR|DEX|INT|FAI,ARC
21080800,Star Fist,Golden,Fist,Knuckle,0,0.50,D,1,0.15,E,1,0.00,-,0,0.90,B,1,0.00,-,0,STR|DEX|FAI,INT|ARC
21080600,Star Fist,Gravity,Fist,Knuckle,0,0.50,D,1,0.15,E,1,0.90,B,1,0.00,-,0,0.00,-,0,STR|DEX|INT,FAI|ARC
21080100,Star Fist,Heavy,Fist,Knuckle,0,0.90,B,1,0.30,D,1,0.00,-,0,0.00,-,0,0.00,-,0,STR|DEX,INT|FAI|ARC
21080200,Star Fist,Keen,Fist,Knuckle,0,0.45,D,1,0.75,C,1,0.00,-,0,0.00,-,0,0.00,-,0,STR|DEX,INT|FAI|ARC
21081200,Star Fist,Lava,Fist,Knuckle,0,0.45,D,1,0.10,E,1,0.70,C,1,0.70,C,1,0.00,-,0,STR|DEX|INT|FAI,ARC
21082100,Star Fist,Mystic,Fist,Knuckle,0,0.45,D,1,0.10,E,1,0.00,-,0,0.60,C,1,0.60,C,1,STR|DEX|FAI|ARC,INT
21081100,Star Fist,Night,Fist,Knuckle,0,0.45,D,1,0.10,E,1,0.70,C,1,0.70,C,1,0.00,-,0,STR|DEX|INT|FAI,ARC
21080300,Star Fist,Quality,Fist,Knuckle,0,0.85,C,1,0.70,C,1,0.00,-,0,0.00,-,0,0.00,-,0,STR|DEX,INT|FAI|ARC
21081900,Star Fist,Rotten,Fist,Knuckle,0,0.45,D,1,0.10,E,1,0.00,-,0,0.60,C,1,0.60,C,1,STR|DEX|FAI|ARC,INT
21080000,Star Fist,Standard,Fist,Knuckle,0,0.55,D,1,0.40,D,1,0.00,-,0,0.00,-,0,0.00,-,0,STR|DEX,INT|FAI|ARC
21082000,Star Fist,Storm,Fist,Knuckle,0,0.45,D,1,0.10,E,1,0.70,C,1,0.70,C,1,0.00,-,0,STR|DEX|INT|FAI,ARC
9050000,Star Shadow,Standard,Katana,katana,0,0.20,E,1,0.45,D,1,0.85,C,1,0.85,C,1,0.00,-,0,STR|DEX|INT|FAI,ARC
2520000,Star-Lined Sword,Standard,Katana,katana,0,0.40,D,1,0.95,B,1,1.15,B,1,0.00,-,0,0.00,-,0,STR|DEX|INT,FAI|ARC
18190000,Starcaller Mattock,Standard,Halberd,SpearAxe,0,0.65,C,1,0.15,E,1,0.95,B,1,0.00,-,0,0.00,-,0,STR|DEX|INT,FAI|ARC
4050000,Starscourge Greatsword,Standard,Colossal Sword,SwordGigantic,0,0.75,C,1,0.35,D,1,1.00,B,1,0.00,-,0,0.00,-,0,STR|DEX|INT,FAI|ARC
24020000,Steel-Wire Torch,Standard,Torch,Torch,0,0.35,D,1,0.65,C,1,0.00,-,0,0.00,-,0,0.00,-,0,STR|DEX,INT|FAI|ARC
22040000,Stone Claws,Standard,Claw,Claw,0,0.50,D,1,0.05,E,1,0.00,-,0,1.05,B,1,0.00,-,0,STR|DEX|FAI,INT|ARC
11141700,Stone Club,Aberrant,Hammer,HammerNormal,0,0.45,D,1,0.05,E,1,0.60,C,1,0.00,-,0,0.60,C,1,STR|DEX|INT|ARC,FAI
11141000,Stone Club,Bestial,Hammer,HammerNormal,0,0.50,D,1,0.10,E,1,0.00,-,0,0.90,B,1,0.00,-,0,STR|DEX|FAI,INT|ARC
11141800,Stone Club,Bloodflame,Hammer,HammerNormal,0,0.45,D,1,0.05,E,1,0.00,-,0,0.60,C,1,0.60,C,1,STR|DEX|FAI|ARC,INT
11141400,Stone Club,Death,Hammer,HammerNormal,0,0.45,D,1,0.05,E,1,0.60,C,1,0.60,C,1,0.00,-,0,STR|DEX|INT|FAI,ARC
11140900,Stone Club,Draconic,Hammer,HammerNormal,0,0.50,D,1,0.10,E,1,0.00,-,0,0.90,B,1,0.00,-,0,STR|DEX|FAI,INT|ARC
11140500,Stone Club,Dragonkin,Hammer,HammerNormal,0,0.50,D,1,0.10,E,1,0.80,C,1,0.00,-,0,0.00,-,0,STR|DEX|INT,FAI|ARC
11140700,Stone Club,Flame,Hammer,HammerNormal,0,0.50,D,1,0.10,E,1,0.00,-,0,0.80,C,1,0.00,-,0,STR|DEX|FAI,INT|ARC
11141300,Stone Club,Frenzy,Hammer,HammerNormal,0,0.45,D,1,0.05,E,1,0.60,C,1,0.60,C,1,0.00,-,0,STR|DEX|INT|FAI,ARC
11141600,Stone Club,Frost,Hammer,HammerNormal,0,0.45,D,1,0.05,E,1,0.60,C,1,0.00,-,0,0.60,C,1,STR|DEX|INT|ARC,FAI
11140400,Stone Club,Glint,Hammer,HammerNormal,0,0.50,D,1,0.10,E,1,0.90,B,1,0.00,-,0,0.00,-,0,STR|DEX|INT,FAI|ARC
11141500,Stone Club,Godslayer,Hammer,HammerNormal,0,0.45,D,1,0.05,E,1,0.60,C,1,0.60,C,1,0.00,-,0,STR|DEX|INT|FAI,ARC
11140800,Stone Club,Golden,Hammer,HammerNormal,0,0.50,D,1,0.10,E,1,0.00,-,0,0.90,B,1,0.00,-,0,STR|DEX|FAI,INT|ARC
11140600,Stone Club,Gravity,Hammer,HammerNormal,0,0.50,D,1,0.10,E,1,0.90,B,1,0.00,-,0,0.00,-,0,STR|DEX|INT,FAI|ARC
11140100,Stone Club,Heavy,Hammer,HammerNormal,0,1.30,B,1,0.10,E,1,0.00,-,0,0.00,-,0,0.00,-,0,STR|DEX,INT|FAI|ARC
11140200,Stone Club,Keen,Hammer,HammerNormal,0,0.70,C,1,0.55,D,1,0.00,-,0,0.00,-,0,0.00,-,0,STR|DEX,INT|FAI|ARC
11141200,Stone Club,Lava,Hammer,HammerNormal,0,0.45,D,1,0.05,E,1,0.70,C,1,0.70,C,1,0.00,-,0,STR|DEX|INT|FAI,ARC
11142100,Stone Club,Mystic,Hammer,HammerNormal,0,0.45,D,1,0.05,E,1,0.00,-,0,0.60,C,1,0.60,C,1,STR|DEX|FAI|ARC,INT
11141100,Stone Club,Night,Hammer,HammerNormal,0,0.45,D,1,0.05,E,1,0.70,C,1,0.70,C,1,0.00,-,0,STR|DEX|INT|FAI,ARC
11140300,Stone Club,Quality,Hammer,HammerNormal,0,1.00,B,1,0.35,D,1,0.00,-,0,0.00,-,0,0.00,-,0,STR|DEX,INT|FAI|ARC
11141900,Stone Club,Rotten,Hammer,HammerNormal,0,0.45,D,1,0.05,E,1,0.00,-,0,0.60,C,1,0.60,C,1,STR|DEX|FAI|ARC,INT
11140000,Stone Club,Standard,Hammer,HammerNormal,0,0.90,B,1,0.20,E,1,0.00,-,0,0.00,-,0,0.00,-,0,STR|DEX,INT|FAI|ARC
11142000,Stone Club,Storm,Hammer,HammerNormal,0,0.45,D,1,0.05,E,1,0.70,C,1,0.70,C,1,0.00,-,0,STR|DEX|INT|FAI,ARC
2540000,Stone-Sheathed Sword,Standard,Straight Sword,SwordNormal,0,1.25,B,1,0.35,D,1,0.00,-,0,0.00,-,0,0.00,-,0,STR|DEX,INT|FAI|ARC
33350000,Stormcaller Staff,Standard,Staff,Staff,0,0.00,-,0,0.00,-,0,0.80,C,1,0.80,C,1,0.00,-,0,INT|FAI,STR|DEX|ARC
1300000,Stormcaller's Dirk,Standard,Dagger,Dagger,0,0.05,E,1,0.30,D,1,0.75,C,1,0.75,C,1,0.00,-,0,STR|DEX|INT|FAI,ARC
14140000,Stormhawk Axe,Standard,Axe,AxeNormal,0,0.55,D,1,0.35,D,1,0.80,C,1,0.80,C,1,0.00,-,0,STR|DEX|INT|FAI,ARC
10020000,Sulien's Razors,Standard,Twinblade,SwordDoubleEdge,0,0.05,E,1,1.35,B,1,0.00,-,0,0.00,-,0,0.00,-,0,STR|DEX,INT|FAI|ARC
31050000,Sun Realm Shield,Standard,Medium Shield,ShieldNormal,0,0.40,D,1,0.00,-,0,0.00,-,0,0.00,-,0,0.00,-,0,STR,DEX|INT|FAI|ARC
1120000,Surgeon's Catlinger [bloodflame],Standard,Dagger,Dagger,0,0.05,E,1,0.40,D,1,0.00,-,0,0.60,C,1,0.60,C,1,STR|DEX|FAI|ARC,INT
16520000,Swift Spear,Standard,Spear,SpearNormal,0,0.45,D,1,1.20,B,1,0.00,-,0,0.00,-,0,0.00,-,0,STR|DEX,INT|FAI|ARC
3501700,Sword Lance,Aberrant,Heavy Thrusting Sword,RapierHeavy,0,0.10,E,1,0.15,E,1,0.60,C,1,0.00,-,0,0.60,C,1,STR|DEX|INT|ARC,FAI
3501000,Sword Lance,Bestial,Heavy Thrusting Sword,RapierHeavy,0,0.15,E,1,0.20,E,1,0.00,-,0,0.90,B,1,0.00,-,0,STR|DEX|FAI,INT|ARC
3501800,Sword Lance,Bloodflame,Heavy Thrusting Sword,RapierHeavy,0,0.10,E,1,0.15,E,1,0.00,-,0,0.60,C,1,0.60,C,1,STR|DEX|FAI|ARC,INT
3501400,Sword Lance,Death,Heavy Thrusting Sword,RapierHeavy,0,0.10,E,1,0.15,E,1,0.60,C,1,0.60,C,1,0.00,-,0,STR|DEX|INT|FAI,ARC
3500900,Sword Lance,Draconic,Heavy Thrusting Sword,RapierHeavy,0,0.15,E,1,0.20,E,1,0.00,-,0,0.90,B,1,0.00,-,0,STR|DEX|FAI,INT|ARC
3500500,Sword Lance,Dragonkin,Heavy Thrusting Sword,RapierHeavy,0,0.15,E,1,0.20,E,1,0.80,C,1,0.00,-,0,0.00,-,0,STR|DEX|INT,FAI|ARC
3500700,Sword Lance,Flame,Heavy Thrusting Sword,RapierHeavy,0,0.15,E,1,0.20,E,1,0.00,-,0,0.80,C,1,0.00,-,0,STR|DEX|FAI,INT|ARC
3501300,Sword Lance,Frenzy,Heavy Thrusting Sword,RapierHeavy,0,0.10,E,1,0.15,E,1,0.60,C,1,0.60,C,1,0.00,-,0,STR|DEX|INT|FAI,ARC
3501600,Sword Lance,Frost,Heavy Thrusting Sword,RapierHeavy,0,0.10,E,1,0.15,E,1,0.60,C,1,0.00,-,0,0.60,C,1,STR|DEX|INT|ARC,FAI
3500400,Sword Lance,Glint,Heavy Thrusting Sword,RapierHeavy,0,0.15,E,1,0.20,E,1,0.90,B,1,0.00,-,0,0.00,-,0,STR|DEX|INT,FAI|ARC
3501500,Sword Lance,Godslayer,Heavy Thrusting Sword,RapierHeavy,0,0.10,E,1,0.15,E,1,0.60,C,1,0.60,C,1,0.00,-,0,STR|DEX|INT|FAI,ARC
3500800,Sword Lance,Golden,Heavy Thrusting Sword,RapierHeavy,0,0.15,E,1,0.20,E,1,0.00,-,0,0.90,B,1,0.00,-,0,STR|DEX|FAI,INT|ARC
3500600,Sword Lance,Gravity,Heavy Thrusting Sword,RapierHeavy,0,0.15,E,1,0.20,E,1,0.90,B,1,0.00,-,0,0.00,-,0,STR|DEX|INT,FAI|ARC
3500100,Sword Lance,Heavy,Heavy Thrusting Sword,RapierHeavy,0,0.70,C,1,0.35,D,1,0.00,-,0,0.00,-,0,0.00,-,0,STR|DEX,INT|FAI|ARC
3500200,Sword Lance,Keen,Heavy Thrusting Sword,RapierHeavy,0,0.20,E,1,0.95,B,1,0.00,-,0,0.00,-,0,0.00,-,0,STR|DEX,INT|FAI|ARC
3501200,Sword Lance,Lava,Heavy Thrusting Sword,RapierHeavy,0,0.10,E,1,0.15,E,1,0.70,C,1,0.70,C,1,0.00,-,0,STR|DEX|INT|FAI,ARC
3502100,Sword Lance,Mystic,Heavy Thrusting Sword,RapierHeavy,0,0.10,E,1,0.15,E,1,0.00,-,0,0.60,C,1,0.60,C,1,STR|DEX|FAI|ARC,INT
3501100,Sword Lance,Night,Heavy Thrusting Sword,RapierHeavy,0,0.10,E,1,0.15,E,1,0.70,C,1,0.70,C,1,0.00,-,0,STR|DEX|INT|FAI,ARC
3500300,Sword Lance,Quality,Heavy Thrusting Sword,RapierHeavy,0,0.55,D,1,0.60,C,1,0.00,-,0,0.00,-,0,0.00,-,0,STR|DEX,INT|FAI|ARC
3501900,Sword Lance,Rotten,Heavy Thrusting Sword,RapierHeavy,0,0.10,E,1,0.15,E,1,0.00,-,0,0.60,C,1,0.60,C,1,STR|DEX|FAI|ARC,INT
3500000,Sword Lance,Standard,Heavy Thrusting Sword,RapierHeavy,0,0.40,D,1,0.50,D,1,0.00,-,0,0.00,-,0,0.00,-,0,STR|DEX,INT|FAI|ARC
3502000,Sword Lance,Storm,Heavy Thrusting Sword,RapierHeavy,0,0.10,E,1,0.15,E,1,0.70,C,1,0.70,C,1,0.00,-,0,STR|DEX|INT|FAI,ARC
2560000,Sword of Darkness,Standard,Straight Sword,SwordNormal,0,0.25,D,1,0.25,D,1,0.75,C,1,0.75,C,1,0.00,-,0,STR|DEX|INT|FAI,ARC
3230000,Sword of Hadea,Standard,Greatsword,SwordLarge,0,0.50,D,1,0.05,E,1,0.00,-,0,1.00,B,1,0.00,-,0,STR|DEX|FAI,INT|ARC
2550000,Sword of Light,Standard,Straight Sword,SwordNormal,0,0.25,D,1,0.25,D,1,0.00,-,0,1.00,B,1,0.00,-,0,STR|DEX|FAI,INT|ARC
3160000,Sword of Milos,Standard,Greatsword,SwordLarge,0,0.75,C,1,0.75,C,1,0.00,-,0,0.00,-,0,0.75,C,1,STR|DEX|ARC,INT|FAI
9500000,Sword of Night,Standard,Katana,katana,0,0.40,D,1,0.75,C,1,0.75,C,1,0.75,C,1,0.00,-,0,STR|DEX|INT|FAI,ARC
2140000,Sword of Night and Flame,Standard,Straight Sword,SwordNormal,0,0.60,C,1,0.20,E,1,0.60,C,1,0.60,C,1,0.00,-,0,STR|DEX|INT|FAI,ARC
2190000,Sword of St. Trina,Standard,Straight Sword,SwordNormal,0,0.18,E,1,0.17,E,1,0.00,-,0,0.65,C,1,0.65,C,1,STR|DEX|FAI|ARC,INT
67530000,Sword of the Cosmos,Standard,Light Greatsword,LightGreatsword,0,0.55,D,1,0.55,D,1,1.15,B,1,0.00,-,0,0.00,-,0,STR|DEX|INT,FAI|ARC
3120000,Sword of the Cyclops,Standard,Greatsword,SwordLarge,0,0.50,D,1,0.20,E,1,0.00,-,0,1.10,B,1,0.00,-,0,STR|DEX|FAI,INT|ARC
33340000,Tempestcaller Staff,Standard,Staff,Staff,0,0.00,-,0,0.00,-,0,1.00,B,1,1.00,B,1,0.00,-,0,INT|FAI,STR|DEX|ARC
21500000,Thiollier's Hidden Needle,Standard,Fist,Knuckle,0,0.20,E,1,0.75,C,1,0.00,-,0,0.75,C,1,0.75,C,1,STR|DEX|FAI|ARC,INT
5070000,Thorn of the Guilty,Standard,Thrusting Sword,SwordPierce,0,0.15,E,1,0.50,D,1,0.80,C,1,0.00,-,0,0.80,C,1,STR|DEX|INT|ARC,FAI
20021700,Thorned Whip,Aberrant,Whip,Whip,0,0.10,E,1,0.20,E,1,0.60,C,1,0.00,-,0,0.60,C,1,STR|DEX|INT|ARC,FAI
20021000,Thorned Whip,Bestial,Whip,Whip,0,0.15,E,1,0.30,D,1,0.00,-,0,0.85,C,1,0.00,-,0,STR|DEX|FAI,INT|ARC
20021800,Thorned Whip,Bloodflame,Whip,Whip,0,0.10,E,1,0.20,E,1,0.00,-,0,0.60,C,1,0.60,C,1,STR|DEX|FAI|ARC,INT
20021400,Thorned Whip,Death,Whip,Whip,0,0.10,E,1,0.20,E,1,0.60,C,1,0.60,C,1,0.00,-,0,STR|DEX|INT|FAI,ARC
20020900,Thorned Whip,Draconic,Whip,Whip,0,0.15,E,1,0.30,D,1,0.00,-,0,0.85,C,1,0.00,-,0,STR|DEX|FAI,INT|ARC
20020500,Thorned Whip,Dragonkin,Whip,Whip,0,0.15,E,1,0.30,D,1,0.75,C,1,0.00,-,0,0.00,-,0,STR|DEX|INT,FAI|ARC
20020700,Thorned Whip,Flame,Whip,Whip,0,0.15,E,1,0.30,D,1,0.00,-,0,0.75,C,1,0.00,-,0,STR|DEX|FAI,INT|ARC
20021300,Thorned Whip,Frenzy,Whip,Whip,0,0.10,E,1,0.20,E,1,0.60,C,1,0.60,C,1,0.00,-,0,STR|DEX|INT|FAI,ARC
20021600,Thorned Whip,Frost,Whip,Whip,0,0.10,E,1,0.20,E,1,0.60,C,1,0.00,-,0,0.60,C,1,STR|DEX|INT|ARC,FAI
20020400,Thorned Whip,Glint,Whip,Whip,0,0.15,E,1,0.30,D,1,0.85,C,1,0.00,-,0,0.00,-,0,STR|DEX|INT,FAI|ARC
20021500,Thorned Whip,Godslayer,Whip,Whip,0,0.10,E,1,0.20,E,1,0.60,C,1,0.60,C,1,0.00,-,0,STR|DEX|INT|FAI,ARC
20020800,Thorned Whip,Golden,Whip,Whip,0,0.15,E,1,0.30,D,1,0.00,-,0,0.85,C,1,0.00,-,0,STR|DEX|FAI,INT|ARC
20020600,Thorned Whip,Gravity,Whip,Whip,0,0.15,E,1,0.30,D,1,0.85,C,1,0.00,-,0,0.00,-,0,STR|DEX|INT,FAI|ARC
20020100,Thorned Whip,Heavy,Whip,Whip,0,0.55,D,1,0.55,D,1,0.00,-,0,0.00,-,0,0.00,-,0,STR|DEX,INT|FAI|ARC
20020200,Thorned Whip,Keen,Whip,Whip,0,0.10,E,1,1.15,B,1,0.00,-,0,0.00,-,0,0.00,-,0,STR|DEX,INT|FAI|ARC
20021200,Thorned Whip,Lava,Whip,Whip,0,0.10,E,1,0.20,E,1,0.70,C,1,0.70,C,1,0.00,-,0,STR|DEX|INT|FAI,ARC
20022100,Thorned Whip,Mystic,Whip,Whip,0,0.10,E,1,0.20,E,1,0.00,-,0,0.60,C,1,0.60,C,1,STR|DEX|FAI|ARC,INT
20021100,Thorned Whip,Night,Whip,Whip,0,0.10,E,1,0.20,E,1,0.70,C,1,0.70,C,1,0.00,-,0,STR|DEX|INT|FAI,ARC
20020300,Thorned Whip,Quality,Whip,Whip,0,0.50,D,1,0.75,C,1,0.00,-,0,0.00,-,0,0.00,-,0,STR|DEX,INT|FAI|ARC
20021900,Thorned Whip,Rotten,Whip,Whip,0,0.10,E,1,0.20,E,1,0.00,-,0,0.60,C,1,0.60,C,1,STR|DEX|FAI|ARC,INT
20020000,Thorned Whip,Standard,Whip,Whip,0,0.25,D,1,0.70,C,1,0.00,-,0,0.00,-,0,0.00,-,0,STR|DEX,INT|FAI|ARC
20022000,Thorned Whip,Storm,Whip,Whip,0,0.10,E,1,0.20,E,1,0.70,C,1,0.70,C,1,0.00,-,0,STR|DEX|INT|FAI,ARC
8090000,Three Finger Blade,Standard,Curved Greatsword,SaberLarge,0,0.45,D,1,0.60,C,1,0.75,C,1,0.75,C,1,0.00,-,0,STR|DEX|INT|FAI,ARC
20500000,Tooth Whip,Standard,Whip,Whip,0,0.25,D,1,1.10,B,1,0.00,-,0,0.00,-,0,0.00,-,0,STR|DEX,INT|FAI|ARC
24000000,Torch,Standard,Torch,Torch,0,0.50,D,1,0.35,D,1,0.00,-,0,0.00,-,0,0.00,-,0,STR|DEX,INT|FAI|ARC
16080000,Torchpole,Standard,Spear,SpearNormal,0,0.65,C,1,0.95,B,1,0.00,-,0,0.00,-,0,0.00,-,0,STR|DEX,INT|FAI|ARC
68550000,Transcendent Talons,Standard,Beast Claw,BeastClaw,0,0.55,D,1,0.35,D,1,1.00,B,1,0.00,-,0,0.00,-,0,STR|DEX|INT,FAI|ARC
17070000,Treespear,Standard,Heavy Spear,SpearHeavy,0,0.60,C,1,0.40,D,1,0.00,-,0,1.00,B,1,0.00,-,0,STR|DEX|FAI,INT|ARC
11190000,Tricia's Pomander - Fire,Standard,Hammer,HammerNormal,0,0.65,C,1,0.15,E,1,0.00,-,0,0.00,-,0,0.95,B,1,STR|DEX|ARC,INT|FAI
11193000,Tricia's Pomander - Frenzy,Standard,Hammer,HammerNormal,0,0.65,C,1,0.15,E,1,0.00,-,0,0.00,-,0,0.90,B,1,STR|DEX|ARC,INT|FAI
11192000,Tricia's Pomander - Frost,Standard,Hammer,HammerNormal,0,0.65,C,1,0.15,E,1,0.00,-,0,0.00,-,0,0.90,B,1,STR|DEX|ARC,INT|FAI
11191000,Tricia's Pomander - Lightning,Standard,Hammer,HammerNormal,0,0.65,C,1,0.15,E,1,0.00,-,0,0.00,-,0,1.00,B,1,STR|DEX|ARC,INT|FAI
4110000,Troll Knight's Sword,Standard,Colossal Sword,SwordGigantic,0,0.75,C,1,0.35,D,1,0.90,B,1,0.00,-,0,0.00,-,0,STR|DEX|INT,FAI|ARC
4031700,Troll's Golden Sword,Aberrant,Colossal Sword,SwordGigantic,0,0.45,D,1,0.30,D,1,0.60,C,1,0.00,-,0,0.60,C,1,STR|DEX|INT|ARC,FAI
4031000,Troll's Golden Sword,Bestial,Colossal Sword,SwordGigantic,0,0.50,D,1,0.35,D,1,0.00,-,0,0.90,B,1,0.00,-,0,STR|DEX|FAI,INT|ARC
4031800,Troll's Golden Sword,Bloodflame,Colossal Sword,SwordGigantic,0,0.45,D,1,0.30,D,1,0.00,-,0,0.60,C,1,0.60,C,1,STR|DEX|FAI|ARC,INT
4031400,Troll's Golden Sword,Death,Colossal Sword,SwordGigantic,0,0.45,D,1,0.30,D,1,0.60,C,1,0.60,C,1,0.00,-,0,STR|DEX|INT|FAI,ARC
4030900,Troll's Golden Sword,Draconic,Colossal Sword,SwordGigantic,0,0.50,D,1,0.35,D,1,0.00,-,0,0.90,B,1,0.00,-,0,STR|DEX|FAI,INT|ARC
4030500,Troll's Golden Sword,Dragonkin,Colossal Sword,SwordGigantic,0,0.50,D,1,0.35,D,1,0.80,C,1,0.00,-,0,0.00,-,0,STR|DEX|INT,FAI|ARC
4030700,Troll's Golden Sword,Flame,Colossal Sword,SwordGigantic,0,0.50,D,1,0.35,D,1,0.00,-,0,0.80,C,1,0.00,-,0,STR|DEX|FAI,INT|ARC
4031300,Troll's Golden Sword,Frenzy,Colossal Sword,SwordGigantic,0,0.45,D,1,0.30,D,1,0.60,C,1,0.60,C,1,0.00,-,0,STR|DEX|INT|FAI,ARC
4031600,Troll's Golden Sword,Frost,Colossal Sword,SwordGigantic,0,0.45,D,1,0.30,D,1,0.60,C,1,0.00,-,0,0.60,C,1,STR|DEX|INT|ARC,FAI
4030400,Troll's Golden Sword,Glint,Colossal Sword,SwordGigantic,0,0.50,D,1,0.35,D,1,0.90,B,1,0.00,-,0,0.00,-,0,STR|DEX|INT,FAI|ARC
4031500,Troll's Golden Sword,Godslayer,Colossal Sword,SwordGigantic,0,0.45,D,1,0.30,D,1,0.60,C,1,0.60,C,1,0.00,-,0,STR|DEX|INT|FAI,ARC
4030800,Troll's Golden Sword,Golden,Colossal Sword,SwordGigantic,0,0.50,D,1,0.35,D,1,0.00,-,0,0.90,B,1,0.00,-,0,STR|DEX|FAI,INT|ARC
4030600,Troll's Golden Sword,Gravity,Colossal Sword,SwordGigantic,0,0.50,D,1,0.35,D,1,0.90,B,1,0.00,-,0,0.00,-,0,STR|DEX|INT,FAI|ARC
4030100,Troll's Golden Sword,Heavy,Colossal Sword,SwordGigantic,0,1.10,B,1,0.35,D,1,0.00,-,0,0.00,-,0,0.00,-,0,STR|DEX,INT|FAI|ARC
4030200,Troll's Golden Sword,Keen,Colossal Sword,SwordGigantic,0,0.50,D,1,0.90,B,1,0.00,-,0,0.00,-,0,0.00,-,0,STR|DEX,INT|FAI|ARC
4031200,Troll's Golden Sword,Lava,Colossal Sword,SwordGigantic,0,0.45,D,1,0.30,D,1,0.70,C,1,0.70,C,1,0.00,-,0,STR|DEX|INT|FAI,ARC
4032100,Troll's Golden Sword,Mystic,Colossal Sword,SwordGigantic,0,0.45,D,1,0.30,D,1,0.00,-,0,0.60,C,1,0.60,C,1,STR|DEX|FAI|ARC,INT
4031100,Troll's Golden Sword,Night,Colossal Sword,SwordGigantic,0,0.45,D,1,0.30,D,1,0.70,C,1,0.70,C,1,0.00,-,0,STR|DEX|INT|FAI,ARC
4030300,Troll's Golden Sword,Quality,Colossal Sword,SwordGigantic,0,0.80,C,1,0.70,C,1,0.00,-,0,0.00,-,0,0.00,-,0,STR|DEX,INT|FAI|ARC
4031900,Troll's Golden Sword,Rotten,Colossal Sword,SwordGigantic,0,0.45,D,1,0.30,D,1,0.00,-,0,0.60,C,1,0.60,C,1,STR|DEX|FAI|ARC,INT
4030000,Troll's Golden Sword,Standard,Colossal Sword,SwordGigantic,0,0.85,C,1,0.35,D,1,0.00,-,0,0.00,-,0,0.00,-,0,STR|DEX,INT|FAI|ARC
4032000,Troll's Golden Sword,Storm,Colossal Sword,SwordGigantic,0,0.45,D,1,0.30,D,1,0.70,C,1,0.70,C,1,0.00,-,0,STR|DEX|INT|FAI,ARC
23130000,Troll's Hammer,Standard,Colossal Weapon,AxhammerLarge,0,1.00,B,1,0.05,E,1,0.00,-,0,0.90,B,1,0.00,-,0,STR|DEX|FAI,INT|ARC
31090000,Twinbird Kite Shield,Standard,Medium Shield,ShieldNormal,0,0.40,D,1,0.00,-,0,0.00,-,0,0.00,-,0,0.00,-,0,STR,DEX|INT|FAI|ARC
10001700,Twinblade,Aberrant,Twinblade,SwordDoubleEdge,0,0.25,D,1,0.40,D,1,0.65,C,1,0.00,-,0,0.65,C,1,STR|DEX|INT|ARC,FAI
10001000,Twinblade,Bestial,Twinblade,SwordDoubleEdge,0,0.30,D,1,0.50,D,1,0.00,-,0,0.95,B,1,0.00,-,0,STR|DEX|FAI,INT|ARC
10001800,Twinblade,Bloodflame,Twinblade,SwordDoubleEdge,0,0.25,D,1,0.40,D,1,0.00,-,0,0.65,C,1,0.65,C,1,STR|DEX|FAI|ARC,INT
10001400,Twinblade,Death,Twinblade,SwordDoubleEdge,0,0.25,D,1,0.40,D,1,0.65,C,1,0.65,C,1,0.00,-,0,STR|DEX|INT|FAI,ARC
10000900,Twinblade,Draconic,Twinblade,SwordDoubleEdge,0,0.30,D,1,0.50,D,1,0.00,-,0,0.95,B,1,0.00,-,0,STR|DEX|FAI,INT|ARC
10000500,Twinblade,Dragonkin,Twinblade,SwordDoubleEdge,0,0.30,D,1,0.50,D,1,0.85,C,1,0.00,-,0,0.00,-,0,STR|DEX|INT,FAI|ARC
10000700,Twinblade,Flame,Twinblade,SwordDoubleEdge,0,0.30,D,1,0.50,D,1,0.00,-,0,0.85,C,1,0.00,-,0,STR|DEX|FAI,INT|ARC
10001300,Twinblade,Frenzy,Twinblade,SwordDoubleEdge,0,0.25,D,1,0.40,D,1,0.65,C,1,0.65,C,1,0.00,-,0,STR|DEX|INT|FAI,ARC
10001600,Twinblade,Frost,Twinblade,SwordDoubleEdge,0,0.25,D,1,0.40,D,1,0.65,C,1,0.00,-,0,0.65,C,1,STR|DEX|INT|ARC,FAI
10000400,Twinblade,Glint,Twinblade,SwordDoubleEdge,0,0.30,D,1,0.50,D,1,0.95,B,1,0.00,-,0,0.00,-,0,STR|DEX|INT,FAI|ARC
10001500,Twinblade,Godslayer,Twinblade,SwordDoubleEdge,0,0.25,D,1,0.40,D,1,0.65,C,1,0.65,C,1,0.00,-,0,STR|DEX|INT|FAI,ARC
10000800,Twinblade,Golden,Twinblade,SwordDoubleEdge,0,0.30,D,1,0.50,D,1,0.00,-,0,0.95,B,1,0.00,-,0,STR|DEX|FAI,INT|ARC
10000600,Twinblade,Gravity,Twinblade,SwordDoubleEdge,0,0.30,D,1,0.50,D,1,0.95,B,1,0.00,-,0,0.00,-,0,STR|DEX|INT,FAI|ARC
10000100,Twinblade,Heavy,Twinblade,SwordDoubleEdge,0,0.75,C,1,0.60,C,1,0.00,-,0,0.00,-,0,0.00,-,0,STR|DEX,INT|FAI|ARC
10000200,Twinblade,Keen,Twinblade,SwordDoubleEdge,0,0.30,D,1,1.25,B,1,0.00,-,0,0.00,-,0,0.00,-,0,STR|DEX,INT|FAI|ARC
10001200,Twinblade,Lava,Twinblade,SwordDoubleEdge,0,0.25,D,1,0.40,D,1,0.75,C,1,0.75,C,1,0.00,-,0,STR|DEX|INT|FAI,ARC
10002100,Twinblade,Mystic,Twinblade,SwordDoubleEdge,0,0.25,D,1,0.40,D,1,0.00,-,0,0.65,C,1,0.65,C,1,STR|DEX|FAI|ARC,INT
10001100,Twinblade,Night,Twinblade,SwordDoubleEdge,0,0.25,D,1,0.40,D,1,0.75,C,1,0.75,C,1,0.00,-,0,STR|DEX|INT|FAI,ARC
10000300,Twinblade,Quality,Twinblade,SwordDoubleEdge,0,0.60,C,1,0.95,B,1,0.00,-,0,0.00,-,0,0.00,-,0,STR|DEX,INT|FAI|ARC
10001900,Twinblade,Rotten,Twinblade,SwordDoubleEdge,0,0.25,D,1,0.40,D,1,0.00,-,0,0.65,C,1,0.65,C,1,STR|DEX|FAI|ARC,INT
10000000,Twinblade,Standard,Twinblade,SwordDoubleEdge,0,0.40,D,1,0.80,C,1,0.00,-,0,0.00,-,0,0.00,-,0,STR|DEX,INT|FAI|ARC
10002000,Twinblade,Storm,Twinblade,SwordDoubleEdge,0,0.25,D,1,0.40,D,1,0.75,C,1,0.75,C,1,0.00,-,0,STR|DEX|INT|FAI,ARC
10031700,Twinned Knight Swords,Aberrant,Twinblade,SwordDoubleEdge,0,0.25,D,1,0.40,D,1,0.65,C,1,0.00,-,0,0.65,C,1,STR|DEX|INT|ARC,FAI
10031000,Twinned Knight Swords,Bestial,Twinblade,SwordDoubleEdge,0,0.30,D,1,0.50,D,1,0.00,-,0,0.95,B,1,0.00,-,0,STR|DEX|FAI,INT|ARC
10031800,Twinned Knight Swords,Bloodflame,Twinblade,SwordDoubleEdge,0,0.25,D,1,0.40,D,1,0.00,-,0,0.65,C,1,0.65,C,1,STR|DEX|FAI|ARC,INT
10031400,Twinned Knight Swords,Death,Twinblade,SwordDoubleEdge,0,0.25,D,1,0.40,D,1,0.65,C,1,0.65,C,1,0.00,-,0,STR|DEX|INT|FAI,ARC
10030900,Twinned Knight Swords,Draconic,Twinblade,SwordDoubleEdge,0,0.30,D,1,0.50,D,1,0.00,-,0,0.95,B,1,0.00,-,0,STR|DEX|FAI,INT|ARC
10030500,Twinned Knight Swords,Dragonkin,Twinblade,SwordDoubleEdge,0,0.30,D,1,0.50,D,1,0.85,C,1,0.00,-,0,0.00,-,0,STR|DEX|INT,FAI|ARC
10030700,Twinned Knight Swords,Flame,Twinblade,SwordDoubleEdge,0,0.30,D,1,0.50,D,1,0.00,-,0,0.85,C,1,0.00,-,0,STR|DEX|FAI,INT|ARC
10031300,Twinned Knight Swords,Frenzy,Twinblade,SwordDoubleEdge,0,0.25,D,1,0.40,D,1,0.65,C,1,0.65,C,1,0.00,-,0,STR|DEX|INT|FAI,ARC
10031600,Twinned Knight Swords,Frost,Twinblade,SwordDoubleEdge,0,0.25,D,1,0.40,D,1,0.65,C,1,0.00,-,0,0.65,C,1,STR|DEX|INT|ARC,FAI
10030400,Twinned Knight Swords,Glint,Twinblade,SwordDoubleEdge,0,0.30,D,1,0.50,D,1,0.95,B,1,0.00,-,0,0.00,-,0,STR|DEX|INT,FAI|ARC
10031500,Twinned Knight Swords,Godslayer,Twinblade,SwordDoubleEdge,0,0.25,D,1,0.40,D,1,0.65,C,1,0.65,C,1,0.00,-,0,STR|DEX|INT|FAI,ARC
10030800,Twinned Knight Swords,Golden,Twinblade,SwordDoubleEdge,0,0.30,D,1,0.50,D,1,0.00,-,0,0.95,B,1,0.00,-,0,STR|DEX|FAI,INT|ARC
10030600,Twinned Knight Swords,Gravity,Twinblade,SwordDoubleEdge,0,0.30,D,1,0.50,D,1,0.95,B,1,0.00,-,0,0.00,-,0,STR|DEX|INT,FAI|ARC
10030100,Twinned Knight Swords,Heavy,Twinblade,SwordDoubleEdge,0,0.75,C,1,0.60,C,1,0.00,-,0,0.00,-,0,0.00,-,0,STR|DEX,INT|FAI|ARC
10030200,Twinned Knight Swords,Keen,Twinblade,SwordDoubleEdge,0,0.30,D,1,1.25,B,1,0.00,-,0,0.00,-,0,0.00,-,0,STR|DEX,INT|FAI|ARC
10031200,Twinned Knight Swords,Lava,Twinblade,SwordDoubleEdge,0,0.25,D,1,0.40,D,1,0.75,C,1,0.75,C,1,0.00,-,0,STR|DEX|INT|FAI,ARC
10032100,Twinned Knight Swords,Mystic,Twinblade,SwordDoubleEdge,0,0.25,D,1,0.40,D,1,0.00,-,0,0.65,C,1,0.65,C,1,STR|DEX|FAI|ARC,INT
10031100,Twinned Knight Swords,Night,Twinblade,SwordDoubleEdge,0,0.25,D,1,0.40,D,1,0.75,C,1,0.75,C,1,0.00,-,0,STR|DEX|INT|FAI,ARC
10030300,Twinned Knight Swords,Quality,Twinblade,SwordDoubleEdge,0,0.60,C,1,0.95,B,1,0.00,-,0,0.00,-,0,0.00,-,0,STR|DEX,INT|FAI|ARC
10031900,Twinned Knight Swords,Rotten,Twinblade,SwordDoubleEdge,0,0.25,D,1,0.40,D,1,0.00,-,0,0.65,C,1,0.65,C,1,STR|DEX|FAI|ARC,INT
10030000,Twinned Knight Swords,Standard,Twinblade,SwordDoubleEdge,0,0.40,D,1,0.80,C,1,0.00,-,0,0.00,-,0,0.00,-,0,STR|DEX,INT|FAI|ARC
10032000,Twinned Knight Swords,Storm,Twinblade,SwordDoubleEdge,0,0.25,D,1,0.40,D,1,0.75,C,1,0.75,C,1,0.00,-,0,STR|DEX|INT|FAI,ARC
9001700,Uchigatana,Aberrant,Katana,katana,0,0.20,E,1,0.40,D,1,0.60,C,1,0.00,-,0,0.60,C,1,STR|DEX|INT|ARC,FAI
9001000,Uchigatana,Bestial,Katana,katana,0,0.25,D,1,0.45,D,1,0.00,-,0,0.90,B,1,0.00,-,0,STR|DEX|FAI,INT|ARC
9001800,Uchigatana,Bloodflame,Katana,katana,0,0.20,E,1,0.40,D,1,0.00,-,0,0.60,C,1,0.60,C,1,STR|DEX|FAI|ARC,INT
9001400,Uchigatana,Death,Katana,katana,0,0.20,E,1,0.40,D,1,0.60,C,1,0.60,C,1,0.00,-,0,STR|DEX|INT|FAI,ARC
9000900,Uchigatana,Draconic,Katana,katana,0,0.25,D,1,0.45,D,1,0.00,-,0,0.90,B,1,0.00,-,0,STR|DEX|FAI,INT|ARC
9000500,Uchigatana,Dragonkin,Katana,katana,0,0.25,D,1,0.45,D,1,0.80,C,1,0.00,-,0,0.00,-,0,STR|DEX|INT,FAI|ARC
9000700,Uchigatana,Flame,Katana,katana,0,0.25,D,1,0.45,D,1,0.00,-,0,0.80,C,1,0.00,-,0,STR|DEX|FAI,INT|ARC
9001300,Uchigatana,Frenzy,Katana,katana,0,0.20,E,1,0.40,D,1,0.60,C,1,0.60,C,1,0.00,-,0,STR|DEX|INT|FAI,ARC
9001600,Uchigatana,Frost,Katana,katana,0,0.20,E,1,0.40,D,1,0.60,C,1,0.00,-,0,0.60,C,1,STR|DEX|INT|ARC,FAI
9000400,Uchigatana,Glint,Katana,katana,0,0.25,D,1,0.45,D,1,0.90,B,1,0.00,-,0,0.00,-,0,STR|DEX|INT,FAI|ARC
9001500,Uchigatana,Godslayer,Katana,katana,0,0.20,E,1,0.40,D,1,0.60,C,1,0.60,C,1,0.00,-,0,STR|DEX|INT|FAI,ARC
9000800,Uchigatana,Golden,Katana,katana,0,0.25,D,1,0.45,D,1,0.00,-,0,0.90,B,1,0.00,-,0,STR|DEX|FAI,INT|ARC
9000600,Uchigatana,Gravity,Katana,katana,0,0.25,D,1,0.45,D,1,0.90,B,1,0.00,-,0,0.00,-,0,STR|DEX|INT,FAI|ARC
9000100,Uchigatana,Heavy,Katana,katana,0,0.75,C,1,0.40,D,1,0.00,-,0,0.00,-,0,0.00,-,0,STR|DEX,INT|FAI|ARC
9000200,Uchigatana,Keen,Katana,katana,0,0.45,D,1,1.00,B,1,0.00,-,0,0.00,-,0,0.00,-,0,STR|DEX,INT|FAI|ARC
9001200,Uchigatana,Lava,Katana,katana,0,0.20,E,1,0.40,D,1,0.70,C,1,0.70,C,1,0.00,-,0,STR|DEX|INT|FAI,ARC
9002100,Uchigatana,Mystic,Katana,katana,0,0.20,E,1,0.40,D,1,0.00,-,0,0.60,C,1,0.60,C,1,STR|DEX|FAI|ARC,INT
9001100,Uchigatana,Night,Katana,katana,0,0.20,E,1,0.40,D,1,0.70,C,1,0.70,C,1,0.00,-,0,STR|DEX|INT|FAI,ARC
9000300,Uchigatana,Quality,Katana,katana,0,0.60,C,1,0.80,C,1,0.00,-,0,0.00,-,0,0.00,-,0,STR|DEX,INT|FAI|ARC
9001900,Uchigatana,Rotten,Katana,katana,0,0.20,E,1,0.40,D,1,0.00,-,0,0.60,C,1,0.60,C,1,STR|DEX|FAI|ARC,INT
9000000,Uchigatana,Standard,Katana,katana,0,0.40,D,1,0.70,C,1,0.00,-,0,0.00,-,0,0.00,-,0,STR|DEX,INT|FAI|ARC
9002000,Uchigatana,Storm,Katana,katana,0,0.20,E,1,0.40,D,1,0.70,C,1,0.70,C,1,0.00,-,0,STR|DEX|INT|FAI,ARC
12030000,Underworld Greatmace,Standard,Great Hammer,HammerLarge,0,0.65,C,1,0.10,E,1,1.10,B,1,0.00,-,0,0.00,-,0,STR|DEX|INT,FAI|ARC
20071700,Urumi,Aberrant,Whip,Whip,0,0.10,E,1,0.30,D,1,0.60,C,1,0.00,-,0,0.60,C,1,STR|DEX|INT|ARC,FAI
20071000,Urumi,Bestial,Whip,Whip,0,0.15,E,1,0.40,D,1,0.00,-,0,0.85,C,1,0.00,-,0,STR|DEX|FAI,INT|ARC
20071800,Urumi,Bloodflame,Whip,Whip,0,0.10,E,1,0.30,D,1,0.00,-,0,0.60,C,1,0.60,C,1,STR|DEX|FAI|ARC,INT
20071400,Urumi,Death,Whip,Whip,0,0.10,E,1,0.30,D,1,0.60,C,1,0.60,C,1,0.00,-,0,STR|DEX|INT|FAI,ARC
20070900,Urumi,Draconic,Whip,Whip,0,0.15,E,1,0.40,D,1,0.00,-,0,0.85,C,1,0.00,-,0,STR|DEX|FAI,INT|ARC
20070500,Urumi,Dragonkin,Whip,Whip,0,0.15,E,1,0.40,D,1,0.75,C,1,0.00,-,0,0.00,-,0,STR|DEX|INT,FAI|ARC
20070700,Urumi,Flame,Whip,Whip,0,0.15,E,1,0.40,D,1,0.00,-,0,0.75,C,1,0.00,-,0,STR|DEX|FAI,INT|ARC
20071300,Urumi,Frenzy,Whip,Whip,0,0.10,E,1,0.30,D,1,0.60,C,1,0.60,C,1,0.00,-,0,STR|DEX|INT|FAI,ARC
20071600,Urumi,Frost,Whip,Whip,0,0.10,E,1,0.30,D,1,0.60,C,1,0.00,-,0,0.60,C,1,STR|DEX|INT|ARC,FAI
20070400,Urumi,Glint,Whip,Whip,0,0.15,E,1,0.40,D,1,0.85,C,1,0.00,-,0,0.00,-,0,STR|DEX|INT,FAI|ARC
20071500,Urumi,Godslayer,Whip,Whip,0,0.10,E,1,0.30,D,1,0.60,C,1,0.60,C,1,0.00,-,0,STR|DEX|INT|FAI,ARC
20070800,Urumi,Golden,Whip,Whip,0,0.15,E,1,0.40,D,1,0.00,-,0,0.85,C,1,0.00,-,0,STR|DEX|FAI,INT|ARC
20070600,Urumi,Gravity,Whip,Whip,0,0.15,E,1,0.40,D,1,0.85,C,1,0.00,-,0,0.00,-,0,STR|DEX|INT,FAI|ARC
20070100,Urumi,Heavy,Whip,Whip,0,0.55,D,1,0.65,C,1,0.00,-,0,0.00,-,0,0.00,-,0,STR|DEX,INT|FAI|ARC
20070200,Urumi,Keen,Whip,Whip,0,0.10,E,1,1.25,B,1,0.00,-,0,0.00,-,0,0.00,-,0,STR|DEX,INT|FAI|ARC
20071200,Urumi,Lava,Whip,Whip,0,0.10,E,1,0.30,D,1,0.70,C,1,0.70,C,1,0.00,-,0,STR|DEX|INT|FAI,ARC
20072100,Urumi,Mystic,Whip,Whip,0,0.10,E,1,0.30,D,1,0.00,-,0,0.60,C,1,0.60,C,1,STR|DEX|FAI|ARC,INT
20071100,Urumi,Night,Whip,Whip,0,0.10,E,1,0.30,D,1,0.70,C,1,0.70,C,1,0.00,-,0,STR|DEX|INT|FAI,ARC
20070300,Urumi,Quality,Whip,Whip,0,0.50,D,1,0.85,C,1,0.00,-,0,0.00,-,0,0.00,-,0,STR|DEX,INT|FAI|ARC
20071900,Urumi,Rotten,Whip,Whip,0,0.10,E,1,0.30,D,1,0.00,-,0,0.60,C,1,0.60,C,1,STR|DEX|FAI|ARC,INT
20070000,Urumi,Standard,Whip,Whip,0,0.25,D,1,0.80,C,1,0.00,-,0,0.00,-,0,0.00,-,0,STR|DEX,INT|FAI|ARC
20072000,Urumi,Storm,Whip,Whip,0,0.10,E,1,0.30,D,1,0.70,C,1,0.70,C,1,0.00,-,0,STR|DEX|INT|FAI,ARC
11060000,Varre's Bouquet,Standard,Hammer,HammerNormal,0,0.55,D,1,0.05,E,1,0.00,-,0,0.60,C,1,0.60,C,1,STR|DEX|FAI|ARC,INT
2510000,Velvet Sword of St. Trina,Standard,Thrusting Sword,SwordPierce,0,0.20,E,1,0.55,D,1,0.00,-,0,0.75,C,1,0.75,C,1,STR|DEX|FAI|ARC,INT
22011700,Venomous Fang,Aberrant,Claw,Claw,0,0.15,E,1,0.20,E,1,0.60,C,1,0.00,-,0,0.60,C,1,STR|DEX|INT|ARC,FAI
22011000,Venomous Fang,Bestial,Claw,Claw,0,0.20,E,1,0.25,D,1,0.00,-,0,0.90,B,1,0.00,-,0,STR|DEX|FAI,INT|ARC
22011800,Venomous Fang,Bloodflame,Claw,Claw,0,0.15,E,1,0.20,E,1,0.00,-,0,0.60,C,1,0.60,C,1,STR|DEX|FAI|ARC,INT
22011400,Venomous Fang,Death,Claw,Claw,0,0.15,E,1,0.20,E,1,0.60,C,1,0.60,C,1,0.00,-,0,STR|DEX|INT|FAI,ARC
22010900,Venomous Fang,Draconic,Claw,Claw,0,0.20,E,1,0.25,D,1,0.00,-,0,0.90,B,1,0.00,-,0,STR|DEX|FAI,INT|ARC
22010500,Venomous Fang,Dragonkin,Claw,Claw,0,0.20,E,1,0.25,D,1,0.80,C,1,0.00,-,0,0.00,-,0,STR|DEX|INT,FAI|ARC
22010700,Venomous Fang,Flame,Claw,Claw,0,0.20,E,1,0.25,D,1,0.00,-,0,0.80,C,1,0.00,-,0,STR|DEX|FAI,INT|ARC
22011300,Venomous Fang,Frenzy,Claw,Claw,0,0.15,E,1,0.20,E,1,0.60,C,1,0.60,C,1,0.00,-,0,STR|DEX|INT|FAI,ARC
22011600,Venomous Fang,Frost,Claw,Claw,0,0.15,E,1,0.20,E,1,0.60,C,1,0.00,-,0,0.60,C,1,STR|DEX|INT|ARC,FAI
22010400,Venomous Fang,Glint,Claw,Claw,0,0.20,E,1,0.25,D,1,0.90,B,1,0.00,-,0,0.00,-,0,STR|DEX|INT,FAI|ARC
22011500,Venomous Fang,Godslayer,Claw,Claw,0,0.15,E,1,0.20,E,1,0.60,C,1,0.60,C,1,0.00,-,0,STR|DEX|INT|FAI,ARC
22010800,Venomous Fang,Golden,Claw,Claw,0,0.20,E,1,0.25,D,1,0.00,-,0,0.90,B,1,0.00,-,0,STR|DEX|FAI,INT|ARC
22010600,Venomous Fang,Gravity,Claw,Claw,0,0.20,E,1,0.25,D,1,0.90,B,1,0.00,-,0,0.00,-,0,STR|DEX|INT,FAI|ARC
22010100,Venomous Fang,Heavy,Claw,Claw,0,0.70,C,1,0.50,D,1,0.00,-,0,0.00,-,0,0.00,-,0,STR|DEX,INT|FAI|ARC
22010200,Venomous Fang,Keen,Claw,Claw,0,0.30,D,1,1.00,B,1,0.00,-,0,0.00,-,0,0.00,-,0,STR|DEX,INT|FAI|ARC
22011200,Venomous Fang,Lava,Claw,Claw,0,0.15,E,1,0.20,E,1,0.70,C,1,0.70,C,1,0.00,-,0,STR|DEX|INT|FAI,ARC
22012100,Venomous Fang,Mystic,Claw,Claw,0,0.15,E,1,0.20,E,1,0.00,-,0,0.60,C,1,0.60,C,1,STR|DEX|FAI|ARC,INT
22011100,Venomous Fang,Night,Claw,Claw,0,0.15,E,1,0.20,E,1,0.70,C,1,0.70,C,1,0.00,-,0,STR|DEX|INT|FAI,ARC
22010300,Venomous Fang,Quality,Claw,Claw,0,0.60,C,1,0.70,C,1,0.00,-,0,0.00,-,0,0.00,-,0,STR|DEX,INT|FAI|ARC
22011900,Venomous Fang,Rotten,Claw,Claw,0,0.15,E,1,0.20,E,1,0.00,-,0,0.60,C,1,0.60,C,1,STR|DEX|FAI|ARC,INT
22010000,Venomous Fang,Standard,Claw,Claw,0,0.40,D,1,0.60,C,1,0.00,-,0,0.00,-,0,0.00,-,0,STR|DEX,INT|FAI|ARC
22012000,Venomous Fang,Storm,Claw,Claw,0,0.15,E,1,0.20,E,1,0.70,C,1,0.70,C,1,0.00,-,0,STR|DEX|INT|FAI,ARC
32520000,Verdigris Greatshield,Standard,Greatshield,ShieldLarge,10000,0.50,D,1,0.00,-,0,0.00,-,0,0.00,-,0,0.00,-,0,STR,DEX|INT|FAI|ARC
21120000,Veteran's Prosthesis,Standard,Fist,Knuckle,0,0.55,D,1,0.55,D,1,0.00,-,0,1.10,B,1,0.00,-,0,STR|DEX|FAI,INT|ARC
32160000,Visage Shield,Standard,Greatshield,ShieldLarge,0,0.50,D,1,0.00,-,0,0.00,-,0,0.00,-,0,0.00,-,0,STR,DEX|INT|FAI|ARC
18070000,Vulgar Militia Saw,Standard,Halberd,SpearAxe,0,0.40,D,1,0.60,C,1,0.00,-,0,1.00,B,1,0.00,-,0,STR|DEX|FAI,INT|ARC
18130000,Vulgar Militia Shotel,Standard,Halberd,SpearAxe,0,0.45,D,1,0.55,D,1,0.00,-,0,1.00,B,1,0.00,-,0,STR|DEX|FAI,INT|ARC
17050000,Vyke's War Spear,Standard,Heavy Spear,SpearHeavy,0,0.75,C,1,0.25,D,1,0.75,C,1,0.75,C,1,0.00,-,0,STR|DEX|INT|FAI,ARC
1101700,Wakizashi,Aberrant,Dagger,Dagger,0,0.05,E,1,0.40,D,1,0.60,C,1,0.00,-,0,0.60,C,1,STR|DEX|INT|ARC,FAI
1101000,Wakizashi,Bestial,Dagger,Dagger,0,0.10,E,1,0.40,D,1,0.00,-,0,0.95,B,1,0.00,-,0,STR|DEX|FAI,INT|ARC
1101800,Wakizashi,Bloodflame,Dagger,Dagger,0,0.05,E,1,0.40,D,1,0.00,-,0,0.60,C,1,0.60,C,1,STR|DEX|FAI|ARC,INT
1101400,Wakizashi,Death,Dagger,Dagger,0,0.05,E,1,0.40,D,1,0.60,C,1,0.60,C,1,0.00,-,0,STR|DEX|INT|FAI,ARC
1100900,Wakizashi,Draconic,Dagger,Dagger,0,0.10,E,1,0.40,D,1,0.00,-,0,0.95,B,1,0.00,-,0,STR|DEX|FAI,INT|ARC
1100500,Wakizashi,Dragonkin,Dagger,Dagger,0,0.10,E,1,0.40,D,1,0.85,C,1,0.00,-,0,0.00,-,0,STR|DEX|INT,FAI|ARC
1100700,Wakizashi,Flame,Dagger,Dagger,0,0.10,E,1,0.40,D,1,0.00,-,0,0.85,C,1,0.00,-,0,STR|DEX|FAI,INT|ARC
1101300,Wakizashi,Frenzy,Dagger,Dagger,0,0.05,E,1,0.40,D,1,0.60,C,1,0.60,C,1,0.00,-,0,STR|DEX|INT|FAI,ARC
1101600,Wakizashi,Frost,Dagger,Dagger,0,0.05,E,1,0.40,D,1,0.60,C,1,0.00,-,0,0.60,C,1,STR|DEX|INT|ARC,FAI
1100400,Wakizashi,Glint,Dagger,Dagger,0,0.10,E,1,0.40,D,1,0.95,B,1,0.00,-,0,0.00,-,0,STR|DEX|INT,FAI|ARC
1101500,Wakizashi,Godslayer,Dagger,Dagger,0,0.05,E,1,0.40,D,1,0.60,C,1,0.60,C,1,0.00,-,0,STR|DEX|INT|FAI,ARC
1100800,Wakizashi,Golden,Dagger,Dagger,0,0.10,E,1,0.40,D,1,0.00,-,0,0.95,B,1,0.00,-,0,STR|DEX|FAI,INT|ARC
1100600,Wakizashi,Gravity,Dagger,Dagger,0,0.10,E,1,0.40,D,1,0.95,B,1,0.00,-,0,0.00,-,0,STR|DEX|INT,FAI|ARC
1100100,Wakizashi,Heavy,Dagger,Dagger,0,0.65,C,1,0.50,D,1,0.00,-,0,0.00,-,0,0.00,-,0,STR|DEX,INT|FAI|ARC
1100200,Wakizashi,Keen,Dagger,Dagger,0,0.10,E,1,1.15,B,1,0.00,-,0,0.00,-,0,0.00,-,0,STR|DEX,INT|FAI|ARC
1101200,Wakizashi,Lava,Dagger,Dagger,0,0.05,E,1,0.40,D,1,0.70,C,1,0.70,C,1,0.00,-,0,STR|DEX|INT|FAI,ARC
1102100,Wakizashi,Mystic,Dagger,Dagger,0,0.05,E,1,0.40,D,1,0.00,-,0,0.60,C,1,0.60,C,1,STR|DEX|FAI|ARC,INT
1101100,Wakizashi,Night,Dagger,Dagger,0,0.05,E,1,0.40,D,1,0.70,C,1,0.70,C,1,0.00,-,0,STR|DEX|INT|FAI,ARC
1100300,Wakizashi,Quality,Dagger,Dagger,0,0.45,D,1,0.70,C,1,0.00,-,0,0.00,-,0,0.00,-,0,STR|DEX,INT|FAI|ARC
1101900,Wakizashi,Rotten,Dagger,Dagger,0,0.05,E,1,0.40,D,1,0.00,-,0,0.60,C,1,0.60,C,1,STR|DEX|FAI|ARC,INT
1100000,Wakizashi,Standard,Dagger,Dagger,0,0.35,D,1,0.65,C,1,0.00,-,0,0.00,-,0,0.00,-,0,STR|DEX,INT|FAI|ARC
1102000,Wakizashi,Storm,Dagger,Dagger,0,0.05,E,1,0.40,D,1,0.70,C,1,0.70,C,1,0.00,-,0,STR|DEX|INT|FAI,ARC
19040000,War Scythe [Heavy],Standard,Scythe,Sickle,0,1.10,B,1,0.60,C,1,0.00,-,0,0.00,-,0,0.00,-,0,STR|DEX,INT|FAI|ARC
34160000,War Surgeon's Seal,Standard,Seal,Talisman,0,0.00,-,0,0.00,-,0,0.00,-,0,0.80,C,1,0.80,C,1,FAI|ARC,STR|DEX|INT
2241700,Warhawk's Talon,Aberrant,Straight Sword,SwordNormal,0,0.25,D,1,0.40,D,1,0.60,C,1,0.00,-,0,0.60,C,1,STR|DEX|INT|ARC,FAI
2241000,Warhawk's Talon,Bestial,Straight Sword,SwordNormal,0,0.30,D,1,0.45,D,1,0.00,-,0,0.90,B,1,0.00,-,0,STR|DEX|FAI,INT|ARC
2241800,Warhawk's Talon,Bloodflame,Straight Sword,SwordNormal,0,0.70,C,1,0.40,D,1,0.00,-,0,0.60,C,1,0.60,C,1,STR|DEX|FAI|ARC,INT
2241400,Warhawk's Talon,Death,Straight Sword,SwordNormal,0,0.25,D,1,0.40,D,1,0.60,C,1,0.60,C,1,0.00,-,0,STR|DEX|INT|FAI,ARC
2240900,Warhawk's Talon,Draconic,Straight Sword,SwordNormal,0,0.30,D,1,0.45,D,1,0.00,-,0,0.90,B,1,0.00,-,0,STR|DEX|FAI,INT|ARC
2240500,Warhawk's Talon,Dragonkin,Straight Sword,SwordNormal,0,0.30,D,1,0.45,D,1,0.80,C,1,0.00,-,0,0.00,-,0,STR|DEX|INT,FAI|ARC
2240700,Warhawk's Talon,Flame,Straight Sword,SwordNormal,0,0.30,D,1,0.45,D,1,0.00,-,0,0.80,C,1,0.00,-,0,STR|DEX|FAI,INT|ARC
2241300,Warhawk's Talon,Frenzy,Straight Sword,SwordNormal,0,0.25,D,1,0.40,D,1,0.60,C,1,0.60,C,1,0.00,-,0,STR|DEX|INT|FAI,ARC
2241600,Warhawk's Talon,Frost,Straight Sword,SwordNormal,0,0.25,D,1,0.40,D,1,0.60,C,1,0.00,-,0,0.60,C,1,STR|DEX|INT|ARC,FAI
2240400,Warhawk's Talon,Glint,Straight Sword,SwordNormal,0,0.30,D,1,0.45,D,1,0.90,B,1,0.00,-,0,0.00,-,0,STR|DEX|INT,FAI|ARC
2241500,Warhawk's Talon,Godslayer,Straight Sword,SwordNormal,0,0.25,D,1,0.40,D,1,0.60,C,1,0.60,C,1,0.00,-,0,STR|DEX|INT|FAI,ARC
2240800,Warhawk's Talon,Golden,Straight Sword,SwordNormal,0,0.30,D,1,0.45,D,1,0.00,-,0,0.90,B,1,0.00,-,0,STR|DEX|FAI,INT|ARC
2240600,Warhawk's Talon,Gravity,Straight Sword,SwordNormal,0,0.30,D,1,0.45,D,1,0.90,B,1,0.00,-,0,0.00,-,0,STR|DEX|INT,FAI|ARC
2240100,Warhawk's Talon,Heavy,Straight Sword,SwordNormal,0,0.90,B,1,0.65,C,1,0.00,-,0,0.00,-,0,0.00,-,0,STR|DEX,INT|FAI|ARC
2240200,Warhawk's Talon,Keen,Straight Sword,SwordNormal,0,0.40,D,1,1.20,B,1,0.00,-,0,0.00,-,0,0.00,-,0,STR|DEX,INT|FAI|ARC
2241200,Warhawk's Talon,Lava,Straight Sword,SwordNormal,0,0.25,D,1,0.40,D,1,0.70,C,1,0.70,C,1,0.00,-,0,STR|DEX|INT|FAI,ARC
2242100,Warhawk's Talon,Mystic,Straight Sword,SwordNormal,0,0.25,D,1,0.40,D,1,0.00,-,0,0.60,C,1,0.60,C,1,STR|DEX|FAI|ARC,INT
2241100,Warhawk's Talon,Night,Straight Sword,SwordNormal,0,0.25,D,1,0.40,D,1,0.70,C,1,0.70,C,1,0.00,-,0,STR|DEX|INT|FAI,ARC
2240300,Warhawk's Talon,Quality,Straight Sword,SwordNormal,0,0.70,C,1,0.80,C,1,0.00,-,0,0.00,-,0,0.00,-,0,STR|DEX,INT|FAI|ARC
2241900,Warhawk's Talon,Rotten,Straight Sword,SwordNormal,0,0.25,D,1,0.40,D,1,0.00,-,0,0.60,C,1,0.60,C,1,STR|DEX|FAI|ARC,INT
2240000,Warhawk's Talon,Standard,Straight Sword,SwordNormal,0,0.50,D,1,0.80,C,1,0.00,-,0,0.00,-,0,0.00,-,0,STR|DEX,INT|FAI|ARC
2242000,Warhawk's Talon,Storm,Straight Sword,SwordNormal,0,0.25,D,1,0.40,D,1,0.70,C,1,0.70,C,1,0.00,-,0,STR|DEX|INT|FAI,ARC
15011700,Warped Axe,Aberrant,Axe,AxeNormal,0,0.45,D,1,0.05,E,1,0.60,C,1,0.00,-,0,0.60,C,1,STR|DEX|INT|ARC,FAI
15011000,Warped Axe,Bestial,Axe,AxeNormal,0,0.50,D,1,0.10,E,1,0.00,-,0,0.90,B,1,0.00,-,0,STR|DEX|FAI,INT|ARC
15011800,Warped Axe,Bloodflame,Axe,AxeNormal,0,0.45,D,1,0.05,E,1,0.00,-,0,0.60,C,1,0.60,C,1,STR|DEX|FAI|ARC,INT
15011400,Warped Axe,Death,Axe,AxeNormal,0,0.45,D,1,0.05,E,1,0.60,C,1,0.60,C,1,0.00,-,0,STR|DEX|INT|FAI,ARC
15010900,Warped Axe,Draconic,Axe,AxeNormal,0,0.50,D,1,0.10,E,1,0.00,-,0,0.90,B,1,0.00,-,0,STR|DEX|FAI,INT|ARC
15010500,Warped Axe,Dragonkin,Axe,AxeNormal,0,0.50,D,1,0.10,E,1,0.80,C,1,0.00,-,0,0.00,-,0,STR|DEX|INT,FAI|ARC
15010700,Warped Axe,Flame,Axe,AxeNormal,0,0.50,D,1,0.10,E,1,0.00,-,0,0.80,C,1,0.00,-,0,STR|DEX|FAI,INT|ARC
15011300,Warped Axe,Frenzy,Axe,AxeNormal,0,0.45,D,1,0.05,E,1,0.60,C,1,0.60,C,1,0.00,-,0,STR|DEX|INT|FAI,ARC
15011600,Warped Axe,Frost,Axe,AxeNormal,0,0.45,D,1,0.05,E,1,0.60,C,1,0.00,-,0,0.60,C,1,STR|DEX|INT|ARC,FAI
15010400,Warped Axe,Glint,Axe,AxeNormal,0,0.50,D,1,0.10,E,1,0.90,B,1,0.00,-,0,0.00,-,0,STR|DEX|INT,FAI|ARC
15011500,Warped Axe,Godslayer,Axe,AxeNormal,0,0.45,D,1,0.05,E,1,0.60,C,1,0.60,C,1,0.00,-,0,STR|DEX|INT|FAI,ARC
15010800,Warped Axe,Golden,Axe,AxeNormal,0,0.50,D,1,0.10,E,1,0.00,-,0,0.90,B,1,0.00,-,0,STR|DEX|FAI,INT|ARC
15010600,Warped Axe,Gravity,Axe,AxeNormal,0,0.50,D,1,0.10,E,1,0.90,B,1,0.00,-,0,0.00,-,0,STR|DEX|INT,FAI|ARC
15010100,Warped Axe,Heavy,Axe,AxeNormal,0,1.10,B,1,0.10,E,1,0.00,-,0,0.00,-,0,0.00,-,0,STR|DEX,INT|FAI|ARC
15010200,Warped Axe,Keen,Axe,AxeNormal,0,0.60,C,1,0.60,C,1,0.00,-,0,0.00,-,0,0.00,-,0,STR|DEX,INT|FAI|ARC
15011200,Warped Axe,Lava,Axe,AxeNormal,0,0.45,D,1,0.05,E,1,0.70,C,1,0.70,C,1,0.00,-,0,STR|DEX|INT|FAI,ARC
15012100,Warped Axe,Mystic,Axe,AxeNormal,0,0.45,D,1,0.05,E,1,0.00,-,0,0.60,C,1,0.60,C,1,STR|DEX|FAI|ARC,INT
15011100,Warped Axe,Night,Axe,AxeNormal,0,0.45,D,1,0.05,E,1,0.70,C,1,0.70,C,1,0.00,-,0,STR|DEX|INT|FAI,ARC
15010300,Warped Axe,Quality,Axe,AxeNormal,0,0.80,C,1,0.40,D,1,0.00,-,0,0.00,-,0,0.00,-,0,STR|DEX,INT|FAI|ARC
15011900,Warped Axe,Rotten,Axe,AxeNormal,0,0.45,D,1,0.05,E,1,0.00,-,0,0.60,C,1,0.60,C,1,STR|DEX|FAI|ARC,INT
15010000,Warped Axe,Standard,Axe,AxeNormal,0,0.70,C,1,0.20,E,1,0.00,-,0,0.00,-,0,0.00,-,0,STR|DEX,INT|FAI|ARC
15012000,Warped Axe,Storm,Axe,AxeNormal,0,0.45,D,1,0.05,E,1,0.70,C,1,0.70,C,1,0.00,-,0,STR|DEX|INT|FAI,ARC
11041700,Warpick,Aberrant,Hammer,HammerNormal,0,0.35,D,1,0.25,D,1,0.60,C,1,0.00,-,0,0.60,C,1,STR|DEX|INT|ARC,FAI
11041000,Warpick,Bestial,Hammer,HammerNormal,0,0.40,D,1,0.30,D,1,0.00,-,0,0.90,B,1,0.00,-,0,STR|DEX|FAI,INT|ARC
11041800,Warpick,Bloodflame,Hammer,HammerNormal,0,0.35,D,1,0.25,D,1,0.00,-,0,0.60,C,1,0.60,C,1,STR|DEX|FAI|ARC,INT
11041400,Warpick,Death,Hammer,HammerNormal,0,0.35,D,1,0.25,D,1,0.60,C,1,0.60,C,1,0.00,-,0,STR|DEX|INT|FAI,ARC
11040900,Warpick,Draconic,Hammer,HammerNormal,0,0.40,D,1,0.30,D,1,0.00,-,0,0.90,B,1,0.00,-,0,STR|DEX|FAI,INT|ARC
11040500,Warpick,Dragonkin,Hammer,HammerNormal,0,0.40,D,1,0.30,D,1,0.80,C,1,0.00,-,0,0.00,-,0,STR|DEX|INT,FAI|ARC
11040700,Warpick,Flame,Hammer,HammerNormal,0,0.40,D,1,0.30,D,1,0.00,-,0,0.80,C,1,0.00,-,0,STR|DEX|FAI,INT|ARC
11041300,Warpick,Frenzy,Hammer,HammerNormal,0,0.35,D,1,0.25,D,1,0.60,C,1,0.60,C,1,0.00,-,0,STR|DEX|INT|FAI,ARC
11041600,Warpick,Frost,Hammer,HammerNormal,0,0.35,D,1,0.25,D,1,0.60,C,1,0.00,-,0,0.60,C,1,STR|DEX|INT|ARC,FAI
11040400,Warpick,Glint,Hammer,HammerNormal,0,0.40,D,1,0.30,D,1,0.90,B,1,0.00,-,0,0.00,-,0,STR|DEX|INT,FAI|ARC
11041500,Warpick,Godslayer,Hammer,HammerNormal,0,0.35,D,1,0.25,D,1,0.60,C,1,0.60,C,1,0.00,-,0,STR|DEX|INT|FAI,ARC
11040800,Warpick,Golden,Hammer,HammerNormal,0,0.40,D,1,0.30,D,1,0.00,-,0,0.90,B,1,0.00,-,0,STR|DEX|FAI,INT|ARC
11040600,Warpick,Gravity,Hammer,HammerNormal,0,0.40,D,1,0.30,D,1,0.90,B,1,0.00,-,0,0.00,-,0,STR|DEX|INT,FAI|ARC
11040100,Warpick,Heavy,Hammer,HammerNormal,0,1.20,B,1,0.30,D,1,0.00,-,0,0.00,-,0,0.00,-,0,STR|DEX,INT|FAI|ARC
11040200,Warpick,Keen,Hammer,HammerNormal,0,0.65,C,1,0.75,C,1,0.00,-,0,0.00,-,0,0.00,-,0,STR|DEX,INT|FAI|ARC
11041200,Warpick,Lava,Hammer,HammerNormal,0,0.35,D,1,0.25,D,1,0.70,C,1,0.70,C,1,0.00,-,0,STR|DEX|INT|FAI,ARC
11042100,Warpick,Mystic,Hammer,HammerNormal,0,0.35,D,1,0.25,D,1,0.00,-,0,0.60,C,1,0.60,C,1,STR|DEX|FAI|ARC,INT
11041100,Warpick,Night,Hammer,HammerNormal,0,0.35,D,1,0.25,D,1,0.70,C,1,0.70,C,1,0.00,-,0,STR|DEX|INT|FAI,ARC
11040300,Warpick,Quality,Hammer,HammerNormal,0,0.90,B,1,0.55,D,1,0.00,-,0,0.00,-,0,0.00,-,0,STR|DEX,INT|FAI|ARC
11041900,Warpick,Rotten,Hammer,HammerNormal,0,0.35,D,1,0.25,D,1,0.00,-,0,0.60,C,1,0.60,C,1,STR|DEX|FAI|ARC,INT
11040000,Warpick,Standard,Hammer,HammerNormal,0,0.85,C,1,0.40,D,1,0.00,-,0,0.00,-,0,0.00,-,0,STR|DEX,INT|FAI|ARC
11042000,Warpick,Storm,Hammer,HammerNormal,0,0.35,D,1,0.25,D,1,0.70,C,1,0.70,C,1,0.00,-,0,STR|DEX|INT|FAI,ARC
4011700,Watchdog's Greatsword,Aberrant,Colossal Sword,SwordGigantic,0,0.45,D,1,0.25,D,1,0.60,C,1,0.00,-,0,0.60,C,1,STR|DEX|INT|ARC,FAI
4011000,Watchdog's Greatsword,Bestial,Colossal Sword,SwordGigantic,0,0.50,D,1,0.30,D,1,0.00,-,0,0.90,B,1,0.00,-,0,STR|DEX|FAI,INT|ARC
4011800,Watchdog's Greatsword,Bloodflame,Colossal Sword,SwordGigantic,0,0.45,D,1,0.25,D,1,0.00,-,0,0.60,C,1,0.60,C,1,STR|DEX|FAI|ARC,INT
4011400,Watchdog's Greatsword,Death,Colossal Sword,SwordGigantic,0,0.45,D,1,0.25,D,1,0.60,C,1,0.60,C,1,0.00,-,0,STR|DEX|INT|FAI,ARC
4010900,Watchdog's Greatsword,Draconic,Colossal Sword,SwordGigantic,0,0.50,D,1,0.30,D,1,0.00,-,0,0.90,B,1,0.00,-,0,STR|DEX|FAI,INT|ARC
4010500,Watchdog's Greatsword,Dragonkin,Colossal Sword,SwordGigantic,0,0.50,D,1,0.30,D,1,0.80,C,1,0.00,-,0,0.00,-,0,STR|DEX|INT,FAI|ARC
4010700,Watchdog's Greatsword,Flame,Colossal Sword,SwordGigantic,0,0.50,D,1,0.30,D,1,0.00,-,0,0.80,C,1,0.00,-,0,STR|DEX|FAI,INT|ARC
4011300,Watchdog's Greatsword,Frenzy,Colossal Sword,SwordGigantic,0,0.45,D,1,0.25,D,1,0.60,C,1,0.60,C,1,0.00,-,0,STR|DEX|INT|FAI,ARC
4011600,Watchdog's Greatsword,Frost,Colossal Sword,SwordGigantic,0,0.45,D,1,0.25,D,1,0.60,C,1,0.00,-,0,0.60,C,1,STR|DEX|INT|ARC,FAI
4010400,Watchdog's Greatsword,Glint,Colossal Sword,SwordGigantic,0,0.50,D,1,0.30,D,1,0.90,B,1,0.00,-,0,0.00,-,0,STR|DEX|INT,FAI|ARC
4011500,Watchdog's Greatsword,Godslayer,Colossal Sword,SwordGigantic,0,0.45,D,1,0.25,D,1,0.60,C,1,0.60,C,1,0.00,-,0,STR|DEX|INT|FAI,ARC
4010800,Watchdog's Greatsword,Golden,Colossal Sword,SwordGigantic,0,0.50,D,1,0.30,D,1,0.00,-,0,0.90,B,1,0.00,-,0,STR|DEX|FAI,INT|ARC
4010600,Watchdog's Greatsword,Gravity,Colossal Sword,SwordGigantic,0,0.50,D,1,0.30,D,1,0.90,B,1,0.00,-,0,0.00,-,0,STR|DEX|INT,FAI|ARC
4010100,Watchdog's Greatsword,Heavy,Colossal Sword,SwordGigantic,0,1.10,B,1,0.30,D,1,0.00,-,0,0.00,-,0,0.00,-,0,STR|DEX,INT|FAI|ARC
4010200,Watchdog's Greatsword,Keen,Colossal Sword,SwordGigantic,0,0.50,D,1,0.85,C,1,0.00,-,0,0.00,-,0,0.00,-,0,STR|DEX,INT|FAI|ARC
4011200,Watchdog's Greatsword,Lava,Colossal Sword,SwordGigantic,0,0.45,D,1,0.25,D,1,0.70,C,1,0.70,C,1,0.00,-,0,STR|DEX|INT|FAI,ARC
4012100,Watchdog's Greatsword,Mystic,Colossal Sword,SwordGigantic,0,0.45,D,1,0.25,D,1,0.00,-,0,0.60,C,1,0.60,C,1,STR|DEX|FAI|ARC,INT
4011100,Watchdog's Greatsword,Night,Colossal Sword,SwordGigantic,0,0.45,D,1,0.25,D,1,0.70,C,1,0.70,C,1,0.00,-,0,STR|DEX|INT|FAI,ARC
4010300,Watchdog's Greatsword,Quality,Colossal Sword,SwordGigantic,0,0.80,C,1,0.65,C,1,0.00,-,0,0.00,-,0,0.00,-,0,STR|DEX,INT|FAI|ARC
4011900,Watchdog's Greatsword,Rotten,Colossal Sword,SwordGigantic,0,0.45,D,1,0.25,D,1,0.00,-,0,0.60,C,1,0.60,C,1,STR|DEX|FAI|ARC,INT
4010000,Watchdog's Greatsword,Standard,Colossal Sword,SwordGigantic,0,0.85,C,1,0.30,D,1,0.00,-,0,0.00,-,0,0.00,-,0,STR|DEX,INT|FAI|ARC
4012000,Watchdog's Greatsword,Storm,Colossal Sword,SwordGigantic,0,0.45,D,1,0.25,D,1,0.70,C,1,0.70,C,1,0.00,-,0,STR|DEX|INT|FAI,ARC
23010000,Watchdog's Staff,Standard,Colossal Weapon,AxhammerLarge,0,1.00,B,1,0.05,E,1,0.90,B,1,0.00,-,0,0.00,-,0,STR|DEX|INT,FAI|ARC
2051700,Weathered Straight Sword,Aberrant,Straight Sword,SwordNormal,0,0.18,E,1,0.17,E,1,0.60,C,1,0.00,-,0,0.60,C,1,STR|DEX|INT|ARC,FAI
2051000,Weathered Straight Sword,Bestial,Straight Sword,SwordNormal,0,0.18,E,1,0.17,E,1,0.00,-,0,0.90,B,1,0.00,-,0,STR|DEX|FAI,INT|ARC
2051800,Weathered Straight Sword,Bloodflame,Straight Sword,SwordNormal,0,0.18,E,1,0.17,E,1,0.00,-,0,0.60,C,1,0.60,C,1,STR|DEX|FAI|ARC,INT
2051400,Weathered Straight Sword,Death,Straight Sword,SwordNormal,0,0.18,E,1,0.17,E,1,0.60,C,1,0.60,C,1,0.00,-,0,STR|DEX|INT|FAI,ARC
2050900,Weathered Straight Sword,Draconic,Straight Sword,SwordNormal,0,0.18,E,1,0.17,E,1,0.00,-,0,0.90,B,1,0.00,-,0,STR|DEX|FAI,INT|ARC
2050500,Weathered Straight Sword,Dragonkin,Straight Sword,SwordNormal,0,0.18,E,1,0.17,E,1,0.80,C,1,0.00,-,0,0.00,-,0,STR|DEX|INT,FAI|ARC
2050700,Weathered Straight Sword,Flame,Straight Sword,SwordNormal,0,0.18,E,1,0.17,E,1,0.00,-,0,0.80,C,1,0.00,-,0,STR|DEX|FAI,INT|ARC
2051300,Weathered Straight Sword,Frenzy,Straight Sword,SwordNormal,0,0.18,E,1,0.17,E,1,0.60,C,1,0.60,C,1,0.00,-,0,STR|DEX|INT|FAI,ARC
2051600,Weathered Straight Sword,Frost,Straight Sword,SwordNormal,0,0.18,E,1,0.17,E,1,0.60,C,1,0.00,-,0,0.60,C,1,STR|DEX|INT|ARC,FAI
2050400,Weathered Straight Sword,Glint,Straight Sword,SwordNormal,0,0.18,E,1,0.17,E,1,0.90,B,1,0.00,-,0,0.00,-,0,STR|DEX|INT,FAI|ARC
2051500,Weathered Straight Sword,Godslayer,Straight Sword,SwordNormal,0,0.18,E,1,0.17,E,1,0.60,C,1,0.60,C,1,0.00,-,0,STR|DEX|INT|FAI,ARC
2050800,Weathered Straight Sword,Golden,Straight Sword,SwordNormal,0,0.18,E,1,0.17,E,1,0.00,-,0,0.90,B,1,0.00,-,0,STR|DEX|FAI,INT|ARC
2050600,Weathered Straight Sword,Gravity,Straight Sword,SwordNormal,0,0.18,E,1,0.17,E,1,0.90,B,1,0.00,-,0,0.00,-,0,STR|DEX|INT,FAI|ARC
2050100,Weathered Straight Sword,Heavy,Straight Sword,SwordNormal,0,0.80,C,1,0.35,D,1,0.00,-,0,0.00,-,0,0.00,-,0,STR|DEX,INT|FAI|ARC
2050200,Weathered Straight Sword,Keen,Straight Sword,SwordNormal,0,0.35,D,1,0.80,C,1,0.00,-,0,0.00,-,0,0.00,-,0,STR|DEX,INT|FAI|ARC
2051200,Weathered Straight Sword,Lava,Straight Sword,SwordNormal,0,0.18,E,1,0.17,E,1,0.70,C,1,0.70,C,1,0.00,-,0,STR|DEX|INT|FAI,ARC
2052100,Weathered Straight Sword,Mystic,Straight Sword,SwordNormal,0,0.18,E,1,0.17,E,1,0.00,-,0,0.60,C,1,0.60,C,1,STR|DEX|FAI|ARC,INT
2051100,Weathered Straight Sword,Night,Straight Sword,SwordNormal,0,0.18,E,1,0.17,E,1,0.70,C,1,0.70,C,1,0.00,-,0,STR|DEX|INT|FAI,ARC
2050300,Weathered Straight Sword,Quality,Straight Sword,SwordNormal,0,0.75,C,1,0.75,C,1,0.00,-,0,0.00,-,0,0.00,-,0,STR|DEX,INT|FAI|ARC
2051900,Weathered Straight Sword,Rotten,Straight Sword,SwordNormal,0,0.18,E,1,0.17,E,1,0.00,-,0,0.60,C,1,0.60,C,1,STR|DEX|FAI|ARC,INT
2050000,Weathered Straight Sword,Standard,Straight Sword,SwordNormal,0,0.45,D,1,0.45,D,1,0.00,-,0,0.00,-,0,0.00,-,0,STR|DEX,INT|FAI|ARC
2052000,Weathered Straight Sword,Storm,Straight Sword,SwordNormal,0,0.18,E,1,0.17,E,1,0.70,C,1,0.70,C,1,0.00,-,0,STR|DEX|INT|FAI,ARC
20001700,Whip,Aberrant,Whip,Whip,0,0.05,E,1,0.20,E,1,0.60,C,1,0.00,-,0,0.60,C,1,STR|DEX|INT|ARC,FAI
20001000,Whip,Bestial,Whip,Whip,0,0.10,E,1,0.30,D,1,0.00,-,0,0.85,C,1,0.00,-,0,STR|DEX|FAI,INT|ARC
20001800,Whip,Bloodflame,Whip,Whip,0,0.05,E,1,0.20,E,1,0.00,-,0,0.60,C,1,0.60,C,1,STR|DEX|FAI|ARC,INT
20001400,Whip,Death,Whip,Whip,0,0.05,E,1,0.20,E,1,0.60,C,1,0.60,C,1,0.00,-,0,STR|DEX|INT|FAI,ARC
20000900,Whip,Draconic,Whip,Whip,0,0.10,E,1,0.30,D,1,0.00,-,0,0.85,C,1,0.00,-,0,STR|DEX|FAI,INT|ARC
20000500,Whip,Dragonkin,Whip,Whip,0,0.10,E,1,0.30,D,1,0.75,C,1,0.00,-,0,0.00,-,0,STR|DEX|INT,FAI|ARC
20000700,Whip,Flame,Whip,Whip,0,0.10,E,1,0.30,D,1,0.00,-,0,0.75,C,1,0.00,-,0,STR|DEX|FAI,INT|ARC
20001300,Whip,Frenzy,Whip,Whip,0,0.05,E,1,0.20,E,1,0.60,C,1,0.60,C,1,0.00,-,0,STR|DEX|INT|FAI,ARC
20001600,Whip,Frost,Whip,Whip,0,0.05,E,1,0.20,E,1,0.60,C,1,0.00,-,0,0.60,C,1,STR|DEX|INT|ARC,FAI
20000400,Whip,Glint,Whip,Whip,0,0.10,E,1,0.30,D,1,0.85,C,1,0.00,-,0,0.00,-,0,STR|DEX|INT,FAI|ARC
20001500,Whip,Godslayer,Whip,Whip,0,0.05,E,1,0.20,E,1,0.60,C,1,0.60,C,1,0.00,-,0,STR|DEX|INT|FAI,ARC
20000800,Whip,Golden,Whip,Whip,0,0.10,E,1,0.30,D,1,0.00,-,0,0.85,C,1,0.00,-,0,STR|DEX|FAI,INT|ARC
20000600,Whip,Gravity,Whip,Whip,0,0.10,E,1,0.30,D,1,0.85,C,1,0.00,-,0,0.00,-,0,STR|DEX|INT,FAI|ARC
20000100,Whip,Heavy,Whip,Whip,0,0.50,D,1,0.55,D,1,0.00,-,0,0.00,-,0,0.00,-,0,STR|DEX,INT|FAI|ARC
20000200,Whip,Keen,Whip,Whip,0,0.05,E,1,1.15,B,1,0.00,-,0,0.00,-,0,0.00,-,0,STR|DEX,INT|FAI|ARC
20001200,Whip,Lava,Whip,Whip,0,0.05,E,1,0.20,E,1,0.70,C,1,0.70,C,1,0.00,-,0,STR|DEX|INT|FAI,ARC
20002100,Whip,Mystic,Whip,Whip,0,0.05,E,1,0.20,E,1,0.00,-,0,0.60,C,1,0.60,C,1,STR|DEX|FAI|ARC,INT
20001100,Whip,Night,Whip,Whip,0,0.05,E,1,0.20,E,1,0.70,C,1,0.70,C,1,0.00,-,0,STR|DEX|INT|FAI,ARC
20000300,Whip,Quality,Whip,Whip,0,0.45,D,1,0.75,C,1,0.00,-,0,0.00,-,0,0.00,-,0,STR|DEX,INT|FAI|ARC
20001900,Whip,Rotten,Whip,Whip,0,0.05,E,1,0.20,E,1,0.00,-,0,0.60,C,1,0.60,C,1,STR|DEX|FAI|ARC,INT
20000000,Whip,Standard,Whip,Whip,0,0.20,E,1,0.70,C,1,0.00,-,0,0.00,-,0,0.00,-,0,STR|DEX,INT|FAI|ARC
20002000,Whip,Storm,Whip,Whip,0,0.05,E,1,0.20,E,1,0.70,C,1,0.70,C,1,0.00,-,0,STR|DEX|INT|FAI,ARC
7070000,Wing of Astel,Standard,Curved Sword,SaberNormal,0,0.15,E,1,0.55,D,1,1.10,B,1,0.00,-,0,0.00,-,0,STR|DEX|INT,FAI|ARC
15110000,Winged Greathorn,Standard,Greataxe,AxeLarge,0,0.65,C,1,0.35,D,1,0.00,-,0,0.70,C,1,0.70,C,1,STR|DEX|FAI|ARC,INT
19060000,Winged Scythe,Standard,Scythe,Sickle,0,0.30,D,1,0.85,C,1,0.00,-,0,0.85,C,1,0.00,-,0,STR|DEX|FAI,INT|ARC
31510000,Wolf Crest Shield,Standard,Medium Shield,ShieldNormal,10000,0.40,D,1,0.00,-,0,0.00,-,0,0.00,-,0,0.00,-,0,STR,DEX|INT|FAI|ARC
32290000,Wooden Greatshield,Standard,Greatshield,ShieldLarge,0,0.50,D,1,0.00,-,0,0.00,-,0,0.00,-,0,0.00,-,0,STR,DEX|INT|FAI|ARC
2030000,Yura's Kanabo,Standard,Straight Sword,SwordNormal,0,1.20,B,1,0.35,D,1,0.00,-,0,0.00,-,0,0.00,-,0,STR|DEX,INT|FAI|ARC
8050000,Zamor Curved Sword,Standard,Curved Greatsword,SaberLarge,0,0.40,D,1,0.55,D,1,0.75,C,1,0.00,-,0,0.60,C,1,STR|DEX|INT|ARC,FAI
11160000,Zamor Star Mace,Standard,Hammer,HammerNormal,0,0.60,C,1,0.05,E,1,0.75,C,1,0.00,-,0,0.75,C,1,STR|DEX|INT|ARC,FAI
7090000,Zephyr Blades,Standard,Curved Sword,SaberNormal,0,0.30,D,1,0.40,D,1,0.80,C,1,0.80,C,1,0.00,-,0,STR|DEX|INT|FAI,ARC
4041700,Zweihander,Aberrant,Colossal Sword,SwordGigantic,0,0.35,D,1,0.30,D,1,0.60,C,1,0.00,-,0,0.60,C,1,STR|DEX|INT|ARC,FAI
4041000,Zweihander,Bestial,Colossal Sword,SwordGigantic,0,0.40,D,1,0.35,D,1,0.00,-,0,0.90,B,1,0.00,-,0,STR|DEX|FAI,INT|ARC
4041800,Zweihander,Bloodflame,Colossal Sword,SwordGigantic,0,0.35,D,1,0.30,D,1,0.00,-,0,0.60,C,1,0.60,C,1,STR|DEX|FAI|ARC,INT
4041400,Zweihander,Death,Colossal Sword,SwordGigantic,0,0.35,D,1,0.30,D,1,0.60,C,1,0.60,C,1,0.00,-,0,STR|DEX|INT|FAI,ARC
4040900,Zweihander,Draconic,Colossal Sword,SwordGigantic,0,0.40,D,1,0.35,D,1,0.00,-,0,0.90,B,1,0.00,-,0,STR|DEX|FAI,INT|ARC
4040500,Zweihander,Dragonkin,Colossal Sword,SwordGigantic,0,0.40,D,1,0.35,D,1,0.80,C,1,0.00,-,0,0.00,-,0,STR|DEX|INT,FAI|ARC
4040700,Zweihander,Flame,Colossal Sword,SwordGigantic,0,0.40,D,1,0.35,D,1,0.00,-,0,0.80,C,1,0.00,-,0,STR|DEX|FAI,INT|ARC
4041300,Zweihander,Frenzy,Colossal Sword,SwordGigantic,0,0.35,D,1,0.30,D,1,0.60,C,1,0.60,C,1,0.00,-,0,STR|DEX|INT|FAI,ARC
4041600,Zweihander,Frost,Colossal Sword,SwordGigantic,0,0.35,D,1,0.30,D,1,0.60,C,1,0.00,-,0,0.60,C,1,STR|DEX|INT|ARC,FAI
4040400,Zweihander,Glint,Colossal Sword,SwordGigantic,0,0.40,D,1,0.35,D,1,0.90,B,1,0.00,-,0,0.00,-,0,STR|DEX|INT,FAI|ARC
4041500,Zweihander,Godslayer,Colossal Sword,SwordGigantic,0,0.35,D,1,0.30,D,1,0.60,C,1,0.60,C,1,0.00,-,0,STR|DEX|INT|FAI,ARC
4040800,Zweihander,Golden,Colossal Sword,SwordGigantic,0,0.40,D,1,0.35,D,1,0.00,-,0,0.90,B,1,0.00,-,0,STR|DEX|FAI,INT|ARC
4040600,Zweihander,Gravity,Colossal Sword,SwordGigantic,0,0.40,D,1,0.35,D,1,0.90,B,1,0.00,-,0,0.00,-,0,STR|DEX|INT,FAI|ARC
4040100,Zweihander,Heavy,Colossal Sword,SwordGigantic,0,1.00,B,1,0.35,D,1,0.00,-,0,0.00,-,0,0.00,-,0,STR|DEX,INT|FAI|ARC
4040200,Zweihander,Keen,Colossal Sword,SwordGigantic,0,0.40,D,1,0.90,B,1,0.00,-,0,0.00,-,0,0.00,-,0,STR|DEX,INT|FAI|ARC
4041200,Zweihander,Lava,Colossal Sword,SwordGigantic,0,0.35,D,1,0.30,D,1,0.70,C,1,0.70,C,1,0.00,-,0,STR|DEX|INT|FAI,ARC
4042100,Zweihander,Mystic,Colossal Sword,SwordGigantic,0,0.35,D,1,0.30,D,1,0.00,-,0,0.60,C,1,0.60,C,1,STR|DEX|FAI|ARC,INT
4041100,Zweihander,Night,Colossal Sword,SwordGigantic,0,0.35,D,1,0.30,D,1,0.70,C,1,0.70,C,1,0.00,-,0,STR|DEX|INT|FAI,ARC
4040300,Zweihander,Quality,Colossal Sword,SwordGigantic,0,0.70,C,1,0.70,C,1,0.00,-,0,0.00,-,0,0.00,-,0,STR|DEX,INT|FAI|ARC
4041900,Zweihander,Rotten,Colossal Sword,SwordGigantic,0,0.35,D,1,0.30,D,1,0.00,-,0,0.60,C,1,0.60,C,1,STR|DEX|FAI|ARC,INT
4040000,Zweihander,Standard,Colossal Sword,SwordGigantic,0,0.75,C,1,0.35,D,1,0.00,-,0,0.00,-,0,0.00,-,0,STR|DEX,INT|FAI|ARC
4042000,Zweihander,Storm,Colossal Sword,SwordGigantic,0,0.35,D,1,0.30,D,1,0.70,C,1,0.70,C,1,0.00,-,0,STR|DEX|INT|FAI,ARC
